id,full_name,name,first_name,last_name,email,phone,brokerage,company,metro_area,city,state,zip,years_experience,transactions_12mo,transactions_last_year,sales_volume,rating,priority,cream_fit_score,source,brokerage_size,scraped_at
CREAM-20260908-00001,Betty Smith,Betty Smith,Betty,Smith,bettysmith@icloud.com,(303) 227-1995,RE/MAX,RE/MAX,Tucson,Tucson,AZ,85578,2,3,3,1300485,4.5,A,98,Realtor.com,Independent,2026-09-08T17:35:36Z
CREAM-20260908-00002,Debra Jenkins,Debra Jenkins,Debra,Jenkins,debrajenkins@me.com,(713) 439-2315,Keller Williams Realty,Keller Williams Realty,Orlando,Orlando,FL,32341,3,11,11,5496034,4.9,A,67,Facebook,Boutique (2-10 agents),2026-09-08T04:51:10Z
CREAM-20260908-00003,Rebecca Carter,Rebecca Carter,Rebecca,Carter,rebeccacarter@outlook.com,(407) 251-2346,Coldwell Banker,Coldwell Banker,Raleigh,Raleigh,NC,27577,9,15,15,5028432,4.1,A,90,Website Lead,Mid-size (11-50 agents),2026-09-08T16:59:02Z
CREAM-20260908-00004,Shirley Howard,Shirley Howard,Shirley,Howard,shirley_howard@icloud.com,(602) 690-6641,8z Real Estate,8z Real Estate,Colorado Springs,Colorado Springs,CO,80943,20,25,25,10604979,3.7,A,80,MLS Database,Enterprise (200+ agents),2026-09-08T23:59:02Z
CREAM-20260908-00005,Robert Chavez,Robert Chavez,Robert,Chavez,robert_chavez@aol.com,(713) 208-5047,Berkshire Hathaway,Berkshire Hathaway,Cleveland,Cleveland,OH,44817,4,9,9,2544091,4.1,A,67,NAR Directory,Enterprise (200+ agents),2026-09-08T10:41:49Z
CREAM-20260908-00006,Theresa Williams,Theresa Williams,Theresa,Williams,twilliams@icloud.com,(305) 840-2366,Compass,Compass,Aurora,Aurora,CO,81835,17,59,59,32589021,4.8,A,96,Website Lead,Mid-size (11-50 agents),2026-09-08T07:49:31Z
CREAM-20260908-00007,Dennis Powell,Dennis Powell,Dennis,Powell,dpowell@hotmail.com,(512) 999-9740,Berkshire Hathaway,Berkshire Hathaway,Phoenix,Phoenix,AZ,85943,5,10,10,4688277,3.1,A,60,LinkedIn,Independent,2026-09-08T10:58:53Z
CREAM-20260908-00008,Aaron Campbell,Aaron Campbell,Aaron,Campbell,aaron.campbell@re/max.com,(919) 227-8743,RE/MAX,RE/MAX,San Diego,San Diego,CA,95118,16,25,25,24656341,4.0,A,84,Realtor.com,Independent,2026-09-08T00:14:38Z
CREAM-20260908-00009,Thomas Wright,Thomas Wright,Thomas,Wright,thomasw@cutlerrealestate.com,(980) 594-9189,Cutler Real Estate,Cutler Real Estate,Columbus,Columbus,OH,44608,3,10,10,3127414,3.1,A,100,Referral Network,Independent,2026-09-08T19:44:11Z
CREAM-20260908-00010,Patricia Hill,Patricia Hill,Patricia,Hill,patricia.hill@berkshirehathaway.com,(602) 972-5197,Berkshire Hathaway,Berkshire Hathaway,St. Petersburg,St. Petersburg,FL,32122,2,12,12,6083948,3.4,A,82,Brokerage Listings,Large (51-200 agents),2026-09-08T13:23:04Z
CREAM-20260908-00011,Debra Alvarez,Debra Alvarez,Debra,Alvarez,dalvarez@douglaselliman.com,(469) 462-4928,Douglas Elliman,Douglas Elliman,St. Petersburg,St. Petersburg,FL,33691,4,14,14,5264181,4.2,A,63,Cold Outreach,Large (51-200 agents),2026-09-08T19:46:43Z
CREAM-20260908-00012,Edward Edwards,Edward Edwards,Edward,Edwards,edwarde@me.com,(305) 944-4603,Keller Williams,Keller Williams,Aurora,Aurora,CO,80864,15,26,26,16226302,3.8,A,98,Trade Show,Boutique (2-10 agents),2026-09-08T06:38:10Z
CREAM-20260908-00013,Jack Nguyen,Jack Nguyen,Jack,Nguyen,jack_nguyen@yahoo.com,(704) 210-5132,Keller Williams Realty,Keller Williams Realty,San Francisco,San Francisco,CA,92594,3,16,16,13234010,3.7,A,83,NAR Directory,Mid-size (11-50 agents),2026-09-08T13:55:08Z
CREAM-20260908-00014,Jerry Morris,Jerry Morris,Jerry,Morris,jerry_morris@gmail.com,(334) 996-4194,Keller Williams Realty,Keller Williams Realty,Miami,Miami,FL,33278,10,26,26,8266435,4.5,A,99,Realtor.com,Independent,2026-09-08T08:49:09Z
CREAM-20260908-00015,Charles Foster,Charles Foster,Charles,Foster,charles.foster@icloud.com,(212) 264-5927,eXp Realty,eXp Realty,Greensboro,Greensboro,NC,27290,2,7,7,2527739,3.2,A,60,Trade Show,Boutique (2-10 agents),2026-09-08T22:16:07Z
CREAM-20260908-00016,Jeffrey Richardson,Jeffrey Richardson,Jeffrey,Richardson,jeffreyr@hotmail.com,(972) 795-6688,Century 21,Century 21,Orlando,Orlando,FL,34414,3,16,16,7741256,4.3,A,94,Referral Network,Large (51-200 agents),2026-09-08T08:52:25Z
CREAM-20260908-00017,Betty Ortiz,Betty Ortiz,Betty,Ortiz,betty_ortiz@icloud.com,(718) 591-2095,Berkshire Hathaway,Berkshire Hathaway,Jacksonville,Jacksonville,FL,34101,2,4,4,1634624,4.3,A,91,MLS Database,Mid-size (11-50 agents),2026-09-08T00:29:17Z
CREAM-20260908-00018,Amber Powell,Amber Powell,Amber,Powell,amber.powell@hotmail.com,(469) 201-9098,Huntington Real Estate,Huntington Real Estate,Cincinnati,Cincinnati,OH,44814,19,33,33,8985387,4.6,A,76,LinkedIn,Boutique (2-10 agents),2026-09-08T22:43:40Z
CREAM-20260908-00019,Benjamin Wilson,Benjamin Wilson,Benjamin,Wilson,benjamin.wilson@exprealty.com,(469) 844-4220,eXp Realty,eXp Realty,Mesa,Mesa,AZ,86777,21,37,37,19143451,3.3,A,66,Referral Network,Boutique (2-10 agents),2026-09-08T19:49:03Z
CREAM-20260908-00020,Elizabeth Thompson,Elizabeth Thompson,Elizabeth,Thompson,elizabetht@hotmail.com,(714) 319-6742,Douglas Elliman,Douglas Elliman,New York City,New York City,NY,10348,2,10,10,6869462,3.3,A,90,Cold Outreach,Enterprise (200+ agents),2026-09-08T22:39:40Z
CREAM-20260908-00021,Danielle Young,Danielle Young,Danielle,Young,danielleyoung@gmail.com,(916) 839-5817,Coldwell Banker,Coldwell Banker,San Antonio,San Antonio,TX,77298,12,52,52,17122236,3.6,A,70,Cold Outreach,Boutique (2-10 agents),2026-09-08T20:09:51Z
CREAM-20260908-00022,Carol Jenkins,Carol Jenkins,Carol,Jenkins,carol.jenkins@gmail.com,(786) 626-7765,8z Real Estate,8z Real Estate,Denver,Denver,CO,81996,24,72,72,30169982,3.5,A,61,Referral Network,Large (51-200 agents),2026-09-08T03:39:17Z
CREAM-20260908-00023,Brian Collins,Brian Collins,Brian,Collins,bcollins@icloud.com,(718) 297-6381,Russell Lyon Sotheby's,Russell Lyon Sotheby's,Phoenix,Phoenix,AZ,86298,2,8,8,3459819,3.8,A,99,Referral Network,Enterprise (200+ agents),2026-09-08T15:29:49Z
CREAM-20260908-00024,Ruth Gray,Ruth Gray,Ruth,Gray,ruth.gray@icloud.com,(614) 327-3993,Pacific Sotheby's,Pacific Sotheby's,Los Angeles,Los Angeles,CA,92654,2,5,5,5032088,4.2,A,97,Referral Network,Independent,2026-09-08T01:25:50Z
CREAM-20260908-00025,Dorothy Chavez,Dorothy Chavez,Dorothy,Chavez,dorothy.chavez@gmail.com,(310) 677-8324,Howard Hanna,Howard Hanna,Raleigh,Raleigh,NC,28186,25,58,58,14985213,4.8,A,82,NAR Directory,Large (51-200 agents),2026-09-08T07:31:15Z
CREAM-20260908-00026,Deborah Cox,Deborah Cox,Deborah,Cox,deborahc@exprealty.com,(212) 260-4509,eXp Realty,eXp Realty,Raleigh,Raleigh,NC,28755,2,8,8,2974709,3.3,A,69,Website Lead,Boutique (2-10 agents),2026-09-08T07:33:15Z
CREAM-20260908-00027,Linda Evans,Linda Evans,Linda,Evans,lindae@yahoo.com,(214) 553-8332,Douglas Elliman,Douglas Elliman,San Antonio,San Antonio,TX,79896,7,35,35,11738254,3.6,A,62,Trade Show,Mid-size (11-50 agents),2026-09-08T15:03:51Z
CREAM-20260908-00028,Lauren Castillo,Lauren Castillo,Lauren,Castillo,lcastillo@outlook.com,(214) 563-1231,eXp Realty,eXp Realty,Miami,Miami,FL,33191,22,36,36,17045241,3.7,A,98,Website Lead,Large (51-200 agents),2026-09-08T21:35:26Z
CREAM-20260908-00029,Timothy Gray,Timothy Gray,Timothy,Gray,timothygray@yahoo.com,(916) 461-9488,Compass,Compass,Tampa,Tampa,FL,32626,14,37,37,16308131,3.7,A,61,NAR Directory,Large (51-200 agents),2026-09-08T10:20:27Z
CREAM-20260908-00030,Sandra Kim,Sandra Kim,Sandra,Kim,sandrakim@me.com,(704) 557-3709,Coldwell Banker,Coldwell Banker,Phoenix,Phoenix,AZ,86775,10,75,75,30216530,3.1,A,100,Realtor.com,Enterprise (200+ agents),2026-09-08T00:36:17Z
CREAM-20260908-00031,Peter Rivera,Peter Rivera,Peter,Rivera,privera@gmail.com,(334) 578-6602,Keller Williams,Keller Williams,Greensboro,Greensboro,NC,28118,17,46,46,14416084,4.0,A,62,NAR Directory,Independent,2026-09-08T17:23:13Z
CREAM-20260908-00032,Melissa Ruiz,Melissa Ruiz,Melissa,Ruiz,melissar@kellerwilliams.com,(303) 342-8521,Keller Williams,Keller Williams,Cincinnati,Cincinnati,OH,45117,18,26,26,5625595,3.1,A,90,Referral Network,Independent,2026-09-08T05:59:06Z
CREAM-20260908-00033,Eugene Brooks,Eugene Brooks,Eugene,Brooks,eugene_brooks@icloud.com,(916) 220-5615,Berkshire Hathaway,Berkshire Hathaway,Jacksonville,Jacksonville,FL,34644,16,39,39,15937896,3.1,A,92,Realtor.com,Large (51-200 agents),2026-09-08T02:43:33Z
CREAM-20260908-00034,Thomas Torres,Thomas Torres,Thomas,Torres,thomastorres@me.com,(929) 537-1882,Douglas Elliman,Douglas Elliman,Staten Island,Staten Island,NY,12900,5,9,9,4789751,4.1,A,87,Cold Outreach,Boutique (2-10 agents),2026-09-08T09:27:47Z
CREAM-20260908-00035,Arthur Robinson,Arthur Robinson,Arthur,Robinson,arthur.robinson@re/max.com,(972) 912-4951,RE/MAX,RE/MAX,Cincinnati,Cincinnati,OH,44928,18,59,59,18360246,4.5,A,78,Cold Outreach,Independent,2026-09-08T04:26:57Z
CREAM-20260908-00036,Diane Sullivan,Diane Sullivan,Diane,Sullivan,dsullivan@aol.com,(303) 887-9507,Coldwell Banker,Coldwell Banker,Mesa,Mesa,AZ,85516,21,25,25,12667403,3.1,A,92,Facebook,Large (51-200 agents),2026-09-08T18:54:51Z
CREAM-20260908-00037,Mark Sullivan,Mark Sullivan,Mark,Sullivan,marks@coldwellbanker.com,(713) 217-1813,Coldwell Banker,Coldwell Banker,Greensboro,Greensboro,NC,28778,4,17,17,6012396,4.9,A,89,Trade Show,Enterprise (200+ agents),2026-09-08T10:23:37Z
CREAM-20260908-00038,Jennifer Reed,Jennifer Reed,Jennifer,Reed,jennifer.reed@briggsfreemansothebys.com,(614) 961-7258,Briggs Freeman Sotheby's,Briggs Freeman Sotheby's,El Paso,El Paso,TX,75313,8,24,24,10078613,4.6,A,83,Facebook,Boutique (2-10 agents),2026-09-08T00:10:03Z
CREAM-20260908-00039,Ryan Williams,Ryan Williams,Ryan,Williams,rwilliams@exprealty.com,(212) 910-2423,eXp Realty,eXp Realty,Mesa,Mesa,AZ,85693,0,4,4,1660078,3.9,A,65,Facebook,Enterprise (200+ agents),2026-09-08T22:32:10Z
CREAM-20260908-00040,Deborah Cox,Deborah Cox,Deborah,Cox,deborah.cox@exprealty.com,(404) 795-9828,eXp Realty,eXp Realty,Long Beach,Long Beach,CA,94409,3,9,9,8329685,4.7,A,75,MLS Database,Enterprise (200+ agents),2026-09-08T23:34:24Z
CREAM-20260908-00041,Keith Jimenez,Keith Jimenez,Keith,Jimenez,keith.jimenez@kellerwilliamsrealty.com,(212) 561-3370,Keller Williams Realty,Keller Williams Realty,Orlando,Orlando,FL,33779,11,79,79,32738119,3.1,A,92,Referral Network,Enterprise (200+ agents),2026-09-08T03:02:56Z
CREAM-20260908-00042,Kathleen Stewart,Kathleen Stewart,Kathleen,Stewart,kstewart@outlook.com,(234) 524-2849,Coldwell Banker,Coldwell Banker,St. Petersburg,St. Petersburg,FL,33797,0,1,1,413664,4.6,A,78,Referral Network,Enterprise (200+ agents),2026-09-08T00:59:11Z
CREAM-20260908-00043,Amanda Ramos,Amanda Ramos,Amanda,Ramos,amanda.ramos@re/max.com,(714) 323-4300,RE/MAX,RE/MAX,Los Angeles,Los Angeles,CA,95453,1,3,3,2409967,5.0,A,67,Brokerage Listings,Mid-size (11-50 agents),2026-09-08T08:02:28Z
CREAM-20260908-00044,Stephanie Bailey,Stephanie Bailey,Stephanie,Bailey,stephanie_bailey@gmail.com,(305) 273-2864,RE/MAX,RE/MAX,Colorado Springs,Colorado Springs,CO,80100,18,64,64,44452955,4.4,A,81,LinkedIn,Independent,2026-09-08T12:12:42Z
CREAM-20260908-00045,Nancy Anderson,Nancy Anderson,Nancy,Anderson,nancy.anderson@me.com,(512) 947-3340,Keller Williams Realty,Keller Williams Realty,San Jose,San Jose,CA,91479,4,19,19,17576762,4.0,A,72,Referral Network,Boutique (2-10 agents),2026-09-08T06:01:07Z
CREAM-20260908-00046,Mark Morgan,Mark Morgan,Mark,Morgan,markm@me.com,(214) 749-5894,Keller Williams,Keller Williams,El Paso,El Paso,TX,77832,6,25,25,6947900,4.2,A,68,Referral Network,Mid-size (11-50 agents),2026-09-08T14:14:49Z
CREAM-20260908-00047,Diane Thomas,Diane Thomas,Diane,Thomas,dianet@icloud.com,(972) 639-1797,Douglas Elliman,Douglas Elliman,Orlando,Orlando,FL,33653,1,9,9,4468812,3.7,A,67,NAR Directory,Enterprise (200+ agents),2026-09-08T21:02:45Z
CREAM-20260908-00048,Angela Price,Angela Price,Angela,Price,angela.price@hotmail.com,(234) 937-7620,Coldwell Banker,Coldwell Banker,Houston,Houston,TX,77647,5,23,23,7971626,3.8,A,92,Brokerage Listings,Large (51-200 agents),2026-09-08T16:41:16Z
CREAM-20260908-00049,Richard Mitchell,Richard Mitchell,Richard,Mitchell,rmitchell@coldwellbanker.com,(404) 377-3116,Coldwell Banker,Coldwell Banker,Columbus,Columbus,OH,45327,9,26,26,5363808,4.9,A,75,LinkedIn,Mid-size (11-50 agents),2026-09-08T09:26:31Z
CREAM-20260908-00050,Julia Reyes,Julia Reyes,Julia,Reyes,jreyes@me.com,(303) 547-9278,Huntington Real Estate,Huntington Real Estate,Cincinnati,Cincinnati,OH,44671,2,7,7,1471676,4.5,A,72,LinkedIn,Independent,2026-09-08T16:59:10Z
CREAM-20260908-00051,Brandon Mendoza,Brandon Mendoza,Brandon,Mendoza,brandonmendoza@gmail.com,(513) 349-9891,RE/MAX,RE/MAX,San Antonio,San Antonio,TX,76649,4,22,22,7995609,4.6,A,64,Realtor.com,Boutique (2-10 agents),2026-09-08T13:17:25Z
CREAM-20260908-00052,Carl Reed,Carl Reed,Carl,Reed,carl.reed@gmail.com,(720) 535-9441,eXp Realty,eXp Realty,Oakland,Oakland,CA,90220,20,63,63,41722776,4.0,A,76,Website Lead,Mid-size (11-50 agents),2026-09-08T05:03:47Z
CREAM-20260908-00053,Cynthia Reyes,Cynthia Reyes,Cynthia,Reyes,cynthiareyes@gmail.com,(805) 526-4976,RE/MAX,RE/MAX,Austin,Austin,TX,75208,3,12,12,4793229,4.4,A,88,Referral Network,Large (51-200 agents),2026-09-08T21:45:49Z
CREAM-20260908-00054,George Adams,George Adams,George,Adams,gadams@hotmail.com,(704) 503-9799,Howard Hanna,Howard Hanna,Greensboro,Greensboro,NC,28381,4,20,20,5715953,3.4,A,97,Trade Show,Mid-size (11-50 agents),2026-09-08T10:45:53Z
CREAM-20260908-00055,Jennifer Jimenez,Jennifer Jimenez,Jennifer,Jimenez,jenniferj@re/max.com,(929) 359-2689,RE/MAX,RE/MAX,Cincinnati,Cincinnati,OH,44224,6,22,22,4862856,3.1,A,90,Facebook,Mid-size (11-50 agents),2026-09-08T12:47:53Z
CREAM-20260908-00056,Pamela Walker,Pamela Walker,Pamela,Walker,pamela.walker@aol.com,(407) 927-2341,Coldwell Banker,Coldwell Banker,San Jose,San Jose,CA,96875,0,4,4,2586919,3.2,A,86,Brokerage Listings,Boutique (2-10 agents),2026-09-08T08:38:44Z
CREAM-20260908-00057,Diane Wright,Diane Wright,Diane,Wright,dwright@berkshirehathaway.com,(916) 414-1555,Berkshire Hathaway,Berkshire Hathaway,Greensboro,Greensboro,NC,27650,12,42,42,12874200,4.2,A,93,Website Lead,Large (51-200 agents),2026-09-08T01:08:23Z
CREAM-20260908-00058,Daniel Hughes,Daniel Hughes,Daniel,Hughes,danielh@gmail.com,(919) 309-7354,Keller Williams,Keller Williams,Manhattan,Manhattan,NY,13205,1,6,6,4343821,3.9,A,84,Website Lead,Boutique (2-10 agents),2026-09-08T11:31:03Z
CREAM-20260908-00059,Cynthia Kelly,Cynthia Kelly,Cynthia,Kelly,ckelly@russelllyonsothebys.com,(972) 953-1465,Russell Lyon Sotheby's,Russell Lyon Sotheby's,Tucson,Tucson,AZ,86173,16,27,27,8578070,4.4,A,90,Cold Outreach,Mid-size (11-50 agents),2026-09-08T21:03:05Z
CREAM-20260908-00060,James Jenkins,James Jenkins,James,Jenkins,james.jenkins@nestseekers.com,(404) 633-2917,Nest Seekers,Nest Seekers,Queens,Queens,NY,12842,15,72,72,34749739,4.4,A,89,Realtor.com,Mid-size (11-50 agents),2026-09-08T18:57:12Z
CREAM-20260908-00061,Nicole Evans,Nicole Evans,Nicole,Evans,nicole_evans@yahoo.com,(310) 405-6993,Nest Seekers,Nest Seekers,Queens,Queens,NY,14855,6,24,24,18489510,3.7,A,71,Facebook,Enterprise (200+ agents),2026-09-08T15:08:36Z
CREAM-20260908-00062,Jack Lewis,Jack Lewis,Jack,Lewis,jackl@gmail.com,(929) 862-8550,RE/MAX,RE/MAX,Fort Lauderdale,Fort Lauderdale,FL,33330,3,25,25,9733747,3.4,A,93,LinkedIn,Large (51-200 agents),2026-09-08T13:26:19Z
CREAM-20260908-00063,Aaron Williams,Aaron Williams,Aaron,Williams,aaronwilliams@yahoo.com,(720) 275-5447,Coldwell Banker,Coldwell Banker,Houston,Houston,TX,78378,3,14,14,4440685,4.2,A,91,NAR Directory,Mid-size (11-50 agents),2026-09-08T18:52:16Z
CREAM-20260908-00064,Megan Russell,Megan Russell,Megan,Russell,mrussell@aol.com,(919) 979-9503,Compass,Compass,Raleigh,Raleigh,NC,28784,12,70,70,22486404,4.1,A,96,Facebook,Enterprise (200+ agents),2026-09-08T11:16:41Z
CREAM-20260908-00065,Angela Rogers,Angela Rogers,Angela,Rogers,angelar@exprealty.com,(310) 683-5533,eXp Realty,eXp Realty,Dallas,Dallas,TX,77681,3,11,11,3253311,3.1,A,86,Facebook,Independent,2026-09-08T03:07:46Z
CREAM-20260908-00066,Dorothy Rodriguez,Dorothy Rodriguez,Dorothy,Rodriguez,dorothy_rodriguez@gmail.com,(305) 731-3272,Allen Tate,Allen Tate,Greensboro,Greensboro,NC,27259,1,10,10,3339344,4.7,A,63,Website Lead,Enterprise (200+ agents),2026-09-08T09:02:11Z
CREAM-20260908-00067,Sharon Wood,Sharon Wood,Sharon,Wood,sharon.wood@outlook.com,(404) 616-7638,Douglas Elliman,Douglas Elliman,Austin,Austin,TX,77882,11,67,67,27959324,3.1,A,96,Realtor.com,Independent,2026-09-08T16:53:46Z
CREAM-20260908-00068,Jerry Wilson,Jerry Wilson,Jerry,Wilson,jerryw@aol.com,(713) 794-5899,Coldwell Banker,Coldwell Banker,Colorado Springs,Colorado Springs,CO,81458,8,17,17,12082776,4.9,A,70,Cold Outreach,Mid-size (11-50 agents),2026-09-08T05:10:34Z
CREAM-20260908-00069,Nancy Diaz,Nancy Diaz,Nancy,Diaz,ndiaz@hotmail.com,(720) 629-1333,Brown Harris Stevens,Brown Harris Stevens,Bronx,Bronx,NY,12545,21,78,78,56018730,4.0,A,78,Facebook,Mid-size (11-50 agents),2026-09-08T14:39:24Z
CREAM-20260908-00070,Megan Thompson,Megan Thompson,Megan,Thompson,megant@berkshirehathaway.com,(714) 986-7431,Berkshire Hathaway,Berkshire Hathaway,Fort Lauderdale,Fort Lauderdale,FL,32734,20,72,72,37820841,3.6,A,76,Cold Outreach,Boutique (2-10 agents),2026-09-08T21:49:38Z
CREAM-20260908-00071,Eric Lopez,Eric Lopez,Eric,Lopez,eric_lopez@yahoo.com,(214) 856-4617,Briggs Freeman Sotheby's,Briggs Freeman Sotheby's,Houston,Houston,TX,78162,2,10,10,4117098,4.1,A,87,Realtor.com,Boutique (2-10 agents),2026-09-08T06:37:06Z
CREAM-20260908-00072,Angela Hernandez,Angela Hernandez,Angela,Hernandez,angela_hernandez@me.com,(614) 254-9675,Sotheby's International,Sotheby's International,Oakland,Oakland,CA,91180,17,30,30,23003586,4.6,A,79,Website Lead,Large (51-200 agents),2026-09-08T02:45:11Z
CREAM-20260908-00073,Andrew Garcia,Andrew Garcia,Andrew,Garcia,agarcia@aol.com,(720) 826-8603,RE/MAX,RE/MAX,Jacksonville,Jacksonville,FL,33869,12,41,41,18292892,4.8,A,87,Website Lead,Boutique (2-10 agents),2026-09-08T22:58:59Z
CREAM-20260908-00074,Patricia Cooper,Patricia Cooper,Patricia,Cooper,patriciacooper@outlook.com,(972) 977-5225,eXp Realty,eXp Realty,Tucson,Tucson,AZ,86814,0,0,0,0,4.4,A,61,LinkedIn,Enterprise (200+ agents),2026-09-08T16:53:58Z
CREAM-20260908-00075,Michelle Foster,Michelle Foster,Michelle,Foster,michelle.foster@icloud.com,(713) 597-6750,Keller Williams,Keller Williams,Brooklyn,Brooklyn,NY,11285,0,0,0,0,3.9,A,89,NAR Directory,Large (51-200 agents),2026-09-08T15:47:05Z
CREAM-20260908-00076,Steven Chavez,Steven Chavez,Steven,Chavez,schavez@hotmail.com,(407) 763-7226,Coldwell Banker,Coldwell Banker,Jacksonville,Jacksonville,FL,32790,17,30,30,15690770,3.6,A,79,Referral Network,Independent,2026-09-08T11:42:25Z
CREAM-20260908-00077,Helen Price,Helen Price,Helen,Price,helenp@yahoo.com,(234) 870-9154,Berkshire Hathaway,Berkshire Hathaway,Raleigh,Raleigh,NC,28861,8,34,34,11840733,4.5,A,62,Realtor.com,Large (51-200 agents),2026-09-08T09:32:43Z
CREAM-20260908-00078,Cynthia Cooper,Cynthia Cooper,Cynthia,Cooper,cynthia_cooper@hotmail.com,(646) 630-6365,Berkshire Hathaway HomeServices,Berkshire Hathaway HomeServices,San Jose,San Jose,CA,96316,10,58,58,47395639,3.3,A,91,Trade Show,Enterprise (200+ agents),2026-09-08T16:37:39Z
CREAM-20260908-00079,James Peterson,James Peterson,James,Peterson,james_peterson@outlook.com,(334) 430-2437,RE/MAX,RE/MAX,Fort Lauderdale,Fort Lauderdale,FL,33330,19,26,26,9885017,3.9,A,82,Realtor.com,Large (51-200 agents),2026-09-08T02:39:50Z
CREAM-20260908-00080,Dennis Wilson,Dennis Wilson,Dennis,Wilson,dennisw@aol.com,(234) 694-2958,Compass,Compass,San Jose,San Jose,CA,94392,20,57,57,38721723,4.6,A,82,Realtor.com,Boutique (2-10 agents),2026-09-08T05:36:25Z
CREAM-20260908-00081,Tyler Wilson,Tyler Wilson,Tyler,Wilson,tylerw@coldwellbanker.com,(513) 250-4154,Coldwell Banker,Coldwell Banker,Phoenix,Phoenix,AZ,85580,8,32,32,16430194,4.4,A,100,Website Lead,Boutique (2-10 agents),2026-09-08T16:34:19Z
CREAM-20260908-00082,Rebecca Sanchez,Rebecca Sanchez,Rebecca,Sanchez,rebeccasanchez@aol.com,(303) 241-9425,Keller Williams,Keller Williams,New York City,New York City,NY,10423,9,29,29,22494937,4.3,A,76,MLS Database,Large (51-200 agents),2026-09-08T15:28:44Z
CREAM-20260908-00083,Ruth Ward,Ruth Ward,Ruth,Ward,rward@exprealty.com,(407) 883-9757,eXp Realty,eXp Realty,Denver,Denver,CO,80704,2,12,12,7417138,4.9,A,62,MLS Database,Boutique (2-10 agents),2026-09-08T06:54:51Z
CREAM-20260908-00084,Amanda Gray,Amanda Gray,Amanda,Gray,amanda.gray@aol.com,(805) 391-7509,Corcoran Group,Corcoran Group,Manhattan,Manhattan,NY,14531,17,46,46,25767635,3.2,A,91,Brokerage Listings,Large (51-200 agents),2026-09-08T07:37:36Z
CREAM-20260908-00085,Martha Johnson,Martha Johnson,Martha,Johnson,marthaj@gmail.com,(614) 379-7877,Douglas Elliman,Douglas Elliman,Jacksonville,Jacksonville,FL,32652,18,42,42,21955494,4.9,A,85,LinkedIn,Independent,2026-09-08T23:33:02Z
CREAM-20260908-00086,Stephen Coleman,Stephen Coleman,Stephen,Coleman,stephenc@yahoo.com,(214) 303-4857,eXp Realty,eXp Realty,Tampa,Tampa,FL,32913,25,34,34,14017139,3.5,A,74,Website Lead,Large (51-200 agents),2026-09-08T22:00:50Z
CREAM-20260908-00087,Walter Castillo,Walter Castillo,Walter,Castillo,waltercastillo@gmail.com,(805) 783-5590,Compass,Compass,Queens,Queens,NY,11378,5,9,9,7171333,4.4,A,65,Trade Show,Large (51-200 agents),2026-09-08T11:24:32Z
CREAM-20260908-00088,Amber Brown,Amber Brown,Amber,Brown,amber_brown@aol.com,(718) 444-4033,Berkshire Hathaway,Berkshire Hathaway,Colorado Springs,Colorado Springs,CO,81558,5,15,15,10662236,4.1,A,91,MLS Database,Boutique (2-10 agents),2026-09-08T10:14:49Z
CREAM-20260908-00089,Raymond Johnson,Raymond Johnson,Raymond,Johnson,rjohnson@berkshirehathawayhomeservices.com,(714) 354-4198,Berkshire Hathaway HomeServices,Berkshire Hathaway HomeServices,Sacramento,Sacramento,CA,95308,19,37,37,28150470,3.7,A,64,Realtor.com,Mid-size (11-50 agents),2026-09-08T21:54:48Z
CREAM-20260908-00090,Christine Garcia,Christine Garcia,Christine,Garcia,christine.garcia@me.com,(614) 989-1991,Keller Williams Realty,Keller Williams Realty,St. Petersburg,St. Petersburg,FL,32687,2,4,4,1400021,3.5,A,62,Realtor.com,Enterprise (200+ agents),2026-09-08T05:29:52Z
CREAM-20260908-00091,Elizabeth Miller,Elizabeth Miller,Elizabeth,Miller,elizabethm@compass.com,(980) 955-9650,Compass,Compass,San Jose,San Jose,CA,95119,15,55,55,48557256,3.9,A,86,Facebook,Mid-size (11-50 agents),2026-09-08T18:39:41Z
CREAM-20260908-00092,Jacqueline Phillips,Jacqueline Phillips,Jacqueline,Phillips,jacqueline_phillips@gmail.com,(513) 613-7637,RE/MAX,RE/MAX,Sacramento,Sacramento,CA,91179,18,43,43,42225290,4.5,A,93,NAR Directory,Enterprise (200+ agents),2026-09-08T21:40:02Z
CREAM-20260908-00093,Amber Ward,Amber Ward,Amber,Ward,amberw@aol.com,(805) 249-4985,Coldwell Banker,Coldwell Banker,Cleveland,Cleveland,OH,44355,3,14,14,2965828,4.5,A,100,LinkedIn,Mid-size (11-50 agents),2026-09-08T12:29:50Z
CREAM-20260908-00094,Brian Robinson,Brian Robinson,Brian,Robinson,brian.robinson@halstead.com,(972) 441-3519,Halstead,Halstead,New York City,New York City,NY,13200,5,21,21,15429619,4.5,A,77,Trade Show,Independent,2026-09-08T10:36:55Z
CREAM-20260908-00095,Susan Price,Susan Price,Susan,Price,susanp@yahoo.com,(646) 718-5211,Allie Beth Allman,Allie Beth Allman,Austin,Austin,TX,75660,3,18,18,8039831,4.9,A,69,Referral Network,Independent,2026-09-08T14:14:10Z
CREAM-20260908-00096,Maria Green,Maria Green,Maria,Green,mgreen@cutlerrealestate.com,(407) 434-3770,Cutler Real Estate,Cutler Real Estate,Cincinnati,Cincinnati,OH,45427,0,2,2,432232,4.0,A,76,Referral Network,Independent,2026-09-08T09:59:07Z
CREAM-20260908-00097,Donald Martin,Donald Martin,Donald,Martin,donald.martin@icloud.com,(805) 571-8776,Briggs Freeman Sotheby's,Briggs Freeman Sotheby's,San Antonio,San Antonio,TX,79523,0,0,0,0,4.7,A,99,NAR Directory,Mid-size (11-50 agents),2026-09-08T15:17:02Z
CREAM-20260908-00098,Amber Garcia,Amber Garcia,Amber,Garcia,amber_garcia@me.com,(805) 449-9613,Halstead,Halstead,Manhattan,Manhattan,NY,13353,14,44,44,35954119,3.7,A,73,Trade Show,Enterprise (200+ agents),2026-09-08T11:35:03Z
CREAM-20260908-00099,Kenneth Reed,Kenneth Reed,Kenneth,Reed,kreed@exprealty.com,(713) 406-9571,eXp Realty,eXp Realty,Charlotte,Charlotte,NC,27914,5,18,18,6003251,3.4,A,98,Facebook,Large (51-200 agents),2026-09-08T14:49:53Z
CREAM-20260908-00100,Daniel Jones,Daniel Jones,Daniel,Jones,danielj@me.com,(718) 405-4524,eXp Realty,eXp Realty,Phoenix,Phoenix,AZ,85795,1,3,3,1462896,3.1,A,88,Cold Outreach,Independent,2026-09-08T16:50:34Z
CREAM-20260908-00101,Stephen Nelson,Stephen Nelson,Stephen,Nelson,stephennelson@outlook.com,(805) 662-8282,RE/MAX,RE/MAX,Columbus,Columbus,OH,45512,2,3,3,901587,4.2,A,65,NAR Directory,Boutique (2-10 agents),2026-09-08T22:59:16Z
CREAM-20260908-00102,David Murphy,David Murphy,David,Murphy,david.murphy@century21.com,(713) 772-2659,Century 21,Century 21,St. Petersburg,St. Petersburg,FL,33126,2,3,3,1541108,3.5,A,74,Trade Show,Boutique (2-10 agents),2026-09-08T09:56:10Z
CREAM-20260908-00103,George Gutierrez,George Gutierrez,George,Gutierrez,georgeg@icloud.com,(234) 563-1967,Cutler Real Estate,Cutler Real Estate,Cincinnati,Cincinnati,OH,43804,10,25,25,4714740,4.4,A,80,MLS Database,Mid-size (11-50 agents),2026-09-08T08:28:14Z
CREAM-20260908-00104,Samuel Campbell,Samuel Campbell,Samuel,Campbell,samuel.campbell@longrealty.com,(415) 266-4974,Long Realty,Long Realty,Mesa,Mesa,AZ,85368,11,60,60,21449981,3.6,A,93,Website Lead,Independent,2026-09-08T11:21:50Z
CREAM-20260908-00105,Diane Lee,Diane Lee,Diane,Lee,dianel@yahoo.com,(713) 504-6318,eXp Realty,eXp Realty,Mesa,Mesa,AZ,86187,9,31,31,9899560,3.4,A,71,LinkedIn,Independent,2026-09-08T03:23:35Z
CREAM-20260908-00106,John Allen,John Allen,John,Allen,johnallen@icloud.com,(929) 734-8677,RE/MAX,RE/MAX,Cincinnati,Cincinnati,OH,43819,18,44,44,8608509,4.2,A,81,NAR Directory,Large (51-200 agents),2026-09-08T01:38:46Z
CREAM-20260908-00107,Joshua Ramos,Joshua Ramos,Joshua,Ramos,jramos@icloud.com,(713) 577-5605,Keller Williams,Keller Williams,Columbus,Columbus,OH,43260,23,36,36,11168510,4.0,A,70,Brokerage Listings,Enterprise (200+ agents),2026-09-08T14:01:13Z
CREAM-20260908-00108,Daniel Wood,Daniel Wood,Daniel,Wood,danielw@yahoo.com,(305) 848-8392,eXp Realty,eXp Realty,Mesa,Mesa,AZ,85893,2,4,4,2090386,3.7,A,76,Realtor.com,Boutique (2-10 agents),2026-09-08T19:02:51Z
CREAM-20260908-00109,Donna Reyes,Donna Reyes,Donna,Reyes,donna_reyes@aol.com,(980) 358-3483,eXp Realty,eXp Realty,Greensboro,Greensboro,NC,28106,23,41,41,15999113,3.8,A,81,Referral Network,Mid-size (11-50 agents),2026-09-08T19:27:38Z
CREAM-20260908-00110,Michael Torres,Michael Torres,Michael,Torres,michael_torres@yahoo.com,(512) 281-2636,eXp Realty,eXp Realty,Charlotte,Charlotte,NC,27663,0,2,2,781994,4.4,A,97,MLS Database,Independent,2026-09-08T20:03:48Z
CREAM-20260908-00111,Steven Reed,Steven Reed,Steven,Reed,sreed@howardhanna.com,(916) 228-3230,Howard Hanna,Howard Hanna,Charlotte,Charlotte,NC,28103,2,11,11,3217485,3.5,A,61,Realtor.com,Independent,2026-09-08T09:24:12Z
CREAM-20260908-00112,Kevin Martin,Kevin Martin,Kevin,Martin,kevin.martin@kellerwilliams.com,(720) 553-7626,Keller Williams,Keller Williams,Raleigh,Raleigh,NC,28514,2,12,12,3151791,3.6,A,98,Facebook,Enterprise (200+ agents),2026-09-08T06:03:04Z
CREAM-20260908-00113,Katherine Evans,Katherine Evans,Katherine,Evans,kevans@icloud.com,(305) 934-4347,Douglas Elliman,Douglas Elliman,Staten Island,Staten Island,NY,10279,4,21,21,13669927,4.7,A,94,Website Lead,Independent,2026-09-08T09:16:21Z
CREAM-20260908-00114,Sarah Foster,Sarah Foster,Sarah,Foster,sarah.foster@kellerwilliams.com,(234) 940-3983,Keller Williams,Keller Williams,Bronx,Bronx,NY,12154,9,27,27,19138456,4.7,A,96,LinkedIn,Independent,2026-09-08T15:54:49Z
CREAM-20260908-00115,Maria Diaz,Maria Diaz,Maria,Diaz,mariad@icloud.com,(212) 688-8482,Keller Williams,Keller Williams,Scottsdale,Scottsdale,AZ,86470,7,31,31,16341050,4.2,A,98,NAR Directory,Independent,2026-09-08T21:42:24Z
CREAM-20260908-00116,Raymond Garcia,Raymond Garcia,Raymond,Garcia,raymond_garcia@outlook.com,(805) 563-1763,Coldwell Banker,Coldwell Banker,Mesa,Mesa,AZ,86996,19,45,45,16688280,4.5,A,66,Cold Outreach,Large (51-200 agents),2026-09-08T13:55:34Z
CREAM-20260908-00117,Benjamin Sullivan,Benjamin Sullivan,Benjamin,Sullivan,benjamin_sullivan@gmail.com,(334) 800-7655,Douglas Elliman,Douglas Elliman,Brooklyn,Brooklyn,NY,14682,17,70,70,56895735,3.5,A,75,LinkedIn,Mid-size (11-50 agents),2026-09-08T15:28:50Z
CREAM-20260908-00118,Lauren Wood,Lauren Wood,Lauren,Wood,lwood@hotmail.com,(713) 444-6294,Compass,Compass,Queens,Queens,NY,12328,4,14,14,6834481,4.4,A,80,MLS Database,Boutique (2-10 agents),2026-09-08T08:23:42Z
CREAM-20260908-00119,Dennis Cox,Dennis Cox,Dennis,Cox,dennis.cox@aol.com,(404) 828-5827,Long Realty,Long Realty,Tucson,Tucson,AZ,85270,5,10,10,3489040,4.5,A,70,Referral Network,Independent,2026-09-08T02:18:20Z
CREAM-20260908-00120,Louis Sanchez,Louis Sanchez,Louis,Sanchez,louiss@briggsfreemansothebys.com,(704) 971-8472,Briggs Freeman Sotheby's,Briggs Freeman Sotheby's,Fort Worth,Fort Worth,TX,75699,4,19,19,5292427,3.5,A,84,Trade Show,Boutique (2-10 agents),2026-09-08T16:45:11Z
CREAM-20260908-00121,Amber Long,Amber Long,Amber,Long,amberlong@hotmail.com,(234) 984-2549,Howard Hanna,Howard Hanna,Greensboro,Greensboro,NC,28727,12,63,63,26001569,3.0,A,73,Website Lead,Boutique (2-10 agents),2026-09-08T21:56:23Z
CREAM-20260908-00122,Jerry Perez,Jerry Perez,Jerry,Perez,jerry.perez@hotmail.com,(469) 420-4744,RE/MAX,RE/MAX,Denver,Denver,CO,81299,4,11,11,6234098,3.8,A,63,MLS Database,Enterprise (200+ agents),2026-09-08T16:49:55Z
CREAM-20260908-00123,Heather Ross,Heather Ross,Heather,Ross,hross@aol.com,(916) 963-5248,RE/MAX,RE/MAX,Greensboro,Greensboro,NC,28890,5,24,24,7869278,3.1,A,73,Realtor.com,Boutique (2-10 agents),2026-09-08T13:55:46Z
CREAM-20260908-00124,Emma Ward,Emma Ward,Emma,Ward,eward@icloud.com,(214) 544-7148,Douglas Elliman,Douglas Elliman,Austin,Austin,TX,76926,8,15,15,4077397,4.1,A,92,MLS Database,Mid-size (11-50 agents),2026-09-08T16:52:52Z
CREAM-20260908-00125,Jessica Powell,Jessica Powell,Jessica,Powell,jessicapowell@me.com,(214) 259-9183,Cutler Real Estate,Cutler Real Estate,Cincinnati,Cincinnati,OH,43474,4,12,12,3096481,4.7,A,82,Referral Network,Enterprise (200+ agents),2026-09-08T19:14:48Z
CREAM-20260908-00126,Michelle Alexander,Michelle Alexander,Michelle,Alexander,michelle.alexander@icloud.com,(602) 498-7250,Keller Williams,Keller Williams,Brooklyn,Brooklyn,NY,13833,1,11,11,6814393,4.1,A,66,Referral Network,Boutique (2-10 agents),2026-09-08T07:06:20Z
CREAM-20260908-00127,Emma Powell,Emma Powell,Emma,Powell,epowell@outlook.com,(972) 436-3619,Keller Williams,Keller Williams,Colorado Springs,Colorado Springs,CO,81487,11,72,72,37946639,4.8,A,96,Brokerage Listings,Enterprise (200+ agents),2026-09-08T05:15:34Z
CREAM-20260908-00128,Justin Bennett,Justin Bennett,Justin,Bennett,justin.bennett@outlook.com,(334) 543-3889,eXp Realty,eXp Realty,Oakland,Oakland,CA,92508,2,12,12,9120020,4.7,A,95,Facebook,Boutique (2-10 agents),2026-09-08T00:06:55Z
CREAM-20260908-00129,Patricia Torres,Patricia Torres,Patricia,Torres,patriciat@re/max.com,(972) 391-8787,RE/MAX,RE/MAX,Greensboro,Greensboro,NC,28171,1,9,9,2505515,3.2,A,77,Referral Network,Independent,2026-09-08T00:47:48Z
CREAM-20260908-00130,Louis Torres,Louis Torres,Louis,Torres,louis.torres@yahoo.com,(303) 757-8435,Berkshire Hathaway,Berkshire Hathaway,Charlotte,Charlotte,NC,28485,13,51,51,13358383,3.3,A,63,Website Lead,Independent,2026-09-08T10:00:31Z
CREAM-20260908-00131,Betty Brooks,Betty Brooks,Betty,Brooks,bbrooks@icloud.com,(234) 229-3459,Brown Harris Stevens,Brown Harris Stevens,Manhattan,Manhattan,NY,12569,25,45,45,22270689,3.2,A,81,Brokerage Listings,Large (51-200 agents),2026-09-08T05:40:25Z
CREAM-20260908-00132,John Carter,John Carter,John,Carter,johnc@yahoo.com,(404) 993-2616,8z Real Estate,8z Real Estate,Colorado Springs,Colorado Springs,CO,81455,3,10,10,5629385,3.2,A,85,NAR Directory,Enterprise (200+ agents),2026-09-08T19:29:31Z
CREAM-20260908-00133,Richard Harris,Richard Harris,Richard,Harris,richardh@yahoo.com,(214) 954-1900,eXp Realty,eXp Realty,Phoenix,Phoenix,AZ,85232,1,12,12,5957595,4.7,A,86,NAR Directory,Mid-size (11-50 agents),2026-09-08T04:26:34Z
CREAM-20260908-00134,Rose Phillips,Rose Phillips,Rose,Phillips,rosep@hotmail.com,(305) 745-9919,eXp Realty,eXp Realty,Colorado Springs,Colorado Springs,CO,81381,5,18,18,9467504,3.8,A,89,Cold Outreach,Large (51-200 agents),2026-09-08T23:40:30Z
CREAM-20260908-00135,Arthur Martinez,Arthur Martinez,Arthur,Martinez,arthur.martinez@exprealty.com,(469) 454-5949,eXp Realty,eXp Realty,Cincinnati,Cincinnati,OH,44303,2,6,6,1395134,4.5,A,73,Website Lead,Large (51-200 agents),2026-09-08T21:44:28Z
CREAM-20260908-00136,Alan Alexander,Alan Alexander,Alan,Alexander,alanalexander@yahoo.com,(214) 644-4942,eXp Realty,eXp Realty,Orlando,Orlando,FL,32829,2,3,3,1285772,4.2,A,77,LinkedIn,Independent,2026-09-08T06:42:52Z
CREAM-20260908-00137,James Reyes,James Reyes,James,Reyes,jreyes@homesmart.com,(415) 502-5475,HomeSmart,HomeSmart,Tucson,Tucson,AZ,85201,5,21,21,6745262,4.8,A,96,Facebook,Large (51-200 agents),2026-09-08T21:30:06Z
CREAM-20260908-00138,Jennifer Perry,Jennifer Perry,Jennifer,Perry,jennifer.perry@icloud.com,(714) 907-3884,Keller Williams,Keller Williams,Cleveland,Cleveland,OH,45690,2,4,4,1036549,3.4,A,60,Referral Network,Boutique (2-10 agents),2026-09-08T16:36:32Z
CREAM-20260908-00139,Stephanie Campbell,Stephanie Campbell,Stephanie,Campbell,stephaniec@yahoo.com,(212) 407-5398,Long Realty,Long Realty,Mesa,Mesa,AZ,85646,8,26,26,13206753,4.6,A,77,LinkedIn,Large (51-200 agents),2026-09-08T11:47:30Z
CREAM-20260908-00140,Jason Jackson,Jason Jackson,Jason,Jackson,jasonj@me.com,(646) 941-2138,Allie Beth Allman,Allie Beth Allman,San Antonio,San Antonio,TX,77528,4,21,21,6690805,4.2,A,92,Facebook,Independent,2026-09-08T02:15:00Z
CREAM-20260908-00141,Samuel Hill,Samuel Hill,Samuel,Hill,samuel_hill@yahoo.com,(972) 211-5417,Keller Williams,Keller Williams,El Paso,El Paso,TX,75160,3,9,9,2940732,4.1,A,88,Trade Show,Boutique (2-10 agents),2026-09-08T06:31:30Z
CREAM-20260908-00142,Anna Reyes,Anna Reyes,Anna,Reyes,anna_reyes@hotmail.com,(469) 388-4807,Berkshire Hathaway,Berkshire Hathaway,Charlotte,Charlotte,NC,28269,7,23,23,7318874,4.6,A,71,Realtor.com,Independent,2026-09-08T08:06:00Z
CREAM-20260908-00143,Daniel Brown,Daniel Brown,Daniel,Brown,daniel.brown@icloud.com,(919) 959-2758,eXp Realty,eXp Realty,Fort Lauderdale,Fort Lauderdale,FL,32801,5,10,10,5019707,3.5,A,74,Realtor.com,Boutique (2-10 agents),2026-09-08T01:01:33Z
CREAM-20260908-00144,Nicholas Nguyen,Nicholas Nguyen,Nicholas,Nguyen,nicholas.nguyen@me.com,(646) 709-5441,Keller Williams,Keller Williams,Cincinnati,Cincinnati,OH,43349,17,50,50,11563509,3.6,A,100,Website Lead,Enterprise (200+ agents),2026-09-08T17:30:48Z
CREAM-20260908-00145,James Fisher,James Fisher,James,Fisher,james_fisher@outlook.com,(469) 674-6212,RE/MAX,RE/MAX,Tucson,Tucson,AZ,85856,2,11,11,4008188,3.1,A,61,Trade Show,Enterprise (200+ agents),2026-09-08T06:32:14Z
CREAM-20260908-00146,Danielle Gray,Danielle Gray,Danielle,Gray,daniellegray@me.com,(718) 763-3083,Coldwell Banker,Coldwell Banker,Charlotte,Charlotte,NC,28389,10,66,66,17745410,4.2,A,90,Referral Network,Mid-size (11-50 agents),2026-09-08T07:50:45Z
CREAM-20260908-00147,Gloria Richardson,Gloria Richardson,Gloria,Richardson,gloria_richardson@aol.com,(602) 953-3360,Compass,Compass,Tampa,Tampa,FL,32493,6,29,29,15409273,3.6,A,88,Trade Show,Large (51-200 agents),2026-09-08T01:58:28Z
CREAM-20260908-00148,Sharon Cox,Sharon Cox,Sharon,Cox,sharon.cox@icloud.com,(720) 550-9608,Halstead,Halstead,New York City,New York City,NY,11873,22,74,74,54559548,3.5,A,95,Realtor.com,Boutique (2-10 agents),2026-09-08T16:18:27Z
CREAM-20260908-00149,Jennifer Murphy,Jennifer Murphy,Jennifer,Murphy,jenniferm@yahoo.com,(714) 546-4074,Corcoran Group,Corcoran Group,New York City,New York City,NY,10454,2,8,8,4247414,4.5,A,78,Realtor.com,Boutique (2-10 agents),2026-09-08T07:23:57Z
CREAM-20260908-00150,Karen Cox,Karen Cox,Karen,Cox,karen.cox@re/max.com,(214) 459-3446,RE/MAX,RE/MAX,Colorado Springs,Colorado Springs,CO,81570,17,46,46,20198317,4.3,A,71,Website Lead,Mid-size (11-50 agents),2026-09-08T03:08:22Z
CREAM-20260908-00151,Sarah Moore,Sarah Moore,Sarah,Moore,sarahm@coldwellbanker.com,(786) 683-2531,Coldwell Banker,Coldwell Banker,Austin,Austin,TX,79554,3,22,22,8527645,4.5,A,83,NAR Directory,Large (51-200 agents),2026-09-08T23:59:51Z
CREAM-20260908-00152,Samantha Hernandez,Samantha Hernandez,Samantha,Hernandez,samanthah@coldwellbanker.com,(310) 943-4803,Coldwell Banker,Coldwell Banker,Cleveland,Cleveland,OH,45843,13,40,40,12807596,3.9,A,100,Website Lead,Independent,2026-09-08T07:38:10Z
CREAM-20260908-00153,Raymond Sanchez,Raymond Sanchez,Raymond,Sanchez,raymond.sanchez@compass.com,(303) 238-3105,Compass,Compass,San Jose,San Jose,CA,91597,3,17,17,14950921,3.7,A,68,Facebook,Enterprise (200+ agents),2026-09-08T08:15:01Z
CREAM-20260908-00154,Albert Stewart,Albert Stewart,Albert,Stewart,alberts@gmail.com,(916) 437-5055,Berkshire Hathaway,Berkshire Hathaway,Greensboro,Greensboro,NC,27605,1,6,6,2508257,3.0,A,88,Website Lead,Boutique (2-10 agents),2026-09-08T07:25:39Z
CREAM-20260908-00155,Michelle Howard,Michelle Howard,Michelle,Howard,mhoward@yahoo.com,(614) 349-6920,Compass,Compass,Denver,Denver,CO,81255,4,22,22,9556209,4.4,A,63,Brokerage Listings,Enterprise (200+ agents),2026-09-08T11:03:24Z
CREAM-20260908-00156,Rachel Sanders,Rachel Sanders,Rachel,Sanders,rachel.sanders@pacificsothebys.com,(415) 830-5355,Pacific Sotheby's,Pacific Sotheby's,San Jose,San Jose,CA,93353,0,3,3,2685892,3.2,A,100,Website Lead,Enterprise (200+ agents),2026-09-08T18:43:49Z
CREAM-20260908-00157,Alan Roberts,Alan Roberts,Alan,Roberts,alan.roberts@re/max.com,(469) 780-6194,RE/MAX,RE/MAX,Los Angeles,Los Angeles,CA,95173,2,5,5,4969007,4.2,A,94,Brokerage Listings,Large (51-200 agents),2026-09-08T03:28:33Z
CREAM-20260908-00158,Lisa Ramirez,Lisa Ramirez,Lisa,Ramirez,lramirez@yahoo.com,(919) 357-7857,eXp Realty,eXp Realty,Columbus,Columbus,OH,44722,4,23,23,7292698,4.4,A,84,Facebook,Independent,2026-09-08T07:11:27Z
CREAM-20260908-00159,Melissa Rivera,Melissa Rivera,Melissa,Rivera,mrivera@exprealty.com,(415) 344-7192,eXp Realty,eXp Realty,Columbus,Columbus,OH,43635,5,14,14,4176876,4.9,A,62,NAR Directory,Mid-size (11-50 agents),2026-09-08T21:26:04Z
CREAM-20260908-00160,Mary Martin,Mary Martin,Mary,Martin,mary.martin@coldwellbanker.com,(305) 697-9945,Coldwell Banker,Coldwell Banker,Greensboro,Greensboro,NC,28658,0,5,5,1308634,4.5,A,66,Facebook,Independent,2026-09-08T07:31:01Z
CREAM-20260908-00161,Eugene Martin,Eugene Martin,Eugene,Martin,eugene.martin@aol.com,(602) 977-3387,Briggs Freeman Sotheby's,Briggs Freeman Sotheby's,San Antonio,San Antonio,TX,79736,1,8,8,3221364,4.7,A,91,Realtor.com,Boutique (2-10 agents),2026-09-08T01:17:33Z
CREAM-20260908-00162,Mark Nelson,Mark Nelson,Mark,Nelson,marknelson@hotmail.com,(980) 247-3578,Briggs Freeman Sotheby's,Briggs Freeman Sotheby's,San Antonio,San Antonio,TX,78468,5,25,25,6171716,4.2,A,68,Realtor.com,Independent,2026-09-08T22:25:11Z
CREAM-20260908-00163,Gloria Sanchez,Gloria Sanchez,Gloria,Sanchez,gloriasanchez@icloud.com,(929) 984-7689,Russell Lyon Sotheby's,Russell Lyon Sotheby's,Mesa,Mesa,AZ,85623,2,3,3,1595776,4.4,A,66,MLS Database,Boutique (2-10 agents),2026-09-08T16:04:43Z
CREAM-20260908-00164,Jonathan Gonzalez,Jonathan Gonzalez,Jonathan,Gonzalez,jonathan.gonzalez@outlook.com,(614) 957-6265,eXp Realty,eXp Realty,San Diego,San Diego,CA,92890,9,40,40,32708629,4.6,A,70,Cold Outreach,Large (51-200 agents),2026-09-08T19:06:19Z
CREAM-20260908-00165,Catherine Reed,Catherine Reed,Catherine,Reed,catherine_reed@yahoo.com,(310) 917-7816,Coldwell Banker,Coldwell Banker,Colorado Springs,Colorado Springs,CO,81206,16,48,48,24042528,5.0,A,86,Website Lead,Large (51-200 agents),2026-09-08T04:51:57Z
CREAM-20260908-00166,Louis Sanchez,Louis Sanchez,Louis,Sanchez,louis.sanchez@re/max.com,(786) 668-3064,RE/MAX,RE/MAX,San Diego,San Diego,CA,95953,5,13,13,9094324,3.0,A,95,Website Lead,Enterprise (200+ agents),2026-09-08T02:20:35Z
CREAM-20260908-00167,Brittany Phillips,Brittany Phillips,Brittany,Phillips,bphillips@outlook.com,(919) 935-5041,Berkshire Hathaway,Berkshire Hathaway,Columbus,Columbus,OH,44822,4,22,22,5150261,3.6,A,99,Realtor.com,Independent,2026-09-08T02:17:42Z
CREAM-20260908-00168,Amy Morales,Amy Morales,Amy,Morales,amym@me.com,(305) 365-6421,Berkshire Hathaway,Berkshire Hathaway,Raleigh,Raleigh,NC,27352,22,66,66,18834237,3.9,A,66,Website Lead,Mid-size (11-50 agents),2026-09-08T19:53:26Z
CREAM-20260908-00169,Dennis Stewart,Dennis Stewart,Dennis,Stewart,dennis_stewart@aol.com,(404) 227-1495,Berkshire Hathaway HomeServices,Berkshire Hathaway HomeServices,Oakland,Oakland,CA,92196,0,2,2,1756295,5.0,A,74,Trade Show,Mid-size (11-50 agents),2026-09-08T07:51:36Z
CREAM-20260908-00170,Brenda Flores,Brenda Flores,Brenda,Flores,bflores@exprealty.com,(919) 681-3673,eXp Realty,eXp Realty,Raleigh,Raleigh,NC,28246,2,12,12,3378726,4.4,A,94,LinkedIn,Boutique (2-10 agents),2026-09-08T11:32:52Z
CREAM-20260908-00171,Stephen Gutierrez,Stephen Gutierrez,Stephen,Gutierrez,stephengutierrez@me.com,(415) 936-1421,Cutler Real Estate,Cutler Real Estate,Columbus,Columbus,OH,44630,24,28,28,5692242,4.3,A,70,Facebook,Enterprise (200+ agents),2026-09-08T20:31:35Z
CREAM-20260908-00172,Jessica Robinson,Jessica Robinson,Jessica,Robinson,jessicar@gmail.com,(214) 699-3220,Corcoran Group,Corcoran Group,Brooklyn,Brooklyn,NY,10784,15,61,61,43996516,3.9,A,63,Website Lead,Large (51-200 agents),2026-09-08T15:27:38Z
CREAM-20260908-00173,Daniel Morales,Daniel Morales,Daniel,Morales,daniel_morales@icloud.com,(214) 421-5129,eXp Realty,eXp Realty,Los Angeles,Los Angeles,CA,95158,4,19,19,16207759,3.7,A,93,Website Lead,Large (51-200 agents),2026-09-08T19:49:00Z
CREAM-20260908-00174,Catherine Watson,Catherine Watson,Catherine,Watson,catherinew@exprealty.com,(256) 843-2942,eXp Realty,eXp Realty,Phoenix,Phoenix,AZ,85737,3,18,18,7410434,3.6,A,88,Realtor.com,Mid-size (11-50 agents),2026-09-08T06:49:24Z
CREAM-20260908-00175,Ashley Jackson,Ashley Jackson,Ashley,Jackson,ashley_jackson@outlook.com,(919) 346-7049,Allie Beth Allman,Allie Beth Allman,San Antonio,San Antonio,TX,76185,15,54,54,18237745,4.4,A,89,Facebook,Mid-size (11-50 agents),2026-09-08T17:17:13Z
CREAM-20260908-00176,Amanda Thompson,Amanda Thompson,Amanda,Thompson,athompson@coldwellbanker.com,(602) 980-3944,Coldwell Banker,Coldwell Banker,Cleveland,Cleveland,OH,43540,18,74,74,19978491,4.6,A,93,Cold Outreach,Enterprise (200+ agents),2026-09-08T13:27:09Z
CREAM-20260908-00177,Amber Hill,Amber Hill,Amber,Hill,ahill@longrealty.com,(916) 826-4137,Long Realty,Long Realty,Scottsdale,Scottsdale,AZ,86413,2,3,3,1430702,3.9,A,74,Facebook,Independent,2026-09-08T09:50:31Z
CREAM-20260908-00178,Anna Bennett,Anna Bennett,Anna,Bennett,annabennett@icloud.com,(805) 828-6004,Berkshire Hathaway,Berkshire Hathaway,Charlotte,Charlotte,NC,27929,2,4,4,1373761,4.5,A,92,NAR Directory,Mid-size (11-50 agents),2026-09-08T01:36:55Z
CREAM-20260908-00179,Eric King,Eric King,Eric,King,eric_king@outlook.com,(512) 567-6910,Compass,Compass,Charlotte,Charlotte,NC,28381,6,23,23,9929051,3.0,A,70,MLS Database,Independent,2026-09-08T04:18:38Z
CREAM-20260908-00180,Ronald Brown,Ronald Brown,Ronald,Brown,ronaldb@gmail.com,(512) 899-1200,RE/MAX,RE/MAX,Charlotte,Charlotte,NC,27716,13,39,39,12712791,3.7,A,92,LinkedIn,Enterprise (200+ agents),2026-09-08T11:09:16Z
CREAM-20260908-00181,Angela Robinson,Angela Robinson,Angela,Robinson,arobinson@outlook.com,(704) 253-5826,Coldwell Banker,Coldwell Banker,Raleigh,Raleigh,NC,27421,18,74,74,19372873,4.2,A,88,Realtor.com,Enterprise (200+ agents),2026-09-08T11:35:01Z
CREAM-20260908-00182,Jack Ramirez,Jack Ramirez,Jack,Ramirez,jramirez@me.com,(310) 242-6338,eXp Realty,eXp Realty,Denver,Denver,CO,80998,10,46,46,22083708,4.8,A,76,NAR Directory,Mid-size (11-50 agents),2026-09-08T11:09:46Z
CREAM-20260908-00183,Michelle Robinson,Michelle Robinson,Michelle,Robinson,mrobinson@gmail.com,(718) 273-5925,Halstead,Halstead,Brooklyn,Brooklyn,NY,13311,3,24,24,19486815,3.8,A,91,Referral Network,Independent,2026-09-08T21:40:42Z
CREAM-20260908-00184,Janet Young,Janet Young,Janet,Young,janet.young@me.com,(916) 877-3080,eXp Realty,eXp Realty,Greensboro,Greensboro,NC,27257,5,14,14,4358421,4.4,A,75,LinkedIn,Enterprise (200+ agents),2026-09-08T03:29:33Z
CREAM-20260908-00185,Alan Adams,Alan Adams,Alan,Adams,alana@aol.com,(916) 942-6191,eXp Realty,eXp Realty,Dallas,Dallas,TX,78799,24,72,72,27154686,4.9,A,94,Facebook,Independent,2026-09-08T09:56:01Z
CREAM-20260908-00186,Jacob Kelly,Jacob Kelly,Jacob,Kelly,jacobkelly@icloud.com,(469) 274-6977,RE/MAX,RE/MAX,Colorado Springs,Colorado Springs,CO,81810,4,21,21,8275221,3.1,A,71,Referral Network,Boutique (2-10 agents),2026-09-08T05:12:10Z
CREAM-20260908-00187,Alexander Thompson,Alexander Thompson,Alexander,Thompson,alexandert@gmail.com,(512) 524-4885,Compass,Compass,Queens,Queens,NY,14658,23,61,61,37713334,4.1,A,85,MLS Database,Boutique (2-10 agents),2026-09-08T16:15:10Z
CREAM-20260908-00188,Nancy Cruz,Nancy Cruz,Nancy,Cruz,nancycruz@aol.com,(919) 879-5504,Century 21,Century 21,Tampa,Tampa,FL,32786,15,74,74,30217754,4.7,A,87,Realtor.com,Boutique (2-10 agents),2026-09-08T03:11:49Z
CREAM-20260908-00189,Matthew Long,Matthew Long,Matthew,Long,matthew.long@kellerwilliams.com,(805) 316-9696,Keller Williams,Keller Williams,Mesa,Mesa,AZ,85120,3,25,25,7927830,4.2,A,79,Referral Network,Mid-size (11-50 agents),2026-09-08T19:43:26Z
CREAM-20260908-00190,Steven Phillips,Steven Phillips,Steven,Phillips,steven_phillips@icloud.com,(614) 703-5382,Keller Williams,Keller Williams,Raleigh,Raleigh,NC,28404,10,57,57,25370077,3.7,A,81,Facebook,Mid-size (11-50 agents),2026-09-08T14:26:08Z
CREAM-20260908-00191,Donald Roberts,Donald Roberts,Donald,Roberts,donaldr@aol.com,(704) 856-9020,Keller Williams,Keller Williams,El Paso,El Paso,TX,78671,10,55,55,19206214,3.7,A,74,NAR Directory,Enterprise (200+ agents),2026-09-08T05:58:54Z
CREAM-20260908-00192,Eugene Johnson,Eugene Johnson,Eugene,Johnson,eugenejohnson@icloud.com,(929) 425-4429,Compass,Compass,Colorado Springs,Colorado Springs,CO,80657,2,5,5,3104236,4.6,A,81,Website Lead,Independent,2026-09-08T00:45:21Z
CREAM-20260908-00193,Andrew Smith,Andrew Smith,Andrew,Smith,asmith@livsothebys.com,(718) 657-9005,LIV Sotheby's,LIV Sotheby's,Denver,Denver,CO,81493,21,55,55,22488722,4.3,A,86,Trade Show,Independent,2026-09-08T14:33:55Z
CREAM-20260908-00194,Tyler Howard,Tyler Howard,Tyler,Howard,thoward@gmail.com,(513) 598-1376,Sotheby's International,Sotheby's International,New York City,New York City,NY,10195,2,5,5,3212679,4.1,A,96,Website Lead,Independent,2026-09-08T02:14:07Z
CREAM-20260908-00195,Amanda Mitchell,Amanda Mitchell,Amanda,Mitchell,amanda_mitchell@me.com,(512) 281-9504,Douglas Elliman,Douglas Elliman,Manhattan,Manhattan,NY,12299,25,62,62,39574374,3.5,A,88,Facebook,Boutique (2-10 agents),2026-09-08T03:51:12Z
CREAM-20260908-00196,Christine Reyes,Christine Reyes,Christine,Reyes,christiner@russelllyonsothebys.com,(310) 489-7403,Russell Lyon Sotheby's,Russell Lyon Sotheby's,Mesa,Mesa,AZ,86605,8,35,35,13933416,4.0,A,65,Cold Outreach,Enterprise (200+ agents),2026-09-08T05:21:00Z
CREAM-20260908-00197,Elizabeth Hughes,Elizabeth Hughes,Elizabeth,Hughes,ehughes@outlook.com,(646) 223-2733,Keller Williams,Keller Williams,Raleigh,Raleigh,NC,28214,10,79,79,25995019,4.4,A,62,Realtor.com,Large (51-200 agents),2026-09-08T11:46:03Z
CREAM-20260908-00198,Deborah Turner,Deborah Turner,Deborah,Turner,dturner@outlook.com,(404) 349-2298,Keller Williams,Keller Williams,Brooklyn,Brooklyn,NY,10434,3,12,12,9645393,3.4,A,63,Facebook,Large (51-200 agents),2026-09-08T21:30:11Z
CREAM-20260908-00199,Amber Cooper,Amber Cooper,Amber,Cooper,amber.cooper@berkshirehathawayhomeservices.com,(980) 388-9947,Berkshire Hathaway HomeServices,Berkshire Hathaway HomeServices,Oakland,Oakland,CA,95238,18,38,38,28662799,4.0,A,81,NAR Directory,Mid-size (11-50 agents),2026-09-08T02:24:43Z
CREAM-20260908-00200,Sharon Johnson,Sharon Johnson,Sharon,Johnson,sharon_johnson@me.com,(929) 996-8420,Compass,Compass,Colorado Springs,Colorado Springs,CO,81610,5,12,12,5584406,4.2,A,77,Facebook,Large (51-200 agents),2026-09-08T06:42:25Z
CREAM-20260908-00201,Ruth Morris,Ruth Morris,Ruth,Morris,ruth.morris@outlook.com,(916) 429-7893,Coldwell Banker,Coldwell Banker,Houston,Houston,TX,75132,2,7,7,3138304,4.3,A,71,Referral Network,Large (51-200 agents),2026-09-08T05:39:04Z
CREAM-20260908-00202,Debra Johnson,Debra Johnson,Debra,Johnson,debra.johnson@berkshirehathaway.com,(415) 602-6261,Berkshire Hathaway,Berkshire Hathaway,Mesa,Mesa,AZ,86452,0,2,2,757150,3.6,A,86,Brokerage Listings,Enterprise (200+ agents),2026-09-08T21:27:42Z
CREAM-20260908-00203,Kimberly Stewart,Kimberly Stewart,Kimberly,Stewart,kstewart@re/max.com,(310) 259-1874,RE/MAX,RE/MAX,Cleveland,Cleveland,OH,44411,18,29,29,7810382,4.3,A,64,LinkedIn,Independent,2026-09-08T20:23:13Z
CREAM-20260908-00204,Wayne Brooks,Wayne Brooks,Wayne,Brooks,waynebrooks@yahoo.com,(714) 600-8020,Keller Williams,Keller Williams,Aurora,Aurora,CO,80947,7,33,33,14829807,4.8,A,78,Referral Network,Boutique (2-10 agents),2026-09-08T11:12:45Z
CREAM-20260908-00205,Eric Morris,Eric Morris,Eric,Morris,emorris@yahoo.com,(256) 966-9938,Coldwell Banker,Coldwell Banker,San Diego,San Diego,CA,91621,8,28,28,17703352,3.6,A,90,Facebook,Boutique (2-10 agents),2026-09-08T14:50:52Z
CREAM-20260908-00206,Pamela Carter,Pamela Carter,Pamela,Carter,pamelac@gmail.com,(310) 328-6812,RE/MAX,RE/MAX,Phoenix,Phoenix,AZ,86625,4,19,19,9000198,4.2,A,91,MLS Database,Enterprise (200+ agents),2026-09-08T22:30:51Z
CREAM-20260908-00207,Lisa Phillips,Lisa Phillips,Lisa,Phillips,lphillips@yahoo.com,(334) 343-5810,RE/MAX,RE/MAX,Tucson,Tucson,AZ,86707,12,74,74,35877544,3.7,A,60,Website Lead,Boutique (2-10 agents),2026-09-08T09:45:36Z
CREAM-20260908-00208,Barbara Phillips,Barbara Phillips,Barbara,Phillips,barbara_phillips@outlook.com,(602) 212-2335,eXp Realty,eXp Realty,Denver,Denver,CO,81511,22,59,59,32730299,4.1,A,63,Trade Show,Mid-size (11-50 agents),2026-09-08T03:14:36Z
CREAM-20260908-00209,Deborah Perez,Deborah Perez,Deborah,Perez,deborahperez@outlook.com,(512) 539-9302,Douglas Elliman,Douglas Elliman,El Paso,El Paso,TX,77728,23,78,78,30429496,4.8,A,89,Website Lead,Mid-size (11-50 agents),2026-09-08T11:24:14Z
CREAM-20260908-00210,Stephanie Ramos,Stephanie Ramos,Stephanie,Ramos,stephanier@outlook.com,(805) 570-8278,eXp Realty,eXp Realty,Colorado Springs,Colorado Springs,CO,80168,21,40,40,25344709,4.1,A,66,MLS Database,Boutique (2-10 agents),2026-09-08T02:49:18Z
CREAM-20260908-00211,David Price,David Price,David,Price,dprice@re/max.com,(718) 822-8935,RE/MAX,RE/MAX,Sacramento,Sacramento,CA,96111,5,12,12,10983536,3.1,A,79,Referral Network,Boutique (2-10 agents),2026-09-08T10:53:37Z
CREAM-20260908-00212,Benjamin Parker,Benjamin Parker,Benjamin,Parker,benjaminparker@aol.com,(310) 588-7840,Berkshire Hathaway,Berkshire Hathaway,El Paso,El Paso,TX,79117,2,9,9,2400452,4.2,A,85,MLS Database,Mid-size (11-50 agents),2026-09-08T03:47:33Z
CREAM-20260908-00213,Roger Murphy,Roger Murphy,Roger,Murphy,rmurphy@nestseekers.com,(469) 725-6277,Nest Seekers,Nest Seekers,New York City,New York City,NY,13199,17,71,71,38773708,3.7,A,71,Cold Outreach,Enterprise (200+ agents),2026-09-08T10:36:28Z
CREAM-20260908-00214,Mark King,Mark King,Mark,King,markk@herrealtors.com,(916) 493-8759,HER Realtors,HER Realtors,Columbus,Columbus,OH,45654,4,17,17,4838543,3.6,A,76,Referral Network,Enterprise (200+ agents),2026-09-08T02:46:09Z
CREAM-20260908-00215,Amber Perez,Amber Perez,Amber,Perez,aperez@outlook.com,(646) 818-5236,Berkshire Hathaway,Berkshire Hathaway,Colorado Springs,Colorado Springs,CO,80778,3,15,15,9193247,3.3,A,81,Brokerage Listings,Boutique (2-10 agents),2026-09-08T00:34:03Z
CREAM-20260908-00216,Kimberly Ruiz,Kimberly Ruiz,Kimberly,Ruiz,kruiz@coldwellbanker.com,(972) 434-9063,Coldwell Banker,Coldwell Banker,Oakland,Oakland,CA,90331,3,21,21,22630121,4.6,A,72,Trade Show,Boutique (2-10 agents),2026-09-08T02:25:49Z
CREAM-20260908-00217,Sarah Reyes,Sarah Reyes,Sarah,Reyes,sarah.reyes@coldwellbanker.com,(704) 389-6489,Coldwell Banker,Coldwell Banker,Cincinnati,Cincinnati,OH,45810,2,7,7,1908474,4.0,A,61,Referral Network,Mid-size (11-50 agents),2026-09-08T10:11:52Z
CREAM-20260908-00218,Bruce Bailey,Bruce Bailey,Bruce,Bailey,bruce.bailey@outlook.com,(334) 610-6454,Coldwell Banker,Coldwell Banker,Austin,Austin,TX,77635,8,32,32,14099745,3.0,A,69,Website Lead,Enterprise (200+ agents),2026-09-08T00:20:35Z
CREAM-20260908-00219,Sandra Torres,Sandra Torres,Sandra,Torres,sandra_torres@outlook.com,(310) 255-5624,Berkshire Hathaway,Berkshire Hathaway,Austin,Austin,TX,76553,5,10,10,4539903,4.6,A,83,Cold Outreach,Enterprise (200+ agents),2026-09-08T07:03:50Z
CREAM-20260908-00220,Brenda Brown,Brenda Brown,Brenda,Brown,brenda.brown@hotmail.com,(513) 920-7522,Keller Williams,Keller Williams,Columbus,Columbus,OH,45674,3,16,16,4012142,3.6,A,81,Realtor.com,Large (51-200 agents),2026-09-08T04:47:40Z
CREAM-20260908-00221,Elizabeth Diaz,Elizabeth Diaz,Elizabeth,Diaz,ediaz@aol.com,(512) 781-6402,Cutler Real Estate,Cutler Real Estate,Cincinnati,Cincinnati,OH,45651,12,44,44,12363211,3.5,A,73,NAR Directory,Enterprise (200+ agents),2026-09-08T12:02:21Z
CREAM-20260908-00222,Amy Moore,Amy Moore,Amy,Moore,amy.moore@coldwellbanker.com,(469) 594-5614,Coldwell Banker,Coldwell Banker,Colorado Springs,Colorado Springs,CO,81326,3,20,20,11753434,3.7,A,99,NAR Directory,Large (51-200 agents),2026-09-08T10:05:08Z
CREAM-20260908-00223,Scott Chavez,Scott Chavez,Scott,Chavez,scottchavez@icloud.com,(310) 409-1196,RE/MAX,RE/MAX,Austin,Austin,TX,75780,14,55,55,23402978,3.8,A,89,Trade Show,Mid-size (11-50 agents),2026-09-08T21:40:17Z
CREAM-20260908-00224,Richard Brown,Richard Brown,Richard,Brown,richard.brown@berkshirehathaway.com,(646) 940-7181,Berkshire Hathaway,Berkshire Hathaway,Houston,Houston,TX,76576,5,10,10,4250602,3.6,A,71,Brokerage Listings,Boutique (2-10 agents),2026-09-08T10:05:29Z
CREAM-20260908-00225,Ralph Long,Ralph Long,Ralph,Long,ralphlong@aol.com,(614) 328-2554,HER Realtors,HER Realtors,Cleveland,Cleveland,OH,45313,25,44,44,13259292,3.2,A,96,Brokerage Listings,Boutique (2-10 agents),2026-09-08T20:12:32Z
CREAM-20260908-00226,Amber Ruiz,Amber Ruiz,Amber,Ruiz,amber_ruiz@aol.com,(512) 793-1884,RE/MAX,RE/MAX,Charlotte,Charlotte,NC,27711,18,73,73,20283286,4.4,A,83,Facebook,Independent,2026-09-08T22:16:20Z
CREAM-20260908-00227,Anthony Jones,Anthony Jones,Anthony,Jones,anthony_jones@aol.com,(303) 749-5090,Berkshire Hathaway,Berkshire Hathaway,Dallas,Dallas,TX,78977,1,4,4,1321520,3.2,A,92,Cold Outreach,Boutique (2-10 agents),2026-09-08T03:00:10Z
CREAM-20260908-00228,Michelle Wright,Michelle Wright,Michelle,Wright,michelle.wright@herrealtors.com,(713) 301-1861,HER Realtors,HER Realtors,Cincinnati,Cincinnati,OH,44639,0,0,0,0,3.4,A,90,Facebook,Independent,2026-09-08T14:03:17Z
CREAM-20260908-00229,Shirley Allen,Shirley Allen,Shirley,Allen,shirleya@berkshirehathaway.com,(602) 682-8430,Berkshire Hathaway,Berkshire Hathaway,Fort Worth,Fort Worth,TX,75514,1,10,10,3737319,3.1,A,91,Website Lead,Mid-size (11-50 agents),2026-09-08T03:06:48Z
CREAM-20260908-00230,Steven Myers,Steven Myers,Steven,Myers,stevenmyers@outlook.com,(512) 207-5223,eXp Realty,eXp Realty,Tucson,Tucson,AZ,85675,5,20,20,6081688,3.0,A,99,Trade Show,Mid-size (11-50 agents),2026-09-08T16:36:50Z
CREAM-20260908-00231,Katherine Martinez,Katherine Martinez,Katherine,Martinez,katherine_martinez@me.com,(212) 907-4773,Keller Williams,Keller Williams,Mesa,Mesa,AZ,85224,21,31,31,9349590,3.5,A,97,Trade Show,Large (51-200 agents),2026-09-08T15:42:25Z
CREAM-20260908-00232,Mary Davis,Mary Davis,Mary,Davis,mdavis@outlook.com,(980) 403-3937,Allen Tate,Allen Tate,Greensboro,Greensboro,NC,28771,19,59,59,21450684,3.3,A,72,Trade Show,Mid-size (11-50 agents),2026-09-08T23:08:14Z
CREAM-20260908-00233,Elizabeth Ramos,Elizabeth Ramos,Elizabeth,Ramos,elizabeth_ramos@me.com,(305) 384-6605,Allen Tate,Allen Tate,Charlotte,Charlotte,NC,28803,11,28,28,12687433,4.8,A,94,LinkedIn,Boutique (2-10 agents),2026-09-08T11:20:59Z
CREAM-20260908-00234,William Chavez,William Chavez,William,Chavez,william.chavez@aol.com,(602) 867-4337,Keller Williams,Keller Williams,El Paso,El Paso,TX,78531,19,43,43,11565583,4.8,A,97,Realtor.com,Large (51-200 agents),2026-09-08T15:15:33Z
CREAM-20260908-00235,Barbara Roberts,Barbara Roberts,Barbara,Roberts,barbara.roberts@aol.com,(407) 510-7942,Compass,Compass,Long Beach,Long Beach,CA,94964,8,18,18,11054383,4.6,A,83,Referral Network,Boutique (2-10 agents),2026-09-08T05:23:41Z
CREAM-20260908-00236,Dennis Wood,Dennis Wood,Dennis,Wood,dennisw@halstead.com,(334) 668-2161,Halstead,Halstead,Brooklyn,Brooklyn,NY,14501,0,3,3,1826061,4.0,A,89,Realtor.com,Mid-size (11-50 agents),2026-09-08T05:08:32Z
CREAM-20260908-00237,Victoria Gutierrez,Victoria Gutierrez,Victoria,Gutierrez,victoria.gutierrez@cutlerrealestate.com,(234) 350-4323,Cutler Real Estate,Cutler Real Estate,Columbus,Columbus,OH,45565,0,0,0,0,3.6,A,71,MLS Database,Boutique (2-10 agents),2026-09-08T18:03:15Z
CREAM-20260908-00238,Keith Williams,Keith Williams,Keith,Williams,keith.williams@yahoo.com,(980) 615-9315,RE/MAX,RE/MAX,Long Beach,Long Beach,CA,90189,3,24,24,16139973,3.3,A,85,Realtor.com,Independent,2026-09-08T05:53:20Z
CREAM-20260908-00239,Donald Martinez,Donald Martinez,Donald,Martinez,donald.martinez@coldwellbanker.com,(303) 200-7566,Coldwell Banker,Coldwell Banker,Fort Lauderdale,Fort Lauderdale,FL,34464,15,80,80,27023543,4.8,A,77,Realtor.com,Boutique (2-10 agents),2026-09-08T09:22:27Z
CREAM-20260908-00240,James Garcia,James Garcia,James,Garcia,jamesg@outlook.com,(916) 671-3837,Pacific Sotheby's,Pacific Sotheby's,Sacramento,Sacramento,CA,93801,13,80,80,71197251,4.8,A,79,Referral Network,Boutique (2-10 agents),2026-09-08T21:16:11Z
CREAM-20260908-00241,Alan Ramirez,Alan Ramirez,Alan,Ramirez,alanr@icloud.com,(310) 508-7115,Berkshire Hathaway,Berkshire Hathaway,St. Petersburg,St. Petersburg,FL,32304,20,62,62,19491036,4.7,A,92,Website Lead,Boutique (2-10 agents),2026-09-08T22:06:45Z
CREAM-20260908-00242,Ryan Phillips,Ryan Phillips,Ryan,Phillips,rphillips@yahoo.com,(469) 958-9813,Coldwell Banker,Coldwell Banker,Tucson,Tucson,AZ,86154,14,67,67,24150989,3.7,A,86,Website Lead,Large (51-200 agents),2026-09-08T19:53:29Z
CREAM-20260908-00243,Daniel Moore,Daniel Moore,Daniel,Moore,dmoore@pacificsothebys.com,(972) 470-2633,Pacific Sotheby's,Pacific Sotheby's,Los Angeles,Los Angeles,CA,91542,1,3,3,3069600,4.2,A,84,Cold Outreach,Boutique (2-10 agents),2026-09-08T07:47:20Z
CREAM-20260908-00244,Louis Powell,Louis Powell,Louis,Powell,louispowell@gmail.com,(718) 495-5614,RE/MAX,RE/MAX,Fort Lauderdale,Fort Lauderdale,FL,34500,1,3,3,1267492,4.8,A,83,Referral Network,Enterprise (200+ agents),2026-09-08T10:22:33Z
CREAM-20260908-00245,Lawrence Fisher,Lawrence Fisher,Lawrence,Fisher,lawrence_fisher@gmail.com,(805) 864-3955,Cutler Real Estate,Cutler Real Estate,Columbus,Columbus,OH,44680,5,18,18,4406330,3.1,A,73,LinkedIn,Enterprise (200+ agents),2026-09-08T09:23:28Z
CREAM-20260908-00246,Charles Ramos,Charles Ramos,Charles,Ramos,charlesr@compass.com,(980) 452-6945,Compass,Compass,Queens,Queens,NY,12840,3,16,16,10458907,3.2,A,91,Trade Show,Large (51-200 agents),2026-09-08T09:44:35Z
CREAM-20260908-00247,Tyler Reed,Tyler Reed,Tyler,Reed,treed@me.com,(256) 879-6421,Douglas Elliman,Douglas Elliman,Manhattan,Manhattan,NY,14611,16,57,57,38140706,4.9,A,63,Cold Outreach,Boutique (2-10 agents),2026-09-08T21:17:43Z
CREAM-20260908-00248,Kathleen Perez,Kathleen Perez,Kathleen,Perez,kathleenperez@hotmail.com,(415) 230-9758,LIV Sotheby's,LIV Sotheby's,Aurora,Aurora,CO,81865,4,12,12,8438533,3.3,A,90,Website Lead,Boutique (2-10 agents),2026-09-08T16:12:23Z
CREAM-20260908-00249,Emily Davis,Emily Davis,Emily,Davis,emilydavis@outlook.com,(415) 868-5957,RE/MAX,RE/MAX,Cleveland,Cleveland,OH,45980,11,54,54,17510233,3.8,A,95,Facebook,Large (51-200 agents),2026-09-08T11:18:59Z
CREAM-20260908-00250,Melissa Foster,Melissa Foster,Melissa,Foster,melissaf@gmail.com,(646) 493-7774,Berkshire Hathaway,Berkshire Hathaway,Fort Lauderdale,Fort Lauderdale,FL,32666,23,55,55,18298692,3.9,A,90,Trade Show,Large (51-200 agents),2026-09-08T13:04:21Z
CREAM-20260908-00251,Edward Davis,Edward Davis,Edward,Davis,edavis@outlook.com,(805) 943-4223,eXp Realty,eXp Realty,Jacksonville,Jacksonville,FL,32120,17,33,33,15751287,3.1,A,73,Realtor.com,Large (51-200 agents),2026-09-08T10:09:18Z
CREAM-20260908-00252,Nicholas Diaz,Nicholas Diaz,Nicholas,Diaz,nicholasd@yahoo.com,(234) 918-6181,Compass,Compass,Denver,Denver,CO,80233,3,17,17,8131678,3.7,A,74,Cold Outreach,Boutique (2-10 agents),2026-09-08T13:03:35Z
CREAM-20260908-00253,Carl Adams,Carl Adams,Carl,Adams,carla@hotmail.com,(786) 481-6949,RE/MAX,RE/MAX,San Antonio,San Antonio,TX,76196,3,23,23,6269273,4.9,A,74,Referral Network,Mid-size (11-50 agents),2026-09-08T18:25:52Z
CREAM-20260908-00254,Thomas Jenkins,Thomas Jenkins,Thomas,Jenkins,thomas.jenkins@hotmail.com,(214) 291-6551,Nest Seekers,Nest Seekers,Queens,Queens,NY,12799,1,7,7,4134260,4.7,A,86,NAR Directory,Enterprise (200+ agents),2026-09-08T22:28:45Z
CREAM-20260908-00255,Brittany Hernandez,Brittany Hernandez,Brittany,Hernandez,brittanyh@sothebysinternational.com,(786) 512-4697,Sotheby's International,Sotheby's International,Brooklyn,Brooklyn,NY,11487,22,75,75,35787208,3.4,A,83,Facebook,Boutique (2-10 agents),2026-09-08T02:19:38Z
CREAM-20260908-00256,Ruth Martin,Ruth Martin,Ruth,Martin,ruth_martin@icloud.com,(805) 901-9342,Berkshire Hathaway,Berkshire Hathaway,Austin,Austin,TX,76735,5,18,18,5179606,3.3,A,61,Brokerage Listings,Independent,2026-09-08T10:52:14Z
CREAM-20260908-00257,Susan Morris,Susan Morris,Susan,Morris,susanmorris@yahoo.com,(718) 750-5447,Douglas Elliman,Douglas Elliman,Manhattan,Manhattan,NY,13379,3,9,9,5142820,4.9,A,88,Realtor.com,Mid-size (11-50 agents),2026-09-08T09:34:07Z
CREAM-20260908-00258,Gregory Cooper,Gregory Cooper,Gregory,Cooper,gregoryc@icloud.com,(805) 256-6684,Coldwell Banker,Coldwell Banker,Miami,Miami,FL,32791,3,9,9,4847020,4.5,A,73,NAR Directory,Enterprise (200+ agents),2026-09-08T23:55:01Z
CREAM-20260908-00259,Eric Ward,Eric Ward,Eric,Ward,ericw@outlook.com,(602) 330-8308,RE/MAX,RE/MAX,Austin,Austin,TX,75307,21,42,42,15726261,3.1,A,96,MLS Database,Large (51-200 agents),2026-09-08T02:43:44Z
CREAM-20260908-00260,Nicholas Russell,Nicholas Russell,Nicholas,Russell,nicholasrussell@me.com,(646) 313-9873,Compass,Compass,Charlotte,Charlotte,NC,28289,12,26,26,7683420,4.2,A,78,Cold Outreach,Mid-size (11-50 agents),2026-09-08T21:52:36Z
CREAM-20260908-00261,Kimberly Harris,Kimberly Harris,Kimberly,Harris,kimberly.harris@re/max.com,(303) 382-1661,RE/MAX,RE/MAX,Charlotte,Charlotte,NC,28860,5,20,20,6972430,3.3,A,78,Realtor.com,Enterprise (200+ agents),2026-09-08T06:42:59Z
CREAM-20260908-00262,Patrick Johnson,Patrick Johnson,Patrick,Johnson,pjohnson@yahoo.com,(646) 619-5055,Brown Harris Stevens,Brown Harris Stevens,New York City,New York City,NY,12731,4,11,11,6550815,3.5,A,96,Brokerage Listings,Enterprise (200+ agents),2026-09-08T07:45:10Z
CREAM-20260908-00263,Scott Anderson,Scott Anderson,Scott,Anderson,scotta@kellerwilliamsrealty.com,(310) 482-9850,Keller Williams Realty,Keller Williams Realty,San Jose,San Jose,CA,95705,11,51,51,48160026,4.5,A,77,Website Lead,Large (51-200 agents),2026-09-08T23:23:35Z
CREAM-20260908-00264,Ashley Foster,Ashley Foster,Ashley,Foster,ashley.foster@yahoo.com,(407) 557-4468,Coldwell Banker,Coldwell Banker,Austin,Austin,TX,76135,11,29,29,12025960,3.3,A,60,Trade Show,Large (51-200 agents),2026-09-08T16:58:26Z
CREAM-20260908-00265,Louis Miller,Louis Miller,Louis,Miller,louism@icloud.com,(469) 838-9672,RE/MAX,RE/MAX,Long Beach,Long Beach,CA,94998,3,18,18,16314693,5.0,A,94,MLS Database,Enterprise (200+ agents),2026-09-08T15:14:11Z
CREAM-20260908-00266,Stephen Rogers,Stephen Rogers,Stephen,Rogers,stephenr@yahoo.com,(972) 907-4081,eXp Realty,eXp Realty,Tampa,Tampa,FL,32906,13,34,34,12441426,3.2,A,71,Referral Network,Large (51-200 agents),2026-09-08T07:42:21Z
CREAM-20260908-00267,Natalie Gonzalez,Natalie Gonzalez,Natalie,Gonzalez,ngonzalez@yahoo.com,(234) 426-3336,Cutler Real Estate,Cutler Real Estate,Cleveland,Cleveland,OH,44325,15,44,44,13315754,4.6,A,73,Cold Outreach,Enterprise (200+ agents),2026-09-08T12:40:13Z
CREAM-20260908-00268,Linda Peterson,Linda Peterson,Linda,Peterson,lindapeterson@hotmail.com,(234) 750-6065,Nest Seekers,Nest Seekers,New York City,New York City,NY,14353,4,13,13,6322395,3.5,A,87,NAR Directory,Mid-size (11-50 agents),2026-09-08T04:47:39Z
CREAM-20260908-00269,Roger Parker,Roger Parker,Roger,Parker,rogerp@icloud.com,(214) 844-6087,Compass,Compass,Miami,Miami,FL,33287,10,52,52,21610138,3.0,A,78,NAR Directory,Enterprise (200+ agents),2026-09-08T05:19:07Z
CREAM-20260908-00270,Roger Edwards,Roger Edwards,Roger,Edwards,rogeredwards@icloud.com,(415) 511-6331,Nest Seekers,Nest Seekers,Queens,Queens,NY,13717,6,26,26,21071889,3.5,A,76,NAR Directory,Independent,2026-09-08T20:59:53Z
CREAM-20260908-00271,Jason Thompson,Jason Thompson,Jason,Thompson,jthompson@icloud.com,(404) 597-5588,RE/MAX,RE/MAX,Cleveland,Cleveland,OH,43589,5,17,17,4558753,3.7,A,65,Website Lead,Large (51-200 agents),2026-09-08T02:41:37Z
CREAM-20260908-00272,Timothy Morgan,Timothy Morgan,Timothy,Morgan,timothy_morgan@yahoo.com,(704) 754-1375,Berkshire Hathaway,Berkshire Hathaway,Greensboro,Greensboro,NC,27612,22,78,78,23487020,4.3,A,99,Brokerage Listings,Independent,2026-09-08T21:25:21Z
CREAM-20260908-00273,Stephanie Brown,Stephanie Brown,Stephanie,Brown,sbrown@yahoo.com,(512) 313-1186,HomeSmart,HomeSmart,Phoenix,Phoenix,AZ,85340,9,27,27,9407628,4.2,A,87,Brokerage Listings,Mid-size (11-50 agents),2026-09-08T05:13:22Z
CREAM-20260908-00274,Eugene Wood,Eugene Wood,Eugene,Wood,ewood@livsothebys.com,(303) 218-3955,LIV Sotheby's,LIV Sotheby's,Colorado Springs,Colorado Springs,CO,81875,21,77,77,50098386,3.3,A,100,Cold Outreach,Mid-size (11-50 agents),2026-09-08T04:36:24Z
CREAM-20260908-00275,Karen Price,Karen Price,Karen,Price,karen.price@re/max.com,(714) 501-1433,RE/MAX,RE/MAX,Fort Lauderdale,Fort Lauderdale,FL,33241,3,22,22,9365674,3.6,A,65,MLS Database,Boutique (2-10 agents),2026-09-08T03:15:08Z
CREAM-20260908-00276,Scott Campbell,Scott Campbell,Scott,Campbell,scottc@outlook.com,(602) 280-9770,Keller Williams,Keller Williams,Mesa,Mesa,AZ,86811,24,29,29,11242358,3.7,A,76,Facebook,Boutique (2-10 agents),2026-09-08T21:36:58Z
CREAM-20260908-00277,Gloria Hill,Gloria Hill,Gloria,Hill,gloriahill@me.com,(805) 851-8281,Keller Williams Realty,Keller Williams Realty,Oakland,Oakland,CA,92780,16,67,67,72667558,4.4,A,61,Referral Network,Mid-size (11-50 agents),2026-09-08T13:22:14Z
CREAM-20260908-00278,Angela Roberts,Angela Roberts,Angela,Roberts,angela.roberts@me.com,(513) 666-7713,Keller Williams,Keller Williams,Aurora,Aurora,CO,80361,8,29,29,15752595,3.1,A,93,Website Lead,Enterprise (200+ agents),2026-09-08T20:58:21Z
CREAM-20260908-00279,Joseph Mendoza,Joseph Mendoza,Joseph,Mendoza,joseph.mendoza@aol.com,(256) 341-6317,HomeSmart,HomeSmart,Tucson,Tucson,AZ,85732,8,38,38,17741264,4.5,A,84,MLS Database,Mid-size (11-50 agents),2026-09-08T02:16:37Z
CREAM-20260908-00280,Samuel Perez,Samuel Perez,Samuel,Perez,samuel.perez@yahoo.com,(212) 879-4934,eXp Realty,eXp Realty,Aurora,Aurora,CO,81619,20,72,72,31816396,4.2,A,78,Trade Show,Independent,2026-09-08T22:39:15Z
CREAM-20260908-00281,Anthony Clark,Anthony Clark,Anthony,Clark,anthony_clark@gmail.com,(786) 664-3723,Keller Williams,Keller Williams,Manhattan,Manhattan,NY,12930,2,11,11,6556666,3.2,A,97,Trade Show,Independent,2026-09-08T21:35:36Z
CREAM-20260908-00282,Ronald Stewart,Ronald Stewart,Ronald,Stewart,ronald_stewart@hotmail.com,(718) 392-9264,8z Real Estate,8z Real Estate,Aurora,Aurora,CO,80913,1,6,6,3572444,4.8,A,73,Cold Outreach,Independent,2026-09-08T17:39:51Z
CREAM-20260908-00283,Aaron Watson,Aaron Watson,Aaron,Watson,aaron.watson@kellerwilliams.com,(407) 665-9572,Keller Williams,Keller Williams,Manhattan,Manhattan,NY,10393,0,3,3,2507874,3.1,A,74,Brokerage Listings,Mid-size (11-50 agents),2026-09-08T19:27:06Z
CREAM-20260908-00284,Megan Fisher,Megan Fisher,Megan,Fisher,mfisher@icloud.com,(469) 238-7181,Keller Williams,Keller Williams,New York City,New York City,NY,10540,0,0,0,0,4.5,A,84,Website Lead,Enterprise (200+ agents),2026-09-08T12:46:18Z
CREAM-20260908-00285,Dennis Ramirez,Dennis Ramirez,Dennis,Ramirez,dennis.ramirez@kellerwilliamsrealty.com,(214) 667-6385,Keller Williams Realty,Keller Williams Realty,Miami,Miami,FL,34260,0,0,0,0,3.1,A,63,Referral Network,Mid-size (11-50 agents),2026-09-08T22:00:15Z
CREAM-20260908-00286,Walter Coleman,Walter Coleman,Walter,Coleman,walter_coleman@yahoo.com,(714) 561-2687,eXp Realty,eXp Realty,Miami,Miami,FL,32853,0,4,4,1971100,4.1,A,82,Cold Outreach,Large (51-200 agents),2026-09-08T01:05:22Z
CREAM-20260908-00287,Gregory Cook,Gregory Cook,Gregory,Cook,gregory.cook@coldwellbanker.com,(720) 999-7449,Coldwell Banker,Coldwell Banker,Denver,Denver,CO,80505,21,79,79,46032045,4.3,A,81,Realtor.com,Boutique (2-10 agents),2026-09-08T12:18:15Z
CREAM-20260908-00288,Angela Price,Angela Price,Angela,Price,aprice@berkshirehathawayhomeservices.com,(305) 925-4739,Berkshire Hathaway HomeServices,Berkshire Hathaway HomeServices,San Francisco,San Francisco,CA,96226,19,28,28,18026118,3.2,A,72,Brokerage Listings,Mid-size (11-50 agents),2026-09-08T00:09:40Z
CREAM-20260908-00289,Theresa Robinson,Theresa Robinson,Theresa,Robinson,theresar@century21.com,(714) 582-1553,Century 21,Century 21,Fort Lauderdale,Fort Lauderdale,FL,33311,0,5,5,1607748,4.6,A,84,NAR Directory,Independent,2026-09-08T03:57:21Z
CREAM-20260908-00290,Stephanie Long,Stephanie Long,Stephanie,Long,stephanielong@icloud.com,(602) 591-7713,eXp Realty,eXp Realty,Colorado Springs,Colorado Springs,CO,81200,13,59,59,40573450,3.2,A,75,Facebook,Enterprise (200+ agents),2026-09-08T10:29:50Z
CREAM-20260908-00291,Gregory Kim,Gregory Kim,Gregory,Kim,gregory.kim@outlook.com,(310) 324-3902,eXp Realty,eXp Realty,Phoenix,Phoenix,AZ,86172,1,6,6,2803248,3.7,A,64,LinkedIn,Mid-size (11-50 agents),2026-09-08T04:19:30Z
CREAM-20260908-00292,Natalie Mitchell,Natalie Mitchell,Natalie,Mitchell,natalie_mitchell@me.com,(720) 838-7205,RE/MAX,RE/MAX,San Diego,San Diego,CA,91280,0,1,1,657346,3.5,A,97,Realtor.com,Enterprise (200+ agents),2026-09-08T15:59:15Z
CREAM-20260908-00293,Danielle Brooks,Danielle Brooks,Danielle,Brooks,daniellebrooks@me.com,(212) 308-7387,Compass,Compass,Charlotte,Charlotte,NC,27680,23,41,41,18346125,4.3,A,67,Website Lead,Enterprise (200+ agents),2026-09-08T18:36:39Z
CREAM-20260908-00294,Emily Cruz,Emily Cruz,Emily,Cruz,emilyc@aol.com,(714) 203-7971,Coldwell Banker,Coldwell Banker,Raleigh,Raleigh,NC,28766,8,27,27,8613774,3.3,A,67,MLS Database,Large (51-200 agents),2026-09-08T23:46:08Z
CREAM-20260908-00295,Nicole Perez,Nicole Perez,Nicole,Perez,nicolep@huntingtonrealestate.com,(713) 210-2714,Huntington Real Estate,Huntington Real Estate,Cincinnati,Cincinnati,OH,45741,5,17,17,3763586,4.4,A,88,LinkedIn,Enterprise (200+ agents),2026-09-08T13:58:34Z
CREAM-20260908-00296,Jeffrey Evans,Jeffrey Evans,Jeffrey,Evans,jeffrey.evans@me.com,(786) 845-7709,Compass,Compass,Aurora,Aurora,CO,81240,22,78,78,48208644,4.9,A,86,Brokerage Listings,Mid-size (11-50 agents),2026-09-08T09:33:43Z
CREAM-20260908-00297,Brenda Kim,Brenda Kim,Brenda,Kim,brendakim@me.com,(310) 901-6668,Berkshire Hathaway,Berkshire Hathaway,Fort Worth,Fort Worth,TX,78249,1,5,5,1540896,3.1,A,62,LinkedIn,Mid-size (11-50 agents),2026-09-08T14:44:52Z
CREAM-20260908-00298,James Campbell,James Campbell,James,Campbell,jamesc@hotmail.com,(714) 358-7968,eXp Realty,eXp Realty,Jacksonville,Jacksonville,FL,33624,1,8,8,2806477,4.9,A,70,Realtor.com,Enterprise (200+ agents),2026-09-08T16:36:05Z
CREAM-20260908-00299,Sharon Jones,Sharon Jones,Sharon,Jones,sharon_jones@gmail.com,(415) 313-1322,Keller Williams,Keller Williams,Fort Worth,Fort Worth,TX,79938,4,23,23,6336016,4.4,A,71,Facebook,Enterprise (200+ agents),2026-09-08T14:34:50Z
CREAM-20260908-00300,Stephen Kelly,Stephen Kelly,Stephen,Kelly,stephen.kelly@re/max.com,(303) 677-6154,RE/MAX,RE/MAX,Greensboro,Greensboro,NC,27301,20,47,47,16017912,4.2,A,76,Facebook,Enterprise (200+ agents),2026-09-08T16:05:16Z
CREAM-20260908-00301,Donald Alexander,Donald Alexander,Donald,Alexander,donaldalexander@gmail.com,(919) 457-3006,HomeSmart,HomeSmart,Scottsdale,Scottsdale,AZ,85218,11,62,62,27283647,4.2,A,70,NAR Directory,Large (51-200 agents),2026-09-08T10:51:43Z
CREAM-20260908-00302,Brenda Sullivan,Brenda Sullivan,Brenda,Sullivan,bsullivan@aol.com,(786) 984-4084,8z Real Estate,8z Real Estate,Denver,Denver,CO,80952,6,27,27,16343119,4.4,A,96,Facebook,Boutique (2-10 agents),2026-09-08T21:49:44Z
CREAM-20260908-00303,Larry Sullivan,Larry Sullivan,Larry,Sullivan,lsullivan@hotmail.com,(972) 853-6068,Coldwell Banker,Coldwell Banker,Cleveland,Cleveland,OH,43587,24,67,67,13906250,3.4,A,85,Brokerage Listings,Large (51-200 agents),2026-09-08T00:41:46Z
CREAM-20260908-00304,Samuel Martin,Samuel Martin,Samuel,Martin,samuel_martin@gmail.com,(614) 289-2402,Cutler Real Estate,Cutler Real Estate,Cincinnati,Cincinnati,OH,45146,24,70,70,21247622,4.1,A,61,LinkedIn,Enterprise (200+ agents),2026-09-08T05:15:59Z
CREAM-20260908-00305,Martha White,Martha White,Martha,White,mwhite@yahoo.com,(718) 664-5776,Compass,Compass,Raleigh,Raleigh,NC,28451,4,21,21,5212259,3.7,A,89,Referral Network,Large (51-200 agents),2026-09-08T07:49:17Z
CREAM-20260908-00306,Katherine Richardson,Katherine Richardson,Katherine,Richardson,katherine.richardson@douglaselliman.com,(256) 480-3489,Douglas Elliman,Douglas Elliman,San Antonio,San Antonio,TX,79653,7,31,31,12164247,4.6,A,88,MLS Database,Enterprise (200+ agents),2026-09-08T06:36:47Z
CREAM-20260908-00307,Sarah Anderson,Sarah Anderson,Sarah,Anderson,sarah_anderson@aol.com,(404) 974-8183,Century 21,Century 21,St. Petersburg,St. Petersburg,FL,32255,1,10,10,4504254,4.7,A,67,Trade Show,Mid-size (11-50 agents),2026-09-08T18:39:58Z
CREAM-20260908-00308,Kevin Collins,Kevin Collins,Kevin,Collins,kevincollins@gmail.com,(646) 369-9718,Keller Williams,Keller Williams,Scottsdale,Scottsdale,AZ,86338,21,65,65,26809358,4.8,A,69,MLS Database,Large (51-200 agents),2026-09-08T10:14:51Z
CREAM-20260908-00309,Cynthia Perry,Cynthia Perry,Cynthia,Perry,cynthia_perry@gmail.com,(469) 265-5558,eXp Realty,eXp Realty,Denver,Denver,CO,81701,0,5,5,2290672,4.2,A,95,Facebook,Large (51-200 agents),2026-09-08T14:16:01Z
CREAM-20260908-00310,Timothy Bailey,Timothy Bailey,Timothy,Bailey,tbailey@allentate.com,(614) 604-4772,Allen Tate,Allen Tate,Greensboro,Greensboro,NC,28637,0,5,5,1845824,3.1,A,61,Facebook,Independent,2026-09-08T11:35:24Z
CREAM-20260908-00311,Philip Clark,Philip Clark,Philip,Clark,philip_clark@icloud.com,(916) 252-5364,Nest Seekers,Nest Seekers,Bronx,Bronx,NY,12216,19,53,53,42200946,4.9,A,79,MLS Database,Mid-size (11-50 agents),2026-09-08T19:06:34Z
CREAM-20260908-00312,Helen Hughes,Helen Hughes,Helen,Hughes,helen.hughes@icloud.com,(916) 599-1800,Cutler Real Estate,Cutler Real Estate,Cincinnati,Cincinnati,OH,43836,23,79,79,25044577,3.5,A,90,Referral Network,Enterprise (200+ agents),2026-09-08T15:21:19Z
CREAM-20260908-00313,Kimberly Rogers,Kimberly Rogers,Kimberly,Rogers,kimberly_rogers@aol.com,(919) 506-3074,eXp Realty,eXp Realty,Columbus,Columbus,OH,44784,4,18,18,3646194,3.4,A,93,NAR Directory,Mid-size (11-50 agents),2026-09-08T20:36:07Z
CREAM-20260908-00314,Ashley Foster,Ashley Foster,Ashley,Foster,afoster@re/max.com,(334) 783-5278,RE/MAX,RE/MAX,Jacksonville,Jacksonville,FL,32179,0,1,1,516500,3.8,A,61,Referral Network,Mid-size (11-50 agents),2026-09-08T15:21:12Z
CREAM-20260908-00315,Carl Ramos,Carl Ramos,Carl,Ramos,carlr@outlook.com,(602) 232-4095,Douglas Elliman,Douglas Elliman,Dallas,Dallas,TX,75765,0,2,2,760736,3.9,A,99,MLS Database,Mid-size (11-50 agents),2026-09-08T05:18:22Z
CREAM-20260908-00316,Betty Brooks,Betty Brooks,Betty,Brooks,betty_brooks@hotmail.com,(334) 970-4653,RE/MAX,RE/MAX,Charlotte,Charlotte,NC,28813,22,43,43,16119378,3.5,A,79,Cold Outreach,Enterprise (200+ agents),2026-09-08T04:36:46Z
CREAM-20260908-00317,Karen Castillo,Karen Castillo,Karen,Castillo,karen.castillo@icloud.com,(310) 345-2339,Halstead,Halstead,New York City,New York City,NY,12208,1,5,5,2770360,3.3,A,65,Cold Outreach,Enterprise (200+ agents),2026-09-08T12:03:10Z
CREAM-20260908-00318,Sandra Williams,Sandra Williams,Sandra,Williams,sandraw@aol.com,(929) 202-4549,Keller Williams Realty,Keller Williams Realty,San Diego,San Diego,CA,96482,20,63,63,43827622,4.8,A,83,MLS Database,Boutique (2-10 agents),2026-09-08T14:08:16Z
CREAM-20260908-00319,Aaron Hall,Aaron Hall,Aaron,Hall,aaron.hall@re/max.com,(720) 508-5851,RE/MAX,RE/MAX,Cincinnati,Cincinnati,OH,45383,15,59,59,14936827,4.3,A,87,NAR Directory,Mid-size (11-50 agents),2026-09-08T05:04:09Z
CREAM-20260908-00320,Stephanie Williams,Stephanie Williams,Stephanie,Williams,stephaniew@re/max.com,(234) 971-8401,RE/MAX,RE/MAX,Cincinnati,Cincinnati,OH,45756,5,21,21,6665538,4.0,A,86,Cold Outreach,Mid-size (11-50 agents),2026-09-08T12:28:44Z
CREAM-20260908-00321,Anthony Ortiz,Anthony Ortiz,Anthony,Ortiz,anthony.ortiz@livsothebys.com,(513) 279-1371,LIV Sotheby's,LIV Sotheby's,Denver,Denver,CO,81142,9,39,39,20128976,5.0,A,90,Cold Outreach,Independent,2026-09-08T03:14:29Z
CREAM-20260908-00322,Arthur Cox,Arthur Cox,Arthur,Cox,arthur_cox@yahoo.com,(234) 488-8038,eXp Realty,eXp Realty,Dallas,Dallas,TX,79833,1,12,12,3867826,3.8,A,78,MLS Database,Mid-size (11-50 agents),2026-09-08T20:20:01Z
CREAM-20260908-00323,Jack Sullivan,Jack Sullivan,Jack,Sullivan,jsullivan@gmail.com,(214) 426-6607,Compass,Compass,Jacksonville,Jacksonville,FL,33604,5,18,18,7076544,3.1,A,90,MLS Database,Boutique (2-10 agents),2026-09-08T13:08:02Z
CREAM-20260908-00324,Anna Bailey,Anna Bailey,Anna,Bailey,anna_bailey@outlook.com,(916) 750-2419,Keller Williams,Keller Williams,Charlotte,Charlotte,NC,27399,25,78,78,21543777,4.2,A,99,Cold Outreach,Large (51-200 agents),2026-09-08T14:12:30Z
CREAM-20260908-00325,Patricia Howard,Patricia Howard,Patricia,Howard,phoward@alliebethallman.com,(234) 310-4429,Allie Beth Allman,Allie Beth Allman,Fort Worth,Fort Worth,TX,75863,19,38,38,13219042,3.6,A,88,MLS Database,Large (51-200 agents),2026-09-08T03:27:34Z
CREAM-20260908-00326,Lisa Clark,Lisa Clark,Lisa,Clark,lisa.clark@gmail.com,(805) 418-7485,Allie Beth Allman,Allie Beth Allman,San Antonio,San Antonio,TX,79469,4,19,19,5428606,4.8,A,61,Website Lead,Enterprise (200+ agents),2026-09-08T21:21:39Z
CREAM-20260908-00327,Christine Smith,Christine Smith,Christine,Smith,christines@outlook.com,(212) 781-4979,eXp Realty,eXp Realty,Oakland,Oakland,CA,90668,5,14,14,8690024,3.2,A,74,NAR Directory,Enterprise (200+ agents),2026-09-08T12:24:03Z
CREAM-20260908-00328,Wayne Alexander,Wayne Alexander,Wayne,Alexander,wayne.alexander@exprealty.com,(212) 776-1556,eXp Realty,eXp Realty,Denver,Denver,CO,81833,5,25,25,11455889,3.4,A,60,Website Lead,Enterprise (200+ agents),2026-09-08T07:14:22Z
CREAM-20260908-00329,Dorothy Murphy,Dorothy Murphy,Dorothy,Murphy,dorothy_murphy@icloud.com,(513) 859-6639,Brown Harris Stevens,Brown Harris Stevens,Bronx,Bronx,NY,14352,3,11,11,5786478,3.7,A,69,MLS Database,Mid-size (11-50 agents),2026-09-08T10:30:33Z
CREAM-20260908-00330,Barbara Torres,Barbara Torres,Barbara,Torres,btorres@me.com,(980) 954-3989,eXp Realty,eXp Realty,Charlotte,Charlotte,NC,27931,1,10,10,3020832,4.1,A,65,Facebook,Boutique (2-10 agents),2026-09-08T15:14:44Z
CREAM-20260908-00331,Ryan Morgan,Ryan Morgan,Ryan,Morgan,ryan.morgan@aol.com,(512) 950-6750,Compass,Compass,San Francisco,San Francisco,CA,94824,4,13,13,8350471,3.4,A,88,Brokerage Listings,Large (51-200 agents),2026-09-08T23:55:37Z
CREAM-20260908-00332,Natalie Davis,Natalie Davis,Natalie,Davis,natalie.davis@sothebysinternational.com,(303) 700-5783,Sotheby's International,Sotheby's International,San Francisco,San Francisco,CA,95589,19,46,46,34204385,5.0,A,77,Cold Outreach,Enterprise (200+ agents),2026-09-08T21:11:15Z
CREAM-20260908-00333,Ralph Allen,Ralph Allen,Ralph,Allen,ralpha@re/max.com,(718) 650-5119,RE/MAX,RE/MAX,Mesa,Mesa,AZ,85596,13,60,60,24950541,3.1,A,64,Referral Network,Enterprise (200+ agents),2026-09-08T17:59:43Z
CREAM-20260908-00334,Heather Roberts,Heather Roberts,Heather,Roberts,heatherroberts@gmail.com,(305) 493-4406,Century 21,Century 21,St. Petersburg,St. Petersburg,FL,33809,0,0,0,0,3.8,A,85,Referral Network,Mid-size (11-50 agents),2026-09-08T23:39:45Z
CREAM-20260908-00335,Albert Powell,Albert Powell,Albert,Powell,albertpowell@hotmail.com,(720) 806-2127,Howard Hanna,Howard Hanna,Greensboro,Greensboro,NC,27489,9,35,35,14067399,3.0,A,72,Brokerage Listings,Enterprise (200+ agents),2026-09-08T05:48:35Z
CREAM-20260908-00336,Kimberly Gutierrez,Kimberly Gutierrez,Kimberly,Gutierrez,kimberlyg@exprealty.com,(407) 957-4474,eXp Realty,eXp Realty,Cincinnati,Cincinnati,OH,43479,4,12,12,3373642,3.6,A,66,LinkedIn,Boutique (2-10 agents),2026-09-08T21:09:31Z
CREAM-20260908-00337,Anthony Young,Anthony Young,Anthony,Young,anthonyyoung@icloud.com,(303) 929-5889,Douglas Elliman,Douglas Elliman,Manhattan,Manhattan,NY,11119,24,68,68,38094443,4.5,A,93,Cold Outreach,Mid-size (11-50 agents),2026-09-08T00:10:53Z
CREAM-20260908-00338,Joseph Evans,Joseph Evans,Joseph,Evans,josephe@outlook.com,(916) 437-6735,Compass,Compass,St. Petersburg,St. Petersburg,FL,33693,22,64,64,26249998,3.9,A,100,MLS Database,Independent,2026-09-08T08:40:47Z
CREAM-20260908-00339,Lawrence Richardson,Lawrence Richardson,Lawrence,Richardson,lawrencer@exprealty.com,(718) 475-9299,eXp Realty,eXp Realty,San Jose,San Jose,CA,91405,0,5,5,4624803,3.2,A,79,Website Lead,Independent,2026-09-08T03:42:54Z
CREAM-20260908-00340,Jack Gonzalez,Jack Gonzalez,Jack,Gonzalez,jack.gonzalez@yahoo.com,(212) 417-6126,HER Realtors,HER Realtors,Cleveland,Cleveland,OH,45147,16,61,61,11479331,3.5,A,84,Website Lead,Mid-size (11-50 agents),2026-09-08T00:23:26Z
CREAM-20260908-00341,Pamela Turner,Pamela Turner,Pamela,Turner,pamelat@hotmail.com,(404) 857-4202,Coldwell Banker,Coldwell Banker,Raleigh,Raleigh,NC,28370,5,23,23,8432195,3.0,A,60,Website Lead,Independent,2026-09-08T05:48:43Z
CREAM-20260908-00342,Ruth Walker,Ruth Walker,Ruth,Walker,rwalker@sothebysinternational.com,(916) 780-9658,Sotheby's International,Sotheby's International,Brooklyn,Brooklyn,NY,12786,2,7,7,4949994,3.7,A,81,LinkedIn,Enterprise (200+ agents),2026-09-08T13:53:56Z
CREAM-20260908-00343,Jacob Ramos,Jacob Ramos,Jacob,Ramos,jacob.ramos@outlook.com,(310) 830-6752,Corcoran Group,Corcoran Group,Queens,Queens,NY,12242,3,24,24,14107290,3.4,A,87,Realtor.com,Enterprise (200+ agents),2026-09-08T04:38:16Z
CREAM-20260908-00344,Deborah Nguyen,Deborah Nguyen,Deborah,Nguyen,deborah.nguyen@compass.com,(704) 325-1114,Compass,Compass,Aurora,Aurora,CO,81228,24,44,44,21931900,4.2,A,72,Brokerage Listings,Boutique (2-10 agents),2026-09-08T18:10:47Z
CREAM-20260908-00345,Aaron Rogers,Aaron Rogers,Aaron,Rogers,aaronr@icloud.com,(704) 947-7147,Briggs Freeman Sotheby's,Briggs Freeman Sotheby's,Fort Worth,Fort Worth,TX,78207,2,7,7,2316631,4.9,A,96,Website Lead,Independent,2026-09-08T16:23:20Z
CREAM-20260908-00346,Jack Roberts,Jack Roberts,Jack,Roberts,jack.roberts@gmail.com,(334) 866-1617,Long Realty,Long Realty,Phoenix,Phoenix,AZ,86866,17,41,41,13461257,4.9,A,62,Facebook,Mid-size (11-50 agents),2026-09-08T13:24:09Z
CREAM-20260908-00347,Eric Garcia,Eric Garcia,Eric,Garcia,eric_garcia@yahoo.com,(512) 534-1935,Long Realty,Long Realty,Phoenix,Phoenix,AZ,85566,4,21,21,11081998,3.2,A,83,Website Lead,Enterprise (200+ agents),2026-09-08T06:48:24Z
CREAM-20260908-00348,Jacob Long,Jacob Long,Jacob,Long,jacob_long@aol.com,(713) 452-8316,Century 21,Century 21,Orlando,Orlando,FL,33143,11,39,39,17332503,5.0,A,84,Cold Outreach,Large (51-200 agents),2026-09-08T19:58:29Z
CREAM-20260908-00349,Linda Nguyen,Linda Nguyen,Linda,Nguyen,lnguyen@icloud.com,(972) 358-1544,Corcoran Group,Corcoran Group,Bronx,Bronx,NY,11749,9,34,34,25959175,3.8,A,86,MLS Database,Independent,2026-09-08T15:50:25Z
CREAM-20260908-00350,Albert Brooks,Albert Brooks,Albert,Brooks,abrooks@yahoo.com,(310) 487-5435,Keller Williams,Keller Williams,Columbus,Columbus,OH,45747,2,10,10,3244323,3.2,A,63,Website Lead,Large (51-200 agents),2026-09-08T09:44:14Z
CREAM-20260908-00351,Albert Collins,Albert Collins,Albert,Collins,albertc@outlook.com,(972) 366-2454,Coldwell Banker,Coldwell Banker,Cleveland,Cleveland,OH,43990,15,65,65,16946982,3.3,A,67,MLS Database,Mid-size (11-50 agents),2026-09-08T05:02:10Z
CREAM-20260908-00352,Nancy Price,Nancy Price,Nancy,Price,nancyp@aol.com,(786) 318-6773,RE/MAX,RE/MAX,Orlando,Orlando,FL,33908,23,48,48,21282290,3.8,A,77,Website Lead,Mid-size (11-50 agents),2026-09-08T23:45:39Z
CREAM-20260908-00353,Nancy Gutierrez,Nancy Gutierrez,Nancy,Gutierrez,nancy.gutierrez@icloud.com,(919) 377-3143,HER Realtors,HER Realtors,Cincinnati,Cincinnati,OH,44901,17,64,64,14008062,4.7,A,94,Cold Outreach,Enterprise (200+ agents),2026-09-08T03:48:25Z
CREAM-20260908-00354,Carolyn Castillo,Carolyn Castillo,Carolyn,Castillo,ccastillo@kellerwilliams.com,(404) 878-8456,Keller Williams,Keller Williams,Colorado Springs,Colorado Springs,CO,81689,25,27,27,13747505,4.3,A,73,Brokerage Listings,Boutique (2-10 agents),2026-09-08T02:28:33Z
CREAM-20260908-00355,Lisa Ross,Lisa Ross,Lisa,Ross,lisa_ross@me.com,(602) 591-3585,Allen Tate,Allen Tate,Charlotte,Charlotte,NC,28235,19,42,42,15776130,4.8,A,73,Facebook,Mid-size (11-50 agents),2026-09-08T19:10:08Z
CREAM-20260908-00356,Anna Coleman,Anna Coleman,Anna,Coleman,anna.coleman@halstead.com,(916) 345-6504,Halstead,Halstead,Queens,Queens,NY,10853,25,37,37,21962305,4.4,A,99,Cold Outreach,Independent,2026-09-08T02:49:18Z
CREAM-20260908-00357,Brittany Roberts,Brittany Roberts,Brittany,Roberts,brittany.roberts@berkshirehathaway.com,(513) 910-1848,Berkshire Hathaway,Berkshire Hathaway,Aurora,Aurora,CO,80667,8,30,30,13455308,4.4,A,85,Facebook,Enterprise (200+ agents),2026-09-08T01:02:18Z
CREAM-20260908-00358,Olivia Cook,Olivia Cook,Olivia,Cook,oliviac@exprealty.com,(720) 497-8608,eXp Realty,eXp Realty,Cincinnati,Cincinnati,OH,45114,5,20,20,5463054,4.1,A,73,Referral Network,Enterprise (200+ agents),2026-09-08T22:13:06Z
CREAM-20260908-00359,Arthur Moore,Arthur Moore,Arthur,Moore,arthur.moore@gmail.com,(972) 452-9292,Berkshire Hathaway,Berkshire Hathaway,Scottsdale,Scottsdale,AZ,86113,21,73,73,21861044,4.4,A,97,Referral Network,Independent,2026-09-08T10:29:08Z
CREAM-20260908-00360,Olivia Harris,Olivia Harris,Olivia,Harris,oliviah@kellerwilliams.com,(718) 940-6707,Keller Williams,Keller Williams,Greensboro,Greensboro,NC,27957,9,18,18,7060574,3.9,A,100,Facebook,Mid-size (11-50 agents),2026-09-08T01:57:44Z
CREAM-20260908-00361,Alexander Ortiz,Alexander Ortiz,Alexander,Ortiz,alexandero@hotmail.com,(602) 235-8645,Nest Seekers,Nest Seekers,New York City,New York City,NY,13786,2,6,6,3012679,3.8,A,66,Brokerage Listings,Enterprise (200+ agents),2026-09-08T19:42:37Z
CREAM-20260908-00362,Kenneth Baker,Kenneth Baker,Kenneth,Baker,kennethb@icloud.com,(310) 664-3806,RE/MAX,RE/MAX,Colorado Springs,Colorado Springs,CO,80412,3,18,18,8628115,4.7,A,71,Cold Outreach,Large (51-200 agents),2026-09-08T01:58:35Z
CREAM-20260908-00363,Joseph Cook,Joseph Cook,Joseph,Cook,joseph.cook@gmail.com,(805) 980-4502,HomeSmart,HomeSmart,Tucson,Tucson,AZ,86846,1,3,3,1036367,3.7,A,60,LinkedIn,Mid-size (11-50 agents),2026-09-08T09:51:28Z
CREAM-20260908-00364,Raymond Lee,Raymond Lee,Raymond,Lee,raymondl@yahoo.com,(720) 229-5312,Berkshire Hathaway,Berkshire Hathaway,Aurora,Aurora,CO,81716,11,32,32,17435282,4.7,A,98,Cold Outreach,Enterprise (200+ agents),2026-09-08T22:07:56Z
CREAM-20260908-00365,Nancy Smith,Nancy Smith,Nancy,Smith,nancys@sothebysinternational.com,(415) 939-3244,Sotheby's International,Sotheby's International,Sacramento,Sacramento,CA,93123,6,40,40,35049062,3.6,A,63,Trade Show,Mid-size (11-50 agents),2026-09-08T17:50:00Z
CREAM-20260908-00366,Patrick Ortiz,Patrick Ortiz,Patrick,Ortiz,patricko@me.com,(407) 230-8631,RE/MAX,RE/MAX,Cleveland,Cleveland,OH,44807,3,14,14,4210480,4.4,A,69,Trade Show,Independent,2026-09-08T19:22:05Z
CREAM-20260908-00367,Lawrence Gomez,Lawrence Gomez,Lawrence,Gomez,lawrencegomez@aol.com,(334) 837-3334,Brown Harris Stevens,Brown Harris Stevens,Queens,Queens,NY,11195,3,11,11,8430122,4.4,A,94,Trade Show,Large (51-200 agents),2026-09-08T06:05:57Z
CREAM-20260908-00368,Stephanie Parker,Stephanie Parker,Stephanie,Parker,sparker@compass.com,(513) 709-4301,Compass,Compass,Manhattan,Manhattan,NY,14753,17,56,56,32455521,3.8,A,68,MLS Database,Boutique (2-10 agents),2026-09-08T15:23:44Z
CREAM-20260908-00369,Angela Chavez,Angela Chavez,Angela,Chavez,achavez@icloud.com,(929) 218-9208,Coldwell Banker,Coldwell Banker,Miami,Miami,FL,33698,5,11,11,3286677,4.2,A,77,Facebook,Independent,2026-09-08T21:05:51Z
CREAM-20260908-00370,Anna Martinez,Anna Martinez,Anna,Martinez,anna_martinez@aol.com,(713) 338-5424,Berkshire Hathaway,Berkshire Hathaway,Charlotte,Charlotte,NC,27828,20,79,79,21009929,4.1,A,65,Trade Show,Independent,2026-09-08T22:47:50Z
CREAM-20260908-00371,Grace Ramos,Grace Ramos,Grace,Ramos,grace.ramos@sothebysinternational.com,(972) 650-3974,Sotheby's International,Sotheby's International,San Francisco,San Francisco,CA,94891,12,50,50,40590870,3.5,A,100,MLS Database,Independent,2026-09-08T10:54:56Z
CREAM-20260908-00372,Jack Thomas,Jack Thomas,Jack,Thomas,jack.thomas@outlook.com,(704) 929-4923,Keller Williams,Keller Williams,New York City,New York City,NY,14258,3,25,25,19185650,3.3,A,75,Facebook,Mid-size (11-50 agents),2026-09-08T21:35:27Z
CREAM-20260908-00373,John Carter,John Carter,John,Carter,john.carter@outlook.com,(407) 810-8902,Compass,Compass,Charlotte,Charlotte,NC,27851,4,11,11,3946170,4.8,A,71,Facebook,Independent,2026-09-08T22:25:42Z
CREAM-20260908-00374,Mark Edwards,Mark Edwards,Mark,Edwards,mark_edwards@icloud.com,(718) 654-2446,Berkshire Hathaway,Berkshire Hathaway,Cleveland,Cleveland,OH,43433,19,57,57,11255079,3.8,A,83,Facebook,Mid-size (11-50 agents),2026-09-08T04:55:21Z
CREAM-20260908-00375,Ralph Baker,Ralph Baker,Ralph,Baker,rbaker@compass.com,(972) 754-4260,Compass,Compass,Queens,Queens,NY,10361,10,33,33,23686153,4.4,A,94,NAR Directory,Enterprise (200+ agents),2026-09-08T11:46:13Z
CREAM-20260908-00376,Sarah Sanders,Sarah Sanders,Sarah,Sanders,sarah.sanders@outlook.com,(714) 699-7667,RE/MAX,RE/MAX,El Paso,El Paso,TX,79502,2,11,11,4559299,3.8,A,92,Referral Network,Independent,2026-09-08T17:02:33Z
CREAM-20260908-00377,Danielle Alvarez,Danielle Alvarez,Danielle,Alvarez,dalvarez@me.com,(214) 717-2311,Coldwell Banker,Coldwell Banker,Denver,Denver,CO,81378,25,29,29,12403743,3.0,A,83,Facebook,Large (51-200 agents),2026-09-08T19:27:40Z
CREAM-20260908-00378,Anna Adams,Anna Adams,Anna,Adams,annaa@hotmail.com,(334) 708-9251,eXp Realty,eXp Realty,Fort Worth,Fort Worth,TX,78845,6,35,35,14946961,4.2,A,85,Brokerage Listings,Large (51-200 agents),2026-09-08T12:24:56Z
CREAM-20260908-00379,Ruth Gutierrez,Ruth Gutierrez,Ruth,Gutierrez,rgutierrez@me.com,(916) 457-6112,Compass,Compass,Greensboro,Greensboro,NC,27329,0,3,3,1172801,4.7,A,80,Trade Show,Mid-size (11-50 agents),2026-09-08T16:48:01Z
CREAM-20260908-00380,Wayne Ward,Wayne Ward,Wayne,Ward,wward@hotmail.com,(720) 241-7921,RE/MAX,RE/MAX,Denver,Denver,CO,81806,25,65,65,40884959,4.8,A,62,Website Lead,Independent,2026-09-08T20:31:45Z
CREAM-20260908-00381,Jack Cruz,Jack Cruz,Jack,Cruz,jackc@hotmail.com,(929) 363-6192,Berkshire Hathaway,Berkshire Hathaway,Dallas,Dallas,TX,77426,22,58,58,21188725,4.5,A,86,Realtor.com,Independent,2026-09-08T19:42:03Z
CREAM-20260908-00382,Julia Gutierrez,Julia Gutierrez,Julia,Gutierrez,julia_gutierrez@icloud.com,(646) 547-6182,Long Realty,Long Realty,Scottsdale,Scottsdale,AZ,85140,1,10,10,3150650,3.4,A,91,Realtor.com,Enterprise (200+ agents),2026-09-08T22:37:04Z
CREAM-20260908-00383,Kenneth Sullivan,Kenneth Sullivan,Kenneth,Sullivan,ksullivan@hotmail.com,(214) 556-7272,Nest Seekers,Nest Seekers,Bronx,Bronx,NY,11216,17,64,64,37466391,4.9,A,69,Cold Outreach,Enterprise (200+ agents),2026-09-08T22:31:08Z
CREAM-20260908-00384,Judith Reyes,Judith Reyes,Judith,Reyes,judith_reyes@hotmail.com,(602) 600-7125,RE/MAX,RE/MAX,Phoenix,Phoenix,AZ,86447,4,18,18,7585778,3.9,A,64,MLS Database,Enterprise (200+ agents),2026-09-08T20:07:31Z
CREAM-20260908-00385,Rose Sanchez,Rose Sanchez,Rose,Sanchez,rosesanchez@hotmail.com,(404) 738-7869,eXp Realty,eXp Realty,San Francisco,San Francisco,CA,96459,1,11,11,7636910,4.1,A,100,NAR Directory,Independent,2026-09-08T10:07:32Z
CREAM-20260908-00386,Robert Taylor,Robert Taylor,Robert,Taylor,robert.taylor@russelllyonsothebys.com,(929) 704-1609,Russell Lyon Sotheby's,Russell Lyon Sotheby's,Phoenix,Phoenix,AZ,86238,15,57,57,19456052,4.8,A,100,Facebook,Enterprise (200+ agents),2026-09-08T02:47:24Z
CREAM-20260908-00387,David Kelly,David Kelly,David,Kelly,david_kelly@aol.com,(212) 878-1804,Century 21,Century 21,St. Petersburg,St. Petersburg,FL,32556,9,36,36,13240193,4.1,A,85,Realtor.com,Boutique (2-10 agents),2026-09-08T17:37:40Z
CREAM-20260908-00388,Ronald Chavez,Ronald Chavez,Ronald,Chavez,rchavez@allentate.com,(214) 297-5948,Allen Tate,Allen Tate,Raleigh,Raleigh,NC,28262,1,10,10,3534046,3.4,A,67,Trade Show,Large (51-200 agents),2026-09-08T14:17:07Z
CREAM-20260908-00389,Alan Collins,Alan Collins,Alan,Collins,acollins@outlook.com,(713) 475-8572,eXp Realty,eXp Realty,Greensboro,Greensboro,NC,27983,5,15,15,6451465,4.1,A,85,LinkedIn,Enterprise (200+ agents),2026-09-08T14:28:50Z
CREAM-20260908-00390,Jacob Carter,Jacob Carter,Jacob,Carter,jacobc@livsothebys.com,(929) 539-2991,LIV Sotheby's,LIV Sotheby's,Aurora,Aurora,CO,81940,5,11,11,7480162,3.7,A,100,Facebook,Independent,2026-09-08T14:08:40Z
CREAM-20260908-00391,Juan Allen,Juan Allen,Juan,Allen,jallen@me.com,(256) 379-1827,eXp Realty,eXp Realty,Fort Lauderdale,Fort Lauderdale,FL,33178,23,36,36,16493846,4.9,A,86,Website Lead,Large (51-200 agents),2026-09-08T21:16:35Z
CREAM-20260908-00392,Katherine Jimenez,Katherine Jimenez,Katherine,Jimenez,katherinej@icloud.com,(214) 920-3924,Russell Lyon Sotheby's,Russell Lyon Sotheby's,Phoenix,Phoenix,AZ,85934,21,67,67,31709648,4.3,A,84,Trade Show,Enterprise (200+ agents),2026-09-08T19:05:09Z
CREAM-20260908-00393,Patricia Kelly,Patricia Kelly,Patricia,Kelly,patriciakelly@icloud.com,(334) 294-6642,Douglas Elliman,Douglas Elliman,Houston,Houston,TX,78976,0,4,4,1056675,4.9,A,77,NAR Directory,Mid-size (11-50 agents),2026-09-08T23:38:04Z
CREAM-20260908-00394,Emma Ramirez,Emma Ramirez,Emma,Ramirez,emmar@aol.com,(713) 660-9577,HER Realtors,HER Realtors,Cleveland,Cleveland,OH,45729,17,55,55,16561650,3.8,A,92,Facebook,Boutique (2-10 agents),2026-09-08T18:42:53Z
CREAM-20260908-00395,Karen Ruiz,Karen Ruiz,Karen,Ruiz,kruiz@gmail.com,(310) 348-5556,Allen Tate,Allen Tate,Raleigh,Raleigh,NC,27521,20,67,67,24499416,3.0,A,74,Website Lead,Mid-size (11-50 agents),2026-09-08T05:53:39Z
CREAM-20260908-00396,Megan Jackson,Megan Jackson,Megan,Jackson,meganj@outlook.com,(919) 985-9174,eXp Realty,eXp Realty,Scottsdale,Scottsdale,AZ,86756,4,21,21,9293990,4.3,A,82,Realtor.com,Boutique (2-10 agents),2026-09-08T05:28:07Z
CREAM-20260908-00397,Scott Hughes,Scott Hughes,Scott,Hughes,scott.hughes@hotmail.com,(805) 829-8440,Cutler Real Estate,Cutler Real Estate,Cleveland,Cleveland,OH,44848,2,9,9,1644066,3.3,A,100,Brokerage Listings,Enterprise (200+ agents),2026-09-08T17:54:13Z
CREAM-20260908-00398,Barbara Robinson,Barbara Robinson,Barbara,Robinson,brobinson@yahoo.com,(718) 552-6105,Russell Lyon Sotheby's,Russell Lyon Sotheby's,Phoenix,Phoenix,AZ,85832,5,18,18,6749931,4.0,A,68,Brokerage Listings,Enterprise (200+ agents),2026-09-08T11:30:22Z
CREAM-20260908-00399,Justin Ortiz,Justin Ortiz,Justin,Ortiz,justino@yahoo.com,(980) 909-1263,Pacific Sotheby's,Pacific Sotheby's,San Jose,San Jose,CA,94932,13,78,78,73049907,4.3,A,73,LinkedIn,Boutique (2-10 agents),2026-09-08T09:07:33Z
CREAM-20260908-00400,William Carter,William Carter,William,Carter,william.carter@me.com,(718) 306-9543,Douglas Elliman,Douglas Elliman,Bronx,Bronx,NY,11621,17,53,53,43593419,3.3,A,79,NAR Directory,Boutique (2-10 agents),2026-09-08T15:49:53Z
CREAM-20260908-00401,Susan Jimenez,Susan Jimenez,Susan,Jimenez,susan.jimenez@gmail.com,(305) 775-9160,Keller Williams,Keller Williams,Akron,Akron,OH,43961,3,18,18,4976554,3.9,B,92,NAR Directory,Independent,2026-09-08T01:19:06Z
CREAM-20260908-00402,Olivia Torres,Olivia Torres,Olivia,Torres,olivia.torres@yahoo.com,(212) 571-1334,Cutler Real Estate,Cutler Real Estate,Akron,Akron,OH,43200,20,65,65,13847843,4.1,B,95,LinkedIn,Independent,2026-09-08T18:42:24Z
CREAM-20260908-00403,Brittany Wright,Brittany Wright,Brittany,Wright,brittany.wright@halstead.com,(212) 303-5202,Halstead,Halstead,Rochester,Rochester,NY,14815,15,73,73,56034438,4.5,B,74,NAR Directory,Enterprise (200+ agents),2026-09-08T02:06:38Z
CREAM-20260908-00404,Robert Wood,Robert Wood,Robert,Wood,rwood@briggsfreemansothebys.com,(916) 916-1475,Briggs Freeman Sotheby's,Briggs Freeman Sotheby's,Lubbock,Lubbock,TX,78261,0,4,4,1444415,4.9,B,72,Realtor.com,Large (51-200 agents),2026-09-08T06:13:53Z
CREAM-20260908-00405,Helen Ross,Helen Ross,Helen,Ross,helenr@compass.com,(720) 993-4672,Compass,Compass,Riverside,Riverside,CA,90832,18,80,80,60325343,4.9,B,83,Cold Outreach,Mid-size (11-50 agents),2026-09-08T04:20:40Z
CREAM-20260908-00406,Eric Clark,Eric Clark,Eric,Clark,ericclark@icloud.com,(334) 569-5760,Berkshire Hathaway,Berkshire Hathaway,Corpus Christi,Corpus Christi,TX,79165,23,80,80,35743381,3.5,B,91,Referral Network,Enterprise (200+ agents),2026-09-08T06:06:29Z
CREAM-20260908-00407,Albert Thompson,Albert Thompson,Albert,Thompson,albert_thompson@yahoo.com,(713) 202-2485,Long Realty,Long Realty,Glendale,Glendale,AZ,85598,10,57,57,18870941,3.1,B,70,Realtor.com,Independent,2026-09-08T14:51:25Z
CREAM-20260908-00408,Michelle Morris,Michelle Morris,Michelle,Morris,michellem@berkshirehathaway.com,(214) 802-1992,Berkshire Hathaway,Berkshire Hathaway,Corpus Christi,Corpus Christi,TX,79569,2,7,7,2528008,4.8,B,83,Trade Show,Mid-size (11-50 agents),2026-09-08T10:02:13Z
CREAM-20260908-00409,Emily Powell,Emily Powell,Emily,Powell,emily_powell@icloud.com,(214) 395-7259,RE/MAX,RE/MAX,Chandler,Chandler,AZ,85133,21,80,80,29925974,4.7,B,61,MLS Database,Mid-size (11-50 agents),2026-09-08T08:45:38Z
CREAM-20260908-00410,Danielle Jenkins,Danielle Jenkins,Danielle,Jenkins,danielle_jenkins@icloud.com,(602) 264-6440,Berkshire Hathaway,Berkshire Hathaway,Durham,Durham,NC,28104,7,34,34,14439807,5.0,B,86,MLS Database,Enterprise (200+ agents),2026-09-08T03:13:39Z
CREAM-20260908-00411,Andrew Peterson,Andrew Peterson,Andrew,Peterson,andrewp@icloud.com,(718) 926-8294,Compass,Compass,Cape Coral,Cape Coral,FL,34673,22,73,73,28428822,4.2,B,68,MLS Database,Independent,2026-09-08T15:36:30Z
CREAM-20260908-00412,Jerry Carter,Jerry Carter,Jerry,Carter,jerryc@aol.com,(310) 997-1304,Century 21,Century 21,Tallahassee,Tallahassee,FL,32900,20,63,63,21106568,3.7,B,83,Website Lead,Independent,2026-09-08T14:47:58Z
CREAM-20260908-00413,Gloria Martin,Gloria Martin,Gloria,Martin,gloriamartin@hotmail.com,(713) 221-1564,RE/MAX,RE/MAX,Anaheim,Anaheim,CA,94634,13,80,80,74132473,4.5,B,74,LinkedIn,Mid-size (11-50 agents),2026-09-08T10:20:16Z
CREAM-20260908-00414,Nancy Stewart,Nancy Stewart,Nancy,Stewart,nancys@hotmail.com,(512) 645-5704,Keller Williams Realty,Keller Williams Realty,Cape Coral,Cape Coral,FL,32787,3,24,24,10188209,4.2,B,79,Referral Network,Independent,2026-09-08T12:23:12Z
CREAM-20260908-00415,Carl Russell,Carl Russell,Carl,Russell,carlr@compass.com,(513) 710-4501,Compass,Compass,Winston-Salem,Winston-Salem,NC,28385,0,1,1,387938,3.4,B,88,Trade Show,Independent,2026-09-08T06:36:21Z
CREAM-20260908-00416,Brandon Cook,Brandon Cook,Brandon,Cook,brandon.cook@briggsfreemansothebys.com,(214) 313-5966,Briggs Freeman Sotheby's,Briggs Freeman Sotheby's,Lubbock,Lubbock,TX,76568,1,7,7,1937274,3.4,B,81,Trade Show,Enterprise (200+ agents),2026-09-08T11:15:30Z
CREAM-20260908-00417,Gregory Carter,Gregory Carter,Gregory,Carter,gregory.carter@aol.com,(256) 546-7080,Douglas Elliman,Douglas Elliman,Syracuse,Syracuse,NY,14283,4,17,17,10406598,3.2,B,85,NAR Directory,Large (51-200 agents),2026-09-08T10:19:11Z
CREAM-20260908-00418,Philip Peterson,Philip Peterson,Philip,Peterson,philipp@yahoo.com,(334) 335-4811,Berkshire Hathaway,Berkshire Hathaway,Hollywood,Hollywood,FL,33874,19,66,66,31251308,4.3,B,69,Website Lead,Enterprise (200+ agents),2026-09-08T09:44:49Z
CREAM-20260908-00419,Christine Hall,Christine Hall,Christine,Hall,christine_hall@outlook.com,(305) 717-4218,Douglas Elliman,Douglas Elliman,Tallahassee,Tallahassee,FL,33226,24,49,49,25143674,3.3,B,69,Realtor.com,Enterprise (200+ agents),2026-09-08T14:26:26Z
CREAM-20260908-00420,Elizabeth Baker,Elizabeth Baker,Elizabeth,Baker,ebaker@gmail.com,(980) 242-1417,Douglas Elliman,Douglas Elliman,New Rochelle,New Rochelle,NY,11909,21,40,40,22998860,4.3,B,98,LinkedIn,Enterprise (200+ agents),2026-09-08T09:55:17Z
CREAM-20260908-00421,Daniel King,Daniel King,Daniel,King,dking@outlook.com,(929) 858-1110,Douglas Elliman,Douglas Elliman,Cape Coral,Cape Coral,FL,33816,3,10,10,3325037,3.5,B,80,Website Lead,Enterprise (200+ agents),2026-09-08T21:11:11Z
CREAM-20260908-00422,Albert Jimenez,Albert Jimenez,Albert,Jimenez,ajimenez@hotmail.com,(805) 762-5394,RE/MAX,RE/MAX,Hollywood,Hollywood,FL,33754,1,3,3,1320745,4.0,B,75,Trade Show,Independent,2026-09-08T01:48:11Z
CREAM-20260908-00423,Angela Wright,Angela Wright,Angela,Wright,awright@aol.com,(916) 955-7103,Coldwell Banker,Coldwell Banker,Glendale,Glendale,AZ,85151,3,17,17,6417194,3.7,B,98,MLS Database,Enterprise (200+ agents),2026-09-08T18:58:03Z
CREAM-20260908-00424,Brenda Robinson,Brenda Robinson,Brenda,Robinson,brenda.robinson@re/max.com,(786) 924-5126,RE/MAX,RE/MAX,Dayton,Dayton,OH,44638,23,50,50,15627116,3.5,B,88,Website Lead,Independent,2026-09-08T16:06:02Z
CREAM-20260908-00425,Catherine Roberts,Catherine Roberts,Catherine,Roberts,catherine_roberts@me.com,(602) 364-5311,Keller Williams,Keller Williams,New Rochelle,New Rochelle,NY,13257,5,12,12,6881844,4.8,B,100,Cold Outreach,Independent,2026-09-08T17:34:43Z
CREAM-20260908-00426,Karen Alexander,Karen Alexander,Karen,Alexander,karen_alexander@me.com,(256) 601-3076,Compass,Compass,Syracuse,Syracuse,NY,12777,4,9,9,4894699,3.2,B,92,Website Lead,Boutique (2-10 agents),2026-09-08T19:03:43Z
CREAM-20260908-00427,Lawrence Morris,Lawrence Morris,Lawrence,Morris,lawrencem@coldwellbanker.com,(212) 584-7696,Coldwell Banker,Coldwell Banker,Parma,Parma,OH,45440,21,44,44,12731414,4.5,B,79,Referral Network,Independent,2026-09-08T13:36:22Z
CREAM-20260908-00428,Rose Murphy,Rose Murphy,Rose,Murphy,rosem@me.com,(805) 681-9487,Coldwell Banker,Coldwell Banker,Hollywood,Hollywood,FL,32275,8,30,30,11684325,4.9,B,73,NAR Directory,Boutique (2-10 agents),2026-09-08T00:31:30Z
CREAM-20260908-00429,Peter Morris,Peter Morris,Peter,Morris,peter.morris@hotmail.com,(919) 464-6653,Coldwell Banker,Coldwell Banker,Arvada,Arvada,CO,80207,25,49,49,27044003,3.7,B,90,Website Lead,Mid-size (11-50 agents),2026-09-08T10:43:48Z
CREAM-20260908-00430,Nicholas Wilson,Nicholas Wilson,Nicholas,Wilson,nicholas_wilson@aol.com,(407) 346-5984,RE/MAX,RE/MAX,Glendale,Glendale,AZ,85510,0,0,0,0,4.1,B,69,Website Lead,Mid-size (11-50 agents),2026-09-08T00:07:15Z
CREAM-20260908-00431,John Nelson,John Nelson,John,Nelson,johnn@outlook.com,(234) 831-1033,Coldwell Banker,Coldwell Banker,Fayetteville,Fayetteville,NC,27758,1,11,11,3479967,4.9,B,79,Trade Show,Mid-size (11-50 agents),2026-09-08T19:49:44Z
CREAM-20260908-00432,Steven Brown,Steven Brown,Steven,Brown,stevenb@me.com,(980) 337-6300,eXp Realty,eXp Realty,Cape Coral,Cape Coral,FL,33393,19,69,69,28232585,3.9,B,84,Facebook,Enterprise (200+ agents),2026-09-08T07:11:32Z
CREAM-20260908-00433,Ashley Mitchell,Ashley Mitchell,Ashley,Mitchell,ashleym@halstead.com,(256) 721-9794,Halstead,Halstead,Albany,Albany,NY,11455,0,5,5,3958343,3.5,B,64,Brokerage Listings,Large (51-200 agents),2026-09-08T13:03:42Z
CREAM-20260908-00434,Lisa Smith,Lisa Smith,Lisa,Smith,lsmith@berkshirehathaway.com,(980) 516-2954,Berkshire Hathaway,Berkshire Hathaway,Akron,Akron,OH,45717,9,34,34,8930059,4.6,B,91,Website Lead,Boutique (2-10 agents),2026-09-08T19:32:53Z
CREAM-20260908-00435,Kenneth Thomas,Kenneth Thomas,Kenneth,Thomas,kenneththomas@outlook.com,(919) 777-2870,Keller Williams Realty,Keller Williams Realty,Cape Coral,Cape Coral,FL,33175,5,22,22,9120610,4.3,B,85,Cold Outreach,Boutique (2-10 agents),2026-09-08T19:12:23Z
CREAM-20260908-00436,Lawrence Wilson,Lawrence Wilson,Lawrence,Wilson,lwilson@me.com,(614) 265-6645,Keller Williams Realty,Keller Williams Realty,Tallahassee,Tallahassee,FL,34251,2,12,12,6476033,3.5,B,75,Realtor.com,Boutique (2-10 agents),2026-09-08T22:16:37Z
CREAM-20260908-00437,Carolyn Cook,Carolyn Cook,Carolyn,Cook,carolyncook@outlook.com,(714) 416-4807,eXp Realty,eXp Realty,Thornton,Thornton,CO,81373,1,9,9,4479265,4.4,B,81,Realtor.com,Large (51-200 agents),2026-09-08T01:59:09Z
CREAM-20260908-00438,Theresa Jenkins,Theresa Jenkins,Theresa,Jenkins,theresa.jenkins@yahoo.com,(786) 354-7288,Coldwell Banker,Coldwell Banker,Tempe,Tempe,AZ,85103,13,33,33,13656847,3.2,B,92,Trade Show,Boutique (2-10 agents),2026-09-08T11:15:35Z
CREAM-20260908-00439,Brandon Morgan,Brandon Morgan,Brandon,Morgan,bmorgan@outlook.com,(334) 210-5098,Keller Williams,Keller Williams,Durham,Durham,NC,28554,21,77,77,27571589,4.2,B,95,MLS Database,Mid-size (11-50 agents),2026-09-08T20:35:30Z
CREAM-20260908-00440,Pamela Garcia,Pamela Garcia,Pamela,Garcia,pgarcia@outlook.com,(469) 917-2124,Douglas Elliman,Douglas Elliman,Garland,Garland,TX,78114,6,26,26,7569537,4.1,B,99,Brokerage Listings,Large (51-200 agents),2026-09-08T06:30:30Z
CREAM-20260908-00441,Heather Gray,Heather Gray,Heather,Gray,heathergray@me.com,(980) 694-6188,Corcoran Group,Corcoran Group,Albany,Albany,NY,11756,16,59,59,39002049,3.7,B,89,LinkedIn,Large (51-200 agents),2026-09-08T12:37:26Z
CREAM-20260908-00442,Lauren Campbell,Lauren Campbell,Lauren,Campbell,lauren.campbell@kellerwilliams.com,(512) 376-9345,Keller Williams,Keller Williams,Tempe,Tempe,AZ,86296,15,53,53,17605996,4.9,B,70,LinkedIn,Mid-size (11-50 agents),2026-09-08T18:59:59Z
CREAM-20260908-00443,Anthony Long,Anthony Long,Anthony,Long,along@coldwellbanker.com,(972) 894-2521,Coldwell Banker,Coldwell Banker,Corpus Christi,Corpus Christi,TX,76101,1,10,10,3873123,4.3,B,67,Cold Outreach,Mid-size (11-50 agents),2026-09-08T15:30:51Z
CREAM-20260908-00444,Charles Wood,Charles Wood,Charles,Wood,cwood@herrealtors.com,(614) 861-4516,HER Realtors,HER Realtors,Toledo,Toledo,OH,44522,13,68,68,17997327,4.8,B,95,Website Lead,Enterprise (200+ agents),2026-09-08T21:44:37Z
CREAM-20260908-00445,Steven Scott,Steven Scott,Steven,Scott,sscott@hotmail.com,(704) 747-7571,Compass,Compass,Fayetteville,Fayetteville,NC,27436,0,0,0,0,3.2,B,76,NAR Directory,Mid-size (11-50 agents),2026-09-08T21:10:49Z
CREAM-20260908-00446,James Watson,James Watson,James,Watson,jamesw@gmail.com,(305) 732-7846,Coldwell Banker,Coldwell Banker,Amarillo,Amarillo,TX,76854,0,0,0,0,4.4,B,100,Trade Show,Independent,2026-09-08T20:38:32Z
CREAM-20260908-00447,Megan Ross,Megan Ross,Megan,Ross,meganross@outlook.com,(334) 763-6346,Compass,Compass,Riverside,Riverside,CA,96147,21,37,37,29690772,3.4,B,98,Cold Outreach,Enterprise (200+ agents),2026-09-08T02:16:53Z
CREAM-20260908-00448,Amy King,Amy King,Amy,King,aking@berkshirehathaway.com,(646) 987-9194,Berkshire Hathaway,Berkshire Hathaway,Thornton,Thornton,CO,80736,16,32,32,17171761,4.8,B,93,Realtor.com,Boutique (2-10 agents),2026-09-08T15:57:17Z
CREAM-20260908-00449,Keith Diaz,Keith Diaz,Keith,Diaz,keithdiaz@me.com,(916) 977-7926,Nest Seekers,Nest Seekers,Syracuse,Syracuse,NY,11794,25,43,43,35039599,4.3,B,97,Trade Show,Mid-size (11-50 agents),2026-09-08T13:44:33Z
CREAM-20260908-00450,Andrew Taylor,Andrew Taylor,Andrew,Taylor,andrew.taylor@re/max.com,(415) 817-9617,RE/MAX,RE/MAX,Akron,Akron,OH,44768,15,45,45,13511627,3.3,B,74,MLS Database,Independent,2026-09-08T21:01:09Z
CREAM-20260908-00451,Betty Clark,Betty Clark,Betty,Clark,betty.clark@icloud.com,(234) 910-9857,Coldwell Banker,Coldwell Banker,Amarillo,Amarillo,TX,79258,0,0,0,0,4.8,B,86,Referral Network,Mid-size (11-50 agents),2026-09-08T19:20:09Z
CREAM-20260908-00452,Jacqueline Miller,Jacqueline Miller,Jacqueline,Miller,jacquelinemiller@outlook.com,(513) 403-3680,Keller Williams,Keller Williams,Thornton,Thornton,CO,80866,24,63,63,25574198,4.1,B,76,Referral Network,Independent,2026-09-08T18:14:16Z
CREAM-20260908-00453,Walter Torres,Walter Torres,Walter,Torres,walter.torres@berkshirehathaway.com,(256) 688-7796,Berkshire Hathaway,Berkshire Hathaway,Port St. Lucie,Port St. Lucie,FL,34926,25,46,46,16857017,4.3,B,75,Website Lead,Independent,2026-09-08T08:40:15Z
CREAM-20260908-00454,Bruce Collins,Bruce Collins,Bruce,Collins,bruce.collins@gmail.com,(704) 667-6645,eXp Realty,eXp Realty,Fresno,Fresno,CA,93686,3,19,19,11752507,3.3,B,64,Cold Outreach,Mid-size (11-50 agents),2026-09-08T08:07:17Z
CREAM-20260908-00455,Judith Ramos,Judith Ramos,Judith,Ramos,judith.ramos@me.com,(980) 499-1986,eXp Realty,eXp Realty,Dayton,Dayton,OH,45335,2,6,6,1219064,4.9,B,80,Trade Show,Mid-size (11-50 agents),2026-09-08T02:05:29Z
CREAM-20260908-00456,Carl Campbell,Carl Campbell,Carl,Campbell,carl_campbell@hotmail.com,(980) 714-1877,RE/MAX,RE/MAX,Dayton,Dayton,OH,44165,4,9,9,2173899,4.6,B,74,NAR Directory,Enterprise (200+ agents),2026-09-08T02:13:04Z
CREAM-20260908-00457,Joshua Brooks,Joshua Brooks,Joshua,Brooks,jbrooks@coldwellbanker.com,(334) 290-8510,Coldwell Banker,Coldwell Banker,Tallahassee,Tallahassee,FL,32313,0,5,5,2714169,4.5,B,60,Cold Outreach,Mid-size (11-50 agents),2026-09-08T15:25:45Z
CREAM-20260908-00458,Sharon Sanders,Sharon Sanders,Sharon,Sanders,sharons@hotmail.com,(718) 628-8544,Howard Hanna,Howard Hanna,Fayetteville,Fayetteville,NC,28147,3,12,12,3361705,3.3,B,100,Cold Outreach,Mid-size (11-50 agents),2026-09-08T12:59:40Z
CREAM-20260908-00459,Stephen Wilson,Stephen Wilson,Stephen,Wilson,stephenw@me.com,(919) 277-7648,eXp Realty,eXp Realty,Riverside,Riverside,CA,94792,4,20,20,20837130,3.6,B,98,Trade Show,Enterprise (200+ agents),2026-09-08T18:32:29Z
CREAM-20260908-00460,Frank Clark,Frank Clark,Frank,Clark,frankc@alliebethallman.com,(614) 603-2591,Allie Beth Allman,Allie Beth Allman,Irving,Irving,TX,77456,1,5,5,1556259,4.5,B,66,Facebook,Large (51-200 agents),2026-09-08T05:27:25Z
CREAM-20260908-00461,Lauren Wright,Lauren Wright,Lauren,Wright,laurenw@kellerwilliams.com,(214) 392-7661,Keller Williams,Keller Williams,Dayton,Dayton,OH,44127,15,27,27,8175646,4.0,B,92,Trade Show,Mid-size (11-50 agents),2026-09-08T21:28:53Z
CREAM-20260908-00462,Christine Thomas,Christine Thomas,Christine,Thomas,christine.thomas@aol.com,(929) 255-4773,RE/MAX,RE/MAX,Hialeah,Hialeah,FL,33461,13,38,38,19046255,3.4,B,91,NAR Directory,Enterprise (200+ agents),2026-09-08T16:54:32Z
CREAM-20260908-00463,Kevin Kelly,Kevin Kelly,Kevin,Kelly,kkelly@me.com,(916) 459-6393,Corcoran Group,Corcoran Group,Yonkers,Yonkers,NY,14436,10,53,53,26472799,4.4,B,90,Brokerage Listings,Boutique (2-10 agents),2026-09-08T23:36:17Z
CREAM-20260908-00464,Ronald Fisher,Ronald Fisher,Ronald,Fisher,rfisher@gmail.com,(212) 228-8240,Corcoran Group,Corcoran Group,Albany,Albany,NY,13125,1,3,3,1683863,3.1,B,64,Website Lead,Independent,2026-09-08T19:19:58Z
CREAM-20260908-00465,Jonathan Miller,Jonathan Miller,Jonathan,Miller,jmiller@hotmail.com,(415) 326-2534,Keller Williams,Keller Williams,Cary,Cary,NC,27727,17,54,54,18791181,4.6,B,79,MLS Database,Enterprise (200+ agents),2026-09-08T06:20:55Z
CREAM-20260908-00466,Janet Hughes,Janet Hughes,Janet,Hughes,janethughes@aol.com,(415) 293-2392,HER Realtors,HER Realtors,Dayton,Dayton,OH,43721,14,80,80,21982406,3.9,B,97,NAR Directory,Mid-size (11-50 agents),2026-09-08T06:02:54Z
CREAM-20260908-00467,Timothy Bennett,Timothy Bennett,Timothy,Bennett,timothybennett@aol.com,(714) 554-8753,eXp Realty,eXp Realty,Toledo,Toledo,OH,45530,0,2,2,491824,3.1,B,78,Trade Show,Mid-size (11-50 agents),2026-09-08T20:06:30Z
CREAM-20260908-00468,Grace Sullivan,Grace Sullivan,Grace,Sullivan,gsullivan@me.com,(980) 627-3409,RE/MAX,RE/MAX,Fayetteville,Fayetteville,NC,28600,1,6,6,1966730,4.9,B,78,Trade Show,Enterprise (200+ agents),2026-09-08T14:08:58Z
CREAM-20260908-00469,Lisa Foster,Lisa Foster,Lisa,Foster,lisaf@icloud.com,(720) 967-1332,Coldwell Banker,Coldwell Banker,Cary,Cary,NC,28894,21,35,35,14247674,3.5,B,64,LinkedIn,Enterprise (200+ agents),2026-09-08T14:27:33Z
CREAM-20260908-00470,Aaron Patel,Aaron Patel,Aaron,Patel,aaron.patel@yahoo.com,(646) 793-7203,Keller Williams Realty,Keller Williams Realty,Hollywood,Hollywood,FL,32711,2,11,11,5691963,3.4,B,61,Facebook,Mid-size (11-50 agents),2026-09-08T07:52:31Z
CREAM-20260908-00471,Keith Reed,Keith Reed,Keith,Reed,keithr@me.com,(972) 464-4905,eXp Realty,eXp Realty,Amarillo,Amarillo,TX,77226,0,3,3,780163,3.7,B,87,MLS Database,Large (51-200 agents),2026-09-08T17:32:13Z
CREAM-20260908-00472,Megan Kim,Megan Kim,Megan,Kim,mkim@century21.com,(513) 345-3968,Century 21,Century 21,Tallahassee,Tallahassee,FL,32694,0,2,2,851975,4.4,B,88,LinkedIn,Large (51-200 agents),2026-09-08T06:11:04Z
CREAM-20260908-00473,Julia Bailey,Julia Bailey,Julia,Bailey,jbailey@aol.com,(303) 241-1158,Compass,Compass,Bakersfield,Bakersfield,CA,92661,3,17,17,15386550,4.0,B,73,MLS Database,Boutique (2-10 agents),2026-09-08T23:06:10Z
CREAM-20260908-00474,Theresa Ramos,Theresa Ramos,Theresa,Ramos,tramos@gmail.com,(214) 248-1024,Howard Hanna,Howard Hanna,Cary,Cary,NC,28931,3,9,9,3568408,4.0,B,78,MLS Database,Large (51-200 agents),2026-09-08T19:29:43Z
CREAM-20260908-00475,Arthur Edwards,Arthur Edwards,Arthur,Edwards,arthure@outlook.com,(212) 949-3768,Keller Williams,Keller Williams,New Rochelle,New Rochelle,NY,10926,16,80,80,43503693,4.3,B,91,Realtor.com,Independent,2026-09-08T02:08:46Z
CREAM-20260908-00476,Mark Allen,Mark Allen,Mark,Allen,markallen@icloud.com,(713) 877-6370,Berkshire Hathaway,Berkshire Hathaway,Amarillo,Amarillo,TX,76464,11,40,40,10075419,3.5,B,90,Facebook,Enterprise (200+ agents),2026-09-08T22:38:40Z
CREAM-20260908-00477,Stephen Castillo,Stephen Castillo,Stephen,Castillo,stephen.castillo@icloud.com,(513) 362-5143,eXp Realty,eXp Realty,Irving,Irving,TX,75980,16,49,49,18879386,3.7,B,68,Facebook,Mid-size (11-50 agents),2026-09-08T06:23:36Z
CREAM-20260908-00478,Megan Bailey,Megan Bailey,Megan,Bailey,megan_bailey@hotmail.com,(805) 422-1056,Douglas Elliman,Douglas Elliman,Cape Coral,Cape Coral,FL,32943,5,8,8,3428523,4.4,B,60,Trade Show,Enterprise (200+ agents),2026-09-08T10:27:19Z
CREAM-20260908-00479,James Cooper,James Cooper,James,Cooper,jcooper@outlook.com,(713) 413-9846,Berkshire Hathaway,Berkshire Hathaway,Parma,Parma,OH,44102,13,27,27,4821621,3.2,B,62,Facebook,Large (51-200 agents),2026-09-08T03:05:40Z
CREAM-20260908-00480,Megan Gutierrez,Megan Gutierrez,Megan,Gutierrez,mgutierrez@exprealty.com,(718) 611-6389,eXp Realty,eXp Realty,Fort Collins,Fort Collins,CO,80800,15,65,65,41734960,3.5,B,92,Realtor.com,Boutique (2-10 agents),2026-09-08T14:16:58Z
CREAM-20260908-00481,Louis Jackson,Louis Jackson,Louis,Jackson,louis_jackson@yahoo.com,(305) 735-9302,8z Real Estate,8z Real Estate,Lakewood,Lakewood,CO,81350,5,15,15,7524145,3.2,B,60,Referral Network,Mid-size (11-50 agents),2026-09-08T13:10:54Z
CREAM-20260908-00482,Arthur Edwards,Arthur Edwards,Arthur,Edwards,arthuredwards@yahoo.com,(234) 388-4897,HER Realtors,HER Realtors,Akron,Akron,OH,44241,5,22,22,5785260,3.9,B,90,NAR Directory,Large (51-200 agents),2026-09-08T09:56:04Z
CREAM-20260908-00483,Emma Rodriguez,Emma Rodriguez,Emma,Rodriguez,emma.rodriguez@berkshirehathaway.com,(805) 451-7287,Berkshire Hathaway,Berkshire Hathaway,Toledo,Toledo,OH,43622,25,49,49,14494096,3.9,B,60,Cold Outreach,Mid-size (11-50 agents),2026-09-08T08:23:27Z
CREAM-20260908-00484,Jessica Reed,Jessica Reed,Jessica,Reed,jreed@me.com,(334) 419-6839,Corcoran Group,Corcoran Group,Buffalo,Buffalo,NY,12495,18,66,66,50977245,3.2,B,80,Realtor.com,Large (51-200 agents),2026-09-08T16:39:46Z
CREAM-20260908-00485,Helen Flores,Helen Flores,Helen,Flores,helenflores@me.com,(404) 380-6896,Coldwell Banker,Coldwell Banker,Toledo,Toledo,OH,43536,3,25,25,7307749,3.8,B,61,Realtor.com,Boutique (2-10 agents),2026-09-08T20:12:13Z
CREAM-20260908-00486,Emily Adams,Emily Adams,Emily,Adams,emily_adams@icloud.com,(714) 335-8969,RE/MAX,RE/MAX,Gilbert,Gilbert,AZ,86115,1,6,6,2801912,4.5,B,87,Website Lead,Enterprise (200+ agents),2026-09-08T07:09:49Z
CREAM-20260908-00487,Wayne Kim,Wayne Kim,Wayne,Kim,wayne_kim@aol.com,(214) 545-9229,RE/MAX,RE/MAX,Lakewood,Lakewood,CO,80720,8,23,23,13454501,4.0,B,61,NAR Directory,Mid-size (11-50 agents),2026-09-08T18:15:34Z
CREAM-20260908-00488,Gloria Bennett,Gloria Bennett,Gloria,Bennett,gloria.bennett@compass.com,(614) 692-6863,Compass,Compass,Winston-Salem,Winston-Salem,NC,28911,1,8,8,2905342,4.0,B,85,Website Lead,Independent,2026-09-08T11:25:26Z
CREAM-20260908-00489,Richard Peterson,Richard Peterson,Richard,Peterson,rpeterson@hotmail.com,(614) 570-3538,eXp Realty,eXp Realty,Anaheim,Anaheim,CA,93746,1,3,3,1794589,3.8,B,85,Cold Outreach,Independent,2026-09-08T14:02:01Z
CREAM-20260908-00490,Paul Alvarez,Paul Alvarez,Paul,Alvarez,palvarez@aol.com,(718) 997-1955,Cutler Real Estate,Cutler Real Estate,Akron,Akron,OH,45548,0,5,5,1591609,3.6,B,94,Brokerage Listings,Large (51-200 agents),2026-09-08T03:03:52Z
CREAM-20260908-00491,Jacqueline Davis,Jacqueline Davis,Jacqueline,Davis,jacqueline.davis@me.com,(415) 554-4251,Berkshire Hathaway HomeServices,Berkshire Hathaway HomeServices,Bakersfield,Bakersfield,CA,92579,22,44,44,32726887,3.0,B,97,Website Lead,Enterprise (200+ agents),2026-09-08T19:50:03Z
CREAM-20260908-00492,Jacqueline Brown,Jacqueline Brown,Jacqueline,Brown,jacquelineb@me.com,(212) 336-8283,HER Realtors,HER Realtors,Toledo,Toledo,OH,44782,9,34,34,7338511,4.8,B,79,Referral Network,Mid-size (11-50 agents),2026-09-08T12:33:55Z
CREAM-20260908-00493,Dennis Collins,Dennis Collins,Dennis,Collins,denniscollins@gmail.com,(980) 476-7426,Compass,Compass,Durham,Durham,NC,27627,5,14,14,4860252,4.4,B,82,Cold Outreach,Large (51-200 agents),2026-09-08T03:50:53Z
CREAM-20260908-00494,Rachel Alexander,Rachel Alexander,Rachel,Alexander,rachela@icloud.com,(334) 396-5711,Brown Harris Stevens,Brown Harris Stevens,Rochester,Rochester,NY,10343,1,6,6,4463340,4.0,B,91,Website Lead,Large (51-200 agents),2026-09-08T23:09:01Z
CREAM-20260908-00495,Betty Jones,Betty Jones,Betty,Jones,bettyj@gmail.com,(407) 288-6326,eXp Realty,eXp Realty,Irving,Irving,TX,78948,1,12,12,5331028,4.0,B,67,NAR Directory,Large (51-200 agents),2026-09-08T01:30:20Z
CREAM-20260908-00496,Samuel Coleman,Samuel Coleman,Samuel,Coleman,scoleman@kellerwilliams.com,(256) 657-4307,Keller Williams,Keller Williams,Durham,Durham,NC,28339,24,34,34,15338605,3.5,B,78,Referral Network,Mid-size (11-50 agents),2026-09-08T05:13:37Z
CREAM-20260908-00497,Dorothy Rodriguez,Dorothy Rodriguez,Dorothy,Rodriguez,drodriguez@hotmail.com,(614) 328-7920,Douglas Elliman,Douglas Elliman,Corpus Christi,Corpus Christi,TX,76553,4,24,24,10130140,4.9,B,87,Trade Show,Enterprise (200+ agents),2026-09-08T08:29:42Z
CREAM-20260908-00498,Rose Reyes,Rose Reyes,Rose,Reyes,rreyes@gmail.com,(980) 474-7759,Long Realty,Long Realty,Tempe,Tempe,AZ,86335,22,50,50,16096344,3.4,B,78,Realtor.com,Boutique (2-10 agents),2026-09-08T04:02:15Z
CREAM-20260908-00499,Pamela Edwards,Pamela Edwards,Pamela,Edwards,pamela_edwards@me.com,(212) 359-6813,Coldwell Banker,Coldwell Banker,Cary,Cary,NC,27965,5,13,13,5567723,4.1,B,78,Referral Network,Mid-size (11-50 agents),2026-09-08T13:41:44Z
CREAM-20260908-00500,Katherine Garcia,Katherine Garcia,Katherine,Garcia,katherine_garcia@yahoo.com,(614) 534-4498,eXp Realty,eXp Realty,Fayetteville,Fayetteville,NC,28917,21,37,37,9897741,4.8,B,65,LinkedIn,Independent,2026-09-08T03:17:52Z
CREAM-20260908-00501,Anna Wood,Anna Wood,Anna,Wood,annaw@icloud.com,(704) 621-9219,Compass,Compass,Riverside,Riverside,CA,94694,17,65,65,48880775,3.2,B,75,Cold Outreach,Boutique (2-10 agents),2026-09-08T16:10:32Z
CREAM-20260908-00502,Lauren Garcia,Lauren Garcia,Lauren,Garcia,lgarcia@hotmail.com,(980) 219-4648,Compass,Compass,Winston-Salem,Winston-Salem,NC,28621,7,38,38,13118674,3.2,B,77,MLS Database,Mid-size (11-50 agents),2026-09-08T04:21:36Z
CREAM-20260908-00503,Megan Chavez,Megan Chavez,Megan,Chavez,meganc@huntingtonrealestate.com,(720) 742-1130,Huntington Real Estate,Huntington Real Estate,Toledo,Toledo,OH,43884,0,5,5,1083874,4.0,B,70,Website Lead,Boutique (2-10 agents),2026-09-08T16:27:08Z
CREAM-20260908-00504,Sandra Hernandez,Sandra Hernandez,Sandra,Hernandez,shernandez@aol.com,(646) 953-1557,Century 21,Century 21,Tallahassee,Tallahassee,FL,33350,5,21,21,10853384,4.7,B,91,Trade Show,Boutique (2-10 agents),2026-09-08T03:05:05Z
CREAM-20260908-00505,Amy Wood,Amy Wood,Amy,Wood,amyw@compass.com,(602) 842-8031,Compass,Compass,Yonkers,Yonkers,NY,11957,8,17,17,8107168,3.4,B,69,Cold Outreach,Large (51-200 agents),2026-09-08T05:23:06Z
CREAM-20260908-00506,Helen Hall,Helen Hall,Helen,Hall,helen.hall@compass.com,(305) 912-7655,Compass,Compass,Thornton,Thornton,CO,80623,4,14,14,9434466,4.9,B,64,Cold Outreach,Independent,2026-09-08T23:38:40Z
CREAM-20260908-00507,Shirley Hill,Shirley Hill,Shirley,Hill,shill@gmail.com,(407) 507-9304,Compass,Compass,Hialeah,Hialeah,FL,32273,0,3,3,1021140,4.3,B,81,Referral Network,Boutique (2-10 agents),2026-09-08T06:36:53Z
CREAM-20260908-00508,William Phillips,William Phillips,William,Phillips,william_phillips@aol.com,(407) 629-8126,Long Realty,Long Realty,Tempe,Tempe,AZ,85540,4,12,12,6154827,4.8,B,69,Referral Network,Boutique (2-10 agents),2026-09-08T05:12:00Z
CREAM-20260908-00509,Brittany Lopez,Brittany Lopez,Brittany,Lopez,brittany.lopez@century21.com,(513) 659-9529,Century 21,Century 21,Pembroke Pines,Pembroke Pines,FL,33185,8,22,22,9173849,3.7,B,100,LinkedIn,Independent,2026-09-08T10:14:13Z
CREAM-20260908-00510,Brian Morales,Brian Morales,Brian,Morales,brianm@me.com,(212) 576-2869,Berkshire Hathaway,Berkshire Hathaway,Arlington,Arlington,TX,78639,5,11,11,3783249,4.2,B,67,Cold Outreach,Boutique (2-10 agents),2026-09-08T05:37:02Z
CREAM-20260908-00511,Christopher Hall,Christopher Hall,Christopher,Hall,christopher.hall@outlook.com,(972) 244-1219,Berkshire Hathaway,Berkshire Hathaway,Lakewood,Lakewood,CO,80523,11,80,80,48150699,3.9,B,89,Referral Network,Enterprise (200+ agents),2026-09-08T15:07:25Z
CREAM-20260908-00512,Patricia Sanchez,Patricia Sanchez,Patricia,Sanchez,psanchez@coldwellbanker.com,(214) 582-8226,Coldwell Banker,Coldwell Banker,Chandler,Chandler,AZ,86230,16,48,48,18678794,3.3,B,78,Website Lead,Enterprise (200+ agents),2026-09-08T13:31:08Z
CREAM-20260908-00513,Mary Cox,Mary Cox,Mary,Cox,marycox@yahoo.com,(614) 230-4725,Cutler Real Estate,Cutler Real Estate,Akron,Akron,OH,43986,18,61,61,10750728,3.4,B,72,Realtor.com,Independent,2026-09-08T18:25:41Z
CREAM-20260908-00514,Paul Powell,Paul Powell,Paul,Powell,paulp@outlook.com,(916) 559-1774,Sotheby's International,Sotheby's International,Yonkers,Yonkers,NY,14321,25,25,25,17241795,3.1,B,98,Referral Network,Mid-size (11-50 agents),2026-09-08T02:55:28Z
CREAM-20260908-00515,Alexander Young,Alexander Young,Alexander,Young,alexander.young@coldwellbanker.com,(512) 347-6451,Coldwell Banker,Coldwell Banker,Lakewood,Lakewood,CO,80657,15,59,59,28782909,3.6,B,80,Website Lead,Boutique (2-10 agents),2026-09-08T16:12:41Z
CREAM-20260908-00516,Paul Walker,Paul Walker,Paul,Walker,pwalker@yahoo.com,(972) 329-8353,Keller Williams,Keller Williams,Arlington,Arlington,TX,75860,1,3,3,1215423,3.4,B,67,MLS Database,Independent,2026-09-08T06:57:54Z
CREAM-20260908-00517,Rebecca Ross,Rebecca Ross,Rebecca,Ross,rebeccar@gmail.com,(512) 368-6175,Compass,Compass,Durham,Durham,NC,28459,4,11,11,4363406,3.3,B,67,Trade Show,Boutique (2-10 agents),2026-09-08T21:56:22Z
CREAM-20260908-00518,Andrew Perry,Andrew Perry,Andrew,Perry,andrew.perry@yahoo.com,(713) 252-7303,Briggs Freeman Sotheby's,Briggs Freeman Sotheby's,Lubbock,Lubbock,TX,76568,2,12,12,4581148,3.0,B,98,Facebook,Enterprise (200+ agents),2026-09-08T05:30:49Z
CREAM-20260908-00519,Jacqueline Edwards,Jacqueline Edwards,Jacqueline,Edwards,jacquelinee@yahoo.com,(334) 327-6634,RE/MAX,RE/MAX,Parma,Parma,OH,45718,25,49,49,12095790,4.1,B,79,NAR Directory,Mid-size (11-50 agents),2026-09-08T19:18:43Z
CREAM-20260908-00520,Karen Brown,Karen Brown,Karen,Brown,karen_brown@hotmail.com,(980) 687-3362,RE/MAX,RE/MAX,Pembroke Pines,Pembroke Pines,FL,32343,0,1,1,461461,3.2,B,86,Brokerage Listings,Boutique (2-10 agents),2026-09-08T10:44:08Z
CREAM-20260908-00521,Anthony Fisher,Anthony Fisher,Anthony,Fisher,anthony.fisher@outlook.com,(704) 616-6436,Keller Williams,Keller Williams,Winston-Salem,Winston-Salem,NC,28309,25,65,65,19980123,4.4,B,96,NAR Directory,Mid-size (11-50 agents),2026-09-08T12:12:25Z
CREAM-20260908-00522,Juan Cox,Juan Cox,Juan,Cox,juan.cox@aol.com,(214) 741-4818,Keller Williams Realty,Keller Williams Realty,Chula Vista,Chula Vista,CA,91934,1,3,3,1827029,4.4,B,62,Website Lead,Enterprise (200+ agents),2026-09-08T14:42:19Z
CREAM-20260908-00523,Joseph Ramos,Joseph Ramos,Joseph,Ramos,joseph.ramos@kellerwilliams.com,(512) 630-8670,Keller Williams,Keller Williams,Tempe,Tempe,AZ,86515,25,31,31,11358762,3.7,B,65,Referral Network,Independent,2026-09-08T16:22:00Z
CREAM-20260908-00524,Nicole Alexander,Nicole Alexander,Nicole,Alexander,nicolea@kellerwilliams.com,(714) 614-3926,Keller Williams,Keller Williams,Irving,Irving,TX,75858,1,4,4,1037444,4.1,B,94,Cold Outreach,Mid-size (11-50 agents),2026-09-08T04:34:39Z
CREAM-20260908-00525,Mark Gutierrez,Mark Gutierrez,Mark,Gutierrez,markg@yahoo.com,(334) 879-9017,Douglas Elliman,Douglas Elliman,Hialeah,Hialeah,FL,33571,10,40,40,21660146,3.7,B,70,Realtor.com,Large (51-200 agents),2026-09-08T02:35:53Z
CREAM-20260908-00526,Brian Ruiz,Brian Ruiz,Brian,Ruiz,brian.ruiz@aol.com,(256) 962-6187,eXp Realty,eXp Realty,Durham,Durham,NC,28149,4,16,16,4624170,4.8,B,75,Trade Show,Boutique (2-10 agents),2026-09-08T15:35:05Z
CREAM-20260908-00527,Keith Brooks,Keith Brooks,Keith,Brooks,keith.brooks@kellerwilliamsrealty.com,(512) 351-3897,Keller Williams Realty,Keller Williams Realty,Hollywood,Hollywood,FL,32404,21,26,26,10092114,4.2,B,80,Facebook,Mid-size (11-50 agents),2026-09-08T13:13:29Z
CREAM-20260908-00528,Tyler Diaz,Tyler Diaz,Tyler,Diaz,tyler.diaz@me.com,(714) 504-2031,RE/MAX,RE/MAX,Thornton,Thornton,CO,80912,19,52,52,31118983,3.6,B,68,Realtor.com,Large (51-200 agents),2026-09-08T16:38:55Z
CREAM-20260908-00529,Justin Murphy,Justin Murphy,Justin,Murphy,justinm@me.com,(713) 533-9755,Huntington Real Estate,Huntington Real Estate,Akron,Akron,OH,43220,17,70,70,18788174,3.3,B,74,Brokerage Listings,Independent,2026-09-08T18:51:09Z
CREAM-20260908-00530,Olivia Miller,Olivia Miller,Olivia,Miller,olivia_miller@outlook.com,(305) 890-8776,HER Realtors,HER Realtors,Parma,Parma,OH,45951,9,37,37,11617096,4.4,B,84,Trade Show,Independent,2026-09-08T06:45:30Z
CREAM-20260908-00531,Christine Castillo,Christine Castillo,Christine,Castillo,ccastillo@gmail.com,(614) 399-9842,RE/MAX,RE/MAX,Irving,Irving,TX,79441,1,8,8,2027087,3.7,B,93,MLS Database,Independent,2026-09-08T23:38:06Z
CREAM-20260908-00532,Donald Campbell,Donald Campbell,Donald,Campbell,donald_campbell@gmail.com,(614) 762-8144,eXp Realty,eXp Realty,Amarillo,Amarillo,TX,77158,0,2,2,649906,4.2,B,78,Cold Outreach,Boutique (2-10 agents),2026-09-08T02:51:39Z
CREAM-20260908-00533,Heather Hall,Heather Hall,Heather,Hall,heather.hall@gmail.com,(469) 399-4908,Douglas Elliman,Douglas Elliman,Garland,Garland,TX,79957,14,75,75,22840005,4.9,B,73,LinkedIn,Boutique (2-10 agents),2026-09-08T05:43:09Z
CREAM-20260908-00534,Aaron Anderson,Aaron Anderson,Aaron,Anderson,aaron_anderson@gmail.com,(513) 277-3113,Corcoran Group,Corcoran Group,Rochester,Rochester,NY,11370,7,35,35,26685760,4.9,B,83,MLS Database,Enterprise (200+ agents),2026-09-08T22:52:22Z
CREAM-20260908-00535,Katherine Rodriguez,Katherine Rodriguez,Katherine,Rodriguez,krodriguez@aol.com,(404) 681-2408,Keller Williams,Keller Williams,Toledo,Toledo,OH,45181,4,23,23,4261270,4.6,B,61,NAR Directory,Independent,2026-09-08T14:36:58Z
CREAM-20260908-00536,Robert Torres,Robert Torres,Robert,Torres,robert_torres@icloud.com,(256) 742-5843,RE/MAX,RE/MAX,Irving,Irving,TX,78706,3,18,18,6835988,4.2,B,87,Realtor.com,Mid-size (11-50 agents),2026-09-08T03:50:22Z
CREAM-20260908-00537,Helen Nguyen,Helen Nguyen,Helen,Nguyen,helenn@kellerwilliams.com,(334) 712-1829,Keller Williams,Keller Williams,Garland,Garland,TX,77469,5,9,9,3606939,3.1,B,77,MLS Database,Independent,2026-09-08T13:36:29Z
CREAM-20260908-00538,Victoria Jones,Victoria Jones,Victoria,Jones,victoriaj@berkshirehathaway.com,(305) 939-1437,Berkshire Hathaway,Berkshire Hathaway,Arvada,Arvada,CO,81456,2,7,7,4352028,3.2,B,65,Website Lead,Mid-size (11-50 agents),2026-09-08T00:48:32Z
CREAM-20260908-00539,Charles Mendoza,Charles Mendoza,Charles,Mendoza,charles.mendoza@gmail.com,(512) 367-8670,Sotheby's International,Sotheby's International,Bakersfield,Bakersfield,CA,91255,13,72,72,64594137,3.1,B,88,Realtor.com,Enterprise (200+ agents),2026-09-08T09:57:57Z
CREAM-20260908-00540,Jacob Diaz,Jacob Diaz,Jacob,Diaz,jacobd@gmail.com,(614) 237-5113,Halstead,Halstead,Rochester,Rochester,NY,14921,7,21,21,17701391,3.8,B,61,Website Lead,Large (51-200 agents),2026-09-08T19:51:28Z
CREAM-20260908-00541,Eric Castillo,Eric Castillo,Eric,Castillo,eric.castillo@aol.com,(256) 408-7731,eXp Realty,eXp Realty,Akron,Akron,OH,45894,13,29,29,8724551,4.0,B,65,Website Lead,Enterprise (200+ agents),2026-09-08T18:45:33Z
CREAM-20260908-00542,Larry Taylor,Larry Taylor,Larry,Taylor,ltaylor@allentate.com,(646) 931-7565,Allen Tate,Allen Tate,Cary,Cary,NC,28456,0,2,2,502297,4.4,B,62,NAR Directory,Enterprise (200+ agents),2026-09-08T02:47:18Z
CREAM-20260908-00543,Charles Bennett,Charles Bennett,Charles,Bennett,charles.bennett@icloud.com,(234) 367-7840,Douglas Elliman,Douglas Elliman,Garland,Garland,TX,77644,11,26,26,6761108,3.9,B,62,Trade Show,Boutique (2-10 agents),2026-09-08T03:38:42Z
CREAM-20260908-00544,Stephanie Baker,Stephanie Baker,Stephanie,Baker,stephaniebaker@icloud.com,(646) 764-8750,Berkshire Hathaway,Berkshire Hathaway,Winston-Salem,Winston-Salem,NC,27330,2,7,7,2071805,3.6,B,85,Trade Show,Mid-size (11-50 agents),2026-09-08T07:31:13Z
CREAM-20260908-00545,Michael Peterson,Michael Peterson,Michael,Peterson,michaelp@hotmail.com,(303) 889-3454,eXp Realty,eXp Realty,Akron,Akron,OH,44898,16,33,33,9888625,4.9,B,90,LinkedIn,Enterprise (200+ agents),2026-09-08T00:37:20Z
CREAM-20260908-00546,Juan Carter,Juan Carter,Juan,Carter,juanc@icloud.com,(602) 744-2792,Berkshire Hathaway,Berkshire Hathaway,Toledo,Toledo,OH,43664,23,37,37,11341759,4.0,B,76,Realtor.com,Enterprise (200+ agents),2026-09-08T17:43:58Z
CREAM-20260908-00547,Brian Coleman,Brian Coleman,Brian,Coleman,brian.coleman@hotmail.com,(718) 689-1778,HER Realtors,HER Realtors,Dayton,Dayton,OH,45875,1,9,9,1773168,3.1,B,74,MLS Database,Large (51-200 agents),2026-09-08T14:47:18Z
CREAM-20260908-00548,Michelle Alexander,Michelle Alexander,Michelle,Alexander,michelle_alexander@me.com,(305) 917-1903,Keller Williams,Keller Williams,Chandler,Chandler,AZ,85906,17,46,46,19651501,4.5,B,66,Website Lead,Independent,2026-09-08T23:11:00Z
CREAM-20260908-00549,Lauren Johnson,Lauren Johnson,Lauren,Johnson,laurenjohnson@yahoo.com,(415) 836-7265,Berkshire Hathaway,Berkshire Hathaway,Hollywood,Hollywood,FL,34591,6,27,27,12662199,3.8,B,80,NAR Directory,Boutique (2-10 agents),2026-09-08T13:55:23Z
CREAM-20260908-00550,Mary Jackson,Mary Jackson,Mary,Jackson,mary_jackson@aol.com,(513) 777-7352,Berkshire Hathaway,Berkshire Hathaway,Akron,Akron,OH,45474,13,71,71,13467220,3.0,B,88,Website Lead,Boutique (2-10 agents),2026-09-08T20:16:04Z
CREAM-20260908-00551,Aaron Alvarez,Aaron Alvarez,Aaron,Alvarez,aaronalvarez@yahoo.com,(614) 925-9505,Berkshire Hathaway,Berkshire Hathaway,Parma,Parma,OH,44887,25,28,28,8699458,4.8,B,85,Referral Network,Boutique (2-10 agents),2026-09-08T09:52:29Z
CREAM-20260908-00552,Kimberly Bennett,Kimberly Bennett,Kimberly,Bennett,kimberly_bennett@me.com,(404) 802-5731,Keller Williams,Keller Williams,Parma,Parma,OH,45265,18,79,79,24757822,4.3,B,88,Referral Network,Mid-size (11-50 agents),2026-09-08T15:44:07Z
CREAM-20260908-00553,Sharon Davis,Sharon Davis,Sharon,Davis,sharon.davis@nestseekers.com,(212) 749-2329,Nest Seekers,Nest Seekers,Syracuse,Syracuse,NY,10397,3,24,24,19235999,3.9,B,80,Referral Network,Independent,2026-09-08T22:50:09Z
CREAM-20260908-00554,Gloria Price,Gloria Price,Gloria,Price,gprice@berkshirehathaway.com,(714) 988-3797,Berkshire Hathaway,Berkshire Hathaway,Amarillo,Amarillo,TX,75121,1,3,3,832012,3.2,B,99,Brokerage Listings,Independent,2026-09-08T11:51:13Z
CREAM-20260908-00555,Amy Morgan,Amy Morgan,Amy,Morgan,amorgan@icloud.com,(980) 202-2352,Century 21,Century 21,Cape Coral,Cape Coral,FL,32608,22,76,76,34893800,4.0,B,71,Referral Network,Independent,2026-09-08T20:50:19Z
CREAM-20260908-00556,Jack Sanders,Jack Sanders,Jack,Sanders,jacksanders@me.com,(602) 901-1990,eXp Realty,eXp Realty,Dayton,Dayton,OH,43264,22,79,79,21418286,4.6,B,60,LinkedIn,Boutique (2-10 agents),2026-09-08T02:10:50Z
CREAM-20260908-00557,Dorothy Cox,Dorothy Cox,Dorothy,Cox,dcox@homesmart.com,(234) 515-9229,HomeSmart,HomeSmart,Tempe,Tempe,AZ,85873,7,30,30,15048189,3.2,B,70,Brokerage Listings,Mid-size (11-50 agents),2026-09-08T09:34:55Z
CREAM-20260908-00558,Catherine Nelson,Catherine Nelson,Catherine,Nelson,catherinen@coldwellbanker.com,(310) 750-7695,Coldwell Banker,Coldwell Banker,Akron,Akron,OH,45176,1,12,12,2556504,3.2,B,86,NAR Directory,Mid-size (11-50 agents),2026-09-08T19:56:32Z
CREAM-20260908-00559,Rose Thompson,Rose Thompson,Rose,Thompson,rthompson@icloud.com,(305) 610-5575,Keller Williams Realty,Keller Williams Realty,Tallahassee,Tallahassee,FL,33809,4,15,15,5697506,4.4,B,79,Realtor.com,Independent,2026-09-08T20:31:16Z
CREAM-20260908-00560,Gary Adams,Gary Adams,Gary,Adams,gadams@briggsfreemansothebys.com,(602) 336-4760,Briggs Freeman Sotheby's,Briggs Freeman Sotheby's,Corpus Christi,Corpus Christi,TX,78121,6,22,22,6527960,3.6,B,75,Realtor.com,Boutique (2-10 agents),2026-09-08T16:07:58Z
CREAM-20260908-00561,Justin Fisher,Justin Fisher,Justin,Fisher,justinf@exprealty.com,(980) 911-8951,eXp Realty,eXp Realty,Dayton,Dayton,OH,44727,22,35,35,9466666,4.4,B,61,MLS Database,Mid-size (11-50 agents),2026-09-08T01:42:46Z
CREAM-20260908-00562,Robert Roberts,Robert Roberts,Robert,Roberts,robertr@icloud.com,(614) 968-7988,RE/MAX,RE/MAX,Chula Vista,Chula Vista,CA,90144,3,25,25,20552831,4.1,B,90,NAR Directory,Large (51-200 agents),2026-09-08T01:15:39Z
CREAM-20260908-00563,Martha Fisher,Martha Fisher,Martha,Fisher,marthaf@hotmail.com,(305) 844-5347,Douglas Elliman,Douglas Elliman,Amarillo,Amarillo,TX,78715,3,13,13,5629430,4.2,B,66,LinkedIn,Mid-size (11-50 agents),2026-09-08T23:49:12Z
CREAM-20260908-00564,Brandon Lewis,Brandon Lewis,Brandon,Lewis,brandonlewis@icloud.com,(512) 824-7444,Compass,Compass,Arvada,Arvada,CO,81289,5,25,25,12422370,4.9,B,91,Facebook,Mid-size (11-50 agents),2026-09-08T09:45:00Z
CREAM-20260908-00565,John Richardson,John Richardson,John,Richardson,johnrichardson@aol.com,(214) 431-1815,Berkshire Hathaway,Berkshire Hathaway,Arlington,Arlington,TX,77606,14,61,61,24151616,3.6,B,83,Website Lead,Boutique (2-10 agents),2026-09-08T18:34:29Z
CREAM-20260908-00566,Kevin Moore,Kevin Moore,Kevin,Moore,kevin_moore@yahoo.com,(805) 984-5962,Russell Lyon Sotheby's,Russell Lyon Sotheby's,Glendale,Glendale,AZ,85201,25,61,61,20514208,4.8,B,96,Referral Network,Enterprise (200+ agents),2026-09-08T08:03:03Z
CREAM-20260908-00567,Albert Powell,Albert Powell,Albert,Powell,apowell@corcorangroup.com,(980) 386-2544,Corcoran Group,Corcoran Group,Yonkers,Yonkers,NY,13795,0,4,4,2443744,4.3,B,86,Realtor.com,Independent,2026-09-08T01:00:03Z
CREAM-20260908-00568,Linda Miller,Linda Miller,Linda,Miller,lmiller@berkshirehathaway.com,(512) 997-8339,Berkshire Hathaway,Berkshire Hathaway,Fort Collins,Fort Collins,CO,81124,22,35,35,24237609,4.0,B,67,LinkedIn,Enterprise (200+ agents),2026-09-08T00:44:34Z
CREAM-20260908-00569,Kenneth Mendoza,Kenneth Mendoza,Kenneth,Mendoza,kennethm@icloud.com,(916) 594-1072,Sotheby's International,Sotheby's International,Yonkers,Yonkers,NY,14275,7,30,30,23607371,3.1,B,79,Realtor.com,Large (51-200 agents),2026-09-08T12:05:33Z
CREAM-20260908-00570,Linda Smith,Linda Smith,Linda,Smith,linda.smith@re/max.com,(305) 651-2393,RE/MAX,RE/MAX,Garland,Garland,TX,77408,23,50,50,18950732,4.6,B,68,Brokerage Listings,Independent,2026-09-08T22:47:27Z
CREAM-20260908-00571,Albert Mendoza,Albert Mendoza,Albert,Mendoza,albert.mendoza@gmail.com,(305) 524-5426,Keller Williams,Keller Williams,Lakewood,Lakewood,CO,80684,9,25,25,15173079,4.2,B,67,Realtor.com,Mid-size (11-50 agents),2026-09-08T21:21:03Z
CREAM-20260908-00572,Christine Reed,Christine Reed,Christine,Reed,christiner@yahoo.com,(718) 848-9431,Coldwell Banker,Coldwell Banker,Lubbock,Lubbock,TX,77788,17,55,55,16961941,4.9,B,91,Facebook,Large (51-200 agents),2026-09-08T05:46:02Z
CREAM-20260908-00573,George Morris,George Morris,George,Morris,george.morris@hotmail.com,(234) 314-9090,Briggs Freeman Sotheby's,Briggs Freeman Sotheby's,Arlington,Arlington,TX,76454,10,36,36,11238216,3.7,B,95,Brokerage Listings,Independent,2026-09-08T02:23:41Z
CREAM-20260908-00574,Michelle Garcia,Michelle Garcia,Michelle,Garcia,michelleg@coldwellbanker.com,(305) 375-1421,Coldwell Banker,Coldwell Banker,Winston-Salem,Winston-Salem,NC,27235,3,16,16,7263439,3.8,B,63,Trade Show,Large (51-200 agents),2026-09-08T23:24:28Z
CREAM-20260908-00575,William Collins,William Collins,William,Collins,william_collins@outlook.com,(214) 232-5785,eXp Realty,eXp Realty,Parma,Parma,OH,43306,19,70,70,22353606,3.4,B,86,LinkedIn,Enterprise (200+ agents),2026-09-08T06:09:57Z
CREAM-20260908-00576,Sharon Edwards,Sharon Edwards,Sharon,Edwards,sharon.edwards@coldwellbanker.com,(407) 761-9917,Coldwell Banker,Coldwell Banker,Cape Coral,Cape Coral,FL,33320,13,53,53,17967194,4.0,B,68,LinkedIn,Boutique (2-10 agents),2026-09-08T04:23:43Z
CREAM-20260908-00577,Raymond Howard,Raymond Howard,Raymond,Howard,raymond.howard@russelllyonsothebys.com,(916) 406-5101,Russell Lyon Sotheby's,Russell Lyon Sotheby's,Tempe,Tempe,AZ,86328,0,3,3,878155,3.1,B,82,Cold Outreach,Large (51-200 agents),2026-09-08T12:11:23Z
CREAM-20260908-00578,Maria Jimenez,Maria Jimenez,Maria,Jimenez,mjimenez@hotmail.com,(305) 371-7304,RE/MAX,RE/MAX,Riverside,Riverside,CA,96525,12,56,56,47194244,4.9,B,79,Cold Outreach,Large (51-200 agents),2026-09-08T03:50:46Z
CREAM-20260908-00579,Jessica Campbell,Jessica Campbell,Jessica,Campbell,jessica_campbell@yahoo.com,(310) 980-1861,eXp Realty,eXp Realty,Fresno,Fresno,CA,92259,1,4,4,4327825,3.2,B,66,Trade Show,Independent,2026-09-08T03:52:36Z
CREAM-20260908-00580,Rose Watson,Rose Watson,Rose,Watson,rosew@yahoo.com,(469) 937-8984,Berkshire Hathaway HomeServices,Berkshire Hathaway HomeServices,Riverside,Riverside,CA,90394,15,28,28,18011862,3.8,B,98,MLS Database,Boutique (2-10 agents),2026-09-08T01:58:36Z
CREAM-20260908-00581,Gary Martin,Gary Martin,Gary,Martin,gmartin@berkshirehathaway.com,(415) 330-5702,Berkshire Hathaway,Berkshire Hathaway,Winston-Salem,Winston-Salem,NC,28603,16,31,31,10576742,3.2,B,100,Facebook,Large (51-200 agents),2026-09-08T03:29:48Z
CREAM-20260908-00582,Brittany Hernandez,Brittany Hernandez,Brittany,Hernandez,bhernandez@gmail.com,(212) 277-9373,Coldwell Banker,Coldwell Banker,Stockton,Stockton,CA,91176,5,19,19,18186015,5.0,B,67,NAR Directory,Enterprise (200+ agents),2026-09-08T05:09:40Z
CREAM-20260908-00583,Donald Brown,Donald Brown,Donald,Brown,donaldb@me.com,(214) 319-8312,Coldwell Banker,Coldwell Banker,Tempe,Tempe,AZ,86113,21,75,75,22435096,3.2,B,76,LinkedIn,Boutique (2-10 agents),2026-09-08T04:01:18Z
CREAM-20260908-00584,Aaron Diaz,Aaron Diaz,Aaron,Diaz,aaron.diaz@hotmail.com,(786) 323-9908,HomeSmart,HomeSmart,Chandler,Chandler,AZ,86714,2,5,5,2617410,4.1,B,67,Realtor.com,Boutique (2-10 agents),2026-09-08T19:44:15Z
CREAM-20260908-00585,Alan Hill,Alan Hill,Alan,Hill,ahill@coldwellbanker.com,(602) 963-9442,Coldwell Banker,Coldwell Banker,Tallahassee,Tallahassee,FL,32596,11,76,76,40535759,4.4,B,87,Brokerage Listings,Mid-size (11-50 agents),2026-09-08T17:58:00Z
CREAM-20260908-00586,David Hughes,David Hughes,David,Hughes,dhughes@exprealty.com,(602) 814-1912,eXp Realty,eXp Realty,Durham,Durham,NC,28945,1,12,12,3885002,3.8,B,80,LinkedIn,Enterprise (200+ agents),2026-09-08T23:54:33Z
CREAM-20260908-00587,Ruth Gutierrez,Ruth Gutierrez,Ruth,Gutierrez,rgutierrez@gmail.com,(305) 618-2276,Pacific Sotheby's,Pacific Sotheby's,Fresno,Fresno,CA,91733,11,62,62,61238407,3.0,B,89,LinkedIn,Large (51-200 agents),2026-09-08T00:31:35Z
CREAM-20260908-00588,Diane Hughes,Diane Hughes,Diane,Hughes,dianehughes@outlook.com,(704) 665-5242,Keller Williams,Keller Williams,Durham,Durham,NC,27861,2,3,3,1167054,4.1,B,75,Cold Outreach,Independent,2026-09-08T07:42:27Z
CREAM-20260908-00589,Frank Roberts,Frank Roberts,Frank,Roberts,frankr@gmail.com,(305) 901-8817,Halstead,Halstead,New Rochelle,New Rochelle,NY,11170,0,4,4,3128679,4.5,B,95,LinkedIn,Boutique (2-10 agents),2026-09-08T16:22:59Z
CREAM-20260908-00590,Martha Gray,Martha Gray,Martha,Gray,martha.gray@me.com,(720) 535-7977,Keller Williams,Keller Williams,Yonkers,Yonkers,NY,14144,0,2,2,1386477,4.2,B,89,Realtor.com,Enterprise (200+ agents),2026-09-08T19:10:32Z
CREAM-20260908-00591,Benjamin Howard,Benjamin Howard,Benjamin,Howard,benjamin_howard@yahoo.com,(256) 419-4028,Berkshire Hathaway,Berkshire Hathaway,Gilbert,Gilbert,AZ,86490,3,9,9,2797281,3.1,B,79,Referral Network,Enterprise (200+ agents),2026-09-08T00:26:45Z
CREAM-20260908-00592,Carolyn Cruz,Carolyn Cruz,Carolyn,Cruz,carolyn.cruz@hotmail.com,(334) 597-2288,Berkshire Hathaway,Berkshire Hathaway,Toledo,Toledo,OH,44780,15,60,60,12448789,3.8,B,86,LinkedIn,Mid-size (11-50 agents),2026-09-08T01:24:57Z
CREAM-20260908-00593,Ryan Johnson,Ryan Johnson,Ryan,Johnson,ryan_johnson@gmail.com,(212) 643-4936,Compass,Compass,Yonkers,Yonkers,NY,11608,3,11,11,7636863,4.5,B,62,Cold Outreach,Boutique (2-10 agents),2026-09-08T22:53:23Z
CREAM-20260908-00594,Scott Jenkins,Scott Jenkins,Scott,Jenkins,scott_jenkins@hotmail.com,(718) 330-9948,Douglas Elliman,Douglas Elliman,Irving,Irving,TX,76243,24,39,39,9754571,4.6,B,92,Website Lead,Enterprise (200+ agents),2026-09-08T21:02:01Z
CREAM-20260908-00595,Susan Jones,Susan Jones,Susan,Jones,susan_jones@hotmail.com,(714) 807-2962,Long Realty,Long Realty,Gilbert,Gilbert,AZ,85824,2,9,9,3787228,4.7,B,62,Referral Network,Large (51-200 agents),2026-09-08T14:21:26Z
CREAM-20260908-00596,Andrew Ward,Andrew Ward,Andrew,Ward,andrew.ward@kellerwilliams.com,(929) 558-7309,Keller Williams,Keller Williams,Akron,Akron,OH,45902,11,35,35,10926840,3.9,B,64,Cold Outreach,Enterprise (200+ agents),2026-09-08T17:45:37Z
CREAM-20260908-00597,Grace Morales,Grace Morales,Grace,Morales,gmorales@halstead.com,(704) 884-5379,Halstead,Halstead,Albany,Albany,NY,14291,11,51,51,39172860,3.7,B,73,Website Lead,Mid-size (11-50 agents),2026-09-08T21:51:45Z
CREAM-20260908-00598,Brenda Reed,Brenda Reed,Brenda,Reed,breed@hotmail.com,(714) 634-3351,Compass,Compass,Pembroke Pines,Pembroke Pines,FL,32628,0,3,3,961793,3.0,B,74,NAR Directory,Mid-size (11-50 agents),2026-09-08T15:20:37Z
CREAM-20260908-00599,Jennifer Perry,Jennifer Perry,Jennifer,Perry,jennifer.perry@coldwellbanker.com,(919) 819-9079,Coldwell Banker,Coldwell Banker,Akron,Akron,OH,44485,18,57,57,15259075,4.8,B,80,Referral Network,Independent,2026-09-08T20:32:49Z
CREAM-20260908-00600,Angela Taylor,Angela Taylor,Angela,Taylor,ataylor@coldwellbanker.com,(929) 444-9466,Coldwell Banker,Coldwell Banker,Lakewood,Lakewood,CO,81329,18,28,28,14575307,4.5,B,90,Cold Outreach,Large (51-200 agents),2026-09-08T08:46:48Z
CREAM-20260908-00601,Jack Russell,Jack Russell,Jack,Russell,jackr@berkshirehathaway.com,(972) 372-1975,Berkshire Hathaway,Berkshire Hathaway,Corpus Christi,Corpus Christi,TX,78506,16,74,74,22185355,4.0,B,77,Trade Show,Enterprise (200+ agents),2026-09-08T19:22:33Z
CREAM-20260908-00602,Michelle Ward,Michelle Ward,Michelle,Ward,michellew@hotmail.com,(602) 913-4366,eXp Realty,eXp Realty,Fayetteville,Fayetteville,NC,28413,5,22,22,8943152,4.7,B,97,Referral Network,Mid-size (11-50 agents),2026-09-08T07:48:23Z
CREAM-20260908-00603,Jack Rodriguez,Jack Rodriguez,Jack,Rodriguez,jack_rodriguez@aol.com,(718) 597-3607,RE/MAX,RE/MAX,Winston-Salem,Winston-Salem,NC,27819,2,6,6,1800270,3.4,B,75,NAR Directory,Enterprise (200+ agents),2026-09-08T16:04:05Z
CREAM-20260908-00604,Wayne Alvarez,Wayne Alvarez,Wayne,Alvarez,walvarez@yahoo.com,(513) 200-2517,Keller Williams,Keller Williams,Amarillo,Amarillo,TX,77410,5,11,11,4047447,4.0,B,67,NAR Directory,Independent,2026-09-08T07:57:04Z
CREAM-20260908-00605,Ashley Roberts,Ashley Roberts,Ashley,Roberts,ashley.roberts@icloud.com,(310) 926-1425,Douglas Elliman,Douglas Elliman,Pembroke Pines,Pembroke Pines,FL,32140,5,13,13,6313130,4.3,B,69,Referral Network,Enterprise (200+ agents),2026-09-08T14:57:02Z
CREAM-20260908-00606,Sarah Coleman,Sarah Coleman,Sarah,Coleman,sarah_coleman@icloud.com,(614) 600-4985,Compass,Compass,Albany,Albany,NY,11700,1,6,6,3768099,4.6,B,64,Brokerage Listings,Boutique (2-10 agents),2026-09-08T11:44:03Z
CREAM-20260908-00607,Paul Jenkins,Paul Jenkins,Paul,Jenkins,paulj@exprealty.com,(972) 581-4061,eXp Realty,eXp Realty,Durham,Durham,NC,27699,3,25,25,7270715,4.6,B,99,Website Lead,Large (51-200 agents),2026-09-08T05:51:28Z
CREAM-20260908-00608,Mark Peterson,Mark Peterson,Mark,Peterson,mark.peterson@yahoo.com,(602) 574-5118,Howard Hanna,Howard Hanna,Durham,Durham,NC,28952,22,50,50,21068849,4.8,B,87,Website Lead,Boutique (2-10 agents),2026-09-08T18:02:22Z
CREAM-20260908-00609,Lawrence Morris,Lawrence Morris,Lawrence,Morris,lawrencem@hotmail.com,(256) 946-2745,eXp Realty,eXp Realty,Hollywood,Hollywood,FL,32544,5,19,19,8548468,3.2,B,71,Realtor.com,Boutique (2-10 agents),2026-09-08T09:02:38Z
CREAM-20260908-00610,Jack Patel,Jack Patel,Jack,Patel,jack.patel@hotmail.com,(916) 967-4024,eXp Realty,eXp Realty,Bakersfield,Bakersfield,CA,95164,0,2,2,1818641,3.1,B,82,Facebook,Mid-size (11-50 agents),2026-09-08T05:14:47Z
CREAM-20260908-00611,Sharon Brooks,Sharon Brooks,Sharon,Brooks,sharonbrooks@aol.com,(614) 705-9117,Long Realty,Long Realty,Gilbert,Gilbert,AZ,86267,4,20,20,9179960,3.1,B,84,LinkedIn,Large (51-200 agents),2026-09-08T07:30:10Z
CREAM-20260908-00612,Pamela Peterson,Pamela Peterson,Pamela,Peterson,pamela.peterson@yahoo.com,(929) 202-2682,Keller Williams,Keller Williams,Parma,Parma,OH,44989,4,19,19,3879300,3.7,B,63,LinkedIn,Boutique (2-10 agents),2026-09-08T10:30:15Z
CREAM-20260908-00613,Ryan Brown,Ryan Brown,Ryan,Brown,ryan.brown@me.com,(720) 993-2932,Sotheby's International,Sotheby's International,Riverside,Riverside,CA,96725,22,65,65,60463695,3.6,B,92,LinkedIn,Mid-size (11-50 agents),2026-09-08T01:16:48Z
CREAM-20260908-00614,Megan Sanchez,Megan Sanchez,Megan,Sanchez,megan_sanchez@hotmail.com,(714) 343-2712,RE/MAX,RE/MAX,Durham,Durham,NC,27153,21,65,65,20695181,3.9,B,79,NAR Directory,Independent,2026-09-08T22:27:30Z
CREAM-20260908-00615,Nicholas Murphy,Nicholas Murphy,Nicholas,Murphy,nicholasm@gmail.com,(805) 849-7143,Sotheby's International,Sotheby's International,Buffalo,Buffalo,NY,14345,4,15,15,8365405,4.4,B,66,Brokerage Listings,Independent,2026-09-08T02:57:48Z
CREAM-20260908-00616,Angela Jenkins,Angela Jenkins,Angela,Jenkins,angela.jenkins@cutlerrealestate.com,(513) 613-7844,Cutler Real Estate,Cutler Real Estate,Akron,Akron,OH,43109,3,18,18,4095467,4.6,B,63,Realtor.com,Independent,2026-09-08T09:10:48Z
CREAM-20260908-00617,Scott Hernandez,Scott Hernandez,Scott,Hernandez,shernandez@outlook.com,(415) 901-1177,Coldwell Banker,Coldwell Banker,Chula Vista,Chula Vista,CA,91547,4,9,9,7029296,3.8,B,81,Cold Outreach,Large (51-200 agents),2026-09-08T00:11:43Z
CREAM-20260908-00618,Victoria Jackson,Victoria Jackson,Victoria,Jackson,victoriajackson@outlook.com,(929) 353-7537,Douglas Elliman,Douglas Elliman,Hollywood,Hollywood,FL,34163,23,40,40,13829348,3.1,B,85,LinkedIn,Boutique (2-10 agents),2026-09-08T01:12:40Z
CREAM-20260908-00619,Jacqueline Wilson,Jacqueline Wilson,Jacqueline,Wilson,jacquelinewilson@yahoo.com,(214) 795-4626,eXp Realty,eXp Realty,Irving,Irving,TX,79601,8,22,22,9499961,4.7,B,96,MLS Database,Enterprise (200+ agents),2026-09-08T02:33:24Z
CREAM-20260908-00620,Rebecca Lopez,Rebecca Lopez,Rebecca,Lopez,rebeccal@compass.com,(919) 926-4285,Compass,Compass,Lakewood,Lakewood,CO,81977,4,19,19,8907734,3.9,B,99,Referral Network,Independent,2026-09-08T16:42:45Z
CREAM-20260908-00621,Ronald Allen,Ronald Allen,Ronald,Allen,ronalda@hotmail.com,(303) 678-5113,eXp Realty,eXp Realty,Lubbock,Lubbock,TX,78639,2,10,10,3161879,4.9,B,66,Website Lead,Boutique (2-10 agents),2026-09-08T20:13:43Z
CREAM-20260908-00622,Edward Miller,Edward Miller,Edward,Miller,edward.miller@icloud.com,(919) 603-2694,eXp Realty,eXp Realty,Corpus Christi,Corpus Christi,TX,79567,18,33,33,14331686,3.3,B,95,NAR Directory,Boutique (2-10 agents),2026-09-08T22:45:05Z
CREAM-20260908-00623,Catherine Adams,Catherine Adams,Catherine,Adams,cadams@yahoo.com,(805) 712-7636,Long Realty,Long Realty,Chandler,Chandler,AZ,86573,9,24,24,9769847,3.9,B,89,LinkedIn,Independent,2026-09-08T11:49:36Z
CREAM-20260908-00624,Maria Sanchez,Maria Sanchez,Maria,Sanchez,mariasanchez@yahoo.com,(512) 856-2667,Berkshire Hathaway,Berkshire Hathaway,Tempe,Tempe,AZ,85971,21,55,55,24328865,3.5,B,100,LinkedIn,Independent,2026-09-08T23:32:55Z
CREAM-20260908-00625,Lawrence Collins,Lawrence Collins,Lawrence,Collins,lawrencec@hotmail.com,(713) 420-8073,Berkshire Hathaway,Berkshire Hathaway,Cape Coral,Cape Coral,FL,32628,11,61,61,22421054,3.5,B,72,NAR Directory,Independent,2026-09-08T15:26:26Z
CREAM-20260908-00626,Christopher Richardson,Christopher Richardson,Christopher,Richardson,christopher_richardson@outlook.com,(646) 854-5633,eXp Realty,eXp Realty,Fort Collins,Fort Collins,CO,80517,15,67,67,39411676,3.8,B,65,NAR Directory,Mid-size (11-50 agents),2026-09-08T06:34:10Z
CREAM-20260908-00627,Olivia Ruiz,Olivia Ruiz,Olivia,Ruiz,oliviaruiz@icloud.com,(512) 783-8812,Sotheby's International,Sotheby's International,Buffalo,Buffalo,NY,12727,4,24,24,16649681,3.1,B,92,Realtor.com,Mid-size (11-50 agents),2026-09-08T03:12:34Z
CREAM-20260908-00628,Larry Powell,Larry Powell,Larry,Powell,larryp@8zrealestate.com,(704) 326-8162,8z Real Estate,8z Real Estate,Fort Collins,Fort Collins,CO,81349,23,79,79,50092295,4.3,B,85,LinkedIn,Mid-size (11-50 agents),2026-09-08T09:12:22Z
CREAM-20260908-00629,Margaret Adams,Margaret Adams,Margaret,Adams,madams@me.com,(720) 438-7888,HomeSmart,HomeSmart,Tempe,Tempe,AZ,85735,1,3,3,901494,4.5,B,90,Brokerage Listings,Independent,2026-09-08T10:12:27Z
CREAM-20260908-00630,Alan Smith,Alan Smith,Alan,Smith,asmith@re/max.com,(212) 982-2243,RE/MAX,RE/MAX,Thornton,Thornton,CO,81853,25,43,43,19156994,5.0,B,69,Cold Outreach,Enterprise (200+ agents),2026-09-08T22:58:36Z
CREAM-20260908-00631,Alan Parker,Alan Parker,Alan,Parker,alanparker@gmail.com,(256) 211-1111,Berkshire Hathaway,Berkshire Hathaway,Akron,Akron,OH,43711,14,34,34,8870913,4.5,B,92,Facebook,Enterprise (200+ agents),2026-09-08T16:51:45Z
CREAM-20260908-00632,Betty Jackson,Betty Jackson,Betty,Jackson,bettyj@yahoo.com,(407) 804-6115,RE/MAX,RE/MAX,Corpus Christi,Corpus Christi,TX,75782,3,19,19,6192375,4.7,B,86,Brokerage Listings,Mid-size (11-50 agents),2026-09-08T09:07:22Z
CREAM-20260908-00633,Walter Turner,Walter Turner,Walter,Turner,waltert@aol.com,(786) 809-9367,Keller Williams,Keller Williams,Irving,Irving,TX,79175,23,43,43,19513633,4.6,B,68,Cold Outreach,Large (51-200 agents),2026-09-08T03:59:49Z
CREAM-20260908-00634,Walter Young,Walter Young,Walter,Young,walter_young@outlook.com,(212) 627-6106,Keller Williams Realty,Keller Williams Realty,Fresno,Fresno,CA,94252,22,31,31,19590185,3.6,B,71,Trade Show,Boutique (2-10 agents),2026-09-08T16:19:35Z
CREAM-20260908-00635,Kimberly Jenkins,Kimberly Jenkins,Kimberly,Jenkins,kjenkins@icloud.com,(234) 356-1026,RE/MAX,RE/MAX,Bakersfield,Bakersfield,CA,94539,21,67,67,44154669,4.0,B,93,Website Lead,Boutique (2-10 agents),2026-09-08T15:09:49Z
CREAM-20260908-00636,Victoria Campbell,Victoria Campbell,Victoria,Campbell,vcampbell@hotmail.com,(415) 483-1512,Halstead,Halstead,Buffalo,Buffalo,NY,13505,21,38,38,22733989,4.8,B,72,Realtor.com,Mid-size (11-50 agents),2026-09-08T16:23:41Z
CREAM-20260908-00637,Kevin Flores,Kevin Flores,Kevin,Flores,kflores@me.com,(646) 929-7568,Huntington Real Estate,Huntington Real Estate,Dayton,Dayton,OH,43891,5,16,16,5144901,4.4,B,69,Trade Show,Independent,2026-09-08T03:29:14Z
CREAM-20260908-00638,Brittany Harris,Brittany Harris,Brittany,Harris,brittanyh@compass.com,(256) 522-9498,Compass,Compass,Riverside,Riverside,CA,96982,5,21,21,22585818,3.1,B,85,NAR Directory,Boutique (2-10 agents),2026-09-08T15:59:30Z
CREAM-20260908-00639,Danielle Foster,Danielle Foster,Danielle,Foster,dfoster@sothebysinternational.com,(718) 286-8615,Sotheby's International,Sotheby's International,New Rochelle,New Rochelle,NY,14877,9,25,25,15802127,3.8,B,91,Cold Outreach,Mid-size (11-50 agents),2026-09-08T01:03:07Z
CREAM-20260908-00640,Donald Morris,Donald Morris,Donald,Morris,donald.morris@me.com,(256) 483-7812,Coldwell Banker,Coldwell Banker,Garland,Garland,TX,76944,2,8,8,3613677,3.4,B,100,Trade Show,Boutique (2-10 agents),2026-09-08T22:26:29Z
CREAM-20260908-00641,Jacqueline Rogers,Jacqueline Rogers,Jacqueline,Rogers,jacqueline.rogers@aol.com,(646) 223-1798,Coldwell Banker,Coldwell Banker,Amarillo,Amarillo,TX,77826,11,41,41,15653742,3.0,B,90,Trade Show,Boutique (2-10 agents),2026-09-08T18:46:27Z
CREAM-20260908-00642,Joshua Watson,Joshua Watson,Joshua,Watson,joshua.watson@outlook.com,(407) 699-3776,Keller Williams,Keller Williams,Gilbert,Gilbert,AZ,85685,2,11,11,5499416,3.1,B,99,Realtor.com,Large (51-200 agents),2026-09-08T03:45:11Z
CREAM-20260908-00643,Scott Baker,Scott Baker,Scott,Baker,scottb@hotmail.com,(980) 255-8429,Coldwell Banker,Coldwell Banker,Arvada,Arvada,CO,81333,21,59,59,34487420,3.7,B,83,Realtor.com,Large (51-200 agents),2026-09-08T05:27:22Z
CREAM-20260908-00644,Catherine Nelson,Catherine Nelson,Catherine,Nelson,catherinenelson@gmail.com,(256) 531-1123,LIV Sotheby's,LIV Sotheby's,Fort Collins,Fort Collins,CO,80232,21,45,45,29670608,4.2,B,87,MLS Database,Enterprise (200+ agents),2026-09-08T06:11:22Z
CREAM-20260908-00645,Amber Ramos,Amber Ramos,Amber,Ramos,amberramos@yahoo.com,(714) 800-5231,Brown Harris Stevens,Brown Harris Stevens,Rochester,Rochester,NY,14857,7,21,21,13580588,3.7,B,92,MLS Database,Boutique (2-10 agents),2026-09-08T13:49:52Z
CREAM-20260908-00646,Nicholas Jackson,Nicholas Jackson,Nicholas,Jackson,njackson@halstead.com,(718) 395-9876,Halstead,Halstead,Yonkers,Yonkers,NY,14419,0,1,1,582299,3.1,B,85,MLS Database,Mid-size (11-50 agents),2026-09-08T20:12:03Z
CREAM-20260908-00647,Alan Mitchell,Alan Mitchell,Alan,Mitchell,alan_mitchell@icloud.com,(512) 628-6596,Halstead,Halstead,Albany,Albany,NY,13152,11,60,60,27695885,3.6,B,98,Website Lead,Enterprise (200+ agents),2026-09-08T20:03:08Z
CREAM-20260908-00648,Tyler Stewart,Tyler Stewart,Tyler,Stewart,tylerstewart@outlook.com,(786) 842-3429,RE/MAX,RE/MAX,Thornton,Thornton,CO,80303,11,77,77,51742927,4.2,B,73,Facebook,Large (51-200 agents),2026-09-08T01:57:14Z
CREAM-20260908-00649,Tyler Wright,Tyler Wright,Tyler,Wright,twright@gmail.com,(972) 294-9989,Berkshire Hathaway,Berkshire Hathaway,Gilbert,Gilbert,AZ,86534,8,35,35,12932258,3.3,B,95,Referral Network,Independent,2026-09-08T14:39:29Z
CREAM-20260908-00650,Benjamin Bailey,Benjamin Bailey,Benjamin,Bailey,benjaminbailey@icloud.com,(713) 910-3806,RE/MAX,RE/MAX,Arlington,Arlington,TX,76396,2,4,4,1096830,3.6,B,66,Realtor.com,Large (51-200 agents),2026-09-08T11:31:50Z
CREAM-20260908-00651,Keith Morales,Keith Morales,Keith,Morales,keithm@gmail.com,(407) 814-9845,Coldwell Banker,Coldwell Banker,Fort Collins,Fort Collins,CO,81820,0,1,1,664022,3.5,B,89,Trade Show,Boutique (2-10 agents),2026-09-08T23:08:22Z
CREAM-20260908-00652,Carolyn Hall,Carolyn Hall,Carolyn,Hall,chall@me.com,(212) 658-9659,RE/MAX,RE/MAX,Lakewood,Lakewood,CO,81278,4,12,12,8579575,4.5,B,67,MLS Database,Enterprise (200+ agents),2026-09-08T12:48:50Z
CREAM-20260908-00653,Melissa Martinez,Melissa Martinez,Melissa,Martinez,melissam@outlook.com,(805) 840-6768,Cutler Real Estate,Cutler Real Estate,Dayton,Dayton,OH,45385,17,74,74,17466902,4.9,B,98,LinkedIn,Enterprise (200+ agents),2026-09-08T15:39:45Z
CREAM-20260908-00654,Scott Baker,Scott Baker,Scott,Baker,scottb@me.com,(713) 801-8122,RE/MAX,RE/MAX,Lakewood,Lakewood,CO,80243,7,26,26,13981322,3.6,B,100,Referral Network,Large (51-200 agents),2026-09-08T00:04:53Z
CREAM-20260908-00655,Carl Powell,Carl Powell,Carl,Powell,carlp@kellerwilliams.com,(916) 338-6918,Keller Williams,Keller Williams,Tempe,Tempe,AZ,86924,4,25,25,9174395,4.9,B,84,NAR Directory,Large (51-200 agents),2026-09-08T02:06:01Z
CREAM-20260908-00656,Diane Flores,Diane Flores,Diane,Flores,dianeflores@hotmail.com,(714) 309-4149,RE/MAX,RE/MAX,Garland,Garland,TX,76568,4,11,11,4023528,4.1,B,90,MLS Database,Mid-size (11-50 agents),2026-09-08T10:30:36Z
CREAM-20260908-00657,Margaret Smith,Margaret Smith,Margaret,Smith,margaretsmith@outlook.com,(214) 210-5011,Allen Tate,Allen Tate,Durham,Durham,NC,28158,0,2,2,503479,4.1,B,98,NAR Directory,Enterprise (200+ agents),2026-09-08T00:30:10Z
CREAM-20260908-00658,Linda Hill,Linda Hill,Linda,Hill,lindah@yahoo.com,(513) 438-9998,Brown Harris Stevens,Brown Harris Stevens,Syracuse,Syracuse,NY,11884,0,0,0,0,4.0,B,60,Realtor.com,Large (51-200 agents),2026-09-08T12:34:08Z
CREAM-20260908-00659,Richard Wood,Richard Wood,Richard,Wood,richard.wood@outlook.com,(916) 442-7104,Sotheby's International,Sotheby's International,Stockton,Stockton,CA,90903,18,46,46,33506943,3.1,B,99,Cold Outreach,Mid-size (11-50 agents),2026-09-08T21:48:21Z
CREAM-20260908-00660,Carl Collins,Carl Collins,Carl,Collins,carl.collins@livsothebys.com,(646) 279-4679,LIV Sotheby's,LIV Sotheby's,Thornton,Thornton,CO,80234,7,20,20,8569216,4.8,B,100,Referral Network,Enterprise (200+ agents),2026-09-08T00:40:53Z
CREAM-20260908-00661,Helen Scott,Helen Scott,Helen,Scott,helenscott@icloud.com,(303) 295-7348,Coldwell Banker,Coldwell Banker,Arlington,Arlington,TX,79965,5,10,10,3173458,4.2,B,85,Referral Network,Boutique (2-10 agents),2026-09-08T10:16:46Z
CREAM-20260908-00662,Betty Rivera,Betty Rivera,Betty,Rivera,bettyrivera@icloud.com,(512) 956-6096,Coldwell Banker,Coldwell Banker,Parma,Parma,OH,44920,0,4,4,1296698,3.5,B,72,Cold Outreach,Mid-size (11-50 agents),2026-09-08T08:52:01Z
CREAM-20260908-00663,Jeffrey Kelly,Jeffrey Kelly,Jeffrey,Kelly,jkelly@kellerwilliams.com,(303) 976-3921,Keller Williams,Keller Williams,Cary,Cary,NC,27400,5,13,13,5565925,3.5,B,67,Referral Network,Independent,2026-09-08T10:21:07Z
CREAM-20260908-00664,Stephen Nelson,Stephen Nelson,Stephen,Nelson,snelson@hotmail.com,(786) 297-2702,LIV Sotheby's,LIV Sotheby's,Fort Collins,Fort Collins,CO,80157,21,35,35,18446954,4.0,B,85,MLS Database,Enterprise (200+ agents),2026-09-08T23:06:32Z
CREAM-20260908-00665,Nancy Moore,Nancy Moore,Nancy,Moore,nmoore@outlook.com,(720) 588-4017,Keller Williams,Keller Williams,Arlington,Arlington,TX,75488,16,79,79,34323258,4.2,B,63,Facebook,Independent,2026-09-08T09:23:17Z
CREAM-20260908-00666,Anna Peterson,Anna Peterson,Anna,Peterson,apeterson@hotmail.com,(415) 689-9644,Berkshire Hathaway,Berkshire Hathaway,Chandler,Chandler,AZ,86840,11,28,28,11676626,3.1,B,90,MLS Database,Enterprise (200+ agents),2026-09-08T23:31:29Z
CREAM-20260908-00667,Rebecca Chavez,Rebecca Chavez,Rebecca,Chavez,rebecca.chavez@icloud.com,(512) 219-7219,Berkshire Hathaway,Berkshire Hathaway,Arvada,Arvada,CO,80950,11,71,71,30013220,4.7,B,100,Brokerage Listings,Large (51-200 agents),2026-09-08T04:46:37Z
CREAM-20260908-00668,Danielle Thomas,Danielle Thomas,Danielle,Thomas,danielle.thomas@icloud.com,(214) 853-9441,Sotheby's International,Sotheby's International,Bakersfield,Bakersfield,CA,96297,11,44,44,34494645,4.5,B,84,MLS Database,Independent,2026-09-08T22:03:41Z
CREAM-20260908-00669,Julia Hill,Julia Hill,Julia,Hill,julia.hill@kellerwilliams.com,(602) 353-8893,Keller Williams,Keller Williams,Syracuse,Syracuse,NY,10868,3,9,9,6896926,4.7,B,84,Trade Show,Independent,2026-09-08T06:46:21Z
CREAM-20260908-00670,Ashley Thompson,Ashley Thompson,Ashley,Thompson,ashleyt@re/max.com,(972) 652-3798,RE/MAX,RE/MAX,Fayetteville,Fayetteville,NC,27291,11,64,64,24482413,4.6,B,64,NAR Directory,Enterprise (200+ agents),2026-09-08T11:51:43Z
CREAM-20260908-00671,Roger Parker,Roger Parker,Roger,Parker,rogerp@icloud.com,(805) 336-3180,Berkshire Hathaway,Berkshire Hathaway,Corpus Christi,Corpus Christi,TX,75588,4,13,13,4805670,4.8,B,60,LinkedIn,Large (51-200 agents),2026-09-08T07:35:01Z
CREAM-20260908-00672,Grace Morgan,Grace Morgan,Grace,Morgan,grace.morgan@icloud.com,(602) 599-1998,Coldwell Banker,Coldwell Banker,Akron,Akron,OH,45748,3,24,24,7101679,4.6,B,68,Brokerage Listings,Mid-size (11-50 agents),2026-09-08T07:03:42Z
CREAM-20260908-00673,Anthony Young,Anthony Young,Anthony,Young,anthonyyoung@aol.com,(602) 301-4443,Douglas Elliman,Douglas Elliman,Lubbock,Lubbock,TX,76232,25,43,43,16796044,4.4,B,75,Website Lead,Independent,2026-09-08T05:31:52Z
CREAM-20260908-00674,Donald Lewis,Donald Lewis,Donald,Lewis,donaldlewis@gmail.com,(512) 258-3158,eXp Realty,eXp Realty,Santa Ana,Santa Ana,CA,96166,10,38,38,29404400,4.7,B,70,MLS Database,Enterprise (200+ agents),2026-09-08T02:42:47Z
CREAM-20260908-00675,Cynthia Gutierrez,Cynthia Gutierrez,Cynthia,Gutierrez,cynthiagutierrez@hotmail.com,(303) 863-6059,eXp Realty,eXp Realty,Cary,Cary,NC,27643,0,1,1,271953,4.7,B,64,Brokerage Listings,Enterprise (200+ agents),2026-09-08T12:46:08Z
CREAM-20260908-00676,Bruce Harris,Bruce Harris,Bruce,Harris,bruce.harris@aol.com,(805) 500-3624,Keller Williams Realty,Keller Williams Realty,Chula Vista,Chula Vista,CA,90160,25,77,77,54981776,4.9,B,62,Website Lead,Mid-size (11-50 agents),2026-09-08T18:59:24Z
CREAM-20260908-00677,Jonathan Reed,Jonathan Reed,Jonathan,Reed,jreed@pacificsothebys.com,(214) 370-9073,Pacific Sotheby's,Pacific Sotheby's,Fresno,Fresno,CA,92296,4,25,25,21296225,4.1,B,81,LinkedIn,Boutique (2-10 agents),2026-09-08T03:50:42Z
CREAM-20260908-00678,Aaron Bailey,Aaron Bailey,Aaron,Bailey,aaron.bailey@hotmail.com,(469) 905-3276,Compass,Compass,Port St. Lucie,Port St. Lucie,FL,32787,0,3,3,1567084,3.0,B,86,Facebook,Independent,2026-09-08T14:03:31Z
CREAM-20260908-00679,Emily Gray,Emily Gray,Emily,Gray,emily.gray@me.com,(334) 357-2812,Keller Williams,Keller Williams,Corpus Christi,Corpus Christi,TX,78389,1,12,12,5010787,3.9,B,62,Cold Outreach,Mid-size (11-50 agents),2026-09-08T15:12:09Z
CREAM-20260908-00680,Louis Jenkins,Louis Jenkins,Louis,Jenkins,louisj@coldwellbanker.com,(212) 582-6965,Coldwell Banker,Coldwell Banker,Winston-Salem,Winston-Salem,NC,27148,4,15,15,5654680,4.5,B,87,LinkedIn,Boutique (2-10 agents),2026-09-08T09:35:27Z
CREAM-20260908-00681,Victoria Ortiz,Victoria Ortiz,Victoria,Ortiz,victoria.ortiz@icloud.com,(714) 637-4652,Sotheby's International,Sotheby's International,Albany,Albany,NY,12222,16,64,64,52624481,4.2,B,70,Trade Show,Independent,2026-09-08T02:12:54Z
CREAM-20260908-00682,Julia Myers,Julia Myers,Julia,Myers,julia_myers@yahoo.com,(718) 298-1789,RE/MAX,RE/MAX,Toledo,Toledo,OH,43537,4,11,11,2527354,4.2,B,68,LinkedIn,Large (51-200 agents),2026-09-08T21:41:42Z
CREAM-20260908-00683,Alexander Taylor,Alexander Taylor,Alexander,Taylor,alexander.taylor@icloud.com,(786) 705-9879,Coldwell Banker,Coldwell Banker,Fresno,Fresno,CA,94681,11,36,36,27592426,4.5,B,90,MLS Database,Mid-size (11-50 agents),2026-09-08T22:10:09Z
CREAM-20260908-00684,Michael Brown,Michael Brown,Michael,Brown,michael.brown@cutlerrealestate.com,(256) 480-2777,Cutler Real Estate,Cutler Real Estate,Toledo,Toledo,OH,45860,2,4,4,729818,4.7,B,81,Cold Outreach,Boutique (2-10 agents),2026-09-08T21:27:48Z
CREAM-20260908-00685,Deborah Mendoza,Deborah Mendoza,Deborah,Mendoza,deborah.mendoza@aol.com,(212) 700-1238,Coldwell Banker,Coldwell Banker,Fresno,Fresno,CA,94571,2,5,5,3995850,3.5,B,85,Website Lead,Boutique (2-10 agents),2026-09-08T21:45:31Z
CREAM-20260908-00686,Anthony Alvarez,Anthony Alvarez,Anthony,Alvarez,anthonyalvarez@icloud.com,(256) 243-3558,Coldwell Banker,Coldwell Banker,Tempe,Tempe,AZ,85366,1,10,10,3797746,4.2,B,60,Website Lead,Mid-size (11-50 agents),2026-09-08T22:16:37Z
CREAM-20260908-00687,William Torres,William Torres,William,Torres,williamt@coldwellbanker.com,(786) 382-5331,Coldwell Banker,Coldwell Banker,Gilbert,Gilbert,AZ,85272,23,71,71,36355024,4.8,B,60,Trade Show,Independent,2026-09-08T16:34:47Z
CREAM-20260908-00688,Robert Ramos,Robert Ramos,Robert,Ramos,robert.ramos@re/max.com,(805) 856-6401,RE/MAX,RE/MAX,Durham,Durham,NC,27730,23,71,71,22677616,3.5,B,97,Realtor.com,Boutique (2-10 agents),2026-09-08T16:54:15Z
CREAM-20260908-00689,Patrick Russell,Patrick Russell,Patrick,Russell,patrick.russell@me.com,(256) 949-4846,RE/MAX,RE/MAX,Cary,Cary,NC,28805,6,22,22,9015312,3.8,B,60,Realtor.com,Large (51-200 agents),2026-09-08T16:24:50Z
CREAM-20260908-00690,Christine Morgan,Christine Morgan,Christine,Morgan,christinem@aol.com,(614) 564-4957,HomeSmart,HomeSmart,Tempe,Tempe,AZ,86355,7,19,19,7540189,4.4,B,90,Facebook,Large (51-200 agents),2026-09-08T07:02:06Z
CREAM-20260908-00691,Heather Roberts,Heather Roberts,Heather,Roberts,heatherroberts@gmail.com,(602) 625-4737,Compass,Compass,Fayetteville,Fayetteville,NC,28594,5,14,14,4452130,3.3,B,63,NAR Directory,Boutique (2-10 agents),2026-09-08T10:40:33Z
CREAM-20260908-00692,Megan Morris,Megan Morris,Megan,Morris,meganm@hotmail.com,(929) 651-8642,Compass,Compass,Winston-Salem,Winston-Salem,NC,27349,3,20,20,7657593,4.1,B,66,Trade Show,Enterprise (200+ agents),2026-09-08T07:50:32Z
CREAM-20260908-00693,Jacqueline Cox,Jacqueline Cox,Jacqueline,Cox,jacquelinecox@yahoo.com,(972) 784-6811,Berkshire Hathaway,Berkshire Hathaway,Dayton,Dayton,OH,43348,0,3,3,542375,3.5,B,100,Referral Network,Enterprise (200+ agents),2026-09-08T07:04:42Z
CREAM-20260908-00694,Bruce Anderson,Bruce Anderson,Bruce,Anderson,bruce.anderson@me.com,(916) 806-4052,Keller Williams,Keller Williams,Gilbert,Gilbert,AZ,85455,2,7,7,3418043,4.6,B,82,NAR Directory,Boutique (2-10 agents),2026-09-08T02:34:12Z
CREAM-20260908-00695,Linda Powell,Linda Powell,Linda,Powell,linda_powell@aol.com,(214) 780-7650,Century 21,Century 21,Hollywood,Hollywood,FL,34808,0,5,5,1473268,3.2,B,66,Cold Outreach,Independent,2026-09-08T08:17:24Z
CREAM-20260908-00696,Ronald Mitchell,Ronald Mitchell,Ronald,Mitchell,ronaldmitchell@aol.com,(212) 726-8451,Coldwell Banker,Coldwell Banker,Lakewood,Lakewood,CO,81318,19,45,45,26157476,3.4,B,71,Cold Outreach,Enterprise (200+ agents),2026-09-08T06:34:06Z
CREAM-20260908-00697,Lawrence Foster,Lawrence Foster,Lawrence,Foster,lawrence.foster@hotmail.com,(310) 887-8732,RE/MAX,RE/MAX,Toledo,Toledo,OH,44370,11,46,46,9199128,3.6,B,84,Website Lead,Large (51-200 agents),2026-09-08T04:11:26Z
CREAM-20260908-00698,Jeffrey Stewart,Jeffrey Stewart,Jeffrey,Stewart,jeffrey_stewart@yahoo.com,(310) 367-9270,Douglas Elliman,Douglas Elliman,Corpus Christi,Corpus Christi,TX,75535,17,56,56,17018989,4.4,B,80,LinkedIn,Independent,2026-09-08T00:24:36Z
CREAM-20260908-00699,Mark Watson,Mark Watson,Mark,Watson,markw@outlook.com,(212) 709-7354,Huntington Real Estate,Huntington Real Estate,Akron,Akron,OH,44351,2,8,8,2317619,4.0,B,79,Website Lead,Enterprise (200+ agents),2026-09-08T12:14:55Z
CREAM-20260908-00700,Mark Diaz,Mark Diaz,Mark,Diaz,markdiaz@gmail.com,(916) 307-6894,Keller Williams Realty,Keller Williams Realty,Fresno,Fresno,CA,92637,16,26,26,19804960,4.0,B,68,Facebook,Boutique (2-10 agents),2026-09-08T08:36:20Z
CREAM-20260908-00701,Rebecca Adams,Rebecca Adams,Rebecca,Adams,rebecca.adams@hotmail.com,(303) 647-7333,RE/MAX,RE/MAX,Hialeah,Hialeah,FL,32323,25,71,71,28668011,3.0,B,81,Realtor.com,Independent,2026-09-08T06:33:49Z
CREAM-20260908-00702,Raymond Mitchell,Raymond Mitchell,Raymond,Mitchell,raymond.mitchell@yahoo.com,(512) 916-3678,Coldwell Banker,Coldwell Banker,Bakersfield,Bakersfield,CA,95548,2,10,10,7516594,4.2,B,90,MLS Database,Boutique (2-10 agents),2026-09-08T17:21:51Z
CREAM-20260908-00703,Joshua Nelson,Joshua Nelson,Joshua,Nelson,jnelson@brownharrisstevens.com,(305) 845-4714,Brown Harris Stevens,Brown Harris Stevens,Rochester,Rochester,NY,14822,21,43,43,26383756,4.5,B,69,Website Lead,Independent,2026-09-08T18:08:27Z
CREAM-20260908-00704,Steven Ortiz,Steven Ortiz,Steven,Ortiz,stevenortiz@me.com,(980) 465-9978,Berkshire Hathaway,Berkshire Hathaway,Glendale,Glendale,AZ,85825,10,63,63,22737460,4.6,B,89,Referral Network,Enterprise (200+ agents),2026-09-08T05:00:04Z
CREAM-20260908-00705,Wayne Perry,Wayne Perry,Wayne,Perry,wayne.perry@gmail.com,(310) 778-4968,Keller Williams,Keller Williams,Lakewood,Lakewood,CO,80745,2,6,6,2488983,5.0,B,70,Cold Outreach,Mid-size (11-50 agents),2026-09-08T18:27:56Z
CREAM-20260908-00706,Gregory Coleman,Gregory Coleman,Gregory,Coleman,gcoleman@aol.com,(972) 771-6527,Nest Seekers,Nest Seekers,Albany,Albany,NY,12577,20,59,59,48818847,4.2,B,94,LinkedIn,Mid-size (11-50 agents),2026-09-08T07:27:07Z
CREAM-20260908-00707,Jason Anderson,Jason Anderson,Jason,Anderson,janderson@huntingtonrealestate.com,(916) 955-4961,Huntington Real Estate,Huntington Real Estate,Parma,Parma,OH,45101,2,5,5,1351286,3.7,B,78,Cold Outreach,Independent,2026-09-08T02:53:39Z
CREAM-20260908-00708,Debra Gonzalez,Debra Gonzalez,Debra,Gonzalez,debragonzalez@hotmail.com,(334) 623-6358,Keller Williams Realty,Keller Williams Realty,Bakersfield,Bakersfield,CA,93832,18,70,70,57797816,4.1,B,90,Cold Outreach,Enterprise (200+ agents),2026-09-08T01:44:45Z
CREAM-20260908-00709,Albert Harris,Albert Harris,Albert,Harris,aharris@pacificsothebys.com,(786) 980-3926,Pacific Sotheby's,Pacific Sotheby's,Anaheim,Anaheim,CA,95576,0,1,1,635539,4.0,B,87,LinkedIn,Independent,2026-09-08T21:59:01Z
CREAM-20260908-00710,Arthur Miller,Arthur Miller,Arthur,Miller,arthurm@aol.com,(718) 602-4042,Douglas Elliman,Douglas Elliman,Amarillo,Amarillo,TX,76808,21,70,70,25943164,3.5,B,74,Realtor.com,Enterprise (200+ agents),2026-09-08T19:06:59Z
CREAM-20260908-00711,Carolyn Peterson,Carolyn Peterson,Carolyn,Peterson,carolynpeterson@yahoo.com,(234) 602-9277,Huntington Real Estate,Huntington Real Estate,Dayton,Dayton,OH,45491,15,30,30,7824890,3.2,B,75,NAR Directory,Large (51-200 agents),2026-09-08T03:21:14Z
CREAM-20260908-00712,Arthur Gutierrez,Arthur Gutierrez,Arthur,Gutierrez,arthurgutierrez@gmail.com,(614) 326-8526,Keller Williams,Keller Williams,Amarillo,Amarillo,TX,76210,5,9,9,2542524,3.9,B,77,Cold Outreach,Large (51-200 agents),2026-09-08T10:31:35Z
CREAM-20260908-00713,Richard Johnson,Richard Johnson,Richard,Johnson,rjohnson@exprealty.com,(718) 656-5312,eXp Realty,eXp Realty,Chandler,Chandler,AZ,85757,13,58,58,17625987,4.9,B,97,MLS Database,Enterprise (200+ agents),2026-09-08T00:34:22Z
CREAM-20260908-00714,Anna Coleman,Anna Coleman,Anna,Coleman,acoleman@yahoo.com,(407) 464-6635,Brown Harris Stevens,Brown Harris Stevens,New Rochelle,New Rochelle,NY,12668,5,23,23,11179185,4.1,B,72,Cold Outreach,Mid-size (11-50 agents),2026-09-08T15:44:33Z
CREAM-20260908-00715,Janet Rogers,Janet Rogers,Janet,Rogers,jrogers@me.com,(214) 570-8412,RE/MAX,RE/MAX,Cape Coral,Cape Coral,FL,32180,1,11,11,5725797,3.8,B,97,MLS Database,Independent,2026-09-08T06:35:59Z
CREAM-20260908-00716,Eugene Ruiz,Eugene Ruiz,Eugene,Ruiz,eugener@me.com,(916) 924-9388,Keller Williams,Keller Williams,Thornton,Thornton,CO,81207,22,25,25,17179121,4.3,B,74,Trade Show,Boutique (2-10 agents),2026-09-08T11:09:48Z
CREAM-20260908-00717,Walter Carter,Walter Carter,Walter,Carter,waltercarter@aol.com,(303) 681-7363,RE/MAX,RE/MAX,Hollywood,Hollywood,FL,32783,2,4,4,1555848,3.9,B,99,Trade Show,Independent,2026-09-08T08:30:13Z
CREAM-20260908-00718,Betty Russell,Betty Russell,Betty,Russell,betty.russell@livsothebys.com,(234) 726-8395,LIV Sotheby's,LIV Sotheby's,Thornton,Thornton,CO,80855,11,77,77,44101278,4.8,B,68,Realtor.com,Independent,2026-09-08T01:01:58Z
CREAM-20260908-00719,Benjamin Morgan,Benjamin Morgan,Benjamin,Morgan,bmorgan@kellerwilliams.com,(614) 942-9006,Keller Williams,Keller Williams,Dayton,Dayton,OH,44920,20,78,78,21777277,3.7,B,70,Brokerage Listings,Enterprise (200+ agents),2026-09-08T04:52:09Z
CREAM-20260908-00720,Margaret Green,Margaret Green,Margaret,Green,margaretgreen@me.com,(805) 979-6371,Compass,Compass,Cary,Cary,NC,27549,16,25,25,9085457,4.7,B,67,NAR Directory,Large (51-200 agents),2026-09-08T08:42:17Z
CREAM-20260908-00721,Emily Carter,Emily Carter,Emily,Carter,emilycarter@hotmail.com,(713) 396-2503,Sotheby's International,Sotheby's International,Albany,Albany,NY,11215,0,5,5,2858901,4.2,B,62,LinkedIn,Independent,2026-09-08T14:07:14Z
CREAM-20260908-00722,Michelle Bailey,Michelle Bailey,Michelle,Bailey,michelleb@yahoo.com,(786) 995-4601,HER Realtors,HER Realtors,Akron,Akron,OH,44754,1,3,3,559133,3.8,B,63,LinkedIn,Independent,2026-09-08T01:19:56Z
CREAM-20260908-00723,Sandra Brown,Sandra Brown,Sandra,Brown,sandra_brown@icloud.com,(212) 472-8410,Compass,Compass,Cary,Cary,NC,28731,0,3,3,1227377,4.9,B,80,Facebook,Boutique (2-10 agents),2026-09-08T05:38:09Z
CREAM-20260908-00724,Olivia Robinson,Olivia Robinson,Olivia,Robinson,oliviarobinson@me.com,(713) 557-7458,eXp Realty,eXp Realty,Amarillo,Amarillo,TX,76229,19,72,72,18287799,3.7,B,78,Referral Network,Large (51-200 agents),2026-09-08T15:55:08Z
CREAM-20260908-00725,Tyler Roberts,Tyler Roberts,Tyler,Roberts,tylerroberts@aol.com,(256) 829-5788,Compass,Compass,Hollywood,Hollywood,FL,34170,13,54,54,24577699,4.4,B,86,Brokerage Listings,Enterprise (200+ agents),2026-09-08T05:38:07Z
CREAM-20260908-00726,Brandon Morales,Brandon Morales,Brandon,Morales,brandon.morales@herrealtors.com,(916) 841-2980,HER Realtors,HER Realtors,Toledo,Toledo,OH,43589,17,69,69,21908304,4.5,B,68,Brokerage Listings,Boutique (2-10 agents),2026-09-08T15:47:35Z
CREAM-20260908-00727,Louis Young,Louis Young,Louis,Young,louisy@re/max.com,(919) 561-3187,RE/MAX,RE/MAX,Bakersfield,Bakersfield,CA,96504,4,12,12,9040264,3.8,B,61,NAR Directory,Boutique (2-10 agents),2026-09-08T17:52:36Z
CREAM-20260908-00728,Stephen Rodriguez,Stephen Rodriguez,Stephen,Rodriguez,srodriguez@sothebysinternational.com,(512) 949-8293,Sotheby's International,Sotheby's International,Syracuse,Syracuse,NY,12149,1,7,7,5152651,5.0,B,95,Brokerage Listings,Large (51-200 agents),2026-09-08T02:23:01Z
CREAM-20260908-00729,George Gomez,George Gomez,George,Gomez,georgegomez@gmail.com,(469) 270-6100,Long Realty,Long Realty,Gilbert,Gilbert,AZ,85591,1,8,8,3428214,4.3,B,72,Facebook,Boutique (2-10 agents),2026-09-08T10:46:33Z
CREAM-20260908-00730,Roger Lee,Roger Lee,Roger,Lee,rogerl@briggsfreemansothebys.com,(713) 426-4762,Briggs Freeman Sotheby's,Briggs Freeman Sotheby's,Lubbock,Lubbock,TX,79600,4,20,20,6670733,3.3,B,67,Website Lead,Large (51-200 agents),2026-09-08T17:07:32Z
CREAM-20260908-00731,Gary White,Gary White,Gary,White,gwhite@hotmail.com,(714) 916-2258,RE/MAX,RE/MAX,Pembroke Pines,Pembroke Pines,FL,34829,0,0,0,0,4.9,B,98,Brokerage Listings,Large (51-200 agents),2026-09-08T01:31:58Z
CREAM-20260908-00732,Pamela Hill,Pamela Hill,Pamela,Hill,pamelah@hotmail.com,(980) 867-3169,Coldwell Banker,Coldwell Banker,Fresno,Fresno,CA,94222,1,9,9,9119495,3.0,B,97,NAR Directory,Mid-size (11-50 agents),2026-09-08T09:23:13Z
CREAM-20260908-00733,Pamela Rodriguez,Pamela Rodriguez,Pamela,Rodriguez,pamela.rodriguez@me.com,(919) 504-9572,Long Realty,Long Realty,Gilbert,Gilbert,AZ,86567,12,39,39,20567027,4.8,B,88,NAR Directory,Enterprise (200+ agents),2026-09-08T10:04:40Z
CREAM-20260908-00734,Rebecca Rivera,Rebecca Rivera,Rebecca,Rivera,rebecca.rivera@yahoo.com,(256) 711-5292,Coldwell Banker,Coldwell Banker,Irving,Irving,TX,77259,10,27,27,10207921,3.5,B,84,NAR Directory,Large (51-200 agents),2026-09-08T19:01:21Z
CREAM-20260908-00735,Larry Bailey,Larry Bailey,Larry,Bailey,larry_bailey@icloud.com,(512) 959-1478,Douglas Elliman,Douglas Elliman,Irving,Irving,TX,77317,17,29,29,12571654,4.9,B,95,Facebook,Large (51-200 agents),2026-09-08T03:03:01Z
CREAM-20260908-00736,Andrew Collins,Andrew Collins,Andrew,Collins,andrewc@icloud.com,(718) 662-7477,Berkshire Hathaway,Berkshire Hathaway,Thornton,Thornton,CO,80419,4,24,24,10352180,4.4,B,98,Cold Outreach,Independent,2026-09-08T19:10:35Z
CREAM-20260908-00737,Edward Nelson,Edward Nelson,Edward,Nelson,edwardnelson@me.com,(310) 382-7479,RE/MAX,RE/MAX,Durham,Durham,NC,27219,11,65,65,24297279,4.5,B,68,Brokerage Listings,Boutique (2-10 agents),2026-09-08T03:46:14Z
CREAM-20260908-00738,Mary Price,Mary Price,Mary,Price,maryprice@outlook.com,(214) 649-9442,Keller Williams Realty,Keller Williams Realty,Fresno,Fresno,CA,96935,2,4,4,4184704,3.2,B,99,LinkedIn,Enterprise (200+ agents),2026-09-08T03:19:04Z
CREAM-20260908-00739,Lauren Diaz,Lauren Diaz,Lauren,Diaz,lauren_diaz@icloud.com,(415) 287-1794,eXp Realty,eXp Realty,Glendale,Glendale,AZ,86108,22,36,36,18914527,5.0,B,90,Realtor.com,Large (51-200 agents),2026-09-08T17:55:20Z
CREAM-20260908-00740,Diane Coleman,Diane Coleman,Diane,Coleman,dcoleman@coldwellbanker.com,(916) 480-1833,Coldwell Banker,Coldwell Banker,Chula Vista,Chula Vista,CA,92606,9,21,21,15378045,4.5,B,87,Facebook,Boutique (2-10 agents),2026-09-08T13:52:51Z
CREAM-20260908-00741,Benjamin Wilson,Benjamin Wilson,Benjamin,Wilson,bwilson@aol.com,(407) 296-2493,eXp Realty,eXp Realty,Glendale,Glendale,AZ,86763,11,28,28,10838772,3.1,B,78,Referral Network,Enterprise (200+ agents),2026-09-08T02:40:30Z
CREAM-20260908-00742,Brandon Jones,Brandon Jones,Brandon,Jones,bjones@russelllyonsothebys.com,(512) 451-5843,Russell Lyon Sotheby's,Russell Lyon Sotheby's,Tempe,Tempe,AZ,86797,6,35,35,10323699,3.2,B,70,Realtor.com,Independent,2026-09-08T11:43:00Z
CREAM-20260908-00743,Natalie Morgan,Natalie Morgan,Natalie,Morgan,natalie.morgan@re/max.com,(916) 782-4921,RE/MAX,RE/MAX,Winston-Salem,Winston-Salem,NC,27740,4,25,25,10956428,4.0,B,98,Trade Show,Boutique (2-10 agents),2026-09-08T12:59:00Z
CREAM-20260908-00744,Jeffrey Hernandez,Jeffrey Hernandez,Jeffrey,Hernandez,jeffrey.hernandez@me.com,(786) 788-5351,Keller Williams,Keller Williams,Chandler,Chandler,AZ,86532,24,31,31,10519103,3.5,B,60,Brokerage Listings,Mid-size (11-50 agents),2026-09-08T21:27:22Z
CREAM-20260908-00745,Pamela Reed,Pamela Reed,Pamela,Reed,pamelar@re/max.com,(469) 828-1865,RE/MAX,RE/MAX,Chandler,Chandler,AZ,85219,0,2,2,814970,3.7,B,92,Cold Outreach,Mid-size (11-50 agents),2026-09-08T16:36:03Z
CREAM-20260908-00746,Thomas Reed,Thomas Reed,Thomas,Reed,thomas.reed@douglaselliman.com,(212) 444-6469,Douglas Elliman,Douglas Elliman,Garland,Garland,TX,78733,15,67,67,22905087,3.9,B,97,LinkedIn,Boutique (2-10 agents),2026-09-08T21:15:55Z
CREAM-20260908-00747,Alan Stewart,Alan Stewart,Alan,Stewart,alan.stewart@huntingtonrealestate.com,(407) 625-7783,Huntington Real Estate,Huntington Real Estate,Parma,Parma,OH,43475,2,9,9,1730444,4.6,B,68,MLS Database,Independent,2026-09-08T23:19:25Z
CREAM-20260908-00748,Mary Robinson,Mary Robinson,Mary,Robinson,mary_robinson@aol.com,(310) 375-9286,Keller Williams,Keller Williams,Parma,Parma,OH,44652,10,31,31,9457976,3.2,B,76,Website Lead,Independent,2026-09-08T12:29:25Z
CREAM-20260908-00749,Jason Rodriguez,Jason Rodriguez,Jason,Rodriguez,jason_rodriguez@outlook.com,(929) 247-3089,eXp Realty,eXp Realty,Durham,Durham,NC,27846,3,16,16,7202075,3.5,B,95,Facebook,Mid-size (11-50 agents),2026-09-08T02:13:19Z
CREAM-20260908-00750,Timothy Allen,Timothy Allen,Timothy,Allen,timothyallen@gmail.com,(234) 757-2487,Russell Lyon Sotheby's,Russell Lyon Sotheby's,Chandler,Chandler,AZ,85931,5,8,8,3812292,3.1,B,60,Facebook,Large (51-200 agents),2026-09-08T19:55:47Z
CREAM-20260908-00751,Jacqueline Cook,Jacqueline Cook,Jacqueline,Cook,jacqueline_cook@yahoo.com,(916) 460-2439,HER Realtors,HER Realtors,Lorain,Lorain,OH,45397,24,66,66,19186651,4.1,C,79,Referral Network,Mid-size (11-50 agents),2026-09-08T16:26:25Z
CREAM-20260908-00752,Eric Nelson,Eric Nelson,Eric,Nelson,ericn@kellerwilliams.com,(602) 867-9175,Keller Williams,Keller Williams,Peoria,Peoria,AZ,85307,1,11,11,3554175,3.2,C,92,Referral Network,Large (51-200 agents),2026-09-08T06:34:49Z
CREAM-20260908-00753,Christine Carter,Christine Carter,Christine,Carter,ccarter@homesmart.com,(310) 274-4605,HomeSmart,HomeSmart,Surprise,Surprise,AZ,86255,16,54,54,18056869,3.6,C,65,LinkedIn,Mid-size (11-50 agents),2026-09-08T22:29:10Z
CREAM-20260908-00754,Joshua Myers,Joshua Myers,Joshua,Myers,jmyers@homesmart.com,(720) 365-8832,HomeSmart,HomeSmart,Surprise,Surprise,AZ,86720,0,0,0,0,3.5,C,73,Brokerage Listings,Mid-size (11-50 agents),2026-09-08T04:53:42Z
CREAM-20260908-00755,Lawrence Murphy,Lawrence Murphy,Lawrence,Murphy,lmurphy@outlook.com,(469) 987-1356,8z Real Estate,8z Real Estate,Centennial,Centennial,CO,80717,1,3,3,2076985,3.8,C,79,LinkedIn,Independent,2026-09-08T11:47:02Z
CREAM-20260908-00756,Sandra Jones,Sandra Jones,Sandra,Jones,sandraj@gmail.com,(305) 488-7008,Berkshire Hathaway,Berkshire Hathaway,Grand Prairie,Grand Prairie,TX,75369,7,34,34,11345611,3.8,C,72,Referral Network,Mid-size (11-50 agents),2026-09-08T05:54:50Z
CREAM-20260908-00757,Christopher Young,Christopher Young,Christopher,Young,christopheryoung@me.com,(602) 907-7323,Howard Hanna,Howard Hanna,Concord,Concord,NC,27410,10,35,35,14228874,4.0,C,65,Brokerage Listings,Mid-size (11-50 agents),2026-09-08T23:59:36Z
CREAM-20260908-00758,Deborah Alvarez,Deborah Alvarez,Deborah,Alvarez,deborah_alvarez@outlook.com,(919) 679-2210,Keller Williams Realty,Keller Williams Realty,Gainesville,Gainesville,FL,34875,18,31,31,12440296,3.0,C,66,MLS Database,Boutique (2-10 agents),2026-09-08T01:53:31Z
CREAM-20260908-00759,Kenneth Brooks,Kenneth Brooks,Kenneth,Brooks,kennethb@aol.com,(786) 631-2163,Allen Tate,Allen Tate,Wilmington,Wilmington,NC,28963,4,12,12,2981796,4.4,C,60,Facebook,Mid-size (11-50 agents),2026-09-08T15:24:19Z
CREAM-20260908-00760,Christopher Hill,Christopher Hill,Christopher,Hill,christopherh@aol.com,(980) 480-1882,Douglas Elliman,Douglas Elliman,Pasadena,Pasadena,TX,76424,9,27,27,8172163,4.4,C,83,Website Lead,Boutique (2-10 agents),2026-09-08T01:13:19Z
CREAM-20260908-00761,Joshua Martinez,Joshua Martinez,Joshua,Martinez,joshuam@re/max.com,(713) 240-1636,RE/MAX,RE/MAX,Peoria,Peoria,AZ,85696,23,42,42,21676391,3.1,C,83,LinkedIn,Boutique (2-10 agents),2026-09-08T14:42:03Z
CREAM-20260908-00762,Karen Wood,Karen Wood,Karen,Wood,karen.wood@kellerwilliams.com,(303) 792-1478,Keller Williams,Keller Williams,Canton,Canton,OH,43802,5,9,9,2356615,4.2,C,88,Facebook,Mid-size (11-50 agents),2026-09-08T21:55:04Z
CREAM-20260908-00763,Elizabeth Evans,Elizabeth Evans,Elizabeth,Evans,eevans@aol.com,(469) 280-9165,eXp Realty,eXp Realty,West Palm Beach,West Palm Beach,FL,33108,3,12,12,5528947,4.1,C,73,Brokerage Listings,Independent,2026-09-08T21:45:43Z
CREAM-20260908-00764,Brenda Bailey,Brenda Bailey,Brenda,Bailey,brendab@berkshirehathaway.com,(407) 717-7715,Berkshire Hathaway,Berkshire Hathaway,Yuma,Yuma,AZ,86503,23,55,55,28277902,4.5,C,78,Cold Outreach,Large (51-200 agents),2026-09-08T07:27:12Z
CREAM-20260908-00765,Linda Cruz,Linda Cruz,Linda,Cruz,linda.cruz@icloud.com,(614) 361-6125,Huntington Real Estate,Huntington Real Estate,Youngstown,Youngstown,OH,45876,2,3,3,706130,3.9,C,66,Facebook,Large (51-200 agents),2026-09-08T15:39:02Z
CREAM-20260908-00766,Albert Turner,Albert Turner,Albert,Turner,albertturner@outlook.com,(404) 497-1007,Coldwell Banker,Coldwell Banker,Surprise,Surprise,AZ,85868,5,10,10,4127884,4.6,C,64,Brokerage Listings,Mid-size (11-50 agents),2026-09-08T12:09:18Z
CREAM-20260908-00767,Scott Rodriguez,Scott Rodriguez,Scott,Rodriguez,srodriguez@aol.com,(718) 645-8040,eXp Realty,eXp Realty,Wilmington,Wilmington,NC,28802,9,17,17,7110431,3.3,C,82,MLS Database,Independent,2026-09-08T06:48:03Z
CREAM-20260908-00768,Christopher Collins,Christopher Collins,Christopher,Collins,ccollins@yahoo.com,(919) 496-9496,Long Realty,Long Realty,Surprise,Surprise,AZ,86916,4,15,15,6527773,4.3,C,65,Website Lead,Enterprise (200+ agents),2026-09-08T16:27:02Z
CREAM-20260908-00769,Julia Jones,Julia Jones,Julia,Jones,juliaj@outlook.com,(713) 327-5887,eXp Realty,eXp Realty,Miramar,Miramar,FL,32716,5,13,13,6617287,4.5,C,98,Cold Outreach,Independent,2026-09-08T22:17:45Z
CREAM-20260908-00770,Jason Thompson,Jason Thompson,Jason,Thompson,jthompson@re/max.com,(415) 892-9798,RE/MAX,RE/MAX,Greenville,Greenville,NC,27830,4,10,10,4406378,3.2,C,75,Referral Network,Large (51-200 agents),2026-09-08T21:42:06Z
CREAM-20260908-00771,Carl Martinez,Carl Martinez,Carl,Martinez,carlm@coldwellbanker.com,(704) 391-4137,Coldwell Banker,Coldwell Banker,Canton,Canton,OH,45896,1,4,4,890630,4.1,C,89,LinkedIn,Boutique (2-10 agents),2026-09-08T07:25:35Z
CREAM-20260908-00772,James Reyes,James Reyes,James,Reyes,jamesr@gmail.com,(720) 472-6208,RE/MAX,RE/MAX,Grand Prairie,Grand Prairie,TX,76778,2,4,4,1416889,4.9,C,60,NAR Directory,Mid-size (11-50 agents),2026-09-08T05:35:25Z
CREAM-20260908-00773,Robert Ward,Robert Ward,Robert,Ward,robertw@compass.com,(407) 229-2936,Compass,Compass,Westminster,Westminster,CO,80241,4,15,15,9206078,4.3,C,76,Website Lead,Independent,2026-09-08T21:34:51Z
CREAM-20260908-00774,Paul Baker,Paul Baker,Paul,Baker,pbaker@coldwellbanker.com,(614) 533-2804,Coldwell Banker,Coldwell Banker,Avondale,Avondale,AZ,85552,5,18,18,7621299,4.8,C,65,Cold Outreach,Boutique (2-10 agents),2026-09-08T04:35:12Z
CREAM-20260908-00775,Carolyn Harris,Carolyn Harris,Carolyn,Harris,charris@compass.com,(916) 354-8227,Compass,Compass,Hempstead,Hempstead,NY,11166,1,4,4,3025879,4.3,C,66,Website Lead,Independent,2026-09-08T05:21:19Z
CREAM-20260908-00776,Jerry Gomez,Jerry Gomez,Jerry,Gomez,jerryg@alliebethallman.com,(310) 266-6868,Allie Beth Allman,Allie Beth Allman,McKinney,McKinney,TX,75442,5,13,13,5474566,3.3,C,84,Brokerage Listings,Boutique (2-10 agents),2026-09-08T15:52:07Z
CREAM-20260908-00777,Gloria Jimenez,Gloria Jimenez,Gloria,Jimenez,gjimenez@gmail.com,(720) 636-1725,Compass,Compass,Westminster,Westminster,CO,80572,1,3,3,1630864,4.9,C,81,MLS Database,Enterprise (200+ agents),2026-09-08T23:28:23Z
CREAM-20260908-00778,Jennifer Turner,Jennifer Turner,Jennifer,Turner,jenniferturner@gmail.com,(614) 914-3869,Berkshire Hathaway,Berkshire Hathaway,Gainesville,Gainesville,FL,32349,3,25,25,7399949,3.4,C,81,Facebook,Independent,2026-09-08T04:20:21Z
CREAM-20260908-00779,Nancy Clark,Nancy Clark,Nancy,Clark,nancyc@icloud.com,(212) 504-6278,RE/MAX,RE/MAX,High Point,High Point,NC,27197,6,24,24,7799018,3.9,C,70,NAR Directory,Mid-size (11-50 agents),2026-09-08T17:38:37Z
CREAM-20260908-00780,Margaret Alvarez,Margaret Alvarez,Margaret,Alvarez,margaret_alvarez@outlook.com,(646) 878-4218,RE/MAX,RE/MAX,Fontana,Fontana,CA,92820,2,8,8,8450342,3.8,C,66,Cold Outreach,Large (51-200 agents),2026-09-08T20:16:03Z
CREAM-20260908-00781,Mark Ross,Mark Ross,Mark,Ross,mark_ross@me.com,(334) 855-5262,Briggs Freeman Sotheby's,Briggs Freeman Sotheby's,McKinney,McKinney,TX,78345,9,25,25,6424067,3.9,C,98,Trade Show,Enterprise (200+ agents),2026-09-08T17:59:19Z
CREAM-20260908-00782,Danielle Russell,Danielle Russell,Danielle,Russell,daniellerussell@hotmail.com,(305) 448-6615,Berkshire Hathaway,Berkshire Hathaway,Boulder,Boulder,CO,81220,24,46,46,21128364,3.2,C,73,Cold Outreach,Mid-size (11-50 agents),2026-09-08T20:34:38Z
CREAM-20260908-00783,Heather Scott,Heather Scott,Heather,Scott,heathers@howardhanna.com,(305) 444-4706,Howard Hanna,Howard Hanna,Wilmington,Wilmington,NC,28493,3,19,19,6494841,3.4,C,69,Website Lead,Large (51-200 agents),2026-09-08T15:22:27Z
CREAM-20260908-00784,Sharon Thompson,Sharon Thompson,Sharon,Thompson,sharonthompson@yahoo.com,(916) 203-7455,Pacific Sotheby's,Pacific Sotheby's,Moreno Valley,Moreno Valley,CA,92360,25,28,28,19654277,4.5,C,81,MLS Database,Independent,2026-09-08T12:34:40Z
CREAM-20260908-00785,Margaret Jones,Margaret Jones,Margaret,Jones,margaret_jones@icloud.com,(212) 687-7014,Keller Williams,Keller Williams,Utica,Utica,NY,10853,18,77,77,36948396,4.1,C,99,NAR Directory,Independent,2026-09-08T18:48:53Z
CREAM-20260908-00786,Samuel Martinez,Samuel Martinez,Samuel,Martinez,samuelm@aol.com,(972) 359-8313,RE/MAX,RE/MAX,West Palm Beach,West Palm Beach,FL,33671,5,18,18,8204935,4.7,C,89,MLS Database,Independent,2026-09-08T07:58:26Z
CREAM-20260908-00787,Debra Miller,Debra Miller,Debra,Miller,dmiller@re/max.com,(513) 293-2890,RE/MAX,RE/MAX,Fremont,Fremont,CA,95412,11,68,68,43236981,3.5,C,81,Cold Outreach,Independent,2026-09-08T23:06:29Z
CREAM-20260908-00788,Christine Mendoza,Christine Mendoza,Christine,Mendoza,christine.mendoza@icloud.com,(646) 489-4138,Coldwell Banker,Coldwell Banker,Oxnard,Oxnard,CA,94391,16,31,31,33492181,4.3,C,85,NAR Directory,Mid-size (11-50 agents),2026-09-08T09:03:51Z
CREAM-20260908-00789,Rachel Morris,Rachel Morris,Rachel,Morris,rachel.morris@nestseekers.com,(256) 698-1849,Nest Seekers,Nest Seekers,Hempstead,Hempstead,NY,12150,0,1,1,755228,3.1,C,89,Cold Outreach,Boutique (2-10 agents),2026-09-08T00:10:48Z
CREAM-20260908-00790,Andrew Sanchez,Andrew Sanchez,Andrew,Sanchez,andrew.sanchez@aol.com,(469) 283-6484,Brown Harris Stevens,Brown Harris Stevens,White Plains,White Plains,NY,13174,1,10,10,5270024,3.5,C,88,Referral Network,Enterprise (200+ agents),2026-09-08T08:59:51Z
CREAM-20260908-00791,Jason Sullivan,Jason Sullivan,Jason,Sullivan,jasons@exprealty.com,(980) 804-7900,eXp Realty,eXp Realty,Canton,Canton,OH,43426,5,13,13,3485812,3.7,C,85,Facebook,Large (51-200 agents),2026-09-08T06:04:48Z
CREAM-20260908-00792,Stephen Turner,Stephen Turner,Stephen,Turner,stephen_turner@gmail.com,(310) 595-8783,Keller Williams,Keller Williams,Peoria,Peoria,AZ,86459,4,17,17,8827386,5.0,C,75,Referral Network,Enterprise (200+ agents),2026-09-08T23:02:38Z
CREAM-20260908-00793,Paul Kelly,Paul Kelly,Paul,Kelly,paul.kelly@icloud.com,(718) 631-2579,RE/MAX,RE/MAX,Palm Bay,Palm Bay,FL,33906,12,47,47,15286092,3.1,C,90,NAR Directory,Independent,2026-09-08T08:12:04Z
CREAM-20260908-00794,Helen Scott,Helen Scott,Helen,Scott,helen.scott@douglaselliman.com,(310) 233-2302,Douglas Elliman,Douglas Elliman,Coral Springs,Coral Springs,FL,34914,2,4,4,1950006,4.5,C,84,Realtor.com,Independent,2026-09-08T17:17:53Z
CREAM-20260908-00795,Paul Taylor,Paul Taylor,Paul,Taylor,ptaylor@yahoo.com,(404) 920-6347,Douglas Elliman,Douglas Elliman,Clearwater,Clearwater,FL,33413,1,10,10,4653091,3.8,C,65,Trade Show,Mid-size (11-50 agents),2026-09-08T10:22:34Z
CREAM-20260908-00796,Nicholas Jackson,Nicholas Jackson,Nicholas,Jackson,njackson@kellerwilliams.com,(334) 593-4934,Keller Williams,Keller Williams,Schenectady,Schenectady,NY,13231,24,46,46,20999635,4.4,C,78,Trade Show,Independent,2026-09-08T01:29:29Z
CREAM-20260908-00797,Amanda Harris,Amanda Harris,Amanda,Harris,amanda_harris@gmail.com,(980) 423-1224,Compass,Compass,Modesto,Modesto,CA,90239,18,56,56,37746125,4.8,C,100,Realtor.com,Large (51-200 agents),2026-09-08T15:11:29Z
CREAM-20260908-00798,Megan Coleman,Megan Coleman,Megan,Coleman,megan_coleman@me.com,(929) 925-7018,Douglas Elliman,Douglas Elliman,Schenectady,Schenectady,NY,14375,1,10,10,6401107,4.1,C,67,Brokerage Listings,Large (51-200 agents),2026-09-08T20:25:27Z
CREAM-20260908-00799,Donald Smith,Donald Smith,Donald,Smith,donald.smith@icloud.com,(407) 629-8025,Nest Seekers,Nest Seekers,Utica,Utica,NY,13671,0,2,2,1628904,4.9,C,64,Referral Network,Boutique (2-10 agents),2026-09-08T06:59:40Z
CREAM-20260908-00800,Anna Edwards,Anna Edwards,Anna,Edwards,anna.edwards@gmail.com,(404) 886-9664,Coldwell Banker,Coldwell Banker,Canton,Canton,OH,43755,23,68,68,13154450,4.8,C,79,Brokerage Listings,Enterprise (200+ agents),2026-09-08T16:17:25Z
CREAM-20260908-00801,Robert Foster,Robert Foster,Robert,Foster,robert_foster@gmail.com,(407) 403-8361,8z Real Estate,8z Real Estate,Centennial,Centennial,CO,81760,23,54,54,33990051,4.7,C,85,Referral Network,Enterprise (200+ agents),2026-09-08T10:00:08Z
CREAM-20260908-00802,Kenneth Robinson,Kenneth Robinson,Kenneth,Robinson,kennethr@aol.com,(916) 245-5672,eXp Realty,eXp Realty,Coral Springs,Coral Springs,FL,34627,16,42,42,15998364,3.9,C,93,LinkedIn,Independent,2026-09-08T18:20:44Z
CREAM-20260908-00803,Jacqueline Nguyen,Jacqueline Nguyen,Jacqueline,Nguyen,jacqueline.nguyen@aol.com,(212) 726-8431,RE/MAX,RE/MAX,Coral Springs,Coral Springs,FL,33222,9,25,25,13164358,3.2,C,81,Website Lead,Large (51-200 agents),2026-09-08T13:23:22Z
CREAM-20260908-00804,Dorothy Sullivan,Dorothy Sullivan,Dorothy,Sullivan,dorothy.sullivan@douglaselliman.com,(512) 580-6544,Douglas Elliman,Douglas Elliman,Coral Springs,Coral Springs,FL,32436,24,29,29,14182337,4.3,C,83,Facebook,Independent,2026-09-08T03:43:53Z
CREAM-20260908-00805,Brittany Kim,Brittany Kim,Brittany,Kim,brittanyk@hotmail.com,(704) 291-6350,Berkshire Hathaway,Berkshire Hathaway,Concord,Concord,NC,28377,4,25,25,7666665,4.2,C,74,MLS Database,Independent,2026-09-08T02:32:13Z
CREAM-20260908-00806,Sarah Nelson,Sarah Nelson,Sarah,Nelson,sarahn@yahoo.com,(614) 817-1020,Berkshire Hathaway,Berkshire Hathaway,Hamilton,Hamilton,OH,44384,10,69,69,17052924,4.6,C,94,MLS Database,Enterprise (200+ agents),2026-09-08T03:09:01Z
CREAM-20260908-00807,Jessica Gomez,Jessica Gomez,Jessica,Gomez,jessica.gomez@alliebethallman.com,(310) 460-6116,Allie Beth Allman,Allie Beth Allman,Grand Prairie,Grand Prairie,TX,75203,4,18,18,7259932,3.7,C,83,NAR Directory,Enterprise (200+ agents),2026-09-08T22:19:40Z
CREAM-20260908-00808,Emma Walker,Emma Walker,Emma,Walker,emmaw@gmail.com,(404) 492-6183,Berkshire Hathaway,Berkshire Hathaway,Boulder,Boulder,CO,81152,22,34,34,18599894,3.2,C,62,Referral Network,Boutique (2-10 agents),2026-09-08T21:19:44Z
CREAM-20260908-00809,Martha Howard,Martha Howard,Martha,Howard,marthahoward@me.com,(614) 957-1070,Coldwell Banker,Coldwell Banker,Lorain,Lorain,OH,43724,2,12,12,3095526,3.9,C,91,NAR Directory,Boutique (2-10 agents),2026-09-08T19:35:49Z
CREAM-20260908-00810,Nancy Cooper,Nancy Cooper,Nancy,Cooper,nancyc@re/max.com,(256) 287-7978,RE/MAX,RE/MAX,Coral Springs,Coral Springs,FL,33379,6,26,26,13876256,4.8,C,92,Referral Network,Independent,2026-09-08T19:07:48Z
CREAM-20260908-00811,Patrick Perez,Patrick Perez,Patrick,Perez,patrickp@icloud.com,(407) 513-6245,Pacific Sotheby's,Pacific Sotheby's,Moreno Valley,Moreno Valley,CA,90168,13,55,55,49969778,4.6,C,83,NAR Directory,Boutique (2-10 agents),2026-09-08T16:46:38Z
CREAM-20260908-00812,Walter Evans,Walter Evans,Walter,Evans,walter.evans@8zrealestate.com,(972) 525-9002,8z Real Estate,8z Real Estate,Boulder,Boulder,CO,81859,21,31,31,15049855,3.9,C,69,LinkedIn,Enterprise (200+ agents),2026-09-08T10:03:50Z
CREAM-20260908-00813,Ralph Patel,Ralph Patel,Ralph,Patel,ralphp@re/max.com,(916) 309-7599,RE/MAX,RE/MAX,Canton,Canton,OH,43832,0,2,2,503413,4.8,C,72,Brokerage Listings,Enterprise (200+ agents),2026-09-08T05:14:35Z
CREAM-20260908-00814,Katherine Hughes,Katherine Hughes,Katherine,Hughes,khughes@exprealty.com,(214) 958-2548,eXp Realty,eXp Realty,Brownsville,Brownsville,TX,78611,1,7,7,2319794,3.4,C,64,Trade Show,Enterprise (200+ agents),2026-09-08T21:36:45Z
CREAM-20260908-00815,Steven Young,Steven Young,Steven,Young,steven_young@aol.com,(512) 745-5746,HomeSmart,HomeSmart,Peoria,Peoria,AZ,86567,4,20,20,7789297,3.6,C,76,Realtor.com,Large (51-200 agents),2026-09-08T15:47:51Z
CREAM-20260908-00816,Jessica Ramirez,Jessica Ramirez,Jessica,Ramirez,jramirez@icloud.com,(512) 210-8365,Nest Seekers,Nest Seekers,Schenectady,Schenectady,NY,12320,4,24,24,18180162,4.1,C,61,Referral Network,Large (51-200 agents),2026-09-08T11:58:13Z
CREAM-20260908-00817,Laura Allen,Laura Allen,Laura,Allen,lauraa@aol.com,(256) 824-8342,Huntington Real Estate,Huntington Real Estate,Youngstown,Youngstown,OH,45387,4,15,15,3362907,4.6,C,81,NAR Directory,Enterprise (200+ agents),2026-09-08T02:49:30Z
CREAM-20260908-00818,Melissa Castillo,Melissa Castillo,Melissa,Castillo,melissa.castillo@livsothebys.com,(646) 753-4245,LIV Sotheby's,LIV Sotheby's,Pueblo,Pueblo,CO,80426,3,17,17,9024178,4.8,C,79,Brokerage Listings,Mid-size (11-50 agents),2026-09-08T08:12:46Z
CREAM-20260908-00819,Stephanie Morgan,Stephanie Morgan,Stephanie,Morgan,stephaniemorgan@aol.com,(786) 808-5981,Compass,Compass,Wilmington,Wilmington,NC,27477,18,76,76,19019906,4.3,C,61,Trade Show,Boutique (2-10 agents),2026-09-08T07:41:40Z
CREAM-20260908-00820,Martha Perez,Martha Perez,Martha,Perez,martha.perez@coldwellbanker.com,(980) 864-5402,Coldwell Banker,Coldwell Banker,Boulder,Boulder,CO,81127,5,22,22,14316238,3.7,C,89,Realtor.com,Independent,2026-09-08T11:51:41Z
CREAM-20260908-00821,Walter Evans,Walter Evans,Walter,Evans,wevans@aol.com,(334) 646-3917,RE/MAX,RE/MAX,High Point,High Point,NC,27685,3,11,11,4409815,3.5,C,90,Website Lead,Enterprise (200+ agents),2026-09-08T03:44:49Z
CREAM-20260908-00822,Jonathan Reed,Jonathan Reed,Jonathan,Reed,jonathanr@icloud.com,(305) 753-3796,Compass,Compass,High Point,High Point,NC,28200,23,46,46,15210192,4.7,C,79,NAR Directory,Mid-size (11-50 agents),2026-09-08T04:18:44Z
CREAM-20260908-00823,Deborah Robinson,Deborah Robinson,Deborah,Robinson,drobinson@corcorangroup.com,(334) 754-7165,Corcoran Group,Corcoran Group,Utica,Utica,NY,10963,2,9,9,6550293,4.8,C,94,Brokerage Listings,Boutique (2-10 agents),2026-09-08T05:27:54Z
CREAM-20260908-00824,Carol Morris,Carol Morris,Carol,Morris,carol.morris@hotmail.com,(310) 760-8950,Berkshire Hathaway,Berkshire Hathaway,Peoria,Peoria,AZ,86268,5,21,21,9034221,3.9,C,95,MLS Database,Independent,2026-09-08T02:37:29Z
CREAM-20260908-00825,Karen Roberts,Karen Roberts,Karen,Roberts,kroberts@exprealty.com,(718) 257-9277,eXp Realty,eXp Realty,Wilmington,Wilmington,NC,28880,24,36,36,12099252,4.0,C,84,MLS Database,Boutique (2-10 agents),2026-09-08T19:47:59Z
CREAM-20260908-00826,Stephanie Turner,Stephanie Turner,Stephanie,Turner,stephaniet@hotmail.com,(404) 732-6344,Compass,Compass,Mount Vernon,Mount Vernon,NY,10562,14,55,55,33749688,3.9,C,62,MLS Database,Mid-size (11-50 agents),2026-09-08T20:58:20Z
CREAM-20260908-00827,Kenneth Hall,Kenneth Hall,Kenneth,Hall,khall@re/max.com,(256) 928-9152,RE/MAX,RE/MAX,Pueblo,Pueblo,CO,80492,2,10,10,6717419,3.2,C,92,Cold Outreach,Independent,2026-09-08T05:45:52Z
CREAM-20260908-00828,Justin Richardson,Justin Richardson,Justin,Richardson,justin.richardson@cutlerrealestate.com,(805) 394-4556,Cutler Real Estate,Cutler Real Estate,Hamilton,Hamilton,OH,44539,24,62,62,11320049,3.1,C,74,MLS Database,Boutique (2-10 agents),2026-09-08T19:00:40Z
CREAM-20260908-00829,Louis Kelly,Louis Kelly,Louis,Kelly,louisk@aol.com,(234) 944-9032,Keller Williams,Keller Williams,Pueblo,Pueblo,CO,81894,0,2,2,788403,4.6,C,82,Realtor.com,Mid-size (11-50 agents),2026-09-08T20:51:20Z
CREAM-20260908-00830,Carolyn Bailey,Carolyn Bailey,Carolyn,Bailey,carolynb@howardhanna.com,(214) 950-1454,Howard Hanna,Howard Hanna,Wilmington,Wilmington,NC,28969,16,44,44,18859016,4.1,C,90,Website Lead,Boutique (2-10 agents),2026-09-08T16:20:15Z
CREAM-20260908-00831,Janet Evans,Janet Evans,Janet,Evans,janet_evans@me.com,(512) 446-4030,Allen Tate,Allen Tate,High Point,High Point,NC,27616,1,8,8,2121201,3.9,C,99,Cold Outreach,Independent,2026-09-08T12:12:09Z
CREAM-20260908-00832,Amber Long,Amber Long,Amber,Long,amberl@coldwellbanker.com,(720) 261-4660,Coldwell Banker,Coldwell Banker,Yuma,Yuma,AZ,86322,3,10,10,5278903,3.2,C,83,Website Lead,Boutique (2-10 agents),2026-09-08T18:11:35Z
CREAM-20260908-00833,Benjamin Richardson,Benjamin Richardson,Benjamin,Richardson,benjaminrichardson@hotmail.com,(214) 494-8327,Allie Beth Allman,Allie Beth Allman,McAllen,McAllen,TX,79328,4,8,8,2657967,3.5,C,90,NAR Directory,Enterprise (200+ agents),2026-09-08T19:12:42Z
CREAM-20260908-00834,Jason Rivera,Jason Rivera,Jason,Rivera,jason.rivera@exprealty.com,(714) 471-8950,eXp Realty,eXp Realty,Hamilton,Hamilton,OH,44301,4,15,15,4039359,3.3,C,78,Cold Outreach,Boutique (2-10 agents),2026-09-08T00:55:13Z
CREAM-20260908-00835,Theresa Price,Theresa Price,Theresa,Price,theresap@icloud.com,(303) 668-8415,Nest Seekers,Nest Seekers,Hempstead,Hempstead,NY,10554,4,12,12,6990816,3.7,C,97,Facebook,Mid-size (11-50 agents),2026-09-08T18:08:43Z
CREAM-20260908-00836,Gregory Peterson,Gregory Peterson,Gregory,Peterson,gpeterson@hotmail.com,(513) 330-2746,Howard Hanna,Howard Hanna,High Point,High Point,NC,28307,10,74,74,32953876,4.9,C,96,Referral Network,Boutique (2-10 agents),2026-09-08T07:08:38Z
CREAM-20260908-00837,David Richardson,David Richardson,David,Richardson,david_richardson@me.com,(919) 338-1112,Brown Harris Stevens,Brown Harris Stevens,White Plains,White Plains,NY,10151,9,28,28,19073157,3.1,C,93,LinkedIn,Boutique (2-10 agents),2026-09-08T20:41:26Z
CREAM-20260908-00838,Stephanie Myers,Stephanie Myers,Stephanie,Myers,stephanie.myers@yahoo.com,(919) 643-6011,Compass,Compass,Concord,Concord,NC,27390,4,16,16,6885900,3.7,C,94,Realtor.com,Boutique (2-10 agents),2026-09-08T06:47:56Z
CREAM-20260908-00839,Alan Alvarez,Alan Alvarez,Alan,Alvarez,alanalvarez@aol.com,(512) 235-8446,RE/MAX,RE/MAX,Youngstown,Youngstown,OH,43238,4,22,22,4969617,4.5,C,63,Cold Outreach,Boutique (2-10 agents),2026-09-08T07:00:10Z
CREAM-20260908-00840,Kathleen Walker,Kathleen Walker,Kathleen,Walker,kwalker@aol.com,(805) 847-8933,Pacific Sotheby's,Pacific Sotheby's,Huntington Beach,Huntington Beach,CA,93871,6,28,28,20303712,4.9,C,68,Brokerage Listings,Independent,2026-09-08T20:23:57Z
CREAM-20260908-00841,Cynthia Brooks,Cynthia Brooks,Cynthia,Brooks,cbrooks@alliebethallman.com,(916) 925-7074,Allie Beth Allman,Allie Beth Allman,Grand Prairie,Grand Prairie,TX,76115,7,32,32,13265013,3.2,C,68,Cold Outreach,Enterprise (200+ agents),2026-09-08T13:32:04Z
CREAM-20260908-00842,Frank Kim,Frank Kim,Frank,Kim,fkim@icloud.com,(919) 906-5493,Coldwell Banker,Coldwell Banker,Youngstown,Youngstown,OH,43391,17,76,76,19964788,3.7,C,62,Trade Show,Boutique (2-10 agents),2026-09-08T10:35:47Z
CREAM-20260908-00843,Walter Brown,Walter Brown,Walter,Brown,walterb@aol.com,(303) 740-3842,Century 21,Century 21,Coral Springs,Coral Springs,FL,33671,1,7,7,2203270,3.7,C,80,Brokerage Listings,Large (51-200 agents),2026-09-08T02:25:04Z
CREAM-20260908-00844,Sharon Hill,Sharon Hill,Sharon,Hill,sharonhill@yahoo.com,(704) 426-1159,Howard Hanna,Howard Hanna,High Point,High Point,NC,28227,25,65,65,21548762,3.3,C,68,Cold Outreach,Independent,2026-09-08T07:27:35Z
CREAM-20260908-00845,Rachel Morales,Rachel Morales,Rachel,Morales,rachelm@alliebethallman.com,(714) 590-2331,Allie Beth Allman,Allie Beth Allman,Mesquite,Mesquite,TX,78577,1,12,12,3825812,4.3,C,74,Referral Network,Large (51-200 agents),2026-09-08T10:59:54Z
CREAM-20260908-00846,Alan Hill,Alan Hill,Alan,Hill,alan_hill@yahoo.com,(310) 847-7841,Berkshire Hathaway,Berkshire Hathaway,High Point,High Point,NC,28903,11,57,57,25770218,4.6,C,73,NAR Directory,Large (51-200 agents),2026-09-08T12:42:46Z
CREAM-20260908-00847,William Hughes,William Hughes,William,Hughes,whughes@icloud.com,(786) 738-6733,Russell Lyon Sotheby's,Russell Lyon Sotheby's,Surprise,Surprise,AZ,85443,0,3,3,1577125,3.8,C,88,Referral Network,Large (51-200 agents),2026-09-08T19:13:49Z
CREAM-20260908-00848,Maria Morgan,Maria Morgan,Maria,Morgan,mariam@coldwellbanker.com,(334) 470-3335,Coldwell Banker,Coldwell Banker,Peoria,Peoria,AZ,86351,2,7,7,3212781,4.9,C,89,Realtor.com,Enterprise (200+ agents),2026-09-08T11:33:21Z
CREAM-20260908-00849,Nancy Myers,Nancy Myers,Nancy,Myers,nmyers@compass.com,(805) 431-9746,Compass,Compass,Gainesville,Gainesville,FL,33475,25,40,40,19431084,4.9,C,79,Brokerage Listings,Independent,2026-09-08T09:12:08Z
CREAM-20260908-00850,Ashley Johnson,Ashley Johnson,Ashley,Johnson,ashleyj@outlook.com,(704) 803-7161,Howard Hanna,Howard Hanna,Wilmington,Wilmington,NC,27456,12,55,55,24104856,4.1,C,83,Referral Network,Independent,2026-09-08T00:33:50Z
CREAM-20260908-00851,Anna Ross,Anna Ross,Anna,Ross,annar@icloud.com,(212) 782-8057,Cutler Real Estate,Cutler Real Estate,Lorain,Lorain,OH,43446,8,36,36,7036375,3.1,C,94,Realtor.com,Enterprise (200+ agents),2026-09-08T11:12:08Z
CREAM-20260908-00852,Anthony Ramirez,Anthony Ramirez,Anthony,Ramirez,anthony.ramirez@coldwellbanker.com,(404) 283-6634,Coldwell Banker,Coldwell Banker,Boulder,Boulder,CO,81681,18,73,73,31220585,4.4,C,88,Website Lead,Independent,2026-09-08T07:30:29Z
CREAM-20260908-00853,Gary Lewis,Gary Lewis,Gary,Lewis,garylewis@me.com,(469) 275-9647,Compass,Compass,Boulder,Boulder,CO,81294,0,4,4,1747022,4.2,C,100,Brokerage Listings,Mid-size (11-50 agents),2026-09-08T00:25:54Z
CREAM-20260908-00854,Roger Sanders,Roger Sanders,Roger,Sanders,rogers@gmail.com,(786) 976-3923,Century 21,Century 21,Clearwater,Clearwater,FL,33488,22,36,36,13273522,4.9,C,72,Website Lead,Independent,2026-09-08T17:15:48Z
CREAM-20260908-00855,Debra Lee,Debra Lee,Debra,Lee,debralee@icloud.com,(334) 635-8077,Long Realty,Long Realty,Avondale,Avondale,AZ,86193,6,35,35,12431361,3.3,C,70,MLS Database,Boutique (2-10 agents),2026-09-08T17:07:32Z
CREAM-20260908-00856,Susan Nelson,Susan Nelson,Susan,Nelson,susan.nelson@douglaselliman.com,(919) 241-9723,Douglas Elliman,Douglas Elliman,West Palm Beach,West Palm Beach,FL,32891,1,6,6,2225329,4.7,C,79,Realtor.com,Boutique (2-10 agents),2026-09-08T10:38:38Z
CREAM-20260908-00857,Karen Nelson,Karen Nelson,Karen,Nelson,karennelson@gmail.com,(972) 317-7196,Briggs Freeman Sotheby's,Briggs Freeman Sotheby's,Brownsville,Brownsville,TX,76957,24,35,35,13089741,4.5,C,67,NAR Directory,Enterprise (200+ agents),2026-09-08T20:59:22Z
CREAM-20260908-00858,Gregory Ramirez,Gregory Ramirez,Gregory,Ramirez,gregory.ramirez@me.com,(234) 770-6001,Douglas Elliman,Douglas Elliman,Brownsville,Brownsville,TX,76513,0,1,1,300898,4.5,C,61,Realtor.com,Enterprise (200+ agents),2026-09-08T16:08:13Z
CREAM-20260908-00859,Debra Davis,Debra Davis,Debra,Davis,ddavis@icloud.com,(214) 739-7796,eXp Realty,eXp Realty,Modesto,Modesto,CA,94763,12,75,75,82319474,3.3,C,100,Realtor.com,Large (51-200 agents),2026-09-08T07:31:44Z
CREAM-20260908-00860,Jacqueline Coleman,Jacqueline Coleman,Jacqueline,Coleman,jacqueline.coleman@re/max.com,(310) 684-7223,RE/MAX,RE/MAX,McKinney,McKinney,TX,76890,23,52,52,17625596,3.2,C,97,Website Lead,Independent,2026-09-08T23:28:49Z
CREAM-20260908-00861,Donald Turner,Donald Turner,Donald,Turner,donaldt@yahoo.com,(646) 978-7912,Keller Williams,Keller Williams,Surprise,Surprise,AZ,86818,17,71,71,27852979,3.4,C,79,NAR Directory,Enterprise (200+ agents),2026-09-08T03:05:46Z
CREAM-20260908-00862,Justin Murphy,Justin Murphy,Justin,Murphy,justinmurphy@aol.com,(512) 284-2351,Century 21,Century 21,Gainesville,Gainesville,FL,34465,22,73,73,36924150,4.6,C,78,MLS Database,Boutique (2-10 agents),2026-09-08T18:44:57Z
CREAM-20260908-00863,Charles Mendoza,Charles Mendoza,Charles,Mendoza,cmendoza@gmail.com,(234) 829-4399,Berkshire Hathaway,Berkshire Hathaway,Canton,Canton,OH,45464,15,50,50,8880859,4.4,C,64,Realtor.com,Large (51-200 agents),2026-09-08T20:05:41Z
CREAM-20260908-00864,Nicole Moore,Nicole Moore,Nicole,Moore,nmoore@gmail.com,(972) 253-8151,RE/MAX,RE/MAX,Irvine,Irvine,CA,93508,23,47,47,35950499,4.0,C,93,Realtor.com,Independent,2026-09-08T05:41:31Z
CREAM-20260908-00865,Scott Hill,Scott Hill,Scott,Hill,shill@outlook.com,(310) 503-1891,eXp Realty,eXp Realty,Wilmington,Wilmington,NC,28960,4,15,15,5174145,4.1,C,95,Realtor.com,Mid-size (11-50 agents),2026-09-08T14:27:34Z
CREAM-20260908-00866,Mark Cook,Mark Cook,Mark,Cook,mcook@douglaselliman.com,(919) 496-6685,Douglas Elliman,Douglas Elliman,Grand Prairie,Grand Prairie,TX,79318,19,78,78,35386198,4.6,C,71,LinkedIn,Boutique (2-10 agents),2026-09-08T10:14:20Z
CREAM-20260908-00867,Donna Long,Donna Long,Donna,Long,donna.long@coldwellbanker.com,(512) 329-5641,Coldwell Banker,Coldwell Banker,Miramar,Miramar,FL,33358,24,63,63,28140605,4.2,C,60,Facebook,Independent,2026-09-08T11:44:53Z
CREAM-20260908-00868,Eric Nelson,Eric Nelson,Eric,Nelson,enelson@russelllyonsothebys.com,(303) 960-2199,Russell Lyon Sotheby's,Russell Lyon Sotheby's,Yuma,Yuma,AZ,86217,0,2,2,990561,3.8,C,95,NAR Directory,Independent,2026-09-08T20:51:05Z
CREAM-20260908-00869,Cynthia Ross,Cynthia Ross,Cynthia,Ross,cynthiaross@me.com,(407) 672-2045,Keller Williams Realty,Keller Williams Realty,Fremont,Fremont,CA,92632,0,1,1,619750,3.5,C,98,Website Lead,Independent,2026-09-08T17:16:15Z
CREAM-20260908-00870,Wayne Reed,Wayne Reed,Wayne,Reed,wreed@aol.com,(972) 397-7485,Keller Williams,Keller Williams,Wilmington,Wilmington,NC,28744,12,73,73,19127745,3.2,C,71,NAR Directory,Boutique (2-10 agents),2026-09-08T03:35:14Z
CREAM-20260908-00871,Justin Parker,Justin Parker,Justin,Parker,justinp@hotmail.com,(305) 461-5049,HER Realtors,HER Realtors,Canton,Canton,OH,45271,0,5,5,1573667,3.1,C,67,Brokerage Listings,Enterprise (200+ agents),2026-09-08T21:07:50Z
CREAM-20260908-00872,Brittany Kelly,Brittany Kelly,Brittany,Kelly,brittanyk@aol.com,(704) 741-9000,Allie Beth Allman,Allie Beth Allman,Mesquite,Mesquite,TX,78150,21,76,76,30253975,3.5,C,95,Cold Outreach,Independent,2026-09-08T07:11:22Z
CREAM-20260908-00873,Grace Adams,Grace Adams,Grace,Adams,grace_adams@icloud.com,(929) 848-7535,Keller Williams,Keller Williams,Concord,Concord,NC,27943,3,13,13,5433557,3.3,C,68,Realtor.com,Boutique (2-10 agents),2026-09-08T10:01:31Z
CREAM-20260908-00874,Nicole Howard,Nicole Howard,Nicole,Howard,nicoleh@douglaselliman.com,(512) 528-9050,Douglas Elliman,Douglas Elliman,Brownsville,Brownsville,TX,78496,1,5,5,1489972,3.3,C,61,Cold Outreach,Independent,2026-09-08T10:01:49Z
CREAM-20260908-00875,Nicholas Ortiz,Nicholas Ortiz,Nicholas,Ortiz,nortiz@me.com,(602) 610-3869,Sotheby's International,Sotheby's International,Hempstead,Hempstead,NY,14124,0,0,0,0,3.6,C,100,Referral Network,Large (51-200 agents),2026-09-08T07:26:08Z
CREAM-20260908-00876,Jason Ruiz,Jason Ruiz,Jason,Ruiz,jasonr@exprealty.com,(980) 426-3793,eXp Realty,eXp Realty,Avondale,Avondale,AZ,85866,1,4,4,1183637,3.1,C,76,LinkedIn,Mid-size (11-50 agents),2026-09-08T12:20:15Z
CREAM-20260908-00877,Albert Chavez,Albert Chavez,Albert,Chavez,albert.chavez@aol.com,(305) 247-9185,HomeSmart,HomeSmart,Yuma,Yuma,AZ,85898,2,4,4,1634434,4.9,C,68,Website Lead,Enterprise (200+ agents),2026-09-08T00:25:42Z
CREAM-20260908-00878,Roger Gray,Roger Gray,Roger,Gray,roger.gray@exprealty.com,(407) 759-2971,eXp Realty,eXp Realty,Pueblo,Pueblo,CO,80526,23,77,77,50219081,3.9,C,100,NAR Directory,Mid-size (11-50 agents),2026-09-08T18:53:21Z
CREAM-20260908-00879,Jeffrey Carter,Jeffrey Carter,Jeffrey,Carter,jcarter@gmail.com,(720) 621-3331,HER Realtors,HER Realtors,Lorain,Lorain,OH,45351,4,24,24,7753745,3.5,C,63,LinkedIn,Independent,2026-09-08T21:07:07Z
CREAM-20260908-00880,Arthur Smith,Arthur Smith,Arthur,Smith,arthurs@yahoo.com,(256) 855-4272,Allie Beth Allman,Allie Beth Allman,Mesquite,Mesquite,TX,79186,13,80,80,35660404,3.8,C,94,Trade Show,Large (51-200 agents),2026-09-08T23:44:28Z
CREAM-20260908-00881,Brittany King,Brittany King,Brittany,King,brittany.king@icloud.com,(305) 609-3312,Sotheby's International,Sotheby's International,Huntington Beach,Huntington Beach,CA,92225,3,25,25,25430012,3.8,C,67,Referral Network,Large (51-200 agents),2026-09-08T09:58:03Z
CREAM-20260908-00882,Rebecca Brown,Rebecca Brown,Rebecca,Brown,rebeccab@yahoo.com,(415) 902-6795,eXp Realty,eXp Realty,Moreno Valley,Moreno Valley,CA,92198,9,28,28,18816288,4.5,C,75,Website Lead,Enterprise (200+ agents),2026-09-08T19:57:24Z
CREAM-20260908-00883,Edward Martin,Edward Martin,Edward,Martin,emartin@compass.com,(713) 657-6048,Compass,Compass,Palm Bay,Palm Bay,FL,34295,4,18,18,9046468,3.3,C,89,Trade Show,Mid-size (11-50 agents),2026-09-08T21:36:51Z
CREAM-20260908-00884,Frank Nguyen,Frank Nguyen,Frank,Nguyen,frank.nguyen@yahoo.com,(704) 755-4702,eXp Realty,eXp Realty,Coral Springs,Coral Springs,FL,33731,5,16,16,7329676,4.6,C,89,Cold Outreach,Mid-size (11-50 agents),2026-09-08T03:09:12Z
CREAM-20260908-00885,Samantha Cruz,Samantha Cruz,Samantha,Cruz,samantha_cruz@hotmail.com,(310) 484-4414,Halstead,Halstead,Mount Vernon,Mount Vernon,NY,13549,2,10,10,4609679,4.6,C,60,Facebook,Independent,2026-09-08T19:57:53Z
CREAM-20260908-00886,Rebecca Alvarez,Rebecca Alvarez,Rebecca,Alvarez,rebecca_alvarez@me.com,(714) 220-4666,Coldwell Banker,Coldwell Banker,High Point,High Point,NC,28911,17,73,73,23402345,3.6,C,60,Cold Outreach,Enterprise (200+ agents),2026-09-08T14:33:28Z
CREAM-20260908-00887,Jonathan Lee,Jonathan Lee,Jonathan,Lee,jonathanl@hotmail.com,(714) 714-8383,Keller Williams,Keller Williams,Concord,Concord,NC,27537,16,57,57,21198950,4.2,C,90,Trade Show,Mid-size (11-50 agents),2026-09-08T01:28:26Z
CREAM-20260908-00888,Brandon Kim,Brandon Kim,Brandon,Kim,brandonk@yahoo.com,(972) 811-7982,Compass,Compass,Fremont,Fremont,CA,92196,3,21,21,15997825,3.5,C,75,Cold Outreach,Independent,2026-09-08T21:26:58Z
CREAM-20260908-00889,Susan Scott,Susan Scott,Susan,Scott,sscott@gmail.com,(786) 576-9940,Allen Tate,Allen Tate,Concord,Concord,NC,28573,3,18,18,5289470,3.2,C,83,Cold Outreach,Large (51-200 agents),2026-09-08T00:32:50Z
CREAM-20260908-00890,Jacob Wright,Jacob Wright,Jacob,Wright,jacobw@sothebysinternational.com,(713) 447-3774,Sotheby's International,Sotheby's International,Fontana,Fontana,CA,91830,4,21,21,22386587,3.3,C,73,NAR Directory,Mid-size (11-50 agents),2026-09-08T18:38:22Z
CREAM-20260908-00891,Betty Foster,Betty Foster,Betty,Foster,bettyf@icloud.com,(929) 520-5635,eXp Realty,eXp Realty,Pasadena,Pasadena,TX,79848,24,41,41,11180259,4.0,C,87,Facebook,Enterprise (200+ agents),2026-09-08T21:41:49Z
CREAM-20260908-00892,Daniel Miller,Daniel Miller,Daniel,Miller,daniel_miller@me.com,(214) 249-8598,Douglas Elliman,Douglas Elliman,Grand Prairie,Grand Prairie,TX,77990,0,5,5,1612845,4.5,C,69,Realtor.com,Enterprise (200+ agents),2026-09-08T13:41:17Z
CREAM-20260908-00893,Walter Jackson,Walter Jackson,Walter,Jackson,walter.jackson@herrealtors.com,(614) 598-1350,HER Realtors,HER Realtors,Youngstown,Youngstown,OH,45146,0,3,3,588358,4.8,C,74,LinkedIn,Mid-size (11-50 agents),2026-09-08T01:12:54Z
CREAM-20260908-00894,Martha Sullivan,Martha Sullivan,Martha,Sullivan,martha_sullivan@yahoo.com,(234) 444-7702,Brown Harris Stevens,Brown Harris Stevens,White Plains,White Plains,NY,11237,1,11,11,9213775,4.8,C,75,Referral Network,Independent,2026-09-08T07:04:46Z
CREAM-20260908-00895,Philip Coleman,Philip Coleman,Philip,Coleman,philipc@century21.com,(407) 297-5871,Century 21,Century 21,Gainesville,Gainesville,FL,32367,4,14,14,6569429,4.3,C,63,Facebook,Boutique (2-10 agents),2026-09-08T16:28:27Z
CREAM-20260908-00896,David King,David King,David,King,david.king@gmail.com,(646) 993-9164,Compass,Compass,West Palm Beach,West Palm Beach,FL,34543,21,54,54,19952080,3.1,C,96,Facebook,Boutique (2-10 agents),2026-09-08T10:03:23Z
CREAM-20260908-00897,Peter Rogers,Peter Rogers,Peter,Rogers,progers@corcorangroup.com,(602) 863-5438,Corcoran Group,Corcoran Group,Schenectady,Schenectady,NY,10315,1,12,12,9443871,3.4,C,88,Website Lead,Boutique (2-10 agents),2026-09-08T23:08:09Z
CREAM-20260908-00898,Nicholas Perez,Nicholas Perez,Nicholas,Perez,nperez@hotmail.com,(214) 294-2849,Allen Tate,Allen Tate,Wilmington,Wilmington,NC,27628,3,19,19,7112459,4.4,C,69,Brokerage Listings,Boutique (2-10 agents),2026-09-08T22:56:43Z
CREAM-20260908-00899,Jacqueline Carter,Jacqueline Carter,Jacqueline,Carter,jcarter@re/max.com,(404) 494-5177,RE/MAX,RE/MAX,Avondale,Avondale,AZ,85340,5,10,10,4990781,4.7,C,95,Realtor.com,Independent,2026-09-08T02:15:10Z
CREAM-20260908-00900,Gloria Jones,Gloria Jones,Gloria,Jones,gloriaj@berkshirehathawayhomeservices.com,(805) 596-8335,Berkshire Hathaway HomeServices,Berkshire Hathaway HomeServices,Fremont,Fremont,CA,95916,25,60,60,48396216,3.0,C,65,Trade Show,Mid-size (11-50 agents),2026-09-08T07:11:05Z
CREAM-20260908-00901,Dennis Long,Dennis Long,Dennis,Long,dlong@aol.com,(646) 944-6489,eXp Realty,eXp Realty,Pasadena,Pasadena,TX,78364,0,4,4,1083901,3.7,C,95,Trade Show,Large (51-200 agents),2026-09-08T06:09:46Z
CREAM-20260908-00902,Gloria Murphy,Gloria Murphy,Gloria,Murphy,gmurphy@8zrealestate.com,(646) 560-3958,8z Real Estate,8z Real Estate,Pueblo,Pueblo,CO,80379,4,22,22,9330889,4.4,C,69,Cold Outreach,Enterprise (200+ agents),2026-09-08T14:17:40Z
CREAM-20260908-00903,Judith Reed,Judith Reed,Judith,Reed,judithreed@aol.com,(646) 579-6080,HER Realtors,HER Realtors,Hamilton,Hamilton,OH,45356,0,5,5,1055162,3.5,C,89,Trade Show,Mid-size (11-50 agents),2026-09-08T16:58:32Z
CREAM-20260908-00904,Thomas Jimenez,Thomas Jimenez,Thomas,Jimenez,tjimenez@icloud.com,(805) 617-5090,Compass,Compass,Greenville,Greenville,NC,27845,3,23,23,8185937,4.4,C,93,LinkedIn,Mid-size (11-50 agents),2026-09-08T16:18:24Z
CREAM-20260908-00905,Paul Morales,Paul Morales,Paul,Morales,paul.morales@yahoo.com,(303) 384-6243,8z Real Estate,8z Real Estate,Boulder,Boulder,CO,80264,24,36,36,16876414,3.5,C,61,Realtor.com,Enterprise (200+ agents),2026-09-08T02:17:32Z
CREAM-20260908-00906,Arthur Morgan,Arthur Morgan,Arthur,Morgan,arthur.morgan@outlook.com,(310) 932-3597,Coldwell Banker,Coldwell Banker,Pueblo,Pueblo,CO,81950,0,4,4,1888661,4.9,C,79,Website Lead,Enterprise (200+ agents),2026-09-08T04:09:53Z
CREAM-20260908-00907,Kathleen Mitchell,Kathleen Mitchell,Kathleen,Mitchell,kmitchell@aol.com,(212) 721-2886,Briggs Freeman Sotheby's,Briggs Freeman Sotheby's,McAllen,McAllen,TX,77499,10,78,78,29153897,4.1,C,69,Cold Outreach,Enterprise (200+ agents),2026-09-08T21:30:08Z
CREAM-20260908-00908,Aaron Phillips,Aaron Phillips,Aaron,Phillips,aaronp@icloud.com,(512) 620-1078,eXp Realty,eXp Realty,Wilmington,Wilmington,NC,27225,22,75,75,28328560,4.0,C,61,Referral Network,Boutique (2-10 agents),2026-09-08T12:38:01Z
CREAM-20260908-00909,Raymond Morales,Raymond Morales,Raymond,Morales,rmorales@aol.com,(404) 652-5419,8z Real Estate,8z Real Estate,Pueblo,Pueblo,CO,81637,5,15,15,8482282,3.8,C,100,NAR Directory,Independent,2026-09-08T04:24:12Z
CREAM-20260908-00910,Grace Martinez,Grace Martinez,Grace,Martinez,grace.martinez@yahoo.com,(469) 421-6797,Douglas Elliman,Douglas Elliman,Brownsville,Brownsville,TX,75467,15,54,54,21845157,3.4,C,86,LinkedIn,Boutique (2-10 agents),2026-09-08T01:12:51Z
CREAM-20260908-00911,Gloria Parker,Gloria Parker,Gloria,Parker,gloriaparker@outlook.com,(407) 399-7005,Coldwell Banker,Coldwell Banker,Greenville,Greenville,NC,28588,4,18,18,6824483,3.2,C,99,MLS Database,Large (51-200 agents),2026-09-08T08:37:38Z
CREAM-20260908-00912,Lawrence Gutierrez,Lawrence Gutierrez,Lawrence,Gutierrez,lawrenceg@kellerwilliams.com,(646) 614-1392,Keller Williams,Keller Williams,Lorain,Lorain,OH,43903,9,31,31,8737367,3.3,C,74,Cold Outreach,Independent,2026-09-08T06:11:46Z
CREAM-20260908-00913,Juan Gray,Juan Gray,Juan,Gray,juan.gray@hotmail.com,(234) 644-9935,Keller Williams Realty,Keller Williams Realty,Moreno Valley,Moreno Valley,CA,93100,7,30,30,23267447,3.0,C,75,MLS Database,Mid-size (11-50 agents),2026-09-08T07:50:16Z
CREAM-20260908-00914,Jacob Mitchell,Jacob Mitchell,Jacob,Mitchell,jacobm@me.com,(404) 213-3395,Howard Hanna,Howard Hanna,High Point,High Point,NC,27335,12,66,66,19396401,3.2,C,97,LinkedIn,Large (51-200 agents),2026-09-08T08:39:15Z
CREAM-20260908-00915,Joshua Hall,Joshua Hall,Joshua,Hall,joshuahall@gmail.com,(513) 795-6729,RE/MAX,RE/MAX,Fontana,Fontana,CA,93143,19,65,65,52033997,4.3,C,74,LinkedIn,Enterprise (200+ agents),2026-09-08T18:51:50Z
CREAM-20260908-00916,Rachel Lewis,Rachel Lewis,Rachel,Lewis,rlewis@icloud.com,(718) 741-4091,Coldwell Banker,Coldwell Banker,Yuma,Yuma,AZ,86749,4,25,25,11571087,4.6,C,81,Cold Outreach,Enterprise (200+ agents),2026-09-08T17:07:10Z
CREAM-20260908-00917,George Mendoza,George Mendoza,George,Mendoza,gmendoza@re/max.com,(614) 701-4374,RE/MAX,RE/MAX,Surprise,Surprise,AZ,85475,0,4,4,1237722,5.0,C,75,Cold Outreach,Enterprise (200+ agents),2026-09-08T05:42:12Z
CREAM-20260908-00918,Keith Thompson,Keith Thompson,Keith,Thompson,keitht@outlook.com,(614) 281-6789,Howard Hanna,Howard Hanna,Wilmington,Wilmington,NC,28983,4,25,25,10583106,4.4,C,84,Facebook,Enterprise (200+ agents),2026-09-08T19:20:35Z
CREAM-20260908-00919,Walter Ross,Walter Ross,Walter,Ross,walterr@hotmail.com,(718) 878-6826,8z Real Estate,8z Real Estate,Centennial,Centennial,CO,81318,14,57,57,39168575,4.7,C,99,Cold Outreach,Enterprise (200+ agents),2026-09-08T18:07:45Z
CREAM-20260908-00920,Paul Lee,Paul Lee,Paul,Lee,paullee@me.com,(786) 966-9476,Berkshire Hathaway,Berkshire Hathaway,Concord,Concord,NC,27227,2,3,3,1166008,4.5,C,80,Trade Show,Large (51-200 agents),2026-09-08T17:57:22Z
CREAM-20260908-00921,Christopher Williams,Christopher Williams,Christopher,Williams,christopher.williams@aol.com,(512) 285-4751,Halstead,Halstead,Schenectady,Schenectady,NY,14624,5,13,13,7539936,4.7,C,79,Website Lead,Independent,2026-09-08T11:36:55Z
CREAM-20260908-00922,Shirley Foster,Shirley Foster,Shirley,Foster,sfoster@aol.com,(512) 809-6631,Allie Beth Allman,Allie Beth Allman,Mesquite,Mesquite,TX,78411,3,22,22,7409269,4.6,C,99,LinkedIn,Enterprise (200+ agents),2026-09-08T07:07:49Z
CREAM-20260908-00923,Maria Alvarez,Maria Alvarez,Maria,Alvarez,mariaalvarez@yahoo.com,(980) 369-5004,Sotheby's International,Sotheby's International,Hempstead,Hempstead,NY,11409,20,54,54,29311509,3.8,C,73,Facebook,Mid-size (11-50 agents),2026-09-08T21:32:20Z
CREAM-20260908-00924,Stephen Williams,Stephen Williams,Stephen,Williams,swilliams@briggsfreemansothebys.com,(303) 309-7342,Briggs Freeman Sotheby's,Briggs Freeman Sotheby's,Pasadena,Pasadena,TX,75875,24,59,59,19593413,3.2,C,62,Website Lead,Boutique (2-10 agents),2026-09-08T07:19:02Z
CREAM-20260908-00925,Andrew Reed,Andrew Reed,Andrew,Reed,areed@compass.com,(713) 898-5225,Compass,Compass,Concord,Concord,NC,27575,1,4,4,1456056,3.1,C,91,Brokerage Listings,Mid-size (11-50 agents),2026-09-08T17:21:12Z
CREAM-20260908-00926,Thomas Kelly,Thomas Kelly,Thomas,Kelly,thomaskelly@yahoo.com,(305) 947-1164,HER Realtors,HER Realtors,Canton,Canton,OH,45857,24,44,44,13160545,4.6,C,86,Cold Outreach,Mid-size (11-50 agents),2026-09-08T23:08:17Z
CREAM-20260908-00927,Mark Patel,Mark Patel,Mark,Patel,mark.patel@exprealty.com,(512) 481-9323,eXp Realty,eXp Realty,Irvine,Irvine,CA,95647,23,75,75,68128386,4.1,C,95,Brokerage Listings,Boutique (2-10 agents),2026-09-08T03:45:49Z
CREAM-20260908-00928,Joshua Parker,Joshua Parker,Joshua,Parker,joshuap@gmail.com,(469) 805-5215,Coldwell Banker,Coldwell Banker,McKinney,McKinney,TX,76136,7,16,16,6182871,3.5,C,70,Website Lead,Enterprise (200+ agents),2026-09-08T22:11:55Z
CREAM-20260908-00929,Brandon Anderson,Brandon Anderson,Brandon,Anderson,brandona@outlook.com,(602) 841-8084,Briggs Freeman Sotheby's,Briggs Freeman Sotheby's,Brownsville,Brownsville,TX,75544,2,10,10,3464333,3.5,C,82,Facebook,Large (51-200 agents),2026-09-08T22:01:56Z
CREAM-20260908-00930,Samantha Thomas,Samantha Thomas,Samantha,Thomas,samanthat@outlook.com,(916) 469-7196,eXp Realty,eXp Realty,Pasadena,Pasadena,TX,76184,4,14,14,4973653,4.3,C,66,Realtor.com,Enterprise (200+ agents),2026-09-08T22:30:25Z
CREAM-20260908-00931,Brandon Ortiz,Brandon Ortiz,Brandon,Ortiz,bortiz@coldwellbanker.com,(916) 520-9967,Coldwell Banker,Coldwell Banker,Pueblo,Pueblo,CO,80669,19,61,61,35492366,3.9,C,86,Referral Network,Boutique (2-10 agents),2026-09-08T15:12:07Z
CREAM-20260908-00932,Michael Gutierrez,Michael Gutierrez,Michael,Gutierrez,mgutierrez@outlook.com,(469) 660-6143,Long Realty,Long Realty,Yuma,Yuma,AZ,85705,12,37,37,17399154,3.9,C,75,Brokerage Listings,Mid-size (11-50 agents),2026-09-08T11:00:26Z
CREAM-20260908-00933,Anthony Walker,Anthony Walker,Anthony,Walker,anthonyw@coldwellbanker.com,(512) 544-1526,Coldwell Banker,Coldwell Banker,Gainesville,Gainesville,FL,34466,4,15,15,6830503,4.1,C,69,NAR Directory,Independent,2026-09-08T05:00:31Z
CREAM-20260908-00934,David King,David King,David,King,david.king@coldwellbanker.com,(718) 242-4611,Coldwell Banker,Coldwell Banker,Miramar,Miramar,FL,32748,14,77,77,27041616,4.8,C,60,Website Lead,Independent,2026-09-08T21:31:11Z
CREAM-20260908-00935,Kevin Foster,Kevin Foster,Kevin,Foster,kevinfoster@yahoo.com,(212) 975-2635,Keller Williams,Keller Williams,Avondale,Avondale,AZ,85217,18,59,59,24863333,4.3,C,66,Trade Show,Mid-size (11-50 agents),2026-09-08T00:55:26Z
CREAM-20260908-00936,Albert Baker,Albert Baker,Albert,Baker,abaker@exprealty.com,(916) 622-8152,eXp Realty,eXp Realty,Avondale,Avondale,AZ,86941,11,63,63,31571099,3.0,C,77,MLS Database,Enterprise (200+ agents),2026-09-08T22:43:10Z
CREAM-20260908-00937,Jacqueline Rodriguez,Jacqueline Rodriguez,Jacqueline,Rodriguez,jacqueline.rodriguez@compass.com,(305) 962-5506,Compass,Compass,Pueblo,Pueblo,CO,80147,8,25,25,11279949,4.1,C,63,Referral Network,Enterprise (200+ agents),2026-09-08T04:04:54Z
CREAM-20260908-00938,Benjamin Thompson,Benjamin Thompson,Benjamin,Thompson,benjamin.thompson@icloud.com,(234) 634-4476,Howard Hanna,Howard Hanna,Concord,Concord,NC,28102,4,17,17,6720859,4.3,C,66,Website Lead,Enterprise (200+ agents),2026-09-08T06:39:05Z
CREAM-20260908-00939,Jessica Cook,Jessica Cook,Jessica,Cook,jessicac@nestseekers.com,(786) 529-6664,Nest Seekers,Nest Seekers,Troy,Troy,NY,14777,24,58,58,37359752,4.7,C,64,Website Lead,Large (51-200 agents),2026-09-08T20:35:53Z
CREAM-20260908-00940,Katherine Scott,Katherine Scott,Katherine,Scott,katherine.scott@aol.com,(916) 353-6775,Berkshire Hathaway,Berkshire Hathaway,Greenville,Greenville,NC,28330,7,18,18,7234743,4.6,C,71,Referral Network,Independent,2026-09-08T10:59:23Z
CREAM-20260908-00941,Michelle Wilson,Michelle Wilson,Michelle,Wilson,michellew@berkshirehathaway.com,(714) 349-4076,Berkshire Hathaway,Berkshire Hathaway,Surprise,Surprise,AZ,85709,21,61,61,32478186,4.8,C,60,Cold Outreach,Large (51-200 agents),2026-09-08T08:46:31Z
CREAM-20260908-00942,Janet Rodriguez,Janet Rodriguez,Janet,Rodriguez,janet.rodriguez@icloud.com,(713) 854-5737,RE/MAX,RE/MAX,Moreno Valley,Moreno Valley,CA,96504,3,19,19,18813283,3.3,C,74,Referral Network,Enterprise (200+ agents),2026-09-08T20:40:07Z
CREAM-20260908-00943,Jerry Thompson,Jerry Thompson,Jerry,Thompson,jerry.thompson@aol.com,(714) 811-8743,Berkshire Hathaway,Berkshire Hathaway,Youngstown,Youngstown,OH,44608,2,6,6,1352328,4.1,C,90,Referral Network,Independent,2026-09-08T11:09:55Z
CREAM-20260908-00944,Elizabeth Gutierrez,Elizabeth Gutierrez,Elizabeth,Gutierrez,elizabethg@yahoo.com,(602) 516-2866,Allen Tate,Allen Tate,Concord,Concord,NC,27942,5,23,23,6393846,4.2,C,60,Cold Outreach,Large (51-200 agents),2026-09-08T09:09:04Z
CREAM-20260908-00945,Matthew Kim,Matthew Kim,Matthew,Kim,matthewk@re/max.com,(512) 382-2119,RE/MAX,RE/MAX,Moreno Valley,Moreno Valley,CA,91166,17,51,51,32652949,3.8,C,97,NAR Directory,Boutique (2-10 agents),2026-09-08T20:01:09Z
CREAM-20260908-00946,Karen Flores,Karen Flores,Karen,Flores,karenf@allentate.com,(469) 555-1392,Allen Tate,Allen Tate,Concord,Concord,NC,27717,1,6,6,1771410,4.6,C,77,LinkedIn,Mid-size (11-50 agents),2026-09-08T16:04:30Z
CREAM-20260908-00947,Kevin Foster,Kevin Foster,Kevin,Foster,kfoster@exprealty.com,(234) 383-3740,eXp Realty,eXp Realty,Coral Springs,Coral Springs,FL,32737,22,79,79,30344259,4.2,C,98,Referral Network,Large (51-200 agents),2026-09-08T16:02:24Z
CREAM-20260908-00948,Cynthia Lopez,Cynthia Lopez,Cynthia,Lopez,cynthia.lopez@me.com,(407) 270-8607,Corcoran Group,Corcoran Group,Utica,Utica,NY,14253,4,9,9,4895774,4.2,C,95,Facebook,Boutique (2-10 agents),2026-09-08T15:31:35Z
CREAM-20260908-00949,Aaron Nguyen,Aaron Nguyen,Aaron,Nguyen,aaron.nguyen@gmail.com,(512) 566-9338,Coldwell Banker,Coldwell Banker,West Palm Beach,West Palm Beach,FL,32788,3,10,10,5240849,4.0,C,85,Facebook,Large (51-200 agents),2026-09-08T06:48:05Z
CREAM-20260908-00950,Sandra Flores,Sandra Flores,Sandra,Flores,sflores@century21.com,(305) 945-4820,Century 21,Century 21,Gainesville,Gainesville,FL,33978,4,9,9,3992454,3.2,C,87,NAR Directory,Enterprise (200+ agents),2026-09-08T08:34:50Z
CREAM-20260908-00951,Jacqueline Adams,Jacqueline Adams,Jacqueline,Adams,jacqueline.adams@howardhanna.com,(916) 201-5536,Howard Hanna,Howard Hanna,High Point,High Point,NC,27417,14,59,59,21087608,3.7,C,82,MLS Database,Enterprise (200+ agents),2026-09-08T21:44:18Z
CREAM-20260908-00952,Arthur Clark,Arthur Clark,Arthur,Clark,arthur.clark@hotmail.com,(714) 847-9252,Douglas Elliman,Douglas Elliman,Palm Bay,Palm Bay,FL,34607,21,46,46,24337947,4.4,C,65,LinkedIn,Mid-size (11-50 agents),2026-09-08T03:24:20Z
CREAM-20260908-00953,Larry Phillips,Larry Phillips,Larry,Phillips,larryphillips@gmail.com,(980) 751-3854,Keller Williams,Keller Williams,McKinney,McKinney,TX,75451,1,11,11,3273195,4.8,C,66,Trade Show,Enterprise (200+ agents),2026-09-08T19:26:59Z
CREAM-20260908-00954,Gregory Ramos,Gregory Ramos,Gregory,Ramos,gregory.ramos@berkshirehathawayhomeservices.com,(929) 701-4145,Berkshire Hathaway HomeServices,Berkshire Hathaway HomeServices,Huntington Beach,Huntington Beach,CA,96886,4,14,14,14236683,3.4,C,75,LinkedIn,Mid-size (11-50 agents),2026-09-08T01:43:13Z
CREAM-20260908-00955,Bruce Walker,Bruce Walker,Bruce,Walker,bruce_walker@hotmail.com,(614) 871-6028,Russell Lyon Sotheby's,Russell Lyon Sotheby's,Yuma,Yuma,AZ,86161,16,49,49,23543586,3.8,C,74,Realtor.com,Independent,2026-09-08T15:23:20Z
CREAM-20260908-00956,Rachel Powell,Rachel Powell,Rachel,Powell,rachel_powell@gmail.com,(929) 253-7374,Coldwell Banker,Coldwell Banker,Canton,Canton,OH,45592,4,14,14,3189055,4.9,C,66,Website Lead,Independent,2026-09-08T18:52:13Z
CREAM-20260908-00957,Danielle Morris,Danielle Morris,Danielle,Morris,danielle_morris@outlook.com,(704) 490-8694,RE/MAX,RE/MAX,Mesquite,Mesquite,TX,75783,11,71,71,18740824,4.7,C,99,LinkedIn,Independent,2026-09-08T13:52:43Z
CREAM-20260908-00958,Steven Evans,Steven Evans,Steven,Evans,sevans@icloud.com,(980) 800-1549,8z Real Estate,8z Real Estate,Westminster,Westminster,CO,80328,0,3,3,1158153,3.8,C,66,MLS Database,Mid-size (11-50 agents),2026-09-08T03:23:45Z
CREAM-20260908-00959,Albert Moore,Albert Moore,Albert,Moore,amoore@yahoo.com,(720) 624-5456,Berkshire Hathaway HomeServices,Berkshire Hathaway HomeServices,Irvine,Irvine,CA,93833,2,3,3,3055873,4.1,C,99,Referral Network,Enterprise (200+ agents),2026-09-08T20:12:56Z
CREAM-20260908-00960,Ashley Scott,Ashley Scott,Ashley,Scott,ashley.scott@icloud.com,(980) 324-4537,Huntington Real Estate,Huntington Real Estate,Youngstown,Youngstown,OH,43620,25,37,37,8632556,4.2,C,63,Facebook,Mid-size (11-50 agents),2026-09-08T15:03:35Z
CREAM-20260908-00961,Margaret Collins,Margaret Collins,Margaret,Collins,margaretcollins@aol.com,(704) 526-7993,Berkshire Hathaway,Berkshire Hathaway,Lorain,Lorain,OH,43967,23,32,32,8244579,4.2,C,82,NAR Directory,Boutique (2-10 agents),2026-09-08T14:37:03Z
CREAM-20260908-00962,Christine Sanchez,Christine Sanchez,Christine,Sanchez,christines@berkshirehathaway.com,(614) 702-6924,Berkshire Hathaway,Berkshire Hathaway,Hamilton,Hamilton,OH,44219,18,35,35,7010610,3.4,C,68,Trade Show,Independent,2026-09-08T20:38:25Z
CREAM-20260908-00963,Catherine Castillo,Catherine Castillo,Catherine,Castillo,catherinecastillo@outlook.com,(303) 465-8160,Douglas Elliman,Douglas Elliman,Coral Springs,Coral Springs,FL,34782,19,60,60,28796749,4.0,C,83,Referral Network,Independent,2026-09-08T05:43:17Z
CREAM-20260908-00964,David Watson,David Watson,David,Watson,david.watson@aol.com,(805) 818-6021,8z Real Estate,8z Real Estate,Pueblo,Pueblo,CO,81901,24,74,74,35681286,4.2,C,69,LinkedIn,Boutique (2-10 agents),2026-09-08T12:38:58Z
CREAM-20260908-00965,Arthur Fisher,Arthur Fisher,Arthur,Fisher,arthurf@re/max.com,(714) 242-7809,RE/MAX,RE/MAX,Centennial,Centennial,CO,81130,16,39,39,19117690,3.5,C,89,Brokerage Listings,Enterprise (200+ agents),2026-09-08T22:27:50Z
CREAM-20260908-00966,Eric Mendoza,Eric Mendoza,Eric,Mendoza,emendoza@aol.com,(714) 306-5377,Keller Williams,Keller Williams,Wilmington,Wilmington,NC,28651,21,48,48,21241356,4.6,C,80,Website Lead,Mid-size (11-50 agents),2026-09-08T02:35:51Z
CREAM-20260908-00967,Olivia Ward,Olivia Ward,Olivia,Ward,olivia.ward@me.com,(919) 430-3890,Compass,Compass,Coral Springs,Coral Springs,FL,32704,21,54,54,16266772,3.4,C,88,Brokerage Listings,Mid-size (11-50 agents),2026-09-08T11:07:30Z
CREAM-20260908-00968,Diane Hernandez,Diane Hernandez,Diane,Hernandez,dianehernandez@icloud.com,(718) 388-5968,HomeSmart,HomeSmart,Avondale,Avondale,AZ,86291,2,8,8,3380302,3.6,C,85,Trade Show,Enterprise (200+ agents),2026-09-08T17:15:32Z
CREAM-20260908-00969,William Kelly,William Kelly,William,Kelly,williamk@me.com,(786) 335-9682,Keller Williams,Keller Williams,Concord,Concord,NC,27379,9,39,39,10241851,4.7,C,92,NAR Directory,Boutique (2-10 agents),2026-09-08T09:29:41Z
CREAM-20260908-00970,William Wilson,William Wilson,William,Wilson,wwilson@russelllyonsothebys.com,(334) 478-8819,Russell Lyon Sotheby's,Russell Lyon Sotheby's,Surprise,Surprise,AZ,86456,18,31,31,16111344,4.7,C,80,Facebook,Boutique (2-10 agents),2026-09-08T12:12:40Z
CREAM-20260908-00971,Lisa Garcia,Lisa Garcia,Lisa,Garcia,lisag@briggsfreemansothebys.com,(614) 541-2954,Briggs Freeman Sotheby's,Briggs Freeman Sotheby's,Grand Prairie,Grand Prairie,TX,79605,13,77,77,21162239,4.1,C,89,MLS Database,Enterprise (200+ agents),2026-09-08T07:42:33Z
CREAM-20260908-00972,Richard Diaz,Richard Diaz,Richard,Diaz,rdiaz@kellerwilliams.com,(646) 921-9109,Keller Williams,Keller Williams,McKinney,McKinney,TX,78451,4,18,18,5858235,4.9,C,96,Brokerage Listings,Large (51-200 agents),2026-09-08T10:19:49Z
CREAM-20260908-00973,Carol Baker,Carol Baker,Carol,Baker,cbaker@aol.com,(334) 491-2425,Douglas Elliman,Douglas Elliman,Clearwater,Clearwater,FL,34890,4,14,14,4670900,4.6,C,81,LinkedIn,Enterprise (200+ agents),2026-09-08T20:27:04Z
CREAM-20260908-00974,Julia Brown,Julia Brown,Julia,Brown,juliab@me.com,(310) 913-9667,Howard Hanna,Howard Hanna,High Point,High Point,NC,28879,2,5,5,1411340,4.1,C,99,Trade Show,Independent,2026-09-08T16:06:29Z
CREAM-20260908-00975,Sharon Castillo,Sharon Castillo,Sharon,Castillo,sharoncastillo@yahoo.com,(214) 741-9809,RE/MAX,RE/MAX,Pueblo,Pueblo,CO,81713,22,59,59,31695901,4.5,C,87,Facebook,Boutique (2-10 agents),2026-09-08T19:46:58Z
CREAM-20260908-00976,Nicole Murphy,Nicole Murphy,Nicole,Murphy,nicolem@icloud.com,(713) 410-8074,Berkshire Hathaway,Berkshire Hathaway,West Palm Beach,West Palm Beach,FL,33183,3,19,19,8641943,4.4,C,93,Cold Outreach,Mid-size (11-50 agents),2026-09-08T14:17:29Z
CREAM-20260908-00977,Alexander Gonzalez,Alexander Gonzalez,Alexander,Gonzalez,agonzalez@coldwellbanker.com,(718) 943-3302,Coldwell Banker,Coldwell Banker,Westminster,Westminster,CO,80338,15,37,37,24409054,4.7,C,96,Brokerage Listings,Large (51-200 agents),2026-09-08T14:27:52Z
CREAM-20260908-00978,Betty Allen,Betty Allen,Betty,Allen,bettya@hotmail.com,(212) 842-6798,Coldwell Banker,Coldwell Banker,Surprise,Surprise,AZ,86594,5,18,18,5532870,4.4,C,94,Trade Show,Large (51-200 agents),2026-09-08T15:35:07Z
CREAM-20260908-00979,Angela Allen,Angela Allen,Angela,Allen,angelaa@me.com,(602) 567-3348,Douglas Elliman,Douglas Elliman,Grand Prairie,Grand Prairie,TX,77522,18,28,28,9411379,3.8,C,78,Trade Show,Enterprise (200+ agents),2026-09-08T13:06:48Z
CREAM-20260908-00980,Laura Wood,Laura Wood,Laura,Wood,laura.wood@yahoo.com,(512) 596-4667,Cutler Real Estate,Cutler Real Estate,Youngstown,Youngstown,OH,45734,2,12,12,2278982,3.8,C,90,Trade Show,Independent,2026-09-08T06:42:02Z
CREAM-20260908-00981,Richard Gomez,Richard Gomez,Richard,Gomez,rgomez@exprealty.com,(310) 211-6728,eXp Realty,eXp Realty,Centennial,Centennial,CO,81792,6,19,19,8893636,4.2,C,74,Brokerage Listings,Independent,2026-09-08T18:12:43Z
CREAM-20260908-00982,Laura Brown,Laura Brown,Laura,Brown,laura.brown@exprealty.com,(256) 203-3897,eXp Realty,eXp Realty,Centennial,Centennial,CO,81755,0,3,3,1756381,5.0,C,71,MLS Database,Independent,2026-09-08T06:13:14Z
CREAM-20260908-00983,Kimberly Jackson,Kimberly Jackson,Kimberly,Jackson,kimberlyj@gmail.com,(602) 441-4124,RE/MAX,RE/MAX,Wilmington,Wilmington,NC,27519,0,2,2,778786,4.0,C,68,Trade Show,Enterprise (200+ agents),2026-09-08T08:10:38Z
CREAM-20260908-00984,Grace Turner,Grace Turner,Grace,Turner,gracet@kellerwilliams.com,(334) 856-7474,Keller Williams,Keller Williams,White Plains,White Plains,NY,11320,6,32,32,16552460,4.0,C,89,Realtor.com,Boutique (2-10 agents),2026-09-08T22:03:59Z
CREAM-20260908-00985,Victoria Alvarez,Victoria Alvarez,Victoria,Alvarez,victoria.alvarez@aol.com,(415) 366-4560,RE/MAX,RE/MAX,Avondale,Avondale,AZ,86120,4,23,23,8247849,4.5,C,100,Brokerage Listings,Independent,2026-09-08T18:10:39Z
CREAM-20260908-00986,Kevin Kim,Kevin Kim,Kevin,Kim,kevink@coldwellbanker.com,(919) 221-4601,Coldwell Banker,Coldwell Banker,High Point,High Point,NC,28171,2,8,8,3626050,3.0,C,94,NAR Directory,Enterprise (200+ agents),2026-09-08T22:36:16Z
CREAM-20260908-00987,James Perry,James Perry,James,Perry,jamesperry@icloud.com,(972) 498-6081,RE/MAX,RE/MAX,Fremont,Fremont,CA,91666,2,10,10,8998510,3.3,C,99,Referral Network,Mid-size (11-50 agents),2026-09-08T11:08:41Z
CREAM-20260908-00988,Brenda Watson,Brenda Watson,Brenda,Watson,brendawatson@me.com,(713) 943-5614,Keller Williams,Keller Williams,Lorain,Lorain,OH,43615,5,14,14,3787720,4.2,C,90,Brokerage Listings,Mid-size (11-50 agents),2026-09-08T13:32:22Z
CREAM-20260908-00989,Albert Reyes,Albert Reyes,Albert,Reyes,albertr@gmail.com,(407) 261-1534,Pacific Sotheby's,Pacific Sotheby's,Fremont,Fremont,CA,95593,1,9,9,7777024,4.7,C,61,Brokerage Listings,Independent,2026-09-08T10:55:03Z
CREAM-20260908-00990,Carol Phillips,Carol Phillips,Carol,Phillips,carol.phillips@gmail.com,(303) 682-4797,eXp Realty,eXp Realty,Wilmington,Wilmington,NC,27784,6,32,32,14328174,3.4,C,84,Facebook,Large (51-200 agents),2026-09-08T18:30:58Z
CREAM-20260908-00991,Kathleen Bennett,Kathleen Bennett,Kathleen,Bennett,kathleen.bennett@yahoo.com,(916) 570-4652,RE/MAX,RE/MAX,Wilmington,Wilmington,NC,27821,4,15,15,4330686,3.4,C,66,NAR Directory,Boutique (2-10 agents),2026-09-08T15:58:34Z
CREAM-20260908-00992,Paul Hernandez,Paul Hernandez,Paul,Hernandez,paul.hernandez@douglaselliman.com,(916) 773-7279,Douglas Elliman,Douglas Elliman,Brownsville,Brownsville,TX,78698,22,59,59,20141677,3.2,C,81,MLS Database,Boutique (2-10 agents),2026-09-08T14:47:52Z
CREAM-20260908-00993,Sarah Powell,Sarah Powell,Sarah,Powell,spowell@coldwellbanker.com,(980) 224-6804,Coldwell Banker,Coldwell Banker,West Palm Beach,West Palm Beach,FL,32803,25,60,60,26784861,3.7,C,64,Realtor.com,Boutique (2-10 agents),2026-09-08T10:05:28Z
CREAM-20260908-00994,Daniel Sanchez,Daniel Sanchez,Daniel,Sanchez,daniel.sanchez@century21.com,(415) 219-3563,Century 21,Century 21,Palm Bay,Palm Bay,FL,32244,4,24,24,11993976,3.1,C,94,Website Lead,Boutique (2-10 agents),2026-09-08T09:26:27Z
CREAM-20260908-00995,Bruce Kelly,Bruce Kelly,Bruce,Kelly,brucek@hotmail.com,(713) 912-5576,eXp Realty,eXp Realty,Wilmington,Wilmington,NC,27151,21,76,76,20736900,4.8,C,69,NAR Directory,Enterprise (200+ agents),2026-09-08T13:06:31Z
CREAM-20260908-00996,Gregory Howard,Gregory Howard,Gregory,Howard,gregory_howard@hotmail.com,(919) 905-6724,Compass,Compass,Modesto,Modesto,CA,95235,15,56,56,58924177,4.1,C,97,MLS Database,Independent,2026-09-08T00:15:42Z
CREAM-20260908-00997,Keith Jimenez,Keith Jimenez,Keith,Jimenez,kjimenez@aol.com,(713) 762-8316,Keller Williams,Keller Williams,Lorain,Lorain,OH,44977,12,33,33,10648347,4.5,C,97,LinkedIn,Enterprise (200+ agents),2026-09-08T05:27:58Z
CREAM-20260908-00998,Elizabeth Kim,Elizabeth Kim,Elizabeth,Kim,ekim@hotmail.com,(713) 899-9491,Berkshire Hathaway,Berkshire Hathaway,Brownsville,Brownsville,TX,79249,18,43,43,18035736,4.9,C,77,LinkedIn,Enterprise (200+ agents),2026-09-08T08:42:24Z
CREAM-20260908-00999,Raymond Anderson,Raymond Anderson,Raymond,Anderson,raymond.anderson@yahoo.com,(256) 491-5685,Sotheby's International,Sotheby's International,Troy,Troy,NY,11178,4,23,23,18160220,3.2,C,79,MLS Database,Large (51-200 agents),2026-09-08T16:42:50Z
CREAM-20260908-01000,Katherine Martin,Katherine Martin,Katherine,Martin,katherinem@me.com,(407) 573-7923,Allen Tate,Allen Tate,Greenville,Greenville,NC,28776,3,13,13,3463274,3.5,C,60,LinkedIn,Independent,2026-09-08T12:51:43Z
