id,full_name,name,first_name,last_name,email,phone,brokerage,company,metro_area,city,state,zip,years_experience,transactions_12mo,transactions_last_year,sales_volume,rating,priority,cream_fit_score,source,brokerage_size,scraped_at
CREAM-20260829-00001,Daniel Gray,Daniel Gray,Daniel,Gray,dgray@hotmail.com,(310) 274-9745,Berkshire Hathaway,Berkshire Hathaway,Scottsdale,Scottsdale,AZ,86372,11,58,58,28362884,4.7,A,94,NAR Directory,Boutique (2-10 agents),2026-08-29T01:06:30Z
CREAM-20260829-00002,Kenneth Russell,Kenneth Russell,Kenneth,Russell,krussell@hotmail.com,(805) 436-7036,eXp Realty,eXp Realty,Houston,Houston,TX,78867,3,18,18,5614384,4.1,A,96,Referral Network,Boutique (2-10 agents),2026-08-29T17:57:16Z
CREAM-20260829-00003,Sharon Moore,Sharon Moore,Sharon,Moore,sharon.moore@briggsfreemansothebys.com,(646) 344-6560,Briggs Freeman Sotheby's,Briggs Freeman Sotheby's,Austin,Austin,TX,79940,1,6,6,1545958,4.0,A,78,Website Lead,Boutique (2-10 agents),2026-08-29T14:05:11Z
CREAM-20260829-00004,Samantha Russell,Samantha Russell,Samantha,Russell,srussell@berkshirehathaway.com,(786) 441-1854,Berkshire Hathaway,Berkshire Hathaway,Phoenix,Phoenix,AZ,85471,5,21,21,6863722,3.1,A,68,Website Lead,Mid-size (11-50 agents),2026-08-29T06:22:21Z
CREAM-20260829-00005,Mark Gonzalez,Mark Gonzalez,Mark,Gonzalez,markg@gmail.com,(704) 813-6980,Coldwell Banker,Coldwell Banker,Greensboro,Greensboro,NC,28875,11,41,41,11603161,4.9,A,93,NAR Directory,Independent,2026-08-29T16:38:32Z
CREAM-20260829-00006,Wayne Ruiz,Wayne Ruiz,Wayne,Ruiz,wayner@yahoo.com,(512) 636-1617,RE/MAX,RE/MAX,Tampa,Tampa,FL,33900,9,33,33,12270263,4.0,A,87,Facebook,Enterprise (200+ agents),2026-08-29T11:48:31Z
CREAM-20260829-00007,Michelle Martinez,Michelle Martinez,Michelle,Martinez,michelle_martinez@icloud.com,(234) 527-3859,Corcoran Group,Corcoran Group,Queens,Queens,NY,14514,4,23,23,16522158,4.1,A,61,Referral Network,Boutique (2-10 agents),2026-08-29T08:00:31Z
CREAM-20260829-00008,Carol Johnson,Carol Johnson,Carol,Johnson,carolj@sothebysinternational.com,(334) 615-5114,Sotheby's International,Sotheby's International,Sacramento,Sacramento,CA,90639,11,74,74,71547025,4.4,A,98,Cold Outreach,Independent,2026-08-29T00:23:33Z
CREAM-20260829-00009,Amanda Baker,Amanda Baker,Amanda,Baker,abaker@gmail.com,(334) 369-7297,Keller Williams Realty,Keller Williams Realty,Jacksonville,Jacksonville,FL,33959,1,4,4,1430003,3.2,A,90,Referral Network,Large (51-200 agents),2026-08-29T02:11:50Z
CREAM-20260829-00010,Rebecca Cox,Rebecca Cox,Rebecca,Cox,rebeccacox@icloud.com,(919) 320-5796,Long Realty,Long Realty,Tucson,Tucson,AZ,85641,12,36,36,18589653,3.1,A,92,Brokerage Listings,Mid-size (11-50 agents),2026-08-29T17:20:03Z
CREAM-20260829-00011,Arthur Peterson,Arthur Peterson,Arthur,Peterson,arthurpeterson@outlook.com,(256) 581-6108,Keller Williams Realty,Keller Williams Realty,San Francisco,San Francisco,CA,93783,4,9,9,8680216,3.4,A,89,Realtor.com,Large (51-200 agents),2026-08-29T08:24:27Z
CREAM-20260829-00012,Christine Ward,Christine Ward,Christine,Ward,christineward@gmail.com,(972) 611-4561,RE/MAX,RE/MAX,Cincinnati,Cincinnati,OH,45177,5,15,15,3346085,3.2,A,60,Realtor.com,Boutique (2-10 agents),2026-08-29T16:01:07Z
CREAM-20260829-00013,Kimberly Castillo,Kimberly Castillo,Kimberly,Castillo,kcastillo@outlook.com,(602) 216-1336,eXp Realty,eXp Realty,Cincinnati,Cincinnati,OH,45856,22,64,64,11412551,3.7,A,89,Website Lead,Enterprise (200+ agents),2026-08-29T04:45:57Z
CREAM-20260829-00014,Martha Alexander,Martha Alexander,Martha,Alexander,malexander@outlook.com,(704) 639-2167,HER Realtors,HER Realtors,Cincinnati,Cincinnati,OH,45818,1,12,12,2806612,3.9,A,72,NAR Directory,Independent,2026-08-29T00:05:08Z
CREAM-20260829-00015,George James,George James,George,James,georgejames@hotmail.com,(713) 610-6730,Keller Williams,Keller Williams,Colorado Springs,Colorado Springs,CO,80259,5,9,9,5000341,3.9,A,96,Realtor.com,Mid-size (11-50 agents),2026-08-29T07:11:24Z
CREAM-20260829-00016,Maria Flores,Maria Flores,Maria,Flores,mariaf@exprealty.com,(415) 493-9539,eXp Realty,eXp Realty,Houston,Houston,TX,78862,25,58,58,21676644,3.7,A,88,Referral Network,Independent,2026-08-29T07:13:13Z
CREAM-20260829-00017,Laura Gomez,Laura Gomez,Laura,Gomez,lgomez@icloud.com,(469) 905-5342,Allen Tate,Allen Tate,Raleigh,Raleigh,NC,27316,2,8,8,3472068,3.5,A,63,Cold Outreach,Mid-size (11-50 agents),2026-08-29T05:27:40Z
CREAM-20260829-00018,Brenda Sanders,Brenda Sanders,Brenda,Sanders,bsanders@exprealty.com,(919) 457-1713,eXp Realty,eXp Realty,San Jose,San Jose,CA,91540,6,24,24,19345780,4.6,A,74,Cold Outreach,Enterprise (200+ agents),2026-08-29T03:18:05Z
CREAM-20260829-00019,Jack Wright,Jack Wright,Jack,Wright,jackw@century21.com,(469) 528-5813,Century 21,Century 21,Miami,Miami,FL,32831,2,8,8,3095487,3.7,A,85,Trade Show,Independent,2026-08-29T22:41:22Z
CREAM-20260829-00020,Dorothy Ward,Dorothy Ward,Dorothy,Ward,dorothyward@gmail.com,(512) 924-6104,Keller Williams,Keller Williams,Charlotte,Charlotte,NC,28778,0,0,0,0,5.0,A,90,Trade Show,Enterprise (200+ agents),2026-08-29T05:36:24Z
CREAM-20260829-00021,Bruce Allen,Bruce Allen,Bruce,Allen,ballen@gmail.com,(704) 908-2411,Century 21,Century 21,Jacksonville,Jacksonville,FL,33675,4,18,18,8770312,4.2,A,90,NAR Directory,Enterprise (200+ agents),2026-08-29T00:58:49Z
CREAM-20260829-00022,Carol Sanders,Carol Sanders,Carol,Sanders,csanders@hotmail.com,(786) 866-6603,RE/MAX,RE/MAX,Miami,Miami,FL,32373,4,19,19,7458697,4.8,A,76,LinkedIn,Boutique (2-10 agents),2026-08-29T18:32:04Z
CREAM-20260829-00023,Charles Reed,Charles Reed,Charles,Reed,creed@gmail.com,(415) 389-3737,HomeSmart,HomeSmart,Tucson,Tucson,AZ,85568,19,77,77,22398099,3.8,A,69,NAR Directory,Enterprise (200+ agents),2026-08-29T01:09:49Z
CREAM-20260829-00024,Bruce Peterson,Bruce Peterson,Bruce,Peterson,bruce.peterson@8zrealestate.com,(805) 853-6697,8z Real Estate,8z Real Estate,Colorado Springs,Colorado Springs,CO,80260,3,16,16,10594110,4.0,A,77,Cold Outreach,Mid-size (11-50 agents),2026-08-29T07:43:10Z
CREAM-20260829-00025,Theresa Anderson,Theresa Anderson,Theresa,Anderson,theresaa@gmail.com,(786) 667-2643,Keller Williams,Keller Williams,Raleigh,Raleigh,NC,28198,2,3,3,1018101,4.4,A,70,Trade Show,Boutique (2-10 agents),2026-08-29T09:22:50Z
CREAM-20260829-00026,Debra Morales,Debra Morales,Debra,Morales,dmorales@re/max.com,(512) 916-5797,RE/MAX,RE/MAX,San Francisco,San Francisco,CA,94572,7,18,18,11365395,4.2,A,80,Brokerage Listings,Large (51-200 agents),2026-08-29T02:08:04Z
CREAM-20260829-00027,Edward Morgan,Edward Morgan,Edward,Morgan,edwardmorgan@icloud.com,(929) 598-1811,Howard Hanna,Howard Hanna,Raleigh,Raleigh,NC,27592,23,72,72,18871642,3.1,A,84,Realtor.com,Mid-size (11-50 agents),2026-08-29T16:30:46Z
CREAM-20260829-00028,Charles Ortiz,Charles Ortiz,Charles,Ortiz,cortiz@icloud.com,(512) 675-1776,Russell Lyon Sotheby's,Russell Lyon Sotheby's,Scottsdale,Scottsdale,AZ,85494,4,14,14,4417671,5.0,A,85,MLS Database,Large (51-200 agents),2026-08-29T16:39:00Z
CREAM-20260829-00029,Theresa Hernandez,Theresa Hernandez,Theresa,Hernandez,theresah@gmail.com,(305) 783-5404,Douglas Elliman,Douglas Elliman,Houston,Houston,TX,75875,4,8,8,2009115,3.7,A,64,Website Lead,Boutique (2-10 agents),2026-08-29T15:13:26Z
CREAM-20260829-00030,Rebecca Roberts,Rebecca Roberts,Rebecca,Roberts,rebeccar@coldwellbanker.com,(407) 302-2739,Coldwell Banker,Coldwell Banker,Dallas,Dallas,TX,77863,15,39,39,11317338,4.0,A,78,NAR Directory,Boutique (2-10 agents),2026-08-29T15:55:12Z
CREAM-20260829-00031,Angela Rivera,Angela Rivera,Angela,Rivera,angelar@yahoo.com,(310) 334-8130,Berkshire Hathaway,Berkshire Hathaway,San Antonio,San Antonio,TX,78993,18,79,79,19736367,3.1,A,69,Referral Network,Mid-size (11-50 agents),2026-08-29T18:19:19Z
CREAM-20260829-00032,George Sullivan,George Sullivan,George,Sullivan,georges@yahoo.com,(713) 868-4065,RE/MAX,RE/MAX,San Diego,San Diego,CA,92507,1,10,10,6428504,3.7,A,76,Website Lead,Mid-size (11-50 agents),2026-08-29T15:01:52Z
CREAM-20260829-00033,Bruce Morris,Bruce Morris,Bruce,Morris,bmorris@gmail.com,(720) 422-5448,RE/MAX,RE/MAX,Fort Worth,Fort Worth,TX,78859,20,51,51,16547411,4.9,A,70,Website Lead,Independent,2026-08-29T18:56:32Z
CREAM-20260829-00034,Sarah Price,Sarah Price,Sarah,Price,sarahp@kellerwilliams.com,(972) 367-3755,Keller Williams,Keller Williams,Denver,Denver,CO,81913,1,4,4,2851501,4.4,A,92,Trade Show,Large (51-200 agents),2026-08-29T16:44:39Z
CREAM-20260829-00035,Joshua Reyes,Joshua Reyes,Joshua,Reyes,joshuareyes@yahoo.com,(469) 521-5918,Berkshire Hathaway,Berkshire Hathaway,Greensboro,Greensboro,NC,27503,4,20,20,8593360,3.6,A,65,Brokerage Listings,Mid-size (11-50 agents),2026-08-29T18:22:18Z
CREAM-20260829-00036,Laura Ruiz,Laura Ruiz,Laura,Ruiz,laura_ruiz@outlook.com,(929) 437-3424,RE/MAX,RE/MAX,Tucson,Tucson,AZ,85364,3,9,9,2688850,3.4,A,98,Website Lead,Boutique (2-10 agents),2026-08-29T16:14:26Z
CREAM-20260829-00037,Stephanie Gray,Stephanie Gray,Stephanie,Gray,stephanieg@berkshirehathaway.com,(513) 303-8768,Berkshire Hathaway,Berkshire Hathaway,Mesa,Mesa,AZ,86357,18,35,35,16148281,3.7,A,67,Realtor.com,Independent,2026-08-29T22:09:53Z
CREAM-20260829-00038,Dorothy Campbell,Dorothy Campbell,Dorothy,Campbell,dcampbell@yahoo.com,(718) 831-9284,Keller Williams,Keller Williams,Queens,Queens,NY,10972,25,64,64,38538631,3.9,A,92,Facebook,Enterprise (200+ agents),2026-08-29T13:59:15Z
CREAM-20260829-00039,Anna Long,Anna Long,Anna,Long,along@8zrealestate.com,(805) 824-2976,8z Real Estate,8z Real Estate,Denver,Denver,CO,81475,4,19,19,9273270,4.3,A,67,NAR Directory,Enterprise (200+ agents),2026-08-29T14:54:41Z
CREAM-20260829-00040,Ronald Thomas,Ronald Thomas,Ronald,Thomas,ronaldt@re/max.com,(718) 975-9436,RE/MAX,RE/MAX,Los Angeles,Los Angeles,CA,93735,10,35,35,23327212,4.7,A,88,Referral Network,Boutique (2-10 agents),2026-08-29T00:44:42Z
CREAM-20260829-00041,Anna Coleman,Anna Coleman,Anna,Coleman,annacoleman@me.com,(713) 380-7879,Keller Williams,Keller Williams,Dallas,Dallas,TX,77908,19,59,59,15993081,3.8,A,96,Realtor.com,Boutique (2-10 agents),2026-08-29T22:53:13Z
CREAM-20260829-00042,Emily Hernandez,Emily Hernandez,Emily,Hernandez,ehernandez@me.com,(972) 748-4895,Sotheby's International,Sotheby's International,San Francisco,San Francisco,CA,91774,14,60,60,38481179,5.0,A,63,LinkedIn,Enterprise (200+ agents),2026-08-29T14:23:59Z
CREAM-20260829-00043,Brenda Nelson,Brenda Nelson,Brenda,Nelson,brendanelson@aol.com,(718) 797-9333,Coldwell Banker,Coldwell Banker,Miami,Miami,FL,33950,18,64,64,27953663,4.4,A,84,Realtor.com,Independent,2026-08-29T18:51:14Z
CREAM-20260829-00044,Thomas Roberts,Thomas Roberts,Thomas,Roberts,thomas.roberts@howardhanna.com,(919) 538-3886,Howard Hanna,Howard Hanna,Greensboro,Greensboro,NC,28217,4,13,13,4782397,4.7,A,80,Realtor.com,Mid-size (11-50 agents),2026-08-29T11:41:44Z
CREAM-20260829-00045,Ralph Green,Ralph Green,Ralph,Green,ralphgreen@gmail.com,(303) 945-2710,Coldwell Banker,Coldwell Banker,Cincinnati,Cincinnati,OH,43365,3,20,20,4893321,3.4,A,66,Brokerage Listings,Mid-size (11-50 agents),2026-08-29T15:49:05Z
CREAM-20260829-00046,Anna Morris,Anna Morris,Anna,Morris,amorris@nestseekers.com,(214) 932-1875,Nest Seekers,Nest Seekers,Queens,Queens,NY,12376,9,34,34,17894460,3.8,A,85,Trade Show,Enterprise (200+ agents),2026-08-29T03:42:34Z
CREAM-20260829-00047,Sharon Reyes,Sharon Reyes,Sharon,Reyes,sreyes@kellerwilliams.com,(512) 275-2200,Keller Williams,Keller Williams,Colorado Springs,Colorado Springs,CO,80518,15,36,36,23684501,3.3,A,69,LinkedIn,Independent,2026-08-29T10:45:12Z
CREAM-20260829-00048,Shirley Kim,Shirley Kim,Shirley,Kim,skim@hotmail.com,(614) 275-9554,Keller Williams,Keller Williams,Dallas,Dallas,TX,78874,19,39,39,12292826,4.6,A,100,Realtor.com,Independent,2026-08-29T00:56:49Z
CREAM-20260829-00049,Robert Gonzalez,Robert Gonzalez,Robert,Gonzalez,robert.gonzalez@me.com,(805) 611-8393,Keller Williams Realty,Keller Williams Realty,Oakland,Oakland,CA,96921,0,1,1,728637,4.9,A,63,NAR Directory,Enterprise (200+ agents),2026-08-29T04:36:57Z
CREAM-20260829-00050,Karen Gray,Karen Gray,Karen,Gray,kareng@douglaselliman.com,(718) 383-4266,Douglas Elliman,Douglas Elliman,Austin,Austin,TX,79683,3,15,15,5983932,4.4,A,96,LinkedIn,Boutique (2-10 agents),2026-08-29T09:27:13Z
CREAM-20260829-00051,Jerry Davis,Jerry Davis,Jerry,Davis,jdavis@kellerwilliamsrealty.com,(919) 950-2325,Keller Williams Realty,Keller Williams Realty,Orlando,Orlando,FL,32226,13,57,57,27875649,3.2,A,73,MLS Database,Boutique (2-10 agents),2026-08-29T19:40:45Z
CREAM-20260829-00052,Ryan Gutierrez,Ryan Gutierrez,Ryan,Gutierrez,rgutierrez@alliebethallman.com,(513) 513-6120,Allie Beth Allman,Allie Beth Allman,El Paso,El Paso,TX,78409,10,38,38,11987111,3.1,A,62,LinkedIn,Large (51-200 agents),2026-08-29T02:14:06Z
CREAM-20260829-00053,Edward Fisher,Edward Fisher,Edward,Fisher,edwardf@kellerwilliams.com,(513) 812-9455,Keller Williams,Keller Williams,Scottsdale,Scottsdale,AZ,85223,17,47,47,13897589,4.7,A,77,Realtor.com,Large (51-200 agents),2026-08-29T02:38:44Z
CREAM-20260829-00054,Louis Allen,Louis Allen,Louis,Allen,louisallen@aol.com,(916) 474-1398,Keller Williams,Keller Williams,Charlotte,Charlotte,NC,27319,2,4,4,1699463,4.9,A,64,LinkedIn,Large (51-200 agents),2026-08-29T04:49:56Z
CREAM-20260829-00055,Robert Bailey,Robert Bailey,Robert,Bailey,robertbailey@outlook.com,(602) 621-7455,Allie Beth Allman,Allie Beth Allman,San Antonio,San Antonio,TX,76984,1,4,4,1570387,3.3,A,71,Realtor.com,Large (51-200 agents),2026-08-29T02:06:21Z
CREAM-20260829-00056,Daniel Harris,Daniel Harris,Daniel,Harris,danielharris@outlook.com,(415) 212-2710,RE/MAX,RE/MAX,Denver,Denver,CO,80870,13,69,69,35817931,4.3,A,63,Facebook,Boutique (2-10 agents),2026-08-29T23:48:10Z
CREAM-20260829-00057,Judith White,Judith White,Judith,White,judith_white@aol.com,(212) 716-9646,HomeSmart,HomeSmart,Mesa,Mesa,AZ,85593,1,7,7,2731927,3.6,A,88,NAR Directory,Mid-size (11-50 agents),2026-08-29T08:24:52Z
CREAM-20260829-00058,David Reyes,David Reyes,David,Reyes,davidreyes@hotmail.com,(334) 704-3138,RE/MAX,RE/MAX,Greensboro,Greensboro,NC,27524,0,5,5,1770142,3.6,A,98,Referral Network,Large (51-200 agents),2026-08-29T03:03:27Z
CREAM-20260829-00059,Timothy Russell,Timothy Russell,Timothy,Russell,timothyr@sothebysinternational.com,(805) 288-1665,Sotheby's International,Sotheby's International,Oakland,Oakland,CA,90332,0,3,3,3147594,4.7,A,73,Referral Network,Boutique (2-10 agents),2026-08-29T02:36:44Z
CREAM-20260829-00060,Cynthia Lewis,Cynthia Lewis,Cynthia,Lewis,clewis@re/max.com,(972) 614-1105,RE/MAX,RE/MAX,Sacramento,Sacramento,CA,92842,3,13,13,13090894,3.0,A,75,MLS Database,Mid-size (11-50 agents),2026-08-29T04:52:57Z
CREAM-20260829-00061,Barbara Gonzalez,Barbara Gonzalez,Barbara,Gonzalez,bgonzalez@hotmail.com,(214) 973-5984,eXp Realty,eXp Realty,San Antonio,San Antonio,TX,79269,3,11,11,3563030,4.2,A,90,Brokerage Listings,Independent,2026-08-29T23:53:09Z
CREAM-20260829-00062,Maria Smith,Maria Smith,Maria,Smith,marias@compass.com,(720) 641-9090,Compass,Compass,New York City,New York City,NY,11277,3,11,11,7431845,4.9,A,79,Brokerage Listings,Enterprise (200+ agents),2026-08-29T10:59:01Z
CREAM-20260829-00063,Sarah Ramos,Sarah Ramos,Sarah,Ramos,sarahr@yahoo.com,(972) 726-2322,Berkshire Hathaway,Berkshire Hathaway,Columbus,Columbus,OH,44313,3,18,18,4754915,3.7,A,63,NAR Directory,Enterprise (200+ agents),2026-08-29T19:29:50Z
CREAM-20260829-00064,Maria Anderson,Maria Anderson,Maria,Anderson,maria_anderson@me.com,(980) 356-9753,LIV Sotheby's,LIV Sotheby's,Aurora,Aurora,CO,80673,0,1,1,580512,3.8,A,67,Trade Show,Enterprise (200+ agents),2026-08-29T01:20:15Z
CREAM-20260829-00065,Brenda Taylor,Brenda Taylor,Brenda,Taylor,brendat@hotmail.com,(404) 862-5747,Berkshire Hathaway,Berkshire Hathaway,Orlando,Orlando,FL,32975,0,4,4,1252267,3.1,A,66,MLS Database,Large (51-200 agents),2026-08-29T22:42:37Z
CREAM-20260829-00066,Mary Myers,Mary Myers,Mary,Myers,marymyers@icloud.com,(980) 848-6483,Coldwell Banker,Coldwell Banker,Charlotte,Charlotte,NC,27299,24,40,40,13003051,4.3,A,85,Trade Show,Boutique (2-10 agents),2026-08-29T17:43:15Z
CREAM-20260829-00067,Eric Long,Eric Long,Eric,Long,elong@allentate.com,(407) 881-2174,Allen Tate,Allen Tate,Charlotte,Charlotte,NC,27966,5,22,22,9000923,3.3,A,93,Website Lead,Independent,2026-08-29T12:37:16Z
CREAM-20260829-00068,Benjamin Myers,Benjamin Myers,Benjamin,Myers,benjaminmyers@gmail.com,(214) 609-7276,Berkshire Hathaway,Berkshire Hathaway,Columbus,Columbus,OH,45672,2,10,10,2622652,4.4,A,89,NAR Directory,Independent,2026-08-29T00:12:07Z
CREAM-20260829-00069,Michelle Morales,Michelle Morales,Michelle,Morales,michellem@gmail.com,(919) 223-9226,Coldwell Banker,Coldwell Banker,Columbus,Columbus,OH,44978,21,61,61,14296208,3.9,A,68,Realtor.com,Mid-size (11-50 agents),2026-08-29T22:03:46Z
CREAM-20260829-00070,Christopher Rodriguez,Christopher Rodriguez,Christopher,Rodriguez,crodriguez@icloud.com,(513) 596-4040,Coldwell Banker,Coldwell Banker,San Francisco,San Francisco,CA,93457,0,3,3,3081731,4.9,A,93,NAR Directory,Mid-size (11-50 agents),2026-08-29T06:55:43Z
CREAM-20260829-00071,Aaron Rogers,Aaron Rogers,Aaron,Rogers,aaron.rogers@re/max.com,(713) 556-9823,RE/MAX,RE/MAX,Colorado Springs,Colorado Springs,CO,81205,4,10,10,4117532,4.2,A,81,NAR Directory,Large (51-200 agents),2026-08-29T06:53:24Z
CREAM-20260829-00072,Ashley Ramos,Ashley Ramos,Ashley,Ramos,ashleyr@berkshirehathaway.com,(310) 726-4096,Berkshire Hathaway,Berkshire Hathaway,Fort Lauderdale,Fort Lauderdale,FL,34255,3,20,20,6771609,4.6,A,74,LinkedIn,Boutique (2-10 agents),2026-08-29T00:44:49Z
CREAM-20260829-00073,Daniel Thomas,Daniel Thomas,Daniel,Thomas,danielt@yahoo.com,(786) 635-6081,RE/MAX,RE/MAX,Los Angeles,Los Angeles,CA,91679,17,61,61,43708800,3.9,A,81,Realtor.com,Boutique (2-10 agents),2026-08-29T01:01:47Z
CREAM-20260829-00074,Louis Anderson,Louis Anderson,Louis,Anderson,louis.anderson@outlook.com,(407) 513-3009,Brown Harris Stevens,Brown Harris Stevens,Brooklyn,Brooklyn,NY,11447,2,10,10,6960948,4.1,A,65,Facebook,Large (51-200 agents),2026-08-29T23:55:51Z
CREAM-20260829-00075,Bruce Torres,Bruce Torres,Bruce,Torres,bruce_torres@outlook.com,(646) 550-3581,Coldwell Banker,Coldwell Banker,Sacramento,Sacramento,CA,92827,20,44,44,40195862,4.5,A,69,Trade Show,Independent,2026-08-29T11:50:32Z
CREAM-20260829-00076,Angela Watson,Angela Watson,Angela,Watson,angela.watson@gmail.com,(513) 287-9645,Berkshire Hathaway,Berkshire Hathaway,Greensboro,Greensboro,NC,28519,0,0,0,0,3.8,A,94,MLS Database,Large (51-200 agents),2026-08-29T12:36:33Z
CREAM-20260829-00077,Wayne Mendoza,Wayne Mendoza,Wayne,Mendoza,wayne.mendoza@yahoo.com,(713) 395-9755,Allen Tate,Allen Tate,Raleigh,Raleigh,NC,27275,16,62,62,25422675,3.3,A,63,Referral Network,Independent,2026-08-29T22:24:05Z
CREAM-20260829-00078,Stephanie Ruiz,Stephanie Ruiz,Stephanie,Ruiz,sruiz@re/max.com,(929) 682-7183,RE/MAX,RE/MAX,Raleigh,Raleigh,NC,27189,2,3,3,1182686,5.0,A,96,Cold Outreach,Boutique (2-10 agents),2026-08-29T09:48:03Z
CREAM-20260829-00079,Angela Adams,Angela Adams,Angela,Adams,angela.adams@pacificsothebys.com,(720) 517-8558,Pacific Sotheby's,Pacific Sotheby's,Long Beach,Long Beach,CA,91620,3,8,8,8688115,3.9,A,60,Brokerage Listings,Independent,2026-08-29T19:30:11Z
CREAM-20260829-00080,Angela Gray,Angela Gray,Angela,Gray,angelag@herrealtors.com,(212) 641-1099,HER Realtors,HER Realtors,Cincinnati,Cincinnati,OH,44140,23,62,62,18867451,3.2,A,86,Website Lead,Large (51-200 agents),2026-08-29T07:22:05Z
CREAM-20260829-00081,Lauren Carter,Lauren Carter,Lauren,Carter,lauren.carter@gmail.com,(972) 809-7545,Huntington Real Estate,Huntington Real Estate,Cleveland,Cleveland,OH,45103,20,61,61,12383461,3.4,A,65,Cold Outreach,Large (51-200 agents),2026-08-29T07:33:49Z
CREAM-20260829-00082,Ralph Turner,Ralph Turner,Ralph,Turner,ralpht@hotmail.com,(786) 358-2204,eXp Realty,eXp Realty,Oakland,Oakland,CA,96537,15,54,54,56490840,3.6,A,69,Realtor.com,Large (51-200 agents),2026-08-29T22:38:29Z
CREAM-20260829-00083,Amber Turner,Amber Turner,Amber,Turner,aturner@hotmail.com,(929) 464-5374,Allen Tate,Allen Tate,Charlotte,Charlotte,NC,28614,2,5,5,1810702,4.1,A,65,LinkedIn,Enterprise (200+ agents),2026-08-29T09:50:22Z
CREAM-20260829-00084,Amanda Foster,Amanda Foster,Amanda,Foster,amanda.foster@outlook.com,(415) 577-2217,Berkshire Hathaway,Berkshire Hathaway,Greensboro,Greensboro,NC,27819,3,22,22,7797558,4.3,A,93,Brokerage Listings,Independent,2026-08-29T22:48:18Z
CREAM-20260829-00085,Arthur Mitchell,Arthur Mitchell,Arthur,Mitchell,arthurm@icloud.com,(212) 493-8178,Allie Beth Allman,Allie Beth Allman,Fort Worth,Fort Worth,TX,76563,11,55,55,17642188,3.8,A,85,Trade Show,Large (51-200 agents),2026-08-29T22:49:35Z
CREAM-20260829-00086,Gregory Brown,Gregory Brown,Gregory,Brown,gregory_brown@hotmail.com,(305) 553-4836,Compass,Compass,Oakland,Oakland,CA,95523,21,54,54,47479095,4.5,A,100,Facebook,Large (51-200 agents),2026-08-29T17:26:30Z
CREAM-20260829-00087,William Young,William Young,William,Young,wyoung@outlook.com,(614) 678-3682,RE/MAX,RE/MAX,Charlotte,Charlotte,NC,28866,0,1,1,405336,3.7,A,84,NAR Directory,Enterprise (200+ agents),2026-08-29T22:36:07Z
CREAM-20260829-00088,Joshua Gomez,Joshua Gomez,Joshua,Gomez,joshuagomez@gmail.com,(916) 662-2173,Long Realty,Long Realty,Mesa,Mesa,AZ,85366,19,46,46,17216577,3.8,A,87,Referral Network,Large (51-200 agents),2026-08-29T11:31:31Z
CREAM-20260829-00089,Albert Myers,Albert Myers,Albert,Myers,albert_myers@icloud.com,(929) 280-1884,LIV Sotheby's,LIV Sotheby's,Denver,Denver,CO,81528,1,12,12,8099430,4.1,A,92,MLS Database,Enterprise (200+ agents),2026-08-29T22:59:20Z
CREAM-20260829-00090,Samuel Gomez,Samuel Gomez,Samuel,Gomez,samuelg@aol.com,(602) 909-8556,Coldwell Banker,Coldwell Banker,Raleigh,Raleigh,NC,28688,24,40,40,12939263,4.9,A,99,Website Lead,Mid-size (11-50 agents),2026-08-29T22:32:19Z
CREAM-20260829-00091,Mary Ramirez,Mary Ramirez,Mary,Ramirez,maryramirez@gmail.com,(602) 826-5146,8z Real Estate,8z Real Estate,Denver,Denver,CO,80534,20,46,46,26380692,3.3,A,89,Brokerage Listings,Mid-size (11-50 agents),2026-08-29T02:46:39Z
CREAM-20260829-00092,Brenda Gonzalez,Brenda Gonzalez,Brenda,Gonzalez,brenda_gonzalez@aol.com,(513) 444-2690,Keller Williams,Keller Williams,Austin,Austin,TX,77398,18,41,41,14558886,4.9,A,89,Brokerage Listings,Boutique (2-10 agents),2026-08-29T10:05:35Z
CREAM-20260829-00093,Christopher Sanchez,Christopher Sanchez,Christopher,Sanchez,christophers@compass.com,(929) 205-8693,Compass,Compass,Denver,Denver,CO,81617,22,48,48,25990622,3.4,A,70,Facebook,Large (51-200 agents),2026-08-29T06:03:55Z
CREAM-20260829-00094,Ruth Clark,Ruth Clark,Ruth,Clark,rclark@hotmail.com,(469) 700-9553,Coldwell Banker,Coldwell Banker,Los Angeles,Los Angeles,CA,92974,7,37,37,23173677,3.6,A,81,Realtor.com,Boutique (2-10 agents),2026-08-29T13:46:10Z
CREAM-20260829-00095,Edward Castillo,Edward Castillo,Edward,Castillo,edward.castillo@yahoo.com,(972) 884-2887,Nest Seekers,Nest Seekers,Brooklyn,Brooklyn,NY,11633,5,23,23,14272053,3.9,A,92,NAR Directory,Large (51-200 agents),2026-08-29T05:45:45Z
CREAM-20260829-00096,Grace Alexander,Grace Alexander,Grace,Alexander,gracealexander@yahoo.com,(512) 819-8671,Douglas Elliman,Douglas Elliman,Queens,Queens,NY,14381,9,21,21,12408757,3.8,A,94,Trade Show,Independent,2026-08-29T00:04:30Z
CREAM-20260829-00097,Natalie Miller,Natalie Miller,Natalie,Miller,natalie.miller@outlook.com,(512) 766-4960,eXp Realty,eXp Realty,Colorado Springs,Colorado Springs,CO,80747,17,49,49,33720167,4.8,A,72,Referral Network,Enterprise (200+ agents),2026-08-29T12:27:12Z
CREAM-20260829-00098,Samuel Long,Samuel Long,Samuel,Long,samuell@hotmail.com,(929) 993-9138,Douglas Elliman,Douglas Elliman,El Paso,El Paso,TX,75592,13,72,72,29093202,3.8,A,100,Referral Network,Enterprise (200+ agents),2026-08-29T23:16:50Z
CREAM-20260829-00099,Elizabeth Harris,Elizabeth Harris,Elizabeth,Harris,eharris@gmail.com,(980) 892-1539,Coldwell Banker,Coldwell Banker,Raleigh,Raleigh,NC,28385,2,6,6,1607424,4.2,A,61,NAR Directory,Enterprise (200+ agents),2026-08-29T11:31:29Z
CREAM-20260829-00100,Jennifer Ross,Jennifer Ross,Jennifer,Ross,jennifer.ross@sothebysinternational.com,(718) 259-5385,Sotheby's International,Sotheby's International,Oakland,Oakland,CA,91432,4,24,24,20905817,3.6,A,61,MLS Database,Independent,2026-08-29T20:26:29Z
CREAM-20260829-00101,Philip Ruiz,Philip Ruiz,Philip,Ruiz,pruiz@century21.com,(614) 370-3036,Century 21,Century 21,Tampa,Tampa,FL,34316,1,6,6,1887313,3.9,A,79,Facebook,Large (51-200 agents),2026-08-29T10:25:20Z
CREAM-20260829-00102,Brian Nguyen,Brian Nguyen,Brian,Nguyen,bnguyen@re/max.com,(602) 619-8543,RE/MAX,RE/MAX,Colorado Springs,Colorado Springs,CO,81298,2,4,4,2011592,3.2,A,67,Realtor.com,Independent,2026-08-29T02:29:53Z
CREAM-20260829-00103,Peter Morales,Peter Morales,Peter,Morales,peter.morales@gmail.com,(614) 967-1500,eXp Realty,eXp Realty,Cleveland,Cleveland,OH,45122,4,10,10,2309801,3.6,A,92,Brokerage Listings,Independent,2026-08-29T20:49:53Z
CREAM-20260829-00104,Amanda Reed,Amanda Reed,Amanda,Reed,amandar@icloud.com,(929) 210-1441,HER Realtors,HER Realtors,Columbus,Columbus,OH,43487,18,75,75,19031463,3.8,A,65,Realtor.com,Large (51-200 agents),2026-08-29T00:33:57Z
CREAM-20260829-00105,Janet Gomez,Janet Gomez,Janet,Gomez,jgomez@hotmail.com,(704) 496-7648,Sotheby's International,Sotheby's International,Staten Island,Staten Island,NY,11264,17,49,49,23032739,3.6,A,88,Brokerage Listings,Boutique (2-10 agents),2026-08-29T23:16:47Z
CREAM-20260829-00106,Raymond Ortiz,Raymond Ortiz,Raymond,Ortiz,rortiz@yahoo.com,(415) 868-5770,Coldwell Banker,Coldwell Banker,Austin,Austin,TX,78680,25,41,41,12280449,3.9,A,65,NAR Directory,Large (51-200 agents),2026-08-29T00:55:51Z
CREAM-20260829-00107,Juan Young,Juan Young,Juan,Young,juan.young@sothebysinternational.com,(407) 431-9310,Sotheby's International,Sotheby's International,Oakland,Oakland,CA,92746,1,8,8,8073301,3.2,A,61,Realtor.com,Mid-size (11-50 agents),2026-08-29T18:22:43Z
CREAM-20260829-00108,Kevin Brown,Kevin Brown,Kevin,Brown,kbrown@gmail.com,(646) 541-7188,Coldwell Banker,Coldwell Banker,San Jose,San Jose,CA,90293,20,79,79,50288539,4.8,A,96,Realtor.com,Mid-size (11-50 agents),2026-08-29T09:03:05Z
CREAM-20260829-00109,Eugene Foster,Eugene Foster,Eugene,Foster,efoster@aol.com,(972) 291-1235,Sotheby's International,Sotheby's International,Oakland,Oakland,CA,93529,23,36,36,28908887,3.8,A,76,Cold Outreach,Mid-size (11-50 agents),2026-08-29T05:42:59Z
CREAM-20260829-00110,Barbara Gonzalez,Barbara Gonzalez,Barbara,Gonzalez,barbara.gonzalez@me.com,(214) 403-2024,Huntington Real Estate,Huntington Real Estate,Cincinnati,Cincinnati,OH,44483,2,8,8,2289913,3.2,A,86,Referral Network,Enterprise (200+ agents),2026-08-29T17:43:16Z
CREAM-20260829-00111,Heather Rivera,Heather Rivera,Heather,Rivera,hrivera@outlook.com,(415) 924-9930,Keller Williams,Keller Williams,Colorado Springs,Colorado Springs,CO,80149,19,42,42,16861222,3.1,A,93,MLS Database,Enterprise (200+ agents),2026-08-29T19:41:07Z
CREAM-20260829-00112,Michelle Watson,Michelle Watson,Michelle,Watson,michellew@century21.com,(786) 725-5364,Century 21,Century 21,Miami,Miami,FL,33939,3,15,15,6817684,4.3,A,98,Referral Network,Large (51-200 agents),2026-08-29T10:00:15Z
CREAM-20260829-00113,Lauren Nelson,Lauren Nelson,Lauren,Nelson,lnelson@re/max.com,(614) 551-1159,RE/MAX,RE/MAX,Mesa,Mesa,AZ,86488,19,37,37,16863793,4.3,A,73,NAR Directory,Mid-size (11-50 agents),2026-08-29T14:06:30Z
CREAM-20260829-00114,Melissa Allen,Melissa Allen,Melissa,Allen,melissaa@nestseekers.com,(718) 758-4017,Nest Seekers,Nest Seekers,Brooklyn,Brooklyn,NY,13272,5,21,21,17473381,3.0,A,63,Trade Show,Large (51-200 agents),2026-08-29T18:48:56Z
CREAM-20260829-00115,Pamela Phillips,Pamela Phillips,Pamela,Phillips,pamela.phillips@hotmail.com,(916) 887-7273,Coldwell Banker,Coldwell Banker,Greensboro,Greensboro,NC,27443,4,23,23,8798295,5.0,A,80,LinkedIn,Mid-size (11-50 agents),2026-08-29T00:34:01Z
CREAM-20260829-00116,Roger Alexander,Roger Alexander,Roger,Alexander,rogeralexander@gmail.com,(786) 702-9956,Allie Beth Allman,Allie Beth Allman,El Paso,El Paso,TX,76197,8,36,36,9001855,3.3,A,84,Referral Network,Mid-size (11-50 agents),2026-08-29T19:50:00Z
CREAM-20260829-00117,Scott Ramirez,Scott Ramirez,Scott,Ramirez,sramirez@outlook.com,(714) 309-8883,Howard Hanna,Howard Hanna,Charlotte,Charlotte,NC,27298,17,44,44,17656324,3.2,A,97,Referral Network,Boutique (2-10 agents),2026-08-29T08:55:04Z
CREAM-20260829-00118,Amanda Scott,Amanda Scott,Amanda,Scott,amandas@coldwellbanker.com,(614) 518-1724,Coldwell Banker,Coldwell Banker,Colorado Springs,Colorado Springs,CO,80706,5,18,18,10363163,3.6,A,74,Website Lead,Large (51-200 agents),2026-08-29T21:58:57Z
CREAM-20260829-00119,Stephanie Garcia,Stephanie Garcia,Stephanie,Garcia,sgarcia@halstead.com,(404) 316-4983,Halstead,Halstead,Brooklyn,Brooklyn,NY,12929,19,36,36,26747835,4.4,A,78,Facebook,Mid-size (11-50 agents),2026-08-29T03:04:44Z
CREAM-20260829-00120,Carl Lewis,Carl Lewis,Carl,Lewis,carllewis@hotmail.com,(805) 859-1150,LIV Sotheby's,LIV Sotheby's,Colorado Springs,Colorado Springs,CO,80610,2,11,11,5947472,4.9,A,81,Website Lead,Independent,2026-08-29T03:06:48Z
CREAM-20260829-00121,John King,John King,John,King,johnking@icloud.com,(714) 814-2348,Russell Lyon Sotheby's,Russell Lyon Sotheby's,Tucson,Tucson,AZ,86816,12,40,40,19354559,3.8,A,60,Trade Show,Mid-size (11-50 agents),2026-08-29T18:04:49Z
CREAM-20260829-00122,Keith Coleman,Keith Coleman,Keith,Coleman,keith.coleman@kellerwilliams.com,(404) 221-8537,Keller Williams,Keller Williams,Tucson,Tucson,AZ,85593,2,3,3,1107594,3.8,A,100,NAR Directory,Large (51-200 agents),2026-08-29T07:15:38Z
CREAM-20260829-00123,Donna Scott,Donna Scott,Donna,Scott,donna.scott@sothebysinternational.com,(469) 678-2171,Sotheby's International,Sotheby's International,Oakland,Oakland,CA,94743,1,12,12,10631781,4.5,A,96,Brokerage Listings,Enterprise (200+ agents),2026-08-29T05:41:09Z
CREAM-20260829-00124,Peter Gray,Peter Gray,Peter,Gray,pgray@aol.com,(512) 860-6695,RE/MAX,RE/MAX,Los Angeles,Los Angeles,CA,95159,5,18,18,12238737,5.0,A,77,Facebook,Enterprise (200+ agents),2026-08-29T13:22:46Z
CREAM-20260829-00125,Debra Thomas,Debra Thomas,Debra,Thomas,dthomas@re/max.com,(929) 961-3623,RE/MAX,RE/MAX,Tucson,Tucson,AZ,86836,3,12,12,4681366,4.1,A,77,LinkedIn,Mid-size (11-50 agents),2026-08-29T13:30:54Z
CREAM-20260829-00126,Donald White,Donald White,Donald,White,donald.white@coldwellbanker.com,(980) 915-5575,Coldwell Banker,Coldwell Banker,Charlotte,Charlotte,NC,27753,19,26,26,10429855,4.3,A,81,Facebook,Enterprise (200+ agents),2026-08-29T22:51:24Z
CREAM-20260829-00127,Alan Green,Alan Green,Alan,Green,agreen@aol.com,(512) 588-8109,LIV Sotheby's,LIV Sotheby's,Colorado Springs,Colorado Springs,CO,80521,0,1,1,493957,4.9,A,68,MLS Database,Enterprise (200+ agents),2026-08-29T22:38:01Z
CREAM-20260829-00128,Bruce Wilson,Bruce Wilson,Bruce,Wilson,brucew@kellerwilliams.com,(310) 879-4266,Keller Williams,Keller Williams,Aurora,Aurora,CO,80112,10,40,40,24477844,4.6,A,97,MLS Database,Mid-size (11-50 agents),2026-08-29T08:18:58Z
CREAM-20260829-00129,Julia Myers,Julia Myers,Julia,Myers,julia.myers@berkshirehathaway.com,(404) 691-7241,Berkshire Hathaway,Berkshire Hathaway,Cleveland,Cleveland,OH,44987,4,10,10,3112993,4.8,A,61,Referral Network,Independent,2026-08-29T06:17:26Z
CREAM-20260829-00130,Justin Castillo,Justin Castillo,Justin,Castillo,justin.castillo@hotmail.com,(713) 964-5572,Russell Lyon Sotheby's,Russell Lyon Sotheby's,Tucson,Tucson,AZ,86451,10,70,70,31636040,4.4,A,83,Facebook,Mid-size (11-50 agents),2026-08-29T13:16:16Z
CREAM-20260829-00131,Raymond Cooper,Raymond Cooper,Raymond,Cooper,raymondcooper@outlook.com,(310) 991-7406,HomeSmart,HomeSmart,Mesa,Mesa,AZ,85687,3,16,16,8105072,3.4,A,86,LinkedIn,Boutique (2-10 agents),2026-08-29T22:05:08Z
CREAM-20260829-00132,Eric Ruiz,Eric Ruiz,Eric,Ruiz,eric_ruiz@hotmail.com,(513) 946-2729,Corcoran Group,Corcoran Group,Queens,Queens,NY,12908,22,64,64,43738283,4.4,A,100,MLS Database,Large (51-200 agents),2026-08-29T12:47:17Z
CREAM-20260829-00133,Emma Watson,Emma Watson,Emma,Watson,emmaw@exprealty.com,(718) 730-4026,eXp Realty,eXp Realty,Scottsdale,Scottsdale,AZ,85413,2,9,9,2735747,4.3,A,87,NAR Directory,Independent,2026-08-29T20:47:01Z
CREAM-20260829-00134,George Williams,George Williams,George,Williams,georgewilliams@hotmail.com,(512) 662-9587,eXp Realty,eXp Realty,Raleigh,Raleigh,NC,27594,13,32,32,11691466,4.1,A,74,Facebook,Mid-size (11-50 agents),2026-08-29T01:40:20Z
CREAM-20260829-00135,Alan Adams,Alan Adams,Alan,Adams,alan.adams@kellerwilliamsrealty.com,(513) 928-5295,Keller Williams Realty,Keller Williams Realty,Jacksonville,Jacksonville,FL,33441,18,70,70,38073033,4.3,A,86,NAR Directory,Independent,2026-08-29T13:29:44Z
CREAM-20260829-00136,Theresa James,Theresa James,Theresa,James,theresa_james@yahoo.com,(714) 391-8568,Coldwell Banker,Coldwell Banker,Oakland,Oakland,CA,94593,7,17,17,11045205,4.2,A,79,Facebook,Independent,2026-08-29T10:28:11Z
CREAM-20260829-00137,Helen Alvarez,Helen Alvarez,Helen,Alvarez,helenalvarez@icloud.com,(805) 226-9710,Keller Williams,Keller Williams,Manhattan,Manhattan,NY,11582,2,4,4,2930374,4.5,A,72,NAR Directory,Large (51-200 agents),2026-08-29T09:43:39Z
CREAM-20260829-00138,Paul Diaz,Paul Diaz,Paul,Diaz,paul_diaz@aol.com,(212) 311-5793,Coldwell Banker,Coldwell Banker,Fort Lauderdale,Fort Lauderdale,FL,34447,17,46,46,17972136,4.8,A,62,Realtor.com,Independent,2026-08-29T02:19:16Z
CREAM-20260829-00139,Wayne Nguyen,Wayne Nguyen,Wayne,Nguyen,waynen@hotmail.com,(805) 662-4061,Keller Williams,Keller Williams,Raleigh,Raleigh,NC,27459,6,15,15,5090210,4.2,A,78,Cold Outreach,Large (51-200 agents),2026-08-29T16:25:09Z
CREAM-20260829-00140,Kevin Mitchell,Kevin Mitchell,Kevin,Mitchell,kevin_mitchell@outlook.com,(786) 682-4977,Nest Seekers,Nest Seekers,Queens,Queens,NY,10653,8,37,37,17526864,4.7,A,95,Realtor.com,Enterprise (200+ agents),2026-08-29T01:36:58Z
CREAM-20260829-00141,Rachel Campbell,Rachel Campbell,Rachel,Campbell,rachelc@kellerwilliamsrealty.com,(980) 983-1860,Keller Williams Realty,Keller Williams Realty,Orlando,Orlando,FL,34643,5,16,16,8468070,3.8,A,99,LinkedIn,Mid-size (11-50 agents),2026-08-29T09:30:28Z
CREAM-20260829-00142,Jack Morgan,Jack Morgan,Jack,Morgan,jack_morgan@aol.com,(972) 419-4350,Coldwell Banker,Coldwell Banker,Mesa,Mesa,AZ,86770,13,68,68,23784767,4.4,A,71,Cold Outreach,Independent,2026-08-29T11:51:43Z
CREAM-20260829-00143,Aaron Kelly,Aaron Kelly,Aaron,Kelly,akelly@yahoo.com,(972) 397-4221,Compass,Compass,Greensboro,Greensboro,NC,27691,3,17,17,4565656,3.6,A,82,NAR Directory,Mid-size (11-50 agents),2026-08-29T13:20:57Z
CREAM-20260829-00144,George Ortiz,George Ortiz,George,Ortiz,georgeortiz@gmail.com,(407) 299-2862,Pacific Sotheby's,Pacific Sotheby's,Oakland,Oakland,CA,96230,3,22,22,22249086,3.6,A,69,NAR Directory,Boutique (2-10 agents),2026-08-29T02:45:00Z
CREAM-20260829-00145,Carol Collins,Carol Collins,Carol,Collins,carolc@hotmail.com,(704) 575-5946,Coldwell Banker,Coldwell Banker,Greensboro,Greensboro,NC,28565,13,79,79,32983664,3.0,A,87,Trade Show,Mid-size (11-50 agents),2026-08-29T09:24:27Z
CREAM-20260829-00146,Lauren Allen,Lauren Allen,Lauren,Allen,laurena@hotmail.com,(646) 691-3927,Keller Williams,Keller Williams,Brooklyn,Brooklyn,NY,14914,14,40,40,26869909,3.3,A,73,NAR Directory,Independent,2026-08-29T13:50:13Z
CREAM-20260829-00147,Lawrence Nguyen,Lawrence Nguyen,Lawrence,Nguyen,lnguyen@russelllyonsothebys.com,(404) 935-6425,Russell Lyon Sotheby's,Russell Lyon Sotheby's,Phoenix,Phoenix,AZ,86287,2,4,4,1167477,4.7,A,67,Realtor.com,Enterprise (200+ agents),2026-08-29T23:13:43Z
CREAM-20260829-00148,Timothy Jones,Timothy Jones,Timothy,Jones,tjones@aol.com,(916) 610-8965,Corcoran Group,Corcoran Group,Queens,Queens,NY,13106,4,23,23,15059030,3.0,A,82,Trade Show,Large (51-200 agents),2026-08-29T20:22:23Z
CREAM-20260829-00149,Kenneth Gonzalez,Kenneth Gonzalez,Kenneth,Gonzalez,kennethgonzalez@aol.com,(305) 310-5281,Allie Beth Allman,Allie Beth Allman,Fort Worth,Fort Worth,TX,79369,17,46,46,19311602,4.5,A,91,Cold Outreach,Boutique (2-10 agents),2026-08-29T15:50:10Z
CREAM-20260829-00150,Jerry Watson,Jerry Watson,Jerry,Watson,jerry.watson@outlook.com,(305) 238-9571,Compass,Compass,Colorado Springs,Colorado Springs,CO,80160,0,5,5,3041545,3.0,A,82,Facebook,Large (51-200 agents),2026-08-29T23:36:40Z
CREAM-20260829-00151,Amy Watson,Amy Watson,Amy,Watson,amyw@outlook.com,(720) 344-1840,8z Real Estate,8z Real Estate,Colorado Springs,Colorado Springs,CO,81300,22,51,51,29507597,3.3,A,77,Trade Show,Enterprise (200+ agents),2026-08-29T03:20:13Z
CREAM-20260829-00152,Kathleen Evans,Kathleen Evans,Kathleen,Evans,kathleen_evans@outlook.com,(720) 918-8604,Century 21,Century 21,Tampa,Tampa,FL,33197,4,8,8,2586700,3.7,A,84,Facebook,Enterprise (200+ agents),2026-08-29T11:36:25Z
CREAM-20260829-00153,Carl Brown,Carl Brown,Carl,Brown,carlbrown@me.com,(646) 492-6984,Compass,Compass,Queens,Queens,NY,10183,7,38,38,27577061,4.8,A,71,LinkedIn,Enterprise (200+ agents),2026-08-29T06:23:45Z
CREAM-20260829-00154,Raymond Alexander,Raymond Alexander,Raymond,Alexander,raymonda@halstead.com,(305) 718-9184,Halstead,Halstead,Queens,Queens,NY,12401,24,70,70,57401101,3.8,A,71,Referral Network,Mid-size (11-50 agents),2026-08-29T21:24:54Z
CREAM-20260829-00155,Roger Brooks,Roger Brooks,Roger,Brooks,roger_brooks@outlook.com,(720) 793-2176,Douglas Elliman,Douglas Elliman,Dallas,Dallas,TX,76646,12,45,45,18854756,4.0,A,79,MLS Database,Enterprise (200+ agents),2026-08-29T09:41:34Z
CREAM-20260829-00156,Michelle Morris,Michelle Morris,Michelle,Morris,michelle_morris@hotmail.com,(512) 365-2054,Long Realty,Long Realty,Tucson,Tucson,AZ,85929,5,20,20,8437536,3.5,A,61,Brokerage Listings,Mid-size (11-50 agents),2026-08-29T23:48:42Z
CREAM-20260829-00157,Benjamin Young,Benjamin Young,Benjamin,Young,benjamin.young@gmail.com,(972) 446-9172,Coldwell Banker,Coldwell Banker,Phoenix,Phoenix,AZ,86998,10,80,80,38956533,3.5,A,81,Brokerage Listings,Enterprise (200+ agents),2026-08-29T15:41:55Z
CREAM-20260829-00158,James James,James James,James,James,james.james@kellerwilliams.com,(404) 785-4391,Keller Williams,Keller Williams,Denver,Denver,CO,81415,12,38,38,16423972,3.9,A,96,MLS Database,Mid-size (11-50 agents),2026-08-29T07:36:17Z
CREAM-20260829-00159,Mary Anderson,Mary Anderson,Mary,Anderson,mary.anderson@me.com,(929) 395-7383,Pacific Sotheby's,Pacific Sotheby's,Long Beach,Long Beach,CA,93429,9,32,32,24374517,4.1,A,71,Brokerage Listings,Boutique (2-10 agents),2026-08-29T22:21:55Z
CREAM-20260829-00160,Natalie Harris,Natalie Harris,Natalie,Harris,nharris@yahoo.com,(646) 552-2354,Berkshire Hathaway,Berkshire Hathaway,Raleigh,Raleigh,NC,27249,11,63,63,27605958,3.6,A,67,Website Lead,Boutique (2-10 agents),2026-08-29T04:59:35Z
CREAM-20260829-00161,Ronald Wood,Ronald Wood,Ronald,Wood,ronaldw@kellerwilliams.com,(305) 863-1341,Keller Williams,Keller Williams,Austin,Austin,TX,76914,20,55,55,16817560,3.3,A,96,Cold Outreach,Enterprise (200+ agents),2026-08-29T18:34:43Z
CREAM-20260829-00162,George Lewis,George Lewis,George,Lewis,georgel@icloud.com,(415) 703-6474,Berkshire Hathaway HomeServices,Berkshire Hathaway HomeServices,Oakland,Oakland,CA,95305,0,0,0,0,4.8,A,60,Website Lead,Boutique (2-10 agents),2026-08-29T16:38:52Z
CREAM-20260829-00163,Jerry Ruiz,Jerry Ruiz,Jerry,Ruiz,jerryr@kellerwilliams.com,(602) 608-3530,Keller Williams,Keller Williams,Bronx,Bronx,NY,10720,0,0,0,0,3.8,A,66,LinkedIn,Large (51-200 agents),2026-08-29T01:41:28Z
CREAM-20260829-00164,Nancy Castillo,Nancy Castillo,Nancy,Castillo,nancyc@icloud.com,(212) 278-7015,eXp Realty,eXp Realty,Raleigh,Raleigh,NC,28114,1,4,4,1518794,3.7,A,99,Website Lead,Mid-size (11-50 agents),2026-08-29T23:25:30Z
CREAM-20260829-00165,Benjamin Garcia,Benjamin Garcia,Benjamin,Garcia,benjaming@hotmail.com,(407) 500-4861,Keller Williams,Keller Williams,Austin,Austin,TX,77971,0,4,4,1314726,3.9,A,71,NAR Directory,Boutique (2-10 agents),2026-08-29T22:33:54Z
CREAM-20260829-00166,Steven Rogers,Steven Rogers,Steven,Rogers,stevenr@icloud.com,(786) 201-9712,Douglas Elliman,Douglas Elliman,Fort Lauderdale,Fort Lauderdale,FL,34568,21,57,57,24921247,5.0,A,71,LinkedIn,Mid-size (11-50 agents),2026-08-29T21:42:52Z
CREAM-20260829-00167,Samuel Reed,Samuel Reed,Samuel,Reed,samuelr@douglaselliman.com,(334) 583-6521,Douglas Elliman,Douglas Elliman,Dallas,Dallas,TX,75586,20,31,31,11091116,4.5,A,80,Website Lead,Mid-size (11-50 agents),2026-08-29T01:37:02Z
CREAM-20260829-00168,Mark Watson,Mark Watson,Mark,Watson,mark_watson@icloud.com,(919) 873-6314,8z Real Estate,8z Real Estate,Denver,Denver,CO,81569,3,22,22,15208435,3.8,A,92,LinkedIn,Boutique (2-10 agents),2026-08-29T10:54:44Z
CREAM-20260829-00169,Carl Morales,Carl Morales,Carl,Morales,carl_morales@yahoo.com,(469) 732-5526,HomeSmart,HomeSmart,Phoenix,Phoenix,AZ,85786,17,71,71,20883428,4.5,A,60,Facebook,Enterprise (200+ agents),2026-08-29T15:51:18Z
CREAM-20260829-00170,Keith Chavez,Keith Chavez,Keith,Chavez,keith.chavez@me.com,(512) 715-6789,Huntington Real Estate,Huntington Real Estate,Cincinnati,Cincinnati,OH,43932,1,11,11,3111752,4.8,A,77,Website Lead,Large (51-200 agents),2026-08-29T06:21:02Z
CREAM-20260829-00171,Jason Parker,Jason Parker,Jason,Parker,jason_parker@outlook.com,(919) 891-1246,HomeSmart,HomeSmart,Phoenix,Phoenix,AZ,85903,8,32,32,11328080,3.8,A,88,Trade Show,Enterprise (200+ agents),2026-08-29T20:42:24Z
CREAM-20260829-00172,Emily Turner,Emily Turner,Emily,Turner,emily_turner@gmail.com,(704) 458-3090,Coldwell Banker,Coldwell Banker,Columbus,Columbus,OH,43226,4,11,11,2319085,3.0,A,66,LinkedIn,Enterprise (200+ agents),2026-08-29T03:24:48Z
CREAM-20260829-00173,Margaret Williams,Margaret Williams,Margaret,Williams,mwilliams@hotmail.com,(407) 568-3744,Brown Harris Stevens,Brown Harris Stevens,Staten Island,Staten Island,NY,14211,4,11,11,6400081,4.8,A,79,LinkedIn,Enterprise (200+ agents),2026-08-29T03:56:51Z
CREAM-20260829-00174,Rachel Nguyen,Rachel Nguyen,Rachel,Nguyen,rachel_nguyen@icloud.com,(305) 331-8326,RE/MAX,RE/MAX,Charlotte,Charlotte,NC,28237,4,10,10,2841036,3.5,A,63,NAR Directory,Independent,2026-08-29T05:19:40Z
CREAM-20260829-00175,Jessica Reyes,Jessica Reyes,Jessica,Reyes,jessicareyes@yahoo.com,(310) 908-4003,Coldwell Banker,Coldwell Banker,Denver,Denver,CO,80629,0,0,0,0,3.7,A,80,LinkedIn,Boutique (2-10 agents),2026-08-29T05:13:39Z
CREAM-20260829-00176,Larry Sullivan,Larry Sullivan,Larry,Sullivan,larry.sullivan@icloud.com,(256) 794-8040,Berkshire Hathaway,Berkshire Hathaway,Scottsdale,Scottsdale,AZ,86361,12,69,69,32230180,3.1,A,86,Trade Show,Independent,2026-08-29T23:01:58Z
CREAM-20260829-00177,Albert Williams,Albert Williams,Albert,Williams,awilliams@douglaselliman.com,(305) 413-8047,Douglas Elliman,Douglas Elliman,Bronx,Bronx,NY,13991,3,19,19,10837974,3.3,A,61,Referral Network,Boutique (2-10 agents),2026-08-29T06:03:13Z
CREAM-20260829-00178,Shirley Ortiz,Shirley Ortiz,Shirley,Ortiz,sortiz@kellerwilliams.com,(404) 358-4596,Keller Williams,Keller Williams,Charlotte,Charlotte,NC,28851,1,12,12,3190834,3.7,A,65,Facebook,Enterprise (200+ agents),2026-08-29T19:02:46Z
CREAM-20260829-00179,Helen Hernandez,Helen Hernandez,Helen,Hernandez,helenhernandez@yahoo.com,(404) 923-4208,Coldwell Banker,Coldwell Banker,Colorado Springs,Colorado Springs,CO,81927,1,6,6,3887813,4.9,A,86,Facebook,Enterprise (200+ agents),2026-08-29T19:02:37Z
CREAM-20260829-00180,Carl Phillips,Carl Phillips,Carl,Phillips,cphillips@outlook.com,(713) 558-4531,Compass,Compass,Charlotte,Charlotte,NC,27821,12,51,51,20685400,4.5,A,87,Realtor.com,Independent,2026-08-29T00:01:23Z
CREAM-20260829-00181,Victoria Stewart,Victoria Stewart,Victoria,Stewart,vstewart@re/max.com,(256) 364-5467,RE/MAX,RE/MAX,San Jose,San Jose,CA,93917,24,79,79,77080849,3.2,A,60,Website Lead,Mid-size (11-50 agents),2026-08-29T18:09:10Z
CREAM-20260829-00182,Brittany Brooks,Brittany Brooks,Brittany,Brooks,bbrooks@outlook.com,(786) 763-8549,Compass,Compass,Raleigh,Raleigh,NC,27235,6,17,17,6287656,3.8,A,97,Trade Show,Enterprise (200+ agents),2026-08-29T23:12:17Z
CREAM-20260829-00183,George Hall,George Hall,George,Hall,ghall@hotmail.com,(614) 404-5369,Keller Williams,Keller Williams,Queens,Queens,NY,14428,17,29,29,20005402,3.3,A,95,LinkedIn,Large (51-200 agents),2026-08-29T14:19:29Z
CREAM-20260829-00184,William Cox,William Cox,William,Cox,wcox@berkshirehathaway.com,(713) 892-2253,Berkshire Hathaway,Berkshire Hathaway,St. Petersburg,St. Petersburg,FL,34637,0,4,4,1321128,4.8,A,71,Cold Outreach,Mid-size (11-50 agents),2026-08-29T14:54:13Z
CREAM-20260829-00185,Timothy Jenkins,Timothy Jenkins,Timothy,Jenkins,tjenkins@exprealty.com,(303) 762-8485,eXp Realty,eXp Realty,Cincinnati,Cincinnati,OH,45594,1,11,11,2441863,3.2,A,62,Referral Network,Enterprise (200+ agents),2026-08-29T02:15:07Z
CREAM-20260829-00186,Donna Diaz,Donna Diaz,Donna,Diaz,ddiaz@8zrealestate.com,(919) 869-5100,8z Real Estate,8z Real Estate,Denver,Denver,CO,81340,1,12,12,7038280,4.6,A,92,Realtor.com,Mid-size (11-50 agents),2026-08-29T07:01:46Z
CREAM-20260829-00187,Jessica Murphy,Jessica Murphy,Jessica,Murphy,jessicamurphy@outlook.com,(646) 751-1493,Douglas Elliman,Douglas Elliman,Fort Lauderdale,Fort Lauderdale,FL,34232,9,27,27,12105912,3.6,A,76,MLS Database,Mid-size (11-50 agents),2026-08-29T09:07:58Z
CREAM-20260829-00188,Steven Patel,Steven Patel,Steven,Patel,stevenp@me.com,(310) 609-1905,eXp Realty,eXp Realty,St. Petersburg,St. Petersburg,FL,34676,9,37,37,11702127,3.1,A,86,Trade Show,Independent,2026-08-29T14:25:27Z
CREAM-20260829-00189,Samuel Mendoza,Samuel Mendoza,Samuel,Mendoza,samuelm@douglaselliman.com,(972) 415-6078,Douglas Elliman,Douglas Elliman,Miami,Miami,FL,33900,1,8,8,3476159,4.7,A,98,LinkedIn,Large (51-200 agents),2026-08-29T03:35:47Z
CREAM-20260829-00190,Rose Johnson,Rose Johnson,Rose,Johnson,rosej@herrealtors.com,(972) 764-6756,HER Realtors,HER Realtors,Columbus,Columbus,OH,43384,13,61,61,14543569,3.6,A,83,Brokerage Listings,Mid-size (11-50 agents),2026-08-29T22:06:54Z
CREAM-20260829-00191,Cynthia Rivera,Cynthia Rivera,Cynthia,Rivera,cynthiar@berkshirehathaway.com,(415) 589-6211,Berkshire Hathaway,Berkshire Hathaway,Miami,Miami,FL,33586,1,6,6,2728632,3.2,A,79,Realtor.com,Boutique (2-10 agents),2026-08-29T16:52:21Z
CREAM-20260829-00192,Peter Roberts,Peter Roberts,Peter,Roberts,peterroberts@me.com,(305) 538-7170,Coldwell Banker,Coldwell Banker,Cleveland,Cleveland,OH,45787,12,67,67,13998713,3.1,A,82,Trade Show,Large (51-200 agents),2026-08-29T05:55:04Z
CREAM-20260829-00193,George Jimenez,George Jimenez,George,Jimenez,georgej@compass.com,(919) 956-8125,Compass,Compass,Colorado Springs,Colorado Springs,CO,81274,1,8,8,3310142,3.6,A,75,Website Lead,Boutique (2-10 agents),2026-08-29T10:31:05Z
CREAM-20260829-00194,Ruth Roberts,Ruth Roberts,Ruth,Roberts,ruth.roberts@icloud.com,(256) 211-7473,Coldwell Banker,Coldwell Banker,Charlotte,Charlotte,NC,28274,4,12,12,4847805,4.4,A,77,Trade Show,Enterprise (200+ agents),2026-08-29T01:00:28Z
CREAM-20260829-00195,Carol Miller,Carol Miller,Carol,Miller,carolmiller@hotmail.com,(972) 663-8820,RE/MAX,RE/MAX,Fort Lauderdale,Fort Lauderdale,FL,33366,1,10,10,5022765,4.6,A,79,Facebook,Boutique (2-10 agents),2026-08-29T14:11:11Z
CREAM-20260829-00196,Donald Bennett,Donald Bennett,Donald,Bennett,dbennett@hotmail.com,(646) 417-9120,HER Realtors,HER Realtors,Cleveland,Cleveland,OH,43146,0,0,0,0,4.6,A,60,Facebook,Independent,2026-08-29T14:27:33Z
CREAM-20260829-00197,Ruth Chavez,Ruth Chavez,Ruth,Chavez,ruthc@aol.com,(334) 780-8550,HER Realtors,HER Realtors,Columbus,Columbus,OH,43544,22,25,25,5267247,4.0,A,100,Referral Network,Independent,2026-08-29T20:06:24Z
CREAM-20260829-00198,Brittany Alexander,Brittany Alexander,Brittany,Alexander,balexander@nestseekers.com,(980) 248-1368,Nest Seekers,Nest Seekers,Bronx,Bronx,NY,10135,1,12,12,5817264,4.2,A,85,Facebook,Independent,2026-08-29T17:08:39Z
CREAM-20260829-00199,Justin Cox,Justin Cox,Justin,Cox,justin.cox@douglaselliman.com,(602) 876-1688,Douglas Elliman,Douglas Elliman,Manhattan,Manhattan,NY,13238,25,51,51,26516547,4.9,A,91,Website Lead,Enterprise (200+ agents),2026-08-29T06:40:51Z
CREAM-20260829-00200,Rachel Edwards,Rachel Edwards,Rachel,Edwards,rachel.edwards@me.com,(614) 349-8500,Nest Seekers,Nest Seekers,Brooklyn,Brooklyn,NY,14732,0,3,3,1742447,4.6,A,91,Referral Network,Mid-size (11-50 agents),2026-08-29T17:44:52Z
CREAM-20260829-00201,Brittany Bailey,Brittany Bailey,Brittany,Bailey,brittany_bailey@outlook.com,(786) 274-4284,Keller Williams,Keller Williams,Scottsdale,Scottsdale,AZ,86522,0,3,3,1370550,4.8,A,81,Website Lead,Mid-size (11-50 agents),2026-08-29T10:54:18Z
CREAM-20260829-00202,Brandon Robinson,Brandon Robinson,Brandon,Robinson,brandonr@aol.com,(929) 501-9503,Keller Williams,Keller Williams,Bronx,Bronx,NY,14230,4,10,10,7117692,4.4,A,94,Website Lead,Enterprise (200+ agents),2026-08-29T19:59:05Z
CREAM-20260829-00203,Brenda Perez,Brenda Perez,Brenda,Perez,brenda.perez@me.com,(980) 559-6759,Halstead,Halstead,Manhattan,Manhattan,NY,10357,14,49,49,23624963,3.6,A,60,MLS Database,Enterprise (200+ agents),2026-08-29T07:32:21Z
CREAM-20260829-00204,Rose Ramos,Rose Ramos,Rose,Ramos,roser@sothebysinternational.com,(916) 255-2855,Sotheby's International,Sotheby's International,Long Beach,Long Beach,CA,96433,3,10,10,7600151,3.3,A,61,MLS Database,Mid-size (11-50 agents),2026-08-29T23:26:19Z
CREAM-20260829-00205,Anna Young,Anna Young,Anna,Young,anna.young@aol.com,(720) 971-4925,eXp Realty,eXp Realty,Charlotte,Charlotte,NC,27501,16,75,75,33572243,3.3,A,86,Brokerage Listings,Boutique (2-10 agents),2026-08-29T14:51:03Z
CREAM-20260829-00206,Megan Ross,Megan Ross,Megan,Ross,mross@kellerwilliams.com,(786) 311-3281,Keller Williams,Keller Williams,Queens,Queens,NY,14355,3,20,20,10958886,4.4,A,66,Website Lead,Boutique (2-10 agents),2026-08-29T13:09:19Z
CREAM-20260829-00207,Aaron Watson,Aaron Watson,Aaron,Watson,aaronwatson@aol.com,(602) 269-7713,Berkshire Hathaway,Berkshire Hathaway,Colorado Springs,Colorado Springs,CO,80310,1,5,5,2804954,4.8,A,71,MLS Database,Boutique (2-10 agents),2026-08-29T14:57:33Z
CREAM-20260829-00208,Nicholas Bailey,Nicholas Bailey,Nicholas,Bailey,nicholasb@aol.com,(805) 687-2371,HER Realtors,HER Realtors,Cleveland,Cleveland,OH,43694,18,46,46,13285184,4.9,A,100,Referral Network,Mid-size (11-50 agents),2026-08-29T01:45:50Z
CREAM-20260829-00209,Jonathan Gutierrez,Jonathan Gutierrez,Jonathan,Gutierrez,jonathang@nestseekers.com,(916) 418-5836,Nest Seekers,Nest Seekers,Queens,Queens,NY,13901,13,38,38,31118468,4.7,A,81,Facebook,Enterprise (200+ agents),2026-08-29T07:40:57Z
CREAM-20260829-00210,Rose Edwards,Rose Edwards,Rose,Edwards,rosee@yahoo.com,(713) 823-6918,Sotheby's International,Sotheby's International,New York City,New York City,NY,10611,8,32,32,24014904,3.3,A,95,Facebook,Mid-size (11-50 agents),2026-08-29T05:30:23Z
CREAM-20260829-00211,Kenneth Ramirez,Kenneth Ramirez,Kenneth,Ramirez,kennethramirez@me.com,(234) 632-6425,Compass,Compass,Long Beach,Long Beach,CA,92766,25,36,36,26872561,3.3,A,100,Cold Outreach,Large (51-200 agents),2026-08-29T16:15:44Z
CREAM-20260829-00212,Elizabeth Edwards,Elizabeth Edwards,Elizabeth,Edwards,elizabethedwards@me.com,(972) 707-7028,RE/MAX,RE/MAX,Aurora,Aurora,CO,80863,9,19,19,9019078,4.2,A,92,Trade Show,Mid-size (11-50 agents),2026-08-29T10:54:40Z
CREAM-20260829-00213,Debra Wood,Debra Wood,Debra,Wood,debrawood@yahoo.com,(415) 228-5042,RE/MAX,RE/MAX,Phoenix,Phoenix,AZ,86649,11,55,55,19197507,3.3,A,100,Website Lead,Enterprise (200+ agents),2026-08-29T01:08:47Z
CREAM-20260829-00214,Dennis Evans,Dennis Evans,Dennis,Evans,dennise@compass.com,(415) 779-3994,Compass,Compass,Raleigh,Raleigh,NC,27274,1,3,3,1355953,4.4,A,92,NAR Directory,Enterprise (200+ agents),2026-08-29T15:16:32Z
CREAM-20260829-00215,Laura Alexander,Laura Alexander,Laura,Alexander,lalexander@yahoo.com,(212) 873-8315,Allie Beth Allman,Allie Beth Allman,Austin,Austin,TX,75918,0,3,3,911421,3.7,A,64,NAR Directory,Mid-size (11-50 agents),2026-08-29T02:51:00Z
CREAM-20260829-00216,Danielle Roberts,Danielle Roberts,Danielle,Roberts,danielle_roberts@yahoo.com,(786) 455-5184,RE/MAX,RE/MAX,Raleigh,Raleigh,NC,27175,19,65,65,16490774,4.7,A,92,Website Lead,Enterprise (200+ agents),2026-08-29T22:56:00Z
CREAM-20260829-00217,Cynthia Alvarez,Cynthia Alvarez,Cynthia,Alvarez,calvarez@yahoo.com,(256) 354-9314,Berkshire Hathaway,Berkshire Hathaway,Fort Worth,Fort Worth,TX,78279,10,48,48,19502288,3.6,A,70,Trade Show,Boutique (2-10 agents),2026-08-29T03:22:23Z
CREAM-20260829-00218,Timothy Jackson,Timothy Jackson,Timothy,Jackson,timothyjackson@yahoo.com,(234) 300-9847,Brown Harris Stevens,Brown Harris Stevens,New York City,New York City,NY,14595,3,20,20,13272624,3.7,A,60,Website Lead,Independent,2026-08-29T03:35:51Z
CREAM-20260829-00219,Barbara Ruiz,Barbara Ruiz,Barbara,Ruiz,barbara.ruiz@gmail.com,(704) 931-3536,eXp Realty,eXp Realty,Raleigh,Raleigh,NC,27964,4,16,16,6749135,3.5,A,86,Realtor.com,Independent,2026-08-29T11:31:59Z
CREAM-20260829-00220,Timothy Smith,Timothy Smith,Timothy,Smith,timothysmith@outlook.com,(415) 369-9084,Cutler Real Estate,Cutler Real Estate,Columbus,Columbus,OH,43562,4,16,16,2833017,4.5,A,77,Trade Show,Large (51-200 agents),2026-08-29T16:16:19Z
CREAM-20260829-00221,Stephen Hall,Stephen Hall,Stephen,Hall,stephenh@gmail.com,(713) 935-8575,Compass,Compass,Greensboro,Greensboro,NC,28529,24,50,50,21710071,4.1,A,89,Cold Outreach,Mid-size (11-50 agents),2026-08-29T05:31:00Z
CREAM-20260829-00222,Emily Sanchez,Emily Sanchez,Emily,Sanchez,emily_sanchez@yahoo.com,(718) 740-3566,Compass,Compass,Colorado Springs,Colorado Springs,CO,80940,0,4,4,1632342,4.0,A,85,Realtor.com,Independent,2026-08-29T13:58:17Z
CREAM-20260829-00223,Richard Evans,Richard Evans,Richard,Evans,richarde@icloud.com,(512) 383-3766,Keller Williams Realty,Keller Williams Realty,Fort Lauderdale,Fort Lauderdale,FL,34508,2,6,6,2670217,3.7,A,86,Website Lead,Mid-size (11-50 agents),2026-08-29T12:41:56Z
CREAM-20260829-00224,Mary Cox,Mary Cox,Mary,Cox,maryc@hotmail.com,(469) 245-3002,Berkshire Hathaway,Berkshire Hathaway,Raleigh,Raleigh,NC,28755,2,6,6,1809158,3.8,A,86,NAR Directory,Boutique (2-10 agents),2026-08-29T14:04:49Z
CREAM-20260829-00225,Bruce Coleman,Bruce Coleman,Bruce,Coleman,bruce.coleman@exprealty.com,(334) 438-4195,eXp Realty,eXp Realty,Raleigh,Raleigh,NC,28702,3,22,22,7739325,4.0,A,69,NAR Directory,Independent,2026-08-29T03:34:29Z
CREAM-20260829-00226,Pamela Reyes,Pamela Reyes,Pamela,Reyes,pamelar@exprealty.com,(646) 827-4042,eXp Realty,eXp Realty,El Paso,El Paso,TX,77324,11,61,61,17279072,3.9,A,99,Cold Outreach,Enterprise (200+ agents),2026-08-29T05:49:17Z
CREAM-20260829-00227,Pamela Robinson,Pamela Robinson,Pamela,Robinson,probinson@kellerwilliams.com,(704) 251-3500,Keller Williams,Keller Williams,New York City,New York City,NY,13857,4,22,22,17493017,4.0,A,85,Cold Outreach,Independent,2026-08-29T13:18:24Z
CREAM-20260829-00228,Emily Bailey,Emily Bailey,Emily,Bailey,emilybailey@outlook.com,(407) 808-2450,Briggs Freeman Sotheby's,Briggs Freeman Sotheby's,San Antonio,San Antonio,TX,77568,19,73,73,20964013,3.0,A,80,Brokerage Listings,Mid-size (11-50 agents),2026-08-29T18:47:59Z
CREAM-20260829-00229,Amanda Edwards,Amanda Edwards,Amanda,Edwards,amandae@hotmail.com,(972) 414-7584,Century 21,Century 21,Fort Lauderdale,Fort Lauderdale,FL,33245,18,33,33,17424646,4.3,A,76,MLS Database,Large (51-200 agents),2026-08-29T13:05:44Z
CREAM-20260829-00230,Julia Powell,Julia Powell,Julia,Powell,juliapowell@yahoo.com,(256) 352-6360,Berkshire Hathaway,Berkshire Hathaway,Houston,Houston,TX,76475,3,14,14,4583816,4.9,A,61,Cold Outreach,Large (51-200 agents),2026-08-29T08:01:34Z
CREAM-20260829-00231,Wayne Nelson,Wayne Nelson,Wayne,Nelson,wnelson@coldwellbanker.com,(916) 324-8855,Coldwell Banker,Coldwell Banker,Orlando,Orlando,FL,32495,5,19,19,9871919,3.0,A,84,NAR Directory,Boutique (2-10 agents),2026-08-29T21:38:08Z
CREAM-20260829-00232,John Phillips,John Phillips,John,Phillips,john.phillips@livsothebys.com,(718) 994-1524,LIV Sotheby's,LIV Sotheby's,Aurora,Aurora,CO,80461,6,17,17,10961410,4.9,A,98,Cold Outreach,Mid-size (11-50 agents),2026-08-29T07:12:30Z
CREAM-20260829-00233,Gloria Bailey,Gloria Bailey,Gloria,Bailey,gloria.bailey@aol.com,(256) 900-1308,Coldwell Banker,Coldwell Banker,Colorado Springs,Colorado Springs,CO,80747,4,25,25,16393623,3.7,A,85,Referral Network,Large (51-200 agents),2026-08-29T14:53:35Z
CREAM-20260829-00234,Olivia Patel,Olivia Patel,Olivia,Patel,oliviap@douglaselliman.com,(512) 862-9061,Douglas Elliman,Douglas Elliman,Houston,Houston,TX,77992,4,22,22,9547895,3.3,A,92,LinkedIn,Independent,2026-08-29T01:18:07Z
CREAM-20260829-00235,Anna Long,Anna Long,Anna,Long,anna.long@aol.com,(614) 653-3314,Douglas Elliman,Douglas Elliman,Tampa,Tampa,FL,33763,14,36,36,12643757,4.9,A,73,Referral Network,Independent,2026-08-29T14:10:29Z
CREAM-20260829-00236,Ruth Taylor,Ruth Taylor,Ruth,Taylor,ruth_taylor@aol.com,(214) 308-3007,Compass,Compass,Miami,Miami,FL,33811,4,11,11,4748899,4.0,A,93,LinkedIn,Enterprise (200+ agents),2026-08-29T09:00:17Z
CREAM-20260829-00237,Benjamin Wood,Benjamin Wood,Benjamin,Wood,benjaminwood@gmail.com,(303) 987-2710,Keller Williams,Keller Williams,Cleveland,Cleveland,OH,45542,10,51,51,15212632,5.0,A,70,Brokerage Listings,Boutique (2-10 agents),2026-08-29T23:23:41Z
CREAM-20260829-00238,Martha Bailey,Martha Bailey,Martha,Bailey,mbailey@me.com,(404) 687-6148,eXp Realty,eXp Realty,Los Angeles,Los Angeles,CA,96912,20,63,63,66671801,3.7,A,82,Referral Network,Mid-size (11-50 agents),2026-08-29T11:21:42Z
CREAM-20260829-00239,Richard Gutierrez,Richard Gutierrez,Richard,Gutierrez,richard_gutierrez@me.com,(256) 603-3966,RE/MAX,RE/MAX,Greensboro,Greensboro,NC,28917,16,44,44,13066879,4.7,A,92,Trade Show,Boutique (2-10 agents),2026-08-29T04:55:08Z
CREAM-20260829-00240,Raymond Nguyen,Raymond Nguyen,Raymond,Nguyen,raymondn@hotmail.com,(646) 635-1859,Coldwell Banker,Coldwell Banker,Colorado Springs,Colorado Springs,CO,80719,2,9,9,6107464,4.6,A,60,NAR Directory,Boutique (2-10 agents),2026-08-29T23:55:03Z
CREAM-20260829-00241,Richard Hernandez,Richard Hernandez,Richard,Hernandez,rhernandez@yahoo.com,(704) 565-2176,RE/MAX,RE/MAX,Houston,Houston,TX,76740,1,5,5,2266004,3.5,A,99,LinkedIn,Large (51-200 agents),2026-08-29T13:32:38Z
CREAM-20260829-00242,Judith Flores,Judith Flores,Judith,Flores,judithflores@hotmail.com,(714) 390-5213,Douglas Elliman,Douglas Elliman,Staten Island,Staten Island,NY,13852,11,68,68,33483426,4.7,A,97,Realtor.com,Large (51-200 agents),2026-08-29T20:40:59Z
CREAM-20260829-00243,Matthew Walker,Matthew Walker,Matthew,Walker,mattheww@me.com,(713) 263-2056,Coldwell Banker,Coldwell Banker,Charlotte,Charlotte,NC,28738,2,10,10,4524961,3.2,A,75,Cold Outreach,Mid-size (11-50 agents),2026-08-29T09:56:56Z
CREAM-20260829-00244,Roger Anderson,Roger Anderson,Roger,Anderson,rogeranderson@icloud.com,(256) 905-8736,Compass,Compass,Oakland,Oakland,CA,91963,2,11,11,11989255,4.4,A,79,Facebook,Large (51-200 agents),2026-08-29T05:02:38Z
CREAM-20260829-00245,Anna Brown,Anna Brown,Anna,Brown,anna_brown@icloud.com,(512) 930-3099,Nest Seekers,Nest Seekers,New York City,New York City,NY,13798,25,31,31,24260698,4.0,A,85,MLS Database,Boutique (2-10 agents),2026-08-29T08:14:19Z
CREAM-20260829-00246,Larry Martinez,Larry Martinez,Larry,Martinez,larry.martinez@kellerwilliams.com,(919) 383-6249,Keller Williams,Keller Williams,Denver,Denver,CO,81732,5,9,9,4887837,3.1,A,88,Website Lead,Enterprise (200+ agents),2026-08-29T03:32:20Z
CREAM-20260829-00247,Dorothy Edwards,Dorothy Edwards,Dorothy,Edwards,dorothye@berkshirehathawayhomeservices.com,(256) 477-7734,Berkshire Hathaway HomeServices,Berkshire Hathaway HomeServices,Los Angeles,Los Angeles,CA,96978,23,61,61,37040782,3.5,A,92,Brokerage Listings,Boutique (2-10 agents),2026-08-29T23:37:50Z
CREAM-20260829-00248,Richard Reyes,Richard Reyes,Richard,Reyes,richardr@me.com,(646) 982-6675,Keller Williams Realty,Keller Williams Realty,Miami,Miami,FL,33490,19,48,48,25416829,4.2,A,67,Facebook,Large (51-200 agents),2026-08-29T05:51:24Z
CREAM-20260829-00249,Tyler Green,Tyler Green,Tyler,Green,tyler.green@re/max.com,(512) 404-2672,RE/MAX,RE/MAX,Colorado Springs,Colorado Springs,CO,81525,20,30,30,12070911,4.3,A,76,Realtor.com,Independent,2026-08-29T17:00:38Z
CREAM-20260829-00250,Amber Harris,Amber Harris,Amber,Harris,amberh@compass.com,(929) 972-8222,Compass,Compass,Bronx,Bronx,NY,14716,1,10,10,5236830,4.3,A,73,NAR Directory,Independent,2026-08-29T16:12:55Z
CREAM-20260829-00251,Barbara Alvarez,Barbara Alvarez,Barbara,Alvarez,balvarez@gmail.com,(234) 648-7101,Keller Williams,Keller Williams,Phoenix,Phoenix,AZ,85512,8,28,28,9012657,3.9,A,69,LinkedIn,Independent,2026-08-29T18:43:13Z
CREAM-20260829-00252,Jack Gutierrez,Jack Gutierrez,Jack,Gutierrez,jackgutierrez@gmail.com,(714) 651-3220,RE/MAX,RE/MAX,Columbus,Columbus,OH,45262,0,3,3,677577,3.2,A,89,Cold Outreach,Mid-size (11-50 agents),2026-08-29T20:38:28Z
CREAM-20260829-00253,Samuel Ward,Samuel Ward,Samuel,Ward,samuel.ward@halstead.com,(718) 728-7321,Halstead,Halstead,New York City,New York City,NY,10312,24,35,35,24592142,3.5,A,81,Realtor.com,Independent,2026-08-29T01:37:08Z
CREAM-20260829-00254,Aaron Stewart,Aaron Stewart,Aaron,Stewart,aarons@howardhanna.com,(305) 663-4980,Howard Hanna,Howard Hanna,Raleigh,Raleigh,NC,28207,12,68,68,22926491,4.5,A,85,Brokerage Listings,Independent,2026-08-29T14:10:35Z
CREAM-20260829-00255,Rebecca Ross,Rebecca Ross,Rebecca,Ross,rross@aol.com,(720) 254-4830,RE/MAX,RE/MAX,Tucson,Tucson,AZ,85911,2,8,8,3381379,3.7,A,90,Realtor.com,Enterprise (200+ agents),2026-08-29T02:38:15Z
CREAM-20260829-00256,Gloria Parker,Gloria Parker,Gloria,Parker,gparker@yahoo.com,(234) 348-2740,Berkshire Hathaway HomeServices,Berkshire Hathaway HomeServices,Oakland,Oakland,CA,93329,4,19,19,16920373,4.7,A,75,Facebook,Independent,2026-08-29T16:58:10Z
CREAM-20260829-00257,Kenneth Alvarez,Kenneth Alvarez,Kenneth,Alvarez,kennetha@coldwellbanker.com,(919) 776-4940,Coldwell Banker,Coldwell Banker,Scottsdale,Scottsdale,AZ,86375,0,5,5,2591797,4.9,A,99,Facebook,Independent,2026-08-29T18:57:03Z
CREAM-20260829-00258,Laura Perry,Laura Perry,Laura,Perry,laura.perry@hotmail.com,(919) 524-3667,RE/MAX,RE/MAX,Tampa,Tampa,FL,32952,7,21,21,7095055,3.8,A,92,LinkedIn,Boutique (2-10 agents),2026-08-29T19:35:54Z
CREAM-20260829-00259,Edward Lopez,Edward Lopez,Edward,Lopez,edward.lopez@gmail.com,(786) 281-4251,Century 21,Century 21,St. Petersburg,St. Petersburg,FL,32327,17,79,79,38389940,3.9,A,72,Brokerage Listings,Mid-size (11-50 agents),2026-08-29T16:12:27Z
CREAM-20260829-00260,Alexander Miller,Alexander Miller,Alexander,Miller,alexander.miller@berkshirehathaway.com,(614) 925-9709,Berkshire Hathaway,Berkshire Hathaway,Mesa,Mesa,AZ,85128,4,11,11,4836650,3.8,A,78,Cold Outreach,Enterprise (200+ agents),2026-08-29T22:38:10Z
CREAM-20260829-00261,Jerry Brown,Jerry Brown,Jerry,Brown,jbrown@gmail.com,(407) 703-1624,RE/MAX,RE/MAX,Greensboro,Greensboro,NC,28544,15,46,46,16080238,3.3,A,84,Facebook,Independent,2026-08-29T03:52:01Z
CREAM-20260829-00262,Nicole Moore,Nicole Moore,Nicole,Moore,nicole_moore@outlook.com,(310) 604-9961,Berkshire Hathaway,Berkshire Hathaway,Scottsdale,Scottsdale,AZ,86361,0,0,0,0,3.2,A,83,Cold Outreach,Independent,2026-08-29T16:27:09Z
CREAM-20260829-00263,Eugene King,Eugene King,Eugene,King,eugenek@icloud.com,(646) 558-1587,Berkshire Hathaway,Berkshire Hathaway,Miami,Miami,FL,34400,24,46,46,21077295,3.1,A,92,NAR Directory,Enterprise (200+ agents),2026-08-29T06:53:09Z
CREAM-20260829-00264,Peter Lewis,Peter Lewis,Peter,Lewis,plewis@icloud.com,(602) 219-3980,Howard Hanna,Howard Hanna,Raleigh,Raleigh,NC,28873,5,17,17,4238446,4.4,A,70,MLS Database,Large (51-200 agents),2026-08-29T00:39:56Z
CREAM-20260829-00265,Eric Bennett,Eric Bennett,Eric,Bennett,ebennett@coldwellbanker.com,(234) 945-4394,Coldwell Banker,Coldwell Banker,Columbus,Columbus,OH,45346,4,17,17,4262791,4.9,A,69,Realtor.com,Mid-size (11-50 agents),2026-08-29T10:55:46Z
CREAM-20260829-00266,Frank Evans,Frank Evans,Frank,Evans,franke@gmail.com,(614) 652-6483,Douglas Elliman,Douglas Elliman,El Paso,El Paso,TX,76379,5,25,25,7559032,4.7,A,96,Referral Network,Boutique (2-10 agents),2026-08-29T00:00:20Z
CREAM-20260829-00267,Mary Ruiz,Mary Ruiz,Mary,Ruiz,mary.ruiz@re/max.com,(310) 436-6301,RE/MAX,RE/MAX,Charlotte,Charlotte,NC,28473,3,17,17,6331905,4.2,A,76,Website Lead,Mid-size (11-50 agents),2026-08-29T11:37:28Z
CREAM-20260829-00268,Lawrence Lewis,Lawrence Lewis,Lawrence,Lewis,lawrencel@icloud.com,(212) 519-2616,Long Realty,Long Realty,Tucson,Tucson,AZ,86235,13,62,62,30337588,4.3,A,72,MLS Database,Boutique (2-10 agents),2026-08-29T19:31:36Z
CREAM-20260829-00269,Sandra Ramos,Sandra Ramos,Sandra,Ramos,sandraramos@icloud.com,(602) 792-6645,Century 21,Century 21,Tampa,Tampa,FL,34210,9,32,32,12673591,3.4,A,66,Referral Network,Boutique (2-10 agents),2026-08-29T16:40:06Z
CREAM-20260829-00270,Barbara Clark,Barbara Clark,Barbara,Clark,barbarac@icloud.com,(310) 745-1550,Keller Williams,Keller Williams,Raleigh,Raleigh,NC,28131,0,4,4,1470935,3.8,A,87,NAR Directory,Large (51-200 agents),2026-08-29T10:18:55Z
CREAM-20260829-00271,Alexander Lewis,Alexander Lewis,Alexander,Lewis,alexanderlewis@icloud.com,(646) 410-1800,Sotheby's International,Sotheby's International,Bronx,Bronx,NY,14302,5,20,20,13112996,4.2,A,72,NAR Directory,Independent,2026-08-29T11:43:00Z
CREAM-20260829-00272,Paul Russell,Paul Russell,Paul,Russell,prussell@me.com,(646) 771-2871,Allen Tate,Allen Tate,Raleigh,Raleigh,NC,28510,1,11,11,4000589,3.4,A,81,MLS Database,Independent,2026-08-29T16:43:12Z
CREAM-20260829-00273,Donald Diaz,Donald Diaz,Donald,Diaz,ddiaz@me.com,(713) 648-8494,Berkshire Hathaway,Berkshire Hathaway,Tampa,Tampa,FL,33118,8,29,29,14593752,3.9,A,85,LinkedIn,Enterprise (200+ agents),2026-08-29T06:00:51Z
CREAM-20260829-00274,Charles Powell,Charles Powell,Charles,Powell,charlespowell@me.com,(415) 839-7073,Keller Williams,Keller Williams,Raleigh,Raleigh,NC,27496,8,39,39,17505286,4.2,A,89,Referral Network,Boutique (2-10 agents),2026-08-29T16:00:21Z
CREAM-20260829-00275,Barbara Watson,Barbara Watson,Barbara,Watson,barbara.watson@huntingtonrealestate.com,(929) 221-5704,Huntington Real Estate,Huntington Real Estate,Columbus,Columbus,OH,43154,3,20,20,3833776,4.0,A,81,LinkedIn,Boutique (2-10 agents),2026-08-29T17:52:10Z
CREAM-20260829-00276,Brittany Kim,Brittany Kim,Brittany,Kim,bkim@me.com,(713) 621-1542,Allie Beth Allman,Allie Beth Allman,San Antonio,San Antonio,TX,77972,23,31,31,10720338,3.1,A,90,Trade Show,Large (51-200 agents),2026-08-29T13:34:31Z
CREAM-20260829-00277,James Coleman,James Coleman,James,Coleman,jamescoleman@yahoo.com,(704) 697-9478,Allie Beth Allman,Allie Beth Allman,Houston,Houston,TX,79331,17,65,65,22649948,4.8,A,61,Brokerage Listings,Independent,2026-08-29T04:10:24Z
CREAM-20260829-00278,Sharon Robinson,Sharon Robinson,Sharon,Robinson,sharonrobinson@hotmail.com,(704) 816-6087,Huntington Real Estate,Huntington Real Estate,Columbus,Columbus,OH,45872,14,45,45,13238770,3.9,A,65,LinkedIn,Enterprise (200+ agents),2026-08-29T10:37:38Z
CREAM-20260829-00279,Betty Robinson,Betty Robinson,Betty,Robinson,betty.robinson@kellerwilliamsrealty.com,(305) 911-6632,Keller Williams Realty,Keller Williams Realty,Los Angeles,Los Angeles,CA,95537,7,36,36,22462816,3.3,A,79,NAR Directory,Boutique (2-10 agents),2026-08-29T05:51:34Z
CREAM-20260829-00280,George Nelson,George Nelson,George,Nelson,georgen@outlook.com,(714) 457-6607,RE/MAX,RE/MAX,Oakland,Oakland,CA,95558,24,74,74,44858688,4.3,A,80,LinkedIn,Large (51-200 agents),2026-08-29T09:05:55Z
CREAM-20260829-00281,Michael Martin,Michael Martin,Michael,Martin,michaelmartin@outlook.com,(714) 863-3398,Keller Williams,Keller Williams,Mesa,Mesa,AZ,86412,12,44,44,20361181,3.8,A,77,MLS Database,Independent,2026-08-29T18:19:56Z
CREAM-20260829-00282,Lauren Gomez,Lauren Gomez,Lauren,Gomez,laureng@me.com,(646) 212-1535,Keller Williams,Keller Williams,Aurora,Aurora,CO,81449,4,9,9,5623329,3.2,A,93,Brokerage Listings,Large (51-200 agents),2026-08-29T18:52:37Z
CREAM-20260829-00283,Diane Williams,Diane Williams,Diane,Williams,dwilliams@allentate.com,(602) 201-8259,Allen Tate,Allen Tate,Greensboro,Greensboro,NC,28255,19,65,65,24076015,3.4,A,96,MLS Database,Mid-size (11-50 agents),2026-08-29T14:16:11Z
CREAM-20260829-00284,Barbara Ramirez,Barbara Ramirez,Barbara,Ramirez,barbararamirez@outlook.com,(310) 330-6776,Coldwell Banker,Coldwell Banker,Aurora,Aurora,CO,81160,0,3,3,1633859,3.8,A,61,Realtor.com,Enterprise (200+ agents),2026-08-29T15:14:42Z
CREAM-20260829-00285,Jessica Cox,Jessica Cox,Jessica,Cox,jcox@yahoo.com,(469) 240-6772,8z Real Estate,8z Real Estate,Aurora,Aurora,CO,80764,7,21,21,8650452,3.0,A,78,Referral Network,Large (51-200 agents),2026-08-29T11:57:31Z
CREAM-20260829-00286,Christopher Reyes,Christopher Reyes,Christopher,Reyes,creyes@kellerwilliams.com,(718) 968-9206,Keller Williams,Keller Williams,El Paso,El Paso,TX,77565,1,7,7,3039377,4.9,A,66,Realtor.com,Enterprise (200+ agents),2026-08-29T11:09:08Z
CREAM-20260829-00287,Karen Turner,Karen Turner,Karen,Turner,karent@exprealty.com,(602) 286-5299,eXp Realty,eXp Realty,San Jose,San Jose,CA,93364,13,52,52,46797154,3.3,A,90,Cold Outreach,Enterprise (200+ agents),2026-08-29T02:50:48Z
CREAM-20260829-00288,Theresa Jones,Theresa Jones,Theresa,Jones,theresa_jones@icloud.com,(929) 514-8533,Corcoran Group,Corcoran Group,Queens,Queens,NY,11835,2,4,4,2931805,4.9,A,63,MLS Database,Large (51-200 agents),2026-08-29T14:44:15Z
CREAM-20260829-00289,Raymond Nguyen,Raymond Nguyen,Raymond,Nguyen,raymond.nguyen@exprealty.com,(929) 642-2991,eXp Realty,eXp Realty,Raleigh,Raleigh,NC,28659,22,73,73,23849764,4.1,A,92,Facebook,Boutique (2-10 agents),2026-08-29T00:31:57Z
CREAM-20260829-00290,Larry Carter,Larry Carter,Larry,Carter,larry.carter@me.com,(512) 878-7771,Keller Williams,Keller Williams,El Paso,El Paso,TX,75278,9,22,22,7498733,3.8,A,60,Brokerage Listings,Large (51-200 agents),2026-08-29T19:33:56Z
CREAM-20260829-00291,Richard Flores,Richard Flores,Richard,Flores,richardf@compass.com,(469) 999-7949,Compass,Compass,St. Petersburg,St. Petersburg,FL,32231,11,80,80,29407889,5.0,A,74,Facebook,Boutique (2-10 agents),2026-08-29T17:17:50Z
CREAM-20260829-00292,Sharon Kelly,Sharon Kelly,Sharon,Kelly,sharon_kelly@outlook.com,(310) 445-2612,Howard Hanna,Howard Hanna,Greensboro,Greensboro,NC,27574,0,2,2,617769,3.8,A,65,Referral Network,Enterprise (200+ agents),2026-08-29T15:25:37Z
CREAM-20260829-00293,Donna Cruz,Donna Cruz,Donna,Cruz,donna.cruz@yahoo.com,(305) 333-9946,Berkshire Hathaway,Berkshire Hathaway,Jacksonville,Jacksonville,FL,34280,19,31,31,16711813,3.9,A,60,NAR Directory,Independent,2026-08-29T13:58:25Z
CREAM-20260829-00294,Keith Moore,Keith Moore,Keith,Moore,kmoore@icloud.com,(929) 923-9273,Halstead,Halstead,Manhattan,Manhattan,NY,10365,10,54,54,35819354,4.5,A,66,NAR Directory,Boutique (2-10 agents),2026-08-29T09:55:04Z
CREAM-20260829-00295,Theresa Roberts,Theresa Roberts,Theresa,Roberts,theresa.roberts@coldwellbanker.com,(512) 841-3063,Coldwell Banker,Coldwell Banker,Charlotte,Charlotte,NC,27500,16,77,77,26549613,4.7,A,75,LinkedIn,Mid-size (11-50 agents),2026-08-29T04:13:20Z
CREAM-20260829-00296,Jennifer King,Jennifer King,Jennifer,King,jenniferking@icloud.com,(972) 938-9507,RE/MAX,RE/MAX,Tampa,Tampa,FL,33949,2,9,9,3764412,4.9,A,97,Realtor.com,Boutique (2-10 agents),2026-08-29T07:17:37Z
CREAM-20260829-00297,Olivia Green,Olivia Green,Olivia,Green,ogreen@me.com,(512) 861-8132,RE/MAX,RE/MAX,Orlando,Orlando,FL,33966,16,46,46,20342378,3.6,A,80,LinkedIn,Large (51-200 agents),2026-08-29T19:57:18Z
CREAM-20260829-00298,Kenneth Price,Kenneth Price,Kenneth,Price,kprice@yahoo.com,(212) 473-3658,eXp Realty,eXp Realty,Aurora,Aurora,CO,81222,24,65,65,28142818,4.2,A,75,NAR Directory,Boutique (2-10 agents),2026-08-29T23:20:14Z
CREAM-20260829-00299,Donald Rivera,Donald Rivera,Donald,Rivera,donaldrivera@me.com,(704) 752-2285,Berkshire Hathaway HomeServices,Berkshire Hathaway HomeServices,San Jose,San Jose,CA,93118,16,58,58,38461141,3.5,A,100,Cold Outreach,Enterprise (200+ agents),2026-08-29T04:48:50Z
CREAM-20260829-00300,Brian Cox,Brian Cox,Brian,Cox,brian.cox@me.com,(214) 628-8023,Keller Williams,Keller Williams,Cincinnati,Cincinnati,OH,44352,1,11,11,2364470,4.6,A,99,Website Lead,Mid-size (11-50 agents),2026-08-29T22:53:12Z
CREAM-20260829-00301,Emily Ruiz,Emily Ruiz,Emily,Ruiz,emily.ruiz@homesmart.com,(786) 705-8075,HomeSmart,HomeSmart,Mesa,Mesa,AZ,86800,12,31,31,12368541,3.1,A,93,Referral Network,Enterprise (200+ agents),2026-08-29T04:59:12Z
CREAM-20260829-00302,Rose Howard,Rose Howard,Rose,Howard,rosehoward@me.com,(512) 268-9275,Keller Williams,Keller Williams,Cleveland,Cleveland,OH,45182,7,40,40,11628495,4.2,A,98,MLS Database,Large (51-200 agents),2026-08-29T13:13:30Z
CREAM-20260829-00303,Jerry Perez,Jerry Perez,Jerry,Perez,jerry_perez@me.com,(720) 353-5768,Coldwell Banker,Coldwell Banker,Orlando,Orlando,FL,34982,23,61,61,24550925,3.0,A,100,Website Lead,Independent,2026-08-29T17:41:56Z
CREAM-20260829-00304,Albert Hughes,Albert Hughes,Albert,Hughes,ahughes@icloud.com,(256) 748-5254,Compass,Compass,Greensboro,Greensboro,NC,28593,4,22,22,6887290,4.4,A,71,Realtor.com,Large (51-200 agents),2026-08-29T17:17:41Z
CREAM-20260829-00305,Ronald Garcia,Ronald Garcia,Ronald,Garcia,ronaldg@yahoo.com,(718) 954-6847,eXp Realty,eXp Realty,Houston,Houston,TX,79682,14,59,59,18140712,3.2,A,70,Cold Outreach,Enterprise (200+ agents),2026-08-29T09:58:21Z
CREAM-20260829-00306,Susan Morgan,Susan Morgan,Susan,Morgan,susan_morgan@me.com,(805) 800-1279,Coldwell Banker,Coldwell Banker,Fort Worth,Fort Worth,TX,77181,7,25,25,6843180,3.2,A,67,Facebook,Enterprise (200+ agents),2026-08-29T21:42:35Z
CREAM-20260829-00307,Louis Edwards,Louis Edwards,Louis,Edwards,louis.edwards@coldwellbanker.com,(713) 335-8753,Coldwell Banker,Coldwell Banker,Tucson,Tucson,AZ,85478,13,77,77,37829476,4.5,A,89,Realtor.com,Mid-size (11-50 agents),2026-08-29T16:05:02Z
CREAM-20260829-00308,Carol Ortiz,Carol Ortiz,Carol,Ortiz,carol.ortiz@outlook.com,(919) 390-4543,eXp Realty,eXp Realty,Cleveland,Cleveland,OH,43843,15,63,63,14867961,3.7,A,91,LinkedIn,Enterprise (200+ agents),2026-08-29T13:04:04Z
CREAM-20260829-00309,Pamela Hughes,Pamela Hughes,Pamela,Hughes,phughes@outlook.com,(786) 303-2709,Coldwell Banker,Coldwell Banker,Tampa,Tampa,FL,32774,1,12,12,3921886,4.7,A,98,Cold Outreach,Large (51-200 agents),2026-08-29T21:08:37Z
CREAM-20260829-00310,Roger Bennett,Roger Bennett,Roger,Bennett,roger.bennett@re/max.com,(305) 543-6816,RE/MAX,RE/MAX,Jacksonville,Jacksonville,FL,34933,4,23,23,12513301,3.9,A,94,NAR Directory,Boutique (2-10 agents),2026-08-29T03:08:26Z
CREAM-20260829-00311,Carl Watson,Carl Watson,Carl,Watson,cwatson@me.com,(334) 672-2435,Coldwell Banker,Coldwell Banker,Orlando,Orlando,FL,33530,2,11,11,3833778,3.7,A,72,MLS Database,Enterprise (200+ agents),2026-08-29T16:32:39Z
CREAM-20260829-00312,Martha Rivera,Martha Rivera,Martha,Rivera,mrivera@yahoo.com,(415) 851-9394,Coldwell Banker,Coldwell Banker,Scottsdale,Scottsdale,AZ,86222,2,5,5,2053967,4.2,A,85,Referral Network,Enterprise (200+ agents),2026-08-29T15:22:19Z
CREAM-20260829-00313,Eric Murphy,Eric Murphy,Eric,Murphy,ericmurphy@hotmail.com,(512) 909-1591,RE/MAX,RE/MAX,Raleigh,Raleigh,NC,27922,3,16,16,6784373,3.3,A,79,Website Lead,Large (51-200 agents),2026-08-29T02:51:30Z
CREAM-20260829-00314,Janet Powell,Janet Powell,Janet,Powell,janet_powell@hotmail.com,(305) 345-4602,RE/MAX,RE/MAX,Houston,Houston,TX,75785,2,4,4,1112012,4.0,A,80,Brokerage Listings,Independent,2026-08-29T17:34:02Z
CREAM-20260829-00315,Brian Baker,Brian Baker,Brian,Baker,brian_baker@hotmail.com,(305) 593-4779,Coldwell Banker,Coldwell Banker,Colorado Springs,Colorado Springs,CO,80306,5,14,14,8632617,3.7,A,65,Referral Network,Boutique (2-10 agents),2026-08-29T13:41:11Z
CREAM-20260829-00316,Barbara Clark,Barbara Clark,Barbara,Clark,barbaraclark@aol.com,(919) 260-1151,Allen Tate,Allen Tate,Raleigh,Raleigh,NC,27863,4,13,13,3494695,4.7,A,99,Website Lead,Boutique (2-10 agents),2026-08-29T19:23:22Z
CREAM-20260829-00317,Peter Jackson,Peter Jackson,Peter,Jackson,peterj@gmail.com,(916) 236-1547,Corcoran Group,Corcoran Group,Bronx,Bronx,NY,12164,3,9,9,5364596,3.9,A,70,Facebook,Enterprise (200+ agents),2026-08-29T05:18:43Z
CREAM-20260829-00318,Samantha Cox,Samantha Cox,Samantha,Cox,samanthac@outlook.com,(786) 247-8664,Allen Tate,Allen Tate,Charlotte,Charlotte,NC,27867,19,34,34,12154098,3.3,A,95,Cold Outreach,Independent,2026-08-29T03:53:26Z
CREAM-20260829-00319,Anna Kelly,Anna Kelly,Anna,Kelly,annak@icloud.com,(404) 603-3294,Berkshire Hathaway,Berkshire Hathaway,Miami,Miami,FL,34140,2,11,11,5082625,3.4,A,88,Facebook,Large (51-200 agents),2026-08-29T01:32:18Z
CREAM-20260829-00320,Helen Adams,Helen Adams,Helen,Adams,helen.adams@gmail.com,(614) 594-1719,Berkshire Hathaway,Berkshire Hathaway,Greensboro,Greensboro,NC,27181,12,79,79,27960600,3.9,A,96,Brokerage Listings,Independent,2026-08-29T16:54:23Z
CREAM-20260829-00321,Robert Cruz,Robert Cruz,Robert,Cruz,robert_cruz@aol.com,(704) 590-4338,eXp Realty,eXp Realty,Jacksonville,Jacksonville,FL,32136,4,19,19,7574411,5.0,A,98,Trade Show,Boutique (2-10 agents),2026-08-29T22:29:53Z
CREAM-20260829-00322,Robert Taylor,Robert Taylor,Robert,Taylor,robertt@yahoo.com,(303) 495-3003,Howard Hanna,Howard Hanna,Charlotte,Charlotte,NC,28596,11,68,68,29833618,3.9,A,93,Cold Outreach,Mid-size (11-50 agents),2026-08-29T10:24:22Z
CREAM-20260829-00323,Brenda Harris,Brenda Harris,Brenda,Harris,brenda.harris@berkshirehathaway.com,(214) 943-2845,Berkshire Hathaway,Berkshire Hathaway,Colorado Springs,Colorado Springs,CO,81194,0,0,0,0,3.9,A,74,Referral Network,Large (51-200 agents),2026-08-29T11:44:58Z
CREAM-20260829-00324,Samantha Roberts,Samantha Roberts,Samantha,Roberts,samantharoberts@hotmail.com,(704) 745-9673,Coldwell Banker,Coldwell Banker,Orlando,Orlando,FL,33234,8,28,28,10144258,3.1,A,90,MLS Database,Boutique (2-10 agents),2026-08-29T23:52:35Z
CREAM-20260829-00325,Richard Taylor,Richard Taylor,Richard,Taylor,richard.taylor@alliebethallman.com,(469) 542-9637,Allie Beth Allman,Allie Beth Allman,El Paso,El Paso,TX,76306,2,9,9,3316763,4.8,A,70,NAR Directory,Enterprise (200+ agents),2026-08-29T02:54:44Z
CREAM-20260829-00326,Ronald Reed,Ronald Reed,Ronald,Reed,ronald_reed@aol.com,(469) 491-6167,eXp Realty,eXp Realty,Raleigh,Raleigh,NC,28500,7,28,28,7392855,3.7,A,90,MLS Database,Boutique (2-10 agents),2026-08-29T06:40:53Z
CREAM-20260829-00327,Aaron Scott,Aaron Scott,Aaron,Scott,aaron.scott@hotmail.com,(305) 526-8893,eXp Realty,eXp Realty,Scottsdale,Scottsdale,AZ,85787,3,20,20,6741036,4.6,A,92,Cold Outreach,Boutique (2-10 agents),2026-08-29T18:42:09Z
CREAM-20260829-00328,Roger Adams,Roger Adams,Roger,Adams,rogera@yahoo.com,(469) 289-5242,Berkshire Hathaway,Berkshire Hathaway,Aurora,Aurora,CO,81638,14,42,42,22981090,4.9,A,96,Referral Network,Mid-size (11-50 agents),2026-08-29T21:29:23Z
CREAM-20260829-00329,Sarah Foster,Sarah Foster,Sarah,Foster,sarah.foster@kellerwilliams.com,(786) 276-3455,Keller Williams,Keller Williams,El Paso,El Paso,TX,77590,0,2,2,533150,3.5,A,74,Cold Outreach,Enterprise (200+ agents),2026-08-29T23:58:57Z
CREAM-20260829-00330,Gloria Foster,Gloria Foster,Gloria,Foster,gloriaf@outlook.com,(305) 940-5938,Compass,Compass,Orlando,Orlando,FL,34227,4,11,11,4414786,3.9,A,95,Website Lead,Independent,2026-08-29T12:45:59Z
CREAM-20260829-00331,Gloria Ramos,Gloria Ramos,Gloria,Ramos,gloriar@aol.com,(334) 767-2690,Compass,Compass,Queens,Queens,NY,10693,5,20,20,11913014,4.8,A,91,LinkedIn,Independent,2026-08-29T05:14:11Z
CREAM-20260829-00332,Jack Roberts,Jack Roberts,Jack,Roberts,jack.roberts@douglaselliman.com,(303) 992-3695,Douglas Elliman,Douglas Elliman,Bronx,Bronx,NY,13190,22,80,80,38693276,3.3,A,79,NAR Directory,Enterprise (200+ agents),2026-08-29T00:45:28Z
CREAM-20260829-00333,Timothy Clark,Timothy Clark,Timothy,Clark,tclark@me.com,(334) 298-1976,Keller Williams,Keller Williams,Bronx,Bronx,NY,13634,2,6,6,3852206,4.2,A,94,Website Lead,Enterprise (200+ agents),2026-08-29T07:33:50Z
CREAM-20260829-00334,Melissa Nelson,Melissa Nelson,Melissa,Nelson,melissa_nelson@icloud.com,(805) 773-3797,Keller Williams,Keller Williams,Charlotte,Charlotte,NC,28651,0,4,4,1554428,3.7,A,94,Website Lead,Boutique (2-10 agents),2026-08-29T02:26:30Z
CREAM-20260829-00335,Christine Castillo,Christine Castillo,Christine,Castillo,christinecastillo@yahoo.com,(256) 322-1129,Pacific Sotheby's,Pacific Sotheby's,San Francisco,San Francisco,CA,92643,16,39,39,34164528,3.1,A,79,Trade Show,Independent,2026-08-29T19:38:57Z
CREAM-20260829-00336,Jacob Coleman,Jacob Coleman,Jacob,Coleman,jacob_coleman@me.com,(714) 572-3370,Long Realty,Long Realty,Mesa,Mesa,AZ,85625,17,44,44,23414900,3.1,A,94,NAR Directory,Boutique (2-10 agents),2026-08-29T15:51:35Z
CREAM-20260829-00337,Donna Price,Donna Price,Donna,Price,donnap@herrealtors.com,(469) 607-4760,HER Realtors,HER Realtors,Columbus,Columbus,OH,43301,8,19,19,3858689,3.2,A,95,Facebook,Large (51-200 agents),2026-08-29T08:38:32Z
CREAM-20260829-00338,Thomas Cook,Thomas Cook,Thomas,Cook,tcook@nestseekers.com,(919) 883-2456,Nest Seekers,Nest Seekers,Staten Island,Staten Island,NY,10918,16,61,61,43055912,3.6,A,64,Facebook,Independent,2026-08-29T12:27:46Z
CREAM-20260829-00339,Brian Brooks,Brian Brooks,Brian,Brooks,brian.brooks@douglaselliman.com,(720) 686-2034,Douglas Elliman,Douglas Elliman,Staten Island,Staten Island,NY,11353,2,3,3,1565096,3.3,A,100,Facebook,Boutique (2-10 agents),2026-08-29T22:15:47Z
CREAM-20260829-00340,Shirley Kelly,Shirley Kelly,Shirley,Kelly,shirleykelly@gmail.com,(805) 501-1599,Cutler Real Estate,Cutler Real Estate,Cleveland,Cleveland,OH,43595,24,37,37,10104509,4.5,A,97,Trade Show,Mid-size (11-50 agents),2026-08-29T04:15:07Z
CREAM-20260829-00341,Samantha Taylor,Samantha Taylor,Samantha,Taylor,samantha.taylor@outlook.com,(214) 366-5760,Compass,Compass,Tampa,Tampa,FL,33125,1,8,8,3160631,4.6,A,80,MLS Database,Enterprise (200+ agents),2026-08-29T06:24:26Z
CREAM-20260829-00342,James Miller,James Miller,James,Miller,james.miller@hotmail.com,(256) 265-3912,RE/MAX,RE/MAX,San Jose,San Jose,CA,93325,0,2,2,1247248,3.7,A,69,Facebook,Independent,2026-08-29T07:23:59Z
CREAM-20260829-00343,Jacqueline Cruz,Jacqueline Cruz,Jacqueline,Cruz,jacqueline.cruz@berkshirehathaway.com,(334) 841-3126,Berkshire Hathaway,Berkshire Hathaway,Cleveland,Cleveland,OH,45162,25,59,59,18993937,4.8,A,96,Website Lead,Mid-size (11-50 agents),2026-08-29T11:45:05Z
CREAM-20260829-00344,Olivia Brown,Olivia Brown,Olivia,Brown,obrown@gmail.com,(713) 474-7175,Sotheby's International,Sotheby's International,San Francisco,San Francisco,CA,92410,8,38,38,40245277,4.1,A,77,Referral Network,Mid-size (11-50 agents),2026-08-29T07:36:02Z
CREAM-20260829-00345,Melissa Nelson,Melissa Nelson,Melissa,Nelson,mnelson@coldwellbanker.com,(720) 722-9123,Coldwell Banker,Coldwell Banker,Colorado Springs,Colorado Springs,CO,80604,25,50,50,21469046,4.1,A,77,Facebook,Enterprise (200+ agents),2026-08-29T16:53:34Z
CREAM-20260829-00346,Megan Roberts,Megan Roberts,Megan,Roberts,meganr@me.com,(972) 708-3344,Douglas Elliman,Douglas Elliman,Jacksonville,Jacksonville,FL,33636,6,18,18,8097423,4.1,A,98,Facebook,Large (51-200 agents),2026-08-29T22:45:30Z
CREAM-20260829-00347,Melissa Allen,Melissa Allen,Melissa,Allen,mallen@re/max.com,(469) 700-9308,RE/MAX,RE/MAX,Sacramento,Sacramento,CA,92544,11,33,33,23301630,4.6,A,97,Referral Network,Independent,2026-08-29T04:28:16Z
CREAM-20260829-00348,Ashley Mendoza,Ashley Mendoza,Ashley,Mendoza,ashley.mendoza@aol.com,(303) 661-1345,eXp Realty,eXp Realty,Cincinnati,Cincinnati,OH,45749,1,9,9,1580878,3.4,A,88,LinkedIn,Large (51-200 agents),2026-08-29T12:59:28Z
CREAM-20260829-00349,Larry Baker,Larry Baker,Larry,Baker,larry.baker@coldwellbanker.com,(305) 879-1554,Coldwell Banker,Coldwell Banker,Los Angeles,Los Angeles,CA,93456,10,43,43,39023346,4.2,A,91,Realtor.com,Boutique (2-10 agents),2026-08-29T12:58:59Z
CREAM-20260829-00350,William Carter,William Carter,William,Carter,williamcarter@yahoo.com,(407) 377-9161,Berkshire Hathaway,Berkshire Hathaway,San Antonio,San Antonio,TX,79208,1,3,3,892417,3.0,A,82,Referral Network,Boutique (2-10 agents),2026-08-29T09:40:50Z
CREAM-20260829-00351,Judith Lee,Judith Lee,Judith,Lee,judithl@me.com,(972) 223-9361,Halstead,Halstead,New York City,New York City,NY,12162,2,4,4,2587742,3.6,A,67,Facebook,Large (51-200 agents),2026-08-29T04:27:01Z
CREAM-20260829-00352,Amanda Flores,Amanda Flores,Amanda,Flores,aflores@hotmail.com,(720) 513-4891,eXp Realty,eXp Realty,San Diego,San Diego,CA,91320,4,17,17,17116612,3.1,A,62,Facebook,Boutique (2-10 agents),2026-08-29T07:09:06Z
CREAM-20260829-00353,Peter White,Peter White,Peter,White,peter.white@yahoo.com,(805) 774-9342,eXp Realty,eXp Realty,St. Petersburg,St. Petersburg,FL,32233,10,69,69,31815720,4.4,A,83,LinkedIn,Independent,2026-08-29T14:13:47Z
CREAM-20260829-00354,Gregory Flores,Gregory Flores,Gregory,Flores,gregory.flores@kellerwilliams.com,(234) 312-9658,Keller Williams,Keller Williams,Houston,Houston,TX,76288,11,75,75,23277058,4.0,A,64,Trade Show,Enterprise (200+ agents),2026-08-29T06:44:33Z
CREAM-20260829-00355,Robert Lee,Robert Lee,Robert,Lee,robert.lee@outlook.com,(786) 366-3673,RE/MAX,RE/MAX,Aurora,Aurora,CO,81599,6,38,38,26764973,3.0,A,86,Brokerage Listings,Independent,2026-08-29T21:19:24Z
CREAM-20260829-00356,Dorothy Anderson,Dorothy Anderson,Dorothy,Anderson,danderson@yahoo.com,(305) 502-4607,Berkshire Hathaway,Berkshire Hathaway,Tucson,Tucson,AZ,85318,20,48,48,20145184,3.7,A,69,NAR Directory,Large (51-200 agents),2026-08-29T16:54:11Z
CREAM-20260829-00357,Tyler Davis,Tyler Davis,Tyler,Davis,tyler_davis@hotmail.com,(234) 903-5750,LIV Sotheby's,LIV Sotheby's,Denver,Denver,CO,80736,5,17,17,9168512,3.5,A,97,Referral Network,Enterprise (200+ agents),2026-08-29T08:54:05Z
CREAM-20260829-00358,Julia Williams,Julia Williams,Julia,Williams,julia.williams@gmail.com,(786) 558-3423,Keller Williams,Keller Williams,Columbus,Columbus,OH,43308,1,4,4,1041555,3.5,A,89,NAR Directory,Mid-size (11-50 agents),2026-08-29T05:13:39Z
CREAM-20260829-00359,Anthony Clark,Anthony Clark,Anthony,Clark,anthony_clark@aol.com,(919) 235-6470,RE/MAX,RE/MAX,San Antonio,San Antonio,TX,77427,5,18,18,6986499,3.1,A,76,Brokerage Listings,Enterprise (200+ agents),2026-08-29T23:33:58Z
CREAM-20260829-00360,Kathleen Nguyen,Kathleen Nguyen,Kathleen,Nguyen,knguyen@me.com,(704) 922-3236,Compass,Compass,Raleigh,Raleigh,NC,27249,5,12,12,3312971,3.8,A,95,Referral Network,Large (51-200 agents),2026-08-29T12:48:38Z
CREAM-20260829-00361,Debra Walker,Debra Walker,Debra,Walker,dwalker@brownharrisstevens.com,(602) 564-1176,Brown Harris Stevens,Brown Harris Stevens,Brooklyn,Brooklyn,NY,11196,17,34,34,23613204,3.7,A,66,NAR Directory,Large (51-200 agents),2026-08-29T00:51:10Z
CREAM-20260829-00362,Joseph Bennett,Joseph Bennett,Joseph,Bennett,joseph.bennett@hotmail.com,(407) 606-5907,Coldwell Banker,Coldwell Banker,Mesa,Mesa,AZ,85879,1,8,8,3558781,4.0,A,99,Brokerage Listings,Enterprise (200+ agents),2026-08-29T14:07:06Z
CREAM-20260829-00363,Jennifer Howard,Jennifer Howard,Jennifer,Howard,jennifer_howard@hotmail.com,(704) 608-2887,Compass,Compass,New York City,New York City,NY,14315,4,22,22,14635234,3.8,A,82,Website Lead,Enterprise (200+ agents),2026-08-29T19:58:40Z
CREAM-20260829-00364,Louis Sullivan,Louis Sullivan,Louis,Sullivan,lsullivan@douglaselliman.com,(919) 235-1322,Douglas Elliman,Douglas Elliman,Queens,Queens,NY,12735,3,18,18,10161102,3.8,A,62,Cold Outreach,Large (51-200 agents),2026-08-29T23:35:37Z
CREAM-20260829-00365,Laura Ramos,Laura Ramos,Laura,Ramos,laurar@compass.com,(929) 224-2997,Compass,Compass,Raleigh,Raleigh,NC,27639,5,25,25,6391428,3.8,A,70,NAR Directory,Boutique (2-10 agents),2026-08-29T18:24:55Z
CREAM-20260829-00366,Louis Kelly,Louis Kelly,Louis,Kelly,louiskelly@icloud.com,(919) 405-4025,Compass,Compass,Raleigh,Raleigh,NC,27155,10,71,71,26825757,4.1,A,91,LinkedIn,Enterprise (200+ agents),2026-08-29T03:47:27Z
CREAM-20260829-00367,Joseph Myers,Joseph Myers,Joseph,Myers,joseph.myers@hotmail.com,(718) 411-6740,Coldwell Banker,Coldwell Banker,Jacksonville,Jacksonville,FL,34962,4,19,19,9133563,4.2,A,76,Cold Outreach,Large (51-200 agents),2026-08-29T02:10:19Z
CREAM-20260829-00368,Larry Wright,Larry Wright,Larry,Wright,lwright@outlook.com,(916) 291-9863,Coldwell Banker,Coldwell Banker,Charlotte,Charlotte,NC,28430,2,6,6,1757425,4.4,A,87,Realtor.com,Independent,2026-08-29T14:41:17Z
CREAM-20260829-00369,Lisa Brooks,Lisa Brooks,Lisa,Brooks,lbrooks@outlook.com,(404) 911-8422,Coldwell Banker,Coldwell Banker,San Antonio,San Antonio,TX,76380,19,28,28,10516378,4.2,A,96,Brokerage Listings,Large (51-200 agents),2026-08-29T10:42:24Z
CREAM-20260829-00370,Jason Flores,Jason Flores,Jason,Flores,jason_flores@yahoo.com,(602) 476-3662,Douglas Elliman,Douglas Elliman,New York City,New York City,NY,10478,4,13,13,6903656,4.3,A,90,Referral Network,Mid-size (11-50 agents),2026-08-29T17:41:23Z
CREAM-20260829-00371,Ronald Ramirez,Ronald Ramirez,Ronald,Ramirez,ronald.ramirez@exprealty.com,(407) 368-9921,eXp Realty,eXp Realty,El Paso,El Paso,TX,79930,14,31,31,11373543,3.1,A,95,Cold Outreach,Independent,2026-08-29T17:19:17Z
CREAM-20260829-00372,Cynthia Ortiz,Cynthia Ortiz,Cynthia,Ortiz,cortiz@coldwellbanker.com,(512) 527-9547,Coldwell Banker,Coldwell Banker,Aurora,Aurora,CO,81201,21,42,42,17418793,4.5,A,91,LinkedIn,Boutique (2-10 agents),2026-08-29T00:35:38Z
CREAM-20260829-00373,Emma Moore,Emma Moore,Emma,Moore,emmam@icloud.com,(786) 403-2070,Berkshire Hathaway HomeServices,Berkshire Hathaway HomeServices,San Diego,San Diego,CA,90385,0,0,0,0,4.6,A,74,NAR Directory,Mid-size (11-50 agents),2026-08-29T14:22:17Z
CREAM-20260829-00374,Nicole Parker,Nicole Parker,Nicole,Parker,nicolep@douglaselliman.com,(614) 527-3661,Douglas Elliman,Douglas Elliman,San Antonio,San Antonio,TX,78214,1,7,7,2239045,3.0,A,70,Trade Show,Mid-size (11-50 agents),2026-08-29T10:24:27Z
CREAM-20260829-00375,Debra Jimenez,Debra Jimenez,Debra,Jimenez,debra_jimenez@icloud.com,(234) 233-4086,Compass,Compass,Fort Lauderdale,Fort Lauderdale,FL,34458,0,0,0,0,3.7,A,99,Trade Show,Large (51-200 agents),2026-08-29T03:05:39Z
CREAM-20260829-00376,Ralph Watson,Ralph Watson,Ralph,Watson,rwatson@kellerwilliams.com,(972) 645-1576,Keller Williams,Keller Williams,Colorado Springs,Colorado Springs,CO,81663,0,1,1,641072,4.0,A,100,Facebook,Large (51-200 agents),2026-08-29T22:28:41Z
CREAM-20260829-00377,Philip Gutierrez,Philip Gutierrez,Philip,Gutierrez,philip.gutierrez@yahoo.com,(919) 385-3292,Brown Harris Stevens,Brown Harris Stevens,New York City,New York City,NY,14574,7,21,21,17454239,3.2,A,87,Brokerage Listings,Boutique (2-10 agents),2026-08-29T20:30:36Z
CREAM-20260829-00378,Nancy Russell,Nancy Russell,Nancy,Russell,nancy.russell@gmail.com,(720) 206-1995,Keller Williams,Keller Williams,Phoenix,Phoenix,AZ,85847,3,8,8,2989823,4.7,A,73,MLS Database,Independent,2026-08-29T03:23:53Z
CREAM-20260829-00379,Joshua Jimenez,Joshua Jimenez,Joshua,Jimenez,joshua.jimenez@douglaselliman.com,(512) 936-9444,Douglas Elliman,Douglas Elliman,Houston,Houston,TX,77371,0,0,0,0,4.7,A,82,Trade Show,Enterprise (200+ agents),2026-08-29T14:18:30Z
CREAM-20260829-00380,Debra Flores,Debra Flores,Debra,Flores,debra.flores@berkshirehathaway.com,(786) 333-7540,Berkshire Hathaway,Berkshire Hathaway,Tampa,Tampa,FL,33599,24,26,26,12550927,3.8,A,99,Brokerage Listings,Boutique (2-10 agents),2026-08-29T01:32:05Z
CREAM-20260829-00381,Jacob Lee,Jacob Lee,Jacob,Lee,jacobl@aol.com,(602) 629-4710,eXp Realty,eXp Realty,Jacksonville,Jacksonville,FL,34200,12,47,47,23566725,3.5,A,97,Website Lead,Independent,2026-08-29T08:00:23Z
CREAM-20260829-00382,Raymond Roberts,Raymond Roberts,Raymond,Roberts,raymond_roberts@aol.com,(404) 624-7195,Brown Harris Stevens,Brown Harris Stevens,New York City,New York City,NY,14550,8,23,23,18036048,4.0,A,95,Brokerage Listings,Large (51-200 agents),2026-08-29T22:17:06Z
CREAM-20260829-00383,Frank Murphy,Frank Murphy,Frank,Murphy,frank.murphy@sothebysinternational.com,(334) 751-7312,Sotheby's International,Sotheby's International,San Francisco,San Francisco,CA,92616,9,37,37,33677342,3.3,A,99,Trade Show,Large (51-200 agents),2026-08-29T21:37:31Z
CREAM-20260829-00384,Dennis Cook,Dennis Cook,Dennis,Cook,dennisc@me.com,(602) 547-3229,Pacific Sotheby's,Pacific Sotheby's,Los Angeles,Los Angeles,CA,95589,8,18,18,15239000,3.2,A,61,Brokerage Listings,Large (51-200 agents),2026-08-29T09:26:31Z
CREAM-20260829-00385,Larry Hughes,Larry Hughes,Larry,Hughes,lhughes@exprealty.com,(404) 962-5600,eXp Realty,eXp Realty,Aurora,Aurora,CO,80978,10,67,67,32614158,4.8,A,61,LinkedIn,Enterprise (200+ agents),2026-08-29T23:18:34Z
CREAM-20260829-00386,Keith Alvarez,Keith Alvarez,Keith,Alvarez,kalvarez@yahoo.com,(469) 352-2930,Halstead,Halstead,Brooklyn,Brooklyn,NY,10561,11,58,58,33336459,3.3,A,70,Facebook,Independent,2026-08-29T09:51:14Z
CREAM-20260829-00387,Donald Hill,Donald Hill,Donald,Hill,donaldh@yahoo.com,(805) 286-4825,Compass,Compass,Colorado Springs,Colorado Springs,CO,81918,23,52,52,36551685,4.8,A,69,Website Lead,Enterprise (200+ agents),2026-08-29T05:38:28Z
CREAM-20260829-00388,Kevin Smith,Kevin Smith,Kevin,Smith,kevin_smith@aol.com,(256) 794-7149,Douglas Elliman,Douglas Elliman,Queens,Queens,NY,11985,5,16,16,12443336,4.7,A,97,Brokerage Listings,Large (51-200 agents),2026-08-29T14:33:22Z
CREAM-20260829-00389,Karen Collins,Karen Collins,Karen,Collins,karen.collins@homesmart.com,(415) 789-5292,HomeSmart,HomeSmart,Scottsdale,Scottsdale,AZ,86263,1,12,12,3689855,3.3,A,95,Website Lead,Independent,2026-08-29T23:06:25Z
CREAM-20260829-00390,Stephanie Torres,Stephanie Torres,Stephanie,Torres,stephanie.torres@douglaselliman.com,(714) 249-3811,Douglas Elliman,Douglas Elliman,Tampa,Tampa,FL,33516,21,70,70,28886469,4.7,A,82,LinkedIn,Large (51-200 agents),2026-08-29T05:39:18Z
CREAM-20260829-00391,Mark Stewart,Mark Stewart,Mark,Stewart,markstewart@aol.com,(713) 417-9062,eXp Realty,eXp Realty,Mesa,Mesa,AZ,85486,3,19,19,9620542,3.6,A,78,LinkedIn,Mid-size (11-50 agents),2026-08-29T02:04:17Z
CREAM-20260829-00392,Christine Anderson,Christine Anderson,Christine,Anderson,canderson@aol.com,(614) 460-6946,Briggs Freeman Sotheby's,Briggs Freeman Sotheby's,San Antonio,San Antonio,TX,76627,10,72,72,28464770,3.3,A,77,Referral Network,Independent,2026-08-29T12:02:49Z
CREAM-20260829-00393,Arthur James,Arthur James,Arthur,James,arthur.james@gmail.com,(512) 891-6775,HER Realtors,HER Realtors,Cleveland,Cleveland,OH,44353,17,67,67,13539326,3.2,A,65,Realtor.com,Boutique (2-10 agents),2026-08-29T12:33:05Z
CREAM-20260829-00394,Stephen Nguyen,Stephen Nguyen,Stephen,Nguyen,stephen.nguyen@outlook.com,(916) 371-6739,Coldwell Banker,Coldwell Banker,Charlotte,Charlotte,NC,27136,4,17,17,4334166,4.4,A,96,Cold Outreach,Large (51-200 agents),2026-08-29T17:23:14Z
CREAM-20260829-00395,Jessica Ortiz,Jessica Ortiz,Jessica,Ortiz,jessicaortiz@outlook.com,(919) 848-8389,Keller Williams,Keller Williams,Columbus,Columbus,OH,45596,5,19,19,5351318,4.1,A,90,Website Lead,Independent,2026-08-29T01:19:19Z
CREAM-20260829-00396,William James,William James,William,James,william_james@outlook.com,(407) 600-8396,eXp Realty,eXp Realty,Columbus,Columbus,OH,45341,0,5,5,878846,4.3,A,79,Brokerage Listings,Independent,2026-08-29T07:29:26Z
CREAM-20260829-00397,Anthony Lee,Anthony Lee,Anthony,Lee,anthony_lee@me.com,(513) 339-4507,Coldwell Banker,Coldwell Banker,Charlotte,Charlotte,NC,27780,3,9,9,2809223,4.0,A,66,Realtor.com,Mid-size (11-50 agents),2026-08-29T08:00:25Z
CREAM-20260829-00398,Cynthia Powell,Cynthia Powell,Cynthia,Powell,cpowell@me.com,(305) 704-9281,Douglas Elliman,Douglas Elliman,Bronx,Bronx,NY,12617,5,17,17,7992717,3.9,A,77,Brokerage Listings,Boutique (2-10 agents),2026-08-29T14:43:13Z
CREAM-20260829-00399,Deborah Ramirez,Deborah Ramirez,Deborah,Ramirez,deborahramirez@me.com,(720) 315-2539,RE/MAX,RE/MAX,Austin,Austin,TX,79583,11,43,43,18442236,4.6,A,69,Realtor.com,Large (51-200 agents),2026-08-29T13:01:03Z
CREAM-20260829-00400,Sarah Gonzalez,Sarah Gonzalez,Sarah,Gonzalez,sgonzalez@huntingtonrealestate.com,(916) 682-9646,Huntington Real Estate,Huntington Real Estate,Columbus,Columbus,OH,43880,2,7,7,1875340,3.6,A,98,Cold Outreach,Boutique (2-10 agents),2026-08-29T04:25:29Z
CREAM-20260829-00401,Philip Smith,Philip Smith,Philip,Smith,philipsmith@me.com,(310) 790-4387,Douglas Elliman,Douglas Elliman,Hialeah,Hialeah,FL,32786,24,74,74,23315958,4.0,B,84,NAR Directory,Boutique (2-10 agents),2026-08-29T21:14:15Z
CREAM-20260829-00402,Rachel Nguyen,Rachel Nguyen,Rachel,Nguyen,rachelnguyen@yahoo.com,(513) 553-7391,Berkshire Hathaway,Berkshire Hathaway,Fort Collins,Fort Collins,CO,80292,20,68,68,28075647,3.4,B,88,Website Lead,Boutique (2-10 agents),2026-08-29T18:56:43Z
CREAM-20260829-00403,Deborah Hill,Deborah Hill,Deborah,Hill,deborah.hill@icloud.com,(310) 901-5418,Coldwell Banker,Coldwell Banker,Lubbock,Lubbock,TX,78625,2,11,11,4004377,3.3,B,60,Trade Show,Independent,2026-08-29T11:29:05Z
CREAM-20260829-00404,Kevin Bailey,Kevin Bailey,Kevin,Bailey,kbailey@aol.com,(614) 983-8692,Compass,Compass,Santa Ana,Santa Ana,CA,91957,4,8,8,7347596,3.4,B,82,MLS Database,Boutique (2-10 agents),2026-08-29T04:29:55Z
CREAM-20260829-00405,Kimberly Hill,Kimberly Hill,Kimberly,Hill,kimberly.hill@exprealty.com,(805) 904-3568,eXp Realty,eXp Realty,Thornton,Thornton,CO,81667,11,32,32,14562713,3.5,B,99,MLS Database,Mid-size (11-50 agents),2026-08-29T03:01:43Z
CREAM-20260829-00406,Frank Hill,Frank Hill,Frank,Hill,frankhill@icloud.com,(929) 430-7703,Briggs Freeman Sotheby's,Briggs Freeman Sotheby's,Garland,Garland,TX,77788,1,11,11,3454443,4.2,B,88,Brokerage Listings,Independent,2026-08-29T12:02:26Z
CREAM-20260829-00407,John Patel,John Patel,John,Patel,john.patel@me.com,(714) 304-3807,Compass,Compass,Fort Collins,Fort Collins,CO,80474,5,11,11,5423144,3.9,B,70,Website Lead,Large (51-200 agents),2026-08-29T19:24:21Z
CREAM-20260829-00408,Rebecca Phillips,Rebecca Phillips,Rebecca,Phillips,rphillips@coldwellbanker.com,(334) 515-7884,Coldwell Banker,Coldwell Banker,Winston-Salem,Winston-Salem,NC,28906,0,4,4,1639352,3.7,B,78,Website Lead,Boutique (2-10 agents),2026-08-29T06:49:39Z
CREAM-20260829-00409,Heather Fisher,Heather Fisher,Heather,Fisher,heatherf@exprealty.com,(310) 353-4001,eXp Realty,eXp Realty,Fort Collins,Fort Collins,CO,81849,7,39,39,24872446,4.7,B,69,Cold Outreach,Large (51-200 agents),2026-08-29T14:23:18Z
CREAM-20260829-00410,Kimberly Thompson,Kimberly Thompson,Kimberly,Thompson,kimberly.thompson@aol.com,(919) 741-9745,Corcoran Group,Corcoran Group,Yonkers,Yonkers,NY,11622,4,23,23,15129868,3.0,B,78,LinkedIn,Boutique (2-10 agents),2026-08-29T21:31:30Z
CREAM-20260829-00411,Martha Nelson,Martha Nelson,Martha,Nelson,martha.nelson@corcorangroup.com,(303) 787-4348,Corcoran Group,Corcoran Group,Albany,Albany,NY,12413,18,43,43,23602438,3.4,B,73,NAR Directory,Mid-size (11-50 agents),2026-08-29T19:49:31Z
CREAM-20260829-00412,Jessica Morris,Jessica Morris,Jessica,Morris,jmorris@exprealty.com,(305) 950-7521,eXp Realty,eXp Realty,Fort Collins,Fort Collins,CO,80446,11,74,74,52227115,4.6,B,91,LinkedIn,Mid-size (11-50 agents),2026-08-29T14:58:40Z
CREAM-20260829-00413,Linda Thomas,Linda Thomas,Linda,Thomas,lthomas@berkshirehathaway.com,(919) 456-7199,Berkshire Hathaway,Berkshire Hathaway,Irving,Irving,TX,79144,4,25,25,11021820,4.7,B,97,NAR Directory,Boutique (2-10 agents),2026-08-29T08:19:32Z
CREAM-20260829-00414,Jonathan Bennett,Jonathan Bennett,Jonathan,Bennett,jonathanbennett@me.com,(720) 490-8300,eXp Realty,eXp Realty,Akron,Akron,OH,43415,16,56,56,9877200,4.4,B,88,LinkedIn,Large (51-200 agents),2026-08-29T07:42:56Z
CREAM-20260829-00415,Alexander Ward,Alexander Ward,Alexander,Ward,alexanderw@compass.com,(305) 464-5321,Compass,Compass,Cape Coral,Cape Coral,FL,33667,9,33,33,9741761,4.8,B,65,Website Lead,Independent,2026-08-29T16:27:04Z
CREAM-20260829-00416,Jennifer Kelly,Jennifer Kelly,Jennifer,Kelly,jenniferkelly@gmail.com,(310) 349-3396,Compass,Compass,Fresno,Fresno,CA,95224,22,61,61,61598352,3.5,B,87,MLS Database,Boutique (2-10 agents),2026-08-29T04:26:23Z
CREAM-20260829-00417,Jessica Phillips,Jessica Phillips,Jessica,Phillips,jphillips@howardhanna.com,(714) 378-8500,Howard Hanna,Howard Hanna,Durham,Durham,NC,27315,21,42,42,10843240,4.2,B,85,Referral Network,Mid-size (11-50 agents),2026-08-29T14:09:09Z
CREAM-20260829-00418,Patricia Hill,Patricia Hill,Patricia,Hill,patricia.hill@coldwellbanker.com,(929) 867-5323,Coldwell Banker,Coldwell Banker,Lubbock,Lubbock,TX,76586,5,13,13,5016074,4.3,B,64,Cold Outreach,Mid-size (11-50 agents),2026-08-29T20:08:41Z
CREAM-20260829-00419,Mary Cox,Mary Cox,Mary,Cox,mcox@outlook.com,(415) 692-2732,Cutler Real Estate,Cutler Real Estate,Dayton,Dayton,OH,45318,25,65,65,17916061,3.5,B,93,Facebook,Independent,2026-08-29T22:01:23Z
CREAM-20260829-00420,Julia Martinez,Julia Martinez,Julia,Martinez,jmartinez@gmail.com,(718) 626-8252,Howard Hanna,Howard Hanna,Fayetteville,Fayetteville,NC,28865,22,67,67,24584959,4.4,B,82,MLS Database,Enterprise (200+ agents),2026-08-29T05:32:30Z
CREAM-20260829-00421,Nicholas Jimenez,Nicholas Jimenez,Nicholas,Jimenez,nicholasjimenez@yahoo.com,(980) 565-6870,Howard Hanna,Howard Hanna,Winston-Salem,Winston-Salem,NC,27235,18,65,65,20532617,3.6,B,83,Website Lead,Independent,2026-08-29T10:45:18Z
CREAM-20260829-00422,Diane Smith,Diane Smith,Diane,Smith,dsmith@corcorangroup.com,(972) 770-7076,Corcoran Group,Corcoran Group,Yonkers,Yonkers,NY,11747,7,17,17,10796332,4.9,B,92,Brokerage Listings,Boutique (2-10 agents),2026-08-29T23:09:35Z
CREAM-20260829-00423,Rebecca Ortiz,Rebecca Ortiz,Rebecca,Ortiz,rortiz@halstead.com,(614) 985-8322,Halstead,Halstead,Syracuse,Syracuse,NY,11469,4,12,12,9279507,4.2,B,64,Trade Show,Boutique (2-10 agents),2026-08-29T00:33:52Z
CREAM-20260829-00424,Jennifer Cruz,Jennifer Cruz,Jennifer,Cruz,jcruz@re/max.com,(234) 350-7487,RE/MAX,RE/MAX,Lakewood,Lakewood,CO,80754,5,17,17,7730831,4.9,B,60,Trade Show,Independent,2026-08-29T07:15:43Z
CREAM-20260829-00425,Olivia James,Olivia James,Olivia,James,olivia.james@outlook.com,(929) 529-2511,Coldwell Banker,Coldwell Banker,Akron,Akron,OH,43933,2,3,3,614345,3.9,B,100,LinkedIn,Boutique (2-10 agents),2026-08-29T10:44:28Z
CREAM-20260829-00426,Ronald Ruiz,Ronald Ruiz,Ronald,Ruiz,ronald.ruiz@herrealtors.com,(469) 927-6777,HER Realtors,HER Realtors,Akron,Akron,OH,45932,17,64,64,12258675,3.3,B,61,MLS Database,Enterprise (200+ agents),2026-08-29T20:48:17Z
CREAM-20260829-00427,Andrew Myers,Andrew Myers,Andrew,Myers,andrewm@outlook.com,(256) 884-6217,Douglas Elliman,Douglas Elliman,Pembroke Pines,Pembroke Pines,FL,32107,4,13,13,5948202,4.7,B,69,NAR Directory,Independent,2026-08-29T22:07:30Z
CREAM-20260829-00428,Scott Hernandez,Scott Hernandez,Scott,Hernandez,scott_hernandez@gmail.com,(469) 955-3297,Century 21,Century 21,Pembroke Pines,Pembroke Pines,FL,33319,4,23,23,8822139,4.8,B,92,Trade Show,Enterprise (200+ agents),2026-08-29T01:18:25Z
CREAM-20260829-00429,Elizabeth Gonzalez,Elizabeth Gonzalez,Elizabeth,Gonzalez,elizabeth_gonzalez@me.com,(980) 521-6730,HomeSmart,HomeSmart,Tempe,Tempe,AZ,86386,1,6,6,2691470,3.2,B,73,Referral Network,Mid-size (11-50 agents),2026-08-29T16:10:15Z
CREAM-20260829-00430,Eric Sanders,Eric Sanders,Eric,Sanders,esanders@re/max.com,(704) 289-1636,RE/MAX,RE/MAX,Chandler,Chandler,AZ,85831,8,32,32,11328938,4.2,B,63,Cold Outreach,Mid-size (11-50 agents),2026-08-29T07:40:37Z
CREAM-20260829-00431,Julia Castillo,Julia Castillo,Julia,Castillo,juliacastillo@yahoo.com,(714) 365-4902,RE/MAX,RE/MAX,Toledo,Toledo,OH,45789,24,68,68,13283321,3.8,B,90,Website Lead,Large (51-200 agents),2026-08-29T11:48:13Z
CREAM-20260829-00432,Cynthia Wilson,Cynthia Wilson,Cynthia,Wilson,cwilson@gmail.com,(415) 687-7840,eXp Realty,eXp Realty,Fort Collins,Fort Collins,CO,81534,11,68,68,46816250,4.9,B,81,Cold Outreach,Enterprise (200+ agents),2026-08-29T22:54:45Z
CREAM-20260829-00433,Raymond Ramos,Raymond Ramos,Raymond,Ramos,rramos@yahoo.com,(334) 346-9068,eXp Realty,eXp Realty,Cary,Cary,NC,27895,24,79,79,31281563,4.3,B,72,MLS Database,Mid-size (11-50 agents),2026-08-29T14:01:13Z
CREAM-20260829-00434,Louis Watson,Louis Watson,Louis,Watson,louisw@aol.com,(720) 600-3119,Russell Lyon Sotheby's,Russell Lyon Sotheby's,Gilbert,Gilbert,AZ,85914,1,6,6,3060800,4.5,B,76,NAR Directory,Independent,2026-08-29T23:52:50Z
CREAM-20260829-00435,Gregory Gutierrez,Gregory Gutierrez,Gregory,Gutierrez,ggutierrez@coldwellbanker.com,(614) 702-9478,Coldwell Banker,Coldwell Banker,Akron,Akron,OH,44153,0,4,4,1152487,4.0,B,66,LinkedIn,Independent,2026-08-29T02:36:47Z
CREAM-20260829-00436,Albert Sanchez,Albert Sanchez,Albert,Sanchez,alberts@gmail.com,(713) 358-6111,Berkshire Hathaway,Berkshire Hathaway,Toledo,Toledo,OH,43474,14,64,64,16665276,5.0,B,91,Realtor.com,Mid-size (11-50 agents),2026-08-29T01:03:51Z
CREAM-20260829-00437,Carol Stewart,Carol Stewart,Carol,Stewart,carols@sothebysinternational.com,(786) 527-6608,Sotheby's International,Sotheby's International,Buffalo,Buffalo,NY,11836,5,22,22,16532958,4.5,B,76,Cold Outreach,Enterprise (200+ agents),2026-08-29T23:13:22Z
CREAM-20260829-00438,Anna Ward,Anna Ward,Anna,Ward,award@yahoo.com,(305) 929-7379,Brown Harris Stevens,Brown Harris Stevens,Albany,Albany,NY,11946,11,59,59,30229862,4.8,B,89,Referral Network,Large (51-200 agents),2026-08-29T06:18:11Z
CREAM-20260829-00439,William Wood,William Wood,William,Wood,williamw@alliebethallman.com,(334) 901-2439,Allie Beth Allman,Allie Beth Allman,Lubbock,Lubbock,TX,78598,2,9,9,3777274,4.5,B,68,Realtor.com,Independent,2026-08-29T10:31:25Z
CREAM-20260829-00440,Deborah Diaz,Deborah Diaz,Deborah,Diaz,deborah.diaz@hotmail.com,(714) 471-5703,eXp Realty,eXp Realty,Parma,Parma,OH,44220,21,69,69,17709257,4.1,B,75,Brokerage Listings,Enterprise (200+ agents),2026-08-29T15:42:46Z
CREAM-20260829-00441,Olivia Jimenez,Olivia Jimenez,Olivia,Jimenez,olivia_jimenez@yahoo.com,(234) 961-2191,Coldwell Banker,Coldwell Banker,Durham,Durham,NC,28725,4,11,11,4373525,3.2,B,60,Facebook,Mid-size (11-50 agents),2026-08-29T07:04:35Z
CREAM-20260829-00442,Dorothy James,Dorothy James,Dorothy,James,dorothyjames@outlook.com,(305) 792-8423,Keller Williams,Keller Williams,Parma,Parma,OH,44724,25,66,66,18377635,4.8,B,70,Facebook,Independent,2026-08-29T19:17:01Z
CREAM-20260829-00443,Joshua Thompson,Joshua Thompson,Joshua,Thompson,jthompson@howardhanna.com,(512) 941-3320,Howard Hanna,Howard Hanna,Winston-Salem,Winston-Salem,NC,27876,14,68,68,18411765,4.8,B,71,Trade Show,Enterprise (200+ agents),2026-08-29T23:53:24Z
CREAM-20260829-00444,Louis Jimenez,Louis Jimenez,Louis,Jimenez,ljimenez@exprealty.com,(407) 452-4439,eXp Realty,eXp Realty,Cape Coral,Cape Coral,FL,32814,13,54,54,26463472,3.7,B,99,Trade Show,Mid-size (11-50 agents),2026-08-29T21:31:40Z
CREAM-20260829-00445,Angela Kim,Angela Kim,Angela,Kim,angela_kim@aol.com,(469) 655-2134,Compass,Compass,Chula Vista,Chula Vista,CA,91671,4,16,16,14561632,4.6,B,100,Cold Outreach,Boutique (2-10 agents),2026-08-29T02:00:51Z
CREAM-20260829-00446,Alan Sullivan,Alan Sullivan,Alan,Sullivan,alan_sullivan@me.com,(513) 299-4599,Sotheby's International,Sotheby's International,Buffalo,Buffalo,NY,14471,9,27,27,16433049,3.8,B,82,Realtor.com,Mid-size (11-50 agents),2026-08-29T02:33:31Z
CREAM-20260829-00447,Sandra King,Sandra King,Sandra,King,sandraking@gmail.com,(805) 685-2414,Keller Williams,Keller Williams,Akron,Akron,OH,43392,5,14,14,2841640,3.8,B,78,Cold Outreach,Boutique (2-10 agents),2026-08-29T17:29:42Z
CREAM-20260829-00448,Nancy Evans,Nancy Evans,Nancy,Evans,nancye@homesmart.com,(212) 282-2222,HomeSmart,HomeSmart,Tempe,Tempe,AZ,85840,5,11,11,5203851,4.4,B,87,MLS Database,Boutique (2-10 agents),2026-08-29T04:35:54Z
CREAM-20260829-00449,Judith Alexander,Judith Alexander,Judith,Alexander,jalexander@hotmail.com,(305) 749-7686,Compass,Compass,Hialeah,Hialeah,FL,33709,19,38,38,12650659,4.9,B,72,Brokerage Listings,Mid-size (11-50 agents),2026-08-29T04:43:54Z
CREAM-20260829-00450,Kimberly Gray,Kimberly Gray,Kimberly,Gray,kgray@outlook.com,(234) 314-8071,RE/MAX,RE/MAX,Corpus Christi,Corpus Christi,TX,77524,2,4,4,1168712,3.3,B,95,MLS Database,Independent,2026-08-29T13:37:23Z
CREAM-20260829-00451,Anthony Garcia,Anthony Garcia,Anthony,Garcia,anthony_garcia@me.com,(714) 433-8312,Compass,Compass,Thornton,Thornton,CO,81437,1,6,6,3707689,3.9,B,64,Facebook,Boutique (2-10 agents),2026-08-29T01:30:01Z
CREAM-20260829-00452,Rebecca Gutierrez,Rebecca Gutierrez,Rebecca,Gutierrez,rebecca.gutierrez@hotmail.com,(256) 452-4638,Douglas Elliman,Douglas Elliman,Rochester,Rochester,NY,11887,21,51,51,28147990,4.6,B,67,Brokerage Listings,Enterprise (200+ agents),2026-08-29T12:41:38Z
CREAM-20260829-00453,Debra Flores,Debra Flores,Debra,Flores,dflores@icloud.com,(512) 539-3369,Nest Seekers,Nest Seekers,New Rochelle,New Rochelle,NY,11357,0,0,0,0,3.9,B,73,Website Lead,Mid-size (11-50 agents),2026-08-29T14:23:35Z
CREAM-20260829-00454,Jason Morris,Jason Morris,Jason,Morris,jasonmorris@icloud.com,(305) 945-1885,RE/MAX,RE/MAX,Lakewood,Lakewood,CO,81661,0,4,4,1939994,3.7,B,90,Trade Show,Enterprise (200+ agents),2026-08-29T12:42:39Z
CREAM-20260829-00455,Nicole Wright,Nicole Wright,Nicole,Wright,nwright@sothebysinternational.com,(212) 731-7089,Sotheby's International,Sotheby's International,Bakersfield,Bakersfield,CA,92720,15,27,27,22362688,3.6,B,81,Cold Outreach,Mid-size (11-50 agents),2026-08-29T18:36:58Z
CREAM-20260829-00456,Julia Watson,Julia Watson,Julia,Watson,jwatson@kellerwilliamsrealty.com,(469) 392-1550,Keller Williams Realty,Keller Williams Realty,Hollywood,Hollywood,FL,32591,0,3,3,1042669,3.6,B,71,LinkedIn,Boutique (2-10 agents),2026-08-29T06:23:12Z
CREAM-20260829-00457,John Bailey,John Bailey,John,Bailey,john_bailey@yahoo.com,(805) 917-4453,eXp Realty,eXp Realty,Amarillo,Amarillo,TX,79859,0,0,0,0,4.7,B,93,Brokerage Listings,Independent,2026-08-29T03:24:20Z
CREAM-20260829-00458,Rebecca Young,Rebecca Young,Rebecca,Young,ryoung@berkshirehathaway.com,(980) 564-3595,Berkshire Hathaway,Berkshire Hathaway,Cary,Cary,NC,27673,9,39,39,14490833,4.9,B,62,Cold Outreach,Independent,2026-08-29T20:56:16Z
CREAM-20260829-00459,Raymond Collins,Raymond Collins,Raymond,Collins,rcollins@re/max.com,(929) 614-6351,RE/MAX,RE/MAX,Fayetteville,Fayetteville,NC,28122,0,2,2,613228,4.2,B,94,Brokerage Listings,Boutique (2-10 agents),2026-08-29T18:57:40Z
CREAM-20260829-00460,Louis Reyes,Louis Reyes,Louis,Reyes,louisr@outlook.com,(256) 765-2767,Keller Williams,Keller Williams,Akron,Akron,OH,45559,21,58,58,13052190,4.5,B,65,Brokerage Listings,Large (51-200 agents),2026-08-29T06:39:00Z
CREAM-20260829-00461,Jessica Gomez,Jessica Gomez,Jessica,Gomez,jessica_gomez@hotmail.com,(602) 908-9392,Compass,Compass,Durham,Durham,NC,28958,12,55,55,21679622,3.6,B,75,NAR Directory,Large (51-200 agents),2026-08-29T11:09:31Z
CREAM-20260829-00462,Charles Cook,Charles Cook,Charles,Cook,charlesc@8zrealestate.com,(916) 995-5382,8z Real Estate,8z Real Estate,Lakewood,Lakewood,CO,80496,24,63,63,39568160,3.7,B,97,Website Lead,Boutique (2-10 agents),2026-08-29T02:39:38Z
CREAM-20260829-00463,Debra Wood,Debra Wood,Debra,Wood,dwood@compass.com,(305) 689-3900,Compass,Compass,Rochester,Rochester,NY,13874,18,54,54,35306822,3.5,B,69,Cold Outreach,Large (51-200 agents),2026-08-29T15:53:19Z
CREAM-20260829-00464,Rose Diaz,Rose Diaz,Rose,Diaz,rose_diaz@me.com,(305) 423-4817,Keller Williams,Keller Williams,Akron,Akron,OH,44569,4,11,11,2825173,4.5,B,67,Trade Show,Boutique (2-10 agents),2026-08-29T12:28:31Z
CREAM-20260829-00465,Philip Nguyen,Philip Nguyen,Philip,Nguyen,philip.nguyen@coldwellbanker.com,(513) 733-4591,Coldwell Banker,Coldwell Banker,Fayetteville,Fayetteville,NC,27928,19,44,44,13587876,4.8,B,89,LinkedIn,Boutique (2-10 agents),2026-08-29T02:36:31Z
CREAM-20260829-00466,Elizabeth Kelly,Elizabeth Kelly,Elizabeth,Kelly,ekelly@kellerwilliams.com,(415) 474-3435,Keller Williams,Keller Williams,Fayetteville,Fayetteville,NC,28640,20,51,51,20456751,3.4,B,69,Referral Network,Boutique (2-10 agents),2026-08-29T04:16:38Z
CREAM-20260829-00467,Lisa Taylor,Lisa Taylor,Lisa,Taylor,ltaylor@exprealty.com,(303) 909-9699,eXp Realty,eXp Realty,Amarillo,Amarillo,TX,77389,4,18,18,6059582,3.7,B,97,Website Lead,Large (51-200 agents),2026-08-29T09:25:02Z
CREAM-20260829-00468,Kevin Wilson,Kevin Wilson,Kevin,Wilson,kevinw@re/max.com,(805) 421-1759,RE/MAX,RE/MAX,Arlington,Arlington,TX,75397,9,34,34,11136220,3.1,B,100,Trade Show,Mid-size (11-50 agents),2026-08-29T12:30:50Z
CREAM-20260829-00469,Gary Price,Gary Price,Gary,Price,gary.price@yahoo.com,(305) 663-7149,Keller Williams,Keller Williams,Fayetteville,Fayetteville,NC,27460,2,6,6,2362765,3.9,B,85,Website Lead,Mid-size (11-50 agents),2026-08-29T00:30:05Z
CREAM-20260829-00470,Dorothy Jenkins,Dorothy Jenkins,Dorothy,Jenkins,dorothy.jenkins@me.com,(334) 514-7687,Berkshire Hathaway,Berkshire Hathaway,Garland,Garland,TX,77964,1,6,6,2533507,4.1,B,66,Website Lead,Independent,2026-08-29T23:12:41Z
CREAM-20260829-00471,Jonathan Patel,Jonathan Patel,Jonathan,Patel,jpatel@me.com,(303) 279-9734,Sotheby's International,Sotheby's International,Riverside,Riverside,CA,91710,19,66,66,64682608,3.2,B,96,MLS Database,Mid-size (11-50 agents),2026-08-29T11:26:27Z
CREAM-20260829-00472,Christine Sanders,Christine Sanders,Christine,Sanders,christines@kellerwilliams.com,(972) 752-2831,Keller Williams,Keller Williams,Winston-Salem,Winston-Salem,NC,27667,16,58,58,21866389,4.7,B,99,LinkedIn,Large (51-200 agents),2026-08-29T07:01:23Z
CREAM-20260829-00473,Brandon Kim,Brandon Kim,Brandon,Kim,brandonk@exprealty.com,(718) 633-5773,eXp Realty,eXp Realty,Akron,Akron,OH,45757,12,33,33,8968206,3.7,B,72,MLS Database,Large (51-200 agents),2026-08-29T22:56:26Z
CREAM-20260829-00474,Pamela Castillo,Pamela Castillo,Pamela,Castillo,pcastillo@outlook.com,(512) 581-6996,Keller Williams Realty,Keller Williams Realty,Bakersfield,Bakersfield,CA,90212,14,73,73,78798574,4.8,B,66,Realtor.com,Independent,2026-08-29T19:25:04Z
CREAM-20260829-00475,Stephanie Reyes,Stephanie Reyes,Stephanie,Reyes,stephaniereyes@gmail.com,(234) 956-2153,eXp Realty,eXp Realty,Toledo,Toledo,OH,45133,18,56,56,16430627,4.1,B,100,Brokerage Listings,Boutique (2-10 agents),2026-08-29T05:15:54Z
CREAM-20260829-00476,Diane Ramirez,Diane Ramirez,Diane,Ramirez,dramirez@icloud.com,(234) 785-8208,RE/MAX,RE/MAX,Fayetteville,Fayetteville,NC,28264,24,78,78,22840272,3.8,B,81,Website Lead,Large (51-200 agents),2026-08-29T23:52:35Z
CREAM-20260829-00477,Gregory Anderson,Gregory Anderson,Gregory,Anderson,gregorya@gmail.com,(303) 405-8477,Cutler Real Estate,Cutler Real Estate,Dayton,Dayton,OH,45851,4,20,20,4862430,3.5,B,87,LinkedIn,Independent,2026-08-29T03:45:50Z
CREAM-20260829-00478,Carol Cook,Carol Cook,Carol,Cook,carol.cook@me.com,(512) 996-2108,RE/MAX,RE/MAX,Fayetteville,Fayetteville,NC,27775,22,52,52,19392865,3.6,B,97,MLS Database,Boutique (2-10 agents),2026-08-29T06:51:00Z
CREAM-20260829-00479,Steven Flores,Steven Flores,Steven,Flores,steven.flores@gmail.com,(513) 900-4235,RE/MAX,RE/MAX,Tempe,Tempe,AZ,85323,1,10,10,4697883,3.8,B,60,Website Lead,Boutique (2-10 agents),2026-08-29T16:20:58Z
CREAM-20260829-00480,Amy Parker,Amy Parker,Amy,Parker,amy_parker@aol.com,(805) 482-9323,Coldwell Banker,Coldwell Banker,Garland,Garland,TX,79525,6,26,26,7004254,3.4,B,92,MLS Database,Large (51-200 agents),2026-08-29T17:56:55Z
CREAM-20260829-00481,Jacob Young,Jacob Young,Jacob,Young,jyoung@yahoo.com,(805) 570-3407,Compass,Compass,Lakewood,Lakewood,CO,81184,3,10,10,5748739,4.4,B,85,Brokerage Listings,Independent,2026-08-29T17:34:41Z
CREAM-20260829-00482,Ashley Russell,Ashley Russell,Ashley,Russell,ashleyr@yahoo.com,(713) 421-3370,Allen Tate,Allen Tate,Cary,Cary,NC,28675,5,15,15,6112348,3.2,B,71,Facebook,Mid-size (11-50 agents),2026-08-29T11:28:33Z
CREAM-20260829-00483,Lauren Lewis,Lauren Lewis,Lauren,Lewis,llewis@coldwellbanker.com,(602) 322-7090,Coldwell Banker,Coldwell Banker,Fayetteville,Fayetteville,NC,28591,0,2,2,888448,3.1,B,80,Realtor.com,Mid-size (11-50 agents),2026-08-29T05:54:26Z
CREAM-20260829-00484,Amanda Johnson,Amanda Johnson,Amanda,Johnson,ajohnson@hotmail.com,(303) 826-6371,Allen Tate,Allen Tate,Cary,Cary,NC,27915,2,4,4,1349518,3.3,B,83,Trade Show,Independent,2026-08-29T03:28:20Z
CREAM-20260829-00485,Jack Cruz,Jack Cruz,Jack,Cruz,jack_cruz@hotmail.com,(972) 439-5620,Douglas Elliman,Douglas Elliman,Lubbock,Lubbock,TX,79441,5,14,14,4350423,3.7,B,100,Website Lead,Independent,2026-08-29T02:01:21Z
CREAM-20260829-00486,James Clark,James Clark,James,Clark,james.clark@aol.com,(234) 586-3445,Keller Williams Realty,Keller Williams Realty,Hollywood,Hollywood,FL,33330,5,18,18,8903665,4.5,B,66,Facebook,Independent,2026-08-29T21:46:12Z
CREAM-20260829-00487,Thomas Baker,Thomas Baker,Thomas,Baker,tbaker@hotmail.com,(212) 863-2595,LIV Sotheby's,LIV Sotheby's,Lakewood,Lakewood,CO,81694,7,35,35,18573208,3.4,B,98,Referral Network,Large (51-200 agents),2026-08-29T14:57:23Z
CREAM-20260829-00488,Arthur Anderson,Arthur Anderson,Arthur,Anderson,arthur.anderson@exprealty.com,(919) 609-7199,eXp Realty,eXp Realty,Lakewood,Lakewood,CO,80486,1,12,12,6687612,3.6,B,64,Cold Outreach,Independent,2026-08-29T06:12:32Z
CREAM-20260829-00489,Aaron Alexander,Aaron Alexander,Aaron,Alexander,aaron.alexander@herrealtors.com,(720) 725-6563,HER Realtors,HER Realtors,Toledo,Toledo,OH,44533,21,37,37,9795309,3.4,B,100,Realtor.com,Large (51-200 agents),2026-08-29T03:06:32Z
CREAM-20260829-00490,Juan Evans,Juan Evans,Juan,Evans,jevans@icloud.com,(305) 443-7179,Corcoran Group,Corcoran Group,Syracuse,Syracuse,NY,11567,3,12,12,6791349,3.6,B,87,Facebook,Enterprise (200+ agents),2026-08-29T19:16:09Z
CREAM-20260829-00491,Eugene King,Eugene King,Eugene,King,eugenek@outlook.com,(714) 546-4774,Compass,Compass,Arvada,Arvada,CO,81159,2,12,12,6420126,3.3,B,67,NAR Directory,Boutique (2-10 agents),2026-08-29T17:51:05Z
CREAM-20260829-00492,Jason Reyes,Jason Reyes,Jason,Reyes,jasonr@berkshirehathaway.com,(310) 260-9459,Berkshire Hathaway,Berkshire Hathaway,Glendale,Glendale,AZ,86717,1,6,6,2925947,3.0,B,66,Realtor.com,Independent,2026-08-29T01:31:31Z
CREAM-20260829-00493,Anthony Collins,Anthony Collins,Anthony,Collins,acollins@compass.com,(713) 491-1538,Compass,Compass,Lakewood,Lakewood,CO,81639,25,56,56,27921218,4.6,B,69,Facebook,Independent,2026-08-29T10:25:23Z
CREAM-20260829-00494,Diane Ruiz,Diane Ruiz,Diane,Ruiz,dianer@yahoo.com,(980) 394-7764,eXp Realty,eXp Realty,Cary,Cary,NC,28904,20,63,63,17371679,3.8,B,64,Website Lead,Enterprise (200+ agents),2026-08-29T07:59:57Z
CREAM-20260829-00495,Judith Wood,Judith Wood,Judith,Wood,judithw@gmail.com,(512) 686-2877,Coldwell Banker,Coldwell Banker,Amarillo,Amarillo,TX,79540,17,34,34,11341096,4.8,B,70,LinkedIn,Independent,2026-08-29T13:14:52Z
CREAM-20260829-00496,Melissa Rivera,Melissa Rivera,Melissa,Rivera,melissar@yahoo.com,(305) 982-8729,Coldwell Banker,Coldwell Banker,Tempe,Tempe,AZ,85830,7,39,39,12701244,3.4,B,66,Facebook,Large (51-200 agents),2026-08-29T23:45:39Z
CREAM-20260829-00497,Catherine Ross,Catherine Ross,Catherine,Ross,cross@gmail.com,(972) 659-9535,eXp Realty,eXp Realty,Chula Vista,Chula Vista,CA,92626,4,24,24,18219080,3.1,B,60,Referral Network,Independent,2026-08-29T06:36:35Z
CREAM-20260829-00498,Donald Wilson,Donald Wilson,Donald,Wilson,donald.wilson@gmail.com,(415) 794-2749,eXp Realty,eXp Realty,Fayetteville,Fayetteville,NC,28429,4,14,14,5977643,3.5,B,77,LinkedIn,Mid-size (11-50 agents),2026-08-29T05:16:45Z
CREAM-20260829-00499,Jonathan Hall,Jonathan Hall,Jonathan,Hall,jonathanh@exprealty.com,(512) 812-9263,eXp Realty,eXp Realty,Durham,Durham,NC,27808,3,11,11,4390682,3.3,B,78,LinkedIn,Boutique (2-10 agents),2026-08-29T14:57:13Z
CREAM-20260829-00500,Roger White,Roger White,Roger,White,roger.white@aol.com,(704) 521-7816,eXp Realty,eXp Realty,Akron,Akron,OH,44275,7,33,33,7051167,3.8,B,62,MLS Database,Independent,2026-08-29T01:48:38Z
CREAM-20260829-00501,Judith Murphy,Judith Murphy,Judith,Murphy,jmurphy@kellerwilliams.com,(310) 406-6610,Keller Williams,Keller Williams,Gilbert,Gilbert,AZ,85162,14,66,66,23880261,4.3,B,98,Website Lead,Enterprise (200+ agents),2026-08-29T01:09:11Z
CREAM-20260829-00502,Kevin Richardson,Kevin Richardson,Kevin,Richardson,krichardson@compass.com,(929) 756-6905,Compass,Compass,Albany,Albany,NY,12504,22,41,41,32884671,4.2,B,75,Facebook,Enterprise (200+ agents),2026-08-29T10:33:49Z
CREAM-20260829-00503,Jack Brooks,Jack Brooks,Jack,Brooks,jack.brooks@douglaselliman.com,(646) 629-4941,Douglas Elliman,Douglas Elliman,Tallahassee,Tallahassee,FL,34787,17,38,38,13981632,3.1,B,89,LinkedIn,Boutique (2-10 agents),2026-08-29T16:14:12Z
CREAM-20260829-00504,Rebecca Taylor,Rebecca Taylor,Rebecca,Taylor,rebeccat@icloud.com,(786) 725-8267,Century 21,Century 21,Tallahassee,Tallahassee,FL,32291,6,17,17,5351967,3.3,B,78,LinkedIn,Boutique (2-10 agents),2026-08-29T09:43:42Z
CREAM-20260829-00505,Cynthia Hill,Cynthia Hill,Cynthia,Hill,chill@kellerwilliams.com,(212) 972-2044,Keller Williams,Keller Williams,Durham,Durham,NC,27363,4,16,16,7105221,3.2,B,71,Realtor.com,Boutique (2-10 agents),2026-08-29T17:21:44Z
CREAM-20260829-00506,Betty James,Betty James,Betty,James,bettyj@yahoo.com,(980) 291-3818,Sotheby's International,Sotheby's International,Rochester,Rochester,NY,13803,4,13,13,6267491,3.1,B,62,Website Lead,Large (51-200 agents),2026-08-29T12:08:09Z
CREAM-20260829-00507,Matthew Phillips,Matthew Phillips,Matthew,Phillips,matthew_phillips@yahoo.com,(602) 277-5230,Coldwell Banker,Coldwell Banker,Chula Vista,Chula Vista,CA,92932,3,21,21,12774553,4.9,B,69,MLS Database,Enterprise (200+ agents),2026-08-29T01:09:23Z
CREAM-20260829-00508,Julia Lewis,Julia Lewis,Julia,Lewis,julialewis@me.com,(303) 349-7496,Berkshire Hathaway HomeServices,Berkshire Hathaway HomeServices,Anaheim,Anaheim,CA,96147,1,6,6,4824372,4.6,B,91,Website Lead,Enterprise (200+ agents),2026-08-29T17:12:27Z
CREAM-20260829-00509,Roger Patel,Roger Patel,Roger,Patel,rogerp@compass.com,(310) 525-2468,Compass,Compass,Bakersfield,Bakersfield,CA,93645,1,5,5,3676023,4.8,B,81,MLS Database,Enterprise (200+ agents),2026-08-29T09:30:23Z
CREAM-20260829-00510,Anna Howard,Anna Howard,Anna,Howard,anna_howard@me.com,(303) 797-8736,eXp Realty,eXp Realty,Pembroke Pines,Pembroke Pines,FL,32910,3,10,10,4712053,5.0,B,88,Facebook,Enterprise (200+ agents),2026-08-29T19:30:34Z
CREAM-20260829-00511,Andrew Cooper,Andrew Cooper,Andrew,Cooper,acooper@gmail.com,(512) 643-8066,Berkshire Hathaway,Berkshire Hathaway,Parma,Parma,OH,45801,1,12,12,3246343,3.1,B,98,Website Lead,Enterprise (200+ agents),2026-08-29T02:29:48Z
CREAM-20260829-00512,Angela Perez,Angela Perez,Angela,Perez,aperez@outlook.com,(805) 940-2855,RE/MAX,RE/MAX,Dayton,Dayton,OH,44865,18,29,29,8288694,4.2,B,72,Cold Outreach,Independent,2026-08-29T21:18:23Z
CREAM-20260829-00513,David Perry,David Perry,David,Perry,david_perry@aol.com,(713) 396-4202,Compass,Compass,Winston-Salem,Winston-Salem,NC,27352,0,5,5,2229398,4.5,B,100,Realtor.com,Boutique (2-10 agents),2026-08-29T11:19:22Z
CREAM-20260829-00514,Ruth King,Ruth King,Ruth,King,ruthk@gmail.com,(469) 561-4131,Keller Williams,Keller Williams,Tempe,Tempe,AZ,85765,14,76,76,38544723,4.2,B,94,Trade Show,Boutique (2-10 agents),2026-08-29T03:54:11Z
CREAM-20260829-00515,Rachel Lee,Rachel Lee,Rachel,Lee,rlee@sothebysinternational.com,(805) 807-9492,Sotheby's International,Sotheby's International,Bakersfield,Bakersfield,CA,93351,24,73,73,44905968,3.3,B,92,Trade Show,Independent,2026-08-29T14:23:03Z
CREAM-20260829-00516,Scott Mendoza,Scott Mendoza,Scott,Mendoza,smendoza@icloud.com,(713) 392-6988,Long Realty,Long Realty,Chandler,Chandler,AZ,85526,1,11,11,3891697,4.0,B,86,NAR Directory,Mid-size (11-50 agents),2026-08-29T20:06:07Z
CREAM-20260829-00517,Frank Rodriguez,Frank Rodriguez,Frank,Rodriguez,frank.rodriguez@hotmail.com,(805) 750-8223,Coldwell Banker,Coldwell Banker,Parma,Parma,OH,45802,3,24,24,4998434,3.5,B,68,LinkedIn,Enterprise (200+ agents),2026-08-29T06:18:56Z
CREAM-20260829-00518,Louis Bennett,Louis Bennett,Louis,Bennett,lbennett@coldwellbanker.com,(415) 394-1697,Coldwell Banker,Coldwell Banker,Glendale,Glendale,AZ,86356,8,16,16,5147193,4.8,B,73,Brokerage Listings,Independent,2026-08-29T03:20:33Z
CREAM-20260829-00519,Amy Lewis,Amy Lewis,Amy,Lewis,amy_lewis@yahoo.com,(512) 417-2639,Keller Williams,Keller Williams,Buffalo,Buffalo,NY,12953,22,40,40,22185004,3.7,B,78,Realtor.com,Large (51-200 agents),2026-08-29T12:31:10Z
CREAM-20260829-00520,Michelle Alvarez,Michelle Alvarez,Michelle,Alvarez,malvarez@yahoo.com,(513) 757-2047,Coldwell Banker,Coldwell Banker,Port St. Lucie,Port St. Lucie,FL,34879,18,60,60,19507496,3.9,B,92,Facebook,Enterprise (200+ agents),2026-08-29T15:14:04Z
CREAM-20260829-00521,Shirley Chavez,Shirley Chavez,Shirley,Chavez,shirleyc@aol.com,(214) 933-9020,Compass,Compass,Albany,Albany,NY,12775,2,6,6,4358137,4.8,B,80,Trade Show,Enterprise (200+ agents),2026-08-29T17:06:19Z
CREAM-20260829-00522,Arthur Garcia,Arthur Garcia,Arthur,Garcia,arthurg@outlook.com,(718) 421-8629,eXp Realty,eXp Realty,Tempe,Tempe,AZ,86766,24,33,33,12008840,4.0,B,65,NAR Directory,Boutique (2-10 agents),2026-08-29T10:52:36Z
CREAM-20260829-00523,Raymond Harris,Raymond Harris,Raymond,Harris,rharris@allentate.com,(919) 799-6246,Allen Tate,Allen Tate,Durham,Durham,NC,27400,3,20,20,5969905,4.6,B,96,Realtor.com,Boutique (2-10 agents),2026-08-29T15:05:48Z
CREAM-20260829-00524,Thomas Murphy,Thomas Murphy,Thomas,Murphy,thomas_murphy@icloud.com,(972) 225-2986,RE/MAX,RE/MAX,Arvada,Arvada,CO,80695,4,17,17,6943696,4.7,B,92,Realtor.com,Enterprise (200+ agents),2026-08-29T11:19:50Z
CREAM-20260829-00525,Eric Brooks,Eric Brooks,Eric,Brooks,ericbrooks@outlook.com,(214) 219-1979,RE/MAX,RE/MAX,Cary,Cary,NC,28550,17,63,63,16296132,3.9,B,70,Realtor.com,Independent,2026-08-29T02:02:07Z
CREAM-20260829-00526,Jason Hill,Jason Hill,Jason,Hill,jhill@icloud.com,(305) 698-2767,Sotheby's International,Sotheby's International,Albany,Albany,NY,13264,14,56,56,42686712,4.2,B,63,Facebook,Mid-size (11-50 agents),2026-08-29T22:04:05Z
CREAM-20260829-00527,Debra Jackson,Debra Jackson,Debra,Jackson,debra_jackson@hotmail.com,(512) 995-3910,Long Realty,Long Realty,Tempe,Tempe,AZ,85946,8,35,35,14933323,4.1,B,78,NAR Directory,Boutique (2-10 agents),2026-08-29T13:26:46Z
CREAM-20260829-00528,Roger Ruiz,Roger Ruiz,Roger,Ruiz,rruiz@hotmail.com,(310) 878-2684,Pacific Sotheby's,Pacific Sotheby's,Bakersfield,Bakersfield,CA,96244,2,5,5,4983243,4.4,B,94,Brokerage Listings,Independent,2026-08-29T12:48:48Z
CREAM-20260829-00529,Ralph Wood,Ralph Wood,Ralph,Wood,ralph_wood@icloud.com,(407) 550-9052,Keller Williams Realty,Keller Williams Realty,Fresno,Fresno,CA,92852,6,35,35,30627879,4.6,B,67,LinkedIn,Boutique (2-10 agents),2026-08-29T15:11:54Z
CREAM-20260829-00530,Joseph Campbell,Joseph Campbell,Joseph,Campbell,josephc@re/max.com,(212) 863-8123,RE/MAX,RE/MAX,Bakersfield,Bakersfield,CA,92659,0,1,1,1002691,4.7,B,78,Brokerage Listings,Enterprise (200+ agents),2026-08-29T04:47:18Z
CREAM-20260829-00531,Kenneth Thomas,Kenneth Thomas,Kenneth,Thomas,kenneth_thomas@hotmail.com,(929) 603-1897,Coldwell Banker,Coldwell Banker,Akron,Akron,OH,43794,4,19,19,5141570,4.8,B,62,LinkedIn,Enterprise (200+ agents),2026-08-29T10:42:42Z
CREAM-20260829-00532,Theresa Myers,Theresa Myers,Theresa,Myers,theresa.myers@hotmail.com,(805) 548-7072,Sotheby's International,Sotheby's International,Albany,Albany,NY,13179,3,17,17,7855736,4.6,B,100,Cold Outreach,Large (51-200 agents),2026-08-29T19:33:30Z
CREAM-20260829-00533,Jack Hill,Jack Hill,Jack,Hill,jackh@yahoo.com,(614) 281-2626,Keller Williams,Keller Williams,Arlington,Arlington,TX,77162,17,50,50,18148704,3.4,B,90,NAR Directory,Large (51-200 agents),2026-08-29T10:44:56Z
CREAM-20260829-00534,Dorothy Jones,Dorothy Jones,Dorothy,Jones,dorothy_jones@icloud.com,(214) 275-5199,Sotheby's International,Sotheby's International,Anaheim,Anaheim,CA,96491,11,75,75,70055817,3.8,B,76,Cold Outreach,Enterprise (200+ agents),2026-08-29T09:42:51Z
CREAM-20260829-00535,Helen Ward,Helen Ward,Helen,Ward,helenw@outlook.com,(602) 507-4628,Sotheby's International,Sotheby's International,Anaheim,Anaheim,CA,92554,10,30,30,31854028,4.2,B,89,MLS Database,Independent,2026-08-29T07:02:52Z
CREAM-20260829-00536,Mark Hughes,Mark Hughes,Mark,Hughes,mark_hughes@yahoo.com,(805) 868-8226,Berkshire Hathaway HomeServices,Berkshire Hathaway HomeServices,Chula Vista,Chula Vista,CA,96370,7,38,38,38636090,4.1,B,87,NAR Directory,Large (51-200 agents),2026-08-29T07:38:49Z
CREAM-20260829-00537,Nicholas James,Nicholas James,Nicholas,James,nicholasj@briggsfreemansothebys.com,(718) 237-8300,Briggs Freeman Sotheby's,Briggs Freeman Sotheby's,Irving,Irving,TX,76722,2,6,6,2556123,4.0,B,82,Referral Network,Large (51-200 agents),2026-08-29T06:22:29Z
CREAM-20260829-00538,Ryan Ramos,Ryan Ramos,Ryan,Ramos,ryan.ramos@me.com,(614) 504-4284,eXp Realty,eXp Realty,Glendale,Glendale,AZ,85389,2,9,9,3302126,4.3,B,76,LinkedIn,Independent,2026-08-29T05:16:38Z
CREAM-20260829-00539,Jeffrey Sullivan,Jeffrey Sullivan,Jeffrey,Sullivan,jeffreysullivan@yahoo.com,(919) 509-3718,Compass,Compass,Santa Ana,Santa Ana,CA,96535,3,20,20,17475063,3.3,B,95,MLS Database,Enterprise (200+ agents),2026-08-29T08:10:25Z
CREAM-20260829-00540,Patrick Lee,Patrick Lee,Patrick,Lee,patrick.lee@yahoo.com,(234) 503-5362,Berkshire Hathaway,Berkshire Hathaway,Tallahassee,Tallahassee,FL,33109,17,41,41,17981078,3.8,B,80,Trade Show,Independent,2026-08-29T13:45:31Z
CREAM-20260829-00541,Bruce Garcia,Bruce Garcia,Bruce,Garcia,bruceg@yahoo.com,(512) 892-7806,Keller Williams,Keller Williams,Syracuse,Syracuse,NY,13178,5,20,20,15652313,4.8,B,93,MLS Database,Enterprise (200+ agents),2026-08-29T02:46:16Z
CREAM-20260829-00542,Juan Nguyen,Juan Nguyen,Juan,Nguyen,jnguyen@berkshirehathaway.com,(805) 544-7157,Berkshire Hathaway,Berkshire Hathaway,Amarillo,Amarillo,TX,77815,22,61,61,23827588,3.4,B,95,Trade Show,Independent,2026-08-29T18:58:48Z
CREAM-20260829-00543,Arthur Lewis,Arthur Lewis,Arthur,Lewis,alewis@icloud.com,(415) 797-2206,RE/MAX,RE/MAX,Irving,Irving,TX,75843,11,52,52,21788934,4.9,B,61,Referral Network,Independent,2026-08-29T12:11:28Z
CREAM-20260829-00544,Andrew Foster,Andrew Foster,Andrew,Foster,afoster@hotmail.com,(720) 867-6341,Keller Williams,Keller Williams,Arvada,Arvada,CO,81544,13,28,28,11682841,4.4,B,65,Realtor.com,Enterprise (200+ agents),2026-08-29T21:43:55Z
CREAM-20260829-00545,Shirley Wood,Shirley Wood,Shirley,Wood,shirley_wood@outlook.com,(310) 365-8798,RE/MAX,RE/MAX,Toledo,Toledo,OH,44841,20,51,51,11680293,3.4,B,87,Brokerage Listings,Large (51-200 agents),2026-08-29T13:47:59Z
CREAM-20260829-00546,Tyler Kim,Tyler Kim,Tyler,Kim,tylerkim@me.com,(786) 709-9231,Compass,Compass,Hialeah,Hialeah,FL,32677,1,3,3,1403279,3.6,B,85,NAR Directory,Large (51-200 agents),2026-08-29T20:54:32Z
CREAM-20260829-00547,Carol Harris,Carol Harris,Carol,Harris,charris@outlook.com,(916) 861-5945,eXp Realty,eXp Realty,Riverside,Riverside,CA,90775,1,4,4,3829333,4.0,B,85,Website Lead,Independent,2026-08-29T21:05:02Z
CREAM-20260829-00548,Stephen Nguyen,Stephen Nguyen,Stephen,Nguyen,stephenn@douglaselliman.com,(805) 525-6619,Douglas Elliman,Douglas Elliman,Hialeah,Hialeah,FL,33323,21,59,59,20911454,3.2,B,97,Trade Show,Enterprise (200+ agents),2026-08-29T09:14:54Z
CREAM-20260829-00549,Michael Gray,Michael Gray,Michael,Gray,mgray@gmail.com,(980) 742-3952,Brown Harris Stevens,Brown Harris Stevens,New Rochelle,New Rochelle,NY,13534,2,3,3,2385228,3.3,B,77,Website Lead,Large (51-200 agents),2026-08-29T18:53:13Z
CREAM-20260829-00550,Stephen Alvarez,Stephen Alvarez,Stephen,Alvarez,stephena@outlook.com,(720) 485-5760,Sotheby's International,Sotheby's International,Rochester,Rochester,NY,11696,8,40,40,20452341,4.7,B,96,MLS Database,Mid-size (11-50 agents),2026-08-29T09:03:41Z
CREAM-20260829-00551,Linda Castillo,Linda Castillo,Linda,Castillo,lindacastillo@icloud.com,(303) 491-7184,Douglas Elliman,Douglas Elliman,Tallahassee,Tallahassee,FL,33890,16,69,69,36771789,3.4,B,84,Cold Outreach,Large (51-200 agents),2026-08-29T17:32:22Z
CREAM-20260829-00552,Sharon Gonzalez,Sharon Gonzalez,Sharon,Gonzalez,sharon.gonzalez@exprealty.com,(972) 380-9286,eXp Realty,eXp Realty,Port St. Lucie,Port St. Lucie,FL,33223,19,28,28,11349101,3.4,B,92,NAR Directory,Mid-size (11-50 agents),2026-08-29T10:39:35Z
CREAM-20260829-00553,Dorothy Foster,Dorothy Foster,Dorothy,Foster,dorothy.foster@aol.com,(305) 987-4609,Berkshire Hathaway,Berkshire Hathaway,Port St. Lucie,Port St. Lucie,FL,32494,22,54,54,23959499,3.1,B,60,Realtor.com,Enterprise (200+ agents),2026-08-29T22:03:38Z
CREAM-20260829-00554,Brittany Howard,Brittany Howard,Brittany,Howard,brittanyh@hotmail.com,(972) 996-7610,Howard Hanna,Howard Hanna,Fayetteville,Fayetteville,NC,27965,5,14,14,5180425,3.9,B,68,LinkedIn,Boutique (2-10 agents),2026-08-29T14:09:47Z
CREAM-20260829-00555,Rachel Thomas,Rachel Thomas,Rachel,Thomas,rachel_thomas@yahoo.com,(512) 410-6721,Douglas Elliman,Douglas Elliman,Amarillo,Amarillo,TX,75880,14,60,60,25225030,4.3,B,61,Referral Network,Mid-size (11-50 agents),2026-08-29T07:47:11Z
CREAM-20260829-00556,Juan Reyes,Juan Reyes,Juan,Reyes,juan.reyes@kellerwilliams.com,(602) 376-9458,Keller Williams,Keller Williams,Corpus Christi,Corpus Christi,TX,77331,15,32,32,13259799,3.1,B,63,Referral Network,Mid-size (11-50 agents),2026-08-29T02:36:38Z
CREAM-20260829-00557,Kimberly Rodriguez,Kimberly Rodriguez,Kimberly,Rodriguez,kimberlyrodriguez@gmail.com,(602) 767-6317,Pacific Sotheby's,Pacific Sotheby's,Chula Vista,Chula Vista,CA,95804,12,73,73,57824273,3.9,B,83,NAR Directory,Independent,2026-08-29T11:33:16Z
CREAM-20260829-00558,Olivia Green,Olivia Green,Olivia,Green,oliviag@coldwellbanker.com,(614) 385-1461,Coldwell Banker,Coldwell Banker,Durham,Durham,NC,27973,4,12,12,4169546,3.5,B,99,Facebook,Mid-size (11-50 agents),2026-08-29T19:38:56Z
CREAM-20260829-00559,Jeffrey Jones,Jeffrey Jones,Jeffrey,Jones,jeffreyj@kellerwilliamsrealty.com,(980) 789-1748,Keller Williams Realty,Keller Williams Realty,Hialeah,Hialeah,FL,33173,21,26,26,12294320,4.5,B,72,Brokerage Listings,Enterprise (200+ agents),2026-08-29T06:16:12Z
CREAM-20260829-00560,Jason Martinez,Jason Martinez,Jason,Martinez,jmartinez@hotmail.com,(929) 682-3110,Douglas Elliman,Douglas Elliman,Hollywood,Hollywood,FL,32671,5,16,16,5370880,3.8,B,100,Realtor.com,Boutique (2-10 agents),2026-08-29T03:48:17Z
CREAM-20260829-00561,Brittany Wood,Brittany Wood,Brittany,Wood,brittany.wood@icloud.com,(469) 234-7587,Brown Harris Stevens,Brown Harris Stevens,Albany,Albany,NY,14621,0,3,3,2239042,4.3,B,91,Website Lead,Boutique (2-10 agents),2026-08-29T18:23:12Z
CREAM-20260829-00562,Louis Williams,Louis Williams,Louis,Williams,louisw@yahoo.com,(513) 568-5933,eXp Realty,eXp Realty,Durham,Durham,NC,27562,21,72,72,31143099,4.2,B,70,MLS Database,Large (51-200 agents),2026-08-29T22:21:13Z
CREAM-20260829-00563,George Robinson,George Robinson,George,Robinson,grobinson@icloud.com,(407) 688-2847,Compass,Compass,Syracuse,Syracuse,NY,11657,4,18,18,8373906,4.4,B,67,Brokerage Listings,Enterprise (200+ agents),2026-08-29T19:30:09Z
CREAM-20260829-00564,Emma Bailey,Emma Bailey,Emma,Bailey,emmab@aol.com,(214) 496-1866,Compass,Compass,Fayetteville,Fayetteville,NC,28910,1,9,9,3613023,3.0,B,98,Brokerage Listings,Mid-size (11-50 agents),2026-08-29T08:08:49Z
CREAM-20260829-00565,Matthew Ortiz,Matthew Ortiz,Matthew,Ortiz,matthewo@icloud.com,(404) 362-8694,RE/MAX,RE/MAX,Thornton,Thornton,CO,81641,10,54,54,34738945,4.8,B,64,Realtor.com,Mid-size (11-50 agents),2026-08-29T08:55:53Z
CREAM-20260829-00566,John Gray,John Gray,John,Gray,jgray@hotmail.com,(334) 846-1501,Sotheby's International,Sotheby's International,Rochester,Rochester,NY,12802,10,47,47,26050707,4.2,B,86,Facebook,Independent,2026-08-29T01:31:12Z
CREAM-20260829-00567,Bruce Sullivan,Bruce Sullivan,Bruce,Sullivan,bsullivan@yahoo.com,(713) 784-5512,Compass,Compass,Cary,Cary,NC,27676,5,16,16,5350328,4.3,B,83,Brokerage Listings,Boutique (2-10 agents),2026-08-29T06:43:24Z
CREAM-20260829-00568,Alan Gomez,Alan Gomez,Alan,Gomez,alang@cutlerrealestate.com,(212) 298-5694,Cutler Real Estate,Cutler Real Estate,Parma,Parma,OH,44271,23,79,79,15402309,3.1,B,62,Brokerage Listings,Large (51-200 agents),2026-08-29T17:19:44Z
CREAM-20260829-00569,Kathleen Powell,Kathleen Powell,Kathleen,Powell,kathleen.powell@exprealty.com,(916) 941-7986,eXp Realty,eXp Realty,Akron,Akron,OH,44465,3,9,9,2594931,4.9,B,77,Website Lead,Independent,2026-08-29T15:05:07Z
CREAM-20260829-00570,Megan Rogers,Megan Rogers,Megan,Rogers,megan_rogers@gmail.com,(513) 959-2353,Century 21,Century 21,Port St. Lucie,Port St. Lucie,FL,32660,11,39,39,18758123,4.8,B,66,MLS Database,Large (51-200 agents),2026-08-29T00:55:57Z
CREAM-20260829-00571,Frank Campbell,Frank Campbell,Frank,Campbell,frankc@brownharrisstevens.com,(303) 768-9323,Brown Harris Stevens,Brown Harris Stevens,Syracuse,Syracuse,NY,13440,3,10,10,7566652,4.5,B,62,NAR Directory,Mid-size (11-50 agents),2026-08-29T16:12:10Z
CREAM-20260829-00572,Jerry Hughes,Jerry Hughes,Jerry,Hughes,jerry.hughes@me.com,(646) 442-9911,Russell Lyon Sotheby's,Russell Lyon Sotheby's,Glendale,Glendale,AZ,85889,3,18,18,7875011,3.7,B,93,Cold Outreach,Boutique (2-10 agents),2026-08-29T02:52:49Z
CREAM-20260829-00573,Gary Alexander,Gary Alexander,Gary,Alexander,garya@icloud.com,(256) 257-3002,Keller Williams,Keller Williams,Dayton,Dayton,OH,45372,4,12,12,2626408,4.5,B,84,Referral Network,Mid-size (11-50 agents),2026-08-29T06:36:41Z
CREAM-20260829-00574,Roger Clark,Roger Clark,Roger,Clark,roger.clark@exprealty.com,(720) 492-6113,eXp Realty,eXp Realty,Parma,Parma,OH,43820,1,4,4,954178,3.9,B,76,Facebook,Enterprise (200+ agents),2026-08-29T01:31:18Z
CREAM-20260829-00575,Brittany Cook,Brittany Cook,Brittany,Cook,brittany.cook@yahoo.com,(404) 461-8220,Keller Williams,Keller Williams,Gilbert,Gilbert,AZ,85693,2,10,10,2914786,4.6,B,78,Facebook,Enterprise (200+ agents),2026-08-29T00:39:08Z
CREAM-20260829-00576,Jason Howard,Jason Howard,Jason,Howard,jason.howard@aol.com,(919) 428-3972,Howard Hanna,Howard Hanna,Durham,Durham,NC,28921,25,66,66,19003013,3.6,B,92,Realtor.com,Independent,2026-08-29T16:06:12Z
CREAM-20260829-00577,Tyler Hernandez,Tyler Hernandez,Tyler,Hernandez,tylerh@gmail.com,(972) 473-1070,Coldwell Banker,Coldwell Banker,Lubbock,Lubbock,TX,78144,9,26,26,10658024,3.6,B,84,NAR Directory,Large (51-200 agents),2026-08-29T20:33:08Z
CREAM-20260829-00578,Donald Parker,Donald Parker,Donald,Parker,donaldparker@yahoo.com,(916) 762-5704,Keller Williams Realty,Keller Williams Realty,Tallahassee,Tallahassee,FL,33560,9,30,30,12343241,3.3,B,89,Facebook,Boutique (2-10 agents),2026-08-29T17:12:28Z
CREAM-20260829-00579,Roger Nguyen,Roger Nguyen,Roger,Nguyen,rogern@yahoo.com,(614) 617-8534,Coldwell Banker,Coldwell Banker,Irving,Irving,TX,79350,2,12,12,4057046,3.1,B,95,Facebook,Large (51-200 agents),2026-08-29T23:50:33Z
CREAM-20260829-00580,Margaret Phillips,Margaret Phillips,Margaret,Phillips,margaretp@coldwellbanker.com,(256) 478-1034,Coldwell Banker,Coldwell Banker,Garland,Garland,TX,76961,3,18,18,7376076,4.1,B,88,Realtor.com,Independent,2026-08-29T01:45:31Z
CREAM-20260829-00581,Betty Lee,Betty Lee,Betty,Lee,betty_lee@outlook.com,(786) 835-9991,Coldwell Banker,Coldwell Banker,Amarillo,Amarillo,TX,76902,22,44,44,18170987,4.7,B,84,NAR Directory,Large (51-200 agents),2026-08-29T14:38:04Z
CREAM-20260829-00582,Kevin Harris,Kevin Harris,Kevin,Harris,kharris@douglaselliman.com,(614) 826-1819,Douglas Elliman,Douglas Elliman,Syracuse,Syracuse,NY,14925,2,11,11,7474517,4.5,B,77,Website Lead,Boutique (2-10 agents),2026-08-29T14:02:14Z
CREAM-20260829-00583,Angela Harris,Angela Harris,Angela,Harris,aharris@me.com,(513) 347-4483,Brown Harris Stevens,Brown Harris Stevens,Buffalo,Buffalo,NY,14471,4,12,12,9207801,4.1,B,62,Realtor.com,Independent,2026-08-29T08:33:12Z
CREAM-20260829-00584,Jason Bailey,Jason Bailey,Jason,Bailey,jason_bailey@me.com,(602) 508-2940,Keller Williams,Keller Williams,Arvada,Arvada,CO,81570,15,56,56,23377594,3.5,B,98,Brokerage Listings,Mid-size (11-50 agents),2026-08-29T21:45:12Z
CREAM-20260829-00585,Barbara Cox,Barbara Cox,Barbara,Cox,barbara_cox@hotmail.com,(303) 757-6725,8z Real Estate,8z Real Estate,Fort Collins,Fort Collins,CO,80393,0,1,1,552460,4.5,B,71,NAR Directory,Large (51-200 agents),2026-08-29T05:03:44Z
CREAM-20260829-00586,Kathleen Ross,Kathleen Ross,Kathleen,Ross,kathleen_ross@me.com,(720) 888-4281,Keller Williams,Keller Williams,Gilbert,Gilbert,AZ,86717,3,12,12,5799629,3.1,B,65,Facebook,Large (51-200 agents),2026-08-29T01:06:48Z
CREAM-20260829-00587,Helen Garcia,Helen Garcia,Helen,Garcia,helengarcia@gmail.com,(704) 334-6232,Coldwell Banker,Coldwell Banker,Dayton,Dayton,OH,45158,25,69,69,21618674,3.9,B,71,Trade Show,Mid-size (11-50 agents),2026-08-29T08:22:27Z
CREAM-20260829-00588,Katherine Allen,Katherine Allen,Katherine,Allen,kallen@me.com,(469) 765-2409,RE/MAX,RE/MAX,Bakersfield,Bakersfield,CA,95120,1,3,3,2834205,4.0,B,80,Cold Outreach,Mid-size (11-50 agents),2026-08-29T23:26:00Z
CREAM-20260829-00589,Judith Murphy,Judith Murphy,Judith,Murphy,judithm@outlook.com,(415) 422-9057,Coldwell Banker,Coldwell Banker,Glendale,Glendale,AZ,86252,4,19,19,8638824,3.9,B,99,Trade Show,Independent,2026-08-29T05:28:56Z
CREAM-20260829-00590,Wayne Rogers,Wayne Rogers,Wayne,Rogers,wrogers@hotmail.com,(713) 770-4195,Compass,Compass,Hialeah,Hialeah,FL,34698,10,66,66,35814843,3.5,B,85,Facebook,Large (51-200 agents),2026-08-29T00:07:54Z
CREAM-20260829-00591,Arthur Chavez,Arthur Chavez,Arthur,Chavez,achavez@re/max.com,(713) 731-5321,RE/MAX,RE/MAX,Garland,Garland,TX,77897,5,9,9,2436051,4.0,B,79,Trade Show,Large (51-200 agents),2026-08-29T05:22:43Z
CREAM-20260829-00592,Susan Gray,Susan Gray,Susan,Gray,susang@century21.com,(980) 216-7319,Century 21,Century 21,Tallahassee,Tallahassee,FL,32787,20,63,63,26758912,3.2,B,96,LinkedIn,Enterprise (200+ agents),2026-08-29T14:40:00Z
CREAM-20260829-00593,David Perry,David Perry,David,Perry,david.perry@re/max.com,(310) 875-8931,RE/MAX,RE/MAX,Cary,Cary,NC,28915,6,35,35,14942370,3.3,B,64,LinkedIn,Mid-size (11-50 agents),2026-08-29T17:20:33Z
CREAM-20260829-00594,Martha Harris,Martha Harris,Martha,Harris,marthah@century21.com,(916) 432-5221,Century 21,Century 21,Port St. Lucie,Port St. Lucie,FL,33496,7,35,35,18764286,3.5,B,82,Cold Outreach,Independent,2026-08-29T23:32:40Z
CREAM-20260829-00595,Anna Rogers,Anna Rogers,Anna,Rogers,arogers@coldwellbanker.com,(214) 468-2796,Coldwell Banker,Coldwell Banker,Santa Ana,Santa Ana,CA,90679,19,70,70,45588624,3.9,B,75,LinkedIn,Enterprise (200+ agents),2026-08-29T17:06:48Z
CREAM-20260829-00596,Laura Rogers,Laura Rogers,Laura,Rogers,laura.rogers@gmail.com,(713) 656-9059,Douglas Elliman,Douglas Elliman,Rochester,Rochester,NY,11119,0,5,5,3312499,3.2,B,66,Brokerage Listings,Independent,2026-08-29T13:37:55Z
CREAM-20260829-00597,Carl Peterson,Carl Peterson,Carl,Peterson,carl_peterson@me.com,(980) 669-6706,Briggs Freeman Sotheby's,Briggs Freeman Sotheby's,Corpus Christi,Corpus Christi,TX,79337,4,23,23,9543607,3.4,B,79,MLS Database,Independent,2026-08-29T21:39:08Z
CREAM-20260829-00598,Philip Bailey,Philip Bailey,Philip,Bailey,philip.bailey@gmail.com,(972) 984-9786,Coldwell Banker,Coldwell Banker,Fort Collins,Fort Collins,CO,81170,10,65,65,35018038,4.8,B,89,Referral Network,Independent,2026-08-29T22:10:26Z
CREAM-20260829-00599,Anna Parker,Anna Parker,Anna,Parker,annap@aol.com,(512) 900-9583,Huntington Real Estate,Huntington Real Estate,Parma,Parma,OH,45496,14,60,60,16212587,3.9,B,62,Realtor.com,Boutique (2-10 agents),2026-08-29T00:34:24Z
CREAM-20260829-00600,Cynthia Fisher,Cynthia Fisher,Cynthia,Fisher,cynthia.fisher@aol.com,(805) 318-7256,Berkshire Hathaway,Berkshire Hathaway,Corpus Christi,Corpus Christi,TX,75805,15,47,47,12178234,4.7,B,98,Website Lead,Independent,2026-08-29T21:50:53Z
CREAM-20260829-00601,Katherine Diaz,Katherine Diaz,Katherine,Diaz,katherine_diaz@hotmail.com,(404) 660-4431,Keller Williams,Keller Williams,New Rochelle,New Rochelle,NY,11877,0,3,3,2356185,3.9,B,100,Trade Show,Independent,2026-08-29T16:24:51Z
CREAM-20260829-00602,Brian Morgan,Brian Morgan,Brian,Morgan,brianm@yahoo.com,(805) 684-5750,Long Realty,Long Realty,Tempe,Tempe,AZ,86897,1,8,8,4201024,4.6,B,96,Brokerage Listings,Boutique (2-10 agents),2026-08-29T11:50:57Z
CREAM-20260829-00603,Judith Baker,Judith Baker,Judith,Baker,jbaker@aol.com,(718) 752-9489,Coldwell Banker,Coldwell Banker,Pembroke Pines,Pembroke Pines,FL,32652,14,71,71,26219706,4.6,B,94,Trade Show,Independent,2026-08-29T07:36:44Z
CREAM-20260829-00604,Rachel James,Rachel James,Rachel,James,rachelj@aol.com,(919) 414-9272,Compass,Compass,Tallahassee,Tallahassee,FL,32244,0,5,5,2325700,4.4,B,72,LinkedIn,Boutique (2-10 agents),2026-08-29T10:22:38Z
CREAM-20260829-00605,Victoria Rodriguez,Victoria Rodriguez,Victoria,Rodriguez,victoriar@re/max.com,(614) 664-9293,RE/MAX,RE/MAX,Hialeah,Hialeah,FL,33402,3,22,22,11910269,4.3,B,81,NAR Directory,Independent,2026-08-29T03:48:53Z
CREAM-20260829-00606,Patricia Brown,Patricia Brown,Patricia,Brown,pbrown@century21.com,(212) 890-2188,Century 21,Century 21,Pembroke Pines,Pembroke Pines,FL,32789,5,23,23,10296689,4.2,B,93,Cold Outreach,Enterprise (200+ agents),2026-08-29T08:03:01Z
CREAM-20260829-00607,Margaret Phillips,Margaret Phillips,Margaret,Phillips,margaret_phillips@aol.com,(718) 271-3946,Coldwell Banker,Coldwell Banker,Parma,Parma,OH,43954,0,0,0,0,3.3,B,64,Cold Outreach,Independent,2026-08-29T09:52:29Z
CREAM-20260829-00608,Jason Jenkins,Jason Jenkins,Jason,Jenkins,jason.jenkins@8zrealestate.com,(919) 269-3793,8z Real Estate,8z Real Estate,Arvada,Arvada,CO,80613,17,80,80,56622386,3.5,B,91,Facebook,Independent,2026-08-29T22:31:18Z
CREAM-20260829-00609,Maria Rogers,Maria Rogers,Maria,Rogers,maria_rogers@yahoo.com,(310) 596-3714,RE/MAX,RE/MAX,Garland,Garland,TX,75872,0,0,0,0,4.5,B,71,Brokerage Listings,Independent,2026-08-29T22:26:16Z
CREAM-20260829-00610,Stephanie Long,Stephanie Long,Stephanie,Long,stephanie_long@yahoo.com,(469) 303-9673,Nest Seekers,Nest Seekers,New Rochelle,New Rochelle,NY,13921,5,24,24,13968407,4.8,B,76,Realtor.com,Mid-size (11-50 agents),2026-08-29T05:27:18Z
CREAM-20260829-00611,Gloria Patel,Gloria Patel,Gloria,Patel,gpatel@yahoo.com,(407) 230-4787,Berkshire Hathaway,Berkshire Hathaway,Cary,Cary,NC,27946,8,38,38,12450996,4.3,B,69,Cold Outreach,Large (51-200 agents),2026-08-29T16:48:48Z
CREAM-20260829-00612,Jacob Scott,Jacob Scott,Jacob,Scott,jacob.scott@me.com,(512) 900-1523,Allen Tate,Allen Tate,Durham,Durham,NC,28213,0,0,0,0,3.1,B,69,Cold Outreach,Boutique (2-10 agents),2026-08-29T07:10:37Z
CREAM-20260829-00613,Dennis Parker,Dennis Parker,Dennis,Parker,dennis.parker@coldwellbanker.com,(602) 548-4889,Coldwell Banker,Coldwell Banker,Thornton,Thornton,CO,80239,15,62,62,38457372,3.2,B,60,LinkedIn,Boutique (2-10 agents),2026-08-29T06:04:43Z
CREAM-20260829-00614,Lauren Jenkins,Lauren Jenkins,Lauren,Jenkins,laurenj@me.com,(646) 981-5871,Berkshire Hathaway HomeServices,Berkshire Hathaway HomeServices,Santa Ana,Santa Ana,CA,93763,23,26,26,16011936,3.3,B,88,Referral Network,Mid-size (11-50 agents),2026-08-29T09:15:55Z
CREAM-20260829-00615,Ruth Gray,Ruth Gray,Ruth,Gray,ruthg@icloud.com,(919) 408-4154,Keller Williams Realty,Keller Williams Realty,Bakersfield,Bakersfield,CA,91954,22,38,38,39529666,4.6,B,79,MLS Database,Large (51-200 agents),2026-08-29T07:29:19Z
CREAM-20260829-00616,David Gray,David Gray,David,Gray,david_gray@icloud.com,(212) 579-7609,Halstead,Halstead,Rochester,Rochester,NY,10889,5,11,11,5701200,4.6,B,96,Brokerage Listings,Large (51-200 agents),2026-08-29T01:40:51Z
CREAM-20260829-00617,Patricia Watson,Patricia Watson,Patricia,Watson,patriciawatson@gmail.com,(980) 413-4811,RE/MAX,RE/MAX,Hialeah,Hialeah,FL,34834,1,4,4,1890247,3.0,B,98,NAR Directory,Boutique (2-10 agents),2026-08-29T21:01:48Z
CREAM-20260829-00618,Philip Green,Philip Green,Philip,Green,pgreen@icloud.com,(334) 817-2842,eXp Realty,eXp Realty,Hollywood,Hollywood,FL,32605,14,73,73,32900259,4.8,B,94,NAR Directory,Mid-size (11-50 agents),2026-08-29T04:53:31Z
CREAM-20260829-00619,Michael Jenkins,Michael Jenkins,Michael,Jenkins,michael_jenkins@outlook.com,(407) 936-2459,Keller Williams,Keller Williams,Glendale,Glendale,AZ,86952,20,45,45,15083351,4.7,B,98,Facebook,Boutique (2-10 agents),2026-08-29T18:49:32Z
CREAM-20260829-00620,Lawrence Edwards,Lawrence Edwards,Lawrence,Edwards,lawrence_edwards@icloud.com,(310) 783-9490,Compass,Compass,Cape Coral,Cape Coral,FL,32381,19,73,73,21875311,3.8,B,72,Referral Network,Independent,2026-08-29T09:30:16Z
CREAM-20260829-00621,Betty Coleman,Betty Coleman,Betty,Coleman,betty.coleman@hotmail.com,(919) 908-3367,Compass,Compass,Fayetteville,Fayetteville,NC,28336,13,29,29,7308155,4.8,B,64,LinkedIn,Boutique (2-10 agents),2026-08-29T18:08:36Z
CREAM-20260829-00622,Donna Lewis,Donna Lewis,Donna,Lewis,donna.lewis@yahoo.com,(512) 744-4369,Coldwell Banker,Coldwell Banker,Amarillo,Amarillo,TX,75836,21,57,57,25291648,4.9,B,68,Cold Outreach,Independent,2026-08-29T20:23:23Z
CREAM-20260829-00623,Jack Scott,Jack Scott,Jack,Scott,jack_scott@icloud.com,(415) 424-4764,LIV Sotheby's,LIV Sotheby's,Thornton,Thornton,CO,80627,22,50,50,35165297,4.7,B,78,Brokerage Listings,Large (51-200 agents),2026-08-29T12:29:37Z
CREAM-20260829-00624,Matthew Foster,Matthew Foster,Matthew,Foster,matthew_foster@me.com,(407) 436-7088,RE/MAX,RE/MAX,Amarillo,Amarillo,TX,77936,2,8,8,2813285,3.6,B,94,Brokerage Listings,Enterprise (200+ agents),2026-08-29T01:16:27Z
CREAM-20260829-00625,Gregory Perez,Gregory Perez,Gregory,Perez,gregory_perez@icloud.com,(805) 420-7468,RE/MAX,RE/MAX,Santa Ana,Santa Ana,CA,92547,21,51,51,30463448,3.2,B,93,Trade Show,Mid-size (11-50 agents),2026-08-29T06:33:53Z
CREAM-20260829-00626,Lisa Myers,Lisa Myers,Lisa,Myers,lmyers@outlook.com,(512) 980-1125,Berkshire Hathaway,Berkshire Hathaway,Akron,Akron,OH,44969,0,3,3,898624,3.1,B,74,MLS Database,Enterprise (200+ agents),2026-08-29T11:36:50Z
CREAM-20260829-00627,Christopher Stewart,Christopher Stewart,Christopher,Stewart,christopher.stewart@me.com,(718) 421-3272,HomeSmart,HomeSmart,Tempe,Tempe,AZ,86237,2,4,4,1777903,3.7,B,79,Realtor.com,Independent,2026-08-29T07:52:23Z
CREAM-20260829-00628,Rose Adams,Rose Adams,Rose,Adams,roseadams@icloud.com,(212) 463-7741,Compass,Compass,Rochester,Rochester,NY,12667,11,71,71,45691442,3.1,B,87,Trade Show,Large (51-200 agents),2026-08-29T05:34:42Z
CREAM-20260829-00629,Margaret Phillips,Margaret Phillips,Margaret,Phillips,mphillips@brownharrisstevens.com,(303) 427-5392,Brown Harris Stevens,Brown Harris Stevens,Syracuse,Syracuse,NY,13459,10,33,33,20000798,4.5,B,98,LinkedIn,Mid-size (11-50 agents),2026-08-29T13:15:23Z
CREAM-20260829-00630,Pamela James,Pamela James,Pamela,James,pjames@outlook.com,(407) 281-6765,RE/MAX,RE/MAX,Akron,Akron,OH,43360,13,57,57,11991105,3.9,B,74,Brokerage Listings,Boutique (2-10 agents),2026-08-29T04:49:09Z
CREAM-20260829-00631,Laura Sanders,Laura Sanders,Laura,Sanders,laurasanders@icloud.com,(512) 300-6356,Berkshire Hathaway,Berkshire Hathaway,Fort Collins,Fort Collins,CO,80402,15,64,64,28141724,4.6,B,92,Brokerage Listings,Large (51-200 agents),2026-08-29T08:33:37Z
CREAM-20260829-00632,Ronald Rivera,Ronald Rivera,Ronald,Rivera,rrivera@me.com,(513) 676-2426,Briggs Freeman Sotheby's,Briggs Freeman Sotheby's,Arlington,Arlington,TX,78439,11,29,29,10700674,4.5,B,89,Trade Show,Independent,2026-08-29T03:40:05Z
CREAM-20260829-00633,Stephen Sullivan,Stephen Sullivan,Stephen,Sullivan,ssullivan@compass.com,(303) 513-1074,Compass,Compass,Hialeah,Hialeah,FL,34795,2,7,7,3466939,3.5,B,64,Referral Network,Mid-size (11-50 agents),2026-08-29T20:17:49Z
CREAM-20260829-00634,Emma Ortiz,Emma Ortiz,Emma,Ortiz,emmaortiz@outlook.com,(714) 543-9911,Sotheby's International,Sotheby's International,New Rochelle,New Rochelle,NY,11649,1,10,10,7085478,4.7,B,62,Website Lead,Independent,2026-08-29T16:28:51Z
CREAM-20260829-00635,Sharon Patel,Sharon Patel,Sharon,Patel,sharon_patel@hotmail.com,(214) 620-6180,eXp Realty,eXp Realty,Thornton,Thornton,CO,80294,14,67,67,40190635,3.3,B,70,Realtor.com,Mid-size (11-50 agents),2026-08-29T05:15:58Z
CREAM-20260829-00636,Aaron James,Aaron James,Aaron,James,ajames@coldwellbanker.com,(720) 266-2868,Coldwell Banker,Coldwell Banker,Toledo,Toledo,OH,43231,13,25,25,7582993,3.3,B,71,LinkedIn,Enterprise (200+ agents),2026-08-29T19:16:07Z
CREAM-20260829-00637,Kevin Collins,Kevin Collins,Kevin,Collins,kevinc@outlook.com,(512) 683-8450,Howard Hanna,Howard Hanna,Cary,Cary,NC,28291,0,4,4,1812628,3.5,B,82,LinkedIn,Independent,2026-08-29T13:43:03Z
CREAM-20260829-00638,Julia Ortiz,Julia Ortiz,Julia,Ortiz,jortiz@exprealty.com,(305) 299-7704,eXp Realty,eXp Realty,Fayetteville,Fayetteville,NC,27170,4,14,14,4639205,4.0,B,80,Referral Network,Mid-size (11-50 agents),2026-08-29T10:13:25Z
CREAM-20260829-00639,Heather Jimenez,Heather Jimenez,Heather,Jimenez,heather_jimenez@me.com,(805) 539-1024,Allen Tate,Allen Tate,Winston-Salem,Winston-Salem,NC,28293,0,4,4,1386688,4.1,B,93,LinkedIn,Mid-size (11-50 agents),2026-08-29T09:52:28Z
CREAM-20260829-00640,Melissa Rogers,Melissa Rogers,Melissa,Rogers,melissarogers@hotmail.com,(512) 314-2327,RE/MAX,RE/MAX,Parma,Parma,OH,45124,4,14,14,3391953,4.8,B,92,Trade Show,Enterprise (200+ agents),2026-08-29T20:07:30Z
CREAM-20260829-00641,Deborah Collins,Deborah Collins,Deborah,Collins,deborahc@nestseekers.com,(234) 945-3161,Nest Seekers,Nest Seekers,Yonkers,Yonkers,NY,14881,4,16,16,7993918,4.8,B,67,Cold Outreach,Enterprise (200+ agents),2026-08-29T06:35:28Z
CREAM-20260829-00642,Louis Gutierrez,Louis Gutierrez,Louis,Gutierrez,louis.gutierrez@outlook.com,(980) 923-8016,Coldwell Banker,Coldwell Banker,Chula Vista,Chula Vista,CA,96985,23,32,32,24708469,5.0,B,68,Cold Outreach,Independent,2026-08-29T03:02:50Z
CREAM-20260829-00643,Laura Brooks,Laura Brooks,Laura,Brooks,lbrooks@icloud.com,(916) 351-7062,Allie Beth Allman,Allie Beth Allman,Lubbock,Lubbock,TX,75644,7,23,23,9709756,3.1,B,92,Referral Network,Enterprise (200+ agents),2026-08-29T05:07:02Z
CREAM-20260829-00644,Brenda Jackson,Brenda Jackson,Brenda,Jackson,brendaj@longrealty.com,(407) 854-6232,Long Realty,Long Realty,Glendale,Glendale,AZ,86762,2,9,9,4148014,3.2,B,81,NAR Directory,Boutique (2-10 agents),2026-08-29T01:39:22Z
CREAM-20260829-00645,Ashley Turner,Ashley Turner,Ashley,Turner,ashleyturner@aol.com,(614) 894-1694,Long Realty,Long Realty,Tempe,Tempe,AZ,85595,1,5,5,1652794,3.8,B,63,Realtor.com,Independent,2026-08-29T19:40:16Z
CREAM-20260829-00646,Samantha Adams,Samantha Adams,Samantha,Adams,sadams@cutlerrealestate.com,(713) 809-2749,Cutler Real Estate,Cutler Real Estate,Akron,Akron,OH,43641,25,34,34,7225629,3.1,B,78,Cold Outreach,Independent,2026-08-29T20:21:44Z
CREAM-20260829-00647,Barbara Clark,Barbara Clark,Barbara,Clark,barbaraclark@aol.com,(714) 909-2636,Howard Hanna,Howard Hanna,Winston-Salem,Winston-Salem,NC,28604,0,5,5,1444587,4.2,B,95,LinkedIn,Enterprise (200+ agents),2026-08-29T12:04:12Z
CREAM-20260829-00648,Juan Bailey,Juan Bailey,Juan,Bailey,juanb@hotmail.com,(305) 304-4474,Keller Williams,Keller Williams,Chandler,Chandler,AZ,86365,21,36,36,16950387,4.2,B,80,NAR Directory,Large (51-200 agents),2026-08-29T19:18:19Z
CREAM-20260829-00649,Anna King,Anna King,Anna,King,annak@brownharrisstevens.com,(334) 305-2789,Brown Harris Stevens,Brown Harris Stevens,Yonkers,Yonkers,NY,12122,5,9,9,4289927,3.3,B,76,Referral Network,Independent,2026-08-29T19:36:41Z
CREAM-20260829-00650,Heather Russell,Heather Russell,Heather,Russell,hrussell@exprealty.com,(602) 300-6554,eXp Realty,eXp Realty,Fort Collins,Fort Collins,CO,80562,9,30,30,18655284,4.6,B,100,MLS Database,Large (51-200 agents),2026-08-29T03:17:07Z
CREAM-20260829-00651,Jonathan Diaz,Jonathan Diaz,Jonathan,Diaz,jonathand@hotmail.com,(212) 700-8514,Compass,Compass,Winston-Salem,Winston-Salem,NC,28590,2,5,5,1330742,3.0,B,64,NAR Directory,Enterprise (200+ agents),2026-08-29T10:30:16Z
CREAM-20260829-00652,Amanda Ramirez,Amanda Ramirez,Amanda,Ramirez,amandar@exprealty.com,(646) 538-4772,eXp Realty,eXp Realty,Santa Ana,Santa Ana,CA,95368,3,16,16,9531178,3.5,B,89,Realtor.com,Enterprise (200+ agents),2026-08-29T07:24:58Z
CREAM-20260829-00653,Brittany Carter,Brittany Carter,Brittany,Carter,brittanycarter@hotmail.com,(256) 593-7967,Howard Hanna,Howard Hanna,Durham,Durham,NC,28789,10,39,39,11583796,3.9,B,77,MLS Database,Independent,2026-08-29T19:54:47Z
CREAM-20260829-00654,Christine Jenkins,Christine Jenkins,Christine,Jenkins,christinej@icloud.com,(407) 968-2819,Russell Lyon Sotheby's,Russell Lyon Sotheby's,Gilbert,Gilbert,AZ,86450,18,49,49,22020436,4.1,B,93,Referral Network,Mid-size (11-50 agents),2026-08-29T01:08:09Z
CREAM-20260829-00655,Barbara Collins,Barbara Collins,Barbara,Collins,barbara.collins@me.com,(256) 313-8554,Howard Hanna,Howard Hanna,Cary,Cary,NC,27570,17,60,60,23042561,3.6,B,69,Trade Show,Mid-size (11-50 agents),2026-08-29T00:34:28Z
CREAM-20260829-00656,Christine Lee,Christine Lee,Christine,Lee,christine_lee@gmail.com,(256) 602-7116,Nest Seekers,Nest Seekers,Syracuse,Syracuse,NY,11179,3,11,11,6905137,5.0,B,65,Website Lead,Independent,2026-08-29T02:12:17Z
CREAM-20260829-00657,Gloria Moore,Gloria Moore,Gloria,Moore,gloriamoore@icloud.com,(614) 959-9232,Coldwell Banker,Coldwell Banker,Cary,Cary,NC,28899,15,33,33,13602482,5.0,B,61,Brokerage Listings,Independent,2026-08-29T02:10:44Z
CREAM-20260829-00658,Gregory Jimenez,Gregory Jimenez,Gregory,Jimenez,gjimenez@outlook.com,(212) 502-8228,Howard Hanna,Howard Hanna,Winston-Salem,Winston-Salem,NC,28602,2,7,7,2478757,3.8,B,90,Brokerage Listings,Large (51-200 agents),2026-08-29T20:02:41Z
CREAM-20260829-00659,Albert Mendoza,Albert Mendoza,Albert,Mendoza,albert.mendoza@sothebysinternational.com,(805) 257-8942,Sotheby's International,Sotheby's International,Yonkers,Yonkers,NY,12899,21,50,50,32378897,3.9,B,100,Facebook,Large (51-200 agents),2026-08-29T06:36:30Z
CREAM-20260829-00660,Julia Collins,Julia Collins,Julia,Collins,julia.collins@yahoo.com,(404) 336-2364,Allie Beth Allman,Allie Beth Allman,Arlington,Arlington,TX,75522,9,32,32,8364289,4.4,B,89,MLS Database,Mid-size (11-50 agents),2026-08-29T21:17:24Z
CREAM-20260829-00661,Nicole Castillo,Nicole Castillo,Nicole,Castillo,ncastillo@8zrealestate.com,(305) 204-5439,8z Real Estate,8z Real Estate,Fort Collins,Fort Collins,CO,80265,2,10,10,6102384,4.8,B,75,Website Lead,Mid-size (11-50 agents),2026-08-29T02:37:20Z
CREAM-20260829-00662,Christopher Foster,Christopher Foster,Christopher,Foster,christopher.foster@me.com,(214) 665-8946,Nest Seekers,Nest Seekers,Albany,Albany,NY,14433,14,37,37,22680338,4.9,B,90,MLS Database,Enterprise (200+ agents),2026-08-29T14:26:28Z
CREAM-20260829-00663,Jonathan Ward,Jonathan Ward,Jonathan,Ward,jonathanw@berkshirehathaway.com,(602) 617-1097,Berkshire Hathaway,Berkshire Hathaway,Arvada,Arvada,CO,80263,3,16,16,6416253,3.7,B,67,Facebook,Mid-size (11-50 agents),2026-08-29T02:37:35Z
CREAM-20260829-00664,Patrick Brown,Patrick Brown,Patrick,Brown,patrick_brown@outlook.com,(929) 489-6643,8z Real Estate,8z Real Estate,Arvada,Arvada,CO,81962,20,78,78,49277340,3.4,B,84,Referral Network,Large (51-200 agents),2026-08-29T19:19:42Z
CREAM-20260829-00665,Lawrence Lee,Lawrence Lee,Lawrence,Lee,lawrence.lee@me.com,(415) 700-1029,Sotheby's International,Sotheby's International,Chula Vista,Chula Vista,CA,93613,4,23,23,22165845,3.9,B,79,Cold Outreach,Mid-size (11-50 agents),2026-08-29T10:59:47Z
CREAM-20260829-00666,Donald Kim,Donald Kim,Donald,Kim,donaldkim@yahoo.com,(334) 572-1496,Keller Williams Realty,Keller Williams Realty,Chula Vista,Chula Vista,CA,93893,3,11,11,7729446,3.4,B,76,MLS Database,Boutique (2-10 agents),2026-08-29T15:00:06Z
CREAM-20260829-00667,Rebecca Miller,Rebecca Miller,Rebecca,Miller,rmiller@yahoo.com,(980) 458-7609,eXp Realty,eXp Realty,Tempe,Tempe,AZ,85404,7,20,20,6617635,4.3,B,83,Website Lead,Large (51-200 agents),2026-08-29T01:03:01Z
CREAM-20260829-00668,Christopher Sanders,Christopher Sanders,Christopher,Sanders,csanders@gmail.com,(214) 872-8045,RE/MAX,RE/MAX,Bakersfield,Bakersfield,CA,94796,0,0,0,0,3.0,B,98,Trade Show,Enterprise (200+ agents),2026-08-29T15:28:06Z
CREAM-20260829-00669,Benjamin Kim,Benjamin Kim,Benjamin,Kim,benjamink@hotmail.com,(310) 251-4553,Coldwell Banker,Coldwell Banker,Fresno,Fresno,CA,95218,12,53,53,52578008,3.2,B,87,Brokerage Listings,Boutique (2-10 agents),2026-08-29T15:00:54Z
CREAM-20260829-00670,Joseph James,Joseph James,Joseph,James,josephj@hotmail.com,(720) 968-9808,Coldwell Banker,Coldwell Banker,Lakewood,Lakewood,CO,81994,17,25,25,17399742,3.4,B,90,Brokerage Listings,Enterprise (200+ agents),2026-08-29T16:39:03Z
CREAM-20260829-00671,Patrick Patel,Patrick Patel,Patrick,Patel,patrick.patel@outlook.com,(256) 687-6431,Cutler Real Estate,Cutler Real Estate,Parma,Parma,OH,44344,9,17,17,3982825,3.8,B,95,Website Lead,Mid-size (11-50 agents),2026-08-29T15:21:53Z
CREAM-20260829-00672,Nicole Price,Nicole Price,Nicole,Price,nicole.price@me.com,(718) 206-9024,Keller Williams,Keller Williams,Chandler,Chandler,AZ,86105,2,10,10,5204713,4.2,B,84,NAR Directory,Enterprise (200+ agents),2026-08-29T18:23:04Z
CREAM-20260829-00673,Debra Johnson,Debra Johnson,Debra,Johnson,debrajohnson@hotmail.com,(310) 536-2679,Berkshire Hathaway,Berkshire Hathaway,Winston-Salem,Winston-Salem,NC,28414,2,11,11,3496509,3.4,B,74,MLS Database,Large (51-200 agents),2026-08-29T09:04:46Z
CREAM-20260829-00674,Jeffrey Taylor,Jeffrey Taylor,Jeffrey,Taylor,jeffrey_taylor@aol.com,(469) 657-8124,Brown Harris Stevens,Brown Harris Stevens,Yonkers,Yonkers,NY,13170,6,19,19,12063783,4.2,B,63,Referral Network,Independent,2026-08-29T01:08:43Z
CREAM-20260829-00675,Patrick Young,Patrick Young,Patrick,Young,pyoung@re/max.com,(614) 926-1970,RE/MAX,RE/MAX,Gilbert,Gilbert,AZ,85636,0,2,2,801142,3.6,B,71,Realtor.com,Large (51-200 agents),2026-08-29T15:56:13Z
CREAM-20260829-00676,Daniel Fisher,Daniel Fisher,Daniel,Fisher,danielf@outlook.com,(512) 758-2034,Brown Harris Stevens,Brown Harris Stevens,Buffalo,Buffalo,NY,14550,1,8,8,6569448,3.6,B,94,MLS Database,Large (51-200 agents),2026-08-29T23:29:29Z
CREAM-20260829-00677,Elizabeth Morgan,Elizabeth Morgan,Elizabeth,Morgan,emorgan@homesmart.com,(919) 931-9832,HomeSmart,HomeSmart,Gilbert,Gilbert,AZ,85854,3,23,23,8733134,3.6,B,84,Brokerage Listings,Boutique (2-10 agents),2026-08-29T18:12:29Z
CREAM-20260829-00678,Dennis Anderson,Dennis Anderson,Dennis,Anderson,dennis.anderson@aol.com,(512) 554-7493,Century 21,Century 21,Port St. Lucie,Port St. Lucie,FL,32763,23,65,65,30176795,4.8,B,98,Cold Outreach,Enterprise (200+ agents),2026-08-29T23:49:37Z
CREAM-20260829-00679,Theresa Murphy,Theresa Murphy,Theresa,Murphy,theresa_murphy@yahoo.com,(602) 621-7628,LIV Sotheby's,LIV Sotheby's,Thornton,Thornton,CO,81305,7,36,36,17406759,3.9,B,90,MLS Database,Boutique (2-10 agents),2026-08-29T06:36:31Z
CREAM-20260829-00680,Linda Chavez,Linda Chavez,Linda,Chavez,lindachavez@yahoo.com,(469) 563-6291,Sotheby's International,Sotheby's International,Albany,Albany,NY,10654,21,66,66,31062314,3.5,B,86,Referral Network,Independent,2026-08-29T23:24:22Z
CREAM-20260829-00681,Ronald Wood,Ronald Wood,Ronald,Wood,ronaldw@douglaselliman.com,(513) 891-1917,Douglas Elliman,Douglas Elliman,Arlington,Arlington,TX,78535,4,18,18,5010921,3.1,B,76,NAR Directory,Large (51-200 agents),2026-08-29T06:44:33Z
CREAM-20260829-00682,Joseph Alvarez,Joseph Alvarez,Joseph,Alvarez,joseph_alvarez@outlook.com,(714) 716-3399,Berkshire Hathaway,Berkshire Hathaway,Port St. Lucie,Port St. Lucie,FL,32291,5,9,9,4244761,4.5,B,93,NAR Directory,Mid-size (11-50 agents),2026-08-29T03:08:52Z
CREAM-20260829-00683,Jeffrey Rogers,Jeffrey Rogers,Jeffrey,Rogers,jeffrey.rogers@aol.com,(720) 803-1633,Douglas Elliman,Douglas Elliman,Syracuse,Syracuse,NY,12936,4,18,18,11973745,4.8,B,86,Trade Show,Independent,2026-08-29T23:19:04Z
CREAM-20260829-00684,Catherine Taylor,Catherine Taylor,Catherine,Taylor,ctaylor@outlook.com,(512) 384-4369,Coldwell Banker,Coldwell Banker,Thornton,Thornton,CO,81381,20,36,36,21447000,3.6,B,74,LinkedIn,Independent,2026-08-29T05:04:26Z
CREAM-20260829-00685,Mark Wilson,Mark Wilson,Mark,Wilson,mwilson@alliebethallman.com,(512) 864-1671,Allie Beth Allman,Allie Beth Allman,Amarillo,Amarillo,TX,75201,5,8,8,2026658,4.8,B,95,Facebook,Enterprise (200+ agents),2026-08-29T22:15:34Z
CREAM-20260829-00686,Amy Gomez,Amy Gomez,Amy,Gomez,agomez@aol.com,(310) 847-4140,Douglas Elliman,Douglas Elliman,New Rochelle,New Rochelle,NY,13824,0,5,5,2314899,4.1,B,82,Website Lead,Independent,2026-08-29T21:43:18Z
CREAM-20260829-00687,Sandra Russell,Sandra Russell,Sandra,Russell,srussell@aol.com,(919) 396-5681,RE/MAX,RE/MAX,Winston-Salem,Winston-Salem,NC,27416,18,73,73,27392913,3.5,B,83,MLS Database,Mid-size (11-50 agents),2026-08-29T13:55:52Z
CREAM-20260829-00688,Frank Martinez,Frank Martinez,Frank,Martinez,fmartinez@hotmail.com,(256) 463-7091,Keller Williams,Keller Williams,Winston-Salem,Winston-Salem,NC,28946,7,32,32,10384184,4.8,B,100,Trade Show,Boutique (2-10 agents),2026-08-29T15:39:54Z
CREAM-20260829-00689,Anthony Powell,Anthony Powell,Anthony,Powell,anthony_powell@hotmail.com,(234) 947-4026,Keller Williams,Keller Williams,Thornton,Thornton,CO,80303,21,76,76,50386091,3.4,B,68,NAR Directory,Independent,2026-08-29T21:31:51Z
CREAM-20260829-00690,Kevin Flores,Kevin Flores,Kevin,Flores,kevin.flores@icloud.com,(407) 400-9885,LIV Sotheby's,LIV Sotheby's,Fort Collins,Fort Collins,CO,80918,1,10,10,6610366,4.7,B,99,Referral Network,Enterprise (200+ agents),2026-08-29T14:38:02Z
CREAM-20260829-00691,Eric Hall,Eric Hall,Eric,Hall,ehall@howardhanna.com,(512) 214-7330,Howard Hanna,Howard Hanna,Winston-Salem,Winston-Salem,NC,28374,9,31,31,7634724,3.3,B,92,NAR Directory,Enterprise (200+ agents),2026-08-29T02:05:30Z
CREAM-20260829-00692,Debra Davis,Debra Davis,Debra,Davis,debrad@pacificsothebys.com,(310) 591-1611,Pacific Sotheby's,Pacific Sotheby's,Santa Ana,Santa Ana,CA,96450,5,8,8,8365377,4.6,B,60,NAR Directory,Boutique (2-10 agents),2026-08-29T23:58:11Z
CREAM-20260829-00693,Christine White,Christine White,Christine,White,christinew@re/max.com,(512) 313-8681,RE/MAX,RE/MAX,Glendale,Glendale,AZ,85713,16,29,29,12584971,4.4,B,66,Trade Show,Independent,2026-08-29T17:02:40Z
CREAM-20260829-00694,Rose Fisher,Rose Fisher,Rose,Fisher,rosef@me.com,(602) 839-5958,Huntington Real Estate,Huntington Real Estate,Akron,Akron,OH,44757,4,19,19,3917661,3.8,B,68,MLS Database,Mid-size (11-50 agents),2026-08-29T00:22:00Z
CREAM-20260829-00695,Betty Rogers,Betty Rogers,Betty,Rogers,betty.rogers@hotmail.com,(980) 413-8569,eXp Realty,eXp Realty,Arvada,Arvada,CO,81811,22,41,41,26699443,4.1,B,92,Realtor.com,Mid-size (11-50 agents),2026-08-29T00:28:33Z
CREAM-20260829-00696,Rachel Ramos,Rachel Ramos,Rachel,Ramos,rachelr@outlook.com,(334) 378-1413,Coldwell Banker,Coldwell Banker,Cary,Cary,NC,28629,18,43,43,10769318,3.2,B,71,Facebook,Mid-size (11-50 agents),2026-08-29T13:30:40Z
CREAM-20260829-00697,Danielle Baker,Danielle Baker,Danielle,Baker,danielle.baker@coldwellbanker.com,(805) 466-9667,Coldwell Banker,Coldwell Banker,Cape Coral,Cape Coral,FL,32734,1,5,5,1758148,4.2,B,94,MLS Database,Large (51-200 agents),2026-08-29T18:01:09Z
CREAM-20260829-00698,Tyler Morris,Tyler Morris,Tyler,Morris,tylerm@yahoo.com,(602) 567-4701,RE/MAX,RE/MAX,Parma,Parma,OH,44755,2,3,3,971836,4.1,B,77,Cold Outreach,Independent,2026-08-29T13:32:58Z
CREAM-20260829-00699,Keith Lopez,Keith Lopez,Keith,Lopez,keithl@outlook.com,(214) 658-2834,HER Realtors,HER Realtors,Dayton,Dayton,OH,44905,2,12,12,3292608,4.5,B,99,Facebook,Large (51-200 agents),2026-08-29T00:57:34Z
CREAM-20260829-00700,Ruth King,Ruth King,Ruth,King,ruthking@hotmail.com,(512) 405-8245,Berkshire Hathaway,Berkshire Hathaway,Tallahassee,Tallahassee,FL,32923,17,76,76,29427887,4.6,B,90,LinkedIn,Enterprise (200+ agents),2026-08-29T14:33:05Z
CREAM-20260829-00701,Amanda Walker,Amanda Walker,Amanda,Walker,amanda.walker@icloud.com,(407) 697-8245,Howard Hanna,Howard Hanna,Durham,Durham,NC,27119,4,9,9,4044939,4.5,B,97,NAR Directory,Boutique (2-10 agents),2026-08-29T12:12:50Z
CREAM-20260829-00702,Arthur Collins,Arthur Collins,Arthur,Collins,arthurcollins@aol.com,(334) 819-1921,Coldwell Banker,Coldwell Banker,Garland,Garland,TX,76264,22,62,62,19732824,3.9,B,82,Cold Outreach,Boutique (2-10 agents),2026-08-29T16:22:07Z
CREAM-20260829-00703,Grace Richardson,Grace Richardson,Grace,Richardson,grace_richardson@aol.com,(334) 521-4240,Coldwell Banker,Coldwell Banker,Tempe,Tempe,AZ,85666,9,38,38,16996380,4.7,B,68,Website Lead,Boutique (2-10 agents),2026-08-29T01:19:14Z
CREAM-20260829-00704,George Martinez,George Martinez,George,Martinez,georgemartinez@hotmail.com,(614) 288-8718,RE/MAX,RE/MAX,Port St. Lucie,Port St. Lucie,FL,33477,21,55,55,20187255,4.9,B,66,NAR Directory,Enterprise (200+ agents),2026-08-29T19:11:06Z
CREAM-20260829-00705,Nicholas Evans,Nicholas Evans,Nicholas,Evans,nicholas_evans@yahoo.com,(415) 565-2968,Compass,Compass,Fresno,Fresno,CA,92729,2,12,12,9698770,4.7,B,83,NAR Directory,Mid-size (11-50 agents),2026-08-29T15:52:32Z
CREAM-20260829-00706,Frank Patel,Frank Patel,Frank,Patel,fpatel@outlook.com,(256) 844-9842,Sotheby's International,Sotheby's International,Yonkers,Yonkers,NY,11887,3,10,10,4840653,3.5,B,96,Trade Show,Enterprise (200+ agents),2026-08-29T05:08:18Z
CREAM-20260829-00707,Sandra Gonzalez,Sandra Gonzalez,Sandra,Gonzalez,sandrag@yahoo.com,(513) 452-7018,Berkshire Hathaway,Berkshire Hathaway,Port St. Lucie,Port St. Lucie,FL,33731,19,68,68,23897417,3.8,B,80,Referral Network,Mid-size (11-50 agents),2026-08-29T17:17:51Z
CREAM-20260829-00708,Emma Perry,Emma Perry,Emma,Perry,eperry@aol.com,(713) 678-5255,eXp Realty,eXp Realty,Tempe,Tempe,AZ,86363,3,9,9,4405677,3.9,B,71,Brokerage Listings,Independent,2026-08-29T00:00:37Z
CREAM-20260829-00709,John Harris,John Harris,John,Harris,john.harris@yahoo.com,(916) 546-5279,Keller Williams,Keller Williams,Toledo,Toledo,OH,45600,4,14,14,4378476,3.0,B,64,Cold Outreach,Independent,2026-08-29T11:11:31Z
CREAM-20260829-00710,Eugene King,Eugene King,Eugene,King,eking@re/max.com,(718) 401-9064,RE/MAX,RE/MAX,Pembroke Pines,Pembroke Pines,FL,33925,13,62,62,24441927,3.7,B,99,Realtor.com,Large (51-200 agents),2026-08-29T16:44:40Z
CREAM-20260829-00711,Edward Lopez,Edward Lopez,Edward,Lopez,elopez@hotmail.com,(614) 787-7311,Huntington Real Estate,Huntington Real Estate,Toledo,Toledo,OH,45334,18,33,33,10097498,4.3,B,80,LinkedIn,Large (51-200 agents),2026-08-29T13:38:28Z
CREAM-20260829-00712,Rose Cook,Rose Cook,Rose,Cook,rosec@gmail.com,(415) 882-9408,HER Realtors,HER Realtors,Parma,Parma,OH,44971,7,32,32,9526874,3.2,B,88,Trade Show,Boutique (2-10 agents),2026-08-29T01:43:17Z
CREAM-20260829-00713,Juan Diaz,Juan Diaz,Juan,Diaz,juand@douglaselliman.com,(614) 807-2522,Douglas Elliman,Douglas Elliman,Syracuse,Syracuse,NY,11829,18,55,55,27296770,4.3,B,68,Brokerage Listings,Large (51-200 agents),2026-08-29T22:00:37Z
CREAM-20260829-00714,Alexander Harris,Alexander Harris,Alexander,Harris,alexanderharris@yahoo.com,(212) 885-3876,Berkshire Hathaway,Berkshire Hathaway,Tempe,Tempe,AZ,85745,5,20,20,7998258,3.4,B,94,Cold Outreach,Enterprise (200+ agents),2026-08-29T13:06:48Z
CREAM-20260829-00715,Gregory Hill,Gregory Hill,Gregory,Hill,gregory.hill@me.com,(469) 699-6832,Coldwell Banker,Coldwell Banker,Amarillo,Amarillo,TX,75366,16,64,64,21398384,3.8,B,61,Website Lead,Mid-size (11-50 agents),2026-08-29T13:06:08Z
CREAM-20260829-00716,Judith Sullivan,Judith Sullivan,Judith,Sullivan,jsullivan@me.com,(720) 749-8905,Compass,Compass,Fort Collins,Fort Collins,CO,81619,13,62,62,35719671,4.6,B,75,MLS Database,Independent,2026-08-29T21:28:20Z
CREAM-20260829-00717,Samuel Morgan,Samuel Morgan,Samuel,Morgan,samuelm@hotmail.com,(805) 618-8764,RE/MAX,RE/MAX,Port St. Lucie,Port St. Lucie,FL,32894,9,17,17,5008728,4.4,B,62,NAR Directory,Boutique (2-10 agents),2026-08-29T11:07:32Z
CREAM-20260829-00718,Richard Gray,Richard Gray,Richard,Gray,richard_gray@outlook.com,(720) 572-2240,Russell Lyon Sotheby's,Russell Lyon Sotheby's,Glendale,Glendale,AZ,86308,14,76,76,33851155,4.6,B,98,Website Lead,Enterprise (200+ agents),2026-08-29T16:58:08Z
CREAM-20260829-00719,Kenneth Price,Kenneth Price,Kenneth,Price,kenneth.price@icloud.com,(805) 828-9306,Brown Harris Stevens,Brown Harris Stevens,New Rochelle,New Rochelle,NY,11953,5,10,10,7628269,4.3,B,64,Brokerage Listings,Mid-size (11-50 agents),2026-08-29T22:35:03Z
CREAM-20260829-00720,Stephanie Cox,Stephanie Cox,Stephanie,Cox,stephaniec@me.com,(212) 248-2320,Keller Williams,Keller Williams,Thornton,Thornton,CO,81393,6,22,22,12157855,4.8,B,73,NAR Directory,Enterprise (200+ agents),2026-08-29T22:40:29Z
CREAM-20260829-00721,Peter Allen,Peter Allen,Peter,Allen,pallen@coldwellbanker.com,(512) 718-5098,Coldwell Banker,Coldwell Banker,Thornton,Thornton,CO,80854,1,11,11,5784759,4.2,B,78,Website Lead,Mid-size (11-50 agents),2026-08-29T14:38:24Z
CREAM-20260829-00722,Megan Gray,Megan Gray,Megan,Gray,megangray@outlook.com,(234) 694-1197,Keller Williams,Keller Williams,Syracuse,Syracuse,NY,12741,4,14,14,10877118,4.8,B,93,Referral Network,Enterprise (200+ agents),2026-08-29T20:30:31Z
CREAM-20260829-00723,Judith Jackson,Judith Jackson,Judith,Jackson,judithjackson@yahoo.com,(303) 863-8412,RE/MAX,RE/MAX,Gilbert,Gilbert,AZ,85937,24,41,41,17219432,3.0,B,66,Facebook,Boutique (2-10 agents),2026-08-29T05:19:19Z
CREAM-20260829-00724,Nicole Jenkins,Nicole Jenkins,Nicole,Jenkins,njenkins@re/max.com,(714) 438-9662,RE/MAX,RE/MAX,Thornton,Thornton,CO,80167,2,7,7,3356425,4.3,B,82,Realtor.com,Enterprise (200+ agents),2026-08-29T22:57:49Z
CREAM-20260829-00725,Melissa Miller,Melissa Miller,Melissa,Miller,melissam@outlook.com,(512) 573-5659,Keller Williams,Keller Williams,Dayton,Dayton,OH,45946,7,40,40,7611910,4.0,B,72,Realtor.com,Boutique (2-10 agents),2026-08-29T20:09:10Z
CREAM-20260829-00726,Shirley Jackson,Shirley Jackson,Shirley,Jackson,shirley_jackson@yahoo.com,(512) 973-1286,Halstead,Halstead,Albany,Albany,NY,12318,22,68,68,33799136,3.9,B,61,NAR Directory,Mid-size (11-50 agents),2026-08-29T06:40:48Z
CREAM-20260829-00727,George Morris,George Morris,George,Morris,george.morris@exprealty.com,(919) 840-2274,eXp Realty,eXp Realty,Riverside,Riverside,CA,91274,15,49,49,47332034,3.8,B,62,MLS Database,Large (51-200 agents),2026-08-29T01:07:16Z
CREAM-20260829-00728,Joshua Diaz,Joshua Diaz,Joshua,Diaz,joshuadiaz@gmail.com,(334) 521-6255,HER Realtors,HER Realtors,Akron,Akron,OH,43846,4,12,12,2902066,3.7,B,77,Facebook,Independent,2026-08-29T07:54:31Z
CREAM-20260829-00729,Tyler Gonzalez,Tyler Gonzalez,Tyler,Gonzalez,tylergonzalez@outlook.com,(972) 336-4175,Allie Beth Allman,Allie Beth Allman,Amarillo,Amarillo,TX,78286,15,70,70,19552340,4.3,B,77,Website Lead,Enterprise (200+ agents),2026-08-29T16:58:59Z
CREAM-20260829-00730,Ryan Wright,Ryan Wright,Ryan,Wright,ryanw@pacificsothebys.com,(404) 406-3016,Pacific Sotheby's,Pacific Sotheby's,Santa Ana,Santa Ana,CA,91223,9,18,18,19495954,4.0,B,82,Facebook,Enterprise (200+ agents),2026-08-29T12:01:47Z
CREAM-20260829-00731,Barbara Richardson,Barbara Richardson,Barbara,Richardson,barbararichardson@icloud.com,(972) 314-5370,Compass,Compass,Lakewood,Lakewood,CO,80616,24,41,41,24257685,3.2,B,82,MLS Database,Enterprise (200+ agents),2026-08-29T23:28:59Z
CREAM-20260829-00732,Juan Long,Juan Long,Juan,Long,juan.long@aol.com,(704) 900-9200,RE/MAX,RE/MAX,Tallahassee,Tallahassee,FL,32372,3,16,16,8608396,4.5,B,79,LinkedIn,Boutique (2-10 agents),2026-08-29T13:36:03Z
CREAM-20260829-00733,Eric Perry,Eric Perry,Eric,Perry,eperry@berkshirehathawayhomeservices.com,(512) 541-6318,Berkshire Hathaway HomeServices,Berkshire Hathaway HomeServices,Bakersfield,Bakersfield,CA,96795,1,7,7,5300867,4.9,B,79,LinkedIn,Enterprise (200+ agents),2026-08-29T01:38:23Z
CREAM-20260829-00734,Eric Parker,Eric Parker,Eric,Parker,eric.parker@me.com,(718) 777-4609,RE/MAX,RE/MAX,Durham,Durham,NC,28810,23,77,77,33074497,3.0,B,91,Realtor.com,Large (51-200 agents),2026-08-29T14:18:39Z
CREAM-20260829-00735,Steven Harris,Steven Harris,Steven,Harris,sharris@century21.com,(720) 340-4711,Century 21,Century 21,Cape Coral,Cape Coral,FL,33279,0,0,0,0,4.1,B,87,NAR Directory,Independent,2026-08-29T14:20:19Z
CREAM-20260829-00736,Robert Williams,Robert Williams,Robert,Williams,robert.williams@exprealty.com,(713) 814-3311,eXp Realty,eXp Realty,Corpus Christi,Corpus Christi,TX,76351,0,5,5,2064720,3.8,B,89,Trade Show,Enterprise (200+ agents),2026-08-29T14:13:51Z
CREAM-20260829-00737,Betty Fisher,Betty Fisher,Betty,Fisher,bfisher@yahoo.com,(305) 720-3747,Keller Williams Realty,Keller Williams Realty,Tallahassee,Tallahassee,FL,33172,12,57,57,29105081,4.0,B,83,Referral Network,Boutique (2-10 agents),2026-08-29T23:32:38Z
CREAM-20260829-00738,Natalie Wood,Natalie Wood,Natalie,Wood,nataliew@coldwellbanker.com,(513) 663-9560,Coldwell Banker,Coldwell Banker,Parma,Parma,OH,43182,25,33,33,10276719,4.0,B,64,MLS Database,Boutique (2-10 agents),2026-08-29T01:40:02Z
CREAM-20260829-00739,Sarah Lewis,Sarah Lewis,Sarah,Lewis,sarahl@icloud.com,(334) 275-6379,Berkshire Hathaway,Berkshire Hathaway,Irving,Irving,TX,76897,23,53,53,19721717,4.6,B,60,MLS Database,Mid-size (11-50 agents),2026-08-29T04:23:27Z
CREAM-20260829-00740,Brian Baker,Brian Baker,Brian,Baker,brian.baker@gmail.com,(646) 466-8663,Keller Williams,Keller Williams,Lakewood,Lakewood,CO,80423,2,3,3,1826030,4.8,B,81,Cold Outreach,Boutique (2-10 agents),2026-08-29T17:49:04Z
CREAM-20260829-00741,Alan Evans,Alan Evans,Alan,Evans,alan_evans@aol.com,(234) 579-5041,Berkshire Hathaway,Berkshire Hathaway,Winston-Salem,Winston-Salem,NC,28567,3,16,16,4880693,4.8,B,74,NAR Directory,Enterprise (200+ agents),2026-08-29T18:07:14Z
CREAM-20260829-00742,Ashley Rogers,Ashley Rogers,Ashley,Rogers,ashleyr@outlook.com,(805) 277-1892,Berkshire Hathaway,Berkshire Hathaway,Parma,Parma,OH,43406,5,18,18,4286078,4.1,B,79,MLS Database,Mid-size (11-50 agents),2026-08-29T06:42:18Z
CREAM-20260829-00743,Rose Gomez,Rose Gomez,Rose,Gomez,roseg@8zrealestate.com,(704) 505-5099,8z Real Estate,8z Real Estate,Lakewood,Lakewood,CO,80783,7,38,38,18805231,3.3,B,89,Referral Network,Mid-size (11-50 agents),2026-08-29T19:20:09Z
CREAM-20260829-00744,Donald Murphy,Donald Murphy,Donald,Murphy,donaldm@aol.com,(713) 391-7334,Coldwell Banker,Coldwell Banker,Akron,Akron,OH,45543,3,11,11,2493141,3.3,B,71,Website Lead,Enterprise (200+ agents),2026-08-29T09:36:20Z
CREAM-20260829-00745,Helen Murphy,Helen Murphy,Helen,Murphy,helenmurphy@me.com,(407) 926-5863,Russell Lyon Sotheby's,Russell Lyon Sotheby's,Gilbert,Gilbert,AZ,86589,7,21,21,11171675,4.3,B,98,Cold Outreach,Mid-size (11-50 agents),2026-08-29T23:54:58Z
CREAM-20260829-00746,Karen Torres,Karen Torres,Karen,Torres,ktorres@aol.com,(713) 446-5569,Sotheby's International,Sotheby's International,New Rochelle,New Rochelle,NY,12653,23,48,48,29104906,3.6,B,100,Cold Outreach,Mid-size (11-50 agents),2026-08-29T09:12:39Z
CREAM-20260829-00747,Kevin White,Kevin White,Kevin,White,kevin.white@berkshirehathaway.com,(980) 346-2597,Berkshire Hathaway,Berkshire Hathaway,Durham,Durham,NC,27806,1,7,7,2710334,4.3,B,97,Referral Network,Mid-size (11-50 agents),2026-08-29T03:45:20Z
CREAM-20260829-00748,Donna Bennett,Donna Bennett,Donna,Bennett,dbennett@gmail.com,(614) 537-9864,HER Realtors,HER Realtors,Toledo,Toledo,OH,44345,19,45,45,9509605,3.9,B,86,Brokerage Listings,Large (51-200 agents),2026-08-29T08:06:03Z
CREAM-20260829-00749,Jacob Scott,Jacob Scott,Jacob,Scott,jacobscott@outlook.com,(714) 919-2747,Berkshire Hathaway,Berkshire Hathaway,Arvada,Arvada,CO,81406,6,21,21,12200205,3.3,B,91,NAR Directory,Independent,2026-08-29T08:45:08Z
CREAM-20260829-00750,Gregory Gonzalez,Gregory Gonzalez,Gregory,Gonzalez,ggonzalez@icloud.com,(310) 410-8506,Keller Williams,Keller Williams,Arlington,Arlington,TX,75283,9,31,31,8943527,4.2,B,84,Trade Show,Boutique (2-10 agents),2026-08-29T06:42:52Z
CREAM-20260829-00751,Debra Campbell,Debra Campbell,Debra,Campbell,debrac@me.com,(469) 995-1536,Coldwell Banker,Coldwell Banker,Wilmington,Wilmington,NC,28452,4,23,23,9389185,4.3,C,70,Referral Network,Large (51-200 agents),2026-08-29T23:27:04Z
CREAM-20260829-00752,Carolyn Alvarez,Carolyn Alvarez,Carolyn,Alvarez,carolyna@halstead.com,(916) 782-8068,Halstead,Halstead,Utica,Utica,NY,13189,1,11,11,7076463,3.6,C,66,Cold Outreach,Independent,2026-08-29T04:12:16Z
CREAM-20260829-00753,Ryan Howard,Ryan Howard,Ryan,Howard,rhoward@exprealty.com,(713) 660-2052,eXp Realty,eXp Realty,Lorain,Lorain,OH,44469,13,68,68,16616537,4.3,C,61,Trade Show,Independent,2026-08-29T16:19:51Z
CREAM-20260829-00754,Alexander Martinez,Alexander Martinez,Alexander,Martinez,alexander_martinez@me.com,(407) 973-9365,eXp Realty,eXp Realty,Lorain,Lorain,OH,44191,9,26,26,8266180,3.0,C,73,LinkedIn,Boutique (2-10 agents),2026-08-29T19:52:38Z
CREAM-20260829-00755,Brian Clark,Brian Clark,Brian,Clark,brianclark@yahoo.com,(256) 416-1562,Long Realty,Long Realty,Surprise,Surprise,AZ,85157,22,35,35,18470026,4.1,C,87,LinkedIn,Independent,2026-08-29T14:44:21Z
CREAM-20260829-00756,Benjamin Parker,Benjamin Parker,Benjamin,Parker,benjamin_parker@icloud.com,(310) 692-1072,Coldwell Banker,Coldwell Banker,Greenville,Greenville,NC,28607,4,20,20,6492642,4.3,C,86,Trade Show,Mid-size (11-50 agents),2026-08-29T17:03:36Z
CREAM-20260829-00757,Brittany Reyes,Brittany Reyes,Brittany,Reyes,brittanyreyes@hotmail.com,(646) 774-2934,Compass,Compass,Pueblo,Pueblo,CO,80902,2,3,3,1510449,3.8,C,60,MLS Database,Mid-size (11-50 agents),2026-08-29T00:33:22Z
CREAM-20260829-00758,Janet Nguyen,Janet Nguyen,Janet,Nguyen,janet.nguyen@hotmail.com,(786) 681-4161,eXp Realty,eXp Realty,Modesto,Modesto,CA,95541,22,29,29,30706203,4.4,C,98,Realtor.com,Large (51-200 agents),2026-08-29T03:52:18Z
CREAM-20260829-00759,Heather Ramos,Heather Ramos,Heather,Ramos,heather_ramos@me.com,(415) 759-4423,Douglas Elliman,Douglas Elliman,McAllen,McAllen,TX,77841,4,22,22,8583827,3.5,C,90,MLS Database,Independent,2026-08-29T04:56:03Z
CREAM-20260829-00760,Juan Hernandez,Juan Hernandez,Juan,Hernandez,juan.hernandez@outlook.com,(720) 839-9181,eXp Realty,eXp Realty,Peoria,Peoria,AZ,85315,11,78,78,28246859,3.5,C,76,Referral Network,Independent,2026-08-29T16:52:35Z
CREAM-20260829-00761,Daniel Murphy,Daniel Murphy,Daniel,Murphy,daniel.murphy@icloud.com,(916) 698-3152,Keller Williams,Keller Williams,McKinney,McKinney,TX,78769,4,8,8,2544366,4.9,C,76,LinkedIn,Boutique (2-10 agents),2026-08-29T01:33:31Z
CREAM-20260829-00762,Linda Watson,Linda Watson,Linda,Watson,linda.watson@kellerwilliams.com,(972) 667-5318,Keller Williams,Keller Williams,White Plains,White Plains,NY,14120,25,46,46,23759898,4.6,C,100,Realtor.com,Boutique (2-10 agents),2026-08-29T04:44:37Z
CREAM-20260829-00763,Anthony Rivera,Anthony Rivera,Anthony,Rivera,anthony_rivera@gmail.com,(980) 375-8111,Berkshire Hathaway,Berkshire Hathaway,Yuma,Yuma,AZ,85962,14,30,30,10593968,3.6,C,82,Website Lead,Boutique (2-10 agents),2026-08-29T18:45:47Z
CREAM-20260829-00764,Larry Sullivan,Larry Sullivan,Larry,Sullivan,lsullivan@hotmail.com,(714) 613-3191,Berkshire Hathaway,Berkshire Hathaway,Yuma,Yuma,AZ,86615,6,28,28,9958260,4.9,C,62,NAR Directory,Boutique (2-10 agents),2026-08-29T12:25:30Z
CREAM-20260829-00765,Jacob Chavez,Jacob Chavez,Jacob,Chavez,jacobc@me.com,(513) 785-7011,eXp Realty,eXp Realty,McAllen,McAllen,TX,76332,4,15,15,6508775,3.2,C,71,MLS Database,Large (51-200 agents),2026-08-29T09:05:57Z
CREAM-20260829-00766,Kimberly Bailey,Kimberly Bailey,Kimberly,Bailey,kbailey@longrealty.com,(614) 271-6464,Long Realty,Long Realty,Avondale,Avondale,AZ,86201,2,3,3,1524808,3.2,C,88,Referral Network,Independent,2026-08-29T22:19:50Z
CREAM-20260829-00767,Ryan Ramos,Ryan Ramos,Ryan,Ramos,ryan.ramos@icloud.com,(929) 498-2749,HomeSmart,HomeSmart,Yuma,Yuma,AZ,85705,2,4,4,1863605,4.9,C,89,Cold Outreach,Independent,2026-08-29T03:33:43Z
CREAM-20260829-00768,Ronald Fisher,Ronald Fisher,Ronald,Fisher,ronaldf@aol.com,(919) 269-8148,Russell Lyon Sotheby's,Russell Lyon Sotheby's,Avondale,Avondale,AZ,86414,6,39,39,18860370,4.9,C,79,Realtor.com,Boutique (2-10 agents),2026-08-29T16:10:57Z
CREAM-20260829-00769,Jason Bennett,Jason Bennett,Jason,Bennett,jason.bennett@yahoo.com,(512) 605-1372,Coldwell Banker,Coldwell Banker,Pueblo,Pueblo,CO,81248,4,17,17,10967746,4.3,C,67,Referral Network,Boutique (2-10 agents),2026-08-29T11:01:07Z
CREAM-20260829-00770,Arthur Nguyen,Arthur Nguyen,Arthur,Nguyen,arthurnguyen@me.com,(929) 389-3425,Douglas Elliman,Douglas Elliman,Pasadena,Pasadena,TX,76297,20,31,31,11516077,4.6,C,78,LinkedIn,Mid-size (11-50 agents),2026-08-29T15:16:09Z
CREAM-20260829-00771,Lisa Price,Lisa Price,Lisa,Price,lisap@aol.com,(713) 650-2881,Keller Williams,Keller Williams,Yuma,Yuma,AZ,85748,1,12,12,4818671,3.2,C,97,MLS Database,Boutique (2-10 agents),2026-08-29T21:15:41Z
CREAM-20260829-00772,George Carter,George Carter,George,Carter,georgecarter@aol.com,(972) 859-6389,Douglas Elliman,Douglas Elliman,Gainesville,Gainesville,FL,33545,1,10,10,3573803,3.7,C,70,NAR Directory,Independent,2026-08-29T05:35:33Z
CREAM-20260829-00773,Jerry Murphy,Jerry Murphy,Jerry,Murphy,jerry_murphy@gmail.com,(980) 518-7097,Allen Tate,Allen Tate,Concord,Concord,NC,28403,1,3,3,990994,3.4,C,97,Brokerage Listings,Large (51-200 agents),2026-08-29T01:37:00Z
CREAM-20260829-00774,Edward Sullivan,Edward Sullivan,Edward,Sullivan,esullivan@gmail.com,(919) 542-9027,eXp Realty,eXp Realty,Hamilton,Hamilton,OH,44901,7,18,18,4597042,3.9,C,82,Realtor.com,Mid-size (11-50 agents),2026-08-29T01:21:06Z
CREAM-20260829-00775,Gary Chavez,Gary Chavez,Gary,Chavez,gchavez@coldwellbanker.com,(305) 349-6960,Coldwell Banker,Coldwell Banker,Fontana,Fontana,CA,96561,2,5,5,5347025,3.5,C,80,Cold Outreach,Boutique (2-10 agents),2026-08-29T03:36:20Z
CREAM-20260829-00776,Keith Hernandez,Keith Hernandez,Keith,Hernandez,keith.hernandez@gmail.com,(972) 716-5450,RE/MAX,RE/MAX,Wilmington,Wilmington,NC,28611,3,14,14,6316783,3.2,C,97,Cold Outreach,Boutique (2-10 agents),2026-08-29T19:57:23Z
CREAM-20260829-00777,Jerry Brown,Jerry Brown,Jerry,Brown,jerry.brown@century21.com,(305) 687-1500,Century 21,Century 21,Gainesville,Gainesville,FL,34635,16,57,57,21584119,3.1,C,99,Website Lead,Enterprise (200+ agents),2026-08-29T16:33:34Z
CREAM-20260829-00778,Angela Morgan,Angela Morgan,Angela,Morgan,angelam@exprealty.com,(704) 510-5699,eXp Realty,eXp Realty,Huntington Beach,Huntington Beach,CA,91437,2,7,7,6974605,3.1,C,71,Brokerage Listings,Large (51-200 agents),2026-08-29T00:22:58Z
CREAM-20260829-00779,Diane Lewis,Diane Lewis,Diane,Lewis,diane.lewis@howardhanna.com,(919) 445-3909,Howard Hanna,Howard Hanna,High Point,High Point,NC,28917,5,14,14,5579965,3.3,C,70,Website Lead,Large (51-200 agents),2026-08-29T09:32:28Z
CREAM-20260829-00780,Joseph Young,Joseph Young,Joseph,Young,joseph_young@me.com,(919) 867-5648,Berkshire Hathaway,Berkshire Hathaway,Miramar,Miramar,FL,34930,5,14,14,7114930,3.0,C,88,LinkedIn,Enterprise (200+ agents),2026-08-29T20:54:40Z
CREAM-20260829-00781,Bruce Fisher,Bruce Fisher,Bruce,Fisher,bruce_fisher@gmail.com,(256) 203-8586,Berkshire Hathaway HomeServices,Berkshire Hathaway HomeServices,Irvine,Irvine,CA,93815,10,31,31,31728019,4.7,C,60,Facebook,Mid-size (11-50 agents),2026-08-29T08:24:26Z
CREAM-20260829-00782,Brian Harris,Brian Harris,Brian,Harris,brian_harris@yahoo.com,(512) 830-5563,Allen Tate,Allen Tate,High Point,High Point,NC,27344,9,38,38,10467818,3.1,C,82,Website Lead,Boutique (2-10 agents),2026-08-29T09:37:56Z
CREAM-20260829-00783,Kathleen Jimenez,Kathleen Jimenez,Kathleen,Jimenez,kjimenez@kellerwilliams.com,(212) 385-7844,Keller Williams,Keller Williams,Westminster,Westminster,CO,81219,21,69,69,45962441,4.9,C,84,Referral Network,Mid-size (11-50 agents),2026-08-29T00:16:18Z
CREAM-20260829-00784,Brittany Adams,Brittany Adams,Brittany,Adams,brittany.adams@re/max.com,(646) 659-1875,RE/MAX,RE/MAX,Modesto,Modesto,CA,94610,3,21,21,13923884,4.3,C,67,Facebook,Boutique (2-10 agents),2026-08-29T00:17:28Z
CREAM-20260829-00785,Mark Price,Mark Price,Mark,Price,mprice@gmail.com,(256) 392-3338,Keller Williams,Keller Williams,Hamilton,Hamilton,OH,45210,24,59,59,17292108,4.8,C,96,Cold Outreach,Enterprise (200+ agents),2026-08-29T11:02:47Z
CREAM-20260829-00786,Jack Lee,Jack Lee,Jack,Lee,jackl@icloud.com,(513) 582-3045,Howard Hanna,Howard Hanna,Wilmington,Wilmington,NC,28843,23,78,78,30554363,4.5,C,94,Cold Outreach,Independent,2026-08-29T15:54:47Z
CREAM-20260829-00787,Philip Jimenez,Philip Jimenez,Philip,Jimenez,philip.jimenez@re/max.com,(310) 360-9769,RE/MAX,RE/MAX,High Point,High Point,NC,27252,5,19,19,7907781,3.6,C,78,Facebook,Mid-size (11-50 agents),2026-08-29T07:41:52Z
CREAM-20260829-00788,Andrew Wood,Andrew Wood,Andrew,Wood,andreww@kellerwilliams.com,(714) 311-9493,Keller Williams,Keller Williams,Peoria,Peoria,AZ,85173,3,17,17,7205549,3.5,C,78,Facebook,Mid-size (11-50 agents),2026-08-29T00:25:53Z
CREAM-20260829-00789,Ronald Kelly,Ronald Kelly,Ronald,Kelly,rkelly@gmail.com,(512) 770-4231,Sotheby's International,Sotheby's International,Schenectady,Schenectady,NY,14193,1,11,11,7342721,4.1,C,93,LinkedIn,Large (51-200 agents),2026-08-29T16:43:48Z
CREAM-20260829-00790,John Reyes,John Reyes,John,Reyes,johnreyes@me.com,(334) 592-3616,eXp Realty,eXp Realty,Yuma,Yuma,AZ,86318,14,53,53,23467228,3.8,C,90,NAR Directory,Mid-size (11-50 agents),2026-08-29T07:44:08Z
CREAM-20260829-00791,Barbara Russell,Barbara Russell,Barbara,Russell,barbarar@russelllyonsothebys.com,(704) 580-3031,Russell Lyon Sotheby's,Russell Lyon Sotheby's,Avondale,Avondale,AZ,85486,25,75,75,39415819,3.0,C,97,Website Lead,Independent,2026-08-29T03:57:35Z
CREAM-20260829-00792,Walter Garcia,Walter Garcia,Walter,Garcia,walter_garcia@gmail.com,(805) 688-8449,Sotheby's International,Sotheby's International,Mount Vernon,Mount Vernon,NY,12605,4,14,14,11555389,4.7,C,76,Referral Network,Boutique (2-10 agents),2026-08-29T14:23:16Z
CREAM-20260829-00793,Janet Watson,Janet Watson,Janet,Watson,janetw@berkshirehathawayhomeservices.com,(713) 930-9806,Berkshire Hathaway HomeServices,Berkshire Hathaway HomeServices,Modesto,Modesto,CA,90516,6,15,15,14388548,3.4,C,87,Facebook,Boutique (2-10 agents),2026-08-29T04:01:45Z
CREAM-20260829-00794,Ronald Morris,Ronald Morris,Ronald,Morris,ronaldm@exprealty.com,(720) 657-2840,eXp Realty,eXp Realty,Modesto,Modesto,CA,96252,5,19,19,15991113,4.1,C,64,Facebook,Enterprise (200+ agents),2026-08-29T01:17:21Z
CREAM-20260829-00795,Sarah Gomez,Sarah Gomez,Sarah,Gomez,sarah.gomez@compass.com,(214) 308-9900,Compass,Compass,Centennial,Centennial,CO,80493,5,20,20,10955072,4.0,C,63,Realtor.com,Enterprise (200+ agents),2026-08-29T16:22:56Z
CREAM-20260829-00796,Helen Harris,Helen Harris,Helen,Harris,hharris@gmail.com,(212) 989-3528,eXp Realty,eXp Realty,Pueblo,Pueblo,CO,80557,25,76,76,38634221,4.5,C,73,Facebook,Large (51-200 agents),2026-08-29T01:01:17Z
CREAM-20260829-00797,Dorothy Russell,Dorothy Russell,Dorothy,Russell,dorothy_russell@outlook.com,(916) 206-4425,Berkshire Hathaway,Berkshire Hathaway,Gainesville,Gainesville,FL,34139,10,42,42,15743562,4.3,C,78,Brokerage Listings,Mid-size (11-50 agents),2026-08-29T18:27:06Z
CREAM-20260829-00798,Margaret Hill,Margaret Hill,Margaret,Hill,margareth@hotmail.com,(718) 863-6071,Corcoran Group,Corcoran Group,White Plains,White Plains,NY,13588,17,73,73,49932904,4.2,C,98,Brokerage Listings,Large (51-200 agents),2026-08-29T08:05:05Z
CREAM-20260829-00799,Jacqueline Morris,Jacqueline Morris,Jacqueline,Morris,jacqueline.morris@compass.com,(512) 275-8476,Compass,Compass,Oxnard,Oxnard,CA,94854,12,49,49,45989234,3.4,C,96,Brokerage Listings,Boutique (2-10 agents),2026-08-29T06:20:53Z
CREAM-20260829-00800,Gary Murphy,Gary Murphy,Gary,Murphy,gary.murphy@berkshirehathaway.com,(305) 547-1028,Berkshire Hathaway,Berkshire Hathaway,Greenville,Greenville,NC,28707,2,8,8,2521881,4.5,C,82,Website Lead,Mid-size (11-50 agents),2026-08-29T19:23:49Z
CREAM-20260829-00801,Heather Ward,Heather Ward,Heather,Ward,heather_ward@aol.com,(718) 236-6586,Coldwell Banker,Coldwell Banker,Gainesville,Gainesville,FL,33947,12,75,75,23636370,3.5,C,76,Referral Network,Mid-size (11-50 agents),2026-08-29T14:25:16Z
CREAM-20260829-00802,Dorothy Patel,Dorothy Patel,Dorothy,Patel,dorothyp@herrealtors.com,(404) 577-7634,HER Realtors,HER Realtors,Youngstown,Youngstown,OH,43826,5,12,12,3891635,4.6,C,65,Referral Network,Mid-size (11-50 agents),2026-08-29T22:38:17Z
CREAM-20260829-00803,Louis Davis,Louis Davis,Louis,Davis,louisdavis@yahoo.com,(513) 321-4103,RE/MAX,RE/MAX,Avondale,Avondale,AZ,85792,3,10,10,5076700,3.5,C,83,Website Lead,Enterprise (200+ agents),2026-08-29T18:19:43Z
CREAM-20260829-00804,Carolyn Brown,Carolyn Brown,Carolyn,Brown,carolynb@aol.com,(980) 570-8405,Berkshire Hathaway,Berkshire Hathaway,Pasadena,Pasadena,TX,77433,1,3,3,1097296,3.5,C,100,NAR Directory,Enterprise (200+ agents),2026-08-29T18:40:08Z
CREAM-20260829-00805,Roger Garcia,Roger Garcia,Roger,Garcia,rogerg@compass.com,(469) 665-1355,Compass,Compass,Modesto,Modesto,CA,95376,1,12,12,10622725,4.7,C,87,LinkedIn,Large (51-200 agents),2026-08-29T10:35:10Z
CREAM-20260829-00806,Ruth Ward,Ruth Ward,Ruth,Ward,rward@yahoo.com,(234) 308-9134,Berkshire Hathaway,Berkshire Hathaway,Hamilton,Hamilton,OH,44801,1,6,6,1869481,3.3,C,69,Website Lead,Enterprise (200+ agents),2026-08-29T07:54:37Z
CREAM-20260829-00807,Albert Davis,Albert Davis,Albert,Davis,albertd@gmail.com,(334) 253-2827,Coldwell Banker,Coldwell Banker,Canton,Canton,OH,44982,18,71,71,20164389,4.7,C,61,NAR Directory,Enterprise (200+ agents),2026-08-29T00:44:52Z
CREAM-20260829-00808,Brittany Morales,Brittany Morales,Brittany,Morales,brittany.morales@aol.com,(805) 559-2719,Halstead,Halstead,Hempstead,Hempstead,NY,13372,4,16,16,9513588,4.6,C,92,Website Lead,Mid-size (11-50 agents),2026-08-29T20:36:03Z
CREAM-20260829-00809,Stephen Mitchell,Stephen Mitchell,Stephen,Mitchell,stephen.mitchell@exprealty.com,(212) 337-6428,eXp Realty,eXp Realty,Westminster,Westminster,CO,81928,3,25,25,13832324,4.0,C,78,Facebook,Mid-size (11-50 agents),2026-08-29T01:04:18Z
CREAM-20260829-00810,Stephen Hernandez,Stephen Hernandez,Stephen,Hernandez,stephen.hernandez@exprealty.com,(256) 776-2657,eXp Realty,eXp Realty,McAllen,McAllen,TX,79973,2,11,11,4671490,4.4,C,62,Realtor.com,Independent,2026-08-29T17:39:29Z
CREAM-20260829-00811,Lawrence Kelly,Lawrence Kelly,Lawrence,Kelly,lawrence_kelly@me.com,(786) 911-5051,Douglas Elliman,Douglas Elliman,Troy,Troy,NY,14564,19,31,31,23147862,3.7,C,95,Website Lead,Boutique (2-10 agents),2026-08-29T04:38:19Z
CREAM-20260829-00812,Robert Castillo,Robert Castillo,Robert,Castillo,robert_castillo@me.com,(929) 669-4223,Russell Lyon Sotheby's,Russell Lyon Sotheby's,Peoria,Peoria,AZ,86494,4,8,8,4237249,4.6,C,87,Brokerage Listings,Enterprise (200+ agents),2026-08-29T06:38:33Z
CREAM-20260829-00813,Stephen Rogers,Stephen Rogers,Stephen,Rogers,stephen.rogers@hotmail.com,(972) 879-4149,8z Real Estate,8z Real Estate,Westminster,Westminster,CO,80303,3,13,13,6456915,4.9,C,65,LinkedIn,Independent,2026-08-29T11:43:05Z
CREAM-20260829-00814,Kenneth Stewart,Kenneth Stewart,Kenneth,Stewart,kenneths@outlook.com,(512) 266-4128,Berkshire Hathaway,Berkshire Hathaway,Hamilton,Hamilton,OH,44194,21,44,44,10885507,4.2,C,66,MLS Database,Mid-size (11-50 agents),2026-08-29T13:49:15Z
CREAM-20260829-00815,Frank Ramos,Frank Ramos,Frank,Ramos,framos@nestseekers.com,(512) 821-9751,Nest Seekers,Nest Seekers,Mount Vernon,Mount Vernon,NY,13799,9,29,29,20297755,3.9,C,91,Website Lead,Mid-size (11-50 agents),2026-08-29T03:19:08Z
CREAM-20260829-00816,Dorothy Murphy,Dorothy Murphy,Dorothy,Murphy,dorothy.murphy@gmail.com,(512) 574-1459,Coldwell Banker,Coldwell Banker,Hamilton,Hamilton,OH,43752,2,7,7,1447625,4.9,C,87,Website Lead,Mid-size (11-50 agents),2026-08-29T17:44:40Z
CREAM-20260829-00817,Martha Harris,Martha Harris,Martha,Harris,marthah@re/max.com,(512) 673-2923,RE/MAX,RE/MAX,Moreno Valley,Moreno Valley,CA,91853,0,4,4,4142068,3.8,C,67,MLS Database,Large (51-200 agents),2026-08-29T21:29:56Z
CREAM-20260829-00818,Katherine Ramos,Katherine Ramos,Katherine,Ramos,katherine.ramos@gmail.com,(929) 855-2066,eXp Realty,eXp Realty,Mesquite,Mesquite,TX,79825,19,69,69,22667252,3.6,C,87,Website Lead,Mid-size (11-50 agents),2026-08-29T07:24:11Z
CREAM-20260829-00819,Larry Richardson,Larry Richardson,Larry,Richardson,larryr@outlook.com,(704) 517-1595,Briggs Freeman Sotheby's,Briggs Freeman Sotheby's,McKinney,McKinney,TX,76368,3,11,11,3384367,4.2,C,65,LinkedIn,Mid-size (11-50 agents),2026-08-29T05:09:30Z
CREAM-20260829-00820,Betty Baker,Betty Baker,Betty,Baker,bettyb@icloud.com,(305) 956-8491,Nest Seekers,Nest Seekers,Utica,Utica,NY,10171,13,66,66,37760209,3.2,C,70,Website Lead,Enterprise (200+ agents),2026-08-29T06:26:27Z
CREAM-20260829-00821,Margaret Hill,Margaret Hill,Margaret,Hill,margaret.hill@outlook.com,(234) 983-4928,Keller Williams,Keller Williams,Avondale,Avondale,AZ,86207,5,14,14,4339678,4.6,C,67,Facebook,Enterprise (200+ agents),2026-08-29T10:31:07Z
CREAM-20260829-00822,Patrick Sanders,Patrick Sanders,Patrick,Sanders,patricksanders@gmail.com,(919) 626-2295,Berkshire Hathaway,Berkshire Hathaway,Youngstown,Youngstown,OH,43126,10,43,43,11015722,3.6,C,93,Cold Outreach,Enterprise (200+ agents),2026-08-29T15:19:59Z
CREAM-20260829-00823,Carl Nguyen,Carl Nguyen,Carl,Nguyen,cnguyen@outlook.com,(919) 894-3424,eXp Realty,eXp Realty,Concord,Concord,NC,28908,4,8,8,3090032,4.5,C,94,MLS Database,Mid-size (11-50 agents),2026-08-29T02:10:31Z
CREAM-20260829-00824,Rose Ramos,Rose Ramos,Rose,Ramos,rramos@hotmail.com,(513) 519-2588,Cutler Real Estate,Cutler Real Estate,Youngstown,Youngstown,OH,44913,22,53,53,11153983,3.2,C,85,Realtor.com,Mid-size (11-50 agents),2026-08-29T03:49:42Z
CREAM-20260829-00825,Paul Price,Paul Price,Paul,Price,paulp@longrealty.com,(310) 861-1328,Long Realty,Long Realty,Surprise,Surprise,AZ,85825,17,70,70,25931206,4.2,C,91,Website Lead,Boutique (2-10 agents),2026-08-29T06:46:33Z
CREAM-20260829-00826,Grace Jackson,Grace Jackson,Grace,Jackson,grace_jackson@outlook.com,(212) 602-4957,Long Realty,Long Realty,Peoria,Peoria,AZ,85833,7,20,20,6249964,4.7,C,95,Realtor.com,Mid-size (11-50 agents),2026-08-29T15:13:12Z
CREAM-20260829-00827,Jason Edwards,Jason Edwards,Jason,Edwards,jason.edwards@century21.com,(407) 806-4686,Century 21,Century 21,Gainesville,Gainesville,FL,32601,0,3,3,1209456,3.5,C,93,Trade Show,Large (51-200 agents),2026-08-29T06:41:58Z
CREAM-20260829-00828,Grace Wilson,Grace Wilson,Grace,Wilson,grace.wilson@hotmail.com,(310) 283-9719,Berkshire Hathaway HomeServices,Berkshire Hathaway HomeServices,Oxnard,Oxnard,CA,93495,23,50,50,39308315,3.3,C,60,Website Lead,Enterprise (200+ agents),2026-08-29T08:14:02Z
CREAM-20260829-00829,Megan Morgan,Megan Morgan,Megan,Morgan,mmorgan@coldwellbanker.com,(929) 870-8534,Coldwell Banker,Coldwell Banker,Pueblo,Pueblo,CO,81850,14,38,38,19051330,3.1,C,99,Realtor.com,Large (51-200 agents),2026-08-29T08:00:34Z
CREAM-20260829-00830,Catherine Sullivan,Catherine Sullivan,Catherine,Sullivan,catherine_sullivan@gmail.com,(714) 974-3863,Century 21,Century 21,Palm Bay,Palm Bay,FL,32516,25,40,40,13498451,3.9,C,78,LinkedIn,Boutique (2-10 agents),2026-08-29T18:22:02Z
CREAM-20260829-00831,Scott Morgan,Scott Morgan,Scott,Morgan,scott.morgan@yahoo.com,(513) 581-3432,Coldwell Banker,Coldwell Banker,Peoria,Peoria,AZ,85336,17,39,39,16112228,3.9,C,90,MLS Database,Boutique (2-10 agents),2026-08-29T05:54:58Z
CREAM-20260829-00832,Martha Rogers,Martha Rogers,Martha,Rogers,mrogers@icloud.com,(718) 913-1510,Berkshire Hathaway,Berkshire Hathaway,Westminster,Westminster,CO,80208,5,23,23,14673075,4.0,C,97,Facebook,Enterprise (200+ agents),2026-08-29T00:19:49Z
CREAM-20260829-00833,Juan Evans,Juan Evans,Juan,Evans,juan_evans@aol.com,(602) 565-1729,Berkshire Hathaway,Berkshire Hathaway,Gainesville,Gainesville,FL,33231,4,11,11,4006791,3.7,C,83,NAR Directory,Boutique (2-10 agents),2026-08-29T23:44:19Z
CREAM-20260829-00834,Samantha Hill,Samantha Hill,Samantha,Hill,samanthahill@yahoo.com,(980) 249-3191,eXp Realty,eXp Realty,Avondale,Avondale,AZ,85564,8,24,24,8836432,3.6,C,94,Brokerage Listings,Independent,2026-08-29T03:06:19Z
CREAM-20260829-00835,Olivia Gutierrez,Olivia Gutierrez,Olivia,Gutierrez,oliviag@coldwellbanker.com,(646) 698-4347,Coldwell Banker,Coldwell Banker,Pasadena,Pasadena,TX,75434,5,8,8,3524114,4.1,C,72,Facebook,Mid-size (11-50 agents),2026-08-29T08:18:04Z
CREAM-20260829-00836,Helen Hill,Helen Hill,Helen,Hill,helenh@nestseekers.com,(718) 393-8350,Nest Seekers,Nest Seekers,Schenectady,Schenectady,NY,13130,4,17,17,12704547,4.9,C,78,Referral Network,Large (51-200 agents),2026-08-29T20:32:34Z
CREAM-20260829-00837,Nicholas Wood,Nicholas Wood,Nicholas,Wood,nwood@brownharrisstevens.com,(334) 293-3242,Brown Harris Stevens,Brown Harris Stevens,Utica,Utica,NY,12351,17,46,46,21178078,4.8,C,82,Facebook,Boutique (2-10 agents),2026-08-29T21:53:46Z
CREAM-20260829-00838,Dorothy Lee,Dorothy Lee,Dorothy,Lee,dlee@exprealty.com,(469) 489-5452,eXp Realty,eXp Realty,Coral Springs,Coral Springs,FL,33493,18,25,25,11299970,4.3,C,80,Facebook,Independent,2026-08-29T16:16:41Z
CREAM-20260829-00839,Ronald Lewis,Ronald Lewis,Ronald,Lewis,ronald.lewis@kellerwilliamsrealty.com,(916) 263-5498,Keller Williams Realty,Keller Williams Realty,Huntington Beach,Huntington Beach,CA,90739,4,14,14,11526631,4.3,C,100,Cold Outreach,Boutique (2-10 agents),2026-08-29T14:33:34Z
CREAM-20260829-00840,Sarah Peterson,Sarah Peterson,Sarah,Peterson,speterson@yahoo.com,(310) 679-8571,Compass,Compass,Boulder,Boulder,CO,80906,22,38,38,16269907,4.7,C,79,NAR Directory,Enterprise (200+ agents),2026-08-29T04:24:09Z
CREAM-20260829-00841,Jeffrey Baker,Jeffrey Baker,Jeffrey,Baker,jeffreyb@me.com,(256) 227-9600,Pacific Sotheby's,Pacific Sotheby's,Moreno Valley,Moreno Valley,CA,94569,0,2,2,2097679,4.3,C,94,Trade Show,Mid-size (11-50 agents),2026-08-29T03:01:44Z
CREAM-20260829-00842,Paul Powell,Paul Powell,Paul,Powell,ppowell@hotmail.com,(614) 407-7487,Berkshire Hathaway,Berkshire Hathaway,Peoria,Peoria,AZ,85455,2,9,9,3832555,4.1,C,76,Website Lead,Mid-size (11-50 agents),2026-08-29T05:52:13Z
CREAM-20260829-00843,Steven Coleman,Steven Coleman,Steven,Coleman,stevencoleman@gmail.com,(512) 851-8525,Compass,Compass,Pueblo,Pueblo,CO,81356,18,70,70,32947439,3.2,C,87,MLS Database,Boutique (2-10 agents),2026-08-29T18:55:02Z
CREAM-20260829-00844,Gloria Taylor,Gloria Taylor,Gloria,Taylor,gloria.taylor@outlook.com,(310) 522-8596,Keller Williams,Keller Williams,Hempstead,Hempstead,NY,14212,1,8,8,4894419,4.0,C,60,Brokerage Listings,Independent,2026-08-29T08:22:52Z
CREAM-20260829-00845,Sandra Allen,Sandra Allen,Sandra,Allen,sandraallen@outlook.com,(407) 720-9921,RE/MAX,RE/MAX,Gainesville,Gainesville,FL,33467,5,18,18,6020572,4.4,C,88,Cold Outreach,Large (51-200 agents),2026-08-29T17:03:49Z
CREAM-20260829-00846,Kenneth Price,Kenneth Price,Kenneth,Price,kprice@halstead.com,(980) 687-8024,Halstead,Halstead,Troy,Troy,NY,14560,17,52,52,32223944,4.4,C,79,MLS Database,Boutique (2-10 agents),2026-08-29T09:22:29Z
CREAM-20260829-00847,John Phillips,John Phillips,John,Phillips,john.phillips@icloud.com,(407) 417-4758,Compass,Compass,Greenville,Greenville,NC,27942,3,13,13,3968976,3.6,C,62,Realtor.com,Enterprise (200+ agents),2026-08-29T16:17:59Z
CREAM-20260829-00848,Rose Williams,Rose Williams,Rose,Williams,rwilliams@kellerwilliams.com,(614) 509-2532,Keller Williams,Keller Williams,Troy,Troy,NY,10740,14,33,33,23891866,4.9,C,68,Facebook,Independent,2026-08-29T06:25:19Z
CREAM-20260829-00849,Nicole Clark,Nicole Clark,Nicole,Clark,nicole.clark@hotmail.com,(614) 776-9427,Coldwell Banker,Coldwell Banker,Brownsville,Brownsville,TX,75117,4,13,13,5275634,3.8,C,79,Trade Show,Independent,2026-08-29T08:23:07Z
CREAM-20260829-00850,Amber Torres,Amber Torres,Amber,Torres,atorres@yahoo.com,(513) 784-4712,Keller Williams,Keller Williams,Concord,Concord,NC,28557,14,48,48,20773463,3.8,C,66,Facebook,Boutique (2-10 agents),2026-08-29T17:14:33Z
CREAM-20260829-00851,Anthony Campbell,Anthony Campbell,Anthony,Campbell,anthonyc@icloud.com,(214) 575-7782,eXp Realty,eXp Realty,Gainesville,Gainesville,FL,34169,3,15,15,5429998,3.5,C,67,Cold Outreach,Mid-size (11-50 agents),2026-08-29T06:43:53Z
CREAM-20260829-00852,Larry Allen,Larry Allen,Larry,Allen,larryallen@hotmail.com,(214) 856-7935,Corcoran Group,Corcoran Group,Troy,Troy,NY,14612,3,15,15,6909380,3.2,C,78,MLS Database,Independent,2026-08-29T10:59:27Z
CREAM-20260829-00853,Victoria Diaz,Victoria Diaz,Victoria,Diaz,vdiaz@kellerwilliams.com,(718) 772-6491,Keller Williams,Keller Williams,Brownsville,Brownsville,TX,75375,4,17,17,5453749,5.0,C,70,Referral Network,Enterprise (200+ agents),2026-08-29T01:11:14Z
CREAM-20260829-00854,Judith Lee,Judith Lee,Judith,Lee,judithlee@icloud.com,(404) 827-6287,8z Real Estate,8z Real Estate,Westminster,Westminster,CO,81223,2,11,11,7319513,3.9,C,70,Brokerage Listings,Mid-size (11-50 agents),2026-08-29T03:02:14Z
CREAM-20260829-00855,Melissa Campbell,Melissa Campbell,Melissa,Campbell,melissacampbell@me.com,(980) 533-9484,Compass,Compass,Boulder,Boulder,CO,80744,6,28,28,13441897,4.2,C,80,NAR Directory,Large (51-200 agents),2026-08-29T07:29:01Z
CREAM-20260829-00856,Ryan Gomez,Ryan Gomez,Ryan,Gomez,ryan_gomez@outlook.com,(714) 588-7497,Keller Williams,Keller Williams,Westminster,Westminster,CO,80509,5,10,10,5930007,4.4,C,65,NAR Directory,Large (51-200 agents),2026-08-29T11:04:03Z
CREAM-20260829-00857,Daniel Collins,Daniel Collins,Daniel,Collins,dcollins@cutlerrealestate.com,(407) 624-9132,Cutler Real Estate,Cutler Real Estate,Hamilton,Hamilton,OH,45259,3,15,15,3655534,4.8,C,80,MLS Database,Independent,2026-08-29T15:05:40Z
CREAM-20260829-00858,Daniel Foster,Daniel Foster,Daniel,Foster,daniel.foster@kellerwilliams.com,(718) 581-5184,Keller Williams,Keller Williams,High Point,High Point,NC,27937,7,15,15,4606696,4.5,C,66,Trade Show,Boutique (2-10 agents),2026-08-29T07:11:46Z
CREAM-20260829-00859,Judith Ramirez,Judith Ramirez,Judith,Ramirez,judith.ramirez@icloud.com,(407) 835-1695,RE/MAX,RE/MAX,Youngstown,Youngstown,OH,44682,1,5,5,1439231,4.9,C,83,Brokerage Listings,Large (51-200 agents),2026-08-29T15:10:04Z
CREAM-20260829-00860,Ashley Moore,Ashley Moore,Ashley,Moore,ashleym@compass.com,(614) 544-5075,Compass,Compass,Palm Bay,Palm Bay,FL,34157,0,2,2,772863,4.1,C,85,NAR Directory,Enterprise (200+ agents),2026-08-29T13:27:37Z
CREAM-20260829-00861,Jacqueline Mitchell,Jacqueline Mitchell,Jacqueline,Mitchell,jacqueline.mitchell@kellerwilliamsrealty.com,(805) 635-2616,Keller Williams Realty,Keller Williams Realty,Irvine,Irvine,CA,94145,1,4,4,2684783,4.9,C,67,Website Lead,Boutique (2-10 agents),2026-08-29T17:49:59Z
CREAM-20260829-00862,Rebecca Hill,Rebecca Hill,Rebecca,Hill,rebeccahill@icloud.com,(303) 575-6075,Cutler Real Estate,Cutler Real Estate,Lorain,Lorain,OH,44268,3,24,24,5156569,3.1,C,65,Referral Network,Boutique (2-10 agents),2026-08-29T22:14:31Z
CREAM-20260829-00863,Keith Gray,Keith Gray,Keith,Gray,keithgray@me.com,(646) 275-8897,Halstead,Halstead,Mount Vernon,Mount Vernon,NY,14648,3,11,11,6887153,5.0,C,62,Facebook,Independent,2026-08-29T01:12:34Z
CREAM-20260829-00864,Dorothy Ramirez,Dorothy Ramirez,Dorothy,Ramirez,dramirez@hotmail.com,(720) 645-7286,RE/MAX,RE/MAX,Wilmington,Wilmington,NC,27211,19,66,66,20233168,3.7,C,60,Facebook,Enterprise (200+ agents),2026-08-29T08:43:15Z
CREAM-20260829-00865,Jonathan Nguyen,Jonathan Nguyen,Jonathan,Nguyen,jonathan.nguyen@douglaselliman.com,(334) 907-7724,Douglas Elliman,Douglas Elliman,Schenectady,Schenectady,NY,10643,14,72,72,44461278,4.2,C,91,Referral Network,Enterprise (200+ agents),2026-08-29T01:50:27Z
CREAM-20260829-00866,Joseph Coleman,Joseph Coleman,Joseph,Coleman,josephc@cutlerrealestate.com,(916) 337-9617,Cutler Real Estate,Cutler Real Estate,Lorain,Lorain,OH,43890,4,16,16,5123326,3.5,C,69,Facebook,Boutique (2-10 agents),2026-08-29T22:29:06Z
CREAM-20260829-00867,Albert Baker,Albert Baker,Albert,Baker,albertb@me.com,(310) 448-6489,Corcoran Group,Corcoran Group,Mount Vernon,Mount Vernon,NY,10355,5,9,9,6021497,4.8,C,82,NAR Directory,Boutique (2-10 agents),2026-08-29T21:00:17Z
CREAM-20260829-00868,Michael Davis,Michael Davis,Michael,Davis,michael_davis@gmail.com,(646) 830-3485,Douglas Elliman,Douglas Elliman,Grand Prairie,Grand Prairie,TX,75618,5,13,13,4752324,4.8,C,63,MLS Database,Enterprise (200+ agents),2026-08-29T09:57:38Z
CREAM-20260829-00869,Joshua King,Joshua King,Joshua,King,joshuaking@outlook.com,(602) 548-5433,Cutler Real Estate,Cutler Real Estate,Hamilton,Hamilton,OH,44369,13,50,50,13481180,4.5,C,88,Trade Show,Independent,2026-08-29T01:23:34Z
CREAM-20260829-00870,Jacob Harris,Jacob Harris,Jacob,Harris,jacobharris@hotmail.com,(714) 756-7992,Coldwell Banker,Coldwell Banker,Lorain,Lorain,OH,44316,9,38,38,11876699,4.4,C,92,Referral Network,Independent,2026-08-29T07:06:35Z
CREAM-20260829-00871,Raymond Castillo,Raymond Castillo,Raymond,Castillo,raymondc@exprealty.com,(212) 734-5945,eXp Realty,eXp Realty,Miramar,Miramar,FL,34682,0,0,0,0,3.9,C,84,NAR Directory,Large (51-200 agents),2026-08-29T23:10:24Z
CREAM-20260829-00872,Robert Morales,Robert Morales,Robert,Morales,robertm@icloud.com,(919) 785-2204,Compass,Compass,Moreno Valley,Moreno Valley,CA,96909,0,3,3,3278106,4.8,C,81,Website Lead,Independent,2026-08-29T04:13:49Z
CREAM-20260829-00873,John Edwards,John Edwards,John,Edwards,john.edwards@outlook.com,(713) 377-3193,Berkshire Hathaway HomeServices,Berkshire Hathaway HomeServices,Modesto,Modesto,CA,96966,21,28,28,18149979,5.0,C,61,MLS Database,Independent,2026-08-29T16:22:39Z
CREAM-20260829-00874,Pamela Price,Pamela Price,Pamela,Price,pamelap@re/max.com,(214) 683-9156,RE/MAX,RE/MAX,McKinney,McKinney,TX,75840,25,59,59,25397999,4.0,C,92,MLS Database,Independent,2026-08-29T19:27:16Z
CREAM-20260829-00875,Tyler Evans,Tyler Evans,Tyler,Evans,tyler.evans@re/max.com,(512) 591-2825,RE/MAX,RE/MAX,Lorain,Lorain,OH,43723,10,37,37,10020380,4.2,C,75,Realtor.com,Independent,2026-08-29T22:52:06Z
CREAM-20260829-00876,Michael Green,Michael Green,Michael,Green,michaelgreen@icloud.com,(602) 427-9151,Coldwell Banker,Coldwell Banker,Huntington Beach,Huntington Beach,CA,92617,8,15,15,11076457,3.2,C,75,Cold Outreach,Mid-size (11-50 agents),2026-08-29T22:23:38Z
CREAM-20260829-00877,Olivia Lopez,Olivia Lopez,Olivia,Lopez,olivia_lopez@outlook.com,(720) 893-1444,eXp Realty,eXp Realty,Centennial,Centennial,CO,81575,25,27,27,10772192,3.6,C,79,MLS Database,Enterprise (200+ agents),2026-08-29T18:51:04Z
CREAM-20260829-00878,Angela Cox,Angela Cox,Angela,Cox,angela.cox@hotmail.com,(214) 588-2336,Coldwell Banker,Coldwell Banker,Fremont,Fremont,CA,93202,19,36,36,27787746,4.3,C,73,Realtor.com,Mid-size (11-50 agents),2026-08-29T11:31:16Z
CREAM-20260829-00879,Jason Moore,Jason Moore,Jason,Moore,jmoore@aol.com,(256) 733-4708,Coldwell Banker,Coldwell Banker,Youngstown,Youngstown,OH,43108,1,10,10,2341048,3.7,C,69,Brokerage Listings,Boutique (2-10 agents),2026-08-29T12:37:50Z
CREAM-20260829-00880,Ashley Davis,Ashley Davis,Ashley,Davis,ashleydavis@hotmail.com,(919) 412-5413,Century 21,Century 21,Miramar,Miramar,FL,34561,25,67,67,20742950,4.5,C,92,Facebook,Enterprise (200+ agents),2026-08-29T22:19:31Z
CREAM-20260829-00881,Alan Ramos,Alan Ramos,Alan,Ramos,alan_ramos@me.com,(718) 407-7058,Allen Tate,Allen Tate,High Point,High Point,NC,27748,22,67,67,18662668,4.4,C,72,MLS Database,Independent,2026-08-29T13:35:41Z
CREAM-20260829-00882,Ruth Lopez,Ruth Lopez,Ruth,Lopez,ruthlopez@yahoo.com,(415) 560-7269,Briggs Freeman Sotheby's,Briggs Freeman Sotheby's,Brownsville,Brownsville,TX,79203,19,29,29,11570200,4.9,C,87,Website Lead,Independent,2026-08-29T16:54:47Z
CREAM-20260829-00883,Janet Anderson,Janet Anderson,Janet,Anderson,janet_anderson@yahoo.com,(929) 277-5879,RE/MAX,RE/MAX,Modesto,Modesto,CA,94409,3,16,16,13736577,3.0,C,78,Trade Show,Mid-size (11-50 agents),2026-08-29T20:46:35Z
CREAM-20260829-00884,Steven Parker,Steven Parker,Steven,Parker,sparker@re/max.com,(334) 511-1187,RE/MAX,RE/MAX,Coral Springs,Coral Springs,FL,33949,2,9,9,4836406,4.1,C,81,Facebook,Independent,2026-08-29T08:02:39Z
CREAM-20260829-00885,Jack Wood,Jack Wood,Jack,Wood,jack_wood@icloud.com,(805) 817-9829,RE/MAX,RE/MAX,Centennial,Centennial,CO,81105,3,13,13,7372032,3.8,C,63,Realtor.com,Boutique (2-10 agents),2026-08-29T22:50:51Z
CREAM-20260829-00886,Lisa Watson,Lisa Watson,Lisa,Watson,lisa.watson@pacificsothebys.com,(303) 211-8093,Pacific Sotheby's,Pacific Sotheby's,Modesto,Modesto,CA,96312,8,28,28,21285282,3.5,C,70,Trade Show,Mid-size (11-50 agents),2026-08-29T13:34:56Z
CREAM-20260829-00887,Susan Richardson,Susan Richardson,Susan,Richardson,susanrichardson@aol.com,(718) 658-6516,Coldwell Banker,Coldwell Banker,Surprise,Surprise,AZ,85361,22,80,80,23573891,3.0,C,68,Trade Show,Mid-size (11-50 agents),2026-08-29T04:54:17Z
CREAM-20260829-00888,Thomas Evans,Thomas Evans,Thomas,Evans,tevans@cutlerrealestate.com,(786) 228-1319,Cutler Real Estate,Cutler Real Estate,Hamilton,Hamilton,OH,44650,19,45,45,9980492,3.9,C,87,MLS Database,Independent,2026-08-29T19:00:34Z
CREAM-20260829-00889,Danielle White,Danielle White,Danielle,White,dwhite@me.com,(469) 425-8162,Compass,Compass,Centennial,Centennial,CO,81161,20,62,62,38246426,4.9,C,67,Website Lead,Independent,2026-08-29T00:30:48Z
CREAM-20260829-00890,Pamela Nguyen,Pamela Nguyen,Pamela,Nguyen,pamelan@gmail.com,(407) 968-2661,RE/MAX,RE/MAX,Gainesville,Gainesville,FL,32294,5,18,18,6674964,3.4,C,91,Brokerage Listings,Independent,2026-08-29T03:34:50Z
CREAM-20260829-00891,Rachel Clark,Rachel Clark,Rachel,Clark,rachel_clark@outlook.com,(334) 219-1088,Corcoran Group,Corcoran Group,Mount Vernon,Mount Vernon,NY,12886,22,34,34,16695640,3.5,C,62,Website Lead,Boutique (2-10 agents),2026-08-29T13:39:42Z
CREAM-20260829-00892,Charles Scott,Charles Scott,Charles,Scott,cscott@berkshirehathawayhomeservices.com,(512) 685-7440,Berkshire Hathaway HomeServices,Berkshire Hathaway HomeServices,Irvine,Irvine,CA,90590,2,3,3,2293334,4.4,C,68,NAR Directory,Boutique (2-10 agents),2026-08-29T11:52:25Z
CREAM-20260829-00893,Andrew Lopez,Andrew Lopez,Andrew,Lopez,andrew_lopez@hotmail.com,(720) 539-4660,Huntington Real Estate,Huntington Real Estate,Youngstown,Youngstown,OH,45590,1,6,6,1447932,3.3,C,67,Cold Outreach,Mid-size (11-50 agents),2026-08-29T13:00:32Z
CREAM-20260829-00894,Deborah Morgan,Deborah Morgan,Deborah,Morgan,deborah.morgan@me.com,(720) 980-4306,RE/MAX,RE/MAX,Greenville,Greenville,NC,27677,17,28,28,11897281,3.6,C,75,Referral Network,Independent,2026-08-29T07:05:36Z
CREAM-20260829-00895,Donald Wright,Donald Wright,Donald,Wright,donald_wright@aol.com,(718) 540-7198,Keller Williams Realty,Keller Williams Realty,Moreno Valley,Moreno Valley,CA,93404,17,59,59,37890394,3.6,C,95,Brokerage Listings,Large (51-200 agents),2026-08-29T01:56:44Z
CREAM-20260829-00896,Ruth Collins,Ruth Collins,Ruth,Collins,ruthc@yahoo.com,(214) 257-7249,Keller Williams Realty,Keller Williams Realty,Irvine,Irvine,CA,93525,17,49,49,45108819,3.9,C,75,Facebook,Enterprise (200+ agents),2026-08-29T14:07:37Z
CREAM-20260829-00897,Dennis Miller,Dennis Miller,Dennis,Miller,dennism@kellerwilliamsrealty.com,(718) 665-2629,Keller Williams Realty,Keller Williams Realty,Fontana,Fontana,CA,93811,1,11,11,10121810,4.7,C,94,Cold Outreach,Enterprise (200+ agents),2026-08-29T07:15:22Z
CREAM-20260829-00898,Jerry Thomas,Jerry Thomas,Jerry,Thomas,jthomas@icloud.com,(916) 485-4266,Berkshire Hathaway,Berkshire Hathaway,Brownsville,Brownsville,TX,77481,3,16,16,4256263,3.4,C,96,Realtor.com,Boutique (2-10 agents),2026-08-29T16:59:23Z
CREAM-20260829-00899,Anna Jenkins,Anna Jenkins,Anna,Jenkins,anna.jenkins@aol.com,(214) 780-6364,Coldwell Banker,Coldwell Banker,Irvine,Irvine,CA,91559,1,5,5,5232294,3.1,C,86,LinkedIn,Large (51-200 agents),2026-08-29T03:51:49Z
CREAM-20260829-00900,Stephanie Russell,Stephanie Russell,Stephanie,Russell,stephanier@kellerwilliams.com,(415) 382-5483,Keller Williams,Keller Williams,Pueblo,Pueblo,CO,81246,19,60,60,29870826,4.0,C,79,MLS Database,Boutique (2-10 agents),2026-08-29T14:08:33Z
CREAM-20260829-00901,Emily Scott,Emily Scott,Emily,Scott,escott@me.com,(234) 685-8011,Keller Williams Realty,Keller Williams Realty,Moreno Valley,Moreno Valley,CA,96255,1,8,8,5178947,4.6,C,73,Website Lead,Boutique (2-10 agents),2026-08-29T18:43:20Z
CREAM-20260829-00902,Daniel Ward,Daniel Ward,Daniel,Ward,danielward@aol.com,(805) 701-2860,Berkshire Hathaway,Berkshire Hathaway,McKinney,McKinney,TX,78855,2,6,6,2446942,3.8,C,75,Cold Outreach,Independent,2026-08-29T22:24:34Z
CREAM-20260829-00903,Sarah Gray,Sarah Gray,Sarah,Gray,sarahgray@me.com,(334) 472-7188,Howard Hanna,Howard Hanna,High Point,High Point,NC,28607,24,55,55,17422156,4.1,C,63,Facebook,Enterprise (200+ agents),2026-08-29T10:03:43Z
CREAM-20260829-00904,Stephen Diaz,Stephen Diaz,Stephen,Diaz,stephend@kellerwilliams.com,(310) 227-3502,Keller Williams,Keller Williams,Lorain,Lorain,OH,44409,19,29,29,6086972,3.9,C,67,Referral Network,Enterprise (200+ agents),2026-08-29T09:58:13Z
CREAM-20260829-00905,Jessica Sullivan,Jessica Sullivan,Jessica,Sullivan,jessica_sullivan@hotmail.com,(713) 677-6671,Allie Beth Allman,Allie Beth Allman,Brownsville,Brownsville,TX,75531,3,10,10,4478739,3.2,C,97,Cold Outreach,Large (51-200 agents),2026-08-29T14:28:26Z
CREAM-20260829-00906,Keith Myers,Keith Myers,Keith,Myers,keithm@yahoo.com,(614) 703-3217,eXp Realty,eXp Realty,Surprise,Surprise,AZ,86240,2,7,7,2385196,3.5,C,82,NAR Directory,Large (51-200 agents),2026-08-29T09:18:03Z
CREAM-20260829-00907,Deborah Brooks,Deborah Brooks,Deborah,Brooks,deborah.brooks@outlook.com,(404) 721-1925,eXp Realty,eXp Realty,Hamilton,Hamilton,OH,43324,2,8,8,1715535,3.4,C,91,LinkedIn,Independent,2026-08-29T00:20:05Z
CREAM-20260829-00908,Steven Wilson,Steven Wilson,Steven,Wilson,steven_wilson@gmail.com,(305) 754-1944,RE/MAX,RE/MAX,Fremont,Fremont,CA,90692,11,29,29,29920055,3.6,C,67,Referral Network,Independent,2026-08-29T20:52:23Z
CREAM-20260829-00909,Joseph Morris,Joseph Morris,Joseph,Morris,joseph_morris@gmail.com,(916) 505-4696,Allie Beth Allman,Allie Beth Allman,Brownsville,Brownsville,TX,76422,5,11,11,3858731,3.9,C,94,Cold Outreach,Mid-size (11-50 agents),2026-08-29T22:46:16Z
CREAM-20260829-00910,Jerry Russell,Jerry Russell,Jerry,Russell,jerryrussell@icloud.com,(512) 787-3128,Berkshire Hathaway,Berkshire Hathaway,Concord,Concord,NC,28833,2,10,10,3376778,5.0,C,80,LinkedIn,Large (51-200 agents),2026-08-29T10:14:59Z
CREAM-20260829-00911,David Castillo,David Castillo,David,Castillo,davidc@berkshirehathaway.com,(404) 377-1707,Berkshire Hathaway,Berkshire Hathaway,Lorain,Lorain,OH,43890,19,80,80,14809937,4.9,C,75,Facebook,Mid-size (11-50 agents),2026-08-29T01:04:58Z
CREAM-20260829-00912,Louis Hall,Louis Hall,Louis,Hall,louis.hall@sothebysinternational.com,(214) 261-8531,Sotheby's International,Sotheby's International,Hempstead,Hempstead,NY,10717,2,5,5,2301897,4.2,C,69,Realtor.com,Mid-size (11-50 agents),2026-08-29T15:17:58Z
CREAM-20260829-00913,Pamela Allen,Pamela Allen,Pamela,Allen,pallen@re/max.com,(407) 528-3369,RE/MAX,RE/MAX,Huntington Beach,Huntington Beach,CA,92200,22,63,63,51511637,3.5,C,96,MLS Database,Mid-size (11-50 agents),2026-08-29T11:41:13Z
CREAM-20260829-00914,Anna Morales,Anna Morales,Anna,Morales,annamorales@aol.com,(512) 563-4512,RE/MAX,RE/MAX,Surprise,Surprise,AZ,86861,11,63,63,28978124,3.1,C,86,Facebook,Mid-size (11-50 agents),2026-08-29T23:09:49Z
CREAM-20260829-00915,Judith Gray,Judith Gray,Judith,Gray,jgray@gmail.com,(714) 821-6466,Coldwell Banker,Coldwell Banker,Clearwater,Clearwater,FL,33258,4,11,11,3469432,3.8,C,70,Website Lead,Large (51-200 agents),2026-08-29T16:46:52Z
CREAM-20260829-00916,Ryan Ramos,Ryan Ramos,Ryan,Ramos,rramos@icloud.com,(234) 583-6786,Berkshire Hathaway,Berkshire Hathaway,High Point,High Point,NC,27885,11,43,43,12456013,4.6,C,97,Trade Show,Large (51-200 agents),2026-08-29T17:22:46Z
CREAM-20260829-00917,Nicholas Thompson,Nicholas Thompson,Nicholas,Thompson,nicholas_thompson@hotmail.com,(713) 677-8238,RE/MAX,RE/MAX,Wilmington,Wilmington,NC,28551,7,32,32,12995299,4.7,C,72,Referral Network,Boutique (2-10 agents),2026-08-29T07:26:22Z
CREAM-20260829-00918,Justin Alvarez,Justin Alvarez,Justin,Alvarez,justin.alvarez@icloud.com,(646) 905-1435,Allen Tate,Allen Tate,Greenville,Greenville,NC,27490,9,38,38,11016282,3.8,C,72,NAR Directory,Boutique (2-10 agents),2026-08-29T06:44:08Z
CREAM-20260829-00919,Andrew Jackson,Andrew Jackson,Andrew,Jackson,andrew_jackson@me.com,(512) 288-6053,RE/MAX,RE/MAX,Concord,Concord,NC,28689,24,53,53,21427831,3.1,C,68,LinkedIn,Boutique (2-10 agents),2026-08-29T08:33:01Z
CREAM-20260829-00920,Nicholas Campbell,Nicholas Campbell,Nicholas,Campbell,ncampbell@me.com,(212) 705-2542,Brown Harris Stevens,Brown Harris Stevens,Hempstead,Hempstead,NY,11716,12,38,38,30213412,4.8,C,92,Facebook,Boutique (2-10 agents),2026-08-29T16:21:10Z
CREAM-20260829-00921,Jack Stewart,Jack Stewart,Jack,Stewart,jackstewart@hotmail.com,(919) 470-5819,Coldwell Banker,Coldwell Banker,Huntington Beach,Huntington Beach,CA,94892,0,2,2,2169211,3.9,C,66,Website Lead,Enterprise (200+ agents),2026-08-29T22:12:42Z
CREAM-20260829-00922,Steven Thompson,Steven Thompson,Steven,Thompson,sthompson@outlook.com,(805) 965-9688,Coldwell Banker,Coldwell Banker,Wilmington,Wilmington,NC,27197,16,80,80,32165473,4.5,C,79,Trade Show,Large (51-200 agents),2026-08-29T10:43:39Z
CREAM-20260829-00923,Albert Ortiz,Albert Ortiz,Albert,Ortiz,albertortiz@gmail.com,(980) 509-7376,Pacific Sotheby's,Pacific Sotheby's,Irvine,Irvine,CA,95186,21,63,63,44494739,4.0,C,100,Referral Network,Enterprise (200+ agents),2026-08-29T08:53:40Z
CREAM-20260829-00924,Debra Reyes,Debra Reyes,Debra,Reyes,debrar@gmail.com,(334) 580-1246,Coldwell Banker,Coldwell Banker,Concord,Concord,NC,28805,0,1,1,395820,5.0,C,62,LinkedIn,Independent,2026-08-29T20:54:56Z
CREAM-20260829-00925,Paul Taylor,Paul Taylor,Paul,Taylor,pault@yahoo.com,(805) 309-1939,Berkshire Hathaway,Berkshire Hathaway,Mesquite,Mesquite,TX,79997,1,8,8,2683671,4.0,C,68,NAR Directory,Enterprise (200+ agents),2026-08-29T07:06:58Z
CREAM-20260829-00926,Karen Sanchez,Karen Sanchez,Karen,Sanchez,karensanchez@outlook.com,(980) 321-5940,Pacific Sotheby's,Pacific Sotheby's,Modesto,Modesto,CA,95884,3,9,9,6172526,4.3,C,74,Referral Network,Boutique (2-10 agents),2026-08-29T10:31:57Z
CREAM-20260829-00927,Angela Phillips,Angela Phillips,Angela,Phillips,angela.phillips@icloud.com,(718) 562-7313,Keller Williams,Keller Williams,Surprise,Surprise,AZ,85487,0,2,2,596160,3.7,C,74,Cold Outreach,Independent,2026-08-29T16:41:55Z
CREAM-20260829-00928,Christopher Gomez,Christopher Gomez,Christopher,Gomez,christopherg@exprealty.com,(305) 908-7204,eXp Realty,eXp Realty,Mesquite,Mesquite,TX,75479,25,39,39,12364945,3.0,C,100,LinkedIn,Mid-size (11-50 agents),2026-08-29T08:03:21Z
CREAM-20260829-00929,Arthur Thomas,Arthur Thomas,Arthur,Thomas,arthurt@aol.com,(718) 688-3704,RE/MAX,RE/MAX,Brownsville,Brownsville,TX,76271,20,42,42,18744510,3.4,C,65,LinkedIn,Enterprise (200+ agents),2026-08-29T14:08:28Z
CREAM-20260829-00930,Carol Powell,Carol Powell,Carol,Powell,carol_powell@hotmail.com,(980) 685-8415,Berkshire Hathaway HomeServices,Berkshire Hathaway HomeServices,Huntington Beach,Huntington Beach,CA,94187,4,11,11,12149044,3.6,C,64,Realtor.com,Independent,2026-08-29T20:50:34Z
CREAM-20260829-00931,Shirley Martinez,Shirley Martinez,Shirley,Martinez,shirley.martinez@berkshirehathaway.com,(713) 594-5037,Berkshire Hathaway,Berkshire Hathaway,Surprise,Surprise,AZ,86725,15,29,29,14377789,3.8,C,97,Trade Show,Boutique (2-10 agents),2026-08-29T10:54:26Z
CREAM-20260829-00932,Kathleen James,Kathleen James,Kathleen,James,kjames@me.com,(256) 715-7483,Berkshire Hathaway,Berkshire Hathaway,High Point,High Point,NC,27648,15,63,63,21772757,4.0,C,72,MLS Database,Enterprise (200+ agents),2026-08-29T14:44:48Z
CREAM-20260829-00933,Julia Ramos,Julia Ramos,Julia,Ramos,julia.ramos@livsothebys.com,(786) 795-6305,LIV Sotheby's,LIV Sotheby's,Boulder,Boulder,CO,80805,21,73,73,50875491,4.4,C,77,Cold Outreach,Independent,2026-08-29T13:09:13Z
CREAM-20260829-00934,Jennifer Watson,Jennifer Watson,Jennifer,Watson,jwatson@berkshirehathaway.com,(713) 306-4067,Berkshire Hathaway,Berkshire Hathaway,Concord,Concord,NC,28626,15,63,63,21497576,3.1,C,79,Cold Outreach,Independent,2026-08-29T18:35:29Z
CREAM-20260829-00935,Charles Flores,Charles Flores,Charles,Flores,charles.flores@icloud.com,(404) 544-5124,Century 21,Century 21,Miramar,Miramar,FL,33327,5,15,15,7451892,3.9,C,63,Brokerage Listings,Mid-size (11-50 agents),2026-08-29T00:15:28Z
CREAM-20260829-00936,Grace Young,Grace Young,Grace,Young,gracey@hotmail.com,(513) 358-8349,Berkshire Hathaway HomeServices,Berkshire Hathaway HomeServices,Fremont,Fremont,CA,91280,2,4,4,3488710,3.7,C,78,MLS Database,Large (51-200 agents),2026-08-29T22:32:25Z
CREAM-20260829-00937,Deborah Flores,Deborah Flores,Deborah,Flores,deborah_flores@me.com,(972) 375-9791,Halstead,Halstead,White Plains,White Plains,NY,13451,16,42,42,29922680,3.4,C,99,Trade Show,Boutique (2-10 agents),2026-08-29T20:50:10Z
CREAM-20260829-00938,James Adams,James Adams,James,Adams,james.adams@aol.com,(718) 617-4014,Halstead,Halstead,Utica,Utica,NY,11795,19,72,72,54208386,4.9,C,60,LinkedIn,Enterprise (200+ agents),2026-08-29T13:17:31Z
CREAM-20260829-00939,Juan Perry,Juan Perry,Juan,Perry,juanp@compass.com,(404) 381-9315,Compass,Compass,Moreno Valley,Moreno Valley,CA,96741,2,3,3,2207757,3.3,C,79,Cold Outreach,Large (51-200 agents),2026-08-29T11:20:29Z
CREAM-20260829-00940,Michael Collins,Michael Collins,Michael,Collins,michael.collins@outlook.com,(469) 266-6927,Huntington Real Estate,Huntington Real Estate,Hamilton,Hamilton,OH,44546,0,1,1,308388,4.4,C,64,Facebook,Large (51-200 agents),2026-08-29T09:31:44Z
CREAM-20260829-00941,Eugene Ruiz,Eugene Ruiz,Eugene,Ruiz,eugene.ruiz@yahoo.com,(713) 898-8072,Pacific Sotheby's,Pacific Sotheby's,Fontana,Fontana,CA,92259,25,80,80,78738660,4.3,C,89,Website Lead,Boutique (2-10 agents),2026-08-29T10:43:42Z
CREAM-20260829-00942,Jacob Hill,Jacob Hill,Jacob,Hill,jacobh@re/max.com,(310) 433-9831,RE/MAX,RE/MAX,Westminster,Westminster,CO,80690,16,32,32,13879726,3.9,C,65,Brokerage Listings,Enterprise (200+ agents),2026-08-29T04:51:20Z
CREAM-20260829-00943,Eugene Robinson,Eugene Robinson,Eugene,Robinson,eugener@hotmail.com,(718) 892-5432,Compass,Compass,Gainesville,Gainesville,FL,34581,1,12,12,4204173,3.3,C,61,Trade Show,Enterprise (200+ agents),2026-08-29T22:33:20Z
CREAM-20260829-00944,Melissa Gutierrez,Melissa Gutierrez,Melissa,Gutierrez,melissagutierrez@hotmail.com,(916) 374-1031,RE/MAX,RE/MAX,Peoria,Peoria,AZ,85219,5,9,9,3782558,3.7,C,80,Cold Outreach,Enterprise (200+ agents),2026-08-29T02:24:53Z
CREAM-20260829-00945,Christine Wood,Christine Wood,Christine,Wood,christinew@me.com,(786) 366-9502,eXp Realty,eXp Realty,Coral Springs,Coral Springs,FL,32233,20,54,54,21188991,3.4,C,74,LinkedIn,Large (51-200 agents),2026-08-29T10:27:37Z
CREAM-20260829-00946,Julia Ward,Julia Ward,Julia,Ward,juliaward@hotmail.com,(469) 379-9344,Cutler Real Estate,Cutler Real Estate,Lorain,Lorain,OH,43702,4,13,13,3566480,4.8,C,66,LinkedIn,Enterprise (200+ agents),2026-08-29T05:40:02Z
CREAM-20260829-00947,Ralph Rodriguez,Ralph Rodriguez,Ralph,Rodriguez,ralphr@compass.com,(512) 670-9802,Compass,Compass,Wilmington,Wilmington,NC,27725,0,4,4,1057548,3.2,C,66,Referral Network,Large (51-200 agents),2026-08-29T21:07:26Z
CREAM-20260829-00948,Christopher Smith,Christopher Smith,Christopher,Smith,christopher_smith@hotmail.com,(972) 997-3041,Sotheby's International,Sotheby's International,Utica,Utica,NY,12454,0,2,2,1229622,3.1,C,66,Realtor.com,Mid-size (11-50 agents),2026-08-29T05:07:19Z
CREAM-20260829-00949,Eric Baker,Eric Baker,Eric,Baker,ebaker@hotmail.com,(916) 727-8781,LIV Sotheby's,LIV Sotheby's,Centennial,Centennial,CO,80432,4,25,25,13179542,3.1,C,64,LinkedIn,Independent,2026-08-29T23:22:56Z
CREAM-20260829-00950,Richard White,Richard White,Richard,White,rwhite@re/max.com,(718) 795-6274,RE/MAX,RE/MAX,Yuma,Yuma,AZ,85849,5,25,25,11357312,4.3,C,69,Referral Network,Independent,2026-08-29T06:43:48Z
CREAM-20260829-00951,Martha Rogers,Martha Rogers,Martha,Rogers,marthar@outlook.com,(305) 833-1654,Sotheby's International,Sotheby's International,Hempstead,Hempstead,NY,13712,12,35,35,29279963,3.4,C,65,NAR Directory,Enterprise (200+ agents),2026-08-29T03:14:49Z
CREAM-20260829-00952,Ralph Sullivan,Ralph Sullivan,Ralph,Sullivan,rsullivan@outlook.com,(234) 699-4491,Berkshire Hathaway,Berkshire Hathaway,Centennial,Centennial,CO,81654,5,12,12,6937553,3.9,C,75,LinkedIn,Boutique (2-10 agents),2026-08-29T23:14:58Z
CREAM-20260829-00953,Jeffrey Rodriguez,Jeffrey Rodriguez,Jeffrey,Rodriguez,jeffreyrodriguez@aol.com,(305) 431-8309,Nest Seekers,Nest Seekers,Mount Vernon,Mount Vernon,NY,14682,9,29,29,16071838,3.1,C,71,Facebook,Boutique (2-10 agents),2026-08-29T09:33:55Z
CREAM-20260829-00954,Elizabeth Baker,Elizabeth Baker,Elizabeth,Baker,ebaker@icloud.com,(234) 445-6569,RE/MAX,RE/MAX,Grand Prairie,Grand Prairie,TX,75558,0,4,4,1276692,4.3,C,85,NAR Directory,Independent,2026-08-29T05:18:29Z
CREAM-20260829-00955,Barbara Thompson,Barbara Thompson,Barbara,Thompson,barbara.thompson@kellerwilliams.com,(972) 562-6435,Keller Williams,Keller Williams,High Point,High Point,NC,28488,5,14,14,3867576,3.5,C,87,MLS Database,Independent,2026-08-29T04:30:06Z
CREAM-20260829-00956,Brandon Long,Brandon Long,Brandon,Long,brandonl@howardhanna.com,(786) 639-7012,Howard Hanna,Howard Hanna,High Point,High Point,NC,28683,7,40,40,10502510,4.4,C,87,Trade Show,Mid-size (11-50 agents),2026-08-29T20:04:46Z
CREAM-20260829-00957,Alexander Johnson,Alexander Johnson,Alexander,Johnson,alexander_johnson@outlook.com,(512) 959-5929,Coldwell Banker,Coldwell Banker,Centennial,Centennial,CO,81874,2,6,6,4278050,4.7,C,68,Referral Network,Independent,2026-08-29T21:06:23Z
CREAM-20260829-00958,Jason Johnson,Jason Johnson,Jason,Johnson,jason_johnson@outlook.com,(916) 953-4101,RE/MAX,RE/MAX,Clearwater,Clearwater,FL,32931,2,8,8,2548527,3.7,C,74,MLS Database,Large (51-200 agents),2026-08-29T17:50:49Z
CREAM-20260829-00959,Brandon Flores,Brandon Flores,Brandon,Flores,brandon_flores@me.com,(334) 243-2981,Coldwell Banker,Coldwell Banker,Westminster,Westminster,CO,80357,23,38,38,20267754,4.4,C,76,Brokerage Listings,Enterprise (200+ agents),2026-08-29T22:08:51Z
CREAM-20260829-00960,Gregory Robinson,Gregory Robinson,Gregory,Robinson,gregory.robinson@yahoo.com,(303) 977-5927,Keller Williams,Keller Williams,Westminster,Westminster,CO,81487,9,23,23,12440260,4.9,C,83,Website Lead,Enterprise (200+ agents),2026-08-29T08:33:23Z
CREAM-20260829-00961,Patrick Taylor,Patrick Taylor,Patrick,Taylor,patrick.taylor@aol.com,(980) 416-7576,Coldwell Banker,Coldwell Banker,West Palm Beach,West Palm Beach,FL,34838,4,12,12,6498286,4.3,C,66,MLS Database,Enterprise (200+ agents),2026-08-29T17:21:12Z
CREAM-20260829-00962,Olivia Sullivan,Olivia Sullivan,Olivia,Sullivan,olivia.sullivan@hotmail.com,(713) 505-6484,Compass,Compass,Hempstead,Hempstead,NY,14377,6,25,25,17521254,3.7,C,81,Cold Outreach,Large (51-200 agents),2026-08-29T20:09:44Z
CREAM-20260829-00963,Kimberly Myers,Kimberly Myers,Kimberly,Myers,kimberly_myers@gmail.com,(704) 251-2324,Compass,Compass,Gainesville,Gainesville,FL,34664,3,8,8,3341803,3.4,C,83,Website Lead,Boutique (2-10 agents),2026-08-29T19:55:58Z
CREAM-20260829-00964,Sarah Wright,Sarah Wright,Sarah,Wright,sarah.wright@exprealty.com,(256) 554-6198,eXp Realty,eXp Realty,Coral Springs,Coral Springs,FL,33189,5,15,15,6972631,3.9,C,72,MLS Database,Independent,2026-08-29T03:21:05Z
CREAM-20260829-00965,Stephen Anderson,Stephen Anderson,Stephen,Anderson,stephen.anderson@aol.com,(512) 568-6821,Pacific Sotheby's,Pacific Sotheby's,Moreno Valley,Moreno Valley,CA,92365,18,56,56,35558766,4.8,C,85,LinkedIn,Large (51-200 agents),2026-08-29T16:29:24Z
CREAM-20260829-00966,Lisa Cook,Lisa Cook,Lisa,Cook,lisac@briggsfreemansothebys.com,(305) 282-3960,Briggs Freeman Sotheby's,Briggs Freeman Sotheby's,Grand Prairie,Grand Prairie,TX,75186,12,80,80,22724271,4.3,C,64,Website Lead,Enterprise (200+ agents),2026-08-29T07:46:24Z
CREAM-20260829-00967,Grace Morales,Grace Morales,Grace,Morales,gracemorales@aol.com,(214) 901-3368,Coldwell Banker,Coldwell Banker,Hamilton,Hamilton,OH,44974,19,74,74,20579547,3.2,C,69,Facebook,Boutique (2-10 agents),2026-08-29T11:11:13Z
CREAM-20260829-00968,Brenda Taylor,Brenda Taylor,Brenda,Taylor,brendat@icloud.com,(310) 707-1974,RE/MAX,RE/MAX,Canton,Canton,OH,43876,21,55,55,17502691,4.3,C,82,Brokerage Listings,Large (51-200 agents),2026-08-29T03:29:46Z
CREAM-20260829-00969,Ryan Evans,Ryan Evans,Ryan,Evans,ryane@me.com,(415) 604-9576,Berkshire Hathaway,Berkshire Hathaway,Lorain,Lorain,OH,43717,10,59,59,10837995,4.3,C,74,NAR Directory,Large (51-200 agents),2026-08-29T23:16:28Z
CREAM-20260829-00970,Stephanie Garcia,Stephanie Garcia,Stephanie,Garcia,stephaniegarcia@hotmail.com,(234) 264-4280,Berkshire Hathaway,Berkshire Hathaway,Greenville,Greenville,NC,28814,23,30,30,10690992,3.6,C,76,Referral Network,Independent,2026-08-29T17:52:40Z
CREAM-20260829-00971,Shirley Fisher,Shirley Fisher,Shirley,Fisher,shirley.fisher@gmail.com,(972) 395-5073,Briggs Freeman Sotheby's,Briggs Freeman Sotheby's,Grand Prairie,Grand Prairie,TX,76580,1,4,4,1817305,4.4,C,63,NAR Directory,Independent,2026-08-29T03:38:17Z
CREAM-20260829-00972,Ruth Wright,Ruth Wright,Ruth,Wright,ruthwright@aol.com,(916) 796-1103,Douglas Elliman,Douglas Elliman,McAllen,McAllen,TX,77744,14,69,69,27159679,4.9,C,68,Trade Show,Independent,2026-08-29T10:44:40Z
CREAM-20260829-00973,Dennis Jenkins,Dennis Jenkins,Dennis,Jenkins,dennisjenkins@me.com,(404) 867-3427,Compass,Compass,High Point,High Point,NC,27757,4,21,21,8404780,4.7,C,91,MLS Database,Mid-size (11-50 agents),2026-08-29T04:32:38Z
CREAM-20260829-00974,Nicholas Ramos,Nicholas Ramos,Nicholas,Ramos,nicholasramos@gmail.com,(972) 656-9178,Coldwell Banker,Coldwell Banker,McKinney,McKinney,TX,77367,2,8,8,2665684,4.3,C,70,NAR Directory,Enterprise (200+ agents),2026-08-29T00:22:27Z
CREAM-20260829-00975,Dorothy Cruz,Dorothy Cruz,Dorothy,Cruz,dorothy_cruz@outlook.com,(704) 749-4558,Douglas Elliman,Douglas Elliman,West Palm Beach,West Palm Beach,FL,32640,14,71,71,25208817,3.2,C,83,NAR Directory,Boutique (2-10 agents),2026-08-29T20:08:51Z
CREAM-20260829-00976,Kevin White,Kevin White,Kevin,White,kwhite@yahoo.com,(415) 768-8195,Keller Williams,Keller Williams,Westminster,Westminster,CO,81675,0,3,3,1834849,3.5,C,81,Cold Outreach,Boutique (2-10 agents),2026-08-29T21:56:46Z
CREAM-20260829-00977,Megan Cook,Megan Cook,Megan,Cook,meganc@douglaselliman.com,(404) 937-4576,Douglas Elliman,Douglas Elliman,Palm Bay,Palm Bay,FL,32967,1,11,11,4508549,3.7,C,93,Brokerage Listings,Boutique (2-10 agents),2026-08-29T11:40:53Z
CREAM-20260829-00978,Helen Watson,Helen Watson,Helen,Watson,hwatson@berkshirehathaway.com,(512) 947-2905,Berkshire Hathaway,Berkshire Hathaway,Mesquite,Mesquite,TX,79395,25,66,66,16197181,3.3,C,90,Brokerage Listings,Independent,2026-08-29T19:47:35Z
CREAM-20260829-00979,Margaret Garcia,Margaret Garcia,Margaret,Garcia,margaretgarcia@outlook.com,(646) 497-7481,Berkshire Hathaway,Berkshire Hathaway,Boulder,Boulder,CO,80520,15,67,67,39864166,5.0,C,61,Realtor.com,Independent,2026-08-29T13:03:29Z
CREAM-20260829-00980,Megan Harris,Megan Harris,Megan,Harris,meganharris@outlook.com,(718) 832-1023,Sotheby's International,Sotheby's International,Hempstead,Hempstead,NY,14307,0,4,4,2473979,3.4,C,61,NAR Directory,Independent,2026-08-29T22:39:07Z
CREAM-20260829-00981,Jeffrey Wilson,Jeffrey Wilson,Jeffrey,Wilson,jeffrey.wilson@gmail.com,(415) 316-8904,LIV Sotheby's,LIV Sotheby's,Pueblo,Pueblo,CO,80140,7,25,25,13477375,5.0,C,71,Facebook,Large (51-200 agents),2026-08-29T03:29:34Z
CREAM-20260829-00982,Laura Perry,Laura Perry,Laura,Perry,laura.perry@berkshirehathaway.com,(212) 614-3562,Berkshire Hathaway,Berkshire Hathaway,Boulder,Boulder,CO,81225,16,66,66,35397024,4.4,C,76,MLS Database,Mid-size (11-50 agents),2026-08-29T06:18:56Z
CREAM-20260829-00983,Thomas Sullivan,Thomas Sullivan,Thomas,Sullivan,thomas_sullivan@outlook.com,(303) 640-1988,Compass,Compass,Clearwater,Clearwater,FL,32558,4,20,20,8106402,4.1,C,95,LinkedIn,Independent,2026-08-29T08:45:26Z
CREAM-20260829-00984,Jack Clark,Jack Clark,Jack,Clark,jackc@hotmail.com,(512) 496-2505,Compass,Compass,Moreno Valley,Moreno Valley,CA,90280,7,39,39,23763807,4.2,C,71,MLS Database,Large (51-200 agents),2026-08-29T04:54:36Z
CREAM-20260829-00985,Sarah Ramirez,Sarah Ramirez,Sarah,Ramirez,sramirez@me.com,(704) 408-9222,RE/MAX,RE/MAX,Pueblo,Pueblo,CO,81321,4,19,19,9245578,4.2,C,84,MLS Database,Large (51-200 agents),2026-08-29T02:10:25Z
CREAM-20260829-00986,Eric Clark,Eric Clark,Eric,Clark,ericc@hotmail.com,(704) 730-3331,Cutler Real Estate,Cutler Real Estate,Youngstown,Youngstown,OH,43979,6,23,23,6587841,3.8,C,91,Facebook,Boutique (2-10 agents),2026-08-29T07:31:00Z
CREAM-20260829-00987,Amy Williams,Amy Williams,Amy,Williams,awilliams@aol.com,(704) 561-1568,Sotheby's International,Sotheby's International,White Plains,White Plains,NY,14687,1,3,3,1811212,4.1,C,85,Realtor.com,Enterprise (200+ agents),2026-08-29T23:23:04Z
CREAM-20260829-00988,Steven Smith,Steven Smith,Steven,Smith,steven.smith@icloud.com,(469) 927-2462,Keller Williams,Keller Williams,Surprise,Surprise,AZ,86524,19,33,33,12633165,4.2,C,100,Realtor.com,Large (51-200 agents),2026-08-29T10:48:35Z
CREAM-20260829-00989,Jacqueline Rodriguez,Jacqueline Rodriguez,Jacqueline,Rodriguez,jacqueliner@yahoo.com,(718) 599-5473,Nest Seekers,Nest Seekers,Hempstead,Hempstead,NY,12897,1,8,8,6056258,4.6,C,90,Facebook,Large (51-200 agents),2026-08-29T01:43:22Z
CREAM-20260829-00990,Jerry Garcia,Jerry Garcia,Jerry,Garcia,jerryg@gmail.com,(786) 561-9339,Long Realty,Long Realty,Surprise,Surprise,AZ,86636,17,73,73,25562697,3.6,C,72,Website Lead,Large (51-200 agents),2026-08-29T13:20:43Z
CREAM-20260829-00991,Ronald Garcia,Ronald Garcia,Ronald,Garcia,ronald.garcia@outlook.com,(713) 779-2548,eXp Realty,eXp Realty,Coral Springs,Coral Springs,FL,34498,8,30,30,10340278,3.4,C,70,Facebook,Mid-size (11-50 agents),2026-08-29T20:44:40Z
CREAM-20260829-00992,Keith Mitchell,Keith Mitchell,Keith,Mitchell,keith.mitchell@exprealty.com,(214) 741-7035,eXp Realty,eXp Realty,Modesto,Modesto,CA,90632,5,20,20,17821814,4.5,C,73,Trade Show,Mid-size (11-50 agents),2026-08-29T03:11:16Z
CREAM-20260829-00993,Heather Johnson,Heather Johnson,Heather,Johnson,hjohnson@cutlerrealestate.com,(704) 768-9093,Cutler Real Estate,Cutler Real Estate,Youngstown,Youngstown,OH,43566,2,5,5,894942,4.5,C,100,Brokerage Listings,Independent,2026-08-29T21:23:34Z
CREAM-20260829-00994,Richard Evans,Richard Evans,Richard,Evans,richarde@coldwellbanker.com,(415) 859-2203,Coldwell Banker,Coldwell Banker,Grand Prairie,Grand Prairie,TX,79662,20,32,32,10640827,4.6,C,65,Realtor.com,Enterprise (200+ agents),2026-08-29T02:33:21Z
CREAM-20260829-00995,Carl Lee,Carl Lee,Carl,Lee,clee@pacificsothebys.com,(916) 687-3351,Pacific Sotheby's,Pacific Sotheby's,Moreno Valley,Moreno Valley,CA,92478,5,13,13,12732664,4.4,C,73,Referral Network,Mid-size (11-50 agents),2026-08-29T06:05:42Z
CREAM-20260829-00996,Paul Peterson,Paul Peterson,Paul,Peterson,paulp@brownharrisstevens.com,(916) 764-6849,Brown Harris Stevens,Brown Harris Stevens,Hempstead,Hempstead,NY,12796,5,21,21,10553853,4.2,C,96,Website Lead,Mid-size (11-50 agents),2026-08-29T11:31:52Z
CREAM-20260829-00997,John Castillo,John Castillo,John,Castillo,johncastillo@gmail.com,(310) 779-5885,Keller Williams Realty,Keller Williams Realty,Fremont,Fremont,CA,96842,23,76,76,66804426,3.4,C,98,Cold Outreach,Independent,2026-08-29T16:49:08Z
CREAM-20260829-00998,Scott Hill,Scott Hill,Scott,Hill,shill@livsothebys.com,(972) 484-9610,LIV Sotheby's,LIV Sotheby's,Centennial,Centennial,CO,80529,5,18,18,8838794,3.9,C,99,Trade Show,Boutique (2-10 agents),2026-08-29T00:52:39Z
CREAM-20260829-00999,Eugene Wood,Eugene Wood,Eugene,Wood,eugene.wood@outlook.com,(714) 782-3736,Century 21,Century 21,Miramar,Miramar,FL,33273,5,16,16,6423791,3.7,C,71,Website Lead,Mid-size (11-50 agents),2026-08-29T23:00:41Z
CREAM-20260829-01000,Victoria Kelly,Victoria Kelly,Victoria,Kelly,vkelly@aol.com,(513) 843-9748,Pacific Sotheby's,Pacific Sotheby's,Modesto,Modesto,CA,91942,23,75,75,71380098,4.1,C,62,Referral Network,Independent,2026-08-29T06:49:46Z
