id,full_name,name,first_name,last_name,email,phone,brokerage,company,metro_area,city,state,zip,years_experience,transactions_12mo,transactions_last_year,sales_volume,rating,priority,cream_fit_score,source,brokerage_size,scraped_at
CREAM-20260815-00001,Laura Scott,Laura Scott,Laura,Scott,laurascott@yahoo.com,(310) 958-8790,eXp Realty,eXp Realty,Houston,Houston,TX,78635,1,3,3,989424,4.1,A,91,Cold Outreach,Mid-size (11-50 agents),2026-08-15T04:39:35Z
CREAM-20260815-00002,Laura Williams,Laura Williams,Laura,Williams,laura.williams@alliebethallman.com,(303) 831-4980,Allie Beth Allman,Allie Beth Allman,Houston,Houston,TX,79743,9,26,26,10398722,3.1,A,80,Cold Outreach,Boutique (2-10 agents),2026-08-15T16:55:53Z
CREAM-20260815-00003,Michael Watson,Michael Watson,Michael,Watson,michaelwatson@yahoo.com,(929) 215-9126,Pacific Sotheby's,Pacific Sotheby's,San Diego,San Diego,CA,96815,16,77,77,84209599,3.2,A,70,LinkedIn,Enterprise (200+ agents),2026-08-15T18:35:33Z
CREAM-20260815-00004,Samuel Perry,Samuel Perry,Samuel,Perry,samuel_perry@gmail.com,(805) 311-5345,Coldwell Banker,Coldwell Banker,Raleigh,Raleigh,NC,27906,23,77,77,19024500,3.2,A,79,Referral Network,Large (51-200 agents),2026-08-15T13:05:25Z
CREAM-20260815-00005,Samuel Powell,Samuel Powell,Samuel,Powell,samuel_powell@outlook.com,(929) 210-4840,Cutler Real Estate,Cutler Real Estate,Cincinnati,Cincinnati,OH,43518,23,47,47,11698617,3.5,A,90,Cold Outreach,Enterprise (200+ agents),2026-08-15T10:46:03Z
CREAM-20260815-00006,Grace Nelson,Grace Nelson,Grace,Nelson,gracen@me.com,(929) 899-1343,RE/MAX,RE/MAX,Cleveland,Cleveland,OH,44417,14,75,75,18664333,4.0,A,83,Cold Outreach,Large (51-200 agents),2026-08-15T22:31:50Z
CREAM-20260815-00007,Janet Diaz,Janet Diaz,Janet,Diaz,jdiaz@compass.com,(718) 690-5684,Compass,Compass,San Jose,San Jose,CA,91748,17,57,57,36672052,3.0,A,95,NAR Directory,Independent,2026-08-15T15:54:44Z
CREAM-20260815-00008,Cynthia Castillo,Cynthia Castillo,Cynthia,Castillo,cynthia.castillo@re/max.com,(602) 661-4285,RE/MAX,RE/MAX,San Jose,San Jose,CA,92964,22,35,35,31048429,3.2,A,95,NAR Directory,Boutique (2-10 agents),2026-08-15T23:48:55Z
CREAM-20260815-00009,Dennis Baker,Dennis Baker,Dennis,Baker,dennisb@alliebethallman.com,(407) 366-9874,Allie Beth Allman,Allie Beth Allman,San Antonio,San Antonio,TX,75816,22,37,37,9537607,4.3,A,97,Referral Network,Boutique (2-10 agents),2026-08-15T04:33:47Z
CREAM-20260815-00010,Ruth Jackson,Ruth Jackson,Ruth,Jackson,rjackson@me.com,(805) 443-1816,Douglas Elliman,Douglas Elliman,Miami,Miami,FL,33453,18,59,59,21595977,3.9,A,84,Facebook,Large (51-200 agents),2026-08-15T05:24:05Z
CREAM-20260815-00011,Susan Moore,Susan Moore,Susan,Moore,susanm@yahoo.com,(919) 480-3928,Century 21,Century 21,Fort Lauderdale,Fort Lauderdale,FL,32658,14,56,56,21213269,3.3,A,90,Facebook,Boutique (2-10 agents),2026-08-15T09:36:23Z
CREAM-20260815-00012,Kevin Powell,Kevin Powell,Kevin,Powell,kevin.powell@hotmail.com,(929) 571-3223,Keller Williams,Keller Williams,San Antonio,San Antonio,TX,75453,0,0,0,0,4.3,A,82,Brokerage Listings,Large (51-200 agents),2026-08-15T14:19:36Z
CREAM-20260815-00013,Juan Kelly,Juan Kelly,Juan,Kelly,juan_kelly@yahoo.com,(212) 415-3255,eXp Realty,eXp Realty,Raleigh,Raleigh,NC,27539,0,5,5,1561675,3.9,A,67,Brokerage Listings,Boutique (2-10 agents),2026-08-15T22:43:29Z
CREAM-20260815-00014,Rachel Carter,Rachel Carter,Rachel,Carter,rachel_carter@yahoo.com,(704) 705-6224,Nest Seekers,Nest Seekers,Staten Island,Staten Island,NY,10693,4,19,19,14568693,3.2,A,60,Realtor.com,Large (51-200 agents),2026-08-15T20:02:55Z
CREAM-20260815-00015,Stephen Morales,Stephen Morales,Stephen,Morales,stephen.morales@me.com,(305) 889-4061,Keller Williams,Keller Williams,Phoenix,Phoenix,AZ,86871,2,8,8,2720143,3.5,A,90,Website Lead,Large (51-200 agents),2026-08-15T16:22:50Z
CREAM-20260815-00016,Patrick Watson,Patrick Watson,Patrick,Watson,patrickw@compass.com,(614) 452-4556,Compass,Compass,San Jose,San Jose,CA,94386,24,47,47,31063304,3.1,A,61,Referral Network,Boutique (2-10 agents),2026-08-15T18:30:15Z
CREAM-20260815-00017,Debra Taylor,Debra Taylor,Debra,Taylor,dtaylor@outlook.com,(972) 676-9183,RE/MAX,RE/MAX,Charlotte,Charlotte,NC,28212,15,48,48,12452533,3.9,A,67,Cold Outreach,Enterprise (200+ agents),2026-08-15T20:23:31Z
CREAM-20260815-00018,Ashley Sullivan,Ashley Sullivan,Ashley,Sullivan,ashleysullivan@gmail.com,(720) 798-3668,Berkshire Hathaway HomeServices,Berkshire Hathaway HomeServices,Long Beach,Long Beach,CA,91850,5,8,8,6175699,3.4,A,75,Website Lead,Boutique (2-10 agents),2026-08-15T15:33:15Z
CREAM-20260815-00019,Jason Gutierrez,Jason Gutierrez,Jason,Gutierrez,jgutierrez@aol.com,(512) 530-9430,Berkshire Hathaway,Berkshire Hathaway,Aurora,Aurora,CO,80808,25,39,39,16755589,4.0,A,62,Brokerage Listings,Independent,2026-08-15T21:23:22Z
CREAM-20260815-00020,Benjamin Nguyen,Benjamin Nguyen,Benjamin,Nguyen,bnguyen@re/max.com,(512) 607-3507,RE/MAX,RE/MAX,Columbus,Columbus,OH,45618,16,78,78,17212182,4.4,A,92,MLS Database,Independent,2026-08-15T04:26:56Z
CREAM-20260815-00021,Alexander Myers,Alexander Myers,Alexander,Myers,alexanderm@icloud.com,(980) 352-4767,RE/MAX,RE/MAX,San Francisco,San Francisco,CA,90621,4,16,16,9717314,3.3,A,67,Referral Network,Mid-size (11-50 agents),2026-08-15T02:06:17Z
CREAM-20260815-00022,Justin Baker,Justin Baker,Justin,Baker,justinbaker@yahoo.com,(512) 565-9321,Sotheby's International,Sotheby's International,Bronx,Bronx,NY,11388,0,2,2,1577930,4.9,A,63,MLS Database,Boutique (2-10 agents),2026-08-15T23:32:44Z
CREAM-20260815-00023,Michelle Morgan,Michelle Morgan,Michelle,Morgan,michelle.morgan@exprealty.com,(212) 918-6357,eXp Realty,eXp Realty,Greensboro,Greensboro,NC,28775,6,32,32,11559740,3.5,A,69,Cold Outreach,Independent,2026-08-15T19:56:08Z
CREAM-20260815-00024,Alexander Gray,Alexander Gray,Alexander,Gray,alexanderg@gmail.com,(602) 467-2295,Douglas Elliman,Douglas Elliman,Miami,Miami,FL,32169,5,25,25,8432572,4.4,A,87,LinkedIn,Large (51-200 agents),2026-08-15T05:51:28Z
CREAM-20260815-00025,Brenda Coleman,Brenda Coleman,Brenda,Coleman,brendacoleman@gmail.com,(718) 702-6217,Keller Williams,Keller Williams,Denver,Denver,CO,81406,4,12,12,8406114,4.5,A,79,Facebook,Large (51-200 agents),2026-08-15T05:11:42Z
CREAM-20260815-00026,Nicole Jenkins,Nicole Jenkins,Nicole,Jenkins,nicole_jenkins@gmail.com,(512) 587-4468,Corcoran Group,Corcoran Group,Queens,Queens,NY,13466,9,35,35,22679290,4.0,A,100,MLS Database,Mid-size (11-50 agents),2026-08-15T04:22:09Z
CREAM-20260815-00027,Julia Stewart,Julia Stewart,Julia,Stewart,julia_stewart@icloud.com,(404) 581-1156,Sotheby's International,Sotheby's International,Long Beach,Long Beach,CA,95611,1,6,6,6275555,4.0,A,80,Cold Outreach,Boutique (2-10 agents),2026-08-15T11:58:30Z
CREAM-20260815-00028,Louis Foster,Louis Foster,Louis,Foster,lfoster@me.com,(407) 641-4134,Russell Lyon Sotheby's,Russell Lyon Sotheby's,Phoenix,Phoenix,AZ,86288,4,19,19,8696427,3.1,A,76,NAR Directory,Mid-size (11-50 agents),2026-08-15T07:52:03Z
CREAM-20260815-00029,Lisa Parker,Lisa Parker,Lisa,Parker,lisa.parker@8zrealestate.com,(214) 609-1264,8z Real Estate,8z Real Estate,Denver,Denver,CO,81473,22,55,55,23786006,3.6,A,89,LinkedIn,Independent,2026-08-15T14:13:01Z
CREAM-20260815-00030,Michelle Garcia,Michelle Garcia,Michelle,Garcia,michelle.garcia@compass.com,(720) 383-4963,Compass,Compass,Queens,Queens,NY,11270,9,35,35,28301271,3.6,A,65,MLS Database,Mid-size (11-50 agents),2026-08-15T14:53:33Z
CREAM-20260815-00031,Samantha Young,Samantha Young,Samantha,Young,samantha.young@hotmail.com,(916) 490-4406,Coldwell Banker,Coldwell Banker,Phoenix,Phoenix,AZ,85296,4,25,25,8508986,4.0,A,61,Website Lead,Independent,2026-08-15T09:05:17Z
CREAM-20260815-00032,Karen Brooks,Karen Brooks,Karen,Brooks,karenbrooks@gmail.com,(714) 373-1496,eXp Realty,eXp Realty,Austin,Austin,TX,79864,5,25,25,7840907,3.0,A,81,Referral Network,Large (51-200 agents),2026-08-15T10:38:03Z
CREAM-20260815-00033,Christine Lee,Christine Lee,Christine,Lee,christine_lee@hotmail.com,(718) 963-4686,Halstead,Halstead,Queens,Queens,NY,13695,4,14,14,9587678,3.6,A,91,Trade Show,Mid-size (11-50 agents),2026-08-15T00:37:37Z
CREAM-20260815-00034,Steven Mitchell,Steven Mitchell,Steven,Mitchell,stevenmitchell@outlook.com,(720) 872-9197,Coldwell Banker,Coldwell Banker,Houston,Houston,TX,76885,7,35,35,10150029,3.2,A,78,LinkedIn,Boutique (2-10 agents),2026-08-15T12:31:18Z
CREAM-20260815-00035,Ryan Roberts,Ryan Roberts,Ryan,Roberts,ryanr@aol.com,(929) 567-9077,Berkshire Hathaway,Berkshire Hathaway,Orlando,Orlando,FL,33906,18,49,49,18286104,3.7,A,80,Cold Outreach,Enterprise (200+ agents),2026-08-15T09:49:53Z
CREAM-20260815-00036,Daniel Sanders,Daniel Sanders,Daniel,Sanders,daniel_sanders@aol.com,(718) 530-9281,Brown Harris Stevens,Brown Harris Stevens,Bronx,Bronx,NY,10615,3,13,13,8474225,3.6,A,86,Realtor.com,Boutique (2-10 agents),2026-08-15T06:08:31Z
CREAM-20260815-00037,Arthur Ramos,Arthur Ramos,Arthur,Ramos,arthur.ramos@me.com,(916) 428-3948,Coldwell Banker,Coldwell Banker,Miami,Miami,FL,34429,2,8,8,2893533,3.8,A,90,Referral Network,Enterprise (200+ agents),2026-08-15T13:21:13Z
CREAM-20260815-00038,Margaret Myers,Margaret Myers,Margaret,Myers,mmyers@compass.com,(334) 516-2709,Compass,Compass,Greensboro,Greensboro,NC,28846,16,64,64,23315299,3.2,A,99,Cold Outreach,Boutique (2-10 agents),2026-08-15T18:43:30Z
CREAM-20260815-00039,Samantha Edwards,Samantha Edwards,Samantha,Edwards,samanthae@hotmail.com,(646) 705-8127,Nest Seekers,Nest Seekers,Brooklyn,Brooklyn,NY,14435,11,64,64,53493054,4.6,A,64,LinkedIn,Boutique (2-10 agents),2026-08-15T02:03:31Z
CREAM-20260815-00040,Ruth Peterson,Ruth Peterson,Ruth,Peterson,rpeterson@berkshirehathaway.com,(704) 797-6162,Berkshire Hathaway,Berkshire Hathaway,St. Petersburg,St. Petersburg,FL,34568,19,60,60,27643917,4.3,A,88,LinkedIn,Boutique (2-10 agents),2026-08-15T04:55:34Z
CREAM-20260815-00041,Raymond Sanchez,Raymond Sanchez,Raymond,Sanchez,raymondsanchez@hotmail.com,(786) 700-3165,Corcoran Group,Corcoran Group,Bronx,Bronx,NY,11597,21,54,54,27602946,4.1,A,72,MLS Database,Independent,2026-08-15T10:53:20Z
CREAM-20260815-00042,Justin Jackson,Justin Jackson,Justin,Jackson,justinj@exprealty.com,(805) 296-3042,eXp Realty,eXp Realty,Jacksonville,Jacksonville,FL,33997,2,5,5,1714429,4.7,A,83,Brokerage Listings,Boutique (2-10 agents),2026-08-15T19:49:59Z
CREAM-20260815-00043,Ralph Powell,Ralph Powell,Ralph,Powell,rpowell@re/max.com,(916) 700-3651,RE/MAX,RE/MAX,Columbus,Columbus,OH,44400,0,5,5,1062751,3.4,A,72,Website Lead,Mid-size (11-50 agents),2026-08-15T20:45:28Z
CREAM-20260815-00044,Larry Martinez,Larry Martinez,Larry,Martinez,larrym@kellerwilliams.com,(303) 999-2756,Keller Williams,Keller Williams,Raleigh,Raleigh,NC,27150,7,35,35,10718304,3.1,A,95,Realtor.com,Large (51-200 agents),2026-08-15T09:01:43Z
CREAM-20260815-00045,Ryan Lewis,Ryan Lewis,Ryan,Lewis,ryan.lewis@aol.com,(713) 496-7235,Keller Williams Realty,Keller Williams Realty,Long Beach,Long Beach,CA,95790,5,15,15,11064772,3.3,A,65,NAR Directory,Large (51-200 agents),2026-08-15T08:09:59Z
CREAM-20260815-00046,Lauren Reyes,Lauren Reyes,Lauren,Reyes,laurenreyes@outlook.com,(415) 435-4420,RE/MAX,RE/MAX,Scottsdale,Scottsdale,AZ,85877,3,24,24,9104791,3.8,A,91,Referral Network,Independent,2026-08-15T05:22:17Z
CREAM-20260815-00047,Stephen Smith,Stephen Smith,Stephen,Smith,stephens@me.com,(972) 308-3975,Halstead,Halstead,Queens,Queens,NY,13830,21,48,48,33882694,3.8,A,100,Referral Network,Mid-size (11-50 agents),2026-08-15T02:20:01Z
CREAM-20260815-00048,Kathleen Smith,Kathleen Smith,Kathleen,Smith,kathleen.smith@yahoo.com,(415) 230-6324,RE/MAX,RE/MAX,Cleveland,Cleveland,OH,44696,0,3,3,908324,4.9,A,67,Referral Network,Boutique (2-10 agents),2026-08-15T01:59:45Z
CREAM-20260815-00049,Carolyn Foster,Carolyn Foster,Carolyn,Foster,carolyn.foster@herrealtors.com,(704) 889-2058,HER Realtors,HER Realtors,Cincinnati,Cincinnati,OH,43123,4,15,15,3113374,3.9,A,67,Facebook,Boutique (2-10 agents),2026-08-15T03:33:21Z
CREAM-20260815-00050,Catherine Diaz,Catherine Diaz,Catherine,Diaz,catherine_diaz@icloud.com,(305) 468-2829,Allie Beth Allman,Allie Beth Allman,Fort Worth,Fort Worth,TX,78557,17,46,46,13235231,4.2,A,61,MLS Database,Mid-size (11-50 agents),2026-08-15T12:11:40Z
CREAM-20260815-00051,Debra Ramirez,Debra Ramirez,Debra,Ramirez,dramirez@gmail.com,(310) 480-9204,Sotheby's International,Sotheby's International,Oakland,Oakland,CA,91126,19,39,39,33542639,4.5,A,76,MLS Database,Large (51-200 agents),2026-08-15T02:41:01Z
CREAM-20260815-00052,Alan Cruz,Alan Cruz,Alan,Cruz,alan.cruz@brownharrisstevens.com,(305) 465-5210,Brown Harris Stevens,Brown Harris Stevens,Queens,Queens,NY,10743,5,22,22,11962061,4.6,A,95,MLS Database,Boutique (2-10 agents),2026-08-15T04:04:07Z
CREAM-20260815-00053,Sarah Williams,Sarah Williams,Sarah,Williams,sarah_williams@hotmail.com,(212) 817-4807,Coldwell Banker,Coldwell Banker,San Antonio,San Antonio,TX,75914,19,26,26,9653918,3.9,A,90,NAR Directory,Mid-size (11-50 agents),2026-08-15T11:02:47Z
CREAM-20260815-00054,Kevin Kelly,Kevin Kelly,Kevin,Kelly,kevink@me.com,(334) 217-3031,8z Real Estate,8z Real Estate,Colorado Springs,Colorado Springs,CO,81180,12,75,75,45744587,4.2,A,75,Facebook,Large (51-200 agents),2026-08-15T01:58:52Z
CREAM-20260815-00055,Patricia Jones,Patricia Jones,Patricia,Jones,patriciaj@icloud.com,(646) 691-1099,Berkshire Hathaway,Berkshire Hathaway,Tucson,Tucson,AZ,85588,24,25,25,7700572,3.1,A,82,Brokerage Listings,Enterprise (200+ agents),2026-08-15T00:46:25Z
CREAM-20260815-00056,Michael Ramos,Michael Ramos,Michael,Ramos,mramos@brownharrisstevens.com,(646) 543-1100,Brown Harris Stevens,Brown Harris Stevens,New York City,New York City,NY,12179,4,19,19,15224059,3.3,A,63,Website Lead,Independent,2026-08-15T17:27:40Z
CREAM-20260815-00057,Matthew Jones,Matthew Jones,Matthew,Jones,matthew_jones@hotmail.com,(916) 891-5007,Keller Williams Realty,Keller Williams Realty,Long Beach,Long Beach,CA,93152,20,68,68,50501425,5.0,A,74,Cold Outreach,Independent,2026-08-15T00:15:48Z
CREAM-20260815-00058,Andrew Alexander,Andrew Alexander,Andrew,Alexander,aalexander@outlook.com,(704) 530-4097,Huntington Real Estate,Huntington Real Estate,Cleveland,Cleveland,OH,45867,6,29,29,8469635,3.2,A,60,LinkedIn,Independent,2026-08-15T06:23:14Z
CREAM-20260815-00059,Betty Diaz,Betty Diaz,Betty,Diaz,bdiaz@re/max.com,(980) 602-3336,RE/MAX,RE/MAX,Charlotte,Charlotte,NC,27794,25,33,33,10331208,4.9,A,91,LinkedIn,Enterprise (200+ agents),2026-08-15T12:05:37Z
CREAM-20260815-00060,Theresa Sanchez,Theresa Sanchez,Theresa,Sanchez,theresa.sanchez@coldwellbanker.com,(602) 758-6738,Coldwell Banker,Coldwell Banker,Cincinnati,Cincinnati,OH,45361,0,5,5,955615,3.1,A,69,LinkedIn,Boutique (2-10 agents),2026-08-15T10:18:15Z
CREAM-20260815-00061,Wayne Gomez,Wayne Gomez,Wayne,Gomez,wayne.gomez@me.com,(407) 401-8340,Compass,Compass,Tampa,Tampa,FL,33631,23,77,77,23783312,3.7,A,80,Cold Outreach,Boutique (2-10 agents),2026-08-15T22:28:50Z
CREAM-20260815-00062,Stephen Price,Stephen Price,Stephen,Price,stephen_price@me.com,(234) 610-7365,Keller Williams Realty,Keller Williams Realty,Orlando,Orlando,FL,32220,7,35,35,15729785,4.5,A,88,Facebook,Mid-size (11-50 agents),2026-08-15T21:25:38Z
CREAM-20260815-00063,Charles Ruiz,Charles Ruiz,Charles,Ruiz,charlesr@icloud.com,(407) 344-6991,Huntington Real Estate,Huntington Real Estate,Columbus,Columbus,OH,44707,8,17,17,4615434,4.4,A,78,Realtor.com,Mid-size (11-50 agents),2026-08-15T16:34:34Z
CREAM-20260815-00064,Olivia Foster,Olivia Foster,Olivia,Foster,oliviaf@exprealty.com,(407) 754-8891,eXp Realty,eXp Realty,Aurora,Aurora,CO,81430,3,18,18,12180843,3.7,A,64,Referral Network,Enterprise (200+ agents),2026-08-15T05:45:01Z
CREAM-20260815-00065,Margaret Mitchell,Margaret Mitchell,Margaret,Mitchell,margaretm@gmail.com,(646) 468-9861,RE/MAX,RE/MAX,Sacramento,Sacramento,CA,93559,9,30,30,27605315,3.6,A,94,Facebook,Boutique (2-10 agents),2026-08-15T04:46:56Z
CREAM-20260815-00066,Andrew Perry,Andrew Perry,Andrew,Perry,andrewperry@yahoo.com,(310) 719-8932,Cutler Real Estate,Cutler Real Estate,Cincinnati,Cincinnati,OH,45192,10,29,29,7415339,5.0,A,95,NAR Directory,Mid-size (11-50 agents),2026-08-15T07:40:29Z
CREAM-20260815-00067,Patricia Martinez,Patricia Martinez,Patricia,Martinez,patriciam@douglaselliman.com,(704) 887-8868,Douglas Elliman,Douglas Elliman,Manhattan,Manhattan,NY,13482,2,7,7,3647560,3.4,A,86,NAR Directory,Boutique (2-10 agents),2026-08-15T04:29:43Z
CREAM-20260815-00068,Lauren Baker,Lauren Baker,Lauren,Baker,lbaker@re/max.com,(929) 250-5727,RE/MAX,RE/MAX,Columbus,Columbus,OH,44874,5,11,11,3347534,5.0,A,98,Facebook,Mid-size (11-50 agents),2026-08-15T01:35:03Z
CREAM-20260815-00069,Laura Richardson,Laura Richardson,Laura,Richardson,lrichardson@cutlerrealestate.com,(512) 666-5685,Cutler Real Estate,Cutler Real Estate,Cincinnati,Cincinnati,OH,44519,24,58,58,15677968,4.3,A,87,Referral Network,Independent,2026-08-15T14:20:51Z
CREAM-20260815-00070,Patricia Fisher,Patricia Fisher,Patricia,Fisher,patricia.fisher@outlook.com,(919) 320-1082,Huntington Real Estate,Huntington Real Estate,Columbus,Columbus,OH,45696,14,66,66,20436633,3.5,A,73,Trade Show,Independent,2026-08-15T18:28:11Z
CREAM-20260815-00071,Susan Price,Susan Price,Susan,Price,susanprice@gmail.com,(310) 982-5079,8z Real Estate,8z Real Estate,Aurora,Aurora,CO,80902,11,29,29,18960631,4.0,A,99,Referral Network,Large (51-200 agents),2026-08-15T17:41:14Z
CREAM-20260815-00072,David Hernandez,David Hernandez,David,Hernandez,dhernandez@hotmail.com,(334) 799-2245,Keller Williams Realty,Keller Williams Realty,Miami,Miami,FL,34146,5,14,14,7157912,3.9,A,85,Brokerage Listings,Enterprise (200+ agents),2026-08-15T22:13:00Z
CREAM-20260815-00073,Megan Russell,Megan Russell,Megan,Russell,meganr@hotmail.com,(305) 748-2085,Pacific Sotheby's,Pacific Sotheby's,Sacramento,Sacramento,CA,91613,23,41,41,33141210,4.5,A,84,Realtor.com,Independent,2026-08-15T22:46:17Z
CREAM-20260815-00074,Betty Garcia,Betty Garcia,Betty,Garcia,bgarcia@gmail.com,(303) 513-2390,Douglas Elliman,Douglas Elliman,Houston,Houston,TX,77320,2,5,5,2274738,4.0,A,97,Facebook,Mid-size (11-50 agents),2026-08-15T16:40:02Z
CREAM-20260815-00075,Samantha Johnson,Samantha Johnson,Samantha,Johnson,samantha.johnson@yahoo.com,(469) 506-2465,LIV Sotheby's,LIV Sotheby's,Aurora,Aurora,CO,81992,25,62,62,35413099,4.8,A,97,MLS Database,Mid-size (11-50 agents),2026-08-15T00:24:45Z
CREAM-20260815-00076,Alan Evans,Alan Evans,Alan,Evans,alan.evans@yahoo.com,(714) 355-3673,LIV Sotheby's,LIV Sotheby's,Colorado Springs,Colorado Springs,CO,80368,21,69,69,44701950,3.0,A,76,LinkedIn,Enterprise (200+ agents),2026-08-15T09:11:36Z
CREAM-20260815-00077,Benjamin Bennett,Benjamin Bennett,Benjamin,Bennett,benjaminb@me.com,(513) 856-6359,Coldwell Banker,Coldwell Banker,Raleigh,Raleigh,NC,28313,20,50,50,14424123,4.1,A,68,MLS Database,Large (51-200 agents),2026-08-15T06:00:54Z
CREAM-20260815-00078,Thomas Reed,Thomas Reed,Thomas,Reed,treed@kellerwilliams.com,(786) 975-4722,Keller Williams,Keller Williams,Denver,Denver,CO,81736,12,60,60,26907555,4.0,A,79,Trade Show,Large (51-200 agents),2026-08-15T20:55:23Z
CREAM-20260815-00079,Peter Ruiz,Peter Ruiz,Peter,Ruiz,peterruiz@gmail.com,(469) 240-9835,eXp Realty,eXp Realty,Miami,Miami,FL,33856,15,30,30,16363672,3.3,A,67,Facebook,Boutique (2-10 agents),2026-08-15T14:57:48Z
CREAM-20260815-00080,Carolyn Hernandez,Carolyn Hernandez,Carolyn,Hernandez,chernandez@hotmail.com,(720) 222-4323,LIV Sotheby's,LIV Sotheby's,Aurora,Aurora,CO,81375,21,61,61,24862780,3.3,A,77,Trade Show,Enterprise (200+ agents),2026-08-15T07:22:38Z
CREAM-20260815-00081,Thomas Scott,Thomas Scott,Thomas,Scott,thomass@me.com,(234) 815-3704,Keller Williams,Keller Williams,Fort Worth,Fort Worth,TX,79193,3,18,18,5257995,3.8,A,73,Realtor.com,Mid-size (11-50 agents),2026-08-15T18:05:37Z
CREAM-20260815-00082,Shirley Lopez,Shirley Lopez,Shirley,Lopez,shirleyl@icloud.com,(786) 614-5544,eXp Realty,eXp Realty,Miami,Miami,FL,34952,2,11,11,3769272,4.2,A,90,Realtor.com,Enterprise (200+ agents),2026-08-15T08:52:07Z
CREAM-20260815-00083,Olivia Harris,Olivia Harris,Olivia,Harris,oliviah@gmail.com,(305) 880-4114,RE/MAX,RE/MAX,St. Petersburg,St. Petersburg,FL,32831,2,6,6,2826923,4.6,A,63,Referral Network,Mid-size (11-50 agents),2026-08-15T15:05:32Z
CREAM-20260815-00084,Matthew Bailey,Matthew Bailey,Matthew,Bailey,matthewb@coldwellbanker.com,(512) 311-2104,Coldwell Banker,Coldwell Banker,Tampa,Tampa,FL,33207,25,41,41,20136026,3.9,A,62,LinkedIn,Large (51-200 agents),2026-08-15T20:00:00Z
CREAM-20260815-00085,Katherine Ruiz,Katherine Ruiz,Katherine,Ruiz,katheriner@cutlerrealestate.com,(916) 924-3948,Cutler Real Estate,Cutler Real Estate,Cleveland,Cleveland,OH,45952,13,28,28,5825500,3.3,A,84,Brokerage Listings,Large (51-200 agents),2026-08-15T07:23:09Z
CREAM-20260815-00086,Megan Smith,Megan Smith,Megan,Smith,megan.smith@icloud.com,(256) 851-1663,Briggs Freeman Sotheby's,Briggs Freeman Sotheby's,Austin,Austin,TX,78846,4,25,25,9858692,3.3,A,75,NAR Directory,Large (51-200 agents),2026-08-15T00:28:34Z
CREAM-20260815-00087,Lisa Morales,Lisa Morales,Lisa,Morales,lisa.morales@livsothebys.com,(805) 995-7947,LIV Sotheby's,LIV Sotheby's,Aurora,Aurora,CO,80879,0,0,0,0,4.6,A,100,Trade Show,Boutique (2-10 agents),2026-08-15T18:52:45Z
CREAM-20260815-00088,Kevin White,Kevin White,Kevin,White,kevin_white@hotmail.com,(407) 904-9222,eXp Realty,eXp Realty,Sacramento,Sacramento,CA,94247,15,57,57,47636324,4.6,A,68,Realtor.com,Boutique (2-10 agents),2026-08-15T18:06:24Z
CREAM-20260815-00089,Kimberly Taylor,Kimberly Taylor,Kimberly,Taylor,ktaylor@gmail.com,(404) 539-8334,Coldwell Banker,Coldwell Banker,Tampa,Tampa,FL,32777,1,6,6,2458424,4.2,A,100,Website Lead,Mid-size (11-50 agents),2026-08-15T20:36:50Z
CREAM-20260815-00090,Raymond Myers,Raymond Myers,Raymond,Myers,raymond.myers@gmail.com,(614) 793-1760,Douglas Elliman,Douglas Elliman,Brooklyn,Brooklyn,NY,11647,20,43,43,26407376,3.1,A,61,MLS Database,Mid-size (11-50 agents),2026-08-15T09:53:40Z
CREAM-20260815-00091,Heather Reed,Heather Reed,Heather,Reed,heatherreed@hotmail.com,(513) 461-7672,Compass,Compass,Colorado Springs,Colorado Springs,CO,80308,1,6,6,3556896,4.2,A,68,Brokerage Listings,Enterprise (200+ agents),2026-08-15T02:38:27Z
CREAM-20260815-00092,Gloria Edwards,Gloria Edwards,Gloria,Edwards,gloriae@me.com,(310) 242-2629,Coldwell Banker,Coldwell Banker,Cincinnati,Cincinnati,OH,43214,3,16,16,3444060,4.5,A,87,Referral Network,Mid-size (11-50 agents),2026-08-15T12:50:21Z
CREAM-20260815-00093,Juan Rivera,Juan Rivera,Juan,Rivera,juan_rivera@aol.com,(512) 494-1063,Coldwell Banker,Coldwell Banker,San Jose,San Jose,CA,90131,1,6,6,5974823,4.8,A,85,LinkedIn,Enterprise (200+ agents),2026-08-15T15:12:06Z
CREAM-20260815-00094,Amanda Ross,Amanda Ross,Amanda,Ross,amandaross@outlook.com,(714) 403-3011,Halstead,Halstead,Manhattan,Manhattan,NY,11480,11,58,58,27813184,4.4,A,61,Trade Show,Mid-size (11-50 agents),2026-08-15T20:44:21Z
CREAM-20260815-00095,Ruth Morris,Ruth Morris,Ruth,Morris,rmorris@re/max.com,(972) 935-2337,RE/MAX,RE/MAX,San Antonio,San Antonio,TX,78450,21,31,31,11422500,3.1,A,84,Website Lead,Independent,2026-08-15T19:39:17Z
CREAM-20260815-00096,Karen Ramos,Karen Ramos,Karen,Ramos,karenramos@outlook.com,(614) 574-7909,RE/MAX,RE/MAX,Cleveland,Cleveland,OH,44957,1,4,4,1175949,4.8,A,80,Cold Outreach,Mid-size (11-50 agents),2026-08-15T04:10:09Z
CREAM-20260815-00097,George Robinson,George Robinson,George,Robinson,george_robinson@icloud.com,(720) 214-2363,eXp Realty,eXp Realty,Houston,Houston,TX,78845,19,44,44,19583966,4.0,A,95,Website Lead,Mid-size (11-50 agents),2026-08-15T11:15:05Z
CREAM-20260815-00098,Daniel Richardson,Daniel Richardson,Daniel,Richardson,drichardson@sothebysinternational.com,(713) 203-8922,Sotheby's International,Sotheby's International,San Diego,San Diego,CA,93352,4,8,8,7052268,4.6,A,91,Brokerage Listings,Large (51-200 agents),2026-08-15T15:19:24Z
CREAM-20260815-00099,Natalie Hernandez,Natalie Hernandez,Natalie,Hernandez,nhernandez@kellerwilliams.com,(704) 586-3238,Keller Williams,Keller Williams,Cleveland,Cleveland,OH,44354,0,4,4,737736,4.7,A,83,Brokerage Listings,Enterprise (200+ agents),2026-08-15T04:47:59Z
CREAM-20260815-00100,Betty Coleman,Betty Coleman,Betty,Coleman,betty_coleman@hotmail.com,(415) 791-3810,Compass,Compass,San Diego,San Diego,CA,96107,19,58,58,36299094,3.0,A,88,Cold Outreach,Mid-size (11-50 agents),2026-08-15T20:37:35Z
CREAM-20260815-00101,Rebecca Bennett,Rebecca Bennett,Rebecca,Bennett,rebeccab@gmail.com,(980) 739-1461,Sotheby's International,Sotheby's International,San Francisco,San Francisco,CA,96539,2,8,8,5080799,4.2,A,88,Brokerage Listings,Boutique (2-10 agents),2026-08-15T18:43:48Z
CREAM-20260815-00102,Arthur Anderson,Arthur Anderson,Arthur,Anderson,arthur.anderson@homesmart.com,(512) 634-7059,HomeSmart,HomeSmart,Mesa,Mesa,AZ,86823,6,29,29,13214037,3.4,A,81,Cold Outreach,Large (51-200 agents),2026-08-15T23:00:11Z
CREAM-20260815-00103,Linda Reed,Linda Reed,Linda,Reed,linda_reed@aol.com,(513) 481-8834,eXp Realty,eXp Realty,Fort Worth,Fort Worth,TX,75921,13,60,60,16295945,4.1,A,67,Brokerage Listings,Independent,2026-08-15T14:57:07Z
CREAM-20260815-00104,Jason Jenkins,Jason Jenkins,Jason,Jenkins,jasonj@howardhanna.com,(718) 511-8271,Howard Hanna,Howard Hanna,Raleigh,Raleigh,NC,27651,4,20,20,6604306,4.1,A,93,Cold Outreach,Large (51-200 agents),2026-08-15T04:12:19Z
CREAM-20260815-00105,Rebecca Perez,Rebecca Perez,Rebecca,Perez,rebecca.perez@kellerwilliams.com,(512) 604-8384,Keller Williams,Keller Williams,Raleigh,Raleigh,NC,27521,2,5,5,1434579,4.6,A,82,Brokerage Listings,Independent,2026-08-15T10:14:46Z
CREAM-20260815-00106,Andrew Ramos,Andrew Ramos,Andrew,Ramos,andrew_ramos@outlook.com,(310) 652-3094,RE/MAX,RE/MAX,San Diego,San Diego,CA,94330,4,11,11,8601774,4.5,A,92,Cold Outreach,Mid-size (11-50 agents),2026-08-15T17:21:23Z
CREAM-20260815-00107,Elizabeth Perez,Elizabeth Perez,Elizabeth,Perez,elizabethp@hotmail.com,(718) 991-4554,Compass,Compass,Queens,Queens,NY,12918,7,16,16,10962389,4.7,A,84,Brokerage Listings,Enterprise (200+ agents),2026-08-15T18:22:26Z
CREAM-20260815-00108,Robert Wilson,Robert Wilson,Robert,Wilson,robert_wilson@gmail.com,(512) 649-4047,Coldwell Banker,Coldwell Banker,Columbus,Columbus,OH,45926,13,42,42,11493944,3.7,A,99,LinkedIn,Mid-size (11-50 agents),2026-08-15T21:20:59Z
CREAM-20260815-00109,Kevin Rivera,Kevin Rivera,Kevin,Rivera,kevinrivera@hotmail.com,(512) 444-5004,Keller Williams Realty,Keller Williams Realty,Tampa,Tampa,FL,34601,22,77,77,36136930,4.0,A,85,Trade Show,Boutique (2-10 agents),2026-08-15T19:45:32Z
CREAM-20260815-00110,Christopher Wood,Christopher Wood,Christopher,Wood,christopher_wood@aol.com,(972) 284-7918,Keller Williams,Keller Williams,Scottsdale,Scottsdale,AZ,86215,2,4,4,1824375,4.2,A,66,Referral Network,Enterprise (200+ agents),2026-08-15T22:10:33Z
CREAM-20260815-00111,Margaret Gutierrez,Margaret Gutierrez,Margaret,Gutierrez,margaretg@nestseekers.com,(786) 991-6933,Nest Seekers,Nest Seekers,Queens,Queens,NY,14194,1,9,9,7519394,4.0,A,86,Realtor.com,Mid-size (11-50 agents),2026-08-15T07:10:49Z
CREAM-20260815-00112,Michael Taylor,Michael Taylor,Michael,Taylor,michael.taylor@yahoo.com,(310) 453-7505,eXp Realty,eXp Realty,Dallas,Dallas,TX,77662,4,12,12,5366689,3.8,A,95,NAR Directory,Enterprise (200+ agents),2026-08-15T06:53:08Z
CREAM-20260815-00113,Lauren Brooks,Lauren Brooks,Lauren,Brooks,laurenbrooks@outlook.com,(602) 706-5179,Douglas Elliman,Douglas Elliman,Houston,Houston,TX,79539,3,15,15,3678681,4.3,A,69,LinkedIn,Mid-size (11-50 agents),2026-08-15T15:55:22Z
CREAM-20260815-00114,Eric Reed,Eric Reed,Eric,Reed,ericr@berkshirehathaway.com,(714) 977-6121,Berkshire Hathaway,Berkshire Hathaway,Cincinnati,Cincinnati,OH,44835,1,11,11,2965424,4.8,A,68,LinkedIn,Independent,2026-08-15T13:50:33Z
CREAM-20260815-00115,Walter Russell,Walter Russell,Walter,Russell,walter_russell@icloud.com,(415) 548-4544,Coldwell Banker,Coldwell Banker,Scottsdale,Scottsdale,AZ,86950,5,8,8,3384050,4.4,A,92,Cold Outreach,Independent,2026-08-15T18:42:26Z
CREAM-20260815-00116,Juan Myers,Juan Myers,Juan,Myers,juan.myers@gmail.com,(916) 293-6839,Howard Hanna,Howard Hanna,Greensboro,Greensboro,NC,27104,2,8,8,2395572,3.4,A,60,LinkedIn,Boutique (2-10 agents),2026-08-15T18:58:49Z
CREAM-20260815-00117,Timothy Evans,Timothy Evans,Timothy,Evans,timothy.evans@gmail.com,(512) 966-4259,Nest Seekers,Nest Seekers,New York City,New York City,NY,11730,3,10,10,8160903,3.2,A,88,Brokerage Listings,Enterprise (200+ agents),2026-08-15T06:09:47Z
CREAM-20260815-00118,Katherine Brooks,Katherine Brooks,Katherine,Brooks,katherine_brooks@outlook.com,(469) 229-8686,eXp Realty,eXp Realty,San Francisco,San Francisco,CA,92446,4,22,22,14342270,3.1,A,93,Facebook,Large (51-200 agents),2026-08-15T14:58:54Z
CREAM-20260815-00119,Catherine Alexander,Catherine Alexander,Catherine,Alexander,catherinea@outlook.com,(720) 362-4031,eXp Realty,eXp Realty,Los Angeles,Los Angeles,CA,90591,18,61,61,44835926,4.4,A,95,Website Lead,Enterprise (200+ agents),2026-08-15T12:54:54Z
CREAM-20260815-00120,Joshua Foster,Joshua Foster,Joshua,Foster,joshuafoster@outlook.com,(212) 671-3262,Coldwell Banker,Coldwell Banker,Phoenix,Phoenix,AZ,85683,5,13,13,4285439,3.2,A,100,NAR Directory,Independent,2026-08-15T14:53:30Z
CREAM-20260815-00121,Victoria Morales,Victoria Morales,Victoria,Morales,victoriam@me.com,(929) 817-1076,RE/MAX,RE/MAX,Los Angeles,Los Angeles,CA,90253,4,11,11,6847656,3.7,A,94,Referral Network,Enterprise (200+ agents),2026-08-15T11:10:42Z
CREAM-20260815-00122,Christopher Howard,Christopher Howard,Christopher,Howard,choward@hotmail.com,(602) 425-7549,Keller Williams Realty,Keller Williams Realty,San Francisco,San Francisco,CA,94107,1,3,3,2229541,4.8,A,94,Realtor.com,Boutique (2-10 agents),2026-08-15T06:42:29Z
CREAM-20260815-00123,Donna Watson,Donna Watson,Donna,Watson,donnaw@yahoo.com,(305) 298-3790,Russell Lyon Sotheby's,Russell Lyon Sotheby's,Mesa,Mesa,AZ,86929,9,23,23,11477780,4.7,A,60,NAR Directory,Independent,2026-08-15T11:26:06Z
CREAM-20260815-00124,Carol Rivera,Carol Rivera,Carol,Rivera,carol.rivera@briggsfreemansothebys.com,(404) 757-5080,Briggs Freeman Sotheby's,Briggs Freeman Sotheby's,Fort Worth,Fort Worth,TX,79785,3,9,9,3451265,4.9,A,98,Referral Network,Large (51-200 agents),2026-08-15T10:04:52Z
CREAM-20260815-00125,Anthony Nguyen,Anthony Nguyen,Anthony,Nguyen,anthonynguyen@gmail.com,(513) 333-2908,Compass,Compass,Staten Island,Staten Island,NY,10546,22,39,39,31351625,3.7,A,85,MLS Database,Enterprise (200+ agents),2026-08-15T03:50:06Z
CREAM-20260815-00126,Danielle Green,Danielle Green,Danielle,Green,danielle.green@aol.com,(718) 483-8841,Allen Tate,Allen Tate,Raleigh,Raleigh,NC,28919,3,8,8,3002938,4.6,A,87,Website Lead,Mid-size (11-50 agents),2026-08-15T15:32:05Z
CREAM-20260815-00127,Lauren Diaz,Lauren Diaz,Lauren,Diaz,lauren_diaz@aol.com,(234) 439-6547,Keller Williams,Keller Williams,Columbus,Columbus,OH,45340,23,36,36,9579630,3.1,A,96,LinkedIn,Mid-size (11-50 agents),2026-08-15T07:25:44Z
CREAM-20260815-00128,Patricia Edwards,Patricia Edwards,Patricia,Edwards,patriciae@berkshirehathaway.com,(334) 417-9173,Berkshire Hathaway,Berkshire Hathaway,Raleigh,Raleigh,NC,27894,4,13,13,4017889,3.4,A,63,Facebook,Boutique (2-10 agents),2026-08-15T08:04:55Z
CREAM-20260815-00129,Timothy Garcia,Timothy Garcia,Timothy,Garcia,timothy.garcia@icloud.com,(214) 444-8133,Compass,Compass,Jacksonville,Jacksonville,FL,34855,2,3,3,1042262,3.2,A,60,Trade Show,Enterprise (200+ agents),2026-08-15T09:07:52Z
CREAM-20260815-00130,Jeffrey Martinez,Jeffrey Martinez,Jeffrey,Martinez,jeffreym@hotmail.com,(929) 479-1530,Berkshire Hathaway,Berkshire Hathaway,Cleveland,Cleveland,OH,44879,1,12,12,2550417,4.9,A,84,LinkedIn,Independent,2026-08-15T13:13:37Z
CREAM-20260815-00131,David Watson,David Watson,David,Watson,david_watson@gmail.com,(929) 334-7825,Douglas Elliman,Douglas Elliman,New York City,New York City,NY,12959,3,8,8,5739494,4.1,A,70,Brokerage Listings,Mid-size (11-50 agents),2026-08-15T03:41:36Z
CREAM-20260815-00132,Ryan Sullivan,Ryan Sullivan,Ryan,Sullivan,ryan_sullivan@yahoo.com,(980) 693-6204,RE/MAX,RE/MAX,Raleigh,Raleigh,NC,28988,12,59,59,21746283,3.1,A,88,Brokerage Listings,Independent,2026-08-15T08:15:53Z
CREAM-20260815-00133,Rose Mendoza,Rose Mendoza,Rose,Mendoza,rosemendoza@icloud.com,(720) 403-4058,Keller Williams,Keller Williams,Cincinnati,Cincinnati,OH,45557,2,12,12,2807841,4.7,A,78,MLS Database,Independent,2026-08-15T14:52:07Z
CREAM-20260815-00134,Theresa Rivera,Theresa Rivera,Theresa,Rivera,theresa.rivera@re/max.com,(234) 748-9712,RE/MAX,RE/MAX,Austin,Austin,TX,78808,5,21,21,5613380,3.8,A,72,NAR Directory,Independent,2026-08-15T04:07:56Z
CREAM-20260815-00135,John James,John James,John,James,jjames@hotmail.com,(602) 986-2269,eXp Realty,eXp Realty,Austin,Austin,TX,77174,2,5,5,1600177,3.3,A,79,Cold Outreach,Independent,2026-08-15T04:21:50Z
CREAM-20260815-00136,Danielle Bailey,Danielle Bailey,Danielle,Bailey,daniellebailey@icloud.com,(415) 527-3338,eXp Realty,eXp Realty,St. Petersburg,St. Petersburg,FL,34551,17,27,27,9710982,4.8,A,78,Website Lead,Mid-size (11-50 agents),2026-08-15T03:44:28Z
CREAM-20260815-00137,Donald Evans,Donald Evans,Donald,Evans,devans@aol.com,(513) 342-1782,RE/MAX,RE/MAX,Oakland,Oakland,CA,94245,24,68,68,64437697,3.2,A,99,Referral Network,Mid-size (11-50 agents),2026-08-15T16:01:56Z
CREAM-20260815-00138,Stephanie Taylor,Stephanie Taylor,Stephanie,Taylor,stephanie.taylor@allentate.com,(614) 609-1759,Allen Tate,Allen Tate,Raleigh,Raleigh,NC,28813,16,51,51,18856202,4.4,A,73,Cold Outreach,Enterprise (200+ agents),2026-08-15T15:55:51Z
CREAM-20260815-00139,Emily Roberts,Emily Roberts,Emily,Roberts,emily.roberts@yahoo.com,(513) 206-9876,Keller Williams Realty,Keller Williams Realty,St. Petersburg,St. Petersburg,FL,32641,16,31,31,13295572,4.9,A,98,Facebook,Boutique (2-10 agents),2026-08-15T01:17:14Z
CREAM-20260815-00140,Stephen Morgan,Stephen Morgan,Stephen,Morgan,stephen_morgan@aol.com,(714) 874-3746,Compass,Compass,Manhattan,Manhattan,NY,10246,13,40,40,29725252,3.3,A,75,Facebook,Independent,2026-08-15T21:02:09Z
CREAM-20260815-00141,Debra Rivera,Debra Rivera,Debra,Rivera,debrar@yahoo.com,(303) 762-2399,RE/MAX,RE/MAX,Jacksonville,Jacksonville,FL,33486,7,20,20,10750374,3.6,A,98,LinkedIn,Independent,2026-08-15T02:05:02Z
CREAM-20260815-00142,Lisa Adams,Lisa Adams,Lisa,Adams,lisa.adams@russelllyonsothebys.com,(407) 754-5156,Russell Lyon Sotheby's,Russell Lyon Sotheby's,Tucson,Tucson,AZ,86810,1,4,4,1808321,3.8,A,74,Realtor.com,Boutique (2-10 agents),2026-08-15T04:45:52Z
CREAM-20260815-00143,Christine Gray,Christine Gray,Christine,Gray,cgray@gmail.com,(919) 298-8332,Coldwell Banker,Coldwell Banker,Raleigh,Raleigh,NC,27793,4,9,9,2840770,3.9,A,91,Brokerage Listings,Mid-size (11-50 agents),2026-08-15T16:34:53Z
CREAM-20260815-00144,Dennis Collins,Dennis Collins,Dennis,Collins,dennis.collins@icloud.com,(305) 891-7030,eXp Realty,eXp Realty,Aurora,Aurora,CO,80870,5,14,14,9011882,4.2,A,80,Referral Network,Enterprise (200+ agents),2026-08-15T23:36:34Z
CREAM-20260815-00145,Louis Morgan,Louis Morgan,Louis,Morgan,louism@aol.com,(714) 230-6656,Berkshire Hathaway,Berkshire Hathaway,Denver,Denver,CO,81984,2,11,11,7466629,3.9,A,75,LinkedIn,Mid-size (11-50 agents),2026-08-15T19:03:56Z
CREAM-20260815-00146,Walter Clark,Walter Clark,Walter,Clark,wclark@me.com,(234) 998-5375,Coldwell Banker,Coldwell Banker,Cleveland,Cleveland,OH,44476,19,41,41,9397326,4.9,A,63,MLS Database,Enterprise (200+ agents),2026-08-15T14:26:14Z
CREAM-20260815-00147,Mark Peterson,Mark Peterson,Mark,Peterson,markpeterson@me.com,(256) 335-7325,Huntington Real Estate,Huntington Real Estate,Cincinnati,Cincinnati,OH,43220,7,34,34,8494855,4.6,A,78,Trade Show,Boutique (2-10 agents),2026-08-15T05:35:45Z
CREAM-20260815-00148,Jason Coleman,Jason Coleman,Jason,Coleman,jasonc@howardhanna.com,(713) 263-3844,Howard Hanna,Howard Hanna,Raleigh,Raleigh,NC,28718,7,35,35,15114208,3.5,A,60,Website Lead,Large (51-200 agents),2026-08-15T00:06:44Z
CREAM-20260815-00149,Richard Miller,Richard Miller,Richard,Miller,rmiller@berkshirehathaway.com,(512) 593-2822,Berkshire Hathaway,Berkshire Hathaway,Colorado Springs,Colorado Springs,CO,80465,4,23,23,9262817,3.5,A,80,Referral Network,Large (51-200 agents),2026-08-15T11:51:29Z
CREAM-20260815-00150,Tyler Collins,Tyler Collins,Tyler,Collins,tylerc@gmail.com,(786) 445-6760,Century 21,Century 21,Orlando,Orlando,FL,34696,0,5,5,2349635,4.2,A,73,Realtor.com,Boutique (2-10 agents),2026-08-15T19:14:24Z
CREAM-20260815-00151,Juan Castillo,Juan Castillo,Juan,Castillo,juanc@berkshirehathaway.com,(234) 414-2168,Berkshire Hathaway,Berkshire Hathaway,Scottsdale,Scottsdale,AZ,86479,1,7,7,3041269,4.0,A,84,Website Lead,Mid-size (11-50 agents),2026-08-15T14:56:10Z
CREAM-20260815-00152,Barbara Jones,Barbara Jones,Barbara,Jones,barbaraj@me.com,(972) 704-9108,Sotheby's International,Sotheby's International,San Diego,San Diego,CA,96326,4,19,19,19187549,4.2,A,66,NAR Directory,Large (51-200 agents),2026-08-15T03:04:19Z
CREAM-20260815-00153,Sandra Ward,Sandra Ward,Sandra,Ward,sandra.ward@coldwellbanker.com,(256) 697-8809,Coldwell Banker,Coldwell Banker,Charlotte,Charlotte,NC,27877,1,9,9,3895918,4.8,A,94,NAR Directory,Boutique (2-10 agents),2026-08-15T07:19:48Z
CREAM-20260815-00154,Edward Rodriguez,Edward Rodriguez,Edward,Rodriguez,edwardr@aol.com,(602) 400-6739,Keller Williams,Keller Williams,Aurora,Aurora,CO,81523,3,18,18,10125237,4.0,A,69,LinkedIn,Independent,2026-08-15T03:12:56Z
CREAM-20260815-00155,Robert Perez,Robert Perez,Robert,Perez,robertp@kellerwilliams.com,(786) 224-7042,Keller Williams,Keller Williams,Charlotte,Charlotte,NC,28292,0,3,3,1189584,3.4,A,70,Trade Show,Boutique (2-10 agents),2026-08-15T06:13:00Z
CREAM-20260815-00156,Kimberly Ramos,Kimberly Ramos,Kimberly,Ramos,kimberly.ramos@outlook.com,(305) 702-9180,Berkshire Hathaway,Berkshire Hathaway,Denver,Denver,CO,81945,0,1,1,712974,5.0,A,81,LinkedIn,Boutique (2-10 agents),2026-08-15T15:38:32Z
CREAM-20260815-00157,Carolyn Coleman,Carolyn Coleman,Carolyn,Coleman,carolyn_coleman@gmail.com,(407) 534-2238,Coldwell Banker,Coldwell Banker,St. Petersburg,St. Petersburg,FL,33611,0,3,3,1542830,3.5,A,66,MLS Database,Large (51-200 agents),2026-08-15T22:28:49Z
CREAM-20260815-00158,Tyler Jones,Tyler Jones,Tyler,Jones,tyler.jones@outlook.com,(786) 935-7500,Douglas Elliman,Douglas Elliman,Manhattan,Manhattan,NY,12155,17,79,79,40481189,3.3,A,87,Facebook,Boutique (2-10 agents),2026-08-15T07:09:12Z
CREAM-20260815-00159,Keith Sanchez,Keith Sanchez,Keith,Sanchez,ksanchez@exprealty.com,(919) 700-7132,eXp Realty,eXp Realty,San Diego,San Diego,CA,90541,7,38,38,24496165,4.1,A,72,Realtor.com,Boutique (2-10 agents),2026-08-15T09:50:22Z
CREAM-20260815-00160,Debra Hernandez,Debra Hernandez,Debra,Hernandez,debrah@hotmail.com,(404) 397-1404,Sotheby's International,Sotheby's International,Bronx,Bronx,NY,14816,5,20,20,16653169,4.8,A,84,Website Lead,Boutique (2-10 agents),2026-08-15T12:00:34Z
CREAM-20260815-00161,Amber Evans,Amber Evans,Amber,Evans,amber.evans@aol.com,(929) 318-1713,Keller Williams Realty,Keller Williams Realty,Los Angeles,Los Angeles,CA,94655,13,65,65,66265708,3.7,A,78,Website Lead,Independent,2026-08-15T12:16:37Z
CREAM-20260815-00162,Natalie Hernandez,Natalie Hernandez,Natalie,Hernandez,natalie_hernandez@gmail.com,(602) 726-3425,RE/MAX,RE/MAX,Columbus,Columbus,OH,44103,24,26,26,5683129,4.3,A,77,Trade Show,Large (51-200 agents),2026-08-15T12:52:53Z
CREAM-20260815-00163,Emily Gomez,Emily Gomez,Emily,Gomez,emily_gomez@icloud.com,(469) 529-1166,HomeSmart,HomeSmart,Phoenix,Phoenix,AZ,85328,1,5,5,2499811,4.9,A,85,Referral Network,Large (51-200 agents),2026-08-15T18:36:01Z
CREAM-20260815-00164,Danielle Sanchez,Danielle Sanchez,Danielle,Sanchez,danielles@icloud.com,(718) 923-7765,Berkshire Hathaway,Berkshire Hathaway,Greensboro,Greensboro,NC,28650,1,6,6,1883692,4.6,A,61,Facebook,Large (51-200 agents),2026-08-15T11:41:40Z
CREAM-20260815-00165,Stephanie Bennett,Stephanie Bennett,Stephanie,Bennett,sbennett@outlook.com,(929) 493-7657,Douglas Elliman,Douglas Elliman,Jacksonville,Jacksonville,FL,33632,16,58,58,23247608,3.8,A,97,Cold Outreach,Independent,2026-08-15T09:35:46Z
CREAM-20260815-00166,Megan Rogers,Megan Rogers,Megan,Rogers,meganr@yahoo.com,(512) 642-9195,Coldwell Banker,Coldwell Banker,Tampa,Tampa,FL,32290,1,5,5,2037231,3.2,A,94,Brokerage Listings,Mid-size (11-50 agents),2026-08-15T00:50:09Z
CREAM-20260815-00167,Brittany Clark,Brittany Clark,Brittany,Clark,brittanyclark@icloud.com,(713) 772-7931,Douglas Elliman,Douglas Elliman,St. Petersburg,St. Petersburg,FL,34603,24,62,62,32025177,4.5,A,63,NAR Directory,Boutique (2-10 agents),2026-08-15T21:57:43Z
CREAM-20260815-00168,Walter Bailey,Walter Bailey,Walter,Bailey,walterb@compass.com,(929) 392-8585,Compass,Compass,Aurora,Aurora,CO,81123,3,9,9,5921258,4.7,A,95,MLS Database,Boutique (2-10 agents),2026-08-15T11:18:30Z
CREAM-20260815-00169,James Mitchell,James Mitchell,James,Mitchell,jamesm@homesmart.com,(972) 921-1315,HomeSmart,HomeSmart,Mesa,Mesa,AZ,86803,23,26,26,9128317,3.3,A,83,NAR Directory,Mid-size (11-50 agents),2026-08-15T03:24:15Z
CREAM-20260815-00170,Susan Sanchez,Susan Sanchez,Susan,Sanchez,susans@kellerwilliams.com,(303) 553-1763,Keller Williams,Keller Williams,Greensboro,Greensboro,NC,28849,4,14,14,3947622,4.0,A,92,LinkedIn,Enterprise (200+ agents),2026-08-15T12:06:39Z
CREAM-20260815-00171,Deborah Castillo,Deborah Castillo,Deborah,Castillo,dcastillo@coldwellbanker.com,(916) 393-6907,Coldwell Banker,Coldwell Banker,Denver,Denver,CO,81863,3,14,14,8052316,4.6,A,83,Website Lead,Boutique (2-10 agents),2026-08-15T15:20:04Z
CREAM-20260815-00172,Brittany Green,Brittany Green,Brittany,Green,brittany.green@me.com,(303) 710-2670,eXp Realty,eXp Realty,Mesa,Mesa,AZ,85205,4,8,8,3891981,4.1,A,92,LinkedIn,Mid-size (11-50 agents),2026-08-15T00:23:11Z
CREAM-20260815-00173,Lisa Lewis,Lisa Lewis,Lisa,Lewis,lisa.lewis@compass.com,(415) 753-1319,Compass,Compass,San Diego,San Diego,CA,96104,6,23,23,15689368,4.3,A,62,NAR Directory,Mid-size (11-50 agents),2026-08-15T18:11:43Z
CREAM-20260815-00174,Jack Mendoza,Jack Mendoza,Jack,Mendoza,jackmendoza@aol.com,(469) 903-3398,Coldwell Banker,Coldwell Banker,Jacksonville,Jacksonville,FL,34783,11,48,48,24341416,4.4,A,77,Referral Network,Enterprise (200+ agents),2026-08-15T03:01:47Z
CREAM-20260815-00175,Janet Reed,Janet Reed,Janet,Reed,janet_reed@yahoo.com,(303) 312-6725,Berkshire Hathaway,Berkshire Hathaway,Houston,Houston,TX,76244,23,51,51,17089543,3.7,A,72,Brokerage Listings,Independent,2026-08-15T04:10:55Z
CREAM-20260815-00176,Thomas Robinson,Thomas Robinson,Thomas,Robinson,thomasr@berkshirehathaway.com,(234) 922-9593,Berkshire Hathaway,Berkshire Hathaway,Cleveland,Cleveland,OH,43336,8,38,38,9763752,4.9,A,91,LinkedIn,Enterprise (200+ agents),2026-08-15T17:23:33Z
CREAM-20260815-00177,Amy Harris,Amy Harris,Amy,Harris,aharris@me.com,(212) 555-2720,Keller Williams,Keller Williams,Cleveland,Cleveland,OH,45663,4,11,11,3017708,4.7,A,62,NAR Directory,Boutique (2-10 agents),2026-08-15T12:30:30Z
CREAM-20260815-00178,Benjamin Williams,Benjamin Williams,Benjamin,Williams,bwilliams@allentate.com,(512) 812-7066,Allen Tate,Allen Tate,Raleigh,Raleigh,NC,28654,4,24,24,6965424,3.2,A,60,NAR Directory,Independent,2026-08-15T09:47:50Z
CREAM-20260815-00179,Kenneth Ward,Kenneth Ward,Kenneth,Ward,kward@icloud.com,(407) 941-3878,HomeSmart,HomeSmart,Phoenix,Phoenix,AZ,85264,4,24,24,8632262,4.0,A,76,Realtor.com,Boutique (2-10 agents),2026-08-15T13:05:38Z
CREAM-20260815-00180,Anthony Davis,Anthony Davis,Anthony,Davis,anthonyd@kellerwilliams.com,(805) 419-8309,Keller Williams,Keller Williams,Denver,Denver,CO,80488,13,30,30,15747321,4.8,A,69,MLS Database,Large (51-200 agents),2026-08-15T22:24:00Z
CREAM-20260815-00181,Mark Moore,Mark Moore,Mark,Moore,mark_moore@aol.com,(720) 893-9227,Coldwell Banker,Coldwell Banker,Dallas,Dallas,TX,76734,16,39,39,15083647,4.4,A,68,Cold Outreach,Large (51-200 agents),2026-08-15T10:10:04Z
CREAM-20260815-00182,Jerry Lee,Jerry Lee,Jerry,Lee,jerryl@exprealty.com,(919) 311-3790,eXp Realty,eXp Realty,San Antonio,San Antonio,TX,79875,22,26,26,7493605,3.7,A,77,Referral Network,Mid-size (11-50 agents),2026-08-15T08:07:19Z
CREAM-20260815-00183,Maria Watson,Maria Watson,Maria,Watson,maria.watson@allentate.com,(929) 799-6110,Allen Tate,Allen Tate,Greensboro,Greensboro,NC,27395,11,38,38,9858252,4.5,A,84,Trade Show,Enterprise (200+ agents),2026-08-15T23:01:00Z
CREAM-20260815-00184,Donald Coleman,Donald Coleman,Donald,Coleman,donald.coleman@brownharrisstevens.com,(786) 383-5628,Brown Harris Stevens,Brown Harris Stevens,Brooklyn,Brooklyn,NY,12556,2,3,3,2163615,4.7,A,61,NAR Directory,Mid-size (11-50 agents),2026-08-15T16:40:26Z
CREAM-20260815-00185,Catherine Cox,Catherine Cox,Catherine,Cox,ccox@aol.com,(704) 374-8069,RE/MAX,RE/MAX,Denver,Denver,CO,80566,1,11,11,7009005,4.7,A,68,Trade Show,Independent,2026-08-15T10:59:09Z
CREAM-20260815-00186,George James,George James,George,James,george_james@gmail.com,(720) 864-6707,8z Real Estate,8z Real Estate,Colorado Springs,Colorado Springs,CO,80158,11,56,56,38481813,3.2,A,90,Realtor.com,Enterprise (200+ agents),2026-08-15T22:07:47Z
CREAM-20260815-00187,Jennifer Fisher,Jennifer Fisher,Jennifer,Fisher,jennifer.fisher@gmail.com,(718) 219-6979,RE/MAX,RE/MAX,Cincinnati,Cincinnati,OH,45579,2,8,8,2002217,4.2,A,72,Brokerage Listings,Independent,2026-08-15T07:25:05Z
CREAM-20260815-00188,Anna Ross,Anna Ross,Anna,Ross,anna_ross@icloud.com,(407) 446-6258,Brown Harris Stevens,Brown Harris Stevens,New York City,New York City,NY,10362,1,7,7,5819534,4.1,A,78,Referral Network,Mid-size (11-50 agents),2026-08-15T17:06:46Z
CREAM-20260815-00189,Angela Johnson,Angela Johnson,Angela,Johnson,angelaj@outlook.com,(713) 686-4736,Compass,Compass,Orlando,Orlando,FL,34103,9,31,31,16650996,4.9,A,70,LinkedIn,Large (51-200 agents),2026-08-15T03:07:49Z
CREAM-20260815-00190,Christopher Clark,Christopher Clark,Christopher,Clark,cclark@berkshirehathaway.com,(916) 826-6330,Berkshire Hathaway,Berkshire Hathaway,Tampa,Tampa,FL,34640,5,17,17,6439518,4.9,A,86,MLS Database,Enterprise (200+ agents),2026-08-15T09:37:34Z
CREAM-20260815-00191,Alan Brooks,Alan Brooks,Alan,Brooks,alan_brooks@gmail.com,(602) 668-7678,Sotheby's International,Sotheby's International,San Diego,San Diego,CA,90905,4,14,14,8940532,4.1,A,70,Facebook,Independent,2026-08-15T19:12:10Z
CREAM-20260815-00192,Helen King,Helen King,Helen,King,hking@hotmail.com,(303) 916-4491,Allen Tate,Allen Tate,Greensboro,Greensboro,NC,27882,0,5,5,1900542,4.5,A,64,NAR Directory,Large (51-200 agents),2026-08-15T19:47:50Z
CREAM-20260815-00193,Matthew Harris,Matthew Harris,Matthew,Harris,matthewharris@gmail.com,(303) 732-1592,Berkshire Hathaway,Berkshire Hathaway,Raleigh,Raleigh,NC,27393,2,11,11,3015988,4.6,A,94,MLS Database,Mid-size (11-50 agents),2026-08-15T12:33:13Z
CREAM-20260815-00194,Gloria Stewart,Gloria Stewart,Gloria,Stewart,gstewart@berkshirehathaway.com,(720) 871-7805,Berkshire Hathaway,Berkshire Hathaway,Aurora,Aurora,CO,80944,12,33,33,16085875,3.9,A,93,Realtor.com,Enterprise (200+ agents),2026-08-15T14:11:50Z
CREAM-20260815-00195,Nicholas Turner,Nicholas Turner,Nicholas,Turner,nicholast@outlook.com,(512) 831-1181,eXp Realty,eXp Realty,Colorado Springs,Colorado Springs,CO,80689,4,17,17,9452313,3.3,A,82,Trade Show,Large (51-200 agents),2026-08-15T06:26:15Z
CREAM-20260815-00196,Donna Evans,Donna Evans,Donna,Evans,donna.evans@hotmail.com,(646) 979-3167,Keller Williams,Keller Williams,Dallas,Dallas,TX,78137,16,34,34,9961153,4.0,A,94,Facebook,Enterprise (200+ agents),2026-08-15T13:17:14Z
CREAM-20260815-00197,Heather Richardson,Heather Richardson,Heather,Richardson,heatherr@icloud.com,(512) 427-9376,eXp Realty,eXp Realty,Colorado Springs,Colorado Springs,CO,80157,8,20,20,8153368,3.8,A,96,Website Lead,Independent,2026-08-15T18:35:15Z
CREAM-20260815-00198,Elizabeth Nguyen,Elizabeth Nguyen,Elizabeth,Nguyen,elizabeth_nguyen@aol.com,(786) 960-5984,Century 21,Century 21,Fort Lauderdale,Fort Lauderdale,FL,34761,15,62,62,21451610,3.4,A,66,MLS Database,Boutique (2-10 agents),2026-08-15T11:11:32Z
CREAM-20260815-00199,Patrick Rivera,Patrick Rivera,Patrick,Rivera,patrick.rivera@douglaselliman.com,(720) 870-6899,Douglas Elliman,Douglas Elliman,Queens,Queens,NY,11295,20,54,54,45110265,3.8,A,61,Facebook,Independent,2026-08-15T06:11:00Z
CREAM-20260815-00200,Michelle Cox,Michelle Cox,Michelle,Cox,michellec@compass.com,(713) 786-6355,Compass,Compass,Greensboro,Greensboro,NC,27308,25,74,74,20503894,4.8,A,99,MLS Database,Boutique (2-10 agents),2026-08-15T03:02:05Z
CREAM-20260815-00201,Lawrence Cruz,Lawrence Cruz,Lawrence,Cruz,lcruz@me.com,(404) 954-8401,Keller Williams Realty,Keller Williams Realty,Fort Lauderdale,Fort Lauderdale,FL,34394,3,12,12,5321001,4.2,A,81,Brokerage Listings,Enterprise (200+ agents),2026-08-15T19:52:37Z
CREAM-20260815-00202,Emma Flores,Emma Flores,Emma,Flores,emmaf@me.com,(234) 626-6985,Huntington Real Estate,Huntington Real Estate,Cleveland,Cleveland,OH,45388,25,64,64,15753225,3.4,A,95,Cold Outreach,Mid-size (11-50 agents),2026-08-15T15:31:05Z
CREAM-20260815-00203,Samantha Thompson,Samantha Thompson,Samantha,Thompson,samanthathompson@gmail.com,(415) 213-2952,Brown Harris Stevens,Brown Harris Stevens,Queens,Queens,NY,14894,12,46,46,33119449,4.9,A,61,Trade Show,Independent,2026-08-15T21:30:40Z
CREAM-20260815-00204,Laura Allen,Laura Allen,Laura,Allen,lauraa@outlook.com,(407) 734-4403,RE/MAX,RE/MAX,Greensboro,Greensboro,NC,27180,8,23,23,9197635,4.8,A,93,LinkedIn,Mid-size (11-50 agents),2026-08-15T23:41:39Z
CREAM-20260815-00205,Catherine Watson,Catherine Watson,Catherine,Watson,catherine.watson@corcorangroup.com,(929) 777-4555,Corcoran Group,Corcoran Group,Queens,Queens,NY,13748,2,12,12,8375875,4.1,A,68,NAR Directory,Large (51-200 agents),2026-08-15T00:03:04Z
CREAM-20260815-00206,Dorothy Myers,Dorothy Myers,Dorothy,Myers,dorothym@yahoo.com,(256) 266-8393,Allen Tate,Allen Tate,Charlotte,Charlotte,NC,28642,7,33,33,14036193,4.4,A,90,Brokerage Listings,Large (51-200 agents),2026-08-15T15:55:54Z
CREAM-20260815-00207,Timothy Rogers,Timothy Rogers,Timothy,Rogers,timothyrogers@icloud.com,(714) 417-2757,Century 21,Century 21,Tampa,Tampa,FL,33338,21,39,39,15643111,3.3,A,70,LinkedIn,Independent,2026-08-15T20:40:24Z
CREAM-20260815-00208,Mary Reed,Mary Reed,Mary,Reed,mary.reed@gmail.com,(212) 893-3515,RE/MAX,RE/MAX,Mesa,Mesa,AZ,85639,4,20,20,8968159,3.2,A,88,Trade Show,Boutique (2-10 agents),2026-08-15T16:14:03Z
CREAM-20260815-00209,Anna Miller,Anna Miller,Anna,Miller,anna_miller@aol.com,(305) 779-7344,Pacific Sotheby's,Pacific Sotheby's,Sacramento,Sacramento,CA,96734,2,9,9,7655470,4.5,A,85,LinkedIn,Large (51-200 agents),2026-08-15T03:39:03Z
CREAM-20260815-00210,Natalie Torres,Natalie Torres,Natalie,Torres,natalie.torres@exprealty.com,(234) 373-7492,eXp Realty,eXp Realty,St. Petersburg,St. Petersburg,FL,34876,17,75,75,26816400,4.6,A,94,Brokerage Listings,Independent,2026-08-15T23:59:22Z
CREAM-20260815-00211,Jessica White,Jessica White,Jessica,White,jessicawhite@outlook.com,(305) 396-9356,RE/MAX,RE/MAX,Jacksonville,Jacksonville,FL,32709,3,15,15,7591489,3.2,A,85,Brokerage Listings,Enterprise (200+ agents),2026-08-15T07:22:00Z
CREAM-20260815-00212,Anthony Cruz,Anthony Cruz,Anthony,Cruz,acruz@aol.com,(214) 343-9018,Long Realty,Long Realty,Tucson,Tucson,AZ,86839,6,16,16,7886412,4.4,A,88,Brokerage Listings,Boutique (2-10 agents),2026-08-15T21:09:08Z
CREAM-20260815-00213,Amy Cox,Amy Cox,Amy,Cox,amycox@yahoo.com,(704) 483-8288,eXp Realty,eXp Realty,Cleveland,Cleveland,OH,43846,7,16,16,3998053,3.7,A,88,NAR Directory,Mid-size (11-50 agents),2026-08-15T15:47:06Z
CREAM-20260815-00214,Keith Smith,Keith Smith,Keith,Smith,ksmith@aol.com,(713) 344-5618,Douglas Elliman,Douglas Elliman,Brooklyn,Brooklyn,NY,12383,4,18,18,9417679,4.7,A,100,Website Lead,Mid-size (11-50 agents),2026-08-15T10:08:13Z
CREAM-20260815-00215,Diane Gray,Diane Gray,Diane,Gray,diane.gray@sothebysinternational.com,(602) 868-7977,Sotheby's International,Sotheby's International,Brooklyn,Brooklyn,NY,13498,5,17,17,14255038,4.5,A,63,Brokerage Listings,Boutique (2-10 agents),2026-08-15T17:22:47Z
CREAM-20260815-00216,Justin Reyes,Justin Reyes,Justin,Reyes,justin_reyes@hotmail.com,(334) 587-6583,Compass,Compass,Tampa,Tampa,FL,33719,11,79,79,41622616,4.8,A,64,Cold Outreach,Boutique (2-10 agents),2026-08-15T14:29:27Z
CREAM-20260815-00217,Mary Jones,Mary Jones,Mary,Jones,mary_jones@aol.com,(602) 530-4531,Allie Beth Allman,Allie Beth Allman,El Paso,El Paso,TX,75607,10,49,49,17464297,3.9,A,77,NAR Directory,Enterprise (200+ agents),2026-08-15T07:53:43Z
CREAM-20260815-00218,Joshua Gomez,Joshua Gomez,Joshua,Gomez,joshua_gomez@icloud.com,(614) 493-5408,Halstead,Halstead,Manhattan,Manhattan,NY,13734,3,12,12,6225230,4.5,A,90,Referral Network,Mid-size (11-50 agents),2026-08-15T04:21:16Z
CREAM-20260815-00219,Emily Rodriguez,Emily Rodriguez,Emily,Rodriguez,erodriguez@me.com,(415) 319-4087,Sotheby's International,Sotheby's International,New York City,New York City,NY,11258,5,9,9,5625681,4.1,A,80,Facebook,Mid-size (11-50 agents),2026-08-15T09:04:00Z
CREAM-20260815-00220,Thomas Jenkins,Thomas Jenkins,Thomas,Jenkins,thomasj@me.com,(212) 625-6706,LIV Sotheby's,LIV Sotheby's,Denver,Denver,CO,81262,2,9,9,5375251,3.4,A,66,Realtor.com,Independent,2026-08-15T13:07:40Z
CREAM-20260815-00221,Janet Evans,Janet Evans,Janet,Evans,janet.evans@yahoo.com,(713) 236-7963,Compass,Compass,Aurora,Aurora,CO,80834,2,10,10,6291494,4.1,A,97,LinkedIn,Mid-size (11-50 agents),2026-08-15T10:52:57Z
CREAM-20260815-00222,Scott Smith,Scott Smith,Scott,Smith,scott.smith@aol.com,(512) 533-1263,Coldwell Banker,Coldwell Banker,Greensboro,Greensboro,NC,28832,6,24,24,5892124,4.4,A,97,MLS Database,Large (51-200 agents),2026-08-15T02:05:13Z
CREAM-20260815-00223,Pamela Jones,Pamela Jones,Pamela,Jones,pjones@russelllyonsothebys.com,(916) 771-7261,Russell Lyon Sotheby's,Russell Lyon Sotheby's,Mesa,Mesa,AZ,85180,0,5,5,1667451,4.7,A,93,MLS Database,Mid-size (11-50 agents),2026-08-15T08:54:06Z
CREAM-20260815-00224,Bruce Bailey,Bruce Bailey,Bruce,Bailey,bruceb@hotmail.com,(513) 259-6410,8z Real Estate,8z Real Estate,Colorado Springs,Colorado Springs,CO,80627,0,4,4,1973307,5.0,A,95,Website Lead,Boutique (2-10 agents),2026-08-15T01:25:34Z
CREAM-20260815-00225,Tyler Jones,Tyler Jones,Tyler,Jones,tylerj@outlook.com,(214) 466-9607,Coldwell Banker,Coldwell Banker,Greensboro,Greensboro,NC,27428,23,30,30,10735721,3.8,A,99,LinkedIn,Enterprise (200+ agents),2026-08-15T20:13:14Z
CREAM-20260815-00226,Christopher Carter,Christopher Carter,Christopher,Carter,christopher.carter@homesmart.com,(512) 450-9842,HomeSmart,HomeSmart,Scottsdale,Scottsdale,AZ,86210,1,11,11,4103284,3.6,A,80,NAR Directory,Mid-size (11-50 agents),2026-08-15T08:39:40Z
CREAM-20260815-00227,Philip Sanchez,Philip Sanchez,Philip,Sanchez,philip_sanchez@outlook.com,(916) 914-7331,Berkshire Hathaway,Berkshire Hathaway,Raleigh,Raleigh,NC,28474,17,66,66,22619864,4.5,A,97,Cold Outreach,Boutique (2-10 agents),2026-08-15T06:10:37Z
CREAM-20260815-00228,Donald Phillips,Donald Phillips,Donald,Phillips,dphillips@me.com,(407) 559-1852,Coldwell Banker,Coldwell Banker,Colorado Springs,Colorado Springs,CO,80106,10,31,31,21349117,4.8,A,97,Trade Show,Large (51-200 agents),2026-08-15T03:25:47Z
CREAM-20260815-00229,Juan James,Juan James,Juan,James,jjames@re/max.com,(704) 736-8122,RE/MAX,RE/MAX,Columbus,Columbus,OH,45965,17,49,49,8892371,3.5,A,63,NAR Directory,Large (51-200 agents),2026-08-15T04:14:06Z
CREAM-20260815-00230,Karen Foster,Karen Foster,Karen,Foster,karen.foster@yahoo.com,(212) 531-3782,Compass,Compass,Los Angeles,Los Angeles,CA,94170,11,37,37,27666398,4.2,A,86,Trade Show,Boutique (2-10 agents),2026-08-15T05:59:25Z
CREAM-20260815-00231,Rebecca Thompson,Rebecca Thompson,Rebecca,Thompson,rebeccat@yahoo.com,(212) 425-7692,RE/MAX,RE/MAX,Raleigh,Raleigh,NC,27541,4,20,20,7903232,4.4,A,64,Referral Network,Boutique (2-10 agents),2026-08-15T03:05:22Z
CREAM-20260815-00232,Deborah Robinson,Deborah Robinson,Deborah,Robinson,deborahr@hotmail.com,(704) 222-5111,Compass,Compass,Brooklyn,Brooklyn,NY,13309,3,20,20,16190559,3.1,A,87,NAR Directory,Large (51-200 agents),2026-08-15T12:04:02Z
CREAM-20260815-00233,Cynthia Myers,Cynthia Myers,Cynthia,Myers,cynthiamyers@me.com,(212) 372-2043,Douglas Elliman,Douglas Elliman,Staten Island,Staten Island,NY,13756,9,25,25,19331873,5.0,A,75,Brokerage Listings,Independent,2026-08-15T11:08:16Z
CREAM-20260815-00234,Julia Gutierrez,Julia Gutierrez,Julia,Gutierrez,julia_gutierrez@yahoo.com,(512) 575-8943,Halstead,Halstead,New York City,New York City,NY,10573,0,2,2,996649,3.4,A,72,NAR Directory,Large (51-200 agents),2026-08-15T04:28:44Z
CREAM-20260815-00235,Jerry Wright,Jerry Wright,Jerry,Wright,jerryw@exprealty.com,(704) 332-9758,eXp Realty,eXp Realty,Fort Worth,Fort Worth,TX,77928,21,31,31,9196783,3.9,A,68,NAR Directory,Mid-size (11-50 agents),2026-08-15T17:42:32Z
CREAM-20260815-00236,Maria Lopez,Maria Lopez,Maria,Lopez,marial@aol.com,(980) 314-7920,Keller Williams,Keller Williams,Aurora,Aurora,CO,81746,18,30,30,12395848,4.9,A,73,Trade Show,Enterprise (200+ agents),2026-08-15T18:29:17Z
CREAM-20260815-00237,Ruth Sanders,Ruth Sanders,Ruth,Sanders,rsanders@sothebysinternational.com,(704) 742-4013,Sotheby's International,Sotheby's International,San Diego,San Diego,CA,96462,14,30,30,19998287,3.7,A,96,Referral Network,Large (51-200 agents),2026-08-15T02:19:28Z
CREAM-20260815-00238,William Price,William Price,William,Price,william.price@gmail.com,(407) 324-7058,Douglas Elliman,Douglas Elliman,New York City,New York City,NY,11345,5,15,15,7215879,4.0,A,93,MLS Database,Mid-size (11-50 agents),2026-08-15T14:50:59Z
CREAM-20260815-00239,Margaret Garcia,Margaret Garcia,Margaret,Garcia,mgarcia@allentate.com,(305) 883-7522,Allen Tate,Allen Tate,Raleigh,Raleigh,NC,27722,3,23,23,9253072,4.7,A,97,NAR Directory,Enterprise (200+ agents),2026-08-15T00:10:23Z
CREAM-20260815-00240,Barbara Alvarez,Barbara Alvarez,Barbara,Alvarez,barbaraa@hotmail.com,(512) 603-8088,Keller Williams,Keller Williams,Mesa,Mesa,AZ,86950,16,76,76,30820232,4.4,A,100,Facebook,Mid-size (11-50 agents),2026-08-15T09:19:00Z
CREAM-20260815-00241,Stephen Reyes,Stephen Reyes,Stephen,Reyes,stephen.reyes@re/max.com,(718) 475-7438,RE/MAX,RE/MAX,San Jose,San Jose,CA,91546,11,43,43,30925598,4.5,A,70,MLS Database,Independent,2026-08-15T22:37:27Z
CREAM-20260815-00242,Karen James,Karen James,Karen,James,karenj@aol.com,(256) 497-3968,Coldwell Banker,Coldwell Banker,Cleveland,Cleveland,OH,43767,13,51,51,12713558,4.4,A,89,Trade Show,Boutique (2-10 agents),2026-08-15T00:12:40Z
CREAM-20260815-00243,Juan Adams,Juan Adams,Juan,Adams,juana@kellerwilliams.com,(720) 548-3289,Keller Williams,Keller Williams,Scottsdale,Scottsdale,AZ,85584,3,23,23,9566463,3.6,A,63,MLS Database,Large (51-200 agents),2026-08-15T20:15:57Z
CREAM-20260815-00244,Helen Carter,Helen Carter,Helen,Carter,helen.carter@outlook.com,(602) 606-8596,Compass,Compass,Fort Lauderdale,Fort Lauderdale,FL,34942,9,15,15,7833402,3.1,A,89,NAR Directory,Mid-size (11-50 agents),2026-08-15T01:55:21Z
CREAM-20260815-00245,Albert Sanchez,Albert Sanchez,Albert,Sanchez,albertsanchez@icloud.com,(980) 576-7362,Cutler Real Estate,Cutler Real Estate,Columbus,Columbus,OH,45909,14,39,39,8306694,4.0,A,60,Referral Network,Independent,2026-08-15T13:44:48Z
CREAM-20260815-00246,Daniel Garcia,Daniel Garcia,Daniel,Garcia,daniel.garcia@re/max.com,(469) 914-3345,RE/MAX,RE/MAX,Fort Lauderdale,Fort Lauderdale,FL,32422,14,67,67,31716117,3.5,A,63,LinkedIn,Large (51-200 agents),2026-08-15T10:10:32Z
CREAM-20260815-00247,Pamela Jones,Pamela Jones,Pamela,Jones,pamela.jones@me.com,(805) 894-2512,RE/MAX,RE/MAX,El Paso,El Paso,TX,75515,9,34,34,9974066,3.8,A,61,Referral Network,Enterprise (200+ agents),2026-08-15T12:56:35Z
CREAM-20260815-00248,Juan Hill,Juan Hill,Juan,Hill,juanh@hotmail.com,(980) 447-8070,Pacific Sotheby's,Pacific Sotheby's,San Diego,San Diego,CA,95163,21,64,64,67139640,4.1,A,67,Realtor.com,Boutique (2-10 agents),2026-08-15T14:13:41Z
CREAM-20260815-00249,Karen Evans,Karen Evans,Karen,Evans,kevans@yahoo.com,(929) 905-2612,Sotheby's International,Sotheby's International,New York City,New York City,NY,11341,4,23,23,18018543,3.8,A,95,MLS Database,Boutique (2-10 agents),2026-08-15T02:22:07Z
CREAM-20260815-00250,Jerry Nguyen,Jerry Nguyen,Jerry,Nguyen,jnguyen@me.com,(415) 778-8191,Russell Lyon Sotheby's,Russell Lyon Sotheby's,Phoenix,Phoenix,AZ,85999,6,24,24,11502652,3.1,A,87,Website Lead,Large (51-200 agents),2026-08-15T14:46:19Z
CREAM-20260815-00251,Stephen Hughes,Stephen Hughes,Stephen,Hughes,stephenh@me.com,(980) 344-8095,Compass,Compass,St. Petersburg,St. Petersburg,FL,33694,3,15,15,6147744,4.7,A,72,NAR Directory,Boutique (2-10 agents),2026-08-15T21:13:16Z
CREAM-20260815-00252,Brian Green,Brian Green,Brian,Green,briang@gmail.com,(234) 626-1752,Coldwell Banker,Coldwell Banker,Aurora,Aurora,CO,81799,12,77,77,49991057,3.5,A,99,Realtor.com,Independent,2026-08-15T18:01:54Z
CREAM-20260815-00253,Scott Murphy,Scott Murphy,Scott,Murphy,smurphy@outlook.com,(212) 577-8761,Coldwell Banker,Coldwell Banker,Fort Lauderdale,Fort Lauderdale,FL,33828,1,12,12,5753582,4.0,A,93,MLS Database,Mid-size (11-50 agents),2026-08-15T16:59:20Z
CREAM-20260815-00254,Brandon Johnson,Brandon Johnson,Brandon,Johnson,brandon.johnson@cutlerrealestate.com,(212) 412-2424,Cutler Real Estate,Cutler Real Estate,Cincinnati,Cincinnati,OH,45358,11,57,57,11297037,4.3,A,75,Trade Show,Large (51-200 agents),2026-08-15T23:29:11Z
CREAM-20260815-00255,Arthur Baker,Arthur Baker,Arthur,Baker,arthur_baker@icloud.com,(513) 592-9357,Keller Williams,Keller Williams,Colorado Springs,Colorado Springs,CO,80848,2,9,9,4257225,4.1,A,92,Realtor.com,Enterprise (200+ agents),2026-08-15T13:07:44Z
CREAM-20260815-00256,William Ramos,William Ramos,William,Ramos,williamr@icloud.com,(334) 233-7404,Berkshire Hathaway HomeServices,Berkshire Hathaway HomeServices,Oakland,Oakland,CA,94549,4,22,22,13958723,4.0,A,86,NAR Directory,Mid-size (11-50 agents),2026-08-15T17:47:15Z
CREAM-20260815-00257,Nancy Torres,Nancy Torres,Nancy,Torres,nancyt@outlook.com,(303) 646-3112,Berkshire Hathaway,Berkshire Hathaway,Colorado Springs,Colorado Springs,CO,81141,5,17,17,7887701,3.6,A,95,Cold Outreach,Mid-size (11-50 agents),2026-08-15T05:09:28Z
CREAM-20260815-00258,Theresa Johnson,Theresa Johnson,Theresa,Johnson,theresa_johnson@me.com,(415) 929-8104,Coldwell Banker,Coldwell Banker,St. Petersburg,St. Petersburg,FL,33498,5,18,18,9680257,3.7,A,96,LinkedIn,Enterprise (200+ agents),2026-08-15T04:04:57Z
CREAM-20260815-00259,Jessica Walker,Jessica Walker,Jessica,Walker,jwalker@coldwellbanker.com,(407) 529-6537,Coldwell Banker,Coldwell Banker,Aurora,Aurora,CO,81583,15,47,47,30044879,4.1,A,68,Facebook,Enterprise (200+ agents),2026-08-15T00:49:09Z
CREAM-20260815-00260,Eric Green,Eric Green,Eric,Green,ericgreen@me.com,(334) 640-6630,RE/MAX,RE/MAX,El Paso,El Paso,TX,77929,20,75,75,19202612,4.6,A,84,Referral Network,Large (51-200 agents),2026-08-15T05:22:32Z
CREAM-20260815-00261,Edward Coleman,Edward Coleman,Edward,Coleman,ecoleman@homesmart.com,(646) 545-8649,HomeSmart,HomeSmart,Mesa,Mesa,AZ,85184,17,55,55,20178232,4.4,A,80,Realtor.com,Mid-size (11-50 agents),2026-08-15T00:10:09Z
CREAM-20260815-00262,Albert Peterson,Albert Peterson,Albert,Peterson,albert.peterson@gmail.com,(334) 898-4039,RE/MAX,RE/MAX,Raleigh,Raleigh,NC,27333,2,10,10,3110128,3.2,A,84,Referral Network,Enterprise (200+ agents),2026-08-15T04:22:29Z
CREAM-20260815-00263,Emma Jenkins,Emma Jenkins,Emma,Jenkins,emma.jenkins@icloud.com,(720) 382-5742,Keller Williams,Keller Williams,Denver,Denver,CO,80606,4,18,18,8830294,3.6,A,100,NAR Directory,Boutique (2-10 agents),2026-08-15T07:07:30Z
CREAM-20260815-00264,George Martin,George Martin,George,Martin,gmartin@me.com,(972) 241-9374,Allie Beth Allman,Allie Beth Allman,Houston,Houston,TX,79950,3,25,25,8024395,3.9,A,69,Facebook,Independent,2026-08-15T19:45:03Z
CREAM-20260815-00265,Joseph Ward,Joseph Ward,Joseph,Ward,josephw@douglaselliman.com,(214) 755-6982,Douglas Elliman,Douglas Elliman,San Antonio,San Antonio,TX,78321,22,40,40,11498305,4.9,A,68,Brokerage Listings,Enterprise (200+ agents),2026-08-15T05:00:56Z
CREAM-20260815-00266,George Coleman,George Coleman,George,Coleman,gcoleman@outlook.com,(718) 777-3450,Berkshire Hathaway,Berkshire Hathaway,Aurora,Aurora,CO,81489,1,8,8,5051572,3.6,A,84,Website Lead,Boutique (2-10 agents),2026-08-15T07:09:09Z
CREAM-20260815-00267,Christopher Robinson,Christopher Robinson,Christopher,Robinson,christopherr@cutlerrealestate.com,(805) 222-1828,Cutler Real Estate,Cutler Real Estate,Columbus,Columbus,OH,43946,5,18,18,4657365,4.9,A,80,Cold Outreach,Mid-size (11-50 agents),2026-08-15T17:29:55Z
CREAM-20260815-00268,Patricia Edwards,Patricia Edwards,Patricia,Edwards,patricia_edwards@yahoo.com,(704) 468-2022,Compass,Compass,Staten Island,Staten Island,NY,11389,22,33,33,27717743,4.1,A,91,Cold Outreach,Large (51-200 agents),2026-08-15T04:27:51Z
CREAM-20260815-00269,Richard Castillo,Richard Castillo,Richard,Castillo,richardcastillo@outlook.com,(407) 751-5743,HER Realtors,HER Realtors,Columbus,Columbus,OH,45115,1,4,4,709376,3.9,A,80,Cold Outreach,Large (51-200 agents),2026-08-15T20:41:23Z
CREAM-20260815-00270,Rose Russell,Rose Russell,Rose,Russell,rose.russell@aol.com,(512) 987-1233,Sotheby's International,Sotheby's International,Brooklyn,Brooklyn,NY,10167,21,43,43,25818226,4.0,A,83,Cold Outreach,Enterprise (200+ agents),2026-08-15T10:05:47Z
CREAM-20260815-00271,Victoria Murphy,Victoria Murphy,Victoria,Murphy,victoria.murphy@gmail.com,(415) 670-1711,RE/MAX,RE/MAX,Tampa,Tampa,FL,33118,23,68,68,29225063,4.6,A,78,Brokerage Listings,Large (51-200 agents),2026-08-15T10:20:57Z
CREAM-20260815-00272,William Miller,William Miller,William,Miller,williamm@icloud.com,(513) 274-4956,eXp Realty,eXp Realty,Aurora,Aurora,CO,80459,22,58,58,31013259,3.5,A,84,NAR Directory,Mid-size (11-50 agents),2026-08-15T09:11:37Z
CREAM-20260815-00273,Eric Mitchell,Eric Mitchell,Eric,Mitchell,emitchell@outlook.com,(714) 626-7098,Coldwell Banker,Coldwell Banker,El Paso,El Paso,TX,78226,16,47,47,17342973,4.4,A,64,Facebook,Large (51-200 agents),2026-08-15T15:05:23Z
CREAM-20260815-00274,Kimberly Hughes,Kimberly Hughes,Kimberly,Hughes,khughes@aol.com,(212) 967-4754,Brown Harris Stevens,Brown Harris Stevens,Manhattan,Manhattan,NY,11839,5,10,10,4902204,4.7,A,88,Website Lead,Mid-size (11-50 agents),2026-08-15T13:13:28Z
CREAM-20260815-00275,John Davis,John Davis,John,Davis,jdavis@hotmail.com,(972) 784-1803,Nest Seekers,Nest Seekers,Brooklyn,Brooklyn,NY,12481,6,35,35,22150049,4.1,A,68,NAR Directory,Mid-size (11-50 agents),2026-08-15T09:43:46Z
CREAM-20260815-00276,Patricia Scott,Patricia Scott,Patricia,Scott,pscott@outlook.com,(310) 525-8802,RE/MAX,RE/MAX,El Paso,El Paso,TX,78471,22,63,63,19650685,3.4,A,97,Referral Network,Enterprise (200+ agents),2026-08-15T14:36:11Z
CREAM-20260815-00277,Natalie Young,Natalie Young,Natalie,Young,natalie.young@gmail.com,(786) 580-7548,Keller Williams,Keller Williams,Cleveland,Cleveland,OH,43899,2,10,10,2366977,3.7,A,77,Referral Network,Boutique (2-10 agents),2026-08-15T21:24:16Z
CREAM-20260815-00278,Brian Cook,Brian Cook,Brian,Cook,brian.cook@coldwellbanker.com,(256) 867-1568,Coldwell Banker,Coldwell Banker,Long Beach,Long Beach,CA,93736,10,53,53,40620130,4.3,A,87,MLS Database,Mid-size (11-50 agents),2026-08-15T15:16:52Z
CREAM-20260815-00279,Peter Richardson,Peter Richardson,Peter,Richardson,prichardson@yahoo.com,(512) 822-9912,Douglas Elliman,Douglas Elliman,El Paso,El Paso,TX,78307,2,3,3,744808,4.8,A,82,MLS Database,Enterprise (200+ agents),2026-08-15T18:22:07Z
CREAM-20260815-00280,Raymond Ramos,Raymond Ramos,Raymond,Ramos,raymondramos@me.com,(310) 616-8822,HER Realtors,HER Realtors,Cleveland,Cleveland,OH,44700,0,3,3,702398,4.1,A,62,Trade Show,Mid-size (11-50 agents),2026-08-15T21:36:02Z
CREAM-20260815-00281,Nancy Brown,Nancy Brown,Nancy,Brown,nancybrown@hotmail.com,(407) 461-1374,Berkshire Hathaway,Berkshire Hathaway,Greensboro,Greensboro,NC,28931,1,5,5,1505529,3.5,A,97,Brokerage Listings,Boutique (2-10 agents),2026-08-15T12:02:17Z
CREAM-20260815-00282,Brittany Diaz,Brittany Diaz,Brittany,Diaz,brittany.diaz@aol.com,(513) 564-6309,Keller Williams Realty,Keller Williams Realty,San Diego,San Diego,CA,91768,22,46,46,33464299,3.7,A,71,Realtor.com,Independent,2026-08-15T21:57:14Z
CREAM-20260815-00283,Emma Mendoza,Emma Mendoza,Emma,Mendoza,emma_mendoza@aol.com,(303) 683-8869,HomeSmart,HomeSmart,Scottsdale,Scottsdale,AZ,86252,9,28,28,12138604,3.2,A,70,MLS Database,Enterprise (200+ agents),2026-08-15T23:16:06Z
CREAM-20260815-00284,Debra Bailey,Debra Bailey,Debra,Bailey,debrab@herrealtors.com,(334) 771-5917,HER Realtors,HER Realtors,Cincinnati,Cincinnati,OH,45208,2,5,5,1141172,3.4,A,62,Referral Network,Mid-size (11-50 agents),2026-08-15T13:33:42Z
CREAM-20260815-00285,Kathleen Davis,Kathleen Davis,Kathleen,Davis,kdavis@compass.com,(303) 673-4343,Compass,Compass,Orlando,Orlando,FL,33367,0,5,5,1983079,4.3,A,66,Website Lead,Boutique (2-10 agents),2026-08-15T09:50:20Z
CREAM-20260815-00286,Jacob Reyes,Jacob Reyes,Jacob,Reyes,jacob.reyes@gmail.com,(234) 374-1582,Allen Tate,Allen Tate,Charlotte,Charlotte,NC,27949,22,26,26,10393002,4.1,A,69,Referral Network,Large (51-200 agents),2026-08-15T06:24:28Z
CREAM-20260815-00287,Dorothy Lewis,Dorothy Lewis,Dorothy,Lewis,dlewis@aol.com,(718) 780-6720,LIV Sotheby's,LIV Sotheby's,Denver,Denver,CO,80169,21,30,30,12022149,4.6,A,80,Realtor.com,Independent,2026-08-15T07:00:42Z
CREAM-20260815-00288,Carl Carter,Carl Carter,Carl,Carter,carl.carter@kellerwilliams.com,(972) 959-1604,Keller Williams,Keller Williams,Queens,Queens,NY,14276,1,5,5,3040551,3.1,A,60,Realtor.com,Mid-size (11-50 agents),2026-08-15T18:16:53Z
CREAM-20260815-00289,Donna Perez,Donna Perez,Donna,Perez,donna.perez@re/max.com,(256) 993-7327,RE/MAX,RE/MAX,Orlando,Orlando,FL,32283,12,60,60,30102293,3.6,A,85,Website Lead,Enterprise (200+ agents),2026-08-15T14:34:22Z
CREAM-20260815-00290,Deborah Castillo,Deborah Castillo,Deborah,Castillo,dcastillo@alliebethallman.com,(614) 423-3391,Allie Beth Allman,Allie Beth Allman,Dallas,Dallas,TX,76212,22,38,38,15841986,4.3,A,89,Facebook,Boutique (2-10 agents),2026-08-15T18:42:31Z
CREAM-20260815-00291,James Hernandez,James Hernandez,James,Hernandez,jameshernandez@hotmail.com,(614) 367-9608,RE/MAX,RE/MAX,Cincinnati,Cincinnati,OH,43431,2,5,5,1334328,5.0,A,85,Realtor.com,Boutique (2-10 agents),2026-08-15T00:36:49Z
CREAM-20260815-00292,Louis White,Louis White,Louis,White,louis_white@aol.com,(713) 897-2365,Berkshire Hathaway,Berkshire Hathaway,Colorado Springs,Colorado Springs,CO,80103,5,18,18,11760643,3.3,A,83,Trade Show,Mid-size (11-50 agents),2026-08-15T00:35:36Z
CREAM-20260815-00293,Anthony Morgan,Anthony Morgan,Anthony,Morgan,anthonym@hotmail.com,(916) 618-5975,Compass,Compass,San Jose,San Jose,CA,95657,10,40,40,35943574,4.1,A,97,Realtor.com,Enterprise (200+ agents),2026-08-15T22:16:41Z
CREAM-20260815-00294,Amanda Alvarez,Amanda Alvarez,Amanda,Alvarez,amandaalvarez@outlook.com,(614) 633-2430,Coldwell Banker,Coldwell Banker,Scottsdale,Scottsdale,AZ,86469,3,23,23,10699948,4.2,A,75,LinkedIn,Boutique (2-10 agents),2026-08-15T02:59:31Z
CREAM-20260815-00295,Edward Martinez,Edward Martinez,Edward,Martinez,edwardm@me.com,(212) 227-9667,RE/MAX,RE/MAX,San Antonio,San Antonio,TX,79277,5,19,19,5931683,4.9,A,94,LinkedIn,Enterprise (200+ agents),2026-08-15T10:06:09Z
CREAM-20260815-00296,Brenda Morgan,Brenda Morgan,Brenda,Morgan,brendam@re/max.com,(646) 325-9109,RE/MAX,RE/MAX,Scottsdale,Scottsdale,AZ,85399,14,80,80,34608988,3.9,A,78,Website Lead,Enterprise (200+ agents),2026-08-15T03:53:00Z
CREAM-20260815-00297,Sandra Thomas,Sandra Thomas,Sandra,Thomas,sandrat@me.com,(602) 442-4866,Berkshire Hathaway HomeServices,Berkshire Hathaway HomeServices,Sacramento,Sacramento,CA,92736,5,11,11,7053219,5.0,A,60,Website Lead,Mid-size (11-50 agents),2026-08-15T03:48:40Z
CREAM-20260815-00298,Bruce Nguyen,Bruce Nguyen,Bruce,Nguyen,bnguyen@gmail.com,(720) 358-6320,Compass,Compass,Denver,Denver,CO,81941,5,13,13,7587794,3.2,A,62,Realtor.com,Enterprise (200+ agents),2026-08-15T15:17:47Z
CREAM-20260815-00299,Ashley Wright,Ashley Wright,Ashley,Wright,ashley.wright@outlook.com,(720) 284-6839,Keller Williams,Keller Williams,Charlotte,Charlotte,NC,27421,2,8,8,3292087,4.5,A,78,Realtor.com,Enterprise (200+ agents),2026-08-15T03:05:13Z
CREAM-20260815-00300,Arthur Jimenez,Arthur Jimenez,Arthur,Jimenez,arthurj@outlook.com,(212) 461-9908,Coldwell Banker,Coldwell Banker,San Francisco,San Francisco,CA,95644,14,61,61,42819565,4.9,A,91,Trade Show,Boutique (2-10 agents),2026-08-15T09:11:07Z
CREAM-20260815-00301,Sandra Hill,Sandra Hill,Sandra,Hill,sandrahill@me.com,(916) 449-3371,Compass,Compass,Tampa,Tampa,FL,33706,14,52,52,22506172,4.9,A,71,LinkedIn,Independent,2026-08-15T02:18:07Z
CREAM-20260815-00302,Anna Peterson,Anna Peterson,Anna,Peterson,annap@kellerwilliams.com,(919) 561-5110,Keller Williams,Keller Williams,Cincinnati,Cincinnati,OH,44866,1,9,9,1657340,4.9,A,95,Trade Show,Boutique (2-10 agents),2026-08-15T08:13:03Z
CREAM-20260815-00303,Bruce Miller,Bruce Miller,Bruce,Miller,bmiller@homesmart.com,(334) 670-2920,HomeSmart,HomeSmart,Tucson,Tucson,AZ,86364,21,61,61,25180948,4.6,A,94,Brokerage Listings,Boutique (2-10 agents),2026-08-15T09:25:43Z
CREAM-20260815-00304,Andrew Lewis,Andrew Lewis,Andrew,Lewis,andrew_lewis@yahoo.com,(972) 203-2099,Coldwell Banker,Coldwell Banker,Tampa,Tampa,FL,33270,0,1,1,457982,3.1,A,98,Brokerage Listings,Large (51-200 agents),2026-08-15T04:57:56Z
CREAM-20260815-00305,Jonathan Moore,Jonathan Moore,Jonathan,Moore,jonathan_moore@hotmail.com,(256) 943-7630,eXp Realty,eXp Realty,Austin,Austin,TX,76389,4,12,12,2961188,5.0,A,70,Trade Show,Large (51-200 agents),2026-08-15T04:16:11Z
CREAM-20260815-00306,Theresa Carter,Theresa Carter,Theresa,Carter,tcarter@outlook.com,(786) 601-4744,Halstead,Halstead,Staten Island,Staten Island,NY,13570,9,21,21,15030959,3.9,A,72,NAR Directory,Independent,2026-08-15T01:03:25Z
CREAM-20260815-00307,Ruth Wood,Ruth Wood,Ruth,Wood,ruthw@corcorangroup.com,(407) 680-7657,Corcoran Group,Corcoran Group,Staten Island,Staten Island,NY,10491,14,54,54,43005335,4.3,A,81,Referral Network,Boutique (2-10 agents),2026-08-15T17:09:24Z
CREAM-20260815-00308,Stephen Wilson,Stephen Wilson,Stephen,Wilson,stephenw@re/max.com,(980) 730-1745,RE/MAX,RE/MAX,Mesa,Mesa,AZ,85278,1,11,11,3517580,4.1,A,81,Cold Outreach,Independent,2026-08-15T08:53:17Z
CREAM-20260815-00309,Stephen Smith,Stephen Smith,Stephen,Smith,ssmith@icloud.com,(704) 610-4478,Keller Williams Realty,Keller Williams Realty,Long Beach,Long Beach,CA,95406,2,11,11,10786438,4.7,A,64,Referral Network,Independent,2026-08-15T22:18:15Z
CREAM-20260815-00310,Charles Williams,Charles Williams,Charles,Williams,cwilliams@yahoo.com,(469) 391-4624,Keller Williams,Keller Williams,Columbus,Columbus,OH,45100,18,67,67,19412271,4.1,A,87,Cold Outreach,Independent,2026-08-15T13:34:33Z
CREAM-20260815-00311,Thomas Scott,Thomas Scott,Thomas,Scott,thomas.scott@coldwellbanker.com,(980) 304-3453,Coldwell Banker,Coldwell Banker,Aurora,Aurora,CO,80118,5,21,21,9921243,4.9,A,72,Brokerage Listings,Enterprise (200+ agents),2026-08-15T18:35:10Z
CREAM-20260815-00312,Wayne Collins,Wayne Collins,Wayne,Collins,wayne_collins@outlook.com,(718) 209-9012,Allen Tate,Allen Tate,Raleigh,Raleigh,NC,28747,7,23,23,6713237,4.3,A,88,Brokerage Listings,Enterprise (200+ agents),2026-08-15T11:53:07Z
CREAM-20260815-00313,Deborah Nguyen,Deborah Nguyen,Deborah,Nguyen,deborahnguyen@hotmail.com,(646) 603-4219,Compass,Compass,San Francisco,San Francisco,CA,91448,9,26,26,26186257,3.8,A,65,MLS Database,Enterprise (200+ agents),2026-08-15T16:25:10Z
CREAM-20260815-00314,Stephanie Price,Stephanie Price,Stephanie,Price,stephanieprice@aol.com,(714) 749-1738,Long Realty,Long Realty,Scottsdale,Scottsdale,AZ,86865,25,73,73,28903521,3.2,A,97,MLS Database,Independent,2026-08-15T20:50:01Z
CREAM-20260815-00315,Natalie Chavez,Natalie Chavez,Natalie,Chavez,nchavez@exprealty.com,(305) 785-1215,eXp Realty,eXp Realty,Columbus,Columbus,OH,45947,1,5,5,1606944,3.2,A,71,Trade Show,Independent,2026-08-15T12:18:59Z
CREAM-20260815-00316,Carolyn Ramirez,Carolyn Ramirez,Carolyn,Ramirez,carolyn.ramirez@outlook.com,(704) 708-4145,Compass,Compass,Raleigh,Raleigh,NC,27714,1,4,4,1493033,4.9,A,85,Trade Show,Independent,2026-08-15T09:02:06Z
CREAM-20260815-00317,Barbara Reyes,Barbara Reyes,Barbara,Reyes,breyes@aol.com,(718) 861-5225,Allen Tate,Allen Tate,Charlotte,Charlotte,NC,28491,4,9,9,3395955,3.1,A,63,Realtor.com,Enterprise (200+ agents),2026-08-15T22:24:42Z
CREAM-20260815-00318,Philip Ramos,Philip Ramos,Philip,Ramos,philipramos@yahoo.com,(212) 766-6917,HER Realtors,HER Realtors,Cincinnati,Cincinnati,OH,43155,13,39,39,12059501,3.9,A,85,Cold Outreach,Boutique (2-10 agents),2026-08-15T05:59:54Z
CREAM-20260815-00319,Anna Ramos,Anna Ramos,Anna,Ramos,annar@me.com,(805) 302-5847,Cutler Real Estate,Cutler Real Estate,Cleveland,Cleveland,OH,45548,6,40,40,7219078,3.9,A,71,NAR Directory,Independent,2026-08-15T18:02:28Z
CREAM-20260815-00320,Kenneth Wood,Kenneth Wood,Kenneth,Wood,kenneth.wood@gmail.com,(334) 521-6612,Nest Seekers,Nest Seekers,Brooklyn,Brooklyn,NY,10828,5,24,24,15448981,3.5,A,86,Trade Show,Independent,2026-08-15T22:28:17Z
CREAM-20260815-00321,Elizabeth Gomez,Elizabeth Gomez,Elizabeth,Gomez,elizabeth_gomez@yahoo.com,(407) 201-3842,eXp Realty,eXp Realty,Denver,Denver,CO,81776,1,9,9,5449720,4.5,A,95,Cold Outreach,Large (51-200 agents),2026-08-15T12:18:58Z
CREAM-20260815-00322,Timothy Watson,Timothy Watson,Timothy,Watson,timothy.watson@gmail.com,(714) 736-2305,Long Realty,Long Realty,Tucson,Tucson,AZ,86623,4,19,19,8086842,3.1,A,88,Trade Show,Large (51-200 agents),2026-08-15T09:41:36Z
CREAM-20260815-00323,Catherine Flores,Catherine Flores,Catherine,Flores,catherinef@outlook.com,(415) 257-8994,Coldwell Banker,Coldwell Banker,Oakland,Oakland,CA,94309,1,9,9,7327391,3.7,A,75,Realtor.com,Mid-size (11-50 agents),2026-08-15T19:51:33Z
CREAM-20260815-00324,Karen Diaz,Karen Diaz,Karen,Diaz,karendiaz@icloud.com,(929) 785-9529,eXp Realty,eXp Realty,Tucson,Tucson,AZ,85916,24,74,74,33860380,3.2,A,66,Cold Outreach,Enterprise (200+ agents),2026-08-15T14:36:08Z
CREAM-20260815-00325,Michael Garcia,Michael Garcia,Michael,Garcia,michaelgarcia@yahoo.com,(234) 363-6154,Coldwell Banker,Coldwell Banker,San Jose,San Jose,CA,95410,2,3,3,2441100,3.2,A,65,MLS Database,Large (51-200 agents),2026-08-15T19:25:22Z
CREAM-20260815-00326,Susan Ward,Susan Ward,Susan,Ward,susanward@gmail.com,(713) 248-1683,Douglas Elliman,Douglas Elliman,Queens,Queens,NY,10904,15,66,66,52591118,3.3,A,98,Brokerage Listings,Large (51-200 agents),2026-08-15T22:17:31Z
CREAM-20260815-00327,Steven Lopez,Steven Lopez,Steven,Lopez,stevenlopez@gmail.com,(334) 769-4461,Keller Williams Realty,Keller Williams Realty,Orlando,Orlando,FL,34201,23,78,78,42223662,4.4,A,75,LinkedIn,Enterprise (200+ agents),2026-08-15T21:04:59Z
CREAM-20260815-00328,James Walker,James Walker,James,Walker,jamesw@hotmail.com,(614) 355-6395,Coldwell Banker,Coldwell Banker,Austin,Austin,TX,77660,18,45,45,12600862,4.1,A,100,Trade Show,Enterprise (200+ agents),2026-08-15T09:35:22Z
CREAM-20260815-00329,Nicole Howard,Nicole Howard,Nicole,Howard,nicoleh@huntingtonrealestate.com,(614) 501-3096,Huntington Real Estate,Huntington Real Estate,Cleveland,Cleveland,OH,45865,25,45,45,8150224,3.1,A,85,Cold Outreach,Enterprise (200+ agents),2026-08-15T19:16:36Z
CREAM-20260815-00330,Jerry Robinson,Jerry Robinson,Jerry,Robinson,jerry_robinson@yahoo.com,(407) 421-9294,Russell Lyon Sotheby's,Russell Lyon Sotheby's,Mesa,Mesa,AZ,86352,2,9,9,4505269,4.2,A,65,Trade Show,Independent,2026-08-15T14:08:51Z
CREAM-20260815-00331,Angela Martin,Angela Martin,Angela,Martin,angelamartin@gmail.com,(212) 236-5083,Cutler Real Estate,Cutler Real Estate,Columbus,Columbus,OH,45251,10,64,64,18978785,3.0,A,73,Brokerage Listings,Large (51-200 agents),2026-08-15T21:52:05Z
CREAM-20260815-00332,Sandra Garcia,Sandra Garcia,Sandra,Garcia,sandra_garcia@hotmail.com,(415) 843-9219,eXp Realty,eXp Realty,Aurora,Aurora,CO,80210,1,9,9,5957397,3.9,A,82,Brokerage Listings,Boutique (2-10 agents),2026-08-15T06:59:07Z
CREAM-20260815-00333,Elizabeth Perry,Elizabeth Perry,Elizabeth,Perry,elizabethp@douglaselliman.com,(786) 656-9910,Douglas Elliman,Douglas Elliman,Houston,Houston,TX,77465,2,7,7,3102592,5.0,A,61,Trade Show,Enterprise (200+ agents),2026-08-15T06:52:22Z
CREAM-20260815-00334,Rachel Clark,Rachel Clark,Rachel,Clark,rachelc@coldwellbanker.com,(980) 994-1569,Coldwell Banker,Coldwell Banker,Aurora,Aurora,CO,81555,6,17,17,8932609,3.2,A,79,Realtor.com,Boutique (2-10 agents),2026-08-15T14:23:32Z
CREAM-20260815-00335,Brian Scott,Brian Scott,Brian,Scott,brianscott@yahoo.com,(919) 709-1097,Berkshire Hathaway,Berkshire Hathaway,Phoenix,Phoenix,AZ,86240,0,5,5,2097455,4.8,A,71,Referral Network,Mid-size (11-50 agents),2026-08-15T04:46:11Z
CREAM-20260815-00336,Amber Gomez,Amber Gomez,Amber,Gomez,amber.gomez@hotmail.com,(919) 242-4235,Nest Seekers,Nest Seekers,Brooklyn,Brooklyn,NY,12665,16,31,31,21665276,4.4,A,60,Realtor.com,Independent,2026-08-15T03:23:08Z
CREAM-20260815-00337,Amber James,Amber James,Amber,James,amberjames@me.com,(512) 966-5189,Coldwell Banker,Coldwell Banker,Tucson,Tucson,AZ,85528,0,4,4,1863977,4.5,A,91,NAR Directory,Enterprise (200+ agents),2026-08-15T11:40:07Z
CREAM-20260815-00338,Deborah Martin,Deborah Martin,Deborah,Martin,deborah.martin@howardhanna.com,(407) 640-4848,Howard Hanna,Howard Hanna,Charlotte,Charlotte,NC,27299,5,12,12,3856932,4.9,A,97,Brokerage Listings,Independent,2026-08-15T04:02:13Z
CREAM-20260815-00339,Eugene Young,Eugene Young,Eugene,Young,eyoung@yahoo.com,(234) 201-6303,RE/MAX,RE/MAX,Tucson,Tucson,AZ,86382,1,6,6,2600391,3.4,A,92,Trade Show,Mid-size (11-50 agents),2026-08-15T19:49:34Z
CREAM-20260815-00340,Brandon Patel,Brandon Patel,Brandon,Patel,bpatel@gmail.com,(646) 523-8649,Coldwell Banker,Coldwell Banker,Miami,Miami,FL,34780,3,23,23,12303122,4.7,A,94,Cold Outreach,Enterprise (200+ agents),2026-08-15T20:01:30Z
CREAM-20260815-00341,Emily Hernandez,Emily Hernandez,Emily,Hernandez,emily.hernandez@aol.com,(916) 658-8379,Keller Williams,Keller Williams,San Antonio,San Antonio,TX,79802,0,2,2,691113,3.3,A,95,Trade Show,Independent,2026-08-15T21:43:18Z
CREAM-20260815-00342,Margaret Green,Margaret Green,Margaret,Green,margaret.green@yahoo.com,(513) 778-2725,Coldwell Banker,Coldwell Banker,Phoenix,Phoenix,AZ,86932,5,24,24,8882830,4.5,A,86,Cold Outreach,Independent,2026-08-15T21:52:04Z
CREAM-20260815-00343,Amy Martin,Amy Martin,Amy,Martin,amy.martin@me.com,(512) 418-8231,Huntington Real Estate,Huntington Real Estate,Columbus,Columbus,OH,45424,5,18,18,3895498,4.2,A,87,Referral Network,Large (51-200 agents),2026-08-15T18:25:57Z
CREAM-20260815-00344,Ryan Anderson,Ryan Anderson,Ryan,Anderson,randerson@me.com,(916) 763-5196,RE/MAX,RE/MAX,Long Beach,Long Beach,CA,93763,2,6,6,5716935,3.1,A,97,Referral Network,Enterprise (200+ agents),2026-08-15T19:50:52Z
CREAM-20260815-00345,Natalie Parker,Natalie Parker,Natalie,Parker,natalieparker@hotmail.com,(718) 203-9956,Keller Williams Realty,Keller Williams Realty,Los Angeles,Los Angeles,CA,94670,3,17,17,12304207,3.9,A,91,Realtor.com,Enterprise (200+ agents),2026-08-15T02:19:07Z
CREAM-20260815-00346,Theresa Evans,Theresa Evans,Theresa,Evans,theresa.evans@aol.com,(786) 510-9612,8z Real Estate,8z Real Estate,Aurora,Aurora,CO,81971,11,29,29,12494596,4.6,A,97,Cold Outreach,Independent,2026-08-15T10:18:55Z
CREAM-20260815-00347,Eugene Richardson,Eugene Richardson,Eugene,Richardson,erichardson@icloud.com,(234) 352-9585,Brown Harris Stevens,Brown Harris Stevens,Bronx,Bronx,NY,14606,2,11,11,5276087,4.8,A,61,Referral Network,Independent,2026-08-15T01:40:22Z
CREAM-20260815-00348,Diane Campbell,Diane Campbell,Diane,Campbell,dcampbell@outlook.com,(980) 396-4974,eXp Realty,eXp Realty,Denver,Denver,CO,80815,18,60,60,24529413,3.4,A,89,NAR Directory,Mid-size (11-50 agents),2026-08-15T06:20:52Z
CREAM-20260815-00349,William Young,William Young,William,Young,william.young@herrealtors.com,(786) 499-5858,HER Realtors,HER Realtors,Columbus,Columbus,OH,45217,3,17,17,4150677,4.6,A,73,NAR Directory,Enterprise (200+ agents),2026-08-15T13:51:13Z
CREAM-20260815-00350,Lauren Watson,Lauren Watson,Lauren,Watson,lauren_watson@aol.com,(714) 661-3790,eXp Realty,eXp Realty,St. Petersburg,St. Petersburg,FL,33442,20,74,74,24234930,3.8,A,80,Facebook,Enterprise (200+ agents),2026-08-15T04:18:04Z
CREAM-20260815-00351,Rachel Robinson,Rachel Robinson,Rachel,Robinson,rrobinson@outlook.com,(919) 329-6827,Berkshire Hathaway,Berkshire Hathaway,Colorado Springs,Colorado Springs,CO,80793,17,48,48,32252905,4.7,A,65,Trade Show,Enterprise (200+ agents),2026-08-15T18:19:43Z
CREAM-20260815-00352,Gloria Phillips,Gloria Phillips,Gloria,Phillips,gloriaphillips@outlook.com,(646) 756-3208,Compass,Compass,Manhattan,Manhattan,NY,10165,5,17,17,13014454,3.5,A,82,MLS Database,Enterprise (200+ agents),2026-08-15T14:36:40Z
CREAM-20260815-00353,Amy Patel,Amy Patel,Amy,Patel,amy.patel@coldwellbanker.com,(720) 774-2862,Coldwell Banker,Coldwell Banker,Aurora,Aurora,CO,81535,1,3,3,1759233,3.9,A,67,Referral Network,Boutique (2-10 agents),2026-08-15T12:55:00Z
CREAM-20260815-00354,Jessica Mitchell,Jessica Mitchell,Jessica,Mitchell,jessica_mitchell@aol.com,(980) 371-8023,Allen Tate,Allen Tate,Charlotte,Charlotte,NC,27278,7,32,32,14483403,4.1,A,91,Realtor.com,Boutique (2-10 agents),2026-08-15T04:19:20Z
CREAM-20260815-00355,Michael Rivera,Michael Rivera,Michael,Rivera,michaelrivera@me.com,(513) 329-8961,Russell Lyon Sotheby's,Russell Lyon Sotheby's,Phoenix,Phoenix,AZ,86117,1,10,10,5314956,3.0,A,68,Brokerage Listings,Mid-size (11-50 agents),2026-08-15T08:47:21Z
CREAM-20260815-00356,Jerry Gonzalez,Jerry Gonzalez,Jerry,Gonzalez,jerry_gonzalez@me.com,(334) 711-2231,Berkshire Hathaway,Berkshire Hathaway,Cleveland,Cleveland,OH,44498,4,9,9,2674377,4.2,A,87,NAR Directory,Boutique (2-10 agents),2026-08-15T06:49:23Z
CREAM-20260815-00357,Ralph Garcia,Ralph Garcia,Ralph,Garcia,ralph.garcia@hotmail.com,(512) 383-2752,Compass,Compass,Aurora,Aurora,CO,80980,6,15,15,6385411,4.2,A,60,NAR Directory,Enterprise (200+ agents),2026-08-15T22:14:30Z
CREAM-20260815-00358,Susan Green,Susan Green,Susan,Green,susan_green@me.com,(614) 226-3620,Compass,Compass,New York City,New York City,NY,13598,1,3,3,2101025,3.5,A,77,Cold Outreach,Independent,2026-08-15T20:03:32Z
CREAM-20260815-00359,Nicholas Richardson,Nicholas Richardson,Nicholas,Richardson,nrichardson@gmail.com,(512) 353-3981,Pacific Sotheby's,Pacific Sotheby's,Long Beach,Long Beach,CA,94780,12,67,67,43066255,3.4,A,74,LinkedIn,Mid-size (11-50 agents),2026-08-15T05:22:01Z
CREAM-20260815-00360,Frank Young,Frank Young,Frank,Young,frank.young@alliebethallman.com,(305) 236-8003,Allie Beth Allman,Allie Beth Allman,Houston,Houston,TX,79745,0,3,3,1271857,3.9,A,79,Trade Show,Mid-size (11-50 agents),2026-08-15T13:32:15Z
CREAM-20260815-00361,Pamela Alvarez,Pamela Alvarez,Pamela,Alvarez,pamela_alvarez@outlook.com,(720) 253-7997,Keller Williams Realty,Keller Williams Realty,Long Beach,Long Beach,CA,93401,1,7,7,7137932,4.1,A,78,Referral Network,Enterprise (200+ agents),2026-08-15T02:22:21Z
CREAM-20260815-00362,Victoria Hernandez,Victoria Hernandez,Victoria,Hernandez,victoriah@yahoo.com,(334) 996-7648,Brown Harris Stevens,Brown Harris Stevens,Queens,Queens,NY,10959,10,53,53,29888478,3.1,A,61,Realtor.com,Independent,2026-08-15T06:16:33Z
CREAM-20260815-00363,Jason Morales,Jason Morales,Jason,Morales,jmorales@icloud.com,(469) 923-3006,8z Real Estate,8z Real Estate,Denver,Denver,CO,80858,3,12,12,6839916,3.4,A,75,Cold Outreach,Independent,2026-08-15T01:13:23Z
CREAM-20260815-00364,William Ross,William Ross,William,Ross,william_ross@gmail.com,(718) 353-8515,Coldwell Banker,Coldwell Banker,Denver,Denver,CO,81596,15,80,80,51626979,4.7,A,73,Realtor.com,Enterprise (200+ agents),2026-08-15T21:31:49Z
CREAM-20260815-00365,Wayne Cox,Wayne Cox,Wayne,Cox,wcox@gmail.com,(929) 803-8614,Coldwell Banker,Coldwell Banker,Cincinnati,Cincinnati,OH,43424,0,4,4,1097513,4.5,A,60,Brokerage Listings,Enterprise (200+ agents),2026-08-15T16:04:38Z
CREAM-20260815-00366,Heather Murphy,Heather Murphy,Heather,Murphy,heatherm@huntingtonrealestate.com,(404) 983-9447,Huntington Real Estate,Huntington Real Estate,Cleveland,Cleveland,OH,45255,11,63,63,19218268,3.7,A,68,Realtor.com,Large (51-200 agents),2026-08-15T15:55:57Z
CREAM-20260815-00367,Nicole Wright,Nicole Wright,Nicole,Wright,nicole.wright@coldwellbanker.com,(513) 974-2555,Coldwell Banker,Coldwell Banker,Denver,Denver,CO,81226,22,50,50,23307708,4.9,A,95,Brokerage Listings,Boutique (2-10 agents),2026-08-15T19:16:26Z
CREAM-20260815-00368,Dennis Hernandez,Dennis Hernandez,Dennis,Hernandez,dennis.hernandez@compass.com,(919) 734-2242,Compass,Compass,Charlotte,Charlotte,NC,28682,7,34,34,14836844,4.2,A,89,Website Lead,Independent,2026-08-15T12:00:35Z
CREAM-20260815-00369,Juan Sanchez,Juan Sanchez,Juan,Sanchez,juansanchez@outlook.com,(407) 363-1515,Keller Williams,Keller Williams,Colorado Springs,Colorado Springs,CO,80478,13,64,64,42055675,4.1,A,89,Trade Show,Enterprise (200+ agents),2026-08-15T06:32:58Z
CREAM-20260815-00370,Arthur White,Arthur White,Arthur,White,awhite@me.com,(513) 744-8952,Keller Williams,Keller Williams,Raleigh,Raleigh,NC,28751,5,16,16,5196796,3.7,A,65,Trade Show,Large (51-200 agents),2026-08-15T16:33:25Z
CREAM-20260815-00371,Rose Smith,Rose Smith,Rose,Smith,rose.smith@yahoo.com,(720) 908-9438,Coldwell Banker,Coldwell Banker,Columbus,Columbus,OH,43743,8,37,37,8252459,4.3,A,99,Website Lead,Mid-size (11-50 agents),2026-08-15T02:18:36Z
CREAM-20260815-00372,Katherine Ward,Katherine Ward,Katherine,Ward,katherinew@hotmail.com,(718) 231-5524,Keller Williams Realty,Keller Williams Realty,Long Beach,Long Beach,CA,96519,3,10,10,8441723,4.8,A,89,Referral Network,Large (51-200 agents),2026-08-15T09:14:25Z
CREAM-20260815-00373,Carolyn Wood,Carolyn Wood,Carolyn,Wood,cwood@yahoo.com,(334) 504-8322,RE/MAX,RE/MAX,San Francisco,San Francisco,CA,91719,3,15,15,9514676,4.6,A,76,Realtor.com,Mid-size (11-50 agents),2026-08-15T23:37:31Z
CREAM-20260815-00374,Brittany Hill,Brittany Hill,Brittany,Hill,brittanyhill@me.com,(303) 889-5530,HomeSmart,HomeSmart,Phoenix,Phoenix,AZ,85102,4,21,21,7013693,4.5,A,76,MLS Database,Enterprise (200+ agents),2026-08-15T02:51:51Z
CREAM-20260815-00375,Samuel Ortiz,Samuel Ortiz,Samuel,Ortiz,samuel.ortiz@yahoo.com,(512) 773-9150,Douglas Elliman,Douglas Elliman,Brooklyn,Brooklyn,NY,11745,24,38,38,30609562,3.4,A,66,LinkedIn,Mid-size (11-50 agents),2026-08-15T17:40:05Z
CREAM-20260815-00376,Bruce Scott,Bruce Scott,Bruce,Scott,bruces@allentate.com,(786) 455-1467,Allen Tate,Allen Tate,Greensboro,Greensboro,NC,28113,12,29,29,8842964,3.4,A,96,NAR Directory,Mid-size (11-50 agents),2026-08-15T20:53:46Z
CREAM-20260815-00377,Roger Bailey,Roger Bailey,Roger,Bailey,rbailey@icloud.com,(415) 582-1406,eXp Realty,eXp Realty,El Paso,El Paso,TX,78978,14,36,36,15501049,4.2,A,94,Realtor.com,Mid-size (11-50 agents),2026-08-15T06:07:26Z
CREAM-20260815-00378,Sarah Lopez,Sarah Lopez,Sarah,Lopez,sarah.lopez@hotmail.com,(469) 720-7250,RE/MAX,RE/MAX,Mesa,Mesa,AZ,85500,16,55,55,19336808,3.9,A,100,Brokerage Listings,Large (51-200 agents),2026-08-15T04:24:31Z
CREAM-20260815-00379,Helen Edwards,Helen Edwards,Helen,Edwards,helen_edwards@gmail.com,(718) 491-4534,Keller Williams,Keller Williams,Fort Worth,Fort Worth,TX,76760,23,55,55,22451465,4.4,A,74,Trade Show,Boutique (2-10 agents),2026-08-15T12:09:40Z
CREAM-20260815-00380,Arthur Watson,Arthur Watson,Arthur,Watson,awatson@gmail.com,(646) 428-8959,Berkshire Hathaway,Berkshire Hathaway,Greensboro,Greensboro,NC,27343,0,5,5,1364528,4.4,A,88,Facebook,Independent,2026-08-15T17:14:45Z
CREAM-20260815-00381,Shirley Carter,Shirley Carter,Shirley,Carter,shirleycarter@outlook.com,(704) 785-3897,Keller Williams,Keller Williams,Cincinnati,Cincinnati,OH,44181,19,71,71,13598008,3.2,A,85,Trade Show,Enterprise (200+ agents),2026-08-15T22:13:00Z
CREAM-20260815-00382,Christopher Taylor,Christopher Taylor,Christopher,Taylor,christophert@hotmail.com,(310) 699-4732,Compass,Compass,Greensboro,Greensboro,NC,27376,3,25,25,7885304,4.5,A,99,Realtor.com,Boutique (2-10 agents),2026-08-15T15:53:16Z
CREAM-20260815-00383,Pamela Wood,Pamela Wood,Pamela,Wood,pwood@briggsfreemansothebys.com,(919) 632-1042,Briggs Freeman Sotheby's,Briggs Freeman Sotheby's,San Antonio,San Antonio,TX,75300,2,11,11,3900947,3.3,A,69,Referral Network,Mid-size (11-50 agents),2026-08-15T20:02:21Z
CREAM-20260815-00384,Peter Johnson,Peter Johnson,Peter,Johnson,peter_johnson@gmail.com,(513) 574-8427,eXp Realty,eXp Realty,Orlando,Orlando,FL,33418,2,3,3,930387,4.2,A,81,Website Lead,Large (51-200 agents),2026-08-15T08:35:48Z
CREAM-20260815-00385,Scott Evans,Scott Evans,Scott,Evans,scotte@gmail.com,(720) 602-2693,Coldwell Banker,Coldwell Banker,Dallas,Dallas,TX,76407,2,9,9,4005847,3.2,A,87,LinkedIn,Boutique (2-10 agents),2026-08-15T02:25:26Z
CREAM-20260815-00386,Thomas Parker,Thomas Parker,Thomas,Parker,thomasparker@me.com,(256) 505-5099,Allie Beth Allman,Allie Beth Allman,Houston,Houston,TX,78590,5,8,8,1990410,3.5,A,63,Facebook,Boutique (2-10 agents),2026-08-15T02:01:02Z
CREAM-20260815-00387,Ryan Ross,Ryan Ross,Ryan,Ross,ryanr@hotmail.com,(310) 264-7759,eXp Realty,eXp Realty,Cincinnati,Cincinnati,OH,45620,12,39,39,9775333,4.4,A,60,Brokerage Listings,Enterprise (200+ agents),2026-08-15T22:25:22Z
CREAM-20260815-00388,Sarah Moore,Sarah Moore,Sarah,Moore,smoore@coldwellbanker.com,(303) 423-4666,Coldwell Banker,Coldwell Banker,Mesa,Mesa,AZ,86113,13,79,79,31620674,4.9,A,88,Website Lead,Enterprise (200+ agents),2026-08-15T14:02:01Z
CREAM-20260815-00389,Amber Taylor,Amber Taylor,Amber,Taylor,ambert@me.com,(214) 983-2552,Compass,Compass,Charlotte,Charlotte,NC,27918,17,71,71,21673292,3.2,A,68,MLS Database,Large (51-200 agents),2026-08-15T10:51:58Z
CREAM-20260815-00390,Anthony Fisher,Anthony Fisher,Anthony,Fisher,anthony.fisher@aol.com,(212) 648-3520,Century 21,Century 21,St. Petersburg,St. Petersburg,FL,33414,12,60,60,29691282,3.2,A,73,LinkedIn,Boutique (2-10 agents),2026-08-15T07:17:04Z
CREAM-20260815-00391,Rachel Turner,Rachel Turner,Rachel,Turner,rachelt@cutlerrealestate.com,(720) 688-3079,Cutler Real Estate,Cutler Real Estate,Cincinnati,Cincinnati,OH,44160,12,60,60,19493457,3.2,A,68,MLS Database,Boutique (2-10 agents),2026-08-15T21:28:50Z
CREAM-20260815-00392,Jessica Lewis,Jessica Lewis,Jessica,Lewis,jessicalewis@gmail.com,(212) 228-7407,RE/MAX,RE/MAX,San Jose,San Jose,CA,92941,4,21,21,17363206,3.1,A,87,NAR Directory,Independent,2026-08-15T01:49:55Z
CREAM-20260815-00393,Elizabeth Howard,Elizabeth Howard,Elizabeth,Howard,ehoward@yahoo.com,(234) 971-1318,Coldwell Banker,Coldwell Banker,Raleigh,Raleigh,NC,27372,7,16,16,6639505,3.7,A,88,Brokerage Listings,Boutique (2-10 agents),2026-08-15T23:15:56Z
CREAM-20260815-00394,Martha Lewis,Martha Lewis,Martha,Lewis,mlewis@gmail.com,(786) 693-7897,Coldwell Banker,Coldwell Banker,Cleveland,Cleveland,OH,44982,18,67,67,17142886,3.5,A,64,Realtor.com,Large (51-200 agents),2026-08-15T01:46:33Z
CREAM-20260815-00395,Paul Powell,Paul Powell,Paul,Powell,paulp@aol.com,(303) 286-2317,Berkshire Hathaway,Berkshire Hathaway,Mesa,Mesa,AZ,85214,17,61,61,30311436,3.2,A,63,Realtor.com,Independent,2026-08-15T19:07:21Z
CREAM-20260815-00396,Amanda Rogers,Amanda Rogers,Amanda,Rogers,amandar@gmail.com,(305) 444-4508,Coldwell Banker,Coldwell Banker,San Francisco,San Francisco,CA,92668,0,2,2,1203516,4.5,A,69,Website Lead,Enterprise (200+ agents),2026-08-15T14:58:14Z
CREAM-20260815-00397,William Lee,William Lee,William,Lee,williaml@gmail.com,(720) 473-8079,Compass,Compass,Jacksonville,Jacksonville,FL,34368,12,44,44,20136331,4.3,A,85,Referral Network,Large (51-200 agents),2026-08-15T02:42:13Z
CREAM-20260815-00398,Jason Hill,Jason Hill,Jason,Hill,jasonhill@outlook.com,(805) 833-1148,RE/MAX,RE/MAX,Colorado Springs,Colorado Springs,CO,80880,3,9,9,3705951,3.1,A,71,Realtor.com,Mid-size (11-50 agents),2026-08-15T10:20:15Z
CREAM-20260815-00399,Kenneth James,Kenneth James,Kenneth,James,kennethj@icloud.com,(805) 382-2635,Berkshire Hathaway,Berkshire Hathaway,Charlotte,Charlotte,NC,27121,1,4,4,1511242,3.5,A,61,Cold Outreach,Boutique (2-10 agents),2026-08-15T21:44:15Z
CREAM-20260815-00400,Kimberly Nguyen,Kimberly Nguyen,Kimberly,Nguyen,kimberlynguyen@outlook.com,(602) 568-7314,Compass,Compass,Manhattan,Manhattan,NY,11421,5,13,13,8405013,5.0,A,68,LinkedIn,Large (51-200 agents),2026-08-15T02:33:38Z
CREAM-20260815-00401,Christine Alvarez,Christine Alvarez,Christine,Alvarez,christinea@exprealty.com,(303) 501-4403,eXp Realty,eXp Realty,Toledo,Toledo,OH,45678,1,10,10,2699911,3.6,B,99,Brokerage Listings,Enterprise (200+ agents),2026-08-15T18:36:22Z
CREAM-20260815-00402,Karen Jimenez,Karen Jimenez,Karen,Jimenez,kjimenez@icloud.com,(718) 966-4506,LIV Sotheby's,LIV Sotheby's,Thornton,Thornton,CO,80825,24,43,43,21084595,5.0,B,90,Cold Outreach,Large (51-200 agents),2026-08-15T15:04:08Z
CREAM-20260815-00403,Brittany Cox,Brittany Cox,Brittany,Cox,brittany_cox@gmail.com,(234) 872-4867,Sotheby's International,Sotheby's International,Buffalo,Buffalo,NY,14243,4,15,15,10312646,4.4,B,90,NAR Directory,Mid-size (11-50 agents),2026-08-15T16:05:00Z
CREAM-20260815-00404,Jonathan Howard,Jonathan Howard,Jonathan,Howard,jonathanhoward@icloud.com,(303) 451-7356,RE/MAX,RE/MAX,Gilbert,Gilbert,AZ,85733,1,3,3,1509366,3.8,B,67,Website Lead,Large (51-200 agents),2026-08-15T10:45:30Z
CREAM-20260815-00405,Laura Gray,Laura Gray,Laura,Gray,laura.gray@exprealty.com,(469) 333-4816,eXp Realty,eXp Realty,Durham,Durham,NC,28821,3,14,14,3998130,4.8,B,65,MLS Database,Mid-size (11-50 agents),2026-08-15T10:31:59Z
CREAM-20260815-00406,Danielle Gomez,Danielle Gomez,Danielle,Gomez,dgomez@aol.com,(972) 419-6649,Coldwell Banker,Coldwell Banker,Winston-Salem,Winston-Salem,NC,27167,3,8,8,2141370,4.7,B,87,Referral Network,Large (51-200 agents),2026-08-15T05:26:50Z
CREAM-20260815-00407,Michelle Mitchell,Michelle Mitchell,Michelle,Mitchell,michelle.mitchell@compass.com,(256) 640-7356,Compass,Compass,Arvada,Arvada,CO,81486,2,4,4,1954317,4.4,B,92,Cold Outreach,Independent,2026-08-15T16:43:06Z
CREAM-20260815-00408,Sharon Thomas,Sharon Thomas,Sharon,Thomas,sthomas@aol.com,(407) 334-9191,Coldwell Banker,Coldwell Banker,Irving,Irving,TX,79471,9,18,18,4552709,4.2,B,95,LinkedIn,Independent,2026-08-15T03:06:13Z
CREAM-20260815-00409,Rachel Bailey,Rachel Bailey,Rachel,Bailey,rbailey@longrealty.com,(513) 704-1848,Long Realty,Long Realty,Gilbert,Gilbert,AZ,86128,5,13,13,3790597,4.8,B,83,NAR Directory,Large (51-200 agents),2026-08-15T07:55:04Z
CREAM-20260815-00410,Juan Morgan,Juan Morgan,Juan,Morgan,juanmorgan@me.com,(310) 544-6166,Keller Williams,Keller Williams,Fayetteville,Fayetteville,NC,28724,23,38,38,15448556,4.7,B,69,MLS Database,Large (51-200 agents),2026-08-15T08:27:01Z
CREAM-20260815-00411,Thomas Hall,Thomas Hall,Thomas,Hall,thomash@hotmail.com,(919) 782-8590,Berkshire Hathaway,Berkshire Hathaway,Toledo,Toledo,OH,44712,14,40,40,7964836,4.9,B,83,NAR Directory,Enterprise (200+ agents),2026-08-15T21:54:35Z
CREAM-20260815-00412,Jennifer Lopez,Jennifer Lopez,Jennifer,Lopez,jennifer_lopez@aol.com,(614) 784-2946,Berkshire Hathaway,Berkshire Hathaway,Parma,Parma,OH,45747,7,34,34,6186625,3.5,B,99,NAR Directory,Boutique (2-10 agents),2026-08-15T01:14:36Z
CREAM-20260815-00413,Helen Peterson,Helen Peterson,Helen,Peterson,helen_peterson@icloud.com,(805) 381-5390,eXp Realty,eXp Realty,Fort Collins,Fort Collins,CO,81706,22,63,63,37513903,4.8,B,74,Realtor.com,Mid-size (11-50 agents),2026-08-15T21:08:58Z
CREAM-20260815-00414,Natalie Coleman,Natalie Coleman,Natalie,Coleman,nataliecoleman@gmail.com,(919) 928-9815,Berkshire Hathaway,Berkshire Hathaway,Lakewood,Lakewood,CO,81857,4,10,10,5264714,3.2,B,60,Facebook,Large (51-200 agents),2026-08-15T12:56:45Z
CREAM-20260815-00415,Carolyn Cox,Carolyn Cox,Carolyn,Cox,carolyncox@outlook.com,(972) 943-9347,RE/MAX,RE/MAX,Toledo,Toledo,OH,43605,5,12,12,2472378,3.8,B,70,Referral Network,Mid-size (11-50 agents),2026-08-15T22:20:15Z
CREAM-20260815-00416,Patrick Sanders,Patrick Sanders,Patrick,Sanders,patricks@yahoo.com,(256) 444-1184,Compass,Compass,Bakersfield,Bakersfield,CA,91816,10,53,53,44273294,3.4,B,86,NAR Directory,Mid-size (11-50 agents),2026-08-15T14:15:47Z
CREAM-20260815-00417,Richard Nelson,Richard Nelson,Richard,Nelson,richardn@corcorangroup.com,(980) 685-1360,Corcoran Group,Corcoran Group,Syracuse,Syracuse,NY,10396,11,66,66,48488896,4.8,B,66,Cold Outreach,Large (51-200 agents),2026-08-15T20:48:49Z
CREAM-20260815-00418,Lauren Moore,Lauren Moore,Lauren,Moore,lmoore@yahoo.com,(512) 450-5954,Keller Williams,Keller Williams,Cary,Cary,NC,27334,19,51,51,22864543,3.9,B,79,Referral Network,Large (51-200 agents),2026-08-15T02:15:11Z
CREAM-20260815-00419,Kimberly Jackson,Kimberly Jackson,Kimberly,Jackson,kimberlyj@halstead.com,(513) 665-4178,Halstead,Halstead,Albany,Albany,NY,13811,13,78,78,39817159,3.9,B,93,NAR Directory,Enterprise (200+ agents),2026-08-15T12:35:09Z
CREAM-20260815-00420,Linda Castillo,Linda Castillo,Linda,Castillo,lindac@me.com,(718) 846-6596,Keller Williams Realty,Keller Williams Realty,Anaheim,Anaheim,CA,92417,22,41,41,30966859,5.0,B,71,MLS Database,Boutique (2-10 agents),2026-08-15T13:46:00Z
CREAM-20260815-00421,Amber Diaz,Amber Diaz,Amber,Diaz,amber.diaz@outlook.com,(919) 949-6309,Keller Williams,Keller Williams,Corpus Christi,Corpus Christi,TX,78620,6,32,32,10784843,3.9,B,95,Realtor.com,Boutique (2-10 agents),2026-08-15T22:43:38Z
CREAM-20260815-00422,Philip James,Philip James,Philip,James,philipjames@aol.com,(334) 588-5266,Coldwell Banker,Coldwell Banker,Santa Ana,Santa Ana,CA,95269,1,10,10,10638170,3.4,B,73,Brokerage Listings,Large (51-200 agents),2026-08-15T15:57:47Z
CREAM-20260815-00423,Ronald Mendoza,Ronald Mendoza,Ronald,Mendoza,ronaldm@howardhanna.com,(646) 209-8115,Howard Hanna,Howard Hanna,Winston-Salem,Winston-Salem,NC,27998,1,10,10,2753721,3.6,B,80,Facebook,Independent,2026-08-15T08:48:22Z
CREAM-20260815-00424,Maria Coleman,Maria Coleman,Maria,Coleman,mariac@longrealty.com,(513) 783-8766,Long Realty,Long Realty,Tempe,Tempe,AZ,86220,0,5,5,1876159,3.8,B,73,Website Lead,Large (51-200 agents),2026-08-15T14:44:35Z
CREAM-20260815-00425,Tyler Martin,Tyler Martin,Tyler,Martin,tylermartin@yahoo.com,(310) 863-1985,RE/MAX,RE/MAX,Akron,Akron,OH,44990,0,1,1,203335,4.0,B,89,MLS Database,Mid-size (11-50 agents),2026-08-15T10:09:39Z
CREAM-20260815-00426,Lawrence Anderson,Lawrence Anderson,Lawrence,Anderson,lawrence.anderson@kellerwilliams.com,(646) 493-8174,Keller Williams,Keller Williams,Arvada,Arvada,CO,81250,2,12,12,4798789,4.3,B,91,Realtor.com,Large (51-200 agents),2026-08-15T20:18:27Z
CREAM-20260815-00427,Thomas Evans,Thomas Evans,Thomas,Evans,thomase@coldwellbanker.com,(916) 526-7915,Coldwell Banker,Coldwell Banker,Fort Collins,Fort Collins,CO,80682,11,44,44,26592229,3.1,B,77,Brokerage Listings,Boutique (2-10 agents),2026-08-15T02:47:44Z
CREAM-20260815-00428,Nancy Richardson,Nancy Richardson,Nancy,Richardson,nrichardson@homesmart.com,(980) 394-6819,HomeSmart,HomeSmart,Gilbert,Gilbert,AZ,85903,9,28,28,14367641,3.8,B,64,Website Lead,Mid-size (11-50 agents),2026-08-15T10:12:21Z
CREAM-20260815-00429,Elizabeth Chavez,Elizabeth Chavez,Elizabeth,Chavez,echavez@hotmail.com,(212) 653-5179,Douglas Elliman,Douglas Elliman,Amarillo,Amarillo,TX,77861,24,32,32,8903998,5.0,B,95,LinkedIn,Boutique (2-10 agents),2026-08-15T08:24:28Z
CREAM-20260815-00430,Grace Morgan,Grace Morgan,Grace,Morgan,gracemorgan@hotmail.com,(805) 993-7410,8z Real Estate,8z Real Estate,Arvada,Arvada,CO,80762,0,1,1,387668,3.1,B,88,MLS Database,Large (51-200 agents),2026-08-15T00:50:58Z
CREAM-20260815-00431,Laura Lewis,Laura Lewis,Laura,Lewis,llewis@outlook.com,(234) 742-4187,Keller Williams,Keller Williams,Chandler,Chandler,AZ,86947,5,19,19,8803017,4.1,B,97,Website Lead,Enterprise (200+ agents),2026-08-15T22:21:44Z
CREAM-20260815-00432,Heather Wood,Heather Wood,Heather,Wood,hwood@icloud.com,(256) 861-6703,Sotheby's International,Sotheby's International,Syracuse,Syracuse,NY,12123,22,75,75,47270491,3.7,B,68,Referral Network,Enterprise (200+ agents),2026-08-15T18:32:41Z
CREAM-20260815-00433,Christopher Smith,Christopher Smith,Christopher,Smith,christopher.smith@hotmail.com,(513) 305-9361,HomeSmart,HomeSmart,Gilbert,Gilbert,AZ,85110,20,67,67,23320090,4.8,B,65,Cold Outreach,Large (51-200 agents),2026-08-15T17:35:10Z
CREAM-20260815-00434,Eric Lewis,Eric Lewis,Eric,Lewis,elewis@yahoo.com,(614) 702-8794,Keller Williams,Keller Williams,Chandler,Chandler,AZ,85490,5,10,10,3803640,3.2,B,92,Cold Outreach,Mid-size (11-50 agents),2026-08-15T09:24:38Z
CREAM-20260815-00435,Richard Ward,Richard Ward,Richard,Ward,rward@me.com,(512) 307-9584,Coldwell Banker,Coldwell Banker,Durham,Durham,NC,27159,8,19,19,5977648,4.5,B,71,Realtor.com,Enterprise (200+ agents),2026-08-15T04:09:58Z
CREAM-20260815-00436,Walter Mendoza,Walter Mendoza,Walter,Mendoza,walterm@century21.com,(415) 475-5128,Century 21,Century 21,Port St. Lucie,Port St. Lucie,FL,33950,19,80,80,25023513,4.3,B,83,Trade Show,Enterprise (200+ agents),2026-08-15T18:23:20Z
CREAM-20260815-00437,Lauren Kim,Lauren Kim,Lauren,Kim,lauren.kim@gmail.com,(234) 928-3269,Berkshire Hathaway,Berkshire Hathaway,Fort Collins,Fort Collins,CO,81271,0,3,3,1510125,3.9,B,85,MLS Database,Boutique (2-10 agents),2026-08-15T11:54:08Z
CREAM-20260815-00438,Karen Roberts,Karen Roberts,Karen,Roberts,kroberts@kellerwilliamsrealty.com,(805) 926-7071,Keller Williams Realty,Keller Williams Realty,Bakersfield,Bakersfield,CA,96629,3,23,23,24637207,4.6,B,87,Website Lead,Large (51-200 agents),2026-08-15T14:42:36Z
CREAM-20260815-00439,Timothy Gutierrez,Timothy Gutierrez,Timothy,Gutierrez,timothy.gutierrez@gmail.com,(646) 763-9361,Berkshire Hathaway,Berkshire Hathaway,Fort Collins,Fort Collins,CO,80645,4,8,8,4283319,4.9,B,65,Website Lead,Enterprise (200+ agents),2026-08-15T06:16:02Z
CREAM-20260815-00440,Alan Cox,Alan Cox,Alan,Cox,acox@icloud.com,(786) 840-2263,Compass,Compass,Durham,Durham,NC,27517,5,23,23,6941697,4.4,B,98,Trade Show,Enterprise (200+ agents),2026-08-15T08:39:29Z
CREAM-20260815-00441,Scott Price,Scott Price,Scott,Price,scott_price@hotmail.com,(512) 640-8466,Coldwell Banker,Coldwell Banker,Akron,Akron,OH,43922,3,23,23,5397328,4.5,B,84,Trade Show,Enterprise (200+ agents),2026-08-15T19:34:45Z
CREAM-20260815-00442,Judith Cook,Judith Cook,Judith,Cook,judith.cook@longrealty.com,(786) 655-9972,Long Realty,Long Realty,Tempe,Tempe,AZ,86710,0,0,0,0,3.5,B,92,Facebook,Independent,2026-08-15T06:25:51Z
CREAM-20260815-00443,Mark Taylor,Mark Taylor,Mark,Taylor,mtaylor@outlook.com,(310) 684-7744,Keller Williams,Keller Williams,Tempe,Tempe,AZ,85815,21,39,39,13133771,3.9,B,77,Trade Show,Independent,2026-08-15T04:04:34Z
CREAM-20260815-00444,Ralph Flores,Ralph Flores,Ralph,Flores,ralphf@kellerwilliamsrealty.com,(310) 286-7308,Keller Williams Realty,Keller Williams Realty,Santa Ana,Santa Ana,CA,95901,20,64,64,49297390,4.2,B,93,LinkedIn,Mid-size (11-50 agents),2026-08-15T19:31:24Z
CREAM-20260815-00445,Maria Ortiz,Maria Ortiz,Maria,Ortiz,mariao@gmail.com,(919) 639-9624,Allie Beth Allman,Allie Beth Allman,Amarillo,Amarillo,TX,76148,5,25,25,9987218,4.5,B,69,Realtor.com,Enterprise (200+ agents),2026-08-15T07:33:28Z
CREAM-20260815-00446,Deborah Kim,Deborah Kim,Deborah,Kim,dkim@aol.com,(786) 281-6027,Long Realty,Long Realty,Tempe,Tempe,AZ,86492,1,7,7,2516571,4.8,B,74,Realtor.com,Boutique (2-10 agents),2026-08-15T14:02:34Z
CREAM-20260815-00447,Lisa Mitchell,Lisa Mitchell,Lisa,Mitchell,lmitchell@hotmail.com,(916) 247-4673,RE/MAX,RE/MAX,Gilbert,Gilbert,AZ,86378,25,31,31,13789198,4.1,B,66,NAR Directory,Independent,2026-08-15T07:05:41Z
CREAM-20260815-00448,Cynthia Watson,Cynthia Watson,Cynthia,Watson,cynthiawatson@me.com,(929) 551-8508,eXp Realty,eXp Realty,Santa Ana,Santa Ana,CA,90636,10,76,76,58386126,4.1,B,62,Facebook,Mid-size (11-50 agents),2026-08-15T12:13:41Z
CREAM-20260815-00449,Rose Howard,Rose Howard,Rose,Howard,roseh@outlook.com,(614) 432-5269,Sotheby's International,Sotheby's International,Riverside,Riverside,CA,93270,4,16,16,11729745,4.4,B,69,LinkedIn,Independent,2026-08-15T20:06:54Z
CREAM-20260815-00450,Robert Gomez,Robert Gomez,Robert,Gomez,robert_gomez@hotmail.com,(407) 554-2429,RE/MAX,RE/MAX,Tallahassee,Tallahassee,FL,33494,20,51,51,25897762,4.4,B,86,Website Lead,Mid-size (11-50 agents),2026-08-15T11:04:46Z
CREAM-20260815-00451,Angela Ross,Angela Ross,Angela,Ross,aross@coldwellbanker.com,(786) 947-9877,Coldwell Banker,Coldwell Banker,Dayton,Dayton,OH,44559,0,3,3,939925,3.1,B,78,LinkedIn,Mid-size (11-50 agents),2026-08-15T07:21:49Z
CREAM-20260815-00452,David Hernandez,David Hernandez,David,Hernandez,dhernandez@yahoo.com,(916) 361-9391,Keller Williams,Keller Williams,Fayetteville,Fayetteville,NC,27320,5,23,23,6759443,4.1,B,88,Referral Network,Boutique (2-10 agents),2026-08-15T09:12:00Z
CREAM-20260815-00453,Margaret Murphy,Margaret Murphy,Margaret,Murphy,margaretm@outlook.com,(718) 285-9235,eXp Realty,eXp Realty,Fresno,Fresno,CA,90841,3,23,23,24797016,4.8,B,83,Facebook,Mid-size (11-50 agents),2026-08-15T20:21:03Z
CREAM-20260815-00454,Lisa Collins,Lisa Collins,Lisa,Collins,lcollins@kellerwilliams.com,(415) 257-9991,Keller Williams,Keller Williams,Fayetteville,Fayetteville,NC,28737,22,32,32,10790373,3.1,B,77,Trade Show,Boutique (2-10 agents),2026-08-15T23:29:49Z
CREAM-20260815-00455,Christine Miller,Christine Miller,Christine,Miller,cmiller@yahoo.com,(303) 230-2741,Corcoran Group,Corcoran Group,Rochester,Rochester,NY,10278,3,9,9,4589273,4.9,B,90,Website Lead,Independent,2026-08-15T11:12:42Z
CREAM-20260815-00456,Sandra King,Sandra King,Sandra,King,sandra_king@icloud.com,(919) 225-3987,eXp Realty,eXp Realty,Fort Collins,Fort Collins,CO,80681,5,22,22,9096132,4.0,B,73,Trade Show,Mid-size (11-50 agents),2026-08-15T05:26:07Z
CREAM-20260815-00457,Albert Coleman,Albert Coleman,Albert,Coleman,albertc@outlook.com,(234) 437-7186,Berkshire Hathaway HomeServices,Berkshire Hathaway HomeServices,Fresno,Fresno,CA,95648,1,4,4,4259865,3.9,B,97,Cold Outreach,Large (51-200 agents),2026-08-15T11:21:25Z
CREAM-20260815-00458,Jessica Campbell,Jessica Campbell,Jessica,Campbell,jessicacampbell@yahoo.com,(980) 658-6270,Berkshire Hathaway,Berkshire Hathaway,Dayton,Dayton,OH,43585,21,54,54,15476669,3.3,B,90,Referral Network,Boutique (2-10 agents),2026-08-15T02:10:43Z
CREAM-20260815-00459,Kathleen Price,Kathleen Price,Kathleen,Price,kathleen.price@yahoo.com,(916) 896-1999,Keller Williams,Keller Williams,Thornton,Thornton,CO,81378,15,49,49,21054639,3.1,B,86,Trade Show,Independent,2026-08-15T17:13:47Z
CREAM-20260815-00460,David Richardson,David Richardson,David,Richardson,davidrichardson@hotmail.com,(310) 339-3873,Douglas Elliman,Douglas Elliman,Buffalo,Buffalo,NY,12642,2,4,4,2849497,4.1,B,87,MLS Database,Independent,2026-08-15T15:43:42Z
CREAM-20260815-00461,Lawrence Lee,Lawrence Lee,Lawrence,Lee,lawrencel@kellerwilliamsrealty.com,(805) 249-6686,Keller Williams Realty,Keller Williams Realty,Tallahassee,Tallahassee,FL,34434,1,11,11,3634025,3.8,B,94,MLS Database,Large (51-200 agents),2026-08-15T07:09:47Z
CREAM-20260815-00462,Emily Hall,Emily Hall,Emily,Hall,emily.hall@briggsfreemansothebys.com,(714) 835-4462,Briggs Freeman Sotheby's,Briggs Freeman Sotheby's,Arlington,Arlington,TX,77279,0,5,5,2028142,4.2,B,96,Trade Show,Boutique (2-10 agents),2026-08-15T20:08:03Z
CREAM-20260815-00463,Thomas Wilson,Thomas Wilson,Thomas,Wilson,thomaswilson@gmail.com,(805) 407-2586,Coldwell Banker,Coldwell Banker,Arlington,Arlington,TX,79426,25,36,36,8830367,4.6,B,83,Realtor.com,Large (51-200 agents),2026-08-15T07:24:33Z
CREAM-20260815-00464,Carolyn Scott,Carolyn Scott,Carolyn,Scott,carolyns@exprealty.com,(303) 326-3851,eXp Realty,eXp Realty,Fayetteville,Fayetteville,NC,27343,15,73,73,27009794,3.6,B,98,NAR Directory,Independent,2026-08-15T15:45:42Z
CREAM-20260815-00465,Rachel Ortiz,Rachel Ortiz,Rachel,Ortiz,rachelo@outlook.com,(256) 522-4518,Berkshire Hathaway,Berkshire Hathaway,Chandler,Chandler,AZ,86351,0,2,2,802045,4.8,B,74,Trade Show,Mid-size (11-50 agents),2026-08-15T10:06:42Z
CREAM-20260815-00466,Rose Peterson,Rose Peterson,Rose,Peterson,rose.peterson@douglaselliman.com,(404) 420-9098,Douglas Elliman,Douglas Elliman,Lubbock,Lubbock,TX,75735,1,12,12,4201689,4.0,B,77,NAR Directory,Independent,2026-08-15T04:15:38Z
CREAM-20260815-00467,Sarah Scott,Sarah Scott,Sarah,Scott,sarahs@coldwellbanker.com,(305) 815-4132,Coldwell Banker,Coldwell Banker,Fresno,Fresno,CA,94461,21,60,60,38886002,4.4,B,85,Referral Network,Mid-size (11-50 agents),2026-08-15T05:52:17Z
CREAM-20260815-00468,Eric Harris,Eric Harris,Eric,Harris,eharris@outlook.com,(805) 224-2844,Coldwell Banker,Coldwell Banker,Parma,Parma,OH,43415,5,25,25,5316018,4.3,B,90,NAR Directory,Enterprise (200+ agents),2026-08-15T09:03:52Z
CREAM-20260815-00469,Ruth Jenkins,Ruth Jenkins,Ruth,Jenkins,ruthj@yahoo.com,(512) 866-8244,Coldwell Banker,Coldwell Banker,Parma,Parma,OH,43685,0,3,3,880210,4.8,B,62,Facebook,Independent,2026-08-15T00:45:29Z
CREAM-20260815-00470,Kimberly Brooks,Kimberly Brooks,Kimberly,Brooks,kimberlyb@hotmail.com,(980) 776-8988,Coldwell Banker,Coldwell Banker,Chandler,Chandler,AZ,85334,1,3,3,1271565,3.7,B,98,Realtor.com,Mid-size (11-50 agents),2026-08-15T02:10:18Z
CREAM-20260815-00471,Raymond Lopez,Raymond Lopez,Raymond,Lopez,raymondl@yahoo.com,(916) 787-7037,RE/MAX,RE/MAX,Hialeah,Hialeah,FL,33856,2,7,7,2874467,3.3,B,82,NAR Directory,Independent,2026-08-15T01:59:41Z
CREAM-20260815-00472,Laura Bailey,Laura Bailey,Laura,Bailey,lbailey@gmail.com,(469) 899-9536,eXp Realty,eXp Realty,Bakersfield,Bakersfield,CA,92941,13,74,74,66267733,3.0,B,63,Website Lead,Independent,2026-08-15T15:57:59Z
CREAM-20260815-00473,Amanda Ward,Amanda Ward,Amanda,Ward,award@aol.com,(404) 470-4650,Huntington Real Estate,Huntington Real Estate,Parma,Parma,OH,44358,16,51,51,16331806,4.2,B,85,Brokerage Listings,Independent,2026-08-15T12:30:06Z
CREAM-20260815-00474,Joseph Williams,Joseph Williams,Joseph,Williams,josephwilliams@me.com,(407) 998-7997,Nest Seekers,Nest Seekers,Buffalo,Buffalo,NY,14349,0,2,2,1391548,3.8,B,94,Realtor.com,Large (51-200 agents),2026-08-15T19:23:16Z
CREAM-20260815-00475,Gary Clark,Gary Clark,Gary,Clark,gary_clark@hotmail.com,(404) 978-6864,Halstead,Halstead,Syracuse,Syracuse,NY,13382,15,50,50,29408193,3.1,B,77,MLS Database,Large (51-200 agents),2026-08-15T12:09:04Z
CREAM-20260815-00476,Thomas Lee,Thomas Lee,Thomas,Lee,thomasl@exprealty.com,(512) 620-7193,eXp Realty,eXp Realty,Lubbock,Lubbock,TX,76167,2,12,12,5253681,3.3,B,86,Website Lead,Large (51-200 agents),2026-08-15T03:56:37Z
CREAM-20260815-00477,Mark Jimenez,Mark Jimenez,Mark,Jimenez,markjimenez@me.com,(916) 302-4941,Keller Williams,Keller Williams,Glendale,Glendale,AZ,86698,2,9,9,4430045,3.4,B,75,Facebook,Boutique (2-10 agents),2026-08-15T08:09:33Z
CREAM-20260815-00478,Elizabeth Morales,Elizabeth Morales,Elizabeth,Morales,emorales@outlook.com,(310) 652-5602,Allie Beth Allman,Allie Beth Allman,Irving,Irving,TX,77353,18,65,65,19787806,4.7,B,68,Cold Outreach,Mid-size (11-50 agents),2026-08-15T06:01:41Z
CREAM-20260815-00479,Brian Torres,Brian Torres,Brian,Torres,briantorres@yahoo.com,(713) 782-6321,eXp Realty,eXp Realty,Chula Vista,Chula Vista,CA,92420,21,54,54,51491048,3.5,B,74,Facebook,Mid-size (11-50 agents),2026-08-15T02:13:03Z
CREAM-20260815-00480,Margaret Reed,Margaret Reed,Margaret,Reed,margaretr@gmail.com,(415) 860-2843,Douglas Elliman,Douglas Elliman,Buffalo,Buffalo,NY,11396,15,25,25,19951361,3.2,B,86,Brokerage Listings,Boutique (2-10 agents),2026-08-15T16:17:03Z
CREAM-20260815-00481,Jessica Perry,Jessica Perry,Jessica,Perry,jessica_perry@aol.com,(407) 475-5885,Coldwell Banker,Coldwell Banker,Hialeah,Hialeah,FL,32128,4,10,10,4338106,4.5,B,76,NAR Directory,Boutique (2-10 agents),2026-08-15T17:25:35Z
CREAM-20260815-00482,Maria Ortiz,Maria Ortiz,Maria,Ortiz,mariaortiz@yahoo.com,(714) 741-7456,RE/MAX,RE/MAX,Akron,Akron,OH,44805,0,4,4,1110559,3.7,B,90,Facebook,Boutique (2-10 agents),2026-08-15T13:44:14Z
CREAM-20260815-00483,Lauren Ortiz,Lauren Ortiz,Lauren,Ortiz,laurenortiz@hotmail.com,(305) 745-6913,Allen Tate,Allen Tate,Winston-Salem,Winston-Salem,NC,28995,16,48,48,16426503,3.7,B,90,Facebook,Enterprise (200+ agents),2026-08-15T04:19:31Z
CREAM-20260815-00484,Wayne Phillips,Wayne Phillips,Wayne,Phillips,wayne_phillips@yahoo.com,(972) 415-9067,Coldwell Banker,Coldwell Banker,Tallahassee,Tallahassee,FL,34966,3,10,10,2958519,3.4,B,60,MLS Database,Independent,2026-08-15T17:19:36Z
CREAM-20260815-00485,Arthur Mendoza,Arthur Mendoza,Arthur,Mendoza,arthur_mendoza@icloud.com,(972) 234-8758,Halstead,Halstead,Rochester,Rochester,NY,11999,19,64,64,52942905,3.1,B,85,Brokerage Listings,Mid-size (11-50 agents),2026-08-15T02:09:19Z
CREAM-20260815-00486,Janet Ortiz,Janet Ortiz,Janet,Ortiz,jortiz@outlook.com,(713) 289-5222,RE/MAX,RE/MAX,Arlington,Arlington,TX,76149,0,5,5,2029798,4.9,B,71,Website Lead,Enterprise (200+ agents),2026-08-15T06:58:32Z
CREAM-20260815-00487,Aaron Ramos,Aaron Ramos,Aaron,Ramos,aramos@me.com,(972) 359-3348,Compass,Compass,Hollywood,Hollywood,FL,33309,2,12,12,4913808,3.6,B,73,MLS Database,Boutique (2-10 agents),2026-08-15T02:25:36Z
CREAM-20260815-00488,Benjamin Coleman,Benjamin Coleman,Benjamin,Coleman,benjamincoleman@icloud.com,(469) 731-4116,LIV Sotheby's,LIV Sotheby's,Thornton,Thornton,CO,80991,19,72,72,47628598,4.7,B,96,Realtor.com,Enterprise (200+ agents),2026-08-15T20:12:40Z
CREAM-20260815-00489,Kenneth Davis,Kenneth Davis,Kenneth,Davis,kenneth.davis@hotmail.com,(512) 798-3239,Compass,Compass,Thornton,Thornton,CO,80707,19,55,55,21349549,4.0,B,79,Referral Network,Independent,2026-08-15T20:58:50Z
CREAM-20260815-00490,Joseph Gonzalez,Joseph Gonzalez,Joseph,Gonzalez,josephgonzalez@aol.com,(469) 213-3807,Compass,Compass,Cape Coral,Cape Coral,FL,32750,5,22,22,7199278,4.7,B,78,Realtor.com,Independent,2026-08-15T15:17:01Z
CREAM-20260815-00491,David Young,David Young,David,Young,david.young@yahoo.com,(513) 875-6014,Berkshire Hathaway HomeServices,Berkshire Hathaway HomeServices,Bakersfield,Bakersfield,CA,90810,5,25,25,21404306,4.0,B,71,Trade Show,Mid-size (11-50 agents),2026-08-15T03:54:18Z
CREAM-20260815-00492,Dorothy King,Dorothy King,Dorothy,King,dking@douglaselliman.com,(980) 874-6462,Douglas Elliman,Douglas Elliman,Corpus Christi,Corpus Christi,TX,76317,4,15,15,5060243,3.6,B,85,NAR Directory,Mid-size (11-50 agents),2026-08-15T09:38:19Z
CREAM-20260815-00493,Tyler Sullivan,Tyler Sullivan,Tyler,Sullivan,tylers@me.com,(805) 448-5625,Keller Williams Realty,Keller Williams Realty,Tallahassee,Tallahassee,FL,33518,2,11,11,3743714,3.6,B,76,Facebook,Independent,2026-08-15T08:45:36Z
CREAM-20260815-00494,Daniel Brooks,Daniel Brooks,Daniel,Brooks,danielbrooks@hotmail.com,(916) 356-3167,Pacific Sotheby's,Pacific Sotheby's,Riverside,Riverside,CA,90250,21,34,34,37531219,3.9,B,81,NAR Directory,Independent,2026-08-15T04:04:19Z
CREAM-20260815-00495,Theresa White,Theresa White,Theresa,White,twhite@aol.com,(786) 296-5647,Briggs Freeman Sotheby's,Briggs Freeman Sotheby's,Garland,Garland,TX,76368,2,12,12,5280525,4.5,B,85,Cold Outreach,Boutique (2-10 agents),2026-08-15T17:05:02Z
CREAM-20260815-00496,Nicole Russell,Nicole Russell,Nicole,Russell,nicole.russell@exprealty.com,(512) 459-3012,eXp Realty,eXp Realty,Fort Collins,Fort Collins,CO,81942,4,12,12,7032021,4.8,B,93,Cold Outreach,Independent,2026-08-15T15:41:34Z
CREAM-20260815-00497,Kimberly Scott,Kimberly Scott,Kimberly,Scott,kimberly.scott@exprealty.com,(718) 489-1468,eXp Realty,eXp Realty,Winston-Salem,Winston-Salem,NC,28519,6,16,16,3977660,3.6,B,62,Brokerage Listings,Boutique (2-10 agents),2026-08-15T17:01:52Z
CREAM-20260815-00498,Heather Ramos,Heather Ramos,Heather,Ramos,heatherramos@aol.com,(407) 834-5184,RE/MAX,RE/MAX,Dayton,Dayton,OH,43135,1,8,8,2105621,4.6,B,73,LinkedIn,Mid-size (11-50 agents),2026-08-15T01:11:53Z
CREAM-20260815-00499,Anna Watson,Anna Watson,Anna,Watson,annawatson@gmail.com,(407) 938-8029,Keller Williams,Keller Williams,Akron,Akron,OH,43314,10,33,33,9514534,3.4,B,82,Cold Outreach,Large (51-200 agents),2026-08-15T03:51:30Z
CREAM-20260815-00500,Robert Cooper,Robert Cooper,Robert,Cooper,robert_cooper@me.com,(972) 317-5362,RE/MAX,RE/MAX,Dayton,Dayton,OH,43771,15,76,76,16172374,3.6,B,90,Referral Network,Mid-size (11-50 agents),2026-08-15T12:28:05Z
CREAM-20260815-00501,Shirley Sanchez,Shirley Sanchez,Shirley,Sanchez,shirley_sanchez@outlook.com,(305) 553-2057,eXp Realty,eXp Realty,Riverside,Riverside,CA,94937,24,65,65,63329695,3.2,B,74,LinkedIn,Mid-size (11-50 agents),2026-08-15T18:42:12Z
CREAM-20260815-00502,Timothy Martin,Timothy Martin,Timothy,Martin,timothymartin@outlook.com,(256) 923-3056,Compass,Compass,Santa Ana,Santa Ana,CA,92328,3,14,14,10405591,4.8,B,93,LinkedIn,Mid-size (11-50 agents),2026-08-15T14:25:28Z
CREAM-20260815-00503,Sandra Scott,Sandra Scott,Sandra,Scott,sandrascott@yahoo.com,(214) 854-3643,Keller Williams,Keller Williams,Dayton,Dayton,OH,44436,9,36,36,8221064,3.3,B,86,NAR Directory,Boutique (2-10 agents),2026-08-15T04:22:35Z
CREAM-20260815-00504,Samuel Coleman,Samuel Coleman,Samuel,Coleman,samuel.coleman@howardhanna.com,(305) 978-1913,Howard Hanna,Howard Hanna,Fayetteville,Fayetteville,NC,28785,7,39,39,12571584,3.7,B,93,Referral Network,Boutique (2-10 agents),2026-08-15T23:59:02Z
CREAM-20260815-00505,Walter Gonzalez,Walter Gonzalez,Walter,Gonzalez,wgonzalez@gmail.com,(718) 364-7428,Coldwell Banker,Coldwell Banker,Irving,Irving,TX,77225,3,12,12,4546413,4.5,B,71,Website Lead,Mid-size (11-50 agents),2026-08-15T10:37:29Z
CREAM-20260815-00506,Daniel Richardson,Daniel Richardson,Daniel,Richardson,danielr@allentate.com,(512) 313-2620,Allen Tate,Allen Tate,Durham,Durham,NC,28534,5,9,9,3384020,3.8,B,73,Brokerage Listings,Boutique (2-10 agents),2026-08-15T22:29:12Z
CREAM-20260815-00507,Carl Moore,Carl Moore,Carl,Moore,carlm@kellerwilliams.com,(334) 297-6783,Keller Williams,Keller Williams,Chandler,Chandler,AZ,86234,4,17,17,6333202,3.3,B,90,Website Lead,Boutique (2-10 agents),2026-08-15T12:51:04Z
CREAM-20260815-00508,Olivia Alvarez,Olivia Alvarez,Olivia,Alvarez,olivia.alvarez@exprealty.com,(805) 669-7193,eXp Realty,eXp Realty,Garland,Garland,TX,77357,0,2,2,712574,4.2,B,86,Brokerage Listings,Independent,2026-08-15T06:01:30Z
CREAM-20260815-00509,Patrick Alvarez,Patrick Alvarez,Patrick,Alvarez,patrick.alvarez@douglaselliman.com,(718) 988-5694,Douglas Elliman,Douglas Elliman,Albany,Albany,NY,14774,4,16,16,11226178,4.7,B,89,NAR Directory,Enterprise (200+ agents),2026-08-15T03:27:07Z
CREAM-20260815-00510,Timothy White,Timothy White,Timothy,White,timothy.white@me.com,(602) 447-1015,Compass,Compass,Fresno,Fresno,CA,94825,24,52,52,40197319,3.1,B,79,Trade Show,Enterprise (200+ agents),2026-08-15T20:46:28Z
CREAM-20260815-00511,Philip Perry,Philip Perry,Philip,Perry,philip_perry@me.com,(614) 967-5004,Berkshire Hathaway,Berkshire Hathaway,Fayetteville,Fayetteville,NC,28537,11,72,72,23453535,3.2,B,94,Trade Show,Boutique (2-10 agents),2026-08-15T05:33:57Z
CREAM-20260815-00512,Helen Bennett,Helen Bennett,Helen,Bennett,helenbennett@hotmail.com,(303) 334-7668,Berkshire Hathaway,Berkshire Hathaway,Arvada,Arvada,CO,80725,5,9,9,5398459,4.0,B,84,Website Lead,Mid-size (11-50 agents),2026-08-15T14:06:13Z
CREAM-20260815-00513,Timothy Young,Timothy Young,Timothy,Young,timothyy@icloud.com,(805) 371-1694,Compass,Compass,Rochester,Rochester,NY,13820,2,8,8,5696751,3.3,B,100,Trade Show,Large (51-200 agents),2026-08-15T18:06:27Z
CREAM-20260815-00514,Matthew Price,Matthew Price,Matthew,Price,matthew.price@me.com,(407) 583-4045,Berkshire Hathaway,Berkshire Hathaway,Chandler,Chandler,AZ,85736,0,3,3,1466136,4.1,B,93,NAR Directory,Independent,2026-08-15T01:45:03Z
CREAM-20260815-00515,Brenda Howard,Brenda Howard,Brenda,Howard,brendahoward@hotmail.com,(972) 454-6214,Briggs Freeman Sotheby's,Briggs Freeman Sotheby's,Irving,Irving,TX,77667,21,75,75,22182114,4.8,B,80,Website Lead,Independent,2026-08-15T06:49:11Z
CREAM-20260815-00516,Laura Ramirez,Laura Ramirez,Laura,Ramirez,lauraramirez@hotmail.com,(305) 824-4452,Douglas Elliman,Douglas Elliman,Port St. Lucie,Port St. Lucie,FL,33703,1,11,11,4174794,4.4,B,97,LinkedIn,Boutique (2-10 agents),2026-08-15T22:21:30Z
CREAM-20260815-00517,Alexander Anderson,Alexander Anderson,Alexander,Anderson,alexandera@hotmail.com,(404) 873-9906,eXp Realty,eXp Realty,Corpus Christi,Corpus Christi,TX,75860,12,46,46,14861467,4.3,B,80,MLS Database,Enterprise (200+ agents),2026-08-15T00:44:10Z
CREAM-20260815-00518,Linda Cox,Linda Cox,Linda,Cox,lindac@outlook.com,(303) 530-9635,Century 21,Century 21,Pembroke Pines,Pembroke Pines,FL,34903,5,9,9,4692240,4.8,B,72,MLS Database,Mid-size (11-50 agents),2026-08-15T09:04:56Z
CREAM-20260815-00519,Charles Morgan,Charles Morgan,Charles,Morgan,charlesm@outlook.com,(714) 914-7681,Pacific Sotheby's,Pacific Sotheby's,Fresno,Fresno,CA,94334,3,14,14,14409244,3.6,B,87,Trade Show,Boutique (2-10 agents),2026-08-15T05:42:32Z
CREAM-20260815-00520,Elizabeth Brown,Elizabeth Brown,Elizabeth,Brown,elizabeth_brown@gmail.com,(714) 325-7380,Nest Seekers,Nest Seekers,Yonkers,Yonkers,NY,14996,0,4,4,2579384,3.8,B,83,NAR Directory,Boutique (2-10 agents),2026-08-15T15:05:26Z
CREAM-20260815-00521,Angela Morgan,Angela Morgan,Angela,Morgan,angela_morgan@yahoo.com,(305) 519-7911,Coldwell Banker,Coldwell Banker,Arvada,Arvada,CO,80477,16,40,40,20823008,4.9,B,75,LinkedIn,Boutique (2-10 agents),2026-08-15T01:05:45Z
CREAM-20260815-00522,Carol Jenkins,Carol Jenkins,Carol,Jenkins,carol.jenkins@homesmart.com,(980) 934-2833,HomeSmart,HomeSmart,Glendale,Glendale,AZ,86764,6,31,31,9439325,4.8,B,98,Realtor.com,Mid-size (11-50 agents),2026-08-15T08:54:13Z
CREAM-20260815-00523,Rebecca Wood,Rebecca Wood,Rebecca,Wood,rwood@kellerwilliams.com,(980) 411-9212,Keller Williams,Keller Williams,Fort Collins,Fort Collins,CO,81341,20,54,54,37487817,3.6,B,62,Cold Outreach,Enterprise (200+ agents),2026-08-15T08:43:38Z
CREAM-20260815-00524,Scott Alexander,Scott Alexander,Scott,Alexander,scottalexander@me.com,(614) 681-1458,Allie Beth Allman,Allie Beth Allman,Corpus Christi,Corpus Christi,TX,78692,3,24,24,8651620,4.4,B,62,Brokerage Listings,Enterprise (200+ agents),2026-08-15T15:44:24Z
CREAM-20260815-00525,Keith Perez,Keith Perez,Keith,Perez,keithp@sothebysinternational.com,(718) 691-7906,Sotheby's International,Sotheby's International,Bakersfield,Bakersfield,CA,92517,3,9,9,8234697,4.3,B,80,Website Lead,Large (51-200 agents),2026-08-15T17:59:05Z
CREAM-20260815-00526,George Allen,George Allen,George,Allen,gallen@douglaselliman.com,(805) 944-3506,Douglas Elliman,Douglas Elliman,Albany,Albany,NY,12229,7,35,35,22825935,3.8,B,69,Facebook,Large (51-200 agents),2026-08-15T06:38:05Z
CREAM-20260815-00527,Brian Clark,Brian Clark,Brian,Clark,brian_clark@me.com,(303) 658-1936,Douglas Elliman,Douglas Elliman,Irving,Irving,TX,75333,16,26,26,11104268,3.0,B,70,Realtor.com,Enterprise (200+ agents),2026-08-15T19:33:26Z
CREAM-20260815-00528,Arthur Hughes,Arthur Hughes,Arthur,Hughes,arthur.hughes@gmail.com,(234) 486-6615,Douglas Elliman,Douglas Elliman,Hialeah,Hialeah,FL,34134,3,10,10,3858703,3.9,B,62,Realtor.com,Large (51-200 agents),2026-08-15T04:48:38Z
CREAM-20260815-00529,Dorothy Lee,Dorothy Lee,Dorothy,Lee,dlee@huntingtonrealestate.com,(305) 381-1254,Huntington Real Estate,Huntington Real Estate,Parma,Parma,OH,43834,20,29,29,8499403,3.3,B,91,NAR Directory,Enterprise (200+ agents),2026-08-15T22:13:47Z
CREAM-20260815-00530,Wayne Adams,Wayne Adams,Wayne,Adams,wadams@compass.com,(602) 217-5949,Compass,Compass,Pembroke Pines,Pembroke Pines,FL,34735,20,27,27,13420900,3.5,B,94,Realtor.com,Large (51-200 agents),2026-08-15T20:11:29Z
CREAM-20260815-00531,Theresa Bailey,Theresa Bailey,Theresa,Bailey,theresab@douglaselliman.com,(602) 960-3808,Douglas Elliman,Douglas Elliman,Port St. Lucie,Port St. Lucie,FL,33724,1,5,5,1777598,3.3,B,62,MLS Database,Enterprise (200+ agents),2026-08-15T21:19:01Z
CREAM-20260815-00532,Victoria Kim,Victoria Kim,Victoria,Kim,victoria.kim@me.com,(786) 421-7936,RE/MAX,RE/MAX,Glendale,Glendale,AZ,86224,1,3,3,1346914,3.2,B,92,NAR Directory,Mid-size (11-50 agents),2026-08-15T09:38:31Z
CREAM-20260815-00533,Albert Brown,Albert Brown,Albert,Brown,albertb@yahoo.com,(929) 722-5566,eXp Realty,eXp Realty,Chula Vista,Chula Vista,CA,96400,1,11,11,11272672,3.5,B,91,Realtor.com,Boutique (2-10 agents),2026-08-15T06:34:13Z
CREAM-20260815-00534,Emma White,Emma White,Emma,White,emma.white@berkshirehathaway.com,(602) 204-9459,Berkshire Hathaway,Berkshire Hathaway,Tallahassee,Tallahassee,FL,34170,1,10,10,3998753,4.8,B,65,MLS Database,Boutique (2-10 agents),2026-08-15T12:39:14Z
CREAM-20260815-00535,Louis Adams,Louis Adams,Louis,Adams,ladams@compass.com,(614) 539-3397,Compass,Compass,Port St. Lucie,Port St. Lucie,FL,32650,16,75,75,23053303,3.7,B,66,NAR Directory,Boutique (2-10 agents),2026-08-15T15:06:15Z
CREAM-20260815-00536,Angela White,Angela White,Angela,White,angela.white@re/max.com,(212) 617-3831,RE/MAX,RE/MAX,Dayton,Dayton,OH,44358,3,17,17,3309706,3.5,B,60,Trade Show,Large (51-200 agents),2026-08-15T15:33:13Z
CREAM-20260815-00537,Linda Powell,Linda Powell,Linda,Powell,lpowell@coldwellbanker.com,(916) 884-5551,Coldwell Banker,Coldwell Banker,Cary,Cary,NC,27968,23,77,77,30799989,3.9,B,76,Referral Network,Large (51-200 agents),2026-08-15T03:24:20Z
CREAM-20260815-00538,Elizabeth Nelson,Elizabeth Nelson,Elizabeth,Nelson,elizabeth.nelson@kellerwilliams.com,(234) 830-3131,Keller Williams,Keller Williams,Irving,Irving,TX,77498,25,64,64,26711893,4.3,B,95,Facebook,Boutique (2-10 agents),2026-08-15T17:34:33Z
CREAM-20260815-00539,Carolyn Wright,Carolyn Wright,Carolyn,Wright,cwright@hotmail.com,(407) 908-4881,eXp Realty,eXp Realty,Parma,Parma,OH,45370,20,77,77,20159679,3.6,B,86,Facebook,Large (51-200 agents),2026-08-15T15:23:10Z
CREAM-20260815-00540,Patrick James,Patrick James,Patrick,James,patrickj@hotmail.com,(646) 432-8612,Keller Williams Realty,Keller Williams Realty,Bakersfield,Bakersfield,CA,95506,14,72,72,51990801,3.6,B,99,Cold Outreach,Independent,2026-08-15T16:06:11Z
CREAM-20260815-00541,Stephanie Castillo,Stephanie Castillo,Stephanie,Castillo,stephanie_castillo@icloud.com,(469) 342-2996,Coldwell Banker,Coldwell Banker,Lubbock,Lubbock,TX,79202,5,16,16,4442689,4.3,B,78,LinkedIn,Boutique (2-10 agents),2026-08-15T20:04:44Z
CREAM-20260815-00542,Julia Watson,Julia Watson,Julia,Watson,julia.watson@kellerwilliams.com,(305) 814-5124,Keller Williams,Keller Williams,Dayton,Dayton,OH,44242,14,77,77,15432870,3.5,B,100,NAR Directory,Boutique (2-10 agents),2026-08-15T09:18:22Z
CREAM-20260815-00543,Jason Mitchell,Jason Mitchell,Jason,Mitchell,jason_mitchell@icloud.com,(512) 414-7794,RE/MAX,RE/MAX,Irving,Irving,TX,79159,2,4,4,1472465,3.5,B,100,Website Lead,Large (51-200 agents),2026-08-15T22:25:47Z
CREAM-20260815-00544,Kimberly Russell,Kimberly Russell,Kimberly,Russell,kimberlyr@hotmail.com,(602) 595-8883,Brown Harris Stevens,Brown Harris Stevens,Yonkers,Yonkers,NY,12328,2,11,11,6905524,3.8,B,80,NAR Directory,Independent,2026-08-15T04:08:53Z
CREAM-20260815-00545,Samantha Foster,Samantha Foster,Samantha,Foster,samanthafoster@icloud.com,(720) 210-6254,Berkshire Hathaway,Berkshire Hathaway,Hialeah,Hialeah,FL,34474,2,9,9,3282569,4.6,B,93,LinkedIn,Independent,2026-08-15T05:28:56Z
CREAM-20260815-00546,Martha Evans,Martha Evans,Martha,Evans,martha.evans@gmail.com,(919) 498-2121,Coldwell Banker,Coldwell Banker,Fayetteville,Fayetteville,NC,27344,0,1,1,381772,5.0,B,87,Trade Show,Mid-size (11-50 agents),2026-08-15T05:00:31Z
CREAM-20260815-00547,Debra Kim,Debra Kim,Debra,Kim,debra.kim@me.com,(614) 871-3924,Corcoran Group,Corcoran Group,Yonkers,Yonkers,NY,14329,24,68,68,55334639,3.9,B,99,Realtor.com,Large (51-200 agents),2026-08-15T03:45:03Z
CREAM-20260815-00548,Rebecca Sanchez,Rebecca Sanchez,Rebecca,Sanchez,rebecca.sanchez@outlook.com,(916) 749-1831,8z Real Estate,8z Real Estate,Arvada,Arvada,CO,80996,10,79,79,49291852,4.1,B,75,Facebook,Large (51-200 agents),2026-08-15T11:37:52Z
CREAM-20260815-00549,Victoria Alexander,Victoria Alexander,Victoria,Alexander,valexander@aol.com,(972) 672-7348,Douglas Elliman,Douglas Elliman,Port St. Lucie,Port St. Lucie,FL,34116,1,5,5,2023458,3.2,B,65,NAR Directory,Independent,2026-08-15T19:51:00Z
CREAM-20260815-00550,Anna Jones,Anna Jones,Anna,Jones,annajones@gmail.com,(718) 986-9852,Douglas Elliman,Douglas Elliman,Lubbock,Lubbock,TX,78226,22,68,68,25423676,4.0,B,94,Facebook,Independent,2026-08-15T15:28:27Z
CREAM-20260815-00551,Lisa Ward,Lisa Ward,Lisa,Ward,lward@re/max.com,(720) 384-4885,RE/MAX,RE/MAX,Tallahassee,Tallahassee,FL,32633,1,7,7,2938175,3.9,B,97,Brokerage Listings,Boutique (2-10 agents),2026-08-15T08:00:57Z
CREAM-20260815-00552,George Phillips,George Phillips,George,Phillips,gphillips@outlook.com,(805) 757-4603,Corcoran Group,Corcoran Group,Syracuse,Syracuse,NY,12840,3,18,18,10723338,4.2,B,88,Referral Network,Boutique (2-10 agents),2026-08-15T04:04:10Z
CREAM-20260815-00553,Lawrence Coleman,Lawrence Coleman,Lawrence,Coleman,lawrencec@berkshirehathaway.com,(212) 616-4383,Berkshire Hathaway,Berkshire Hathaway,Dayton,Dayton,OH,44444,20,63,63,11829337,3.5,B,81,Referral Network,Enterprise (200+ agents),2026-08-15T04:20:30Z
CREAM-20260815-00554,Susan Williams,Susan Williams,Susan,Williams,susan.williams@gmail.com,(714) 335-7325,Berkshire Hathaway,Berkshire Hathaway,Hollywood,Hollywood,FL,33506,22,67,67,32514107,4.1,B,64,Realtor.com,Boutique (2-10 agents),2026-08-15T19:47:55Z
CREAM-20260815-00555,Julia Walker,Julia Walker,Julia,Walker,jwalker@aol.com,(404) 790-4312,Berkshire Hathaway,Berkshire Hathaway,Akron,Akron,OH,43977,15,33,33,6863126,3.1,B,71,Cold Outreach,Mid-size (11-50 agents),2026-08-15T04:07:25Z
CREAM-20260815-00556,Brittany Ward,Brittany Ward,Brittany,Ward,bward@hotmail.com,(972) 972-5994,Keller Williams,Keller Williams,Parma,Parma,OH,43336,6,22,22,5505188,4.3,B,87,Trade Show,Mid-size (11-50 agents),2026-08-15T03:01:39Z
CREAM-20260815-00557,Ashley Ross,Ashley Ross,Ashley,Ross,ashleyr@pacificsothebys.com,(310) 712-6339,Pacific Sotheby's,Pacific Sotheby's,Chula Vista,Chula Vista,CA,91984,22,54,54,57503035,4.4,B,68,Facebook,Enterprise (200+ agents),2026-08-15T17:35:46Z
CREAM-20260815-00558,Keith Gonzalez,Keith Gonzalez,Keith,Gonzalez,keithgonzalez@icloud.com,(786) 491-3361,eXp Realty,eXp Realty,Toledo,Toledo,OH,45370,10,50,50,9788112,4.3,B,78,Brokerage Listings,Boutique (2-10 agents),2026-08-15T18:57:56Z
CREAM-20260815-00559,Ryan Sullivan,Ryan Sullivan,Ryan,Sullivan,ryan_sullivan@yahoo.com,(415) 405-4999,Douglas Elliman,Douglas Elliman,Hialeah,Hialeah,FL,32118,7,15,15,6209861,4.1,B,83,Facebook,Mid-size (11-50 agents),2026-08-15T10:40:43Z
CREAM-20260815-00560,George Perez,George Perez,George,Perez,georgep@yahoo.com,(512) 392-4251,Corcoran Group,Corcoran Group,Buffalo,Buffalo,NY,11549,1,8,8,6430440,4.5,B,75,MLS Database,Independent,2026-08-15T06:07:21Z
CREAM-20260815-00561,Gloria Flores,Gloria Flores,Gloria,Flores,gloriaf@icloud.com,(212) 594-9515,Allen Tate,Allen Tate,Fayetteville,Fayetteville,NC,27636,4,24,24,6826826,4.3,B,69,Cold Outreach,Large (51-200 agents),2026-08-15T05:42:32Z
CREAM-20260815-00562,Andrew Cox,Andrew Cox,Andrew,Cox,acox@aol.com,(512) 441-1946,Douglas Elliman,Douglas Elliman,Port St. Lucie,Port St. Lucie,FL,32992,4,18,18,8604278,4.2,B,95,NAR Directory,Enterprise (200+ agents),2026-08-15T11:18:45Z
CREAM-20260815-00563,Melissa Wright,Melissa Wright,Melissa,Wright,melissaw@gmail.com,(469) 822-3103,RE/MAX,RE/MAX,Arlington,Arlington,TX,76896,11,53,53,15351668,4.8,B,90,LinkedIn,Mid-size (11-50 agents),2026-08-15T15:02:44Z
CREAM-20260815-00564,Lisa Hughes,Lisa Hughes,Lisa,Hughes,lisa.hughes@exprealty.com,(469) 605-2507,eXp Realty,eXp Realty,Hollywood,Hollywood,FL,34691,25,55,55,21179326,3.8,B,69,Website Lead,Enterprise (200+ agents),2026-08-15T14:52:53Z
CREAM-20260815-00565,Tyler Chavez,Tyler Chavez,Tyler,Chavez,tylerchavez@me.com,(614) 945-1036,Berkshire Hathaway HomeServices,Berkshire Hathaway HomeServices,Anaheim,Anaheim,CA,91253,7,39,39,40730800,4.9,B,66,Realtor.com,Boutique (2-10 agents),2026-08-15T22:39:01Z
CREAM-20260815-00566,Jerry James,Jerry James,Jerry,James,jerry_james@me.com,(646) 914-5882,Allie Beth Allman,Allie Beth Allman,Corpus Christi,Corpus Christi,TX,76116,4,23,23,8301033,4.9,B,93,LinkedIn,Mid-size (11-50 agents),2026-08-15T09:03:22Z
CREAM-20260815-00567,Michelle Miller,Michelle Miller,Michelle,Miller,mmiller@me.com,(234) 519-1963,eXp Realty,eXp Realty,Lakewood,Lakewood,CO,80152,22,47,47,32181922,3.1,B,90,MLS Database,Large (51-200 agents),2026-08-15T08:23:50Z
CREAM-20260815-00568,Robert Long,Robert Long,Robert,Long,robertlong@aol.com,(972) 569-5208,Coldwell Banker,Coldwell Banker,Toledo,Toledo,OH,43532,1,11,11,2834978,3.9,B,93,Realtor.com,Mid-size (11-50 agents),2026-08-15T21:02:00Z
CREAM-20260815-00569,Andrew Thompson,Andrew Thompson,Andrew,Thompson,andrewthompson@yahoo.com,(310) 516-8334,Coldwell Banker,Coldwell Banker,Durham,Durham,NC,28686,5,14,14,6342527,3.9,B,64,MLS Database,Enterprise (200+ agents),2026-08-15T00:46:58Z
CREAM-20260815-00570,Peter Morales,Peter Morales,Peter,Morales,peterm@exprealty.com,(303) 880-1414,eXp Realty,eXp Realty,Thornton,Thornton,CO,80457,5,23,23,14581540,3.7,B,63,Trade Show,Independent,2026-08-15T06:35:04Z
CREAM-20260815-00571,Nancy Perry,Nancy Perry,Nancy,Perry,nancy.perry@hotmail.com,(234) 933-4979,RE/MAX,RE/MAX,Durham,Durham,NC,27749,21,77,77,20848224,3.0,B,65,Brokerage Listings,Mid-size (11-50 agents),2026-08-15T17:30:47Z
CREAM-20260815-00572,Kimberly Nelson,Kimberly Nelson,Kimberly,Nelson,kimberly.nelson@me.com,(704) 686-2184,Keller Williams,Keller Williams,Dayton,Dayton,OH,45184,11,35,35,7853966,3.6,B,60,Cold Outreach,Independent,2026-08-15T09:06:13Z
CREAM-20260815-00573,Maria Long,Maria Long,Maria,Long,maria_long@yahoo.com,(512) 416-9032,Coldwell Banker,Coldwell Banker,Arvada,Arvada,CO,80874,1,4,4,1949523,4.5,B,61,Realtor.com,Enterprise (200+ agents),2026-08-15T20:45:06Z
CREAM-20260815-00574,Kenneth Lewis,Kenneth Lewis,Kenneth,Lewis,kenneth_lewis@icloud.com,(704) 254-3442,Coldwell Banker,Coldwell Banker,Glendale,Glendale,AZ,86693,2,9,9,3574909,4.7,B,71,Cold Outreach,Large (51-200 agents),2026-08-15T13:58:19Z
CREAM-20260815-00575,Mary Moore,Mary Moore,Mary,Moore,marym@icloud.com,(407) 612-4381,Berkshire Hathaway,Berkshire Hathaway,Cape Coral,Cape Coral,FL,34417,6,40,40,19382971,4.7,B,87,Cold Outreach,Boutique (2-10 agents),2026-08-15T06:15:36Z
CREAM-20260815-00576,Jacob Foster,Jacob Foster,Jacob,Foster,jacobf@re/max.com,(469) 685-3867,RE/MAX,RE/MAX,Dayton,Dayton,OH,45253,19,25,25,6646724,3.9,B,96,LinkedIn,Boutique (2-10 agents),2026-08-15T05:17:26Z
CREAM-20260815-00577,Eugene Rogers,Eugene Rogers,Eugene,Rogers,eugene.rogers@hotmail.com,(720) 856-2636,Keller Williams,Keller Williams,Rochester,Rochester,NY,10214,3,25,25,12006550,3.0,B,88,Facebook,Large (51-200 agents),2026-08-15T02:29:22Z
CREAM-20260815-00578,Brenda Carter,Brenda Carter,Brenda,Carter,bcarter@yahoo.com,(214) 793-3835,Berkshire Hathaway,Berkshire Hathaway,Chandler,Chandler,AZ,85222,3,22,22,10225674,4.8,B,88,MLS Database,Independent,2026-08-15T15:14:58Z
CREAM-20260815-00579,Melissa Coleman,Melissa Coleman,Melissa,Coleman,melissa_coleman@outlook.com,(602) 525-6125,RE/MAX,RE/MAX,Stockton,Stockton,CA,92108,3,21,21,21825911,4.9,B,84,Realtor.com,Boutique (2-10 agents),2026-08-15T06:31:48Z
CREAM-20260815-00580,Ruth Jimenez,Ruth Jimenez,Ruth,Jimenez,ruth.jimenez@gmail.com,(919) 798-2916,eXp Realty,eXp Realty,Arvada,Arvada,CO,80561,5,25,25,12610729,4.4,B,100,Cold Outreach,Large (51-200 agents),2026-08-15T14:09:02Z
CREAM-20260815-00581,Dorothy Stewart,Dorothy Stewart,Dorothy,Stewart,dorothy_stewart@hotmail.com,(305) 807-3077,Huntington Real Estate,Huntington Real Estate,Parma,Parma,OH,45181,15,42,42,9944940,3.3,B,88,MLS Database,Enterprise (200+ agents),2026-08-15T19:19:58Z
CREAM-20260815-00582,John Gutierrez,John Gutierrez,John,Gutierrez,john.gutierrez@russelllyonsothebys.com,(704) 584-2256,Russell Lyon Sotheby's,Russell Lyon Sotheby's,Tempe,Tempe,AZ,86998,0,3,3,1316129,4.9,B,65,Realtor.com,Large (51-200 agents),2026-08-15T03:46:36Z
CREAM-20260815-00583,Ashley Thomas,Ashley Thomas,Ashley,Thomas,ashley.thomas@douglaselliman.com,(512) 902-9534,Douglas Elliman,Douglas Elliman,Hialeah,Hialeah,FL,33993,0,0,0,0,4.6,B,81,Trade Show,Large (51-200 agents),2026-08-15T09:14:28Z
CREAM-20260815-00584,Deborah Wright,Deborah Wright,Deborah,Wright,deborahw@berkshirehathawayhomeservices.com,(234) 229-3321,Berkshire Hathaway HomeServices,Berkshire Hathaway HomeServices,Santa Ana,Santa Ana,CA,95462,7,25,25,26372824,4.1,B,60,Facebook,Enterprise (200+ agents),2026-08-15T09:10:17Z
CREAM-20260815-00585,Jason Jimenez,Jason Jimenez,Jason,Jimenez,jjimenez@kellerwilliams.com,(614) 379-4564,Keller Williams,Keller Williams,Buffalo,Buffalo,NY,14760,1,8,8,6376974,3.8,B,82,Cold Outreach,Boutique (2-10 agents),2026-08-15T13:53:32Z
CREAM-20260815-00586,Charles Wood,Charles Wood,Charles,Wood,charles.wood@icloud.com,(614) 238-1523,Huntington Real Estate,Huntington Real Estate,Parma,Parma,OH,44727,3,24,24,6273142,3.2,B,87,Trade Show,Large (51-200 agents),2026-08-15T02:01:10Z
CREAM-20260815-00587,Victoria Thompson,Victoria Thompson,Victoria,Thompson,victoriathompson@icloud.com,(512) 755-8367,Berkshire Hathaway,Berkshire Hathaway,Fort Collins,Fort Collins,CO,80137,1,8,8,4098839,3.9,B,73,NAR Directory,Boutique (2-10 agents),2026-08-15T04:51:31Z
CREAM-20260815-00588,Juan Moore,Juan Moore,Juan,Moore,juanm@cutlerrealestate.com,(602) 973-7941,Cutler Real Estate,Cutler Real Estate,Parma,Parma,OH,43743,5,23,23,6596985,3.8,B,88,Brokerage Listings,Boutique (2-10 agents),2026-08-15T02:06:58Z
CREAM-20260815-00589,Larry Moore,Larry Moore,Larry,Moore,larry.moore@gmail.com,(713) 443-9668,Keller Williams Realty,Keller Williams Realty,Chula Vista,Chula Vista,CA,96626,5,25,25,24574387,4.6,B,97,MLS Database,Large (51-200 agents),2026-08-15T10:27:58Z
CREAM-20260815-00590,Aaron Rivera,Aaron Rivera,Aaron,Rivera,arivera@outlook.com,(303) 830-6067,Cutler Real Estate,Cutler Real Estate,Toledo,Toledo,OH,45773,3,19,19,4030568,5.0,B,97,Facebook,Independent,2026-08-15T08:55:42Z
CREAM-20260815-00591,John Parker,John Parker,John,Parker,john_parker@icloud.com,(469) 780-5739,Coldwell Banker,Coldwell Banker,Anaheim,Anaheim,CA,93129,13,57,57,52565064,4.4,B,98,Cold Outreach,Mid-size (11-50 agents),2026-08-15T16:55:18Z
CREAM-20260815-00592,Amanda Rodriguez,Amanda Rodriguez,Amanda,Rodriguez,arodriguez@douglaselliman.com,(602) 823-4913,Douglas Elliman,Douglas Elliman,Albany,Albany,NY,12294,14,80,80,52985778,3.6,B,65,Brokerage Listings,Independent,2026-08-15T22:28:03Z
CREAM-20260815-00593,Eugene Russell,Eugene Russell,Eugene,Russell,eugener@yahoo.com,(256) 990-4142,Coldwell Banker,Coldwell Banker,Santa Ana,Santa Ana,CA,90304,2,10,10,7579277,3.1,B,65,Cold Outreach,Independent,2026-08-15T04:21:27Z
CREAM-20260815-00594,Anthony Davis,Anthony Davis,Anthony,Davis,anthony.davis@sothebysinternational.com,(310) 927-2864,Sotheby's International,Sotheby's International,New Rochelle,New Rochelle,NY,13806,24,30,30,20116515,3.5,B,74,NAR Directory,Enterprise (200+ agents),2026-08-15T01:05:44Z
CREAM-20260815-00595,Carol Ross,Carol Ross,Carol,Ross,carol_ross@me.com,(646) 521-6538,RE/MAX,RE/MAX,Toledo,Toledo,OH,44825,21,52,52,11936880,4.3,B,68,LinkedIn,Mid-size (11-50 agents),2026-08-15T23:46:35Z
CREAM-20260815-00596,Michelle Hernandez,Michelle Hernandez,Michelle,Hernandez,michelle_hernandez@gmail.com,(212) 645-5061,Coldwell Banker,Coldwell Banker,Dayton,Dayton,OH,44720,7,24,24,6713113,4.8,B,82,Website Lead,Boutique (2-10 agents),2026-08-15T23:24:34Z
CREAM-20260815-00597,Ryan Kim,Ryan Kim,Ryan,Kim,ryan_kim@me.com,(305) 718-5575,Nest Seekers,Nest Seekers,New Rochelle,New Rochelle,NY,14678,4,16,16,11814284,4.2,B,62,Realtor.com,Independent,2026-08-15T01:17:29Z
CREAM-20260815-00598,Sandra Brooks,Sandra Brooks,Sandra,Brooks,sandrab@icloud.com,(469) 563-8909,8z Real Estate,8z Real Estate,Thornton,Thornton,CO,80796,12,69,69,35522492,4.9,B,94,LinkedIn,Large (51-200 agents),2026-08-15T18:12:08Z
CREAM-20260815-00599,Roger Wilson,Roger Wilson,Roger,Wilson,rwilson@icloud.com,(415) 535-1305,Berkshire Hathaway HomeServices,Berkshire Hathaway HomeServices,Anaheim,Anaheim,CA,93775,3,17,17,14472610,4.5,B,99,Website Lead,Enterprise (200+ agents),2026-08-15T20:19:56Z
CREAM-20260815-00600,Brandon Jones,Brandon Jones,Brandon,Jones,bjones@hotmail.com,(718) 524-5014,Coldwell Banker,Coldwell Banker,Thornton,Thornton,CO,80561,22,41,41,17571499,3.4,B,85,Referral Network,Enterprise (200+ agents),2026-08-15T01:29:50Z
CREAM-20260815-00601,Robert Sanchez,Robert Sanchez,Robert,Sanchez,robert.sanchez@aol.com,(303) 795-3382,Howard Hanna,Howard Hanna,Fayetteville,Fayetteville,NC,27209,20,70,70,23344999,4.5,B,68,Website Lead,Large (51-200 agents),2026-08-15T23:29:40Z
CREAM-20260815-00602,Jeffrey Alvarez,Jeffrey Alvarez,Jeffrey,Alvarez,jalvarez@aol.com,(407) 310-6634,Russell Lyon Sotheby's,Russell Lyon Sotheby's,Glendale,Glendale,AZ,85594,5,11,11,5257065,3.1,B,69,NAR Directory,Mid-size (11-50 agents),2026-08-15T13:22:32Z
CREAM-20260815-00603,Dennis Garcia,Dennis Garcia,Dennis,Garcia,dennisg@russelllyonsothebys.com,(704) 498-2132,Russell Lyon Sotheby's,Russell Lyon Sotheby's,Chandler,Chandler,AZ,85941,10,52,52,24176678,4.1,B,61,MLS Database,Large (51-200 agents),2026-08-15T02:39:12Z
CREAM-20260815-00604,Sharon Sanchez,Sharon Sanchez,Sharon,Sanchez,ssanchez@icloud.com,(303) 896-3725,Keller Williams,Keller Williams,New Rochelle,New Rochelle,NY,14326,2,3,3,1770046,4.4,B,70,Website Lead,Enterprise (200+ agents),2026-08-15T15:33:10Z
CREAM-20260815-00605,Joshua Wood,Joshua Wood,Joshua,Wood,joshua.wood@brownharrisstevens.com,(234) 712-4104,Brown Harris Stevens,Brown Harris Stevens,Syracuse,Syracuse,NY,11739,10,48,48,24662523,3.7,B,76,Realtor.com,Enterprise (200+ agents),2026-08-15T18:45:37Z
CREAM-20260815-00606,Anthony Turner,Anthony Turner,Anthony,Turner,anthony.turner@icloud.com,(512) 332-6986,Briggs Freeman Sotheby's,Briggs Freeman Sotheby's,Irving,Irving,TX,76188,11,75,75,21393870,4.7,B,71,NAR Directory,Large (51-200 agents),2026-08-15T18:36:09Z
CREAM-20260815-00607,Robert Flores,Robert Flores,Robert,Flores,robertf@alliebethallman.com,(972) 486-8651,Allie Beth Allman,Allie Beth Allman,Lubbock,Lubbock,TX,77717,5,11,11,3390624,4.7,B,96,Cold Outreach,Boutique (2-10 agents),2026-08-15T03:05:46Z
CREAM-20260815-00608,Michelle Price,Michelle Price,Michelle,Price,michelle.price@re/max.com,(256) 870-4516,RE/MAX,RE/MAX,Anaheim,Anaheim,CA,96965,7,37,37,22340282,4.3,B,62,Website Lead,Enterprise (200+ agents),2026-08-15T21:12:56Z
CREAM-20260815-00609,Brenda Wood,Brenda Wood,Brenda,Wood,brendaw@douglaselliman.com,(786) 878-3385,Douglas Elliman,Douglas Elliman,New Rochelle,New Rochelle,NY,11581,14,78,78,60858174,4.8,B,72,Facebook,Enterprise (200+ agents),2026-08-15T03:29:12Z
CREAM-20260815-00610,Janet Torres,Janet Torres,Janet,Torres,janet.torres@aol.com,(714) 559-1192,RE/MAX,RE/MAX,Winston-Salem,Winston-Salem,NC,28284,3,12,12,4782366,3.5,B,68,MLS Database,Boutique (2-10 agents),2026-08-15T12:55:17Z
CREAM-20260815-00611,Jacob Cox,Jacob Cox,Jacob,Cox,jacob.cox@outlook.com,(214) 781-9200,8z Real Estate,8z Real Estate,Lakewood,Lakewood,CO,80294,25,43,43,29148638,3.0,B,62,MLS Database,Independent,2026-08-15T23:17:26Z
CREAM-20260815-00612,Christine Cooper,Christine Cooper,Christine,Cooper,christinec@aol.com,(303) 744-2051,Compass,Compass,Cary,Cary,NC,27438,10,58,58,19603359,3.2,B,63,Website Lead,Enterprise (200+ agents),2026-08-15T09:29:22Z
CREAM-20260815-00613,Timothy Campbell,Timothy Campbell,Timothy,Campbell,timothy_campbell@gmail.com,(720) 940-6984,Keller Williams Realty,Keller Williams Realty,Santa Ana,Santa Ana,CA,94955,5,17,17,17779979,4.3,B,61,LinkedIn,Large (51-200 agents),2026-08-15T03:44:41Z
CREAM-20260815-00614,John Fisher,John Fisher,John,Fisher,jfisher@gmail.com,(972) 262-5400,Keller Williams,Keller Williams,Winston-Salem,Winston-Salem,NC,28952,4,16,16,4253629,4.6,B,95,Website Lead,Large (51-200 agents),2026-08-15T04:36:38Z
CREAM-20260815-00615,Anthony Baker,Anthony Baker,Anthony,Baker,abaker@re/max.com,(234) 884-2152,RE/MAX,RE/MAX,Lakewood,Lakewood,CO,80583,17,78,78,32745795,3.0,B,80,Facebook,Independent,2026-08-15T12:10:38Z
CREAM-20260815-00616,Donna Cox,Donna Cox,Donna,Cox,donna.cox@icloud.com,(305) 420-6100,eXp Realty,eXp Realty,Gilbert,Gilbert,AZ,86153,23,76,76,24028203,4.7,B,60,Realtor.com,Large (51-200 agents),2026-08-15T16:16:44Z
CREAM-20260815-00617,Elizabeth Mendoza,Elizabeth Mendoza,Elizabeth,Mendoza,elizabethmendoza@icloud.com,(916) 812-4197,Douglas Elliman,Douglas Elliman,Arlington,Arlington,TX,77815,1,10,10,4077832,3.3,B,73,LinkedIn,Mid-size (11-50 agents),2026-08-15T13:49:44Z
CREAM-20260815-00618,Peter Ruiz,Peter Ruiz,Peter,Ruiz,peterruiz@gmail.com,(919) 730-7955,RE/MAX,RE/MAX,Toledo,Toledo,OH,45224,12,48,48,11289564,4.6,B,69,Facebook,Large (51-200 agents),2026-08-15T05:40:55Z
CREAM-20260815-00619,Grace Gonzalez,Grace Gonzalez,Grace,Gonzalez,graceg@aol.com,(415) 461-7404,Keller Williams Realty,Keller Williams Realty,Fresno,Fresno,CA,96658,0,1,1,689320,3.0,B,86,Facebook,Mid-size (11-50 agents),2026-08-15T11:32:28Z
CREAM-20260815-00620,Anna Reyes,Anna Reyes,Anna,Reyes,annar@berkshirehathaway.com,(718) 722-2054,Berkshire Hathaway,Berkshire Hathaway,Lubbock,Lubbock,TX,78890,23,58,58,15726893,4.3,B,89,Facebook,Mid-size (11-50 agents),2026-08-15T16:30:10Z
CREAM-20260815-00621,Eric Ramirez,Eric Ramirez,Eric,Ramirez,ericr@douglaselliman.com,(720) 898-2058,Douglas Elliman,Douglas Elliman,Pembroke Pines,Pembroke Pines,FL,34186,25,64,64,27629326,4.9,B,97,Referral Network,Enterprise (200+ agents),2026-08-15T02:10:22Z
CREAM-20260815-00622,Cynthia Young,Cynthia Young,Cynthia,Young,cynthiayoung@aol.com,(929) 418-2084,Nest Seekers,Nest Seekers,Rochester,Rochester,NY,12822,3,11,11,5766514,4.4,B,63,Trade Show,Mid-size (11-50 agents),2026-08-15T23:29:19Z
CREAM-20260815-00623,Patricia Brooks,Patricia Brooks,Patricia,Brooks,pbrooks@gmail.com,(786) 682-7112,Allie Beth Allman,Allie Beth Allman,Corpus Christi,Corpus Christi,TX,76739,21,29,29,7344415,4.1,B,86,MLS Database,Enterprise (200+ agents),2026-08-15T19:33:53Z
CREAM-20260815-00624,Jessica Torres,Jessica Torres,Jessica,Torres,jessica.torres@gmail.com,(929) 453-5039,Huntington Real Estate,Huntington Real Estate,Parma,Parma,OH,43100,5,18,18,5341731,3.7,B,65,Realtor.com,Boutique (2-10 agents),2026-08-15T09:25:50Z
CREAM-20260815-00625,Rose Green,Rose Green,Rose,Green,roseg@yahoo.com,(720) 580-5941,HER Realtors,HER Realtors,Akron,Akron,OH,43394,19,35,35,10506484,4.8,B,70,Realtor.com,Independent,2026-08-15T22:02:46Z
CREAM-20260815-00626,Jeffrey Richardson,Jeffrey Richardson,Jeffrey,Richardson,jeffreyrichardson@icloud.com,(305) 818-4920,Compass,Compass,Arvada,Arvada,CO,80153,24,70,70,33230301,3.1,B,81,Facebook,Enterprise (200+ agents),2026-08-15T20:54:56Z
CREAM-20260815-00627,Edward Gutierrez,Edward Gutierrez,Edward,Gutierrez,edwardgutierrez@hotmail.com,(720) 673-9072,Coldwell Banker,Coldwell Banker,Fayetteville,Fayetteville,NC,28670,16,77,77,24572193,3.2,B,74,Cold Outreach,Enterprise (200+ agents),2026-08-15T21:11:50Z
CREAM-20260815-00628,Heather Ross,Heather Ross,Heather,Ross,heather.ross@exprealty.com,(602) 683-2525,eXp Realty,eXp Realty,Winston-Salem,Winston-Salem,NC,28364,3,23,23,6304470,4.4,B,74,Facebook,Mid-size (11-50 agents),2026-08-15T19:09:58Z
CREAM-20260815-00629,Michael Powell,Michael Powell,Michael,Powell,mpowell@me.com,(718) 516-2517,Nest Seekers,Nest Seekers,Yonkers,Yonkers,NY,12847,1,8,8,5604740,4.3,B,93,MLS Database,Large (51-200 agents),2026-08-15T18:50:24Z
CREAM-20260815-00630,Jacob Mendoza,Jacob Mendoza,Jacob,Mendoza,jacobm@icloud.com,(212) 536-1610,Huntington Real Estate,Huntington Real Estate,Toledo,Toledo,OH,45805,1,9,9,1862421,4.8,B,91,NAR Directory,Independent,2026-08-15T23:39:05Z
CREAM-20260815-00631,Gary Taylor,Gary Taylor,Gary,Taylor,garyt@gmail.com,(714) 328-9309,Keller Williams Realty,Keller Williams Realty,Anaheim,Anaheim,CA,91743,4,8,8,8083081,3.6,B,99,Referral Network,Independent,2026-08-15T01:00:40Z
CREAM-20260815-00632,Karen Carter,Karen Carter,Karen,Carter,karenc@outlook.com,(929) 593-6134,RE/MAX,RE/MAX,Lubbock,Lubbock,TX,75490,24,47,47,20588915,4.3,B,71,NAR Directory,Independent,2026-08-15T12:18:30Z
CREAM-20260815-00633,Nancy Morales,Nancy Morales,Nancy,Morales,nmorales@kellerwilliamsrealty.com,(513) 649-9203,Keller Williams Realty,Keller Williams Realty,Stockton,Stockton,CA,91493,5,17,17,12294447,3.4,B,61,Brokerage Listings,Large (51-200 agents),2026-08-15T07:03:50Z
CREAM-20260815-00634,Diane White,Diane White,Diane,White,dianewhite@aol.com,(310) 696-4904,Compass,Compass,Riverside,Riverside,CA,91555,20,48,48,40289337,4.2,B,73,Website Lead,Independent,2026-08-15T11:39:07Z
CREAM-20260815-00635,Megan Price,Megan Price,Megan,Price,megan.price@brownharrisstevens.com,(234) 349-3262,Brown Harris Stevens,Brown Harris Stevens,Yonkers,Yonkers,NY,14190,2,3,3,1722682,3.2,B,85,Referral Network,Mid-size (11-50 agents),2026-08-15T08:00:17Z
CREAM-20260815-00636,Arthur Flores,Arthur Flores,Arthur,Flores,arthurf@re/max.com,(713) 748-7322,RE/MAX,RE/MAX,Akron,Akron,OH,45225,8,17,17,3481206,3.6,B,79,LinkedIn,Mid-size (11-50 agents),2026-08-15T16:47:44Z
CREAM-20260815-00637,Shirley Cook,Shirley Cook,Shirley,Cook,shirleyc@outlook.com,(916) 259-8053,Coldwell Banker,Coldwell Banker,Dayton,Dayton,OH,44196,13,71,71,16501392,3.4,B,78,Trade Show,Large (51-200 agents),2026-08-15T00:52:50Z
CREAM-20260815-00638,Arthur Williams,Arthur Williams,Arthur,Williams,arthurwilliams@aol.com,(805) 544-3509,Compass,Compass,Port St. Lucie,Port St. Lucie,FL,32689,2,4,4,2002394,3.8,B,67,LinkedIn,Boutique (2-10 agents),2026-08-15T09:49:26Z
CREAM-20260815-00639,Nicole Phillips,Nicole Phillips,Nicole,Phillips,nphillips@gmail.com,(972) 203-5317,8z Real Estate,8z Real Estate,Thornton,Thornton,CO,81696,12,58,58,37851511,3.2,B,64,Facebook,Independent,2026-08-15T10:05:53Z
CREAM-20260815-00640,Nancy Nelson,Nancy Nelson,Nancy,Nelson,nancy_nelson@yahoo.com,(614) 664-8333,eXp Realty,eXp Realty,Akron,Akron,OH,43745,21,48,48,15363930,3.8,B,70,Cold Outreach,Mid-size (11-50 agents),2026-08-15T22:57:56Z
CREAM-20260815-00641,Brittany Johnson,Brittany Johnson,Brittany,Johnson,brittanyj@longrealty.com,(718) 698-4073,Long Realty,Long Realty,Glendale,Glendale,AZ,85766,24,46,46,17827373,3.3,B,81,Referral Network,Large (51-200 agents),2026-08-15T20:46:30Z
CREAM-20260815-00642,Juan Reyes,Juan Reyes,Juan,Reyes,juanr@huntingtonrealestate.com,(704) 460-9905,Huntington Real Estate,Huntington Real Estate,Dayton,Dayton,OH,43418,12,79,79,24277466,4.7,B,93,Realtor.com,Independent,2026-08-15T10:31:24Z
CREAM-20260815-00643,Daniel Davis,Daniel Davis,Daniel,Davis,daniel_davis@outlook.com,(415) 315-3179,Briggs Freeman Sotheby's,Briggs Freeman Sotheby's,Corpus Christi,Corpus Christi,TX,75346,3,17,17,4190533,4.2,B,60,Cold Outreach,Independent,2026-08-15T01:51:18Z
CREAM-20260815-00644,Brian Young,Brian Young,Brian,Young,byoung@gmail.com,(212) 689-9093,eXp Realty,eXp Realty,Thornton,Thornton,CO,81779,0,0,0,0,4.8,B,74,Referral Network,Mid-size (11-50 agents),2026-08-15T13:30:21Z
CREAM-20260815-00645,Maria Coleman,Maria Coleman,Maria,Coleman,mariac@re/max.com,(513) 572-4106,RE/MAX,RE/MAX,Glendale,Glendale,AZ,86577,14,29,29,14428440,4.7,B,100,NAR Directory,Independent,2026-08-15T03:07:04Z
CREAM-20260815-00646,Sandra Cruz,Sandra Cruz,Sandra,Cruz,sandracruz@gmail.com,(404) 344-1768,Keller Williams,Keller Williams,Irving,Irving,TX,75786,23,75,75,19155843,3.7,B,69,Brokerage Listings,Boutique (2-10 agents),2026-08-15T07:44:58Z
CREAM-20260815-00647,Brittany Perry,Brittany Perry,Brittany,Perry,brittanyperry@aol.com,(214) 761-3864,eXp Realty,eXp Realty,Arlington,Arlington,TX,79535,4,15,15,5038599,4.9,B,65,Realtor.com,Independent,2026-08-15T22:57:27Z
CREAM-20260815-00648,Debra Sullivan,Debra Sullivan,Debra,Sullivan,dsullivan@icloud.com,(646) 705-8365,Briggs Freeman Sotheby's,Briggs Freeman Sotheby's,Irving,Irving,TX,77244,4,13,13,5100011,3.4,B,67,Cold Outreach,Independent,2026-08-15T18:38:37Z
CREAM-20260815-00649,Ronald Russell,Ronald Russell,Ronald,Russell,ronaldr@berkshirehathaway.com,(404) 676-1678,Berkshire Hathaway,Berkshire Hathaway,Winston-Salem,Winston-Salem,NC,28692,14,36,36,10792833,3.3,B,70,Referral Network,Large (51-200 agents),2026-08-15T09:34:53Z
CREAM-20260815-00650,Jerry Adams,Jerry Adams,Jerry,Adams,jadams@kellerwilliamsrealty.com,(214) 683-8851,Keller Williams Realty,Keller Williams Realty,Hollywood,Hollywood,FL,34663,23,35,35,10920590,3.8,B,64,Trade Show,Independent,2026-08-15T11:33:41Z
CREAM-20260815-00651,Angela Williams,Angela Williams,Angela,Williams,angela_williams@aol.com,(805) 780-1263,Sotheby's International,Sotheby's International,Albany,Albany,NY,13560,4,19,19,11329227,4.9,B,62,Brokerage Listings,Large (51-200 agents),2026-08-15T13:07:00Z
CREAM-20260815-00652,Eric Gutierrez,Eric Gutierrez,Eric,Gutierrez,ericg@herrealtors.com,(256) 383-4698,HER Realtors,HER Realtors,Toledo,Toledo,OH,43365,16,64,64,19636498,3.3,B,92,Referral Network,Boutique (2-10 agents),2026-08-15T01:29:51Z
CREAM-20260815-00653,Andrew Watson,Andrew Watson,Andrew,Watson,andrew_watson@hotmail.com,(805) 239-6130,Cutler Real Estate,Cutler Real Estate,Parma,Parma,OH,43112,5,13,13,3661406,4.0,B,86,LinkedIn,Enterprise (200+ agents),2026-08-15T10:05:10Z
CREAM-20260815-00654,Jonathan Sanchez,Jonathan Sanchez,Jonathan,Sanchez,jonathan.sanchez@icloud.com,(805) 832-2237,Russell Lyon Sotheby's,Russell Lyon Sotheby's,Tempe,Tempe,AZ,85392,18,27,27,10753984,5.0,B,70,Referral Network,Mid-size (11-50 agents),2026-08-15T10:53:49Z
CREAM-20260815-00655,Justin Thompson,Justin Thompson,Justin,Thompson,justint@me.com,(614) 828-6803,Coldwell Banker,Coldwell Banker,Akron,Akron,OH,44801,2,7,7,1961902,3.5,B,61,Brokerage Listings,Large (51-200 agents),2026-08-15T04:26:13Z
CREAM-20260815-00656,Olivia Moore,Olivia Moore,Olivia,Moore,olivia.moore@aol.com,(602) 720-6503,HomeSmart,HomeSmart,Tempe,Tempe,AZ,85727,12,66,66,30747504,4.2,B,90,MLS Database,Mid-size (11-50 agents),2026-08-15T18:38:49Z
CREAM-20260815-00657,Scott Ward,Scott Ward,Scott,Ward,scott.ward@aol.com,(718) 645-6965,Long Realty,Long Realty,Glendale,Glendale,AZ,85713,2,10,10,3279404,4.5,B,76,Realtor.com,Mid-size (11-50 agents),2026-08-15T10:58:18Z
CREAM-20260815-00658,Paul Russell,Paul Russell,Paul,Russell,prussell@nestseekers.com,(704) 444-7388,Nest Seekers,Nest Seekers,Buffalo,Buffalo,NY,13449,7,33,33,16398987,3.1,B,76,Facebook,Large (51-200 agents),2026-08-15T19:02:41Z
CREAM-20260815-00659,Matthew Castillo,Matthew Castillo,Matthew,Castillo,matthewcastillo@gmail.com,(713) 332-6294,Russell Lyon Sotheby's,Russell Lyon Sotheby's,Gilbert,Gilbert,AZ,85138,9,35,35,15672967,4.7,B,76,MLS Database,Mid-size (11-50 agents),2026-08-15T20:05:38Z
CREAM-20260815-00660,Nicholas Phillips,Nicholas Phillips,Nicholas,Phillips,nicholasp@berkshirehathaway.com,(310) 921-1900,Berkshire Hathaway,Berkshire Hathaway,Gilbert,Gilbert,AZ,85835,5,10,10,3527100,3.4,B,87,Facebook,Large (51-200 agents),2026-08-15T15:23:27Z
CREAM-20260815-00661,Andrew Castillo,Andrew Castillo,Andrew,Castillo,andrew.castillo@aol.com,(704) 260-5607,RE/MAX,RE/MAX,Tempe,Tempe,AZ,85576,4,10,10,4372814,3.5,B,81,Referral Network,Boutique (2-10 agents),2026-08-15T13:56:08Z
CREAM-20260815-00662,Cynthia Martinez,Cynthia Martinez,Cynthia,Martinez,cynthia.martinez@huntingtonrealestate.com,(214) 282-2911,Huntington Real Estate,Huntington Real Estate,Dayton,Dayton,OH,43192,2,4,4,1167051,3.3,B,93,Facebook,Large (51-200 agents),2026-08-15T11:19:33Z
CREAM-20260815-00663,Richard Morgan,Richard Morgan,Richard,Morgan,rmorgan@aol.com,(512) 436-1109,Coldwell Banker,Coldwell Banker,Anaheim,Anaheim,CA,93274,23,50,50,51620297,3.4,B,76,Trade Show,Enterprise (200+ agents),2026-08-15T14:06:38Z
CREAM-20260815-00664,Dorothy Brown,Dorothy Brown,Dorothy,Brown,dbrown@outlook.com,(407) 748-8953,HomeSmart,HomeSmart,Chandler,Chandler,AZ,85437,24,42,42,18185231,3.4,B,69,Cold Outreach,Mid-size (11-50 agents),2026-08-15T13:46:30Z
CREAM-20260815-00665,Matthew Mendoza,Matthew Mendoza,Matthew,Mendoza,matthew.mendoza@allentate.com,(714) 808-5926,Allen Tate,Allen Tate,Fayetteville,Fayetteville,NC,28744,25,34,34,10248317,4.4,B,63,MLS Database,Large (51-200 agents),2026-08-15T17:58:03Z
CREAM-20260815-00666,Stephanie Powell,Stephanie Powell,Stephanie,Powell,stephaniepowell@me.com,(720) 692-8728,Coldwell Banker,Coldwell Banker,Fort Collins,Fort Collins,CO,81349,2,12,12,4858609,4.5,B,70,Brokerage Listings,Large (51-200 agents),2026-08-15T01:50:04Z
CREAM-20260815-00667,Kimberly Diaz,Kimberly Diaz,Kimberly,Diaz,kimberlydiaz@outlook.com,(929) 418-7997,Long Realty,Long Realty,Chandler,Chandler,AZ,86864,20,53,53,28117093,5.0,B,96,Brokerage Listings,Independent,2026-08-15T19:55:37Z
CREAM-20260815-00668,Amanda Lopez,Amanda Lopez,Amanda,Lopez,alopez@berkshirehathawayhomeservices.com,(805) 492-8408,Berkshire Hathaway HomeServices,Berkshire Hathaway HomeServices,Riverside,Riverside,CA,91741,13,45,45,43544722,3.3,B,60,Brokerage Listings,Boutique (2-10 agents),2026-08-15T19:29:36Z
CREAM-20260815-00669,Lawrence Ward,Lawrence Ward,Lawrence,Ward,lward@nestseekers.com,(718) 602-8685,Nest Seekers,Nest Seekers,Albany,Albany,NY,13554,4,16,16,11548150,3.6,B,98,NAR Directory,Large (51-200 agents),2026-08-15T07:04:37Z
CREAM-20260815-00670,Helen Anderson,Helen Anderson,Helen,Anderson,helena@outlook.com,(214) 483-4827,Compass,Compass,Syracuse,Syracuse,NY,10918,1,4,4,1992550,4.7,B,75,Facebook,Independent,2026-08-15T10:19:31Z
CREAM-20260815-00671,Debra Mitchell,Debra Mitchell,Debra,Mitchell,debra.mitchell@gmail.com,(916) 867-2830,Keller Williams Realty,Keller Williams Realty,Cape Coral,Cape Coral,FL,34338,14,45,45,14719266,4.9,B,66,Website Lead,Mid-size (11-50 agents),2026-08-15T22:08:23Z
CREAM-20260815-00672,Shirley Gomez,Shirley Gomez,Shirley,Gomez,shirley.gomez@re/max.com,(704) 282-9637,RE/MAX,RE/MAX,Chandler,Chandler,AZ,86795,5,9,9,3436931,3.1,B,100,Trade Show,Independent,2026-08-15T09:11:09Z
CREAM-20260815-00673,Sharon Gomez,Sharon Gomez,Sharon,Gomez,sharong@aol.com,(334) 803-1771,Douglas Elliman,Douglas Elliman,Hollywood,Hollywood,FL,32460,15,72,72,28959399,5.0,B,89,Facebook,Boutique (2-10 agents),2026-08-15T09:59:33Z
CREAM-20260815-00674,Brenda Long,Brenda Long,Brenda,Long,blong@livsothebys.com,(980) 589-1734,LIV Sotheby's,LIV Sotheby's,Thornton,Thornton,CO,81475,10,60,60,25915751,3.1,B,85,Realtor.com,Boutique (2-10 agents),2026-08-15T04:21:37Z
CREAM-20260815-00675,Stephen Powell,Stephen Powell,Stephen,Powell,stephenpowell@aol.com,(919) 243-3709,Douglas Elliman,Douglas Elliman,Buffalo,Buffalo,NY,11594,13,36,36,29170564,4.9,B,60,Facebook,Boutique (2-10 agents),2026-08-15T05:34:38Z
CREAM-20260815-00676,Matthew Wright,Matthew Wright,Matthew,Wright,mattheww@alliebethallman.com,(718) 625-9792,Allie Beth Allman,Allie Beth Allman,Amarillo,Amarillo,TX,76644,9,40,40,11568638,3.5,B,67,LinkedIn,Large (51-200 agents),2026-08-15T11:45:27Z
CREAM-20260815-00677,Jacob Evans,Jacob Evans,Jacob,Evans,jacob.evans@hotmail.com,(602) 218-3939,Berkshire Hathaway,Berkshire Hathaway,Parma,Parma,OH,43256,7,36,36,10700725,4.3,B,85,NAR Directory,Mid-size (11-50 agents),2026-08-15T02:19:23Z
CREAM-20260815-00678,Stephanie Rivera,Stephanie Rivera,Stephanie,Rivera,stephanierivera@aol.com,(714) 247-3384,Berkshire Hathaway,Berkshire Hathaway,Dayton,Dayton,OH,45632,1,4,4,832371,3.9,B,81,Realtor.com,Large (51-200 agents),2026-08-15T08:00:23Z
CREAM-20260815-00679,Patricia Perez,Patricia Perez,Patricia,Perez,patricia.perez@aol.com,(212) 517-4214,eXp Realty,eXp Realty,Arlington,Arlington,TX,76880,7,28,28,8518194,4.5,B,64,Website Lead,Independent,2026-08-15T20:20:34Z
CREAM-20260815-00680,Rachel Green,Rachel Green,Rachel,Green,rachel.green@howardhanna.com,(513) 315-4324,Howard Hanna,Howard Hanna,Fayetteville,Fayetteville,NC,28731,4,24,24,8270217,4.4,B,98,MLS Database,Large (51-200 agents),2026-08-15T06:51:13Z
CREAM-20260815-00681,Susan Wood,Susan Wood,Susan,Wood,swood@aol.com,(415) 695-3843,HER Realtors,HER Realtors,Parma,Parma,OH,44859,3,8,8,2454010,4.1,B,98,Cold Outreach,Mid-size (11-50 agents),2026-08-15T21:52:41Z
CREAM-20260815-00682,Brittany Miller,Brittany Miller,Brittany,Miller,brittany.miller@berkshirehathawayhomeservices.com,(786) 645-9046,Berkshire Hathaway HomeServices,Berkshire Hathaway HomeServices,Stockton,Stockton,CA,90377,24,41,41,39939839,4.4,B,70,LinkedIn,Independent,2026-08-15T19:00:18Z
CREAM-20260815-00683,Paul Morales,Paul Morales,Paul,Morales,paulmorales@yahoo.com,(929) 437-9398,Douglas Elliman,Douglas Elliman,Pembroke Pines,Pembroke Pines,FL,32448,0,0,0,0,3.0,B,92,Cold Outreach,Enterprise (200+ agents),2026-08-15T16:11:48Z
CREAM-20260815-00684,Rebecca Sanders,Rebecca Sanders,Rebecca,Sanders,rebeccasanders@outlook.com,(718) 834-2920,Keller Williams,Keller Williams,Gilbert,Gilbert,AZ,86207,19,42,42,13253675,4.0,B,81,Brokerage Listings,Large (51-200 agents),2026-08-15T03:31:02Z
CREAM-20260815-00685,Ralph Hill,Ralph Hill,Ralph,Hill,ralphhill@aol.com,(334) 579-6371,eXp Realty,eXp Realty,Durham,Durham,NC,28301,22,48,48,20579075,3.8,B,70,Facebook,Independent,2026-08-15T20:07:46Z
CREAM-20260815-00686,Sandra Kelly,Sandra Kelly,Sandra,Kelly,skelly@gmail.com,(713) 207-7238,Keller Williams,Keller Williams,Fort Collins,Fort Collins,CO,80320,4,12,12,8107406,3.3,B,79,LinkedIn,Mid-size (11-50 agents),2026-08-15T12:37:49Z
CREAM-20260815-00687,Brandon Campbell,Brandon Campbell,Brandon,Campbell,brandonc@outlook.com,(513) 438-8468,RE/MAX,RE/MAX,Arlington,Arlington,TX,75154,10,63,63,24340107,3.8,B,91,Realtor.com,Mid-size (11-50 agents),2026-08-15T15:53:31Z
CREAM-20260815-00688,Amanda Rogers,Amanda Rogers,Amanda,Rogers,amandarogers@me.com,(602) 585-6638,8z Real Estate,8z Real Estate,Arvada,Arvada,CO,81762,1,5,5,3142870,3.6,B,81,Referral Network,Independent,2026-08-15T05:03:41Z
CREAM-20260815-00689,Alan Gray,Alan Gray,Alan,Gray,alang@coldwellbanker.com,(646) 795-7049,Coldwell Banker,Coldwell Banker,Gilbert,Gilbert,AZ,86289,17,71,71,25361519,3.9,B,62,Referral Network,Independent,2026-08-15T15:31:47Z
CREAM-20260815-00690,Amy Sanchez,Amy Sanchez,Amy,Sanchez,asanchez@me.com,(305) 286-9108,eXp Realty,eXp Realty,Amarillo,Amarillo,TX,78881,0,0,0,0,3.3,B,73,LinkedIn,Independent,2026-08-15T09:31:13Z
CREAM-20260815-00691,Linda Miller,Linda Miller,Linda,Miller,lindam@gmail.com,(786) 819-7873,Sotheby's International,Sotheby's International,Rochester,Rochester,NY,13449,9,15,15,10966939,3.1,B,99,Cold Outreach,Independent,2026-08-15T01:41:06Z
CREAM-20260815-00692,Jacqueline Long,Jacqueline Long,Jacqueline,Long,jacquelinelong@outlook.com,(256) 371-3353,Century 21,Century 21,Tallahassee,Tallahassee,FL,32367,7,24,24,9336685,4.0,B,79,Realtor.com,Independent,2026-08-15T12:46:02Z
CREAM-20260815-00693,Edward Hill,Edward Hill,Edward,Hill,ehill@outlook.com,(916) 730-2993,Nest Seekers,Nest Seekers,Buffalo,Buffalo,NY,11353,16,40,40,32298160,3.4,B,74,Realtor.com,Independent,2026-08-15T09:03:15Z
CREAM-20260815-00694,Anthony Kelly,Anthony Kelly,Anthony,Kelly,akelly@berkshirehathawayhomeservices.com,(512) 361-7804,Berkshire Hathaway HomeServices,Berkshire Hathaway HomeServices,Fresno,Fresno,CA,90824,1,8,8,6526261,4.7,B,71,Facebook,Large (51-200 agents),2026-08-15T23:00:11Z
CREAM-20260815-00695,Deborah Green,Deborah Green,Deborah,Green,dgreen@hotmail.com,(415) 463-7652,Keller Williams,Keller Williams,Albany,Albany,NY,12869,3,16,16,13466176,3.7,B,81,Realtor.com,Large (51-200 agents),2026-08-15T20:29:13Z
CREAM-20260815-00696,Sharon Parker,Sharon Parker,Sharon,Parker,sharon_parker@gmail.com,(919) 751-9055,eXp Realty,eXp Realty,Chula Vista,Chula Vista,CA,95198,3,8,8,5204165,4.2,B,84,Brokerage Listings,Mid-size (11-50 agents),2026-08-15T14:53:04Z
CREAM-20260815-00697,Ryan Price,Ryan Price,Ryan,Price,rprice@yahoo.com,(704) 816-5146,eXp Realty,eXp Realty,Riverside,Riverside,CA,93399,1,8,8,7009351,4.4,B,98,Brokerage Listings,Large (51-200 agents),2026-08-15T02:48:38Z
CREAM-20260815-00698,Ashley Adams,Ashley Adams,Ashley,Adams,ashley.adams@icloud.com,(786) 299-2403,Corcoran Group,Corcoran Group,Buffalo,Buffalo,NY,11583,16,44,44,33308362,4.4,B,68,LinkedIn,Large (51-200 agents),2026-08-15T19:42:38Z
CREAM-20260815-00699,Joseph Lee,Joseph Lee,Joseph,Lee,josephl@icloud.com,(646) 900-5308,Huntington Real Estate,Huntington Real Estate,Parma,Parma,OH,45555,22,73,73,19650582,3.7,B,85,Facebook,Enterprise (200+ agents),2026-08-15T16:17:37Z
CREAM-20260815-00700,Walter Baker,Walter Baker,Walter,Baker,walterb@exprealty.com,(713) 310-2067,eXp Realty,eXp Realty,Amarillo,Amarillo,TX,76282,20,27,27,8258550,4.5,B,62,Referral Network,Boutique (2-10 agents),2026-08-15T10:25:28Z
CREAM-20260815-00701,Shirley Allen,Shirley Allen,Shirley,Allen,shirleya@sothebysinternational.com,(786) 676-1524,Sotheby's International,Sotheby's International,New Rochelle,New Rochelle,NY,12161,4,21,21,15693679,3.2,B,95,Trade Show,Mid-size (11-50 agents),2026-08-15T12:24:03Z
CREAM-20260815-00702,Samantha Jimenez,Samantha Jimenez,Samantha,Jimenez,samanthajimenez@aol.com,(305) 310-6109,HomeSmart,HomeSmart,Gilbert,Gilbert,AZ,86752,13,55,55,20555376,4.0,B,71,LinkedIn,Boutique (2-10 agents),2026-08-15T03:18:31Z
CREAM-20260815-00703,Larry Foster,Larry Foster,Larry,Foster,larry.foster@icloud.com,(713) 255-8313,Briggs Freeman Sotheby's,Briggs Freeman Sotheby's,Amarillo,Amarillo,TX,79275,4,8,8,2934179,4.6,B,80,Referral Network,Boutique (2-10 agents),2026-08-15T08:16:27Z
CREAM-20260815-00704,Joshua Lee,Joshua Lee,Joshua,Lee,joshua_lee@outlook.com,(646) 939-9544,Douglas Elliman,Douglas Elliman,Lubbock,Lubbock,TX,78196,1,7,7,1910810,3.4,B,71,Brokerage Listings,Enterprise (200+ agents),2026-08-15T17:37:58Z
CREAM-20260815-00705,Ralph White,Ralph White,Ralph,White,ralphwhite@icloud.com,(718) 805-8067,Compass,Compass,Santa Ana,Santa Ana,CA,93996,0,4,4,3480390,4.3,B,78,Trade Show,Independent,2026-08-15T11:13:22Z
CREAM-20260815-00706,Albert Mendoza,Albert Mendoza,Albert,Mendoza,amendoza@berkshirehathaway.com,(614) 637-3943,Berkshire Hathaway,Berkshire Hathaway,Akron,Akron,OH,43628,4,14,14,3863021,4.7,B,71,Facebook,Boutique (2-10 agents),2026-08-15T14:22:11Z
CREAM-20260815-00707,Timothy Mendoza,Timothy Mendoza,Timothy,Mendoza,tmendoza@exprealty.com,(310) 584-9294,eXp Realty,eXp Realty,Corpus Christi,Corpus Christi,TX,77244,11,27,27,11466761,3.6,B,61,LinkedIn,Mid-size (11-50 agents),2026-08-15T15:58:36Z
CREAM-20260815-00708,Dorothy Anderson,Dorothy Anderson,Dorothy,Anderson,dorothyanderson@aol.com,(805) 990-5343,eXp Realty,eXp Realty,Arvada,Arvada,CO,80791,9,33,33,18863320,3.3,B,60,Realtor.com,Independent,2026-08-15T15:58:40Z
CREAM-20260815-00709,Kevin Long,Kevin Long,Kevin,Long,klong@alliebethallman.com,(718) 956-8618,Allie Beth Allman,Allie Beth Allman,Irving,Irving,TX,78835,0,4,4,1555642,4.9,B,91,Brokerage Listings,Boutique (2-10 agents),2026-08-15T18:56:45Z
CREAM-20260815-00710,Dorothy King,Dorothy King,Dorothy,King,dorothyking@outlook.com,(334) 518-9360,Keller Williams,Keller Williams,Durham,Durham,NC,28607,25,64,64,17315440,4.1,B,82,NAR Directory,Mid-size (11-50 agents),2026-08-15T05:58:56Z
CREAM-20260815-00711,Timothy Martin,Timothy Martin,Timothy,Martin,tmartin@me.com,(310) 932-9152,eXp Realty,eXp Realty,Fayetteville,Fayetteville,NC,28683,19,76,76,21893159,3.2,B,90,MLS Database,Large (51-200 agents),2026-08-15T18:04:12Z
CREAM-20260815-00712,Jennifer Green,Jennifer Green,Jennifer,Green,jennifer_green@gmail.com,(305) 207-1444,Nest Seekers,Nest Seekers,Syracuse,Syracuse,NY,13102,4,17,17,12479439,3.5,B,72,NAR Directory,Independent,2026-08-15T11:28:19Z
CREAM-20260815-00713,John Nelson,John Nelson,John,Nelson,jnelson@coldwellbanker.com,(919) 540-8670,Coldwell Banker,Coldwell Banker,Parma,Parma,OH,45757,0,0,0,0,3.2,B,91,NAR Directory,Independent,2026-08-15T14:11:29Z
CREAM-20260815-00714,Cynthia Jackson,Cynthia Jackson,Cynthia,Jackson,cjackson@aol.com,(704) 588-8608,RE/MAX,RE/MAX,Durham,Durham,NC,27791,24,44,44,14958448,3.1,B,97,Brokerage Listings,Enterprise (200+ agents),2026-08-15T04:04:46Z
CREAM-20260815-00715,Angela James,Angela James,Angela,James,angela.james@icloud.com,(310) 839-8083,eXp Realty,eXp Realty,Amarillo,Amarillo,TX,77494,15,29,29,12805600,3.9,B,93,Facebook,Mid-size (11-50 agents),2026-08-15T09:15:41Z
CREAM-20260815-00716,Ashley Cox,Ashley Cox,Ashley,Cox,ashleycox@icloud.com,(916) 430-4153,RE/MAX,RE/MAX,Anaheim,Anaheim,CA,95300,1,9,9,7614527,4.5,B,79,Realtor.com,Independent,2026-08-15T17:29:49Z
CREAM-20260815-00717,Helen Ramirez,Helen Ramirez,Helen,Ramirez,helenr@berkshirehathaway.com,(234) 736-9118,Berkshire Hathaway,Berkshire Hathaway,Cary,Cary,NC,28539,1,8,8,3575062,4.0,B,86,Website Lead,Boutique (2-10 agents),2026-08-15T05:00:46Z
CREAM-20260815-00718,Robert Gomez,Robert Gomez,Robert,Gomez,robert.gomez@icloud.com,(404) 328-8122,Huntington Real Estate,Huntington Real Estate,Parma,Parma,OH,44604,0,3,3,949031,3.7,B,92,Referral Network,Mid-size (11-50 agents),2026-08-15T17:42:40Z
CREAM-20260815-00719,Ashley Brooks,Ashley Brooks,Ashley,Brooks,ashleyb@douglaselliman.com,(929) 615-3963,Douglas Elliman,Douglas Elliman,Pembroke Pines,Pembroke Pines,FL,32845,2,12,12,5688355,3.6,B,79,Realtor.com,Large (51-200 agents),2026-08-15T10:02:52Z
CREAM-20260815-00720,Emily Torres,Emily Torres,Emily,Torres,emilytorres@gmail.com,(256) 773-2587,Sotheby's International,Sotheby's International,Riverside,Riverside,CA,93214,5,17,17,15244288,3.1,B,90,Trade Show,Enterprise (200+ agents),2026-08-15T20:28:15Z
CREAM-20260815-00721,Dennis Castillo,Dennis Castillo,Dennis,Castillo,dennis_castillo@icloud.com,(303) 664-8302,Douglas Elliman,Douglas Elliman,New Rochelle,New Rochelle,NY,12836,4,20,20,10708912,3.6,B,98,NAR Directory,Mid-size (11-50 agents),2026-08-15T07:15:25Z
CREAM-20260815-00722,Patricia Wright,Patricia Wright,Patricia,Wright,patricia.wright@exprealty.com,(469) 787-9817,eXp Realty,eXp Realty,Tempe,Tempe,AZ,85943,14,41,41,16958255,4.5,B,95,Brokerage Listings,Large (51-200 agents),2026-08-15T22:43:19Z
CREAM-20260815-00723,Richard Kelly,Richard Kelly,Richard,Kelly,richard.kelly@icloud.com,(303) 775-2251,Berkshire Hathaway,Berkshire Hathaway,Durham,Durham,NC,27749,5,17,17,6973277,4.8,B,99,Cold Outreach,Independent,2026-08-15T23:56:23Z
CREAM-20260815-00724,Melissa Clark,Melissa Clark,Melissa,Clark,melissa_clark@icloud.com,(972) 454-5905,Brown Harris Stevens,Brown Harris Stevens,Buffalo,Buffalo,NY,14861,2,5,5,2567574,3.2,B,91,Website Lead,Boutique (2-10 agents),2026-08-15T01:49:47Z
CREAM-20260815-00725,Michelle Walker,Michelle Walker,Michelle,Walker,michelle.walker@douglaselliman.com,(919) 241-6571,Douglas Elliman,Douglas Elliman,Hialeah,Hialeah,FL,34625,5,11,11,3244519,5.0,B,61,Referral Network,Large (51-200 agents),2026-08-15T08:25:27Z
CREAM-20260815-00726,Emma Ramos,Emma Ramos,Emma,Ramos,eramos@russelllyonsothebys.com,(714) 284-8946,Russell Lyon Sotheby's,Russell Lyon Sotheby's,Glendale,Glendale,AZ,85828,10,58,58,25964447,4.0,B,76,Website Lead,Boutique (2-10 agents),2026-08-15T03:06:12Z
CREAM-20260815-00727,Ralph Carter,Ralph Carter,Ralph,Carter,rcarter@herrealtors.com,(212) 396-6991,HER Realtors,HER Realtors,Akron,Akron,OH,43544,2,6,6,1785757,4.0,B,68,Cold Outreach,Large (51-200 agents),2026-08-15T08:19:54Z
CREAM-20260815-00728,Robert Evans,Robert Evans,Robert,Evans,revans@hotmail.com,(720) 689-4043,Keller Williams,Keller Williams,Amarillo,Amarillo,TX,77830,15,46,46,11425817,4.5,B,87,Brokerage Listings,Independent,2026-08-15T11:29:59Z
CREAM-20260815-00729,James Wright,James Wright,James,Wright,james.wright@re/max.com,(512) 605-3099,RE/MAX,RE/MAX,Amarillo,Amarillo,TX,77214,2,10,10,2961962,3.8,B,87,LinkedIn,Independent,2026-08-15T19:29:49Z
CREAM-20260815-00730,Kimberly Fisher,Kimberly Fisher,Kimberly,Fisher,kimberly_fisher@gmail.com,(704) 866-7943,Coldwell Banker,Coldwell Banker,Bakersfield,Bakersfield,CA,92604,9,19,19,12801220,3.1,B,71,Cold Outreach,Enterprise (200+ agents),2026-08-15T07:55:44Z
CREAM-20260815-00731,Anna Adams,Anna Adams,Anna,Adams,aadams@coldwellbanker.com,(614) 427-4878,Coldwell Banker,Coldwell Banker,Dayton,Dayton,OH,45915,23,28,28,4950576,3.8,B,77,NAR Directory,Enterprise (200+ agents),2026-08-15T20:41:39Z
CREAM-20260815-00732,Victoria Diaz,Victoria Diaz,Victoria,Diaz,victoria.diaz@kellerwilliams.com,(513) 672-9313,Keller Williams,Keller Williams,New Rochelle,New Rochelle,NY,12580,14,79,79,56769930,4.6,B,92,NAR Directory,Enterprise (200+ agents),2026-08-15T19:23:11Z
CREAM-20260815-00733,Justin Jenkins,Justin Jenkins,Justin,Jenkins,jjenkins@coldwellbanker.com,(614) 896-1603,Coldwell Banker,Coldwell Banker,Toledo,Toledo,OH,45123,5,17,17,5157052,3.2,B,81,Realtor.com,Mid-size (11-50 agents),2026-08-15T02:00:42Z
CREAM-20260815-00734,David Watson,David Watson,David,Watson,dwatson@exprealty.com,(704) 730-9830,eXp Realty,eXp Realty,Garland,Garland,TX,76206,13,45,45,12449717,4.1,B,95,Trade Show,Boutique (2-10 agents),2026-08-15T04:48:09Z
CREAM-20260815-00735,Kenneth Patel,Kenneth Patel,Kenneth,Patel,kpatel@yahoo.com,(234) 684-5764,RE/MAX,RE/MAX,Pembroke Pines,Pembroke Pines,FL,32648,1,11,11,4304902,3.5,B,64,Brokerage Listings,Independent,2026-08-15T03:03:21Z
CREAM-20260815-00736,Robert Russell,Robert Russell,Robert,Russell,robertr@berkshirehathaway.com,(614) 395-6362,Berkshire Hathaway,Berkshire Hathaway,Toledo,Toledo,OH,43470,5,15,15,3096537,3.4,B,66,Cold Outreach,Large (51-200 agents),2026-08-15T08:23:19Z
CREAM-20260815-00737,Lauren Scott,Lauren Scott,Lauren,Scott,lauren_scott@yahoo.com,(512) 502-7711,eXp Realty,eXp Realty,Cary,Cary,NC,28609,16,71,71,18603461,3.7,B,96,Referral Network,Independent,2026-08-15T13:38:50Z
CREAM-20260815-00738,Edward Cook,Edward Cook,Edward,Cook,edwardc@icloud.com,(310) 476-4997,Compass,Compass,Durham,Durham,NC,28638,4,10,10,3417636,3.7,B,97,Referral Network,Mid-size (11-50 agents),2026-08-15T16:09:45Z
CREAM-20260815-00739,Anna Perez,Anna Perez,Anna,Perez,anna.perez@halstead.com,(212) 317-6124,Halstead,Halstead,Syracuse,Syracuse,NY,11694,6,21,21,13000386,4.0,B,65,Realtor.com,Boutique (2-10 agents),2026-08-15T23:49:22Z
CREAM-20260815-00740,Elizabeth Bailey,Elizabeth Bailey,Elizabeth,Bailey,ebailey@yahoo.com,(972) 313-4497,Berkshire Hathaway,Berkshire Hathaway,Gilbert,Gilbert,AZ,86494,0,4,4,1972221,4.1,B,76,LinkedIn,Independent,2026-08-15T20:47:48Z
CREAM-20260815-00741,Mary Baker,Mary Baker,Mary,Baker,mbaker@outlook.com,(469) 802-8606,RE/MAX,RE/MAX,Tempe,Tempe,AZ,85834,0,3,3,1156841,3.9,B,61,Trade Show,Enterprise (200+ agents),2026-08-15T00:23:50Z
CREAM-20260815-00742,Amber Torres,Amber Torres,Amber,Torres,amber.torres@me.com,(512) 801-2214,Compass,Compass,Port St. Lucie,Port St. Lucie,FL,33574,1,9,9,3039943,4.8,B,63,Website Lead,Enterprise (200+ agents),2026-08-15T16:45:49Z
CREAM-20260815-00743,Bruce Gonzalez,Bruce Gonzalez,Bruce,Gonzalez,bgonzalez@outlook.com,(916) 853-3509,Century 21,Century 21,Pembroke Pines,Pembroke Pines,FL,32540,5,24,24,10123017,4.9,B,68,Realtor.com,Boutique (2-10 agents),2026-08-15T12:09:45Z
CREAM-20260815-00744,Matthew Lewis,Matthew Lewis,Matthew,Lewis,matthewlewis@outlook.com,(786) 603-2105,eXp Realty,eXp Realty,Arlington,Arlington,TX,78582,3,14,14,6223273,3.8,B,85,Referral Network,Large (51-200 agents),2026-08-15T03:54:03Z
CREAM-20260815-00745,Ralph Rodriguez,Ralph Rodriguez,Ralph,Rodriguez,ralph_rodriguez@outlook.com,(214) 233-6484,Allen Tate,Allen Tate,Fayetteville,Fayetteville,NC,28357,0,0,0,0,4.1,B,97,Cold Outreach,Enterprise (200+ agents),2026-08-15T14:13:45Z
CREAM-20260815-00746,Janet Wood,Janet Wood,Janet,Wood,jwood@me.com,(972) 498-9817,RE/MAX,RE/MAX,Amarillo,Amarillo,TX,76382,22,42,42,13972806,4.9,B,74,Facebook,Mid-size (11-50 agents),2026-08-15T08:32:55Z
CREAM-20260815-00747,William Ramos,William Ramos,William,Ramos,williamr@hotmail.com,(704) 802-6499,HomeSmart,HomeSmart,Glendale,Glendale,AZ,86672,5,20,20,9409689,4.2,B,72,Facebook,Boutique (2-10 agents),2026-08-15T04:08:11Z
CREAM-20260815-00748,Keith Powell,Keith Powell,Keith,Powell,keith_powell@aol.com,(512) 625-4517,Compass,Compass,Lakewood,Lakewood,CO,80898,3,9,9,4415640,4.3,B,85,Cold Outreach,Independent,2026-08-15T05:30:16Z
CREAM-20260815-00749,Bruce Perez,Bruce Perez,Bruce,Perez,bruce.perez@outlook.com,(805) 426-9365,LIV Sotheby's,LIV Sotheby's,Arvada,Arvada,CO,80989,3,8,8,5010650,3.7,B,83,LinkedIn,Enterprise (200+ agents),2026-08-15T11:37:51Z
CREAM-20260815-00750,Joshua Lee,Joshua Lee,Joshua,Lee,jlee@berkshirehathaway.com,(512) 842-2392,Berkshire Hathaway,Berkshire Hathaway,Arvada,Arvada,CO,81593,2,9,9,5599026,3.9,B,69,NAR Directory,Mid-size (11-50 agents),2026-08-15T00:08:30Z
CREAM-20260815-00751,Linda Baker,Linda Baker,Linda,Baker,lbaker@me.com,(303) 210-6870,Douglas Elliman,Douglas Elliman,Miramar,Miramar,FL,33479,5,23,23,11973623,4.5,C,69,Referral Network,Large (51-200 agents),2026-08-15T22:38:03Z
CREAM-20260815-00752,Jason Powell,Jason Powell,Jason,Powell,jason_powell@icloud.com,(916) 376-1921,Long Realty,Long Realty,Avondale,Avondale,AZ,85430,4,22,22,6419079,3.5,C,96,NAR Directory,Enterprise (200+ agents),2026-08-15T00:52:43Z
CREAM-20260815-00753,Daniel Sullivan,Daniel Sullivan,Daniel,Sullivan,dsullivan@hotmail.com,(713) 302-6272,Keller Williams,Keller Williams,Hamilton,Hamilton,OH,43845,9,23,23,4946435,4.8,C,85,Trade Show,Independent,2026-08-15T00:51:13Z
CREAM-20260815-00754,Mary Roberts,Mary Roberts,Mary,Roberts,maryroberts@me.com,(602) 695-3268,Keller Williams Realty,Keller Williams Realty,Modesto,Modesto,CA,90116,15,50,50,38126281,4.5,C,84,NAR Directory,Enterprise (200+ agents),2026-08-15T21:18:52Z
CREAM-20260815-00755,Donna Turner,Donna Turner,Donna,Turner,donnat@aol.com,(646) 814-6102,Keller Williams,Keller Williams,Peoria,Peoria,AZ,85619,2,12,12,4450109,3.9,C,66,Realtor.com,Large (51-200 agents),2026-08-15T14:03:02Z
CREAM-20260815-00756,Jennifer Sanchez,Jennifer Sanchez,Jennifer,Sanchez,jsanchez@aol.com,(919) 705-6165,Douglas Elliman,Douglas Elliman,Clearwater,Clearwater,FL,32537,19,51,51,26416446,3.9,C,97,Facebook,Independent,2026-08-15T00:35:19Z
CREAM-20260815-00757,Thomas Gutierrez,Thomas Gutierrez,Thomas,Gutierrez,thomasg@me.com,(972) 555-7296,eXp Realty,eXp Realty,Clearwater,Clearwater,FL,33353,12,32,32,14028557,4.1,C,96,MLS Database,Independent,2026-08-15T05:30:18Z
CREAM-20260815-00758,Gary Green,Gary Green,Gary,Green,garyg@8zrealestate.com,(980) 923-6801,8z Real Estate,8z Real Estate,Westminster,Westminster,CO,81291,15,78,78,35689200,3.6,C,90,Facebook,Boutique (2-10 agents),2026-08-15T20:49:24Z
CREAM-20260815-00759,Donald Phillips,Donald Phillips,Donald,Phillips,donald.phillips@outlook.com,(713) 845-9541,eXp Realty,eXp Realty,Mesquite,Mesquite,TX,79479,3,20,20,8409002,4.5,C,79,Referral Network,Large (51-200 agents),2026-08-15T04:36:24Z
CREAM-20260815-00760,Jacob Taylor,Jacob Taylor,Jacob,Taylor,jacobt@douglaselliman.com,(404) 446-1545,Douglas Elliman,Douglas Elliman,Clearwater,Clearwater,FL,32263,8,20,20,10826883,4.0,C,93,Facebook,Mid-size (11-50 agents),2026-08-15T20:18:39Z
CREAM-20260815-00761,Raymond Reed,Raymond Reed,Raymond,Reed,rreed@yahoo.com,(469) 707-9009,Douglas Elliman,Douglas Elliman,Palm Bay,Palm Bay,FL,34272,24,78,78,38684763,3.8,C,76,Trade Show,Independent,2026-08-15T07:52:26Z
CREAM-20260815-00762,Margaret Young,Margaret Young,Margaret,Young,margarety@compass.com,(614) 973-7679,Compass,Compass,Pueblo,Pueblo,CO,81209,5,15,15,9060309,5.0,C,93,MLS Database,Enterprise (200+ agents),2026-08-15T01:35:17Z
CREAM-20260815-00763,Megan Scott,Megan Scott,Megan,Scott,megan_scott@gmail.com,(614) 315-9310,Brown Harris Stevens,Brown Harris Stevens,Mount Vernon,Mount Vernon,NY,11610,13,34,34,27574259,3.0,C,95,Referral Network,Independent,2026-08-15T06:01:47Z
CREAM-20260815-00764,Donald James,Donald James,Donald,James,donaldjames@icloud.com,(720) 930-4138,Briggs Freeman Sotheby's,Briggs Freeman Sotheby's,Mesquite,Mesquite,TX,76790,3,11,11,3173305,4.0,C,60,Referral Network,Independent,2026-08-15T17:08:57Z
CREAM-20260815-00765,Judith Hughes,Judith Hughes,Judith,Hughes,judithhughes@outlook.com,(704) 859-8846,8z Real Estate,8z Real Estate,Pueblo,Pueblo,CO,80901,20,39,39,21625178,3.3,C,88,Cold Outreach,Enterprise (200+ agents),2026-08-15T15:30:29Z
CREAM-20260815-00766,Daniel Hill,Daniel Hill,Daniel,Hill,daniel_hill@aol.com,(310) 222-9674,RE/MAX,RE/MAX,Hamilton,Hamilton,OH,45815,4,23,23,5988672,4.4,C,94,Referral Network,Large (51-200 agents),2026-08-15T06:43:38Z
CREAM-20260815-00767,Ashley Rodriguez,Ashley Rodriguez,Ashley,Rodriguez,ashley.rodriguez@me.com,(214) 748-1101,Berkshire Hathaway HomeServices,Berkshire Hathaway HomeServices,Irvine,Irvine,CA,96577,15,79,79,61479024,4.9,C,65,Facebook,Mid-size (11-50 agents),2026-08-15T20:15:03Z
CREAM-20260815-00768,Rose Nelson,Rose Nelson,Rose,Nelson,rosen@hotmail.com,(212) 716-9009,Keller Williams,Keller Williams,McKinney,McKinney,TX,79226,4,19,19,7441342,5.0,C,96,Referral Network,Large (51-200 agents),2026-08-15T01:41:36Z
CREAM-20260815-00769,Christopher Jimenez,Christopher Jimenez,Christopher,Jimenez,christopherjimenez@outlook.com,(407) 553-7825,Berkshire Hathaway,Berkshire Hathaway,Clearwater,Clearwater,FL,33475,5,20,20,10121386,4.9,C,100,Facebook,Independent,2026-08-15T07:39:29Z
CREAM-20260815-00770,Philip Davis,Philip Davis,Philip,Davis,philipd@outlook.com,(786) 636-4289,Allen Tate,Allen Tate,Wilmington,Wilmington,NC,28696,2,8,8,3127789,5.0,C,70,Cold Outreach,Enterprise (200+ agents),2026-08-15T20:36:47Z
CREAM-20260815-00771,Betty Wood,Betty Wood,Betty,Wood,bettyw@nestseekers.com,(602) 268-9382,Nest Seekers,Nest Seekers,Mount Vernon,Mount Vernon,NY,11886,20,29,29,17614024,3.6,C,92,Brokerage Listings,Enterprise (200+ agents),2026-08-15T08:30:56Z
CREAM-20260815-00772,Jennifer Sanders,Jennifer Sanders,Jennifer,Sanders,jennifer_sanders@hotmail.com,(214) 397-3323,Nest Seekers,Nest Seekers,Troy,Troy,NY,14792,24,62,62,33569999,3.7,C,71,Facebook,Enterprise (200+ agents),2026-08-15T10:01:41Z
CREAM-20260815-00773,Victoria Ward,Victoria Ward,Victoria,Ward,victoria.ward@douglaselliman.com,(929) 942-9304,Douglas Elliman,Douglas Elliman,Hempstead,Hempstead,NY,12654,10,77,77,61777731,3.1,C,64,Cold Outreach,Mid-size (11-50 agents),2026-08-15T15:02:24Z
CREAM-20260815-00774,Olivia Myers,Olivia Myers,Olivia,Myers,olivia.myers@berkshirehathaway.com,(916) 804-3035,Berkshire Hathaway,Berkshire Hathaway,Brownsville,Brownsville,TX,75553,1,12,12,4437606,4.2,C,77,Trade Show,Enterprise (200+ agents),2026-08-15T19:04:53Z
CREAM-20260815-00775,Laura Ward,Laura Ward,Laura,Ward,laura_ward@yahoo.com,(972) 505-5136,Berkshire Hathaway HomeServices,Berkshire Hathaway HomeServices,Oxnard,Oxnard,CA,92927,20,80,80,87463499,3.9,C,63,Trade Show,Mid-size (11-50 agents),2026-08-15T05:56:39Z
CREAM-20260815-00776,Eric Kim,Eric Kim,Eric,Kim,eric.kim@exprealty.com,(234) 210-5226,eXp Realty,eXp Realty,McKinney,McKinney,TX,75754,21,36,36,16153904,4.6,C,83,Brokerage Listings,Enterprise (200+ agents),2026-08-15T17:42:57Z
CREAM-20260815-00777,Anthony Howard,Anthony Howard,Anthony,Howard,anthonyh@outlook.com,(310) 263-4611,Allie Beth Allman,Allie Beth Allman,Mesquite,Mesquite,TX,77905,6,22,22,7166769,4.6,C,86,LinkedIn,Independent,2026-08-15T13:11:13Z
CREAM-20260815-00778,Stephanie Thompson,Stephanie Thompson,Stephanie,Thompson,stephaniet@coldwellbanker.com,(929) 945-1995,Coldwell Banker,Coldwell Banker,Brownsville,Brownsville,TX,78389,3,24,24,7422673,3.6,C,76,Cold Outreach,Enterprise (200+ agents),2026-08-15T12:04:16Z
CREAM-20260815-00779,Daniel Fisher,Daniel Fisher,Daniel,Fisher,daniel.fisher@exprealty.com,(303) 435-3072,eXp Realty,eXp Realty,Pueblo,Pueblo,CO,80303,0,5,5,2298256,4.3,C,95,NAR Directory,Boutique (2-10 agents),2026-08-15T21:16:06Z
CREAM-20260815-00780,Ronald Kim,Ronald Kim,Ronald,Kim,rkim@yahoo.com,(513) 554-1769,Long Realty,Long Realty,Yuma,Yuma,AZ,86120,4,24,24,11424324,3.4,C,66,Website Lead,Boutique (2-10 agents),2026-08-15T12:08:23Z
CREAM-20260815-00781,Grace Martin,Grace Martin,Grace,Martin,gracemartin@aol.com,(718) 455-9812,Douglas Elliman,Douglas Elliman,Clearwater,Clearwater,FL,34545,8,21,21,9096696,4.9,C,90,Brokerage Listings,Large (51-200 agents),2026-08-15T05:14:26Z
CREAM-20260815-00782,Mary Gray,Mary Gray,Mary,Gray,maryg@century21.com,(310) 229-7794,Century 21,Century 21,Miramar,Miramar,FL,32803,1,9,9,3894423,3.7,C,95,MLS Database,Large (51-200 agents),2026-08-15T09:41:24Z
CREAM-20260815-00783,Brittany Gray,Brittany Gray,Brittany,Gray,bgray@hotmail.com,(214) 752-6298,Keller Williams,Keller Williams,Boulder,Boulder,CO,81493,5,9,9,4262435,3.8,C,82,Realtor.com,Large (51-200 agents),2026-08-15T23:07:59Z
CREAM-20260815-00784,Patricia Myers,Patricia Myers,Patricia,Myers,patriciamyers@gmail.com,(704) 968-3794,eXp Realty,eXp Realty,Concord,Concord,NC,27423,0,4,4,1509296,3.2,C,62,Referral Network,Large (51-200 agents),2026-08-15T10:26:26Z
CREAM-20260815-00785,Timothy Davis,Timothy Davis,Timothy,Davis,timothyd@aol.com,(929) 626-4183,RE/MAX,RE/MAX,Pueblo,Pueblo,CO,81493,8,31,31,16287059,3.8,C,74,LinkedIn,Mid-size (11-50 agents),2026-08-15T17:25:41Z
CREAM-20260815-00786,Amanda Nguyen,Amanda Nguyen,Amanda,Nguyen,anguyen@sothebysinternational.com,(334) 726-5173,Sotheby's International,Sotheby's International,Oxnard,Oxnard,CA,91137,22,68,68,50471238,3.2,C,95,Trade Show,Mid-size (11-50 agents),2026-08-15T22:55:38Z
CREAM-20260815-00787,Ruth Green,Ruth Green,Ruth,Green,ruth.green@me.com,(704) 996-8700,Douglas Elliman,Douglas Elliman,Utica,Utica,NY,12592,1,4,4,2180601,4.3,C,93,NAR Directory,Independent,2026-08-15T19:48:01Z
CREAM-20260815-00788,William Nguyen,William Nguyen,William,Nguyen,wnguyen@aol.com,(305) 336-5034,Compass,Compass,Moreno Valley,Moreno Valley,CA,96863,2,11,11,9939453,3.6,C,96,Facebook,Enterprise (200+ agents),2026-08-15T12:27:41Z
CREAM-20260815-00789,Lisa Mendoza,Lisa Mendoza,Lisa,Mendoza,lisa.mendoza@hotmail.com,(469) 318-1623,Keller Williams,Keller Williams,Hamilton,Hamilton,OH,44426,3,22,22,5703510,3.1,C,78,LinkedIn,Mid-size (11-50 agents),2026-08-15T23:07:01Z
CREAM-20260815-00790,Julia Bennett,Julia Bennett,Julia,Bennett,jbennett@gmail.com,(512) 716-1487,Huntington Real Estate,Huntington Real Estate,Hamilton,Hamilton,OH,44207,17,69,69,19894165,3.9,C,62,Facebook,Independent,2026-08-15T08:45:03Z
CREAM-20260815-00791,Andrew Bailey,Andrew Bailey,Andrew,Bailey,abailey@berkshirehathaway.com,(214) 825-2223,Berkshire Hathaway,Berkshire Hathaway,Mesquite,Mesquite,TX,76930,4,10,10,3358190,4.7,C,82,Facebook,Large (51-200 agents),2026-08-15T09:55:43Z
CREAM-20260815-00792,Patrick Price,Patrick Price,Patrick,Price,pprice@me.com,(256) 555-5028,Corcoran Group,Corcoran Group,Troy,Troy,NY,14874,22,80,80,46334715,3.8,C,76,Trade Show,Large (51-200 agents),2026-08-15T10:47:16Z
CREAM-20260815-00793,Walter Turner,Walter Turner,Walter,Turner,walter_turner@yahoo.com,(646) 531-7526,Sotheby's International,Sotheby's International,Huntington Beach,Huntington Beach,CA,90832,24,34,34,31300482,3.3,C,77,Referral Network,Independent,2026-08-15T18:14:41Z
CREAM-20260815-00794,Frank Morales,Frank Morales,Frank,Morales,fmorales@berkshirehathawayhomeservices.com,(614) 831-4336,Berkshire Hathaway HomeServices,Berkshire Hathaway HomeServices,Fremont,Fremont,CA,95239,4,16,16,14821338,3.1,C,65,Cold Outreach,Mid-size (11-50 agents),2026-08-15T15:03:44Z
CREAM-20260815-00795,Charles Cooper,Charles Cooper,Charles,Cooper,ccooper@yahoo.com,(980) 530-8185,Brown Harris Stevens,Brown Harris Stevens,Hempstead,Hempstead,NY,12990,4,10,10,5202664,3.5,C,96,Website Lead,Boutique (2-10 agents),2026-08-15T09:30:04Z
CREAM-20260815-00796,Jason Phillips,Jason Phillips,Jason,Phillips,jasonp@exprealty.com,(972) 595-4479,eXp Realty,eXp Realty,High Point,High Point,NC,28323,15,56,56,24100979,4.1,C,77,Facebook,Independent,2026-08-15T18:47:20Z
CREAM-20260815-00797,Eugene Bennett,Eugene Bennett,Eugene,Bennett,eugene_bennett@yahoo.com,(646) 477-4479,RE/MAX,RE/MAX,Clearwater,Clearwater,FL,33593,9,40,40,20686080,4.5,C,81,Brokerage Listings,Large (51-200 agents),2026-08-15T16:24:47Z
CREAM-20260815-00798,George Cook,George Cook,George,Cook,georgecook@aol.com,(602) 599-9001,Howard Hanna,Howard Hanna,Wilmington,Wilmington,NC,28103,17,46,46,12990680,4.4,C,93,Realtor.com,Large (51-200 agents),2026-08-15T15:11:42Z
CREAM-20260815-00799,Robert Alvarez,Robert Alvarez,Robert,Alvarez,ralvarez@yahoo.com,(415) 593-4059,Berkshire Hathaway,Berkshire Hathaway,Wilmington,Wilmington,NC,28181,0,0,0,0,4.0,C,83,Cold Outreach,Boutique (2-10 agents),2026-08-15T10:21:58Z
CREAM-20260815-00800,Albert Morris,Albert Morris,Albert,Morris,albertmorris@aol.com,(786) 876-3814,Coldwell Banker,Coldwell Banker,Peoria,Peoria,AZ,86412,15,56,56,27817593,4.7,C,66,LinkedIn,Mid-size (11-50 agents),2026-08-15T06:54:13Z
CREAM-20260815-00801,Nicole Perry,Nicole Perry,Nicole,Perry,nicole.perry@aol.com,(214) 908-7551,Allen Tate,Allen Tate,High Point,High Point,NC,28146,4,19,19,4977829,3.1,C,63,MLS Database,Mid-size (11-50 agents),2026-08-15T17:21:39Z
CREAM-20260815-00802,Laura Watson,Laura Watson,Laura,Watson,laurawatson@aol.com,(805) 805-6236,Douglas Elliman,Douglas Elliman,Utica,Utica,NY,10749,5,17,17,10896547,3.4,C,74,Brokerage Listings,Enterprise (200+ agents),2026-08-15T09:57:45Z
CREAM-20260815-00803,Jason Nguyen,Jason Nguyen,Jason,Nguyen,jason_nguyen@icloud.com,(714) 742-4700,Compass,Compass,Utica,Utica,NY,13797,5,11,11,7717138,4.0,C,64,Cold Outreach,Boutique (2-10 agents),2026-08-15T14:16:03Z
CREAM-20260815-00804,Brittany Bailey,Brittany Bailey,Brittany,Bailey,brittanyb@8zrealestate.com,(720) 217-1715,8z Real Estate,8z Real Estate,Westminster,Westminster,CO,80610,13,69,69,39517889,4.7,C,88,Cold Outreach,Enterprise (200+ agents),2026-08-15T15:11:43Z
CREAM-20260815-00805,Catherine Nelson,Catherine Nelson,Catherine,Nelson,catherine.nelson@berkshirehathaway.com,(919) 292-7334,Berkshire Hathaway,Berkshire Hathaway,Youngstown,Youngstown,OH,43454,0,5,5,1218843,3.9,C,73,Brokerage Listings,Boutique (2-10 agents),2026-08-15T06:19:26Z
CREAM-20260815-00806,Martha Coleman,Martha Coleman,Martha,Coleman,mcoleman@re/max.com,(720) 959-2030,RE/MAX,RE/MAX,Mesquite,Mesquite,TX,77320,4,10,10,2484834,4.6,C,68,Facebook,Enterprise (200+ agents),2026-08-15T16:33:22Z
CREAM-20260815-00807,Jacob Gomez,Jacob Gomez,Jacob,Gomez,jacobgomez@icloud.com,(303) 540-8543,Coldwell Banker,Coldwell Banker,Mesquite,Mesquite,TX,76279,3,9,9,3440931,3.9,C,86,LinkedIn,Boutique (2-10 agents),2026-08-15T03:28:11Z
CREAM-20260815-00808,Daniel Lopez,Daniel Lopez,Daniel,Lopez,daniell@outlook.com,(415) 567-1028,Keller Williams,Keller Williams,Mesquite,Mesquite,TX,76277,5,17,17,5543461,4.4,C,92,Trade Show,Enterprise (200+ agents),2026-08-15T16:10:35Z
CREAM-20260815-00809,Jessica Adams,Jessica Adams,Jessica,Adams,jessica_adams@hotmail.com,(234) 948-7656,Nest Seekers,Nest Seekers,Schenectady,Schenectady,NY,11402,11,47,47,25548794,3.2,C,100,MLS Database,Boutique (2-10 agents),2026-08-15T02:33:50Z
CREAM-20260815-00810,Melissa Kim,Melissa Kim,Melissa,Kim,mkim@icloud.com,(513) 561-7564,Howard Hanna,Howard Hanna,Concord,Concord,NC,27347,5,11,11,3906336,3.1,C,85,Trade Show,Enterprise (200+ agents),2026-08-15T08:57:52Z
CREAM-20260815-00811,Keith Murphy,Keith Murphy,Keith,Murphy,keithm@gmail.com,(303) 345-7194,Compass,Compass,Gainesville,Gainesville,FL,32103,4,22,22,7789649,5.0,C,85,Referral Network,Independent,2026-08-15T03:02:58Z
CREAM-20260815-00812,Jessica Gutierrez,Jessica Gutierrez,Jessica,Gutierrez,jessicag@icloud.com,(714) 291-2639,eXp Realty,eXp Realty,Pueblo,Pueblo,CO,80874,10,30,30,17201522,3.6,C,90,Website Lead,Boutique (2-10 agents),2026-08-15T01:52:33Z
CREAM-20260815-00813,Jonathan Morris,Jonathan Morris,Jonathan,Morris,jonathan_morris@yahoo.com,(919) 324-9533,Berkshire Hathaway HomeServices,Berkshire Hathaway HomeServices,Modesto,Modesto,CA,90175,13,62,62,51403203,4.1,C,85,Facebook,Enterprise (200+ agents),2026-08-15T01:37:32Z
CREAM-20260815-00814,Christine Jones,Christine Jones,Christine,Jones,christinejones@gmail.com,(404) 690-8921,HER Realtors,HER Realtors,Youngstown,Youngstown,OH,45869,20,80,80,20076301,3.2,C,67,Facebook,Mid-size (11-50 agents),2026-08-15T16:31:32Z
CREAM-20260815-00815,Lisa Castillo,Lisa Castillo,Lisa,Castillo,lisac@douglaselliman.com,(310) 761-7231,Douglas Elliman,Douglas Elliman,Palm Bay,Palm Bay,FL,33139,6,37,37,18313748,4.6,C,61,Trade Show,Mid-size (11-50 agents),2026-08-15T21:56:56Z
CREAM-20260815-00816,Frank Chavez,Frank Chavez,Frank,Chavez,frankchavez@hotmail.com,(303) 559-3273,Russell Lyon Sotheby's,Russell Lyon Sotheby's,Surprise,Surprise,AZ,85970,24,53,53,26083935,3.8,C,98,Realtor.com,Enterprise (200+ agents),2026-08-15T07:21:25Z
CREAM-20260815-00817,Brian Martin,Brian Martin,Brian,Martin,brianmartin@aol.com,(714) 518-5646,Coldwell Banker,Coldwell Banker,Centennial,Centennial,CO,80610,6,31,31,12017769,4.1,C,86,NAR Directory,Independent,2026-08-15T18:30:42Z
CREAM-20260815-00818,William Murphy,William Murphy,William,Murphy,william_murphy@aol.com,(718) 264-4416,Keller Williams Realty,Keller Williams Realty,West Palm Beach,West Palm Beach,FL,32669,20,59,59,31549715,3.4,C,89,Trade Show,Enterprise (200+ agents),2026-08-15T18:25:04Z
CREAM-20260815-00819,Alexander Thompson,Alexander Thompson,Alexander,Thompson,alexandert@hotmail.com,(929) 722-5796,Berkshire Hathaway,Berkshire Hathaway,Coral Springs,Coral Springs,FL,32614,1,12,12,5965835,3.3,C,95,Trade Show,Enterprise (200+ agents),2026-08-15T07:15:45Z
CREAM-20260815-00820,Philip Myers,Philip Myers,Philip,Myers,pmyers@hotmail.com,(714) 827-9856,RE/MAX,RE/MAX,Youngstown,Youngstown,OH,45182,12,33,33,6660819,3.8,C,76,NAR Directory,Boutique (2-10 agents),2026-08-15T23:47:49Z
CREAM-20260815-00821,Linda Sullivan,Linda Sullivan,Linda,Sullivan,lindasullivan@me.com,(614) 942-1635,RE/MAX,RE/MAX,High Point,High Point,NC,28119,5,16,16,6941085,4.6,C,79,Cold Outreach,Independent,2026-08-15T05:46:08Z
CREAM-20260815-00822,Catherine Richardson,Catherine Richardson,Catherine,Richardson,crichardson@icloud.com,(469) 715-8108,RE/MAX,RE/MAX,Fontana,Fontana,CA,95446,13,68,68,56373117,3.6,C,66,MLS Database,Independent,2026-08-15T18:07:42Z
CREAM-20260815-00823,Andrew Richardson,Andrew Richardson,Andrew,Richardson,andrewr@exprealty.com,(303) 344-3873,eXp Realty,eXp Realty,Coral Springs,Coral Springs,FL,32233,1,12,12,4661463,4.2,C,75,NAR Directory,Boutique (2-10 agents),2026-08-15T11:28:15Z
CREAM-20260815-00824,Maria Scott,Maria Scott,Maria,Scott,mscott@hotmail.com,(720) 478-9798,Century 21,Century 21,Palm Bay,Palm Bay,FL,33671,6,19,19,6410348,4.2,C,73,Cold Outreach,Independent,2026-08-15T11:48:03Z
CREAM-20260815-00825,Eugene Wilson,Eugene Wilson,Eugene,Wilson,ewilson@me.com,(404) 258-1497,Pacific Sotheby's,Pacific Sotheby's,Oxnard,Oxnard,CA,90467,5,25,25,14998429,4.4,C,95,Trade Show,Enterprise (200+ agents),2026-08-15T12:50:42Z
CREAM-20260815-00826,Ryan Ross,Ryan Ross,Ryan,Ross,ryanross@gmail.com,(720) 725-7525,Briggs Freeman Sotheby's,Briggs Freeman Sotheby's,Brownsville,Brownsville,TX,76535,1,7,7,2980166,4.2,C,62,Website Lead,Boutique (2-10 agents),2026-08-15T06:43:29Z
CREAM-20260815-00827,Amber Morales,Amber Morales,Amber,Morales,amorales@icloud.com,(646) 512-4058,Keller Williams,Keller Williams,McAllen,McAllen,TX,77373,15,41,41,13210697,3.2,C,86,LinkedIn,Boutique (2-10 agents),2026-08-15T01:19:20Z
CREAM-20260815-00828,Daniel Allen,Daniel Allen,Daniel,Allen,daniel.allen@livsothebys.com,(929) 266-5775,LIV Sotheby's,LIV Sotheby's,Boulder,Boulder,CO,81615,7,38,38,17269285,4.9,C,94,LinkedIn,Enterprise (200+ agents),2026-08-15T23:36:11Z
CREAM-20260815-00829,Amber Moore,Amber Moore,Amber,Moore,amberm@alliebethallman.com,(646) 349-3198,Allie Beth Allman,Allie Beth Allman,McKinney,McKinney,TX,79414,11,77,77,19131391,3.6,C,80,Realtor.com,Large (51-200 agents),2026-08-15T01:33:49Z
CREAM-20260815-00830,Mark Jenkins,Mark Jenkins,Mark,Jenkins,markj@century21.com,(334) 513-9929,Century 21,Century 21,West Palm Beach,West Palm Beach,FL,33381,12,57,57,28110746,4.9,C,66,LinkedIn,Large (51-200 agents),2026-08-15T19:19:11Z
CREAM-20260815-00831,Rebecca Wright,Rebecca Wright,Rebecca,Wright,rebeccaw@re/max.com,(512) 883-3479,RE/MAX,RE/MAX,Clearwater,Clearwater,FL,34622,0,1,1,480870,4.9,C,62,Realtor.com,Large (51-200 agents),2026-08-15T06:19:49Z
CREAM-20260815-00832,Janet Martinez,Janet Martinez,Janet,Martinez,janetm@howardhanna.com,(303) 303-9739,Howard Hanna,Howard Hanna,Greenville,Greenville,NC,27324,23,47,47,21009185,4.5,C,82,LinkedIn,Large (51-200 agents),2026-08-15T16:00:05Z
CREAM-20260815-00833,Natalie Ortiz,Natalie Ortiz,Natalie,Ortiz,nortiz@hotmail.com,(714) 223-9940,Compass,Compass,Westminster,Westminster,CO,81417,19,30,30,14284372,3.6,C,92,MLS Database,Boutique (2-10 agents),2026-08-15T09:44:33Z
CREAM-20260815-00834,Philip Wood,Philip Wood,Philip,Wood,philip_wood@aol.com,(786) 511-8914,Sotheby's International,Sotheby's International,Irvine,Irvine,CA,93532,23,36,36,26785590,3.2,C,82,LinkedIn,Boutique (2-10 agents),2026-08-15T11:18:48Z
CREAM-20260815-00835,Ruth Nelson,Ruth Nelson,Ruth,Nelson,rnelson@allentate.com,(602) 696-6096,Allen Tate,Allen Tate,High Point,High Point,NC,28144,2,8,8,2147259,4.0,C,91,Facebook,Enterprise (200+ agents),2026-08-15T01:52:59Z
CREAM-20260815-00836,Robert Stewart,Robert Stewart,Robert,Stewart,rstewart@compass.com,(805) 383-4668,Compass,Compass,Clearwater,Clearwater,FL,32706,0,4,4,1196044,4.9,C,70,Brokerage Listings,Mid-size (11-50 agents),2026-08-15T01:26:06Z
CREAM-20260815-00837,Samantha Reyes,Samantha Reyes,Samantha,Reyes,samanthar@gmail.com,(929) 747-9514,Century 21,Century 21,Miramar,Miramar,FL,34907,13,75,75,40486072,4.9,C,80,Trade Show,Enterprise (200+ agents),2026-08-15T20:23:55Z
CREAM-20260815-00838,Linda Foster,Linda Foster,Linda,Foster,linda.foster@yahoo.com,(212) 634-5271,Coldwell Banker,Coldwell Banker,West Palm Beach,West Palm Beach,FL,34295,10,51,51,21617701,4.3,C,72,MLS Database,Independent,2026-08-15T03:10:22Z
CREAM-20260815-00839,Jonathan Mitchell,Jonathan Mitchell,Jonathan,Mitchell,jonathanm@me.com,(305) 360-1541,RE/MAX,RE/MAX,Pasadena,Pasadena,TX,75330,1,9,9,2651266,3.4,C,80,Referral Network,Mid-size (11-50 agents),2026-08-15T15:13:50Z
CREAM-20260815-00840,Keith Collins,Keith Collins,Keith,Collins,keith_collins@yahoo.com,(407) 234-2068,eXp Realty,eXp Realty,Westminster,Westminster,CO,80698,5,23,23,13148409,4.4,C,65,NAR Directory,Independent,2026-08-15T01:03:51Z
CREAM-20260815-00841,Helen Carter,Helen Carter,Helen,Carter,helen.carter@kellerwilliams.com,(214) 270-9020,Keller Williams,Keller Williams,High Point,High Point,NC,27135,18,30,30,7946164,3.2,C,99,Trade Show,Mid-size (11-50 agents),2026-08-15T10:32:14Z
CREAM-20260815-00842,Helen Garcia,Helen Garcia,Helen,Garcia,helengarcia@icloud.com,(513) 767-5057,Long Realty,Long Realty,Surprise,Surprise,AZ,86539,6,36,36,14175476,3.9,C,76,Website Lead,Large (51-200 agents),2026-08-15T12:12:16Z
CREAM-20260815-00843,Rebecca Green,Rebecca Green,Rebecca,Green,rebecca.green@kellerwilliams.com,(704) 420-7657,Keller Williams,Keller Williams,Brownsville,Brownsville,TX,78258,1,12,12,4934295,4.1,C,83,Brokerage Listings,Enterprise (200+ agents),2026-08-15T13:06:31Z
CREAM-20260815-00844,Janet Nguyen,Janet Nguyen,Janet,Nguyen,jnguyen@icloud.com,(805) 768-1198,Compass,Compass,Mount Vernon,Mount Vernon,NY,14422,1,9,9,6901426,4.5,C,91,Referral Network,Boutique (2-10 agents),2026-08-15T23:47:24Z
CREAM-20260815-00845,Ronald Chavez,Ronald Chavez,Ronald,Chavez,ronald_chavez@yahoo.com,(214) 950-3860,Keller Williams,Keller Williams,Mount Vernon,Mount Vernon,NY,11163,16,78,78,56448426,3.5,C,79,Facebook,Independent,2026-08-15T13:06:07Z
CREAM-20260815-00846,Ryan Allen,Ryan Allen,Ryan,Allen,ryan.allen@aol.com,(256) 426-6867,Russell Lyon Sotheby's,Russell Lyon Sotheby's,Avondale,Avondale,AZ,86340,2,7,7,3423871,3.2,C,87,Cold Outreach,Large (51-200 agents),2026-08-15T22:21:00Z
CREAM-20260815-00847,Albert Adams,Albert Adams,Albert,Adams,alberta@compass.com,(646) 317-8850,Compass,Compass,Modesto,Modesto,CA,91327,3,24,24,22632386,3.6,C,94,Trade Show,Large (51-200 agents),2026-08-15T20:25:09Z
CREAM-20260815-00848,Kathleen Richardson,Kathleen Richardson,Kathleen,Richardson,kathleen_richardson@gmail.com,(972) 989-7057,Keller Williams Realty,Keller Williams Realty,Palm Bay,Palm Bay,FL,32646,24,25,25,11429840,4.1,C,91,Cold Outreach,Enterprise (200+ agents),2026-08-15T22:52:05Z
CREAM-20260815-00849,Ralph Jones,Ralph Jones,Ralph,Jones,ralph.jones@aol.com,(469) 364-7132,Coldwell Banker,Coldwell Banker,Greenville,Greenville,NC,28473,11,29,29,10394043,4.1,C,65,Cold Outreach,Large (51-200 agents),2026-08-15T08:01:55Z
CREAM-20260815-00850,Bruce Wood,Bruce Wood,Bruce,Wood,bruce_wood@outlook.com,(805) 586-1093,Pacific Sotheby's,Pacific Sotheby's,Irvine,Irvine,CA,91366,20,79,79,81291792,4.2,C,76,Facebook,Mid-size (11-50 agents),2026-08-15T22:37:10Z
CREAM-20260815-00851,Judith Gomez,Judith Gomez,Judith,Gomez,judith_gomez@hotmail.com,(305) 202-1350,Berkshire Hathaway,Berkshire Hathaway,Canton,Canton,OH,44404,3,11,11,2982815,4.6,C,88,Referral Network,Enterprise (200+ agents),2026-08-15T17:35:07Z
CREAM-20260815-00852,Gloria Gonzalez,Gloria Gonzalez,Gloria,Gonzalez,gloria.gonzalez@livsothebys.com,(512) 893-9752,LIV Sotheby's,LIV Sotheby's,Boulder,Boulder,CO,80765,16,80,80,31239130,4.9,C,94,Cold Outreach,Large (51-200 agents),2026-08-15T20:11:14Z
CREAM-20260815-00853,Linda Ortiz,Linda Ortiz,Linda,Ortiz,lindao@gmail.com,(718) 844-6629,Keller Williams,Keller Williams,Westminster,Westminster,CO,80382,1,7,7,2747261,5.0,C,93,Facebook,Large (51-200 agents),2026-08-15T15:03:55Z
CREAM-20260815-00854,Betty Ramos,Betty Ramos,Betty,Ramos,betty.ramos@sothebysinternational.com,(919) 723-7997,Sotheby's International,Sotheby's International,Modesto,Modesto,CA,92876,23,27,27,24997293,4.0,C,78,Website Lead,Independent,2026-08-15T03:54:29Z
CREAM-20260815-00855,Catherine Morgan,Catherine Morgan,Catherine,Morgan,catherinemorgan@yahoo.com,(234) 738-7966,Corcoran Group,Corcoran Group,Schenectady,Schenectady,NY,12646,14,63,63,34180074,4.9,C,64,Website Lead,Enterprise (200+ agents),2026-08-15T15:59:04Z
CREAM-20260815-00856,Jonathan Gutierrez,Jonathan Gutierrez,Jonathan,Gutierrez,jgutierrez@yahoo.com,(256) 266-4221,eXp Realty,eXp Realty,Oxnard,Oxnard,CA,91642,5,9,9,9618098,4.4,C,62,Trade Show,Boutique (2-10 agents),2026-08-15T20:29:54Z
CREAM-20260815-00857,Emma Kim,Emma Kim,Emma,Kim,emma_kim@outlook.com,(415) 596-4803,RE/MAX,RE/MAX,Avondale,Avondale,AZ,85483,24,64,64,19998638,4.4,C,78,MLS Database,Independent,2026-08-15T23:40:17Z
CREAM-20260815-00858,Daniel Clark,Daniel Clark,Daniel,Clark,dclark@hotmail.com,(916) 940-1588,Huntington Real Estate,Huntington Real Estate,Canton,Canton,OH,43246,2,7,7,1906903,3.2,C,93,NAR Directory,Large (51-200 agents),2026-08-15T21:06:43Z
CREAM-20260815-00859,Laura Gray,Laura Gray,Laura,Gray,lauragray@outlook.com,(718) 669-2665,Keller Williams Realty,Keller Williams Realty,Fontana,Fontana,CA,96364,17,56,56,40375314,3.0,C,62,Referral Network,Boutique (2-10 agents),2026-08-15T07:51:51Z
CREAM-20260815-00860,Nicole Gomez,Nicole Gomez,Nicole,Gomez,ngomez@outlook.com,(919) 409-9926,Coldwell Banker,Coldwell Banker,Westminster,Westminster,CO,81112,8,18,18,11770038,3.8,C,82,Realtor.com,Large (51-200 agents),2026-08-15T08:00:29Z
CREAM-20260815-00861,Brian Stewart,Brian Stewart,Brian,Stewart,brians@re/max.com,(513) 614-1928,RE/MAX,RE/MAX,Hamilton,Hamilton,OH,44844,15,52,52,16159335,3.5,C,99,MLS Database,Boutique (2-10 agents),2026-08-15T04:14:04Z
CREAM-20260815-00862,Cynthia Sanders,Cynthia Sanders,Cynthia,Sanders,cynthia.sanders@douglaselliman.com,(980) 217-5246,Douglas Elliman,Douglas Elliman,Troy,Troy,NY,12513,4,18,18,15140495,4.0,C,75,Brokerage Listings,Large (51-200 agents),2026-08-15T07:31:38Z
CREAM-20260815-00863,Jennifer Jenkins,Jennifer Jenkins,Jennifer,Jenkins,jenniferjenkins@aol.com,(334) 610-6223,Douglas Elliman,Douglas Elliman,Coral Springs,Coral Springs,FL,33447,9,29,29,9901968,4.2,C,75,NAR Directory,Large (51-200 agents),2026-08-15T10:37:28Z
CREAM-20260815-00864,Olivia Baker,Olivia Baker,Olivia,Baker,oliviabaker@gmail.com,(972) 975-6021,RE/MAX,RE/MAX,Westminster,Westminster,CO,81557,22,29,29,15642522,4.4,C,90,Facebook,Enterprise (200+ agents),2026-08-15T10:32:00Z
CREAM-20260815-00865,Ronald Martin,Ronald Martin,Ronald,Martin,rmartin@icloud.com,(310) 646-9334,Keller Williams,Keller Williams,Avondale,Avondale,AZ,85612,5,9,9,3352717,4.7,C,91,Brokerage Listings,Large (51-200 agents),2026-08-15T05:31:52Z
CREAM-20260815-00866,Nicole Chavez,Nicole Chavez,Nicole,Chavez,nicolec@gmail.com,(980) 462-6172,Coldwell Banker,Coldwell Banker,Fontana,Fontana,CA,90779,15,58,58,62531978,4.5,C,92,LinkedIn,Enterprise (200+ agents),2026-08-15T18:40:19Z
CREAM-20260815-00867,Louis Gonzalez,Louis Gonzalez,Louis,Gonzalez,lgonzalez@coldwellbanker.com,(303) 434-6972,Coldwell Banker,Coldwell Banker,Youngstown,Youngstown,OH,44657,0,1,1,255923,3.2,C,64,Facebook,Large (51-200 agents),2026-08-15T08:41:00Z
CREAM-20260815-00868,Samantha Sanders,Samantha Sanders,Samantha,Sanders,ssanders@yahoo.com,(512) 788-2937,Sotheby's International,Sotheby's International,Modesto,Modesto,CA,95397,1,9,9,7422995,4.1,C,81,Trade Show,Independent,2026-08-15T18:11:58Z
CREAM-20260815-00869,Samantha Coleman,Samantha Coleman,Samantha,Coleman,scoleman@re/max.com,(404) 836-1268,RE/MAX,RE/MAX,Brownsville,Brownsville,TX,77607,16,78,78,22123949,3.8,C,77,NAR Directory,Boutique (2-10 agents),2026-08-15T07:49:10Z
CREAM-20260815-00870,Robert Cruz,Robert Cruz,Robert,Cruz,robert.cruz@yahoo.com,(929) 517-6365,Compass,Compass,White Plains,White Plains,NY,12763,15,51,51,28406759,3.7,C,66,NAR Directory,Mid-size (11-50 agents),2026-08-15T00:08:50Z
CREAM-20260815-00871,Joshua Mitchell,Joshua Mitchell,Joshua,Mitchell,joshua.mitchell@berkshirehathaway.com,(334) 966-2761,Berkshire Hathaway,Berkshire Hathaway,Youngstown,Youngstown,OH,44154,12,40,40,11911775,4.4,C,68,Cold Outreach,Boutique (2-10 agents),2026-08-15T04:27:57Z
CREAM-20260815-00872,Linda Phillips,Linda Phillips,Linda,Phillips,lindap@me.com,(407) 785-7176,eXp Realty,eXp Realty,Yuma,Yuma,AZ,85625,19,55,55,19736131,4.2,C,76,Brokerage Listings,Independent,2026-08-15T11:34:47Z
CREAM-20260815-00873,Edward Wright,Edward Wright,Edward,Wright,edwardwright@gmail.com,(980) 520-2343,eXp Realty,eXp Realty,Clearwater,Clearwater,FL,32342,3,22,22,9173184,4.7,C,74,Website Lead,Independent,2026-08-15T11:09:59Z
CREAM-20260815-00874,Shirley Rodriguez,Shirley Rodriguez,Shirley,Rodriguez,srodriguez@douglaselliman.com,(334) 526-7360,Douglas Elliman,Douglas Elliman,Hempstead,Hempstead,NY,13620,1,7,7,4638568,3.8,C,62,Realtor.com,Large (51-200 agents),2026-08-15T13:44:54Z
CREAM-20260815-00875,Ronald Peterson,Ronald Peterson,Ronald,Peterson,ronald.peterson@me.com,(512) 543-9481,eXp Realty,eXp Realty,Centennial,Centennial,CO,80210,4,12,12,7883234,3.4,C,62,Facebook,Large (51-200 agents),2026-08-15T19:52:06Z
CREAM-20260815-00876,Robert Reyes,Robert Reyes,Robert,Reyes,rreyes@me.com,(714) 784-5812,Keller Williams,Keller Williams,Mesquite,Mesquite,TX,79446,12,64,64,23238646,5.0,C,92,Facebook,Enterprise (200+ agents),2026-08-15T09:59:57Z
CREAM-20260815-00877,Wayne Sullivan,Wayne Sullivan,Wayne,Sullivan,wayne.sullivan@nestseekers.com,(980) 500-4162,Nest Seekers,Nest Seekers,White Plains,White Plains,NY,10901,1,3,3,1660893,4.2,C,62,Facebook,Mid-size (11-50 agents),2026-08-15T17:36:23Z
CREAM-20260815-00878,Jerry Watson,Jerry Watson,Jerry,Watson,jerry.watson@compass.com,(713) 955-3388,Compass,Compass,Westminster,Westminster,CO,81812,1,5,5,3274833,3.9,C,86,Trade Show,Large (51-200 agents),2026-08-15T03:53:29Z
CREAM-20260815-00879,Dennis Morgan,Dennis Morgan,Dennis,Morgan,dennis.morgan@gmail.com,(980) 876-6923,Berkshire Hathaway,Berkshire Hathaway,Avondale,Avondale,AZ,86364,6,39,39,19303042,3.1,C,66,LinkedIn,Boutique (2-10 agents),2026-08-15T14:42:59Z
CREAM-20260815-00880,Anthony Phillips,Anthony Phillips,Anthony,Phillips,anthony.phillips@outlook.com,(972) 838-6025,LIV Sotheby's,LIV Sotheby's,Westminster,Westminster,CO,80701,13,51,51,34451581,3.9,C,69,MLS Database,Mid-size (11-50 agents),2026-08-15T13:21:24Z
CREAM-20260815-00881,Jennifer Roberts,Jennifer Roberts,Jennifer,Roberts,jennifer_roberts@gmail.com,(786) 583-4728,HER Realtors,HER Realtors,Lorain,Lorain,OH,45325,5,18,18,3680764,4.8,C,97,NAR Directory,Boutique (2-10 agents),2026-08-15T01:39:25Z
CREAM-20260815-00882,Raymond Ramos,Raymond Ramos,Raymond,Ramos,rramos@hotmail.com,(310) 271-7499,Long Realty,Long Realty,Peoria,Peoria,AZ,86517,3,16,16,4805090,4.2,C,96,MLS Database,Large (51-200 agents),2026-08-15T03:19:15Z
CREAM-20260815-00883,Kevin Hernandez,Kevin Hernandez,Kevin,Hernandez,kevinh@yahoo.com,(305) 256-2712,RE/MAX,RE/MAX,Youngstown,Youngstown,OH,44649,0,4,4,807280,3.1,C,84,Website Lead,Large (51-200 agents),2026-08-15T17:04:32Z
CREAM-20260815-00884,Laura Morgan,Laura Morgan,Laura,Morgan,lauram@douglaselliman.com,(303) 709-6893,Douglas Elliman,Douglas Elliman,Gainesville,Gainesville,FL,32354,20,53,53,18366323,4.7,C,76,Referral Network,Independent,2026-08-15T17:52:10Z
CREAM-20260815-00885,Lisa Campbell,Lisa Campbell,Lisa,Campbell,lisa_campbell@outlook.com,(404) 496-4968,Douglas Elliman,Douglas Elliman,Mesquite,Mesquite,TX,76694,22,33,33,11196291,4.2,C,81,NAR Directory,Enterprise (200+ agents),2026-08-15T21:33:49Z
CREAM-20260815-00886,Cynthia Wright,Cynthia Wright,Cynthia,Wright,cynthiaw@outlook.com,(713) 767-8018,Coldwell Banker,Coldwell Banker,Brownsville,Brownsville,TX,76826,8,24,24,10378135,3.3,C,90,Trade Show,Large (51-200 agents),2026-08-15T19:19:46Z
CREAM-20260815-00887,Emily Cook,Emily Cook,Emily,Cook,emilyc@me.com,(303) 723-6723,Allen Tate,Allen Tate,Greenville,Greenville,NC,27753,20,43,43,11507678,3.8,C,76,Realtor.com,Enterprise (200+ agents),2026-08-15T08:12:22Z
CREAM-20260815-00888,Tyler Sanchez,Tyler Sanchez,Tyler,Sanchez,tylersanchez@icloud.com,(310) 678-7257,Russell Lyon Sotheby's,Russell Lyon Sotheby's,Avondale,Avondale,AZ,85549,21,32,32,15605526,3.0,C,83,Realtor.com,Independent,2026-08-15T14:02:29Z
CREAM-20260815-00889,Juan Sanchez,Juan Sanchez,Juan,Sanchez,juans@icloud.com,(512) 938-1945,Berkshire Hathaway,Berkshire Hathaway,Greenville,Greenville,NC,28878,5,23,23,8859743,3.3,C,62,Trade Show,Independent,2026-08-15T06:26:00Z
CREAM-20260815-00890,Gloria Peterson,Gloria Peterson,Gloria,Peterson,gloria_peterson@gmail.com,(916) 232-3397,Huntington Real Estate,Huntington Real Estate,Lorain,Lorain,OH,44961,23,70,70,18375993,4.6,C,91,Website Lead,Enterprise (200+ agents),2026-08-15T01:07:36Z
CREAM-20260815-00891,Brandon Russell,Brandon Russell,Brandon,Russell,brandon.russell@icloud.com,(929) 769-3775,eXp Realty,eXp Realty,Greenville,Greenville,NC,28539,5,23,23,10432017,3.4,C,93,NAR Directory,Independent,2026-08-15T17:40:00Z
CREAM-20260815-00892,Samantha Young,Samantha Young,Samantha,Young,samanthay@gmail.com,(805) 909-7464,Halstead,Halstead,Utica,Utica,NY,14173,0,3,3,1867960,4.4,C,82,Cold Outreach,Boutique (2-10 agents),2026-08-15T14:36:12Z
CREAM-20260815-00893,Lisa Bennett,Lisa Bennett,Lisa,Bennett,lbennett@me.com,(512) 945-5403,LIV Sotheby's,LIV Sotheby's,Boulder,Boulder,CO,80655,16,60,60,38755778,4.5,C,79,Facebook,Mid-size (11-50 agents),2026-08-15T19:40:19Z
CREAM-20260815-00894,Stephen Harris,Stephen Harris,Stephen,Harris,sharris@icloud.com,(212) 753-9652,RE/MAX,RE/MAX,McAllen,McAllen,TX,75707,3,13,13,4745720,4.2,C,69,Referral Network,Mid-size (11-50 agents),2026-08-15T02:41:53Z
CREAM-20260815-00895,Samantha Brown,Samantha Brown,Samantha,Brown,sbrown@outlook.com,(646) 686-6089,Long Realty,Long Realty,Yuma,Yuma,AZ,85772,4,17,17,8612320,3.1,C,84,Facebook,Enterprise (200+ agents),2026-08-15T07:54:00Z
CREAM-20260815-00896,George Gonzalez,George Gonzalez,George,Gonzalez,george.gonzalez@yahoo.com,(718) 919-8368,Century 21,Century 21,Coral Springs,Coral Springs,FL,33737,5,9,9,4814005,4.2,C,85,Facebook,Large (51-200 agents),2026-08-15T05:13:07Z
CREAM-20260815-00897,Carolyn Hughes,Carolyn Hughes,Carolyn,Hughes,carolyn.hughes@outlook.com,(704) 436-9413,Coldwell Banker,Coldwell Banker,Modesto,Modesto,CA,91794,1,7,7,7175179,4.9,C,88,Trade Show,Mid-size (11-50 agents),2026-08-15T20:09:26Z
CREAM-20260815-00898,Wayne Mitchell,Wayne Mitchell,Wayne,Mitchell,wayne_mitchell@outlook.com,(469) 244-4401,Russell Lyon Sotheby's,Russell Lyon Sotheby's,Peoria,Peoria,AZ,86538,11,25,25,11710036,4.9,C,83,Trade Show,Enterprise (200+ agents),2026-08-15T04:57:08Z
CREAM-20260815-00899,Rebecca Jimenez,Rebecca Jimenez,Rebecca,Jimenez,rebeccaj@icloud.com,(714) 630-5350,Sotheby's International,Sotheby's International,Fremont,Fremont,CA,94451,2,9,9,6205263,3.5,C,91,LinkedIn,Mid-size (11-50 agents),2026-08-15T02:45:47Z
CREAM-20260815-00900,Paul Ramirez,Paul Ramirez,Paul,Ramirez,paul_ramirez@aol.com,(407) 225-7763,Berkshire Hathaway,Berkshire Hathaway,Westminster,Westminster,CO,80615,10,48,48,25069740,4.1,C,91,NAR Directory,Mid-size (11-50 agents),2026-08-15T12:42:46Z
CREAM-20260815-00901,Kimberly Howard,Kimberly Howard,Kimberly,Howard,khoward@exprealty.com,(334) 940-4728,eXp Realty,eXp Realty,Peoria,Peoria,AZ,86770,5,11,11,5779461,3.5,C,94,Trade Show,Independent,2026-08-15T16:40:02Z
CREAM-20260815-00902,Rachel Long,Rachel Long,Rachel,Long,rachellong@yahoo.com,(704) 662-8372,Century 21,Century 21,Gainesville,Gainesville,FL,32878,2,3,3,1265284,3.2,C,99,NAR Directory,Boutique (2-10 agents),2026-08-15T21:41:55Z
CREAM-20260815-00903,Jacqueline Brown,Jacqueline Brown,Jacqueline,Brown,jacquelineb@aol.com,(786) 627-3079,eXp Realty,eXp Realty,Fontana,Fontana,CA,93215,13,66,66,44035580,4.2,C,81,NAR Directory,Boutique (2-10 agents),2026-08-15T12:08:48Z
CREAM-20260815-00904,Kenneth Jimenez,Kenneth Jimenez,Kenneth,Jimenez,kjimenez@gmail.com,(718) 516-4614,RE/MAX,RE/MAX,Pueblo,Pueblo,CO,81149,2,4,4,2693828,3.8,C,90,Website Lead,Enterprise (200+ agents),2026-08-15T22:43:15Z
CREAM-20260815-00905,Richard James,Richard James,Richard,James,richard.james@icloud.com,(714) 648-1085,Compass,Compass,Mount Vernon,Mount Vernon,NY,11636,6,24,24,12970154,4.9,C,66,MLS Database,Large (51-200 agents),2026-08-15T20:55:34Z
CREAM-20260815-00906,Melissa Moore,Melissa Moore,Melissa,Moore,mmoore@exprealty.com,(512) 868-6236,eXp Realty,eXp Realty,Canton,Canton,OH,45859,18,51,51,11099405,3.4,C,93,Brokerage Listings,Enterprise (200+ agents),2026-08-15T07:22:20Z
CREAM-20260815-00907,Arthur Walker,Arthur Walker,Arthur,Walker,arthur.walker@berkshirehathaway.com,(916) 793-6155,Berkshire Hathaway,Berkshire Hathaway,Centennial,Centennial,CO,81550,24,53,53,35290882,4.6,C,95,Referral Network,Independent,2026-08-15T04:03:40Z
CREAM-20260815-00908,Rose Perry,Rose Perry,Rose,Perry,rose_perry@hotmail.com,(916) 581-9871,Keller Williams,Keller Williams,Boulder,Boulder,CO,81420,5,14,14,5968497,3.9,C,62,Cold Outreach,Enterprise (200+ agents),2026-08-15T16:55:42Z
CREAM-20260815-00909,Joseph Powell,Joseph Powell,Joseph,Powell,josephpowell@hotmail.com,(980) 742-7974,Keller Williams Realty,Keller Williams Realty,Clearwater,Clearwater,FL,33524,19,25,25,13460290,4.2,C,83,Referral Network,Independent,2026-08-15T16:23:36Z
CREAM-20260815-00910,Keith Richardson,Keith Richardson,Keith,Richardson,keith.richardson@exprealty.com,(805) 702-9877,eXp Realty,eXp Realty,Wilmington,Wilmington,NC,27831,7,32,32,11437055,4.5,C,75,Referral Network,Large (51-200 agents),2026-08-15T13:40:18Z
CREAM-20260815-00911,Arthur Perry,Arthur Perry,Arthur,Perry,arthurperry@hotmail.com,(972) 321-4453,RE/MAX,RE/MAX,Modesto,Modesto,CA,93158,5,8,8,5545665,4.0,C,77,NAR Directory,Enterprise (200+ agents),2026-08-15T01:11:04Z
CREAM-20260815-00912,Brenda Sanchez,Brenda Sanchez,Brenda,Sanchez,brendasanchez@hotmail.com,(602) 647-1500,Compass,Compass,Gainesville,Gainesville,FL,34943,0,5,5,2549290,4.5,C,100,LinkedIn,Independent,2026-08-15T18:51:52Z
CREAM-20260815-00913,Robert Sanders,Robert Sanders,Robert,Sanders,roberts@me.com,(212) 452-3653,Coldwell Banker,Coldwell Banker,Grand Prairie,Grand Prairie,TX,76506,24,75,75,31266446,4.1,C,60,Website Lead,Enterprise (200+ agents),2026-08-15T06:32:20Z
CREAM-20260815-00914,Judith Alexander,Judith Alexander,Judith,Alexander,juditha@re/max.com,(786) 328-1712,RE/MAX,RE/MAX,Brownsville,Brownsville,TX,78173,18,59,59,16254714,3.8,C,65,Trade Show,Independent,2026-08-15T10:24:23Z
CREAM-20260815-00915,Kathleen Nguyen,Kathleen Nguyen,Kathleen,Nguyen,kathleenn@re/max.com,(713) 632-7290,RE/MAX,RE/MAX,Greenville,Greenville,NC,27253,4,10,10,2610836,4.3,C,71,Referral Network,Boutique (2-10 agents),2026-08-15T04:55:10Z
CREAM-20260815-00916,Jennifer Bennett,Jennifer Bennett,Jennifer,Bennett,jennifer.bennett@icloud.com,(469) 508-1508,RE/MAX,RE/MAX,Greenville,Greenville,NC,28712,1,4,4,1199201,3.5,C,63,Facebook,Enterprise (200+ agents),2026-08-15T16:52:30Z
CREAM-20260815-00917,Eugene Turner,Eugene Turner,Eugene,Turner,eugene.turner@me.com,(334) 272-4392,Compass,Compass,Fontana,Fontana,CA,94782,0,2,2,2007259,3.8,C,61,Brokerage Listings,Boutique (2-10 agents),2026-08-15T23:53:43Z
CREAM-20260815-00918,Mark Nguyen,Mark Nguyen,Mark,Nguyen,mark.nguyen@berkshirehathaway.com,(614) 798-5561,Berkshire Hathaway,Berkshire Hathaway,Peoria,Peoria,AZ,86230,0,2,2,639346,3.7,C,72,LinkedIn,Independent,2026-08-15T11:31:18Z
CREAM-20260815-00919,Natalie Sanchez,Natalie Sanchez,Natalie,Sanchez,natalie.sanchez@exprealty.com,(718) 853-4457,eXp Realty,eXp Realty,Youngstown,Youngstown,OH,43690,2,3,3,563696,3.4,C,88,Brokerage Listings,Independent,2026-08-15T23:37:05Z
CREAM-20260815-00920,Peter Moore,Peter Moore,Peter,Moore,peter_moore@aol.com,(980) 382-4707,8z Real Estate,8z Real Estate,Centennial,Centennial,CO,80644,1,9,9,3995052,4.1,C,99,Cold Outreach,Independent,2026-08-15T16:25:39Z
CREAM-20260815-00921,Albert Davis,Albert Davis,Albert,Davis,albert.davis@kellerwilliams.com,(469) 329-5155,Keller Williams,Keller Williams,Boulder,Boulder,CO,80728,1,4,4,2706992,4.2,C,93,NAR Directory,Enterprise (200+ agents),2026-08-15T20:33:41Z
CREAM-20260815-00922,Samantha Alvarez,Samantha Alvarez,Samantha,Alvarez,samantha.alvarez@nestseekers.com,(718) 224-2505,Nest Seekers,Nest Seekers,Troy,Troy,NY,11470,25,58,58,34963811,3.4,C,72,Website Lead,Boutique (2-10 agents),2026-08-15T02:53:20Z
CREAM-20260815-00923,Tyler Allen,Tyler Allen,Tyler,Allen,tylerallen@me.com,(720) 812-9125,Coldwell Banker,Coldwell Banker,Centennial,Centennial,CO,81487,7,25,25,15481702,3.5,C,85,Facebook,Enterprise (200+ agents),2026-08-15T20:45:02Z
CREAM-20260815-00924,Benjamin Green,Benjamin Green,Benjamin,Green,benjamingreen@outlook.com,(303) 472-7983,Allen Tate,Allen Tate,High Point,High Point,NC,27463,1,8,8,2304626,4.2,C,74,LinkedIn,Independent,2026-08-15T18:45:12Z
CREAM-20260815-00925,Justin Moore,Justin Moore,Justin,Moore,justin_moore@outlook.com,(929) 734-1971,Coldwell Banker,Coldwell Banker,Oxnard,Oxnard,CA,94278,18,63,63,43480658,4.2,C,66,Trade Show,Large (51-200 agents),2026-08-15T10:54:35Z
CREAM-20260815-00926,Janet Wright,Janet Wright,Janet,Wright,janet.wright@yahoo.com,(714) 771-2934,Coldwell Banker,Coldwell Banker,Coral Springs,Coral Springs,FL,32807,3,19,19,8420492,3.3,C,65,Realtor.com,Large (51-200 agents),2026-08-15T07:25:43Z
CREAM-20260815-00927,Melissa Bailey,Melissa Bailey,Melissa,Bailey,melissa_bailey@aol.com,(614) 775-4550,eXp Realty,eXp Realty,West Palm Beach,West Palm Beach,FL,34212,7,31,31,14742527,5.0,C,99,Trade Show,Mid-size (11-50 agents),2026-08-15T01:38:54Z
CREAM-20260815-00928,William Reed,William Reed,William,Reed,wreed@yahoo.com,(469) 621-8529,Allie Beth Allman,Allie Beth Allman,Mesquite,Mesquite,TX,75498,11,29,29,10345703,4.0,C,63,Trade Show,Enterprise (200+ agents),2026-08-15T08:03:27Z
CREAM-20260815-00929,Robert Davis,Robert Davis,Robert,Davis,robert.davis@longrealty.com,(407) 824-9341,Long Realty,Long Realty,Avondale,Avondale,AZ,85824,0,2,2,597824,4.6,C,64,MLS Database,Independent,2026-08-15T19:39:20Z
CREAM-20260815-00930,Sharon Baker,Sharon Baker,Sharon,Baker,sharon.baker@berkshirehathaway.com,(404) 631-9024,Berkshire Hathaway,Berkshire Hathaway,Surprise,Surprise,AZ,86166,3,18,18,6131405,3.1,C,71,Realtor.com,Large (51-200 agents),2026-08-15T03:05:05Z
CREAM-20260815-00931,Debra Ramos,Debra Ramos,Debra,Ramos,debra_ramos@icloud.com,(602) 997-4162,Keller Williams,Keller Williams,Centennial,Centennial,CO,81394,4,23,23,13793354,3.9,C,92,MLS Database,Mid-size (11-50 agents),2026-08-15T18:30:52Z
CREAM-20260815-00932,Walter Baker,Walter Baker,Walter,Baker,walterb@alliebethallman.com,(713) 640-6656,Allie Beth Allman,Allie Beth Allman,Brownsville,Brownsville,TX,79899,0,5,5,1264631,4.8,C,79,Referral Network,Large (51-200 agents),2026-08-15T16:58:57Z
CREAM-20260815-00933,Thomas Hughes,Thomas Hughes,Thomas,Hughes,thomashughes@hotmail.com,(513) 438-7236,Berkshire Hathaway,Berkshire Hathaway,Boulder,Boulder,CO,80699,11,69,69,44329670,4.7,C,82,NAR Directory,Boutique (2-10 agents),2026-08-15T02:05:26Z
CREAM-20260815-00934,Jennifer Hall,Jennifer Hall,Jennifer,Hall,jennifer_hall@hotmail.com,(212) 909-3115,eXp Realty,eXp Realty,Huntington Beach,Huntington Beach,CA,96391,13,78,78,47409499,4.3,C,64,Brokerage Listings,Large (51-200 agents),2026-08-15T17:46:32Z
CREAM-20260815-00935,Megan Coleman,Megan Coleman,Megan,Coleman,megan.coleman@kellerwilliams.com,(305) 389-4310,Keller Williams,Keller Williams,Canton,Canton,OH,45642,24,33,33,10228518,4.5,C,65,MLS Database,Enterprise (200+ agents),2026-08-15T17:46:45Z
CREAM-20260815-00936,Jessica Russell,Jessica Russell,Jessica,Russell,jessica.russell@outlook.com,(469) 575-2618,eXp Realty,eXp Realty,McKinney,McKinney,TX,76457,18,68,68,22344335,3.3,C,91,Cold Outreach,Mid-size (11-50 agents),2026-08-15T07:00:18Z
CREAM-20260815-00937,Diane Richardson,Diane Richardson,Diane,Richardson,drichardson@me.com,(919) 251-6183,Douglas Elliman,Douglas Elliman,Utica,Utica,NY,11947,6,33,33,19151039,4.9,C,92,MLS Database,Mid-size (11-50 agents),2026-08-15T14:30:14Z
CREAM-20260815-00938,Janet Reed,Janet Reed,Janet,Reed,janet.reed@me.com,(256) 970-2608,Century 21,Century 21,Clearwater,Clearwater,FL,32483,1,10,10,4138022,3.2,C,68,Brokerage Listings,Enterprise (200+ agents),2026-08-15T23:26:56Z
CREAM-20260815-00939,Amber Jackson,Amber Jackson,Amber,Jackson,amber_jackson@icloud.com,(704) 211-4736,LIV Sotheby's,LIV Sotheby's,Centennial,Centennial,CO,81761,3,13,13,8550308,3.3,C,93,MLS Database,Large (51-200 agents),2026-08-15T05:01:48Z
CREAM-20260815-00940,Juan Brown,Juan Brown,Juan,Brown,jbrown@cutlerrealestate.com,(234) 861-9542,Cutler Real Estate,Cutler Real Estate,Lorain,Lorain,OH,43267,5,17,17,3718460,4.1,C,61,Brokerage Listings,Large (51-200 agents),2026-08-15T14:22:41Z
CREAM-20260815-00941,Gary Morales,Gary Morales,Gary,Morales,garymorales@gmail.com,(916) 222-4466,eXp Realty,eXp Realty,Pueblo,Pueblo,CO,80538,15,76,76,46472272,3.6,C,73,Trade Show,Independent,2026-08-15T20:12:54Z
CREAM-20260815-00942,Theresa Ross,Theresa Ross,Theresa,Ross,theresa_ross@hotmail.com,(303) 716-9732,eXp Realty,eXp Realty,Moreno Valley,Moreno Valley,CA,90850,10,45,45,30558259,4.3,C,76,Cold Outreach,Mid-size (11-50 agents),2026-08-15T07:29:56Z
CREAM-20260815-00943,Theresa Jones,Theresa Jones,Theresa,Jones,theresa.jones@gmail.com,(305) 505-8188,Berkshire Hathaway,Berkshire Hathaway,Yuma,Yuma,AZ,86957,0,4,4,1724794,3.8,C,97,Referral Network,Large (51-200 agents),2026-08-15T01:51:22Z
CREAM-20260815-00944,Cynthia Brooks,Cynthia Brooks,Cynthia,Brooks,cynthiabrooks@aol.com,(407) 859-9772,Allie Beth Allman,Allie Beth Allman,Brownsville,Brownsville,TX,75617,15,45,45,14823433,4.6,C,79,Website Lead,Enterprise (200+ agents),2026-08-15T02:42:55Z
CREAM-20260815-00945,Mary Ramos,Mary Ramos,Mary,Ramos,mary.ramos@briggsfreemansothebys.com,(256) 229-5020,Briggs Freeman Sotheby's,Briggs Freeman Sotheby's,McAllen,McAllen,TX,78737,19,52,52,18703905,4.8,C,92,Referral Network,Large (51-200 agents),2026-08-15T01:14:54Z
CREAM-20260815-00946,Tyler Campbell,Tyler Campbell,Tyler,Campbell,tyler.campbell@coldwellbanker.com,(407) 633-5914,Coldwell Banker,Coldwell Banker,Yuma,Yuma,AZ,85354,2,11,11,3189389,3.1,C,86,MLS Database,Independent,2026-08-15T09:55:46Z
CREAM-20260815-00947,Gary Gomez,Gary Gomez,Gary,Gomez,ggomez@me.com,(614) 841-7324,Coldwell Banker,Coldwell Banker,Irvine,Irvine,CA,90177,1,5,5,5219692,4.1,C,66,Realtor.com,Independent,2026-08-15T08:13:01Z
CREAM-20260815-00948,Justin Lopez,Justin Lopez,Justin,Lopez,justinlopez@gmail.com,(805) 831-3965,Compass,Compass,Mount Vernon,Mount Vernon,NY,10668,5,25,25,13502471,4.3,C,70,Referral Network,Independent,2026-08-15T06:09:48Z
CREAM-20260815-00949,Juan Brooks,Juan Brooks,Juan,Brooks,juanb@me.com,(614) 250-9626,Berkshire Hathaway,Berkshire Hathaway,Westminster,Westminster,CO,81665,1,9,9,5800770,3.8,C,77,Brokerage Listings,Independent,2026-08-15T20:20:01Z
CREAM-20260815-00950,Bruce Ramirez,Bruce Ramirez,Bruce,Ramirez,bramirez@yahoo.com,(415) 341-5643,Nest Seekers,Nest Seekers,Schenectady,Schenectady,NY,12642,17,72,72,58396373,3.1,C,96,LinkedIn,Independent,2026-08-15T12:12:20Z
CREAM-20260815-00951,Anthony Sanchez,Anthony Sanchez,Anthony,Sanchez,anthonysanchez@hotmail.com,(256) 833-9666,Compass,Compass,Modesto,Modesto,CA,93250,16,40,40,33318779,3.2,C,97,Website Lead,Independent,2026-08-15T00:40:34Z
CREAM-20260815-00952,Samantha Edwards,Samantha Edwards,Samantha,Edwards,samantha_edwards@aol.com,(916) 736-5981,RE/MAX,RE/MAX,Pasadena,Pasadena,TX,78929,0,1,1,322007,4.4,C,60,NAR Directory,Independent,2026-08-15T15:34:50Z
CREAM-20260815-00953,Joseph Edwards,Joseph Edwards,Joseph,Edwards,joseph_edwards@outlook.com,(513) 293-7508,Cutler Real Estate,Cutler Real Estate,Hamilton,Hamilton,OH,43857,17,34,34,6468664,4.8,C,64,Trade Show,Mid-size (11-50 agents),2026-08-15T06:38:25Z
CREAM-20260815-00954,Thomas Sullivan,Thomas Sullivan,Thomas,Sullivan,tsullivan@yahoo.com,(513) 526-3630,Sotheby's International,Sotheby's International,Modesto,Modesto,CA,91218,19,69,69,71310543,4.6,C,68,Realtor.com,Boutique (2-10 agents),2026-08-15T07:51:34Z
CREAM-20260815-00955,Amber Ramirez,Amber Ramirez,Amber,Ramirez,amberramirez@yahoo.com,(805) 221-8063,eXp Realty,eXp Realty,Irvine,Irvine,CA,91169,20,60,60,53352049,3.3,C,63,NAR Directory,Boutique (2-10 agents),2026-08-15T22:00:32Z
CREAM-20260815-00956,Raymond Wright,Raymond Wright,Raymond,Wright,rwright@cutlerrealestate.com,(646) 897-4217,Cutler Real Estate,Cutler Real Estate,Canton,Canton,OH,43436,5,22,22,6076252,3.4,C,61,MLS Database,Mid-size (11-50 agents),2026-08-15T03:01:13Z
CREAM-20260815-00957,Shirley Anderson,Shirley Anderson,Shirley,Anderson,shirleyanderson@outlook.com,(720) 923-2427,Sotheby's International,Sotheby's International,Utica,Utica,NY,11772,6,18,18,9262363,4.9,C,63,Facebook,Boutique (2-10 agents),2026-08-15T14:32:50Z
CREAM-20260815-00958,Bruce Jenkins,Bruce Jenkins,Bruce,Jenkins,brucej@outlook.com,(805) 864-9386,Century 21,Century 21,Miramar,Miramar,FL,32639,7,28,28,14062493,4.6,C,75,Trade Show,Independent,2026-08-15T19:11:23Z
CREAM-20260815-00959,Lauren Lee,Lauren Lee,Lauren,Lee,llee@aol.com,(407) 471-7323,Berkshire Hathaway,Berkshire Hathaway,Miramar,Miramar,FL,34269,22,80,80,32538252,3.0,C,72,Facebook,Boutique (2-10 agents),2026-08-15T19:31:28Z
CREAM-20260815-00960,Lisa Long,Lisa Long,Lisa,Long,lisal@livsothebys.com,(234) 983-6110,LIV Sotheby's,LIV Sotheby's,Centennial,Centennial,CO,81621,7,27,27,16631804,3.1,C,91,MLS Database,Enterprise (200+ agents),2026-08-15T02:07:39Z
CREAM-20260815-00961,Kimberly Allen,Kimberly Allen,Kimberly,Allen,kimberlya@icloud.com,(303) 370-6761,Keller Williams,Keller Williams,Peoria,Peoria,AZ,86894,6,40,40,19451502,4.9,C,81,Facebook,Mid-size (11-50 agents),2026-08-15T03:36:08Z
CREAM-20260815-00962,Samuel Thompson,Samuel Thompson,Samuel,Thompson,samuel.thompson@aol.com,(415) 247-7035,eXp Realty,eXp Realty,Pasadena,Pasadena,TX,75466,16,47,47,19899375,4.8,C,93,MLS Database,Independent,2026-08-15T13:46:04Z
CREAM-20260815-00963,Joseph Kim,Joseph Kim,Joseph,Kim,jkim@outlook.com,(512) 402-8587,Compass,Compass,Westminster,Westminster,CO,80497,8,39,39,17193311,3.6,C,60,Cold Outreach,Enterprise (200+ agents),2026-08-15T02:26:45Z
CREAM-20260815-00964,Melissa Wilson,Melissa Wilson,Melissa,Wilson,mwilson@kellerwilliamsrealty.com,(713) 934-7083,Keller Williams Realty,Keller Williams Realty,Palm Bay,Palm Bay,FL,33860,7,39,39,12666686,4.9,C,87,LinkedIn,Boutique (2-10 agents),2026-08-15T01:05:04Z
CREAM-20260815-00965,Samantha Ortiz,Samantha Ortiz,Samantha,Ortiz,samanthao@me.com,(212) 357-7972,Keller Williams,Keller Williams,White Plains,White Plains,NY,10182,24,25,25,20781082,4.5,C,68,Website Lead,Independent,2026-08-15T03:58:30Z
CREAM-20260815-00966,Maria Murphy,Maria Murphy,Maria,Murphy,maria_murphy@me.com,(404) 315-7293,Allie Beth Allman,Allie Beth Allman,McKinney,McKinney,TX,76448,20,52,52,22578712,4.0,C,93,Referral Network,Independent,2026-08-15T23:55:16Z
CREAM-20260815-00967,Danielle Hill,Danielle Hill,Danielle,Hill,dhill@kellerwilliams.com,(614) 385-3538,Keller Williams,Keller Williams,Avondale,Avondale,AZ,86567,11,30,30,11996907,4.9,C,87,Trade Show,Large (51-200 agents),2026-08-15T04:00:45Z
CREAM-20260815-00968,Peter Robinson,Peter Robinson,Peter,Robinson,peterr@berkshirehathaway.com,(704) 328-3084,Berkshire Hathaway,Berkshire Hathaway,Greenville,Greenville,NC,27474,25,52,52,22117949,3.6,C,71,Realtor.com,Large (51-200 agents),2026-08-15T17:04:38Z
CREAM-20260815-00969,Bruce Jones,Bruce Jones,Bruce,Jones,bruce.jones@yahoo.com,(720) 813-1746,Keller Williams,Keller Williams,Westminster,Westminster,CO,81894,0,5,5,3303533,3.9,C,67,MLS Database,Independent,2026-08-15T22:35:08Z
CREAM-20260815-00970,Samantha Jackson,Samantha Jackson,Samantha,Jackson,samantha.jackson@gmail.com,(718) 366-1320,Keller Williams,Keller Williams,Pasadena,Pasadena,TX,75166,13,50,50,15218144,4.1,C,100,Referral Network,Boutique (2-10 agents),2026-08-15T17:46:55Z
CREAM-20260815-00971,Mark White,Mark White,Mark,White,markw@kellerwilliams.com,(234) 431-7309,Keller Williams,Keller Williams,Schenectady,Schenectady,NY,14850,15,55,55,39354861,3.9,C,90,Website Lead,Large (51-200 agents),2026-08-15T02:00:30Z
CREAM-20260815-00972,Frank Morgan,Frank Morgan,Frank,Morgan,frankm@livsothebys.com,(512) 591-6416,LIV Sotheby's,LIV Sotheby's,Pueblo,Pueblo,CO,81896,3,18,18,12784950,3.2,C,84,NAR Directory,Boutique (2-10 agents),2026-08-15T08:21:12Z
CREAM-20260815-00973,Frank Mitchell,Frank Mitchell,Frank,Mitchell,frank.mitchell@icloud.com,(602) 460-3393,RE/MAX,RE/MAX,Wilmington,Wilmington,NC,27276,24,68,68,17943323,4.3,C,99,Brokerage Listings,Boutique (2-10 agents),2026-08-15T20:07:22Z
CREAM-20260815-00974,Angela Rogers,Angela Rogers,Angela,Rogers,angela_rogers@icloud.com,(415) 828-1779,eXp Realty,eXp Realty,Huntington Beach,Huntington Beach,CA,92418,19,43,43,35493427,4.4,C,89,Referral Network,Large (51-200 agents),2026-08-15T10:33:27Z
CREAM-20260815-00975,Arthur Jenkins,Arthur Jenkins,Arthur,Jenkins,arthur_jenkins@gmail.com,(720) 813-9461,Allen Tate,Allen Tate,Greenville,Greenville,NC,28794,24,40,40,9914152,3.7,C,63,NAR Directory,Large (51-200 agents),2026-08-15T15:49:15Z
CREAM-20260815-00976,Laura Carter,Laura Carter,Laura,Carter,laura.carter@sothebysinternational.com,(713) 839-6488,Sotheby's International,Sotheby's International,Moreno Valley,Moreno Valley,CA,92687,8,16,16,10107889,4.9,C,77,MLS Database,Boutique (2-10 agents),2026-08-15T18:15:15Z
CREAM-20260815-00977,Ronald Richardson,Ronald Richardson,Ronald,Richardson,rrichardson@gmail.com,(714) 486-1397,RE/MAX,RE/MAX,McAllen,McAllen,TX,75525,9,36,36,14850706,3.3,C,91,Brokerage Listings,Independent,2026-08-15T23:51:57Z
CREAM-20260815-00978,Donald Jenkins,Donald Jenkins,Donald,Jenkins,donaldj@outlook.com,(404) 822-3360,Nest Seekers,Nest Seekers,Troy,Troy,NY,11360,12,47,47,24495027,3.2,C,86,MLS Database,Boutique (2-10 agents),2026-08-15T04:45:53Z
CREAM-20260815-00979,Benjamin Long,Benjamin Long,Benjamin,Long,benjaminlong@gmail.com,(646) 510-2937,Keller Williams,Keller Williams,Pueblo,Pueblo,CO,81360,10,41,41,19665238,4.3,C,67,Realtor.com,Mid-size (11-50 agents),2026-08-15T20:18:39Z
CREAM-20260815-00980,Sarah Sullivan,Sarah Sullivan,Sarah,Sullivan,sarah.sullivan@yahoo.com,(614) 203-9123,Coldwell Banker,Coldwell Banker,Modesto,Modesto,CA,95883,8,26,26,21522653,3.2,C,78,MLS Database,Boutique (2-10 agents),2026-08-15T18:23:32Z
CREAM-20260815-00981,George Brown,George Brown,George,Brown,gbrown@berkshirehathaway.com,(718) 996-3909,Berkshire Hathaway,Berkshire Hathaway,McKinney,McKinney,TX,77842,15,52,52,23523174,4.5,C,96,Website Lead,Mid-size (11-50 agents),2026-08-15T00:51:04Z
CREAM-20260815-00982,Deborah Castillo,Deborah Castillo,Deborah,Castillo,deborahc@kellerwilliamsrealty.com,(512) 464-3307,Keller Williams Realty,Keller Williams Realty,Oxnard,Oxnard,CA,95414,2,3,3,3009274,4.3,C,81,Realtor.com,Large (51-200 agents),2026-08-15T03:08:46Z
CREAM-20260815-00983,Roger Morgan,Roger Morgan,Roger,Morgan,roger.morgan@allentate.com,(407) 462-8143,Allen Tate,Allen Tate,Concord,Concord,NC,28710,0,5,5,1289742,3.8,C,76,Trade Show,Large (51-200 agents),2026-08-15T15:37:38Z
CREAM-20260815-00984,Helen Murphy,Helen Murphy,Helen,Murphy,hmurphy@exprealty.com,(256) 246-9416,eXp Realty,eXp Realty,Gainesville,Gainesville,FL,33810,2,8,8,4148086,3.5,C,90,NAR Directory,Mid-size (11-50 agents),2026-08-15T04:24:57Z
CREAM-20260815-00985,Philip Ramirez,Philip Ramirez,Philip,Ramirez,philip_ramirez@me.com,(646) 458-7914,Compass,Compass,Schenectady,Schenectady,NY,13414,19,51,51,31177057,4.1,C,90,NAR Directory,Mid-size (11-50 agents),2026-08-15T15:17:58Z
CREAM-20260815-00986,Sharon Robinson,Sharon Robinson,Sharon,Robinson,sharonr@yahoo.com,(512) 880-1570,Sotheby's International,Sotheby's International,Moreno Valley,Moreno Valley,CA,93951,14,61,61,57998739,3.8,C,79,Realtor.com,Large (51-200 agents),2026-08-15T07:01:00Z
CREAM-20260815-00987,Barbara Castillo,Barbara Castillo,Barbara,Castillo,barbara.castillo@gmail.com,(786) 898-9918,RE/MAX,RE/MAX,Coral Springs,Coral Springs,FL,34339,2,9,9,2913102,4.0,C,82,Brokerage Listings,Boutique (2-10 agents),2026-08-15T03:48:05Z
CREAM-20260815-00988,Betty Ruiz,Betty Ruiz,Betty,Ruiz,bruiz@yahoo.com,(256) 368-8408,Keller Williams,Keller Williams,Pasadena,Pasadena,TX,79876,12,61,61,26945665,3.1,C,92,Facebook,Mid-size (11-50 agents),2026-08-15T19:35:35Z
CREAM-20260815-00989,Linda Moore,Linda Moore,Linda,Moore,lindam@compass.com,(646) 578-9845,Compass,Compass,Fremont,Fremont,CA,90760,1,12,12,12846184,3.7,C,73,Brokerage Listings,Independent,2026-08-15T18:20:01Z
CREAM-20260815-00990,Philip Edwards,Philip Edwards,Philip,Edwards,philip.edwards@gmail.com,(646) 881-6847,Berkshire Hathaway,Berkshire Hathaway,Avondale,Avondale,AZ,86111,17,63,63,19279202,3.8,C,65,MLS Database,Boutique (2-10 agents),2026-08-15T14:56:36Z
CREAM-20260815-00991,Danielle Gutierrez,Danielle Gutierrez,Danielle,Gutierrez,danielle.gutierrez@longrealty.com,(256) 364-6077,Long Realty,Long Realty,Surprise,Surprise,AZ,85284,5,12,12,4093440,3.2,C,63,MLS Database,Enterprise (200+ agents),2026-08-15T02:27:02Z
CREAM-20260815-00992,Bruce Wright,Bruce Wright,Bruce,Wright,bwright@russelllyonsothebys.com,(805) 950-4904,Russell Lyon Sotheby's,Russell Lyon Sotheby's,Surprise,Surprise,AZ,85894,1,6,6,2783255,4.8,C,76,Facebook,Mid-size (11-50 agents),2026-08-15T06:19:05Z
CREAM-20260815-00993,Eugene Perry,Eugene Perry,Eugene,Perry,eperry@me.com,(512) 269-8636,RE/MAX,RE/MAX,Surprise,Surprise,AZ,85723,3,10,10,3896696,3.8,C,94,Cold Outreach,Independent,2026-08-15T09:22:43Z
CREAM-20260815-00994,Jeffrey Torres,Jeffrey Torres,Jeffrey,Torres,jeffrey.torres@outlook.com,(212) 932-2185,HER Realtors,HER Realtors,Canton,Canton,OH,44209,5,21,21,5067505,3.5,C,60,Referral Network,Large (51-200 agents),2026-08-15T16:57:53Z
CREAM-20260815-00995,Maria Reed,Maria Reed,Maria,Reed,maria.reed@re/max.com,(303) 504-3940,RE/MAX,RE/MAX,Centennial,Centennial,CO,81974,1,10,10,5259815,4.1,C,76,Website Lead,Mid-size (11-50 agents),2026-08-15T15:13:52Z
CREAM-20260815-00996,Deborah Evans,Deborah Evans,Deborah,Evans,deborah.evans@outlook.com,(407) 928-9058,eXp Realty,eXp Realty,Fontana,Fontana,CA,92918,2,7,7,5704386,4.4,C,74,Website Lead,Mid-size (11-50 agents),2026-08-15T08:05:51Z
CREAM-20260815-00997,Thomas Wood,Thomas Wood,Thomas,Wood,twood@re/max.com,(512) 259-3939,RE/MAX,RE/MAX,Wilmington,Wilmington,NC,27593,21,57,57,17679071,4.7,C,86,Facebook,Mid-size (11-50 agents),2026-08-15T17:28:26Z
CREAM-20260815-00998,Margaret Lopez,Margaret Lopez,Margaret,Lopez,mlopez@yahoo.com,(704) 752-9459,Berkshire Hathaway,Berkshire Hathaway,Lorain,Lorain,OH,43858,19,63,63,16756542,3.9,C,96,Realtor.com,Enterprise (200+ agents),2026-08-15T19:59:24Z
CREAM-20260815-00999,Lawrence Kim,Lawrence Kim,Lawrence,Kim,lawrence_kim@gmail.com,(972) 742-1561,HER Realtors,HER Realtors,Hamilton,Hamilton,OH,45891,24,59,59,16727720,3.4,C,61,Trade Show,Mid-size (11-50 agents),2026-08-15T15:12:56Z
CREAM-20260815-01000,David Rodriguez,David Rodriguez,David,Rodriguez,drodriguez@outlook.com,(916) 562-9858,Sotheby's International,Sotheby's International,Moreno Valley,Moreno Valley,CA,96792,7,25,25,20535282,4.5,C,85,LinkedIn,Boutique (2-10 agents),2026-08-15T15:52:55Z
