id,name,email,phone,company,city,state,zip,years_experience,transactions_last_year,priority_tier,cream_fit_score,source,scraped_at
CREAM-20260706-00001,Raymond Bailey,raymondbailey@icloud.com,(469) 283-2471,Berkshire Hathaway HomeServices,San Jose,CA,93551,1,7,A,73,Brokerage Listings,2026-07-06T13:29:07Z
CREAM-20260706-00002,Emma Turner,emmaturner@outlook.com,(646) 902-6735,eXp Realty,San Jose,CA,94890,1,7,A,96,MLS Database,2026-07-06T23:43:56Z
CREAM-20260706-00003,Joseph Patel,joseph_patel@gmail.com,(646) 808-5085,eXp Realty,Greensboro,NC,27112,14,51,A,61,Cold Outreach,2026-07-06T20:24:35Z
CREAM-20260706-00004,Patricia Kim,patricia.kim@gmail.com,(415) 845-3022,Coldwell Banker,Mesa,AZ,86129,25,50,A,82,Website Lead,2026-07-06T01:54:50Z
CREAM-20260706-00005,Christopher Howard,christopherhoward@outlook.com,(212) 886-1746,RE/MAX,Oakland,CA,94553,20,35,A,73,LinkedIn,2026-07-06T15:40:46Z
CREAM-20260706-00006,Helen Powell,helen.powell@kellerwilliams.com,(704) 270-7399,Keller Williams,Aurora,CO,80875,3,12,A,97,Facebook,2026-07-06T00:39:01Z
CREAM-20260706-00007,Scott Alvarez,scott.alvarez@cutlerrealestate.com,(602) 349-1983,Cutler Real Estate,Cincinnati,OH,44261,18,53,A,62,Cold Outreach,2026-07-06T03:30:02Z
CREAM-20260706-00008,Linda Myers,lindam@aol.com,(919) 321-2698,Keller Williams,Fort Worth,TX,79410,0,5,A,89,Facebook,2026-07-06T13:12:00Z
CREAM-20260706-00009,Jessica Adams,jessicaadams@me.com,(256) 777-9435,Coldwell Banker,Cincinnati,OH,45512,2,3,A,99,MLS Database,2026-07-06T18:11:42Z
CREAM-20260706-00010,Laura Morris,laura.morris@gmail.com,(980) 353-6789,RE/MAX,San Diego,CA,93427,15,61,A,88,Trade Show,2026-07-06T05:36:44Z
CREAM-20260706-00011,Andrew Sanders,andrew.sanders@kellerwilliams.com,(980) 476-1765,Keller Williams,Aurora,CO,80333,14,73,A,66,Realtor.com,2026-07-06T16:33:22Z
CREAM-20260706-00012,Susan Harris,susanh@exprealty.com,(713) 988-1083,eXp Realty,Aurora,CO,80892,7,20,A,81,Cold Outreach,2026-07-06T00:38:44Z
CREAM-20260706-00013,Sandra Ramirez,sandrar@icloud.com,(919) 906-8857,Keller Williams,Raleigh,NC,27330,9,21,A,65,Cold Outreach,2026-07-06T00:59:58Z
CREAM-20260706-00014,Dennis Adams,dennis.adams@me.com,(980) 420-8157,Douglas Elliman,Bronx,NY,12334,23,76,A,94,Brokerage Listings,2026-07-06T00:39:31Z
CREAM-20260706-00015,Kevin Adams,kevina@cutlerrealestate.com,(718) 631-1991,Cutler Real Estate,Columbus,OH,44760,12,34,A,62,Realtor.com,2026-07-06T12:14:37Z
CREAM-20260706-00016,Mark Mendoza,mmendoza@icloud.com,(919) 801-4551,Briggs Freeman Sotheby's,Austin,TX,78918,5,16,A,98,Facebook,2026-07-06T23:34:10Z
CREAM-20260706-00017,Richard Campbell,richard.campbell@me.com,(602) 749-9733,Coldwell Banker,Cincinnati,OH,45378,3,10,A,69,NAR Directory,2026-07-06T06:56:33Z
CREAM-20260706-00018,Frank Collins,frankc@outlook.com,(704) 406-8677,eXp Realty,Tucson,AZ,85442,11,67,A,70,Brokerage Listings,2026-07-06T20:20:06Z
CREAM-20260706-00019,Karen Torres,karen.torres@re/max.com,(469) 776-7641,RE/MAX,Aurora,CO,80136,5,18,A,94,Website Lead,2026-07-06T19:41:04Z
CREAM-20260706-00020,Jeffrey Watson,jeffreyw@icloud.com,(980) 436-4398,Halstead,Brooklyn,NY,14523,9,26,A,93,Website Lead,2026-07-06T03:34:32Z
CREAM-20260706-00021,Jerry Sanders,jsanders@outlook.com,(212) 206-9192,eXp Realty,Jacksonville,FL,32612,3,14,A,78,Referral Network,2026-07-06T16:39:43Z
CREAM-20260706-00022,Alexander Kim,alexander.kim@icloud.com,(303) 682-2307,Berkshire Hathaway,Phoenix,AZ,85840,1,5,A,79,Cold Outreach,2026-07-06T07:57:56Z
CREAM-20260706-00023,Ruth Gray,ruthgray@yahoo.com,(916) 911-5525,RE/MAX,Sacramento,CA,96131,4,16,A,83,Facebook,2026-07-06T17:18:52Z
CREAM-20260706-00024,Susan Sanchez,susans@outlook.com,(404) 870-8059,eXp Realty,Phoenix,AZ,85679,1,9,A,90,Referral Network,2026-07-06T03:40:48Z
CREAM-20260706-00025,Angela Campbell,angelac@herrealtors.com,(720) 305-1848,HER Realtors,Columbus,OH,43307,5,13,A,65,Trade Show,2026-07-06T14:49:22Z
CREAM-20260706-00026,Donna James,donnajames@gmail.com,(929) 882-1245,Allie Beth Allman,El Paso,TX,76535,18,73,A,63,Facebook,2026-07-06T23:05:37Z
CREAM-20260706-00027,Kenneth Young,kennethyoung@icloud.com,(720) 853-8194,Allie Beth Allman,Houston,TX,76204,16,26,A,72,NAR Directory,2026-07-06T10:34:36Z
CREAM-20260706-00028,Ruth Carter,ruthcarter@aol.com,(602) 537-8795,Keller Williams,Fort Worth,TX,78750,17,60,A,80,Facebook,2026-07-06T15:52:33Z
CREAM-20260706-00029,Carolyn Torres,carolynt@gmail.com,(407) 711-2901,Douglas Elliman,Dallas,TX,75418,16,43,A,98,MLS Database,2026-07-06T08:10:18Z
CREAM-20260706-00030,Daniel Jones,daniel.jones@berkshirehathaway.com,(916) 747-7325,Berkshire Hathaway,Phoenix,AZ,85566,3,15,A,93,Website Lead,2026-07-06T04:14:37Z
CREAM-20260706-00031,Stephanie Clark,stephaniec@re/max.com,(919) 968-2050,RE/MAX,Columbus,OH,44499,21,54,A,94,LinkedIn,2026-07-06T14:34:57Z
CREAM-20260706-00032,William Jenkins,william.jenkins@me.com,(713) 207-1334,RE/MAX,St. Petersburg,FL,32801,0,2,A,83,Referral Network,2026-07-06T13:49:39Z
CREAM-20260706-00033,Elizabeth Rogers,erogers@compass.com,(469) 365-7484,Compass,St. Petersburg,FL,32768,16,41,A,71,Realtor.com,2026-07-06T09:35:24Z
CREAM-20260706-00034,Richard Jackson,richard.jackson@cutlerrealestate.com,(614) 408-7234,Cutler Real Estate,Cleveland,OH,45547,1,8,A,98,Realtor.com,2026-07-06T13:45:04Z
CREAM-20260706-00035,John Peterson,johnp@icloud.com,(310) 242-2755,eXp Realty,Los Angeles,CA,95845,6,39,A,100,Realtor.com,2026-07-06T05:01:13Z
CREAM-20260706-00036,Linda Richardson,lrichardson@aol.com,(614) 394-9651,Corcoran Group,Queens,NY,10722,13,56,A,80,LinkedIn,2026-07-06T00:18:45Z
CREAM-20260706-00037,Robert Wilson,robert.wilson@coldwellbanker.com,(513) 627-7653,Coldwell Banker,Tucson,AZ,86609,18,63,A,87,Facebook,2026-07-06T02:59:21Z
CREAM-20260706-00038,Sandra Ortiz,sandraortiz@aol.com,(704) 928-7496,eXp Realty,Cleveland,OH,45908,1,6,A,71,Website Lead,2026-07-06T10:23:01Z
CREAM-20260706-00039,Eric Martinez,eric.martinez@kellerwilliams.com,(512) 884-4681,Keller Williams,Charlotte,NC,28893,5,8,A,96,Website Lead,2026-07-06T13:11:12Z
CREAM-20260706-00040,Michelle Clark,michellec@outlook.com,(602) 658-4200,Allie Beth Allman,El Paso,TX,79372,19,28,A,62,Brokerage Listings,2026-07-06T17:48:11Z
CREAM-20260706-00041,Sarah Russell,srussell@coldwellbanker.com,(916) 247-5170,Coldwell Banker,Jacksonville,FL,33727,5,21,A,73,Cold Outreach,2026-07-06T02:50:45Z
CREAM-20260706-00042,Christine Jimenez,christine.jimenez@outlook.com,(303) 393-1653,Keller Williams,Phoenix,AZ,85561,5,24,A,97,Cold Outreach,2026-07-06T12:53:58Z
CREAM-20260706-00043,Samuel Flores,samuelf@kellerwilliams.com,(714) 666-9830,Keller Williams,Charlotte,NC,27179,5,22,A,75,Facebook,2026-07-06T23:15:49Z
CREAM-20260706-00044,Daniel Morgan,danielm@hotmail.com,(919) 378-6292,Compass,Sacramento,CA,94936,1,3,A,99,NAR Directory,2026-07-06T14:20:33Z
CREAM-20260706-00045,Steven Jenkins,steven_jenkins@hotmail.com,(980) 597-2100,Douglas Elliman,Staten Island,NY,11214,12,54,A,68,Realtor.com,2026-07-06T01:10:42Z
CREAM-20260706-00046,Joseph Cox,josephc@outlook.com,(234) 274-9226,HomeSmart,Scottsdale,AZ,86788,9,33,A,76,MLS Database,2026-07-06T07:37:35Z
CREAM-20260706-00047,Carolyn Murphy,carolyn.murphy@aol.com,(718) 737-2489,Douglas Elliman,Austin,TX,78424,24,69,A,91,Website Lead,2026-07-06T00:39:19Z
CREAM-20260706-00048,Frank Roberts,froberts@compass.com,(334) 552-1026,Compass,Staten Island,NY,14548,25,28,A,99,Trade Show,2026-07-06T23:59:06Z
CREAM-20260706-00049,Jacob Carter,jacobc@compass.com,(513) 238-9140,Compass,Long Beach,CA,93868,25,57,A,67,MLS Database,2026-07-06T01:51:28Z
CREAM-20260706-00050,Emma Kim,emma_kim@icloud.com,(720) 901-5308,8z Real Estate,Denver,CO,80639,11,60,A,100,Website Lead,2026-07-06T17:32:35Z
CREAM-20260706-00051,Jessica Mendoza,jessica_mendoza@aol.com,(786) 905-1998,Sotheby's International,Staten Island,NY,10252,12,42,A,69,NAR Directory,2026-07-06T12:09:04Z
CREAM-20260706-00052,Robert Collins,robert.collins@icloud.com,(786) 396-9407,Coldwell Banker,Charlotte,NC,27155,2,12,A,98,Trade Show,2026-07-06T07:39:23Z
CREAM-20260706-00053,Kenneth Cooper,kennethc@coldwellbanker.com,(614) 358-8109,Coldwell Banker,Raleigh,NC,27647,9,38,A,72,Website Lead,2026-07-06T07:43:11Z
CREAM-20260706-00054,Kathleen Hill,kathleen_hill@me.com,(919) 873-4136,HomeSmart,Scottsdale,AZ,86343,4,12,A,100,Trade Show,2026-07-06T22:45:56Z
CREAM-20260706-00055,Cynthia Roberts,cynthia_roberts@gmail.com,(212) 670-4532,Douglas Elliman,Manhattan,NY,11798,21,41,A,88,Trade Show,2026-07-06T17:18:20Z
CREAM-20260706-00056,Ruth Rivera,ruth.rivera@gmail.com,(646) 237-3526,Coldwell Banker,Greensboro,NC,27484,17,62,A,60,Cold Outreach,2026-07-06T08:32:52Z
CREAM-20260706-00057,Michael Thomas,michael.thomas@exprealty.com,(919) 866-1909,eXp Realty,Raleigh,NC,28990,1,6,A,96,Brokerage Listings,2026-07-06T12:20:28Z
CREAM-20260706-00058,Samuel Wright,samuel.wright@yahoo.com,(214) 748-1495,Keller Williams Realty,Orlando,FL,33358,4,9,A,81,NAR Directory,2026-07-06T22:47:19Z
CREAM-20260706-00059,Christopher Chavez,cchavez@8zrealestate.com,(602) 658-7899,8z Real Estate,Colorado Springs,CO,81181,13,27,A,61,Referral Network,2026-07-06T20:24:31Z
CREAM-20260706-00060,Catherine Anderson,catherine_anderson@hotmail.com,(305) 688-2139,Sotheby's International,Manhattan,NY,10319,23,63,A,91,Cold Outreach,2026-07-06T13:03:00Z
CREAM-20260706-00061,John Howard,johnh@kellerwilliams.com,(305) 281-9513,Keller Williams,Houston,TX,79953,0,4,A,74,Referral Network,2026-07-06T02:09:16Z
CREAM-20260706-00062,Dorothy Jackson,dorothy_jackson@yahoo.com,(334) 259-8248,Keller Williams,Greensboro,NC,28226,4,17,A,75,Facebook,2026-07-06T13:48:34Z
CREAM-20260706-00063,Ruth Anderson,randerson@aol.com,(718) 491-9448,Coldwell Banker,Charlotte,NC,28674,3,13,A,60,MLS Database,2026-07-06T15:54:30Z
CREAM-20260706-00064,Emma Jackson,emmaj@livsothebys.com,(704) 496-9534,LIV Sotheby's,Colorado Springs,CO,80835,13,36,A,86,Realtor.com,2026-07-06T14:48:27Z
CREAM-20260706-00065,Debra Watson,debraw@compass.com,(415) 519-1333,Compass,Los Angeles,CA,90566,3,14,A,86,Realtor.com,2026-07-06T09:02:55Z
CREAM-20260706-00066,Jacob Watson,jacob.watson@kellerwilliamsrealty.com,(256) 596-7041,Keller Williams Realty,Los Angeles,CA,96582,0,2,A,88,Referral Network,2026-07-06T11:49:15Z
CREAM-20260706-00067,Ryan Moore,ryanm@berkshirehathaway.com,(407) 949-4535,Berkshire Hathaway,Cleveland,OH,45856,13,38,A,71,LinkedIn,2026-07-06T00:35:09Z
CREAM-20260706-00068,Mary Diaz,mary.diaz@icloud.com,(305) 769-5220,8z Real Estate,Aurora,CO,81194,21,59,A,92,Cold Outreach,2026-07-06T06:52:54Z
CREAM-20260706-00069,Betty Nguyen,bnguyen@me.com,(646) 916-9839,Briggs Freeman Sotheby's,Fort Worth,TX,77534,3,9,A,98,NAR Directory,2026-07-06T18:58:26Z
CREAM-20260706-00070,Angela Lewis,angelal@aol.com,(718) 738-2357,Cutler Real Estate,Columbus,OH,44783,5,22,A,90,Realtor.com,2026-07-06T11:42:23Z
CREAM-20260706-00071,Aaron Collins,aaronc@alliebethallman.com,(404) 500-4408,Allie Beth Allman,Dallas,TX,78670,14,28,A,98,Website Lead,2026-07-06T10:58:33Z
CREAM-20260706-00072,Susan Martinez,susan.martinez@aol.com,(407) 649-4522,Brown Harris Stevens,Manhattan,NY,11597,5,15,A,96,Website Lead,2026-07-06T03:49:47Z
CREAM-20260706-00073,Ryan Adams,radams@exprealty.com,(972) 487-8337,eXp Realty,Long Beach,CA,94490,4,25,A,70,LinkedIn,2026-07-06T10:14:05Z
CREAM-20260706-00074,Margaret Flores,margaretflores@icloud.com,(305) 214-7828,Long Realty,Mesa,AZ,86413,2,10,A,86,LinkedIn,2026-07-06T13:58:07Z
CREAM-20260706-00075,David Miller,davidm@gmail.com,(310) 741-9077,Compass,Raleigh,NC,28305,4,12,A,63,MLS Database,2026-07-06T15:57:47Z
CREAM-20260706-00076,Jonathan Torres,jtorres@icloud.com,(512) 326-7407,Coldwell Banker,Colorado Springs,CO,80793,22,31,A,98,Facebook,2026-07-06T18:18:43Z
CREAM-20260706-00077,Paul Kelly,paulk@berkshirehathawayhomeservices.com,(234) 330-1219,Berkshire Hathaway HomeServices,Oakland,CA,91451,4,21,A,86,MLS Database,2026-07-06T08:10:10Z
CREAM-20260706-00078,Catherine Kim,catherine.kim@outlook.com,(469) 657-3984,Berkshire Hathaway,Houston,TX,78564,1,12,A,85,NAR Directory,2026-07-06T07:52:46Z
CREAM-20260706-00079,Jennifer Howard,jenniferh@exprealty.com,(512) 210-2751,eXp Realty,Raleigh,NC,28505,3,8,A,70,Referral Network,2026-07-06T20:02:42Z
CREAM-20260706-00080,David Carter,davidc@gmail.com,(929) 346-4017,Compass,Tampa,FL,32472,3,15,A,95,Cold Outreach,2026-07-06T13:42:50Z
CREAM-20260706-00081,Barbara Harris,barbarah@century21.com,(513) 254-1960,Century 21,Fort Lauderdale,FL,32650,21,42,A,75,Trade Show,2026-07-06T02:28:17Z
CREAM-20260706-00082,Eric Anderson,ericanderson@yahoo.com,(469) 316-9771,eXp Realty,Greensboro,NC,28955,21,40,A,78,Realtor.com,2026-07-06T21:45:21Z
CREAM-20260706-00083,Michael Hughes,mhughes@me.com,(714) 457-4098,Douglas Elliman,New York City,NY,14698,2,6,A,88,Facebook,2026-07-06T21:24:37Z
CREAM-20260706-00084,Donald Thomas,dthomas@outlook.com,(310) 716-2154,Russell Lyon Sotheby's,Tucson,AZ,85563,4,21,A,65,MLS Database,2026-07-06T22:14:26Z
CREAM-20260706-00085,Debra Jones,debra.jones@allentate.com,(718) 574-5164,Allen Tate,Charlotte,NC,28330,12,41,A,81,Cold Outreach,2026-07-06T08:24:34Z
CREAM-20260706-00086,Rachel Ramirez,rramirez@gmail.com,(407) 249-7748,Keller Williams,Columbus,OH,43608,2,6,A,71,MLS Database,2026-07-06T06:19:54Z
CREAM-20260706-00087,Karen Perez,kperez@aol.com,(714) 767-3149,Keller Williams,Phoenix,AZ,85324,4,12,A,68,Referral Network,2026-07-06T05:37:09Z
CREAM-20260706-00088,Patricia Ramos,patriciaramos@outlook.com,(469) 535-9868,Berkshire Hathaway,Aurora,CO,80765,1,4,A,82,Realtor.com,2026-07-06T12:48:43Z
CREAM-20260706-00089,Cynthia Lopez,cynthialopez@yahoo.com,(303) 682-8045,8z Real Estate,Denver,CO,80793,5,21,A,95,NAR Directory,2026-07-06T21:30:19Z
CREAM-20260706-00090,David Robinson,davidr@aol.com,(614) 889-1318,Coldwell Banker,Aurora,CO,81327,5,16,A,94,Realtor.com,2026-07-06T23:53:30Z
CREAM-20260706-00091,Brenda Ramirez,brenda_ramirez@hotmail.com,(972) 292-3993,Sotheby's International,Staten Island,NY,11969,13,28,A,93,NAR Directory,2026-07-06T06:42:33Z
CREAM-20260706-00092,Kenneth Edwards,kennethe@kellerwilliamsrealty.com,(972) 449-6240,Keller Williams Realty,Jacksonville,FL,32682,3,11,A,65,Facebook,2026-07-06T10:56:13Z
CREAM-20260706-00093,Samantha Reyes,samanthar@outlook.com,(720) 644-2488,Berkshire Hathaway,Orlando,FL,32983,1,3,A,60,LinkedIn,2026-07-06T14:16:05Z
CREAM-20260706-00094,Dennis Parker,dparker@kellerwilliamsrealty.com,(334) 946-4905,Keller Williams Realty,Sacramento,CA,90678,11,62,A,100,NAR Directory,2026-07-06T07:55:46Z
CREAM-20260706-00095,Ruth Russell,rrussell@hotmail.com,(469) 964-4127,Douglas Elliman,Fort Worth,TX,77481,24,69,A,68,Trade Show,2026-07-06T17:29:03Z
CREAM-20260706-00096,Susan Davis,susan_davis@aol.com,(718) 324-6884,RE/MAX,Aurora,CO,81466,13,74,A,83,Realtor.com,2026-07-06T08:16:51Z
CREAM-20260706-00097,Kathleen Carter,kathleenc@gmail.com,(805) 460-4919,HER Realtors,Columbus,OH,45223,0,5,A,98,Cold Outreach,2026-07-06T19:50:47Z
CREAM-20260706-00098,Alexander Williams,alexander.williams@coldwellbanker.com,(718) 401-3195,Coldwell Banker,Cincinnati,OH,44186,5,11,A,65,Trade Show,2026-07-06T06:32:15Z
CREAM-20260706-00099,Cynthia Evans,cynthiae@re/max.com,(602) 779-9493,RE/MAX,Colorado Springs,CO,81421,0,5,A,91,Website Lead,2026-07-06T07:43:32Z
CREAM-20260706-00100,Betty Martin,betty.martin@douglaselliman.com,(929) 249-1384,Douglas Elliman,Fort Worth,TX,76373,5,25,A,85,MLS Database,2026-07-06T12:08:42Z
CREAM-20260706-00101,Amy Sanchez,amysanchez@hotmail.com,(713) 403-4347,8z Real Estate,Denver,CO,80478,25,30,A,88,NAR Directory,2026-07-06T15:20:40Z
CREAM-20260706-00102,Kevin Cox,kevinc@hotmail.com,(512) 646-6538,Compass,Colorado Springs,CO,81949,0,5,A,82,Brokerage Listings,2026-07-06T15:08:10Z
CREAM-20260706-00103,Sarah Long,slong@hotmail.com,(234) 218-2943,Coldwell Banker,Charlotte,NC,27593,4,20,A,87,LinkedIn,2026-07-06T15:14:46Z
CREAM-20260706-00104,Debra Morris,dmorris@yahoo.com,(614) 309-9747,RE/MAX,Los Angeles,CA,94242,16,46,A,67,Brokerage Listings,2026-07-06T11:59:28Z
CREAM-20260706-00105,Scott Diaz,sdiaz@icloud.com,(704) 625-8047,RE/MAX,Cincinnati,OH,44617,3,13,A,61,Brokerage Listings,2026-07-06T11:58:32Z
CREAM-20260706-00106,Laura Richardson,lrichardson@icloud.com,(919) 349-5569,Sotheby's International,Los Angeles,CA,93619,19,49,A,99,Cold Outreach,2026-07-06T15:22:30Z
CREAM-20260706-00107,Sandra Anderson,sanderson@exprealty.com,(602) 743-9707,eXp Realty,Raleigh,NC,27991,23,76,A,62,Facebook,2026-07-06T18:52:10Z
CREAM-20260706-00108,Betty Reed,bettyreed@aol.com,(929) 374-3698,eXp Realty,Cincinnati,OH,43832,10,56,A,91,MLS Database,2026-07-06T00:41:58Z
CREAM-20260706-00109,Linda Kelly,lindakelly@me.com,(646) 275-4315,eXp Realty,San Diego,CA,94335,24,71,A,76,Realtor.com,2026-07-06T07:06:17Z
CREAM-20260706-00110,Maria Lee,maria.lee@berkshirehathaway.com,(214) 412-8481,Berkshire Hathaway,Scottsdale,AZ,86270,11,45,A,89,Website Lead,2026-07-06T13:01:33Z
CREAM-20260706-00111,Timothy Powell,timothy.powell@berkshirehathawayhomeservices.com,(704) 491-5770,Berkshire Hathaway HomeServices,San Diego,CA,91493,1,6,A,98,Cold Outreach,2026-07-06T13:40:45Z
CREAM-20260706-00112,Larry Mitchell,larrymitchell@me.com,(602) 592-2978,Century 21,Jacksonville,FL,32277,2,4,A,77,Referral Network,2026-07-06T20:22:01Z
CREAM-20260706-00113,William Nguyen,william.nguyen@exprealty.com,(980) 449-1841,eXp Realty,Long Beach,CA,96170,3,9,A,69,Trade Show,2026-07-06T22:17:26Z
CREAM-20260706-00114,Robert Gonzalez,robertg@sothebysinternational.com,(916) 631-7309,Sotheby's International,Manhattan,NY,13790,3,13,A,95,NAR Directory,2026-07-06T07:54:46Z
CREAM-20260706-00115,Helen Gomez,hgomez@gmail.com,(786) 528-3847,Berkshire Hathaway,Charlotte,NC,28880,8,40,A,60,LinkedIn,2026-07-06T12:09:26Z
CREAM-20260706-00116,Ryan Wright,ryanw@exprealty.com,(805) 496-6096,eXp Realty,Columbus,OH,45969,3,11,A,61,Facebook,2026-07-06T15:54:32Z
CREAM-20260706-00117,Frank Martin,frankmartin@hotmail.com,(614) 271-2308,Sotheby's International,Manhattan,NY,12226,16,40,A,89,LinkedIn,2026-07-06T22:52:08Z
CREAM-20260706-00118,Scott Chavez,scottc@icloud.com,(916) 850-4605,Keller Williams,Houston,TX,78176,4,16,A,89,Cold Outreach,2026-07-06T03:52:54Z
CREAM-20260706-00119,Shirley Jones,shirleyj@coldwellbanker.com,(334) 358-5043,Coldwell Banker,Greensboro,NC,28810,7,28,A,68,Referral Network,2026-07-06T08:08:16Z
CREAM-20260706-00120,Catherine Mitchell,cmitchell@cutlerrealestate.com,(404) 806-3824,Cutler Real Estate,Columbus,OH,44884,1,5,A,89,LinkedIn,2026-07-06T21:40:40Z
CREAM-20260706-00121,Alexander Mendoza,alexandermendoza@gmail.com,(212) 728-7032,Compass,Charlotte,NC,28550,5,25,A,90,Website Lead,2026-07-06T02:43:42Z
CREAM-20260706-00122,Michael Moore,mmoore@kellerwilliamsrealty.com,(786) 256-3875,Keller Williams Realty,San Diego,CA,92262,5,17,A,90,MLS Database,2026-07-06T06:26:53Z
CREAM-20260706-00123,Paul Cruz,paul.cruz@compass.com,(805) 981-7346,Compass,Queens,NY,10272,1,6,A,76,Trade Show,2026-07-06T06:09:50Z
CREAM-20260706-00124,Elizabeth Morgan,elizabethm@me.com,(512) 890-1389,Corcoran Group,New York City,NY,11695,16,57,A,92,Realtor.com,2026-07-06T09:45:48Z
CREAM-20260706-00125,Joshua Rodriguez,joshuarodriguez@outlook.com,(415) 270-7180,Berkshire Hathaway HomeServices,San Francisco,CA,95399,0,0,A,70,MLS Database,2026-07-06T13:02:22Z
CREAM-20260706-00126,Jack Wilson,jwilson@berkshirehathaway.com,(214) 303-2913,Berkshire Hathaway,Cleveland,OH,43318,17,36,A,92,Brokerage Listings,2026-07-06T04:19:54Z
CREAM-20260706-00127,Mark Morgan,mark_morgan@me.com,(720) 637-6118,Douglas Elliman,New York City,NY,10871,2,11,A,85,Referral Network,2026-07-06T10:57:57Z
CREAM-20260706-00128,Betty King,betty.king@kellerwilliams.com,(786) 969-2607,Keller Williams,Phoenix,AZ,85838,0,2,A,72,Trade Show,2026-07-06T04:57:42Z
CREAM-20260706-00129,Janet Rivera,janetr@aol.com,(929) 788-3941,Coldwell Banker,St. Petersburg,FL,32216,5,19,A,96,Brokerage Listings,2026-07-06T09:19:17Z
CREAM-20260706-00130,Michael Ramirez,michaelr@exprealty.com,(212) 482-1725,eXp Realty,Colorado Springs,CO,80613,2,8,A,62,Brokerage Listings,2026-07-06T02:47:18Z
CREAM-20260706-00131,Matthew Chavez,mchavez@re/max.com,(972) 474-2448,RE/MAX,Austin,TX,79568,3,19,A,73,Facebook,2026-07-06T07:03:39Z
CREAM-20260706-00132,Aaron Baker,aaronb@yahoo.com,(334) 871-7580,eXp Realty,Houston,TX,79409,4,12,A,90,Website Lead,2026-07-06T02:42:22Z
CREAM-20260706-00133,Rachel Richardson,rachel_richardson@outlook.com,(929) 439-6570,Keller Williams Realty,San Diego,CA,90357,9,24,A,71,Realtor.com,2026-07-06T08:03:54Z
CREAM-20260706-00134,Jerry Wright,jwright@me.com,(704) 424-1286,eXp Realty,Cleveland,OH,45663,1,3,A,68,MLS Database,2026-07-06T10:56:02Z
CREAM-20260706-00135,Angela Martinez,angela_martinez@yahoo.com,(305) 768-6767,eXp Realty,Orlando,FL,32374,18,46,A,95,Facebook,2026-07-06T01:27:10Z
CREAM-20260706-00136,Karen Clark,karenc@outlook.com,(980) 500-7151,RE/MAX,Cleveland,OH,43657,1,12,A,95,Facebook,2026-07-06T05:20:09Z
CREAM-20260706-00137,Laura Wilson,lwilson@yahoo.com,(512) 370-2347,RE/MAX,Phoenix,AZ,86928,20,56,A,67,LinkedIn,2026-07-06T13:40:54Z
CREAM-20260706-00138,Sarah Allen,sallen@outlook.com,(980) 732-2352,Coldwell Banker,San Antonio,TX,77715,1,8,A,82,Referral Network,2026-07-06T18:28:39Z
CREAM-20260706-00139,Amy Bailey,abailey@re/max.com,(212) 966-8158,RE/MAX,Raleigh,NC,28648,4,18,A,100,NAR Directory,2026-07-06T00:59:00Z
CREAM-20260706-00140,Diane Watson,dianew@outlook.com,(214) 929-3006,Sotheby's International,New York City,NY,12750,25,26,A,71,Brokerage Listings,2026-07-06T23:07:14Z
CREAM-20260706-00141,Donna Morris,donna.morris@pacificsothebys.com,(415) 780-9468,Pacific Sotheby's,Oakland,CA,92988,17,36,A,69,Referral Network,2026-07-06T18:32:20Z
CREAM-20260706-00142,Michelle Baker,michelle_baker@outlook.com,(972) 591-4172,Compass,Greensboro,NC,27599,9,28,A,82,Website Lead,2026-07-06T18:16:58Z
CREAM-20260706-00143,Mark Alvarez,mark.alvarez@me.com,(929) 766-5971,Keller Williams Realty,Fort Lauderdale,FL,34151,19,48,A,70,Cold Outreach,2026-07-06T18:08:05Z
CREAM-20260706-00144,Deborah Lewis,deborahlewis@aol.com,(303) 825-2336,Long Realty,Scottsdale,AZ,85248,10,31,A,87,Referral Network,2026-07-06T12:10:58Z
CREAM-20260706-00145,Gregory Wright,gregoryw@aol.com,(704) 701-2798,Douglas Elliman,Manhattan,NY,14855,18,55,A,75,Referral Network,2026-07-06T11:34:14Z
CREAM-20260706-00146,Kenneth Collins,kcollins@berkshirehathaway.com,(919) 745-8013,Berkshire Hathaway,Cincinnati,OH,45327,24,60,A,84,Brokerage Listings,2026-07-06T04:27:58Z
CREAM-20260706-00147,Donna Phillips,donna_phillips@hotmail.com,(407) 616-1924,RE/MAX,Long Beach,CA,93933,5,9,A,93,Brokerage Listings,2026-07-06T08:44:32Z
CREAM-20260706-00148,Aaron Bennett,aaronbennett@outlook.com,(212) 486-8620,Berkshire Hathaway,Columbus,OH,43314,10,38,A,67,NAR Directory,2026-07-06T12:27:03Z
CREAM-20260706-00149,Brian Morgan,bmorgan@berkshirehathawayhomeservices.com,(718) 918-2653,Berkshire Hathaway HomeServices,San Jose,CA,91140,6,17,A,60,MLS Database,2026-07-06T08:37:19Z
CREAM-20260706-00150,Carol Roberts,carol.roberts@icloud.com,(212) 429-3968,Berkshire Hathaway,Aurora,CO,81391,1,10,A,78,LinkedIn,2026-07-06T10:23:41Z
CREAM-20260706-00151,Margaret Brown,margaretb@homesmart.com,(310) 557-7390,HomeSmart,Phoenix,AZ,86726,25,52,A,80,NAR Directory,2026-07-06T22:52:55Z
CREAM-20260706-00152,Cynthia Morgan,cmorgan@gmail.com,(303) 899-7164,eXp Realty,San Francisco,CA,92157,16,58,A,68,Realtor.com,2026-07-06T22:46:36Z
CREAM-20260706-00153,Donald Jenkins,donaldjenkins@outlook.com,(786) 733-1162,8z Real Estate,Colorado Springs,CO,80648,23,29,A,64,Trade Show,2026-07-06T20:34:04Z
CREAM-20260706-00154,Jennifer Wright,jwright@re/max.com,(614) 660-7005,RE/MAX,Cleveland,OH,44605,4,25,A,73,Facebook,2026-07-06T02:50:55Z
CREAM-20260706-00155,Shirley Mitchell,shirley.mitchell@re/max.com,(305) 919-9992,RE/MAX,Houston,TX,79838,3,8,A,99,Realtor.com,2026-07-06T04:56:39Z
CREAM-20260706-00156,Aaron Alvarez,aalvarez@coldwellbanker.com,(214) 369-9818,Coldwell Banker,Raleigh,NC,28895,1,9,A,82,Brokerage Listings,2026-07-06T05:44:39Z
CREAM-20260706-00157,Amy Wood,amyw@outlook.com,(303) 949-3037,Howard Hanna,Greensboro,NC,28143,3,17,A,87,Referral Network,2026-07-06T17:31:12Z
CREAM-20260706-00158,Betty Martinez,betty_martinez@aol.com,(415) 572-5841,RE/MAX,St. Petersburg,FL,34831,0,1,A,89,Cold Outreach,2026-07-06T06:52:38Z
CREAM-20260706-00159,Betty Hughes,bettyh@allentate.com,(469) 735-1983,Allen Tate,Raleigh,NC,28950,4,9,A,78,Realtor.com,2026-07-06T00:53:08Z
CREAM-20260706-00160,Linda Baker,lindab@re/max.com,(214) 466-5214,RE/MAX,Tucson,AZ,86519,13,42,A,92,Facebook,2026-07-06T18:16:04Z
CREAM-20260706-00161,Laura Hall,laurahall@gmail.com,(980) 348-5361,RE/MAX,Raleigh,NC,28363,25,70,A,63,Website Lead,2026-07-06T08:27:57Z
CREAM-20260706-00162,Jerry Campbell,jerry.campbell@me.com,(334) 531-5043,Keller Williams,Dallas,TX,76338,22,37,A,82,Referral Network,2026-07-06T15:15:47Z
CREAM-20260706-00163,Patrick Chavez,patrickc@icloud.com,(256) 324-1271,Compass,Denver,CO,80215,8,20,A,70,Website Lead,2026-07-06T06:28:37Z
CREAM-20260706-00164,Christopher Johnson,cjohnson@yahoo.com,(786) 443-8971,Compass,Aurora,CO,80142,4,21,A,76,Website Lead,2026-07-06T13:26:14Z
CREAM-20260706-00165,Mary Richardson,mary_richardson@outlook.com,(980) 259-7832,eXp Realty,Tucson,AZ,85300,1,8,A,90,Referral Network,2026-07-06T04:49:21Z
CREAM-20260706-00166,Rebecca Watson,rebeccaw@gmail.com,(305) 758-8832,LIV Sotheby's,Colorado Springs,CO,80332,0,4,A,94,NAR Directory,2026-07-06T09:16:41Z
CREAM-20260706-00167,Joseph Adams,josepha@sothebysinternational.com,(334) 994-8162,Sotheby's International,Queens,NY,10334,2,7,A,86,Trade Show,2026-07-06T14:37:34Z
CREAM-20260706-00168,Jacob Stewart,jstewart@hotmail.com,(404) 518-9599,Coldwell Banker,Raleigh,NC,27897,2,4,A,88,Website Lead,2026-07-06T03:06:37Z
CREAM-20260706-00169,Jerry Mitchell,jerry.mitchell@me.com,(980) 493-8203,Compass,Colorado Springs,CO,80942,15,65,A,78,NAR Directory,2026-07-06T10:45:08Z
CREAM-20260706-00170,Thomas Roberts,thomasr@yahoo.com,(929) 674-6725,eXp Realty,Austin,TX,77821,20,27,A,86,Cold Outreach,2026-07-06T22:42:20Z
CREAM-20260706-00171,Cynthia Roberts,croberts@berkshirehathaway.com,(214) 490-3177,Berkshire Hathaway,Jacksonville,FL,34524,1,3,A,97,Brokerage Listings,2026-07-06T02:45:23Z
CREAM-20260706-00172,Eric Campbell,ericcampbell@outlook.com,(404) 934-6848,Berkshire Hathaway HomeServices,Long Beach,CA,96502,0,4,A,87,Brokerage Listings,2026-07-06T05:08:49Z
CREAM-20260706-00173,Kathleen Green,kathleen.green@aol.com,(919) 696-4520,RE/MAX,Sacramento,CA,93405,15,40,A,93,Referral Network,2026-07-06T21:50:07Z
CREAM-20260706-00174,Betty Stewart,betty.stewart@yahoo.com,(305) 592-8962,eXp Realty,Scottsdale,AZ,85998,21,42,A,91,LinkedIn,2026-07-06T20:32:39Z
CREAM-20260706-00175,William Kelly,williamkelly@gmail.com,(469) 228-6192,Keller Williams,Fort Worth,TX,78436,13,51,A,71,NAR Directory,2026-07-06T06:52:20Z
CREAM-20260706-00176,Pamela Morgan,pmorgan@coldwellbanker.com,(646) 651-2207,Coldwell Banker,Charlotte,NC,28243,8,37,A,93,Cold Outreach,2026-07-06T02:20:14Z
CREAM-20260706-00177,Debra Rogers,debrarogers@outlook.com,(614) 398-8309,Nest Seekers,Bronx,NY,10224,0,3,A,98,MLS Database,2026-07-06T14:42:10Z
CREAM-20260706-00178,Betty Kelly,bettyk@me.com,(714) 797-1121,eXp Realty,Cleveland,OH,45890,21,53,A,92,Referral Network,2026-07-06T15:27:31Z
CREAM-20260706-00179,Stephanie Alvarez,stephanie.alvarez@kellerwilliamsrealty.com,(512) 786-4869,Keller Williams Realty,Jacksonville,FL,34209,15,47,A,71,Realtor.com,2026-07-06T12:25:09Z
CREAM-20260706-00180,Christine Ramos,christiner@icloud.com,(404) 695-8965,Keller Williams Realty,San Francisco,CA,92397,14,59,A,61,Cold Outreach,2026-07-06T21:24:41Z
CREAM-20260706-00181,Elizabeth Wright,elizabeth.wright@exprealty.com,(786) 473-2900,eXp Realty,Tampa,FL,34850,4,9,A,92,MLS Database,2026-07-06T19:39:37Z
CREAM-20260706-00182,Ruth Hernandez,rhernandez@me.com,(214) 544-9100,eXp Realty,Colorado Springs,CO,81417,1,9,A,90,Website Lead,2026-07-06T23:54:36Z
CREAM-20260706-00183,Catherine Lopez,catherinel@outlook.com,(234) 581-3850,Keller Williams,Cincinnati,OH,44933,25,44,A,67,Website Lead,2026-07-06T16:04:22Z
CREAM-20260706-00184,Larry Kelly,larryk@exprealty.com,(972) 997-1981,eXp Realty,Greensboro,NC,27684,1,9,A,60,Facebook,2026-07-06T22:41:47Z
CREAM-20260706-00185,Emma Brooks,emma.brooks@re/max.com,(720) 770-3056,RE/MAX,Denver,CO,81222,5,13,A,63,Brokerage Listings,2026-07-06T01:44:20Z
CREAM-20260706-00186,Larry Moore,larry_moore@gmail.com,(212) 603-6545,RE/MAX,Fort Lauderdale,FL,32652,25,54,A,100,Website Lead,2026-07-06T01:08:05Z
CREAM-20260706-00187,Jason Mendoza,jasonm@huntingtonrealestate.com,(786) 668-2792,Huntington Real Estate,Cleveland,OH,43916,21,77,A,68,Referral Network,2026-07-06T06:35:49Z
CREAM-20260706-00188,Mary Diaz,mdiaz@yahoo.com,(646) 533-4512,Douglas Elliman,St. Petersburg,FL,32676,16,26,A,81,LinkedIn,2026-07-06T00:30:55Z
CREAM-20260706-00189,Jacob Foster,jacob.foster@alliebethallman.com,(415) 867-2205,Allie Beth Allman,El Paso,TX,75257,18,70,A,93,Referral Network,2026-07-06T07:47:56Z
CREAM-20260706-00190,Thomas Stewart,thomass@outlook.com,(919) 427-7908,Douglas Elliman,Orlando,FL,33731,10,27,A,92,Cold Outreach,2026-07-06T19:01:57Z
CREAM-20260706-00191,Linda Gutierrez,linda_gutierrez@gmail.com,(415) 945-2102,Russell Lyon Sotheby's,Scottsdale,AZ,85831,25,66,A,95,MLS Database,2026-07-06T21:45:01Z
CREAM-20260706-00192,Jessica Smith,jessica.smith@berkshirehathawayhomeservices.com,(256) 229-4923,Berkshire Hathaway HomeServices,San Jose,CA,93680,3,15,A,71,Brokerage Listings,2026-07-06T19:04:11Z
CREAM-20260706-00193,Justin Peterson,justinp@icloud.com,(786) 586-6556,Keller Williams Realty,Jacksonville,FL,32412,1,4,A,70,LinkedIn,2026-07-06T21:48:04Z
CREAM-20260706-00194,Donald Evans,donaldevans@outlook.com,(972) 671-4378,RE/MAX,Cincinnati,OH,44552,1,8,A,87,Referral Network,2026-07-06T19:36:36Z
CREAM-20260706-00195,Pamela Lee,pamelal@hotmail.com,(786) 383-6418,Coldwell Banker,Denver,CO,81458,2,9,A,69,NAR Directory,2026-07-06T09:38:30Z
CREAM-20260706-00196,George Davis,gdavis@aol.com,(310) 925-3210,Nest Seekers,Queens,NY,13867,5,22,A,75,NAR Directory,2026-07-06T01:32:42Z
CREAM-20260706-00197,Christopher Flores,christopher.flores@aol.com,(469) 557-3277,Cutler Real Estate,Cleveland,OH,44879,4,14,A,92,Brokerage Listings,2026-07-06T06:52:26Z
CREAM-20260706-00198,Dorothy Perry,dperry@outlook.com,(256) 973-3896,Compass,Denver,CO,81746,2,12,A,87,Trade Show,2026-07-06T23:36:06Z
CREAM-20260706-00199,Dorothy Ross,dross@outlook.com,(212) 334-6540,Keller Williams Realty,Tampa,FL,32142,0,2,A,71,Website Lead,2026-07-06T21:52:33Z
CREAM-20260706-00200,Christopher Kim,christopherk@aol.com,(404) 706-9103,Huntington Real Estate,Cleveland,OH,45774,17,75,A,85,Website Lead,2026-07-06T00:07:36Z
CREAM-20260706-00201,Amanda Rivera,arivera@exprealty.com,(214) 850-5195,eXp Realty,Tucson,AZ,85274,11,54,A,100,Cold Outreach,2026-07-06T23:48:10Z
CREAM-20260706-00202,Melissa Evans,melissa.evans@coldwellbanker.com,(972) 746-8312,Coldwell Banker,Colorado Springs,CO,81744,12,28,A,94,Facebook,2026-07-06T17:27:08Z
CREAM-20260706-00203,Shirley Long,shirleyl@berkshirehathaway.com,(919) 364-7776,Berkshire Hathaway,Raleigh,NC,28573,17,33,A,69,Realtor.com,2026-07-06T08:09:47Z
CREAM-20260706-00204,Raymond Gonzalez,rgonzalez@berkshirehathaway.com,(602) 510-7084,Berkshire Hathaway,Jacksonville,FL,34306,4,19,A,74,Brokerage Listings,2026-07-06T22:24:27Z
CREAM-20260706-00205,Maria Walker,mwalker@me.com,(512) 440-8785,Coldwell Banker,Sacramento,CA,93153,3,12,A,94,Facebook,2026-07-06T07:29:51Z
CREAM-20260706-00206,Gregory Smith,gregorysmith@outlook.com,(469) 881-5028,Allie Beth Allman,Austin,TX,79681,7,33,A,76,Facebook,2026-07-06T00:34:40Z
CREAM-20260706-00207,Joseph Lewis,joseph.lewis@huntingtonrealestate.com,(310) 949-6370,Huntington Real Estate,Columbus,OH,44467,4,20,A,86,Referral Network,2026-07-06T07:50:27Z
CREAM-20260706-00208,Diane Young,diane.young@aol.com,(512) 602-6164,eXp Realty,El Paso,TX,78348,0,0,A,95,Facebook,2026-07-06T01:49:23Z
CREAM-20260706-00209,Rebecca Chavez,rchavez@exprealty.com,(929) 786-4202,eXp Realty,Dallas,TX,79132,22,77,A,92,Facebook,2026-07-06T16:19:35Z
CREAM-20260706-00210,Christine Long,clong@coldwellbanker.com,(718) 406-5233,Coldwell Banker,Austin,TX,75672,19,61,A,85,Website Lead,2026-07-06T13:25:30Z
CREAM-20260706-00211,Nicole Walker,nicolew@yahoo.com,(512) 367-6113,Corcoran Group,Staten Island,NY,12581,12,41,A,69,Referral Network,2026-07-06T23:46:59Z
CREAM-20260706-00212,Eric Scott,eric_scott@aol.com,(929) 211-6571,HomeSmart,Mesa,AZ,85328,1,10,A,67,MLS Database,2026-07-06T20:52:35Z
CREAM-20260706-00213,Charles Mitchell,cmitchell@me.com,(980) 588-3922,RE/MAX,Scottsdale,AZ,86907,4,13,A,82,Cold Outreach,2026-07-06T06:36:43Z
CREAM-20260706-00214,Janet Ruiz,jruiz@coldwellbanker.com,(256) 811-8672,Coldwell Banker,Tampa,FL,32537,24,55,A,86,MLS Database,2026-07-06T15:10:19Z
CREAM-20260706-00215,Ashley Russell,ashley_russell@yahoo.com,(310) 890-8966,eXp Realty,Charlotte,NC,27437,25,49,A,86,Facebook,2026-07-06T11:31:12Z
CREAM-20260706-00216,Joshua Ramos,joshua.ramos@yahoo.com,(646) 985-4128,Coldwell Banker,Sacramento,CA,93186,1,8,A,94,Trade Show,2026-07-06T14:45:35Z
CREAM-20260706-00217,Laura Chavez,laura_chavez@gmail.com,(704) 793-9131,Corcoran Group,Queens,NY,14583,15,45,A,64,Referral Network,2026-07-06T16:57:06Z
CREAM-20260706-00218,Laura Perry,lperry@re/max.com,(303) 262-4877,RE/MAX,Raleigh,NC,27354,3,9,A,91,Cold Outreach,2026-07-06T13:54:46Z
CREAM-20260706-00219,Maria Evans,mevans@briggsfreemansothebys.com,(513) 710-4152,Briggs Freeman Sotheby's,Dallas,TX,75911,23,75,A,80,Realtor.com,2026-07-06T22:46:19Z
CREAM-20260706-00220,Raymond Green,rgreen@yahoo.com,(234) 415-4961,Pacific Sotheby's,San Diego,CA,94690,25,26,A,83,Facebook,2026-07-06T12:26:54Z
CREAM-20260706-00221,Ronald Sanchez,ronalds@berkshirehathaway.com,(404) 364-2655,Berkshire Hathaway,Jacksonville,FL,32167,1,4,A,100,Website Lead,2026-07-06T13:33:40Z
CREAM-20260706-00222,Timothy Kelly,timothykelly@icloud.com,(513) 242-6281,Keller Williams,Cleveland,OH,45382,24,61,A,71,Trade Show,2026-07-06T08:13:06Z
CREAM-20260706-00223,Nancy Jenkins,nancyjenkins@icloud.com,(256) 483-8578,eXp Realty,Tucson,AZ,85834,21,69,A,86,Facebook,2026-07-06T01:57:07Z
CREAM-20260706-00224,Stephen Richardson,stephen.richardson@huntingtonrealestate.com,(786) 465-5474,Huntington Real Estate,Cleveland,OH,44221,22,45,A,88,LinkedIn,2026-07-06T17:41:02Z
CREAM-20260706-00225,Frank Chavez,fchavez@longrealty.com,(310) 984-4574,Long Realty,Phoenix,AZ,85684,15,45,A,80,NAR Directory,2026-07-06T10:00:06Z
CREAM-20260706-00226,Angela Stewart,angela_stewart@gmail.com,(786) 672-9832,Allie Beth Allman,Austin,TX,76235,0,1,A,73,Facebook,2026-07-06T01:28:11Z
CREAM-20260706-00227,Susan Gray,sgray@icloud.com,(404) 648-1923,Sotheby's International,Los Angeles,CA,93710,4,22,A,92,NAR Directory,2026-07-06T15:53:30Z
CREAM-20260706-00228,Ryan Morris,ryan.morris@me.com,(714) 377-8990,Allen Tate,Greensboro,NC,27192,20,37,A,85,Referral Network,2026-07-06T00:09:05Z
CREAM-20260706-00229,Michelle Morris,michelle.morris@kellerwilliamsrealty.com,(919) 899-9069,Keller Williams Realty,Miami,FL,34949,10,36,A,78,NAR Directory,2026-07-06T05:17:48Z
CREAM-20260706-00230,Barbara Rogers,brogers@aol.com,(305) 898-1843,Berkshire Hathaway,Jacksonville,FL,34921,21,56,A,70,Trade Show,2026-07-06T02:11:00Z
CREAM-20260706-00231,Nancy Hill,nancyh@sothebysinternational.com,(334) 202-2937,Sotheby's International,Manhattan,NY,12521,5,14,A,88,Brokerage Listings,2026-07-06T23:42:01Z
CREAM-20260706-00232,Ronald Ward,ronaldw@corcorangroup.com,(334) 659-8542,Corcoran Group,New York City,NY,14601,6,38,A,92,Cold Outreach,2026-07-06T09:48:55Z
CREAM-20260706-00233,Rachel Martinez,rachelm@exprealty.com,(407) 323-6453,eXp Realty,Orlando,FL,32416,4,14,A,65,Trade Show,2026-07-06T18:18:15Z
CREAM-20260706-00234,Carol Cook,carol.cook@yahoo.com,(256) 343-5812,eXp Realty,Miami,FL,33712,15,47,A,94,Website Lead,2026-07-06T19:23:57Z
CREAM-20260706-00235,Jerry Jimenez,jerry.jimenez@yahoo.com,(334) 732-9203,Briggs Freeman Sotheby's,Austin,TX,79704,17,54,A,82,Cold Outreach,2026-07-06T23:55:40Z
CREAM-20260706-00236,Joseph Patel,jpatel@hotmail.com,(469) 991-9388,Douglas Elliman,Jacksonville,FL,34767,8,29,A,78,Cold Outreach,2026-07-06T06:03:48Z
CREAM-20260706-00237,Matthew Martin,mmartin@yahoo.com,(916) 703-6859,Briggs Freeman Sotheby's,Dallas,TX,79782,23,32,A,61,Facebook,2026-07-06T10:31:14Z
CREAM-20260706-00238,Timothy Ward,timothyw@yahoo.com,(469) 824-2218,Berkshire Hathaway,Tucson,AZ,86634,5,9,A,66,Cold Outreach,2026-07-06T22:27:16Z
CREAM-20260706-00239,Brandon Green,brandon.green@briggsfreemansothebys.com,(415) 949-8689,Briggs Freeman Sotheby's,Austin,TX,75564,3,10,A,88,Website Lead,2026-07-06T09:52:17Z
CREAM-20260706-00240,Elizabeth Jimenez,elizabeth_jimenez@hotmail.com,(704) 959-7958,Pacific Sotheby's,San Jose,CA,91203,20,26,A,66,Facebook,2026-07-06T00:35:18Z
CREAM-20260706-00241,Brandon Martin,brandon.martin@coldwellbanker.com,(334) 535-3136,Coldwell Banker,Jacksonville,FL,32382,18,34,A,87,Realtor.com,2026-07-06T18:09:45Z
CREAM-20260706-00242,Donna Turner,dturner@kellerwilliams.com,(805) 380-4371,Keller Williams,Colorado Springs,CO,80256,9,20,A,75,NAR Directory,2026-07-06T23:21:54Z
CREAM-20260706-00243,Benjamin Stewart,benjamins@coldwellbanker.com,(805) 500-7817,Coldwell Banker,Tucson,AZ,86915,24,36,A,93,Facebook,2026-07-06T21:33:13Z
CREAM-20260706-00244,Ronald Ruiz,ronald.ruiz@pacificsothebys.com,(234) 628-2724,Pacific Sotheby's,Sacramento,CA,92342,24,77,A,65,Cold Outreach,2026-07-06T11:53:57Z
CREAM-20260706-00245,William Brooks,william.brooks@yahoo.com,(415) 721-5159,Keller Williams,Raleigh,NC,28740,2,3,A,61,Trade Show,2026-07-06T22:16:24Z
CREAM-20260706-00246,Jonathan Howard,jonathanhoward@gmail.com,(305) 363-1469,Coldwell Banker,Jacksonville,FL,33210,0,5,A,80,LinkedIn,2026-07-06T03:25:08Z
CREAM-20260706-00247,Elizabeth Martin,elizabethm@gmail.com,(718) 608-8494,Coldwell Banker,Aurora,CO,80476,3,25,A,76,Brokerage Listings,2026-07-06T16:32:48Z
CREAM-20260706-00248,Debra Bennett,debra.bennett@outlook.com,(234) 296-4884,eXp Realty,Aurora,CO,81948,1,11,A,94,Facebook,2026-07-06T05:34:52Z
CREAM-20260706-00249,Amy Richardson,arichardson@yahoo.com,(614) 564-4192,Keller Williams,Denver,CO,80260,11,53,A,94,Realtor.com,2026-07-06T03:43:44Z
CREAM-20260706-00250,Emily Chavez,emilyc@gmail.com,(512) 242-9834,Compass,Colorado Springs,CO,80128,17,43,A,63,Facebook,2026-07-06T22:59:19Z
CREAM-20260706-00251,Emily Cooper,emilycooper@yahoo.com,(415) 332-8578,Keller Williams Realty,San Francisco,CA,96248,14,43,A,97,LinkedIn,2026-07-06T21:04:43Z
CREAM-20260706-00252,Patrick Murphy,patrick.murphy@gmail.com,(805) 549-2804,Brown Harris Stevens,Bronx,NY,13347,0,1,A,94,LinkedIn,2026-07-06T11:51:43Z
CREAM-20260706-00253,Steven Cruz,scruz@yahoo.com,(469) 294-6584,Douglas Elliman,Dallas,TX,75454,22,68,A,92,LinkedIn,2026-07-06T12:18:56Z
CREAM-20260706-00254,Daniel Nguyen,daniel_nguyen@outlook.com,(469) 767-7270,eXp Realty,Miami,FL,32448,0,1,A,87,Trade Show,2026-07-06T20:52:03Z
CREAM-20260706-00255,Kenneth Walker,kennethwalker@me.com,(714) 316-9468,Pacific Sotheby's,Oakland,CA,93935,4,19,A,82,NAR Directory,2026-07-06T15:01:27Z
CREAM-20260706-00256,John Alvarez,johnalvarez@gmail.com,(407) 845-7565,Russell Lyon Sotheby's,Scottsdale,AZ,85614,11,75,A,69,Trade Show,2026-07-06T13:44:57Z
CREAM-20260706-00257,Sharon Foster,sfoster@yahoo.com,(704) 970-9981,Berkshire Hathaway HomeServices,Sacramento,CA,93862,25,41,A,82,LinkedIn,2026-07-06T14:19:44Z
CREAM-20260706-00258,Donald Garcia,donaldg@icloud.com,(786) 413-9616,Berkshire Hathaway,Austin,TX,79840,7,18,A,86,Facebook,2026-07-06T04:55:07Z
CREAM-20260706-00259,Charles Thompson,charles_thompson@gmail.com,(713) 419-9606,Keller Williams,Phoenix,AZ,85248,18,80,A,100,Trade Show,2026-07-06T23:30:07Z
CREAM-20260706-00260,Richard Long,richard_long@yahoo.com,(512) 460-1096,Huntington Real Estate,Columbus,OH,43544,22,41,A,81,Referral Network,2026-07-06T21:21:06Z
CREAM-20260706-00261,Jessica Sanders,jsanders@berkshirehathaway.com,(334) 993-1834,Berkshire Hathaway,Charlotte,NC,27111,5,21,A,73,MLS Database,2026-07-06T13:06:37Z
CREAM-20260706-00262,Edward Myers,edwardm@berkshirehathaway.com,(786) 335-2072,Berkshire Hathaway,Mesa,AZ,85885,23,50,A,69,Cold Outreach,2026-07-06T11:06:55Z
CREAM-20260706-00263,William Lewis,williaml@me.com,(214) 484-6354,eXp Realty,Scottsdale,AZ,86717,2,8,A,84,Cold Outreach,2026-07-06T20:35:46Z
CREAM-20260706-00264,Daniel Phillips,daniel_phillips@me.com,(714) 801-6879,RE/MAX,Tucson,AZ,86614,1,12,A,69,MLS Database,2026-07-06T11:13:46Z
CREAM-20260706-00265,Patrick Brooks,patrick_brooks@yahoo.com,(805) 379-4913,Long Realty,Scottsdale,AZ,86807,5,24,A,65,Website Lead,2026-07-06T06:07:14Z
CREAM-20260706-00266,Jacob Cox,jcox@icloud.com,(334) 746-4855,Coldwell Banker,Charlotte,NC,27574,18,53,A,75,Website Lead,2026-07-06T14:51:35Z
CREAM-20260706-00267,Timothy Stewart,tstewart@douglaselliman.com,(919) 617-6907,Douglas Elliman,Houston,TX,77531,8,36,A,86,LinkedIn,2026-07-06T04:36:08Z
CREAM-20260706-00268,Rebecca Ward,rward@corcorangroup.com,(919) 762-6815,Corcoran Group,Bronx,NY,10907,12,36,A,94,MLS Database,2026-07-06T17:47:06Z
CREAM-20260706-00269,George Nguyen,gnguyen@exprealty.com,(704) 351-2383,eXp Realty,Scottsdale,AZ,85228,4,24,A,98,LinkedIn,2026-07-06T20:10:52Z
CREAM-20260706-00270,Ashley Martinez,ashleymartinez@me.com,(916) 691-6114,Coldwell Banker,Los Angeles,CA,95554,13,36,A,71,LinkedIn,2026-07-06T23:40:34Z
CREAM-20260706-00271,Barbara Rivera,barbararivera@hotmail.com,(305) 796-9694,Coldwell Banker,Tucson,AZ,85730,21,37,A,87,Realtor.com,2026-07-06T03:36:14Z
CREAM-20260706-00272,Brian Rodriguez,brianr@icloud.com,(972) 867-3213,Keller Williams,Aurora,CO,80725,5,20,A,87,Brokerage Listings,2026-07-06T14:39:43Z
CREAM-20260706-00273,Nicholas Foster,nicholas_foster@yahoo.com,(972) 743-2178,eXp Realty,Greensboro,NC,27193,18,67,A,65,Website Lead,2026-07-06T17:51:18Z
CREAM-20260706-00274,Joseph Anderson,janderson@kellerwilliams.com,(334) 302-9205,Keller Williams,Scottsdale,AZ,86590,11,66,A,86,Trade Show,2026-07-06T20:26:31Z
CREAM-20260706-00275,David Anderson,davida@aol.com,(602) 400-6930,LIV Sotheby's,Denver,CO,80160,2,6,A,75,Realtor.com,2026-07-06T21:59:29Z
CREAM-20260706-00276,Jessica Scott,jessicas@yahoo.com,(916) 314-2345,Douglas Elliman,Miami,FL,34748,17,47,A,96,LinkedIn,2026-07-06T21:13:47Z
CREAM-20260706-00277,Carol Chavez,carolc@alliebethallman.com,(919) 383-4787,Allie Beth Allman,Austin,TX,75732,2,10,A,81,Trade Show,2026-07-06T00:55:49Z
CREAM-20260706-00278,Ryan Harris,ryan_harris@me.com,(602) 208-3476,Keller Williams Realty,San Francisco,CA,92572,2,4,A,94,MLS Database,2026-07-06T11:07:09Z
CREAM-20260706-00279,Laura Ortiz,lauraortiz@me.com,(916) 412-9378,Berkshire Hathaway,Scottsdale,AZ,85840,11,46,A,62,Website Lead,2026-07-06T11:35:01Z
CREAM-20260706-00280,Kathleen Jenkins,kjenkins@douglaselliman.com,(512) 461-1936,Douglas Elliman,Austin,TX,78672,2,7,A,88,Facebook,2026-07-06T11:50:53Z
CREAM-20260706-00281,Debra Adams,debraadams@me.com,(713) 281-2793,Compass,Manhattan,NY,12121,8,30,A,63,Website Lead,2026-07-06T17:47:00Z
CREAM-20260706-00282,Mark Hughes,mhughes@briggsfreemansothebys.com,(310) 324-5587,Briggs Freeman Sotheby's,Houston,TX,79988,17,64,A,94,Trade Show,2026-07-06T14:11:32Z
CREAM-20260706-00283,Deborah Watson,deborahw@gmail.com,(602) 796-8109,eXp Realty,San Jose,CA,93564,1,4,A,95,LinkedIn,2026-07-06T18:06:22Z
CREAM-20260706-00284,Shirley Murphy,shirley.murphy@yahoo.com,(980) 891-5565,RE/MAX,Colorado Springs,CO,81106,10,44,A,84,Referral Network,2026-07-06T14:43:56Z
CREAM-20260706-00285,Melissa Torres,melissat@kellerwilliams.com,(404) 621-7157,Keller Williams,Mesa,AZ,85314,1,7,A,60,Facebook,2026-07-06T15:52:16Z
CREAM-20260706-00286,Jennifer Bailey,jennifer_bailey@gmail.com,(805) 639-9324,Howard Hanna,Charlotte,NC,28254,12,61,A,93,LinkedIn,2026-07-06T00:58:13Z
CREAM-20260706-00287,Christine Adams,christinea@aol.com,(404) 877-1265,Sotheby's International,San Diego,CA,90869,2,6,A,91,NAR Directory,2026-07-06T02:07:31Z
CREAM-20260706-00288,Richard Mitchell,richardmitchell@me.com,(512) 725-9101,Allen Tate,Charlotte,NC,27683,11,71,A,92,LinkedIn,2026-07-06T07:40:33Z
CREAM-20260706-00289,James Gonzalez,james.gonzalez@kellerwilliamsrealty.com,(916) 447-6580,Keller Williams Realty,Jacksonville,FL,33582,2,4,A,88,Referral Network,2026-07-06T14:58:06Z
CREAM-20260706-00290,Helen Ward,helen_ward@me.com,(404) 477-9674,Keller Williams Realty,San Jose,CA,96853,3,17,A,78,LinkedIn,2026-07-06T23:27:21Z
CREAM-20260706-00291,Kevin Price,kprice@berkshirehathaway.com,(513) 254-5698,Berkshire Hathaway,Columbus,OH,44104,1,10,A,85,MLS Database,2026-07-06T12:47:27Z
CREAM-20260706-00292,Carol Rogers,carolrogers@hotmail.com,(303) 229-6726,eXp Realty,Austin,TX,78355,17,71,A,79,NAR Directory,2026-07-06T17:22:41Z
CREAM-20260706-00293,Janet Nguyen,janetnguyen@gmail.com,(310) 564-3807,Keller Williams,Mesa,AZ,86868,15,66,A,62,Realtor.com,2026-07-06T09:26:37Z
CREAM-20260706-00294,Diane Nguyen,diane_nguyen@outlook.com,(713) 986-6692,Compass,Brooklyn,NY,13310,16,42,A,82,NAR Directory,2026-07-06T23:12:38Z
CREAM-20260706-00295,Andrew Perry,aperry@re/max.com,(704) 730-6622,RE/MAX,Austin,TX,75921,12,33,A,97,Cold Outreach,2026-07-06T04:52:37Z
CREAM-20260706-00296,Andrew Martin,andrew_martin@yahoo.com,(469) 995-4031,Coldwell Banker,Cincinnati,OH,43921,3,15,A,85,NAR Directory,2026-07-06T02:58:36Z
CREAM-20260706-00297,Pamela Martin,pamela_martin@icloud.com,(234) 245-2820,Berkshire Hathaway,Columbus,OH,43586,3,20,A,72,Website Lead,2026-07-06T11:37:35Z
CREAM-20260706-00298,George Smith,georges@icloud.com,(513) 664-1134,RE/MAX,Cleveland,OH,43405,2,9,A,78,Referral Network,2026-07-06T04:08:49Z
CREAM-20260706-00299,Helen Phillips,hphillips@hotmail.com,(305) 706-3155,Brown Harris Stevens,Bronx,NY,13992,8,31,A,61,MLS Database,2026-07-06T10:34:52Z
CREAM-20260706-00300,Amy Allen,amy_allen@hotmail.com,(513) 763-1233,Halstead,Queens,NY,10798,5,16,A,81,Facebook,2026-07-06T19:44:45Z
CREAM-20260706-00301,Betty Reed,betty_reed@aol.com,(310) 509-6508,Compass,Bronx,NY,10134,18,31,A,83,Cold Outreach,2026-07-06T20:04:23Z
CREAM-20260706-00302,Diane Lewis,diane.lewis@coldwellbanker.com,(919) 467-8779,Coldwell Banker,Colorado Springs,CO,81308,1,6,A,87,MLS Database,2026-07-06T19:53:24Z
CREAM-20260706-00303,Kevin Ruiz,kevin_ruiz@me.com,(646) 845-6226,RE/MAX,Raleigh,NC,27377,1,7,A,72,Realtor.com,2026-07-06T08:31:19Z
CREAM-20260706-00304,Amy Jones,amy.jones@hotmail.com,(704) 923-7164,Compass,Greensboro,NC,27506,9,28,A,86,LinkedIn,2026-07-06T17:15:42Z
CREAM-20260706-00305,Daniel Jimenez,danielj@yahoo.com,(310) 976-3558,Keller Williams,Brooklyn,NY,12459,19,63,A,60,Cold Outreach,2026-07-06T21:33:30Z
CREAM-20260706-00306,Timothy King,tking@aol.com,(513) 361-8032,eXp Realty,Columbus,OH,45236,0,1,A,64,LinkedIn,2026-07-06T18:24:32Z
CREAM-20260706-00307,Carolyn Martinez,carolyn.martinez@me.com,(212) 842-5415,Keller Williams,Greensboro,NC,28838,9,21,A,69,Cold Outreach,2026-07-06T11:41:23Z
CREAM-20260706-00308,Donald Perry,donaldperry@icloud.com,(469) 961-7585,Nest Seekers,Brooklyn,NY,12820,13,38,A,90,Realtor.com,2026-07-06T14:03:48Z
CREAM-20260706-00309,Jacob Cox,jacob.cox@gmail.com,(614) 829-3264,Compass,Denver,CO,80887,0,2,A,68,Trade Show,2026-07-06T19:30:58Z
CREAM-20260706-00310,Kenneth Cook,kennethc@me.com,(720) 490-5397,Compass,Aurora,CO,80886,5,21,A,61,Facebook,2026-07-06T10:07:42Z
CREAM-20260706-00311,Gregory Hill,ghill@re/max.com,(646) 725-5433,RE/MAX,Columbus,OH,43953,9,38,A,96,Realtor.com,2026-07-06T19:58:17Z
CREAM-20260706-00312,Mark Torres,mtorres@me.com,(786) 603-2846,Coldwell Banker,Oakland,CA,95891,5,11,A,88,Cold Outreach,2026-07-06T16:16:26Z
CREAM-20260706-00313,Anthony Miller,amiller@coldwellbanker.com,(919) 285-9340,Coldwell Banker,San Antonio,TX,77670,7,33,A,68,Cold Outreach,2026-07-06T14:46:35Z
CREAM-20260706-00314,Emma Phillips,emma.phillips@aol.com,(415) 262-5700,Douglas Elliman,San Antonio,TX,75911,5,22,A,94,Website Lead,2026-07-06T17:48:37Z
CREAM-20260706-00315,Steven Walker,stevenwalker@yahoo.com,(614) 831-6856,eXp Realty,San Francisco,CA,93277,19,27,A,89,MLS Database,2026-07-06T08:31:27Z
CREAM-20260706-00316,Rebecca Gonzalez,rebeccagonzalez@gmail.com,(415) 912-2727,HomeSmart,Phoenix,AZ,86349,2,10,A,86,LinkedIn,2026-07-06T01:22:40Z
CREAM-20260706-00317,Edward Ward,edwardw@coldwellbanker.com,(303) 655-5267,Coldwell Banker,Tampa,FL,33177,3,10,A,71,Cold Outreach,2026-07-06T04:57:49Z
CREAM-20260706-00318,Ruth Brown,ruthbrown@gmail.com,(407) 907-8513,eXp Realty,Houston,TX,77946,23,74,A,81,Brokerage Listings,2026-07-06T12:17:45Z
CREAM-20260706-00319,Donna Gutierrez,dgutierrez@pacificsothebys.com,(256) 717-7572,Pacific Sotheby's,Oakland,CA,95864,19,77,A,69,Trade Show,2026-07-06T01:09:29Z
CREAM-20260706-00320,Laura Garcia,laura.garcia@berkshirehathaway.com,(916) 278-3351,Berkshire Hathaway,Columbus,OH,43631,18,38,A,65,MLS Database,2026-07-06T18:27:06Z
CREAM-20260706-00321,Jason Cox,jason_cox@me.com,(513) 865-9329,Berkshire Hathaway,Fort Worth,TX,76222,23,29,A,68,Brokerage Listings,2026-07-06T07:03:10Z
CREAM-20260706-00322,Sarah Bennett,sarah.bennett@gmail.com,(972) 643-6995,RE/MAX,Aurora,CO,80465,6,24,A,93,MLS Database,2026-07-06T02:38:16Z
CREAM-20260706-00323,Christopher Cook,christopherc@exprealty.com,(469) 577-3193,eXp Realty,Fort Worth,TX,79143,3,8,A,88,Brokerage Listings,2026-07-06T14:26:02Z
CREAM-20260706-00324,Michelle Cook,mcook@gmail.com,(805) 358-3171,eXp Realty,Scottsdale,AZ,86905,10,76,A,72,MLS Database,2026-07-06T19:12:27Z
CREAM-20260706-00325,John Patel,johnp@berkshirehathaway.com,(972) 911-7725,Berkshire Hathaway,Phoenix,AZ,86169,0,5,A,78,Facebook,2026-07-06T02:45:20Z
CREAM-20260706-00326,Sandra Bailey,sandra.bailey@yahoo.com,(415) 498-5935,Coldwell Banker,Phoenix,AZ,85936,1,5,A,79,Facebook,2026-07-06T00:34:28Z
CREAM-20260706-00327,James Flores,jamesflores@yahoo.com,(407) 579-1972,Coldwell Banker,Phoenix,AZ,85322,4,9,A,92,Brokerage Listings,2026-07-06T16:22:32Z
CREAM-20260706-00328,John Lee,johnl@outlook.com,(720) 739-6832,Brown Harris Stevens,Manhattan,NY,14169,3,8,A,95,Referral Network,2026-07-06T18:02:44Z
CREAM-20260706-00329,Stephen Campbell,stephenc@exprealty.com,(720) 875-1970,eXp Realty,Cleveland,OH,43488,0,4,A,61,Cold Outreach,2026-07-06T09:30:31Z
CREAM-20260706-00330,Benjamin Moore,benjaminm@douglaselliman.com,(786) 820-7100,Douglas Elliman,Jacksonville,FL,34815,16,43,A,73,Brokerage Listings,2026-07-06T15:50:59Z
CREAM-20260706-00331,Catherine Alvarez,catherine.alvarez@re/max.com,(212) 438-1660,RE/MAX,Columbus,OH,45720,1,7,A,63,LinkedIn,2026-07-06T18:47:33Z
CREAM-20260706-00332,Cynthia Morales,cynthia.morales@berkshirehathaway.com,(916) 380-2257,Berkshire Hathaway,Fort Lauderdale,FL,34887,3,24,A,79,Realtor.com,2026-07-06T08:29:17Z
CREAM-20260706-00333,Timothy Morales,tmorales@yahoo.com,(404) 365-3914,HER Realtors,Cincinnati,OH,44180,9,30,A,90,NAR Directory,2026-07-06T12:49:16Z
CREAM-20260706-00334,Mary Morgan,marymorgan@gmail.com,(972) 852-3330,Keller Williams,Cincinnati,OH,43502,10,52,A,81,Cold Outreach,2026-07-06T21:40:03Z
CREAM-20260706-00335,Angela Nguyen,anguyen@gmail.com,(919) 852-5059,eXp Realty,Fort Lauderdale,FL,32561,4,10,A,71,Trade Show,2026-07-06T01:14:46Z
CREAM-20260706-00336,Samantha Rivera,samantha.rivera@kellerwilliams.com,(916) 425-1650,Keller Williams,Cincinnati,OH,43140,25,48,A,100,Realtor.com,2026-07-06T15:25:13Z
CREAM-20260706-00337,Brandon Brooks,brandon.brooks@huntingtonrealestate.com,(916) 615-7963,Huntington Real Estate,Cleveland,OH,43684,9,30,A,65,Referral Network,2026-07-06T12:31:38Z
CREAM-20260706-00338,Ruth Lewis,ruth.lewis@aol.com,(972) 441-6635,Keller Williams,New York City,NY,14705,5,23,A,71,LinkedIn,2026-07-06T08:09:06Z
CREAM-20260706-00339,Ruth Morgan,ruthm@aol.com,(310) 852-8920,HomeSmart,Scottsdale,AZ,86661,18,32,A,87,Cold Outreach,2026-07-06T22:33:19Z
CREAM-20260706-00340,Dennis Jackson,dennisj@hotmail.com,(512) 910-4661,Keller Williams,Denver,CO,80567,4,8,A,69,Cold Outreach,2026-07-06T06:52:21Z
CREAM-20260706-00341,Alexander Hughes,ahughes@re/max.com,(212) 973-8668,RE/MAX,El Paso,TX,78663,1,6,A,89,Website Lead,2026-07-06T23:22:01Z
CREAM-20260706-00342,Frank Thompson,frank.thompson@gmail.com,(614) 386-5092,Keller Williams,Fort Worth,TX,77438,5,20,A,96,Brokerage Listings,2026-07-06T17:41:32Z
CREAM-20260706-00343,Alexander Howard,alexanderhoward@yahoo.com,(512) 295-2012,Keller Williams,Phoenix,AZ,86829,23,36,A,72,Facebook,2026-07-06T23:18:28Z
CREAM-20260706-00344,Patricia Perry,patriciap@exprealty.com,(512) 602-6349,eXp Realty,Miami,FL,34920,2,11,A,95,Cold Outreach,2026-07-06T04:55:56Z
CREAM-20260706-00345,Sandra Hill,sandra.hill@gmail.com,(919) 861-8920,Compass,Long Beach,CA,92929,0,1,A,77,Trade Show,2026-07-06T09:52:37Z
CREAM-20260706-00346,Ruth Ramos,ruth_ramos@icloud.com,(310) 620-1352,Berkshire Hathaway,Aurora,CO,81971,15,44,A,64,Cold Outreach,2026-07-06T01:35:05Z
CREAM-20260706-00347,Jack Bailey,jbailey@coldwellbanker.com,(310) 828-4214,Coldwell Banker,Long Beach,CA,92990,23,55,A,70,MLS Database,2026-07-06T19:08:42Z
CREAM-20260706-00348,Heather Cox,heathercox@icloud.com,(718) 330-8193,Russell Lyon Sotheby's,Tucson,AZ,85936,2,3,A,66,Realtor.com,2026-07-06T18:23:40Z
CREAM-20260706-00349,Rebecca Hughes,rebecca.hughes@re/max.com,(234) 429-7459,RE/MAX,Columbus,OH,44653,15,53,A,69,MLS Database,2026-07-06T02:53:02Z
CREAM-20260706-00350,Patrick Alvarez,palvarez@exprealty.com,(720) 880-3238,eXp Realty,Orlando,FL,34153,1,10,A,86,Trade Show,2026-07-06T21:29:08Z
CREAM-20260706-00351,Kenneth Price,kenneth.price@aol.com,(212) 627-2195,Howard Hanna,Raleigh,NC,28826,2,6,A,61,MLS Database,2026-07-06T14:43:55Z
CREAM-20260706-00352,Jerry Morgan,jerrym@outlook.com,(972) 341-5583,Berkshire Hathaway,Miami,FL,32124,8,19,A,100,Trade Show,2026-07-06T16:34:45Z
CREAM-20260706-00353,Timothy Gray,timothy.gray@icloud.com,(919) 748-7497,Nest Seekers,Bronx,NY,12286,5,16,A,61,NAR Directory,2026-07-06T21:41:18Z
CREAM-20260706-00354,Sandra Turner,sandraturner@yahoo.com,(720) 224-9769,Keller Williams,Queens,NY,13752,2,5,A,80,Trade Show,2026-07-06T20:51:14Z
CREAM-20260706-00355,Ashley Ross,ashley.ross@hotmail.com,(980) 500-5763,Berkshire Hathaway,Scottsdale,AZ,86622,17,28,A,76,Facebook,2026-07-06T16:01:53Z
CREAM-20260706-00356,Edward White,ewhite@outlook.com,(513) 806-1380,Nest Seekers,Bronx,NY,10723,18,53,A,85,LinkedIn,2026-07-06T01:02:22Z
CREAM-20260706-00357,Ashley Kim,ashleyk@douglaselliman.com,(334) 720-7252,Douglas Elliman,Dallas,TX,76374,6,25,A,98,NAR Directory,2026-07-06T21:24:02Z
CREAM-20260706-00358,Brandon Thomas,brandon.thomas@nestseekers.com,(310) 611-8613,Nest Seekers,Staten Island,NY,11761,0,4,A,80,MLS Database,2026-07-06T05:15:04Z
CREAM-20260706-00359,Justin Rogers,justinr@coldwellbanker.com,(212) 221-3067,Coldwell Banker,Long Beach,CA,90840,23,42,A,98,LinkedIn,2026-07-06T02:52:46Z
CREAM-20260706-00360,Jeffrey Taylor,jeffrey_taylor@hotmail.com,(704) 874-5083,8z Real Estate,Colorado Springs,CO,80731,1,8,A,70,Brokerage Listings,2026-07-06T16:42:54Z
CREAM-20260706-00361,Joshua Taylor,joshuat@kellerwilliamsrealty.com,(512) 487-1907,Keller Williams Realty,Long Beach,CA,93787,1,8,A,98,MLS Database,2026-07-06T23:06:11Z
CREAM-20260706-00362,Debra Gutierrez,debra.gutierrez@kellerwilliams.com,(646) 463-6480,Keller Williams,Mesa,AZ,85252,21,29,A,93,Brokerage Listings,2026-07-06T18:22:21Z
CREAM-20260706-00363,Laura Gomez,laura_gomez@yahoo.com,(713) 736-1821,Long Realty,Scottsdale,AZ,85995,4,17,A,99,Realtor.com,2026-07-06T05:45:17Z
CREAM-20260706-00364,Susan Allen,sallen@kellerwilliams.com,(305) 713-8967,Keller Williams,Greensboro,NC,27653,16,34,A,73,Cold Outreach,2026-07-06T10:41:36Z
CREAM-20260706-00365,John Johnson,jjohnson@icloud.com,(407) 796-2940,Keller Williams,Columbus,OH,43162,22,25,A,67,Website Lead,2026-07-06T08:28:04Z
CREAM-20260706-00366,Anna Bennett,annab@sothebysinternational.com,(407) 608-7903,Sotheby's International,Brooklyn,NY,12531,25,68,A,87,Website Lead,2026-07-06T16:51:30Z
CREAM-20260706-00367,Jack Patel,jackp@me.com,(303) 919-8212,Allen Tate,Raleigh,NC,27299,3,14,A,60,Referral Network,2026-07-06T08:54:21Z
CREAM-20260706-00368,Edward Adams,edwardadams@icloud.com,(919) 716-9628,Coldwell Banker,Tampa,FL,34882,0,1,A,79,Trade Show,2026-07-06T20:38:57Z
CREAM-20260706-00369,Melissa Nguyen,melissan@aol.com,(512) 535-4616,Berkshire Hathaway,Tucson,AZ,86460,1,7,A,99,Trade Show,2026-07-06T21:16:53Z
CREAM-20260706-00370,Anna Cox,acox@kellerwilliams.com,(212) 635-4138,Keller Williams,Brooklyn,NY,14391,1,11,A,86,Cold Outreach,2026-07-06T22:54:57Z
CREAM-20260706-00371,Aaron Bennett,aaronbennett@yahoo.com,(407) 951-2857,RE/MAX,Oakland,CA,94973,4,10,A,68,Cold Outreach,2026-07-06T19:47:49Z
CREAM-20260706-00372,Sandra Lopez,sandral@re/max.com,(916) 919-4323,RE/MAX,Columbus,OH,45963,0,5,A,65,NAR Directory,2026-07-06T12:49:23Z
CREAM-20260706-00373,Sharon Williams,sharonwilliams@yahoo.com,(512) 824-2448,Coldwell Banker,San Antonio,TX,79718,11,30,A,88,Facebook,2026-07-06T22:23:02Z
CREAM-20260706-00374,Thomas Garcia,thomasg@yahoo.com,(469) 907-2785,RE/MAX,Oakland,CA,96315,5,13,A,77,Realtor.com,2026-07-06T08:48:08Z
CREAM-20260706-00375,Jeffrey Clark,jclark@allentate.com,(212) 471-1087,Allen Tate,Greensboro,NC,27496,7,16,A,95,Referral Network,2026-07-06T13:52:10Z
CREAM-20260706-00376,Andrew Anderson,andrewa@re/max.com,(718) 448-8601,RE/MAX,Raleigh,NC,28648,11,72,A,96,Brokerage Listings,2026-07-06T00:10:41Z
CREAM-20260706-00377,Justin Smith,justins@me.com,(786) 789-6379,Berkshire Hathaway,San Antonio,TX,76402,3,22,A,92,MLS Database,2026-07-06T20:45:52Z
CREAM-20260706-00378,Nancy Price,nancyprice@aol.com,(469) 595-7531,Compass,Staten Island,NY,14320,3,11,A,78,MLS Database,2026-07-06T00:33:33Z
CREAM-20260706-00379,Jonathan Brown,jonathan_brown@outlook.com,(513) 981-8161,Compass,Charlotte,NC,28322,11,50,A,81,Website Lead,2026-07-06T03:09:13Z
CREAM-20260706-00380,Eric Harris,eric_harris@gmail.com,(415) 796-7885,Coldwell Banker,Charlotte,NC,28709,5,16,A,82,Facebook,2026-07-06T08:14:37Z
CREAM-20260706-00381,Margaret Campbell,margaret.campbell@aol.com,(469) 383-8657,Coldwell Banker,Miami,FL,32809,0,2,A,91,Website Lead,2026-07-06T18:01:54Z
CREAM-20260706-00382,Barbara Robinson,barbara_robinson@aol.com,(714) 921-1275,RE/MAX,Cincinnati,OH,45259,3,11,A,97,Referral Network,2026-07-06T23:08:09Z
CREAM-20260706-00383,Gregory Hughes,gregory.hughes@halstead.com,(212) 870-9047,Halstead,Queens,NY,11972,22,52,A,76,Referral Network,2026-07-06T00:15:22Z
CREAM-20260706-00384,Gregory Bennett,gregorybennett@me.com,(614) 488-8755,eXp Realty,Phoenix,AZ,86922,13,27,A,99,NAR Directory,2026-07-06T02:25:19Z
CREAM-20260706-00385,Christopher Richardson,christopher.richardson@gmail.com,(310) 284-5007,Coldwell Banker,Charlotte,NC,27744,12,65,A,75,Realtor.com,2026-07-06T11:00:49Z
CREAM-20260706-00386,Kathleen Hill,kathleenh@aol.com,(407) 876-9681,Halstead,Manhattan,NY,11503,21,40,A,75,MLS Database,2026-07-06T19:13:51Z
CREAM-20260706-00387,James Perry,jamesperry@gmail.com,(512) 799-5560,Brown Harris Stevens,New York City,NY,10462,1,8,A,90,MLS Database,2026-07-06T21:55:30Z
CREAM-20260706-00388,Joseph Morales,josephm@outlook.com,(919) 786-2431,Briggs Freeman Sotheby's,Dallas,TX,78882,3,21,A,96,Facebook,2026-07-06T00:34:52Z
CREAM-20260706-00389,Raymond Gutierrez,raymondgutierrez@me.com,(614) 711-8640,Cutler Real Estate,Columbus,OH,44739,13,57,A,86,LinkedIn,2026-07-06T14:23:36Z
CREAM-20260706-00390,Elizabeth Williams,elizabeth.williams@hotmail.com,(512) 458-3615,Compass,Colorado Springs,CO,81400,23,43,A,77,Cold Outreach,2026-07-06T09:12:38Z
CREAM-20260706-00391,Michael Ward,michael.ward@gmail.com,(720) 681-2955,Keller Williams Realty,Oakland,CA,92973,2,3,A,82,Trade Show,2026-07-06T00:13:52Z
CREAM-20260706-00392,Catherine Martinez,catherine.martinez@allentate.com,(786) 545-4127,Allen Tate,Greensboro,NC,28501,2,4,A,74,Cold Outreach,2026-07-06T19:08:28Z
CREAM-20260706-00393,Charles Castillo,charles_castillo@gmail.com,(919) 547-6736,HomeSmart,Tucson,AZ,86284,10,69,A,61,Facebook,2026-07-06T10:48:21Z
CREAM-20260706-00394,Rachel Castillo,rachel.castillo@me.com,(256) 961-6942,Howard Hanna,Greensboro,NC,27504,14,29,A,99,Website Lead,2026-07-06T21:55:14Z
CREAM-20260706-00395,Patrick Jackson,patrickjackson@aol.com,(305) 452-8581,Huntington Real Estate,Cleveland,OH,45811,3,21,A,91,Brokerage Listings,2026-07-06T22:52:06Z
CREAM-20260706-00396,Cynthia Lee,cynthial@me.com,(234) 665-5025,Briggs Freeman Sotheby's,San Antonio,TX,77551,11,62,A,66,Realtor.com,2026-07-06T19:31:20Z
CREAM-20260706-00397,Shirley Turner,sturner@yahoo.com,(718) 887-5456,Keller Williams,Austin,TX,77997,9,21,A,81,Realtor.com,2026-07-06T21:38:29Z
CREAM-20260706-00398,Jessica Gomez,jgomez@outlook.com,(305) 819-3332,Keller Williams Realty,San Jose,CA,95918,0,4,A,73,NAR Directory,2026-07-06T04:21:20Z
CREAM-20260706-00399,Edward Kelly,edwardk@yahoo.com,(513) 306-4328,Coldwell Banker,Charlotte,NC,27371,23,50,A,98,Facebook,2026-07-06T10:29:57Z
CREAM-20260706-00400,Larry Clark,larryc@icloud.com,(714) 999-1651,Allie Beth Allman,Fort Worth,TX,77866,3,24,A,87,Brokerage Listings,2026-07-06T22:15:43Z
CREAM-20260706-00401,Andrew Thomas,andrew_thomas@outlook.com,(972) 360-5943,eXp Realty,Gilbert,AZ,86816,9,36,B,68,Brokerage Listings,2026-07-06T07:41:50Z
CREAM-20260706-00402,Anna Phillips,aphillips@yahoo.com,(212) 384-8764,RE/MAX,Anaheim,CA,95907,0,5,B,90,Realtor.com,2026-07-06T19:25:51Z
CREAM-20260706-00403,Stephanie Mendoza,stephaniem@huntingtonrealestate.com,(303) 860-5728,Huntington Real Estate,Parma,OH,45686,25,61,B,65,Realtor.com,2026-07-06T15:01:58Z
CREAM-20260706-00404,Jessica Thompson,jthompson@aol.com,(469) 943-8889,Coldwell Banker,Lakewood,CO,81806,25,41,B,66,MLS Database,2026-07-06T06:48:03Z
CREAM-20260706-00405,Linda Wilson,lindawilson@me.com,(704) 864-8016,Brown Harris Stevens,Rochester,NY,13159,3,9,B,86,LinkedIn,2026-07-06T03:32:11Z
CREAM-20260706-00406,Lisa Bennett,lisab@kellerwilliams.com,(916) 264-3171,Keller Williams,Durham,NC,27154,9,18,B,88,Cold Outreach,2026-07-06T11:36:38Z
CREAM-20260706-00407,Christine Brown,christineb@aol.com,(310) 367-2205,Berkshire Hathaway HomeServices,Bakersfield,CA,96887,4,23,B,94,Brokerage Listings,2026-07-06T10:23:50Z
CREAM-20260706-00408,Raymond Kelly,raymond.kelly@yahoo.com,(469) 570-6993,HER Realtors,Parma,OH,44369,12,47,B,90,Website Lead,2026-07-06T12:54:28Z
CREAM-20260706-00409,Justin Cooper,jcooper@kellerwilliams.com,(415) 883-8078,Keller Williams,Akron,OH,45682,8,37,B,92,Facebook,2026-07-06T03:29:26Z
CREAM-20260706-00410,Joshua Robinson,joshua.robinson@aol.com,(720) 857-1664,RE/MAX,Hialeah,FL,34196,5,20,B,76,Trade Show,2026-07-06T20:39:18Z
CREAM-20260706-00411,Diane Gomez,diane.gomez@outlook.com,(310) 274-5327,RE/MAX,Lakewood,CO,80107,2,10,B,60,MLS Database,2026-07-06T13:31:48Z
CREAM-20260706-00412,Jeffrey Gutierrez,jeffrey.gutierrez@kellerwilliamsrealty.com,(404) 341-9871,Keller Williams Realty,Port St. Lucie,FL,33507,2,12,B,88,Cold Outreach,2026-07-06T17:09:59Z
CREAM-20260706-00413,George Hall,georgeh@outlook.com,(704) 373-7254,Cutler Real Estate,Akron,OH,45966,3,11,B,76,NAR Directory,2026-07-06T23:03:30Z
CREAM-20260706-00414,Daniel James,daniel.james@yahoo.com,(704) 481-1160,Nest Seekers,Rochester,NY,13696,25,42,B,91,MLS Database,2026-07-06T05:44:43Z
CREAM-20260706-00415,Stephanie Thompson,stephaniet@aol.com,(714) 315-9967,Coldwell Banker,Chandler,AZ,85505,25,32,B,82,Cold Outreach,2026-07-06T18:12:40Z
CREAM-20260706-00416,John Price,jprice@gmail.com,(646) 312-1622,Coldwell Banker,Arlington,TX,79680,9,33,B,60,MLS Database,2026-07-06T18:17:10Z
CREAM-20260706-00417,Shirley Ramirez,shirleyr@aol.com,(415) 302-2799,Berkshire Hathaway,Irving,TX,77169,23,70,B,94,Realtor.com,2026-07-06T03:39:52Z
CREAM-20260706-00418,Jason Thomas,jasont@me.com,(786) 820-2712,Berkshire Hathaway,Durham,NC,27967,23,31,B,67,Website Lead,2026-07-06T07:59:53Z
CREAM-20260706-00419,Christine Hall,chall@halstead.com,(919) 594-4498,Halstead,Syracuse,NY,11109,1,4,B,80,Trade Show,2026-07-06T06:37:57Z
CREAM-20260706-00420,Angela Lee,angela.lee@hotmail.com,(234) 331-1864,Keller Williams,Chandler,AZ,85365,4,20,B,73,Cold Outreach,2026-07-06T22:01:21Z
CREAM-20260706-00421,Susan Ward,susanw@herrealtors.com,(303) 929-6441,HER Realtors,Dayton,OH,43119,20,71,B,61,Referral Network,2026-07-06T05:49:57Z
CREAM-20260706-00422,Shirley Walker,shirleyw@kellerwilliams.com,(303) 449-3358,Keller Williams,Fort Collins,CO,80171,2,7,B,72,LinkedIn,2026-07-06T01:23:18Z
CREAM-20260706-00423,Rebecca Perry,rebeccaperry@aol.com,(407) 492-5122,Brown Harris Stevens,Yonkers,NY,12765,5,23,B,83,Cold Outreach,2026-07-06T23:31:47Z
CREAM-20260706-00424,Elizabeth Edwards,eedwards@halstead.com,(786) 539-7091,Halstead,Albany,NY,14595,10,72,B,60,NAR Directory,2026-07-06T14:41:46Z
CREAM-20260706-00425,Dennis Williams,dwilliams@me.com,(718) 988-1364,Berkshire Hathaway,Parma,OH,43354,1,6,B,84,Facebook,2026-07-06T01:50:56Z
CREAM-20260706-00426,Cynthia Hernandez,cynthia_hernandez@yahoo.com,(334) 396-8900,eXp Realty,Cary,NC,28484,25,64,B,76,Cold Outreach,2026-07-06T22:55:35Z
CREAM-20260706-00427,Richard Rogers,rrogers@outlook.com,(512) 960-2772,Berkshire Hathaway,Toledo,OH,43754,3,16,B,78,Realtor.com,2026-07-06T01:07:56Z
CREAM-20260706-00428,Dorothy Bailey,dorothy.bailey@gmail.com,(805) 258-7444,Keller Williams Realty,Port St. Lucie,FL,33497,0,3,B,69,Facebook,2026-07-06T18:54:33Z
CREAM-20260706-00429,Kathleen Wood,kwood@aol.com,(334) 981-9233,RE/MAX,Akron,OH,44592,10,35,B,60,NAR Directory,2026-07-06T12:13:56Z
CREAM-20260706-00430,Debra Adams,debra_adams@gmail.com,(972) 920-6305,Howard Hanna,Durham,NC,28876,14,47,B,91,Trade Show,2026-07-06T13:36:26Z
CREAM-20260706-00431,Carolyn Green,cgreen@cutlerrealestate.com,(980) 263-7053,Cutler Real Estate,Dayton,OH,43157,5,15,B,91,NAR Directory,2026-07-06T21:34:30Z
CREAM-20260706-00432,Jennifer Carter,jcarter@coldwellbanker.com,(407) 757-9324,Coldwell Banker,Fayetteville,NC,27278,6,27,B,89,Trade Show,2026-07-06T18:49:47Z
CREAM-20260706-00433,Catherine Williams,catherinewilliams@hotmail.com,(704) 664-2513,Briggs Freeman Sotheby's,Amarillo,TX,78303,3,16,B,94,Realtor.com,2026-07-06T16:16:14Z
CREAM-20260706-00434,Brenda Roberts,brendar@outlook.com,(512) 565-1151,8z Real Estate,Lakewood,CO,80545,1,8,B,63,NAR Directory,2026-07-06T08:20:39Z
CREAM-20260706-00435,Patricia Morris,patricia_morris@icloud.com,(646) 336-2713,Douglas Elliman,Hialeah,FL,32157,7,34,B,82,Cold Outreach,2026-07-06T00:00:57Z
CREAM-20260706-00436,Heather Powell,heatherpowell@hotmail.com,(404) 336-1751,Corcoran Group,New Rochelle,NY,12217,6,29,B,97,LinkedIn,2026-07-06T09:09:14Z
CREAM-20260706-00437,Anthony Morris,amorris@gmail.com,(704) 240-1927,Cutler Real Estate,Toledo,OH,45310,4,10,B,84,Realtor.com,2026-07-06T03:11:07Z
CREAM-20260706-00438,Shirley Torres,storres@icloud.com,(310) 231-1417,RE/MAX,Hollywood,FL,34164,1,12,B,97,Referral Network,2026-07-06T02:27:49Z
CREAM-20260706-00439,Patricia Lee,plee@sothebysinternational.com,(929) 284-4585,Sotheby's International,Yonkers,NY,11123,3,11,B,94,NAR Directory,2026-07-06T12:15:08Z
CREAM-20260706-00440,Christine Gonzalez,christinegonzalez@gmail.com,(310) 460-6491,Coldwell Banker,Chula Vista,CA,90428,1,12,B,64,Brokerage Listings,2026-07-06T06:50:28Z
CREAM-20260706-00441,Diane Castillo,dianec@aol.com,(718) 333-2937,Huntington Real Estate,Toledo,OH,44605,25,53,B,79,NAR Directory,2026-07-06T05:34:32Z
CREAM-20260706-00442,Paul Garcia,pgarcia@aol.com,(919) 806-2209,LIV Sotheby's,Lakewood,CO,80633,13,37,B,88,Website Lead,2026-07-06T17:38:06Z
CREAM-20260706-00443,Joseph Chavez,josephc@berkshirehathawayhomeservices.com,(256) 761-6289,Berkshire Hathaway HomeServices,Riverside,CA,96192,12,39,B,95,Referral Network,2026-07-06T23:51:50Z
CREAM-20260706-00444,Robert Kelly,robert_kelly@hotmail.com,(916) 591-4249,Berkshire Hathaway,Chandler,AZ,85483,3,23,B,65,Referral Network,2026-07-06T18:59:51Z
CREAM-20260706-00445,Melissa Wilson,mwilson@coldwellbanker.com,(972) 627-6153,Coldwell Banker,Chula Vista,CA,95466,5,21,B,98,Facebook,2026-07-06T07:27:48Z
CREAM-20260706-00446,Robert Jackson,robertjackson@gmail.com,(512) 571-3018,Compass,Yonkers,NY,14676,7,18,B,69,NAR Directory,2026-07-06T17:32:33Z
CREAM-20260706-00447,Eric Mendoza,emendoza@hotmail.com,(972) 369-5441,Halstead,Yonkers,NY,10954,3,13,B,73,Facebook,2026-07-06T03:07:51Z
CREAM-20260706-00448,Donna Turner,donnat@yahoo.com,(718) 377-9260,Corcoran Group,Syracuse,NY,11549,1,9,B,99,Brokerage Listings,2026-07-06T02:41:04Z
CREAM-20260706-00449,John Miller,johnm@pacificsothebys.com,(919) 693-8460,Pacific Sotheby's,Santa Ana,CA,94345,4,10,B,62,Brokerage Listings,2026-07-06T11:21:24Z
CREAM-20260706-00450,Diane Ruiz,dianer@yahoo.com,(980) 744-1861,Compass,Stockton,CA,93398,8,33,B,98,Cold Outreach,2026-07-06T06:56:53Z
CREAM-20260706-00451,Jennifer Foster,jfoster@outlook.com,(972) 556-8027,Briggs Freeman Sotheby's,Garland,TX,76543,12,43,B,85,NAR Directory,2026-07-06T06:41:52Z
CREAM-20260706-00452,Aaron Price,aaronp@aol.com,(704) 565-5029,Coldwell Banker,Cary,NC,28845,10,64,B,94,Trade Show,2026-07-06T11:05:27Z
CREAM-20260706-00453,David Rivera,davidrivera@outlook.com,(602) 783-9364,Compass,Syracuse,NY,13357,7,37,B,71,Cold Outreach,2026-07-06T23:47:28Z
CREAM-20260706-00454,Janet Davis,jdavis@berkshirehathaway.com,(407) 732-6516,Berkshire Hathaway,Toledo,OH,43283,5,20,B,99,Realtor.com,2026-07-06T11:58:54Z
CREAM-20260706-00455,Joshua Sanders,jsanders@icloud.com,(786) 987-9716,Coldwell Banker,Toledo,OH,43133,11,25,B,73,Brokerage Listings,2026-07-06T01:23:43Z
CREAM-20260706-00456,Scott Powell,scottpowell@hotmail.com,(305) 247-4001,Douglas Elliman,Port St. Lucie,FL,34849,24,68,B,77,Realtor.com,2026-07-06T07:00:45Z
CREAM-20260706-00457,Lisa Bailey,lisa.bailey@berkshirehathaway.com,(512) 414-7684,Berkshire Hathaway,Irving,TX,75780,23,71,B,62,Brokerage Listings,2026-07-06T04:00:56Z
CREAM-20260706-00458,Debra Nguyen,debra.nguyen@aol.com,(980) 510-6835,Keller Williams,Dayton,OH,45150,5,12,B,93,MLS Database,2026-07-06T04:38:53Z
CREAM-20260706-00459,Larry Chavez,larryc@coldwellbanker.com,(469) 631-3029,Coldwell Banker,Chandler,AZ,85770,11,69,B,60,Facebook,2026-07-06T20:04:06Z
CREAM-20260706-00460,John Allen,john.allen@berkshirehathaway.com,(334) 405-5521,Berkshire Hathaway,Arlington,TX,76586,12,56,B,61,Website Lead,2026-07-06T21:14:50Z
CREAM-20260706-00461,George Robinson,georgerobinson@hotmail.com,(256) 597-1270,Nest Seekers,Albany,NY,12838,5,24,B,99,Brokerage Listings,2026-07-06T13:08:48Z
CREAM-20260706-00462,Ryan Mendoza,rmendoza@gmail.com,(310) 733-1974,eXp Realty,Hollywood,FL,33452,22,53,B,88,Realtor.com,2026-07-06T01:25:51Z
CREAM-20260706-00463,Melissa Allen,melissaa@halstead.com,(305) 812-3798,Halstead,Albany,NY,11216,5,21,B,61,LinkedIn,2026-07-06T03:43:48Z
CREAM-20260706-00464,Patrick Morales,pmorales@yahoo.com,(714) 427-3238,eXp Realty,Gilbert,AZ,85697,14,27,B,84,Brokerage Listings,2026-07-06T23:41:13Z
CREAM-20260706-00465,David Cook,davidc@aol.com,(256) 214-6718,Keller Williams Realty,Santa Ana,CA,93126,5,17,B,87,Facebook,2026-07-06T04:15:23Z
CREAM-20260706-00466,Maria Perez,mperez@re/max.com,(513) 951-5794,RE/MAX,Cape Coral,FL,34214,1,12,B,75,Trade Show,2026-07-06T23:55:06Z
CREAM-20260706-00467,Edward Nelson,edwardnelson@hotmail.com,(303) 785-8779,RE/MAX,Dayton,OH,44993,23,53,B,73,Trade Show,2026-07-06T07:52:24Z
CREAM-20260706-00468,Anna Long,anna_long@me.com,(415) 987-3058,RE/MAX,Pembroke Pines,FL,34190,0,2,B,75,Facebook,2026-07-06T16:25:59Z
CREAM-20260706-00469,Mary Carter,mary.carter@aol.com,(334) 611-3189,Keller Williams,Amarillo,TX,76387,15,54,B,86,MLS Database,2026-07-06T00:35:18Z
CREAM-20260706-00470,Patrick Flores,pflores@compass.com,(407) 842-7362,Compass,Arvada,CO,81310,9,22,B,84,LinkedIn,2026-07-06T03:30:05Z
CREAM-20260706-00471,Catherine Smith,catherines@hotmail.com,(786) 632-1256,LIV Sotheby's,Arvada,CO,81185,1,7,B,87,Referral Network,2026-07-06T21:18:17Z
CREAM-20260706-00472,Donna Adams,donna.adams@hotmail.com,(713) 539-6940,Nest Seekers,Buffalo,NY,14798,5,24,B,74,Brokerage Listings,2026-07-06T22:23:47Z
CREAM-20260706-00473,Sarah Ross,sarahross@yahoo.com,(214) 711-9894,HomeSmart,Chandler,AZ,85195,13,37,B,67,Cold Outreach,2026-07-06T20:26:09Z
CREAM-20260706-00474,Amy Russell,amy_russell@outlook.com,(310) 488-7792,eXp Realty,Parma,OH,43425,3,25,B,68,Facebook,2026-07-06T21:28:49Z
CREAM-20260706-00475,Mark Long,marklong@icloud.com,(929) 963-6033,Berkshire Hathaway,Cary,NC,28228,6,34,B,74,Brokerage Listings,2026-07-06T10:56:58Z
CREAM-20260706-00476,Linda Gutierrez,lindag@hotmail.com,(919) 211-8097,Berkshire Hathaway,Winston-Salem,NC,28996,22,57,B,91,MLS Database,2026-07-06T10:36:49Z
CREAM-20260706-00477,Michelle Adams,michelleadams@outlook.com,(513) 842-8699,Berkshire Hathaway,Arlington,TX,79608,7,17,B,64,Trade Show,2026-07-06T18:33:54Z
CREAM-20260706-00478,Mary Thompson,mthompson@me.com,(786) 498-1968,HER Realtors,Akron,OH,43124,2,10,B,60,Website Lead,2026-07-06T16:16:26Z
CREAM-20260706-00479,Ryan Scott,rscott@briggsfreemansothebys.com,(303) 562-8194,Briggs Freeman Sotheby's,Amarillo,TX,78919,4,20,B,84,Website Lead,2026-07-06T14:29:18Z
CREAM-20260706-00480,Christine Thomas,christine.thomas@icloud.com,(212) 625-1378,Coldwell Banker,Fort Collins,CO,81590,14,68,B,87,Trade Show,2026-07-06T14:50:33Z
CREAM-20260706-00481,Michelle Bailey,michellebailey@icloud.com,(469) 659-3622,Compass,Tallahassee,FL,32420,12,29,B,67,Website Lead,2026-07-06T12:40:04Z
CREAM-20260706-00482,Charles Martinez,charles.martinez@re/max.com,(512) 658-5145,RE/MAX,Port St. Lucie,FL,33584,22,56,B,70,NAR Directory,2026-07-06T20:52:19Z
CREAM-20260706-00483,Diane Sanchez,dsanchez@aol.com,(805) 744-3661,eXp Realty,Chandler,AZ,86659,11,49,B,79,Facebook,2026-07-06T19:47:33Z
CREAM-20260706-00484,Jennifer Richardson,jennifer_richardson@aol.com,(334) 584-3159,Nest Seekers,Syracuse,NY,12129,22,70,B,83,Facebook,2026-07-06T09:25:10Z
CREAM-20260706-00485,Jeffrey Morgan,jeffreymorgan@aol.com,(704) 626-9263,Sotheby's International,Chula Vista,CA,96994,2,8,B,69,Referral Network,2026-07-06T11:48:59Z
CREAM-20260706-00486,Michelle Hughes,michelle.hughes@douglaselliman.com,(212) 739-8796,Douglas Elliman,Amarillo,TX,79160,4,19,B,84,NAR Directory,2026-07-06T07:33:39Z
CREAM-20260706-00487,Brian Young,brianyoung@me.com,(256) 512-6989,Keller Williams Realty,Hialeah,FL,34907,7,39,B,80,MLS Database,2026-07-06T00:28:31Z
CREAM-20260706-00488,Brian Roberts,brian_roberts@icloud.com,(305) 787-1527,Corcoran Group,Albany,NY,12356,4,17,B,92,MLS Database,2026-07-06T23:11:02Z
CREAM-20260706-00489,Richard Walker,richardw@gmail.com,(513) 561-6641,Nest Seekers,Yonkers,NY,13535,4,12,B,67,Trade Show,2026-07-06T10:29:37Z
CREAM-20260706-00490,Christopher Walker,cwalker@re/max.com,(713) 354-6394,RE/MAX,Corpus Christi,TX,79717,4,9,B,65,LinkedIn,2026-07-06T08:34:29Z
CREAM-20260706-00491,Janet Ramirez,janetramirez@yahoo.com,(305) 913-3865,Coldwell Banker,Pembroke Pines,FL,34640,20,29,B,68,Website Lead,2026-07-06T01:31:09Z
CREAM-20260706-00492,Michael Williams,michael.williams@kellerwilliams.com,(415) 271-6407,Keller Williams,Gilbert,AZ,86746,5,9,B,95,NAR Directory,2026-07-06T19:58:53Z
CREAM-20260706-00493,Jerry Perez,jperez@outlook.com,(980) 201-9749,eXp Realty,Hialeah,FL,33459,3,8,B,85,Cold Outreach,2026-07-06T05:44:38Z
CREAM-20260706-00494,Melissa Garcia,melissag@russelllyonsothebys.com,(512) 373-2753,Russell Lyon Sotheby's,Tempe,AZ,85366,13,43,B,92,Website Lead,2026-07-06T07:39:44Z
CREAM-20260706-00495,Christine Jenkins,christine.jenkins@aol.com,(305) 520-4828,eXp Realty,Glendale,AZ,86487,17,80,B,88,Realtor.com,2026-07-06T05:39:49Z
CREAM-20260706-00496,John Perez,johnp@yahoo.com,(805) 355-9051,eXp Realty,Arvada,CO,80169,5,9,B,98,Trade Show,2026-07-06T15:37:02Z
CREAM-20260706-00497,Patrick Bailey,patrickb@compass.com,(713) 959-3614,Compass,Winston-Salem,NC,27762,24,72,B,79,MLS Database,2026-07-06T13:37:07Z
CREAM-20260706-00498,Andrew Martin,andrewm@gmail.com,(212) 861-5410,eXp Realty,Santa Ana,CA,95581,5,13,B,98,MLS Database,2026-07-06T13:35:52Z
CREAM-20260706-00499,Emma Ortiz,emma.ortiz@outlook.com,(407) 383-3425,LIV Sotheby's,Arvada,CO,80905,18,25,B,87,LinkedIn,2026-07-06T14:00:34Z
CREAM-20260706-00500,Jonathan Davis,jonathand@gmail.com,(310) 558-9963,HER Realtors,Dayton,OH,43701,22,47,B,63,Cold Outreach,2026-07-06T17:56:10Z
CREAM-20260706-00501,Barbara Rivera,brivera@gmail.com,(234) 296-3848,RE/MAX,Chandler,AZ,86436,25,73,B,64,Facebook,2026-07-06T22:41:22Z
CREAM-20260706-00502,Jack Thompson,jthompson@hotmail.com,(713) 771-4950,eXp Realty,Parma,OH,44941,1,4,B,99,Website Lead,2026-07-06T12:07:04Z
CREAM-20260706-00503,Melissa Williams,mwilliams@coldwellbanker.com,(714) 344-2120,Coldwell Banker,Pembroke Pines,FL,33209,20,58,B,71,Referral Network,2026-07-06T01:34:28Z
CREAM-20260706-00504,Dennis Lopez,dlopez@icloud.com,(305) 528-8684,Berkshire Hathaway HomeServices,Santa Ana,CA,90219,22,79,B,72,MLS Database,2026-07-06T14:24:59Z
CREAM-20260706-00505,Steven Bailey,steven_bailey@yahoo.com,(718) 319-1168,Compass,Rochester,NY,11784,16,52,B,74,Website Lead,2026-07-06T10:51:55Z
CREAM-20260706-00506,Dennis Price,dprice@icloud.com,(310) 585-2867,Nest Seekers,Albany,NY,10518,7,18,B,70,Website Lead,2026-07-06T23:56:57Z
CREAM-20260706-00507,Christine Cruz,christine.cruz@sothebysinternational.com,(469) 804-3702,Sotheby's International,Stockton,CA,95707,14,45,B,62,Cold Outreach,2026-07-06T18:54:25Z
CREAM-20260706-00508,Benjamin Sanchez,bsanchez@icloud.com,(972) 946-8778,8z Real Estate,Fort Collins,CO,80781,10,52,B,88,Referral Network,2026-07-06T07:30:06Z
CREAM-20260706-00509,Paul Adams,padams@me.com,(404) 399-1846,Keller Williams,Fayetteville,NC,28260,21,73,B,62,MLS Database,2026-07-06T06:32:03Z
CREAM-20260706-00510,Brandon Brooks,brandonbrooks@gmail.com,(919) 562-9075,Allie Beth Allman,Arlington,TX,75791,18,51,B,69,Trade Show,2026-07-06T00:18:47Z
CREAM-20260706-00511,Heather Baker,heatherb@re/max.com,(310) 722-8343,RE/MAX,Riverside,CA,93140,19,43,B,75,Cold Outreach,2026-07-06T12:06:20Z
CREAM-20260706-00512,Jack Ross,jross@hotmail.com,(512) 627-7266,Coldwell Banker,Pembroke Pines,FL,34826,8,15,B,67,Brokerage Listings,2026-07-06T05:36:30Z
CREAM-20260706-00513,Kenneth Jenkins,kjenkins@exprealty.com,(646) 837-9361,eXp Realty,Thornton,CO,81329,4,24,B,78,Referral Network,2026-07-06T15:14:16Z
CREAM-20260706-00514,Catherine Peterson,cpeterson@coldwellbanker.com,(713) 247-8303,Coldwell Banker,Akron,OH,45306,5,9,B,74,Brokerage Listings,2026-07-06T16:13:33Z
CREAM-20260706-00515,Susan Adams,susana@briggsfreemansothebys.com,(310) 889-5485,Briggs Freeman Sotheby's,Lubbock,TX,76585,20,70,B,94,NAR Directory,2026-07-06T02:40:11Z
CREAM-20260706-00516,Sharon Mitchell,sharonmitchell@gmail.com,(713) 600-8641,Russell Lyon Sotheby's,Tempe,AZ,86687,1,5,B,77,Facebook,2026-07-06T05:52:06Z
CREAM-20260706-00517,Nancy Reyes,nancyreyes@aol.com,(234) 258-2509,Keller Williams,Akron,OH,43874,7,25,B,85,MLS Database,2026-07-06T20:24:28Z
CREAM-20260706-00518,Daniel Howard,dhoward@yahoo.com,(919) 528-2911,Berkshire Hathaway HomeServices,Stockton,CA,96154,5,22,B,60,Facebook,2026-07-06T15:58:45Z
CREAM-20260706-00519,Jason Davis,jason.davis@russelllyonsothebys.com,(805) 267-7916,Russell Lyon Sotheby's,Glendale,AZ,86649,3,14,B,75,Trade Show,2026-07-06T02:49:19Z
CREAM-20260706-00520,Gary Edwards,garyedwards@yahoo.com,(718) 703-3725,RE/MAX,Lakewood,CO,80982,19,30,B,96,Facebook,2026-07-06T12:08:11Z
CREAM-20260706-00521,Helen Roberts,helen_roberts@outlook.com,(305) 252-5372,Russell Lyon Sotheby's,Tempe,AZ,85499,4,23,B,64,LinkedIn,2026-07-06T17:15:24Z
CREAM-20260706-00522,Steven Parker,sparker@coldwellbanker.com,(513) 988-2298,Coldwell Banker,Dayton,OH,43201,22,64,B,98,NAR Directory,2026-07-06T00:49:07Z
CREAM-20260706-00523,Helen Baker,helen.baker@me.com,(415) 584-2945,eXp Realty,Fayetteville,NC,28560,4,21,B,68,NAR Directory,2026-07-06T01:13:21Z
CREAM-20260706-00524,Samantha Russell,srussell@kellerwilliams.com,(469) 672-9960,Keller Williams,Albany,NY,11269,18,73,B,64,NAR Directory,2026-07-06T03:28:39Z
CREAM-20260706-00525,Carol Parker,carolp@yahoo.com,(334) 769-7234,RE/MAX,Cary,NC,28828,5,24,B,72,Referral Network,2026-07-06T22:25:37Z
CREAM-20260706-00526,Carol Murphy,cmurphy@exprealty.com,(512) 593-3778,eXp Realty,Amarillo,TX,75751,12,36,B,100,Realtor.com,2026-07-06T09:05:19Z
CREAM-20260706-00527,Kevin Reed,kevin_reed@yahoo.com,(407) 518-4842,Douglas Elliman,Rochester,NY,11652,23,25,B,88,Cold Outreach,2026-07-06T23:04:34Z
CREAM-20260706-00528,Elizabeth Rodriguez,erodriguez@exprealty.com,(513) 925-7441,eXp Realty,Port St. Lucie,FL,33922,19,55,B,77,Website Lead,2026-07-06T02:19:54Z
CREAM-20260706-00529,Sarah Ross,sarah.ross@yahoo.com,(718) 509-7846,Corcoran Group,Rochester,NY,13397,25,28,B,64,NAR Directory,2026-07-06T00:05:18Z
CREAM-20260706-00530,Donna Jimenez,donnaj@century21.com,(704) 580-6977,Century 21,Port St. Lucie,FL,34613,3,23,B,86,MLS Database,2026-07-06T07:59:34Z
CREAM-20260706-00531,Ashley Gutierrez,agutierrez@yahoo.com,(214) 480-6071,Keller Williams,Arvada,CO,80401,3,12,B,76,Cold Outreach,2026-07-06T00:47:54Z
CREAM-20260706-00532,Joshua Ortiz,joshuao@exprealty.com,(614) 979-3150,eXp Realty,Arvada,CO,80789,21,62,B,60,NAR Directory,2026-07-06T02:14:48Z
CREAM-20260706-00533,Kenneth King,kennethking@aol.com,(512) 205-5243,Howard Hanna,Fayetteville,NC,27416,21,35,B,78,Website Lead,2026-07-06T05:10:05Z
CREAM-20260706-00534,Sharon Cox,sharon_cox@outlook.com,(919) 736-4878,Keller Williams,Irving,TX,77191,1,11,B,60,Facebook,2026-07-06T15:29:48Z
CREAM-20260706-00535,George James,george.james@gmail.com,(980) 415-5191,Keller Williams Realty,Bakersfield,CA,94212,12,31,B,90,Facebook,2026-07-06T05:30:02Z
CREAM-20260706-00536,Ryan Martinez,rmartinez@icloud.com,(513) 887-3365,Long Realty,Gilbert,AZ,85393,1,11,B,95,MLS Database,2026-07-06T04:19:39Z
CREAM-20260706-00537,Aaron Evans,aarone@aol.com,(214) 963-4904,RE/MAX,Riverside,CA,91450,12,79,B,95,LinkedIn,2026-07-06T15:59:29Z
CREAM-20260706-00538,Jacob Campbell,jacobcampbell@yahoo.com,(303) 934-5686,Berkshire Hathaway,Toledo,OH,44357,3,15,B,68,Realtor.com,2026-07-06T11:38:59Z
CREAM-20260706-00539,Barbara Campbell,barbara.campbell@hotmail.com,(805) 216-5204,Keller Williams Realty,Fresno,CA,96968,1,11,B,69,Cold Outreach,2026-07-06T12:13:10Z
CREAM-20260706-00540,Rachel Gonzalez,rgonzalez@outlook.com,(512) 260-3469,Long Realty,Tempe,AZ,85494,4,22,B,93,Referral Network,2026-07-06T21:27:13Z
CREAM-20260706-00541,Jessica Roberts,jessicaroberts@me.com,(980) 779-7775,Coldwell Banker,Dayton,OH,44548,5,18,B,86,MLS Database,2026-07-06T16:02:42Z
CREAM-20260706-00542,Matthew Turner,matthewt@icloud.com,(718) 262-1687,Douglas Elliman,Cape Coral,FL,32374,5,12,B,64,Brokerage Listings,2026-07-06T12:38:38Z
CREAM-20260706-00543,Laura Davis,lauradavis@yahoo.com,(614) 915-3633,Compass,Fort Collins,CO,81552,16,68,B,71,NAR Directory,2026-07-06T18:16:12Z
CREAM-20260706-00544,Scott Brooks,scott.brooks@gmail.com,(407) 888-5280,Douglas Elliman,Irving,TX,76511,16,33,B,63,Cold Outreach,2026-07-06T01:16:09Z
CREAM-20260706-00545,Jack Gonzalez,jack.gonzalez@me.com,(303) 448-7527,Long Realty,Glendale,AZ,86923,9,15,B,83,Trade Show,2026-07-06T02:16:52Z
CREAM-20260706-00546,Thomas Cook,thomasc@sothebysinternational.com,(704) 735-5942,Sotheby's International,Riverside,CA,92310,1,9,B,92,Brokerage Listings,2026-07-06T01:19:21Z
CREAM-20260706-00547,Nancy Rogers,nancy.rogers@me.com,(305) 965-4073,Compass,Chula Vista,CA,91526,2,9,B,62,Referral Network,2026-07-06T00:22:22Z
CREAM-20260706-00548,Ryan Price,rprice@me.com,(214) 920-6075,Keller Williams,Dayton,OH,45411,1,12,B,70,Facebook,2026-07-06T10:44:34Z
CREAM-20260706-00549,Samantha Davis,sdavis@berkshirehathaway.com,(718) 807-8216,Berkshire Hathaway,Amarillo,TX,76682,0,2,B,68,NAR Directory,2026-07-06T23:48:30Z
CREAM-20260706-00550,Jonathan Jimenez,jonathan_jimenez@me.com,(214) 371-7950,Coldwell Banker,Lubbock,TX,79849,6,17,B,78,LinkedIn,2026-07-06T07:23:43Z
CREAM-20260706-00551,Christopher Myers,christopher.myers@outlook.com,(513) 411-3373,Compass,Albany,NY,14713,5,12,B,67,NAR Directory,2026-07-06T04:33:19Z
CREAM-20260706-00552,Brian Price,brianp@yahoo.com,(980) 534-2355,Compass,Fresno,CA,94696,8,18,B,62,MLS Database,2026-07-06T19:09:12Z
CREAM-20260706-00553,Robert Cox,robertc@kellerwilliams.com,(916) 406-8533,Keller Williams,Rochester,NY,12323,21,33,B,67,Facebook,2026-07-06T09:41:18Z
CREAM-20260706-00554,Richard Cook,richard_cook@aol.com,(334) 603-9259,Compass,Winston-Salem,NC,27815,24,77,B,77,NAR Directory,2026-07-06T22:29:08Z
CREAM-20260706-00555,Emily Nelson,emily_nelson@hotmail.com,(718) 977-5437,eXp Realty,Hollywood,FL,32310,18,77,B,76,NAR Directory,2026-07-06T08:01:10Z
CREAM-20260706-00556,Kimberly Johnson,kjohnson@outlook.com,(212) 742-5197,eXp Realty,Hollywood,FL,34379,8,37,B,63,NAR Directory,2026-07-06T08:09:47Z
CREAM-20260706-00557,Christine Nelson,christine.nelson@exprealty.com,(512) 621-7646,eXp Realty,Chandler,AZ,85851,20,29,B,89,Brokerage Listings,2026-07-06T00:02:57Z
CREAM-20260706-00558,Benjamin Morris,bmorris@outlook.com,(972) 273-7784,RE/MAX,Akron,OH,43581,14,63,B,76,Brokerage Listings,2026-07-06T09:43:39Z
CREAM-20260706-00559,Carol Perez,cperez@aol.com,(614) 996-1012,Compass,Cary,NC,28321,2,8,B,98,Referral Network,2026-07-06T09:34:28Z
CREAM-20260706-00560,Lisa Evans,lisa_evans@hotmail.com,(305) 231-3929,RE/MAX,Garland,TX,79196,1,4,B,100,Facebook,2026-07-06T02:42:46Z
CREAM-20260706-00561,Laura Nelson,laura_nelson@yahoo.com,(256) 536-6350,Sotheby's International,Chula Vista,CA,96534,7,39,B,99,Referral Network,2026-07-06T11:30:05Z
CREAM-20260706-00562,Cynthia Evans,cynthiaevans@yahoo.com,(646) 794-6435,Howard Hanna,Winston-Salem,NC,27930,1,8,B,66,Realtor.com,2026-07-06T21:07:16Z
CREAM-20260706-00563,Michael Phillips,michaelphillips@outlook.com,(513) 465-7019,RE/MAX,Parma,OH,45231,4,20,B,66,NAR Directory,2026-07-06T17:29:03Z
CREAM-20260706-00564,Joseph Hall,joseph_hall@me.com,(404) 556-7100,Compass,Fort Collins,CO,80325,3,19,B,98,Facebook,2026-07-06T21:43:28Z
CREAM-20260706-00565,Carolyn Jackson,cjackson@icloud.com,(415) 339-9912,Halstead,Yonkers,NY,14399,1,4,B,72,Trade Show,2026-07-06T10:51:40Z
CREAM-20260706-00566,Cynthia Sanders,cynthias@exprealty.com,(704) 960-2446,eXp Realty,Cape Coral,FL,33512,5,13,B,80,Website Lead,2026-07-06T13:19:38Z
CREAM-20260706-00567,Cynthia Russell,cynthia.russell@yahoo.com,(234) 898-9748,Coldwell Banker,Arvada,CO,81537,7,28,B,64,Realtor.com,2026-07-06T02:49:52Z
CREAM-20260706-00568,Ashley Carter,ashleyc@russelllyonsothebys.com,(614) 785-8384,Russell Lyon Sotheby's,Gilbert,AZ,86477,17,56,B,89,Facebook,2026-07-06T13:34:11Z
CREAM-20260706-00569,Sarah Murphy,smurphy@howardhanna.com,(614) 699-7259,Howard Hanna,Fayetteville,NC,28796,1,11,B,69,Trade Show,2026-07-06T00:55:08Z
CREAM-20260706-00570,David Martinez,david_martinez@icloud.com,(929) 945-3857,Douglas Elliman,Hialeah,FL,33759,23,53,B,83,Trade Show,2026-07-06T01:37:03Z
CREAM-20260706-00571,Samantha Diaz,sdiaz@yahoo.com,(704) 773-5857,Corcoran Group,Buffalo,NY,12616,14,42,B,76,Cold Outreach,2026-07-06T19:13:13Z
CREAM-20260706-00572,Donna Gomez,donnag@aol.com,(234) 880-2594,Berkshire Hathaway,Hollywood,FL,33863,0,0,B,94,Referral Network,2026-07-06T14:51:55Z
CREAM-20260706-00573,William Hill,williamh@yahoo.com,(512) 392-2893,Nest Seekers,Albany,NY,13692,5,13,B,80,Trade Show,2026-07-06T06:25:54Z
CREAM-20260706-00574,Shirley Davis,sdavis@kellerwilliamsrealty.com,(305) 576-1569,Keller Williams Realty,Stockton,CA,93137,1,4,B,63,Brokerage Listings,2026-07-06T22:45:41Z
CREAM-20260706-00575,Betty Ramirez,bettyramirez@outlook.com,(919) 344-3477,Russell Lyon Sotheby's,Gilbert,AZ,86319,3,21,B,100,Brokerage Listings,2026-07-06T03:19:36Z
CREAM-20260706-00576,Jason Flores,jasonf@gmail.com,(714) 780-6454,Coldwell Banker,Fresno,CA,94513,11,67,B,63,Website Lead,2026-07-06T05:18:52Z
CREAM-20260706-00577,Heather Brown,heather.brown@nestseekers.com,(303) 913-6442,Nest Seekers,Buffalo,NY,13543,3,9,B,61,NAR Directory,2026-07-06T19:06:55Z
CREAM-20260706-00578,Karen Torres,karent@coldwellbanker.com,(512) 300-9576,Coldwell Banker,Lubbock,TX,75831,1,11,B,81,Website Lead,2026-07-06T17:57:06Z
CREAM-20260706-00579,George Baker,gbaker@brownharrisstevens.com,(415) 516-4487,Brown Harris Stevens,New Rochelle,NY,10198,25,44,B,68,Referral Network,2026-07-06T18:51:16Z
CREAM-20260706-00580,Cynthia Rodriguez,cynthiarodriguez@aol.com,(919) 695-5505,Compass,Durham,NC,28266,2,9,B,74,NAR Directory,2026-07-06T05:59:20Z
CREAM-20260706-00581,Donna Jenkins,donna.jenkins@kellerwilliams.com,(614) 687-1118,Keller Williams,Parma,OH,43329,25,32,B,99,Trade Show,2026-07-06T09:45:53Z
CREAM-20260706-00582,Sandra Miller,sandram@outlook.com,(980) 775-2865,eXp Realty,Garland,TX,77162,24,26,B,90,LinkedIn,2026-07-06T07:55:46Z
CREAM-20260706-00583,Samantha Brown,sbrown@yahoo.com,(919) 632-8952,Nest Seekers,Buffalo,NY,13318,24,28,B,84,Facebook,2026-07-06T03:08:40Z
CREAM-20260706-00584,Michael Cooper,mcooper@berkshirehathaway.com,(805) 206-1885,Berkshire Hathaway,Toledo,OH,45879,15,36,B,75,Website Lead,2026-07-06T16:14:46Z
CREAM-20260706-00585,Edward Ross,edwardr@hotmail.com,(512) 436-1821,Compass,Port St. Lucie,FL,32696,5,25,B,93,MLS Database,2026-07-06T02:22:06Z
CREAM-20260706-00586,Jerry Phillips,jphillips@hotmail.com,(704) 659-9912,Coldwell Banker,Parma,OH,45684,14,32,B,66,Trade Show,2026-07-06T12:15:53Z
CREAM-20260706-00587,Patrick Martin,patrickm@coldwellbanker.com,(704) 804-4315,Coldwell Banker,Toledo,OH,44659,3,23,B,69,Trade Show,2026-07-06T00:03:23Z
CREAM-20260706-00588,Sharon Wilson,swilson@compass.com,(234) 417-7856,Compass,Tallahassee,FL,33460,4,23,B,86,Brokerage Listings,2026-07-06T21:42:15Z
CREAM-20260706-00589,Nicole Gonzalez,ngonzalez@hotmail.com,(919) 578-7373,Compass,Fayetteville,NC,27113,1,9,B,65,LinkedIn,2026-07-06T01:13:03Z
CREAM-20260706-00590,Nicholas Nelson,nicholas_nelson@aol.com,(805) 267-4824,Nest Seekers,New Rochelle,NY,10414,8,27,B,79,LinkedIn,2026-07-06T11:25:45Z
CREAM-20260706-00591,Rachel Collins,rachel.collins@me.com,(303) 451-7674,Compass,Stockton,CA,94169,1,8,B,71,Website Lead,2026-07-06T06:05:49Z
CREAM-20260706-00592,Timothy Torres,timothyt@homesmart.com,(919) 536-4605,HomeSmart,Tempe,AZ,85631,6,17,B,95,Trade Show,2026-07-06T13:43:00Z
CREAM-20260706-00593,Barbara Alvarez,balvarez@re/max.com,(929) 962-2275,RE/MAX,Lakewood,CO,80497,7,27,B,79,LinkedIn,2026-07-06T18:53:10Z
CREAM-20260706-00594,Maria Reed,mreed@aol.com,(786) 446-1499,Keller Williams,Thornton,CO,80777,23,38,B,65,Website Lead,2026-07-06T16:41:19Z
CREAM-20260706-00595,Rachel Alvarez,rachel.alvarez@icloud.com,(714) 832-7204,Russell Lyon Sotheby's,Gilbert,AZ,86781,5,15,B,98,MLS Database,2026-07-06T05:17:43Z
CREAM-20260706-00596,Janet Patel,janetp@compass.com,(646) 638-6072,Compass,Stockton,CA,92917,2,3,B,86,Trade Show,2026-07-06T16:27:10Z
CREAM-20260706-00597,Margaret Thomas,mthomas@re/max.com,(310) 219-7968,RE/MAX,Garland,TX,78862,24,26,B,70,Facebook,2026-07-06T22:08:47Z
CREAM-20260706-00598,Rebecca Alvarez,rebeccaa@yahoo.com,(916) 799-7354,RE/MAX,Toledo,OH,43311,19,41,B,75,Brokerage Listings,2026-07-06T20:05:04Z
CREAM-20260706-00599,Donald Thomas,donald.thomas@outlook.com,(972) 977-6736,Keller Williams Realty,Tallahassee,FL,32226,11,64,B,92,Facebook,2026-07-06T18:32:48Z
CREAM-20260706-00600,Brandon Nguyen,bnguyen@alliebethallman.com,(513) 538-3720,Allie Beth Allman,Arlington,TX,76858,0,0,B,64,LinkedIn,2026-07-06T08:10:00Z
CREAM-20260706-00601,Jerry Morgan,jerry.morgan@kellerwilliams.com,(614) 912-7619,Keller Williams,Yonkers,NY,10158,5,25,B,96,Brokerage Listings,2026-07-06T18:35:26Z
CREAM-20260706-00602,Mary Phillips,mphillips@douglaselliman.com,(256) 483-4936,Douglas Elliman,Amarillo,TX,76973,5,23,B,76,Referral Network,2026-07-06T21:27:32Z
CREAM-20260706-00603,Cynthia Evans,cynthiaevans@yahoo.com,(415) 283-8561,Keller Williams,Albany,NY,12336,15,43,B,72,Referral Network,2026-07-06T06:43:51Z
CREAM-20260706-00604,Jennifer Thomas,jennifer.thomas@compass.com,(212) 248-9181,Compass,Winston-Salem,NC,27571,5,12,B,82,Brokerage Listings,2026-07-06T05:57:48Z
CREAM-20260706-00605,Angela Evans,angelae@me.com,(704) 289-1320,Keller Williams,Cary,NC,28205,4,13,B,77,Cold Outreach,2026-07-06T04:17:59Z
CREAM-20260706-00606,Brandon Hughes,brandon.hughes@exprealty.com,(512) 760-3280,eXp Realty,Irving,TX,78840,14,43,B,81,Trade Show,2026-07-06T22:34:59Z
CREAM-20260706-00607,Amanda Cook,amanda.cook@allentate.com,(714) 448-8259,Allen Tate,Durham,NC,27310,6,30,B,81,LinkedIn,2026-07-06T04:54:54Z
CREAM-20260706-00608,Jason Thompson,jason_thompson@outlook.com,(602) 500-2802,Douglas Elliman,New Rochelle,NY,13743,5,9,B,82,Realtor.com,2026-07-06T14:52:43Z
CREAM-20260706-00609,Helen Thomas,hthomas@gmail.com,(513) 400-1451,Keller Williams,Durham,NC,27502,23,64,B,85,NAR Directory,2026-07-06T11:27:09Z
CREAM-20260706-00610,Katherine Gonzalez,katherine_gonzalez@aol.com,(305) 222-2606,Berkshire Hathaway,Fort Collins,CO,81457,21,55,B,73,Trade Show,2026-07-06T11:40:03Z
CREAM-20260706-00611,Susan Collins,scollins@me.com,(720) 811-6780,Huntington Real Estate,Dayton,OH,43529,13,42,B,75,NAR Directory,2026-07-06T20:38:53Z
CREAM-20260706-00612,Jerry Myers,jmyers@icloud.com,(614) 782-8376,Keller Williams,Yonkers,NY,10276,22,57,B,91,LinkedIn,2026-07-06T23:16:43Z
CREAM-20260706-00613,Jennifer Foster,jennifer_foster@hotmail.com,(980) 437-3710,Berkshire Hathaway,Fort Collins,CO,81616,21,77,B,73,Cold Outreach,2026-07-06T02:55:04Z
CREAM-20260706-00614,Jack Collins,jcollins@me.com,(786) 601-4967,RE/MAX,Gilbert,AZ,86749,1,11,B,90,NAR Directory,2026-07-06T00:57:01Z
CREAM-20260706-00615,Barbara Powell,barbara_powell@outlook.com,(614) 608-9072,Century 21,Port St. Lucie,FL,34367,5,22,B,98,Website Lead,2026-07-06T22:50:18Z
CREAM-20260706-00616,Jennifer Torres,jennifer_torres@me.com,(980) 912-3396,Allie Beth Allman,Lubbock,TX,79998,20,52,B,78,Trade Show,2026-07-06T14:40:27Z
CREAM-20260706-00617,Diane Watson,dianewatson@icloud.com,(310) 664-4847,Berkshire Hathaway,Port St. Lucie,FL,34911,12,32,B,71,MLS Database,2026-07-06T10:43:02Z
CREAM-20260706-00618,Sandra Diaz,sandrad@nestseekers.com,(929) 369-6743,Nest Seekers,Buffalo,NY,10293,3,21,B,89,Cold Outreach,2026-07-06T00:23:35Z
CREAM-20260706-00619,Dorothy Myers,dmyers@allentate.com,(415) 520-7384,Allen Tate,Winston-Salem,NC,28514,9,22,B,77,LinkedIn,2026-07-06T18:27:42Z
CREAM-20260706-00620,Sandra Clark,sandrac@icloud.com,(334) 269-6841,Cutler Real Estate,Dayton,OH,45287,13,72,B,61,Realtor.com,2026-07-06T02:41:47Z
CREAM-20260706-00621,Joshua Watson,joshuaw@howardhanna.com,(256) 621-7288,Howard Hanna,Fayetteville,NC,28436,1,10,B,60,LinkedIn,2026-07-06T21:10:41Z
CREAM-20260706-00622,Kathleen Ortiz,kathleen.ortiz@exprealty.com,(469) 657-4224,eXp Realty,Anaheim,CA,90792,10,34,B,82,Website Lead,2026-07-06T13:01:45Z
CREAM-20260706-00623,Angela Ramos,angelaramos@outlook.com,(512) 573-4054,Douglas Elliman,Corpus Christi,TX,75112,5,19,B,87,MLS Database,2026-07-06T12:07:43Z
CREAM-20260706-00624,Nicole Castillo,nicole.castillo@kellerwilliams.com,(786) 610-7363,Keller Williams,Arvada,CO,81812,5,22,B,83,LinkedIn,2026-07-06T00:53:10Z
CREAM-20260706-00625,Aaron Baker,aaronb@alliebethallman.com,(513) 436-1458,Allie Beth Allman,Irving,TX,77843,15,48,B,65,Referral Network,2026-07-06T22:55:15Z
CREAM-20260706-00626,Kimberly Martinez,kimberlym@8zrealestate.com,(415) 418-5601,8z Real Estate,Fort Collins,CO,80240,25,30,B,87,Trade Show,2026-07-06T11:36:38Z
CREAM-20260706-00627,Linda Phillips,linda.phillips@yahoo.com,(704) 269-7108,Compass,Pembroke Pines,FL,33411,20,78,B,78,Facebook,2026-07-06T21:36:45Z
CREAM-20260706-00628,Mary Hughes,mary.hughes@re/max.com,(972) 225-8865,RE/MAX,Arlington,TX,75606,23,54,B,64,Referral Network,2026-07-06T10:56:12Z
CREAM-20260706-00629,Kathleen Long,kathleenl@aol.com,(614) 867-4856,Coldwell Banker,Garland,TX,76441,4,25,B,66,Facebook,2026-07-06T14:43:11Z
CREAM-20260706-00630,Sharon White,sharon.white@re/max.com,(980) 793-8772,RE/MAX,Chandler,AZ,85565,20,48,B,60,Trade Show,2026-07-06T02:35:28Z
CREAM-20260706-00631,Lisa Hall,lhall@kellerwilliams.com,(980) 440-4722,Keller Williams,Fayetteville,NC,27952,3,23,B,100,Website Lead,2026-07-06T11:47:38Z
CREAM-20260706-00632,Nancy Carter,ncarter@re/max.com,(415) 971-5958,RE/MAX,Gilbert,AZ,86817,20,34,B,70,Realtor.com,2026-07-06T00:06:20Z
CREAM-20260706-00633,Kenneth Harris,kennethharris@hotmail.com,(786) 977-9864,Coldwell Banker,Port St. Lucie,FL,33758,10,80,B,60,NAR Directory,2026-07-06T18:21:44Z
CREAM-20260706-00634,Stephen Long,stephen.long@icloud.com,(805) 788-1833,Compass,New Rochelle,NY,10640,23,52,B,99,NAR Directory,2026-07-06T01:11:03Z
CREAM-20260706-00635,Patrick Miller,pmiller@huntingtonrealestate.com,(720) 389-3181,Huntington Real Estate,Akron,OH,44754,21,71,B,72,Brokerage Listings,2026-07-06T20:47:55Z
CREAM-20260706-00636,Brenda Brown,brendabrown@me.com,(404) 331-1375,eXp Realty,Dayton,OH,43123,8,20,B,82,Facebook,2026-07-06T03:39:34Z
CREAM-20260706-00637,Edward Morgan,emorgan@icloud.com,(972) 436-7401,RE/MAX,Cary,NC,27659,2,10,B,72,Realtor.com,2026-07-06T13:16:05Z
CREAM-20260706-00638,Jennifer Parker,jennifer_parker@me.com,(614) 725-8212,Pacific Sotheby's,Bakersfield,CA,96920,0,4,B,98,Cold Outreach,2026-07-06T06:36:29Z
CREAM-20260706-00639,Kevin Richardson,kevin.richardson@exprealty.com,(718) 538-1288,eXp Realty,Dayton,OH,43642,9,26,B,68,Cold Outreach,2026-07-06T03:48:04Z
CREAM-20260706-00640,Amanda Morgan,amanda.morgan@icloud.com,(214) 236-6428,Corcoran Group,New Rochelle,NY,12657,16,73,B,80,Referral Network,2026-07-06T13:24:41Z
CREAM-20260706-00641,Susan Morales,susanm@berkshirehathaway.com,(256) 324-6961,Berkshire Hathaway,Tempe,AZ,85557,20,43,B,95,LinkedIn,2026-07-06T03:27:58Z
CREAM-20260706-00642,Susan Harris,sharris@berkshirehathaway.com,(718) 346-1992,Berkshire Hathaway,Lubbock,TX,79594,0,2,B,77,Realtor.com,2026-07-06T12:02:46Z
CREAM-20260706-00643,Heather Myers,heatherm@me.com,(602) 584-6766,Keller Williams,Corpus Christi,TX,78570,5,19,B,76,Realtor.com,2026-07-06T12:36:29Z
CREAM-20260706-00644,Joseph Hughes,jhughes@yahoo.com,(513) 645-7646,RE/MAX,Gilbert,AZ,85854,0,0,B,88,NAR Directory,2026-07-06T01:42:28Z
CREAM-20260706-00645,Aaron Ross,aaron_ross@hotmail.com,(718) 312-4592,RE/MAX,Fayetteville,NC,28130,6,17,B,78,Cold Outreach,2026-07-06T07:38:53Z
CREAM-20260706-00646,Deborah Cruz,dcruz@compass.com,(214) 330-7967,Compass,Fort Collins,CO,80950,14,48,B,74,MLS Database,2026-07-06T01:43:43Z
CREAM-20260706-00647,William Sanchez,wsanchez@kellerwilliams.com,(602) 337-6103,Keller Williams,Arvada,CO,80180,2,10,B,96,Facebook,2026-07-06T11:30:14Z
CREAM-20260706-00648,Samantha Edwards,samanthae@hotmail.com,(718) 648-6477,RE/MAX,Amarillo,TX,79999,1,4,B,96,Trade Show,2026-07-06T20:40:17Z
CREAM-20260706-00649,Christopher Carter,christophercarter@outlook.com,(407) 210-3831,Brown Harris Stevens,New Rochelle,NY,12804,4,19,B,81,MLS Database,2026-07-06T04:38:01Z
CREAM-20260706-00650,Gary Garcia,gary.garcia@yahoo.com,(512) 614-6704,Coldwell Banker,Fayetteville,NC,27416,12,49,B,63,Brokerage Listings,2026-07-06T19:55:12Z
CREAM-20260706-00651,Timothy Robinson,timothyr@brownharrisstevens.com,(407) 591-8005,Brown Harris Stevens,Buffalo,NY,11594,1,9,B,60,Website Lead,2026-07-06T01:15:45Z
CREAM-20260706-00652,Amanda Smith,amandas@gmail.com,(980) 410-5857,Keller Williams Realty,Riverside,CA,94816,2,10,B,62,Facebook,2026-07-06T11:19:25Z
CREAM-20260706-00653,Timothy Long,timothy_long@yahoo.com,(718) 655-4990,Sotheby's International,Stockton,CA,90470,12,27,B,60,Brokerage Listings,2026-07-06T19:54:19Z
CREAM-20260706-00654,Daniel Baker,dbaker@aol.com,(234) 621-8747,Brown Harris Stevens,Yonkers,NY,14749,0,5,B,100,Facebook,2026-07-06T17:53:04Z
CREAM-20260706-00655,Carol Parker,carolparker@hotmail.com,(980) 755-7011,Briggs Freeman Sotheby's,Garland,TX,79533,12,33,B,65,Trade Show,2026-07-06T01:02:53Z
CREAM-20260706-00656,Christine Patel,cpatel@kellerwilliams.com,(512) 744-3534,Keller Williams,Fayetteville,NC,27274,14,26,B,84,Website Lead,2026-07-06T08:19:41Z
CREAM-20260706-00657,Jeffrey Sanders,jeffrey.sanders@compass.com,(334) 610-9314,Compass,Syracuse,NY,10272,17,53,B,93,Cold Outreach,2026-07-06T09:44:11Z
CREAM-20260706-00658,Paul Foster,paulf@yahoo.com,(720) 805-4804,Berkshire Hathaway,Amarillo,TX,77739,2,8,B,69,Trade Show,2026-07-06T08:30:35Z
CREAM-20260706-00659,Larry Wilson,lwilson@icloud.com,(919) 479-2659,Douglas Elliman,Garland,TX,78578,4,14,B,80,Cold Outreach,2026-07-06T17:40:57Z
CREAM-20260706-00660,Christine Scott,christine_scott@aol.com,(720) 743-6759,eXp Realty,Irving,TX,75125,2,4,B,67,LinkedIn,2026-07-06T23:39:23Z
CREAM-20260706-00661,Emma Baker,emmab@me.com,(805) 973-9108,Keller Williams,Lubbock,TX,79848,9,23,B,81,LinkedIn,2026-07-06T20:04:33Z
CREAM-20260706-00662,Donald Wright,donaldw@compass.com,(614) 436-5479,Compass,Fresno,CA,93706,0,5,B,75,Trade Show,2026-07-06T02:30:20Z
CREAM-20260706-00663,Stephen Baker,stephenb@me.com,(718) 768-2843,Keller Williams,Syracuse,NY,10862,5,24,B,67,Referral Network,2026-07-06T15:44:43Z
CREAM-20260706-00664,Kevin Cox,kevincox@outlook.com,(704) 271-6766,HomeSmart,Glendale,AZ,86559,1,9,B,64,Brokerage Listings,2026-07-06T04:41:21Z
CREAM-20260706-00665,Heather Green,hgreen@me.com,(214) 946-7789,Berkshire Hathaway,Gilbert,AZ,85310,2,3,B,83,Referral Network,2026-07-06T03:53:31Z
CREAM-20260706-00666,John Cox,johncox@icloud.com,(929) 520-5187,Sotheby's International,Anaheim,CA,93186,2,3,B,70,MLS Database,2026-07-06T08:28:30Z
CREAM-20260706-00667,Karen Ruiz,karen.ruiz@century21.com,(512) 214-6115,Century 21,Hollywood,FL,34996,1,5,B,62,Realtor.com,2026-07-06T00:15:13Z
CREAM-20260706-00668,Donna Wilson,dwilson@berkshirehathaway.com,(929) 791-1545,Berkshire Hathaway,Cary,NC,28346,5,10,B,91,Realtor.com,2026-07-06T13:03:48Z
CREAM-20260706-00669,Debra Sanders,debrasanders@aol.com,(972) 329-4783,Coldwell Banker,Akron,OH,43283,3,21,B,67,NAR Directory,2026-07-06T08:31:30Z
CREAM-20260706-00670,Ruth Gray,ruth_gray@yahoo.com,(972) 207-6552,eXp Realty,Parma,OH,45258,5,19,B,100,Trade Show,2026-07-06T13:26:21Z
CREAM-20260706-00671,Donna Gutierrez,dgutierrez@me.com,(512) 913-7015,Berkshire Hathaway,Cary,NC,28257,2,12,B,74,NAR Directory,2026-07-06T17:42:38Z
CREAM-20260706-00672,Alexander Hughes,alexander_hughes@yahoo.com,(234) 745-8000,RE/MAX,Fayetteville,NC,28640,4,21,B,91,LinkedIn,2026-07-06T21:22:43Z
CREAM-20260706-00673,Linda Roberts,lindar@berkshirehathaway.com,(713) 957-2107,Berkshire Hathaway,Arlington,TX,79661,25,50,B,61,MLS Database,2026-07-06T12:42:48Z
CREAM-20260706-00674,Robert Gomez,rgomez@yahoo.com,(513) 966-8819,Corcoran Group,Rochester,NY,13862,5,23,B,63,Brokerage Listings,2026-07-06T13:21:15Z
CREAM-20260706-00675,Janet Garcia,janetgarcia@aol.com,(805) 461-6747,Keller Williams,Gilbert,AZ,85229,0,4,B,89,Website Lead,2026-07-06T20:15:46Z
CREAM-20260706-00676,Dorothy Thomas,dorothyt@outlook.com,(919) 815-3465,Keller Williams Realty,Bakersfield,CA,95880,22,38,B,89,Brokerage Listings,2026-07-06T02:04:28Z
CREAM-20260706-00677,Kathleen Hill,kathleenhill@hotmail.com,(513) 796-2835,Cutler Real Estate,Dayton,OH,45811,15,31,B,93,Realtor.com,2026-07-06T04:37:06Z
CREAM-20260706-00678,Justin Patel,justin.patel@coldwellbanker.com,(602) 453-2790,Coldwell Banker,Winston-Salem,NC,28317,4,13,B,92,Website Lead,2026-07-06T00:36:12Z
CREAM-20260706-00679,Nicholas Peterson,npeterson@cutlerrealestate.com,(212) 367-6978,Cutler Real Estate,Toledo,OH,43429,5,23,B,95,Facebook,2026-07-06T10:39:30Z
CREAM-20260706-00680,Thomas Sanchez,thomass@russelllyonsothebys.com,(929) 713-3742,Russell Lyon Sotheby's,Glendale,AZ,85923,23,46,B,68,Brokerage Listings,2026-07-06T13:01:25Z
CREAM-20260706-00681,Heather Harris,hharris@icloud.com,(512) 925-8247,RE/MAX,Fort Collins,CO,80909,3,22,B,67,LinkedIn,2026-07-06T13:15:00Z
CREAM-20260706-00682,Kimberly Gray,kgray@outlook.com,(303) 492-7852,RE/MAX,Thornton,CO,80468,4,8,B,90,Realtor.com,2026-07-06T19:59:40Z
CREAM-20260706-00683,Emily Hughes,emily_hughes@yahoo.com,(720) 368-9246,Keller Williams,Parma,OH,44529,4,11,B,95,Realtor.com,2026-07-06T01:36:53Z
CREAM-20260706-00684,Timothy Alvarez,timothy.alvarez@aol.com,(602) 675-6640,Century 21,Pembroke Pines,FL,34259,5,23,B,82,NAR Directory,2026-07-06T03:04:35Z
CREAM-20260706-00685,Lisa Anderson,lisaanderson@icloud.com,(646) 758-2246,Keller Williams Realty,Bakersfield,CA,91181,6,35,B,67,Trade Show,2026-07-06T06:09:00Z
CREAM-20260706-00686,Frank Castillo,fcastillo@me.com,(512) 344-8876,eXp Realty,Glendale,AZ,86925,20,55,B,87,Realtor.com,2026-07-06T05:37:53Z
CREAM-20260706-00687,Emma Jones,emmaj@compass.com,(919) 358-2479,Compass,Rochester,NY,11885,4,14,B,100,Facebook,2026-07-06T20:06:45Z
CREAM-20260706-00688,Deborah Wood,deborah.wood@hotmail.com,(929) 952-1067,HomeSmart,Gilbert,AZ,85104,1,6,B,96,Trade Show,2026-07-06T13:30:36Z
CREAM-20260706-00689,Gary Collins,gcollins@icloud.com,(972) 531-1862,RE/MAX,Amarillo,TX,76564,3,25,B,97,Trade Show,2026-07-06T03:22:05Z
CREAM-20260706-00690,Kenneth Powell,kpowell@berkshirehathaway.com,(786) 316-9326,Berkshire Hathaway,Corpus Christi,TX,78406,10,55,B,74,LinkedIn,2026-07-06T13:12:08Z
CREAM-20260706-00691,Steven White,steven.white@outlook.com,(713) 291-6709,Long Realty,Glendale,AZ,86353,18,45,B,79,LinkedIn,2026-07-06T04:28:17Z
CREAM-20260706-00692,Nicholas Walker,nicholas_walker@icloud.com,(805) 455-7112,Compass,Syracuse,NY,13912,23,50,B,80,Facebook,2026-07-06T00:34:55Z
CREAM-20260706-00693,Frank Turner,frankturner@yahoo.com,(704) 208-2618,Long Realty,Glendale,AZ,85764,0,0,B,61,Website Lead,2026-07-06T18:47:00Z
CREAM-20260706-00694,Susan Reed,susanr@aol.com,(718) 749-8701,Brown Harris Stevens,Yonkers,NY,10660,18,65,B,66,Referral Network,2026-07-06T16:46:54Z
CREAM-20260706-00695,Nicole Cox,ncox@kellerwilliams.com,(805) 507-7318,Keller Williams,Parma,OH,44857,13,70,B,100,MLS Database,2026-07-06T00:43:39Z
CREAM-20260706-00696,Robert Brown,robert_brown@aol.com,(713) 871-6558,Halstead,Rochester,NY,10218,24,73,B,86,Facebook,2026-07-06T09:59:16Z
CREAM-20260706-00697,Carolyn Myers,carolynm@exprealty.com,(972) 587-6305,eXp Realty,Bakersfield,CA,94445,23,65,B,92,Cold Outreach,2026-07-06T03:50:18Z
CREAM-20260706-00698,Larry White,larrywhite@outlook.com,(602) 692-3501,Nest Seekers,New Rochelle,NY,10851,3,21,B,69,Realtor.com,2026-07-06T16:09:31Z
CREAM-20260706-00699,Scott Kim,skim@kellerwilliamsrealty.com,(704) 554-9551,Keller Williams Realty,Hollywood,FL,34426,2,3,B,87,Trade Show,2026-07-06T18:27:32Z
CREAM-20260706-00700,Anna Bennett,anna.bennett@me.com,(234) 326-2839,Keller Williams,Akron,OH,44138,4,14,B,79,NAR Directory,2026-07-06T15:47:44Z
CREAM-20260706-00701,Thomas Lewis,thomasl@me.com,(334) 209-3386,Coldwell Banker,Dayton,OH,45710,3,23,B,77,Brokerage Listings,2026-07-06T01:43:13Z
CREAM-20260706-00702,Amanda Jackson,amanda_jackson@icloud.com,(404) 723-5707,eXp Realty,Chandler,AZ,85811,19,47,B,69,Brokerage Listings,2026-07-06T04:07:47Z
CREAM-20260706-00703,Catherine Garcia,cgarcia@kellerwilliams.com,(929) 771-6198,Keller Williams,Glendale,AZ,85443,18,32,B,85,Trade Show,2026-07-06T23:07:33Z
CREAM-20260706-00704,Elizabeth Young,eyoung@kellerwilliams.com,(334) 904-9954,Keller Williams,Glendale,AZ,85911,0,3,B,77,Referral Network,2026-07-06T03:16:04Z
CREAM-20260706-00705,Larry Powell,larrypowell@hotmail.com,(916) 547-3028,8z Real Estate,Arvada,CO,81847,1,8,B,80,Referral Network,2026-07-06T15:03:07Z
CREAM-20260706-00706,Anthony Ruiz,anthonyr@pacificsothebys.com,(713) 701-6148,Pacific Sotheby's,Santa Ana,CA,93334,14,26,B,92,Trade Show,2026-07-06T22:21:02Z
CREAM-20260706-00707,Stephen Cruz,stephen_cruz@hotmail.com,(310) 641-6086,Russell Lyon Sotheby's,Gilbert,AZ,86244,0,0,B,67,LinkedIn,2026-07-06T23:20:06Z
CREAM-20260706-00708,Dorothy Brooks,dorothy_brooks@aol.com,(404) 766-4947,HomeSmart,Gilbert,AZ,85394,22,64,B,62,MLS Database,2026-07-06T01:48:02Z
CREAM-20260706-00709,Betty Phillips,bettyphillips@yahoo.com,(714) 532-1595,eXp Realty,Bakersfield,CA,90897,1,4,B,69,Referral Network,2026-07-06T09:28:08Z
CREAM-20260706-00710,Steven Jenkins,steven_jenkins@outlook.com,(919) 820-4725,Compass,Thornton,CO,80567,10,49,B,75,LinkedIn,2026-07-06T18:20:32Z
CREAM-20260706-00711,Daniel Kelly,daniel.kelly@hotmail.com,(714) 297-9394,Cutler Real Estate,Dayton,OH,45644,14,50,B,66,NAR Directory,2026-07-06T11:46:43Z
CREAM-20260706-00712,Larry Bailey,larry.bailey@icloud.com,(704) 368-3051,LIV Sotheby's,Arvada,CO,81543,2,9,B,77,Realtor.com,2026-07-06T13:05:04Z
CREAM-20260706-00713,John Ross,johnr@outlook.com,(469) 269-2947,Coldwell Banker,Santa Ana,CA,90930,21,29,B,66,MLS Database,2026-07-06T01:23:41Z
CREAM-20260706-00714,Rebecca Patel,rpatel@outlook.com,(916) 460-4257,Berkshire Hathaway,Hollywood,FL,34533,8,33,B,64,Website Lead,2026-07-06T07:18:02Z
CREAM-20260706-00715,Aaron Mendoza,aaronm@berkshirehathaway.com,(718) 457-1388,Berkshire Hathaway,Akron,OH,44439,12,25,B,79,Cold Outreach,2026-07-06T13:26:00Z
CREAM-20260706-00716,Matthew Sanders,msanders@yahoo.com,(614) 244-4465,Nest Seekers,Syracuse,NY,11614,1,8,B,68,LinkedIn,2026-07-06T04:42:15Z
CREAM-20260706-00717,Alexander Nelson,alexander.nelson@yahoo.com,(720) 307-6691,Berkshire Hathaway,Gilbert,AZ,86834,7,26,B,78,NAR Directory,2026-07-06T12:34:14Z
CREAM-20260706-00718,Melissa Hall,melissah@compass.com,(407) 293-1774,Compass,Pembroke Pines,FL,32104,21,43,B,73,NAR Directory,2026-07-06T11:18:18Z
CREAM-20260706-00719,Richard Roberts,rroberts@hotmail.com,(469) 582-7734,HomeSmart,Tempe,AZ,85606,2,3,B,91,Website Lead,2026-07-06T01:32:59Z
CREAM-20260706-00720,Ashley Smith,asmith@longrealty.com,(513) 291-8657,Long Realty,Tempe,AZ,86123,21,28,B,99,MLS Database,2026-07-06T05:00:38Z
CREAM-20260706-00721,Sarah Hall,sarah.hall@gmail.com,(512) 765-9331,Coldwell Banker,Stockton,CA,93372,20,71,B,75,Trade Show,2026-07-06T09:58:27Z
CREAM-20260706-00722,Pamela Miller,pamela.miller@me.com,(704) 269-6466,Sotheby's International,Santa Ana,CA,91414,1,12,B,95,Referral Network,2026-07-06T04:26:20Z
CREAM-20260706-00723,David Jones,davidj@compass.com,(786) 810-6490,Compass,Arvada,CO,80189,13,41,B,89,LinkedIn,2026-07-06T17:53:53Z
CREAM-20260706-00724,James Carter,james.carter@gmail.com,(469) 418-8506,Briggs Freeman Sotheby's,Garland,TX,78610,2,8,B,91,MLS Database,2026-07-06T10:55:00Z
CREAM-20260706-00725,Patrick Ward,pward@aol.com,(212) 252-6804,Briggs Freeman Sotheby's,Garland,TX,76557,1,9,B,92,MLS Database,2026-07-06T04:35:15Z
CREAM-20260706-00726,Raymond Kelly,rkelly@berkshirehathaway.com,(212) 942-2865,Berkshire Hathaway,Arlington,TX,76237,13,73,B,95,Facebook,2026-07-06T20:13:13Z
CREAM-20260706-00727,Ruth Lee,rlee@yahoo.com,(805) 918-6153,Howard Hanna,Durham,NC,28275,0,0,B,62,Cold Outreach,2026-07-06T03:03:44Z
CREAM-20260706-00728,Joseph Sanders,joseph_sanders@hotmail.com,(234) 638-5745,Coldwell Banker,Stockton,CA,92502,2,12,B,92,Realtor.com,2026-07-06T02:49:31Z
CREAM-20260706-00729,Christine Smith,csmith@briggsfreemansothebys.com,(916) 688-1798,Briggs Freeman Sotheby's,Lubbock,TX,75315,0,4,B,98,Cold Outreach,2026-07-06T09:30:48Z
CREAM-20260706-00730,Charles Long,charleslong@icloud.com,(602) 535-5686,Century 21,Hollywood,FL,34627,2,8,B,96,Realtor.com,2026-07-06T05:08:35Z
CREAM-20260706-00731,Brenda Chavez,brendachavez@outlook.com,(256) 510-4937,HomeSmart,Chandler,AZ,86320,8,17,B,100,LinkedIn,2026-07-06T20:56:31Z
CREAM-20260706-00732,Kenneth Chavez,kchavez@me.com,(512) 263-7224,LIV Sotheby's,Fort Collins,CO,80664,23,66,B,79,MLS Database,2026-07-06T12:12:57Z
CREAM-20260706-00733,Anthony Mitchell,anthony.mitchell@re/max.com,(614) 987-3627,RE/MAX,Glendale,AZ,85960,18,30,B,74,Cold Outreach,2026-07-06T11:09:10Z
CREAM-20260706-00734,Jennifer Martin,jenniferm@icloud.com,(972) 392-3221,RE/MAX,Fayetteville,NC,28183,5,19,B,64,LinkedIn,2026-07-06T06:57:34Z
CREAM-20260706-00735,Patricia Evans,patriciaevans@hotmail.com,(805) 726-1546,RE/MAX,Cary,NC,28209,15,73,B,83,NAR Directory,2026-07-06T04:36:52Z
CREAM-20260706-00736,Jeffrey Richardson,jrichardson@me.com,(786) 622-1028,Coldwell Banker,Arvada,CO,81724,9,25,B,92,Facebook,2026-07-06T19:05:45Z
CREAM-20260706-00737,Brian Roberts,brian.roberts@gmail.com,(305) 621-3619,Compass,Hollywood,FL,34827,7,26,B,78,NAR Directory,2026-07-06T06:55:15Z
CREAM-20260706-00738,Jessica Long,jlong@kellerwilliams.com,(310) 215-9248,Keller Williams,Gilbert,AZ,85470,0,5,B,95,LinkedIn,2026-07-06T07:32:23Z
CREAM-20260706-00739,Cynthia Ward,cynthia_ward@icloud.com,(916) 939-4949,Russell Lyon Sotheby's,Glendale,AZ,85349,4,25,B,98,Referral Network,2026-07-06T10:01:23Z
CREAM-20260706-00740,Mary Jackson,mary.jackson@re/max.com,(256) 691-5927,RE/MAX,Fayetteville,NC,28579,4,13,B,73,NAR Directory,2026-07-06T21:38:14Z
CREAM-20260706-00741,Linda James,ljames@yahoo.com,(512) 795-8432,Keller Williams,Parma,OH,45817,10,80,B,92,Realtor.com,2026-07-06T22:39:44Z
CREAM-20260706-00742,Elizabeth Lee,elizabethl@re/max.com,(234) 754-9119,RE/MAX,Gilbert,AZ,85877,5,21,B,89,NAR Directory,2026-07-06T10:02:24Z
CREAM-20260706-00743,Eric Morales,emorales@longrealty.com,(404) 614-3633,Long Realty,Gilbert,AZ,86322,2,7,B,69,MLS Database,2026-07-06T09:34:37Z
CREAM-20260706-00744,Tyler Taylor,tylert@gmail.com,(305) 370-8189,Douglas Elliman,Corpus Christi,TX,75596,1,9,B,83,Facebook,2026-07-06T03:10:14Z
CREAM-20260706-00745,Debra Edwards,dedwards@me.com,(234) 703-4561,Compass,Thornton,CO,80430,13,68,B,89,Realtor.com,2026-07-06T10:23:38Z
CREAM-20260706-00746,Joseph Jimenez,joseph_jimenez@me.com,(415) 942-4783,eXp Realty,Pembroke Pines,FL,33502,21,63,B,89,LinkedIn,2026-07-06T23:18:41Z
CREAM-20260706-00747,Thomas Kim,thomask@yahoo.com,(334) 273-5565,Douglas Elliman,Albany,NY,12837,19,43,B,68,Cold Outreach,2026-07-06T17:36:40Z
CREAM-20260706-00748,Carolyn Evans,carolynevans@gmail.com,(704) 378-9455,eXp Realty,Parma,OH,43378,0,2,B,87,Referral Network,2026-07-06T08:43:31Z
CREAM-20260706-00749,Anthony Clark,anthony.clark@icloud.com,(714) 606-9073,Long Realty,Chandler,AZ,85158,6,37,B,100,Realtor.com,2026-07-06T20:41:45Z
CREAM-20260706-00750,Gary Cox,gcox@gmail.com,(929) 879-2632,Coldwell Banker,Fayetteville,NC,27512,8,25,B,73,Brokerage Listings,2026-07-06T10:18:29Z
CREAM-20260706-00751,Paul Jenkins,pjenkins@aol.com,(713) 485-6579,Coldwell Banker,Surprise,AZ,86108,15,42,C,97,MLS Database,2026-07-06T00:43:38Z
CREAM-20260706-00752,David Cox,davidc@berkshirehathaway.com,(214) 428-5912,Berkshire Hathaway,Pueblo,CO,81212,0,0,C,66,Facebook,2026-07-06T18:58:01Z
CREAM-20260706-00753,Debra Chavez,dchavez@icloud.com,(334) 799-9290,RE/MAX,Miramar,FL,34298,3,12,C,97,NAR Directory,2026-07-06T20:48:28Z
CREAM-20260706-00754,Anna Ramirez,anna_ramirez@yahoo.com,(310) 903-2868,RE/MAX,Centennial,CO,81488,0,5,C,63,LinkedIn,2026-07-06T19:36:52Z
CREAM-20260706-00755,Samantha Sanders,samantha.sanders@yahoo.com,(305) 869-4770,eXp Realty,Centennial,CO,80901,23,30,C,63,Realtor.com,2026-07-06T17:11:00Z
CREAM-20260706-00756,Linda Stewart,linda.stewart@icloud.com,(334) 881-5439,Compass,West Palm Beach,FL,34348,15,61,C,87,Website Lead,2026-07-06T13:53:06Z
CREAM-20260706-00757,Angela Reyes,angelar@outlook.com,(212) 210-3084,eXp Realty,Boulder,CO,81443,2,11,C,61,NAR Directory,2026-07-06T15:13:13Z
CREAM-20260706-00758,Paul Ruiz,paul.ruiz@outlook.com,(720) 604-8690,RE/MAX,McAllen,TX,79694,4,11,C,91,Website Lead,2026-07-06T13:40:33Z
CREAM-20260706-00759,Rachel Baker,rbaker@gmail.com,(407) 279-4815,Allie Beth Allman,Mesquite,TX,78505,15,74,C,71,NAR Directory,2026-07-06T03:25:51Z
CREAM-20260706-00760,Michelle Martin,michelle_martin@icloud.com,(980) 868-9813,eXp Realty,Pueblo,CO,81456,21,32,C,73,Referral Network,2026-07-06T07:17:53Z
CREAM-20260706-00761,Nancy Roberts,nancy_roberts@hotmail.com,(972) 525-6345,Briggs Freeman Sotheby's,Grand Prairie,TX,77413,12,52,C,71,Realtor.com,2026-07-06T08:00:29Z
CREAM-20260706-00762,Michael James,michael.james@gmail.com,(704) 872-6929,Coldwell Banker,McAllen,TX,76188,5,9,C,95,Cold Outreach,2026-07-06T10:26:11Z
CREAM-20260706-00763,Nicholas Bennett,nbennett@berkshirehathaway.com,(786) 651-1719,Berkshire Hathaway,Wilmington,NC,28415,18,52,C,78,Trade Show,2026-07-06T06:21:16Z
CREAM-20260706-00764,Amanda Ramos,amandaramos@yahoo.com,(469) 257-9718,Coldwell Banker,Boulder,CO,80273,5,8,C,76,LinkedIn,2026-07-06T19:25:25Z
CREAM-20260706-00765,George Harris,georgeharris@hotmail.com,(980) 286-4781,Keller Williams Realty,Irvine,CA,90439,1,12,C,91,Cold Outreach,2026-07-06T19:29:45Z
CREAM-20260706-00766,Janet Reed,janet.reed@kellerwilliams.com,(646) 614-7536,Keller Williams,Lorain,OH,45802,3,18,C,88,Brokerage Listings,2026-07-06T21:27:55Z
CREAM-20260706-00767,Elizabeth Thompson,elizabetht@hotmail.com,(415) 405-9157,Keller Williams,Boulder,CO,80225,0,2,C,95,Trade Show,2026-07-06T12:25:04Z
CREAM-20260706-00768,Amanda Evans,aevans@icloud.com,(310) 730-6150,Keller Williams Realty,Gainesville,FL,34662,5,18,C,70,Referral Network,2026-07-06T11:08:59Z
CREAM-20260706-00769,Eric Diaz,eric.diaz@aol.com,(980) 611-9312,Huntington Real Estate,Lorain,OH,45151,4,17,C,74,MLS Database,2026-07-06T12:23:41Z
CREAM-20260706-00770,Scott Rogers,scottr@exprealty.com,(214) 738-8735,eXp Realty,Concord,NC,28535,22,56,C,76,Referral Network,2026-07-06T00:06:16Z
CREAM-20260706-00771,Kevin Morgan,kevinm@me.com,(212) 965-4226,Berkshire Hathaway,McKinney,TX,76748,5,12,C,63,MLS Database,2026-07-06T21:12:44Z
CREAM-20260706-00772,Diane Campbell,diane.campbell@icloud.com,(512) 665-2184,8z Real Estate,Centennial,CO,81731,25,32,C,74,Facebook,2026-07-06T01:51:49Z
CREAM-20260706-00773,Anna Torres,anna.torres@gmail.com,(720) 323-4799,Cutler Real Estate,Hamilton,OH,44748,0,2,C,97,Realtor.com,2026-07-06T13:38:28Z
CREAM-20260706-00774,Gary Thompson,gthompson@icloud.com,(704) 669-5377,Douglas Elliman,Brownsville,TX,75958,19,73,C,75,Cold Outreach,2026-07-06T08:26:02Z
CREAM-20260706-00775,Ryan Allen,rallen@gmail.com,(714) 899-2541,Keller Williams,Utica,NY,10897,5,14,C,95,MLS Database,2026-07-06T19:37:57Z
CREAM-20260706-00776,Patrick Mendoza,pmendoza@hotmail.com,(919) 723-4390,Coldwell Banker,Lorain,OH,44827,2,7,C,100,Brokerage Listings,2026-07-06T04:56:30Z
CREAM-20260706-00777,Larry Ruiz,larryr@outlook.com,(786) 931-1975,Huntington Real Estate,Youngstown,OH,45116,4,10,C,61,MLS Database,2026-07-06T12:50:14Z
CREAM-20260706-00778,John Gutierrez,john.gutierrez@yahoo.com,(720) 914-5291,Douglas Elliman,Mount Vernon,NY,10626,0,4,C,100,LinkedIn,2026-07-06T19:46:36Z
CREAM-20260706-00779,Michelle Martin,michelle.martin@hotmail.com,(614) 535-8358,Berkshire Hathaway,Centennial,CO,81473,19,74,C,62,NAR Directory,2026-07-06T15:10:14Z
CREAM-20260706-00780,Christine Rogers,christine_rogers@yahoo.com,(718) 402-4791,Coldwell Banker,Palm Bay,FL,32329,2,4,C,96,Facebook,2026-07-06T15:53:53Z
CREAM-20260706-00781,Cynthia Richardson,cynthiarichardson@hotmail.com,(919) 592-2973,Keller Williams,Pasadena,TX,79125,19,78,C,95,Trade Show,2026-07-06T09:55:09Z
CREAM-20260706-00782,Cynthia Mendoza,cynthiam@longrealty.com,(512) 317-3893,Long Realty,Avondale,AZ,85175,2,4,C,73,MLS Database,2026-07-06T07:56:35Z
CREAM-20260706-00783,Shirley Richardson,shirley.richardson@century21.com,(704) 339-5099,Century 21,Miramar,FL,33186,0,2,C,60,Website Lead,2026-07-06T20:56:12Z
CREAM-20260706-00784,Mark Ortiz,mortiz@aol.com,(713) 728-6184,Keller Williams,Mesquite,TX,79108,25,39,C,68,Realtor.com,2026-07-06T16:33:27Z
CREAM-20260706-00785,Ryan Reed,ryan.reed@gmail.com,(919) 723-8765,Howard Hanna,Concord,NC,27761,22,71,C,67,Brokerage Listings,2026-07-06T20:46:41Z
CREAM-20260706-00786,Nicole Torres,nicoletorres@outlook.com,(646) 871-7139,Berkshire Hathaway,Coral Springs,FL,33433,20,53,C,69,Facebook,2026-07-06T23:09:02Z
CREAM-20260706-00787,Christine Peterson,christine_peterson@yahoo.com,(972) 369-8547,Sotheby's International,Hempstead,NY,13959,14,55,C,73,NAR Directory,2026-07-06T09:22:42Z
CREAM-20260706-00788,Kevin Gomez,kevin.gomez@yahoo.com,(305) 641-3400,eXp Realty,Hamilton,OH,44297,24,28,C,74,Website Lead,2026-07-06T01:17:01Z
CREAM-20260706-00789,Dennis Campbell,dennis_campbell@me.com,(214) 341-9483,RE/MAX,High Point,NC,27724,1,3,C,71,Website Lead,2026-07-06T15:23:19Z
CREAM-20260706-00790,Jason Hernandez,jason.hernandez@yahoo.com,(602) 246-5721,RE/MAX,Lorain,OH,43796,1,12,C,61,Referral Network,2026-07-06T09:44:20Z
CREAM-20260706-00791,Jeffrey Campbell,jeffreyc@me.com,(805) 687-6941,Keller Williams,Canton,OH,45938,3,12,C,77,Referral Network,2026-07-06T10:13:33Z
CREAM-20260706-00792,Elizabeth Morgan,elizabethmorgan@aol.com,(929) 472-5444,RE/MAX,Centennial,CO,81335,10,40,C,68,MLS Database,2026-07-06T16:53:06Z
CREAM-20260706-00793,Richard Ward,richardward@me.com,(646) 978-7168,Compass,Mount Vernon,NY,12677,1,7,C,100,Realtor.com,2026-07-06T10:48:15Z
CREAM-20260706-00794,Diane Powell,dianepowell@me.com,(512) 691-2865,Coldwell Banker,Coral Springs,FL,33992,3,17,C,65,Brokerage Listings,2026-07-06T18:36:44Z
CREAM-20260706-00795,Linda King,linda_king@gmail.com,(469) 346-2316,Keller Williams Realty,Irvine,CA,93453,4,13,C,70,MLS Database,2026-07-06T23:20:48Z
CREAM-20260706-00796,Linda Ward,lward@hotmail.com,(212) 732-7330,Cutler Real Estate,Lorain,OH,43738,23,75,C,62,Realtor.com,2026-07-06T23:44:08Z
CREAM-20260706-00797,Brenda Scott,brendascott@me.com,(407) 279-3640,Compass,Mount Vernon,NY,13360,2,11,C,92,NAR Directory,2026-07-06T18:02:13Z
CREAM-20260706-00798,Jennifer Sanchez,jennifersanchez@icloud.com,(303) 851-8741,eXp Realty,Mesquite,TX,75539,25,29,C,63,LinkedIn,2026-07-06T12:37:47Z
CREAM-20260706-00799,Christopher Sanchez,christopher_sanchez@outlook.com,(713) 616-7540,RE/MAX,High Point,NC,27373,3,9,C,87,Facebook,2026-07-06T22:25:32Z
CREAM-20260706-00800,Stephanie Cruz,scruz@berkshirehathaway.com,(415) 884-2733,Berkshire Hathaway,McAllen,TX,75679,9,29,C,79,NAR Directory,2026-07-06T01:36:15Z
CREAM-20260706-00801,Jack Garcia,jack.garcia@nestseekers.com,(334) 923-7855,Nest Seekers,Mount Vernon,NY,10558,5,19,C,77,Referral Network,2026-07-06T00:19:50Z
CREAM-20260706-00802,Anthony King,anthony_king@yahoo.com,(980) 905-4935,eXp Realty,Greenville,NC,27625,5,16,C,85,Realtor.com,2026-07-06T20:18:13Z
CREAM-20260706-00803,Lisa Cruz,lisa.cruz@me.com,(303) 964-1414,HER Realtors,Youngstown,OH,44945,7,15,C,98,NAR Directory,2026-07-06T13:06:37Z
CREAM-20260706-00804,Michael Bennett,michaelb@re/max.com,(714) 745-6089,RE/MAX,Brownsville,TX,76110,4,18,C,81,Referral Network,2026-07-06T08:36:02Z
CREAM-20260706-00805,Pamela Allen,pamela.allen@compass.com,(234) 838-5542,Compass,Boulder,CO,80956,22,76,C,66,NAR Directory,2026-07-06T13:02:52Z
CREAM-20260706-00806,Daniel Walker,dwalker@berkshirehathaway.com,(256) 359-5115,Berkshire Hathaway,Greenville,NC,28750,22,55,C,87,Cold Outreach,2026-07-06T23:32:06Z
CREAM-20260706-00807,Christine Cook,ccook@compass.com,(310) 845-4129,Compass,Mount Vernon,NY,12393,3,21,C,60,Trade Show,2026-07-06T22:32:57Z
CREAM-20260706-00808,Robert Rivera,robertr@gmail.com,(805) 828-8645,Coldwell Banker,Irvine,CA,96491,24,45,C,73,Trade Show,2026-07-06T22:58:38Z
CREAM-20260706-00809,Joseph Kelly,josephkelly@me.com,(303) 672-9592,Keller Williams,Mesquite,TX,77759,17,35,C,95,Website Lead,2026-07-06T06:37:55Z
CREAM-20260706-00810,Christopher Chavez,cchavez@russelllyonsothebys.com,(303) 569-2559,Russell Lyon Sotheby's,Avondale,AZ,85385,6,20,C,66,Facebook,2026-07-06T10:32:29Z
CREAM-20260706-00811,Angela Cooper,angela.cooper@hotmail.com,(602) 835-9370,Douglas Elliman,Hempstead,NY,11169,2,3,C,91,Referral Network,2026-07-06T02:00:47Z
CREAM-20260706-00812,Eric Perez,ericperez@me.com,(334) 936-7318,Allie Beth Allman,McKinney,TX,78936,18,67,C,97,Referral Network,2026-07-06T09:57:33Z
CREAM-20260706-00813,William Taylor,william_taylor@me.com,(256) 318-3283,Coldwell Banker,Avondale,AZ,86287,19,61,C,90,Realtor.com,2026-07-06T22:42:50Z
CREAM-20260706-00814,Margaret Stewart,margaret_stewart@aol.com,(234) 949-1257,Cutler Real Estate,Lorain,OH,45313,1,7,C,81,Facebook,2026-07-06T09:55:13Z
CREAM-20260706-00815,Kevin Perez,kevin_perez@outlook.com,(404) 579-3049,Berkshire Hathaway,Pasadena,TX,79887,22,38,C,65,NAR Directory,2026-07-06T10:36:46Z
CREAM-20260706-00816,Sarah Harris,sarah.harris@allentate.com,(404) 619-2126,Allen Tate,Greenville,NC,28182,8,34,C,64,Trade Show,2026-07-06T04:02:15Z
CREAM-20260706-00817,Alexander Ruiz,alexander.ruiz@livsothebys.com,(234) 286-7996,LIV Sotheby's,Pueblo,CO,81156,2,9,C,65,Facebook,2026-07-06T17:45:54Z
CREAM-20260706-00818,Kimberly Johnson,kimberlyj@yahoo.com,(929) 775-8148,Long Realty,Peoria,AZ,86704,1,7,C,74,Cold Outreach,2026-07-06T01:15:32Z
CREAM-20260706-00819,Maria Rivera,maria.rivera@outlook.com,(720) 777-3011,HER Realtors,Hamilton,OH,44673,1,10,C,91,NAR Directory,2026-07-06T06:52:49Z
CREAM-20260706-00820,Raymond Reyes,raymondr@allentate.com,(513) 700-9475,Allen Tate,Greenville,NC,28727,5,19,C,83,MLS Database,2026-07-06T10:11:21Z
CREAM-20260706-00821,Emma Brooks,emma_brooks@icloud.com,(305) 274-7167,Sotheby's International,Irvine,CA,90492,1,10,C,65,Referral Network,2026-07-06T06:37:34Z
CREAM-20260706-00822,Elizabeth Wilson,elizabethw@kellerwilliams.com,(310) 546-4507,Keller Williams,Surprise,AZ,86556,2,12,C,96,Trade Show,2026-07-06T22:09:11Z
CREAM-20260706-00823,Catherine Johnson,catherinejohnson@gmail.com,(646) 689-3084,Coldwell Banker,Yuma,AZ,85411,16,68,C,71,Cold Outreach,2026-07-06T10:58:17Z
CREAM-20260706-00824,Raymond Allen,raymond_allen@gmail.com,(234) 660-5377,RE/MAX,Pasadena,TX,79661,5,12,C,95,Referral Network,2026-07-06T22:57:32Z
CREAM-20260706-00825,Nicole Jenkins,njenkins@aol.com,(602) 561-5398,Coldwell Banker,Oxnard,CA,96785,25,61,C,70,LinkedIn,2026-07-06T04:07:24Z
CREAM-20260706-00826,Shirley Gutierrez,sgutierrez@briggsfreemansothebys.com,(720) 753-9843,Briggs Freeman Sotheby's,Brownsville,TX,78365,22,49,C,100,Cold Outreach,2026-07-06T02:56:38Z
CREAM-20260706-00827,Sarah Ramirez,sarahr@coldwellbanker.com,(310) 855-6155,Coldwell Banker,High Point,NC,27462,6,24,C,99,MLS Database,2026-07-06T20:51:06Z
CREAM-20260706-00828,Nancy Chavez,nchavez@howardhanna.com,(916) 574-2857,Howard Hanna,Concord,NC,28666,1,6,C,88,LinkedIn,2026-07-06T20:36:14Z
CREAM-20260706-00829,Larry Watson,lwatson@kellerwilliams.com,(334) 661-2008,Keller Williams,Centennial,CO,80613,5,14,C,76,Trade Show,2026-07-06T15:50:11Z
CREAM-20260706-00830,Jeffrey Sanchez,jeffrey_sanchez@outlook.com,(916) 383-6408,RE/MAX,McKinney,TX,77592,5,9,C,75,Brokerage Listings,2026-07-06T21:01:45Z
CREAM-20260706-00831,Andrew Richardson,arichardson@howardhanna.com,(415) 693-5342,Howard Hanna,Concord,NC,28993,10,43,C,95,MLS Database,2026-07-06T09:33:10Z
CREAM-20260706-00832,Scott Turner,scottt@berkshirehathaway.com,(303) 893-8855,Berkshire Hathaway,McAllen,TX,75705,0,4,C,70,Facebook,2026-07-06T07:14:49Z
CREAM-20260706-00833,Melissa Martin,melissam@me.com,(919) 528-1162,Berkshire Hathaway,West Palm Beach,FL,33895,10,26,C,71,Facebook,2026-07-06T18:23:58Z
CREAM-20260706-00834,Shirley Rodriguez,srodriguez@gmail.com,(407) 884-9822,Berkshire Hathaway,Youngstown,OH,43292,0,0,C,76,Trade Show,2026-07-06T17:59:16Z
CREAM-20260706-00835,Brandon Morales,brandonm@icloud.com,(310) 658-7032,HER Realtors,Hamilton,OH,43937,18,58,C,100,NAR Directory,2026-07-06T10:51:45Z
CREAM-20260706-00836,Kenneth Patel,kpatel@gmail.com,(212) 899-7939,Sotheby's International,Fremont,CA,91198,5,24,C,94,Website Lead,2026-07-06T11:30:57Z
CREAM-20260706-00837,Daniel Ortiz,dortiz@gmail.com,(334) 622-6799,HER Realtors,Hamilton,OH,45134,5,9,C,77,NAR Directory,2026-07-06T11:05:15Z
CREAM-20260706-00838,George Lopez,georgelopez@gmail.com,(404) 926-2550,Keller Williams Realty,Coral Springs,FL,34402,1,4,C,66,MLS Database,2026-07-06T06:23:40Z
CREAM-20260706-00839,Frank Edwards,frank.edwards@brownharrisstevens.com,(919) 906-6723,Brown Harris Stevens,Mount Vernon,NY,11158,4,11,C,96,Trade Show,2026-07-06T20:55:14Z
CREAM-20260706-00840,Donald Perry,donaldp@re/max.com,(704) 673-5054,RE/MAX,Avondale,AZ,86428,3,8,C,78,Brokerage Listings,2026-07-06T02:14:14Z
CREAM-20260706-00841,Kathleen Powell,kpowell@outlook.com,(972) 471-3284,Douglas Elliman,Troy,NY,14462,15,35,C,68,Facebook,2026-07-06T03:32:37Z
CREAM-20260706-00842,Katherine Carter,katherinec@coldwellbanker.com,(513) 956-2740,Coldwell Banker,Grand Prairie,TX,75884,1,3,C,69,MLS Database,2026-07-06T22:26:40Z
CREAM-20260706-00843,Gary Hughes,gary.hughes@aol.com,(805) 646-9098,Pacific Sotheby's,Oxnard,CA,92951,14,44,C,68,Cold Outreach,2026-07-06T21:28:08Z
CREAM-20260706-00844,Katherine Ward,kward@exprealty.com,(303) 315-1154,eXp Realty,West Palm Beach,FL,34116,3,13,C,96,Referral Network,2026-07-06T19:25:19Z
CREAM-20260706-00845,Joseph Myers,josephmyers@hotmail.com,(720) 987-2931,Keller Williams,Utica,NY,14509,0,1,C,93,Realtor.com,2026-07-06T15:47:35Z
CREAM-20260706-00846,Samuel Martinez,samuel_martinez@hotmail.com,(718) 561-5346,Compass,Irvine,CA,93121,1,12,C,71,NAR Directory,2026-07-06T11:03:01Z
CREAM-20260706-00847,Jonathan Walker,jonathan_walker@hotmail.com,(310) 682-1988,Briggs Freeman Sotheby's,Brownsville,TX,76684,3,20,C,69,Brokerage Listings,2026-07-06T06:43:33Z
CREAM-20260706-00848,Barbara Miller,barbara.miller@me.com,(334) 434-5904,RE/MAX,Pueblo,CO,81675,3,17,C,72,LinkedIn,2026-07-06T15:09:05Z
CREAM-20260706-00849,Sharon Gomez,sharon.gomez@coldwellbanker.com,(415) 736-9453,Coldwell Banker,High Point,NC,27231,0,4,C,81,Cold Outreach,2026-07-06T12:36:47Z
CREAM-20260706-00850,Mary Peterson,mary.peterson@re/max.com,(614) 952-4936,RE/MAX,Miramar,FL,32971,1,8,C,82,MLS Database,2026-07-06T13:32:16Z
CREAM-20260706-00851,Janet Perry,janet.perry@coldwellbanker.com,(214) 226-3470,Coldwell Banker,Wilmington,NC,28254,19,36,C,98,Referral Network,2026-07-06T13:08:23Z
CREAM-20260706-00852,Barbara Ruiz,barbara_ruiz@outlook.com,(786) 989-9021,RE/MAX,Avondale,AZ,86375,16,34,C,94,NAR Directory,2026-07-06T09:24:15Z
CREAM-20260706-00853,Gary Ramos,gramos@coldwellbanker.com,(256) 519-4185,Coldwell Banker,Canton,OH,44649,2,4,C,90,LinkedIn,2026-07-06T00:31:25Z
CREAM-20260706-00854,Thomas Edwards,thomasedwards@outlook.com,(980) 350-5949,RE/MAX,Centennial,CO,80343,2,5,C,98,Referral Network,2026-07-06T09:45:29Z
CREAM-20260706-00855,Gregory Lee,gregory_lee@hotmail.com,(720) 302-4706,HER Realtors,Youngstown,OH,43531,9,40,C,64,Realtor.com,2026-07-06T11:45:03Z
CREAM-20260706-00856,Jonathan Morris,jonathan_morris@outlook.com,(212) 828-3947,LIV Sotheby's,Westminster,CO,80296,0,3,C,87,Facebook,2026-07-06T14:00:51Z
CREAM-20260706-00857,Cynthia Wright,cynthia.wright@icloud.com,(334) 544-5709,Compass,Utica,NY,13695,3,15,C,65,Facebook,2026-07-06T19:37:25Z
CREAM-20260706-00858,Rachel Cox,rcox@compass.com,(214) 706-9315,Compass,High Point,NC,27438,4,9,C,88,Realtor.com,2026-07-06T14:56:54Z
CREAM-20260706-00859,Lisa Jackson,ljackson@me.com,(602) 291-9680,Pacific Sotheby's,Moreno Valley,CA,90676,14,43,C,77,Cold Outreach,2026-07-06T14:20:58Z
CREAM-20260706-00860,Margaret Smith,margarets@gmail.com,(980) 399-5003,Coldwell Banker,Hamilton,OH,44905,1,6,C,81,Cold Outreach,2026-07-06T01:20:05Z
CREAM-20260706-00861,Margaret Young,margaret.young@yahoo.com,(310) 725-9339,eXp Realty,Pueblo,CO,81415,2,9,C,65,Referral Network,2026-07-06T03:04:56Z
CREAM-20260706-00862,Ronald Patel,ronaldp@century21.com,(805) 498-1199,Century 21,Palm Bay,FL,34179,16,46,C,84,Brokerage Listings,2026-07-06T06:19:10Z
CREAM-20260706-00863,Eric Howard,erich@aol.com,(512) 705-7357,Compass,Coral Springs,FL,32352,21,57,C,93,Referral Network,2026-07-06T05:38:21Z
CREAM-20260706-00864,Laura Cooper,lcooper@kellerwilliams.com,(415) 719-4990,Keller Williams,Avondale,AZ,86895,6,25,C,65,Trade Show,2026-07-06T05:28:26Z
CREAM-20260706-00865,Brandon Reyes,brandon.reyes@icloud.com,(646) 542-9801,RE/MAX,Youngstown,OH,45291,1,12,C,67,MLS Database,2026-07-06T13:24:05Z
CREAM-20260706-00866,Larry Evans,larryevans@outlook.com,(602) 657-4883,Berkshire Hathaway HomeServices,Huntington Beach,CA,91725,0,3,C,74,Facebook,2026-07-06T03:25:28Z
CREAM-20260706-00867,Michael Hughes,michaelh@berkshirehathaway.com,(704) 789-1564,Berkshire Hathaway,Westminster,CO,80263,20,56,C,85,Realtor.com,2026-07-06T09:32:51Z
CREAM-20260706-00868,Larry Richardson,lrichardson@yahoo.com,(972) 425-8684,Douglas Elliman,Gainesville,FL,33411,7,20,C,84,Brokerage Listings,2026-07-06T21:42:19Z
CREAM-20260706-00869,Michelle Wright,michelle.wright@hotmail.com,(214) 939-8313,Douglas Elliman,White Plains,NY,12305,7,32,C,81,LinkedIn,2026-07-06T08:45:29Z
CREAM-20260706-00870,Jason Young,jason.young@kellerwilliamsrealty.com,(919) 605-8566,Keller Williams Realty,Coral Springs,FL,34385,24,37,C,74,Brokerage Listings,2026-07-06T22:13:41Z
CREAM-20260706-00871,Aaron Moore,aaron.moore@yahoo.com,(614) 502-3269,8z Real Estate,Boulder,CO,80292,4,22,C,86,Facebook,2026-07-06T00:31:27Z
CREAM-20260706-00872,Joseph Davis,joseph_davis@icloud.com,(713) 292-8417,eXp Realty,Coral Springs,FL,32929,0,2,C,91,Cold Outreach,2026-07-06T10:14:05Z
CREAM-20260706-00873,Mark Martin,mark.martin@icloud.com,(614) 566-5177,Coldwell Banker,Pasadena,TX,78751,2,11,C,66,Cold Outreach,2026-07-06T01:25:45Z
CREAM-20260706-00874,Richard Allen,richard_allen@gmail.com,(972) 571-4875,Coldwell Banker,Hamilton,OH,43768,1,6,C,84,Trade Show,2026-07-06T03:22:56Z
CREAM-20260706-00875,Eric Brown,ericb@hotmail.com,(415) 257-6728,Halstead,Troy,NY,13505,6,38,C,83,Website Lead,2026-07-06T13:58:46Z
CREAM-20260706-00876,Eric Morris,emorris@yahoo.com,(256) 416-6428,Coldwell Banker,Centennial,CO,80749,21,61,C,96,Brokerage Listings,2026-07-06T08:15:40Z
CREAM-20260706-00877,Lisa Campbell,lisa.campbell@berkshirehathawayhomeservices.com,(214) 328-8344,Berkshire Hathaway HomeServices,Irvine,CA,95119,2,4,C,74,Website Lead,2026-07-06T00:06:26Z
CREAM-20260706-00878,Rebecca Jenkins,rebecca.jenkins@hotmail.com,(334) 412-3977,Douglas Elliman,Pasadena,TX,76214,6,36,C,99,MLS Database,2026-07-06T17:03:14Z
CREAM-20260706-00879,Nancy Ramirez,nramirez@kellerwilliams.com,(513) 437-1194,Keller Williams,Boulder,CO,81475,2,6,C,73,Cold Outreach,2026-07-06T21:41:39Z
CREAM-20260706-00880,Jason Gomez,jasong@me.com,(513) 937-4098,RE/MAX,Modesto,CA,90221,13,78,C,71,MLS Database,2026-07-06T16:15:35Z
CREAM-20260706-00881,Debra Rogers,debrar@douglaselliman.com,(305) 817-9078,Douglas Elliman,Miramar,FL,33464,1,5,C,61,NAR Directory,2026-07-06T09:55:28Z
CREAM-20260706-00882,Ashley Johnson,ashley.johnson@gmail.com,(972) 875-6764,Russell Lyon Sotheby's,Peoria,AZ,86863,25,72,C,84,Referral Network,2026-07-06T13:20:19Z
CREAM-20260706-00883,Dorothy Ward,dorothy_ward@yahoo.com,(407) 357-6526,Douglas Elliman,Palm Bay,FL,34905,2,5,C,86,NAR Directory,2026-07-06T18:01:21Z
CREAM-20260706-00884,David Gonzalez,davidg@me.com,(310) 765-6317,eXp Realty,Modesto,CA,90577,11,78,C,65,Referral Network,2026-07-06T10:53:42Z
CREAM-20260706-00885,Carolyn Roberts,croberts@aol.com,(786) 365-1724,Brown Harris Stevens,Troy,NY,11942,21,53,C,92,Cold Outreach,2026-07-06T00:25:34Z
CREAM-20260706-00886,Timothy Clark,tclark@gmail.com,(303) 827-9489,RE/MAX,Boulder,CO,81759,2,9,C,88,Cold Outreach,2026-07-06T04:49:01Z
CREAM-20260706-00887,Amanda Rivera,amanda.rivera@icloud.com,(713) 556-8251,HomeSmart,Surprise,AZ,85609,0,0,C,93,Website Lead,2026-07-06T01:02:16Z
CREAM-20260706-00888,Betty Russell,bettyr@exprealty.com,(512) 418-8653,eXp Realty,Moreno Valley,CA,91665,4,14,C,62,Trade Show,2026-07-06T02:56:56Z
CREAM-20260706-00889,James Scott,james.scott@berkshirehathaway.com,(310) 698-4416,Berkshire Hathaway,Avondale,AZ,86408,4,24,C,88,Website Lead,2026-07-06T21:05:55Z
CREAM-20260706-00890,Christine Johnson,christine_johnson@outlook.com,(720) 376-2489,Berkshire Hathaway,Hamilton,OH,44280,2,9,C,83,Trade Show,2026-07-06T05:01:53Z
CREAM-20260706-00891,Matthew Hall,matthew.hall@outlook.com,(469) 743-4061,Keller Williams,McKinney,TX,77739,1,11,C,72,MLS Database,2026-07-06T00:48:54Z
CREAM-20260706-00892,Kimberly Lee,klee@outlook.com,(714) 964-2730,LIV Sotheby's,Centennial,CO,80467,16,30,C,79,Referral Network,2026-07-06T02:07:07Z
CREAM-20260706-00893,Ruth King,ruthk@re/max.com,(305) 754-7552,RE/MAX,Westminster,CO,80171,4,10,C,69,Cold Outreach,2026-07-06T22:06:04Z
CREAM-20260706-00894,Alexander Price,alexander.price@icloud.com,(513) 533-9238,eXp Realty,Mesquite,TX,77603,11,69,C,100,Trade Show,2026-07-06T03:16:51Z
CREAM-20260706-00895,Dorothy Harris,dorothy.harris@gmail.com,(305) 506-1617,Compass,West Palm Beach,FL,33222,3,13,C,91,Facebook,2026-07-06T00:01:37Z
CREAM-20260706-00896,Ruth Carter,ruth.carter@re/max.com,(415) 638-7933,RE/MAX,Gainesville,FL,32829,3,13,C,69,Referral Network,2026-07-06T17:11:40Z
CREAM-20260706-00897,Andrew Kim,andrew.kim@gmail.com,(212) 297-6968,Berkshire Hathaway,Hamilton,OH,44153,12,28,C,91,NAR Directory,2026-07-06T12:03:51Z
CREAM-20260706-00898,Ruth Johnson,rjohnson@longrealty.com,(469) 622-3765,Long Realty,Peoria,AZ,86453,1,9,C,91,Facebook,2026-07-06T16:39:49Z
CREAM-20260706-00899,Michael Rivera,michael.rivera@kellerwilliams.com,(646) 919-6088,Keller Williams,Troy,NY,13209,22,40,C,95,Facebook,2026-07-06T23:47:46Z
CREAM-20260706-00900,David Green,david.green@aol.com,(305) 855-8404,LIV Sotheby's,Pueblo,CO,81705,4,8,C,75,Cold Outreach,2026-07-06T03:07:08Z
CREAM-20260706-00901,David Richardson,davidrichardson@yahoo.com,(305) 354-3166,Cutler Real Estate,Youngstown,OH,43584,5,12,C,66,Brokerage Listings,2026-07-06T09:38:17Z
CREAM-20260706-00902,Michael Ross,michael.ross@douglaselliman.com,(310) 598-2641,Douglas Elliman,Mount Vernon,NY,12772,9,39,C,69,Referral Network,2026-07-06T20:03:44Z
CREAM-20260706-00903,John Wright,jwright@me.com,(919) 850-9312,Cutler Real Estate,Lorain,OH,43764,25,48,C,63,Website Lead,2026-07-06T01:16:25Z
CREAM-20260706-00904,Debra Patel,debra.patel@compass.com,(513) 745-5758,Compass,Oxnard,CA,95572,21,73,C,91,Facebook,2026-07-06T23:07:56Z
CREAM-20260706-00905,Mary Cruz,mary.cruz@allentate.com,(972) 722-1949,Allen Tate,Wilmington,NC,28959,19,79,C,91,Realtor.com,2026-07-06T03:18:57Z
CREAM-20260706-00906,Emma Adams,emma.adams@aol.com,(980) 363-2693,Coldwell Banker,Palm Bay,FL,32187,0,2,C,81,Realtor.com,2026-07-06T14:43:38Z
CREAM-20260706-00907,Justin Scott,justin.scott@compass.com,(602) 355-8647,Compass,Clearwater,FL,32243,21,62,C,97,Referral Network,2026-07-06T02:58:35Z
CREAM-20260706-00908,Frank Mendoza,fmendoza@aol.com,(929) 459-6850,Coldwell Banker,McAllen,TX,77688,9,27,C,73,Facebook,2026-07-06T10:54:22Z
CREAM-20260706-00909,Shirley Watson,shirley_watson@outlook.com,(214) 979-8261,eXp Realty,Clearwater,FL,33422,22,47,C,68,NAR Directory,2026-07-06T01:54:11Z
CREAM-20260706-00910,Tyler Mendoza,tyler.mendoza@exprealty.com,(214) 779-4948,eXp Realty,Yuma,AZ,85472,4,25,C,71,Referral Network,2026-07-06T09:45:52Z
CREAM-20260706-00911,Edward Diaz,edwardd@aol.com,(972) 714-8813,Berkshire Hathaway,Gainesville,FL,32144,5,10,C,95,Realtor.com,2026-07-06T17:08:49Z
CREAM-20260706-00912,Helen Thomas,helen.thomas@briggsfreemansothebys.com,(334) 682-7074,Briggs Freeman Sotheby's,Mesquite,TX,77877,5,8,C,82,Facebook,2026-07-06T03:04:24Z
CREAM-20260706-00913,Dennis Gray,dennisgray@hotmail.com,(916) 537-3293,Berkshire Hathaway,Pueblo,CO,80857,21,71,C,69,NAR Directory,2026-07-06T23:31:24Z
CREAM-20260706-00914,Janet Rivera,janetrivera@outlook.com,(713) 443-1622,Berkshire Hathaway,Yuma,AZ,85584,10,64,C,99,LinkedIn,2026-07-06T20:06:05Z
CREAM-20260706-00915,Charles Roberts,croberts@nestseekers.com,(704) 887-9621,Nest Seekers,Troy,NY,12551,1,11,C,73,MLS Database,2026-07-06T03:09:25Z
CREAM-20260706-00916,Jack Flores,jackflores@outlook.com,(334) 613-5014,eXp Realty,Pueblo,CO,80376,4,23,C,86,Trade Show,2026-07-06T09:33:50Z
CREAM-20260706-00917,Kathleen Morgan,kmorgan@gmail.com,(916) 982-9638,Keller Williams Realty,Modesto,CA,95926,1,9,C,81,Realtor.com,2026-07-06T07:16:28Z
CREAM-20260706-00918,Eric Reyes,eric_reyes@gmail.com,(713) 798-2591,eXp Realty,Avondale,AZ,86724,4,25,C,92,LinkedIn,2026-07-06T16:12:09Z
CREAM-20260706-00919,Aaron Bennett,aaron.bennett@compass.com,(310) 457-3162,Compass,Westminster,CO,81260,5,17,C,61,Facebook,2026-07-06T14:30:36Z
CREAM-20260706-00920,Jacob Harris,jacob.harris@icloud.com,(310) 372-8529,RE/MAX,Pasadena,TX,75739,4,11,C,90,LinkedIn,2026-07-06T10:51:32Z
CREAM-20260706-00921,Christopher Smith,csmith@coldwellbanker.com,(212) 717-7862,Coldwell Banker,Wilmington,NC,28336,24,60,C,73,Referral Network,2026-07-06T06:27:55Z
CREAM-20260706-00922,Debra Rivera,debrarivera@icloud.com,(916) 345-8904,eXp Realty,Mesquite,TX,78135,5,15,C,99,LinkedIn,2026-07-06T15:12:48Z
CREAM-20260706-00923,Justin Watson,justin_watson@me.com,(234) 949-7188,RE/MAX,Yuma,AZ,86688,15,51,C,93,NAR Directory,2026-07-06T06:48:18Z
CREAM-20260706-00924,Joseph Brooks,joseph.brooks@compass.com,(214) 509-6389,Compass,West Palm Beach,FL,33223,0,0,C,63,LinkedIn,2026-07-06T02:03:23Z
CREAM-20260706-00925,Paul Carter,paulc@icloud.com,(512) 597-6821,Coldwell Banker,High Point,NC,27733,19,68,C,71,Realtor.com,2026-07-06T10:59:43Z
CREAM-20260706-00926,Edward Ortiz,edwardortiz@hotmail.com,(305) 934-6999,Keller Williams,Wilmington,NC,27835,0,2,C,98,NAR Directory,2026-07-06T23:07:40Z
CREAM-20260706-00927,Janet Brown,jbrown@outlook.com,(513) 728-2684,Coldwell Banker,Lorain,OH,44815,20,69,C,82,Referral Network,2026-07-06T04:23:29Z
CREAM-20260706-00928,Mary Carter,mary.carter@hotmail.com,(646) 292-3173,RE/MAX,Lorain,OH,44720,8,18,C,86,MLS Database,2026-07-06T20:56:57Z
CREAM-20260706-00929,John Stewart,john.stewart@outlook.com,(614) 222-1412,Sotheby's International,Huntington Beach,CA,92195,1,4,C,69,LinkedIn,2026-07-06T12:14:18Z
CREAM-20260706-00930,Nancy Miller,nancymiller@me.com,(234) 639-3282,Berkshire Hathaway,Pasadena,TX,77579,9,18,C,67,Trade Show,2026-07-06T21:23:30Z
CREAM-20260706-00931,Jason Robinson,jasonr@outlook.com,(714) 568-8209,Brown Harris Stevens,White Plains,NY,12490,11,29,C,99,MLS Database,2026-07-06T21:08:18Z
CREAM-20260706-00932,Carol Gray,cgray@outlook.com,(513) 924-2315,Berkshire Hathaway,Canton,OH,43410,5,22,C,78,LinkedIn,2026-07-06T00:06:33Z
CREAM-20260706-00933,Sharon Flores,sharonflores@yahoo.com,(805) 663-7115,Coldwell Banker,Palm Bay,FL,33322,4,8,C,62,Referral Network,2026-07-06T17:39:28Z
CREAM-20260706-00934,Shirley Gutierrez,shirley.gutierrez@yahoo.com,(469) 997-9040,Coldwell Banker,Centennial,CO,81999,22,75,C,81,Cold Outreach,2026-07-06T18:17:32Z
CREAM-20260706-00935,Donald Peterson,dpeterson@hotmail.com,(718) 934-5555,RE/MAX,Pasadena,TX,77358,6,27,C,90,Brokerage Listings,2026-07-06T02:23:16Z
CREAM-20260706-00936,Michelle Jackson,michelle_jackson@outlook.com,(256) 804-2406,Keller Williams Realty,West Palm Beach,FL,32332,8,38,C,74,Brokerage Listings,2026-07-06T13:16:17Z
CREAM-20260706-00937,Ruth Gutierrez,ruth.gutierrez@me.com,(512) 371-3322,RE/MAX,Pasadena,TX,78875,0,2,C,89,NAR Directory,2026-07-06T16:47:31Z
CREAM-20260706-00938,Pamela Russell,pamelar@coldwellbanker.com,(305) 582-8909,Coldwell Banker,McKinney,TX,77629,4,11,C,98,Trade Show,2026-07-06T12:20:36Z
CREAM-20260706-00939,Catherine Wright,catherine_wright@gmail.com,(404) 978-6823,Corcoran Group,Mount Vernon,NY,12526,24,29,C,93,NAR Directory,2026-07-06T02:51:12Z
CREAM-20260706-00940,Shirley Turner,shirley_turner@outlook.com,(214) 889-7416,Huntington Real Estate,Lorain,OH,44492,3,22,C,61,Trade Show,2026-07-06T19:34:25Z
CREAM-20260706-00941,Donna Rogers,drogers@yahoo.com,(916) 923-8068,RE/MAX,Moreno Valley,CA,90388,7,39,C,72,Brokerage Listings,2026-07-06T22:02:45Z
CREAM-20260706-00942,Katherine Reed,katherine.reed@exprealty.com,(919) 599-1275,eXp Realty,Modesto,CA,91400,24,40,C,89,MLS Database,2026-07-06T18:59:08Z
CREAM-20260706-00943,Jack Patel,jack_patel@yahoo.com,(786) 515-7363,Berkshire Hathaway,Palm Bay,FL,32415,20,31,C,63,MLS Database,2026-07-06T10:34:39Z
CREAM-20260706-00944,Kenneth Rogers,krogers@gmail.com,(614) 871-4347,HomeSmart,Avondale,AZ,85219,1,7,C,98,Brokerage Listings,2026-07-06T19:34:16Z
CREAM-20260706-00945,James Morales,jamesm@hotmail.com,(646) 727-4455,Compass,Boulder,CO,81333,12,73,C,68,Cold Outreach,2026-07-06T19:35:43Z
CREAM-20260706-00946,Margaret Myers,mmyers@kellerwilliamsrealty.com,(234) 228-9233,Keller Williams Realty,Coral Springs,FL,32327,15,66,C,70,Trade Show,2026-07-06T10:21:25Z
CREAM-20260706-00947,Patricia Jenkins,patricia.jenkins@yahoo.com,(303) 422-4715,Pacific Sotheby's,Moreno Valley,CA,92920,20,63,C,87,Realtor.com,2026-07-06T19:46:50Z
CREAM-20260706-00948,Jonathan Ruiz,jonathan_ruiz@outlook.com,(415) 992-9426,RE/MAX,West Palm Beach,FL,34630,1,8,C,82,Brokerage Listings,2026-07-06T12:26:14Z
CREAM-20260706-00949,Jacob Hughes,jhughes@hotmail.com,(713) 355-1393,Keller Williams,Troy,NY,11386,18,77,C,68,Facebook,2026-07-06T19:30:44Z
CREAM-20260706-00950,Kenneth Ramirez,kennethramirez@yahoo.com,(334) 280-8127,Compass,Wilmington,NC,28471,20,58,C,83,Trade Show,2026-07-06T08:55:54Z
CREAM-20260706-00951,Betty Wright,bwright@outlook.com,(234) 912-6363,RE/MAX,Boulder,CO,81391,25,58,C,61,Realtor.com,2026-07-06T21:47:44Z
CREAM-20260706-00952,Michael Sanchez,michael.sanchez@aol.com,(512) 949-1327,eXp Realty,Pasadena,TX,78487,5,24,C,97,Brokerage Listings,2026-07-06T14:50:44Z
CREAM-20260706-00953,Anthony Brown,anthonyb@aol.com,(704) 820-7932,eXp Realty,Wilmington,NC,27523,12,58,C,99,LinkedIn,2026-07-06T05:33:47Z
CREAM-20260706-00954,Sandra Flores,sflores@compass.com,(212) 324-7830,Compass,Moreno Valley,CA,91534,2,12,C,88,Website Lead,2026-07-06T21:10:57Z
CREAM-20260706-00955,Joseph Lee,joseph.lee@hotmail.com,(303) 363-3409,eXp Realty,Yuma,AZ,86692,21,42,C,99,Brokerage Listings,2026-07-06T18:02:06Z
CREAM-20260706-00956,Gregory Jenkins,gregoryj@outlook.com,(929) 594-3711,Sotheby's International,Moreno Valley,CA,96259,8,40,C,64,Brokerage Listings,2026-07-06T01:20:52Z
CREAM-20260706-00957,Eric Hughes,erichughes@yahoo.com,(303) 266-4467,Briggs Freeman Sotheby's,McKinney,TX,78385,3,10,C,81,Trade Show,2026-07-06T22:58:17Z
CREAM-20260706-00958,Catherine Jones,cjones@century21.com,(469) 268-3894,Century 21,West Palm Beach,FL,34841,2,9,C,74,NAR Directory,2026-07-06T11:10:05Z
CREAM-20260706-00959,Benjamin Powell,benjaminp@hotmail.com,(718) 619-3317,Coldwell Banker,Youngstown,OH,45783,16,78,C,69,Website Lead,2026-07-06T15:49:04Z
CREAM-20260706-00960,Deborah Brooks,deborahb@russelllyonsothebys.com,(704) 343-8808,Russell Lyon Sotheby's,Yuma,AZ,86915,16,41,C,76,Realtor.com,2026-07-06T20:26:27Z
CREAM-20260706-00961,Janet Collins,jcollins@douglaselliman.com,(256) 520-5372,Douglas Elliman,Clearwater,FL,33226,3,10,C,82,Facebook,2026-07-06T04:53:27Z
CREAM-20260706-00962,Justin Brooks,justinb@coldwellbanker.com,(714) 277-1354,Coldwell Banker,Huntington Beach,CA,93103,5,11,C,61,LinkedIn,2026-07-06T09:48:19Z
CREAM-20260706-00963,Kimberly Campbell,kimberlyc@gmail.com,(305) 615-6053,RE/MAX,Boulder,CO,80895,0,3,C,87,Realtor.com,2026-07-06T07:32:19Z
CREAM-20260706-00964,Angela Gutierrez,angelagutierrez@outlook.com,(713) 415-1768,Douglas Elliman,Palm Bay,FL,32968,15,37,C,77,Website Lead,2026-07-06T04:58:53Z
CREAM-20260706-00965,Angela Lopez,angela.lopez@kellerwilliams.com,(305) 900-3947,Keller Williams,Mesquite,TX,79966,24,42,C,94,Brokerage Listings,2026-07-06T06:31:55Z
CREAM-20260706-00966,Michelle Williams,michelle.williams@longrealty.com,(234) 255-7725,Long Realty,Peoria,AZ,86955,0,2,C,83,Brokerage Listings,2026-07-06T06:13:54Z
CREAM-20260706-00967,Jessica Sanchez,jessicas@yahoo.com,(929) 586-6136,RE/MAX,Brownsville,TX,76195,20,36,C,80,Brokerage Listings,2026-07-06T16:26:55Z
CREAM-20260706-00968,Frank Gray,frank_gray@aol.com,(704) 239-8688,Compass,Modesto,CA,95481,7,21,C,89,Website Lead,2026-07-06T18:27:15Z
CREAM-20260706-00969,Ryan Sanchez,ryans@allentate.com,(929) 593-3662,Allen Tate,Greenville,NC,27311,17,61,C,87,Trade Show,2026-07-06T07:25:34Z
CREAM-20260706-00970,Rebecca Wilson,rwilson@yahoo.com,(704) 546-6001,LIV Sotheby's,Boulder,CO,80387,2,4,C,63,Trade Show,2026-07-06T02:13:09Z
CREAM-20260706-00971,Carol Kelly,carolkelly@me.com,(513) 799-4831,HER Realtors,Hamilton,OH,45945,15,61,C,88,Realtor.com,2026-07-06T14:43:25Z
CREAM-20260706-00972,Anna Carter,anna.carter@corcorangroup.com,(972) 396-5186,Corcoran Group,Schenectady,NY,14175,6,22,C,60,MLS Database,2026-07-06T23:31:39Z
CREAM-20260706-00973,Maria Myers,mmyers@alliebethallman.com,(916) 786-7283,Allie Beth Allman,Pasadena,TX,78780,7,35,C,71,MLS Database,2026-07-06T22:20:53Z
CREAM-20260706-00974,Patricia Thompson,pthompson@howardhanna.com,(469) 852-6581,Howard Hanna,Greenville,NC,27738,14,73,C,76,Cold Outreach,2026-07-06T16:01:06Z
CREAM-20260706-00975,Raymond Green,raymondgreen@outlook.com,(919) 367-4727,Douglas Elliman,Clearwater,FL,34555,5,9,C,85,NAR Directory,2026-07-06T13:09:25Z
CREAM-20260706-00976,Eric Allen,eric.allen@icloud.com,(786) 728-7244,Sotheby's International,Mount Vernon,NY,14694,3,17,C,69,Trade Show,2026-07-06T09:37:42Z
CREAM-20260706-00977,Margaret Ramos,mramos@compass.com,(513) 870-1821,Compass,Greenville,NC,27479,22,29,C,75,MLS Database,2026-07-06T16:41:43Z
CREAM-20260706-00978,Charles Ramos,charlesr@gmail.com,(916) 697-1929,Century 21,Palm Bay,FL,32384,3,25,C,75,Brokerage Listings,2026-07-06T12:17:32Z
CREAM-20260706-00979,Jessica Ortiz,jessica_ortiz@aol.com,(512) 887-6379,Coldwell Banker,Gainesville,FL,33607,18,27,C,82,Website Lead,2026-07-06T16:11:54Z
CREAM-20260706-00980,Matthew Martin,matthewm@me.com,(720) 788-7492,Douglas Elliman,Hempstead,NY,10415,13,74,C,70,Facebook,2026-07-06T19:47:42Z
CREAM-20260706-00981,James Evans,james.evans@yahoo.com,(513) 517-5859,Sotheby's International,Troy,NY,13659,17,78,C,68,Referral Network,2026-07-06T10:34:39Z
CREAM-20260706-00982,Stephanie Morris,stephanie.morris@outlook.com,(805) 856-8977,Coldwell Banker,Centennial,CO,80263,7,25,C,84,Brokerage Listings,2026-07-06T15:44:46Z
CREAM-20260706-00983,Emily Cooper,emilyc@berkshirehathaway.com,(646) 607-9075,Berkshire Hathaway,Coral Springs,FL,33177,1,10,C,66,Website Lead,2026-07-06T02:12:08Z
CREAM-20260706-00984,Anna Cooper,acooper@coldwellbanker.com,(614) 614-1010,Coldwell Banker,Wilmington,NC,28173,8,29,C,73,Trade Show,2026-07-06T01:49:58Z
CREAM-20260706-00985,Karen Perry,kperry@me.com,(512) 696-3062,Cutler Real Estate,Canton,OH,43557,13,46,C,79,NAR Directory,2026-07-06T17:14:51Z
CREAM-20260706-00986,Cynthia Martinez,cynthia_martinez@gmail.com,(720) 410-6236,Compass,White Plains,NY,13807,4,16,C,74,Cold Outreach,2026-07-06T16:19:03Z
CREAM-20260706-00987,Joshua Rogers,joshua.rogers@me.com,(305) 829-1831,Compass,Coral Springs,FL,32833,3,10,C,97,Trade Show,2026-07-06T14:08:39Z
CREAM-20260706-00988,Edward Ross,edwardr@hotmail.com,(646) 927-3081,Corcoran Group,Utica,NY,14716,12,32,C,92,Brokerage Listings,2026-07-06T17:04:09Z
CREAM-20260706-00989,Jacob Wood,jacobwood@me.com,(718) 372-2251,Pacific Sotheby's,Irvine,CA,96428,0,4,C,96,Website Lead,2026-07-06T06:39:21Z
CREAM-20260706-00990,James Rivera,jrivera@gmail.com,(704) 797-9902,eXp Realty,Huntington Beach,CA,96466,15,72,C,97,Brokerage Listings,2026-07-06T03:31:47Z
CREAM-20260706-00991,Anthony Russell,anthonyrussell@icloud.com,(407) 263-9876,Douglas Elliman,Hempstead,NY,11700,6,37,C,100,Facebook,2026-07-06T13:43:48Z
CREAM-20260706-00992,Michael Edwards,medwards@kellerwilliams.com,(714) 402-8488,Keller Williams,Pueblo,CO,81901,0,5,C,69,Facebook,2026-07-06T01:10:42Z
CREAM-20260706-00993,Kathleen Allen,kathleen.allen@exprealty.com,(786) 916-5406,eXp Realty,Clearwater,FL,32104,15,64,C,99,Realtor.com,2026-07-06T08:38:10Z
CREAM-20260706-00994,Joseph Richardson,jrichardson@kellerwilliams.com,(805) 273-3577,Keller Williams,Mesquite,TX,75758,6,24,C,94,NAR Directory,2026-07-06T16:14:42Z
CREAM-20260706-00995,Charles Ramirez,charlesramirez@aol.com,(980) 966-3817,Keller Williams,Utica,NY,13233,1,3,C,99,Trade Show,2026-07-06T21:54:23Z
CREAM-20260706-00996,Jason Wilson,jwilson@icloud.com,(919) 440-2888,RE/MAX,Hamilton,OH,45194,2,11,C,81,Cold Outreach,2026-07-06T08:24:38Z
CREAM-20260706-00997,Sandra Foster,sandraf@gmail.com,(713) 374-6180,eXp Realty,McKinney,TX,76246,4,21,C,96,Brokerage Listings,2026-07-06T01:08:49Z
CREAM-20260706-00998,Diane Mendoza,dmendoza@icloud.com,(980) 242-2203,LIV Sotheby's,Westminster,CO,81253,17,38,C,91,Referral Network,2026-07-06T13:57:07Z
CREAM-20260706-00999,Jonathan Thomas,jonathant@cutlerrealestate.com,(212) 253-6573,Cutler Real Estate,Canton,OH,43312,1,6,C,88,MLS Database,2026-07-06T05:15:23Z
CREAM-20260706-01000,Sarah Bennett,sarah.bennett@kellerwilliams.com,(646) 288-5819,Keller Williams,Westminster,CO,81775,16,52,C,63,Referral Network,2026-07-06T22:19:01Z
