id,full_name,name,first_name,last_name,email,phone,brokerage,company,metro_area,city,state,zip,years_experience,transactions_12mo,transactions_last_year,sales_volume,rating,priority,cream_fit_score,source,brokerage_size,scraped_at
CREAM-20260929-00001,Heather Robinson,Heather Robinson,Heather,Robinson,heather_robinson@yahoo.com,(256) 433-1126,Sotheby's International,Sotheby's International,New York City,New York City,NY,10646,18,36,36,20620679,3.0,A,64,Cold Outreach,Boutique (2-10 agents),2026-09-29T06:51:10Z
CREAM-20260929-00002,Ashley Anderson,Ashley Anderson,Ashley,Anderson,ashleyanderson@aol.com,(646) 647-1953,Briggs Freeman Sotheby's,Briggs Freeman Sotheby's,Austin,Austin,TX,76786,0,1,1,271595,3.0,A,85,LinkedIn,Large (51-200 agents),2026-09-29T07:31:47Z
CREAM-20260929-00003,Megan Harris,Megan Harris,Megan,Harris,mharris@kellerwilliams.com,(407) 917-4739,Keller Williams,Keller Williams,Raleigh,Raleigh,NC,27740,19,76,76,31650545,3.6,A,76,NAR Directory,Large (51-200 agents),2026-09-29T02:48:58Z
CREAM-20260929-00004,Timothy Campbell,Timothy Campbell,Timothy,Campbell,timothycampbell@icloud.com,(713) 527-4659,eXp Realty,eXp Realty,Scottsdale,Scottsdale,AZ,86738,0,3,3,871366,3.4,A,93,LinkedIn,Large (51-200 agents),2026-09-29T12:22:27Z
CREAM-20260929-00005,Larry Davis,Larry Davis,Larry,Davis,larry.davis@coldwellbanker.com,(404) 307-8289,Coldwell Banker,Coldwell Banker,Charlotte,Charlotte,NC,27206,2,5,5,1522819,3.1,A,69,Facebook,Independent,2026-09-29T06:40:32Z
CREAM-20260929-00006,Benjamin Jenkins,Benjamin Jenkins,Benjamin,Jenkins,benjaminjenkins@me.com,(305) 298-8800,Keller Williams,Keller Williams,Staten Island,Staten Island,NY,10504,5,18,18,12840699,3.1,A,79,Facebook,Large (51-200 agents),2026-09-29T17:57:57Z
CREAM-20260929-00007,Keith Gray,Keith Gray,Keith,Gray,keithg@re/max.com,(646) 954-3679,RE/MAX,RE/MAX,Austin,Austin,TX,77271,4,17,17,6668006,4.6,A,98,Cold Outreach,Enterprise (200+ agents),2026-09-29T11:25:53Z
CREAM-20260929-00008,Sandra Collins,Sandra Collins,Sandra,Collins,scollins@aol.com,(404) 486-7774,Russell Lyon Sotheby's,Russell Lyon Sotheby's,Phoenix,Phoenix,AZ,86599,5,18,18,8244830,3.3,A,72,NAR Directory,Boutique (2-10 agents),2026-09-29T22:14:34Z
CREAM-20260929-00009,Sarah Lopez,Sarah Lopez,Sarah,Lopez,sarahlopez@gmail.com,(256) 351-7442,Allen Tate,Allen Tate,Greensboro,Greensboro,NC,27496,17,41,41,18449610,3.3,A,65,Referral Network,Mid-size (11-50 agents),2026-09-29T23:00:54Z
CREAM-20260929-00010,Christopher Cox,Christopher Cox,Christopher,Cox,christopherc@pacificsothebys.com,(415) 763-8947,Pacific Sotheby's,Pacific Sotheby's,Sacramento,Sacramento,CA,93529,4,14,14,8499627,3.4,A,77,Trade Show,Boutique (2-10 agents),2026-09-29T11:17:26Z
CREAM-20260929-00011,Grace Fisher,Grace Fisher,Grace,Fisher,grace.fisher@homesmart.com,(256) 641-7789,HomeSmart,HomeSmart,Scottsdale,Scottsdale,AZ,86600,8,23,23,7928799,3.0,A,82,Facebook,Boutique (2-10 agents),2026-09-29T16:35:44Z
CREAM-20260929-00012,James Lee,James Lee,James,Lee,jlee@gmail.com,(469) 329-7885,Briggs Freeman Sotheby's,Briggs Freeman Sotheby's,Houston,Houston,TX,76997,25,59,59,14675887,3.0,A,87,MLS Database,Independent,2026-09-29T18:25:15Z
CREAM-20260929-00013,Eugene Clark,Eugene Clark,Eugene,Clark,eclark@coldwellbanker.com,(407) 507-8852,Coldwell Banker,Coldwell Banker,Los Angeles,Los Angeles,CA,92519,11,31,31,25830307,3.5,A,77,Realtor.com,Independent,2026-09-29T18:01:29Z
CREAM-20260929-00014,Donald Wood,Donald Wood,Donald,Wood,donald.wood@outlook.com,(602) 408-7930,HomeSmart,HomeSmart,Tucson,Tucson,AZ,86797,25,57,57,19967143,4.2,A,66,Facebook,Independent,2026-09-29T13:47:09Z
CREAM-20260929-00015,Keith Ross,Keith Ross,Keith,Ross,keithr@sothebysinternational.com,(714) 417-2033,Sotheby's International,Sotheby's International,Oakland,Oakland,CA,94573,14,47,47,33808506,3.0,A,83,Cold Outreach,Enterprise (200+ agents),2026-09-29T12:47:13Z
CREAM-20260929-00016,Melissa Cook,Melissa Cook,Melissa,Cook,melissa.cook@gmail.com,(805) 366-7055,Compass,Compass,Los Angeles,Los Angeles,CA,91199,3,8,8,6931534,4.7,A,90,Brokerage Listings,Independent,2026-09-29T05:30:06Z
CREAM-20260929-00017,Lawrence Price,Lawrence Price,Lawrence,Price,lawrenceprice@icloud.com,(214) 847-4845,Keller Williams Realty,Keller Williams Realty,San Diego,San Diego,CA,93687,19,30,30,26328253,4.0,A,92,MLS Database,Boutique (2-10 agents),2026-09-29T15:56:34Z
CREAM-20260929-00018,Sandra Chavez,Sandra Chavez,Sandra,Chavez,sandra_chavez@yahoo.com,(310) 232-1302,Keller Williams,Keller Williams,Cleveland,Cleveland,OH,43891,2,11,11,2745008,4.5,A,60,Facebook,Boutique (2-10 agents),2026-09-29T12:23:27Z
CREAM-20260929-00019,Ralph Peterson,Ralph Peterson,Ralph,Peterson,ralphp@hotmail.com,(310) 622-9885,Keller Williams,Keller Williams,Scottsdale,Scottsdale,AZ,85406,15,72,72,31433026,4.8,A,93,LinkedIn,Mid-size (11-50 agents),2026-09-29T19:53:31Z
CREAM-20260929-00020,Ralph Ramos,Ralph Ramos,Ralph,Ramos,rramos@outlook.com,(646) 502-4372,Brown Harris Stevens,Brown Harris Stevens,Staten Island,Staten Island,NY,13361,2,11,11,6339522,4.1,A,74,Facebook,Boutique (2-10 agents),2026-09-29T22:41:08Z
CREAM-20260929-00021,Daniel Sullivan,Daniel Sullivan,Daniel,Sullivan,daniel.sullivan@berkshirehathaway.com,(334) 341-4875,Berkshire Hathaway,Berkshire Hathaway,Greensboro,Greensboro,NC,28477,1,7,7,3094046,3.3,A,71,Brokerage Listings,Independent,2026-09-29T09:45:06Z
CREAM-20260929-00022,Catherine Myers,Catherine Myers,Catherine,Myers,catherinem@coldwellbanker.com,(513) 363-9202,Coldwell Banker,Coldwell Banker,Phoenix,Phoenix,AZ,85592,0,5,5,2616603,4.8,A,71,Cold Outreach,Enterprise (200+ agents),2026-09-29T13:29:32Z
CREAM-20260929-00023,Anna Torres,Anna Torres,Anna,Torres,atorres@yahoo.com,(512) 537-8643,Allie Beth Allman,Allie Beth Allman,San Antonio,San Antonio,TX,78562,4,20,20,6418678,4.8,A,81,Brokerage Listings,Mid-size (11-50 agents),2026-09-29T05:44:52Z
CREAM-20260929-00024,Janet Nelson,Janet Nelson,Janet,Nelson,jnelson@me.com,(916) 206-8212,Coldwell Banker,Coldwell Banker,Dallas,Dallas,TX,76807,19,78,78,28974163,4.1,A,96,Cold Outreach,Boutique (2-10 agents),2026-09-29T14:16:40Z
CREAM-20260929-00025,Anna Myers,Anna Myers,Anna,Myers,anna.myers@kellerwilliams.com,(614) 775-5862,Keller Williams,Keller Williams,Columbus,Columbus,OH,44826,9,19,19,4661420,3.5,A,66,Referral Network,Mid-size (11-50 agents),2026-09-29T19:38:51Z
CREAM-20260929-00026,Kathleen Thompson,Kathleen Thompson,Kathleen,Thompson,kathleen.thompson@icloud.com,(713) 364-7371,Russell Lyon Sotheby's,Russell Lyon Sotheby's,Phoenix,Phoenix,AZ,85914,24,50,50,24233490,3.3,A,82,MLS Database,Independent,2026-09-29T06:39:22Z
CREAM-20260929-00027,Laura Ross,Laura Ross,Laura,Ross,lross@outlook.com,(310) 232-2993,Nest Seekers,Nest Seekers,Manhattan,Manhattan,NY,11199,18,75,75,55806073,3.2,A,91,NAR Directory,Independent,2026-09-29T21:33:00Z
CREAM-20260929-00028,Thomas Harris,Thomas Harris,Thomas,Harris,thomas_harris@gmail.com,(718) 464-4471,eXp Realty,eXp Realty,Phoenix,Phoenix,AZ,85288,1,5,5,1623083,5.0,A,62,LinkedIn,Large (51-200 agents),2026-09-29T18:51:45Z
CREAM-20260929-00029,Melissa Rodriguez,Melissa Rodriguez,Melissa,Rodriguez,melissa_rodriguez@icloud.com,(614) 482-9167,Corcoran Group,Corcoran Group,Manhattan,Manhattan,NY,13793,25,66,66,42532470,3.6,A,93,Cold Outreach,Boutique (2-10 agents),2026-09-29T09:02:29Z
CREAM-20260929-00030,Rose Thompson,Rose Thompson,Rose,Thompson,rthompson@sothebysinternational.com,(256) 212-2238,Sotheby's International,Sotheby's International,San Diego,San Diego,CA,95155,1,7,7,7172338,4.5,A,87,Facebook,Boutique (2-10 agents),2026-09-29T07:01:35Z
CREAM-20260929-00031,Steven Patel,Steven Patel,Steven,Patel,steven.patel@icloud.com,(256) 670-8987,RE/MAX,RE/MAX,Fort Lauderdale,Fort Lauderdale,FL,33983,13,37,37,19563008,4.1,A,92,Website Lead,Independent,2026-09-29T03:44:16Z
CREAM-20260929-00032,Martha Lopez,Martha Lopez,Martha,Lopez,marthalopez@hotmail.com,(720) 460-6160,Berkshire Hathaway HomeServices,Berkshire Hathaway HomeServices,San Francisco,San Francisco,CA,90750,12,39,39,26645999,4.8,A,83,Facebook,Mid-size (11-50 agents),2026-09-29T06:23:41Z
CREAM-20260929-00033,Jacqueline Rivera,Jacqueline Rivera,Jacqueline,Rivera,jacqueline.rivera@douglaselliman.com,(310) 946-7905,Douglas Elliman,Douglas Elliman,Orlando,Orlando,FL,34187,11,77,77,29623078,4.9,A,97,Realtor.com,Boutique (2-10 agents),2026-09-29T08:09:35Z
CREAM-20260929-00034,Grace Collins,Grace Collins,Grace,Collins,grace.collins@kellerwilliams.com,(234) 235-1343,Keller Williams,Keller Williams,Fort Worth,Fort Worth,TX,77535,22,61,61,18530772,3.6,A,95,LinkedIn,Mid-size (11-50 agents),2026-09-29T02:58:45Z
CREAM-20260929-00035,Justin Brown,Justin Brown,Justin,Brown,justin.brown@outlook.com,(602) 692-3457,Pacific Sotheby's,Pacific Sotheby's,Los Angeles,Los Angeles,CA,96657,4,8,8,7319788,3.1,A,91,Brokerage Listings,Mid-size (11-50 agents),2026-09-29T00:45:16Z
CREAM-20260929-00036,Pamela Ruiz,Pamela Ruiz,Pamela,Ruiz,pruiz@compass.com,(614) 649-3737,Compass,Compass,Bronx,Bronx,NY,13498,20,76,76,35321853,4.2,A,80,Cold Outreach,Large (51-200 agents),2026-09-29T20:40:56Z
CREAM-20260929-00037,Kimberly Fisher,Kimberly Fisher,Kimberly,Fisher,kimberly.fisher@aol.com,(919) 410-8747,Huntington Real Estate,Huntington Real Estate,Cincinnati,Cincinnati,OH,45701,1,10,10,2749879,4.9,A,74,Brokerage Listings,Mid-size (11-50 agents),2026-09-29T10:46:19Z
CREAM-20260929-00038,James Torres,James Torres,James,Torres,jtorres@me.com,(929) 213-6360,eXp Realty,eXp Realty,Orlando,Orlando,FL,32980,2,7,7,3596150,3.7,A,62,Trade Show,Boutique (2-10 agents),2026-09-29T10:33:33Z
CREAM-20260929-00039,Gloria Ward,Gloria Ward,Gloria,Ward,gward@gmail.com,(415) 639-5857,eXp Realty,eXp Realty,Houston,Houston,TX,78352,5,17,17,7647732,4.8,A,95,MLS Database,Large (51-200 agents),2026-09-29T11:41:40Z
CREAM-20260929-00040,Mark Morgan,Mark Morgan,Mark,Morgan,mmorgan@yahoo.com,(614) 998-5975,eXp Realty,eXp Realty,Cleveland,Cleveland,OH,45642,14,75,75,14674658,3.9,A,85,NAR Directory,Large (51-200 agents),2026-09-29T22:07:34Z
CREAM-20260929-00041,Larry King,Larry King,Larry,King,lking@outlook.com,(713) 307-9326,Keller Williams Realty,Keller Williams Realty,Jacksonville,Jacksonville,FL,32613,15,49,49,25729481,4.8,A,98,LinkedIn,Boutique (2-10 agents),2026-09-29T21:57:37Z
CREAM-20260929-00042,Nancy Anderson,Nancy Anderson,Nancy,Anderson,nancy_anderson@icloud.com,(614) 539-7936,Coldwell Banker,Coldwell Banker,Oakland,Oakland,CA,90217,1,7,7,5753977,4.4,A,79,Facebook,Boutique (2-10 agents),2026-09-29T02:39:31Z
CREAM-20260929-00043,Ruth Coleman,Ruth Coleman,Ruth,Coleman,ruthc@berkshirehathaway.com,(786) 678-1967,Berkshire Hathaway,Berkshire Hathaway,Raleigh,Raleigh,NC,27856,2,5,5,1527995,4.4,A,92,Trade Show,Mid-size (11-50 agents),2026-09-29T18:19:25Z
CREAM-20260929-00044,James King,James King,James,King,james.king@douglaselliman.com,(303) 431-1702,Douglas Elliman,Douglas Elliman,Staten Island,Staten Island,NY,10792,4,22,22,15433674,4.9,A,63,NAR Directory,Independent,2026-09-29T22:35:30Z
CREAM-20260929-00045,Albert Thomas,Albert Thomas,Albert,Thomas,albert.thomas@icloud.com,(214) 382-6731,Huntington Real Estate,Huntington Real Estate,Cincinnati,Cincinnati,OH,43364,11,80,80,25031544,3.6,A,70,Trade Show,Boutique (2-10 agents),2026-09-29T00:01:45Z
CREAM-20260929-00046,Joseph Rogers,Joseph Rogers,Joseph,Rogers,jrogers@kellerwilliams.com,(404) 666-8664,Keller Williams,Keller Williams,New York City,New York City,NY,12985,13,39,39,30643075,3.9,A,67,Website Lead,Boutique (2-10 agents),2026-09-29T15:59:57Z
CREAM-20260929-00047,Stephanie Wood,Stephanie Wood,Stephanie,Wood,stephanie.wood@hotmail.com,(415) 655-5669,Long Realty,Long Realty,Phoenix,Phoenix,AZ,86954,0,1,1,429389,3.7,A,62,Website Lead,Enterprise (200+ agents),2026-09-29T05:08:53Z
CREAM-20260929-00048,Jessica Hughes,Jessica Hughes,Jessica,Hughes,jessicahughes@aol.com,(212) 901-3232,RE/MAX,RE/MAX,Charlotte,Charlotte,NC,27924,0,0,0,0,3.5,A,67,Website Lead,Large (51-200 agents),2026-09-29T04:59:50Z
CREAM-20260929-00049,Grace Lewis,Grace Lewis,Grace,Lewis,grace.lewis@coldwellbanker.com,(404) 562-1023,Coldwell Banker,Coldwell Banker,Charlotte,Charlotte,NC,28794,20,46,46,13271458,3.2,A,86,Brokerage Listings,Boutique (2-10 agents),2026-09-29T15:31:36Z
CREAM-20260929-00050,Timothy Collins,Timothy Collins,Timothy,Collins,timothy.collins@coldwellbanker.com,(929) 452-3140,Coldwell Banker,Coldwell Banker,Dallas,Dallas,TX,78166,1,3,3,1290041,4.3,A,65,Website Lead,Independent,2026-09-29T00:47:45Z
CREAM-20260929-00051,Elizabeth Cook,Elizabeth Cook,Elizabeth,Cook,ecook@aol.com,(212) 403-4679,eXp Realty,eXp Realty,Denver,Denver,CO,81487,0,4,4,2057104,4.0,A,98,Referral Network,Boutique (2-10 agents),2026-09-29T19:53:07Z
CREAM-20260929-00052,Cynthia Brown,Cynthia Brown,Cynthia,Brown,cynthia_brown@outlook.com,(310) 897-3747,8z Real Estate,8z Real Estate,Denver,Denver,CO,80393,4,17,17,8196773,3.8,A,60,Cold Outreach,Mid-size (11-50 agents),2026-09-29T15:32:18Z
CREAM-20260929-00053,Jonathan Ruiz,Jonathan Ruiz,Jonathan,Ruiz,jruiz@aol.com,(513) 784-4084,eXp Realty,eXp Realty,Scottsdale,Scottsdale,AZ,86904,1,12,12,6074302,4.2,A,65,Facebook,Large (51-200 agents),2026-09-29T12:18:49Z
CREAM-20260929-00054,Walter Bennett,Walter Bennett,Walter,Bennett,walter.bennett@livsothebys.com,(310) 801-4068,LIV Sotheby's,LIV Sotheby's,Aurora,Aurora,CO,80100,7,22,22,11331586,4.7,A,80,Realtor.com,Boutique (2-10 agents),2026-09-29T22:13:41Z
CREAM-20260929-00055,Angela Clark,Angela Clark,Angela,Clark,angelac@exprealty.com,(646) 578-4453,eXp Realty,eXp Realty,San Jose,San Jose,CA,94601,3,9,9,6921119,4.9,A,80,Referral Network,Mid-size (11-50 agents),2026-09-29T07:33:26Z
CREAM-20260929-00056,Jonathan Jimenez,Jonathan Jimenez,Jonathan,Jimenez,jonathanj@yahoo.com,(602) 551-1586,Berkshire Hathaway HomeServices,Berkshire Hathaway HomeServices,Oakland,Oakland,CA,91338,23,31,31,32843938,3.7,A,61,Website Lead,Mid-size (11-50 agents),2026-09-29T14:15:38Z
CREAM-20260929-00057,Albert Jenkins,Albert Jenkins,Albert,Jenkins,albert.jenkins@cutlerrealestate.com,(720) 322-7836,Cutler Real Estate,Cutler Real Estate,Cincinnati,Cincinnati,OH,43194,23,27,27,6294009,4.5,A,63,Facebook,Boutique (2-10 agents),2026-09-29T09:36:31Z
CREAM-20260929-00058,Peter Watson,Peter Watson,Peter,Watson,peterw@hotmail.com,(805) 831-2504,Century 21,Century 21,Fort Lauderdale,Fort Lauderdale,FL,32447,1,9,9,3490029,4.0,A,94,Cold Outreach,Large (51-200 agents),2026-09-29T04:37:14Z
CREAM-20260929-00059,Jason Young,Jason Young,Jason,Young,jason.young@nestseekers.com,(303) 792-4861,Nest Seekers,Nest Seekers,New York City,New York City,NY,11741,22,27,27,18683264,4.6,A,92,Website Lead,Boutique (2-10 agents),2026-09-29T18:31:35Z
CREAM-20260929-00060,Brian Alvarez,Brian Alvarez,Brian,Alvarez,briana@icloud.com,(980) 271-4919,Douglas Elliman,Douglas Elliman,Bronx,Bronx,NY,13859,4,10,10,5517058,3.3,A,76,Facebook,Large (51-200 agents),2026-09-29T23:32:47Z
CREAM-20260929-00061,Rebecca Hernandez,Rebecca Hernandez,Rebecca,Hernandez,rebeccah@me.com,(929) 762-2695,RE/MAX,RE/MAX,Houston,Houston,TX,77689,14,72,72,30347489,4.3,A,98,Trade Show,Boutique (2-10 agents),2026-09-29T01:43:21Z
CREAM-20260929-00062,Stephanie Reyes,Stephanie Reyes,Stephanie,Reyes,stephanie.reyes@yahoo.com,(720) 444-2017,Berkshire Hathaway,Berkshire Hathaway,Orlando,Orlando,FL,33680,5,24,24,8050823,5.0,A,63,Brokerage Listings,Independent,2026-09-29T07:37:29Z
CREAM-20260929-00063,Rebecca Cook,Rebecca Cook,Rebecca,Cook,rcook@gmail.com,(916) 553-6281,Berkshire Hathaway,Berkshire Hathaway,Denver,Denver,CO,81510,5,11,11,7347047,5.0,A,74,Referral Network,Large (51-200 agents),2026-09-29T09:00:02Z
CREAM-20260929-00064,Laura Martinez,Laura Martinez,Laura,Martinez,lmartinez@aol.com,(512) 304-8399,Nest Seekers,Nest Seekers,Manhattan,Manhattan,NY,11859,24,51,51,34777509,4.9,A,88,MLS Database,Mid-size (11-50 agents),2026-09-29T22:44:55Z
CREAM-20260929-00065,John Brown,John Brown,John,Brown,john.brown@aol.com,(718) 576-8708,Douglas Elliman,Douglas Elliman,Houston,Houston,TX,75422,12,66,66,18449236,4.2,A,84,Cold Outreach,Boutique (2-10 agents),2026-09-29T21:59:33Z
CREAM-20260929-00066,Daniel Parker,Daniel Parker,Daniel,Parker,daniel.parker@exprealty.com,(415) 223-3530,eXp Realty,eXp Realty,Houston,Houston,TX,77882,6,38,38,14066023,3.0,A,74,MLS Database,Mid-size (11-50 agents),2026-09-29T17:56:25Z
CREAM-20260929-00067,Victoria Hernandez,Victoria Hernandez,Victoria,Hernandez,victoria.hernandez@douglaselliman.com,(234) 294-5398,Douglas Elliman,Douglas Elliman,Houston,Houston,TX,75938,3,10,10,2847866,4.5,A,71,Trade Show,Mid-size (11-50 agents),2026-09-29T04:42:13Z
CREAM-20260929-00068,Danielle Davis,Danielle Davis,Danielle,Davis,danielle.davis@compass.com,(720) 552-2902,Compass,Compass,Raleigh,Raleigh,NC,28485,2,3,3,940932,3.1,A,88,MLS Database,Enterprise (200+ agents),2026-09-29T15:14:00Z
CREAM-20260929-00069,Brandon Garcia,Brandon Garcia,Brandon,Garcia,bgarcia@re/max.com,(214) 303-2460,RE/MAX,RE/MAX,St. Petersburg,St. Petersburg,FL,34533,18,76,76,23353168,4.2,A,72,Brokerage Listings,Mid-size (11-50 agents),2026-09-29T17:42:05Z
CREAM-20260929-00070,Samuel Sanders,Samuel Sanders,Samuel,Sanders,samuel_sanders@aol.com,(404) 710-6011,RE/MAX,RE/MAX,Columbus,Columbus,OH,45960,1,3,3,931569,3.6,A,72,Realtor.com,Large (51-200 agents),2026-09-29T02:00:05Z
CREAM-20260929-00071,Louis Long,Louis Long,Louis,Long,louisl@exprealty.com,(334) 828-6927,eXp Realty,eXp Realty,Scottsdale,Scottsdale,AZ,86465,15,62,62,20391730,4.9,A,72,Website Lead,Independent,2026-09-29T19:08:17Z
CREAM-20260929-00072,Linda Reed,Linda Reed,Linda,Reed,lindar@outlook.com,(303) 449-4140,Keller Williams,Keller Williams,Tucson,Tucson,AZ,86476,4,25,25,12449120,3.8,A,72,Brokerage Listings,Enterprise (200+ agents),2026-09-29T11:12:35Z
CREAM-20260929-00073,Joshua Martinez,Joshua Martinez,Joshua,Martinez,joshua.martinez@hotmail.com,(704) 510-2960,Coldwell Banker,Coldwell Banker,Raleigh,Raleigh,NC,27494,5,9,9,3942829,3.9,A,78,LinkedIn,Large (51-200 agents),2026-09-29T22:02:59Z
CREAM-20260929-00074,Judith Jimenez,Judith Jimenez,Judith,Jimenez,jjimenez@aol.com,(972) 383-2998,Allie Beth Allman,Allie Beth Allman,San Antonio,San Antonio,TX,78533,5,21,21,5726051,3.2,A,96,MLS Database,Boutique (2-10 agents),2026-09-29T14:55:49Z
CREAM-20260929-00075,Wayne Thompson,Wayne Thompson,Wayne,Thompson,wthompson@hotmail.com,(646) 836-5285,Keller Williams,Keller Williams,Greensboro,Greensboro,NC,27551,6,31,31,13106526,4.1,A,91,Trade Show,Mid-size (11-50 agents),2026-09-29T20:24:15Z
CREAM-20260929-00076,Danielle Price,Danielle Price,Danielle,Price,danielle_price@icloud.com,(602) 571-1208,Berkshire Hathaway HomeServices,Berkshire Hathaway HomeServices,Sacramento,Sacramento,CA,94917,15,58,58,55354634,4.8,A,99,Referral Network,Boutique (2-10 agents),2026-09-29T05:56:48Z
CREAM-20260929-00077,Megan Perry,Megan Perry,Megan,Perry,megan_perry@icloud.com,(415) 919-8740,Coldwell Banker,Coldwell Banker,Fort Worth,Fort Worth,TX,77161,2,8,8,1992480,4.8,A,74,LinkedIn,Enterprise (200+ agents),2026-09-29T14:28:49Z
CREAM-20260929-00078,Brandon Howard,Brandon Howard,Brandon,Howard,brandonh@aol.com,(214) 697-5237,Berkshire Hathaway,Berkshire Hathaway,Charlotte,Charlotte,NC,28812,4,20,20,8444856,3.5,A,62,Brokerage Listings,Large (51-200 agents),2026-09-29T03:03:47Z
CREAM-20260929-00079,Nancy Hernandez,Nancy Hernandez,Nancy,Hernandez,nancy_hernandez@hotmail.com,(305) 892-3484,Keller Williams,Keller Williams,Tucson,Tucson,AZ,85848,2,8,8,4198654,4.7,A,65,Brokerage Listings,Boutique (2-10 agents),2026-09-29T16:17:48Z
CREAM-20260929-00080,Grace Patel,Grace Patel,Grace,Patel,gpatel@gmail.com,(614) 530-4337,Douglas Elliman,Douglas Elliman,San Antonio,San Antonio,TX,76459,1,12,12,3318847,3.5,A,78,Facebook,Boutique (2-10 agents),2026-09-29T07:40:25Z
CREAM-20260929-00081,Juan Sanchez,Juan Sanchez,Juan,Sanchez,juan.sanchez@century21.com,(310) 563-4703,Century 21,Century 21,Jacksonville,Jacksonville,FL,33451,10,38,38,17550697,3.9,A,72,Brokerage Listings,Independent,2026-09-29T16:50:07Z
CREAM-20260929-00082,Raymond Cook,Raymond Cook,Raymond,Cook,rcook@icloud.com,(916) 924-9776,Sotheby's International,Sotheby's International,Queens,Queens,NY,10550,17,38,38,26538608,4.0,A,65,Cold Outreach,Mid-size (11-50 agents),2026-09-29T14:20:07Z
CREAM-20260929-00083,Cynthia Long,Cynthia Long,Cynthia,Long,cynthia.long@compass.com,(720) 456-1863,Compass,Compass,Charlotte,Charlotte,NC,28358,1,10,10,3533535,3.8,A,79,Referral Network,Boutique (2-10 agents),2026-09-29T20:35:46Z
CREAM-20260929-00084,Nicholas Williams,Nicholas Williams,Nicholas,Williams,nicholas.williams@icloud.com,(512) 674-1862,Berkshire Hathaway,Berkshire Hathaway,Raleigh,Raleigh,NC,27702,3,16,16,5449434,3.2,A,70,Cold Outreach,Boutique (2-10 agents),2026-09-29T15:09:44Z
CREAM-20260929-00085,Dorothy Castillo,Dorothy Castillo,Dorothy,Castillo,dorothycastillo@outlook.com,(310) 503-1761,Berkshire Hathaway,Berkshire Hathaway,Colorado Springs,Colorado Springs,CO,81196,1,9,9,4151292,3.1,A,97,Referral Network,Mid-size (11-50 agents),2026-09-29T03:23:02Z
CREAM-20260929-00086,Carl Thompson,Carl Thompson,Carl,Thompson,carlthompson@me.com,(972) 853-7890,Berkshire Hathaway,Berkshire Hathaway,Jacksonville,Jacksonville,FL,32874,3,11,11,4023303,4.3,A,91,Cold Outreach,Independent,2026-09-29T22:53:05Z
CREAM-20260929-00087,Scott Murphy,Scott Murphy,Scott,Murphy,scott.murphy@hotmail.com,(407) 931-7168,Coldwell Banker,Coldwell Banker,St. Petersburg,St. Petersburg,FL,33590,3,22,22,10136481,4.6,A,95,NAR Directory,Mid-size (11-50 agents),2026-09-29T23:10:30Z
CREAM-20260929-00088,David Sanchez,David Sanchez,David,Sanchez,davidsanchez@yahoo.com,(614) 219-8625,Russell Lyon Sotheby's,Russell Lyon Sotheby's,Tucson,Tucson,AZ,85607,6,32,32,13844713,4.2,A,94,Trade Show,Large (51-200 agents),2026-09-29T18:44:35Z
CREAM-20260929-00089,Shirley Torres,Shirley Torres,Shirley,Torres,shirleyt@douglaselliman.com,(404) 845-3816,Douglas Elliman,Douglas Elliman,Jacksonville,Jacksonville,FL,33783,4,17,17,8591937,3.3,A,65,Cold Outreach,Boutique (2-10 agents),2026-09-29T21:29:11Z
CREAM-20260929-00090,Bruce Alexander,Bruce Alexander,Bruce,Alexander,bruce_alexander@gmail.com,(713) 255-8804,Sotheby's International,Sotheby's International,Sacramento,Sacramento,CA,90132,4,21,21,17357013,3.2,A,78,Facebook,Independent,2026-09-29T21:41:14Z
CREAM-20260929-00091,Grace Ramirez,Grace Ramirez,Grace,Ramirez,gracer@me.com,(602) 306-1914,Berkshire Hathaway,Berkshire Hathaway,San Antonio,San Antonio,TX,78626,0,4,4,1473579,4.1,A,92,Realtor.com,Large (51-200 agents),2026-09-29T22:03:25Z
CREAM-20260929-00092,Emily Flores,Emily Flores,Emily,Flores,emily_flores@me.com,(214) 656-5493,Berkshire Hathaway,Berkshire Hathaway,St. Petersburg,St. Petersburg,FL,34339,20,56,56,29235980,4.0,A,65,Trade Show,Independent,2026-09-29T11:35:07Z
CREAM-20260929-00093,Bruce Smith,Bruce Smith,Bruce,Smith,brucesmith@me.com,(469) 969-2950,eXp Realty,eXp Realty,Tucson,Tucson,AZ,85906,17,61,61,27294584,4.8,A,81,Trade Show,Independent,2026-09-29T10:19:41Z
CREAM-20260929-00094,Margaret Baker,Margaret Baker,Margaret,Baker,margaret_baker@gmail.com,(614) 954-5647,Coldwell Banker,Coldwell Banker,Cleveland,Cleveland,OH,43317,1,7,7,1379512,3.3,A,97,Facebook,Independent,2026-09-29T03:59:34Z
CREAM-20260929-00095,Jessica Moore,Jessica Moore,Jessica,Moore,jmoore@berkshirehathaway.com,(512) 769-9122,Berkshire Hathaway,Berkshire Hathaway,Raleigh,Raleigh,NC,28879,2,7,7,2556400,3.9,A,64,NAR Directory,Independent,2026-09-29T02:36:25Z
CREAM-20260929-00096,Susan Gonzalez,Susan Gonzalez,Susan,Gonzalez,susan.gonzalez@gmail.com,(305) 201-9310,Berkshire Hathaway,Berkshire Hathaway,Cincinnati,Cincinnati,OH,45302,0,0,0,0,3.6,A,91,Realtor.com,Independent,2026-09-29T03:57:41Z
CREAM-20260929-00097,Gary Edwards,Gary Edwards,Gary,Edwards,gary.edwards@gmail.com,(469) 619-7066,Sotheby's International,Sotheby's International,Queens,Queens,NY,12235,19,35,35,27914514,4.0,A,77,Website Lead,Independent,2026-09-29T14:12:43Z
CREAM-20260929-00098,Melissa Ramos,Melissa Ramos,Melissa,Ramos,melissa_ramos@yahoo.com,(714) 460-6827,Allen Tate,Allen Tate,Greensboro,Greensboro,NC,27132,18,70,70,25533424,4.2,A,69,Trade Show,Boutique (2-10 agents),2026-09-29T18:10:09Z
CREAM-20260929-00099,Arthur Morgan,Arthur Morgan,Arthur,Morgan,arthur.morgan@gmail.com,(305) 824-1545,Halstead,Halstead,Queens,Queens,NY,14427,2,9,9,5434427,4.5,A,74,Trade Show,Mid-size (11-50 agents),2026-09-29T00:46:02Z
CREAM-20260929-00100,Louis Brooks,Louis Brooks,Louis,Brooks,louis.brooks@sothebysinternational.com,(415) 730-8254,Sotheby's International,Sotheby's International,Los Angeles,Los Angeles,CA,94401,12,73,73,45823569,3.4,A,68,Website Lead,Large (51-200 agents),2026-09-29T20:45:45Z
CREAM-20260929-00101,Alan Jones,Alan Jones,Alan,Jones,alanj@yahoo.com,(407) 946-5823,eXp Realty,eXp Realty,El Paso,El Paso,TX,78889,2,6,6,2417251,4.0,A,70,Cold Outreach,Mid-size (11-50 agents),2026-09-29T22:04:25Z
CREAM-20260929-00102,Julia Nelson,Julia Nelson,Julia,Nelson,julia_nelson@outlook.com,(919) 960-6791,Keller Williams Realty,Keller Williams Realty,Tampa,Tampa,FL,34264,20,27,27,11587585,4.2,A,67,Trade Show,Large (51-200 agents),2026-09-29T09:00:32Z
CREAM-20260929-00103,Stephanie Morales,Stephanie Morales,Stephanie,Morales,stephaniem@exprealty.com,(929) 771-2433,eXp Realty,eXp Realty,Columbus,Columbus,OH,43612,19,52,52,9391214,5.0,A,96,Brokerage Listings,Large (51-200 agents),2026-09-29T01:39:09Z
CREAM-20260929-00104,Stephanie Powell,Stephanie Powell,Stephanie,Powell,stephaniep@coldwellbanker.com,(415) 448-2120,Coldwell Banker,Coldwell Banker,Dallas,Dallas,TX,79660,7,30,30,7904429,3.3,A,65,LinkedIn,Mid-size (11-50 agents),2026-09-29T16:08:46Z
CREAM-20260929-00105,Christine Nguyen,Christine Nguyen,Christine,Nguyen,christine.nguyen@berkshirehathaway.com,(334) 884-4475,Berkshire Hathaway,Berkshire Hathaway,Columbus,Columbus,OH,44796,3,15,15,3632167,3.4,A,70,Referral Network,Large (51-200 agents),2026-09-29T02:31:25Z
CREAM-20260929-00106,Louis Coleman,Louis Coleman,Louis,Coleman,louis.coleman@re/max.com,(929) 426-1829,RE/MAX,RE/MAX,El Paso,El Paso,TX,77543,5,18,18,6092204,4.5,A,69,Referral Network,Independent,2026-09-29T10:36:12Z
CREAM-20260929-00107,Karen Price,Karen Price,Karen,Price,karen_price@me.com,(714) 975-7927,Long Realty,Long Realty,Scottsdale,Scottsdale,AZ,86597,15,37,37,11896456,4.0,A,88,Facebook,Large (51-200 agents),2026-09-29T16:34:06Z
CREAM-20260929-00108,James Torres,James Torres,James,Torres,jamest@coldwellbanker.com,(646) 916-6071,Coldwell Banker,Coldwell Banker,Phoenix,Phoenix,AZ,85324,1,5,5,1593593,4.6,A,92,Cold Outreach,Independent,2026-09-29T21:42:55Z
CREAM-20260929-00109,Kimberly Brooks,Kimberly Brooks,Kimberly,Brooks,kimberlyb@me.com,(303) 362-1990,Century 21,Century 21,Fort Lauderdale,Fort Lauderdale,FL,32534,16,58,58,20108060,3.1,A,75,Facebook,Boutique (2-10 agents),2026-09-29T00:53:21Z
CREAM-20260929-00110,Debra Evans,Debra Evans,Debra,Evans,debrae@hotmail.com,(415) 732-8962,eXp Realty,eXp Realty,Scottsdale,Scottsdale,AZ,86240,12,51,51,20033912,4.4,A,73,Referral Network,Large (51-200 agents),2026-09-29T17:53:10Z
CREAM-20260929-00111,Steven Reed,Steven Reed,Steven,Reed,stevenr@icloud.com,(916) 894-9206,Compass,Compass,Colorado Springs,Colorado Springs,CO,80881,4,23,23,15406060,4.5,A,67,Cold Outreach,Mid-size (11-50 agents),2026-09-29T20:55:30Z
CREAM-20260929-00112,Louis Bailey,Louis Bailey,Louis,Bailey,louis.bailey@hotmail.com,(980) 458-3029,Coldwell Banker,Coldwell Banker,Miami,Miami,FL,34450,0,1,1,510878,3.9,A,65,NAR Directory,Large (51-200 agents),2026-09-29T03:46:52Z
CREAM-20260929-00113,Helen Lewis,Helen Lewis,Helen,Lewis,helenlewis@gmail.com,(602) 938-1517,Compass,Compass,Denver,Denver,CO,80356,19,61,61,37960982,3.8,A,88,Cold Outreach,Enterprise (200+ agents),2026-09-29T19:16:18Z
CREAM-20260929-00114,Rose Anderson,Rose Anderson,Rose,Anderson,rose_anderson@icloud.com,(513) 369-8584,eXp Realty,eXp Realty,Aurora,Aurora,CO,81118,0,0,0,0,5.0,A,98,Trade Show,Independent,2026-09-29T09:38:12Z
CREAM-20260929-00115,Richard Thompson,Richard Thompson,Richard,Thompson,rthompson@kellerwilliams.com,(256) 666-3490,Keller Williams,Keller Williams,Tucson,Tucson,AZ,86800,25,31,31,10357660,4.1,A,81,LinkedIn,Mid-size (11-50 agents),2026-09-29T20:37:33Z
CREAM-20260929-00116,Ruth Peterson,Ruth Peterson,Ruth,Peterson,ruth_peterson@gmail.com,(646) 209-2901,eXp Realty,eXp Realty,Fort Lauderdale,Fort Lauderdale,FL,32205,13,69,69,35157092,3.1,A,69,Facebook,Independent,2026-09-29T08:25:08Z
CREAM-20260929-00117,Ruth Scott,Ruth Scott,Ruth,Scott,rscott@outlook.com,(305) 353-1210,Douglas Elliman,Douglas Elliman,Orlando,Orlando,FL,32189,7,37,37,19165784,4.2,A,71,Cold Outreach,Boutique (2-10 agents),2026-09-29T08:48:33Z
CREAM-20260929-00118,Anthony Alvarez,Anthony Alvarez,Anthony,Alvarez,anthony_alvarez@outlook.com,(512) 223-7339,8z Real Estate,8z Real Estate,Denver,Denver,CO,81661,2,10,10,4532158,3.7,A,85,NAR Directory,Large (51-200 agents),2026-09-29T15:56:49Z
CREAM-20260929-00119,Angela Foster,Angela Foster,Angela,Foster,afoster@yahoo.com,(256) 414-9711,Huntington Real Estate,Huntington Real Estate,Cincinnati,Cincinnati,OH,44169,17,57,57,18419638,4.9,A,73,NAR Directory,Large (51-200 agents),2026-09-29T20:43:54Z
CREAM-20260929-00120,Nicholas Perez,Nicholas Perez,Nicholas,Perez,nicholas.perez@gmail.com,(919) 907-2481,Keller Williams Realty,Keller Williams Realty,San Diego,San Diego,CA,94240,2,10,10,9132050,3.2,A,92,Cold Outreach,Enterprise (200+ agents),2026-09-29T21:58:22Z
CREAM-20260929-00121,Sandra Bennett,Sandra Bennett,Sandra,Bennett,sandra_bennett@icloud.com,(713) 400-5032,Brown Harris Stevens,Brown Harris Stevens,Bronx,Bronx,NY,11712,19,69,69,47342435,3.6,A,79,Trade Show,Independent,2026-09-29T11:13:37Z
CREAM-20260929-00122,Eric Richardson,Eric Richardson,Eric,Richardson,erichardson@re/max.com,(786) 797-3843,RE/MAX,RE/MAX,Jacksonville,Jacksonville,FL,33453,18,40,40,16365219,4.1,A,78,Realtor.com,Large (51-200 agents),2026-09-29T07:56:59Z
CREAM-20260929-00123,Keith Jenkins,Keith Jenkins,Keith,Jenkins,kjenkins@icloud.com,(469) 859-9306,Coldwell Banker,Coldwell Banker,Aurora,Aurora,CO,81185,20,73,73,35577860,3.5,A,64,MLS Database,Mid-size (11-50 agents),2026-09-29T15:10:09Z
CREAM-20260929-00124,Ryan Gomez,Ryan Gomez,Ryan,Gomez,rgomez@compass.com,(234) 828-3564,Compass,Compass,Colorado Springs,Colorado Springs,CO,81408,22,53,53,31440193,4.1,A,93,MLS Database,Boutique (2-10 agents),2026-09-29T07:58:25Z
CREAM-20260929-00125,Brandon Cooper,Brandon Cooper,Brandon,Cooper,brandon.cooper@icloud.com,(972) 672-3262,Allen Tate,Allen Tate,Charlotte,Charlotte,NC,27857,17,64,64,18036515,4.4,A,90,Cold Outreach,Independent,2026-09-29T10:51:18Z
CREAM-20260929-00126,Ashley Myers,Ashley Myers,Ashley,Myers,amyers@sothebysinternational.com,(512) 911-6884,Sotheby's International,Sotheby's International,Oakland,Oakland,CA,94973,13,37,37,30704621,3.4,A,70,Realtor.com,Boutique (2-10 agents),2026-09-29T18:00:01Z
CREAM-20260929-00127,Jacqueline Diaz,Jacqueline Diaz,Jacqueline,Diaz,jdiaz@icloud.com,(714) 908-4937,Coldwell Banker,Coldwell Banker,Scottsdale,Scottsdale,AZ,86532,5,14,14,5409170,4.7,A,74,Realtor.com,Boutique (2-10 agents),2026-09-29T01:26:57Z
CREAM-20260929-00128,Albert Jimenez,Albert Jimenez,Albert,Jimenez,albertj@compass.com,(718) 273-5298,Compass,Compass,Tampa,Tampa,FL,34631,5,16,16,4860592,3.4,A,66,Realtor.com,Independent,2026-09-29T13:51:46Z
CREAM-20260929-00129,Carolyn Sullivan,Carolyn Sullivan,Carolyn,Sullivan,csullivan@icloud.com,(980) 537-2849,Douglas Elliman,Douglas Elliman,St. Petersburg,St. Petersburg,FL,32375,1,9,9,3817161,3.7,A,86,Referral Network,Boutique (2-10 agents),2026-09-29T03:57:26Z
CREAM-20260929-00130,Louis Young,Louis Young,Louis,Young,louis_young@aol.com,(602) 500-7753,Compass,Compass,Long Beach,Long Beach,CA,91581,5,18,18,15179223,3.6,A,69,Referral Network,Enterprise (200+ agents),2026-09-29T06:51:18Z
CREAM-20260929-00131,Ralph Powell,Ralph Powell,Ralph,Powell,rpowell@aol.com,(512) 473-1132,Allie Beth Allman,Allie Beth Allman,San Antonio,San Antonio,TX,76734,8,30,30,9082368,3.2,A,100,LinkedIn,Independent,2026-09-29T10:55:54Z
CREAM-20260929-00132,Walter Russell,Walter Russell,Walter,Russell,walter.russell@exprealty.com,(212) 384-6855,eXp Realty,eXp Realty,Mesa,Mesa,AZ,86768,13,44,44,14748796,4.2,A,71,MLS Database,Enterprise (200+ agents),2026-09-29T02:22:25Z
CREAM-20260929-00133,Amanda Thomas,Amanda Thomas,Amanda,Thomas,amandathomas@yahoo.com,(214) 948-6880,RE/MAX,RE/MAX,Columbus,Columbus,OH,43684,6,20,20,3515637,3.7,A,90,Trade Show,Independent,2026-09-29T04:31:32Z
CREAM-20260929-00134,Jacqueline Williams,Jacqueline Williams,Jacqueline,Williams,jwilliams@halstead.com,(786) 684-1874,Halstead,Halstead,Manhattan,Manhattan,NY,14595,18,36,36,21806466,4.8,A,65,Brokerage Listings,Large (51-200 agents),2026-09-29T01:30:31Z
CREAM-20260929-00135,Emily Morgan,Emily Morgan,Emily,Morgan,emorgan@gmail.com,(720) 796-7400,Nest Seekers,Nest Seekers,Bronx,Bronx,NY,13783,1,6,6,4271615,3.6,A,99,Cold Outreach,Enterprise (200+ agents),2026-09-29T06:55:58Z
CREAM-20260929-00136,Peter Johnson,Peter Johnson,Peter,Johnson,pjohnson@brownharrisstevens.com,(805) 371-8800,Brown Harris Stevens,Brown Harris Stevens,New York City,New York City,NY,13416,20,52,52,27143609,4.8,A,89,Website Lead,Large (51-200 agents),2026-09-29T02:04:49Z
CREAM-20260929-00137,Maria Cook,Maria Cook,Maria,Cook,mariac@coldwellbanker.com,(980) 776-5340,Coldwell Banker,Coldwell Banker,Miami,Miami,FL,34940,5,22,22,9934230,3.9,A,71,Website Lead,Large (51-200 agents),2026-09-29T19:21:28Z
CREAM-20260929-00138,Karen Cook,Karen Cook,Karen,Cook,karenc@hotmail.com,(972) 449-3123,eXp Realty,eXp Realty,Greensboro,Greensboro,NC,28497,2,3,3,1301800,3.4,A,72,NAR Directory,Mid-size (11-50 agents),2026-09-29T06:33:01Z
CREAM-20260929-00139,Carl Ramirez,Carl Ramirez,Carl,Ramirez,carlr@icloud.com,(805) 624-4835,Berkshire Hathaway HomeServices,Berkshire Hathaway HomeServices,San Francisco,San Francisco,CA,90648,9,36,36,23941171,4.3,A,61,Website Lead,Enterprise (200+ agents),2026-09-29T15:52:37Z
CREAM-20260929-00140,Rachel Taylor,Rachel Taylor,Rachel,Taylor,racheltaylor@icloud.com,(972) 698-4999,Keller Williams,Keller Williams,El Paso,El Paso,TX,77830,18,73,73,19039518,3.5,A,80,Website Lead,Large (51-200 agents),2026-09-29T06:19:57Z
CREAM-20260929-00141,Amanda Parker,Amanda Parker,Amanda,Parker,amandaparker@hotmail.com,(303) 637-8476,RE/MAX,RE/MAX,San Diego,San Diego,CA,96275,4,21,21,14504798,4.8,A,70,Cold Outreach,Boutique (2-10 agents),2026-09-29T04:30:25Z
CREAM-20260929-00142,Sarah Foster,Sarah Foster,Sarah,Foster,sarah.foster@yahoo.com,(334) 919-4702,Compass,Compass,St. Petersburg,St. Petersburg,FL,32869,2,12,12,5487584,4.9,A,98,Facebook,Independent,2026-09-29T09:57:17Z
CREAM-20260929-00143,Benjamin Thompson,Benjamin Thompson,Benjamin,Thompson,bthompson@outlook.com,(334) 850-6611,Long Realty,Long Realty,Tucson,Tucson,AZ,85287,17,49,49,16069708,4.9,A,81,Trade Show,Mid-size (11-50 agents),2026-09-29T02:05:21Z
CREAM-20260929-00144,Emma Chavez,Emma Chavez,Emma,Chavez,emmac@me.com,(404) 892-7331,Coldwell Banker,Coldwell Banker,San Diego,San Diego,CA,95193,12,65,65,52123963,3.6,A,95,Website Lead,Enterprise (200+ agents),2026-09-29T00:14:24Z
CREAM-20260929-00145,Natalie Phillips,Natalie Phillips,Natalie,Phillips,nataliep@icloud.com,(646) 711-5562,Berkshire Hathaway,Berkshire Hathaway,Phoenix,Phoenix,AZ,85157,20,67,67,35336919,3.7,A,66,Facebook,Large (51-200 agents),2026-09-29T06:05:46Z
CREAM-20260929-00146,Sandra Mendoza,Sandra Mendoza,Sandra,Mendoza,sandra.mendoza@gmail.com,(713) 582-1542,Compass,Compass,Tampa,Tampa,FL,33409,10,50,50,22085188,4.9,A,90,Realtor.com,Boutique (2-10 agents),2026-09-29T11:13:14Z
CREAM-20260929-00147,Bruce Lee,Bruce Lee,Bruce,Lee,blee@me.com,(646) 601-7231,Pacific Sotheby's,Pacific Sotheby's,San Diego,San Diego,CA,94930,5,18,18,19348100,4.5,A,65,MLS Database,Boutique (2-10 agents),2026-09-29T11:28:26Z
CREAM-20260929-00148,Sharon Torres,Sharon Torres,Sharon,Torres,sharont@berkshirehathaway.com,(916) 909-1935,Berkshire Hathaway,Berkshire Hathaway,Miami,Miami,FL,32380,5,18,18,8568644,3.6,A,78,Cold Outreach,Independent,2026-09-29T01:12:45Z
CREAM-20260929-00149,Tyler Patel,Tyler Patel,Tyler,Patel,tylerpatel@aol.com,(704) 734-2315,RE/MAX,RE/MAX,Sacramento,Sacramento,CA,94645,18,47,47,51585366,4.0,A,91,Realtor.com,Independent,2026-09-29T13:27:47Z
CREAM-20260929-00150,Sharon Edwards,Sharon Edwards,Sharon,Edwards,sharonedwards@icloud.com,(214) 945-7493,Coldwell Banker,Coldwell Banker,Cincinnati,Cincinnati,OH,45136,3,22,22,5364415,3.2,A,78,NAR Directory,Boutique (2-10 agents),2026-09-29T14:28:10Z
CREAM-20260929-00151,Jeffrey Cox,Jeffrey Cox,Jeffrey,Cox,jeffreycox@aol.com,(704) 667-6822,Allen Tate,Allen Tate,Greensboro,Greensboro,NC,28987,0,5,5,2170750,4.3,A,70,Website Lead,Boutique (2-10 agents),2026-09-29T11:45:26Z
CREAM-20260929-00152,Lawrence Thompson,Lawrence Thompson,Lawrence,Thompson,lawrence.thompson@icloud.com,(718) 814-4497,RE/MAX,RE/MAX,Columbus,Columbus,OH,45743,3,13,13,3366558,3.0,A,87,Trade Show,Large (51-200 agents),2026-09-29T15:19:37Z
CREAM-20260929-00153,Emma Thomas,Emma Thomas,Emma,Thomas,ethomas@hotmail.com,(704) 211-7512,eXp Realty,eXp Realty,Oakland,Oakland,CA,90809,10,71,71,48968948,5.0,A,96,Realtor.com,Large (51-200 agents),2026-09-29T08:43:56Z
CREAM-20260929-00154,Christine Smith,Christine Smith,Christine,Smith,christines@me.com,(212) 619-2378,RE/MAX,RE/MAX,Tucson,Tucson,AZ,85443,14,62,62,23226785,3.6,A,86,NAR Directory,Enterprise (200+ agents),2026-09-29T06:11:37Z
CREAM-20260929-00155,Michelle Jimenez,Michelle Jimenez,Michelle,Jimenez,michellej@douglaselliman.com,(602) 801-9282,Douglas Elliman,Douglas Elliman,St. Petersburg,St. Petersburg,FL,32177,9,15,15,5182927,3.1,A,98,Referral Network,Mid-size (11-50 agents),2026-09-29T16:09:49Z
CREAM-20260929-00156,Keith Howard,Keith Howard,Keith,Howard,keithhoward@me.com,(214) 621-4799,Keller Williams,Keller Williams,Raleigh,Raleigh,NC,27784,0,1,1,454266,4.9,A,98,NAR Directory,Large (51-200 agents),2026-09-29T16:23:35Z
CREAM-20260929-00157,Aaron Phillips,Aaron Phillips,Aaron,Phillips,aaron.phillips@kellerwilliams.com,(334) 755-1983,Keller Williams,Keller Williams,Denver,Denver,CO,80916,1,9,9,5478009,3.6,A,96,Realtor.com,Enterprise (200+ agents),2026-09-29T00:14:14Z
CREAM-20260929-00158,Larry Gonzalez,Larry Gonzalez,Larry,Gonzalez,lgonzalez@yahoo.com,(305) 966-3643,Sotheby's International,Sotheby's International,Bronx,Bronx,NY,10409,17,36,36,23588723,3.2,A,75,Realtor.com,Enterprise (200+ agents),2026-09-29T00:04:23Z
CREAM-20260929-00159,Jack Richardson,Jack Richardson,Jack,Richardson,jackr@berkshirehathaway.com,(704) 642-6849,Berkshire Hathaway,Berkshire Hathaway,Orlando,Orlando,FL,32588,0,2,2,1057219,4.9,A,97,Trade Show,Mid-size (11-50 agents),2026-09-29T21:26:35Z
CREAM-20260929-00160,Albert Coleman,Albert Coleman,Albert,Coleman,albertc@gmail.com,(303) 616-9753,HER Realtors,HER Realtors,Columbus,Columbus,OH,44994,16,26,26,5953707,3.9,A,72,NAR Directory,Boutique (2-10 agents),2026-09-29T05:53:21Z
CREAM-20260929-00161,Samantha Lopez,Samantha Lopez,Samantha,Lopez,samantha_lopez@me.com,(720) 263-9088,Coldwell Banker,Coldwell Banker,Sacramento,Sacramento,CA,93787,11,64,64,63562187,3.3,A,67,Facebook,Independent,2026-09-29T13:09:37Z
CREAM-20260929-00162,Ruth Cook,Ruth Cook,Ruth,Cook,ruth_cook@icloud.com,(718) 826-7007,Pacific Sotheby's,Pacific Sotheby's,San Francisco,San Francisco,CA,91764,11,55,55,41032679,4.0,A,67,MLS Database,Independent,2026-09-29T15:57:06Z
CREAM-20260929-00163,Martha Johnson,Martha Johnson,Martha,Johnson,mjohnson@compass.com,(714) 802-1836,Compass,Compass,Charlotte,Charlotte,NC,28320,4,9,9,4031471,4.9,A,87,Referral Network,Mid-size (11-50 agents),2026-09-29T15:25:14Z
CREAM-20260929-00164,Richard Martinez,Richard Martinez,Richard,Martinez,rmartinez@yahoo.com,(704) 808-7846,RE/MAX,RE/MAX,Cincinnati,Cincinnati,OH,44505,8,16,16,3435301,4.2,A,64,MLS Database,Mid-size (11-50 agents),2026-09-29T19:51:56Z
CREAM-20260929-00165,Maria Young,Maria Young,Maria,Young,myoung@coldwellbanker.com,(980) 521-3587,Coldwell Banker,Coldwell Banker,Raleigh,Raleigh,NC,28289,17,34,34,9377893,3.5,A,82,Realtor.com,Boutique (2-10 agents),2026-09-29T16:34:08Z
CREAM-20260929-00166,Samantha Phillips,Samantha Phillips,Samantha,Phillips,sphillips@gmail.com,(469) 814-1053,Keller Williams,Keller Williams,Denver,Denver,CO,81756,5,23,23,13106655,3.1,A,91,NAR Directory,Enterprise (200+ agents),2026-09-29T01:13:37Z
CREAM-20260929-00167,James Collins,James Collins,James,Collins,james.collins@sothebysinternational.com,(512) 891-3429,Sotheby's International,Sotheby's International,Sacramento,Sacramento,CA,93795,1,6,6,6553980,4.5,A,67,Brokerage Listings,Mid-size (11-50 agents),2026-09-29T01:53:08Z
CREAM-20260929-00168,Charles Bailey,Charles Bailey,Charles,Bailey,charles.bailey@outlook.com,(407) 999-9391,Sotheby's International,Sotheby's International,San Francisco,San Francisco,CA,95398,5,18,18,17733486,3.4,A,91,MLS Database,Independent,2026-09-29T08:08:13Z
CREAM-20260929-00169,Brian Cox,Brian Cox,Brian,Cox,briancox@hotmail.com,(929) 610-8565,RE/MAX,RE/MAX,Los Angeles,Los Angeles,CA,94197,0,1,1,669812,3.1,A,99,Facebook,Large (51-200 agents),2026-09-29T01:55:29Z
CREAM-20260929-00170,Eric Miller,Eric Miller,Eric,Miller,eric.miller@exprealty.com,(713) 882-2418,eXp Realty,eXp Realty,Sacramento,Sacramento,CA,95751,14,50,50,37344580,3.4,A,76,Realtor.com,Enterprise (200+ agents),2026-09-29T16:23:32Z
CREAM-20260929-00171,Scott Davis,Scott Davis,Scott,Davis,scottdavis@hotmail.com,(929) 395-4792,Sotheby's International,Sotheby's International,Manhattan,Manhattan,NY,12868,4,24,24,15616834,4.9,A,89,Trade Show,Mid-size (11-50 agents),2026-09-29T11:37:42Z
CREAM-20260929-00172,Samuel Ross,Samuel Ross,Samuel,Ross,samuel_ross@aol.com,(718) 428-7183,Sotheby's International,Sotheby's International,Sacramento,Sacramento,CA,93663,3,8,8,5887854,3.8,A,86,NAR Directory,Mid-size (11-50 agents),2026-09-29T02:51:40Z
CREAM-20260929-00173,Susan Alexander,Susan Alexander,Susan,Alexander,susan.alexander@kellerwilliamsrealty.com,(310) 815-3574,Keller Williams Realty,Keller Williams Realty,San Diego,San Diego,CA,91509,0,2,2,1223005,4.7,A,83,Website Lead,Independent,2026-09-29T00:27:08Z
CREAM-20260929-00174,David Robinson,David Robinson,David,Robinson,drobinson@yahoo.com,(980) 335-1677,eXp Realty,eXp Realty,San Francisco,San Francisco,CA,95511,1,12,12,11703469,3.1,A,68,Website Lead,Large (51-200 agents),2026-09-29T05:19:48Z
CREAM-20260929-00175,Natalie Edwards,Natalie Edwards,Natalie,Edwards,natalieedwards@aol.com,(212) 850-8791,RE/MAX,RE/MAX,Columbus,Columbus,OH,45857,0,2,2,469794,4.6,A,84,Facebook,Boutique (2-10 agents),2026-09-29T16:34:22Z
CREAM-20260929-00176,Brittany Taylor,Brittany Taylor,Brittany,Taylor,brittanyt@outlook.com,(646) 612-8298,eXp Realty,eXp Realty,Charlotte,Charlotte,NC,27867,2,9,9,2229404,3.5,A,67,Realtor.com,Enterprise (200+ agents),2026-09-29T02:42:34Z
CREAM-20260929-00177,Stephanie Long,Stephanie Long,Stephanie,Long,stephaniel@berkshirehathaway.com,(234) 737-2448,Berkshire Hathaway,Berkshire Hathaway,Phoenix,Phoenix,AZ,86984,4,22,22,11137589,4.1,A,61,LinkedIn,Mid-size (11-50 agents),2026-09-29T06:18:47Z
CREAM-20260929-00178,Joshua Brooks,Joshua Brooks,Joshua,Brooks,joshuabrooks@outlook.com,(929) 622-5052,Century 21,Century 21,Fort Lauderdale,Fort Lauderdale,FL,32538,6,21,21,11216964,3.2,A,99,Cold Outreach,Large (51-200 agents),2026-09-29T13:57:50Z
CREAM-20260929-00179,Carl Lopez,Carl Lopez,Carl,Lopez,carl_lopez@aol.com,(407) 874-9729,eXp Realty,eXp Realty,Cleveland,Cleveland,OH,45506,14,49,49,8763260,4.8,A,100,Website Lead,Boutique (2-10 agents),2026-09-29T11:46:26Z
CREAM-20260929-00180,Rose Martinez,Rose Martinez,Rose,Martinez,rose_martinez@gmail.com,(305) 816-2649,eXp Realty,eXp Realty,Tampa,Tampa,FL,32689,15,49,49,17350508,3.5,A,94,Realtor.com,Enterprise (200+ agents),2026-09-29T21:52:06Z
CREAM-20260929-00181,Dorothy Adams,Dorothy Adams,Dorothy,Adams,dadams@me.com,(212) 355-4322,Berkshire Hathaway HomeServices,Berkshire Hathaway HomeServices,Oakland,Oakland,CA,90384,5,18,18,12743963,3.5,A,87,Facebook,Mid-size (11-50 agents),2026-09-29T16:00:37Z
CREAM-20260929-00182,Arthur Fisher,Arthur Fisher,Arthur,Fisher,afisher@outlook.com,(714) 289-8317,Berkshire Hathaway,Berkshire Hathaway,Columbus,Columbus,OH,45338,20,46,46,10386954,3.1,A,98,Realtor.com,Mid-size (11-50 agents),2026-09-29T01:45:34Z
CREAM-20260929-00183,Diane Richardson,Diane Richardson,Diane,Richardson,dianerichardson@hotmail.com,(704) 408-8015,Compass,Compass,Denver,Denver,CO,81769,21,47,47,33070683,3.4,A,100,Cold Outreach,Boutique (2-10 agents),2026-09-29T20:01:27Z
CREAM-20260929-00184,Brandon Martin,Brandon Martin,Brandon,Martin,brandon_martin@outlook.com,(214) 409-2276,eXp Realty,eXp Realty,Tucson,Tucson,AZ,86711,0,2,2,981703,3.4,A,98,Realtor.com,Enterprise (200+ agents),2026-09-29T13:22:03Z
CREAM-20260929-00185,Mark Diaz,Mark Diaz,Mark,Diaz,markdiaz@hotmail.com,(720) 706-7120,Berkshire Hathaway,Berkshire Hathaway,El Paso,El Paso,TX,77357,5,20,20,5024499,4.0,A,98,Cold Outreach,Enterprise (200+ agents),2026-09-29T14:22:00Z
CREAM-20260929-00186,Patricia Brown,Patricia Brown,Patricia,Brown,patricia.brown@yahoo.com,(404) 401-4454,Compass,Compass,Greensboro,Greensboro,NC,28132,21,58,58,16089122,3.6,A,92,Trade Show,Independent,2026-09-29T09:40:29Z
CREAM-20260929-00187,Roger Scott,Roger Scott,Roger,Scott,rscott@coldwellbanker.com,(646) 309-2990,Coldwell Banker,Coldwell Banker,Mesa,Mesa,AZ,85624,3,18,18,7105743,4.5,A,98,Realtor.com,Enterprise (200+ agents),2026-09-29T15:45:59Z
CREAM-20260929-00188,Lisa Ramos,Lisa Ramos,Lisa,Ramos,lisaramos@outlook.com,(980) 709-4962,HER Realtors,HER Realtors,Columbus,Columbus,OH,43570,13,61,61,12472906,4.2,A,92,LinkedIn,Independent,2026-09-29T17:12:22Z
CREAM-20260929-00189,Scott Campbell,Scott Campbell,Scott,Campbell,scott_campbell@gmail.com,(512) 752-7189,Berkshire Hathaway,Berkshire Hathaway,Raleigh,Raleigh,NC,27519,14,25,25,10621876,3.5,A,87,Referral Network,Mid-size (11-50 agents),2026-09-29T19:19:56Z
CREAM-20260929-00190,Thomas Kim,Thomas Kim,Thomas,Kim,thomas.kim@gmail.com,(714) 516-5804,HomeSmart,HomeSmart,Tucson,Tucson,AZ,86153,21,31,31,14990794,3.7,A,81,Referral Network,Independent,2026-09-29T03:26:02Z
CREAM-20260929-00191,Patrick Thompson,Patrick Thompson,Patrick,Thompson,pthompson@coldwellbanker.com,(929) 277-7227,Coldwell Banker,Coldwell Banker,Columbus,Columbus,OH,45121,18,27,27,7896893,4.8,A,90,Brokerage Listings,Mid-size (11-50 agents),2026-09-29T21:01:18Z
CREAM-20260929-00192,Philip Murphy,Philip Murphy,Philip,Murphy,philipm@aol.com,(334) 821-2499,Compass,Compass,Orlando,Orlando,FL,32103,0,4,4,1738651,4.8,A,63,Facebook,Mid-size (11-50 agents),2026-09-29T10:19:22Z
CREAM-20260929-00193,Christine Thompson,Christine Thompson,Christine,Thompson,christinethompson@me.com,(513) 273-9643,Russell Lyon Sotheby's,Russell Lyon Sotheby's,Tucson,Tucson,AZ,86782,4,10,10,4748112,4.8,A,84,Trade Show,Enterprise (200+ agents),2026-09-29T01:12:51Z
CREAM-20260929-00194,Stephanie Morris,Stephanie Morris,Stephanie,Morris,smorris@sothebysinternational.com,(513) 764-5372,Sotheby's International,Sotheby's International,San Diego,San Diego,CA,90844,17,70,70,62251755,4.1,A,95,Trade Show,Enterprise (200+ agents),2026-09-29T00:46:27Z
CREAM-20260929-00195,Walter Edwards,Walter Edwards,Walter,Edwards,wedwards@me.com,(972) 812-5059,Berkshire Hathaway,Berkshire Hathaway,Miami,Miami,FL,32235,5,22,22,11708317,4.2,A,87,Facebook,Boutique (2-10 agents),2026-09-29T02:24:17Z
CREAM-20260929-00196,Helen Ross,Helen Ross,Helen,Ross,hross@pacificsothebys.com,(972) 419-3271,Pacific Sotheby's,Pacific Sotheby's,Long Beach,Long Beach,CA,90602,4,21,21,17565439,4.6,A,89,Facebook,Independent,2026-09-29T13:05:47Z
CREAM-20260929-00197,Donald Chavez,Donald Chavez,Donald,Chavez,donaldc@hotmail.com,(929) 821-2067,eXp Realty,eXp Realty,Aurora,Aurora,CO,80213,6,25,25,12872362,3.4,A,81,Cold Outreach,Mid-size (11-50 agents),2026-09-29T16:06:32Z
CREAM-20260929-00198,Keith Lopez,Keith Lopez,Keith,Lopez,keithl@coldwellbanker.com,(234) 234-2295,Coldwell Banker,Coldwell Banker,Columbus,Columbus,OH,44378,6,39,39,7037448,4.6,A,66,Trade Show,Large (51-200 agents),2026-09-29T21:49:27Z
CREAM-20260929-00199,Louis Chavez,Louis Chavez,Louis,Chavez,louischavez@aol.com,(310) 266-4042,Coldwell Banker,Coldwell Banker,Aurora,Aurora,CO,81127,5,18,18,7596687,4.3,A,98,Website Lead,Boutique (2-10 agents),2026-09-29T08:47:04Z
CREAM-20260929-00200,Kevin Fisher,Kevin Fisher,Kevin,Fisher,kevinf@hotmail.com,(602) 564-6516,eXp Realty,eXp Realty,Austin,Austin,TX,79306,4,15,15,6104272,4.8,A,73,Realtor.com,Mid-size (11-50 agents),2026-09-29T07:05:03Z
CREAM-20260929-00201,Brian Ward,Brian Ward,Brian,Ward,brianward@yahoo.com,(602) 513-7113,Nest Seekers,Nest Seekers,Manhattan,Manhattan,NY,12835,19,72,72,44157050,4.9,A,80,Website Lead,Enterprise (200+ agents),2026-09-29T11:19:39Z
CREAM-20260929-00202,Anthony Nelson,Anthony Nelson,Anthony,Nelson,anthony.nelson@corcorangroup.com,(469) 855-3707,Corcoran Group,Corcoran Group,Staten Island,Staten Island,NY,10782,16,35,35,15985736,4.1,A,84,Website Lead,Mid-size (11-50 agents),2026-09-29T04:04:52Z
CREAM-20260929-00203,Timothy Brooks,Timothy Brooks,Timothy,Brooks,timothy.brooks@aol.com,(718) 404-5033,Coldwell Banker,Coldwell Banker,Tucson,Tucson,AZ,86483,1,4,4,1908317,4.1,A,68,LinkedIn,Independent,2026-09-29T17:07:11Z
CREAM-20260929-00204,Amy Cooper,Amy Cooper,Amy,Cooper,amy.cooper@berkshirehathaway.com,(214) 732-3159,Berkshire Hathaway,Berkshire Hathaway,Tucson,Tucson,AZ,86286,2,3,3,1191098,4.7,A,74,Trade Show,Enterprise (200+ agents),2026-09-29T13:40:13Z
CREAM-20260929-00205,Justin Fisher,Justin Fisher,Justin,Fisher,justinf@icloud.com,(512) 932-8888,Howard Hanna,Howard Hanna,Raleigh,Raleigh,NC,28234,20,27,27,11250612,4.7,A,60,Facebook,Boutique (2-10 agents),2026-09-29T23:55:00Z
CREAM-20260929-00206,Larry Campbell,Larry Campbell,Larry,Campbell,larrycampbell@yahoo.com,(513) 495-3838,Douglas Elliman,Douglas Elliman,Miami,Miami,FL,32948,10,39,39,17704186,3.1,A,76,Trade Show,Large (51-200 agents),2026-09-29T22:33:31Z
CREAM-20260929-00207,David Anderson,David Anderson,David,Anderson,david_anderson@icloud.com,(212) 701-8177,eXp Realty,eXp Realty,Tampa,Tampa,FL,33205,9,30,30,10916078,3.9,A,61,Trade Show,Mid-size (11-50 agents),2026-09-29T02:23:19Z
CREAM-20260929-00208,Paul Moore,Paul Moore,Paul,Moore,paulm@compass.com,(513) 389-6500,Compass,Compass,San Jose,San Jose,CA,96915,2,10,10,9986444,4.4,A,95,Referral Network,Mid-size (11-50 agents),2026-09-29T15:50:04Z
CREAM-20260929-00209,Roger Hall,Roger Hall,Roger,Hall,roger.hall@coldwellbanker.com,(305) 755-6067,Coldwell Banker,Coldwell Banker,Austin,Austin,TX,79374,20,71,71,24726923,4.8,A,74,NAR Directory,Mid-size (11-50 agents),2026-09-29T09:41:31Z
CREAM-20260929-00210,Samuel Ward,Samuel Ward,Samuel,Ward,samuelw@me.com,(469) 320-5491,eXp Realty,eXp Realty,Denver,Denver,CO,80708,1,4,4,1851106,3.6,A,74,Facebook,Mid-size (11-50 agents),2026-09-29T09:46:29Z
CREAM-20260929-00211,Raymond Garcia,Raymond Garcia,Raymond,Garcia,raymondgarcia@icloud.com,(303) 901-6603,RE/MAX,RE/MAX,San Francisco,San Francisco,CA,92738,2,8,8,5370041,4.7,A,63,Realtor.com,Boutique (2-10 agents),2026-09-29T08:00:32Z
CREAM-20260929-00212,Kevin Rivera,Kevin Rivera,Kevin,Rivera,kevin_rivera@outlook.com,(714) 549-3134,Douglas Elliman,Douglas Elliman,Miami,Miami,FL,32409,11,75,75,22803664,4.7,A,84,Cold Outreach,Enterprise (200+ agents),2026-09-29T06:18:43Z
CREAM-20260929-00213,Carolyn Powell,Carolyn Powell,Carolyn,Powell,carolynp@compass.com,(980) 303-7778,Compass,Compass,Colorado Springs,Colorado Springs,CO,80330,12,72,72,37829910,3.7,A,78,NAR Directory,Large (51-200 agents),2026-09-29T12:09:05Z
CREAM-20260929-00214,Maria Torres,Maria Torres,Maria,Torres,mariat@berkshirehathaway.com,(980) 838-9463,Berkshire Hathaway,Berkshire Hathaway,Fort Lauderdale,Fort Lauderdale,FL,34850,19,74,74,39098595,4.0,A,66,LinkedIn,Independent,2026-09-29T14:17:55Z
CREAM-20260929-00215,Rose Mendoza,Rose Mendoza,Rose,Mendoza,rosemendoza@outlook.com,(646) 516-7363,Berkshire Hathaway HomeServices,Berkshire Hathaway HomeServices,Sacramento,Sacramento,CA,93327,14,37,37,32657736,3.1,A,93,Realtor.com,Enterprise (200+ agents),2026-09-29T16:21:17Z
CREAM-20260929-00216,Sandra Jackson,Sandra Jackson,Sandra,Jackson,sandra.jackson@aol.com,(786) 886-7999,Keller Williams,Keller Williams,Raleigh,Raleigh,NC,27106,2,12,12,5331855,3.3,A,60,LinkedIn,Mid-size (11-50 agents),2026-09-29T03:50:36Z
CREAM-20260929-00217,Keith Reyes,Keith Reyes,Keith,Reyes,keith.reyes@gmail.com,(805) 719-3367,LIV Sotheby's,LIV Sotheby's,Aurora,Aurora,CO,80488,23,39,39,17497515,4.1,A,98,Trade Show,Large (51-200 agents),2026-09-29T06:12:42Z
CREAM-20260929-00218,Maria Campbell,Maria Campbell,Maria,Campbell,mariacampbell@gmail.com,(972) 727-8382,eXp Realty,eXp Realty,San Jose,San Jose,CA,95473,5,8,8,7913619,4.9,A,66,Website Lead,Large (51-200 agents),2026-09-29T03:20:20Z
CREAM-20260929-00219,Peter Collins,Peter Collins,Peter,Collins,petercollins@me.com,(407) 865-5480,RE/MAX,RE/MAX,El Paso,El Paso,TX,79513,1,11,11,4114027,3.4,A,98,MLS Database,Enterprise (200+ agents),2026-09-29T21:35:49Z
CREAM-20260929-00220,Megan Price,Megan Price,Megan,Price,mprice@pacificsothebys.com,(212) 310-4311,Pacific Sotheby's,Pacific Sotheby's,Los Angeles,Los Angeles,CA,92470,25,52,52,34553426,4.2,A,80,Brokerage Listings,Independent,2026-09-29T11:03:47Z
CREAM-20260929-00221,Eugene Allen,Eugene Allen,Eugene,Allen,eugene.allen@yahoo.com,(310) 225-6739,eXp Realty,eXp Realty,Miami,Miami,FL,34775,8,22,22,11937345,3.1,A,70,LinkedIn,Large (51-200 agents),2026-09-29T06:02:07Z
CREAM-20260929-00222,Ralph Ward,Ralph Ward,Ralph,Ward,rward@exprealty.com,(334) 863-5414,eXp Realty,eXp Realty,Aurora,Aurora,CO,81235,5,8,8,3457655,4.7,A,73,Trade Show,Enterprise (200+ agents),2026-09-29T14:10:21Z
CREAM-20260929-00223,Betty Sanders,Betty Sanders,Betty,Sanders,bettysanders@yahoo.com,(614) 346-7351,Long Realty,Long Realty,Scottsdale,Scottsdale,AZ,85461,23,49,49,18960716,4.2,A,64,Facebook,Boutique (2-10 agents),2026-09-29T19:11:49Z
CREAM-20260929-00224,Jennifer Ramos,Jennifer Ramos,Jennifer,Ramos,jenniferr@icloud.com,(214) 289-9662,RE/MAX,RE/MAX,Tampa,Tampa,FL,33502,3,19,19,6660091,3.7,A,72,Facebook,Independent,2026-09-29T14:26:30Z
CREAM-20260929-00225,Cynthia Davis,Cynthia Davis,Cynthia,Davis,cynthiadavis@outlook.com,(704) 558-6726,Berkshire Hathaway,Berkshire Hathaway,Houston,Houston,TX,76254,12,37,37,16772627,3.4,A,84,Realtor.com,Enterprise (200+ agents),2026-09-29T00:54:55Z
CREAM-20260929-00226,Brandon Roberts,Brandon Roberts,Brandon,Roberts,brandonroberts@outlook.com,(704) 814-7796,Douglas Elliman,Douglas Elliman,Orlando,Orlando,FL,33286,1,8,8,2356885,3.6,A,75,Referral Network,Enterprise (200+ agents),2026-09-29T05:49:43Z
CREAM-20260929-00227,Christopher King,Christopher King,Christopher,King,cking@me.com,(980) 635-6553,Douglas Elliman,Douglas Elliman,Houston,Houston,TX,78483,10,57,57,17645604,4.6,A,78,Cold Outreach,Boutique (2-10 agents),2026-09-29T15:37:52Z
CREAM-20260929-00228,Gregory Green,Gregory Green,Gregory,Green,ggreen@outlook.com,(713) 788-5225,Coldwell Banker,Coldwell Banker,Colorado Springs,Colorado Springs,CO,81462,2,10,10,5584055,3.3,A,63,LinkedIn,Large (51-200 agents),2026-09-29T22:44:11Z
CREAM-20260929-00229,George Evans,George Evans,George,Evans,georgee@icloud.com,(310) 863-5837,RE/MAX,RE/MAX,Scottsdale,Scottsdale,AZ,85350,21,73,73,35895387,4.9,A,89,Trade Show,Independent,2026-09-29T07:31:40Z
CREAM-20260929-00230,Heather Gray,Heather Gray,Heather,Gray,hgray@icloud.com,(786) 892-5250,RE/MAX,RE/MAX,Dallas,Dallas,TX,75605,1,3,3,828918,4.4,A,62,Referral Network,Independent,2026-09-29T17:13:34Z
CREAM-20260929-00231,Jennifer Ortiz,Jennifer Ortiz,Jennifer,Ortiz,jenniferortiz@yahoo.com,(404) 623-5563,Huntington Real Estate,Huntington Real Estate,Columbus,Columbus,OH,45571,0,3,3,894721,5.0,A,95,Cold Outreach,Boutique (2-10 agents),2026-09-29T23:20:17Z
CREAM-20260929-00232,Samantha Ward,Samantha Ward,Samantha,Ward,samanthaw@brownharrisstevens.com,(404) 831-6237,Brown Harris Stevens,Brown Harris Stevens,Staten Island,Staten Island,NY,11986,15,35,35,24503881,3.5,A,85,Website Lead,Independent,2026-09-29T15:26:50Z
CREAM-20260929-00233,Timothy Howard,Timothy Howard,Timothy,Howard,timothyhoward@outlook.com,(512) 561-5017,Keller Williams,Keller Williams,Cincinnati,Cincinnati,OH,44327,7,20,20,5995866,3.5,A,90,Realtor.com,Large (51-200 agents),2026-09-29T02:21:21Z
CREAM-20260929-00234,Janet Wilson,Janet Wilson,Janet,Wilson,janetw@hotmail.com,(805) 697-8951,eXp Realty,eXp Realty,Los Angeles,Los Angeles,CA,95831,4,8,8,8519627,4.1,A,92,Website Lead,Mid-size (11-50 agents),2026-09-29T23:31:08Z
CREAM-20260929-00235,Kenneth Turner,Kenneth Turner,Kenneth,Turner,kturner@icloud.com,(305) 363-5065,Berkshire Hathaway,Berkshire Hathaway,Tucson,Tucson,AZ,86578,0,1,1,290142,4.5,A,92,Trade Show,Enterprise (200+ agents),2026-09-29T11:41:56Z
CREAM-20260929-00236,Cynthia Hall,Cynthia Hall,Cynthia,Hall,cynthiah@icloud.com,(718) 237-9254,Cutler Real Estate,Cutler Real Estate,Columbus,Columbus,OH,45808,20,65,65,20575826,3.5,A,81,Facebook,Boutique (2-10 agents),2026-09-29T01:23:43Z
CREAM-20260929-00237,Richard Jimenez,Richard Jimenez,Richard,Jimenez,rjimenez@yahoo.com,(646) 615-8797,Keller Williams,Keller Williams,Cleveland,Cleveland,OH,44550,2,6,6,1270472,4.8,A,66,LinkedIn,Mid-size (11-50 agents),2026-09-29T09:27:08Z
CREAM-20260929-00238,Jessica Robinson,Jessica Robinson,Jessica,Robinson,jessica_robinson@icloud.com,(805) 887-1207,Compass,Compass,New York City,New York City,NY,11816,0,5,5,3802814,3.7,A,62,Website Lead,Boutique (2-10 agents),2026-09-29T15:46:25Z
CREAM-20260929-00239,Brittany Roberts,Brittany Roberts,Brittany,Roberts,brittanyroberts@me.com,(415) 760-1479,Briggs Freeman Sotheby's,Briggs Freeman Sotheby's,Austin,Austin,TX,79644,15,53,53,14075157,3.1,A,72,Trade Show,Independent,2026-09-29T20:15:33Z
CREAM-20260929-00240,Donald Lopez,Donald Lopez,Donald,Lopez,donaldl@yahoo.com,(407) 421-6012,eXp Realty,eXp Realty,Mesa,Mesa,AZ,85414,8,40,40,12506545,4.8,A,84,Cold Outreach,Independent,2026-09-29T04:47:16Z
CREAM-20260929-00241,Diane Garcia,Diane Garcia,Diane,Garcia,dianeg@berkshirehathaway.com,(602) 648-7690,Berkshire Hathaway,Berkshire Hathaway,Cleveland,Cleveland,OH,44807,14,57,57,11667705,4.1,A,66,Facebook,Large (51-200 agents),2026-09-29T08:29:55Z
CREAM-20260929-00242,Stephanie Morgan,Stephanie Morgan,Stephanie,Morgan,stephanie_morgan@yahoo.com,(407) 808-9548,RE/MAX,RE/MAX,Austin,Austin,TX,75340,3,24,24,10826953,4.7,A,95,Realtor.com,Independent,2026-09-29T22:10:57Z
CREAM-20260929-00243,Raymond Jimenez,Raymond Jimenez,Raymond,Jimenez,raymond.jimenez@me.com,(212) 927-8612,Berkshire Hathaway,Berkshire Hathaway,Cleveland,Cleveland,OH,43701,1,9,9,2290442,5.0,A,77,Facebook,Independent,2026-09-29T12:02:59Z
CREAM-20260929-00244,Dennis Lopez,Dennis Lopez,Dennis,Lopez,dennis_lopez@yahoo.com,(646) 731-7564,Keller Williams,Keller Williams,Denver,Denver,CO,80125,24,39,39,21596542,3.5,A,68,Trade Show,Enterprise (200+ agents),2026-09-29T10:09:56Z
CREAM-20260929-00245,Joseph Taylor,Joseph Taylor,Joseph,Taylor,josephtaylor@outlook.com,(614) 315-5856,Russell Lyon Sotheby's,Russell Lyon Sotheby's,Tucson,Tucson,AZ,85500,4,17,17,7764855,3.3,A,91,Referral Network,Enterprise (200+ agents),2026-09-29T03:45:22Z
CREAM-20260929-00246,Theresa Scott,Theresa Scott,Theresa,Scott,theresas@kellerwilliamsrealty.com,(513) 941-3629,Keller Williams Realty,Keller Williams Realty,Miami,Miami,FL,34941,0,3,3,1613214,4.9,A,99,Facebook,Boutique (2-10 agents),2026-09-29T09:01:16Z
CREAM-20260929-00247,Thomas Martinez,Thomas Martinez,Thomas,Martinez,tmartinez@yahoo.com,(614) 371-4417,Keller Williams,Keller Williams,Queens,Queens,NY,12200,11,40,40,24274097,5.0,A,99,Trade Show,Mid-size (11-50 agents),2026-09-29T19:31:41Z
CREAM-20260929-00248,Thomas Torres,Thomas Torres,Thomas,Torres,ttorres@aol.com,(407) 777-5014,Keller Williams,Keller Williams,Denver,Denver,CO,80535,14,39,39,22667976,4.2,A,91,NAR Directory,Boutique (2-10 agents),2026-09-29T15:33:30Z
CREAM-20260929-00249,Gregory Scott,Gregory Scott,Gregory,Scott,gregorys@coldwellbanker.com,(713) 351-4593,Coldwell Banker,Coldwell Banker,Colorado Springs,Colorado Springs,CO,81870,15,26,26,10864988,5.0,A,63,Trade Show,Boutique (2-10 agents),2026-09-29T15:19:14Z
CREAM-20260929-00250,Michael Thompson,Michael Thompson,Michael,Thompson,michael_thompson@outlook.com,(404) 282-3187,RE/MAX,RE/MAX,Cleveland,Cleveland,OH,45588,20,30,30,7586576,4.9,A,60,Website Lead,Independent,2026-09-29T19:25:34Z
CREAM-20260929-00251,Heather Phillips,Heather Phillips,Heather,Phillips,heatherp@sothebysinternational.com,(256) 885-3088,Sotheby's International,Sotheby's International,Long Beach,Long Beach,CA,93218,5,13,13,14349026,4.3,A,80,Trade Show,Large (51-200 agents),2026-09-29T09:15:56Z
CREAM-20260929-00252,Charles Mitchell,Charles Mitchell,Charles,Mitchell,charlesmitchell@hotmail.com,(305) 949-6255,Coldwell Banker,Coldwell Banker,Orlando,Orlando,FL,34490,4,24,24,9031679,4.7,A,81,Realtor.com,Mid-size (11-50 agents),2026-09-29T03:06:55Z
CREAM-20260929-00253,Jeffrey Watson,Jeffrey Watson,Jeffrey,Watson,jeffrey_watson@yahoo.com,(303) 987-5349,Keller Williams Realty,Keller Williams Realty,St. Petersburg,St. Petersburg,FL,33935,2,11,11,3362474,3.4,A,84,MLS Database,Boutique (2-10 agents),2026-09-29T07:54:44Z
CREAM-20260929-00254,Peter Martin,Peter Martin,Peter,Martin,pmartin@gmail.com,(805) 305-4980,RE/MAX,RE/MAX,Austin,Austin,TX,75954,10,47,47,18061773,4.8,A,89,MLS Database,Independent,2026-09-29T17:37:51Z
CREAM-20260929-00255,Edward Ross,Edward Ross,Edward,Ross,edward.ross@coldwellbanker.com,(234) 876-1779,Coldwell Banker,Coldwell Banker,St. Petersburg,St. Petersburg,FL,34355,3,23,23,8583825,4.8,A,90,Cold Outreach,Mid-size (11-50 agents),2026-09-29T00:23:41Z
CREAM-20260929-00256,Gregory Williams,Gregory Williams,Gregory,Williams,gregory_williams@hotmail.com,(303) 428-4467,Berkshire Hathaway,Berkshire Hathaway,Raleigh,Raleigh,NC,27584,2,3,3,788615,3.1,A,64,MLS Database,Enterprise (200+ agents),2026-09-29T05:47:02Z
CREAM-20260929-00257,Keith Price,Keith Price,Keith,Price,keithprice@aol.com,(512) 271-3120,Berkshire Hathaway HomeServices,Berkshire Hathaway HomeServices,Sacramento,Sacramento,CA,90963,2,9,9,6410650,3.6,A,63,Trade Show,Large (51-200 agents),2026-09-29T17:52:19Z
CREAM-20260929-00258,Joshua Cox,Joshua Cox,Joshua,Cox,joshua.cox@berkshirehathaway.com,(718) 380-7062,Berkshire Hathaway,Berkshire Hathaway,Raleigh,Raleigh,NC,28982,20,59,59,14740075,4.4,A,68,Facebook,Large (51-200 agents),2026-09-29T11:09:15Z
CREAM-20260929-00259,Justin Hill,Justin Hill,Justin,Hill,justin.hill@nestseekers.com,(646) 588-6023,Nest Seekers,Nest Seekers,Manhattan,Manhattan,NY,10681,18,74,74,61702098,3.1,A,96,Trade Show,Enterprise (200+ agents),2026-09-29T19:42:32Z
CREAM-20260929-00260,Kathleen Nguyen,Kathleen Nguyen,Kathleen,Nguyen,kathleennguyen@aol.com,(713) 605-2015,Coldwell Banker,Coldwell Banker,Fort Worth,Fort Worth,TX,76584,6,28,28,12721364,3.3,A,98,Brokerage Listings,Boutique (2-10 agents),2026-09-29T11:03:46Z
CREAM-20260929-00261,Benjamin Taylor,Benjamin Taylor,Benjamin,Taylor,benjamin.taylor@re/max.com,(513) 761-2674,RE/MAX,RE/MAX,Mesa,Mesa,AZ,85133,5,9,9,4056336,3.8,A,74,Facebook,Mid-size (11-50 agents),2026-09-29T21:22:30Z
CREAM-20260929-00262,Martha Alvarez,Martha Alvarez,Martha,Alvarez,martha_alvarez@me.com,(980) 326-8484,Corcoran Group,Corcoran Group,Bronx,Bronx,NY,12624,2,11,11,8036911,5.0,A,89,Facebook,Large (51-200 agents),2026-09-29T18:29:51Z
CREAM-20260929-00263,Larry Bennett,Larry Bennett,Larry,Bennett,lbennett@exprealty.com,(916) 296-7842,eXp Realty,eXp Realty,Aurora,Aurora,CO,81740,14,39,39,24247833,3.8,A,71,LinkedIn,Mid-size (11-50 agents),2026-09-29T03:34:19Z
CREAM-20260929-00264,Elizabeth Walker,Elizabeth Walker,Elizabeth,Walker,elizabeth.walker@gmail.com,(980) 380-7119,8z Real Estate,8z Real Estate,Denver,Denver,CO,81697,2,10,10,6833632,3.6,A,73,Facebook,Mid-size (11-50 agents),2026-09-29T06:35:02Z
CREAM-20260929-00265,Sarah Moore,Sarah Moore,Sarah,Moore,sarahmoore@icloud.com,(646) 427-2963,LIV Sotheby's,LIV Sotheby's,Denver,Denver,CO,80183,14,57,57,30322873,3.2,A,89,MLS Database,Boutique (2-10 agents),2026-09-29T23:32:57Z
CREAM-20260929-00266,Amy Morris,Amy Morris,Amy,Morris,amymorris@gmail.com,(212) 865-6439,Coldwell Banker,Coldwell Banker,Columbus,Columbus,OH,44457,2,12,12,2697383,3.2,A,63,MLS Database,Boutique (2-10 agents),2026-09-29T12:50:03Z
CREAM-20260929-00267,Juan Phillips,Juan Phillips,Juan,Phillips,juan.phillips@coldwellbanker.com,(512) 856-5504,Coldwell Banker,Coldwell Banker,Cincinnati,Cincinnati,OH,44989,0,5,5,900416,3.2,A,63,NAR Directory,Boutique (2-10 agents),2026-09-29T09:37:51Z
CREAM-20260929-00268,Jerry Thomas,Jerry Thomas,Jerry,Thomas,jthomas@berkshirehathaway.com,(256) 340-7993,Berkshire Hathaway,Berkshire Hathaway,Mesa,Mesa,AZ,85162,21,28,28,9632730,3.6,A,99,Website Lead,Mid-size (11-50 agents),2026-09-29T14:04:12Z
CREAM-20260929-00269,Roger Flores,Roger Flores,Roger,Flores,roger.flores@me.com,(214) 782-9583,Berkshire Hathaway,Berkshire Hathaway,Raleigh,Raleigh,NC,27173,9,26,26,10546824,4.0,A,66,Referral Network,Large (51-200 agents),2026-09-29T22:54:50Z
CREAM-20260929-00270,James Gonzalez,James Gonzalez,James,Gonzalez,jamesg@icloud.com,(256) 707-2873,Keller Williams,Keller Williams,Tucson,Tucson,AZ,86974,22,72,72,22372424,3.8,A,64,Website Lead,Boutique (2-10 agents),2026-09-29T05:41:04Z
CREAM-20260929-00271,Christopher Lewis,Christopher Lewis,Christopher,Lewis,christopherl@exprealty.com,(512) 446-9224,eXp Realty,eXp Realty,Cincinnati,Cincinnati,OH,43562,1,5,5,1571965,4.2,A,65,NAR Directory,Boutique (2-10 agents),2026-09-29T05:16:13Z
CREAM-20260929-00272,Ryan Adams,Ryan Adams,Ryan,Adams,radams@me.com,(916) 779-3639,Keller Williams,Keller Williams,New York City,New York City,NY,13124,8,35,35,23799196,3.6,A,77,Website Lead,Large (51-200 agents),2026-09-29T13:03:08Z
CREAM-20260929-00273,Anthony Jimenez,Anthony Jimenez,Anthony,Jimenez,ajimenez@icloud.com,(704) 614-3845,Compass,Compass,Oakland,Oakland,CA,92229,7,28,28,24390126,4.9,A,96,NAR Directory,Enterprise (200+ agents),2026-09-29T10:26:58Z
CREAM-20260929-00274,Christopher Ramirez,Christopher Ramirez,Christopher,Ramirez,christopher.ramirez@icloud.com,(512) 479-7084,Allie Beth Allman,Allie Beth Allman,Austin,Austin,TX,78846,9,21,21,7300255,4.1,A,100,Realtor.com,Mid-size (11-50 agents),2026-09-29T21:49:24Z
CREAM-20260929-00275,Carolyn Rodriguez,Carolyn Rodriguez,Carolyn,Rodriguez,carolynr@me.com,(602) 501-5639,Compass,Compass,Oakland,Oakland,CA,92380,9,21,21,16573516,4.5,A,93,MLS Database,Boutique (2-10 agents),2026-09-29T07:40:08Z
CREAM-20260929-00276,Raymond Gonzalez,Raymond Gonzalez,Raymond,Gonzalez,rgonzalez@homesmart.com,(334) 411-7744,HomeSmart,HomeSmart,Scottsdale,Scottsdale,AZ,85213,2,8,8,4181070,4.6,A,93,Realtor.com,Boutique (2-10 agents),2026-09-29T13:42:09Z
CREAM-20260929-00277,Benjamin Gonzalez,Benjamin Gonzalez,Benjamin,Gonzalez,bgonzalez@cutlerrealestate.com,(305) 548-9948,Cutler Real Estate,Cutler Real Estate,Cincinnati,Cincinnati,OH,45198,2,10,10,2367837,4.7,A,87,Website Lead,Enterprise (200+ agents),2026-09-29T17:09:13Z
CREAM-20260929-00278,Peter Jones,Peter Jones,Peter,Jones,pjones@hotmail.com,(614) 928-4223,Corcoran Group,Corcoran Group,Bronx,Bronx,NY,11788,11,36,36,22761322,3.6,A,93,NAR Directory,Large (51-200 agents),2026-09-29T05:23:55Z
CREAM-20260929-00279,Donald Williams,Donald Williams,Donald,Williams,donaldw@hotmail.com,(786) 557-6801,Douglas Elliman,Douglas Elliman,Staten Island,Staten Island,NY,13281,18,30,30,18333959,3.9,A,72,NAR Directory,Large (51-200 agents),2026-09-29T10:39:48Z
CREAM-20260929-00280,Rachel Russell,Rachel Russell,Rachel,Russell,rrussell@me.com,(310) 560-3334,8z Real Estate,8z Real Estate,Denver,Denver,CO,81972,10,80,80,52111377,4.3,A,96,Brokerage Listings,Enterprise (200+ agents),2026-09-29T08:44:13Z
CREAM-20260929-00281,Christopher Sanchez,Christopher Sanchez,Christopher,Sanchez,christophers@gmail.com,(916) 818-8333,eXp Realty,eXp Realty,Austin,Austin,TX,78925,14,66,66,17731542,4.3,A,89,NAR Directory,Enterprise (200+ agents),2026-09-29T19:02:06Z
CREAM-20260929-00282,Amy Taylor,Amy Taylor,Amy,Taylor,amy.taylor@exprealty.com,(714) 514-8996,eXp Realty,eXp Realty,Colorado Springs,Colorado Springs,CO,81955,25,54,54,35577854,3.7,A,70,Facebook,Large (51-200 agents),2026-09-29T06:31:21Z
CREAM-20260929-00283,Steven Foster,Steven Foster,Steven,Foster,steven_foster@icloud.com,(513) 696-8893,eXp Realty,eXp Realty,Charlotte,Charlotte,NC,28227,24,65,65,17300769,4.9,A,90,Website Lead,Boutique (2-10 agents),2026-09-29T10:19:02Z
CREAM-20260929-00284,Richard Roberts,Richard Roberts,Richard,Roberts,richardr@aol.com,(919) 963-4042,Compass,Compass,Orlando,Orlando,FL,34846,3,24,24,7125679,4.9,A,89,Website Lead,Large (51-200 agents),2026-09-29T10:44:00Z
CREAM-20260929-00285,Patricia Jenkins,Patricia Jenkins,Patricia,Jenkins,pjenkins@hotmail.com,(720) 605-6391,HomeSmart,HomeSmart,Phoenix,Phoenix,AZ,85332,0,5,5,2554670,3.3,A,69,Trade Show,Enterprise (200+ agents),2026-09-29T16:12:03Z
CREAM-20260929-00286,William Bennett,William Bennett,William,Bennett,williamb@gmail.com,(415) 334-1031,Compass,Compass,Los Angeles,Los Angeles,CA,96120,5,10,10,8412007,4.5,A,83,LinkedIn,Boutique (2-10 agents),2026-09-29T03:34:28Z
CREAM-20260929-00287,Laura Wilson,Laura Wilson,Laura,Wilson,laura.wilson@me.com,(919) 951-6369,Keller Williams,Keller Williams,Denver,Denver,CO,81311,2,6,6,2516319,3.3,A,91,MLS Database,Mid-size (11-50 agents),2026-09-29T20:44:29Z
CREAM-20260929-00288,William Ward,William Ward,William,Ward,wward@yahoo.com,(512) 254-9130,Douglas Elliman,Douglas Elliman,El Paso,El Paso,TX,75616,1,12,12,5413632,3.4,A,82,Facebook,Mid-size (11-50 agents),2026-09-29T22:29:19Z
CREAM-20260929-00289,Helen Reed,Helen Reed,Helen,Reed,helen_reed@yahoo.com,(704) 341-4429,Douglas Elliman,Douglas Elliman,Dallas,Dallas,TX,76928,13,27,27,8997722,4.2,A,73,Website Lead,Independent,2026-09-29T10:41:20Z
CREAM-20260929-00290,Amber Campbell,Amber Campbell,Amber,Campbell,amberc@hotmail.com,(646) 534-8898,Berkshire Hathaway,Berkshire Hathaway,San Antonio,San Antonio,TX,76857,18,25,25,7061454,4.6,A,63,Referral Network,Independent,2026-09-29T20:25:29Z
CREAM-20260929-00291,Julia Wood,Julia Wood,Julia,Wood,jwood@gmail.com,(786) 535-1155,Coldwell Banker,Coldwell Banker,Greensboro,Greensboro,NC,27733,4,24,24,10356062,5.0,A,96,Cold Outreach,Independent,2026-09-29T15:07:56Z
CREAM-20260929-00292,Jennifer Lopez,Jennifer Lopez,Jennifer,Lopez,jenniferl@sothebysinternational.com,(614) 691-3200,Sotheby's International,Sotheby's International,San Francisco,San Francisco,CA,96603,23,25,25,15122981,4.2,A,90,Cold Outreach,Enterprise (200+ agents),2026-09-29T03:35:37Z
CREAM-20260929-00293,Keith Walker,Keith Walker,Keith,Walker,keith.walker@kellerwilliams.com,(602) 572-6459,Keller Williams,Keller Williams,Colorado Springs,Colorado Springs,CO,81669,19,63,63,31031730,3.4,A,62,Realtor.com,Enterprise (200+ agents),2026-09-29T00:26:43Z
CREAM-20260929-00294,Christopher Clark,Christopher Clark,Christopher,Clark,cclark@hotmail.com,(305) 801-5218,Douglas Elliman,Douglas Elliman,Houston,Houston,TX,79276,17,78,78,30037634,4.6,A,81,MLS Database,Boutique (2-10 agents),2026-09-29T22:40:34Z
CREAM-20260929-00295,Charles Watson,Charles Watson,Charles,Watson,charles.watson@douglaselliman.com,(602) 488-4925,Douglas Elliman,Douglas Elliman,Manhattan,Manhattan,NY,13682,6,29,29,13401583,4.5,A,62,Referral Network,Boutique (2-10 agents),2026-09-29T14:40:57Z
CREAM-20260929-00296,Carol Gutierrez,Carol Gutierrez,Carol,Gutierrez,cgutierrez@coldwellbanker.com,(919) 588-3675,Coldwell Banker,Coldwell Banker,Charlotte,Charlotte,NC,27903,21,50,50,16066305,4.3,A,89,MLS Database,Large (51-200 agents),2026-09-29T00:34:37Z
CREAM-20260929-00297,Linda Myers,Linda Myers,Linda,Myers,linda_myers@outlook.com,(512) 249-7790,Halstead,Halstead,Brooklyn,Brooklyn,NY,11953,21,25,25,16883824,4.6,A,86,Facebook,Mid-size (11-50 agents),2026-09-29T16:34:44Z
CREAM-20260929-00298,Angela Campbell,Angela Campbell,Angela,Campbell,angelacampbell@yahoo.com,(720) 350-3129,Berkshire Hathaway,Berkshire Hathaway,Denver,Denver,CO,80323,4,24,24,12029049,4.2,A,100,Realtor.com,Enterprise (200+ agents),2026-09-29T22:44:31Z
CREAM-20260929-00299,Ruth Stewart,Ruth Stewart,Ruth,Stewart,rstewart@yahoo.com,(469) 846-1707,Brown Harris Stevens,Brown Harris Stevens,Brooklyn,Brooklyn,NY,13778,0,3,3,1935226,3.8,A,63,Brokerage Listings,Independent,2026-09-29T05:55:47Z
CREAM-20260929-00300,Jason Rogers,Jason Rogers,Jason,Rogers,jasonr@gmail.com,(980) 328-1040,LIV Sotheby's,LIV Sotheby's,Denver,Denver,CO,81124,17,45,45,26480056,4.7,A,71,Referral Network,Large (51-200 agents),2026-09-29T08:40:14Z
CREAM-20260929-00301,Emma Flores,Emma Flores,Emma,Flores,eflores@icloud.com,(720) 782-6641,RE/MAX,RE/MAX,Fort Worth,Fort Worth,TX,75846,13,25,25,10528316,5.0,A,100,Facebook,Boutique (2-10 agents),2026-09-29T08:17:50Z
CREAM-20260929-00302,Dorothy Morgan,Dorothy Morgan,Dorothy,Morgan,dorothym@re/max.com,(305) 567-3471,RE/MAX,RE/MAX,Fort Lauderdale,Fort Lauderdale,FL,32294,23,34,34,14381716,4.7,A,96,Facebook,Independent,2026-09-29T01:33:00Z
CREAM-20260929-00303,Jason Turner,Jason Turner,Jason,Turner,jasont@coldwellbanker.com,(646) 723-4779,Coldwell Banker,Coldwell Banker,San Diego,San Diego,CA,96921,11,40,40,27939320,3.6,A,63,Referral Network,Enterprise (200+ agents),2026-09-29T21:47:07Z
CREAM-20260929-00304,Jerry Gutierrez,Jerry Gutierrez,Jerry,Gutierrez,jerryg@kellerwilliams.com,(469) 934-5261,Keller Williams,Keller Williams,Fort Worth,Fort Worth,TX,76144,1,6,6,2559930,3.0,A,91,MLS Database,Independent,2026-09-29T12:01:10Z
CREAM-20260929-00305,Paul Myers,Paul Myers,Paul,Myers,paulm@hotmail.com,(916) 388-9014,Keller Williams,Keller Williams,Greensboro,Greensboro,NC,28468,7,18,18,5590818,3.7,A,65,NAR Directory,Large (51-200 agents),2026-09-29T01:10:22Z
CREAM-20260929-00306,Peter Flores,Peter Flores,Peter,Flores,peter.flores@coldwellbanker.com,(415) 972-3656,Coldwell Banker,Coldwell Banker,Columbus,Columbus,OH,44236,20,70,70,12771750,4.3,A,78,Brokerage Listings,Enterprise (200+ agents),2026-09-29T16:22:06Z
CREAM-20260929-00307,Timothy Anderson,Timothy Anderson,Timothy,Anderson,timothya@icloud.com,(602) 340-8154,eXp Realty,eXp Realty,Dallas,Dallas,TX,75255,7,33,33,11454329,3.3,A,64,Facebook,Boutique (2-10 agents),2026-09-29T04:32:21Z
CREAM-20260929-00308,Megan Long,Megan Long,Megan,Long,megan_long@gmail.com,(646) 741-2787,Douglas Elliman,Douglas Elliman,El Paso,El Paso,TX,79992,4,20,20,6954523,3.8,A,73,Trade Show,Large (51-200 agents),2026-09-29T10:14:27Z
CREAM-20260929-00309,Stephen Nguyen,Stephen Nguyen,Stephen,Nguyen,stephen.nguyen@icloud.com,(980) 745-4814,Berkshire Hathaway,Berkshire Hathaway,Greensboro,Greensboro,NC,28223,3,10,10,3967158,4.3,A,84,Trade Show,Independent,2026-09-29T02:02:52Z
CREAM-20260929-00310,Shirley White,Shirley White,Shirley,White,swhite@herrealtors.com,(916) 391-7391,HER Realtors,HER Realtors,Cleveland,Cleveland,OH,45298,1,9,9,2188777,4.9,A,95,Brokerage Listings,Enterprise (200+ agents),2026-09-29T11:09:10Z
CREAM-20260929-00311,Joseph Reyes,Joseph Reyes,Joseph,Reyes,jreyes@compass.com,(929) 401-8384,Compass,Compass,St. Petersburg,St. Petersburg,FL,32261,7,38,38,15392878,4.4,A,99,NAR Directory,Boutique (2-10 agents),2026-09-29T06:58:26Z
CREAM-20260929-00312,Steven Richardson,Steven Richardson,Steven,Richardson,srichardson@aol.com,(256) 398-8638,Coldwell Banker,Coldwell Banker,Scottsdale,Scottsdale,AZ,86800,25,63,63,23029795,3.8,A,67,MLS Database,Mid-size (11-50 agents),2026-09-29T03:02:59Z
CREAM-20260929-00313,Rebecca Collins,Rebecca Collins,Rebecca,Collins,rcollins@me.com,(919) 796-1059,Berkshire Hathaway HomeServices,Berkshire Hathaway HomeServices,San Francisco,San Francisco,CA,95179,8,34,34,26110005,4.2,A,99,MLS Database,Mid-size (11-50 agents),2026-09-29T04:48:39Z
CREAM-20260929-00314,Janet Alexander,Janet Alexander,Janet,Alexander,janet.alexander@gmail.com,(929) 418-4504,Coldwell Banker,Coldwell Banker,Charlotte,Charlotte,NC,28302,11,67,67,27829938,3.2,A,66,Website Lead,Mid-size (11-50 agents),2026-09-29T13:11:24Z
CREAM-20260929-00315,Donna Long,Donna Long,Donna,Long,donna.long@aol.com,(212) 659-7558,Howard Hanna,Howard Hanna,Charlotte,Charlotte,NC,28299,19,34,34,12423085,4.0,A,85,Website Lead,Large (51-200 agents),2026-09-29T18:43:41Z
CREAM-20260929-00316,Keith Taylor,Keith Taylor,Keith,Taylor,keitht@8zrealestate.com,(334) 240-1493,8z Real Estate,8z Real Estate,Denver,Denver,CO,80908,1,8,8,3465908,4.5,A,92,Referral Network,Independent,2026-09-29T01:05:44Z
CREAM-20260929-00317,Brenda Garcia,Brenda Garcia,Brenda,Garcia,brendag@exprealty.com,(916) 720-6337,eXp Realty,eXp Realty,Fort Lauderdale,Fort Lauderdale,FL,33173,17,43,43,21194157,4.9,A,62,Realtor.com,Mid-size (11-50 agents),2026-09-29T23:02:05Z
CREAM-20260929-00318,Timothy Howard,Timothy Howard,Timothy,Howard,timothy.howard@howardhanna.com,(786) 383-6770,Howard Hanna,Howard Hanna,Greensboro,Greensboro,NC,27424,7,39,39,16817235,3.9,A,60,Cold Outreach,Independent,2026-09-29T04:37:48Z
CREAM-20260929-00319,Christine Alexander,Christine Alexander,Christine,Alexander,christinealexander@hotmail.com,(805) 919-3808,Coldwell Banker,Coldwell Banker,Los Angeles,Los Angeles,CA,93258,0,3,3,2691546,4.7,A,76,Website Lead,Mid-size (11-50 agents),2026-09-29T13:49:22Z
CREAM-20260929-00320,Samuel King,Samuel King,Samuel,King,sking@outlook.com,(513) 885-9992,Berkshire Hathaway,Berkshire Hathaway,Denver,Denver,CO,80496,24,36,36,19082403,4.3,A,62,Referral Network,Boutique (2-10 agents),2026-09-29T08:31:15Z
CREAM-20260929-00321,Debra Stewart,Debra Stewart,Debra,Stewart,debrastewart@aol.com,(256) 434-6691,8z Real Estate,8z Real Estate,Denver,Denver,CO,81109,12,34,34,21389313,4.5,A,81,Referral Network,Mid-size (11-50 agents),2026-09-29T19:26:38Z
CREAM-20260929-00322,Shirley Sanders,Shirley Sanders,Shirley,Sanders,shirley.sanders@hotmail.com,(919) 328-5131,Briggs Freeman Sotheby's,Briggs Freeman Sotheby's,Dallas,Dallas,TX,79445,19,44,44,19960990,3.2,A,92,MLS Database,Large (51-200 agents),2026-09-29T10:56:30Z
CREAM-20260929-00323,Gary Castillo,Gary Castillo,Gary,Castillo,gary_castillo@me.com,(415) 857-9159,Coldwell Banker,Coldwell Banker,Cleveland,Cleveland,OH,45702,15,27,27,5975120,3.3,A,94,Facebook,Large (51-200 agents),2026-09-29T08:13:10Z
CREAM-20260929-00324,Katherine Jimenez,Katherine Jimenez,Katherine,Jimenez,katherinej@aol.com,(469) 366-7103,RE/MAX,RE/MAX,Colorado Springs,Colorado Springs,CO,80384,17,57,57,40484014,3.6,A,96,Referral Network,Large (51-200 agents),2026-09-29T05:50:49Z
CREAM-20260929-00325,Louis Clark,Louis Clark,Louis,Clark,louisclark@aol.com,(916) 697-1082,Douglas Elliman,Douglas Elliman,Tampa,Tampa,FL,34206,2,5,5,2394284,3.4,A,72,Brokerage Listings,Boutique (2-10 agents),2026-09-29T08:02:43Z
CREAM-20260929-00326,Robert Jenkins,Robert Jenkins,Robert,Jenkins,rjenkins@yahoo.com,(713) 850-1247,Douglas Elliman,Douglas Elliman,Dallas,Dallas,TX,79736,3,13,13,5647471,4.1,A,96,Trade Show,Enterprise (200+ agents),2026-09-29T10:46:31Z
CREAM-20260929-00327,Ronald Thompson,Ronald Thompson,Ronald,Thompson,rthompson@kellerwilliams.com,(513) 325-7952,Keller Williams,Keller Williams,Brooklyn,Brooklyn,NY,11907,7,29,29,15537393,3.7,A,62,Brokerage Listings,Boutique (2-10 agents),2026-09-29T15:46:01Z
CREAM-20260929-00328,Ashley Peterson,Ashley Peterson,Ashley,Peterson,ashleyp@aol.com,(214) 676-5009,eXp Realty,eXp Realty,Cleveland,Cleveland,OH,43833,0,1,1,232654,4.7,A,73,Brokerage Listings,Enterprise (200+ agents),2026-09-29T07:56:17Z
CREAM-20260929-00329,Shirley Ortiz,Shirley Ortiz,Shirley,Ortiz,sortiz@hotmail.com,(805) 503-1229,HER Realtors,HER Realtors,Cleveland,Cleveland,OH,43703,3,11,11,2888422,3.8,A,63,Realtor.com,Large (51-200 agents),2026-09-29T19:25:10Z
CREAM-20260929-00330,Eugene Gomez,Eugene Gomez,Eugene,Gomez,egomez@me.com,(404) 443-1529,eXp Realty,eXp Realty,Mesa,Mesa,AZ,86227,5,15,15,5158322,3.1,A,84,Cold Outreach,Mid-size (11-50 agents),2026-09-29T06:05:36Z
CREAM-20260929-00331,Eugene Price,Eugene Price,Eugene,Price,eugene_price@gmail.com,(602) 402-1439,Keller Williams,Keller Williams,Raleigh,Raleigh,NC,27161,2,9,9,3108707,4.1,A,80,Realtor.com,Mid-size (11-50 agents),2026-09-29T18:35:00Z
CREAM-20260929-00332,Amy Baker,Amy Baker,Amy,Baker,amybaker@outlook.com,(805) 999-4654,Keller Williams,Keller Williams,Manhattan,Manhattan,NY,14588,1,10,10,7638727,3.9,A,77,MLS Database,Enterprise (200+ agents),2026-09-29T12:19:55Z
CREAM-20260929-00333,Steven Carter,Steven Carter,Steven,Carter,scarter@me.com,(805) 389-9314,RE/MAX,RE/MAX,Raleigh,Raleigh,NC,28480,0,4,4,1760899,3.0,A,62,Cold Outreach,Independent,2026-09-29T22:13:46Z
CREAM-20260929-00334,Michelle Garcia,Michelle Garcia,Michelle,Garcia,michelleg@coldwellbanker.com,(919) 393-6188,Coldwell Banker,Coldwell Banker,Raleigh,Raleigh,NC,28802,5,18,18,8130633,3.0,A,82,Trade Show,Large (51-200 agents),2026-09-29T22:51:37Z
CREAM-20260929-00335,Charles Rogers,Charles Rogers,Charles,Rogers,crogers@brownharrisstevens.com,(415) 260-3994,Brown Harris Stevens,Brown Harris Stevens,Bronx,Bronx,NY,10650,12,34,34,16376782,3.3,A,96,MLS Database,Large (51-200 agents),2026-09-29T07:51:29Z
CREAM-20260929-00336,Kimberly Campbell,Kimberly Campbell,Kimberly,Campbell,kcampbell@yahoo.com,(334) 275-5012,Compass,Compass,Aurora,Aurora,CO,81238,3,23,23,15308435,3.9,A,88,Referral Network,Enterprise (200+ agents),2026-09-29T19:15:05Z
CREAM-20260929-00337,Paul Kim,Paul Kim,Paul,Kim,paul.kim@briggsfreemansothebys.com,(310) 676-8346,Briggs Freeman Sotheby's,Briggs Freeman Sotheby's,San Antonio,San Antonio,TX,77914,8,37,37,10733730,4.6,A,85,Referral Network,Mid-size (11-50 agents),2026-09-29T16:05:43Z
CREAM-20260929-00338,Karen Clark,Karen Clark,Karen,Clark,kclark@outlook.com,(512) 619-8824,LIV Sotheby's,LIV Sotheby's,Aurora,Aurora,CO,80345,0,2,2,1253431,3.3,A,97,Cold Outreach,Independent,2026-09-29T00:27:32Z
CREAM-20260929-00339,Nicole Hill,Nicole Hill,Nicole,Hill,nhill@me.com,(513) 374-7093,Huntington Real Estate,Huntington Real Estate,Cleveland,Cleveland,OH,45215,1,7,7,1811075,3.2,A,84,LinkedIn,Boutique (2-10 agents),2026-09-29T21:00:30Z
CREAM-20260929-00340,Brandon Thompson,Brandon Thompson,Brandon,Thompson,brandont@kellerwilliamsrealty.com,(720) 994-2858,Keller Williams Realty,Keller Williams Realty,Oakland,Oakland,CA,93560,5,12,12,11273068,4.0,A,84,NAR Directory,Independent,2026-09-29T16:44:41Z
CREAM-20260929-00341,George Flores,George Flores,George,Flores,george.flores@re/max.com,(310) 944-5378,RE/MAX,RE/MAX,Miami,Miami,FL,32755,22,78,78,35293766,3.5,A,65,LinkedIn,Boutique (2-10 agents),2026-09-29T01:55:24Z
CREAM-20260929-00342,Robert Rogers,Robert Rogers,Robert,Rogers,robertr@icloud.com,(614) 963-4759,Compass,Compass,Tampa,Tampa,FL,34751,2,5,5,2637624,3.1,A,69,Brokerage Listings,Boutique (2-10 agents),2026-09-29T05:29:33Z
CREAM-20260929-00343,Stephen Green,Stephen Green,Stephen,Green,stepheng@berkshirehathaway.com,(646) 587-4394,Berkshire Hathaway,Berkshire Hathaway,Fort Lauderdale,Fort Lauderdale,FL,34792,18,28,28,14727828,4.0,A,69,Website Lead,Large (51-200 agents),2026-09-29T10:30:52Z
CREAM-20260929-00344,Christopher Gutierrez,Christopher Gutierrez,Christopher,Gutierrez,christophergutierrez@hotmail.com,(713) 690-2187,Corcoran Group,Corcoran Group,Bronx,Bronx,NY,14702,8,26,26,19087918,4.7,A,79,Facebook,Independent,2026-09-29T23:47:34Z
CREAM-20260929-00345,Katherine Price,Katherine Price,Katherine,Price,kprice@outlook.com,(234) 743-3783,Cutler Real Estate,Cutler Real Estate,Cincinnati,Cincinnati,OH,45766,15,62,62,19072041,3.9,A,65,Trade Show,Independent,2026-09-29T13:55:44Z
CREAM-20260929-00346,Steven Powell,Steven Powell,Steven,Powell,stevenp@russelllyonsothebys.com,(614) 651-6451,Russell Lyon Sotheby's,Russell Lyon Sotheby's,Tucson,Tucson,AZ,86262,5,21,21,7303563,4.4,A,72,Cold Outreach,Large (51-200 agents),2026-09-29T12:43:10Z
CREAM-20260929-00347,Katherine Morris,Katherine Morris,Katherine,Morris,kmorris@allentate.com,(720) 246-3590,Allen Tate,Allen Tate,Charlotte,Charlotte,NC,27404,25,72,72,29822592,4.6,A,64,Brokerage Listings,Independent,2026-09-29T12:56:08Z
CREAM-20260929-00348,Sarah Lee,Sarah Lee,Sarah,Lee,sarah.lee@herrealtors.com,(512) 273-4296,HER Realtors,HER Realtors,Columbus,Columbus,OH,44524,13,78,78,15827247,4.7,A,80,Cold Outreach,Independent,2026-09-29T12:59:54Z
CREAM-20260929-00349,Joseph Carter,Joseph Carter,Joseph,Carter,joseph_carter@icloud.com,(212) 938-4463,eXp Realty,eXp Realty,Charlotte,Charlotte,NC,28907,19,59,59,16760821,4.5,A,91,LinkedIn,Boutique (2-10 agents),2026-09-29T14:17:40Z
CREAM-20260929-00350,Sharon Nelson,Sharon Nelson,Sharon,Nelson,sharon.nelson@outlook.com,(334) 497-3013,8z Real Estate,8z Real Estate,Aurora,Aurora,CO,80992,17,27,27,13544434,3.6,A,61,Referral Network,Independent,2026-09-29T13:58:40Z
CREAM-20260929-00351,Debra Morales,Debra Morales,Debra,Morales,debra.morales@kellerwilliams.com,(234) 866-7895,Keller Williams,Keller Williams,Phoenix,Phoenix,AZ,86965,8,20,20,8625237,3.2,A,93,Facebook,Large (51-200 agents),2026-09-29T00:31:44Z
CREAM-20260929-00352,David Baker,David Baker,David,Baker,davidbaker@aol.com,(720) 877-9155,Berkshire Hathaway HomeServices,Berkshire Hathaway HomeServices,Sacramento,Sacramento,CA,95393,5,21,21,13769873,3.1,A,70,Realtor.com,Enterprise (200+ agents),2026-09-29T08:17:30Z
CREAM-20260929-00353,Rachel Roberts,Rachel Roberts,Rachel,Roberts,rachelroberts@outlook.com,(972) 366-1332,Russell Lyon Sotheby's,Russell Lyon Sotheby's,Phoenix,Phoenix,AZ,86831,14,42,42,22170753,3.4,A,91,Facebook,Independent,2026-09-29T00:23:30Z
CREAM-20260929-00354,George Johnson,George Johnson,George,Johnson,georgej@yahoo.com,(234) 257-2007,eXp Realty,eXp Realty,Fort Lauderdale,Fort Lauderdale,FL,34121,0,4,4,1930428,4.0,A,93,Brokerage Listings,Enterprise (200+ agents),2026-09-29T19:20:47Z
CREAM-20260929-00355,Laura Gomez,Laura Gomez,Laura,Gomez,lgomez@exprealty.com,(512) 236-7808,eXp Realty,eXp Realty,Cincinnati,Cincinnati,OH,44301,15,40,40,12497781,3.0,A,82,MLS Database,Enterprise (200+ agents),2026-09-29T19:09:21Z
CREAM-20260929-00356,Emily Ward,Emily Ward,Emily,Ward,emily.ward@century21.com,(602) 984-9779,Century 21,Century 21,Miami,Miami,FL,33538,24,74,74,40133501,3.5,A,96,Facebook,Boutique (2-10 agents),2026-09-29T04:48:12Z
CREAM-20260929-00357,Debra Bailey,Debra Bailey,Debra,Bailey,debrabailey@yahoo.com,(929) 326-5407,RE/MAX,RE/MAX,Long Beach,Long Beach,CA,94311,16,38,38,29182349,3.7,A,81,Trade Show,Independent,2026-09-29T06:23:49Z
CREAM-20260929-00358,Debra Cruz,Debra Cruz,Debra,Cruz,debrac@aol.com,(512) 724-6692,RE/MAX,RE/MAX,Colorado Springs,Colorado Springs,CO,80376,5,10,10,4446753,4.9,A,60,Cold Outreach,Enterprise (200+ agents),2026-09-29T16:48:55Z
CREAM-20260929-00359,Sharon Hernandez,Sharon Hernandez,Sharon,Hernandez,sharon.hernandez@re/max.com,(919) 996-2356,RE/MAX,RE/MAX,Mesa,Mesa,AZ,85582,5,15,15,6701264,3.4,A,74,Brokerage Listings,Mid-size (11-50 agents),2026-09-29T00:18:02Z
CREAM-20260929-00360,Lisa Robinson,Lisa Robinson,Lisa,Robinson,lisa.robinson@me.com,(256) 699-5525,Cutler Real Estate,Cutler Real Estate,Columbus,Columbus,OH,44286,4,12,12,2676126,3.7,A,68,Brokerage Listings,Independent,2026-09-29T15:00:16Z
CREAM-20260929-00361,Judith Bennett,Judith Bennett,Judith,Bennett,judithbennett@gmail.com,(404) 515-3887,Huntington Real Estate,Huntington Real Estate,Cincinnati,Cincinnati,OH,43727,21,49,49,8878070,4.6,A,83,Website Lead,Boutique (2-10 agents),2026-09-29T23:20:44Z
CREAM-20260929-00362,Heather Cox,Heather Cox,Heather,Cox,heathercox@me.com,(929) 970-5583,Sotheby's International,Sotheby's International,San Diego,San Diego,CA,90470,25,38,38,39258579,3.2,A,93,Referral Network,Enterprise (200+ agents),2026-09-29T03:14:10Z
CREAM-20260929-00363,Matthew Carter,Matthew Carter,Matthew,Carter,matthewc@yahoo.com,(512) 763-8205,Coldwell Banker,Coldwell Banker,Charlotte,Charlotte,NC,27904,23,69,69,18649320,4.7,A,95,NAR Directory,Mid-size (11-50 agents),2026-09-29T07:07:58Z
CREAM-20260929-00364,Betty Martin,Betty Martin,Betty,Martin,betty.martin@briggsfreemansothebys.com,(513) 533-1543,Briggs Freeman Sotheby's,Briggs Freeman Sotheby's,Austin,Austin,TX,76550,4,15,15,6606239,3.6,A,75,Realtor.com,Large (51-200 agents),2026-09-29T23:51:48Z
CREAM-20260929-00365,Carol Cooper,Carol Cooper,Carol,Cooper,carol_cooper@gmail.com,(310) 610-1990,Coldwell Banker,Coldwell Banker,Denver,Denver,CO,80943,4,19,19,11277992,4.0,A,69,LinkedIn,Independent,2026-09-29T20:58:52Z
CREAM-20260929-00366,Benjamin Chavez,Benjamin Chavez,Benjamin,Chavez,benjaminchavez@icloud.com,(919) 919-7120,LIV Sotheby's,LIV Sotheby's,Aurora,Aurora,CO,80466,6,17,17,7774780,3.4,A,100,Brokerage Listings,Enterprise (200+ agents),2026-09-29T18:02:11Z
CREAM-20260929-00367,Brian Reed,Brian Reed,Brian,Reed,brianr@coldwellbanker.com,(919) 358-5849,Coldwell Banker,Coldwell Banker,Denver,Denver,CO,80758,25,36,36,15406243,4.6,A,92,Trade Show,Enterprise (200+ agents),2026-09-29T19:36:00Z
CREAM-20260929-00368,Karen Baker,Karen Baker,Karen,Baker,karen.baker@kellerwilliams.com,(929) 324-8483,Keller Williams,Keller Williams,Queens,Queens,NY,14779,21,58,58,28240858,3.2,A,67,LinkedIn,Independent,2026-09-29T21:01:50Z
CREAM-20260929-00369,Joseph Wilson,Joseph Wilson,Joseph,Wilson,jwilson@icloud.com,(714) 726-9211,Coldwell Banker,Coldwell Banker,Tucson,Tucson,AZ,85565,12,79,79,38056302,4.8,A,93,LinkedIn,Independent,2026-09-29T03:51:00Z
CREAM-20260929-00370,Steven Lewis,Steven Lewis,Steven,Lewis,steven.lewis@berkshirehathaway.com,(404) 833-4592,Berkshire Hathaway,Berkshire Hathaway,Phoenix,Phoenix,AZ,86202,5,21,21,10837730,4.0,A,90,Facebook,Large (51-200 agents),2026-09-29T00:48:30Z
CREAM-20260929-00371,Joseph Mendoza,Joseph Mendoza,Joseph,Mendoza,joseph_mendoza@gmail.com,(212) 321-9243,Keller Williams,Keller Williams,Bronx,Bronx,NY,12138,22,80,80,65871030,3.1,A,100,Realtor.com,Enterprise (200+ agents),2026-09-29T14:11:46Z
CREAM-20260929-00372,Stephanie Jimenez,Stephanie Jimenez,Stephanie,Jimenez,stephanie_jimenez@aol.com,(256) 979-5734,Berkshire Hathaway,Berkshire Hathaway,Fort Worth,Fort Worth,TX,78601,5,13,13,3846328,3.0,A,87,Trade Show,Boutique (2-10 agents),2026-09-29T19:43:33Z
CREAM-20260929-00373,Lawrence Chavez,Lawrence Chavez,Lawrence,Chavez,lchavez@outlook.com,(256) 521-2176,eXp Realty,eXp Realty,Tampa,Tampa,FL,33561,1,7,7,2063527,3.9,A,85,LinkedIn,Enterprise (200+ agents),2026-09-29T10:25:11Z
CREAM-20260929-00374,Alan Reyes,Alan Reyes,Alan,Reyes,alan.reyes@coldwellbanker.com,(714) 826-9631,Coldwell Banker,Coldwell Banker,Raleigh,Raleigh,NC,28680,5,24,24,6564604,3.3,A,91,Cold Outreach,Boutique (2-10 agents),2026-09-29T22:52:42Z
CREAM-20260929-00375,David Perez,David Perez,David,Perez,davidp@russelllyonsothebys.com,(929) 267-7487,Russell Lyon Sotheby's,Russell Lyon Sotheby's,Phoenix,Phoenix,AZ,85236,16,80,80,31674626,3.6,A,80,MLS Database,Enterprise (200+ agents),2026-09-29T15:19:48Z
CREAM-20260929-00376,Brenda Sanders,Brenda Sanders,Brenda,Sanders,brenda_sanders@icloud.com,(713) 316-9990,Douglas Elliman,Douglas Elliman,Bronx,Bronx,NY,13736,3,20,20,11577799,3.3,A,61,LinkedIn,Mid-size (11-50 agents),2026-09-29T06:40:57Z
CREAM-20260929-00377,Justin Parker,Justin Parker,Justin,Parker,jparker@century21.com,(334) 937-1914,Century 21,Century 21,Orlando,Orlando,FL,32379,6,27,27,10544543,3.8,A,100,Referral Network,Enterprise (200+ agents),2026-09-29T01:15:25Z
CREAM-20260929-00378,Stephanie Roberts,Stephanie Roberts,Stephanie,Roberts,stephanie_roberts@gmail.com,(404) 349-4640,Coldwell Banker,Coldwell Banker,Aurora,Aurora,CO,81231,0,1,1,587623,4.2,A,65,LinkedIn,Mid-size (11-50 agents),2026-09-29T19:25:50Z
CREAM-20260929-00379,Grace Sanders,Grace Sanders,Grace,Sanders,grace.sanders@coldwellbanker.com,(310) 406-3679,Coldwell Banker,Coldwell Banker,Cleveland,Cleveland,OH,45212,3,12,12,3333333,4.7,A,75,Facebook,Mid-size (11-50 agents),2026-09-29T14:16:58Z
CREAM-20260929-00380,Samuel Ramos,Samuel Ramos,Samuel,Ramos,samuel.ramos@yahoo.com,(512) 630-4236,RE/MAX,RE/MAX,Greensboro,Greensboro,NC,27230,25,64,64,23608088,4.8,A,87,Trade Show,Independent,2026-09-29T14:04:38Z
CREAM-20260929-00381,Jack Brown,Jack Brown,Jack,Brown,jackb@hotmail.com,(214) 536-9899,Keller Williams,Keller Williams,Colorado Springs,Colorado Springs,CO,80563,3,12,12,6561234,4.0,A,92,MLS Database,Large (51-200 agents),2026-09-29T15:59:52Z
CREAM-20260929-00382,Dennis Alvarez,Dennis Alvarez,Dennis,Alvarez,dennis_alvarez@yahoo.com,(415) 778-1963,eXp Realty,eXp Realty,Mesa,Mesa,AZ,86490,0,4,4,1781678,3.8,A,60,NAR Directory,Independent,2026-09-29T09:41:34Z
CREAM-20260929-00383,Janet Reyes,Janet Reyes,Janet,Reyes,janet_reyes@aol.com,(415) 896-9650,Coldwell Banker,Coldwell Banker,Raleigh,Raleigh,NC,27110,17,35,35,13002782,4.3,A,63,Referral Network,Mid-size (11-50 agents),2026-09-29T08:36:39Z
CREAM-20260929-00384,Christopher Harris,Christopher Harris,Christopher,Harris,christopher.harris@re/max.com,(469) 481-2268,RE/MAX,RE/MAX,Sacramento,Sacramento,CA,90478,4,21,21,16796035,3.8,A,96,Cold Outreach,Boutique (2-10 agents),2026-09-29T17:13:42Z
CREAM-20260929-00385,Sandra Miller,Sandra Miller,Sandra,Miller,sandramiller@icloud.com,(469) 260-9648,Berkshire Hathaway HomeServices,Berkshire Hathaway HomeServices,Long Beach,Long Beach,CA,92513,5,22,22,19833862,4.8,A,74,Trade Show,Mid-size (11-50 agents),2026-09-29T21:30:47Z
CREAM-20260929-00386,Larry Phillips,Larry Phillips,Larry,Phillips,larry.phillips@gmail.com,(303) 843-6828,Coldwell Banker,Coldwell Banker,Long Beach,Long Beach,CA,90235,16,62,62,41287935,3.4,A,90,Referral Network,Enterprise (200+ agents),2026-09-29T11:07:48Z
CREAM-20260929-00387,Kimberly Davis,Kimberly Davis,Kimberly,Davis,kimberlydavis@gmail.com,(929) 561-7959,Douglas Elliman,Douglas Elliman,Dallas,Dallas,TX,76770,11,65,65,24357715,3.9,A,93,MLS Database,Enterprise (200+ agents),2026-09-29T03:37:28Z
CREAM-20260929-00388,Patricia Cox,Patricia Cox,Patricia,Cox,patriciacox@me.com,(310) 708-5533,Sotheby's International,Sotheby's International,Bronx,Bronx,NY,14688,0,3,3,1659609,4.6,A,71,Facebook,Enterprise (200+ agents),2026-09-29T14:21:51Z
CREAM-20260929-00389,Amber Collins,Amber Collins,Amber,Collins,amberc@outlook.com,(512) 653-8735,Coldwell Banker,Coldwell Banker,Cleveland,Cleveland,OH,43715,4,13,13,3366401,4.1,A,94,Trade Show,Enterprise (200+ agents),2026-09-29T10:02:19Z
CREAM-20260929-00390,Edward Young,Edward Young,Edward,Young,eyoung@coldwellbanker.com,(713) 442-4178,Coldwell Banker,Coldwell Banker,Denver,Denver,CO,80361,1,10,10,4152041,3.3,A,74,Referral Network,Enterprise (200+ agents),2026-09-29T17:33:06Z
CREAM-20260929-00391,Deborah Phillips,Deborah Phillips,Deborah,Phillips,deborahp@icloud.com,(212) 816-2477,eXp Realty,eXp Realty,Charlotte,Charlotte,NC,28365,24,33,33,12034596,3.9,A,84,Referral Network,Boutique (2-10 agents),2026-09-29T11:41:09Z
CREAM-20260929-00392,Joseph Wright,Joseph Wright,Joseph,Wright,jwright@me.com,(602) 242-8474,Coldwell Banker,Coldwell Banker,Austin,Austin,TX,76377,15,61,61,19784862,4.3,A,97,Realtor.com,Mid-size (11-50 agents),2026-09-29T05:07:56Z
CREAM-20260929-00393,Debra Phillips,Debra Phillips,Debra,Phillips,dphillips@me.com,(972) 308-7716,Keller Williams,Keller Williams,Austin,Austin,TX,77767,9,30,30,8248261,3.9,A,75,Trade Show,Mid-size (11-50 agents),2026-09-29T17:27:42Z
CREAM-20260929-00394,Karen Cook,Karen Cook,Karen,Cook,kcook@exprealty.com,(805) 899-3229,eXp Realty,eXp Realty,Fort Lauderdale,Fort Lauderdale,FL,33899,3,9,9,4564875,4.6,A,91,NAR Directory,Large (51-200 agents),2026-09-29T17:07:25Z
CREAM-20260929-00395,Lawrence Ramos,Lawrence Ramos,Lawrence,Ramos,lawrence.ramos@coldwellbanker.com,(512) 697-5602,Coldwell Banker,Coldwell Banker,Cleveland,Cleveland,OH,43428,0,5,5,1225489,4.9,A,73,Facebook,Mid-size (11-50 agents),2026-09-29T01:34:49Z
CREAM-20260929-00396,Patrick Diaz,Patrick Diaz,Patrick,Diaz,patrickd@huntingtonrealestate.com,(334) 654-6865,Huntington Real Estate,Huntington Real Estate,Cleveland,Cleveland,OH,43152,2,3,3,641457,4.4,A,77,MLS Database,Boutique (2-10 agents),2026-09-29T05:13:00Z
CREAM-20260929-00397,Karen Stewart,Karen Stewart,Karen,Stewart,karenstewart@icloud.com,(512) 625-8521,Berkshire Hathaway,Berkshire Hathaway,Orlando,Orlando,FL,32322,2,12,12,5461941,4.8,A,94,Brokerage Listings,Boutique (2-10 agents),2026-09-29T05:57:13Z
CREAM-20260929-00398,Steven Brown,Steven Brown,Steven,Brown,steven_brown@gmail.com,(310) 289-6751,Coldwell Banker,Coldwell Banker,Columbus,Columbus,OH,45547,16,56,56,16266177,3.0,A,71,Trade Show,Boutique (2-10 agents),2026-09-29T02:52:32Z
CREAM-20260929-00399,Richard Anderson,Richard Anderson,Richard,Anderson,randerson@aol.com,(513) 510-2664,Compass,Compass,Queens,Queens,NY,11826,17,39,39,22233156,4.8,A,100,Website Lead,Large (51-200 agents),2026-09-29T18:29:18Z
CREAM-20260929-00400,Benjamin Kelly,Benjamin Kelly,Benjamin,Kelly,benjamink@homesmart.com,(614) 515-9917,HomeSmart,HomeSmart,Mesa,Mesa,AZ,85541,0,4,4,1880005,4.8,A,79,Referral Network,Large (51-200 agents),2026-09-29T10:39:50Z
CREAM-20260929-00401,George Robinson,George Robinson,George,Robinson,grobinson@me.com,(310) 448-8868,Compass,Compass,Winston-Salem,Winston-Salem,NC,28827,3,25,25,7467628,3.4,B,82,NAR Directory,Mid-size (11-50 agents),2026-09-29T17:08:36Z
CREAM-20260929-00402,Edward Lee,Edward Lee,Edward,Lee,edward_lee@icloud.com,(256) 507-1883,RE/MAX,RE/MAX,Arvada,Arvada,CO,80892,4,24,24,10552520,4.1,B,63,NAR Directory,Boutique (2-10 agents),2026-09-29T17:19:03Z
CREAM-20260929-00403,Edward Edwards,Edward Edwards,Edward,Edwards,eedwards@kellerwilliamsrealty.com,(805) 335-3021,Keller Williams Realty,Keller Williams Realty,Cape Coral,Cape Coral,FL,32790,1,11,11,3710298,3.4,B,87,MLS Database,Boutique (2-10 agents),2026-09-29T11:12:48Z
CREAM-20260929-00404,Anthony Russell,Anthony Russell,Anthony,Russell,anthonyr@coldwellbanker.com,(513) 847-4297,Coldwell Banker,Coldwell Banker,Dayton,Dayton,OH,45629,1,9,9,2427758,3.7,B,97,Realtor.com,Large (51-200 agents),2026-09-29T03:31:25Z
CREAM-20260929-00405,Judith Ross,Judith Ross,Judith,Ross,judithr@exprealty.com,(720) 605-6950,eXp Realty,eXp Realty,Durham,Durham,NC,27984,17,54,54,19801060,4.8,B,66,Brokerage Listings,Mid-size (11-50 agents),2026-09-29T11:53:56Z
CREAM-20260929-00406,Anthony Ramirez,Anthony Ramirez,Anthony,Ramirez,anthony_ramirez@gmail.com,(916) 768-3817,Berkshire Hathaway HomeServices,Berkshire Hathaway HomeServices,Anaheim,Anaheim,CA,96386,3,10,10,9524003,4.4,B,71,Brokerage Listings,Mid-size (11-50 agents),2026-09-29T02:16:34Z
CREAM-20260929-00407,Amy Garcia,Amy Garcia,Amy,Garcia,agarcia@exprealty.com,(714) 935-1121,eXp Realty,eXp Realty,Tempe,Tempe,AZ,86592,3,21,21,7539079,4.4,B,98,MLS Database,Independent,2026-09-29T16:54:08Z
CREAM-20260929-00408,Thomas Collins,Thomas Collins,Thomas,Collins,tcollins@aol.com,(713) 302-5128,Coldwell Banker,Coldwell Banker,Lubbock,Lubbock,TX,79813,18,26,26,7340696,3.9,B,65,NAR Directory,Mid-size (11-50 agents),2026-09-29T09:50:02Z
CREAM-20260929-00409,Sandra Robinson,Sandra Robinson,Sandra,Robinson,sandra_robinson@me.com,(256) 854-8615,RE/MAX,RE/MAX,Fayetteville,Fayetteville,NC,27724,0,4,4,1660152,3.1,B,86,Website Lead,Enterprise (200+ agents),2026-09-29T01:18:06Z
CREAM-20260929-00410,Rachel Flores,Rachel Flores,Rachel,Flores,rachel_flores@hotmail.com,(602) 829-9809,RE/MAX,RE/MAX,Tempe,Tempe,AZ,85834,9,39,39,19292594,3.0,B,84,Trade Show,Boutique (2-10 agents),2026-09-29T06:02:31Z
CREAM-20260929-00411,Steven Anderson,Steven Anderson,Steven,Anderson,steven_anderson@yahoo.com,(916) 258-3415,RE/MAX,RE/MAX,Lubbock,Lubbock,TX,79616,22,58,58,19228849,4.1,B,87,NAR Directory,Large (51-200 agents),2026-09-29T17:09:52Z
CREAM-20260929-00412,Philip Kim,Philip Kim,Philip,Kim,philipk@me.com,(713) 684-3981,Coldwell Banker,Coldwell Banker,Fort Collins,Fort Collins,CO,80935,1,11,11,5814646,3.3,B,97,Facebook,Boutique (2-10 agents),2026-09-29T05:42:36Z
CREAM-20260929-00413,Jack Ramirez,Jack Ramirez,Jack,Ramirez,jackramirez@hotmail.com,(469) 960-6027,Berkshire Hathaway HomeServices,Berkshire Hathaway HomeServices,Anaheim,Anaheim,CA,90986,1,4,4,3977080,4.6,B,100,MLS Database,Boutique (2-10 agents),2026-09-29T15:23:12Z
CREAM-20260929-00414,Shirley Patel,Shirley Patel,Shirley,Patel,shirley.patel@outlook.com,(614) 787-8246,Coldwell Banker,Coldwell Banker,Fort Collins,Fort Collins,CO,81498,2,6,6,2542799,3.0,B,94,Website Lead,Large (51-200 agents),2026-09-29T12:06:29Z
CREAM-20260929-00415,Andrew Campbell,Andrew Campbell,Andrew,Campbell,acampbell@berkshirehathaway.com,(805) 986-3185,Berkshire Hathaway,Berkshire Hathaway,Fayetteville,Fayetteville,NC,28225,14,31,31,8813480,4.5,B,83,NAR Directory,Independent,2026-09-29T19:55:35Z
CREAM-20260929-00416,Rebecca Ward,Rebecca Ward,Rebecca,Ward,rebecca.ward@coldwellbanker.com,(334) 334-8551,Coldwell Banker,Coldwell Banker,Thornton,Thornton,CO,81865,2,10,10,6079652,4.3,B,81,NAR Directory,Mid-size (11-50 agents),2026-09-29T19:27:14Z
CREAM-20260929-00417,Brandon Walker,Brandon Walker,Brandon,Walker,brandon.walker@kellerwilliams.com,(407) 387-3948,Keller Williams,Keller Williams,Arvada,Arvada,CO,81459,23,43,43,27764997,4.5,B,63,Brokerage Listings,Mid-size (11-50 agents),2026-09-29T00:46:23Z
CREAM-20260929-00418,Keith Hernandez,Keith Hernandez,Keith,Hernandez,keithhernandez@gmail.com,(980) 645-9383,Berkshire Hathaway,Berkshire Hathaway,Arlington,Arlington,TX,76754,3,8,8,3518550,5.0,B,83,NAR Directory,Large (51-200 agents),2026-09-29T20:00:07Z
CREAM-20260929-00419,Albert Sullivan,Albert Sullivan,Albert,Sullivan,asullivan@berkshirehathaway.com,(415) 450-6824,Berkshire Hathaway,Berkshire Hathaway,Dayton,Dayton,OH,45162,4,20,20,6375007,4.9,B,75,Referral Network,Independent,2026-09-29T05:00:23Z
CREAM-20260929-00420,Sharon Clark,Sharon Clark,Sharon,Clark,sclark@aol.com,(720) 724-1816,Sotheby's International,Sotheby's International,Rochester,Rochester,NY,10804,1,6,6,4172567,3.7,B,78,LinkedIn,Mid-size (11-50 agents),2026-09-29T02:57:04Z
CREAM-20260929-00421,Daniel Johnson,Daniel Johnson,Daniel,Johnson,danielj@aol.com,(256) 635-8008,eXp Realty,eXp Realty,Irving,Irving,TX,77444,5,22,22,7830498,3.9,B,73,Website Lead,Boutique (2-10 agents),2026-09-29T15:22:28Z
CREAM-20260929-00422,Katherine Ortiz,Katherine Ortiz,Katherine,Ortiz,katherineo@icloud.com,(256) 994-3487,Pacific Sotheby's,Pacific Sotheby's,Bakersfield,Bakersfield,CA,90923,15,28,28,18129139,3.3,B,65,Cold Outreach,Enterprise (200+ agents),2026-09-29T00:18:10Z
CREAM-20260929-00423,Brenda Sanchez,Brenda Sanchez,Brenda,Sanchez,brenda_sanchez@yahoo.com,(714) 917-2601,eXp Realty,eXp Realty,Tempe,Tempe,AZ,86322,5,14,14,6705558,4.7,B,72,Brokerage Listings,Independent,2026-09-29T08:27:48Z
CREAM-20260929-00424,Margaret Williams,Margaret Williams,Margaret,Williams,margaretw@berkshirehathaway.com,(646) 421-5502,Berkshire Hathaway,Berkshire Hathaway,Cary,Cary,NC,28105,4,18,18,7393071,3.8,B,84,Referral Network,Boutique (2-10 agents),2026-09-29T12:30:32Z
CREAM-20260929-00425,Deborah Cook,Deborah Cook,Deborah,Cook,deborahc@howardhanna.com,(404) 618-6230,Howard Hanna,Howard Hanna,Cary,Cary,NC,28751,0,2,2,583743,3.1,B,98,LinkedIn,Enterprise (200+ agents),2026-09-29T20:06:56Z
CREAM-20260929-00426,Grace Flores,Grace Flores,Grace,Flores,graceflores@outlook.com,(334) 689-5842,Berkshire Hathaway,Berkshire Hathaway,Dayton,Dayton,OH,43705,22,26,26,7659487,3.0,B,76,LinkedIn,Large (51-200 agents),2026-09-29T17:12:21Z
CREAM-20260929-00427,Brian Wilson,Brian Wilson,Brian,Wilson,bwilson@hotmail.com,(704) 543-7859,Berkshire Hathaway,Berkshire Hathaway,Arvada,Arvada,CO,80771,15,55,55,37549924,3.4,B,100,Website Lead,Independent,2026-09-29T08:23:15Z
CREAM-20260929-00428,Philip Carter,Philip Carter,Philip,Carter,philipc@icloud.com,(646) 438-7002,Berkshire Hathaway,Berkshire Hathaway,Hialeah,Hialeah,FL,33276,8,26,26,8163523,4.5,B,89,Realtor.com,Large (51-200 agents),2026-09-29T01:39:03Z
CREAM-20260929-00429,Gary Rodriguez,Gary Rodriguez,Gary,Rodriguez,grodriguez@berkshirehathaway.com,(512) 652-6787,Berkshire Hathaway,Berkshire Hathaway,Tallahassee,Tallahassee,FL,32951,2,10,10,3809011,3.9,B,90,Referral Network,Boutique (2-10 agents),2026-09-29T19:08:18Z
CREAM-20260929-00430,Laura Perry,Laura Perry,Laura,Perry,laura.perry@hotmail.com,(980) 497-6232,Compass,Compass,Arvada,Arvada,CO,80626,4,24,24,9349323,3.7,B,95,Facebook,Independent,2026-09-29T18:33:12Z
CREAM-20260929-00431,Catherine Green,Catherine Green,Catherine,Green,catherine.green@howardhanna.com,(334) 992-3612,Howard Hanna,Howard Hanna,Cary,Cary,NC,27660,0,1,1,414469,4.0,B,90,NAR Directory,Independent,2026-09-29T09:29:03Z
CREAM-20260929-00432,Raymond Lopez,Raymond Lopez,Raymond,Lopez,raymondlopez@aol.com,(646) 611-6716,Cutler Real Estate,Cutler Real Estate,Dayton,Dayton,OH,45325,3,17,17,4462550,4.8,B,95,Referral Network,Enterprise (200+ agents),2026-09-29T09:46:36Z
CREAM-20260929-00433,Elizabeth Clark,Elizabeth Clark,Elizabeth,Clark,elizabethc@homesmart.com,(704) 633-9814,HomeSmart,HomeSmart,Glendale,Glendale,AZ,86547,5,22,22,10555322,4.2,B,84,Referral Network,Boutique (2-10 agents),2026-09-29T14:24:40Z
CREAM-20260929-00434,Helen Brooks,Helen Brooks,Helen,Brooks,helenb@berkshirehathaway.com,(916) 580-6782,Berkshire Hathaway,Berkshire Hathaway,Durham,Durham,NC,28961,22,44,44,15637278,3.1,B,61,Realtor.com,Mid-size (11-50 agents),2026-09-29T01:52:30Z
CREAM-20260929-00435,Philip Roberts,Philip Roberts,Philip,Roberts,philip.roberts@outlook.com,(513) 228-2642,Keller Williams,Keller Williams,Lubbock,Lubbock,TX,79672,14,75,75,24694397,3.1,B,93,Trade Show,Independent,2026-09-29T11:01:14Z
CREAM-20260929-00436,Catherine Brooks,Catherine Brooks,Catherine,Brooks,catherineb@icloud.com,(929) 202-3756,Huntington Real Estate,Huntington Real Estate,Akron,Akron,OH,43537,7,20,20,3751028,4.8,B,68,NAR Directory,Mid-size (11-50 agents),2026-09-29T10:00:01Z
CREAM-20260929-00437,Nicole Green,Nicole Green,Nicole,Green,nicolegreen@yahoo.com,(469) 950-3839,Russell Lyon Sotheby's,Russell Lyon Sotheby's,Chandler,Chandler,AZ,85663,1,12,12,4467393,3.3,B,86,Facebook,Mid-size (11-50 agents),2026-09-29T14:55:07Z
CREAM-20260929-00438,Donna Brooks,Donna Brooks,Donna,Brooks,donnabrooks@yahoo.com,(212) 606-5568,Corcoran Group,Corcoran Group,Rochester,Rochester,NY,13992,12,73,73,34945854,4.2,B,99,Facebook,Independent,2026-09-29T01:16:22Z
CREAM-20260929-00439,Jeffrey Garcia,Jeffrey Garcia,Jeffrey,Garcia,jeffreygarcia@outlook.com,(404) 289-1991,Howard Hanna,Howard Hanna,Durham,Durham,NC,28831,1,3,3,808747,3.7,B,78,Website Lead,Large (51-200 agents),2026-09-29T10:24:39Z
CREAM-20260929-00440,Brian Ruiz,Brian Ruiz,Brian,Ruiz,bruiz@allentate.com,(407) 324-2085,Allen Tate,Allen Tate,Cary,Cary,NC,27251,25,58,58,18080348,3.8,B,71,NAR Directory,Enterprise (200+ agents),2026-09-29T06:57:25Z
CREAM-20260929-00441,Brandon Sanders,Brandon Sanders,Brandon,Sanders,brandons@howardhanna.com,(407) 746-9155,Howard Hanna,Howard Hanna,Winston-Salem,Winston-Salem,NC,27328,2,3,3,1159283,4.5,B,91,MLS Database,Mid-size (11-50 agents),2026-09-29T07:04:32Z
CREAM-20260929-00442,Eugene Edwards,Eugene Edwards,Eugene,Edwards,eugenee@coldwellbanker.com,(512) 463-7299,Coldwell Banker,Coldwell Banker,Toledo,Toledo,OH,43822,12,29,29,8302876,4.4,B,72,Realtor.com,Independent,2026-09-29T17:59:17Z
CREAM-20260929-00443,Gary Jenkins,Gary Jenkins,Gary,Jenkins,garyj@berkshirehathaway.com,(786) 821-7527,Berkshire Hathaway,Berkshire Hathaway,Akron,Akron,OH,43813,1,7,7,1273347,4.9,B,75,LinkedIn,Mid-size (11-50 agents),2026-09-29T03:46:39Z
CREAM-20260929-00444,Lawrence Castillo,Lawrence Castillo,Lawrence,Castillo,lawrencecastillo@me.com,(512) 485-4316,Douglas Elliman,Douglas Elliman,Tallahassee,Tallahassee,FL,32473,2,8,8,4140289,4.7,B,85,LinkedIn,Independent,2026-09-29T01:50:34Z
CREAM-20260929-00445,Jeffrey Kim,Jeffrey Kim,Jeffrey,Kim,jkim@gmail.com,(407) 224-5678,8z Real Estate,8z Real Estate,Fort Collins,Fort Collins,CO,80779,25,37,37,16959001,3.6,B,97,Cold Outreach,Boutique (2-10 agents),2026-09-29T12:49:58Z
CREAM-20260929-00446,Katherine Brooks,Katherine Brooks,Katherine,Brooks,katherineb@douglaselliman.com,(614) 238-9434,Douglas Elliman,Douglas Elliman,Albany,Albany,NY,13332,1,4,4,2117554,4.7,B,72,LinkedIn,Boutique (2-10 agents),2026-09-29T22:41:45Z
CREAM-20260929-00447,Walter Rogers,Walter Rogers,Walter,Rogers,walter_rogers@aol.com,(972) 440-4040,Douglas Elliman,Douglas Elliman,Syracuse,Syracuse,NY,10879,25,64,64,30405168,3.4,B,100,Facebook,Enterprise (200+ agents),2026-09-29T13:36:41Z
CREAM-20260929-00448,Justin Clark,Justin Clark,Justin,Clark,jclark@brownharrisstevens.com,(334) 274-1099,Brown Harris Stevens,Brown Harris Stevens,Yonkers,Yonkers,NY,14228,3,14,14,7100551,3.6,B,97,Realtor.com,Boutique (2-10 agents),2026-09-29T20:01:01Z
CREAM-20260929-00449,Patrick Parker,Patrick Parker,Patrick,Parker,patrickparker@yahoo.com,(980) 967-6692,Berkshire Hathaway,Berkshire Hathaway,Cary,Cary,NC,27355,2,8,8,3451592,3.5,B,96,Referral Network,Large (51-200 agents),2026-09-29T11:55:24Z
CREAM-20260929-00450,John Carter,John Carter,John,Carter,jcarter@yahoo.com,(512) 503-5557,eXp Realty,eXp Realty,Lakewood,Lakewood,CO,80143,5,16,16,10190369,5.0,B,87,NAR Directory,Large (51-200 agents),2026-09-29T00:11:43Z
CREAM-20260929-00451,Judith Adams,Judith Adams,Judith,Adams,judithadams@outlook.com,(720) 550-8958,Berkshire Hathaway HomeServices,Berkshire Hathaway HomeServices,Santa Ana,Santa Ana,CA,91849,2,7,7,4851711,4.0,B,92,Referral Network,Mid-size (11-50 agents),2026-09-29T01:19:07Z
CREAM-20260929-00452,Nancy Walker,Nancy Walker,Nancy,Walker,nancy.walker@exprealty.com,(234) 639-1084,eXp Realty,eXp Realty,Chandler,Chandler,AZ,85124,0,2,2,785813,5.0,B,77,Referral Network,Mid-size (11-50 agents),2026-09-29T01:22:37Z
CREAM-20260929-00453,Brian Diaz,Brian Diaz,Brian,Diaz,briand@coldwellbanker.com,(786) 477-9156,Coldwell Banker,Coldwell Banker,Hialeah,Hialeah,FL,33657,0,1,1,492072,3.9,B,78,Trade Show,Boutique (2-10 agents),2026-09-29T01:49:34Z
CREAM-20260929-00454,William Brown,William Brown,William,Brown,wbrown@kellerwilliamsrealty.com,(980) 438-9902,Keller Williams Realty,Keller Williams Realty,Port St. Lucie,Port St. Lucie,FL,33892,3,9,9,3132826,4.0,B,80,Brokerage Listings,Boutique (2-10 agents),2026-09-29T08:55:56Z
CREAM-20260929-00455,Jason Hill,Jason Hill,Jason,Hill,jhill@gmail.com,(212) 723-3617,Coldwell Banker,Coldwell Banker,Amarillo,Amarillo,TX,77541,3,19,19,5278259,4.8,B,98,NAR Directory,Independent,2026-09-29T17:25:43Z
CREAM-20260929-00456,Edward Martin,Edward Martin,Edward,Martin,emartin@re/max.com,(704) 654-8999,RE/MAX,RE/MAX,Irving,Irving,TX,78547,16,75,75,19273668,4.6,B,63,NAR Directory,Boutique (2-10 agents),2026-09-29T08:32:17Z
CREAM-20260929-00457,Steven Phillips,Steven Phillips,Steven,Phillips,steven_phillips@outlook.com,(305) 716-3034,Keller Williams,Keller Williams,Gilbert,Gilbert,AZ,85717,0,0,0,0,4.3,B,65,Referral Network,Mid-size (11-50 agents),2026-09-29T17:10:14Z
CREAM-20260929-00458,Rose Lewis,Rose Lewis,Rose,Lewis,rose.lewis@coldwellbanker.com,(256) 478-4850,Coldwell Banker,Coldwell Banker,Fayetteville,Fayetteville,NC,27161,15,40,40,15155617,3.7,B,74,Trade Show,Large (51-200 agents),2026-09-29T19:07:23Z
CREAM-20260929-00459,Lisa Gray,Lisa Gray,Lisa,Gray,lisagray@outlook.com,(646) 522-3870,Compass,Compass,Winston-Salem,Winston-Salem,NC,28275,1,12,12,3025127,3.3,B,90,LinkedIn,Independent,2026-09-29T10:06:55Z
CREAM-20260929-00460,Catherine Harris,Catherine Harris,Catherine,Harris,catherine.harris@me.com,(614) 476-2239,Compass,Compass,Durham,Durham,NC,27379,5,18,18,4803907,4.5,B,96,Website Lead,Mid-size (11-50 agents),2026-09-29T15:23:59Z
CREAM-20260929-00461,Anna Morris,Anna Morris,Anna,Morris,amorris@halstead.com,(334) 398-6966,Halstead,Halstead,New Rochelle,New Rochelle,NY,10121,24,74,74,34725411,3.6,B,99,Facebook,Enterprise (200+ agents),2026-09-29T10:38:48Z
CREAM-20260929-00462,Emma Turner,Emma Turner,Emma,Turner,eturner@gmail.com,(256) 608-1000,Coldwell Banker,Coldwell Banker,Anaheim,Anaheim,CA,93981,4,21,21,18622959,3.4,B,98,Cold Outreach,Enterprise (200+ agents),2026-09-29T18:42:35Z
CREAM-20260929-00463,Nancy Fisher,Nancy Fisher,Nancy,Fisher,nancyfisher@aol.com,(513) 204-3497,Douglas Elliman,Douglas Elliman,Tallahassee,Tallahassee,FL,33561,12,30,30,11285985,4.2,B,86,Cold Outreach,Enterprise (200+ agents),2026-09-29T08:42:56Z
CREAM-20260929-00464,Theresa Jackson,Theresa Jackson,Theresa,Jackson,theresa.jackson@me.com,(334) 326-4944,Sotheby's International,Sotheby's International,New Rochelle,New Rochelle,NY,14767,20,51,51,30138366,4.9,B,76,Brokerage Listings,Boutique (2-10 agents),2026-09-29T10:13:34Z
CREAM-20260929-00465,Theresa Edwards,Theresa Edwards,Theresa,Edwards,theresae@icloud.com,(714) 902-4109,Allie Beth Allman,Allie Beth Allman,Lubbock,Lubbock,TX,77450,23,43,43,15419280,4.7,B,96,Realtor.com,Independent,2026-09-29T22:08:46Z
CREAM-20260929-00466,Roger Turner,Roger Turner,Roger,Turner,roger.turner@briggsfreemansothebys.com,(407) 415-7207,Briggs Freeman Sotheby's,Briggs Freeman Sotheby's,Corpus Christi,Corpus Christi,TX,78523,2,12,12,5017619,3.6,B,93,Brokerage Listings,Enterprise (200+ agents),2026-09-29T21:35:04Z
CREAM-20260929-00467,Theresa Ruiz,Theresa Ruiz,Theresa,Ruiz,theresa.ruiz@yahoo.com,(916) 701-7274,eXp Realty,eXp Realty,Hialeah,Hialeah,FL,33594,0,5,5,2515406,3.5,B,88,MLS Database,Large (51-200 agents),2026-09-29T20:41:57Z
CREAM-20260929-00468,Mark Brown,Mark Brown,Mark,Brown,markb@hotmail.com,(512) 906-2221,Douglas Elliman,Douglas Elliman,Buffalo,Buffalo,NY,11126,4,15,15,8420805,4.9,B,74,Website Lead,Enterprise (200+ agents),2026-09-29T08:33:33Z
CREAM-20260929-00469,Philip Harris,Philip Harris,Philip,Harris,philip.harris@halstead.com,(919) 870-5767,Halstead,Halstead,Yonkers,Yonkers,NY,13741,8,31,31,19105326,3.0,B,71,Website Lead,Mid-size (11-50 agents),2026-09-29T15:52:04Z
CREAM-20260929-00470,George Taylor,George Taylor,George,Taylor,gtaylor@icloud.com,(786) 846-1725,Allen Tate,Allen Tate,Fayetteville,Fayetteville,NC,27711,3,11,11,3581413,3.6,B,78,Facebook,Enterprise (200+ agents),2026-09-29T07:03:45Z
CREAM-20260929-00471,Samantha Rivera,Samantha Rivera,Samantha,Rivera,samantha.rivera@yahoo.com,(512) 420-3845,Keller Williams,Keller Williams,Chandler,Chandler,AZ,86747,0,4,4,1688400,4.5,B,67,MLS Database,Independent,2026-09-29T20:58:59Z
CREAM-20260929-00472,Pamela Turner,Pamela Turner,Pamela,Turner,pamela.turner@douglaselliman.com,(303) 519-6606,Douglas Elliman,Douglas Elliman,Buffalo,Buffalo,NY,10686,7,30,30,18336824,3.2,B,90,Cold Outreach,Mid-size (11-50 agents),2026-09-29T11:39:22Z
CREAM-20260929-00473,George Ramos,George Ramos,George,Ramos,georger@gmail.com,(972) 610-3036,Berkshire Hathaway,Berkshire Hathaway,Lakewood,Lakewood,CO,81119,18,45,45,26285052,3.7,B,72,Referral Network,Independent,2026-09-29T05:26:56Z
CREAM-20260929-00474,Emma Jones,Emma Jones,Emma,Jones,emma_jones@outlook.com,(972) 835-2329,Keller Williams,Keller Williams,Dayton,Dayton,OH,45280,16,47,47,10666863,4.1,B,83,Brokerage Listings,Large (51-200 agents),2026-09-29T12:14:53Z
CREAM-20260929-00475,Rebecca Watson,Rebecca Watson,Rebecca,Watson,rebecca.watson@aol.com,(513) 242-1459,Compass,Compass,Arvada,Arvada,CO,81104,5,16,16,10807898,4.4,B,90,Trade Show,Independent,2026-09-29T19:34:53Z
CREAM-20260929-00476,Jack Sanchez,Jack Sanchez,Jack,Sanchez,jack_sanchez@yahoo.com,(310) 422-4419,Keller Williams Realty,Keller Williams Realty,Tallahassee,Tallahassee,FL,33971,1,12,12,3589140,4.0,B,80,Realtor.com,Large (51-200 agents),2026-09-29T02:52:49Z
CREAM-20260929-00477,Walter Lee,Walter Lee,Walter,Lee,walterlee@me.com,(234) 653-6442,Douglas Elliman,Douglas Elliman,Garland,Garland,TX,79546,11,44,44,12439715,3.4,B,99,MLS Database,Large (51-200 agents),2026-09-29T10:55:17Z
CREAM-20260929-00478,Angela Wright,Angela Wright,Angela,Wright,awright@compass.com,(415) 712-9994,Compass,Compass,Fort Collins,Fort Collins,CO,80739,18,74,74,48204300,5.0,B,99,Brokerage Listings,Mid-size (11-50 agents),2026-09-29T19:35:39Z
CREAM-20260929-00479,Martha Phillips,Martha Phillips,Martha,Phillips,mphillips@outlook.com,(513) 925-1148,HER Realtors,HER Realtors,Akron,Akron,OH,43321,9,29,29,7711881,3.9,B,71,Facebook,Boutique (2-10 agents),2026-09-29T22:06:48Z
CREAM-20260929-00480,Kathleen Baker,Kathleen Baker,Kathleen,Baker,kathleen_baker@aol.com,(602) 376-5205,Long Realty,Long Realty,Chandler,Chandler,AZ,86402,21,28,28,8953767,3.9,B,89,Brokerage Listings,Mid-size (11-50 agents),2026-09-29T13:44:01Z
CREAM-20260929-00481,Julia Morales,Julia Morales,Julia,Morales,julia.morales@douglaselliman.com,(334) 683-5760,Douglas Elliman,Douglas Elliman,New Rochelle,New Rochelle,NY,12887,1,8,8,4950730,3.4,B,84,Realtor.com,Boutique (2-10 agents),2026-09-29T10:19:23Z
CREAM-20260929-00482,Keith Robinson,Keith Robinson,Keith,Robinson,keithr@gmail.com,(602) 801-7736,Nest Seekers,Nest Seekers,Yonkers,Yonkers,NY,10376,25,47,47,37306365,3.2,B,72,Facebook,Boutique (2-10 agents),2026-09-29T12:53:31Z
CREAM-20260929-00483,Christopher Turner,Christopher Turner,Christopher,Turner,christopher_turner@yahoo.com,(713) 231-5462,Coldwell Banker,Coldwell Banker,Chula Vista,Chula Vista,CA,95764,2,10,10,8738612,3.2,B,81,Realtor.com,Enterprise (200+ agents),2026-09-29T01:52:49Z
CREAM-20260929-00484,Susan Lee,Susan Lee,Susan,Lee,susanl@century21.com,(916) 819-2442,Century 21,Century 21,Pembroke Pines,Pembroke Pines,FL,33720,25,32,32,12098583,4.7,B,93,Realtor.com,Boutique (2-10 agents),2026-09-29T14:34:05Z
CREAM-20260929-00485,Karen Myers,Karen Myers,Karen,Myers,karen.myers@yahoo.com,(305) 673-3427,Coldwell Banker,Coldwell Banker,Pembroke Pines,Pembroke Pines,FL,34430,4,17,17,7381490,3.3,B,69,MLS Database,Boutique (2-10 agents),2026-09-29T21:35:22Z
CREAM-20260929-00486,Susan Bennett,Susan Bennett,Susan,Bennett,sbennett@gmail.com,(512) 663-9457,HER Realtors,HER Realtors,Akron,Akron,OH,43208,16,38,38,7575286,4.8,B,60,Realtor.com,Large (51-200 agents),2026-09-29T13:33:19Z
CREAM-20260929-00487,John Alvarez,John Alvarez,John,Alvarez,john.alvarez@berkshirehathaway.com,(407) 287-8457,Berkshire Hathaway,Berkshire Hathaway,Hollywood,Hollywood,FL,33542,18,43,43,23462124,3.9,B,73,Trade Show,Mid-size (11-50 agents),2026-09-29T08:11:18Z
CREAM-20260929-00488,Lauren Ortiz,Lauren Ortiz,Lauren,Ortiz,lauren_ortiz@gmail.com,(720) 880-3280,eXp Realty,eXp Realty,Fresno,Fresno,CA,95437,3,23,23,21134630,4.9,B,64,Facebook,Large (51-200 agents),2026-09-29T09:05:57Z
CREAM-20260929-00489,Albert Peterson,Albert Peterson,Albert,Peterson,apeterson@sothebysinternational.com,(919) 893-5536,Sotheby's International,Sotheby's International,Chula Vista,Chula Vista,CA,94572,5,19,19,16630065,3.2,B,70,Website Lead,Enterprise (200+ agents),2026-09-29T12:38:44Z
CREAM-20260929-00490,Daniel Hughes,Daniel Hughes,Daniel,Hughes,dhughes@coldwellbanker.com,(407) 658-1873,Coldwell Banker,Coldwell Banker,Lubbock,Lubbock,TX,78428,5,11,11,3817050,3.3,B,86,Facebook,Mid-size (11-50 agents),2026-09-29T01:33:58Z
CREAM-20260929-00491,Gloria Powell,Gloria Powell,Gloria,Powell,gpowell@coldwellbanker.com,(234) 927-3913,Coldwell Banker,Coldwell Banker,Chandler,Chandler,AZ,86425,14,67,67,33528809,3.1,B,79,Realtor.com,Enterprise (200+ agents),2026-09-29T04:54:32Z
CREAM-20260929-00492,Janet Ramirez,Janet Ramirez,Janet,Ramirez,jramirez@nestseekers.com,(310) 856-9421,Nest Seekers,Nest Seekers,Albany,Albany,NY,14700,24,71,71,51090517,3.0,B,75,Realtor.com,Enterprise (200+ agents),2026-09-29T03:42:53Z
CREAM-20260929-00493,Mary Collins,Mary Collins,Mary,Collins,mcollins@kellerwilliams.com,(404) 581-2477,Keller Williams,Keller Williams,Akron,Akron,OH,45495,10,28,28,9062051,3.6,B,72,Cold Outreach,Boutique (2-10 agents),2026-09-29T20:41:17Z
CREAM-20260929-00494,Nicole Gray,Nicole Gray,Nicole,Gray,nicoleg@icloud.com,(929) 229-4778,Huntington Real Estate,Huntington Real Estate,Parma,Parma,OH,43906,4,23,23,7188204,4.8,B,62,Realtor.com,Boutique (2-10 agents),2026-09-29T20:08:49Z
CREAM-20260929-00495,Bruce Foster,Bruce Foster,Bruce,Foster,bfoster@aol.com,(512) 657-6176,Coldwell Banker,Coldwell Banker,Santa Ana,Santa Ana,CA,94449,1,5,5,3401055,3.2,B,62,LinkedIn,Independent,2026-09-29T06:12:16Z
CREAM-20260929-00496,Alexander Thompson,Alexander Thompson,Alexander,Thompson,alexander.thompson@yahoo.com,(214) 292-7031,Keller Williams Realty,Keller Williams Realty,Pembroke Pines,Pembroke Pines,FL,34197,3,16,16,4732807,4.8,B,76,MLS Database,Mid-size (11-50 agents),2026-09-29T06:32:28Z
CREAM-20260929-00497,Samantha Cox,Samantha Cox,Samantha,Cox,samantha.cox@russelllyonsothebys.com,(614) 881-5831,Russell Lyon Sotheby's,Russell Lyon Sotheby's,Glendale,Glendale,AZ,85342,1,3,3,1258211,4.4,B,76,MLS Database,Boutique (2-10 agents),2026-09-29T11:13:22Z
CREAM-20260929-00498,Scott Thomas,Scott Thomas,Scott,Thomas,scottthomas@me.com,(704) 619-4359,HER Realtors,HER Realtors,Dayton,Dayton,OH,43650,1,5,5,1391674,4.6,B,93,Facebook,Mid-size (11-50 agents),2026-09-29T08:44:04Z
CREAM-20260929-00499,Heather Phillips,Heather Phillips,Heather,Phillips,heather.phillips@exprealty.com,(714) 885-1898,eXp Realty,eXp Realty,Amarillo,Amarillo,TX,77826,4,14,14,4145416,3.2,B,63,MLS Database,Mid-size (11-50 agents),2026-09-29T20:07:46Z
CREAM-20260929-00500,Danielle Stewart,Danielle Stewart,Danielle,Stewart,dstewart@icloud.com,(303) 597-2047,Compass,Compass,Port St. Lucie,Port St. Lucie,FL,33568,7,26,26,14119100,4.8,B,90,Referral Network,Large (51-200 agents),2026-09-29T17:43:52Z
CREAM-20260929-00501,Nicole Ruiz,Nicole Ruiz,Nicole,Ruiz,nicoler@hotmail.com,(614) 415-6188,Nest Seekers,Nest Seekers,Albany,Albany,NY,10309,3,25,25,13485756,4.7,B,61,Website Lead,Boutique (2-10 agents),2026-09-29T01:17:06Z
CREAM-20260929-00502,Daniel Bennett,Daniel Bennett,Daniel,Bennett,danielbennett@icloud.com,(786) 895-4468,HER Realtors,HER Realtors,Toledo,Toledo,OH,44333,10,36,36,6718927,3.5,B,62,Website Lead,Large (51-200 agents),2026-09-29T20:27:36Z
CREAM-20260929-00503,Christine Hill,Christine Hill,Christine,Hill,christineh@icloud.com,(415) 856-3766,Coldwell Banker,Coldwell Banker,Lubbock,Lubbock,TX,75390,3,10,10,4143063,4.5,B,67,MLS Database,Enterprise (200+ agents),2026-09-29T05:40:27Z
CREAM-20260929-00504,Elizabeth Bennett,Elizabeth Bennett,Elizabeth,Bennett,elizabeth.bennett@coldwellbanker.com,(303) 542-8629,Coldwell Banker,Coldwell Banker,Parma,Parma,OH,44655,2,11,11,2554778,3.5,B,77,Trade Show,Enterprise (200+ agents),2026-09-29T04:09:24Z
CREAM-20260929-00505,Jeffrey Sanders,Jeffrey Sanders,Jeffrey,Sanders,jeffrey_sanders@icloud.com,(972) 446-8180,Berkshire Hathaway,Berkshire Hathaway,Hialeah,Hialeah,FL,33393,3,24,24,8772151,4.4,B,73,Facebook,Boutique (2-10 agents),2026-09-29T04:05:01Z
CREAM-20260929-00506,Heather Richardson,Heather Richardson,Heather,Richardson,heather_richardson@yahoo.com,(714) 986-3912,RE/MAX,RE/MAX,Fayetteville,Fayetteville,NC,28842,4,23,23,5797675,3.4,B,70,Referral Network,Enterprise (200+ agents),2026-09-29T08:04:47Z
CREAM-20260929-00507,Albert Lopez,Albert Lopez,Albert,Lopez,alopez@homesmart.com,(713) 618-7300,HomeSmart,HomeSmart,Gilbert,Gilbert,AZ,86463,3,10,10,3637698,4.5,B,69,LinkedIn,Mid-size (11-50 agents),2026-09-29T22:02:46Z
CREAM-20260929-00508,Daniel Johnson,Daniel Johnson,Daniel,Johnson,daniel_johnson@gmail.com,(972) 869-4591,Allie Beth Allman,Allie Beth Allman,Lubbock,Lubbock,TX,78541,5,11,11,3455238,3.5,B,72,Realtor.com,Independent,2026-09-29T18:26:29Z
CREAM-20260929-00509,David Hall,David Hall,David,Hall,davidhall@gmail.com,(704) 452-6643,Keller Williams,Keller Williams,Lakewood,Lakewood,CO,81354,12,26,26,13501629,4.1,B,93,Referral Network,Independent,2026-09-29T20:33:57Z
CREAM-20260929-00510,Julia Williams,Julia Williams,Julia,Williams,julia.williams@alliebethallman.com,(602) 504-1979,Allie Beth Allman,Allie Beth Allman,Corpus Christi,Corpus Christi,TX,75677,21,53,53,16889258,4.7,B,88,Cold Outreach,Boutique (2-10 agents),2026-09-29T16:46:50Z
CREAM-20260929-00511,Albert Taylor,Albert Taylor,Albert,Taylor,alberttaylor@gmail.com,(512) 431-6473,Keller Williams Realty,Keller Williams Realty,Chula Vista,Chula Vista,CA,96682,7,20,20,20981922,3.2,B,88,Website Lead,Independent,2026-09-29T11:31:29Z
CREAM-20260929-00512,Danielle Cook,Danielle Cook,Danielle,Cook,danielle.cook@outlook.com,(305) 811-2344,Berkshire Hathaway,Berkshire Hathaway,Fayetteville,Fayetteville,NC,27984,2,6,6,1572379,4.3,B,67,Trade Show,Mid-size (11-50 agents),2026-09-29T12:47:36Z
CREAM-20260929-00513,Donna Sullivan,Donna Sullivan,Donna,Sullivan,donnas@aol.com,(256) 722-8861,Keller Williams,Keller Williams,Fayetteville,Fayetteville,NC,28951,2,4,4,1677166,4.9,B,66,MLS Database,Mid-size (11-50 agents),2026-09-29T01:32:25Z
CREAM-20260929-00514,Deborah Wilson,Deborah Wilson,Deborah,Wilson,deborah.wilson@8zrealestate.com,(256) 815-1873,8z Real Estate,8z Real Estate,Thornton,Thornton,CO,80460,8,38,38,26747882,3.5,B,91,NAR Directory,Independent,2026-09-29T19:47:39Z
CREAM-20260929-00515,Lawrence Taylor,Lawrence Taylor,Lawrence,Taylor,lawrence.taylor@yahoo.com,(303) 911-1000,Pacific Sotheby's,Pacific Sotheby's,Santa Ana,Santa Ana,CA,90527,19,65,65,51928619,5.0,B,78,Trade Show,Boutique (2-10 agents),2026-09-29T19:23:19Z
CREAM-20260929-00516,Linda Smith,Linda Smith,Linda,Smith,linda.smith@icloud.com,(513) 688-9776,Brown Harris Stevens,Brown Harris Stevens,New Rochelle,New Rochelle,NY,14335,21,68,68,43584856,4.5,B,84,Trade Show,Large (51-200 agents),2026-09-29T03:36:47Z
CREAM-20260929-00517,Kevin Roberts,Kevin Roberts,Kevin,Roberts,kevin.roberts@me.com,(305) 558-6448,Huntington Real Estate,Huntington Real Estate,Toledo,Toledo,OH,44411,4,10,10,2176238,4.3,B,67,Cold Outreach,Mid-size (11-50 agents),2026-09-29T18:00:56Z
CREAM-20260929-00518,Donald Brown,Donald Brown,Donald,Brown,donald_brown@gmail.com,(469) 549-8229,Corcoran Group,Corcoran Group,Albany,Albany,NY,13105,16,76,76,43026214,3.3,B,85,Brokerage Listings,Independent,2026-09-29T00:38:51Z
CREAM-20260929-00519,Megan Morales,Megan Morales,Megan,Morales,meganm@berkshirehathaway.com,(714) 385-9587,Berkshire Hathaway,Berkshire Hathaway,Hollywood,Hollywood,FL,33515,7,37,37,11661883,4.2,B,66,Realtor.com,Mid-size (11-50 agents),2026-09-29T06:52:44Z
CREAM-20260929-00520,Wayne Moore,Wayne Moore,Wayne,Moore,waynemoore@aol.com,(718) 272-1429,Douglas Elliman,Douglas Elliman,Syracuse,Syracuse,NY,11390,2,6,6,3148767,3.6,B,91,Cold Outreach,Boutique (2-10 agents),2026-09-29T06:06:56Z
CREAM-20260929-00521,Jack Nelson,Jack Nelson,Jack,Nelson,jnelson@outlook.com,(305) 996-6053,LIV Sotheby's,LIV Sotheby's,Lakewood,Lakewood,CO,80307,1,10,10,4037714,4.1,B,77,Cold Outreach,Large (51-200 agents),2026-09-29T16:33:17Z
CREAM-20260929-00522,Ryan Ward,Ryan Ward,Ryan,Ward,ryan_ward@me.com,(407) 398-2828,Briggs Freeman Sotheby's,Briggs Freeman Sotheby's,Irving,Irving,TX,78770,1,9,9,2757344,4.6,B,100,Referral Network,Enterprise (200+ agents),2026-09-29T23:59:35Z
CREAM-20260929-00523,Michelle Long,Michelle Long,Michelle,Long,michelle_long@me.com,(214) 610-8219,Coldwell Banker,Coldwell Banker,Toledo,Toledo,OH,43474,23,54,54,15699402,3.5,B,66,Website Lead,Enterprise (200+ agents),2026-09-29T17:19:34Z
CREAM-20260929-00524,Barbara Collins,Barbara Collins,Barbara,Collins,barbara.collins@hotmail.com,(602) 892-7736,Berkshire Hathaway HomeServices,Berkshire Hathaway HomeServices,Fresno,Fresno,CA,93313,14,41,41,34349938,4.4,B,84,Realtor.com,Independent,2026-09-29T01:35:50Z
CREAM-20260929-00525,Amber Davis,Amber Davis,Amber,Davis,amberdavis@gmail.com,(786) 932-1497,Berkshire Hathaway,Berkshire Hathaway,Cape Coral,Cape Coral,FL,34197,11,45,45,23431756,4.8,B,90,NAR Directory,Independent,2026-09-29T22:50:01Z
CREAM-20260929-00526,Catherine Phillips,Catherine Phillips,Catherine,Phillips,catherine.phillips@yahoo.com,(513) 604-4243,8z Real Estate,8z Real Estate,Lakewood,Lakewood,CO,81722,3,11,11,7096071,3.9,B,90,LinkedIn,Enterprise (200+ agents),2026-09-29T15:47:14Z
CREAM-20260929-00527,Emily King,Emily King,Emily,King,emilyk@berkshirehathaway.com,(234) 840-6182,Berkshire Hathaway,Berkshire Hathaway,Parma,Parma,OH,45693,5,11,11,2280785,5.0,B,77,MLS Database,Independent,2026-09-29T11:05:41Z
CREAM-20260929-00528,Carl Ramos,Carl Ramos,Carl,Ramos,carlr@yahoo.com,(513) 770-3989,Coldwell Banker,Coldwell Banker,Stockton,Stockton,CA,94434,5,17,17,15695885,4.7,B,64,Facebook,Mid-size (11-50 agents),2026-09-29T11:23:16Z
CREAM-20260929-00529,Gary King,Gary King,Gary,King,gary.king@hotmail.com,(980) 839-1497,RE/MAX,RE/MAX,Fresno,Fresno,CA,91679,22,62,62,47200785,4.9,B,92,Realtor.com,Boutique (2-10 agents),2026-09-29T22:58:06Z
CREAM-20260929-00530,Rose Cox,Rose Cox,Rose,Cox,rcox@nestseekers.com,(720) 898-6469,Nest Seekers,Nest Seekers,Buffalo,Buffalo,NY,12682,0,3,3,1682575,3.4,B,85,Brokerage Listings,Mid-size (11-50 agents),2026-09-29T22:54:56Z
CREAM-20260929-00531,Brandon Moore,Brandon Moore,Brandon,Moore,brandon_moore@hotmail.com,(646) 871-9444,Coldwell Banker,Coldwell Banker,Amarillo,Amarillo,TX,77559,11,33,33,14310809,4.3,B,79,Cold Outreach,Boutique (2-10 agents),2026-09-29T15:22:16Z
CREAM-20260929-00532,Tyler Martinez,Tyler Martinez,Tyler,Martinez,tylerm@yahoo.com,(469) 547-7907,RE/MAX,RE/MAX,Arvada,Arvada,CO,80928,11,38,38,15220091,3.4,B,100,Trade Show,Large (51-200 agents),2026-09-29T17:46:09Z
CREAM-20260929-00533,Karen Sanders,Karen Sanders,Karen,Sanders,karen_sanders@aol.com,(714) 911-6963,Coldwell Banker,Coldwell Banker,Chandler,Chandler,AZ,86404,2,10,10,4187506,3.3,B,88,MLS Database,Boutique (2-10 agents),2026-09-29T17:10:58Z
CREAM-20260929-00534,Katherine King,Katherine King,Katherine,King,kking@icloud.com,(916) 615-9878,Coldwell Banker,Coldwell Banker,Parma,Parma,OH,43839,10,59,59,11492874,4.9,B,73,Realtor.com,Mid-size (11-50 agents),2026-09-29T22:18:40Z
CREAM-20260929-00535,Timothy Rogers,Timothy Rogers,Timothy,Rogers,timothyrogers@yahoo.com,(646) 984-1722,Long Realty,Long Realty,Tempe,Tempe,AZ,85882,20,50,50,19100932,4.7,B,67,Trade Show,Large (51-200 agents),2026-09-29T05:46:46Z
CREAM-20260929-00536,Sharon Myers,Sharon Myers,Sharon,Myers,smyers@exprealty.com,(310) 283-8254,eXp Realty,eXp Realty,Akron,Akron,OH,45199,11,54,54,15194829,3.8,B,86,Brokerage Listings,Independent,2026-09-29T18:11:43Z
CREAM-20260929-00537,Philip Brooks,Philip Brooks,Philip,Brooks,philip_brooks@me.com,(929) 602-3066,8z Real Estate,8z Real Estate,Arvada,Arvada,CO,80921,12,65,65,39719995,3.8,B,66,Brokerage Listings,Enterprise (200+ agents),2026-09-29T01:48:49Z
CREAM-20260929-00538,Nicole Harris,Nicole Harris,Nicole,Harris,nicoleharris@icloud.com,(614) 266-4872,Keller Williams,Keller Williams,Lubbock,Lubbock,TX,76803,5,19,19,5976280,3.2,B,79,Facebook,Enterprise (200+ agents),2026-09-29T13:58:01Z
CREAM-20260929-00539,Patricia Harris,Patricia Harris,Patricia,Harris,pharris@icloud.com,(805) 312-7248,Coldwell Banker,Coldwell Banker,Cape Coral,Cape Coral,FL,34825,17,76,76,35219952,4.5,B,83,Realtor.com,Independent,2026-09-29T15:43:34Z
CREAM-20260929-00540,Cynthia Lewis,Cynthia Lewis,Cynthia,Lewis,clewis@aol.com,(310) 605-7869,Sotheby's International,Sotheby's International,Fresno,Fresno,CA,94302,4,16,16,17667682,3.3,B,65,Trade Show,Independent,2026-09-29T23:36:16Z
CREAM-20260929-00541,James Moore,James Moore,James,Moore,james_moore@gmail.com,(469) 823-9636,Sotheby's International,Sotheby's International,Chula Vista,Chula Vista,CA,91358,13,48,48,31679552,4.5,B,86,MLS Database,Independent,2026-09-29T02:51:16Z
CREAM-20260929-00542,Jack Gutierrez,Jack Gutierrez,Jack,Gutierrez,jackg@aol.com,(512) 219-5055,HER Realtors,HER Realtors,Dayton,Dayton,OH,45355,8,18,18,5194146,4.9,B,87,Facebook,Mid-size (11-50 agents),2026-09-29T06:23:21Z
CREAM-20260929-00543,Rachel Ward,Rachel Ward,Rachel,Ward,rachelw@exprealty.com,(415) 273-1056,eXp Realty,eXp Realty,Winston-Salem,Winston-Salem,NC,28883,1,11,11,4783859,5.0,B,61,LinkedIn,Boutique (2-10 agents),2026-09-29T09:03:34Z
CREAM-20260929-00544,Andrew Sullivan,Andrew Sullivan,Andrew,Sullivan,andrews@outlook.com,(212) 842-2782,Huntington Real Estate,Huntington Real Estate,Toledo,Toledo,OH,44345,5,13,13,2701860,3.6,B,70,NAR Directory,Large (51-200 agents),2026-09-29T08:04:04Z
CREAM-20260929-00545,Joseph Ramirez,Joseph Ramirez,Joseph,Ramirez,jramirez@outlook.com,(512) 343-9374,Long Realty,Long Realty,Chandler,Chandler,AZ,86789,2,5,5,2434709,4.6,B,82,Referral Network,Large (51-200 agents),2026-09-29T09:57:39Z
CREAM-20260929-00546,Rose Rodriguez,Rose Rodriguez,Rose,Rodriguez,rose_rodriguez@yahoo.com,(720) 355-3592,Keller Williams,Keller Williams,Garland,Garland,TX,77740,5,14,14,5240679,3.3,B,65,Brokerage Listings,Independent,2026-09-29T19:48:14Z
CREAM-20260929-00547,Eugene Perez,Eugene Perez,Eugene,Perez,eperez@berkshirehathaway.com,(415) 647-2790,Berkshire Hathaway,Berkshire Hathaway,Corpus Christi,Corpus Christi,TX,79166,11,78,78,21776650,3.7,B,86,Cold Outreach,Large (51-200 agents),2026-09-29T13:49:11Z
CREAM-20260929-00548,Jeffrey Kelly,Jeffrey Kelly,Jeffrey,Kelly,jeffreykelly@me.com,(407) 253-6890,Keller Williams Realty,Keller Williams Realty,Pembroke Pines,Pembroke Pines,FL,33867,20,53,53,21639102,4.6,B,97,Brokerage Listings,Independent,2026-09-29T21:16:42Z
CREAM-20260929-00549,Gary Clark,Gary Clark,Gary,Clark,gary.clark@huntingtonrealestate.com,(614) 496-5232,Huntington Real Estate,Huntington Real Estate,Dayton,Dayton,OH,45946,7,16,16,3678992,3.5,B,83,Facebook,Mid-size (11-50 agents),2026-09-29T03:22:34Z
CREAM-20260929-00550,Heather Watson,Heather Watson,Heather,Watson,heather_watson@aol.com,(602) 629-8783,RE/MAX,RE/MAX,Thornton,Thornton,CO,80528,2,8,8,5487334,4.4,B,60,Referral Network,Large (51-200 agents),2026-09-29T06:09:31Z
CREAM-20260929-00551,Pamela Watson,Pamela Watson,Pamela,Watson,pamelawatson@yahoo.com,(646) 734-9038,Douglas Elliman,Douglas Elliman,New Rochelle,New Rochelle,NY,14148,25,58,58,43491450,4.2,B,83,Facebook,Large (51-200 agents),2026-09-29T08:44:22Z
CREAM-20260929-00552,Donna Jackson,Donna Jackson,Donna,Jackson,donna_jackson@yahoo.com,(512) 234-8534,eXp Realty,eXp Realty,Dayton,Dayton,OH,43308,5,11,11,2226235,3.4,B,93,Cold Outreach,Independent,2026-09-29T00:34:17Z
CREAM-20260929-00553,Roger Wilson,Roger Wilson,Roger,Wilson,rwilson@yahoo.com,(404) 338-8408,Coldwell Banker,Coldwell Banker,Garland,Garland,TX,75692,6,33,33,10257570,4.3,B,72,NAR Directory,Mid-size (11-50 agents),2026-09-29T01:12:43Z
CREAM-20260929-00554,Jack Powell,Jack Powell,Jack,Powell,jpowell@outlook.com,(916) 332-8953,Compass,Compass,Fort Collins,Fort Collins,CO,80348,1,12,12,5041426,3.7,B,86,Facebook,Independent,2026-09-29T11:57:03Z
CREAM-20260929-00555,Ryan Bailey,Ryan Bailey,Ryan,Bailey,ryanbailey@yahoo.com,(614) 869-5620,Douglas Elliman,Douglas Elliman,Lubbock,Lubbock,TX,77885,3,10,10,2868159,4.9,B,78,Brokerage Listings,Mid-size (11-50 agents),2026-09-29T10:41:48Z
CREAM-20260929-00556,Ashley Rivera,Ashley Rivera,Ashley,Rivera,arivera@coldwellbanker.com,(718) 903-3676,Coldwell Banker,Coldwell Banker,Lakewood,Lakewood,CO,80255,7,32,32,18023507,4.2,B,86,MLS Database,Large (51-200 agents),2026-09-29T22:27:32Z
CREAM-20260929-00557,Gregory Brown,Gregory Brown,Gregory,Brown,gregoryb@douglaselliman.com,(602) 864-7209,Douglas Elliman,Douglas Elliman,Yonkers,Yonkers,NY,12907,0,0,0,0,4.2,B,77,Referral Network,Large (51-200 agents),2026-09-29T23:48:52Z
CREAM-20260929-00558,Daniel Diaz,Daniel Diaz,Daniel,Diaz,daniel.diaz@outlook.com,(415) 526-2183,Berkshire Hathaway,Berkshire Hathaway,Lakewood,Lakewood,CO,80841,2,4,4,2316805,4.3,B,89,MLS Database,Independent,2026-09-29T14:03:49Z
CREAM-20260929-00559,Daniel Kelly,Daniel Kelly,Daniel,Kelly,daniel_kelly@outlook.com,(212) 349-9412,Berkshire Hathaway,Berkshire Hathaway,Toledo,Toledo,OH,44292,5,13,13,2303464,3.8,B,61,MLS Database,Boutique (2-10 agents),2026-09-29T10:27:25Z
CREAM-20260929-00560,Paul Parker,Paul Parker,Paul,Parker,paul_parker@gmail.com,(305) 374-5906,Compass,Compass,Syracuse,Syracuse,NY,11587,16,44,44,30895224,3.5,B,96,NAR Directory,Mid-size (11-50 agents),2026-09-29T10:29:18Z
CREAM-20260929-00561,Walter Turner,Walter Turner,Walter,Turner,wturner@aol.com,(919) 828-5456,Keller Williams,Keller Williams,Lubbock,Lubbock,TX,75605,5,12,12,3563593,3.2,B,93,Trade Show,Large (51-200 agents),2026-09-29T06:55:09Z
CREAM-20260929-00562,Jessica Price,Jessica Price,Jessica,Price,jessica_price@hotmail.com,(916) 672-8436,Pacific Sotheby's,Pacific Sotheby's,Fresno,Fresno,CA,93774,3,22,22,19747738,3.5,B,66,NAR Directory,Boutique (2-10 agents),2026-09-29T19:54:54Z
CREAM-20260929-00563,Keith Hernandez,Keith Hernandez,Keith,Hernandez,keith.hernandez@compass.com,(512) 431-3210,Compass,Compass,Fort Collins,Fort Collins,CO,81921,22,39,39,15532488,4.7,B,92,Referral Network,Large (51-200 agents),2026-09-29T04:43:03Z
CREAM-20260929-00564,Ruth Reyes,Ruth Reyes,Ruth,Reyes,ruthr@icloud.com,(415) 208-7296,Coldwell Banker,Coldwell Banker,Fresno,Fresno,CA,95540,11,80,80,57484090,3.9,B,66,Realtor.com,Large (51-200 agents),2026-09-29T21:10:20Z
CREAM-20260929-00565,Elizabeth Castillo,Elizabeth Castillo,Elizabeth,Castillo,elizabethc@compass.com,(256) 373-2166,Compass,Compass,Bakersfield,Bakersfield,CA,90978,12,52,52,33472404,4.6,B,93,NAR Directory,Enterprise (200+ agents),2026-09-29T11:32:32Z
CREAM-20260929-00566,Ashley Cox,Ashley Cox,Ashley,Cox,ashleyc@coldwellbanker.com,(256) 723-8992,Coldwell Banker,Coldwell Banker,Toledo,Toledo,OH,45843,21,65,65,18205028,3.7,B,64,Realtor.com,Independent,2026-09-29T04:25:48Z
CREAM-20260929-00567,Brandon Green,Brandon Green,Brandon,Green,brandong@outlook.com,(602) 353-2433,Coldwell Banker,Coldwell Banker,Tallahassee,Tallahassee,FL,33777,5,21,21,10416392,4.1,B,79,MLS Database,Independent,2026-09-29T09:29:41Z
CREAM-20260929-00568,Laura King,Laura King,Laura,King,lking@icloud.com,(614) 521-4600,Keller Williams,Keller Williams,Gilbert,Gilbert,AZ,86593,0,4,4,1527069,4.5,B,67,MLS Database,Enterprise (200+ agents),2026-09-29T07:10:22Z
CREAM-20260929-00569,Andrew Allen,Andrew Allen,Andrew,Allen,andrew.allen@gmail.com,(646) 608-2488,eXp Realty,eXp Realty,Fayetteville,Fayetteville,NC,28170,6,39,39,14475482,3.1,B,96,Website Lead,Boutique (2-10 agents),2026-09-29T02:19:04Z
CREAM-20260929-00570,Margaret Patel,Margaret Patel,Margaret,Patel,margaret.patel@coldwellbanker.com,(512) 346-3384,Coldwell Banker,Coldwell Banker,Gilbert,Gilbert,AZ,86732,6,20,20,6019624,3.8,B,91,Trade Show,Boutique (2-10 agents),2026-09-29T01:19:57Z
CREAM-20260929-00571,Deborah Brown,Deborah Brown,Deborah,Brown,dbrown@yahoo.com,(919) 915-5786,RE/MAX,RE/MAX,Thornton,Thornton,CO,80661,2,7,7,3851846,4.6,B,64,Referral Network,Large (51-200 agents),2026-09-29T16:40:48Z
CREAM-20260929-00572,Anna Chavez,Anna Chavez,Anna,Chavez,anna.chavez@berkshirehathaway.com,(512) 879-8100,Berkshire Hathaway,Berkshire Hathaway,Arlington,Arlington,TX,77888,2,3,3,951845,5.0,B,84,Trade Show,Independent,2026-09-29T11:56:41Z
CREAM-20260929-00573,Joshua Lee,Joshua Lee,Joshua,Lee,joshua.lee@hotmail.com,(980) 340-3495,Keller Williams,Keller Williams,Parma,Parma,OH,44480,0,0,0,0,3.7,B,91,Realtor.com,Boutique (2-10 agents),2026-09-29T07:31:16Z
CREAM-20260929-00574,Ronald Hernandez,Ronald Hernandez,Ronald,Hernandez,ronald.hernandez@me.com,(720) 411-7922,RE/MAX,RE/MAX,Hollywood,Hollywood,FL,34600,13,68,68,36991615,4.6,B,97,NAR Directory,Boutique (2-10 agents),2026-09-29T01:13:23Z
CREAM-20260929-00575,Brandon Long,Brandon Long,Brandon,Long,brandon.long@yahoo.com,(404) 353-5827,eXp Realty,eXp Realty,Durham,Durham,NC,27350,4,10,10,3933773,3.7,B,77,Brokerage Listings,Enterprise (200+ agents),2026-09-29T20:14:28Z
CREAM-20260929-00576,William Ruiz,William Ruiz,William,Ruiz,williamr@icloud.com,(212) 620-1735,Brown Harris Stevens,Brown Harris Stevens,Yonkers,Yonkers,NY,14371,1,9,9,5547353,3.1,B,60,MLS Database,Boutique (2-10 agents),2026-09-29T15:18:47Z
CREAM-20260929-00577,Joshua Cox,Joshua Cox,Joshua,Cox,joshuac@icloud.com,(720) 468-6691,Keller Williams,Keller Williams,Chandler,Chandler,AZ,86714,20,75,75,23579370,3.9,B,78,Referral Network,Boutique (2-10 agents),2026-09-29T02:03:35Z
CREAM-20260929-00578,Kenneth Jackson,Kenneth Jackson,Kenneth,Jackson,kenneth_jackson@gmail.com,(415) 883-5297,Douglas Elliman,Douglas Elliman,Tallahassee,Tallahassee,FL,32477,2,9,9,3907051,4.2,B,79,Facebook,Mid-size (11-50 agents),2026-09-29T18:13:16Z
CREAM-20260929-00579,Bruce Jenkins,Bruce Jenkins,Bruce,Jenkins,bruce_jenkins@me.com,(805) 621-8132,Keller Williams,Keller Williams,Glendale,Glendale,AZ,86720,4,23,23,7882896,4.6,B,65,Brokerage Listings,Large (51-200 agents),2026-09-29T14:32:31Z
CREAM-20260929-00580,Charles Rogers,Charles Rogers,Charles,Rogers,crogers@kellerwilliamsrealty.com,(407) 683-6852,Keller Williams Realty,Keller Williams Realty,Stockton,Stockton,CA,90562,24,28,28,20347286,4.4,B,90,Cold Outreach,Boutique (2-10 agents),2026-09-29T02:56:09Z
CREAM-20260929-00581,Eugene Brown,Eugene Brown,Eugene,Brown,eugeneb@kellerwilliamsrealty.com,(720) 817-8799,Keller Williams Realty,Keller Williams Realty,Port St. Lucie,Port St. Lucie,FL,33858,21,32,32,15233485,4.9,B,93,Realtor.com,Large (51-200 agents),2026-09-29T22:11:33Z
CREAM-20260929-00582,Gary Brooks,Gary Brooks,Gary,Brooks,garybrooks@icloud.com,(407) 235-6766,Berkshire Hathaway,Berkshire Hathaway,Garland,Garland,TX,76699,2,11,11,4718385,3.4,B,65,Realtor.com,Independent,2026-09-29T00:30:33Z
CREAM-20260929-00583,Megan Hughes,Megan Hughes,Megan,Hughes,meganh@outlook.com,(714) 290-3198,Coldwell Banker,Coldwell Banker,Chandler,Chandler,AZ,85370,16,51,51,15142665,4.2,B,69,Facebook,Mid-size (11-50 agents),2026-09-29T15:23:41Z
CREAM-20260929-00584,Gary Torres,Gary Torres,Gary,Torres,gary.torres@me.com,(212) 777-7258,Keller Williams,Keller Williams,New Rochelle,New Rochelle,NY,11739,5,19,19,11958782,4.6,B,68,Referral Network,Large (51-200 agents),2026-09-29T01:04:05Z
CREAM-20260929-00585,Susan Hall,Susan Hall,Susan,Hall,susanhall@me.com,(786) 756-2126,RE/MAX,RE/MAX,Thornton,Thornton,CO,81487,25,44,44,18857800,3.4,B,90,Website Lead,Boutique (2-10 agents),2026-09-29T14:35:55Z
CREAM-20260929-00586,Sharon Bennett,Sharon Bennett,Sharon,Bennett,sharonb@gmail.com,(972) 768-7122,Coldwell Banker,Coldwell Banker,Parma,Parma,OH,45285,15,79,79,23249901,3.6,B,75,Website Lead,Large (51-200 agents),2026-09-29T15:45:27Z
CREAM-20260929-00587,Cynthia Reyes,Cynthia Reyes,Cynthia,Reyes,creyes@briggsfreemansothebys.com,(310) 749-9459,Briggs Freeman Sotheby's,Briggs Freeman Sotheby's,Garland,Garland,TX,76761,15,64,64,25442339,4.5,B,88,NAR Directory,Enterprise (200+ agents),2026-09-29T18:08:34Z
CREAM-20260929-00588,Robert Powell,Robert Powell,Robert,Powell,robertp@me.com,(512) 406-5982,Coldwell Banker,Coldwell Banker,Hialeah,Hialeah,FL,32736,5,21,21,10802234,4.8,B,67,Realtor.com,Independent,2026-09-29T06:32:32Z
CREAM-20260929-00589,Margaret Cox,Margaret Cox,Margaret,Cox,margaretc@icloud.com,(786) 763-5575,Coldwell Banker,Coldwell Banker,Stockton,Stockton,CA,93232,19,50,50,48754073,4.2,B,70,Cold Outreach,Mid-size (11-50 agents),2026-09-29T00:58:07Z
CREAM-20260929-00590,Robert Roberts,Robert Roberts,Robert,Roberts,robert_roberts@icloud.com,(214) 764-6115,Douglas Elliman,Douglas Elliman,Yonkers,Yonkers,NY,10680,4,14,14,8813633,3.0,B,77,MLS Database,Large (51-200 agents),2026-09-29T22:56:33Z
CREAM-20260929-00591,Olivia White,Olivia White,Olivia,White,olivia.white@icloud.com,(310) 823-6262,Coldwell Banker,Coldwell Banker,Lakewood,Lakewood,CO,81681,4,19,19,11752869,4.7,B,92,LinkedIn,Large (51-200 agents),2026-09-29T09:53:54Z
CREAM-20260929-00592,Rose Davis,Rose Davis,Rose,Davis,rosed@me.com,(415) 723-5392,RE/MAX,RE/MAX,Lubbock,Lubbock,TX,75141,4,22,22,6124796,3.6,B,67,LinkedIn,Independent,2026-09-29T07:22:44Z
CREAM-20260929-00593,Sharon Alvarez,Sharon Alvarez,Sharon,Alvarez,sharona@outlook.com,(704) 257-9436,Compass,Compass,Riverside,Riverside,CA,92509,3,19,19,13399419,3.2,B,76,Cold Outreach,Independent,2026-09-29T22:03:55Z
CREAM-20260929-00594,Carolyn Adams,Carolyn Adams,Carolyn,Adams,cadams@gmail.com,(469) 459-4519,HER Realtors,HER Realtors,Akron,Akron,OH,44728,14,48,48,13593156,3.7,B,92,Realtor.com,Mid-size (11-50 agents),2026-09-29T10:10:50Z
CREAM-20260929-00595,Gregory Hernandez,Gregory Hernandez,Gregory,Hernandez,gregory.hernandez@gmail.com,(614) 948-1381,Keller Williams,Keller Williams,Buffalo,Buffalo,NY,10505,8,28,28,23521283,4.8,B,92,Brokerage Listings,Mid-size (11-50 agents),2026-09-29T07:28:57Z
CREAM-20260929-00596,Frank King,Frank King,Frank,King,fking@me.com,(714) 452-6261,eXp Realty,eXp Realty,Tempe,Tempe,AZ,85633,18,77,77,31798639,3.2,B,76,Trade Show,Enterprise (200+ agents),2026-09-29T11:42:40Z
CREAM-20260929-00597,Kenneth Smith,Kenneth Smith,Kenneth,Smith,kenneth.smith@berkshirehathaway.com,(704) 763-9005,Berkshire Hathaway,Berkshire Hathaway,Parma,Parma,OH,43157,25,78,78,24358735,3.8,B,80,Referral Network,Enterprise (200+ agents),2026-09-29T12:09:57Z
CREAM-20260929-00598,Emma Adams,Emma Adams,Emma,Adams,eadams@icloud.com,(786) 758-1044,Allen Tate,Allen Tate,Fayetteville,Fayetteville,NC,27644,9,17,17,6660625,3.6,B,62,Cold Outreach,Enterprise (200+ agents),2026-09-29T12:57:30Z
CREAM-20260929-00599,Pamela Murphy,Pamela Murphy,Pamela,Murphy,pamelam@coldwellbanker.com,(718) 762-2471,Coldwell Banker,Coldwell Banker,Chula Vista,Chula Vista,CA,90702,21,72,72,65064669,4.7,B,60,Facebook,Independent,2026-09-29T10:18:24Z
CREAM-20260929-00600,Louis Reed,Louis Reed,Louis,Reed,louisreed@icloud.com,(234) 885-4788,Long Realty,Long Realty,Chandler,Chandler,AZ,85780,22,75,75,22505599,4.5,B,70,Trade Show,Boutique (2-10 agents),2026-09-29T01:20:28Z
CREAM-20260929-00601,Rachel Wood,Rachel Wood,Rachel,Wood,rachel_wood@yahoo.com,(234) 627-4512,Keller Williams,Keller Williams,Thornton,Thornton,CO,81743,12,65,65,44636952,4.4,B,98,Brokerage Listings,Independent,2026-09-29T02:04:46Z
CREAM-20260929-00602,Melissa Collins,Melissa Collins,Melissa,Collins,mcollins@icloud.com,(919) 395-6084,Berkshire Hathaway,Berkshire Hathaway,Tallahassee,Tallahassee,FL,33544,4,16,16,5058926,3.2,B,62,NAR Directory,Independent,2026-09-29T04:35:54Z
CREAM-20260929-00603,Walter Peterson,Walter Peterson,Walter,Peterson,walter_peterson@me.com,(980) 302-7538,Coldwell Banker,Coldwell Banker,Amarillo,Amarillo,TX,77149,8,20,20,7365526,5.0,B,99,LinkedIn,Boutique (2-10 agents),2026-09-29T05:27:31Z
CREAM-20260929-00604,Heather Richardson,Heather Richardson,Heather,Richardson,heatherrichardson@outlook.com,(512) 687-9890,Keller Williams Realty,Keller Williams Realty,Riverside,Riverside,CA,92339,11,64,64,40544805,4.7,B,62,Website Lead,Boutique (2-10 agents),2026-09-29T21:53:09Z
CREAM-20260929-00605,Dennis Ruiz,Dennis Ruiz,Dennis,Ruiz,dennis.ruiz@outlook.com,(407) 746-9602,Nest Seekers,Nest Seekers,Albany,Albany,NY,10969,15,69,69,57503197,3.4,B,69,Website Lead,Independent,2026-09-29T04:58:35Z
CREAM-20260929-00606,Gary Foster,Gary Foster,Gary,Foster,gary_foster@yahoo.com,(919) 982-6246,8z Real Estate,8z Real Estate,Lakewood,Lakewood,CO,81991,0,5,5,3347015,3.4,B,88,MLS Database,Mid-size (11-50 agents),2026-09-29T07:43:08Z
CREAM-20260929-00607,Michael Russell,Michael Russell,Michael,Russell,mrussell@icloud.com,(919) 271-4973,Pacific Sotheby's,Pacific Sotheby's,Fresno,Fresno,CA,95863,0,0,0,0,4.0,B,77,Cold Outreach,Enterprise (200+ agents),2026-09-29T20:26:44Z
CREAM-20260929-00608,Philip Long,Philip Long,Philip,Long,plong@yahoo.com,(404) 280-1301,RE/MAX,RE/MAX,Toledo,Toledo,OH,45435,4,11,11,2886068,4.7,B,92,Facebook,Enterprise (200+ agents),2026-09-29T17:46:11Z
CREAM-20260929-00609,Benjamin Jackson,Benjamin Jackson,Benjamin,Jackson,benjamin.jackson@re/max.com,(718) 319-3125,RE/MAX,RE/MAX,Thornton,Thornton,CO,81856,22,32,32,15157970,4.1,B,96,LinkedIn,Independent,2026-09-29T03:42:13Z
CREAM-20260929-00610,James Thomas,James Thomas,James,Thomas,james_thomas@aol.com,(512) 837-3747,Howard Hanna,Howard Hanna,Winston-Salem,Winston-Salem,NC,28717,0,5,5,2055119,3.7,B,62,Referral Network,Large (51-200 agents),2026-09-29T10:34:49Z
CREAM-20260929-00611,Mary Ortiz,Mary Ortiz,Mary,Ortiz,mary.ortiz@aol.com,(919) 201-8711,Compass,Compass,Pembroke Pines,Pembroke Pines,FL,32108,0,1,1,413399,4.4,B,90,Facebook,Boutique (2-10 agents),2026-09-29T15:28:50Z
CREAM-20260929-00612,Debra Mendoza,Debra Mendoza,Debra,Mendoza,debramendoza@outlook.com,(334) 425-3404,RE/MAX,RE/MAX,Port St. Lucie,Port St. Lucie,FL,33107,0,5,5,2527704,4.4,B,71,Cold Outreach,Large (51-200 agents),2026-09-29T05:56:03Z
CREAM-20260929-00613,Kevin Chavez,Kevin Chavez,Kevin,Chavez,kevinchavez@gmail.com,(646) 694-9544,Allen Tate,Allen Tate,Winston-Salem,Winston-Salem,NC,28942,21,39,39,11260957,4.4,B,72,Referral Network,Mid-size (11-50 agents),2026-09-29T09:14:07Z
CREAM-20260929-00614,Christine Sanders,Christine Sanders,Christine,Sanders,csanders@exprealty.com,(720) 594-2431,eXp Realty,eXp Realty,Garland,Garland,TX,79190,25,29,29,7637529,3.6,B,80,Cold Outreach,Independent,2026-09-29T11:35:45Z
CREAM-20260929-00615,Raymond Williams,Raymond Williams,Raymond,Williams,raymond.williams@icloud.com,(972) 473-4573,Berkshire Hathaway HomeServices,Berkshire Hathaway HomeServices,Chula Vista,Chula Vista,CA,96326,18,64,64,58898115,4.4,B,70,Website Lead,Mid-size (11-50 agents),2026-09-29T17:07:50Z
CREAM-20260929-00616,Paul Martin,Paul Martin,Paul,Martin,paulmartin@hotmail.com,(786) 251-8353,Sotheby's International,Sotheby's International,Yonkers,Yonkers,NY,12745,17,37,37,20134563,3.6,B,82,NAR Directory,Large (51-200 agents),2026-09-29T09:23:51Z
CREAM-20260929-00617,Nicole Wilson,Nicole Wilson,Nicole,Wilson,nicole_wilson@gmail.com,(919) 209-9931,eXp Realty,eXp Realty,Parma,Parma,OH,44713,0,1,1,222564,4.7,B,91,Cold Outreach,Enterprise (200+ agents),2026-09-29T12:33:59Z
CREAM-20260929-00618,Kenneth Rogers,Kenneth Rogers,Kenneth,Rogers,krogers@exprealty.com,(256) 456-1036,eXp Realty,eXp Realty,Chandler,Chandler,AZ,85281,4,25,25,7342752,4.7,B,95,Referral Network,Enterprise (200+ agents),2026-09-29T18:23:03Z
CREAM-20260929-00619,Martha Perez,Martha Perez,Martha,Perez,marthap@outlook.com,(929) 724-3680,RE/MAX,RE/MAX,Parma,Parma,OH,44783,18,60,60,13816234,3.7,B,88,Facebook,Enterprise (200+ agents),2026-09-29T06:50:25Z
CREAM-20260929-00620,Jerry Walker,Jerry Walker,Jerry,Walker,jerry.walker@yahoo.com,(805) 278-3438,Pacific Sotheby's,Pacific Sotheby's,Santa Ana,Santa Ana,CA,91945,16,26,26,19328471,4.5,B,88,LinkedIn,Independent,2026-09-29T02:12:59Z
CREAM-20260929-00621,Kimberly Lopez,Kimberly Lopez,Kimberly,Lopez,kimberlylopez@aol.com,(916) 661-7402,Cutler Real Estate,Cutler Real Estate,Akron,Akron,OH,45406,5,17,17,4191889,4.6,B,60,Referral Network,Independent,2026-09-29T08:43:42Z
CREAM-20260929-00622,Cynthia Price,Cynthia Price,Cynthia,Price,cynthia.price@icloud.com,(303) 333-5238,eXp Realty,eXp Realty,Toledo,Toledo,OH,44583,8,19,19,3783666,3.9,B,67,Brokerage Listings,Mid-size (11-50 agents),2026-09-29T18:44:39Z
CREAM-20260929-00623,Anna Cooper,Anna Cooper,Anna,Cooper,acooper@hotmail.com,(305) 280-3264,Briggs Freeman Sotheby's,Briggs Freeman Sotheby's,Lubbock,Lubbock,TX,77445,9,21,21,8885862,3.7,B,64,Facebook,Large (51-200 agents),2026-09-29T20:35:09Z
CREAM-20260929-00624,Margaret Perez,Margaret Perez,Margaret,Perez,mperez@yahoo.com,(214) 813-2993,Allen Tate,Allen Tate,Fayetteville,Fayetteville,NC,28899,11,49,49,13260706,5.0,B,66,Brokerage Listings,Mid-size (11-50 agents),2026-09-29T19:23:13Z
CREAM-20260929-00625,Bruce Morales,Bruce Morales,Bruce,Morales,brucem@outlook.com,(415) 954-5198,8z Real Estate,8z Real Estate,Thornton,Thornton,CO,81467,1,9,9,4560603,4.7,B,65,Cold Outreach,Enterprise (200+ agents),2026-09-29T16:09:31Z
CREAM-20260929-00626,Brittany Hill,Brittany Hill,Brittany,Hill,brittanyh@aol.com,(916) 285-4122,Compass,Compass,Thornton,Thornton,CO,80253,5,24,24,16243787,4.8,B,76,Trade Show,Independent,2026-09-29T20:02:20Z
CREAM-20260929-00627,Jacqueline Brown,Jacqueline Brown,Jacqueline,Brown,jacquelineb@hotmail.com,(614) 829-8235,Nest Seekers,Nest Seekers,Rochester,Rochester,NY,14420,12,61,61,45789504,3.7,B,66,MLS Database,Enterprise (200+ agents),2026-09-29T10:17:49Z
CREAM-20260929-00628,Alexander Price,Alexander Price,Alexander,Price,alexanderprice@me.com,(614) 466-7345,Howard Hanna,Howard Hanna,Durham,Durham,NC,28285,2,10,10,2514552,3.7,B,74,Trade Show,Independent,2026-09-29T18:57:28Z
CREAM-20260929-00629,Cynthia Wright,Cynthia Wright,Cynthia,Wright,cynthia_wright@me.com,(415) 311-4162,RE/MAX,RE/MAX,Hialeah,Hialeah,FL,33193,8,23,23,9320369,3.4,B,64,Website Lead,Independent,2026-09-29T01:03:49Z
CREAM-20260929-00630,Frank Rodriguez,Frank Rodriguez,Frank,Rodriguez,frodriguez@yahoo.com,(415) 220-5603,Douglas Elliman,Douglas Elliman,Corpus Christi,Corpus Christi,TX,78815,10,56,56,19255858,4.6,B,88,Referral Network,Independent,2026-09-29T13:38:22Z
CREAM-20260929-00631,Alexander Kim,Alexander Kim,Alexander,Kim,alexanderk@aol.com,(469) 269-8874,RE/MAX,RE/MAX,Winston-Salem,Winston-Salem,NC,28938,0,4,4,1730623,3.8,B,75,Brokerage Listings,Boutique (2-10 agents),2026-09-29T10:13:22Z
CREAM-20260929-00632,Jessica Anderson,Jessica Anderson,Jessica,Anderson,jessicaanderson@gmail.com,(972) 829-8886,HER Realtors,HER Realtors,Akron,Akron,OH,45204,15,61,61,15258192,4.5,B,76,LinkedIn,Boutique (2-10 agents),2026-09-29T06:20:30Z
CREAM-20260929-00633,Rose Gray,Rose Gray,Rose,Gray,roseg@berkshirehathaway.com,(415) 537-1728,Berkshire Hathaway,Berkshire Hathaway,Fayetteville,Fayetteville,NC,27651,2,12,12,4659540,4.4,B,75,Facebook,Boutique (2-10 agents),2026-09-29T13:21:12Z
CREAM-20260929-00634,Sharon Reed,Sharon Reed,Sharon,Reed,sreed@hotmail.com,(602) 804-8188,Douglas Elliman,Douglas Elliman,Buffalo,Buffalo,NY,10338,0,3,3,2138104,4.4,B,93,Trade Show,Enterprise (200+ agents),2026-09-29T06:00:23Z
CREAM-20260929-00635,Donald Moore,Donald Moore,Donald,Moore,dmoore@coldwellbanker.com,(704) 378-9740,Coldwell Banker,Coldwell Banker,Anaheim,Anaheim,CA,92419,3,13,13,13715623,4.8,B,72,LinkedIn,Boutique (2-10 agents),2026-09-29T23:08:41Z
CREAM-20260929-00636,Brandon Alexander,Brandon Alexander,Brandon,Alexander,brandon_alexander@outlook.com,(713) 575-7763,Long Realty,Long Realty,Chandler,Chandler,AZ,86518,24,63,63,26689694,4.1,B,67,Facebook,Enterprise (200+ agents),2026-09-29T13:27:48Z
CREAM-20260929-00637,Nicholas Kim,Nicholas Kim,Nicholas,Kim,nicholaskim@aol.com,(704) 524-6443,Douglas Elliman,Douglas Elliman,Rochester,Rochester,NY,10239,2,9,9,4392018,3.7,B,66,MLS Database,Boutique (2-10 agents),2026-09-29T23:07:38Z
CREAM-20260929-00638,Scott Rogers,Scott Rogers,Scott,Rogers,scottrogers@hotmail.com,(980) 684-6153,eXp Realty,eXp Realty,Hollywood,Hollywood,FL,33838,15,72,72,27988981,3.3,B,77,Realtor.com,Boutique (2-10 agents),2026-09-29T01:47:00Z
CREAM-20260929-00639,Nancy Jones,Nancy Jones,Nancy,Jones,nancyjones@icloud.com,(805) 268-5380,Berkshire Hathaway,Berkshire Hathaway,Gilbert,Gilbert,AZ,85118,20,57,57,18886744,3.4,B,77,MLS Database,Enterprise (200+ agents),2026-09-29T09:39:00Z
CREAM-20260929-00640,Keith Lewis,Keith Lewis,Keith,Lewis,klewis@icloud.com,(303) 212-3765,eXp Realty,eXp Realty,Lakewood,Lakewood,CO,80365,16,41,41,25910461,3.1,B,64,Cold Outreach,Enterprise (200+ agents),2026-09-29T04:42:15Z
CREAM-20260929-00641,David Castillo,David Castillo,David,Castillo,david.castillo@me.com,(602) 963-5057,Brown Harris Stevens,Brown Harris Stevens,New Rochelle,New Rochelle,NY,14166,5,10,10,7426018,3.2,B,79,Referral Network,Independent,2026-09-29T22:38:23Z
CREAM-20260929-00642,Gregory Walker,Gregory Walker,Gregory,Walker,gregoryw@gmail.com,(714) 569-3930,Berkshire Hathaway,Berkshire Hathaway,Fort Collins,Fort Collins,CO,81457,4,23,23,14712796,3.5,B,62,Referral Network,Enterprise (200+ agents),2026-09-29T06:45:15Z
CREAM-20260929-00643,Danielle Gutierrez,Danielle Gutierrez,Danielle,Gutierrez,dgutierrez@kellerwilliams.com,(310) 511-7998,Keller Williams,Keller Williams,Lakewood,Lakewood,CO,81346,7,39,39,15672552,3.3,B,95,Website Lead,Large (51-200 agents),2026-09-29T22:19:45Z
CREAM-20260929-00644,Christopher Rivera,Christopher Rivera,Christopher,Rivera,christopherrivera@yahoo.com,(415) 394-8395,RE/MAX,RE/MAX,Tempe,Tempe,AZ,86616,4,13,13,4207709,5.0,B,72,Brokerage Listings,Enterprise (200+ agents),2026-09-29T03:27:08Z
CREAM-20260929-00645,George Lopez,George Lopez,George,Lopez,glopez@hotmail.com,(513) 888-6962,Halstead,Halstead,Syracuse,Syracuse,NY,10853,1,6,6,4023704,3.5,B,73,Website Lead,Independent,2026-09-29T14:30:43Z
CREAM-20260929-00646,James Murphy,James Murphy,James,Murphy,james_murphy@yahoo.com,(334) 810-3457,Compass,Compass,Syracuse,Syracuse,NY,13452,3,22,22,16594847,3.6,B,81,LinkedIn,Enterprise (200+ agents),2026-09-29T05:26:51Z
CREAM-20260929-00647,Brandon Sanchez,Brandon Sanchez,Brandon,Sanchez,brandons@yahoo.com,(805) 507-4795,Compass,Compass,Bakersfield,Bakersfield,CA,90256,3,11,11,10597759,3.7,B,100,NAR Directory,Large (51-200 agents),2026-09-29T18:02:39Z
CREAM-20260929-00648,Carol Ramirez,Carol Ramirez,Carol,Ramirez,carolramirez@hotmail.com,(256) 673-7604,Douglas Elliman,Douglas Elliman,Irving,Irving,TX,79553,0,2,2,643139,4.6,B,92,MLS Database,Mid-size (11-50 agents),2026-09-29T00:41:28Z
CREAM-20260929-00649,Jack Patel,Jack Patel,Jack,Patel,jpatel@yahoo.com,(334) 979-2780,Compass,Compass,Yonkers,Yonkers,NY,10462,23,48,48,29570316,4.1,B,75,Referral Network,Enterprise (200+ agents),2026-09-29T20:11:28Z
CREAM-20260929-00650,Alan Gonzalez,Alan Gonzalez,Alan,Gonzalez,alan_gonzalez@gmail.com,(980) 333-7155,Compass,Compass,Hialeah,Hialeah,FL,33161,14,47,47,13824796,4.1,B,73,Realtor.com,Independent,2026-09-29T03:20:40Z
CREAM-20260929-00651,Aaron Martinez,Aaron Martinez,Aaron,Martinez,aaronm@brownharrisstevens.com,(305) 388-6783,Brown Harris Stevens,Brown Harris Stevens,Buffalo,Buffalo,NY,14957,3,16,16,11975162,3.4,B,98,Referral Network,Enterprise (200+ agents),2026-09-29T23:38:54Z
CREAM-20260929-00652,Rose Ramos,Rose Ramos,Rose,Ramos,rose.ramos@gmail.com,(256) 797-4951,Douglas Elliman,Douglas Elliman,Hollywood,Hollywood,FL,33584,22,65,65,21244854,4.1,B,63,Realtor.com,Large (51-200 agents),2026-09-29T15:01:32Z
CREAM-20260929-00653,Michelle Allen,Michelle Allen,Michelle,Allen,mallen@icloud.com,(214) 234-5864,Berkshire Hathaway,Berkshire Hathaway,Dayton,Dayton,OH,45535,0,4,4,1268988,3.7,B,100,Facebook,Independent,2026-09-29T19:19:26Z
CREAM-20260929-00654,Timothy Mitchell,Timothy Mitchell,Timothy,Mitchell,timothy.mitchell@aol.com,(407) 861-6644,Keller Williams,Keller Williams,Irving,Irving,TX,76788,0,3,3,1116099,4.4,B,67,LinkedIn,Mid-size (11-50 agents),2026-09-29T05:45:29Z
CREAM-20260929-00655,Patrick Brown,Patrick Brown,Patrick,Brown,patrickbrown@hotmail.com,(256) 370-9573,eXp Realty,eXp Realty,Arvada,Arvada,CO,81207,13,32,32,16309356,3.2,B,83,Referral Network,Independent,2026-09-29T03:37:06Z
CREAM-20260929-00656,Ashley Bailey,Ashley Bailey,Ashley,Bailey,ashley_bailey@me.com,(469) 711-5494,Halstead,Halstead,New Rochelle,New Rochelle,NY,14458,3,10,10,6972085,4.3,B,73,Facebook,Independent,2026-09-29T19:46:51Z
CREAM-20260929-00657,Rachel Perry,Rachel Perry,Rachel,Perry,rachel.perry@aol.com,(513) 246-8674,Compass,Compass,Thornton,Thornton,CO,80259,10,63,63,34742870,4.5,B,99,LinkedIn,Enterprise (200+ agents),2026-09-29T09:03:55Z
CREAM-20260929-00658,James Martinez,James Martinez,James,Martinez,jmartinez@aol.com,(256) 231-9566,Berkshire Hathaway,Berkshire Hathaway,Cary,Cary,NC,27762,4,9,9,2752056,3.3,B,71,Website Lead,Enterprise (200+ agents),2026-09-29T11:06:32Z
CREAM-20260929-00659,Donna Murphy,Donna Murphy,Donna,Murphy,donna_murphy@outlook.com,(415) 379-4731,Sotheby's International,Sotheby's International,Bakersfield,Bakersfield,CA,91517,20,69,69,61091527,3.3,B,95,Referral Network,Boutique (2-10 agents),2026-09-29T01:37:09Z
CREAM-20260929-00660,Rebecca Alexander,Rebecca Alexander,Rebecca,Alexander,rebeccaalexander@aol.com,(929) 314-8591,Coldwell Banker,Coldwell Banker,Port St. Lucie,Port St. Lucie,FL,32198,5,8,8,4213530,4.7,B,68,Brokerage Listings,Enterprise (200+ agents),2026-09-29T12:41:52Z
CREAM-20260929-00661,Eric Hill,Eric Hill,Eric,Hill,ehill@kellerwilliams.com,(303) 805-7797,Keller Williams,Keller Williams,Syracuse,Syracuse,NY,14204,24,71,71,34104437,4.0,B,65,Trade Show,Independent,2026-09-29T02:42:11Z
CREAM-20260929-00662,Janet Perry,Janet Perry,Janet,Perry,janetp@berkshirehathaway.com,(512) 309-1918,Berkshire Hathaway,Berkshire Hathaway,Tempe,Tempe,AZ,85729,1,12,12,5648441,3.2,B,78,MLS Database,Boutique (2-10 agents),2026-09-29T13:47:19Z
CREAM-20260929-00663,Carol Wilson,Carol Wilson,Carol,Wilson,carol.wilson@outlook.com,(512) 519-3436,Howard Hanna,Howard Hanna,Winston-Salem,Winston-Salem,NC,28323,18,43,43,15459715,4.8,B,63,Cold Outreach,Mid-size (11-50 agents),2026-09-29T06:12:58Z
CREAM-20260929-00664,Ashley Gonzalez,Ashley Gonzalez,Ashley,Gonzalez,agonzalez@exprealty.com,(786) 980-6692,eXp Realty,eXp Realty,Dayton,Dayton,OH,43856,3,20,20,5131100,4.1,B,96,Brokerage Listings,Independent,2026-09-29T20:13:35Z
CREAM-20260929-00665,Nancy Jenkins,Nancy Jenkins,Nancy,Jenkins,nancy_jenkins@icloud.com,(513) 928-8292,Sotheby's International,Sotheby's International,Stockton,Stockton,CA,93852,4,25,25,22895968,3.4,B,62,Realtor.com,Mid-size (11-50 agents),2026-09-29T14:12:39Z
CREAM-20260929-00666,Ruth Patel,Ruth Patel,Ruth,Patel,ruthpatel@hotmail.com,(602) 425-4381,HomeSmart,HomeSmart,Glendale,Glendale,AZ,86394,18,36,36,18128277,3.5,B,67,Cold Outreach,Enterprise (200+ agents),2026-09-29T06:21:49Z
CREAM-20260929-00667,Juan Green,Juan Green,Juan,Green,jgreen@sothebysinternational.com,(334) 702-6504,Sotheby's International,Sotheby's International,Santa Ana,Santa Ana,CA,90918,9,31,31,33781352,5.0,B,77,MLS Database,Enterprise (200+ agents),2026-09-29T11:08:00Z
CREAM-20260929-00668,Danielle Gonzalez,Danielle Gonzalez,Danielle,Gonzalez,danielle_gonzalez@aol.com,(916) 962-1093,HomeSmart,HomeSmart,Glendale,Glendale,AZ,85886,12,77,77,23904302,3.5,B,93,Realtor.com,Mid-size (11-50 agents),2026-09-29T18:00:48Z
CREAM-20260929-00669,Edward Hughes,Edward Hughes,Edward,Hughes,edwardh@coldwellbanker.com,(407) 267-1244,Coldwell Banker,Coldwell Banker,Garland,Garland,TX,76752,17,59,59,21579429,3.8,B,81,Facebook,Boutique (2-10 agents),2026-09-29T18:27:54Z
CREAM-20260929-00670,Joshua Gray,Joshua Gray,Joshua,Gray,joshua.gray@gmail.com,(234) 564-9458,Russell Lyon Sotheby's,Russell Lyon Sotheby's,Chandler,Chandler,AZ,86887,16,38,38,15662913,3.9,B,93,Cold Outreach,Boutique (2-10 agents),2026-09-29T06:10:48Z
CREAM-20260929-00671,Jacob Flores,Jacob Flores,Jacob,Flores,jacob_flores@yahoo.com,(646) 404-3597,Pacific Sotheby's,Pacific Sotheby's,Fresno,Fresno,CA,93986,12,72,72,75375143,5.0,B,74,NAR Directory,Large (51-200 agents),2026-09-29T02:47:36Z
CREAM-20260929-00672,Samantha Garcia,Samantha Garcia,Samantha,Garcia,sgarcia@me.com,(334) 310-3761,Coldwell Banker,Coldwell Banker,Lakewood,Lakewood,CO,80422,19,28,28,13785315,4.5,B,94,Referral Network,Independent,2026-09-29T22:46:54Z
CREAM-20260929-00673,Michael Ramirez,Michael Ramirez,Michael,Ramirez,michael.ramirez@kellerwilliamsrealty.com,(334) 207-8301,Keller Williams Realty,Keller Williams Realty,Port St. Lucie,Port St. Lucie,FL,33187,10,57,57,22733566,4.6,B,63,LinkedIn,Boutique (2-10 agents),2026-09-29T20:51:24Z
CREAM-20260929-00674,Angela Hernandez,Angela Hernandez,Angela,Hernandez,angela_hernandez@icloud.com,(614) 589-4015,Compass,Compass,Fayetteville,Fayetteville,NC,27361,13,27,27,7009353,4.4,B,100,Brokerage Listings,Mid-size (11-50 agents),2026-09-29T03:05:46Z
CREAM-20260929-00675,Gary Robinson,Gary Robinson,Gary,Robinson,gary.robinson@briggsfreemansothebys.com,(407) 908-4323,Briggs Freeman Sotheby's,Briggs Freeman Sotheby's,Amarillo,Amarillo,TX,77438,10,79,79,21091416,3.9,B,66,Trade Show,Enterprise (200+ agents),2026-09-29T03:49:20Z
CREAM-20260929-00676,Brenda Howard,Brenda Howard,Brenda,Howard,brendah@kellerwilliams.com,(469) 435-3527,Keller Williams,Keller Williams,Fayetteville,Fayetteville,NC,27785,6,17,17,4990373,4.4,B,96,Referral Network,Mid-size (11-50 agents),2026-09-29T06:28:48Z
CREAM-20260929-00677,Emily Hill,Emily Hill,Emily,Hill,emily.hill@icloud.com,(980) 316-7464,Berkshire Hathaway,Berkshire Hathaway,Cary,Cary,NC,28602,12,39,39,9678589,3.9,B,85,Realtor.com,Large (51-200 agents),2026-09-29T12:49:48Z
CREAM-20260929-00678,Patricia Brown,Patricia Brown,Patricia,Brown,patriciab@exprealty.com,(980) 562-7532,eXp Realty,eXp Realty,Port St. Lucie,Port St. Lucie,FL,33100,20,49,49,24671366,4.0,B,75,Website Lead,Independent,2026-09-29T09:52:31Z
CREAM-20260929-00679,Grace Hill,Grace Hill,Grace,Hill,graceh@gmail.com,(713) 272-1978,Compass,Compass,Winston-Salem,Winston-Salem,NC,27866,0,1,1,320902,3.2,B,85,MLS Database,Large (51-200 agents),2026-09-29T12:12:45Z
CREAM-20260929-00680,Anna Morgan,Anna Morgan,Anna,Morgan,anna_morgan@icloud.com,(786) 983-6362,Century 21,Century 21,Hollywood,Hollywood,FL,32192,1,9,9,3707933,4.4,B,94,Website Lead,Mid-size (11-50 agents),2026-09-29T09:47:27Z
CREAM-20260929-00681,Anna Rogers,Anna Rogers,Anna,Rogers,annar@re/max.com,(980) 738-6400,RE/MAX,RE/MAX,Amarillo,Amarillo,TX,75155,17,67,67,23568325,3.5,B,64,MLS Database,Independent,2026-09-29T18:44:33Z
CREAM-20260929-00682,Lawrence Nguyen,Lawrence Nguyen,Lawrence,Nguyen,lawrence.nguyen@yahoo.com,(512) 566-8785,Long Realty,Long Realty,Chandler,Chandler,AZ,86143,2,6,6,3019049,4.0,B,91,NAR Directory,Enterprise (200+ agents),2026-09-29T01:32:20Z
CREAM-20260929-00683,Susan Rogers,Susan Rogers,Susan,Rogers,srogers@icloud.com,(718) 893-4597,eXp Realty,eXp Realty,Toledo,Toledo,OH,43198,0,2,2,592343,3.2,B,81,Referral Network,Boutique (2-10 agents),2026-09-29T04:35:47Z
CREAM-20260929-00684,Frank Jackson,Frank Jackson,Frank,Jackson,fjackson@yahoo.com,(512) 484-2987,eXp Realty,eXp Realty,Glendale,Glendale,AZ,85732,5,11,11,4414043,4.5,B,92,Referral Network,Independent,2026-09-29T08:06:39Z
CREAM-20260929-00685,Albert Lee,Albert Lee,Albert,Lee,albertl@berkshirehathaway.com,(972) 992-2978,Berkshire Hathaway,Berkshire Hathaway,Akron,Akron,OH,43258,3,11,11,2957061,4.2,B,77,Website Lead,Large (51-200 agents),2026-09-29T17:19:03Z
CREAM-20260929-00686,Ronald Hernandez,Ronald Hernandez,Ronald,Hernandez,rhernandez@8zrealestate.com,(602) 639-4848,8z Real Estate,8z Real Estate,Lakewood,Lakewood,CO,81114,21,48,48,25369673,4.2,B,73,LinkedIn,Independent,2026-09-29T21:38:17Z
CREAM-20260929-00687,Eric Lopez,Eric Lopez,Eric,Lopez,ericlopez@outlook.com,(512) 417-9714,Coldwell Banker,Coldwell Banker,Cary,Cary,NC,28587,21,37,37,13625399,4.9,B,82,Realtor.com,Boutique (2-10 agents),2026-09-29T11:01:41Z
CREAM-20260929-00688,Gary Hill,Gary Hill,Gary,Hill,gary.hill@brownharrisstevens.com,(512) 905-9792,Brown Harris Stevens,Brown Harris Stevens,Yonkers,Yonkers,NY,11453,8,37,37,20321753,3.6,B,70,Realtor.com,Boutique (2-10 agents),2026-09-29T12:09:12Z
CREAM-20260929-00689,Keith Williams,Keith Williams,Keith,Williams,keith.williams@exprealty.com,(415) 894-1107,eXp Realty,eXp Realty,Hialeah,Hialeah,FL,32229,0,2,2,834380,3.6,B,74,Trade Show,Boutique (2-10 agents),2026-09-29T02:38:53Z
CREAM-20260929-00690,Daniel Ramos,Daniel Ramos,Daniel,Ramos,daniel.ramos@outlook.com,(404) 378-2133,8z Real Estate,8z Real Estate,Lakewood,Lakewood,CO,81706,15,36,36,18221263,3.8,B,97,Realtor.com,Large (51-200 agents),2026-09-29T09:47:39Z
CREAM-20260929-00691,Jacob Watson,Jacob Watson,Jacob,Watson,jacob.watson@me.com,(929) 972-3053,eXp Realty,eXp Realty,Akron,Akron,OH,45953,10,64,64,17822339,3.6,B,73,NAR Directory,Large (51-200 agents),2026-09-29T21:58:58Z
CREAM-20260929-00692,Donna Hill,Donna Hill,Donna,Hill,donnah@icloud.com,(234) 726-5131,Berkshire Hathaway,Berkshire Hathaway,Hialeah,Hialeah,FL,34956,5,10,10,3015953,5.0,B,79,Realtor.com,Independent,2026-09-29T11:36:28Z
CREAM-20260929-00693,Jason Collins,Jason Collins,Jason,Collins,jasonc@me.com,(513) 642-2287,Nest Seekers,Nest Seekers,New Rochelle,New Rochelle,NY,10754,0,4,4,2044508,3.0,B,60,NAR Directory,Enterprise (200+ agents),2026-09-29T13:54:02Z
CREAM-20260929-00694,Alan Alexander,Alan Alexander,Alan,Alexander,alana@icloud.com,(212) 951-2697,Compass,Compass,Cary,Cary,NC,28505,23,75,75,25461685,4.6,B,99,Brokerage Listings,Independent,2026-09-29T16:37:51Z
CREAM-20260929-00695,Raymond Perry,Raymond Perry,Raymond,Perry,raymond.perry@yahoo.com,(513) 312-5952,Century 21,Century 21,Cape Coral,Cape Coral,FL,33656,13,66,66,29690309,3.0,B,61,Brokerage Listings,Independent,2026-09-29T20:39:37Z
CREAM-20260929-00696,Robert Bennett,Robert Bennett,Robert,Bennett,robert.bennett@coldwellbanker.com,(720) 527-9939,Coldwell Banker,Coldwell Banker,Glendale,Glendale,AZ,86873,18,75,75,34061333,4.8,B,99,Cold Outreach,Large (51-200 agents),2026-09-29T08:20:01Z
CREAM-20260929-00697,Nicole Robinson,Nicole Robinson,Nicole,Robinson,nicoler@exprealty.com,(513) 900-1116,eXp Realty,eXp Realty,Dayton,Dayton,OH,43239,4,25,25,6685018,4.9,B,86,Brokerage Listings,Mid-size (11-50 agents),2026-09-29T16:49:33Z
CREAM-20260929-00698,Kimberly Alexander,Kimberly Alexander,Kimberly,Alexander,kalexander@exprealty.com,(512) 622-6878,eXp Realty,eXp Realty,Parma,Parma,OH,44969,19,70,70,17761579,4.8,B,73,Cold Outreach,Mid-size (11-50 agents),2026-09-29T15:34:14Z
CREAM-20260929-00699,Jacob Edwards,Jacob Edwards,Jacob,Edwards,jedwards@outlook.com,(714) 278-6507,eXp Realty,eXp Realty,Dayton,Dayton,OH,45292,4,15,15,4616228,5.0,B,75,NAR Directory,Large (51-200 agents),2026-09-29T04:37:33Z
CREAM-20260929-00700,Elizabeth Robinson,Elizabeth Robinson,Elizabeth,Robinson,erobinson@me.com,(646) 475-8989,Brown Harris Stevens,Brown Harris Stevens,Syracuse,Syracuse,NY,13586,18,47,47,22174994,3.7,B,64,Realtor.com,Enterprise (200+ agents),2026-09-29T06:14:55Z
CREAM-20260929-00701,Martha Cooper,Martha Cooper,Martha,Cooper,martha.cooper@exprealty.com,(718) 390-8500,eXp Realty,eXp Realty,Durham,Durham,NC,28734,0,3,3,782161,3.4,B,94,Facebook,Large (51-200 agents),2026-09-29T20:36:47Z
CREAM-20260929-00702,Keith Cox,Keith Cox,Keith,Cox,kcox@gmail.com,(714) 313-2501,HomeSmart,HomeSmart,Glendale,Glendale,AZ,86916,2,6,6,2447188,4.4,B,64,MLS Database,Enterprise (200+ agents),2026-09-29T11:47:00Z
CREAM-20260929-00703,Alexander Jackson,Alexander Jackson,Alexander,Jackson,ajackson@re/max.com,(704) 324-2698,RE/MAX,RE/MAX,Cary,Cary,NC,27304,3,17,17,4732200,4.6,B,77,Realtor.com,Boutique (2-10 agents),2026-09-29T10:14:42Z
CREAM-20260929-00704,Michael Price,Michael Price,Michael,Price,mprice@re/max.com,(310) 442-7553,RE/MAX,RE/MAX,Thornton,Thornton,CO,80131,4,25,25,14227659,3.1,B,79,NAR Directory,Large (51-200 agents),2026-09-29T21:10:05Z
CREAM-20260929-00705,Ashley Phillips,Ashley Phillips,Ashley,Phillips,aphillips@hotmail.com,(407) 233-1959,Long Realty,Long Realty,Gilbert,Gilbert,AZ,85506,3,18,18,7525772,4.1,B,65,Realtor.com,Mid-size (11-50 agents),2026-09-29T00:39:19Z
CREAM-20260929-00706,Andrew Campbell,Andrew Campbell,Andrew,Campbell,acampbell@me.com,(718) 945-8202,Berkshire Hathaway,Berkshire Hathaway,Hollywood,Hollywood,FL,33879,2,4,4,1631618,4.1,B,62,Trade Show,Mid-size (11-50 agents),2026-09-29T05:12:47Z
CREAM-20260929-00707,Martha Rivera,Martha Rivera,Martha,Rivera,martha.rivera@hotmail.com,(713) 438-7807,Coldwell Banker,Coldwell Banker,Parma,Parma,OH,44699,13,77,77,17036345,3.5,B,85,Cold Outreach,Mid-size (11-50 agents),2026-09-29T07:19:43Z
CREAM-20260929-00708,Emma Taylor,Emma Taylor,Emma,Taylor,etaylor@gmail.com,(972) 464-6620,Douglas Elliman,Douglas Elliman,Albany,Albany,NY,14680,2,8,8,4382237,4.6,B,96,Cold Outreach,Boutique (2-10 agents),2026-09-29T10:31:22Z
CREAM-20260929-00709,Anthony Kelly,Anthony Kelly,Anthony,Kelly,anthonykelly@gmail.com,(980) 445-2043,Sotheby's International,Sotheby's International,Riverside,Riverside,CA,96394,13,33,33,22869751,4.2,B,78,Brokerage Listings,Mid-size (11-50 agents),2026-09-29T00:42:13Z
CREAM-20260929-00710,Diane Kelly,Diane Kelly,Diane,Kelly,dianekelly@icloud.com,(334) 384-2064,Berkshire Hathaway,Berkshire Hathaway,Thornton,Thornton,CO,81734,4,14,14,7312794,4.8,B,68,Facebook,Large (51-200 agents),2026-09-29T12:39:32Z
CREAM-20260929-00711,Philip Johnson,Philip Johnson,Philip,Johnson,philip.johnson@me.com,(602) 909-8123,Compass,Compass,Arvada,Arvada,CO,80839,0,1,1,427766,3.0,B,95,Facebook,Enterprise (200+ agents),2026-09-29T05:34:42Z
CREAM-20260929-00712,Lawrence Jimenez,Lawrence Jimenez,Lawrence,Jimenez,lawrence.jimenez@huntingtonrealestate.com,(513) 468-8723,Huntington Real Estate,Huntington Real Estate,Parma,Parma,OH,44170,16,48,48,9869108,4.6,B,67,Trade Show,Boutique (2-10 agents),2026-09-29T18:14:05Z
CREAM-20260929-00713,Judith Myers,Judith Myers,Judith,Myers,judithm@me.com,(972) 403-5619,RE/MAX,RE/MAX,Glendale,Glendale,AZ,86204,3,25,25,12428272,4.1,B,85,Website Lead,Mid-size (11-50 agents),2026-09-29T04:31:05Z
CREAM-20260929-00714,Rose Foster,Rose Foster,Rose,Foster,rose_foster@icloud.com,(714) 565-2269,Keller Williams,Keller Williams,Amarillo,Amarillo,TX,79809,25,40,40,11132450,4.7,B,98,Referral Network,Mid-size (11-50 agents),2026-09-29T15:30:07Z
CREAM-20260929-00715,Brian Mendoza,Brian Mendoza,Brian,Mendoza,brian_mendoza@me.com,(980) 764-1095,Century 21,Century 21,Port St. Lucie,Port St. Lucie,FL,32801,11,54,54,19840374,3.3,B,72,Trade Show,Large (51-200 agents),2026-09-29T21:27:09Z
CREAM-20260929-00716,Melissa Davis,Melissa Davis,Melissa,Davis,melissa.davis@herrealtors.com,(256) 757-6380,HER Realtors,HER Realtors,Dayton,Dayton,OH,43488,6,26,26,4771026,5.0,B,60,Trade Show,Boutique (2-10 agents),2026-09-29T19:35:11Z
CREAM-20260929-00717,Joshua Torres,Joshua Torres,Joshua,Torres,joshua.torres@herrealtors.com,(212) 784-8417,HER Realtors,HER Realtors,Dayton,Dayton,OH,44454,16,70,70,14379724,4.6,B,94,Referral Network,Boutique (2-10 agents),2026-09-29T02:43:34Z
CREAM-20260929-00718,John Mitchell,John Mitchell,John,Mitchell,jmitchell@kellerwilliams.com,(513) 409-7341,Keller Williams,Keller Williams,Gilbert,Gilbert,AZ,86110,5,13,13,6375992,3.1,B,88,LinkedIn,Boutique (2-10 agents),2026-09-29T03:08:36Z
CREAM-20260929-00719,Alan Walker,Alan Walker,Alan,Walker,alan.walker@gmail.com,(212) 891-1461,Russell Lyon Sotheby's,Russell Lyon Sotheby's,Gilbert,Gilbert,AZ,86562,5,23,23,11203389,4.4,B,65,MLS Database,Independent,2026-09-29T23:53:54Z
CREAM-20260929-00720,Pamela Torres,Pamela Torres,Pamela,Torres,pamela_torres@yahoo.com,(234) 769-8607,Cutler Real Estate,Cutler Real Estate,Parma,Parma,OH,45462,0,3,3,818254,4.1,B,91,Realtor.com,Independent,2026-09-29T03:55:08Z
CREAM-20260929-00721,Natalie Gonzalez,Natalie Gonzalez,Natalie,Gonzalez,ngonzalez@douglaselliman.com,(310) 236-5762,Douglas Elliman,Douglas Elliman,Port St. Lucie,Port St. Lucie,FL,34735,2,4,4,1524061,3.8,B,64,NAR Directory,Independent,2026-09-29T15:30:42Z
CREAM-20260929-00722,Diane Ross,Diane Ross,Diane,Ross,dianer@re/max.com,(256) 969-2774,RE/MAX,RE/MAX,Thornton,Thornton,CO,80316,0,0,0,0,4.2,B,82,Trade Show,Enterprise (200+ agents),2026-09-29T13:35:02Z
CREAM-20260929-00723,Nancy Perez,Nancy Perez,Nancy,Perez,nperez@hotmail.com,(512) 604-2336,Compass,Compass,Fort Collins,Fort Collins,CO,81534,5,15,15,7192027,4.4,B,80,LinkedIn,Large (51-200 agents),2026-09-29T10:21:00Z
CREAM-20260929-00724,Grace Anderson,Grace Anderson,Grace,Anderson,grace.anderson@century21.com,(602) 245-4578,Century 21,Century 21,Port St. Lucie,Port St. Lucie,FL,32396,0,0,0,0,4.9,B,96,NAR Directory,Independent,2026-09-29T08:59:53Z
CREAM-20260929-00725,John Mendoza,John Mendoza,John,Mendoza,johnmendoza@hotmail.com,(720) 984-2119,Sotheby's International,Sotheby's International,Anaheim,Anaheim,CA,93992,3,10,10,9893257,4.1,B,82,Realtor.com,Boutique (2-10 agents),2026-09-29T02:10:01Z
CREAM-20260929-00726,Walter Hernandez,Walter Hernandez,Walter,Hernandez,walterhernandez@hotmail.com,(234) 572-3310,Keller Williams Realty,Keller Williams Realty,Stockton,Stockton,CA,95480,7,38,38,37884083,4.6,B,83,Referral Network,Boutique (2-10 agents),2026-09-29T01:45:25Z
CREAM-20260929-00727,Amy Miller,Amy Miller,Amy,Miller,amymiller@hotmail.com,(512) 433-7454,Howard Hanna,Howard Hanna,Winston-Salem,Winston-Salem,NC,28978,20,55,55,14202435,3.7,B,77,NAR Directory,Mid-size (11-50 agents),2026-09-29T04:57:19Z
CREAM-20260929-00728,Frank Parker,Frank Parker,Frank,Parker,frankp@hotmail.com,(720) 305-5661,Berkshire Hathaway,Berkshire Hathaway,Corpus Christi,Corpus Christi,TX,79883,1,9,9,3834139,3.8,B,77,Brokerage Listings,Mid-size (11-50 agents),2026-09-29T15:23:33Z
CREAM-20260929-00729,Melissa Rodriguez,Melissa Rodriguez,Melissa,Rodriguez,melissarodriguez@gmail.com,(614) 484-5937,Briggs Freeman Sotheby's,Briggs Freeman Sotheby's,Amarillo,Amarillo,TX,79567,4,11,11,2880731,4.0,B,98,Realtor.com,Enterprise (200+ agents),2026-09-29T12:10:44Z
CREAM-20260929-00730,Amy Campbell,Amy Campbell,Amy,Campbell,acampbell@hotmail.com,(972) 576-9299,Coldwell Banker,Coldwell Banker,Glendale,Glendale,AZ,86753,6,32,32,9196694,4.4,B,89,Cold Outreach,Boutique (2-10 agents),2026-09-29T00:03:27Z
CREAM-20260929-00731,Steven Williams,Steven Williams,Steven,Williams,steven.williams@gmail.com,(919) 840-7490,Berkshire Hathaway,Berkshire Hathaway,Akron,Akron,OH,45792,14,38,38,6732508,4.6,B,74,Brokerage Listings,Mid-size (11-50 agents),2026-09-29T10:53:30Z
CREAM-20260929-00732,Mark Hernandez,Mark Hernandez,Mark,Hernandez,mark.hernandez@nestseekers.com,(972) 896-6159,Nest Seekers,Nest Seekers,Buffalo,Buffalo,NY,14763,5,25,25,15595545,4.8,B,94,Facebook,Large (51-200 agents),2026-09-29T08:15:54Z
CREAM-20260929-00733,Juan Gutierrez,Juan Gutierrez,Juan,Gutierrez,juang@outlook.com,(415) 252-1824,Berkshire Hathaway,Berkshire Hathaway,Glendale,Glendale,AZ,85431,19,56,56,27256895,3.2,B,92,MLS Database,Boutique (2-10 agents),2026-09-29T11:24:31Z
CREAM-20260929-00734,Jacqueline Ward,Jacqueline Ward,Jacqueline,Ward,jacqueline.ward@aol.com,(720) 680-5023,Berkshire Hathaway,Berkshire Hathaway,Parma,Parma,OH,43833,19,74,74,13856347,4.8,B,77,LinkedIn,Large (51-200 agents),2026-09-29T04:32:54Z
CREAM-20260929-00735,Lawrence Kelly,Lawrence Kelly,Lawrence,Kelly,lawrence.kelly@homesmart.com,(303) 764-5005,HomeSmart,HomeSmart,Chandler,Chandler,AZ,86910,13,69,69,26216386,4.6,B,79,Trade Show,Enterprise (200+ agents),2026-09-29T09:33:26Z
CREAM-20260929-00736,David Morales,David Morales,David,Morales,david.morales@exprealty.com,(234) 932-1847,eXp Realty,eXp Realty,Lubbock,Lubbock,TX,79516,5,17,17,5911572,3.8,B,63,Website Lead,Boutique (2-10 agents),2026-09-29T21:05:33Z
CREAM-20260929-00737,Lisa Nelson,Lisa Nelson,Lisa,Nelson,lnelson@aol.com,(916) 420-2993,Halstead,Halstead,Buffalo,Buffalo,NY,12229,1,5,5,3044491,3.8,B,68,Cold Outreach,Large (51-200 agents),2026-09-29T20:35:19Z
CREAM-20260929-00738,Andrew Wright,Andrew Wright,Andrew,Wright,awright@kellerwilliams.com,(614) 206-5059,Keller Williams,Keller Williams,Buffalo,Buffalo,NY,12919,8,28,28,15517847,4.7,B,69,Realtor.com,Boutique (2-10 agents),2026-09-29T07:42:10Z
CREAM-20260929-00739,Patrick Lopez,Patrick Lopez,Patrick,Lopez,patrick.lopez@hotmail.com,(512) 524-3612,RE/MAX,RE/MAX,Santa Ana,Santa Ana,CA,95823,18,35,35,26536415,4.4,B,81,Facebook,Mid-size (11-50 agents),2026-09-29T07:03:46Z
CREAM-20260929-00740,Joshua Jenkins,Joshua Jenkins,Joshua,Jenkins,joshua.jenkins@longrealty.com,(786) 897-7902,Long Realty,Long Realty,Glendale,Glendale,AZ,86481,20,66,66,34877573,4.8,B,62,NAR Directory,Mid-size (11-50 agents),2026-09-29T11:17:54Z
CREAM-20260929-00741,Ralph Castillo,Ralph Castillo,Ralph,Castillo,rcastillo@gmail.com,(980) 311-1126,Russell Lyon Sotheby's,Russell Lyon Sotheby's,Gilbert,Gilbert,AZ,85614,3,9,9,3074995,3.6,B,77,Referral Network,Boutique (2-10 agents),2026-09-29T11:42:58Z
CREAM-20260929-00742,Dorothy Allen,Dorothy Allen,Dorothy,Allen,dorothya@gmail.com,(720) 497-4210,Halstead,Halstead,Rochester,Rochester,NY,14424,10,41,41,26657584,4.8,B,69,Brokerage Listings,Mid-size (11-50 agents),2026-09-29T08:23:58Z
CREAM-20260929-00743,Alexander Moore,Alexander Moore,Alexander,Moore,alexandermoore@gmail.com,(334) 352-4918,Coldwell Banker,Coldwell Banker,Tallahassee,Tallahassee,FL,32726,1,12,12,4765525,4.3,B,77,Cold Outreach,Boutique (2-10 agents),2026-09-29T10:54:01Z
CREAM-20260929-00744,Carl Johnson,Carl Johnson,Carl,Johnson,carl_johnson@gmail.com,(919) 673-6507,Long Realty,Long Realty,Glendale,Glendale,AZ,85848,12,41,41,17868063,3.1,B,94,Brokerage Listings,Mid-size (11-50 agents),2026-09-29T16:43:36Z
CREAM-20260929-00745,Katherine Taylor,Katherine Taylor,Katherine,Taylor,katherinet@coldwellbanker.com,(720) 934-5342,Coldwell Banker,Coldwell Banker,Fayetteville,Fayetteville,NC,27640,20,61,61,16274397,4.1,B,84,Referral Network,Boutique (2-10 agents),2026-09-29T01:29:23Z
CREAM-20260929-00746,Paul Hughes,Paul Hughes,Paul,Hughes,phughes@hotmail.com,(212) 261-5849,HomeSmart,HomeSmart,Chandler,Chandler,AZ,85918,2,12,12,5629241,3.3,B,75,Brokerage Listings,Enterprise (200+ agents),2026-09-29T18:46:29Z
CREAM-20260929-00747,Daniel Morales,Daniel Morales,Daniel,Morales,danielmorales@gmail.com,(305) 237-9502,RE/MAX,RE/MAX,Irving,Irving,TX,76755,17,43,43,15988426,4.6,B,75,Referral Network,Enterprise (200+ agents),2026-09-29T07:29:11Z
CREAM-20260929-00748,Jonathan Wright,Jonathan Wright,Jonathan,Wright,jonathan_wright@yahoo.com,(310) 353-9861,Compass,Compass,Cary,Cary,NC,27178,25,51,51,22543559,4.0,B,83,Trade Show,Enterprise (200+ agents),2026-09-29T07:29:38Z
CREAM-20260929-00749,Edward Nelson,Edward Nelson,Edward,Nelson,edwardnelson@yahoo.com,(718) 691-8640,Compass,Compass,Chula Vista,Chula Vista,CA,91550,16,41,41,38123162,4.3,B,79,Facebook,Large (51-200 agents),2026-09-29T17:39:29Z
CREAM-20260929-00750,Ashley Jenkins,Ashley Jenkins,Ashley,Jenkins,ashleyj@coldwellbanker.com,(714) 878-8012,Coldwell Banker,Coldwell Banker,Chandler,Chandler,AZ,85925,5,16,16,7219778,3.7,B,92,Realtor.com,Large (51-200 agents),2026-09-29T08:03:29Z
CREAM-20260929-00751,Jeffrey Garcia,Jeffrey Garcia,Jeffrey,Garcia,jeffreyg@hotmail.com,(310) 592-2785,HER Realtors,HER Realtors,Hamilton,Hamilton,OH,45276,23,56,56,9922905,3.9,C,60,Referral Network,Enterprise (200+ agents),2026-09-29T19:20:11Z
CREAM-20260929-00752,Olivia Gutierrez,Olivia Gutierrez,Olivia,Gutierrez,oliviag@gmail.com,(212) 344-9478,Century 21,Century 21,Miramar,Miramar,FL,34116,1,11,11,4827731,3.3,C,94,LinkedIn,Independent,2026-09-29T08:45:04Z
CREAM-20260929-00753,Lisa King,Lisa King,Lisa,King,lisak@century21.com,(704) 671-7233,Century 21,Century 21,Miramar,Miramar,FL,32340,25,47,47,19037503,4.9,C,90,LinkedIn,Mid-size (11-50 agents),2026-09-29T10:22:03Z
CREAM-20260929-00754,Samantha Williams,Samantha Williams,Samantha,Williams,samantha.williams@icloud.com,(646) 782-3111,Coldwell Banker,Coldwell Banker,Coral Springs,Coral Springs,FL,34876,4,23,23,6770186,3.7,C,75,Facebook,Large (51-200 agents),2026-09-29T20:16:22Z
CREAM-20260929-00755,Eugene Rivera,Eugene Rivera,Eugene,Rivera,eugener@gmail.com,(407) 630-6260,RE/MAX,RE/MAX,Greenville,Greenville,NC,27563,3,12,12,2984097,4.3,C,64,Brokerage Listings,Independent,2026-09-29T13:38:41Z
CREAM-20260929-00756,Kenneth Mitchell,Kenneth Mitchell,Kenneth,Mitchell,kmitchell@outlook.com,(404) 773-8102,Keller Williams,Keller Williams,Pasadena,Pasadena,TX,75400,17,71,71,19149908,3.6,C,96,Referral Network,Enterprise (200+ agents),2026-09-29T20:36:59Z
CREAM-20260929-00757,Amber White,Amber White,Amber,White,amberwhite@gmail.com,(234) 412-4193,RE/MAX,RE/MAX,Wilmington,Wilmington,NC,27554,6,24,24,6843373,4.1,C,80,NAR Directory,Enterprise (200+ agents),2026-09-29T01:40:16Z
CREAM-20260929-00758,Joshua King,Joshua King,Joshua,King,joshua.king@aol.com,(310) 898-4972,eXp Realty,eXp Realty,McAllen,McAllen,TX,77614,4,22,22,7727737,3.9,C,62,NAR Directory,Boutique (2-10 agents),2026-09-29T21:47:43Z
CREAM-20260929-00759,Peter Gonzalez,Peter Gonzalez,Peter,Gonzalez,peterg@nestseekers.com,(404) 319-6732,Nest Seekers,Nest Seekers,Mount Vernon,Mount Vernon,NY,11492,4,13,13,8506109,3.2,C,60,Cold Outreach,Independent,2026-09-29T06:50:32Z
CREAM-20260929-00760,Brenda Rivera,Brenda Rivera,Brenda,Rivera,brendar@aol.com,(415) 552-2038,RE/MAX,RE/MAX,Huntington Beach,Huntington Beach,CA,90480,16,70,70,64832582,3.4,C,95,Trade Show,Enterprise (200+ agents),2026-09-29T13:52:48Z
CREAM-20260929-00761,Alan Richardson,Alan Richardson,Alan,Richardson,alanrichardson@me.com,(929) 679-3425,RE/MAX,RE/MAX,Wilmington,Wilmington,NC,27510,17,44,44,16684194,4.6,C,95,Website Lead,Independent,2026-09-29T05:48:38Z
CREAM-20260929-00762,Justin Taylor,Justin Taylor,Justin,Taylor,justin.taylor@berkshirehathaway.com,(718) 676-7908,Berkshire Hathaway,Berkshire Hathaway,Wilmington,Wilmington,NC,28362,0,2,2,665141,3.5,C,97,LinkedIn,Independent,2026-09-29T06:46:23Z
CREAM-20260929-00763,Ronald Russell,Ronald Russell,Ronald,Russell,ronald.russell@aol.com,(407) 789-2514,Pacific Sotheby's,Pacific Sotheby's,Fremont,Fremont,CA,95903,3,20,20,19478241,3.4,C,69,MLS Database,Enterprise (200+ agents),2026-09-29T02:09:17Z
CREAM-20260929-00764,Carolyn Evans,Carolyn Evans,Carolyn,Evans,cevans@hotmail.com,(334) 744-5736,Keller Williams,Keller Williams,McAllen,McAllen,TX,75660,9,32,32,14068831,3.0,C,71,Brokerage Listings,Mid-size (11-50 agents),2026-09-29T21:38:35Z
CREAM-20260929-00765,James Williams,James Williams,James,Williams,james.williams@compass.com,(713) 480-2547,Compass,Compass,High Point,High Point,NC,28606,8,21,21,9119365,3.7,C,96,Trade Show,Independent,2026-09-29T21:19:58Z
CREAM-20260929-00766,Steven Murphy,Steven Murphy,Steven,Murphy,smurphy@gmail.com,(713) 791-2665,RE/MAX,RE/MAX,Fontana,Fontana,CA,93619,16,40,40,27299625,3.4,C,89,Realtor.com,Mid-size (11-50 agents),2026-09-29T11:21:35Z
CREAM-20260929-00767,Anthony Jackson,Anthony Jackson,Anthony,Jackson,anthony.jackson@me.com,(512) 799-1709,Keller Williams,Keller Williams,Yuma,Yuma,AZ,85977,7,35,35,17716919,3.7,C,65,Realtor.com,Independent,2026-09-29T17:07:29Z
CREAM-20260929-00768,Ashley Adams,Ashley Adams,Ashley,Adams,ashleyadams@outlook.com,(720) 399-4070,RE/MAX,RE/MAX,Avondale,Avondale,AZ,86443,25,32,32,11179469,3.9,C,81,Realtor.com,Boutique (2-10 agents),2026-09-29T19:47:18Z
CREAM-20260929-00769,Sharon Morris,Sharon Morris,Sharon,Morris,sharonm@kellerwilliams.com,(805) 968-6520,Keller Williams,Keller Williams,Greenville,Greenville,NC,28639,17,72,72,18072149,4.0,C,81,Realtor.com,Boutique (2-10 agents),2026-09-29T18:42:22Z
CREAM-20260929-00770,Debra Lopez,Debra Lopez,Debra,Lopez,debra.lopez@yahoo.com,(212) 393-4916,Halstead,Halstead,White Plains,White Plains,NY,10209,3,13,13,7246053,3.1,C,91,NAR Directory,Independent,2026-09-29T13:47:44Z
CREAM-20260929-00771,Ruth Young,Ruth Young,Ruth,Young,ryoung@me.com,(512) 540-6485,Coldwell Banker,Coldwell Banker,Huntington Beach,Huntington Beach,CA,96213,0,1,1,799163,3.8,C,77,Website Lead,Enterprise (200+ agents),2026-09-29T00:38:52Z
CREAM-20260929-00772,Christopher Roberts,Christopher Roberts,Christopher,Roberts,croberts@yahoo.com,(415) 598-3233,HER Realtors,HER Realtors,Lorain,Lorain,OH,44186,4,14,14,4338869,4.5,C,86,MLS Database,Mid-size (11-50 agents),2026-09-29T03:18:39Z
CREAM-20260929-00773,Kevin Collins,Kevin Collins,Kevin,Collins,kevinc@yahoo.com,(646) 292-1128,Berkshire Hathaway,Berkshire Hathaway,Centennial,Centennial,CO,81833,18,68,68,45552433,4.3,C,89,Trade Show,Independent,2026-09-29T16:07:42Z
CREAM-20260929-00774,Gary Ward,Gary Ward,Gary,Ward,garyward@outlook.com,(713) 621-5377,Douglas Elliman,Douglas Elliman,Coral Springs,Coral Springs,FL,33141,5,16,16,5251957,4.5,C,76,NAR Directory,Boutique (2-10 agents),2026-09-29T03:32:47Z
CREAM-20260929-00775,Kimberly Kim,Kimberly Kim,Kimberly,Kim,kkim@re/max.com,(704) 269-2726,RE/MAX,RE/MAX,Fontana,Fontana,CA,94572,4,16,16,9894684,3.7,C,87,Trade Show,Enterprise (200+ agents),2026-09-29T03:03:06Z
CREAM-20260929-00776,Larry Hughes,Larry Hughes,Larry,Hughes,larry_hughes@outlook.com,(614) 433-8451,Howard Hanna,Howard Hanna,Greenville,Greenville,NC,28751,3,11,11,2774017,4.3,C,82,LinkedIn,Mid-size (11-50 agents),2026-09-29T22:54:59Z
CREAM-20260929-00777,Nancy Thomas,Nancy Thomas,Nancy,Thomas,nancy_thomas@me.com,(786) 718-1910,Berkshire Hathaway HomeServices,Berkshire Hathaway HomeServices,Modesto,Modesto,CA,96651,8,31,31,24767385,4.9,C,80,NAR Directory,Mid-size (11-50 agents),2026-09-29T10:18:35Z
CREAM-20260929-00778,Jennifer Harris,Jennifer Harris,Jennifer,Harris,jenniferharris@outlook.com,(714) 814-7641,Coldwell Banker,Coldwell Banker,Huntington Beach,Huntington Beach,CA,96473,1,5,5,3380759,3.4,C,90,Facebook,Enterprise (200+ agents),2026-09-29T15:06:30Z
CREAM-20260929-00779,Jack Gonzalez,Jack Gonzalez,Jack,Gonzalez,jgonzalez@exprealty.com,(513) 590-1035,eXp Realty,eXp Realty,Greenville,Greenville,NC,27928,16,66,66,27581050,4.3,C,76,Trade Show,Enterprise (200+ agents),2026-09-29T14:58:43Z
CREAM-20260929-00780,Arthur Perry,Arthur Perry,Arthur,Perry,arthurperry@icloud.com,(415) 632-1494,Nest Seekers,Nest Seekers,Utica,Utica,NY,11878,2,5,5,3399481,3.6,C,96,Referral Network,Boutique (2-10 agents),2026-09-29T01:22:09Z
CREAM-20260929-00781,Gloria Diaz,Gloria Diaz,Gloria,Diaz,gloria.diaz@yahoo.com,(916) 322-1202,Berkshire Hathaway HomeServices,Berkshire Hathaway HomeServices,Fontana,Fontana,CA,95128,4,13,13,9184685,3.2,C,63,Realtor.com,Enterprise (200+ agents),2026-09-29T15:05:28Z
CREAM-20260929-00782,Tyler Thompson,Tyler Thompson,Tyler,Thompson,tyler_thompson@me.com,(469) 390-3963,Nest Seekers,Nest Seekers,Schenectady,Schenectady,NY,13737,5,10,10,8126333,4.8,C,71,Facebook,Boutique (2-10 agents),2026-09-29T05:34:02Z
CREAM-20260929-00783,Timothy Ramos,Timothy Ramos,Timothy,Ramos,timothyr@yahoo.com,(786) 682-4857,Keller Williams,Keller Williams,Avondale,Avondale,AZ,86388,0,3,3,986504,4.6,C,75,Facebook,Independent,2026-09-29T21:54:12Z
CREAM-20260929-00784,Michael Murphy,Michael Murphy,Michael,Murphy,mmurphy@gmail.com,(256) 310-5975,eXp Realty,eXp Realty,Irvine,Irvine,CA,92593,23,40,40,41939165,3.2,C,61,MLS Database,Boutique (2-10 agents),2026-09-29T19:11:44Z
CREAM-20260929-00785,Louis Cruz,Louis Cruz,Louis,Cruz,lcruz@aol.com,(234) 591-4778,RE/MAX,RE/MAX,Westminster,Westminster,CO,80532,6,24,24,10156551,3.3,C,64,MLS Database,Large (51-200 agents),2026-09-29T02:35:06Z
CREAM-20260929-00786,Wayne Torres,Wayne Torres,Wayne,Torres,wayne.torres@yahoo.com,(718) 231-5184,Coldwell Banker,Coldwell Banker,Westminster,Westminster,CO,81411,0,5,5,2329008,4.4,C,89,Realtor.com,Boutique (2-10 agents),2026-09-29T02:10:43Z
CREAM-20260929-00787,Natalie Thompson,Natalie Thompson,Natalie,Thompson,nataliet@kellerwilliams.com,(646) 670-9709,Keller Williams,Keller Williams,Wilmington,Wilmington,NC,27286,4,11,11,2904804,3.7,C,81,Facebook,Large (51-200 agents),2026-09-29T23:25:23Z
CREAM-20260929-00788,Tyler Collins,Tyler Collins,Tyler,Collins,tyler.collins@herrealtors.com,(786) 235-7100,HER Realtors,HER Realtors,Lorain,Lorain,OH,45555,4,12,12,3832427,4.1,C,60,Trade Show,Independent,2026-09-29T13:11:33Z
CREAM-20260929-00789,Ralph Collins,Ralph Collins,Ralph,Collins,ralph.collins@icloud.com,(404) 701-6412,Coldwell Banker,Coldwell Banker,Irvine,Irvine,CA,91693,24,33,33,20725084,4.5,C,64,NAR Directory,Enterprise (200+ agents),2026-09-29T14:27:17Z
CREAM-20260929-00790,Donna Jones,Donna Jones,Donna,Jones,donna.jones@icloud.com,(212) 793-8962,eXp Realty,eXp Realty,Huntington Beach,Huntington Beach,CA,92142,4,14,14,9915905,3.9,C,78,Facebook,Independent,2026-09-29T23:18:10Z
CREAM-20260929-00791,Sharon Stewart,Sharon Stewart,Sharon,Stewart,sharon_stewart@hotmail.com,(512) 796-3750,eXp Realty,eXp Realty,Irvine,Irvine,CA,95791,4,8,8,6723523,3.8,C,67,MLS Database,Mid-size (11-50 agents),2026-09-29T14:47:13Z
CREAM-20260929-00792,Nancy Ortiz,Nancy Ortiz,Nancy,Ortiz,nancy_ortiz@outlook.com,(646) 662-2711,Sotheby's International,Sotheby's International,Fremont,Fremont,CA,96514,5,11,11,8508884,4.7,C,93,LinkedIn,Enterprise (200+ agents),2026-09-29T06:41:43Z
CREAM-20260929-00793,Eric Hall,Eric Hall,Eric,Hall,erich@coldwellbanker.com,(704) 450-7040,Coldwell Banker,Coldwell Banker,Fontana,Fontana,CA,93515,13,51,51,47785927,3.0,C,63,Facebook,Boutique (2-10 agents),2026-09-29T18:24:23Z
CREAM-20260929-00794,Pamela Sanchez,Pamela Sanchez,Pamela,Sanchez,pamelasanchez@icloud.com,(415) 408-8739,Keller Williams,Keller Williams,Wilmington,Wilmington,NC,27405,2,10,10,4376733,4.0,C,93,Realtor.com,Boutique (2-10 agents),2026-09-29T15:52:14Z
CREAM-20260929-00795,Michelle Gonzalez,Michelle Gonzalez,Michelle,Gonzalez,michelleg@hotmail.com,(407) 955-7892,Allen Tate,Allen Tate,High Point,High Point,NC,27851,2,12,12,5012154,3.5,C,82,Trade Show,Independent,2026-09-29T06:12:11Z
CREAM-20260929-00796,Christopher Cruz,Christopher Cruz,Christopher,Cruz,christopher_cruz@gmail.com,(415) 785-7158,Coldwell Banker,Coldwell Banker,Wilmington,Wilmington,NC,27394,4,9,9,3703354,4.4,C,84,Brokerage Listings,Large (51-200 agents),2026-09-29T15:31:46Z
CREAM-20260929-00797,Lisa White,Lisa White,Lisa,White,lisa_white@icloud.com,(972) 735-8903,Allen Tate,Allen Tate,High Point,High Point,NC,27568,1,6,6,2232848,4.4,C,91,Facebook,Large (51-200 agents),2026-09-29T13:20:20Z
CREAM-20260929-00798,Shirley Gutierrez,Shirley Gutierrez,Shirley,Gutierrez,shirley.gutierrez@livsothebys.com,(602) 449-6178,LIV Sotheby's,LIV Sotheby's,Westminster,Westminster,CO,81747,0,3,3,1640738,3.2,C,84,NAR Directory,Enterprise (200+ agents),2026-09-29T15:37:02Z
CREAM-20260929-00799,Bruce Ortiz,Bruce Ortiz,Bruce,Ortiz,bruce.ortiz@yahoo.com,(704) 993-7825,Allie Beth Allman,Allie Beth Allman,Brownsville,Brownsville,TX,78251,4,25,25,9968348,3.4,C,84,Facebook,Large (51-200 agents),2026-09-29T10:32:01Z
CREAM-20260929-00800,Michael Wright,Michael Wright,Michael,Wright,michael.wright@douglaselliman.com,(919) 254-4013,Douglas Elliman,Douglas Elliman,Coral Springs,Coral Springs,FL,33846,5,19,19,9083795,4.8,C,92,Facebook,Large (51-200 agents),2026-09-29T15:35:03Z
CREAM-20260929-00801,Edward Price,Edward Price,Edward,Price,edwardp@gmail.com,(404) 241-2478,eXp Realty,eXp Realty,High Point,High Point,NC,28840,4,12,12,3035761,3.5,C,70,Website Lead,Enterprise (200+ agents),2026-09-29T12:29:57Z
CREAM-20260929-00802,Dennis Cruz,Dennis Cruz,Dennis,Cruz,dennis_cruz@yahoo.com,(805) 967-1373,Berkshire Hathaway,Berkshire Hathaway,Boulder,Boulder,CO,80469,5,12,12,7556378,3.4,C,92,Facebook,Enterprise (200+ agents),2026-09-29T17:07:07Z
CREAM-20260929-00803,Brenda Rogers,Brenda Rogers,Brenda,Rogers,brendarogers@yahoo.com,(614) 247-3821,HomeSmart,HomeSmart,Yuma,Yuma,AZ,86143,5,25,25,7692856,3.3,C,86,LinkedIn,Independent,2026-09-29T13:07:25Z
CREAM-20260929-00804,Gary Patel,Gary Patel,Gary,Patel,garyp@coldwellbanker.com,(212) 811-9362,Coldwell Banker,Coldwell Banker,Coral Springs,Coral Springs,FL,34282,11,54,54,28374328,3.5,C,71,Realtor.com,Boutique (2-10 agents),2026-09-29T11:57:54Z
CREAM-20260929-00805,Tyler Williams,Tyler Williams,Tyler,Williams,tyler.williams@coldwellbanker.com,(646) 710-7226,Coldwell Banker,Coldwell Banker,Modesto,Modesto,CA,95859,23,74,74,80220540,3.4,C,85,Cold Outreach,Boutique (2-10 agents),2026-09-29T23:24:17Z
CREAM-20260929-00806,Keith White,Keith White,Keith,White,keith_white@icloud.com,(714) 617-8979,Berkshire Hathaway,Berkshire Hathaway,Boulder,Boulder,CO,81658,3,21,21,13315340,4.5,C,72,Brokerage Listings,Enterprise (200+ agents),2026-09-29T18:19:14Z
CREAM-20260929-00807,Wayne Powell,Wayne Powell,Wayne,Powell,wpowell@icloud.com,(407) 804-8064,eXp Realty,eXp Realty,Fontana,Fontana,CA,92905,23,32,32,22969842,3.5,C,94,Referral Network,Mid-size (11-50 agents),2026-09-29T03:55:52Z
CREAM-20260929-00808,Melissa Lopez,Melissa Lopez,Melissa,Lopez,melissal@gmail.com,(512) 566-5117,Coldwell Banker,Coldwell Banker,Surprise,Surprise,AZ,85767,4,24,24,6953466,4.6,C,92,LinkedIn,Mid-size (11-50 agents),2026-09-29T18:24:02Z
CREAM-20260929-00809,Scott Stewart,Scott Stewart,Scott,Stewart,scottstewart@aol.com,(512) 509-3170,Keller Williams,Keller Williams,Pasadena,Pasadena,TX,76255,20,36,36,11064385,3.9,C,79,MLS Database,Large (51-200 agents),2026-09-29T16:40:36Z
CREAM-20260929-00810,Gregory Evans,Gregory Evans,Gregory,Evans,gevans@kellerwilliamsrealty.com,(713) 410-5934,Keller Williams Realty,Keller Williams Realty,Fremont,Fremont,CA,95466,3,16,16,16483382,4.1,C,85,NAR Directory,Large (51-200 agents),2026-09-29T12:12:32Z
CREAM-20260929-00811,Juan Green,Juan Green,Juan,Green,juangreen@yahoo.com,(980) 310-4239,HER Realtors,HER Realtors,Youngstown,Youngstown,OH,43914,6,31,31,9099677,3.9,C,60,Realtor.com,Boutique (2-10 agents),2026-09-29T12:12:09Z
CREAM-20260929-00812,Keith Bennett,Keith Bennett,Keith,Bennett,keith.bennett@yahoo.com,(972) 550-1545,HER Realtors,HER Realtors,Lorain,Lorain,OH,45299,2,8,8,1403609,4.1,C,98,Referral Network,Boutique (2-10 agents),2026-09-29T03:25:18Z
CREAM-20260929-00813,Betty Baker,Betty Baker,Betty,Baker,bettyb@aol.com,(256) 781-1024,Halstead,Halstead,Schenectady,Schenectady,NY,12880,9,33,33,19003130,4.7,C,67,LinkedIn,Enterprise (200+ agents),2026-09-29T03:54:20Z
CREAM-20260929-00814,Frank Thompson,Frank Thompson,Frank,Thompson,fthompson@coldwellbanker.com,(980) 446-5701,Coldwell Banker,Coldwell Banker,Boulder,Boulder,CO,81210,4,9,9,3539601,3.7,C,83,NAR Directory,Mid-size (11-50 agents),2026-09-29T06:51:45Z
CREAM-20260929-00815,Stephen Mendoza,Stephen Mendoza,Stephen,Mendoza,stephenm@aol.com,(919) 891-5076,RE/MAX,RE/MAX,Lorain,Lorain,OH,43344,22,80,80,24101950,3.7,C,87,NAR Directory,Boutique (2-10 agents),2026-09-29T01:57:47Z
CREAM-20260929-00816,Deborah Carter,Deborah Carter,Deborah,Carter,dcarter@aol.com,(980) 675-6782,Long Realty,Long Realty,Yuma,Yuma,AZ,85925,4,21,21,9080500,3.2,C,68,NAR Directory,Large (51-200 agents),2026-09-29T17:11:31Z
CREAM-20260929-00817,Margaret Evans,Margaret Evans,Margaret,Evans,margaret.evans@gmail.com,(212) 341-6643,Brown Harris Stevens,Brown Harris Stevens,Troy,Troy,NY,10903,21,66,66,37328272,3.5,C,67,Referral Network,Mid-size (11-50 agents),2026-09-29T20:05:43Z
CREAM-20260929-00818,Paul Gray,Paul Gray,Paul,Gray,paul.gray@aol.com,(614) 397-7538,Compass,Compass,Centennial,Centennial,CO,80541,22,65,65,43478069,3.2,C,88,Referral Network,Boutique (2-10 agents),2026-09-29T02:11:17Z
CREAM-20260929-00819,Brenda Alexander,Brenda Alexander,Brenda,Alexander,brenda_alexander@yahoo.com,(303) 236-4662,Coldwell Banker,Coldwell Banker,Youngstown,Youngstown,OH,44172,13,41,41,11909872,4.0,C,77,Referral Network,Boutique (2-10 agents),2026-09-29T21:03:07Z
CREAM-20260929-00820,Eugene Jackson,Eugene Jackson,Eugene,Jackson,eugenejackson@hotmail.com,(303) 630-5753,Berkshire Hathaway,Berkshire Hathaway,Clearwater,Clearwater,FL,32328,25,56,56,22511245,4.7,C,64,Realtor.com,Enterprise (200+ agents),2026-09-29T05:51:16Z
CREAM-20260929-00821,Emily Perry,Emily Perry,Emily,Perry,eperry@yahoo.com,(704) 696-3225,Howard Hanna,Howard Hanna,High Point,High Point,NC,28186,3,25,25,6159580,3.8,C,91,Realtor.com,Large (51-200 agents),2026-09-29T09:29:48Z
CREAM-20260929-00822,Matthew Wright,Matthew Wright,Matthew,Wright,mwright@hotmail.com,(305) 823-7716,RE/MAX,RE/MAX,Oxnard,Oxnard,CA,91612,3,14,14,9946584,4.6,C,75,Trade Show,Mid-size (11-50 agents),2026-09-29T09:34:46Z
CREAM-20260929-00823,Eric Jones,Eric Jones,Eric,Jones,ericjones@icloud.com,(972) 824-7487,Long Realty,Long Realty,Peoria,Peoria,AZ,85919,4,15,15,5547335,4.5,C,77,Trade Show,Enterprise (200+ agents),2026-09-29T04:58:10Z
CREAM-20260929-00824,Alan Reyes,Alan Reyes,Alan,Reyes,alanr@gmail.com,(469) 760-2327,Berkshire Hathaway,Berkshire Hathaway,Youngstown,Youngstown,OH,43804,4,24,24,5195439,3.6,C,71,Referral Network,Mid-size (11-50 agents),2026-09-29T02:06:52Z
CREAM-20260929-00825,Richard Allen,Richard Allen,Richard,Allen,richard.allen@gmail.com,(303) 951-4191,RE/MAX,RE/MAX,McAllen,McAllen,TX,78637,13,71,71,26938849,4.5,C,82,Website Lead,Large (51-200 agents),2026-09-29T05:08:56Z
CREAM-20260929-00826,Mary Hall,Mary Hall,Mary,Hall,mary.hall@me.com,(929) 611-6137,Coldwell Banker,Coldwell Banker,Westminster,Westminster,CO,81392,15,70,70,37233319,4.5,C,67,Facebook,Mid-size (11-50 agents),2026-09-29T15:48:13Z
CREAM-20260929-00827,Jonathan Evans,Jonathan Evans,Jonathan,Evans,jonathane@yahoo.com,(512) 899-8051,Century 21,Century 21,Clearwater,Clearwater,FL,32417,0,5,5,2345010,4.5,C,60,MLS Database,Independent,2026-09-29T19:15:47Z
CREAM-20260929-00828,Catherine Green,Catherine Green,Catherine,Green,catherinegreen@gmail.com,(404) 848-2193,Pacific Sotheby's,Pacific Sotheby's,Irvine,Irvine,CA,93868,5,13,13,13245696,3.4,C,79,NAR Directory,Enterprise (200+ agents),2026-09-29T22:17:41Z
CREAM-20260929-00829,Samantha Long,Samantha Long,Samantha,Long,samantha.long@me.com,(720) 318-6756,RE/MAX,RE/MAX,Irvine,Irvine,CA,96208,15,56,56,61322980,4.3,C,74,Facebook,Boutique (2-10 agents),2026-09-29T19:27:13Z
CREAM-20260929-00830,Margaret Kim,Margaret Kim,Margaret,Kim,mkim@yahoo.com,(334) 714-2646,Brown Harris Stevens,Brown Harris Stevens,Hempstead,Hempstead,NY,11613,3,12,12,9905521,3.4,C,97,Trade Show,Boutique (2-10 agents),2026-09-29T16:18:33Z
CREAM-20260929-00831,Brenda Lewis,Brenda Lewis,Brenda,Lewis,brenda.lewis@yahoo.com,(303) 747-7295,Corcoran Group,Corcoran Group,Hempstead,Hempstead,NY,11817,1,3,3,2257648,3.5,C,87,Realtor.com,Boutique (2-10 agents),2026-09-29T07:52:26Z
CREAM-20260929-00832,Ruth Hughes,Ruth Hughes,Ruth,Hughes,ruthh@me.com,(972) 417-9605,Berkshire Hathaway,Berkshire Hathaway,Avondale,Avondale,AZ,85292,1,5,5,1908669,3.6,C,99,Referral Network,Mid-size (11-50 agents),2026-09-29T16:05:36Z
CREAM-20260929-00833,Daniel Moore,Daniel Moore,Daniel,Moore,daniel_moore@outlook.com,(310) 999-5510,Compass,Compass,Centennial,Centennial,CO,80437,4,18,18,7122767,4.3,C,82,Cold Outreach,Enterprise (200+ agents),2026-09-29T01:49:27Z
CREAM-20260929-00834,Megan Collins,Megan Collins,Megan,Collins,megan.collins@icloud.com,(713) 564-5501,8z Real Estate,8z Real Estate,Centennial,Centennial,CO,81745,20,58,58,40535706,4.9,C,91,Realtor.com,Enterprise (200+ agents),2026-09-29T00:22:32Z
CREAM-20260929-00835,Cynthia Miller,Cynthia Miller,Cynthia,Miller,cynthiam@icloud.com,(407) 999-1795,Berkshire Hathaway,Berkshire Hathaway,Miramar,Miramar,FL,33940,4,16,16,6392046,4.5,C,83,Trade Show,Enterprise (200+ agents),2026-09-29T22:27:16Z
CREAM-20260929-00836,Betty King,Betty King,Betty,King,betty.king@brownharrisstevens.com,(512) 545-4622,Brown Harris Stevens,Brown Harris Stevens,Schenectady,Schenectady,NY,11854,4,17,17,12461417,3.6,C,63,Trade Show,Enterprise (200+ agents),2026-09-29T11:42:38Z
CREAM-20260929-00837,Melissa Ruiz,Melissa Ruiz,Melissa,Ruiz,melissa_ruiz@outlook.com,(407) 799-6008,Briggs Freeman Sotheby's,Briggs Freeman Sotheby's,Mesquite,Mesquite,TX,76234,6,33,33,9755633,3.4,C,67,Website Lead,Independent,2026-09-29T00:52:52Z
CREAM-20260929-00838,Deborah Evans,Deborah Evans,Deborah,Evans,devans@icloud.com,(786) 890-3543,eXp Realty,eXp Realty,Hamilton,Hamilton,OH,43966,2,7,7,2181476,3.4,C,65,LinkedIn,Independent,2026-09-29T09:10:30Z
CREAM-20260929-00839,Catherine Adams,Catherine Adams,Catherine,Adams,catherineadams@gmail.com,(720) 339-1515,RE/MAX,RE/MAX,Huntington Beach,Huntington Beach,CA,91960,1,7,7,4805762,4.5,C,97,Website Lead,Mid-size (11-50 agents),2026-09-29T08:59:44Z
CREAM-20260929-00840,George Evans,George Evans,George,Evans,george.evans@gmail.com,(805) 498-4126,Coldwell Banker,Coldwell Banker,Huntington Beach,Huntington Beach,CA,91598,7,30,30,18571627,3.6,C,79,Trade Show,Mid-size (11-50 agents),2026-09-29T16:11:55Z
CREAM-20260929-00841,Jason Reyes,Jason Reyes,Jason,Reyes,jasonreyes@me.com,(972) 831-1393,8z Real Estate,8z Real Estate,Centennial,Centennial,CO,80675,25,53,53,27587488,3.4,C,94,Referral Network,Large (51-200 agents),2026-09-29T03:06:37Z
CREAM-20260929-00842,Kathleen Davis,Kathleen Davis,Kathleen,Davis,kdavis@outlook.com,(415) 230-9513,Berkshire Hathaway,Berkshire Hathaway,Brownsville,Brownsville,TX,76190,7,24,24,9523419,3.9,C,61,MLS Database,Mid-size (11-50 agents),2026-09-29T06:58:56Z
CREAM-20260929-00843,Gregory Foster,Gregory Foster,Gregory,Foster,gregory.foster@hotmail.com,(512) 816-6634,Huntington Real Estate,Huntington Real Estate,Lorain,Lorain,OH,44920,13,28,28,5771435,4.2,C,60,Referral Network,Large (51-200 agents),2026-09-29T22:42:19Z
CREAM-20260929-00844,Grace Brown,Grace Brown,Grace,Brown,gbrown@icloud.com,(214) 292-4641,Keller Williams Realty,Keller Williams Realty,Oxnard,Oxnard,CA,92859,0,0,0,0,3.5,C,75,LinkedIn,Large (51-200 agents),2026-09-29T08:02:26Z
CREAM-20260929-00845,Philip Cruz,Philip Cruz,Philip,Cruz,philipcruz@icloud.com,(786) 671-9926,Pacific Sotheby's,Pacific Sotheby's,Irvine,Irvine,CA,95242,2,4,4,3861375,3.4,C,63,MLS Database,Mid-size (11-50 agents),2026-09-29T21:17:49Z
CREAM-20260929-00846,Gloria Gray,Gloria Gray,Gloria,Gray,gloria.gray@cutlerrealestate.com,(310) 371-7300,Cutler Real Estate,Cutler Real Estate,Hamilton,Hamilton,OH,43864,12,54,54,12554862,3.1,C,93,Trade Show,Mid-size (11-50 agents),2026-09-29T14:07:46Z
CREAM-20260929-00847,Larry Howard,Larry Howard,Larry,Howard,lhoward@sothebysinternational.com,(916) 545-3232,Sotheby's International,Sotheby's International,Oxnard,Oxnard,CA,91106,4,15,15,13912720,4.2,C,83,Brokerage Listings,Large (51-200 agents),2026-09-29T13:49:28Z
CREAM-20260929-00848,Carl Smith,Carl Smith,Carl,Smith,carl_smith@me.com,(602) 926-1394,Century 21,Century 21,West Palm Beach,West Palm Beach,FL,32240,1,10,10,3657059,3.4,C,67,Referral Network,Independent,2026-09-29T04:55:58Z
CREAM-20260929-00849,Diane Lewis,Diane Lewis,Diane,Lewis,dlewis@hotmail.com,(929) 500-7618,Berkshire Hathaway,Berkshire Hathaway,Surprise,Surprise,AZ,86257,22,34,34,13184192,3.4,C,72,Referral Network,Mid-size (11-50 agents),2026-09-29T10:00:29Z
CREAM-20260929-00850,Linda Long,Linda Long,Linda,Long,lindalong@gmail.com,(407) 208-8243,Pacific Sotheby's,Pacific Sotheby's,Huntington Beach,Huntington Beach,CA,94946,13,65,65,48350790,4.2,C,99,NAR Directory,Large (51-200 agents),2026-09-29T23:14:01Z
CREAM-20260929-00851,Richard Hughes,Richard Hughes,Richard,Hughes,richardh@gmail.com,(718) 495-5555,eXp Realty,eXp Realty,Youngstown,Youngstown,OH,44395,3,16,16,3220154,4.0,C,91,Cold Outreach,Mid-size (11-50 agents),2026-09-29T17:35:38Z
CREAM-20260929-00852,Theresa Perry,Theresa Perry,Theresa,Perry,theresaperry@hotmail.com,(513) 630-4647,Keller Williams,Keller Williams,Troy,Troy,NY,12152,1,12,12,7538114,3.5,C,90,Trade Show,Independent,2026-09-29T16:53:22Z
CREAM-20260929-00853,Sarah Gomez,Sarah Gomez,Sarah,Gomez,sarahg@re/max.com,(212) 950-5898,RE/MAX,RE/MAX,West Palm Beach,West Palm Beach,FL,34447,21,43,43,15076101,3.2,C,69,Website Lead,Mid-size (11-50 agents),2026-09-29T17:30:54Z
CREAM-20260929-00854,Maria Martin,Maria Martin,Maria,Martin,maria.martin@outlook.com,(714) 726-7432,eXp Realty,eXp Realty,Canton,Canton,OH,44456,1,10,10,2690866,3.5,C,71,Website Lead,Independent,2026-09-29T01:30:27Z
CREAM-20260929-00855,Ryan Adams,Ryan Adams,Ryan,Adams,radams@kellerwilliams.com,(929) 781-5403,Keller Williams,Keller Williams,Concord,Concord,NC,28954,2,8,8,3070337,4.4,C,74,Referral Network,Large (51-200 agents),2026-09-29T08:43:49Z
CREAM-20260929-00856,Gary Rodriguez,Gary Rodriguez,Gary,Rodriguez,grodriguez@herrealtors.com,(805) 676-6320,HER Realtors,HER Realtors,Canton,Canton,OH,44638,5,9,9,2489753,4.3,C,77,Facebook,Independent,2026-09-29T01:44:52Z
CREAM-20260929-00857,Jacqueline Price,Jacqueline Price,Jacqueline,Price,jacquelinep@me.com,(513) 467-5439,Compass,Compass,Utica,Utica,NY,12488,24,34,34,25392265,3.2,C,92,Trade Show,Enterprise (200+ agents),2026-09-29T12:49:48Z
CREAM-20260929-00858,Frank Chavez,Frank Chavez,Frank,Chavez,fchavez@outlook.com,(214) 898-8873,RE/MAX,RE/MAX,McKinney,McKinney,TX,77754,22,73,73,22960900,4.4,C,60,MLS Database,Mid-size (11-50 agents),2026-09-29T00:58:50Z
CREAM-20260929-00859,Amber Cruz,Amber Cruz,Amber,Cruz,amber.cruz@icloud.com,(972) 256-4153,eXp Realty,eXp Realty,Pasadena,Pasadena,TX,77610,17,38,38,11613546,3.8,C,62,Facebook,Boutique (2-10 agents),2026-09-29T13:32:21Z
CREAM-20260929-00860,Gary Wright,Gary Wright,Gary,Wright,gary.wright@nestseekers.com,(469) 418-4628,Nest Seekers,Nest Seekers,Schenectady,Schenectady,NY,10370,17,38,38,23259323,4.5,C,86,Trade Show,Mid-size (11-50 agents),2026-09-29T09:32:06Z
CREAM-20260929-00861,Natalie Hughes,Natalie Hughes,Natalie,Hughes,nataliehughes@yahoo.com,(512) 448-9996,Keller Williams,Keller Williams,Concord,Concord,NC,27772,2,11,11,4208855,4.6,C,66,Facebook,Boutique (2-10 agents),2026-09-29T09:55:54Z
CREAM-20260929-00862,Cynthia Hill,Cynthia Hill,Cynthia,Hill,cynthiah@outlook.com,(303) 361-6817,Compass,Compass,Fremont,Fremont,CA,93230,4,14,14,10806493,4.0,C,86,Realtor.com,Boutique (2-10 agents),2026-09-29T10:58:24Z
CREAM-20260929-00863,Edward Morales,Edward Morales,Edward,Morales,edward.morales@re/max.com,(805) 279-4230,RE/MAX,RE/MAX,Miramar,Miramar,FL,33704,9,22,22,11160227,4.9,C,74,LinkedIn,Boutique (2-10 agents),2026-09-29T00:17:17Z
CREAM-20260929-00864,Linda Young,Linda Young,Linda,Young,linda.young@exprealty.com,(713) 651-8625,eXp Realty,eXp Realty,Hamilton,Hamilton,OH,43972,3,19,19,5314283,4.2,C,86,LinkedIn,Large (51-200 agents),2026-09-29T14:17:41Z
CREAM-20260929-00865,Catherine Long,Catherine Long,Catherine,Long,catherine.long@hotmail.com,(212) 714-3870,RE/MAX,RE/MAX,Centennial,Centennial,CO,81322,20,72,72,35823821,3.3,C,70,MLS Database,Large (51-200 agents),2026-09-29T10:22:18Z
CREAM-20260929-00866,Carl Phillips,Carl Phillips,Carl,Phillips,cphillips@yahoo.com,(718) 501-1996,RE/MAX,RE/MAX,Fontana,Fontana,CA,93243,13,78,78,77405253,4.5,C,96,NAR Directory,Large (51-200 agents),2026-09-29T19:51:06Z
CREAM-20260929-00867,Theresa Parker,Theresa Parker,Theresa,Parker,theresap@russelllyonsothebys.com,(916) 248-3131,Russell Lyon Sotheby's,Russell Lyon Sotheby's,Surprise,Surprise,AZ,85153,17,58,58,26707143,4.1,C,75,Realtor.com,Boutique (2-10 agents),2026-09-29T04:10:29Z
CREAM-20260929-00868,Jack Lee,Jack Lee,Jack,Lee,jackl@sothebysinternational.com,(303) 741-4376,Sotheby's International,Sotheby's International,Utica,Utica,NY,10935,20,73,73,57952675,3.6,C,94,Trade Show,Enterprise (200+ agents),2026-09-29T04:58:54Z
CREAM-20260929-00869,Susan Rodriguez,Susan Rodriguez,Susan,Rodriguez,susanr@icloud.com,(916) 860-4010,Huntington Real Estate,Huntington Real Estate,Youngstown,Youngstown,OH,43571,2,7,7,1967700,3.9,C,64,NAR Directory,Mid-size (11-50 agents),2026-09-29T13:09:18Z
CREAM-20260929-00870,Barbara Price,Barbara Price,Barbara,Price,barbarap@compass.com,(916) 251-2591,Compass,Compass,White Plains,White Plains,NY,14119,11,62,62,47053795,4.2,C,96,Trade Show,Independent,2026-09-29T15:47:04Z
CREAM-20260929-00871,Larry Sullivan,Larry Sullivan,Larry,Sullivan,larry.sullivan@re/max.com,(214) 363-8354,RE/MAX,RE/MAX,Grand Prairie,Grand Prairie,TX,79384,9,21,21,8255715,4.3,C,68,NAR Directory,Mid-size (11-50 agents),2026-09-29T01:46:55Z
CREAM-20260929-00872,Patricia Thompson,Patricia Thompson,Patricia,Thompson,patriciat@re/max.com,(718) 285-6147,RE/MAX,RE/MAX,Miramar,Miramar,FL,34353,4,20,20,8412266,4.4,C,95,Realtor.com,Boutique (2-10 agents),2026-09-29T09:37:44Z
CREAM-20260929-00873,Bruce Gonzalez,Bruce Gonzalez,Bruce,Gonzalez,bruce_gonzalez@outlook.com,(256) 575-5125,eXp Realty,eXp Realty,Peoria,Peoria,AZ,85149,17,41,41,13929927,3.9,C,98,Realtor.com,Independent,2026-09-29T09:26:43Z
CREAM-20260929-00874,Dennis Cox,Dennis Cox,Dennis,Cox,dennisc@icloud.com,(513) 239-2329,RE/MAX,RE/MAX,West Palm Beach,West Palm Beach,FL,32341,12,40,40,12975434,4.9,C,99,Referral Network,Enterprise (200+ agents),2026-09-29T11:02:24Z
CREAM-20260929-00875,Brian Thomas,Brian Thomas,Brian,Thomas,brianthomas@outlook.com,(404) 909-2768,Cutler Real Estate,Cutler Real Estate,Hamilton,Hamilton,OH,44821,0,3,3,913351,4.1,C,89,Brokerage Listings,Independent,2026-09-29T13:52:01Z
CREAM-20260929-00876,Sharon Harris,Sharon Harris,Sharon,Harris,sharonh@hotmail.com,(786) 799-2457,Nest Seekers,Nest Seekers,Schenectady,Schenectady,NY,10143,7,30,30,23642275,3.7,C,76,MLS Database,Independent,2026-09-29T19:38:48Z
CREAM-20260929-00877,Betty Ward,Betty Ward,Betty,Ward,betty.ward@kellerwilliams.com,(805) 626-3826,Keller Williams,Keller Williams,Lorain,Lorain,OH,44725,14,40,40,12838206,3.7,C,88,Website Lead,Enterprise (200+ agents),2026-09-29T02:58:28Z
CREAM-20260929-00878,Rachel Cox,Rachel Cox,Rachel,Cox,rcox@compass.com,(256) 666-8779,Compass,Compass,Wilmington,Wilmington,NC,27657,4,22,22,8450311,3.2,C,66,NAR Directory,Mid-size (11-50 agents),2026-09-29T03:04:45Z
CREAM-20260929-00879,Joshua Cook,Joshua Cook,Joshua,Cook,jcook@hotmail.com,(214) 310-7660,Corcoran Group,Corcoran Group,Hempstead,Hempstead,NY,11792,1,7,7,4358807,4.7,C,90,NAR Directory,Large (51-200 agents),2026-09-29T08:59:27Z
CREAM-20260929-00880,Richard Jones,Richard Jones,Richard,Jones,richardjones@outlook.com,(704) 651-2283,Coldwell Banker,Coldwell Banker,Clearwater,Clearwater,FL,33650,0,3,3,1541117,3.7,C,83,Cold Outreach,Mid-size (11-50 agents),2026-09-29T23:01:20Z
CREAM-20260929-00881,Diane Coleman,Diane Coleman,Diane,Coleman,diane_coleman@outlook.com,(469) 366-8981,Berkshire Hathaway,Berkshire Hathaway,Concord,Concord,NC,28761,6,37,37,11714720,5.0,C,67,MLS Database,Enterprise (200+ agents),2026-09-29T01:09:22Z
CREAM-20260929-00882,Victoria Wilson,Victoria Wilson,Victoria,Wilson,victoriaw@aol.com,(212) 202-5061,Keller Williams Realty,Keller Williams Realty,Irvine,Irvine,CA,90905,20,62,62,54175546,3.4,C,69,LinkedIn,Independent,2026-09-29T03:19:52Z
CREAM-20260929-00883,Deborah Perez,Deborah Perez,Deborah,Perez,deborahp@hotmail.com,(713) 701-3000,Berkshire Hathaway,Berkshire Hathaway,Hamilton,Hamilton,OH,45585,19,68,68,12670811,3.3,C,61,NAR Directory,Large (51-200 agents),2026-09-29T20:53:08Z
CREAM-20260929-00884,Jessica Carter,Jessica Carter,Jessica,Carter,jessica_carter@yahoo.com,(602) 752-8947,Berkshire Hathaway,Berkshire Hathaway,Pueblo,Pueblo,CO,81406,0,4,4,2437712,4.5,C,95,Referral Network,Large (51-200 agents),2026-09-29T13:02:32Z
CREAM-20260929-00885,Ronald Baker,Ronald Baker,Ronald,Baker,ronaldb@icloud.com,(929) 268-2499,Keller Williams,Keller Williams,High Point,High Point,NC,27939,3,17,17,7205743,4.7,C,60,Website Lead,Mid-size (11-50 agents),2026-09-29T04:23:21Z
CREAM-20260929-00886,Nicole Gutierrez,Nicole Gutierrez,Nicole,Gutierrez,nicoleg@yahoo.com,(646) 260-6628,Douglas Elliman,Douglas Elliman,Miramar,Miramar,FL,33813,25,40,40,12986547,4.7,C,79,LinkedIn,Boutique (2-10 agents),2026-09-29T20:16:16Z
CREAM-20260929-00887,Donna Wright,Donna Wright,Donna,Wright,dwright@hotmail.com,(234) 242-6989,Corcoran Group,Corcoran Group,Hempstead,Hempstead,NY,11215,0,5,5,3376172,4.7,C,99,Cold Outreach,Mid-size (11-50 agents),2026-09-29T15:57:26Z
CREAM-20260929-00888,Sandra Moore,Sandra Moore,Sandra,Moore,sandramoore@me.com,(512) 888-5508,Cutler Real Estate,Cutler Real Estate,Youngstown,Youngstown,OH,43409,13,67,67,16211005,4.7,C,68,Referral Network,Large (51-200 agents),2026-09-29T02:56:33Z
CREAM-20260929-00889,Anna Cox,Anna Cox,Anna,Cox,acox@me.com,(972) 942-1502,Allen Tate,Allen Tate,Wilmington,Wilmington,NC,28219,2,11,11,4410198,4.9,C,76,Brokerage Listings,Boutique (2-10 agents),2026-09-29T05:36:47Z
CREAM-20260929-00890,Mary Walker,Mary Walker,Mary,Walker,maryw@exprealty.com,(916) 554-7380,eXp Realty,eXp Realty,Brownsville,Brownsville,TX,78960,2,10,10,3087404,4.9,C,79,LinkedIn,Mid-size (11-50 agents),2026-09-29T02:49:34Z
CREAM-20260929-00891,Roger Murphy,Roger Murphy,Roger,Murphy,rmurphy@hotmail.com,(513) 790-6498,Keller Williams Realty,Keller Williams Realty,Miramar,Miramar,FL,34218,23,52,52,23941055,3.1,C,71,Brokerage Listings,Independent,2026-09-29T12:15:41Z
CREAM-20260929-00892,Roger Peterson,Roger Peterson,Roger,Peterson,rogerpeterson@icloud.com,(919) 704-1732,RE/MAX,RE/MAX,Hamilton,Hamilton,OH,44395,8,24,24,4416305,3.7,C,89,NAR Directory,Independent,2026-09-29T22:15:53Z
CREAM-20260929-00893,Patrick Anderson,Patrick Anderson,Patrick,Anderson,patrickanderson@yahoo.com,(713) 234-2007,Russell Lyon Sotheby's,Russell Lyon Sotheby's,Peoria,Peoria,AZ,86334,2,3,3,1433095,4.5,C,68,Realtor.com,Large (51-200 agents),2026-09-29T08:13:21Z
CREAM-20260929-00894,Ruth Alvarez,Ruth Alvarez,Ruth,Alvarez,rutha@me.com,(916) 985-9990,eXp Realty,eXp Realty,Palm Bay,Palm Bay,FL,32283,16,44,44,20815870,3.5,C,76,Brokerage Listings,Mid-size (11-50 agents),2026-09-29T18:02:02Z
CREAM-20260929-00895,Donna Kelly,Donna Kelly,Donna,Kelly,dkelly@hotmail.com,(720) 486-6978,Keller Williams,Keller Williams,Surprise,Surprise,AZ,85658,5,25,25,7338501,4.0,C,83,Facebook,Large (51-200 agents),2026-09-29T15:33:27Z
CREAM-20260929-00896,Jack Rogers,Jack Rogers,Jack,Rogers,jack.rogers@herrealtors.com,(602) 953-3518,HER Realtors,HER Realtors,Lorain,Lorain,OH,45896,4,14,14,2680188,3.7,C,60,Brokerage Listings,Boutique (2-10 agents),2026-09-29T23:04:04Z
CREAM-20260929-00897,Aaron Brooks,Aaron Brooks,Aaron,Brooks,aaronbrooks@outlook.com,(513) 519-9216,Russell Lyon Sotheby's,Russell Lyon Sotheby's,Surprise,Surprise,AZ,86690,5,9,9,2802413,3.4,C,61,Cold Outreach,Large (51-200 agents),2026-09-29T06:58:11Z
CREAM-20260929-00898,Jacqueline Edwards,Jacqueline Edwards,Jacqueline,Edwards,jacquelineedwards@outlook.com,(929) 849-2748,RE/MAX,RE/MAX,West Palm Beach,West Palm Beach,FL,33670,15,62,62,30954219,3.4,C,95,NAR Directory,Enterprise (200+ agents),2026-09-29T20:52:16Z
CREAM-20260929-00899,Theresa Miller,Theresa Miller,Theresa,Miller,theresa_miller@icloud.com,(513) 424-9829,Keller Williams Realty,Keller Williams Realty,Palm Bay,Palm Bay,FL,33171,16,64,64,32708912,4.4,C,93,MLS Database,Large (51-200 agents),2026-09-29T14:24:27Z
CREAM-20260929-00900,Thomas Kelly,Thomas Kelly,Thomas,Kelly,thomaskelly@yahoo.com,(713) 985-5331,Berkshire Hathaway HomeServices,Berkshire Hathaway HomeServices,Irvine,Irvine,CA,90638,0,2,2,1820618,3.7,C,86,Trade Show,Large (51-200 agents),2026-09-29T18:28:25Z
CREAM-20260929-00901,Keith Harris,Keith Harris,Keith,Harris,keith_harris@aol.com,(916) 683-7555,Allie Beth Allman,Allie Beth Allman,McKinney,McKinney,TX,75824,5,23,23,6354989,3.7,C,73,MLS Database,Enterprise (200+ agents),2026-09-29T07:27:39Z
CREAM-20260929-00902,Carol Lee,Carol Lee,Carol,Lee,clee@kellerwilliams.com,(919) 907-7166,Keller Williams,Keller Williams,Centennial,Centennial,CO,80993,2,8,8,4750424,4.2,C,78,Facebook,Boutique (2-10 agents),2026-09-29T17:40:27Z
CREAM-20260929-00903,George Williams,George Williams,George,Williams,george_williams@aol.com,(704) 288-3452,HER Realtors,HER Realtors,Canton,Canton,OH,44196,8,16,16,4759400,4.2,C,86,LinkedIn,Boutique (2-10 agents),2026-09-29T11:19:03Z
CREAM-20260929-00904,Deborah Campbell,Deborah Campbell,Deborah,Campbell,deborah.campbell@compass.com,(720) 677-9710,Compass,Compass,West Palm Beach,West Palm Beach,FL,33771,3,22,22,8686821,4.7,C,63,MLS Database,Mid-size (11-50 agents),2026-09-29T01:41:34Z
CREAM-20260929-00905,Gary Ortiz,Gary Ortiz,Gary,Ortiz,garyortiz@gmail.com,(256) 978-6833,Keller Williams,Keller Williams,Hempstead,Hempstead,NY,10817,2,10,10,5113965,3.5,C,75,Referral Network,Boutique (2-10 agents),2026-09-29T22:53:37Z
CREAM-20260929-00906,Brittany Gutierrez,Brittany Gutierrez,Brittany,Gutierrez,brittany.gutierrez@hotmail.com,(404) 276-9882,Berkshire Hathaway,Berkshire Hathaway,Gainesville,Gainesville,FL,34105,7,15,15,4526095,3.5,C,78,Realtor.com,Boutique (2-10 agents),2026-09-29T01:55:03Z
CREAM-20260929-00907,Jeffrey Robinson,Jeffrey Robinson,Jeffrey,Robinson,jeffrey_robinson@hotmail.com,(407) 245-5706,8z Real Estate,8z Real Estate,Boulder,Boulder,CO,80285,10,71,71,32850970,4.5,C,83,NAR Directory,Mid-size (11-50 agents),2026-09-29T09:12:27Z
CREAM-20260929-00908,James Watson,James Watson,James,Watson,jamesw@gmail.com,(614) 235-4773,RE/MAX,RE/MAX,Yuma,Yuma,AZ,86791,0,0,0,0,4.2,C,78,Trade Show,Mid-size (11-50 agents),2026-09-29T20:39:29Z
CREAM-20260929-00909,Lawrence Ramirez,Lawrence Ramirez,Lawrence,Ramirez,lawrence_ramirez@icloud.com,(305) 501-7076,eXp Realty,eXp Realty,Gainesville,Gainesville,FL,34270,4,17,17,9011947,4.5,C,82,MLS Database,Boutique (2-10 agents),2026-09-29T10:05:54Z
CREAM-20260929-00910,Julia Myers,Julia Myers,Julia,Myers,juliamyers@hotmail.com,(602) 863-3122,Berkshire Hathaway HomeServices,Berkshire Hathaway HomeServices,Moreno Valley,Moreno Valley,CA,91809,23,71,71,46476971,3.9,C,97,Brokerage Listings,Boutique (2-10 agents),2026-09-29T11:43:39Z
CREAM-20260929-00911,Robert Ward,Robert Ward,Robert,Ward,rward@douglaselliman.com,(512) 725-1587,Douglas Elliman,Douglas Elliman,Pasadena,Pasadena,TX,75171,1,8,8,2673140,5.0,C,96,Realtor.com,Enterprise (200+ agents),2026-09-29T02:29:09Z
CREAM-20260929-00912,Cynthia Robinson,Cynthia Robinson,Cynthia,Robinson,cynthia.robinson@outlook.com,(305) 681-5638,Century 21,Century 21,West Palm Beach,West Palm Beach,FL,34514,5,22,22,11164789,3.5,C,91,Realtor.com,Enterprise (200+ agents),2026-09-29T15:36:52Z
CREAM-20260929-00913,Arthur Peterson,Arthur Peterson,Arthur,Peterson,arthur.peterson@berkshirehathaway.com,(305) 798-4614,Berkshire Hathaway,Berkshire Hathaway,Centennial,Centennial,CO,80438,3,8,8,4618775,3.1,C,78,Facebook,Boutique (2-10 agents),2026-09-29T18:40:14Z
CREAM-20260929-00914,Melissa Ruiz,Melissa Ruiz,Melissa,Ruiz,melissa.ruiz@gmail.com,(310) 558-5806,Halstead,Halstead,Hempstead,Hempstead,NY,10610,10,32,32,26297437,4.2,C,82,Facebook,Mid-size (11-50 agents),2026-09-29T18:56:29Z
CREAM-20260929-00915,Steven Morales,Steven Morales,Steven,Morales,steven_morales@outlook.com,(929) 979-9503,Douglas Elliman,Douglas Elliman,McKinney,McKinney,TX,77303,4,17,17,6641879,3.5,C,84,MLS Database,Large (51-200 agents),2026-09-29T19:38:21Z
CREAM-20260929-00916,Heather Chavez,Heather Chavez,Heather,Chavez,heatherchavez@aol.com,(407) 993-3739,RE/MAX,RE/MAX,Canton,Canton,OH,43653,5,8,8,1607540,3.3,C,81,Brokerage Listings,Enterprise (200+ agents),2026-09-29T23:32:10Z
CREAM-20260929-00917,Tyler Jimenez,Tyler Jimenez,Tyler,Jimenez,tylerjimenez@hotmail.com,(980) 704-8008,Sotheby's International,Sotheby's International,Fremont,Fremont,CA,95533,1,5,5,3929741,4.6,C,61,Trade Show,Boutique (2-10 agents),2026-09-29T06:55:07Z
CREAM-20260929-00918,Samantha Smith,Samantha Smith,Samantha,Smith,samanthas@yahoo.com,(916) 296-8188,Howard Hanna,Howard Hanna,High Point,High Point,NC,27738,0,0,0,0,4.5,C,68,MLS Database,Large (51-200 agents),2026-09-29T10:52:33Z
CREAM-20260929-00919,Edward Castillo,Edward Castillo,Edward,Castillo,edwardcastillo@aol.com,(469) 591-1516,Compass,Compass,Greenville,Greenville,NC,27953,2,3,3,930681,4.7,C,97,LinkedIn,Mid-size (11-50 agents),2026-09-29T16:37:39Z
CREAM-20260929-00920,Raymond Powell,Raymond Powell,Raymond,Powell,raymondp@allentate.com,(334) 905-3973,Allen Tate,Allen Tate,Greenville,Greenville,NC,28316,5,15,15,6099329,3.8,C,99,Facebook,Independent,2026-09-29T22:22:03Z
CREAM-20260929-00921,Brittany Cooper,Brittany Cooper,Brittany,Cooper,brittany_cooper@gmail.com,(305) 817-8326,Coldwell Banker,Coldwell Banker,McKinney,McKinney,TX,76182,3,22,22,6745822,4.0,C,82,Facebook,Large (51-200 agents),2026-09-29T01:54:32Z
CREAM-20260929-00922,Steven Davis,Steven Davis,Steven,Davis,steven_davis@gmail.com,(713) 868-8350,eXp Realty,eXp Realty,Modesto,Modesto,CA,96622,5,14,14,10753913,3.8,C,64,Referral Network,Enterprise (200+ agents),2026-09-29T07:11:32Z
CREAM-20260929-00923,Lawrence White,Lawrence White,Lawrence,White,lawrence_white@aol.com,(415) 652-6357,Berkshire Hathaway HomeServices,Berkshire Hathaway HomeServices,Fremont,Fremont,CA,93311,2,11,11,7653887,4.8,C,93,Facebook,Enterprise (200+ agents),2026-09-29T12:06:39Z
CREAM-20260929-00924,Anthony Turner,Anthony Turner,Anthony,Turner,anthonyturner@yahoo.com,(646) 284-3147,eXp Realty,eXp Realty,Surprise,Surprise,AZ,85351,10,27,27,10740385,3.4,C,62,Cold Outreach,Independent,2026-09-29T06:39:11Z
CREAM-20260929-00925,Amanda Adams,Amanda Adams,Amanda,Adams,amanda.adams@howardhanna.com,(805) 798-3135,Howard Hanna,Howard Hanna,Greenville,Greenville,NC,28248,0,5,5,2014845,4.6,C,69,Facebook,Independent,2026-09-29T21:18:24Z
CREAM-20260929-00926,Patrick Alvarez,Patrick Alvarez,Patrick,Alvarez,palvarez@icloud.com,(305) 249-5833,RE/MAX,RE/MAX,Boulder,Boulder,CO,80312,23,72,72,45564854,3.1,C,65,Realtor.com,Mid-size (11-50 agents),2026-09-29T23:17:52Z
CREAM-20260929-00927,Louis Sanders,Louis Sanders,Louis,Sanders,louis_sanders@aol.com,(334) 970-2551,Berkshire Hathaway,Berkshire Hathaway,High Point,High Point,NC,28696,4,25,25,9748507,4.0,C,79,Trade Show,Boutique (2-10 agents),2026-09-29T20:55:32Z
CREAM-20260929-00928,Edward Reed,Edward Reed,Edward,Reed,edward.reed@outlook.com,(334) 444-8914,RE/MAX,RE/MAX,Huntington Beach,Huntington Beach,CA,91598,10,25,25,24321280,4.1,C,77,Trade Show,Mid-size (11-50 agents),2026-09-29T18:31:45Z
CREAM-20260929-00929,Jacob Miller,Jacob Miller,Jacob,Miller,jmiller@gmail.com,(972) 555-8837,Coldwell Banker,Coldwell Banker,Surprise,Surprise,AZ,85688,19,38,38,14718781,3.6,C,72,Referral Network,Independent,2026-09-29T19:21:13Z
CREAM-20260929-00930,Natalie Fisher,Natalie Fisher,Natalie,Fisher,nataliefisher@yahoo.com,(646) 467-6363,Berkshire Hathaway,Berkshire Hathaway,Westminster,Westminster,CO,81915,0,2,2,1342911,3.5,C,87,Referral Network,Large (51-200 agents),2026-09-29T12:44:43Z
CREAM-20260929-00931,Anthony Powell,Anthony Powell,Anthony,Powell,apowell@nestseekers.com,(602) 660-9527,Nest Seekers,Nest Seekers,Schenectady,Schenectady,NY,11676,19,31,31,15972876,4.7,C,98,Referral Network,Boutique (2-10 agents),2026-09-29T06:05:06Z
CREAM-20260929-00932,Juan Ramirez,Juan Ramirez,Juan,Ramirez,jramirez@compass.com,(916) 898-4085,Compass,Compass,Pueblo,Pueblo,CO,81508,4,13,13,5762300,3.2,C,84,Cold Outreach,Large (51-200 agents),2026-09-29T02:09:46Z
CREAM-20260929-00933,Danielle Brooks,Danielle Brooks,Danielle,Brooks,danielle.brooks@yahoo.com,(916) 417-7659,RE/MAX,RE/MAX,Boulder,Boulder,CO,81983,2,9,9,4131818,4.7,C,72,Brokerage Listings,Boutique (2-10 agents),2026-09-29T07:40:16Z
CREAM-20260929-00934,Grace Hall,Grace Hall,Grace,Hall,ghall@aol.com,(513) 730-2600,HER Realtors,HER Realtors,Lorain,Lorain,OH,43716,1,11,11,2192783,3.3,C,68,Realtor.com,Large (51-200 agents),2026-09-29T20:37:58Z
CREAM-20260929-00935,William Ramirez,William Ramirez,William,Ramirez,william.ramirez@berkshirehathaway.com,(805) 923-5978,Berkshire Hathaway,Berkshire Hathaway,High Point,High Point,NC,28500,20,65,65,16586080,4.4,C,70,Realtor.com,Independent,2026-09-29T15:56:03Z
CREAM-20260929-00936,Elizabeth Long,Elizabeth Long,Elizabeth,Long,elizabethl@icloud.com,(415) 243-1822,Huntington Real Estate,Huntington Real Estate,Canton,Canton,OH,44103,25,39,39,11702041,3.2,C,77,Website Lead,Independent,2026-09-29T21:30:35Z
CREAM-20260929-00937,Jerry Long,Jerry Long,Jerry,Long,jerrylong@yahoo.com,(512) 903-2617,Berkshire Hathaway,Berkshire Hathaway,Canton,Canton,OH,44944,4,18,18,4992367,4.5,C,64,Website Lead,Large (51-200 agents),2026-09-29T13:33:51Z
CREAM-20260929-00938,Jennifer Powell,Jennifer Powell,Jennifer,Powell,jennifer.powell@me.com,(713) 801-3570,Cutler Real Estate,Cutler Real Estate,Canton,Canton,OH,43718,1,12,12,2854341,4.7,C,78,Trade Show,Boutique (2-10 agents),2026-09-29T07:51:37Z
CREAM-20260929-00939,Karen Kim,Karen Kim,Karen,Kim,kkim@gmail.com,(614) 956-6278,eXp Realty,eXp Realty,Clearwater,Clearwater,FL,32363,4,25,25,12901042,3.3,C,60,NAR Directory,Large (51-200 agents),2026-09-29T09:35:06Z
CREAM-20260929-00940,Patricia Cruz,Patricia Cruz,Patricia,Cruz,patricia.cruz@berkshirehathaway.com,(407) 801-2809,Berkshire Hathaway,Berkshire Hathaway,Grand Prairie,Grand Prairie,TX,75754,4,25,25,10307631,4.0,C,62,Realtor.com,Independent,2026-09-29T05:12:38Z
CREAM-20260929-00941,Jennifer Moore,Jennifer Moore,Jennifer,Moore,jenniferm@compass.com,(718) 988-6414,Compass,Compass,Boulder,Boulder,CO,80683,13,29,29,11349074,5.0,C,91,NAR Directory,Boutique (2-10 agents),2026-09-29T12:06:51Z
CREAM-20260929-00942,Theresa Cox,Theresa Cox,Theresa,Cox,tcox@icloud.com,(334) 942-2988,RE/MAX,RE/MAX,Yuma,Yuma,AZ,85993,19,69,69,33968446,4.6,C,73,Website Lead,Mid-size (11-50 agents),2026-09-29T08:40:07Z
CREAM-20260929-00943,Roger Price,Roger Price,Roger,Price,rogerprice@yahoo.com,(310) 988-2444,RE/MAX,RE/MAX,Yuma,Yuma,AZ,85669,15,26,26,12571808,3.8,C,77,Website Lead,Independent,2026-09-29T04:10:52Z
CREAM-20260929-00944,Rebecca Johnson,Rebecca Johnson,Rebecca,Johnson,rebeccajohnson@yahoo.com,(234) 980-1839,Coldwell Banker,Coldwell Banker,Grand Prairie,Grand Prairie,TX,79124,10,54,54,15912986,3.2,C,66,Facebook,Large (51-200 agents),2026-09-29T00:42:54Z
CREAM-20260929-00945,Wayne Kim,Wayne Kim,Wayne,Kim,wkim@outlook.com,(305) 962-3047,Coldwell Banker,Coldwell Banker,Westminster,Westminster,CO,80559,6,24,24,14401989,4.5,C,84,Realtor.com,Independent,2026-09-29T15:21:01Z
CREAM-20260929-00946,Jacob Kim,Jacob Kim,Jacob,Kim,jacob.kim@re/max.com,(704) 457-1457,RE/MAX,RE/MAX,Avondale,Avondale,AZ,85508,21,66,66,29348553,4.5,C,79,MLS Database,Large (51-200 agents),2026-09-29T11:19:46Z
CREAM-20260929-00947,James Fisher,James Fisher,James,Fisher,jamesfisher@me.com,(916) 427-1501,8z Real Estate,8z Real Estate,Boulder,Boulder,CO,80192,16,44,44,24566840,4.8,C,77,Cold Outreach,Large (51-200 agents),2026-09-29T14:31:29Z
CREAM-20260929-00948,Jacqueline Jones,Jacqueline Jones,Jacqueline,Jones,jacquelinej@icloud.com,(310) 991-9557,Brown Harris Stevens,Brown Harris Stevens,Utica,Utica,NY,14374,0,2,2,1418348,4.0,C,87,Realtor.com,Enterprise (200+ agents),2026-09-29T17:07:27Z
CREAM-20260929-00949,John Carter,John Carter,John,Carter,john.carter@gmail.com,(919) 341-4845,Allen Tate,Allen Tate,Wilmington,Wilmington,NC,27845,23,29,29,9970881,3.5,C,68,Cold Outreach,Independent,2026-09-29T17:46:55Z
CREAM-20260929-00950,Raymond Long,Raymond Long,Raymond,Long,raymond.long@exprealty.com,(303) 203-7959,eXp Realty,eXp Realty,Lorain,Lorain,OH,44475,7,35,35,10043959,4.8,C,70,NAR Directory,Independent,2026-09-29T18:10:28Z
CREAM-20260929-00951,Jessica Russell,Jessica Russell,Jessica,Russell,jessicarussell@yahoo.com,(334) 461-7781,Berkshire Hathaway,Berkshire Hathaway,Yuma,Yuma,AZ,85472,3,17,17,7420661,4.3,C,77,Cold Outreach,Large (51-200 agents),2026-09-29T17:28:49Z
CREAM-20260929-00952,Christine Perry,Christine Perry,Christine,Perry,christine_perry@me.com,(310) 441-4948,Coldwell Banker,Coldwell Banker,Brownsville,Brownsville,TX,79582,5,9,9,2634389,4.1,C,73,NAR Directory,Boutique (2-10 agents),2026-09-29T02:48:32Z
CREAM-20260929-00953,Anna Jones,Anna Jones,Anna,Jones,anna.jones@century21.com,(513) 300-2703,Century 21,Century 21,Miramar,Miramar,FL,34604,6,16,16,7329715,4.9,C,87,MLS Database,Independent,2026-09-29T02:20:33Z
CREAM-20260929-00954,Rebecca Hall,Rebecca Hall,Rebecca,Hall,rebeccahall@icloud.com,(602) 857-5157,RE/MAX,RE/MAX,West Palm Beach,West Palm Beach,FL,32945,15,65,65,31679900,3.8,C,100,Brokerage Listings,Boutique (2-10 agents),2026-09-29T10:34:02Z
CREAM-20260929-00955,Pamela Long,Pamela Long,Pamela,Long,pamela.long@sothebysinternational.com,(469) 878-3219,Sotheby's International,Sotheby's International,Troy,Troy,NY,14572,16,37,37,20532057,3.4,C,82,Website Lead,Mid-size (11-50 agents),2026-09-29T03:29:40Z
CREAM-20260929-00956,Karen Harris,Karen Harris,Karen,Harris,karen.harris@re/max.com,(407) 825-9795,RE/MAX,RE/MAX,Pasadena,Pasadena,TX,79507,11,31,31,8181748,4.9,C,68,MLS Database,Mid-size (11-50 agents),2026-09-29T12:39:54Z
CREAM-20260929-00957,Jacqueline Davis,Jacqueline Davis,Jacqueline,Davis,jacquelined@re/max.com,(303) 753-8506,RE/MAX,RE/MAX,Westminster,Westminster,CO,80110,14,67,67,29931418,4.1,C,82,Brokerage Listings,Mid-size (11-50 agents),2026-09-29T15:08:20Z
CREAM-20260929-00958,Rebecca Cooper,Rebecca Cooper,Rebecca,Cooper,rebeccac@yahoo.com,(718) 588-8266,Keller Williams,Keller Williams,Yuma,Yuma,AZ,86632,21,28,28,14818012,3.2,C,92,NAR Directory,Independent,2026-09-29T17:36:56Z
CREAM-20260929-00959,George Edwards,George Edwards,George,Edwards,georgee@yahoo.com,(234) 577-2687,Howard Hanna,Howard Hanna,High Point,High Point,NC,27373,16,60,60,22853284,4.8,C,95,Referral Network,Independent,2026-09-29T00:10:43Z
CREAM-20260929-00960,Thomas Reed,Thomas Reed,Thomas,Reed,thomasr@yahoo.com,(929) 385-6668,Halstead,Halstead,Utica,Utica,NY,10928,4,14,14,8552560,3.1,C,65,Trade Show,Independent,2026-09-29T17:21:43Z
CREAM-20260929-00961,Albert Miller,Albert Miller,Albert,Miller,amiller@yahoo.com,(786) 460-2290,RE/MAX,RE/MAX,Pueblo,Pueblo,CO,80790,1,11,11,5711756,4.9,C,75,Brokerage Listings,Boutique (2-10 agents),2026-09-29T04:04:13Z
CREAM-20260929-00962,Olivia Johnson,Olivia Johnson,Olivia,Johnson,olivia.johnson@exprealty.com,(214) 304-3698,eXp Realty,eXp Realty,Coral Springs,Coral Springs,FL,34131,21,76,76,37257319,4.5,C,99,Referral Network,Large (51-200 agents),2026-09-29T07:04:54Z
CREAM-20260929-00963,Lauren Clark,Lauren Clark,Lauren,Clark,laurenclark@hotmail.com,(305) 590-1307,Keller Williams,Keller Williams,Hamilton,Hamilton,OH,44703,10,65,65,20175280,4.9,C,84,Website Lead,Boutique (2-10 agents),2026-09-29T03:40:03Z
CREAM-20260929-00964,Nicholas Cooper,Nicholas Cooper,Nicholas,Cooper,nicholascooper@icloud.com,(407) 814-2230,Berkshire Hathaway,Berkshire Hathaway,Palm Bay,Palm Bay,FL,34406,12,58,58,23358465,4.2,C,90,Website Lead,Boutique (2-10 agents),2026-09-29T23:03:45Z
CREAM-20260929-00965,Dennis Flores,Dennis Flores,Dennis,Flores,dennisflores@aol.com,(916) 302-4132,HER Realtors,HER Realtors,Youngstown,Youngstown,OH,45526,1,4,4,971292,4.5,C,85,MLS Database,Boutique (2-10 agents),2026-09-29T19:44:13Z
CREAM-20260929-00966,Charles Ward,Charles Ward,Charles,Ward,charlesward@icloud.com,(718) 593-7669,Allie Beth Allman,Allie Beth Allman,Mesquite,Mesquite,TX,79933,14,29,29,12396449,4.9,C,81,Facebook,Large (51-200 agents),2026-09-29T17:32:48Z
CREAM-20260929-00967,Rebecca Campbell,Rebecca Campbell,Rebecca,Campbell,rcampbell@gmail.com,(469) 301-8430,Coldwell Banker,Coldwell Banker,Youngstown,Youngstown,OH,45211,10,46,46,12642283,4.2,C,91,LinkedIn,Boutique (2-10 agents),2026-09-29T02:55:37Z
CREAM-20260929-00968,Thomas Rogers,Thomas Rogers,Thomas,Rogers,trogers@outlook.com,(718) 294-8693,Pacific Sotheby's,Pacific Sotheby's,Fremont,Fremont,CA,95692,24,44,44,42383014,3.4,C,60,MLS Database,Enterprise (200+ agents),2026-09-29T12:06:40Z
CREAM-20260929-00969,Jonathan Martin,Jonathan Martin,Jonathan,Martin,jonathan.martin@icloud.com,(214) 512-2590,Coldwell Banker,Coldwell Banker,Huntington Beach,Huntington Beach,CA,94835,1,3,3,2909654,4.3,C,84,Cold Outreach,Mid-size (11-50 agents),2026-09-29T13:45:29Z
CREAM-20260929-00970,David Nguyen,David Nguyen,David,Nguyen,davidn@berkshirehathaway.com,(704) 945-5037,Berkshire Hathaway,Berkshire Hathaway,Greenville,Greenville,NC,27702,22,80,80,33864199,3.0,C,66,LinkedIn,Independent,2026-09-29T05:45:37Z
CREAM-20260929-00971,Sharon Martinez,Sharon Martinez,Sharon,Martinez,sharon.martinez@berkshirehathaway.com,(334) 654-2744,Berkshire Hathaway,Berkshire Hathaway,Coral Springs,Coral Springs,FL,34583,7,36,36,17452774,3.4,C,92,Cold Outreach,Independent,2026-09-29T02:14:06Z
CREAM-20260929-00972,Samantha Rodriguez,Samantha Rodriguez,Samantha,Rodriguez,samanthar@sothebysinternational.com,(303) 470-9182,Sotheby's International,Sotheby's International,Hempstead,Hempstead,NY,13983,0,0,0,0,3.9,C,62,LinkedIn,Boutique (2-10 agents),2026-09-29T21:15:20Z
CREAM-20260929-00973,Jonathan Mitchell,Jonathan Mitchell,Jonathan,Mitchell,jonathan.mitchell@coldwellbanker.com,(972) 377-7932,Coldwell Banker,Coldwell Banker,Lorain,Lorain,OH,43329,13,66,66,15385714,3.9,C,68,Referral Network,Enterprise (200+ agents),2026-09-29T14:21:21Z
CREAM-20260929-00974,Ryan Reed,Ryan Reed,Ryan,Reed,ryanr@coldwellbanker.com,(212) 470-8142,Coldwell Banker,Coldwell Banker,Surprise,Surprise,AZ,85929,11,56,56,27934025,3.1,C,69,Cold Outreach,Mid-size (11-50 agents),2026-09-29T02:15:22Z
CREAM-20260929-00975,Theresa Moore,Theresa Moore,Theresa,Moore,theresa.moore@kellerwilliams.com,(214) 725-5508,Keller Williams,Keller Williams,Mesquite,Mesquite,TX,78679,4,15,15,5878325,4.7,C,84,Cold Outreach,Large (51-200 agents),2026-09-29T06:12:21Z
CREAM-20260929-00976,Rebecca Brooks,Rebecca Brooks,Rebecca,Brooks,rebecca_brooks@outlook.com,(714) 430-4014,Coldwell Banker,Coldwell Banker,Greenville,Greenville,NC,28207,15,27,27,9119325,3.8,C,73,Trade Show,Mid-size (11-50 agents),2026-09-29T17:46:17Z
CREAM-20260929-00977,James Ruiz,James Ruiz,James,Ruiz,james.ruiz@hotmail.com,(512) 910-2250,Berkshire Hathaway,Berkshire Hathaway,Wilmington,Wilmington,NC,27764,22,55,55,18589553,3.2,C,82,Cold Outreach,Large (51-200 agents),2026-09-29T02:15:20Z
CREAM-20260929-00978,Alan Jenkins,Alan Jenkins,Alan,Jenkins,alanjenkins@aol.com,(303) 209-5188,Compass,Compass,Westminster,Westminster,CO,81407,16,25,25,15764854,4.6,C,79,Cold Outreach,Enterprise (200+ agents),2026-09-29T00:30:54Z
CREAM-20260929-00979,James King,James King,James,King,jamesk@me.com,(407) 616-7525,Century 21,Century 21,Miramar,Miramar,FL,33242,25,42,42,12788924,4.4,C,68,NAR Directory,Large (51-200 agents),2026-09-29T23:39:52Z
CREAM-20260929-00980,Roger Sullivan,Roger Sullivan,Roger,Sullivan,roger.sullivan@yahoo.com,(212) 988-5129,Compass,Compass,Moreno Valley,Moreno Valley,CA,94890,22,74,74,49279912,4.4,C,88,Cold Outreach,Large (51-200 agents),2026-09-29T01:25:56Z
CREAM-20260929-00981,Jacqueline Ortiz,Jacqueline Ortiz,Jacqueline,Ortiz,jacqueline.ortiz@huntingtonrealestate.com,(980) 617-8649,Huntington Real Estate,Huntington Real Estate,Hamilton,Hamilton,OH,44288,20,57,57,17741379,3.9,C,66,LinkedIn,Independent,2026-09-29T13:51:57Z
CREAM-20260929-00982,Raymond Powell,Raymond Powell,Raymond,Powell,raymond.powell@berkshirehathawayhomeservices.com,(303) 775-8617,Berkshire Hathaway HomeServices,Berkshire Hathaway HomeServices,Huntington Beach,Huntington Beach,CA,96735,18,56,56,46868616,3.7,C,68,LinkedIn,Independent,2026-09-29T10:12:05Z
CREAM-20260929-00983,Sharon Garcia,Sharon Garcia,Sharon,Garcia,sharong@icloud.com,(718) 731-8061,Keller Williams,Keller Williams,White Plains,White Plains,NY,11520,11,70,70,43871482,3.8,C,91,MLS Database,Independent,2026-09-29T00:58:54Z
CREAM-20260929-00984,Michael Robinson,Michael Robinson,Michael,Robinson,michaelr@hotmail.com,(929) 575-2997,Howard Hanna,Howard Hanna,Concord,Concord,NC,28630,17,36,36,9073783,4.6,C,72,LinkedIn,Large (51-200 agents),2026-09-29T17:12:01Z
CREAM-20260929-00985,Louis Edwards,Louis Edwards,Louis,Edwards,louisedwards@yahoo.com,(513) 356-8238,RE/MAX,RE/MAX,Hamilton,Hamilton,OH,45630,10,53,53,14817300,4.8,C,76,Realtor.com,Independent,2026-09-29T08:18:06Z
CREAM-20260929-00986,Jacqueline Robinson,Jacqueline Robinson,Jacqueline,Robinson,jacqueline.robinson@aol.com,(404) 558-6319,RE/MAX,RE/MAX,Huntington Beach,Huntington Beach,CA,93752,15,45,45,34169333,3.6,C,77,Brokerage Listings,Independent,2026-09-29T00:09:58Z
CREAM-20260929-00987,Grace Clark,Grace Clark,Grace,Clark,grace.clark@gmail.com,(512) 547-9586,Century 21,Century 21,Clearwater,Clearwater,FL,33177,7,25,25,13343916,4.8,C,76,NAR Directory,Mid-size (11-50 agents),2026-09-29T13:51:18Z
CREAM-20260929-00988,Elizabeth Murphy,Elizabeth Murphy,Elizabeth,Murphy,elizabeth_murphy@me.com,(212) 469-9169,eXp Realty,eXp Realty,Hamilton,Hamilton,OH,44580,23,73,73,18774788,4.4,C,99,Referral Network,Large (51-200 agents),2026-09-29T12:04:41Z
CREAM-20260929-00989,Albert Lewis,Albert Lewis,Albert,Lewis,alewis@yahoo.com,(303) 461-1061,RE/MAX,RE/MAX,Hamilton,Hamilton,OH,45242,8,24,24,4786245,4.1,C,80,Brokerage Listings,Mid-size (11-50 agents),2026-09-29T05:42:51Z
CREAM-20260929-00990,Grace Perez,Grace Perez,Grace,Perez,grace.perez@berkshirehathawayhomeservices.com,(786) 847-2409,Berkshire Hathaway HomeServices,Berkshire Hathaway HomeServices,Irvine,Irvine,CA,92571,12,79,79,86274916,4.9,C,98,Facebook,Enterprise (200+ agents),2026-09-29T19:19:58Z
CREAM-20260929-00991,Robert White,Robert White,Robert,White,robert.white@me.com,(916) 653-6876,eXp Realty,eXp Realty,Oxnard,Oxnard,CA,94666,6,31,31,32014398,4.7,C,92,Facebook,Enterprise (200+ agents),2026-09-29T02:35:50Z
CREAM-20260929-00992,Emma Cruz,Emma Cruz,Emma,Cruz,emma.cruz@aol.com,(916) 326-7475,Coldwell Banker,Coldwell Banker,Clearwater,Clearwater,FL,33552,23,53,53,28228672,3.5,C,66,Facebook,Enterprise (200+ agents),2026-09-29T18:13:55Z
CREAM-20260929-00993,Eugene Watson,Eugene Watson,Eugene,Watson,eugene_watson@aol.com,(713) 936-5606,RE/MAX,RE/MAX,Grand Prairie,Grand Prairie,TX,79131,21,77,77,29852716,4.0,C,92,Realtor.com,Enterprise (200+ agents),2026-09-29T22:54:05Z
CREAM-20260929-00994,Brittany Ortiz,Brittany Ortiz,Brittany,Ortiz,brittanyortiz@me.com,(234) 604-9891,Coldwell Banker,Coldwell Banker,Hamilton,Hamilton,OH,45767,5,9,9,2217540,3.9,C,77,MLS Database,Enterprise (200+ agents),2026-09-29T06:55:50Z
CREAM-20260929-00995,Larry Jenkins,Larry Jenkins,Larry,Jenkins,larryj@huntingtonrealestate.com,(415) 962-5449,Huntington Real Estate,Huntington Real Estate,Canton,Canton,OH,44908,1,12,12,2506015,3.3,C,88,Website Lead,Enterprise (200+ agents),2026-09-29T06:03:48Z
CREAM-20260929-00996,Angela Walker,Angela Walker,Angela,Walker,angela.walker@homesmart.com,(214) 907-9074,HomeSmart,HomeSmart,Surprise,Surprise,AZ,85781,1,11,11,4034650,3.6,C,84,Facebook,Independent,2026-09-29T20:23:58Z
CREAM-20260929-00997,Brandon Green,Brandon Green,Brandon,Green,brandon_green@me.com,(212) 886-3709,Keller Williams Realty,Keller Williams Realty,Fontana,Fontana,CA,95300,0,3,3,2987542,3.1,C,61,LinkedIn,Large (51-200 agents),2026-09-29T11:27:51Z
CREAM-20260929-00998,Ruth Allen,Ruth Allen,Ruth,Allen,rutha@gmail.com,(512) 334-9133,Berkshire Hathaway,Berkshire Hathaway,High Point,High Point,NC,28204,0,5,5,2130413,4.1,C,82,Website Lead,Boutique (2-10 agents),2026-09-29T02:13:14Z
CREAM-20260929-00999,Janet Mitchell,Janet Mitchell,Janet,Mitchell,janet_mitchell@gmail.com,(916) 367-9670,Keller Williams,Keller Williams,Pasadena,Pasadena,TX,75693,6,40,40,17623532,3.8,C,74,Trade Show,Mid-size (11-50 agents),2026-09-29T04:34:54Z
CREAM-20260929-01000,Roger Morris,Roger Morris,Roger,Morris,roger_morris@me.com,(713) 509-4358,Long Realty,Long Realty,Avondale,Avondale,AZ,86197,3,18,18,7677989,4.2,C,99,LinkedIn,Independent,2026-09-29T06:54:39Z
