id,name,email,phone,company,city,state,zip,years_experience,transactions_last_year,priority,cream_fit_score,source,scraped_at
CREAM-20260804-00001,Raymond Kim,raymond.kim@cutlerrealestate.com,(334) 903-4824,Cutler Real Estate,Cleveland,OH,44906,1,7,A,89,Cold Outreach,2026-08-04T21:51:59Z
CREAM-20260804-00002,Joseph Cooper,josephc@aol.com,(602) 514-5728,Compass,Manhattan,NY,13227,3,10,A,63,Trade Show,2026-08-04T22:19:44Z
CREAM-20260804-00003,Nicholas Cooper,nicholascooper@gmail.com,(916) 226-2496,Cutler Real Estate,Cleveland,OH,43790,1,8,A,98,Cold Outreach,2026-08-04T18:01:48Z
CREAM-20260804-00004,Ruth Long,ruth_long@outlook.com,(303) 703-2494,Coldwell Banker,Phoenix,AZ,86456,0,4,A,87,Referral Network,2026-08-04T10:20:42Z
CREAM-20260804-00005,Kevin Evans,kevans@douglaselliman.com,(334) 522-5135,Douglas Elliman,Dallas,TX,77218,23,27,A,89,Referral Network,2026-08-04T16:52:00Z
CREAM-20260804-00006,Michael Harris,michael_harris@me.com,(714) 473-9998,Allen Tate,Raleigh,NC,27394,20,73,A,63,Trade Show,2026-08-04T22:31:07Z
CREAM-20260804-00007,Nicole Perry,nicolep@icloud.com,(334) 430-2858,Sotheby's International,Oakland,CA,93220,6,32,A,86,Brokerage Listings,2026-08-04T15:59:45Z
CREAM-20260804-00008,Rebecca Morris,rebeccam@homesmart.com,(972) 813-9327,HomeSmart,Mesa,AZ,85984,0,3,A,72,MLS Database,2026-08-04T08:49:50Z
CREAM-20260804-00009,Tyler Cook,tylerc@me.com,(646) 875-9022,eXp Realty,Cleveland,OH,43557,15,78,A,97,Website Lead,2026-08-04T15:22:21Z
CREAM-20260804-00010,Dorothy Harris,dharris@aol.com,(513) 684-7246,Berkshire Hathaway,Cleveland,OH,44779,4,9,A,80,Brokerage Listings,2026-08-04T15:02:08Z
CREAM-20260804-00011,Jeffrey Gonzalez,jeffrey.gonzalez@8zrealestate.com,(334) 680-5342,8z Real Estate,Denver,CO,81738,19,80,A,69,Referral Network,2026-08-04T20:05:54Z
CREAM-20260804-00012,Jonathan Carter,jonathan_carter@aol.com,(334) 440-5708,Compass,Aurora,CO,80864,2,3,A,99,MLS Database,2026-08-04T13:06:48Z
CREAM-20260804-00013,Nancy Ruiz,nancy.ruiz@outlook.com,(415) 641-3385,eXp Realty,Austin,TX,76643,7,24,A,82,Referral Network,2026-08-04T18:43:50Z
CREAM-20260804-00014,Daniel Hernandez,dhernandez@hotmail.com,(305) 853-5161,Compass,Tampa,FL,33361,5,12,A,74,NAR Directory,2026-08-04T14:57:18Z
CREAM-20260804-00015,Jeffrey Hall,jeffrey_hall@me.com,(714) 593-8916,Berkshire Hathaway,Miami,FL,32342,4,22,A,79,Referral Network,2026-08-04T18:22:36Z
CREAM-20260804-00016,John James,johnj@longrealty.com,(513) 708-5689,Long Realty,Mesa,AZ,85721,5,9,A,98,Facebook,2026-08-04T07:40:12Z
CREAM-20260804-00017,Benjamin Gonzalez,benjamin_gonzalez@gmail.com,(334) 502-6352,Keller Williams,Tucson,AZ,86279,2,8,A,68,Realtor.com,2026-08-04T04:50:34Z
CREAM-20260804-00018,Nicholas Wright,nwright@coldwellbanker.com,(919) 317-8673,Coldwell Banker,Aurora,CO,80244,15,72,A,81,Realtor.com,2026-08-04T21:46:43Z
CREAM-20260804-00019,George Lopez,georgel@herrealtors.com,(720) 966-5295,HER Realtors,Cincinnati,OH,45490,3,22,A,83,Facebook,2026-08-04T03:43:14Z
CREAM-20260804-00020,Emma Bailey,ebailey@me.com,(972) 917-5951,Allen Tate,Charlotte,NC,28219,8,35,A,89,Brokerage Listings,2026-08-04T01:02:19Z
CREAM-20260804-00021,Richard Walker,richardw@me.com,(513) 944-3531,Coldwell Banker,Charlotte,NC,28770,23,51,A,97,MLS Database,2026-08-04T15:39:26Z
CREAM-20260804-00022,Raymond Mitchell,rmitchell@aol.com,(212) 860-6876,Berkshire Hathaway,Phoenix,AZ,85507,1,4,A,83,LinkedIn,2026-08-04T06:07:54Z
CREAM-20260804-00023,Frank Ramirez,framirez@kellerwilliams.com,(714) 270-4394,Keller Williams,Charlotte,NC,27932,13,33,A,96,Realtor.com,2026-08-04T10:49:09Z
CREAM-20260804-00024,Charles Taylor,charles.taylor@me.com,(415) 443-6304,Berkshire Hathaway HomeServices,San Diego,CA,90278,6,19,A,60,LinkedIn,2026-08-04T01:08:47Z
CREAM-20260804-00025,Joseph Myers,josephm@icloud.com,(407) 426-1710,RE/MAX,Cincinnati,OH,45902,5,11,A,88,Website Lead,2026-08-04T09:29:41Z
CREAM-20260804-00026,Kathleen Phillips,kathleen_phillips@me.com,(310) 822-3430,Compass,Los Angeles,CA,90229,20,29,A,65,LinkedIn,2026-08-04T19:40:37Z
CREAM-20260804-00027,Scott Ortiz,scottortiz@hotmail.com,(513) 420-8046,eXp Realty,Colorado Springs,CO,81333,3,11,A,95,Referral Network,2026-08-04T10:52:29Z
CREAM-20260804-00028,Carolyn Gonzalez,carolyng@outlook.com,(334) 287-2527,Huntington Real Estate,Cleveland,OH,44198,3,23,A,64,Facebook,2026-08-04T04:35:03Z
CREAM-20260804-00029,Jessica Evans,jessica_evans@aol.com,(929) 560-2697,Compass,Aurora,CO,80258,7,24,A,98,Trade Show,2026-08-04T07:54:06Z
CREAM-20260804-00030,Melissa Anderson,melissa_anderson@aol.com,(720) 858-1430,eXp Realty,Aurora,CO,81129,2,12,A,99,Brokerage Listings,2026-08-04T08:44:48Z
CREAM-20260804-00031,Brian Smith,briansmith@me.com,(513) 848-1502,Coldwell Banker,Mesa,AZ,85864,4,10,A,69,Website Lead,2026-08-04T06:24:26Z
CREAM-20260804-00032,Christopher Mitchell,christophermitchell@icloud.com,(602) 972-1815,eXp Realty,Raleigh,NC,27378,0,0,A,69,Trade Show,2026-08-04T21:27:31Z
CREAM-20260804-00033,Paul Ramirez,paul.ramirez@outlook.com,(407) 883-6053,RE/MAX,Raleigh,NC,27325,2,12,A,91,Referral Network,2026-08-04T19:03:00Z
CREAM-20260804-00034,Margaret Foster,margaretf@outlook.com,(513) 640-3878,Sotheby's International,Queens,NY,11489,9,15,A,91,Website Lead,2026-08-04T22:14:32Z
CREAM-20260804-00035,Ronald Patel,ronald_patel@gmail.com,(646) 614-7843,Keller Williams,Denver,CO,81217,1,12,A,87,Referral Network,2026-08-04T00:20:10Z
CREAM-20260804-00036,George Lopez,glopez@hotmail.com,(334) 605-6083,Howard Hanna,Greensboro,NC,28326,24,50,A,93,Facebook,2026-08-04T05:04:32Z
CREAM-20260804-00037,Shirley Harris,sharris@yahoo.com,(714) 377-3504,Briggs Freeman Sotheby's,Fort Worth,TX,75281,3,12,A,76,Trade Show,2026-08-04T14:48:36Z
CREAM-20260804-00038,Larry Chavez,larryc@yahoo.com,(305) 846-5961,Allen Tate,Greensboro,NC,28705,4,10,A,90,NAR Directory,2026-08-04T11:32:04Z
CREAM-20260804-00039,Sharon Jones,sharonj@gmail.com,(407) 593-8581,Keller Williams,Scottsdale,AZ,85560,8,34,A,98,Cold Outreach,2026-08-04T20:12:20Z
CREAM-20260804-00040,Karen Davis,kdavis@compass.com,(256) 453-8172,Compass,Greensboro,NC,28636,8,31,A,71,Website Lead,2026-08-04T19:10:23Z
CREAM-20260804-00041,Deborah Evans,deborah.evans@aol.com,(404) 771-7333,Compass,Colorado Springs,CO,81358,16,29,A,81,Cold Outreach,2026-08-04T04:21:05Z
CREAM-20260804-00042,Michelle Wood,michellew@compass.com,(512) 858-6381,Compass,Orlando,FL,32786,8,24,A,95,Website Lead,2026-08-04T02:41:42Z
CREAM-20260804-00043,George Williams,gwilliams@outlook.com,(512) 358-2264,Huntington Real Estate,Cincinnati,OH,44964,1,6,A,74,MLS Database,2026-08-04T16:49:34Z
CREAM-20260804-00044,Carol Foster,cfoster@yahoo.com,(919) 369-8170,Coldwell Banker,Oakland,CA,90520,11,78,A,99,Facebook,2026-08-04T21:46:15Z
CREAM-20260804-00045,Andrew Long,andrew.long@compass.com,(469) 398-7026,Compass,Greensboro,NC,28572,15,76,A,90,LinkedIn,2026-08-04T12:32:33Z
CREAM-20260804-00046,Betty Perry,betty.perry@me.com,(972) 305-9452,Coldwell Banker,Columbus,OH,43391,1,8,A,95,MLS Database,2026-08-04T05:17:28Z
CREAM-20260804-00047,Barbara Lewis,barbara.lewis@hotmail.com,(415) 441-7326,Douglas Elliman,Jacksonville,FL,32483,7,27,A,92,Realtor.com,2026-08-04T00:20:59Z
CREAM-20260804-00048,Katherine Nelson,knelson@coldwellbanker.com,(704) 922-8685,Coldwell Banker,El Paso,TX,78730,21,69,A,68,NAR Directory,2026-08-04T02:01:16Z
CREAM-20260804-00049,Stephen Sanders,ssanders@halstead.com,(256) 444-7878,Halstead,Brooklyn,NY,14568,3,17,A,67,MLS Database,2026-08-04T03:53:57Z
CREAM-20260804-00050,Jonathan Williams,jonathanw@hotmail.com,(805) 784-7825,Berkshire Hathaway,Greensboro,NC,27780,6,34,A,82,MLS Database,2026-08-04T16:23:04Z
CREAM-20260804-00051,Jacob Garcia,jacobg@me.com,(415) 446-2698,Compass,San Jose,CA,96695,6,26,A,64,Facebook,2026-08-04T04:02:22Z
CREAM-20260804-00052,Daniel Jimenez,daniel_jimenez@me.com,(614) 994-8498,8z Real Estate,Aurora,CO,80400,0,1,A,64,Realtor.com,2026-08-04T01:50:12Z
CREAM-20260804-00053,Michelle Rogers,michellerogers@hotmail.com,(929) 565-1783,Compass,San Diego,CA,96771,14,27,A,72,Facebook,2026-08-04T08:07:51Z
CREAM-20260804-00054,Stephanie Myers,stephanie_myers@outlook.com,(415) 731-5369,8z Real Estate,Colorado Springs,CO,80844,11,56,A,91,Referral Network,2026-08-04T02:27:38Z
CREAM-20260804-00055,Donna Adams,donnaa@re/max.com,(718) 934-7981,RE/MAX,Fort Lauderdale,FL,32806,15,44,A,88,Trade Show,2026-08-04T11:28:02Z
CREAM-20260804-00056,Laura Scott,lauras@kellerwilliams.com,(919) 967-3621,Keller Williams,Aurora,CO,80246,4,19,A,92,Cold Outreach,2026-08-04T21:50:28Z
CREAM-20260804-00057,William Walker,williamwalker@gmail.com,(415) 580-8273,eXp Realty,San Francisco,CA,96178,5,12,A,88,Cold Outreach,2026-08-04T04:33:23Z
CREAM-20260804-00058,Katherine Scott,katherine.scott@me.com,(512) 775-2929,Berkshire Hathaway,Cleveland,OH,44893,0,3,A,93,LinkedIn,2026-08-04T22:28:13Z
CREAM-20260804-00059,Betty Thomas,betty_thomas@yahoo.com,(720) 555-2063,Coldwell Banker,Scottsdale,AZ,86407,20,30,A,80,Brokerage Listings,2026-08-04T22:45:59Z
CREAM-20260804-00060,Shirley Lewis,slewis@yahoo.com,(212) 786-7044,RE/MAX,Orlando,FL,33922,4,8,A,83,Website Lead,2026-08-04T04:39:56Z
CREAM-20260804-00061,Michelle Gomez,michelle_gomez@aol.com,(310) 857-2215,Douglas Elliman,Houston,TX,78577,5,10,A,68,Website Lead,2026-08-04T11:08:56Z
CREAM-20260804-00062,Laura Cook,lauracook@yahoo.com,(310) 926-4694,Keller Williams Realty,Tampa,FL,33631,15,35,A,70,LinkedIn,2026-08-04T02:16:12Z
CREAM-20260804-00063,Benjamin Hill,bhill@icloud.com,(720) 839-6531,RE/MAX,Tucson,AZ,85945,5,12,A,70,NAR Directory,2026-08-04T02:02:41Z
CREAM-20260804-00064,Jerry Kelly,jerry.kelly@hotmail.com,(786) 450-7653,Long Realty,Tucson,AZ,86564,23,43,A,79,MLS Database,2026-08-04T22:03:10Z
CREAM-20260804-00065,Kathleen Reyes,kreyes@outlook.com,(512) 333-7070,Berkshire Hathaway,Raleigh,NC,27426,16,71,A,82,Realtor.com,2026-08-04T14:07:17Z
CREAM-20260804-00066,Charles Gonzalez,cgonzalez@kellerwilliams.com,(214) 363-6364,Keller Williams,Charlotte,NC,28294,2,9,A,75,Brokerage Listings,2026-08-04T15:32:29Z
CREAM-20260804-00067,Amy Williams,amywilliams@hotmail.com,(415) 249-1828,RE/MAX,Raleigh,NC,28606,13,38,A,97,Cold Outreach,2026-08-04T20:43:30Z
CREAM-20260804-00068,Susan Parker,susanp@aol.com,(512) 252-4189,Coldwell Banker,Phoenix,AZ,86666,18,48,A,62,LinkedIn,2026-08-04T02:24:32Z
CREAM-20260804-00069,Emily Richardson,emily.richardson@re/max.com,(212) 574-3363,RE/MAX,Greensboro,NC,27716,18,48,A,81,Website Lead,2026-08-04T12:32:02Z
CREAM-20260804-00070,Sarah Alvarez,sarahalvarez@hotmail.com,(512) 535-6218,eXp Realty,Los Angeles,CA,91502,10,63,A,92,Cold Outreach,2026-08-04T23:53:19Z
CREAM-20260804-00071,Shirley Morgan,shirleym@hotmail.com,(720) 312-7824,8z Real Estate,Aurora,CO,81915,6,26,A,81,NAR Directory,2026-08-04T19:30:16Z
CREAM-20260804-00072,Michael Howard,michaelh@kellerwilliams.com,(512) 897-4968,Keller Williams,Staten Island,NY,10686,25,74,A,84,MLS Database,2026-08-04T06:01:28Z
CREAM-20260804-00073,Karen Evans,karenevans@hotmail.com,(407) 412-6325,LIV Sotheby's,Colorado Springs,CO,81638,7,37,A,68,Referral Network,2026-08-04T10:11:29Z
CREAM-20260804-00074,Amanda Gray,agray@yahoo.com,(805) 504-5735,eXp Realty,Aurora,CO,80806,14,60,A,79,Trade Show,2026-08-04T10:30:22Z
CREAM-20260804-00075,Jessica Kelly,jessica_kelly@aol.com,(256) 494-2294,Long Realty,Mesa,AZ,86552,4,12,A,78,LinkedIn,2026-08-04T23:30:13Z
CREAM-20260804-00076,Paul Bailey,paulb@brownharrisstevens.com,(805) 251-9700,Brown Harris Stevens,Bronx,NY,11753,2,12,A,75,Realtor.com,2026-08-04T01:06:26Z
CREAM-20260804-00077,Jacob Gonzalez,jacobg@coldwellbanker.com,(786) 866-4267,Coldwell Banker,Aurora,CO,81428,3,21,A,90,LinkedIn,2026-08-04T20:03:58Z
CREAM-20260804-00078,Brenda Robinson,brobinson@hotmail.com,(919) 707-4052,Keller Williams,El Paso,TX,77997,0,0,A,85,NAR Directory,2026-08-04T00:19:36Z
CREAM-20260804-00079,Andrew Collins,acollins@aol.com,(714) 315-6417,Douglas Elliman,San Antonio,TX,76848,22,54,A,77,Trade Show,2026-08-04T20:16:45Z
CREAM-20260804-00080,Jack Baker,jbaker@yahoo.com,(407) 535-2421,Berkshire Hathaway,Miami,FL,33785,2,9,A,87,MLS Database,2026-08-04T05:08:30Z
CREAM-20260804-00081,James King,jking@berkshirehathaway.com,(513) 786-1187,Berkshire Hathaway,Denver,CO,81769,1,7,A,97,Facebook,2026-08-04T22:15:03Z
CREAM-20260804-00082,Michelle Lee,michellel@me.com,(718) 426-4590,Allie Beth Allman,Austin,TX,76589,3,17,A,83,Brokerage Listings,2026-08-04T14:47:38Z
CREAM-20260804-00083,Rachel Peterson,rpeterson@aol.com,(214) 283-9609,8z Real Estate,Colorado Springs,CO,81640,13,68,A,98,Facebook,2026-08-04T02:58:36Z
CREAM-20260804-00084,Stephen Cook,scook@yahoo.com,(404) 896-4365,Berkshire Hathaway,Houston,TX,79600,1,11,A,88,MLS Database,2026-08-04T16:28:51Z
CREAM-20260804-00085,Thomas Rogers,thomas.rogers@icloud.com,(513) 222-7487,Compass,San Jose,CA,92936,20,68,A,79,NAR Directory,2026-08-04T23:13:37Z
CREAM-20260804-00086,Jason Hall,jason.hall@gmail.com,(713) 384-3218,RE/MAX,Houston,TX,78483,1,3,A,78,Referral Network,2026-08-04T14:55:58Z
CREAM-20260804-00087,David Mendoza,davidm@gmail.com,(407) 330-4648,Coldwell Banker,Cleveland,OH,43874,0,4,A,85,NAR Directory,2026-08-04T09:29:43Z
CREAM-20260804-00088,Timothy Robinson,trobinson@outlook.com,(256) 876-7868,Berkshire Hathaway,Cincinnati,OH,45884,12,71,A,67,NAR Directory,2026-08-04T07:13:04Z
CREAM-20260804-00089,Robert Edwards,robert.edwards@kellerwilliams.com,(212) 422-1924,Keller Williams,Fort Worth,TX,76615,4,22,A,74,LinkedIn,2026-08-04T07:52:58Z
CREAM-20260804-00090,Scott Foster,scott.foster@compass.com,(929) 481-1998,Compass,Aurora,CO,80741,22,39,A,86,Referral Network,2026-08-04T17:31:03Z
CREAM-20260804-00091,Christine Carter,christine_carter@yahoo.com,(704) 750-8758,Compass,Aurora,CO,80969,4,20,A,71,Realtor.com,2026-08-04T09:54:45Z
CREAM-20260804-00092,Linda Bailey,lindabailey@icloud.com,(916) 408-6411,Compass,Jacksonville,FL,34180,10,49,A,75,Trade Show,2026-08-04T11:05:34Z
CREAM-20260804-00093,Paul Carter,pcarter@aol.com,(714) 690-4422,Douglas Elliman,New York City,NY,12410,24,71,A,95,NAR Directory,2026-08-04T06:59:12Z
CREAM-20260804-00094,Dennis Morris,dmorris@hotmail.com,(704) 489-7236,Berkshire Hathaway,El Paso,TX,78646,3,25,A,80,Facebook,2026-08-04T09:16:23Z
CREAM-20260804-00095,Richard Perry,richardp@yahoo.com,(256) 776-4625,Compass,Raleigh,NC,27116,17,45,A,86,LinkedIn,2026-08-04T17:59:37Z
CREAM-20260804-00096,Karen Sanchez,karens@huntingtonrealestate.com,(303) 901-6530,Huntington Real Estate,Cleveland,OH,44881,0,3,A,95,Trade Show,2026-08-04T23:41:47Z
CREAM-20260804-00097,Nancy Sanders,nancys@allentate.com,(972) 755-1962,Allen Tate,Raleigh,NC,27959,23,56,A,71,MLS Database,2026-08-04T21:03:48Z
CREAM-20260804-00098,Sarah Watson,sarah.watson@sothebysinternational.com,(305) 582-1990,Sotheby's International,San Jose,CA,94753,3,14,A,92,Cold Outreach,2026-08-04T15:42:31Z
CREAM-20260804-00099,Jonathan Peterson,jonathanp@compass.com,(234) 714-8054,Compass,Los Angeles,CA,96283,14,59,A,78,MLS Database,2026-08-04T03:33:09Z
CREAM-20260804-00100,Emma Ortiz,emmao@aol.com,(512) 670-4984,Brown Harris Stevens,Brooklyn,NY,11407,1,4,A,83,MLS Database,2026-08-04T20:54:41Z
CREAM-20260804-00101,Stephanie Carter,stephanie.carter@me.com,(786) 644-6427,Compass,Los Angeles,CA,94978,3,13,A,65,MLS Database,2026-08-04T16:58:02Z
CREAM-20260804-00102,Raymond Reed,raymond.reed@kellerwilliams.com,(720) 233-3938,Keller Williams,Brooklyn,NY,12116,14,59,A,96,Realtor.com,2026-08-04T18:09:48Z
CREAM-20260804-00103,Joshua Lee,joshua_lee@me.com,(704) 957-3292,Berkshire Hathaway,Columbus,OH,45841,2,8,A,84,MLS Database,2026-08-04T16:47:22Z
CREAM-20260804-00104,Laura Robinson,laurarobinson@icloud.com,(303) 479-8381,RE/MAX,Los Angeles,CA,93333,1,8,A,61,Facebook,2026-08-04T17:24:27Z
CREAM-20260804-00105,Justin James,justinj@compass.com,(334) 474-3526,Compass,St. Petersburg,FL,33828,4,15,A,64,Brokerage Listings,2026-08-04T23:24:20Z
CREAM-20260804-00106,Barbara Smith,barbaras@gmail.com,(713) 659-9395,eXp Realty,Denver,CO,81205,0,0,A,71,NAR Directory,2026-08-04T02:22:35Z
CREAM-20260804-00107,Scott Powell,scott.powell@outlook.com,(513) 772-4977,Briggs Freeman Sotheby's,Fort Worth,TX,79633,1,9,A,65,Brokerage Listings,2026-08-04T21:24:10Z
CREAM-20260804-00108,Joshua Wright,joshua.wright@douglaselliman.com,(929) 695-2260,Douglas Elliman,Orlando,FL,33357,4,16,A,86,Realtor.com,2026-08-04T23:40:31Z
CREAM-20260804-00109,Susan Moore,smoore@brownharrisstevens.com,(512) 537-8212,Brown Harris Stevens,Manhattan,NY,12540,16,78,A,99,Cold Outreach,2026-08-04T04:19:20Z
CREAM-20260804-00110,Kenneth Thompson,kennetht@me.com,(919) 448-6339,Halstead,Manhattan,NY,13387,5,23,A,96,Referral Network,2026-08-04T11:07:59Z
CREAM-20260804-00111,Helen White,helen_white@me.com,(980) 909-2133,Douglas Elliman,Bronx,NY,13789,0,3,A,78,Trade Show,2026-08-04T04:40:19Z
CREAM-20260804-00112,Frank Martin,frank.martin@hotmail.com,(512) 747-9300,Halstead,Queens,NY,13656,25,55,A,97,NAR Directory,2026-08-04T11:44:57Z
CREAM-20260804-00113,Jerry Young,jerryy@briggsfreemansothebys.com,(704) 539-8052,Briggs Freeman Sotheby's,Houston,TX,75110,7,33,A,85,MLS Database,2026-08-04T08:14:32Z
CREAM-20260804-00114,Melissa Gomez,melissagomez@me.com,(234) 694-2712,Keller Williams,Manhattan,NY,12525,22,34,A,82,MLS Database,2026-08-04T03:53:46Z
CREAM-20260804-00115,Michelle Baker,michellebaker@hotmail.com,(305) 939-8412,Douglas Elliman,Orlando,FL,33168,17,55,A,66,LinkedIn,2026-08-04T01:51:45Z
CREAM-20260804-00116,Carol Chavez,cchavez@me.com,(212) 363-6422,RE/MAX,Houston,TX,79536,0,4,A,71,Trade Show,2026-08-04T07:51:25Z
CREAM-20260804-00117,Samantha James,samanthajames@yahoo.com,(512) 204-4519,Compass,Tampa,FL,32385,20,62,A,87,MLS Database,2026-08-04T18:06:51Z
CREAM-20260804-00118,Dorothy Sanchez,dorothys@douglaselliman.com,(310) 811-7367,Douglas Elliman,Orlando,FL,34501,4,24,A,100,Cold Outreach,2026-08-04T03:22:22Z
CREAM-20260804-00119,Daniel Gray,danielgray@gmail.com,(805) 512-2916,eXp Realty,Greensboro,NC,27482,10,45,A,67,Brokerage Listings,2026-08-04T16:24:26Z
CREAM-20260804-00120,Deborah Diaz,deborahdiaz@me.com,(786) 495-3298,Coldwell Banker,Fort Lauderdale,FL,32422,11,60,A,70,Trade Show,2026-08-04T19:03:55Z
CREAM-20260804-00121,Gary Moore,garymoore@icloud.com,(720) 703-7809,LIV Sotheby's,Denver,CO,81600,5,23,A,86,Brokerage Listings,2026-08-04T02:36:01Z
CREAM-20260804-00122,Robert Scott,rscott@aol.com,(212) 723-2854,Compass,Queens,NY,14216,20,61,A,91,LinkedIn,2026-08-04T17:52:23Z
CREAM-20260804-00123,Patrick Cruz,patrick.cruz@me.com,(214) 233-8368,Sotheby's International,Long Beach,CA,92456,5,15,A,79,MLS Database,2026-08-04T14:55:07Z
CREAM-20260804-00124,Diane Patel,dianepatel@me.com,(512) 411-4390,Nest Seekers,Brooklyn,NY,10683,19,35,A,99,Facebook,2026-08-04T17:17:38Z
CREAM-20260804-00125,Alexander Nguyen,alexandernguyen@me.com,(972) 260-5543,Berkshire Hathaway,Orlando,FL,34229,3,12,A,86,Brokerage Listings,2026-08-04T07:09:45Z
CREAM-20260804-00126,Ruth Gray,ruthgray@me.com,(512) 662-2237,Berkshire Hathaway,Denver,CO,80512,14,65,A,86,Website Lead,2026-08-04T23:17:44Z
CREAM-20260804-00127,Gary Adams,gary.adams@me.com,(919) 747-7516,Keller Williams,Colorado Springs,CO,80539,1,8,A,64,Realtor.com,2026-08-04T15:17:20Z
CREAM-20260804-00128,Stephen Kelly,stephen_kelly@aol.com,(404) 841-8529,Coldwell Banker,Mesa,AZ,85227,4,9,A,62,Brokerage Listings,2026-08-04T14:29:00Z
CREAM-20260804-00129,Raymond Taylor,rtaylor@exprealty.com,(916) 284-7092,eXp Realty,Columbus,OH,45764,0,5,A,83,Brokerage Listings,2026-08-04T01:25:40Z
CREAM-20260804-00130,Jason Wood,jason.wood@yahoo.com,(646) 431-9510,RE/MAX,Tucson,AZ,86109,4,10,A,68,NAR Directory,2026-08-04T22:21:52Z
CREAM-20260804-00131,Raymond Taylor,rtaylor@douglaselliman.com,(404) 520-7022,Douglas Elliman,Austin,TX,77240,0,5,A,66,Referral Network,2026-08-04T04:41:43Z
CREAM-20260804-00132,Angela Reed,areed@hotmail.com,(513) 355-7745,Keller Williams Realty,Miami,FL,34803,1,6,A,100,Trade Show,2026-08-04T06:05:57Z
CREAM-20260804-00133,Dennis Thomas,dennis_thomas@outlook.com,(303) 286-5065,Allie Beth Allman,Dallas,TX,79715,0,1,A,77,Cold Outreach,2026-08-04T23:38:18Z
CREAM-20260804-00134,Frank Hill,frankhill@yahoo.com,(919) 445-9108,Sotheby's International,Long Beach,CA,93215,18,43,A,63,Realtor.com,2026-08-04T15:40:38Z
CREAM-20260804-00135,Mary Campbell,maryc@briggsfreemansothebys.com,(720) 376-8717,Briggs Freeman Sotheby's,Fort Worth,TX,75117,4,19,A,94,Cold Outreach,2026-08-04T02:00:16Z
CREAM-20260804-00136,Linda Jenkins,lindajenkins@aol.com,(334) 855-9791,Halstead,New York City,NY,14730,1,9,A,85,Brokerage Listings,2026-08-04T08:05:19Z
CREAM-20260804-00137,Anthony Russell,anthony_russell@icloud.com,(513) 444-1948,Coldwell Banker,Fort Worth,TX,76188,8,24,A,87,Referral Network,2026-08-04T03:29:39Z
CREAM-20260804-00138,Christine Patel,christinep@coldwellbanker.com,(602) 708-6680,Coldwell Banker,San Diego,CA,94629,10,69,A,60,LinkedIn,2026-08-04T05:23:08Z
CREAM-20260804-00139,Jerry Brown,jerryb@icloud.com,(303) 278-9128,Russell Lyon Sotheby's,Phoenix,AZ,86623,8,23,A,96,Facebook,2026-08-04T01:31:54Z
CREAM-20260804-00140,Christopher Allen,christopher.allen@yahoo.com,(256) 212-5006,RE/MAX,Orlando,FL,32583,2,11,A,60,Facebook,2026-08-04T12:58:09Z
CREAM-20260804-00141,Stephen Perry,stephen.perry@compass.com,(980) 279-7108,Compass,Miami,FL,32614,1,8,A,77,NAR Directory,2026-08-04T05:14:51Z
CREAM-20260804-00142,William Reyes,williamr@outlook.com,(234) 577-4287,Berkshire Hathaway HomeServices,San Jose,CA,92677,0,4,A,89,LinkedIn,2026-08-04T23:39:15Z
CREAM-20260804-00143,Pamela Murphy,pamelamurphy@aol.com,(972) 619-1391,Berkshire Hathaway,Raleigh,NC,27654,0,1,A,60,Facebook,2026-08-04T20:53:44Z
CREAM-20260804-00144,James Ross,jamesr@gmail.com,(713) 703-1981,Compass,San Diego,CA,91828,12,58,A,75,LinkedIn,2026-08-04T02:02:58Z
CREAM-20260804-00145,Edward Hughes,edward.hughes@icloud.com,(303) 603-2226,Nest Seekers,Bronx,NY,14681,3,24,A,68,NAR Directory,2026-08-04T13:42:08Z
CREAM-20260804-00146,Kimberly Green,kimberlyg@outlook.com,(334) 407-3230,Halstead,Queens,NY,14211,20,42,A,74,Brokerage Listings,2026-08-04T03:10:28Z
CREAM-20260804-00147,Edward Thomas,ethomas@hotmail.com,(214) 322-2481,Allen Tate,Raleigh,NC,27926,15,54,A,76,LinkedIn,2026-08-04T22:44:38Z
CREAM-20260804-00148,Dorothy Jackson,dorothyj@hotmail.com,(916) 378-1509,RE/MAX,San Francisco,CA,93975,22,28,A,79,Trade Show,2026-08-04T17:47:35Z
CREAM-20260804-00149,Cynthia Wilson,cynthia.wilson@sothebysinternational.com,(980) 610-7098,Sotheby's International,New York City,NY,10696,13,33,A,72,Cold Outreach,2026-08-04T08:58:52Z
CREAM-20260804-00150,William Sanchez,william.sanchez@aol.com,(305) 251-3752,Douglas Elliman,Houston,TX,79543,4,11,A,62,Referral Network,2026-08-04T15:01:24Z
CREAM-20260804-00151,Amanda Ramirez,aramirez@coldwellbanker.com,(718) 831-5026,Coldwell Banker,Columbus,OH,45402,3,9,A,99,Trade Show,2026-08-04T13:56:35Z
CREAM-20260804-00152,Barbara Scott,barbara.scott@howardhanna.com,(303) 756-1319,Howard Hanna,Charlotte,NC,28900,2,11,A,75,Facebook,2026-08-04T15:34:50Z
CREAM-20260804-00153,Larry Cook,lcook@gmail.com,(234) 997-5602,Allen Tate,Raleigh,NC,27928,16,63,A,74,Trade Show,2026-08-04T16:22:49Z
CREAM-20260804-00154,Richard Young,richardy@compass.com,(214) 597-6813,Compass,Brooklyn,NY,11280,3,15,A,96,Realtor.com,2026-08-04T18:20:51Z
CREAM-20260804-00155,Patricia Price,patriciaprice@yahoo.com,(212) 516-3876,Compass,Aurora,CO,81138,5,14,A,91,MLS Database,2026-08-04T01:14:38Z
CREAM-20260804-00156,Angela Morris,angelamorris@yahoo.com,(972) 531-1975,Douglas Elliman,New York City,NY,10251,10,46,A,71,Cold Outreach,2026-08-04T22:58:09Z
CREAM-20260804-00157,George Martinez,george_martinez@icloud.com,(310) 339-3580,Briggs Freeman Sotheby's,Fort Worth,TX,78910,9,25,A,79,Trade Show,2026-08-04T20:20:11Z
CREAM-20260804-00158,Christine Ramos,christiner@yahoo.com,(614) 786-7415,Coldwell Banker,Denver,CO,80286,11,71,A,60,Cold Outreach,2026-08-04T10:58:51Z
CREAM-20260804-00159,Larry Wilson,larryw@kellerwilliams.com,(310) 371-2453,Keller Williams,Staten Island,NY,12557,3,15,A,82,NAR Directory,2026-08-04T08:13:15Z
CREAM-20260804-00160,Steven Powell,steven.powell@hotmail.com,(469) 623-9078,RE/MAX,San Antonio,TX,78459,4,21,A,70,Website Lead,2026-08-04T12:06:53Z
CREAM-20260804-00161,Katherine Ross,katherine.ross@berkshirehathaway.com,(310) 467-2715,Berkshire Hathaway,Greensboro,NC,27450,3,17,A,61,Brokerage Listings,2026-08-04T12:10:46Z
CREAM-20260804-00162,Barbara Baker,barbara_baker@me.com,(602) 254-2659,Douglas Elliman,Fort Worth,TX,77310,11,63,A,87,Realtor.com,2026-08-04T13:44:35Z
CREAM-20260804-00163,Joshua Walker,joshuaw@re/max.com,(256) 569-1062,RE/MAX,Mesa,AZ,86189,5,23,A,69,LinkedIn,2026-08-04T21:40:38Z
CREAM-20260804-00164,Richard Brown,rbrown@berkshirehathaway.com,(929) 607-8715,Berkshire Hathaway,Charlotte,NC,28776,8,30,A,67,LinkedIn,2026-08-04T02:41:34Z
CREAM-20260804-00165,Melissa Carter,melissa.carter@huntingtonrealestate.com,(916) 431-5400,Huntington Real Estate,Columbus,OH,45163,1,10,A,89,Brokerage Listings,2026-08-04T22:42:06Z
CREAM-20260804-00166,Brian Russell,brianrussell@yahoo.com,(980) 735-7858,Allie Beth Allman,El Paso,TX,79803,5,9,A,84,Trade Show,2026-08-04T18:56:15Z
CREAM-20260804-00167,David Gomez,davidgomez@aol.com,(512) 323-8357,Keller Williams,Raleigh,NC,27271,24,68,A,99,Realtor.com,2026-08-04T06:08:02Z
CREAM-20260804-00168,Debra Parker,dparker@aol.com,(972) 944-2097,Berkshire Hathaway,Columbus,OH,43497,2,7,A,80,Website Lead,2026-08-04T12:35:20Z
CREAM-20260804-00169,Mary Powell,mary.powell@longrealty.com,(646) 976-2641,Long Realty,Scottsdale,AZ,85676,10,61,A,97,MLS Database,2026-08-04T09:55:34Z
CREAM-20260804-00170,Kimberly Roberts,kimberly_roberts@gmail.com,(512) 833-7581,8z Real Estate,Colorado Springs,CO,80505,11,42,A,85,Facebook,2026-08-04T22:15:03Z
CREAM-20260804-00171,Melissa Williams,melissaw@outlook.com,(214) 433-3201,Allen Tate,Raleigh,NC,28861,1,10,A,66,Trade Show,2026-08-04T10:17:46Z
CREAM-20260804-00172,Samuel Lopez,samuel_lopez@me.com,(214) 582-1920,Berkshire Hathaway,Cincinnati,OH,45910,21,73,A,93,Brokerage Listings,2026-08-04T02:19:45Z
CREAM-20260804-00173,Maria Ortiz,maria.ortiz@kellerwilliams.com,(305) 251-6904,Keller Williams,Columbus,OH,45303,7,22,A,62,LinkedIn,2026-08-04T11:52:29Z
CREAM-20260804-00174,Jessica Mendoza,jmendoza@kellerwilliams.com,(214) 685-6730,Keller Williams,Cincinnati,OH,44267,25,53,A,71,LinkedIn,2026-08-04T23:53:44Z
CREAM-20260804-00175,Patricia Roberts,patriciar@kellerwilliams.com,(720) 411-5408,Keller Williams,San Antonio,TX,78625,3,15,A,74,NAR Directory,2026-08-04T21:00:30Z
CREAM-20260804-00176,Daniel Kim,danielk@kellerwilliamsrealty.com,(469) 585-6713,Keller Williams Realty,St. Petersburg,FL,33358,1,7,A,87,Realtor.com,2026-08-04T14:19:43Z
CREAM-20260804-00177,Susan Smith,susansmith@icloud.com,(786) 265-6509,Huntington Real Estate,Cincinnati,OH,44755,4,17,A,66,Facebook,2026-08-04T08:16:41Z
CREAM-20260804-00178,Karen Gutierrez,karengutierrez@hotmail.com,(513) 226-9148,Berkshire Hathaway,Tucson,AZ,86365,16,68,A,68,Referral Network,2026-08-04T12:24:47Z
CREAM-20260804-00179,Alexander Kelly,akelly@me.com,(407) 507-3785,Sotheby's International,Sacramento,CA,96773,5,23,A,82,Website Lead,2026-08-04T05:18:06Z
CREAM-20260804-00180,Jack King,jackk@me.com,(805) 962-6031,Coldwell Banker,Charlotte,NC,28907,0,1,A,82,Facebook,2026-08-04T11:16:37Z
CREAM-20260804-00181,Jessica Stewart,jessicastewart@icloud.com,(469) 399-9199,Keller Williams,Scottsdale,AZ,85988,25,29,A,90,Referral Network,2026-08-04T16:19:26Z
CREAM-20260804-00182,Karen Moore,karenmoore@hotmail.com,(704) 282-8988,Sotheby's International,Long Beach,CA,92746,10,45,A,71,Brokerage Listings,2026-08-04T10:40:03Z
CREAM-20260804-00183,Emily Clark,eclark@hotmail.com,(713) 848-8035,Coldwell Banker,San Jose,CA,93539,8,19,A,99,Trade Show,2026-08-04T12:00:02Z
CREAM-20260804-00184,Melissa Johnson,melissajohnson@yahoo.com,(303) 951-5076,Nest Seekers,Staten Island,NY,11810,6,36,A,60,Facebook,2026-08-04T09:08:06Z
CREAM-20260804-00185,Pamela Flores,pamela.flores@coldwellbanker.com,(513) 732-9587,Coldwell Banker,Cincinnati,OH,44544,15,43,A,89,Brokerage Listings,2026-08-04T10:57:31Z
CREAM-20260804-00186,Nancy Russell,nancy.russell@berkshirehathaway.com,(646) 716-3768,Berkshire Hathaway,Denver,CO,80475,10,38,A,61,NAR Directory,2026-08-04T12:56:40Z
CREAM-20260804-00187,Scott Miller,scott.miller@gmail.com,(305) 589-3024,RE/MAX,Phoenix,AZ,86585,2,4,A,86,Brokerage Listings,2026-08-04T06:44:43Z
CREAM-20260804-00188,Rebecca James,rebeccaj@icloud.com,(980) 307-9381,RE/MAX,San Diego,CA,95732,2,5,A,86,MLS Database,2026-08-04T09:07:50Z
CREAM-20260804-00189,Betty Cox,bettycox@yahoo.com,(602) 240-9980,Berkshire Hathaway,Austin,TX,78312,1,9,A,78,Trade Show,2026-08-04T10:15:00Z
CREAM-20260804-00190,Barbara Anderson,barbara.anderson@pacificsothebys.com,(469) 462-4787,Pacific Sotheby's,Oakland,CA,93403,22,29,A,66,LinkedIn,2026-08-04T14:03:06Z
CREAM-20260804-00191,Donna Campbell,donna.campbell@gmail.com,(720) 862-3793,eXp Realty,Miami,FL,33466,7,15,A,68,Trade Show,2026-08-04T19:17:56Z
CREAM-20260804-00192,Carol White,carol_white@outlook.com,(919) 631-3732,RE/MAX,San Antonio,TX,75235,18,69,A,90,NAR Directory,2026-08-04T05:06:26Z
CREAM-20260804-00193,Gregory Cruz,gregoryc@icloud.com,(786) 699-2850,Coldwell Banker,Greensboro,NC,28551,6,36,A,68,NAR Directory,2026-08-04T02:16:41Z
CREAM-20260804-00194,Alexander Gray,alexanderg@icloud.com,(404) 643-5072,LIV Sotheby's,Denver,CO,81454,22,69,A,99,Referral Network,2026-08-04T04:53:52Z
CREAM-20260804-00195,Samuel Lee,slee@gmail.com,(310) 484-1824,Pacific Sotheby's,Los Angeles,CA,94328,21,45,A,75,Website Lead,2026-08-04T20:24:25Z
CREAM-20260804-00196,Ryan Cruz,rcruz@kellerwilliams.com,(786) 963-1291,Keller Williams,New York City,NY,10513,4,18,A,67,Referral Network,2026-08-04T01:35:35Z
CREAM-20260804-00197,Barbara Jenkins,barbarajenkins@yahoo.com,(415) 255-4652,Berkshire Hathaway HomeServices,Long Beach,CA,96565,5,22,A,81,Facebook,2026-08-04T17:49:39Z
CREAM-20260804-00198,Frank Campbell,frankc@compass.com,(415) 848-5783,Compass,Greensboro,NC,28818,13,25,A,81,MLS Database,2026-08-04T01:57:10Z
CREAM-20260804-00199,Catherine Myers,catherinem@howardhanna.com,(972) 602-4532,Howard Hanna,Charlotte,NC,28944,12,37,A,67,Realtor.com,2026-08-04T22:21:06Z
CREAM-20260804-00200,Samantha Gray,samantha_gray@hotmail.com,(786) 204-9689,RE/MAX,Columbus,OH,45149,24,57,A,68,Website Lead,2026-08-04T13:53:37Z
CREAM-20260804-00201,Maria Thompson,mthompson@gmail.com,(469) 529-9259,Coldwell Banker,Greensboro,NC,28528,1,12,A,98,Cold Outreach,2026-08-04T22:48:15Z
CREAM-20260804-00202,Carol Nguyen,cnguyen@hotmail.com,(929) 918-9975,HomeSmart,Scottsdale,AZ,86828,25,69,A,92,Website Lead,2026-08-04T20:13:12Z
CREAM-20260804-00203,Catherine Nguyen,cnguyen@me.com,(614) 852-6281,Nest Seekers,Bronx,NY,10879,11,57,A,94,Facebook,2026-08-04T17:30:37Z
CREAM-20260804-00204,Janet Morgan,janet_morgan@aol.com,(234) 590-3381,eXp Realty,Cincinnati,OH,43786,6,31,A,66,NAR Directory,2026-08-04T06:17:48Z
CREAM-20260804-00205,Debra Allen,debraa@yahoo.com,(980) 663-2679,Coldwell Banker,Orlando,FL,34988,2,3,A,82,Website Lead,2026-08-04T07:47:41Z
CREAM-20260804-00206,Shirley Powell,shirley.powell@hotmail.com,(212) 255-1212,eXp Realty,Columbus,OH,45357,18,51,A,80,Realtor.com,2026-08-04T19:55:49Z
CREAM-20260804-00207,Samantha Price,samanthaprice@me.com,(929) 659-3906,Allen Tate,Charlotte,NC,27291,2,6,A,72,Brokerage Listings,2026-08-04T23:32:07Z
CREAM-20260804-00208,Jason Scott,jasons@exprealty.com,(305) 926-3536,eXp Realty,Columbus,OH,43257,14,25,A,81,Facebook,2026-08-04T19:03:49Z
CREAM-20260804-00209,Heather Kelly,heatherk@russelllyonsothebys.com,(602) 733-2117,Russell Lyon Sotheby's,Scottsdale,AZ,85525,1,11,A,74,Website Lead,2026-08-04T17:25:05Z
CREAM-20260804-00210,Margaret James,margaretj@yahoo.com,(212) 970-1144,Compass,Denver,CO,80784,25,58,A,90,Facebook,2026-08-04T14:15:57Z
CREAM-20260804-00211,Debra Adams,debra.adams@hotmail.com,(234) 729-7143,Halstead,New York City,NY,14922,1,11,A,78,Website Lead,2026-08-04T14:31:02Z
CREAM-20260804-00212,Dorothy Rogers,drogers@aol.com,(303) 267-4453,RE/MAX,Tucson,AZ,85985,5,25,A,60,Referral Network,2026-08-04T03:13:34Z
CREAM-20260804-00213,Elizabeth Myers,elizabethm@coldwellbanker.com,(334) 255-3916,Coldwell Banker,Cincinnati,OH,44671,1,3,A,65,MLS Database,2026-08-04T18:52:14Z
CREAM-20260804-00214,Deborah Edwards,deborah.edwards@hotmail.com,(303) 937-2036,Long Realty,Scottsdale,AZ,85817,9,32,A,60,MLS Database,2026-08-04T11:59:32Z
CREAM-20260804-00215,Tyler Mendoza,tylerm@aol.com,(980) 876-1504,eXp Realty,San Antonio,TX,78260,4,20,A,85,Website Lead,2026-08-04T07:08:47Z
CREAM-20260804-00216,Donna Brooks,donnab@coldwellbanker.com,(212) 768-3316,Coldwell Banker,Cincinnati,OH,43142,2,8,A,60,NAR Directory,2026-08-04T18:38:25Z
CREAM-20260804-00217,Anthony Myers,anthonym@briggsfreemansothebys.com,(602) 426-5140,Briggs Freeman Sotheby's,San Antonio,TX,76217,5,12,A,70,Brokerage Listings,2026-08-04T21:51:36Z
CREAM-20260804-00218,Dennis Peterson,dennis.peterson@outlook.com,(404) 402-8982,Pacific Sotheby's,Long Beach,CA,92465,5,10,A,76,Brokerage Listings,2026-08-04T21:41:15Z
CREAM-20260804-00219,Emma Rodriguez,emma_rodriguez@outlook.com,(512) 779-6971,Berkshire Hathaway,San Antonio,TX,77538,2,7,A,97,Brokerage Listings,2026-08-04T00:20:15Z
CREAM-20260804-00220,Jack Chavez,jchavez@halstead.com,(469) 691-8583,Halstead,Staten Island,NY,13467,10,68,A,81,LinkedIn,2026-08-04T15:35:06Z
CREAM-20260804-00221,Nicole Hernandez,nhernandez@icloud.com,(334) 944-2235,Berkshire Hathaway,St. Petersburg,FL,32969,12,41,A,100,Website Lead,2026-08-04T20:01:52Z
CREAM-20260804-00222,Margaret Jones,margaretjones@hotmail.com,(805) 990-5767,eXp Realty,Cincinnati,OH,43575,10,48,A,85,Website Lead,2026-08-04T16:05:25Z
CREAM-20260804-00223,Mary James,maryjames@me.com,(512) 656-3608,LIV Sotheby's,Aurora,CO,80679,11,73,A,92,Cold Outreach,2026-08-04T21:55:09Z
CREAM-20260804-00224,Jennifer Lewis,jlewis@compass.com,(720) 411-9485,Compass,Raleigh,NC,28497,17,39,A,62,Trade Show,2026-08-04T14:56:02Z
CREAM-20260804-00225,Dorothy Wilson,dorothyw@icloud.com,(512) 869-7201,Berkshire Hathaway HomeServices,Oakland,CA,92701,2,12,A,71,MLS Database,2026-08-04T16:16:24Z
CREAM-20260804-00226,Stephanie Rivera,stephanie_rivera@icloud.com,(305) 369-4768,Nest Seekers,Bronx,NY,10626,6,31,A,68,LinkedIn,2026-08-04T06:09:11Z
CREAM-20260804-00227,Nicole Alvarez,nicole_alvarez@aol.com,(720) 690-8848,RE/MAX,Orlando,FL,32704,4,11,A,90,Brokerage Listings,2026-08-04T20:53:26Z
CREAM-20260804-00228,Jennifer Taylor,jennifert@coldwellbanker.com,(256) 370-5231,Coldwell Banker,San Francisco,CA,91629,7,33,A,69,Referral Network,2026-08-04T19:36:40Z
CREAM-20260804-00229,Carolyn James,cjames@hotmail.com,(602) 424-7730,Berkshire Hathaway HomeServices,Oakland,CA,94246,2,10,A,90,Cold Outreach,2026-08-04T05:39:42Z
CREAM-20260804-00230,Patrick Mendoza,patrickmendoza@icloud.com,(512) 335-2778,Russell Lyon Sotheby's,Tucson,AZ,85307,3,15,A,84,Website Lead,2026-08-04T16:43:26Z
CREAM-20260804-00231,Richard Thompson,richardthompson@gmail.com,(334) 693-3135,Douglas Elliman,Fort Lauderdale,FL,34652,23,57,A,67,NAR Directory,2026-08-04T21:41:27Z
CREAM-20260804-00232,Jennifer Hughes,jhughes@herrealtors.com,(919) 959-2600,HER Realtors,Cleveland,OH,44237,1,8,A,97,LinkedIn,2026-08-04T15:49:14Z
CREAM-20260804-00233,Scott Cooper,scott.cooper@alliebethallman.com,(407) 320-9515,Allie Beth Allman,San Antonio,TX,75484,5,8,A,96,Realtor.com,2026-08-04T22:51:20Z
CREAM-20260804-00234,Susan Martin,susanm@outlook.com,(415) 826-5514,HER Realtors,Cleveland,OH,45506,23,52,A,96,Realtor.com,2026-08-04T13:35:50Z
CREAM-20260804-00235,Melissa Bailey,mbailey@compass.com,(513) 341-2951,Compass,Charlotte,NC,27557,5,19,A,85,Brokerage Listings,2026-08-04T03:13:32Z
CREAM-20260804-00236,Aaron Peterson,aaronp@kellerwilliams.com,(980) 348-8727,Keller Williams,Cleveland,OH,45545,6,40,A,65,MLS Database,2026-08-04T02:16:14Z
CREAM-20260804-00237,Nicole Jones,nicole_jones@icloud.com,(614) 811-1941,Berkshire Hathaway,Denver,CO,80755,2,11,A,78,Trade Show,2026-08-04T14:00:12Z
CREAM-20260804-00238,Robert Powell,robert.powell@outlook.com,(334) 482-7544,Berkshire Hathaway,Tucson,AZ,86785,3,8,A,70,Referral Network,2026-08-04T12:37:12Z
CREAM-20260804-00239,Alexander Rodriguez,alexanderrodriguez@icloud.com,(805) 820-4187,RE/MAX,Oakland,CA,93513,4,19,A,77,Cold Outreach,2026-08-04T00:16:11Z
CREAM-20260804-00240,Susan Bailey,susanb@gmail.com,(980) 788-5098,RE/MAX,Cincinnati,OH,45553,22,41,A,94,Referral Network,2026-08-04T18:30:49Z
CREAM-20260804-00241,Maria Collins,maria.collins@hotmail.com,(512) 848-4610,Keller Williams,Queens,NY,11919,3,16,A,64,Facebook,2026-08-04T13:22:33Z
CREAM-20260804-00242,Kimberly Young,kimberlyy@berkshirehathawayhomeservices.com,(212) 382-8807,Berkshire Hathaway HomeServices,Oakland,CA,92462,2,8,A,64,Realtor.com,2026-08-04T18:17:11Z
CREAM-20260804-00243,Jack Sanchez,jacks@yahoo.com,(980) 833-6833,Compass,Manhattan,NY,11897,3,14,A,75,MLS Database,2026-08-04T03:58:05Z
CREAM-20260804-00244,James Ross,jamesr@icloud.com,(214) 481-9041,Keller Williams,Greensboro,NC,27882,4,23,A,96,Website Lead,2026-08-04T08:25:14Z
CREAM-20260804-00245,Angela Perry,angelaperry@gmail.com,(214) 902-3863,Compass,Miami,FL,33223,22,47,A,85,Website Lead,2026-08-04T14:20:44Z
CREAM-20260804-00246,Gregory Clark,gregoryc@outlook.com,(602) 761-5306,Compass,Los Angeles,CA,91375,25,80,A,76,Trade Show,2026-08-04T19:21:23Z
CREAM-20260804-00247,Jason Clark,jasonc@outlook.com,(602) 785-3148,Compass,Jacksonville,FL,34802,18,42,A,88,Realtor.com,2026-08-04T03:46:17Z
CREAM-20260804-00248,Laura Carter,laurac@compass.com,(602) 631-9185,Compass,Bronx,NY,11969,10,55,A,60,Website Lead,2026-08-04T17:46:20Z
CREAM-20260804-00249,Steven Bailey,sbailey@gmail.com,(786) 844-2577,Keller Williams,Raleigh,NC,28862,12,77,A,76,Facebook,2026-08-04T08:23:23Z
CREAM-20260804-00250,John Evans,johnevans@yahoo.com,(602) 999-5663,RE/MAX,Mesa,AZ,86432,24,61,A,94,Website Lead,2026-08-04T15:49:47Z
CREAM-20260804-00251,Timothy Ward,tward@aol.com,(713) 846-7631,eXp Realty,Charlotte,NC,27181,11,65,A,81,Brokerage Listings,2026-08-04T10:14:20Z
CREAM-20260804-00252,Donna Price,donna_price@outlook.com,(513) 801-9535,eXp Realty,Aurora,CO,81523,20,74,A,83,Brokerage Listings,2026-08-04T05:54:01Z
CREAM-20260804-00253,Donald James,donald.james@yahoo.com,(404) 265-8752,Berkshire Hathaway,St. Petersburg,FL,34155,11,50,A,66,NAR Directory,2026-08-04T12:33:48Z
CREAM-20260804-00254,Kimberly Richardson,krichardson@coldwellbanker.com,(513) 490-8260,Coldwell Banker,Houston,TX,76234,15,39,A,75,Website Lead,2026-08-04T05:01:02Z
CREAM-20260804-00255,Jacob Reyes,jreyes@me.com,(718) 667-8126,eXp Realty,Colorado Springs,CO,81455,23,36,A,97,Trade Show,2026-08-04T17:14:51Z
CREAM-20260804-00256,Michelle Campbell,mcampbell@alliebethallman.com,(980) 976-3233,Allie Beth Allman,Austin,TX,77393,3,8,A,93,Trade Show,2026-08-04T17:00:44Z
CREAM-20260804-00257,Joshua Johnson,joshuajohnson@yahoo.com,(714) 621-8161,Howard Hanna,Raleigh,NC,28355,6,32,A,83,Brokerage Listings,2026-08-04T22:47:41Z
CREAM-20260804-00258,Mark King,mking@icloud.com,(303) 960-9715,RE/MAX,Cleveland,OH,44522,5,16,A,78,Realtor.com,2026-08-04T02:11:08Z
CREAM-20260804-00259,Samantha Collins,samanthac@homesmart.com,(234) 355-1813,HomeSmart,Phoenix,AZ,85290,1,6,A,80,MLS Database,2026-08-04T09:17:08Z
CREAM-20260804-00260,Mary Robinson,mrobinson@re/max.com,(929) 710-7084,RE/MAX,Greensboro,NC,28813,12,46,A,86,NAR Directory,2026-08-04T10:05:53Z
CREAM-20260804-00261,Paul Jimenez,pjimenez@compass.com,(980) 590-1206,Compass,Miami,FL,32886,0,1,A,76,Realtor.com,2026-08-04T12:49:28Z
CREAM-20260804-00262,Robert Sanchez,robert.sanchez@icloud.com,(512) 897-6113,Keller Williams,Staten Island,NY,12262,5,14,A,90,NAR Directory,2026-08-04T23:59:35Z
CREAM-20260804-00263,Kathleen Brooks,kathleen.brooks@exprealty.com,(805) 848-8113,eXp Realty,San Antonio,TX,77115,2,6,A,67,Brokerage Listings,2026-08-04T08:37:07Z
CREAM-20260804-00264,Mary Garcia,mgarcia@outlook.com,(786) 293-6544,Cutler Real Estate,Columbus,OH,45161,8,22,A,70,NAR Directory,2026-08-04T11:41:09Z
CREAM-20260804-00265,Gary Robinson,garyr@aol.com,(234) 905-7189,Briggs Freeman Sotheby's,Dallas,TX,77841,20,71,A,72,Brokerage Listings,2026-08-04T08:57:02Z
CREAM-20260804-00266,Jeffrey Bailey,jeffrey_bailey@yahoo.com,(415) 531-8674,eXp Realty,Greensboro,NC,28988,2,5,A,94,Cold Outreach,2026-08-04T17:10:04Z
CREAM-20260804-00267,Donna King,donnaking@hotmail.com,(214) 572-4912,eXp Realty,Jacksonville,FL,33838,11,26,A,99,MLS Database,2026-08-04T21:34:52Z
CREAM-20260804-00268,Angela Mendoza,amendoza@icloud.com,(303) 529-2809,Cutler Real Estate,Columbus,OH,43635,4,18,A,86,MLS Database,2026-08-04T01:53:08Z
CREAM-20260804-00269,Betty Wilson,betty.wilson@douglaselliman.com,(407) 838-5193,Douglas Elliman,Miami,FL,32475,2,9,A,91,Realtor.com,2026-08-04T19:45:04Z
CREAM-20260804-00270,Katherine Morales,katherine.morales@outlook.com,(919) 925-1955,RE/MAX,San Francisco,CA,96731,5,21,A,83,LinkedIn,2026-08-04T16:02:46Z
CREAM-20260804-00271,Elizabeth Ramirez,elizabeth.ramirez@re/max.com,(714) 738-5075,RE/MAX,San Antonio,TX,79740,23,49,A,72,Brokerage Listings,2026-08-04T17:47:35Z
CREAM-20260804-00272,Susan Foster,susan_foster@gmail.com,(212) 611-9268,Huntington Real Estate,Cincinnati,OH,44773,11,75,A,71,Brokerage Listings,2026-08-04T17:38:28Z
CREAM-20260804-00273,Stephen Adams,stephen_adams@aol.com,(646) 758-4504,Compass,Colorado Springs,CO,81884,16,63,A,75,Website Lead,2026-08-04T23:16:23Z
CREAM-20260804-00274,Ronald Smith,ronaldsmith@gmail.com,(234) 507-4635,Keller Williams,Raleigh,NC,27976,22,33,A,79,Facebook,2026-08-04T00:49:52Z
CREAM-20260804-00275,Richard Jones,rjones@outlook.com,(805) 462-5920,HomeSmart,Tucson,AZ,85684,17,62,A,75,Referral Network,2026-08-04T18:58:13Z
CREAM-20260804-00276,Dorothy Jenkins,dorothyj@douglaselliman.com,(718) 857-5921,Douglas Elliman,El Paso,TX,75848,24,77,A,66,Cold Outreach,2026-08-04T12:05:49Z
CREAM-20260804-00277,Kevin Hall,kevin.hall@aol.com,(704) 847-7266,Compass,Long Beach,CA,90412,3,8,A,100,Website Lead,2026-08-04T01:20:34Z
CREAM-20260804-00278,Nicholas Hughes,nicholash@century21.com,(646) 716-2475,Century 21,Orlando,FL,32542,18,53,A,98,LinkedIn,2026-08-04T12:09:08Z
CREAM-20260804-00279,Jacob Kelly,jacobk@gmail.com,(704) 914-3136,Keller Williams,Denver,CO,80592,18,57,A,87,Website Lead,2026-08-04T06:31:25Z
CREAM-20260804-00280,Brandon Patel,bpatel@compass.com,(334) 315-7776,Compass,Bronx,NY,13474,19,45,A,96,Facebook,2026-08-04T06:20:22Z
CREAM-20260804-00281,Michelle Perez,michelle_perez@icloud.com,(972) 439-4271,eXp Realty,Long Beach,CA,95482,10,53,A,62,Brokerage Listings,2026-08-04T23:54:05Z
CREAM-20260804-00282,Michael Young,michaely@gmail.com,(305) 682-1372,Coldwell Banker,El Paso,TX,77314,4,11,A,79,Website Lead,2026-08-04T06:13:34Z
CREAM-20260804-00283,Emma Sanders,emma.sanders@hotmail.com,(256) 461-3790,Coldwell Banker,Scottsdale,AZ,85390,24,67,A,93,Realtor.com,2026-08-04T22:39:17Z
CREAM-20260804-00284,Katherine Johnson,katherinej@me.com,(234) 499-7332,RE/MAX,San Jose,CA,91489,17,80,A,66,Website Lead,2026-08-04T22:06:57Z
CREAM-20260804-00285,Scott Morgan,scottm@re/max.com,(256) 453-9673,RE/MAX,Colorado Springs,CO,81441,20,60,A,61,Trade Show,2026-08-04T12:47:10Z
CREAM-20260804-00286,Debra Rivera,drivera@icloud.com,(916) 596-1482,eXp Realty,San Diego,CA,94386,1,3,A,100,Realtor.com,2026-08-04T04:21:57Z
CREAM-20260804-00287,Sarah Lopez,sarahlopez@aol.com,(646) 356-7987,HER Realtors,Cincinnati,OH,44719,13,51,A,75,Facebook,2026-08-04T14:34:08Z
CREAM-20260804-00288,Sarah Howard,sarahh@me.com,(972) 988-3378,Compass,Staten Island,NY,14261,22,33,A,87,Facebook,2026-08-04T02:35:34Z
CREAM-20260804-00289,Kenneth Jackson,kenneth_jackson@hotmail.com,(972) 956-5485,Keller Williams,Dallas,TX,76897,1,10,A,100,Realtor.com,2026-08-04T03:08:11Z
CREAM-20260804-00290,Brandon Ward,brandonward@yahoo.com,(720) 226-6886,Berkshire Hathaway HomeServices,Long Beach,CA,90804,2,6,A,74,Trade Show,2026-08-04T04:32:54Z
CREAM-20260804-00291,Katherine Mitchell,katherine_mitchell@hotmail.com,(805) 233-7694,Coldwell Banker,Greensboro,NC,27376,3,13,A,72,Referral Network,2026-08-04T07:47:42Z
CREAM-20260804-00292,William Thompson,william_thompson@me.com,(469) 452-8005,Keller Williams,Brooklyn,NY,13894,16,80,A,89,NAR Directory,2026-08-04T19:47:52Z
CREAM-20260804-00293,Kenneth Gomez,kenneth_gomez@hotmail.com,(212) 605-1643,Keller Williams,Cincinnati,OH,45496,3,15,A,93,Website Lead,2026-08-04T20:03:12Z
CREAM-20260804-00294,Ronald Hill,ronald_hill@outlook.com,(469) 345-8595,eXp Realty,Scottsdale,AZ,86192,5,9,A,93,Website Lead,2026-08-04T03:11:49Z
CREAM-20260804-00295,Edward Adams,eadams@douglaselliman.com,(469) 665-2477,Douglas Elliman,Jacksonville,FL,33431,24,70,A,72,Brokerage Listings,2026-08-04T22:46:07Z
CREAM-20260804-00296,Alexander Edwards,alexandere@briggsfreemansothebys.com,(602) 587-7235,Briggs Freeman Sotheby's,Houston,TX,75886,1,11,A,99,Brokerage Listings,2026-08-04T10:36:55Z
CREAM-20260804-00297,Charles Thompson,charlest@me.com,(602) 320-3155,Keller Williams Realty,Tampa,FL,32103,20,43,A,100,Cold Outreach,2026-08-04T08:00:29Z
CREAM-20260804-00298,Helen Russell,helen_russell@yahoo.com,(305) 619-8239,Keller Williams,Raleigh,NC,27715,12,62,A,90,Cold Outreach,2026-08-04T00:15:56Z
CREAM-20260804-00299,Michael White,mwhite@coldwellbanker.com,(720) 791-5889,Coldwell Banker,Tucson,AZ,86189,7,19,A,62,NAR Directory,2026-08-04T03:26:11Z
CREAM-20260804-00300,Andrew Ward,andrewward@outlook.com,(310) 577-7208,Coldwell Banker,St. Petersburg,FL,32876,3,10,A,79,Referral Network,2026-08-04T17:04:18Z
CREAM-20260804-00301,Jessica Ruiz,jessica_ruiz@icloud.com,(718) 259-2790,eXp Realty,Charlotte,NC,27595,12,69,A,73,Cold Outreach,2026-08-04T22:18:27Z
CREAM-20260804-00302,Angela Kelly,angelakelly@icloud.com,(786) 704-3947,Compass,Colorado Springs,CO,80825,4,24,A,100,LinkedIn,2026-08-04T06:00:07Z
CREAM-20260804-00303,Benjamin Jenkins,bjenkins@aol.com,(256) 541-6728,RE/MAX,San Jose,CA,94925,25,51,A,86,Realtor.com,2026-08-04T00:40:12Z
CREAM-20260804-00304,Heather Rodriguez,heatherrodriguez@outlook.com,(310) 605-1477,eXp Realty,Mesa,AZ,85298,6,18,A,81,Facebook,2026-08-04T10:59:43Z
CREAM-20260804-00305,Aaron Jones,aaron_jones@aol.com,(919) 623-1917,Coldwell Banker,Raleigh,NC,28678,23,46,A,89,Facebook,2026-08-04T17:34:01Z
CREAM-20260804-00306,Debra Nelson,debra.nelson@nestseekers.com,(512) 841-9753,Nest Seekers,Bronx,NY,11684,1,3,A,81,Cold Outreach,2026-08-04T12:11:38Z
CREAM-20260804-00307,Alexander Green,alexander.green@kellerwilliams.com,(305) 509-4541,Keller Williams,San Antonio,TX,79409,21,40,A,83,Brokerage Listings,2026-08-04T03:23:50Z
CREAM-20260804-00308,Betty Lopez,betty_lopez@icloud.com,(972) 695-9579,Pacific Sotheby's,Long Beach,CA,92894,3,14,A,81,Facebook,2026-08-04T04:49:55Z
CREAM-20260804-00309,Gregory Taylor,gregory_taylor@hotmail.com,(929) 245-2426,Berkshire Hathaway,Fort Worth,TX,77578,22,32,A,60,NAR Directory,2026-08-04T03:33:49Z
CREAM-20260804-00310,Brenda Ross,bross@outlook.com,(916) 745-6228,eXp Realty,Phoenix,AZ,86787,12,37,A,78,MLS Database,2026-08-04T08:09:10Z
CREAM-20260804-00311,Mary Richardson,mrichardson@re/max.com,(512) 921-5641,RE/MAX,Phoenix,AZ,85275,5,18,A,77,MLS Database,2026-08-04T09:39:57Z
CREAM-20260804-00312,Jeffrey Miller,jeffreym@coldwellbanker.com,(256) 288-7987,Coldwell Banker,Aurora,CO,81283,3,11,A,84,Cold Outreach,2026-08-04T18:40:53Z
CREAM-20260804-00313,Amanda Flores,amandaflores@gmail.com,(980) 915-8672,Allen Tate,Greensboro,NC,27566,4,12,A,65,LinkedIn,2026-08-04T21:41:45Z
CREAM-20260804-00314,Sandra Lewis,sandralewis@outlook.com,(614) 881-6412,Coldwell Banker,Raleigh,NC,28564,4,20,A,71,Trade Show,2026-08-04T00:04:30Z
CREAM-20260804-00315,Kathleen Reyes,kreyes@coldwellbanker.com,(407) 305-7646,Coldwell Banker,San Antonio,TX,75433,25,61,A,68,Website Lead,2026-08-04T20:04:50Z
CREAM-20260804-00316,Stephanie Ramos,stephanie.ramos@longrealty.com,(512) 267-6582,Long Realty,Scottsdale,AZ,85933,2,5,A,90,Cold Outreach,2026-08-04T13:50:27Z
CREAM-20260804-00317,Raymond Walker,raymond.walker@me.com,(646) 810-8584,Coldwell Banker,Aurora,CO,81668,5,23,A,67,MLS Database,2026-08-04T14:11:19Z
CREAM-20260804-00318,Scott Wilson,scott.wilson@gmail.com,(469) 973-1003,HER Realtors,Columbus,OH,43776,0,1,A,97,Brokerage Listings,2026-08-04T14:34:18Z
CREAM-20260804-00319,Brenda Edwards,bedwards@berkshirehathaway.com,(972) 645-6640,Berkshire Hathaway,Cincinnati,OH,43696,15,61,A,79,NAR Directory,2026-08-04T19:32:25Z
CREAM-20260804-00320,Linda Mitchell,lindam@kellerwilliamsrealty.com,(214) 231-4854,Keller Williams Realty,Orlando,FL,33819,17,32,A,78,Cold Outreach,2026-08-04T12:40:20Z
CREAM-20260804-00321,Timothy Parker,timothy_parker@yahoo.com,(980) 568-7835,Berkshire Hathaway,Cleveland,OH,43395,12,60,A,84,Brokerage Listings,2026-08-04T04:00:04Z
CREAM-20260804-00322,Patrick Morales,pmorales@gmail.com,(214) 666-7974,Compass,San Francisco,CA,94284,0,5,A,86,Trade Show,2026-08-04T16:27:35Z
CREAM-20260804-00323,Amanda Lewis,amanda.lewis@icloud.com,(916) 620-9948,Coldwell Banker,Raleigh,NC,28134,1,6,A,92,NAR Directory,2026-08-04T18:30:45Z
CREAM-20260804-00324,Justin Morris,justinm@re/max.com,(305) 729-2281,RE/MAX,Denver,CO,80351,22,79,A,77,Trade Show,2026-08-04T20:47:42Z
CREAM-20260804-00325,Samantha Cooper,samanthac@icloud.com,(407) 680-6431,eXp Realty,El Paso,TX,78461,3,23,A,89,LinkedIn,2026-08-04T09:10:02Z
CREAM-20260804-00326,Linda Watson,lindawatson@gmail.com,(234) 493-8942,HomeSmart,Mesa,AZ,85229,15,76,A,99,Website Lead,2026-08-04T02:54:50Z
CREAM-20260804-00327,Thomas Ward,tward@exprealty.com,(602) 805-3476,eXp Realty,Mesa,AZ,86478,3,11,A,98,Brokerage Listings,2026-08-04T08:50:44Z
CREAM-20260804-00328,Lisa Perry,lisa.perry@yahoo.com,(980) 707-7765,Douglas Elliman,Manhattan,NY,13343,25,77,A,69,Trade Show,2026-08-04T23:40:10Z
CREAM-20260804-00329,Carolyn Hall,carolyn.hall@gmail.com,(786) 508-8803,Douglas Elliman,Bronx,NY,14339,0,3,A,85,Referral Network,2026-08-04T21:45:24Z
CREAM-20260804-00330,Charles Ortiz,cortiz@howardhanna.com,(407) 899-1672,Howard Hanna,Raleigh,NC,27644,18,68,A,80,Facebook,2026-08-04T13:39:58Z
CREAM-20260804-00331,Paul Wright,paulw@re/max.com,(513) 888-4193,RE/MAX,Mesa,AZ,86793,18,54,A,75,Brokerage Listings,2026-08-04T10:35:00Z
CREAM-20260804-00332,William Johnson,william.johnson@compass.com,(513) 490-5127,Compass,Long Beach,CA,91134,20,47,A,74,NAR Directory,2026-08-04T19:05:03Z
CREAM-20260804-00333,Samantha Thomas,samanthat@corcorangroup.com,(919) 389-2816,Corcoran Group,Bronx,NY,11359,0,3,A,96,LinkedIn,2026-08-04T14:42:59Z
CREAM-20260804-00334,Ryan Scott,ryans@outlook.com,(916) 995-2022,Allie Beth Allman,El Paso,TX,78497,11,74,A,64,Facebook,2026-08-04T01:16:52Z
CREAM-20260804-00335,Jeffrey Rodriguez,jrodriguez@icloud.com,(404) 347-9857,HomeSmart,Tucson,AZ,86323,1,5,A,91,Cold Outreach,2026-08-04T20:06:58Z
CREAM-20260804-00336,Kimberly Wilson,kimberlyw@kellerwilliams.com,(234) 709-3438,Keller Williams,Greensboro,NC,27138,2,7,A,88,Referral Network,2026-08-04T08:09:44Z
CREAM-20260804-00337,Brenda Smith,brenda_smith@aol.com,(234) 593-8898,8z Real Estate,Colorado Springs,CO,80680,8,32,A,74,Website Lead,2026-08-04T11:21:43Z
CREAM-20260804-00338,Linda Watson,lindaw@gmail.com,(602) 767-1644,RE/MAX,Scottsdale,AZ,86776,4,17,A,72,Realtor.com,2026-08-04T09:44:24Z
CREAM-20260804-00339,Raymond Rivera,raymondr@douglaselliman.com,(512) 236-4163,Douglas Elliman,El Paso,TX,75837,20,72,A,72,Cold Outreach,2026-08-04T07:31:24Z
CREAM-20260804-00340,Samuel Flores,samuel_flores@gmail.com,(310) 938-1701,Douglas Elliman,Fort Worth,TX,78221,7,25,A,63,Realtor.com,2026-08-04T20:42:33Z
CREAM-20260804-00341,Jonathan Martin,jonathan.martin@me.com,(786) 833-1750,Berkshire Hathaway,Greensboro,NC,27818,10,56,A,61,Brokerage Listings,2026-08-04T00:11:40Z
CREAM-20260804-00342,Heather Gonzalez,heathergonzalez@gmail.com,(718) 830-4613,Pacific Sotheby's,San Diego,CA,90923,9,18,A,91,Realtor.com,2026-08-04T13:21:51Z
CREAM-20260804-00343,Jessica Mendoza,jmendoza@aol.com,(310) 264-2978,Coldwell Banker,Cleveland,OH,44244,7,33,A,71,Referral Network,2026-08-04T05:44:23Z
CREAM-20260804-00344,Ashley Howard,ashleyh@kellerwilliamsrealty.com,(234) 698-2322,Keller Williams Realty,Jacksonville,FL,32107,25,49,A,70,Brokerage Listings,2026-08-04T02:45:41Z
CREAM-20260804-00345,Raymond Russell,rrussell@yahoo.com,(305) 621-4919,HomeSmart,Scottsdale,AZ,85725,5,16,A,93,NAR Directory,2026-08-04T19:11:45Z
CREAM-20260804-00346,Barbara Watson,barbara.watson@icloud.com,(407) 297-6929,eXp Realty,Greensboro,NC,27575,3,14,A,67,Realtor.com,2026-08-04T08:03:12Z
CREAM-20260804-00347,Debra Stewart,debras@douglaselliman.com,(929) 414-8121,Douglas Elliman,Dallas,TX,77442,7,16,A,83,Cold Outreach,2026-08-04T14:02:06Z
CREAM-20260804-00348,Daniel Lee,daniel.lee@gmail.com,(646) 793-6340,Keller Williams Realty,Sacramento,CA,93303,13,71,A,88,Facebook,2026-08-04T07:49:07Z
CREAM-20260804-00349,Richard Walker,richard_walker@yahoo.com,(786) 255-8141,Berkshire Hathaway,Denver,CO,80321,3,23,A,97,Cold Outreach,2026-08-04T14:11:24Z
CREAM-20260804-00350,Ryan Castillo,ryanc@yahoo.com,(614) 782-1977,LIV Sotheby's,Denver,CO,81239,1,5,A,62,MLS Database,2026-08-04T14:29:26Z
CREAM-20260804-00351,Mark Nguyen,marknguyen@yahoo.com,(334) 621-9548,Coldwell Banker,Orlando,FL,33982,2,11,A,74,Realtor.com,2026-08-04T18:30:53Z
CREAM-20260804-00352,Mary Sanders,msanders@yahoo.com,(805) 805-3440,Howard Hanna,Raleigh,NC,27527,4,21,A,97,NAR Directory,2026-08-04T01:30:46Z
CREAM-20260804-00353,Angela Gomez,angela.gomez@hotmail.com,(212) 971-1203,Pacific Sotheby's,San Jose,CA,95849,4,15,A,65,Referral Network,2026-08-04T06:08:22Z
CREAM-20260804-00354,Samuel Lopez,samuell@yahoo.com,(513) 797-1399,Keller Williams,Tucson,AZ,86574,20,79,A,96,Brokerage Listings,2026-08-04T22:25:11Z
CREAM-20260804-00355,Cynthia Price,cynthia.price@hotmail.com,(929) 636-5420,Keller Williams,Aurora,CO,80906,16,58,A,62,MLS Database,2026-08-04T19:56:21Z
CREAM-20260804-00356,Gregory Campbell,gcampbell@kellerwilliamsrealty.com,(415) 575-3871,Keller Williams Realty,Sacramento,CA,95672,20,64,A,62,MLS Database,2026-08-04T17:45:49Z
CREAM-20260804-00357,Kevin Walker,kevinwalker@aol.com,(310) 561-5380,Corcoran Group,Brooklyn,NY,14796,2,6,A,74,Referral Network,2026-08-04T08:03:04Z
CREAM-20260804-00358,Sharon Morales,sharonmorales@me.com,(718) 576-2075,RE/MAX,Colorado Springs,CO,80568,2,7,A,88,MLS Database,2026-08-04T02:25:57Z
CREAM-20260804-00359,Elizabeth Wilson,elizabethw@coldwellbanker.com,(214) 409-9530,Coldwell Banker,Orlando,FL,34123,10,56,A,69,LinkedIn,2026-08-04T13:43:34Z
CREAM-20260804-00360,Brian Turner,brian.turner@outlook.com,(214) 437-9513,Douglas Elliman,Jacksonville,FL,34443,3,10,A,61,Referral Network,2026-08-04T18:21:41Z
CREAM-20260804-00361,Pamela Bennett,pamelabennett@yahoo.com,(805) 695-7093,8z Real Estate,Colorado Springs,CO,81888,1,5,A,76,NAR Directory,2026-08-04T04:22:18Z
CREAM-20260804-00362,Emma Lee,emma.lee@exprealty.com,(404) 242-6187,eXp Realty,Charlotte,NC,27551,10,35,A,75,LinkedIn,2026-08-04T11:11:13Z
CREAM-20260804-00363,Kenneth Hall,kennethhall@yahoo.com,(972) 225-7628,Coldwell Banker,Oakland,CA,93886,23,44,A,67,Brokerage Listings,2026-08-04T14:59:20Z
CREAM-20260804-00364,Jack Cooper,jackc@hotmail.com,(720) 350-8243,eXp Realty,Miami,FL,33805,15,73,A,96,MLS Database,2026-08-04T23:30:57Z
CREAM-20260804-00365,Gregory Peterson,gregory_peterson@icloud.com,(334) 534-1901,RE/MAX,San Francisco,CA,94756,13,53,A,82,Realtor.com,2026-08-04T18:33:14Z
CREAM-20260804-00366,John Hernandez,john.hernandez@icloud.com,(310) 817-9381,HomeSmart,Tucson,AZ,85782,1,6,A,91,Facebook,2026-08-04T12:09:45Z
CREAM-20260804-00367,Deborah Mitchell,dmitchell@kellerwilliams.com,(334) 420-8278,Keller Williams,Cleveland,OH,45525,1,10,A,95,Trade Show,2026-08-04T09:10:51Z
CREAM-20260804-00368,Rebecca Moore,rmoore@re/max.com,(310) 267-7156,RE/MAX,Cincinnati,OH,43106,21,80,A,93,Referral Network,2026-08-04T20:58:17Z
CREAM-20260804-00369,Anna Reyes,areyes@coldwellbanker.com,(256) 509-5979,Coldwell Banker,Columbus,OH,44672,1,11,A,91,Trade Show,2026-08-04T07:01:50Z
CREAM-20260804-00370,Kimberly Hill,kimberlyh@pacificsothebys.com,(786) 904-5009,Pacific Sotheby's,San Francisco,CA,90222,4,21,A,71,LinkedIn,2026-08-04T15:04:38Z
CREAM-20260804-00371,Kathleen Reed,kathleen_reed@me.com,(513) 789-1287,Berkshire Hathaway,Aurora,CO,81266,9,26,A,92,Cold Outreach,2026-08-04T01:09:20Z
CREAM-20260804-00372,Sarah Rivera,srivera@coldwellbanker.com,(929) 498-9677,Coldwell Banker,Greensboro,NC,27626,1,8,A,63,Realtor.com,2026-08-04T20:11:48Z
CREAM-20260804-00373,Dennis Perez,dennisp@outlook.com,(646) 560-3354,Briggs Freeman Sotheby's,Fort Worth,TX,75240,17,31,A,94,Website Lead,2026-08-04T09:23:49Z
CREAM-20260804-00374,Carol Lee,caroll@re/max.com,(718) 906-9612,RE/MAX,Raleigh,NC,27527,0,1,A,95,Trade Show,2026-08-04T02:07:52Z
CREAM-20260804-00375,Kathleen Hall,khall@aol.com,(704) 550-3821,Berkshire Hathaway,Miami,FL,34411,20,63,A,93,NAR Directory,2026-08-04T23:52:07Z
CREAM-20260804-00376,Raymond Jackson,rjackson@yahoo.com,(334) 219-8934,Compass,Brooklyn,NY,13143,0,3,A,67,Realtor.com,2026-08-04T03:02:50Z
CREAM-20260804-00377,Jessica Allen,jessicaa@kellerwilliamsrealty.com,(972) 816-4365,Keller Williams Realty,San Jose,CA,94304,0,0,A,67,Brokerage Listings,2026-08-04T21:22:01Z
CREAM-20260804-00378,Janet Scott,janetscott@aol.com,(646) 269-2623,Briggs Freeman Sotheby's,Dallas,TX,79881,25,40,A,92,NAR Directory,2026-08-04T16:13:45Z
CREAM-20260804-00379,Nancy Long,nancy.long@yahoo.com,(415) 914-4033,Douglas Elliman,Queens,NY,13789,22,79,A,90,MLS Database,2026-08-04T05:53:22Z
CREAM-20260804-00380,Margaret Rogers,margaretr@gmail.com,(512) 707-6918,Berkshire Hathaway,Cleveland,OH,45395,1,4,A,93,Website Lead,2026-08-04T23:02:05Z
CREAM-20260804-00381,Joseph Roberts,josephr@me.com,(713) 497-8011,eXp Realty,Colorado Springs,CO,80977,1,6,A,95,MLS Database,2026-08-04T15:43:23Z
CREAM-20260804-00382,Gregory Morales,gregorymorales@me.com,(512) 610-2666,RE/MAX,Miami,FL,34272,8,18,A,69,MLS Database,2026-08-04T11:12:21Z
CREAM-20260804-00383,Stephanie Thomas,stephanie_thomas@outlook.com,(704) 859-7557,Compass,Bronx,NY,12587,24,62,A,77,Cold Outreach,2026-08-04T12:31:32Z
CREAM-20260804-00384,Jerry Collins,jcollins@re/max.com,(512) 230-2631,RE/MAX,Tucson,AZ,85950,21,39,A,100,MLS Database,2026-08-04T15:43:01Z
CREAM-20260804-00385,Nicole Gray,nicoleg@exprealty.com,(720) 969-9518,eXp Realty,Jacksonville,FL,33911,2,4,A,64,Trade Show,2026-08-04T06:18:42Z
CREAM-20260804-00386,Nicholas King,nicholasking@icloud.com,(713) 321-7285,Allen Tate,Raleigh,NC,28422,6,39,A,62,Referral Network,2026-08-04T14:29:02Z
CREAM-20260804-00387,Anna James,ajames@hotmail.com,(614) 598-8986,Berkshire Hathaway HomeServices,San Francisco,CA,96212,19,33,A,79,Cold Outreach,2026-08-04T21:31:42Z
CREAM-20260804-00388,Anna Lee,anna_lee@icloud.com,(704) 491-6250,Keller Williams,Raleigh,NC,27128,18,64,A,82,Cold Outreach,2026-08-04T01:08:53Z
CREAM-20260804-00389,Diane Patel,dianep@hotmail.com,(415) 621-6755,Keller Williams,Colorado Springs,CO,80777,9,28,A,82,Realtor.com,2026-08-04T07:15:41Z
CREAM-20260804-00390,Raymond Rodriguez,raymond.rodriguez@exprealty.com,(256) 671-7921,eXp Realty,Phoenix,AZ,86373,6,32,A,80,NAR Directory,2026-08-04T22:30:37Z
CREAM-20260804-00391,Timothy Kelly,timothy.kelly@aol.com,(310) 708-9237,Compass,San Diego,CA,96883,21,31,A,73,Facebook,2026-08-04T05:39:19Z
CREAM-20260804-00392,Betty Murphy,bettymurphy@yahoo.com,(929) 787-7586,RE/MAX,Colorado Springs,CO,80739,1,7,A,63,MLS Database,2026-08-04T22:54:37Z
CREAM-20260804-00393,Carol Wright,carolwright@hotmail.com,(919) 278-5945,RE/MAX,Fort Worth,TX,79923,19,38,A,82,LinkedIn,2026-08-04T13:42:34Z
CREAM-20260804-00394,Rebecca Phillips,rebecca_phillips@me.com,(303) 920-9457,eXp Realty,Denver,CO,80690,23,36,A,61,Trade Show,2026-08-04T06:42:52Z
CREAM-20260804-00395,Samantha Morgan,samantha.morgan@icloud.com,(512) 446-3465,Howard Hanna,Raleigh,NC,28964,12,48,A,89,Referral Network,2026-08-04T13:20:55Z
CREAM-20260804-00396,Anthony Evans,aevans@outlook.com,(805) 316-3456,eXp Realty,El Paso,TX,76128,5,15,A,85,Realtor.com,2026-08-04T09:29:31Z
CREAM-20260804-00397,Samuel Jones,samuel.jones@berkshirehathaway.com,(720) 763-3883,Berkshire Hathaway,Cleveland,OH,45972,6,23,A,77,NAR Directory,2026-08-04T23:31:50Z
CREAM-20260804-00398,David Green,david_green@outlook.com,(805) 314-9196,Berkshire Hathaway HomeServices,Los Angeles,CA,90634,8,27,A,68,Cold Outreach,2026-08-04T16:16:31Z
CREAM-20260804-00399,Scott Thomas,scottthomas@me.com,(714) 347-2750,Briggs Freeman Sotheby's,Dallas,TX,76319,4,15,A,87,LinkedIn,2026-08-04T14:26:16Z
CREAM-20260804-00400,Jonathan Mitchell,jonathan_mitchell@hotmail.com,(469) 348-6947,RE/MAX,San Jose,CA,93832,2,6,A,77,Facebook,2026-08-04T09:01:41Z
CREAM-20260804-00401,Jack James,jjames@outlook.com,(303) 917-6945,Keller Williams Realty,Chula Vista,CA,96801,2,9,B,79,MLS Database,2026-08-04T17:55:15Z
CREAM-20260804-00402,Mary Gomez,mgomez@outlook.com,(972) 649-6196,eXp Realty,Cary,NC,28908,12,80,B,70,NAR Directory,2026-08-04T08:55:05Z
CREAM-20260804-00403,Jack Evans,jack.evans@aol.com,(407) 267-6764,Allen Tate,Cary,NC,28716,11,69,B,76,Website Lead,2026-08-04T23:20:29Z
CREAM-20260804-00404,Michael Chavez,mchavez@gmail.com,(929) 521-2347,Coldwell Banker,Chula Vista,CA,90261,18,37,B,100,Realtor.com,2026-08-04T16:45:49Z
CREAM-20260804-00405,Debra Evans,devans@outlook.com,(980) 535-5616,eXp Realty,Pembroke Pines,FL,32186,0,5,B,97,Referral Network,2026-08-04T11:11:25Z
CREAM-20260804-00406,John Williams,john_williams@yahoo.com,(256) 610-8027,Berkshire Hathaway,Akron,OH,45366,14,69,B,70,Brokerage Listings,2026-08-04T02:23:10Z
CREAM-20260804-00407,Catherine Ortiz,catherine_ortiz@aol.com,(614) 408-4121,Allie Beth Allman,Arlington,TX,77394,21,32,B,74,Trade Show,2026-08-04T12:08:27Z
CREAM-20260804-00408,Margaret Torres,margaret_torres@aol.com,(916) 441-8388,Compass,Albany,NY,11478,3,8,B,78,Cold Outreach,2026-08-04T21:41:29Z
CREAM-20260804-00409,Jacob Moore,jacob_moore@me.com,(614) 633-5198,Briggs Freeman Sotheby's,Arlington,TX,75197,0,5,B,84,Website Lead,2026-08-04T01:03:21Z
CREAM-20260804-00410,Amanda Cox,amandac@douglaselliman.com,(512) 887-7076,Douglas Elliman,Syracuse,NY,11672,25,49,B,79,NAR Directory,2026-08-04T18:11:16Z
CREAM-20260804-00411,Amy Baker,abaker@douglaselliman.com,(916) 319-6132,Douglas Elliman,Pembroke Pines,FL,32230,22,52,B,69,Trade Show,2026-08-04T08:47:23Z
CREAM-20260804-00412,Kimberly Ward,kimberly_ward@yahoo.com,(704) 354-8208,eXp Realty,Dayton,OH,43293,16,72,B,91,Brokerage Listings,2026-08-04T01:14:11Z
CREAM-20260804-00413,Kimberly Lee,kimberly_lee@gmail.com,(786) 668-9077,Pacific Sotheby's,Santa Ana,CA,90966,1,8,B,95,Brokerage Listings,2026-08-04T03:22:05Z
CREAM-20260804-00414,Lisa Perez,lisaperez@yahoo.com,(704) 784-3958,Brown Harris Stevens,Yonkers,NY,13178,24,25,B,93,Realtor.com,2026-08-04T15:43:06Z
CREAM-20260804-00415,Andrew Mendoza,andrewmendoza@gmail.com,(334) 671-8861,RE/MAX,Fort Collins,CO,81743,16,34,B,61,LinkedIn,2026-08-04T19:42:00Z
CREAM-20260804-00416,Katherine Richardson,katherinerichardson@yahoo.com,(919) 859-5635,8z Real Estate,Fort Collins,CO,81917,12,80,B,63,NAR Directory,2026-08-04T23:04:35Z
CREAM-20260804-00417,Stephanie Allen,sallen@coldwellbanker.com,(602) 597-7592,Coldwell Banker,Toledo,OH,44762,8,15,B,73,Brokerage Listings,2026-08-04T03:19:31Z
CREAM-20260804-00418,Debra Cox,debra.cox@aol.com,(786) 656-7358,Coldwell Banker,Dayton,OH,44374,17,57,B,72,Cold Outreach,2026-08-04T19:27:05Z
CREAM-20260804-00419,Brandon White,brandon.white@gmail.com,(720) 429-3540,HER Realtors,Dayton,OH,44639,5,18,B,89,Website Lead,2026-08-04T02:18:29Z
CREAM-20260804-00420,Aaron Morris,aaron.morris@exprealty.com,(407) 637-5841,eXp Realty,Toledo,OH,45148,2,7,B,75,Website Lead,2026-08-04T02:58:02Z
CREAM-20260804-00421,Jason Evans,jasonevans@aol.com,(646) 283-9248,RE/MAX,Irving,TX,75216,1,8,B,76,Trade Show,2026-08-04T05:50:11Z
CREAM-20260804-00422,David Turner,david_turner@aol.com,(310) 391-4458,eXp Realty,Toledo,OH,43180,20,64,B,76,Cold Outreach,2026-08-04T08:55:43Z
CREAM-20260804-00423,Jonathan Williams,jonathan.williams@yahoo.com,(614) 614-8974,Keller Williams,Garland,TX,77733,2,10,B,89,Cold Outreach,2026-08-04T11:44:43Z
CREAM-20260804-00424,Barbara Taylor,barbara.taylor@coldwellbanker.com,(714) 692-3378,Coldwell Banker,Dayton,OH,45347,3,14,B,61,Referral Network,2026-08-04T20:54:50Z
CREAM-20260804-00425,Joshua Foster,jfoster@kellerwilliams.com,(469) 356-8295,Keller Williams,Buffalo,NY,13582,0,0,B,70,NAR Directory,2026-08-04T14:37:15Z
CREAM-20260804-00426,Larry Gomez,larry.gomez@me.com,(214) 707-5764,Douglas Elliman,Yonkers,NY,10599,5,21,B,86,Referral Network,2026-08-04T15:32:37Z
CREAM-20260804-00427,Catherine Davis,catherined@icloud.com,(469) 684-2915,Keller Williams,Winston-Salem,NC,28737,3,16,B,86,Facebook,2026-08-04T14:44:27Z
CREAM-20260804-00428,Andrew Castillo,andrew_castillo@yahoo.com,(972) 901-6556,Sotheby's International,Bakersfield,CA,94973,5,15,B,97,Trade Show,2026-08-04T04:56:18Z
CREAM-20260804-00429,Gregory Wood,gwood@icloud.com,(720) 694-3115,Huntington Real Estate,Parma,OH,43304,3,17,B,65,Brokerage Listings,2026-08-04T19:31:06Z
CREAM-20260804-00430,Joshua Walker,joshua.walker@outlook.com,(602) 715-1523,Berkshire Hathaway,Parma,OH,43445,4,19,B,70,Referral Network,2026-08-04T03:39:14Z
CREAM-20260804-00431,Mark Morales,markm@aol.com,(916) 354-9444,eXp Realty,Irving,TX,79785,7,39,B,95,MLS Database,2026-08-04T22:03:59Z
CREAM-20260804-00432,Dennis Anderson,dennisanderson@aol.com,(407) 307-3736,RE/MAX,Cary,NC,27991,9,32,B,62,Realtor.com,2026-08-04T11:10:46Z
CREAM-20260804-00433,Ruth Cook,ruth.cook@yahoo.com,(980) 341-3014,HomeSmart,Tempe,AZ,85549,2,8,B,81,Referral Network,2026-08-04T00:15:53Z
CREAM-20260804-00434,Andrew Cook,acook@coldwellbanker.com,(303) 880-5021,Coldwell Banker,Fayetteville,NC,27871,5,21,B,83,Website Lead,2026-08-04T13:50:14Z
CREAM-20260804-00435,Edward Evans,edwardevans@aol.com,(305) 349-1162,Douglas Elliman,Port St. Lucie,FL,34925,5,19,B,61,Website Lead,2026-08-04T02:05:21Z
CREAM-20260804-00436,Jerry Perez,jerry.perez@berkshirehathaway.com,(256) 846-9516,Berkshire Hathaway,Arvada,CO,81529,5,12,B,96,Referral Network,2026-08-04T21:44:35Z
CREAM-20260804-00437,Brian Johnson,brianjohnson@yahoo.com,(469) 757-8244,eXp Realty,Gilbert,AZ,86931,18,53,B,73,Referral Network,2026-08-04T06:56:19Z
CREAM-20260804-00438,Jonathan Nelson,jnelson@icloud.com,(334) 723-6115,Allie Beth Allman,Arlington,TX,79448,23,43,B,73,Brokerage Listings,2026-08-04T00:01:56Z
CREAM-20260804-00439,Maria Hill,maria.hill@me.com,(303) 719-6807,Long Realty,Glendale,AZ,85148,0,2,B,76,MLS Database,2026-08-04T14:19:36Z
CREAM-20260804-00440,Carol Walker,carolw@me.com,(614) 586-9514,Sotheby's International,Santa Ana,CA,95353,24,68,B,68,MLS Database,2026-08-04T10:33:37Z
CREAM-20260804-00441,Ryan Gonzalez,ryan_gonzalez@gmail.com,(469) 333-8802,Sotheby's International,Yonkers,NY,11556,8,16,B,87,MLS Database,2026-08-04T11:43:33Z
CREAM-20260804-00442,Kimberly Howard,kimberly_howard@me.com,(980) 366-3364,Cutler Real Estate,Parma,OH,45230,21,71,B,86,Trade Show,2026-08-04T22:29:08Z
CREAM-20260804-00443,Margaret Collins,margaret.collins@douglaselliman.com,(718) 618-2807,Douglas Elliman,Amarillo,TX,75478,5,19,B,67,Cold Outreach,2026-08-04T09:02:33Z
CREAM-20260804-00444,Melissa Flores,melissa_flores@gmail.com,(713) 249-5999,eXp Realty,Hialeah,FL,33320,3,12,B,97,Brokerage Listings,2026-08-04T23:31:00Z
CREAM-20260804-00445,Brian Rodriguez,brianrodriguez@outlook.com,(919) 586-8786,Keller Williams,Irving,TX,79235,24,53,B,81,Brokerage Listings,2026-08-04T16:40:29Z
CREAM-20260804-00446,Karen Sanders,karens@allentate.com,(805) 604-6554,Allen Tate,Cary,NC,27786,5,21,B,84,Trade Show,2026-08-04T23:17:41Z
CREAM-20260804-00447,Alexander Brown,alexander.brown@me.com,(718) 754-1866,eXp Realty,Corpus Christi,TX,79634,2,4,B,72,Realtor.com,2026-08-04T15:32:57Z
CREAM-20260804-00448,Frank Morgan,frankm@aol.com,(305) 286-9741,Coldwell Banker,Fresno,CA,94428,0,1,B,97,Referral Network,2026-08-04T18:02:31Z
CREAM-20260804-00449,Laura White,lauraw@compass.com,(334) 317-2627,Compass,Anaheim,CA,94272,16,49,B,76,LinkedIn,2026-08-04T04:11:16Z
CREAM-20260804-00450,Michelle Evans,mevans@coldwellbanker.com,(929) 599-2617,Coldwell Banker,Corpus Christi,TX,77245,3,8,B,63,Referral Network,2026-08-04T10:16:24Z
CREAM-20260804-00451,Betty Walker,bettywalker@hotmail.com,(310) 675-7669,Berkshire Hathaway,Arlington,TX,75595,9,23,B,63,NAR Directory,2026-08-04T13:40:14Z
CREAM-20260804-00452,Stephen Ramos,stephenr@re/max.com,(713) 656-2374,RE/MAX,Anaheim,CA,96751,10,44,B,96,Website Lead,2026-08-04T06:50:09Z
CREAM-20260804-00453,Tyler Young,tyleryoung@hotmail.com,(980) 835-5739,Berkshire Hathaway,Lakewood,CO,80100,0,0,B,89,NAR Directory,2026-08-04T15:17:38Z
CREAM-20260804-00454,Brian Watson,brianwatson@outlook.com,(646) 271-5925,Berkshire Hathaway,Tempe,AZ,85504,7,20,B,94,MLS Database,2026-08-04T04:46:35Z
CREAM-20260804-00455,Anthony Ward,anthonyw@me.com,(805) 878-6269,Russell Lyon Sotheby's,Tempe,AZ,86315,4,22,B,77,Trade Show,2026-08-04T19:21:01Z
CREAM-20260804-00456,James Cox,james.cox@douglaselliman.com,(469) 913-9011,Douglas Elliman,Hollywood,FL,33651,11,51,B,95,MLS Database,2026-08-04T20:41:04Z
CREAM-20260804-00457,Christine Cruz,christine_cruz@aol.com,(602) 986-1138,RE/MAX,Chula Vista,CA,90573,5,19,B,84,Facebook,2026-08-04T06:28:00Z
CREAM-20260804-00458,John Ross,johnr@yahoo.com,(929) 935-4623,Brown Harris Stevens,New Rochelle,NY,11605,8,34,B,100,Facebook,2026-08-04T01:17:31Z
CREAM-20260804-00459,Betty Brooks,bbrooks@halstead.com,(602) 765-4174,Halstead,Buffalo,NY,14788,2,11,B,91,Cold Outreach,2026-08-04T18:11:04Z
CREAM-20260804-00460,William Taylor,wtaylor@icloud.com,(214) 894-1378,Berkshire Hathaway,Hollywood,FL,34794,2,7,B,72,Website Lead,2026-08-04T19:16:43Z
CREAM-20260804-00461,Jason Chavez,jasonc@hotmail.com,(720) 730-8644,Keller Williams,Durham,NC,28470,4,16,B,67,Website Lead,2026-08-04T01:56:46Z
CREAM-20260804-00462,Emily Turner,emily_turner@yahoo.com,(919) 225-4696,Keller Williams,Buffalo,NY,13176,16,30,B,96,Realtor.com,2026-08-04T06:10:21Z
CREAM-20260804-00463,Benjamin Watson,bwatson@re/max.com,(805) 310-8759,RE/MAX,Chandler,AZ,85448,3,18,B,76,NAR Directory,2026-08-04T10:33:50Z
CREAM-20260804-00464,Maria Kim,maria_kim@icloud.com,(972) 234-7183,Keller Williams,Buffalo,NY,12968,9,17,B,63,MLS Database,2026-08-04T04:03:58Z
CREAM-20260804-00465,Joshua Ward,joshuaw@howardhanna.com,(929) 590-7581,Howard Hanna,Durham,NC,27732,7,32,B,63,Referral Network,2026-08-04T07:55:38Z
CREAM-20260804-00466,Deborah Reyes,deborahreyes@gmail.com,(305) 729-6377,Compass,Santa Ana,CA,94297,16,66,B,61,MLS Database,2026-08-04T03:00:38Z
CREAM-20260804-00467,Heather Harris,heatherh@outlook.com,(305) 390-4983,Coldwell Banker,Irving,TX,76916,19,55,B,99,NAR Directory,2026-08-04T01:08:19Z
CREAM-20260804-00468,Michelle Howard,mhoward@coldwellbanker.com,(415) 208-9481,Coldwell Banker,Dayton,OH,45773,5,18,B,78,Brokerage Listings,2026-08-04T01:15:32Z
CREAM-20260804-00469,Brian Sanchez,bsanchez@aol.com,(720) 687-8657,Sotheby's International,Santa Ana,CA,94809,8,25,B,72,Facebook,2026-08-04T18:36:21Z
CREAM-20260804-00470,Kevin Lee,kevin.lee@hotmail.com,(805) 909-4772,RE/MAX,Tempe,AZ,86738,13,25,B,100,Realtor.com,2026-08-04T07:30:47Z
CREAM-20260804-00471,Anthony Phillips,anthony.phillips@outlook.com,(234) 768-2887,Coldwell Banker,Arvada,CO,80397,0,0,B,82,Trade Show,2026-08-04T06:40:37Z
CREAM-20260804-00472,Patricia Sanchez,patricia.sanchez@livsothebys.com,(310) 767-5029,LIV Sotheby's,Fort Collins,CO,80300,14,71,B,71,NAR Directory,2026-08-04T05:53:16Z
CREAM-20260804-00473,Gregory Moore,gregory.moore@outlook.com,(805) 578-7100,Allie Beth Allman,Arlington,TX,76639,12,44,B,89,Cold Outreach,2026-08-04T13:56:45Z
CREAM-20260804-00474,Charles Taylor,ctaylor@berkshirehathaway.com,(718) 639-5006,Berkshire Hathaway,Arlington,TX,75881,5,19,B,80,Cold Outreach,2026-08-04T18:12:54Z
CREAM-20260804-00475,Dorothy Young,dorothyy@aol.com,(646) 700-4428,Keller Williams,Glendale,AZ,85903,10,79,B,92,Trade Show,2026-08-04T21:39:04Z
CREAM-20260804-00476,Deborah Long,deborah_long@yahoo.com,(614) 694-9106,eXp Realty,Pembroke Pines,FL,33374,4,19,B,93,Cold Outreach,2026-08-04T12:40:58Z
CREAM-20260804-00477,Mark Sanchez,mark_sanchez@yahoo.com,(646) 360-7129,Pacific Sotheby's,Bakersfield,CA,92663,1,9,B,84,MLS Database,2026-08-04T04:48:05Z
CREAM-20260804-00478,Eric Rivera,eric_rivera@icloud.com,(305) 678-8086,Berkshire Hathaway,Tempe,AZ,86476,2,8,B,87,Trade Show,2026-08-04T10:17:24Z
CREAM-20260804-00479,Jeffrey Robinson,jeffreyr@gmail.com,(212) 859-2280,Berkshire Hathaway HomeServices,Bakersfield,CA,96383,1,11,B,92,Realtor.com,2026-08-04T03:07:04Z
CREAM-20260804-00480,Helen Sanchez,hsanchez@compass.com,(714) 922-3258,Compass,Fort Collins,CO,81108,1,7,B,77,LinkedIn,2026-08-04T09:52:22Z
CREAM-20260804-00481,Justin Long,justinlong@aol.com,(805) 432-4438,Keller Williams,Parma,OH,44339,10,80,B,85,Website Lead,2026-08-04T18:50:35Z
CREAM-20260804-00482,Carol Jenkins,cjenkins@hotmail.com,(305) 771-1493,RE/MAX,Cary,NC,28242,19,38,B,88,Cold Outreach,2026-08-04T04:19:47Z
CREAM-20260804-00483,Diane James,diane_james@hotmail.com,(929) 533-1380,eXp Realty,Santa Ana,CA,94904,2,9,B,94,NAR Directory,2026-08-04T04:09:21Z
CREAM-20260804-00484,Anthony Gomez,agomez@hotmail.com,(305) 854-5991,RE/MAX,Parma,OH,43275,9,25,B,96,MLS Database,2026-08-04T21:35:11Z
CREAM-20260804-00485,Raymond Cox,raymond.cox@pacificsothebys.com,(714) 438-5769,Pacific Sotheby's,Chula Vista,CA,95636,3,20,B,78,MLS Database,2026-08-04T14:03:23Z
CREAM-20260804-00486,Dorothy Evans,dorothy.evans@compass.com,(786) 960-2126,Compass,Bakersfield,CA,93986,10,59,B,86,Realtor.com,2026-08-04T04:55:13Z
CREAM-20260804-00487,Alexander Bennett,alexanderb@homesmart.com,(407) 933-8519,HomeSmart,Tempe,AZ,86306,15,62,B,72,NAR Directory,2026-08-04T04:28:04Z
CREAM-20260804-00488,Angela Nelson,angelanelson@gmail.com,(303) 667-6681,Cutler Real Estate,Akron,OH,45962,2,4,B,78,LinkedIn,2026-08-04T12:39:52Z
CREAM-20260804-00489,Ashley Thompson,athompson@me.com,(614) 244-4927,Compass,Port St. Lucie,FL,32380,2,4,B,85,Website Lead,2026-08-04T09:42:58Z
CREAM-20260804-00490,Patrick Castillo,patrick_castillo@aol.com,(334) 973-2723,Berkshire Hathaway,Amarillo,TX,79884,23,32,B,83,Facebook,2026-08-04T13:28:10Z
CREAM-20260804-00491,Nicholas Garcia,nicholasg@homesmart.com,(310) 963-7542,HomeSmart,Glendale,AZ,85506,5,22,B,84,NAR Directory,2026-08-04T00:16:07Z
CREAM-20260804-00492,Christine Myers,christine.myers@gmail.com,(512) 682-5573,Douglas Elliman,Cape Coral,FL,32274,5,15,B,88,NAR Directory,2026-08-04T19:06:11Z
CREAM-20260804-00493,Jonathan Patel,jonathanp@longrealty.com,(512) 651-6866,Long Realty,Chandler,AZ,85321,6,36,B,77,NAR Directory,2026-08-04T21:34:13Z
CREAM-20260804-00494,Samantha Russell,samanthar@hotmail.com,(256) 990-7183,RE/MAX,Durham,NC,27355,7,34,B,60,Facebook,2026-08-04T07:12:05Z
CREAM-20260804-00495,Patricia Johnson,patricia.johnson@yahoo.com,(513) 371-1721,eXp Realty,Santa Ana,CA,93624,9,40,B,70,MLS Database,2026-08-04T10:20:35Z
CREAM-20260804-00496,Anthony Cooper,anthony.cooper@yahoo.com,(310) 377-1245,Halstead,Albany,NY,13769,3,11,B,82,Facebook,2026-08-04T00:24:13Z
CREAM-20260804-00497,William James,williamj@gmail.com,(929) 985-9185,eXp Realty,Winston-Salem,NC,27829,8,21,B,86,Website Lead,2026-08-04T18:10:16Z
CREAM-20260804-00498,Dorothy Watson,dwatson@outlook.com,(214) 882-8899,Allie Beth Allman,Irving,TX,75443,11,65,B,80,NAR Directory,2026-08-04T19:58:37Z
CREAM-20260804-00499,Shirley Brooks,shirley.brooks@yahoo.com,(929) 442-8020,Berkshire Hathaway,Cary,NC,27734,6,34,B,67,MLS Database,2026-08-04T01:08:23Z
CREAM-20260804-00500,Betty Martin,betty.martin@howardhanna.com,(305) 956-6385,Howard Hanna,Fayetteville,NC,27384,13,71,B,98,Facebook,2026-08-04T20:50:48Z
CREAM-20260804-00501,Heather Turner,hturner@aol.com,(805) 410-9836,Berkshire Hathaway HomeServices,Riverside,CA,90780,2,8,B,81,Realtor.com,2026-08-04T21:44:46Z
CREAM-20260804-00502,Timothy Gutierrez,timothyg@nestseekers.com,(334) 397-1853,Nest Seekers,Albany,NY,11309,3,10,B,91,Brokerage Listings,2026-08-04T02:11:37Z
CREAM-20260804-00503,Nicholas Hernandez,nicholash@yahoo.com,(713) 380-5079,Halstead,Rochester,NY,12392,5,14,B,75,Cold Outreach,2026-08-04T14:40:12Z
CREAM-20260804-00504,David Campbell,david_campbell@hotmail.com,(513) 643-3553,Long Realty,Tempe,AZ,86120,19,57,B,99,Referral Network,2026-08-04T13:54:05Z
CREAM-20260804-00505,Stephen Sanders,ssanders@coldwellbanker.com,(512) 775-8878,Coldwell Banker,Glendale,AZ,85441,15,54,B,78,Brokerage Listings,2026-08-04T22:30:12Z
CREAM-20260804-00506,James Johnson,james_johnson@hotmail.com,(929) 856-2167,eXp Realty,Tallahassee,FL,33139,17,49,B,91,MLS Database,2026-08-04T12:59:36Z
CREAM-20260804-00507,Ruth Parker,ruthp@icloud.com,(614) 577-1945,Berkshire Hathaway,Tallahassee,FL,34494,5,23,B,100,Referral Network,2026-08-04T23:15:15Z
CREAM-20260804-00508,George Watson,gwatson@outlook.com,(916) 453-3644,Keller Williams,Durham,NC,27219,25,54,B,69,MLS Database,2026-08-04T20:45:58Z
CREAM-20260804-00509,Alexander Ramos,aramos@hotmail.com,(916) 908-5951,RE/MAX,Parma,OH,45645,11,78,B,87,Referral Network,2026-08-04T18:19:46Z
CREAM-20260804-00510,Susan Brooks,susanb@me.com,(614) 515-1105,Huntington Real Estate,Toledo,OH,43935,12,72,B,85,Trade Show,2026-08-04T00:06:04Z
CREAM-20260804-00511,Katherine Torres,ktorres@herrealtors.com,(714) 698-3981,HER Realtors,Parma,OH,45212,0,5,B,68,Trade Show,2026-08-04T18:52:13Z
CREAM-20260804-00512,Linda Myers,lmyers@outlook.com,(972) 839-2789,Coldwell Banker,Tallahassee,FL,34270,19,53,B,100,MLS Database,2026-08-04T09:05:24Z
CREAM-20260804-00513,William Baker,william_baker@hotmail.com,(916) 969-1118,Keller Williams,Lubbock,TX,79908,9,15,B,63,NAR Directory,2026-08-04T03:13:33Z
CREAM-20260804-00514,Nicole Gutierrez,nicole_gutierrez@aol.com,(310) 579-6620,Berkshire Hathaway HomeServices,Santa Ana,CA,92936,16,63,B,87,Realtor.com,2026-08-04T11:42:25Z
CREAM-20260804-00515,Amanda Nelson,amandan@re/max.com,(234) 816-3013,RE/MAX,Toledo,OH,45386,18,71,B,68,Realtor.com,2026-08-04T11:28:39Z
CREAM-20260804-00516,Frank Harris,frankh@gmail.com,(919) 953-6333,Keller Williams,Cary,NC,28339,17,80,B,62,Cold Outreach,2026-08-04T15:25:47Z
CREAM-20260804-00517,Jason Stewart,jasons@icloud.com,(214) 732-9267,RE/MAX,Lubbock,TX,75230,12,70,B,69,Trade Show,2026-08-04T02:19:53Z
CREAM-20260804-00518,Sharon Anderson,sanderson@yahoo.com,(404) 645-1478,Compass,Winston-Salem,NC,27434,12,35,B,65,Referral Network,2026-08-04T08:14:46Z
CREAM-20260804-00519,Christine Thomas,christine_thomas@gmail.com,(972) 789-2059,Coldwell Banker,Tempe,AZ,86486,16,80,B,74,Referral Network,2026-08-04T20:41:50Z
CREAM-20260804-00520,Mark King,mark.king@re/max.com,(972) 392-2902,RE/MAX,Akron,OH,45476,8,25,B,97,Brokerage Listings,2026-08-04T10:24:36Z
CREAM-20260804-00521,Linda Ramos,linda_ramos@outlook.com,(720) 816-4639,Sotheby's International,Anaheim,CA,90504,1,5,B,93,NAR Directory,2026-08-04T17:54:29Z
CREAM-20260804-00522,Donna Lewis,dlewis@icloud.com,(718) 527-6060,8z Real Estate,Lakewood,CO,80380,1,5,B,62,Cold Outreach,2026-08-04T15:40:53Z
CREAM-20260804-00523,Donna Price,dprice@halstead.com,(214) 950-4687,Halstead,Syracuse,NY,10986,0,5,B,73,Brokerage Listings,2026-08-04T15:46:25Z
CREAM-20260804-00524,John Peterson,john_peterson@outlook.com,(407) 944-5637,Long Realty,Glendale,AZ,86813,18,50,B,64,Realtor.com,2026-08-04T22:54:35Z
CREAM-20260804-00525,Thomas Adams,thomasa@hotmail.com,(305) 912-8904,Keller Williams,Toledo,OH,44248,11,61,B,68,Realtor.com,2026-08-04T06:51:47Z
CREAM-20260804-00526,Katherine Johnson,katherinejohnson@gmail.com,(720) 372-1922,Nest Seekers,New Rochelle,NY,10464,10,49,B,87,Trade Show,2026-08-04T05:03:07Z
CREAM-20260804-00527,Karen Watson,karen.watson@berkshirehathaway.com,(929) 904-3826,Berkshire Hathaway,Arvada,CO,81894,0,3,B,91,MLS Database,2026-08-04T14:55:52Z
CREAM-20260804-00528,Benjamin Wood,benjamin.wood@gmail.com,(303) 884-9351,Cutler Real Estate,Dayton,OH,43123,8,18,B,91,Cold Outreach,2026-08-04T18:36:30Z
CREAM-20260804-00529,Heather Ramos,heather_ramos@outlook.com,(310) 265-9806,Coldwell Banker,Chandler,AZ,85515,24,33,B,66,NAR Directory,2026-08-04T12:35:52Z
CREAM-20260804-00530,Eric Howard,ehoward@me.com,(614) 384-1087,RE/MAX,Durham,NC,28919,0,1,B,98,Facebook,2026-08-04T03:02:08Z
CREAM-20260804-00531,Christopher Lopez,christopher.lopez@gmail.com,(415) 757-3811,Brown Harris Stevens,New Rochelle,NY,13773,0,4,B,79,NAR Directory,2026-08-04T07:19:02Z
CREAM-20260804-00532,Sarah Kelly,sarahkelly@outlook.com,(714) 904-2622,HomeSmart,Tempe,AZ,85342,5,25,B,92,NAR Directory,2026-08-04T06:09:19Z
CREAM-20260804-00533,Nicole Peterson,nicolep@yahoo.com,(212) 461-5270,Compass,Rochester,NY,13765,5,21,B,64,Brokerage Listings,2026-08-04T12:29:05Z
CREAM-20260804-00534,Raymond Jackson,raymondj@berkshirehathaway.com,(646) 873-9379,Berkshire Hathaway,Tempe,AZ,85529,4,14,B,83,Brokerage Listings,2026-08-04T10:50:27Z
CREAM-20260804-00535,Nicole Young,nicoley@re/max.com,(713) 267-6396,RE/MAX,Toledo,OH,45191,9,36,B,95,Facebook,2026-08-04T10:49:17Z
CREAM-20260804-00536,Emily Johnson,ejohnson@hotmail.com,(407) 945-6022,RE/MAX,Tallahassee,FL,34941,0,0,B,71,Trade Show,2026-08-04T03:33:22Z
CREAM-20260804-00537,Nicole Gonzalez,ngonzalez@kellerwilliams.com,(212) 808-7597,Keller Williams,Gilbert,AZ,86706,3,19,B,94,Brokerage Listings,2026-08-04T08:00:43Z
CREAM-20260804-00538,Thomas Jackson,thomasj@gmail.com,(720) 823-7852,Compass,Hollywood,FL,34568,17,70,B,75,Brokerage Listings,2026-08-04T14:22:51Z
CREAM-20260804-00539,Emily Diaz,emily.diaz@outlook.com,(303) 281-2256,Berkshire Hathaway,Fayetteville,NC,27195,4,18,B,65,Brokerage Listings,2026-08-04T18:03:05Z
CREAM-20260804-00540,Diane Johnson,djohnson@hotmail.com,(614) 327-7643,Long Realty,Tempe,AZ,85731,1,11,B,94,Realtor.com,2026-08-04T23:00:45Z
CREAM-20260804-00541,Ashley Patel,apatel@me.com,(334) 575-3184,Keller Williams,Dayton,OH,45461,22,39,B,71,NAR Directory,2026-08-04T13:31:24Z
CREAM-20260804-00542,Joseph Baker,joseph.baker@outlook.com,(916) 418-1036,Century 21,Cape Coral,FL,34746,15,55,B,78,Cold Outreach,2026-08-04T12:13:59Z
CREAM-20260804-00543,Cynthia Richardson,cynthia.richardson@homesmart.com,(929) 562-2755,HomeSmart,Chandler,AZ,85458,25,54,B,81,Brokerage Listings,2026-08-04T12:22:00Z
CREAM-20260804-00544,Gary Sanchez,gsanchez@hotmail.com,(512) 987-5098,RE/MAX,Garland,TX,76581,9,30,B,60,Referral Network,2026-08-04T11:19:23Z
CREAM-20260804-00545,Jonathan Russell,jrussell@exprealty.com,(415) 965-8110,eXp Realty,Akron,OH,43467,20,35,B,68,Realtor.com,2026-08-04T03:12:18Z
CREAM-20260804-00546,Ronald Turner,rturner@me.com,(404) 631-9012,eXp Realty,Bakersfield,CA,94607,3,23,B,77,Brokerage Listings,2026-08-04T10:48:48Z
CREAM-20260804-00547,Thomas Anderson,tanderson@yahoo.com,(704) 900-4874,RE/MAX,Parma,OH,43794,17,57,B,60,Facebook,2026-08-04T13:38:47Z
CREAM-20260804-00548,Kathleen Nguyen,kathleen_nguyen@yahoo.com,(602) 455-5606,Berkshire Hathaway HomeServices,Santa Ana,CA,96217,25,34,B,92,LinkedIn,2026-08-04T22:15:42Z
CREAM-20260804-00549,Jacob Price,jacobprice@icloud.com,(303) 849-3436,RE/MAX,Akron,OH,43223,3,14,B,97,Brokerage Listings,2026-08-04T12:02:17Z
CREAM-20260804-00550,Jason Williams,jason.williams@compass.com,(929) 916-4791,Compass,Rochester,NY,11444,1,9,B,93,Referral Network,2026-08-04T15:03:32Z
CREAM-20260804-00551,Joshua Anderson,joshuaa@me.com,(469) 248-3977,eXp Realty,Toledo,OH,43100,4,15,B,80,NAR Directory,2026-08-04T21:47:20Z
CREAM-20260804-00552,Jacob Scott,jacobs@hotmail.com,(404) 299-1223,Corcoran Group,Yonkers,NY,14888,17,46,B,79,Brokerage Listings,2026-08-04T10:23:47Z
CREAM-20260804-00553,Donald Wood,dwood@exprealty.com,(303) 960-2971,eXp Realty,Thornton,CO,80700,8,18,B,68,Realtor.com,2026-08-04T06:45:28Z
CREAM-20260804-00554,Helen Richardson,helen_richardson@aol.com,(256) 330-4140,Briggs Freeman Sotheby's,Arlington,TX,78663,0,4,B,69,LinkedIn,2026-08-04T17:22:57Z
CREAM-20260804-00555,Benjamin Alvarez,benjamin.alvarez@hotmail.com,(919) 222-3735,RE/MAX,Arvada,CO,81813,19,58,B,92,Brokerage Listings,2026-08-04T09:02:36Z
CREAM-20260804-00556,Raymond Harris,raymondharris@aol.com,(305) 968-9344,Compass,Chula Vista,CA,93675,22,29,B,70,Referral Network,2026-08-04T12:38:17Z
CREAM-20260804-00557,James Lee,james.lee@aol.com,(614) 937-9602,Compass,Rochester,NY,12410,22,54,B,92,Realtor.com,2026-08-04T09:45:17Z
CREAM-20260804-00558,Mark Garcia,markg@berkshirehathaway.com,(916) 252-5079,Berkshire Hathaway,Corpus Christi,TX,76647,0,2,B,68,MLS Database,2026-08-04T00:41:22Z
CREAM-20260804-00559,David Price,david_price@icloud.com,(303) 210-6824,eXp Realty,Thornton,CO,80848,15,45,B,63,LinkedIn,2026-08-04T05:16:01Z
CREAM-20260804-00560,Janet Ruiz,janetr@aol.com,(980) 652-4614,Allie Beth Allman,Amarillo,TX,77375,25,60,B,73,Realtor.com,2026-08-04T18:40:51Z
CREAM-20260804-00561,Sharon Robinson,sharon_robinson@gmail.com,(602) 380-4094,HER Realtors,Akron,OH,45602,4,13,B,89,Brokerage Listings,2026-08-04T20:18:01Z
CREAM-20260804-00562,Daniel Gomez,daniel.gomez@berkshirehathaway.com,(972) 860-7594,Berkshire Hathaway,Glendale,AZ,85841,1,6,B,89,Website Lead,2026-08-04T04:46:48Z
CREAM-20260804-00563,Richard Carter,richard.carter@compass.com,(704) 285-5385,Compass,Riverside,CA,91742,7,19,B,75,Cold Outreach,2026-08-04T00:50:00Z
CREAM-20260804-00564,Jack Baker,jbaker@re/max.com,(929) 539-8846,RE/MAX,Irving,TX,76349,2,10,B,70,NAR Directory,2026-08-04T17:44:17Z
CREAM-20260804-00565,Jennifer Wilson,jwilson@exprealty.com,(234) 432-7998,eXp Realty,Arlington,TX,78250,0,0,B,74,Facebook,2026-08-04T20:18:14Z
CREAM-20260804-00566,Gary Perez,gperez@re/max.com,(310) 321-6906,RE/MAX,Toledo,OH,43144,1,4,B,99,Cold Outreach,2026-08-04T04:11:27Z
CREAM-20260804-00567,Gregory Diaz,gregoryd@icloud.com,(916) 711-7047,Coldwell Banker,Lakewood,CO,81930,4,19,B,66,MLS Database,2026-08-04T00:55:59Z
CREAM-20260804-00568,Charles Green,charles_green@aol.com,(713) 944-5562,Coldwell Banker,Hollywood,FL,32192,8,18,B,96,Facebook,2026-08-04T04:11:49Z
CREAM-20260804-00569,Kenneth Murphy,kenneth_murphy@icloud.com,(512) 628-9144,HER Realtors,Dayton,OH,45646,16,33,B,75,Trade Show,2026-08-04T17:34:52Z
CREAM-20260804-00570,David Howard,dhoward@me.com,(234) 408-1281,Halstead,Syracuse,NY,12671,8,22,B,83,Trade Show,2026-08-04T04:58:07Z
CREAM-20260804-00571,George Jimenez,george.jimenez@coldwellbanker.com,(714) 429-1915,Coldwell Banker,Anaheim,CA,95241,23,51,B,75,MLS Database,2026-08-04T22:45:09Z
CREAM-20260804-00572,Rachel Diaz,rachel.diaz@huntingtonrealestate.com,(980) 808-3591,Huntington Real Estate,Toledo,OH,43250,24,29,B,90,Facebook,2026-08-04T04:05:15Z
CREAM-20260804-00573,Larry Turner,larry_turner@me.com,(614) 506-8703,Coldwell Banker,Arlington,TX,78839,0,5,B,93,Facebook,2026-08-04T14:50:41Z
CREAM-20260804-00574,Joseph Martin,joseph.martin@icloud.com,(234) 605-7940,Keller Williams Realty,Anaheim,CA,95996,0,4,B,70,Trade Show,2026-08-04T17:45:53Z
CREAM-20260804-00575,Alexander Robinson,alexanderr@gmail.com,(513) 416-7560,Long Realty,Gilbert,AZ,85324,22,49,B,68,Referral Network,2026-08-04T05:52:47Z
CREAM-20260804-00576,Cynthia Morris,cynthia_morris@aol.com,(919) 580-7950,Briggs Freeman Sotheby's,Amarillo,TX,76376,18,35,B,63,MLS Database,2026-08-04T03:04:23Z
CREAM-20260804-00577,Donald Torres,donald.torres@yahoo.com,(714) 764-4305,Coldwell Banker,Fort Collins,CO,80346,2,3,B,79,LinkedIn,2026-08-04T02:36:36Z
CREAM-20260804-00578,Heather Morris,heather.morris@kellerwilliamsrealty.com,(704) 489-7523,Keller Williams Realty,Riverside,CA,94299,15,25,B,82,Facebook,2026-08-04T12:46:22Z
CREAM-20260804-00579,Gregory Gonzalez,gregorygonzalez@gmail.com,(234) 801-7260,eXp Realty,Hollywood,FL,33700,22,76,B,69,NAR Directory,2026-08-04T09:10:09Z
CREAM-20260804-00580,Benjamin Lopez,blopez@aol.com,(513) 823-9573,Berkshire Hathaway,Durham,NC,28558,11,57,B,93,Brokerage Listings,2026-08-04T10:18:23Z
CREAM-20260804-00581,Catherine Jimenez,catherinej@herrealtors.com,(646) 842-9151,HER Realtors,Toledo,OH,43924,2,4,B,69,NAR Directory,2026-08-04T04:49:55Z
CREAM-20260804-00582,Amy Gonzalez,amyg@yahoo.com,(415) 561-2461,HomeSmart,Chandler,AZ,85283,8,23,B,96,Trade Show,2026-08-04T08:30:16Z
CREAM-20260804-00583,Jessica Reed,jreed@compass.com,(972) 896-3113,Compass,Winston-Salem,NC,28475,1,9,B,99,Website Lead,2026-08-04T19:20:23Z
CREAM-20260804-00584,Edward Cook,edwardc@douglaselliman.com,(513) 450-1130,Douglas Elliman,Amarillo,TX,76973,7,34,B,63,MLS Database,2026-08-04T09:24:10Z
CREAM-20260804-00585,Mark Roberts,markr@hotmail.com,(404) 287-3953,Cutler Real Estate,Toledo,OH,45210,4,25,B,89,Referral Network,2026-08-04T13:12:25Z
CREAM-20260804-00586,Kenneth Baker,kennethb@8zrealestate.com,(305) 239-9930,8z Real Estate,Fort Collins,CO,80581,4,11,B,77,Brokerage Listings,2026-08-04T20:13:20Z
CREAM-20260804-00587,Maria Carter,mariac@aol.com,(256) 416-1375,Keller Williams Realty,Riverside,CA,96800,4,23,B,73,Referral Network,2026-08-04T08:16:40Z
CREAM-20260804-00588,Charles Rodriguez,charlesr@aol.com,(407) 419-5250,Berkshire Hathaway,Hialeah,FL,32950,20,80,B,86,NAR Directory,2026-08-04T02:57:57Z
CREAM-20260804-00589,Dennis Hill,dhill@coldwellbanker.com,(614) 364-8156,Coldwell Banker,Dayton,OH,44809,21,55,B,94,Cold Outreach,2026-08-04T12:52:00Z
CREAM-20260804-00590,Patrick Bennett,patrickb@gmail.com,(786) 524-2861,Sotheby's International,Buffalo,NY,13369,0,3,B,69,Website Lead,2026-08-04T23:00:28Z
CREAM-20260804-00591,Sharon Brooks,sharonb@re/max.com,(704) 370-7185,RE/MAX,Hollywood,FL,32456,3,21,B,94,Realtor.com,2026-08-04T06:43:36Z
CREAM-20260804-00592,George Williams,georgewilliams@aol.com,(303) 666-7783,Berkshire Hathaway HomeServices,Anaheim,CA,93460,9,37,B,91,Facebook,2026-08-04T17:27:33Z
CREAM-20260804-00593,Daniel Collins,danielcollins@icloud.com,(512) 491-8167,Berkshire Hathaway,Fort Collins,CO,81818,3,25,B,87,Cold Outreach,2026-08-04T03:05:51Z
CREAM-20260804-00594,Katherine Williams,katherinew@alliebethallman.com,(303) 654-9247,Allie Beth Allman,Arlington,TX,79925,5,25,B,66,NAR Directory,2026-08-04T21:18:54Z
CREAM-20260804-00595,Mark Jimenez,mark.jimenez@yahoo.com,(919) 675-7765,Cutler Real Estate,Akron,OH,45820,4,11,B,82,Referral Network,2026-08-04T00:23:50Z
CREAM-20260804-00596,Andrew Wright,andrew_wright@me.com,(256) 215-1430,Brown Harris Stevens,Albany,NY,11909,3,8,B,86,Facebook,2026-08-04T16:52:47Z
CREAM-20260804-00597,Nancy Kelly,nkelly@berkshirehathaway.com,(919) 791-8030,Berkshire Hathaway,Thornton,CO,80751,3,20,B,63,Referral Network,2026-08-04T23:11:25Z
CREAM-20260804-00598,Laura Robinson,lrobinson@icloud.com,(919) 601-5263,RE/MAX,Lakewood,CO,80430,9,35,B,96,Realtor.com,2026-08-04T02:05:01Z
CREAM-20260804-00599,Benjamin Foster,benjaminf@coldwellbanker.com,(512) 225-3138,Coldwell Banker,Toledo,OH,44749,23,30,B,96,Facebook,2026-08-04T05:15:41Z
CREAM-20260804-00600,Matthew Morgan,matthew_morgan@aol.com,(334) 347-1379,Compass,Yonkers,NY,14987,4,9,B,77,MLS Database,2026-08-04T03:29:59Z
CREAM-20260804-00601,Charles Torres,charles.torres@gmail.com,(512) 303-9045,eXp Realty,Arlington,TX,75523,1,8,B,73,MLS Database,2026-08-04T15:40:04Z
CREAM-20260804-00602,Rebecca Carter,rebecca_carter@aol.com,(234) 382-1515,Nest Seekers,New Rochelle,NY,10451,11,36,B,79,Facebook,2026-08-04T15:39:38Z
CREAM-20260804-00603,Eric Patel,epatel@icloud.com,(407) 724-3496,Berkshire Hathaway HomeServices,Bakersfield,CA,91987,6,32,B,61,Facebook,2026-08-04T03:57:13Z
CREAM-20260804-00604,Sarah Lewis,slewis@outlook.com,(334) 556-5822,RE/MAX,Anaheim,CA,93863,1,10,B,72,Trade Show,2026-08-04T13:32:25Z
CREAM-20260804-00605,Daniel Sanchez,daniel.sanchez@icloud.com,(919) 410-8992,Brown Harris Stevens,Yonkers,NY,13556,24,44,B,70,Referral Network,2026-08-04T19:47:17Z
CREAM-20260804-00606,Nicole Roberts,nroberts@berkshirehathaway.com,(305) 371-1553,Berkshire Hathaway,Fort Collins,CO,81700,17,65,B,64,Referral Network,2026-08-04T09:38:52Z
CREAM-20260804-00607,Patricia Anderson,patricia_anderson@aol.com,(334) 420-7089,Coldwell Banker,Arvada,CO,81248,11,47,B,75,Facebook,2026-08-04T03:00:20Z
CREAM-20260804-00608,Kevin Ramirez,kevinr@yahoo.com,(929) 816-4476,Pacific Sotheby's,Stockton,CA,94322,2,4,B,84,MLS Database,2026-08-04T17:17:45Z
CREAM-20260804-00609,Samuel Turner,samuelt@yahoo.com,(786) 247-5496,Allie Beth Allman,Irving,TX,78222,0,0,B,91,MLS Database,2026-08-04T14:10:38Z
CREAM-20260804-00610,Donald Kelly,donaldk@kellerwilliams.com,(929) 334-7599,Keller Williams,Arvada,CO,80646,24,25,B,89,Website Lead,2026-08-04T01:21:41Z
CREAM-20260804-00611,Jacob Gonzalez,jacobg@outlook.com,(212) 993-6131,Compass,Fresno,CA,93727,4,20,B,65,NAR Directory,2026-08-04T12:19:44Z
CREAM-20260804-00612,Samuel Thomas,samuel.thomas@gmail.com,(512) 307-6289,Allen Tate,Cary,NC,28331,13,28,B,60,Brokerage Listings,2026-08-04T02:12:46Z
CREAM-20260804-00613,Raymond Miller,raymond.miller@gmail.com,(916) 537-7218,eXp Realty,Fort Collins,CO,81815,7,24,B,64,Brokerage Listings,2026-08-04T04:37:29Z
CREAM-20260804-00614,Kenneth Jackson,kenneth.jackson@icloud.com,(786) 877-9029,Allie Beth Allman,Corpus Christi,TX,77429,2,6,B,96,Trade Show,2026-08-04T07:05:16Z
CREAM-20260804-00615,Amanda Bailey,abailey@me.com,(256) 417-1215,Berkshire Hathaway,Chandler,AZ,85579,3,10,B,91,Referral Network,2026-08-04T06:31:06Z
CREAM-20260804-00616,Pamela Ross,pamelar@me.com,(404) 333-4584,Compass,Lakewood,CO,81494,4,12,B,92,Trade Show,2026-08-04T19:32:12Z
CREAM-20260804-00617,William Scott,wscott@herrealtors.com,(305) 309-2805,HER Realtors,Akron,OH,43116,2,4,B,69,Trade Show,2026-08-04T05:17:01Z
CREAM-20260804-00618,Amanda King,amanda.king@outlook.com,(512) 714-8059,RE/MAX,Cary,NC,28154,1,6,B,69,Trade Show,2026-08-04T08:23:06Z
CREAM-20260804-00619,Timothy Sanders,timothy.sanders@compass.com,(916) 742-9087,Compass,Stockton,CA,94543,18,36,B,98,MLS Database,2026-08-04T21:03:41Z
CREAM-20260804-00620,Mark Anderson,markanderson@outlook.com,(404) 482-4710,Douglas Elliman,Buffalo,NY,14816,13,29,B,94,Referral Network,2026-08-04T12:25:06Z
CREAM-20260804-00621,Raymond Wright,raymond.wright@kellerwilliams.com,(929) 951-1050,Keller Williams,New Rochelle,NY,10289,4,17,B,98,Website Lead,2026-08-04T22:39:30Z
CREAM-20260804-00622,Nancy Green,ngreen@re/max.com,(720) 685-8011,RE/MAX,Glendale,AZ,86121,4,12,B,60,Brokerage Listings,2026-08-04T08:56:04Z
CREAM-20260804-00623,Ruth Johnson,ruthjohnson@gmail.com,(404) 246-1284,eXp Realty,Hollywood,FL,34796,1,6,B,90,LinkedIn,2026-08-04T07:33:32Z
CREAM-20260804-00624,Maria Gonzalez,mariag@hotmail.com,(916) 879-8970,RE/MAX,Tallahassee,FL,33473,4,19,B,94,Trade Show,2026-08-04T00:52:22Z
CREAM-20260804-00625,Eric Jimenez,ericj@homesmart.com,(234) 351-7722,HomeSmart,Gilbert,AZ,85775,22,71,B,100,Brokerage Listings,2026-08-04T11:31:01Z
CREAM-20260804-00626,Jack Hughes,jack.hughes@yahoo.com,(916) 841-9927,Halstead,Albany,NY,13997,18,65,B,66,Website Lead,2026-08-04T05:16:58Z
CREAM-20260804-00627,Ronald Ramos,ronaldr@outlook.com,(407) 918-6624,Berkshire Hathaway,Thornton,CO,80543,12,27,B,97,Trade Show,2026-08-04T18:50:50Z
CREAM-20260804-00628,Joseph Johnson,jjohnson@hotmail.com,(929) 838-3664,8z Real Estate,Thornton,CO,81598,5,12,B,93,LinkedIn,2026-08-04T02:51:18Z
CREAM-20260804-00629,Jennifer Ramirez,jennifer.ramirez@gmail.com,(713) 560-1010,Berkshire Hathaway HomeServices,Santa Ana,CA,90357,4,17,B,60,Brokerage Listings,2026-08-04T11:56:18Z
CREAM-20260804-00630,Catherine Wright,cwright@hotmail.com,(805) 232-8752,Coldwell Banker,Hialeah,FL,33354,2,4,B,78,Referral Network,2026-08-04T13:25:57Z
CREAM-20260804-00631,Joshua Kim,jkim@exprealty.com,(512) 899-4268,eXp Realty,Lubbock,TX,77238,16,76,B,97,Referral Network,2026-08-04T17:12:19Z
CREAM-20260804-00632,Joshua Reed,joshua_reed@aol.com,(407) 652-6132,HomeSmart,Chandler,AZ,86579,19,31,B,68,Facebook,2026-08-04T13:29:26Z
CREAM-20260804-00633,Patricia Bailey,patricia_bailey@gmail.com,(646) 724-7113,Keller Williams,Parma,OH,43735,3,17,B,75,Website Lead,2026-08-04T18:56:18Z
CREAM-20260804-00634,Ronald Taylor,ronald_taylor@aol.com,(334) 256-5426,Compass,Chula Vista,CA,96765,2,10,B,63,MLS Database,2026-08-04T10:38:06Z
CREAM-20260804-00635,Raymond Nelson,raymondn@kellerwilliams.com,(614) 409-9458,Keller Williams,Tempe,AZ,85675,2,11,B,63,Trade Show,2026-08-04T04:14:57Z
CREAM-20260804-00636,Benjamin Flores,benjaminflores@me.com,(234) 356-2983,Keller Williams Realty,Cape Coral,FL,34199,0,0,B,64,Realtor.com,2026-08-04T06:06:30Z
CREAM-20260804-00637,Nicholas Cruz,nicholas.cruz@compass.com,(602) 440-9957,Compass,Chula Vista,CA,92941,4,20,B,90,Cold Outreach,2026-08-04T21:28:54Z
CREAM-20260804-00638,Charles Brooks,charlesb@kellerwilliams.com,(513) 916-9956,Keller Williams,Garland,TX,76587,13,35,B,92,Trade Show,2026-08-04T09:18:42Z
CREAM-20260804-00639,Amy Mitchell,amy.mitchell@hotmail.com,(234) 490-8488,eXp Realty,Irving,TX,75677,1,9,B,69,Referral Network,2026-08-04T00:37:19Z
CREAM-20260804-00640,Katherine James,kjames@pacificsothebys.com,(916) 209-3593,Pacific Sotheby's,Stockton,CA,92612,3,22,B,89,Website Lead,2026-08-04T06:22:57Z
CREAM-20260804-00641,Daniel Wood,danielwood@outlook.com,(916) 980-5963,Coldwell Banker,Toledo,OH,44169,20,70,B,68,Trade Show,2026-08-04T12:30:38Z
CREAM-20260804-00642,Alexander Cook,acook@berkshirehathaway.com,(646) 832-7615,Berkshire Hathaway,Pembroke Pines,FL,32146,24,62,B,82,NAR Directory,2026-08-04T23:10:14Z
CREAM-20260804-00643,Susan Murphy,smurphy@aol.com,(469) 378-7292,Douglas Elliman,Amarillo,TX,78165,5,15,B,66,NAR Directory,2026-08-04T19:16:07Z
CREAM-20260804-00644,Janet Martinez,janetmartinez@me.com,(404) 915-8364,Pacific Sotheby's,Chula Vista,CA,93236,3,13,B,80,Cold Outreach,2026-08-04T17:12:12Z
CREAM-20260804-00645,Jeffrey Gray,jeffreyg@exprealty.com,(919) 396-2409,eXp Realty,Tempe,AZ,85744,3,21,B,93,MLS Database,2026-08-04T06:02:51Z
CREAM-20260804-00646,George Jimenez,george.jimenez@outlook.com,(786) 394-4399,Compass,Hialeah,FL,34947,0,5,B,93,Trade Show,2026-08-04T16:22:22Z
CREAM-20260804-00647,Jeffrey Diaz,jeffreydiaz@gmail.com,(929) 303-2932,Compass,Hialeah,FL,33336,10,75,B,93,NAR Directory,2026-08-04T19:34:21Z
CREAM-20260804-00648,Donna Allen,donna.allen@aol.com,(212) 789-4955,Compass,Bakersfield,CA,96630,11,43,B,64,Cold Outreach,2026-08-04T16:19:25Z
CREAM-20260804-00649,Rachel Anderson,rachela@me.com,(713) 467-4285,Pacific Sotheby's,Riverside,CA,92883,3,9,B,81,NAR Directory,2026-08-04T04:13:35Z
CREAM-20260804-00650,Donald Murphy,donaldmurphy@icloud.com,(713) 812-2320,RE/MAX,Fort Collins,CO,81232,7,26,B,64,LinkedIn,2026-08-04T23:02:06Z
CREAM-20260804-00651,Nicholas Lewis,nicholasl@aol.com,(234) 992-4214,eXp Realty,Santa Ana,CA,94722,13,26,B,63,Referral Network,2026-08-04T21:43:47Z
CREAM-20260804-00652,Kathleen Miller,kmiller@hotmail.com,(512) 318-8175,Compass,Riverside,CA,90730,5,21,B,95,Facebook,2026-08-04T11:12:21Z
CREAM-20260804-00653,Donald Robinson,drobinson@hotmail.com,(256) 215-5094,RE/MAX,Toledo,OH,43178,2,11,B,96,NAR Directory,2026-08-04T04:28:11Z
CREAM-20260804-00654,Kenneth Hall,khall@icloud.com,(720) 278-2251,Berkshire Hathaway,Chandler,AZ,86656,18,55,B,67,Realtor.com,2026-08-04T15:45:47Z
CREAM-20260804-00655,Jeffrey Alvarez,jeffreyalvarez@outlook.com,(310) 914-9870,eXp Realty,Lakewood,CO,80155,13,58,B,77,Facebook,2026-08-04T13:45:39Z
CREAM-20260804-00656,David Clark,davidclark@yahoo.com,(404) 581-3325,Coldwell Banker,Fayetteville,NC,27340,1,11,B,73,Trade Show,2026-08-04T20:48:29Z
CREAM-20260804-00657,Amy Jones,ajones@exprealty.com,(256) 485-7290,eXp Realty,Arlington,TX,78119,15,77,B,65,Referral Network,2026-08-04T12:28:02Z
CREAM-20260804-00658,Timothy White,timothyw@gmail.com,(972) 226-6508,Halstead,Rochester,NY,12929,23,73,B,82,Cold Outreach,2026-08-04T06:48:01Z
CREAM-20260804-00659,Jason Powell,jasonpowell@hotmail.com,(305) 634-9501,Keller Williams,Arvada,CO,81266,2,7,B,94,Referral Network,2026-08-04T14:47:59Z
CREAM-20260804-00660,Mary Scott,mary.scott@brownharrisstevens.com,(646) 604-1632,Brown Harris Stevens,Rochester,NY,14380,23,43,B,81,Facebook,2026-08-04T08:42:16Z
CREAM-20260804-00661,Michelle Reed,mreed@hotmail.com,(234) 677-1606,eXp Realty,Fresno,CA,92591,4,8,B,88,Website Lead,2026-08-04T06:26:03Z
CREAM-20260804-00662,Brandon Peterson,brandon_peterson@yahoo.com,(214) 706-3084,Briggs Freeman Sotheby's,Lubbock,TX,76745,1,7,B,76,Brokerage Listings,2026-08-04T04:55:39Z
CREAM-20260804-00663,Joseph Wood,josephw@kellerwilliamsrealty.com,(256) 766-4734,Keller Williams Realty,Bakersfield,CA,90831,20,62,B,80,LinkedIn,2026-08-04T08:01:43Z
CREAM-20260804-00664,Scott Walker,scottw@compass.com,(334) 442-4343,Compass,Fort Collins,CO,81684,20,32,B,92,Facebook,2026-08-04T21:26:04Z
CREAM-20260804-00665,Charles Brown,charlesb@outlook.com,(929) 836-1510,Huntington Real Estate,Dayton,OH,43477,4,19,B,90,NAR Directory,2026-08-04T09:59:09Z
CREAM-20260804-00666,Nicole Ramirez,nicoleramirez@aol.com,(512) 796-1534,eXp Realty,Fresno,CA,95843,2,8,B,73,Brokerage Listings,2026-08-04T12:48:41Z
CREAM-20260804-00667,Mark Reed,mark.reed@aol.com,(718) 683-9592,Allie Beth Allman,Arlington,TX,79551,22,76,B,63,Facebook,2026-08-04T08:12:53Z
CREAM-20260804-00668,Kevin Young,kyoung@russelllyonsothebys.com,(305) 950-7716,Russell Lyon Sotheby's,Glendale,AZ,86181,9,37,B,75,Facebook,2026-08-04T17:32:04Z
CREAM-20260804-00669,Nicole Robinson,nrobinson@icloud.com,(704) 617-3263,8z Real Estate,Arvada,CO,81914,0,4,B,75,LinkedIn,2026-08-04T10:20:07Z
CREAM-20260804-00670,Rebecca Cook,rcook@yahoo.com,(404) 628-5315,Coldwell Banker,Garland,TX,79828,20,25,B,70,Trade Show,2026-08-04T23:06:08Z
CREAM-20260804-00671,Laura Brown,lbrown@icloud.com,(415) 330-7591,Coldwell Banker,Chula Vista,CA,95670,5,20,B,87,Realtor.com,2026-08-04T22:18:07Z
CREAM-20260804-00672,Pamela Cox,pamela.cox@gmail.com,(972) 618-8368,RE/MAX,Thornton,CO,81396,5,19,B,88,Trade Show,2026-08-04T22:08:46Z
CREAM-20260804-00673,Jerry Ramos,jerry.ramos@re/max.com,(720) 864-8430,RE/MAX,Hollywood,FL,33428,24,62,B,83,Trade Show,2026-08-04T05:32:46Z
CREAM-20260804-00674,Sandra Hill,sandrahill@icloud.com,(214) 636-5673,HomeSmart,Chandler,AZ,86493,2,12,B,92,Facebook,2026-08-04T05:09:02Z
CREAM-20260804-00675,Eric Scott,escott@nestseekers.com,(916) 698-8191,Nest Seekers,Syracuse,NY,11273,3,11,B,78,LinkedIn,2026-08-04T08:38:48Z
CREAM-20260804-00676,Christine Scott,christines@coldwellbanker.com,(234) 812-1651,Coldwell Banker,Corpus Christi,TX,79650,22,73,B,70,Realtor.com,2026-08-04T00:31:53Z
CREAM-20260804-00677,Anthony Torres,anthonytorres@yahoo.com,(614) 923-2965,Compass,Anaheim,CA,93542,20,43,B,67,Trade Show,2026-08-04T08:05:55Z
CREAM-20260804-00678,Carolyn Bennett,carolyn.bennett@me.com,(310) 360-9307,RE/MAX,Cape Coral,FL,33382,13,71,B,64,Trade Show,2026-08-04T20:47:32Z
CREAM-20260804-00679,Raymond Green,raymondgreen@outlook.com,(256) 849-1130,Keller Williams,Amarillo,TX,76240,0,4,B,100,Cold Outreach,2026-08-04T12:55:14Z
CREAM-20260804-00680,Jacob Martin,jacob_martin@outlook.com,(469) 290-9459,Keller Williams,Yonkers,NY,11103,3,14,B,100,Referral Network,2026-08-04T02:31:35Z
CREAM-20260804-00681,Daniel Jones,danieljones@hotmail.com,(415) 695-9691,Halstead,New Rochelle,NY,11998,24,40,B,100,LinkedIn,2026-08-04T07:56:18Z
CREAM-20260804-00682,Heather Watson,heatherwatson@hotmail.com,(404) 973-5706,Howard Hanna,Cary,NC,28557,1,4,B,74,Facebook,2026-08-04T07:42:27Z
CREAM-20260804-00683,Cynthia Green,cynthia_green@me.com,(980) 700-7750,RE/MAX,Corpus Christi,TX,76129,10,74,B,90,LinkedIn,2026-08-04T08:32:13Z
CREAM-20260804-00684,Anna Foster,afoster@huntingtonrealestate.com,(713) 608-5271,Huntington Real Estate,Toledo,OH,43374,1,9,B,88,Trade Show,2026-08-04T23:14:21Z
CREAM-20260804-00685,Sharon Evans,sevans@icloud.com,(718) 825-6401,Sotheby's International,Anaheim,CA,91719,0,5,B,67,Website Lead,2026-08-04T00:46:01Z
CREAM-20260804-00686,Maria Price,mariaprice@gmail.com,(714) 570-9773,Huntington Real Estate,Toledo,OH,43260,5,9,B,93,Website Lead,2026-08-04T12:55:45Z
CREAM-20260804-00687,Aaron Lee,alee@icloud.com,(256) 220-9627,Nest Seekers,Yonkers,NY,10613,2,6,B,60,Referral Network,2026-08-04T15:02:10Z
CREAM-20260804-00688,Patricia Robinson,patriciar@berkshirehathaway.com,(303) 610-3149,Berkshire Hathaway,Gilbert,AZ,86982,9,40,B,84,MLS Database,2026-08-04T02:04:32Z
CREAM-20260804-00689,Mary Myers,marym@coldwellbanker.com,(214) 519-6303,Coldwell Banker,Toledo,OH,44624,18,37,B,98,NAR Directory,2026-08-04T09:17:29Z
CREAM-20260804-00690,Kimberly Wood,kimberly_wood@gmail.com,(916) 694-5659,Keller Williams,Buffalo,NY,14618,13,51,B,95,Realtor.com,2026-08-04T12:01:31Z
CREAM-20260804-00691,Ruth Cooper,ruthcooper@gmail.com,(305) 578-8811,RE/MAX,Dayton,OH,45211,18,74,B,74,LinkedIn,2026-08-04T10:09:51Z
CREAM-20260804-00692,Anna Perez,anna_perez@icloud.com,(512) 831-8758,Berkshire Hathaway,Arlington,TX,79840,13,30,B,69,Cold Outreach,2026-08-04T07:03:49Z
CREAM-20260804-00693,Edward Flores,edward.flores@outlook.com,(214) 205-5393,Allen Tate,Fayetteville,NC,27873,24,63,B,86,Website Lead,2026-08-04T15:34:31Z
CREAM-20260804-00694,Dorothy Reyes,dorothy.reyes@gmail.com,(512) 975-1223,8z Real Estate,Lakewood,CO,80632,4,10,B,84,MLS Database,2026-08-04T05:12:28Z
CREAM-20260804-00695,Jason Murphy,jasonmurphy@hotmail.com,(512) 209-5861,Coldwell Banker,Arlington,TX,75545,3,25,B,86,LinkedIn,2026-08-04T23:59:56Z
CREAM-20260804-00696,Brandon Mitchell,brandonm@coldwellbanker.com,(614) 580-9509,Coldwell Banker,Gilbert,AZ,86583,5,14,B,99,Trade Show,2026-08-04T06:59:21Z
CREAM-20260804-00697,Angela Alvarez,aalvarez@douglaselliman.com,(334) 205-6109,Douglas Elliman,Tallahassee,FL,34292,11,34,B,90,Realtor.com,2026-08-04T22:06:34Z
CREAM-20260804-00698,Richard Davis,richard.davis@outlook.com,(303) 214-4156,Compass,Fayetteville,NC,28391,23,39,B,82,Referral Network,2026-08-04T18:46:19Z
CREAM-20260804-00699,Steven Bailey,steven.bailey@livsothebys.com,(916) 382-5307,LIV Sotheby's,Arvada,CO,80229,9,38,B,73,Website Lead,2026-08-04T18:41:49Z
CREAM-20260804-00700,Brenda Foster,brendafoster@me.com,(234) 437-4546,eXp Realty,Dayton,OH,43922,1,6,B,70,Cold Outreach,2026-08-04T04:09:10Z
CREAM-20260804-00701,Dorothy Martinez,dmartinez@kellerwilliams.com,(310) 509-9198,Keller Williams,Durham,NC,27346,19,67,B,90,Website Lead,2026-08-04T12:24:49Z
CREAM-20260804-00702,Amanda Flores,amandaflores@aol.com,(980) 484-3341,Huntington Real Estate,Parma,OH,44673,12,35,B,100,Trade Show,2026-08-04T15:44:50Z
CREAM-20260804-00703,Anna Parker,aparker@russelllyonsothebys.com,(714) 831-4129,Russell Lyon Sotheby's,Chandler,AZ,86483,4,19,B,87,Brokerage Listings,2026-08-04T23:00:12Z
CREAM-20260804-00704,Angela Harris,angelah@gmail.com,(972) 213-5473,Keller Williams,Fayetteville,NC,27762,1,7,B,92,LinkedIn,2026-08-04T20:30:25Z
CREAM-20260804-00705,Alexander Allen,alexanderallen@aol.com,(718) 847-8446,Berkshire Hathaway HomeServices,Stockton,CA,93277,6,37,B,90,Trade Show,2026-08-04T23:55:41Z
CREAM-20260804-00706,Melissa Brown,mbrown@aol.com,(980) 322-1918,Coldwell Banker,Arlington,TX,78752,10,30,B,86,NAR Directory,2026-08-04T10:06:54Z
CREAM-20260804-00707,Katherine Ward,katherinew@me.com,(407) 214-7605,Keller Williams,Glendale,AZ,86957,11,62,B,83,NAR Directory,2026-08-04T02:12:52Z
CREAM-20260804-00708,Paul Hernandez,paulh@icloud.com,(602) 850-1052,Coldwell Banker,Hollywood,FL,33380,3,24,B,86,Website Lead,2026-08-04T11:07:21Z
CREAM-20260804-00709,Larry Reyes,larry.reyes@re/max.com,(602) 525-1329,RE/MAX,Durham,NC,27907,11,71,B,65,NAR Directory,2026-08-04T06:40:23Z
CREAM-20260804-00710,Patrick Young,pyoung@me.com,(512) 922-5703,eXp Realty,Durham,NC,27385,10,44,B,63,Brokerage Listings,2026-08-04T18:20:26Z
CREAM-20260804-00711,Paul Sanchez,pauls@me.com,(786) 563-6957,Sotheby's International,Rochester,NY,12890,4,16,B,65,Website Lead,2026-08-04T14:53:40Z
CREAM-20260804-00712,Justin Roberts,jroberts@me.com,(714) 550-9253,Coldwell Banker,Hialeah,FL,34949,4,19,B,78,LinkedIn,2026-08-04T02:32:49Z
CREAM-20260804-00713,Margaret Reyes,margaret.reyes@brownharrisstevens.com,(602) 686-3290,Brown Harris Stevens,Yonkers,NY,13700,22,67,B,100,Facebook,2026-08-04T11:36:24Z
CREAM-20260804-00714,Rachel Wilson,rachel.wilson@yahoo.com,(310) 863-2641,eXp Realty,Anaheim,CA,91466,1,10,B,81,LinkedIn,2026-08-04T05:29:34Z
CREAM-20260804-00715,Jeffrey Russell,jeffrey_russell@me.com,(916) 940-7114,Douglas Elliman,Hialeah,FL,34445,18,55,B,75,Trade Show,2026-08-04T21:25:19Z
CREAM-20260804-00716,Ruth Cook,ruthc@icloud.com,(602) 724-3726,RE/MAX,Bakersfield,CA,92711,1,12,B,61,Website Lead,2026-08-04T06:36:48Z
CREAM-20260804-00717,Frank Nelson,frankn@aol.com,(512) 369-8546,Keller Williams Realty,Tallahassee,FL,32774,3,19,B,89,Brokerage Listings,2026-08-04T06:56:11Z
CREAM-20260804-00718,David White,david_white@gmail.com,(214) 994-7131,Berkshire Hathaway,Gilbert,AZ,85588,13,34,B,95,Brokerage Listings,2026-08-04T11:06:30Z
CREAM-20260804-00719,Jacob Bennett,jbennett@aol.com,(310) 981-3187,HER Realtors,Akron,OH,44891,9,27,B,68,Facebook,2026-08-04T09:52:43Z
CREAM-20260804-00720,Jonathan Martinez,jonathanmartinez@gmail.com,(415) 570-6568,Huntington Real Estate,Parma,OH,45942,3,13,B,75,NAR Directory,2026-08-04T19:38:48Z
CREAM-20260804-00721,Samuel Robinson,samuel.robinson@yahoo.com,(310) 593-3947,Coldwell Banker,Toledo,OH,44254,4,21,B,65,LinkedIn,2026-08-04T09:24:43Z
CREAM-20260804-00722,Kimberly Turner,kimberlyt@coldwellbanker.com,(305) 284-6673,Coldwell Banker,Durham,NC,27771,22,78,B,66,Referral Network,2026-08-04T00:10:20Z
CREAM-20260804-00723,Nicholas Roberts,nicholasr@douglaselliman.com,(704) 255-5963,Douglas Elliman,Pembroke Pines,FL,33364,2,9,B,87,MLS Database,2026-08-04T19:51:51Z
CREAM-20260804-00724,Maria Stewart,marias@gmail.com,(704) 592-2310,Allen Tate,Fayetteville,NC,27107,11,52,B,94,Facebook,2026-08-04T22:37:16Z
CREAM-20260804-00725,Brandon Sanders,brandon_sanders@outlook.com,(305) 575-1820,Keller Williams,Albany,NY,14802,0,0,B,91,Facebook,2026-08-04T08:27:21Z
CREAM-20260804-00726,Helen Wright,hwright@coldwellbanker.com,(929) 851-1583,Coldwell Banker,Chandler,AZ,85465,6,29,B,80,NAR Directory,2026-08-04T17:47:25Z
CREAM-20260804-00727,David Morgan,david.morgan@corcorangroup.com,(469) 481-6658,Corcoran Group,Rochester,NY,13805,5,23,B,87,Cold Outreach,2026-08-04T07:58:52Z
CREAM-20260804-00728,Elizabeth Adams,elizabetha@allentate.com,(407) 942-2290,Allen Tate,Durham,NC,28752,5,11,B,84,LinkedIn,2026-08-04T13:25:01Z
CREAM-20260804-00729,Steven Castillo,steven_castillo@gmail.com,(929) 830-9422,RE/MAX,Hollywood,FL,34974,12,61,B,76,Realtor.com,2026-08-04T22:51:03Z
CREAM-20260804-00730,Margaret Ross,margaretr@berkshirehathaway.com,(720) 246-7531,Berkshire Hathaway,Arvada,CO,80794,11,42,B,92,LinkedIn,2026-08-04T08:00:26Z
CREAM-20260804-00731,Tyler Turner,tturner@sothebysinternational.com,(805) 430-1296,Sotheby's International,Buffalo,NY,12326,2,8,B,66,MLS Database,2026-08-04T19:18:46Z
CREAM-20260804-00732,Samantha Kim,samantha_kim@icloud.com,(310) 554-8280,Allen Tate,Cary,NC,27573,3,18,B,81,Trade Show,2026-08-04T06:34:44Z
CREAM-20260804-00733,Deborah Allen,deboraha@compass.com,(212) 553-2361,Compass,Hollywood,FL,32865,8,35,B,91,Website Lead,2026-08-04T11:19:18Z
CREAM-20260804-00734,Gregory Reyes,gregoryr@kellerwilliams.com,(713) 625-1383,Keller Williams,Arvada,CO,81669,3,19,B,96,Trade Show,2026-08-04T07:24:58Z
CREAM-20260804-00735,Nicole Thomas,nthomas@gmail.com,(214) 362-7571,RE/MAX,Port St. Lucie,FL,34518,5,17,B,71,Facebook,2026-08-04T06:26:57Z
CREAM-20260804-00736,Jerry Campbell,jerryc@icloud.com,(805) 613-9107,RE/MAX,Gilbert,AZ,86393,23,59,B,85,Trade Show,2026-08-04T05:59:55Z
CREAM-20260804-00737,Andrew Smith,asmith@me.com,(303) 628-7852,eXp Realty,Port St. Lucie,FL,33293,9,27,B,97,NAR Directory,2026-08-04T19:14:08Z
CREAM-20260804-00738,Brenda Sanders,brendas@icloud.com,(303) 683-2490,Allie Beth Allman,Irving,TX,77123,0,1,B,96,Cold Outreach,2026-08-04T20:24:35Z
CREAM-20260804-00739,Ryan Mitchell,ryanm@compass.com,(929) 266-1506,Compass,Rochester,NY,11691,12,45,B,68,Trade Show,2026-08-04T14:15:43Z
CREAM-20260804-00740,Heather Thompson,heather.thompson@aol.com,(214) 363-5011,Compass,Winston-Salem,NC,28839,25,78,B,81,MLS Database,2026-08-04T00:47:02Z
CREAM-20260804-00741,Deborah Martinez,deborahmartinez@gmail.com,(614) 224-8184,HER Realtors,Parma,OH,44947,25,66,B,94,NAR Directory,2026-08-04T09:51:25Z
CREAM-20260804-00742,Stephanie Alvarez,stephanie.alvarez@gmail.com,(704) 793-2831,Pacific Sotheby's,Anaheim,CA,95273,10,79,B,76,Facebook,2026-08-04T13:42:21Z
CREAM-20260804-00743,Heather Morris,hmorris@century21.com,(469) 926-9053,Century 21,Tallahassee,FL,32875,5,10,B,89,LinkedIn,2026-08-04T10:18:44Z
CREAM-20260804-00744,Tyler Edwards,tyleredwards@gmail.com,(929) 226-4621,eXp Realty,Fayetteville,NC,28677,10,34,B,93,Facebook,2026-08-04T22:18:19Z
CREAM-20260804-00745,Samantha Flores,samanthaf@yahoo.com,(718) 499-7295,Douglas Elliman,Pembroke Pines,FL,33752,2,5,B,69,Realtor.com,2026-08-04T00:54:13Z
CREAM-20260804-00746,Justin Johnson,justinjohnson@me.com,(718) 374-6639,eXp Realty,Glendale,AZ,85701,2,9,B,90,Website Lead,2026-08-04T10:33:23Z
CREAM-20260804-00747,Samuel Perez,sperez@cutlerrealestate.com,(805) 516-4382,Cutler Real Estate,Parma,OH,43253,3,10,B,81,LinkedIn,2026-08-04T19:49:46Z
CREAM-20260804-00748,Betty Rivera,betty.rivera@aol.com,(513) 407-6956,Douglas Elliman,Amarillo,TX,75508,2,11,B,74,MLS Database,2026-08-04T10:32:04Z
CREAM-20260804-00749,Aaron Davis,adavis@yahoo.com,(614) 866-5015,HomeSmart,Chandler,AZ,85806,14,76,B,71,Trade Show,2026-08-04T05:02:38Z
CREAM-20260804-00750,Barbara Myers,barbara.myers@yahoo.com,(714) 433-4996,Berkshire Hathaway,Gilbert,AZ,86575,5,17,B,63,MLS Database,2026-08-04T17:56:50Z
CREAM-20260804-00751,Heather Brooks,heather.brooks@re/max.com,(714) 302-9886,RE/MAX,Modesto,CA,94320,20,30,C,90,Cold Outreach,2026-08-04T15:19:36Z
CREAM-20260804-00752,Laura Anderson,landerson@icloud.com,(916) 972-7671,Pacific Sotheby's,Fontana,CA,94377,5,22,C,60,Trade Show,2026-08-04T20:11:21Z
CREAM-20260804-00753,Samuel Hill,shill@outlook.com,(929) 840-8209,eXp Realty,Concord,NC,27874,1,11,C,92,Brokerage Listings,2026-08-04T15:00:20Z
CREAM-20260804-00754,Christopher Thompson,christophert@gmail.com,(720) 751-3992,RE/MAX,Greenville,NC,27897,1,8,C,100,MLS Database,2026-08-04T07:13:19Z
CREAM-20260804-00755,Jerry Ortiz,jortiz@homesmart.com,(720) 358-6304,HomeSmart,Yuma,AZ,85296,2,6,C,96,Referral Network,2026-08-04T05:54:10Z
CREAM-20260804-00756,Eric Stewart,erics@yahoo.com,(415) 348-6017,Compass,Miramar,FL,33844,14,55,C,79,Facebook,2026-08-04T23:20:28Z
CREAM-20260804-00757,Larry Gomez,lgomez@longrealty.com,(303) 343-8485,Long Realty,Avondale,AZ,86119,3,21,C,82,Realtor.com,2026-08-04T06:42:45Z
CREAM-20260804-00758,Melissa Brown,melissa_brown@outlook.com,(919) 420-9240,Russell Lyon Sotheby's,Yuma,AZ,86976,5,25,C,72,LinkedIn,2026-08-04T03:04:15Z
CREAM-20260804-00759,Patrick Morris,patrick.morris@aol.com,(805) 486-7144,Douglas Elliman,Miramar,FL,32203,2,9,C,91,NAR Directory,2026-08-04T20:21:17Z
CREAM-20260804-00760,Andrew Anderson,andrewa@8zrealestate.com,(980) 355-3464,8z Real Estate,Boulder,CO,81687,8,25,C,86,Realtor.com,2026-08-04T17:05:28Z
CREAM-20260804-00761,Brenda Cooper,brendac@me.com,(214) 916-6143,Brown Harris Stevens,Utica,NY,12891,3,12,C,64,Trade Show,2026-08-04T23:56:13Z
CREAM-20260804-00762,Cynthia Robinson,crobinson@me.com,(513) 223-3298,Douglas Elliman,Miramar,FL,32757,14,41,C,98,Referral Network,2026-08-04T13:25:51Z
CREAM-20260804-00763,Angela Davis,adavis@allentate.com,(919) 751-9061,Allen Tate,Wilmington,NC,28688,3,24,C,80,Facebook,2026-08-04T20:04:47Z
CREAM-20260804-00764,Barbara Bailey,barbarabailey@aol.com,(718) 865-4127,RE/MAX,McKinney,TX,75885,8,33,C,89,Referral Network,2026-08-04T08:29:28Z
CREAM-20260804-00765,Kevin Martinez,kevinm@hotmail.com,(469) 221-7577,Coldwell Banker,Palm Bay,FL,34400,22,74,C,87,NAR Directory,2026-08-04T19:53:24Z
CREAM-20260804-00766,Mark Adams,mark.adams@compass.com,(305) 869-4282,Compass,Irvine,CA,96941,5,18,C,94,Cold Outreach,2026-08-04T11:57:56Z
CREAM-20260804-00767,Jerry Jackson,jerry.jackson@gmail.com,(704) 330-9848,Century 21,Gainesville,FL,33170,23,63,C,62,Facebook,2026-08-04T10:59:14Z
CREAM-20260804-00768,Joshua Lee,jlee@yahoo.com,(469) 650-3017,Halstead,Schenectady,NY,13126,17,26,C,68,Trade Show,2026-08-04T23:54:47Z
CREAM-20260804-00769,Michael Edwards,medwards@aol.com,(602) 718-9462,Keller Williams,White Plains,NY,10266,4,11,C,65,Realtor.com,2026-08-04T03:31:47Z
CREAM-20260804-00770,Rebecca Harris,rebeccaharris@outlook.com,(404) 667-1264,LIV Sotheby's,Centennial,CO,80489,21,41,C,92,Referral Network,2026-08-04T12:54:06Z
CREAM-20260804-00771,Michelle Rodriguez,micheller@yahoo.com,(469) 682-1259,Berkshire Hathaway,Centennial,CO,81847,2,4,C,84,Facebook,2026-08-04T01:09:54Z
CREAM-20260804-00772,Larry Johnson,ljohnson@me.com,(718) 414-5801,Sotheby's International,Schenectady,NY,12732,1,3,C,63,Referral Network,2026-08-04T05:26:11Z
CREAM-20260804-00773,Karen Patel,karen.patel@aol.com,(714) 513-7613,Coldwell Banker,West Palm Beach,FL,34482,11,26,C,91,LinkedIn,2026-08-04T19:20:01Z
CREAM-20260804-00774,Patricia Stewart,pstewart@hotmail.com,(704) 812-9604,Keller Williams Realty,Modesto,CA,91261,7,32,C,84,MLS Database,2026-08-04T00:22:57Z
CREAM-20260804-00775,Rebecca Rodriguez,rebecca_rodriguez@hotmail.com,(214) 817-1011,Corcoran Group,Mount Vernon,NY,12587,23,53,C,68,Trade Show,2026-08-04T08:08:20Z
CREAM-20260804-00776,Kathleen Murphy,kathleenm@livsothebys.com,(805) 875-2346,LIV Sotheby's,Westminster,CO,80834,10,76,C,69,Referral Network,2026-08-04T09:56:39Z
CREAM-20260804-00777,Mark Allen,marka@outlook.com,(407) 729-5370,Coldwell Banker,Brownsville,TX,76435,20,67,C,97,Referral Network,2026-08-04T11:42:09Z
CREAM-20260804-00778,Aaron Roberts,aroberts@gmail.com,(980) 443-3652,Keller Williams Realty,Moreno Valley,CA,93430,0,5,C,62,NAR Directory,2026-08-04T18:30:30Z
CREAM-20260804-00779,Benjamin Kelly,bkelly@hotmail.com,(305) 320-5576,Berkshire Hathaway,Pueblo,CO,81445,25,41,C,94,Brokerage Listings,2026-08-04T08:21:51Z
CREAM-20260804-00780,Frank Gonzalez,frankg@gmail.com,(212) 329-2549,Allen Tate,Greenville,NC,27568,4,21,C,61,MLS Database,2026-08-04T03:35:45Z
CREAM-20260804-00781,Brian Flores,brian.flores@aol.com,(980) 723-4192,HomeSmart,Surprise,AZ,85960,22,36,C,85,Realtor.com,2026-08-04T00:12:46Z
CREAM-20260804-00782,Larry Ortiz,larryo@icloud.com,(415) 362-2640,Keller Williams,Pueblo,CO,80750,3,24,C,70,Cold Outreach,2026-08-04T07:53:59Z
CREAM-20260804-00783,Brandon Diaz,bdiaz@century21.com,(713) 687-8667,Century 21,West Palm Beach,FL,33239,15,49,C,93,LinkedIn,2026-08-04T00:04:16Z
CREAM-20260804-00784,Carolyn Ward,cward@re/max.com,(980) 364-4972,RE/MAX,Surprise,AZ,86905,3,12,C,90,Brokerage Listings,2026-08-04T20:26:25Z
CREAM-20260804-00785,Brian Martinez,brianm@yahoo.com,(720) 355-4372,Compass,Schenectady,NY,13245,4,11,C,97,LinkedIn,2026-08-04T10:00:40Z
CREAM-20260804-00786,Michelle Ortiz,michelleortiz@hotmail.com,(929) 327-9867,RE/MAX,McKinney,TX,79565,13,67,C,88,Brokerage Listings,2026-08-04T02:56:48Z
CREAM-20260804-00787,Jennifer Carter,jcarter@exprealty.com,(469) 926-8983,eXp Realty,Centennial,CO,81330,1,12,C,70,Website Lead,2026-08-04T03:05:46Z
CREAM-20260804-00788,Christine Murphy,christine.murphy@aol.com,(469) 457-9320,Berkshire Hathaway,Pueblo,CO,81529,14,78,C,77,LinkedIn,2026-08-04T11:05:00Z
CREAM-20260804-00789,Diane Morales,dmorales@icloud.com,(704) 925-8993,Berkshire Hathaway,McAllen,TX,79721,1,7,C,66,Cold Outreach,2026-08-04T12:38:33Z
CREAM-20260804-00790,Nicole Wilson,nicole.wilson@aol.com,(720) 926-7911,RE/MAX,Canton,OH,44835,0,2,C,97,NAR Directory,2026-08-04T11:41:50Z
CREAM-20260804-00791,Brenda Gutierrez,brenda_gutierrez@me.com,(602) 224-6389,Keller Williams,Greenville,NC,27399,0,1,C,96,Referral Network,2026-08-04T00:46:29Z
CREAM-20260804-00792,Debra Hall,dhall@outlook.com,(305) 915-5311,Russell Lyon Sotheby's,Yuma,AZ,85314,1,3,C,80,Website Lead,2026-08-04T17:41:20Z
CREAM-20260804-00793,Maria Thompson,mariat@outlook.com,(310) 513-2659,Cutler Real Estate,Lorain,OH,45192,2,11,C,74,Referral Network,2026-08-04T10:39:31Z
CREAM-20260804-00794,Betty King,betty_king@outlook.com,(234) 314-4109,Douglas Elliman,Clearwater,FL,34417,11,35,C,80,Website Lead,2026-08-04T22:41:35Z
CREAM-20260804-00795,Ronald Richardson,ronald.richardson@re/max.com,(512) 933-6573,RE/MAX,Surprise,AZ,86506,5,20,C,76,Brokerage Listings,2026-08-04T12:06:54Z
CREAM-20260804-00796,Dorothy Lewis,dlewis@icloud.com,(234) 706-4677,HomeSmart,Peoria,AZ,85351,10,67,C,77,Realtor.com,2026-08-04T14:41:51Z
CREAM-20260804-00797,Mary Nguyen,marynguyen@hotmail.com,(212) 781-4149,Compass,Schenectady,NY,13290,4,21,C,95,Website Lead,2026-08-04T18:25:40Z
CREAM-20260804-00798,Alexander Jenkins,alexanderj@hotmail.com,(310) 753-6850,Huntington Real Estate,Lorain,OH,43809,17,48,C,75,Brokerage Listings,2026-08-04T10:55:52Z
CREAM-20260804-00799,Justin Taylor,justintaylor@me.com,(404) 818-4732,Corcoran Group,Hempstead,NY,12834,1,11,C,80,Website Lead,2026-08-04T07:29:17Z
CREAM-20260804-00800,Emma Cruz,emma.cruz@yahoo.com,(212) 865-1942,Pacific Sotheby's,Oxnard,CA,92588,3,25,C,88,Brokerage Listings,2026-08-04T02:43:22Z
CREAM-20260804-00801,Emily Reed,emily.reed@me.com,(614) 982-3184,eXp Realty,McAllen,TX,78320,2,10,C,87,Trade Show,2026-08-04T09:34:44Z
CREAM-20260804-00802,Sandra Reed,sandrar@longrealty.com,(718) 254-6871,Long Realty,Yuma,AZ,85893,5,18,C,60,MLS Database,2026-08-04T19:04:33Z
CREAM-20260804-00803,Carolyn Harris,charris@aol.com,(513) 322-6436,Berkshire Hathaway,Youngstown,OH,43196,3,8,C,91,Referral Network,2026-08-04T18:44:43Z
CREAM-20260804-00804,Timothy Hughes,thughes@cutlerrealestate.com,(415) 381-8051,Cutler Real Estate,Hamilton,OH,44611,11,31,C,79,MLS Database,2026-08-04T05:16:25Z
CREAM-20260804-00805,Brian Chavez,brian.chavez@icloud.com,(256) 770-1969,Corcoran Group,Schenectady,NY,12197,1,3,C,98,Brokerage Listings,2026-08-04T00:33:00Z
CREAM-20260804-00806,Deborah Flores,deborahflores@icloud.com,(602) 393-9162,Keller Williams Realty,Modesto,CA,91648,17,79,C,64,Realtor.com,2026-08-04T11:06:55Z
CREAM-20260804-00807,Melissa Kelly,mkelly@icloud.com,(234) 837-1635,Coldwell Banker,West Palm Beach,FL,34912,10,77,C,88,MLS Database,2026-08-04T09:59:18Z
CREAM-20260804-00808,Debra White,debra_white@yahoo.com,(972) 545-8449,Coldwell Banker,Pasadena,TX,79951,2,5,C,99,Referral Network,2026-08-04T14:07:42Z
CREAM-20260804-00809,Ashley Campbell,acampbell@coldwellbanker.com,(415) 260-8871,Coldwell Banker,Pasadena,TX,79201,0,3,C,62,Website Lead,2026-08-04T02:42:41Z
CREAM-20260804-00810,Dennis Cooper,dennis.cooper@livsothebys.com,(303) 636-7623,LIV Sotheby's,Boulder,CO,81486,1,6,C,78,MLS Database,2026-08-04T15:01:31Z
CREAM-20260804-00811,Anna Morris,annam@aol.com,(980) 242-4081,Allie Beth Allman,Pasadena,TX,75414,5,9,C,93,Cold Outreach,2026-08-04T23:57:36Z
CREAM-20260804-00812,Kenneth Patel,kenneth.patel@outlook.com,(212) 253-8107,Keller Williams Realty,Palm Bay,FL,34620,1,6,C,82,Website Lead,2026-08-04T05:32:23Z
CREAM-20260804-00813,Richard Collins,richardc@gmail.com,(714) 784-1255,Coldwell Banker,Fremont,CA,90490,2,6,C,91,Realtor.com,2026-08-04T22:07:59Z
CREAM-20260804-00814,Donald James,donald_james@aol.com,(256) 359-3321,Russell Lyon Sotheby's,Peoria,AZ,85736,0,2,C,85,LinkedIn,2026-08-04T13:43:36Z
CREAM-20260804-00815,Katherine Patel,katherine.patel@hotmail.com,(980) 394-8998,eXp Realty,Surprise,AZ,86714,1,9,C,77,NAR Directory,2026-08-04T20:44:25Z
CREAM-20260804-00816,Jerry Edwards,jedwards@gmail.com,(602) 700-2089,Coldwell Banker,Moreno Valley,CA,91649,5,11,C,67,Facebook,2026-08-04T05:47:16Z
CREAM-20260804-00817,Jonathan Torres,jonathant@gmail.com,(334) 768-9158,eXp Realty,Lorain,OH,43230,9,27,C,72,Website Lead,2026-08-04T01:30:30Z
CREAM-20260804-00818,Sandra Jones,sandraj@alliebethallman.com,(718) 579-8177,Allie Beth Allman,Grand Prairie,TX,76552,3,15,C,87,Cold Outreach,2026-08-04T01:42:59Z
CREAM-20260804-00819,Patrick Green,pgreen@outlook.com,(305) 405-1924,Douglas Elliman,Schenectady,NY,13489,1,5,C,82,Brokerage Listings,2026-08-04T09:32:04Z
CREAM-20260804-00820,Benjamin Harris,benjamin_harris@gmail.com,(718) 741-5715,Nest Seekers,Schenectady,NY,14264,20,29,C,75,Brokerage Listings,2026-08-04T17:20:03Z
CREAM-20260804-00821,William Evans,wevans@me.com,(512) 306-4828,Keller Williams,McAllen,TX,75490,4,19,C,62,NAR Directory,2026-08-04T18:03:52Z
CREAM-20260804-00822,Mark Ross,mark.ross@gmail.com,(929) 902-7336,Keller Williams,Canton,OH,44866,21,61,C,84,Realtor.com,2026-08-04T21:31:39Z
CREAM-20260804-00823,Samantha Collins,scollins@hotmail.com,(512) 493-3856,HomeSmart,Yuma,AZ,86363,5,19,C,74,Brokerage Listings,2026-08-04T11:47:01Z
CREAM-20260804-00824,Charles Garcia,charlesgarcia@aol.com,(980) 841-6782,Cutler Real Estate,Lorain,OH,43515,13,50,C,68,Referral Network,2026-08-04T13:29:46Z
CREAM-20260804-00825,Deborah Reyes,deborah_reyes@yahoo.com,(805) 422-4128,Allen Tate,Greenville,NC,27994,2,11,C,73,Cold Outreach,2026-08-04T11:57:29Z
CREAM-20260804-00826,Samuel Flores,samuel_flores@gmail.com,(929) 993-7752,Berkshire Hathaway,Lorain,OH,43304,23,66,C,88,Realtor.com,2026-08-04T10:35:56Z
CREAM-20260804-00827,Deborah Gutierrez,dgutierrez@compass.com,(512) 781-3823,Compass,Palm Bay,FL,33863,6,37,C,73,Cold Outreach,2026-08-04T04:41:25Z
CREAM-20260804-00828,Edward Green,edwardg@kellerwilliams.com,(310) 825-9693,Keller Williams,Schenectady,NY,10792,10,73,C,91,MLS Database,2026-08-04T02:05:01Z
CREAM-20260804-00829,Michael Nelson,michaeln@yahoo.com,(929) 267-6946,RE/MAX,Huntington Beach,CA,94423,5,12,C,73,Cold Outreach,2026-08-04T14:30:21Z
CREAM-20260804-00830,Joshua Gonzalez,jgonzalez@yahoo.com,(972) 833-7712,Coldwell Banker,Miramar,FL,32675,1,4,C,94,Website Lead,2026-08-04T20:30:44Z
CREAM-20260804-00831,Joseph James,joseph.james@aol.com,(786) 588-8813,Coldwell Banker,Surprise,AZ,85885,3,12,C,84,NAR Directory,2026-08-04T18:44:52Z
CREAM-20260804-00832,Justin Kelly,justin.kelly@hotmail.com,(469) 547-2392,Coldwell Banker,Boulder,CO,81170,2,12,C,82,Brokerage Listings,2026-08-04T04:39:19Z
CREAM-20260804-00833,Joseph Jenkins,josephj@outlook.com,(718) 706-1261,Berkshire Hathaway,Youngstown,OH,45704,2,4,C,82,Referral Network,2026-08-04T05:23:54Z
CREAM-20260804-00834,Shirley Scott,sscott@gmail.com,(916) 659-8093,Keller Williams,Surprise,AZ,86141,5,15,C,79,LinkedIn,2026-08-04T23:48:42Z
CREAM-20260804-00835,Kevin Peterson,kevinp@kellerwilliams.com,(234) 509-7236,Keller Williams,Wilmington,NC,27581,6,38,C,96,Referral Network,2026-08-04T12:02:44Z
CREAM-20260804-00836,Kevin Campbell,kevinc@yahoo.com,(212) 397-9008,Long Realty,Avondale,AZ,86373,17,71,C,76,MLS Database,2026-08-04T14:58:42Z
CREAM-20260804-00837,Kenneth Rogers,kenneth.rogers@re/max.com,(602) 582-2064,RE/MAX,McAllen,TX,76685,9,22,C,64,Realtor.com,2026-08-04T02:55:04Z
CREAM-20260804-00838,Mary Patel,marypatel@gmail.com,(214) 671-6421,eXp Realty,Moreno Valley,CA,96780,0,4,C,100,MLS Database,2026-08-04T19:07:03Z
CREAM-20260804-00839,Janet Hernandez,janet.hernandez@coldwellbanker.com,(714) 251-2301,Coldwell Banker,Gainesville,FL,33428,6,28,C,74,Website Lead,2026-08-04T06:30:52Z
CREAM-20260804-00840,Amy Cox,amycox@aol.com,(407) 206-2303,Sotheby's International,Troy,NY,11302,3,22,C,71,LinkedIn,2026-08-04T04:56:34Z
CREAM-20260804-00841,Jessica Hughes,jhughes@corcorangroup.com,(303) 806-5861,Corcoran Group,Troy,NY,14522,3,13,C,85,Website Lead,2026-08-04T20:18:13Z
CREAM-20260804-00842,Brian Patel,brianp@outlook.com,(334) 705-6639,Berkshire Hathaway,Lorain,OH,45161,11,29,C,63,Cold Outreach,2026-08-04T13:05:43Z
CREAM-20260804-00843,Janet Gray,janetg@me.com,(646) 468-6227,RE/MAX,Wilmington,NC,28466,2,12,C,64,Trade Show,2026-08-04T11:31:19Z
CREAM-20260804-00844,Helen Myers,helen.myers@berkshirehathaway.com,(713) 676-8563,Berkshire Hathaway,Concord,NC,28915,0,5,C,82,Referral Network,2026-08-04T14:55:57Z
CREAM-20260804-00845,Karen Jackson,karen.jackson@aol.com,(512) 847-3447,Howard Hanna,Greenville,NC,28474,10,75,C,80,NAR Directory,2026-08-04T13:50:52Z
CREAM-20260804-00846,Pamela White,pwhite@century21.com,(310) 402-1355,Century 21,Gainesville,FL,33501,4,12,C,77,Brokerage Listings,2026-08-04T09:53:54Z
CREAM-20260804-00847,Matthew Morales,mmorales@hotmail.com,(334) 531-8810,HomeSmart,Surprise,AZ,86244,7,26,C,66,Realtor.com,2026-08-04T16:31:51Z
CREAM-20260804-00848,Gary Johnson,garyj@me.com,(404) 813-3120,Brown Harris Stevens,White Plains,NY,14388,4,21,C,99,Facebook,2026-08-04T23:23:51Z
CREAM-20260804-00849,Larry Stewart,lstewart@re/max.com,(310) 904-4824,RE/MAX,Miramar,FL,33749,1,6,C,73,Trade Show,2026-08-04T08:35:21Z
CREAM-20260804-00850,Thomas Adams,thomasadams@yahoo.com,(786) 219-6135,LIV Sotheby's,Pueblo,CO,80493,13,56,C,96,Brokerage Listings,2026-08-04T19:20:05Z
CREAM-20260804-00851,Nicole Sanders,nsanders@exprealty.com,(415) 996-1967,eXp Realty,Greenville,NC,28352,3,16,C,69,Realtor.com,2026-08-04T20:00:20Z
CREAM-20260804-00852,Anna Jackson,anna_jackson@outlook.com,(980) 861-4083,eXp Realty,Boulder,CO,80402,2,11,C,72,NAR Directory,2026-08-04T23:56:12Z
CREAM-20260804-00853,Heather Carter,heather.carter@outlook.com,(929) 225-1472,Long Realty,Surprise,AZ,86180,1,6,C,69,Facebook,2026-08-04T14:49:58Z
CREAM-20260804-00854,Benjamin Carter,benjaminc@gmail.com,(714) 923-8427,Coldwell Banker,Clearwater,FL,33266,14,54,C,77,Cold Outreach,2026-08-04T04:20:01Z
CREAM-20260804-00855,Dorothy Peterson,dorothyp@aol.com,(234) 843-8114,Douglas Elliman,Grand Prairie,TX,77505,2,9,C,95,Brokerage Listings,2026-08-04T10:39:53Z
CREAM-20260804-00856,Andrew Adams,andrew.adams@me.com,(972) 269-3292,Keller Williams Realty,Moreno Valley,CA,91204,10,56,C,64,Website Lead,2026-08-04T05:45:15Z
CREAM-20260804-00857,Amanda Baker,amanda.baker@hotmail.com,(407) 626-7487,RE/MAX,Pasadena,TX,76661,18,59,C,63,MLS Database,2026-08-04T06:28:10Z
CREAM-20260804-00858,Sandra Walker,sandrawalker@gmail.com,(786) 243-1691,Keller Williams,Pasadena,TX,76876,7,35,C,74,Realtor.com,2026-08-04T04:55:08Z
CREAM-20260804-00859,Deborah Long,dlong@berkshirehathaway.com,(212) 269-1657,Berkshire Hathaway,Centennial,CO,80703,4,8,C,86,NAR Directory,2026-08-04T06:14:37Z
CREAM-20260804-00860,Brian Hughes,brianh@icloud.com,(512) 749-1120,RE/MAX,Wilmington,NC,28372,11,50,C,73,Website Lead,2026-08-04T11:32:24Z
CREAM-20260804-00861,Dennis Cox,dennisc@outlook.com,(305) 229-8299,Berkshire Hathaway,Gainesville,FL,34767,4,11,C,78,Website Lead,2026-08-04T12:13:11Z
CREAM-20260804-00862,Deborah Perry,dperry@yahoo.com,(469) 807-5970,RE/MAX,Grand Prairie,TX,77574,5,17,C,73,NAR Directory,2026-08-04T20:40:14Z
CREAM-20260804-00863,Shirley Brown,shirley.brown@exprealty.com,(513) 597-6363,eXp Realty,Surprise,AZ,86500,16,38,C,91,Cold Outreach,2026-08-04T05:58:31Z
CREAM-20260804-00864,Heather Bennett,heather.bennett@berkshirehathaway.com,(256) 211-5493,Berkshire Hathaway,Concord,NC,27410,6,15,C,99,Trade Show,2026-08-04T12:46:36Z
CREAM-20260804-00865,Michael Mitchell,michael_mitchell@me.com,(713) 869-1366,Century 21,Coral Springs,FL,33888,4,10,C,77,NAR Directory,2026-08-04T03:19:09Z
CREAM-20260804-00866,Aaron Clark,aaron.clark@hotmail.com,(334) 942-4847,RE/MAX,Avondale,AZ,86990,3,8,C,67,Cold Outreach,2026-08-04T22:35:17Z
CREAM-20260804-00867,Rachel Reed,rachelr@homesmart.com,(512) 894-7183,HomeSmart,Peoria,AZ,85138,10,38,C,64,Trade Show,2026-08-04T13:53:29Z
CREAM-20260804-00868,Mary Kelly,maryk@me.com,(714) 473-1399,Keller Williams,Youngstown,OH,45378,15,71,C,90,Realtor.com,2026-08-04T07:44:28Z
CREAM-20260804-00869,Jennifer Reed,jennifer_reed@aol.com,(929) 572-2448,Compass,Moreno Valley,CA,94476,13,70,C,63,Trade Show,2026-08-04T15:34:10Z
CREAM-20260804-00870,Patrick Peterson,patrickp@hotmail.com,(415) 678-6692,Coldwell Banker,Centennial,CO,81251,11,62,C,85,Trade Show,2026-08-04T21:34:26Z
CREAM-20260804-00871,Barbara Cox,barbarac@outlook.com,(214) 896-3691,eXp Realty,Boulder,CO,80451,20,53,C,94,Website Lead,2026-08-04T20:09:38Z
CREAM-20260804-00872,Aaron Kelly,akelly@aol.com,(980) 629-2833,Coldwell Banker,Pueblo,CO,80632,2,9,C,65,MLS Database,2026-08-04T18:00:16Z
CREAM-20260804-00873,Sandra Mendoza,sandram@me.com,(407) 872-7435,eXp Realty,Palm Bay,FL,32690,1,11,C,85,Facebook,2026-08-04T23:26:44Z
CREAM-20260804-00874,Samantha Chavez,samanthac@douglaselliman.com,(469) 716-2766,Douglas Elliman,Brownsville,TX,78247,0,5,C,60,MLS Database,2026-08-04T22:19:15Z
CREAM-20260804-00875,Anthony Cooper,acooper@gmail.com,(404) 412-4042,RE/MAX,Lorain,OH,45173,6,15,C,78,MLS Database,2026-08-04T08:28:07Z
CREAM-20260804-00876,Frank Phillips,frankp@outlook.com,(929) 638-8838,Keller Williams,Lorain,OH,45729,18,48,C,73,Cold Outreach,2026-08-04T01:43:31Z
CREAM-20260804-00877,Kenneth Hall,khall@kellerwilliamsrealty.com,(713) 905-6751,Keller Williams Realty,Oxnard,CA,95602,1,11,C,66,NAR Directory,2026-08-04T12:02:31Z
CREAM-20260804-00878,Steven Cooper,stevenc@re/max.com,(512) 967-6527,RE/MAX,Mesquite,TX,76718,2,4,C,89,Trade Show,2026-08-04T01:20:19Z
CREAM-20260804-00879,Brandon Evans,brandon.evans@re/max.com,(305) 270-9225,RE/MAX,High Point,NC,27574,2,3,C,92,LinkedIn,2026-08-04T22:36:24Z
CREAM-20260804-00880,Justin Thomas,jthomas@pacificsothebys.com,(256) 497-6429,Pacific Sotheby's,Modesto,CA,93212,15,79,C,70,Brokerage Listings,2026-08-04T02:12:30Z
CREAM-20260804-00881,James Roberts,james.roberts@outlook.com,(214) 899-9083,Coldwell Banker,High Point,NC,27830,3,15,C,81,Trade Show,2026-08-04T22:58:07Z
CREAM-20260804-00882,Sarah Taylor,saraht@aol.com,(469) 910-7034,Keller Williams,Brownsville,TX,79208,19,26,C,93,Referral Network,2026-08-04T15:02:17Z
CREAM-20260804-00883,William Rodriguez,williamr@re/max.com,(407) 449-3253,RE/MAX,Hamilton,OH,43124,4,23,C,85,Brokerage Listings,2026-08-04T02:36:11Z
CREAM-20260804-00884,Frank Cooper,frank_cooper@gmail.com,(713) 318-1651,Nest Seekers,White Plains,NY,11307,5,13,C,97,Brokerage Listings,2026-08-04T09:08:47Z
CREAM-20260804-00885,Melissa Davis,melissad@kellerwilliams.com,(929) 340-6235,Keller Williams,Canton,OH,43981,4,24,C,60,Trade Show,2026-08-04T06:12:42Z
CREAM-20260804-00886,Kathleen Ramirez,kathleenr@re/max.com,(512) 883-3080,RE/MAX,Greenville,NC,27981,23,79,C,64,MLS Database,2026-08-04T15:32:04Z
CREAM-20260804-00887,Benjamin Long,benjaminl@yahoo.com,(704) 642-1703,Compass,Gainesville,FL,33899,14,51,C,63,Referral Network,2026-08-04T00:12:42Z
CREAM-20260804-00888,Sharon Cox,scox@hotmail.com,(469) 616-3576,LIV Sotheby's,Boulder,CO,80713,25,75,C,92,Website Lead,2026-08-04T09:31:49Z
CREAM-20260804-00889,Scott Brown,scott.brown@alliebethallman.com,(415) 484-7443,Allie Beth Allman,Mesquite,TX,77575,10,74,C,62,Facebook,2026-08-04T09:53:34Z
CREAM-20260804-00890,Jacob Rogers,jacobrogers@me.com,(720) 787-3248,8z Real Estate,Centennial,CO,81445,2,12,C,98,MLS Database,2026-08-04T22:31:21Z
CREAM-20260804-00891,Benjamin Wright,benjaminwright@icloud.com,(972) 445-4133,eXp Realty,Pasadena,TX,77413,3,18,C,80,Realtor.com,2026-08-04T10:33:43Z
CREAM-20260804-00892,Kimberly Kim,kkim@aol.com,(714) 903-6922,HER Realtors,Lorain,OH,45655,5,12,C,78,Website Lead,2026-08-04T10:13:51Z
CREAM-20260804-00893,Jessica Castillo,jcastillo@icloud.com,(415) 451-7416,eXp Realty,High Point,NC,28834,16,36,C,91,LinkedIn,2026-08-04T18:29:34Z
CREAM-20260804-00894,Steven Cox,scox@re/max.com,(334) 393-5174,RE/MAX,Pueblo,CO,81565,2,9,C,60,Website Lead,2026-08-04T18:52:17Z
CREAM-20260804-00895,Paul Miller,paul_miller@icloud.com,(512) 520-2956,HER Realtors,Youngstown,OH,43285,3,23,C,87,MLS Database,2026-08-04T11:48:51Z
CREAM-20260804-00896,William Scott,williams@yahoo.com,(714) 240-1981,RE/MAX,Irvine,CA,90214,9,38,C,87,Facebook,2026-08-04T19:46:17Z
CREAM-20260804-00897,Donald Robinson,donaldrobinson@aol.com,(980) 442-3485,Berkshire Hathaway,Avondale,AZ,85666,4,25,C,82,Cold Outreach,2026-08-04T10:48:14Z
CREAM-20260804-00898,Anthony Cooper,anthony.cooper@icloud.com,(404) 297-5033,Keller Williams Realty,Clearwater,FL,33326,5,16,C,91,Realtor.com,2026-08-04T14:39:10Z
CREAM-20260804-00899,Emily Wilson,ewilson@kellerwilliamsrealty.com,(214) 595-8309,Keller Williams Realty,Gainesville,FL,32337,1,12,C,98,MLS Database,2026-08-04T02:26:45Z
CREAM-20260804-00900,Karen Patel,karen_patel@gmail.com,(714) 889-9053,Howard Hanna,Greenville,NC,28908,23,73,C,77,Website Lead,2026-08-04T10:20:01Z
CREAM-20260804-00901,Jeffrey Cox,jeffrey.cox@icloud.com,(919) 613-4393,Berkshire Hathaway,Greenville,NC,27421,5,20,C,70,Facebook,2026-08-04T12:17:15Z
CREAM-20260804-00902,Timothy Kim,timothykim@yahoo.com,(512) 785-6655,HomeSmart,Surprise,AZ,86490,8,29,C,61,NAR Directory,2026-08-04T15:27:46Z
CREAM-20260804-00903,Barbara Parker,barbarap@outlook.com,(602) 424-9473,eXp Realty,Greenville,NC,27966,14,55,C,70,NAR Directory,2026-08-04T12:23:03Z
CREAM-20260804-00904,Alexander Lee,alexanderlee@gmail.com,(972) 461-8423,Corcoran Group,Mount Vernon,NY,11400,14,30,C,93,Brokerage Listings,2026-08-04T13:17:55Z
CREAM-20260804-00905,Edward Flores,eflores@aol.com,(646) 870-3882,Coldwell Banker,Gainesville,FL,33661,8,34,C,63,Trade Show,2026-08-04T13:57:10Z
CREAM-20260804-00906,Diane Sanchez,diane.sanchez@corcorangroup.com,(212) 327-8578,Corcoran Group,Mount Vernon,NY,14879,14,77,C,71,Facebook,2026-08-04T23:11:09Z
CREAM-20260804-00907,Tyler Johnson,tylerj@icloud.com,(469) 258-7452,eXp Realty,Gainesville,FL,32271,0,4,C,92,NAR Directory,2026-08-04T15:09:54Z
CREAM-20260804-00908,Nicole Mitchell,nicole_mitchell@yahoo.com,(602) 855-1692,Berkshire Hathaway,Gainesville,FL,32486,5,11,C,75,Brokerage Listings,2026-08-04T00:18:29Z
CREAM-20260804-00909,Stephen Cooper,stephen_cooper@me.com,(646) 935-7638,Howard Hanna,Greenville,NC,28636,22,47,C,98,Referral Network,2026-08-04T05:32:54Z
CREAM-20260804-00910,Diane Jones,djones@berkshirehathaway.com,(469) 622-7268,Berkshire Hathaway,High Point,NC,28406,1,4,C,98,Facebook,2026-08-04T00:20:31Z
CREAM-20260804-00911,Margaret Parker,margaretparker@aol.com,(512) 450-3331,Sotheby's International,Mount Vernon,NY,10332,2,5,C,79,Trade Show,2026-08-04T08:31:25Z
CREAM-20260804-00912,Melissa Clark,melissa.clark@compass.com,(972) 303-5840,Compass,Greenville,NC,28154,13,34,C,100,Facebook,2026-08-04T14:58:24Z
CREAM-20260804-00913,Scott Nguyen,scottnguyen@hotmail.com,(415) 539-4169,Huntington Real Estate,Canton,OH,44618,0,3,C,64,Brokerage Listings,2026-08-04T00:06:09Z
CREAM-20260804-00914,Patricia Rogers,patriciar@gmail.com,(919) 827-8541,Berkshire Hathaway,Peoria,AZ,86736,1,9,C,81,Facebook,2026-08-04T09:23:03Z
CREAM-20260804-00915,Ruth Morales,ruth.morales@me.com,(334) 357-7191,Allie Beth Allman,Mesquite,TX,77776,2,12,C,92,Trade Show,2026-08-04T23:46:40Z
CREAM-20260804-00916,Charles Ross,cross@berkshirehathaway.com,(256) 245-5962,Berkshire Hathaway,Surprise,AZ,85236,14,50,C,74,Realtor.com,2026-08-04T13:36:12Z
CREAM-20260804-00917,Jason Peterson,jpeterson@gmail.com,(916) 944-8907,eXp Realty,Youngstown,OH,43324,8,20,C,62,Trade Show,2026-08-04T05:59:43Z
CREAM-20260804-00918,David Bennett,davidb@icloud.com,(916) 790-9977,Compass,Wilmington,NC,28746,2,8,C,90,Facebook,2026-08-04T16:09:42Z
CREAM-20260804-00919,Mark Williams,markw@icloud.com,(256) 805-5920,Long Realty,Surprise,AZ,86209,15,56,C,85,Brokerage Listings,2026-08-04T17:14:54Z
CREAM-20260804-00920,Cynthia Martin,cynthiamartin@outlook.com,(646) 539-5900,Corcoran Group,Schenectady,NY,10348,4,20,C,86,Brokerage Listings,2026-08-04T19:30:59Z
CREAM-20260804-00921,Linda Parker,lparker@hotmail.com,(415) 321-6046,Allie Beth Allman,Pasadena,TX,76598,21,26,C,81,Trade Show,2026-08-04T12:37:13Z
CREAM-20260804-00922,Donald Torres,dtorres@outlook.com,(646) 585-2357,Berkshire Hathaway,Hamilton,OH,43184,11,63,C,80,MLS Database,2026-08-04T23:00:09Z
CREAM-20260804-00923,Barbara Jenkins,barbara.jenkins@hotmail.com,(929) 575-6853,Coldwell Banker,Hamilton,OH,45685,3,9,C,68,MLS Database,2026-08-04T01:10:57Z
CREAM-20260804-00924,Richard Jones,richardjones@gmail.com,(469) 600-9034,RE/MAX,Yuma,AZ,85373,12,75,C,70,Cold Outreach,2026-08-04T09:39:53Z
CREAM-20260804-00925,Andrew Moore,andrewm@yahoo.com,(786) 821-4666,RE/MAX,McKinney,TX,77132,5,24,C,66,Referral Network,2026-08-04T10:42:10Z
CREAM-20260804-00926,Amanda Rogers,amandar@exprealty.com,(919) 516-6351,eXp Realty,Greenville,NC,27346,18,51,C,75,Trade Show,2026-08-04T04:45:09Z
CREAM-20260804-00927,Linda Ramos,lramos@re/max.com,(929) 988-6451,RE/MAX,Irvine,CA,95427,0,1,C,64,Cold Outreach,2026-08-04T07:45:30Z
CREAM-20260804-00928,Jessica Chavez,jchavez@hotmail.com,(602) 600-4137,eXp Realty,Hamilton,OH,44167,2,3,C,83,NAR Directory,2026-08-04T01:53:54Z
CREAM-20260804-00929,Lisa Murphy,lisa_murphy@aol.com,(512) 534-7919,HomeSmart,Avondale,AZ,86869,5,18,C,88,Cold Outreach,2026-08-04T22:11:00Z
CREAM-20260804-00930,Rebecca Lopez,rebeccal@yahoo.com,(407) 818-9115,Douglas Elliman,Miramar,FL,33307,3,12,C,75,Brokerage Listings,2026-08-04T13:02:49Z
CREAM-20260804-00931,George Alvarez,georgea@outlook.com,(704) 713-4304,eXp Realty,Moreno Valley,CA,91251,0,0,C,90,Facebook,2026-08-04T21:42:54Z
CREAM-20260804-00932,Angela Ramos,angela.ramos@hotmail.com,(212) 973-8478,Berkshire Hathaway,Avondale,AZ,85391,24,60,C,78,Facebook,2026-08-04T00:26:37Z
CREAM-20260804-00933,Rebecca Reyes,rebeccareyes@yahoo.com,(469) 867-1634,Berkshire Hathaway,Mesquite,TX,76784,4,16,C,79,Cold Outreach,2026-08-04T08:25:16Z
CREAM-20260804-00934,Sandra Garcia,sandra_garcia@yahoo.com,(256) 277-5483,Sotheby's International,Fontana,CA,94933,18,25,C,87,Website Lead,2026-08-04T13:01:32Z
CREAM-20260804-00935,Amy Howard,amyhoward@outlook.com,(212) 943-6383,Berkshire Hathaway,Peoria,AZ,85658,9,22,C,84,Realtor.com,2026-08-04T00:43:27Z
CREAM-20260804-00936,Samuel Young,samuel.young@douglaselliman.com,(720) 463-7808,Douglas Elliman,Pasadena,TX,76536,14,35,C,78,Realtor.com,2026-08-04T23:10:23Z
CREAM-20260804-00937,Michelle Cooper,michelle.cooper@re/max.com,(334) 997-5424,RE/MAX,Pasadena,TX,76216,3,8,C,75,Trade Show,2026-08-04T10:07:32Z
CREAM-20260804-00938,Kathleen Bennett,kathleenb@aol.com,(512) 393-9934,eXp Realty,Wilmington,NC,28842,8,26,C,71,NAR Directory,2026-08-04T19:51:50Z
CREAM-20260804-00939,Christopher Jackson,christopherj@briggsfreemansothebys.com,(972) 975-6757,Briggs Freeman Sotheby's,Grand Prairie,TX,75448,5,14,C,90,Referral Network,2026-08-04T13:06:51Z
CREAM-20260804-00940,Nancy Harris,nancy.harris@me.com,(212) 989-8501,Cutler Real Estate,Youngstown,OH,44429,13,78,C,91,Facebook,2026-08-04T06:57:02Z
CREAM-20260804-00941,Matthew Smith,matthews@exprealty.com,(513) 207-6163,eXp Realty,Oxnard,CA,96574,1,8,C,86,MLS Database,2026-08-04T04:53:06Z
CREAM-20260804-00942,Sarah Stewart,sarahstewart@me.com,(919) 233-6194,Douglas Elliman,McKinney,TX,76419,16,32,C,99,Website Lead,2026-08-04T13:18:02Z
CREAM-20260804-00943,Joshua Bennett,joshua_bennett@yahoo.com,(334) 743-6960,Coldwell Banker,Grand Prairie,TX,75610,4,18,C,86,LinkedIn,2026-08-04T23:19:26Z
CREAM-20260804-00944,Andrew Adams,aadams@icloud.com,(415) 316-2559,Coldwell Banker,Irvine,CA,92886,25,63,C,66,Facebook,2026-08-04T10:56:07Z
CREAM-20260804-00945,Margaret Howard,mhoward@re/max.com,(972) 281-9993,RE/MAX,West Palm Beach,FL,34991,1,11,C,94,Website Lead,2026-08-04T09:58:35Z
CREAM-20260804-00946,Stephanie Long,stephanie_long@gmail.com,(512) 270-2545,Keller Williams,Peoria,AZ,85209,16,42,C,63,Trade Show,2026-08-04T01:30:51Z
CREAM-20260804-00947,Helen Wilson,helenw@exprealty.com,(602) 389-2701,eXp Realty,Boulder,CO,80581,13,30,C,81,Realtor.com,2026-08-04T23:45:08Z
CREAM-20260804-00948,Debra Rogers,debra.rogers@me.com,(919) 947-4072,Century 21,Palm Bay,FL,33660,22,42,C,96,Realtor.com,2026-08-04T01:27:13Z
CREAM-20260804-00949,Angela Nguyen,angelan@huntingtonrealestate.com,(916) 455-3042,Huntington Real Estate,Youngstown,OH,45530,19,62,C,78,LinkedIn,2026-08-04T20:38:31Z
CREAM-20260804-00950,Stephanie Ramos,sramos@icloud.com,(404) 887-5076,Sotheby's International,Irvine,CA,91828,0,5,C,97,NAR Directory,2026-08-04T07:15:47Z
CREAM-20260804-00951,Elizabeth Mendoza,elizabeth.mendoza@compass.com,(234) 867-4443,Compass,Moreno Valley,CA,95213,14,32,C,96,NAR Directory,2026-08-04T13:06:21Z
CREAM-20260804-00952,Charles Jackson,charlesj@hotmail.com,(305) 879-4302,Corcoran Group,White Plains,NY,11311,1,11,C,77,Referral Network,2026-08-04T11:12:55Z
CREAM-20260804-00953,Gary Scott,gary.scott@halstead.com,(256) 261-8516,Halstead,White Plains,NY,14396,19,54,C,70,Realtor.com,2026-08-04T13:07:56Z
CREAM-20260804-00954,Andrew Scott,andrew.scott@hotmail.com,(305) 556-5967,Coldwell Banker,Surprise,AZ,85560,22,29,C,97,Realtor.com,2026-08-04T22:55:17Z
CREAM-20260804-00955,Paul Lee,paul.lee@compass.com,(512) 424-9350,Compass,Greenville,NC,27212,0,1,C,91,LinkedIn,2026-08-04T23:23:33Z
CREAM-20260804-00956,Paul James,paul.james@gmail.com,(469) 489-5130,eXp Realty,Peoria,AZ,85875,24,31,C,75,Website Lead,2026-08-04T19:36:51Z
CREAM-20260804-00957,Amy Ortiz,amy.ortiz@kellerwilliamsrealty.com,(646) 549-1023,Keller Williams Realty,Palm Bay,FL,33298,1,11,C,86,Brokerage Listings,2026-08-04T03:46:19Z
CREAM-20260804-00958,Rachel Perry,rachel_perry@me.com,(512) 683-4215,eXp Realty,Lorain,OH,43432,5,19,C,66,NAR Directory,2026-08-04T10:22:30Z
CREAM-20260804-00959,Kevin Murphy,kevinmurphy@gmail.com,(469) 340-4789,Compass,Hempstead,NY,13987,8,18,C,96,NAR Directory,2026-08-04T06:29:26Z
CREAM-20260804-00960,Debra Peterson,dpeterson@me.com,(404) 237-5201,Douglas Elliman,Grand Prairie,TX,75701,0,1,C,83,Referral Network,2026-08-04T03:17:41Z
CREAM-20260804-00961,Barbara Baker,barbara.baker@aol.com,(513) 844-4951,Berkshire Hathaway,High Point,NC,27587,1,12,C,94,LinkedIn,2026-08-04T17:10:42Z
CREAM-20260804-00962,Gary Ramirez,gary.ramirez@gmail.com,(972) 789-5549,Compass,Huntington Beach,CA,90537,22,62,C,74,Facebook,2026-08-04T11:48:28Z
CREAM-20260804-00963,Jack Gonzalez,jgonzalez@yahoo.com,(513) 383-4208,Keller Williams Realty,Coral Springs,FL,32302,0,1,C,62,Brokerage Listings,2026-08-04T09:29:03Z
CREAM-20260804-00964,Emma Moore,emmam@kellerwilliams.com,(704) 979-5908,Keller Williams,High Point,NC,28257,0,2,C,100,MLS Database,2026-08-04T05:30:24Z
CREAM-20260804-00965,Melissa Jones,melissa_jones@gmail.com,(714) 274-3518,Coldwell Banker,Fremont,CA,93211,8,39,C,70,Referral Network,2026-08-04T07:44:52Z
CREAM-20260804-00966,Catherine Gutierrez,cgutierrez@aol.com,(714) 659-7961,eXp Realty,Miramar,FL,32725,5,25,C,96,Trade Show,2026-08-04T08:20:16Z
CREAM-20260804-00967,Aaron Foster,afoster@douglaselliman.com,(305) 293-2889,Douglas Elliman,Troy,NY,11155,18,74,C,94,Realtor.com,2026-08-04T23:44:34Z
CREAM-20260804-00968,Kathleen Gomez,kathleen.gomez@coldwellbanker.com,(805) 251-9329,Coldwell Banker,McKinney,TX,79656,23,39,C,68,MLS Database,2026-08-04T07:34:35Z
CREAM-20260804-00969,Angela Morgan,amorgan@re/max.com,(256) 637-9036,RE/MAX,Pasadena,TX,76243,23,33,C,71,Realtor.com,2026-08-04T22:40:05Z
CREAM-20260804-00970,Jeffrey Martinez,jeffreymartinez@gmail.com,(602) 897-5527,Compass,West Palm Beach,FL,33130,2,8,C,89,NAR Directory,2026-08-04T00:49:01Z
CREAM-20260804-00971,Diane Castillo,diane.castillo@kellerwilliamsrealty.com,(614) 394-8877,Keller Williams Realty,Huntington Beach,CA,96200,5,10,C,65,Trade Show,2026-08-04T17:41:23Z
CREAM-20260804-00972,Benjamin Myers,benjaminm@outlook.com,(303) 496-5786,Keller Williams Realty,Huntington Beach,CA,92263,4,11,C,92,MLS Database,2026-08-04T17:52:09Z
CREAM-20260804-00973,Gary Gutierrez,ggutierrez@re/max.com,(512) 680-1661,RE/MAX,Concord,NC,28578,5,9,C,80,NAR Directory,2026-08-04T01:38:03Z
CREAM-20260804-00974,Kimberly Young,kimberlyy@gmail.com,(916) 742-3456,Compass,Moreno Valley,CA,93486,17,71,C,93,Cold Outreach,2026-08-04T03:15:26Z
CREAM-20260804-00975,Shirley Robinson,shirley.robinson@outlook.com,(512) 947-1686,eXp Realty,Miramar,FL,34831,4,13,C,96,NAR Directory,2026-08-04T20:30:03Z
CREAM-20260804-00976,Donald Evans,donald.evans@aol.com,(214) 738-4027,Cutler Real Estate,Youngstown,OH,43166,25,74,C,100,NAR Directory,2026-08-04T08:51:03Z
CREAM-20260804-00977,Steven Ortiz,stevenortiz@me.com,(513) 464-3907,RE/MAX,Mesquite,TX,79585,3,16,C,100,Trade Show,2026-08-04T07:33:12Z
CREAM-20260804-00978,Angela Chavez,achavez@yahoo.com,(614) 609-5835,RE/MAX,Youngstown,OH,45274,5,10,C,69,Website Lead,2026-08-04T18:41:42Z
CREAM-20260804-00979,Joshua Lee,jlee@kellerwilliams.com,(713) 419-2705,Keller Williams,Avondale,AZ,86896,10,48,C,93,LinkedIn,2026-08-04T02:29:55Z
CREAM-20260804-00980,Deborah Nguyen,dnguyen@compass.com,(602) 612-4753,Compass,Huntington Beach,CA,95791,15,80,C,62,Facebook,2026-08-04T10:34:43Z
CREAM-20260804-00981,Matthew Sanders,matthew_sanders@hotmail.com,(214) 497-9404,Keller Williams Realty,Miramar,FL,34934,15,51,C,77,Website Lead,2026-08-04T16:58:58Z
CREAM-20260804-00982,Mark Sanders,marksanders@me.com,(980) 482-6432,RE/MAX,Huntington Beach,CA,95237,22,58,C,71,Trade Show,2026-08-04T19:53:44Z
CREAM-20260804-00983,Raymond Baker,raymondb@kellerwilliamsrealty.com,(714) 421-4423,Keller Williams Realty,Moreno Valley,CA,96943,7,24,C,75,Facebook,2026-08-04T06:53:33Z
CREAM-20260804-00984,Alexander Thomas,athomas@aol.com,(614) 814-8450,Long Realty,Yuma,AZ,86838,9,17,C,66,MLS Database,2026-08-04T17:03:38Z
CREAM-20260804-00985,Pamela Lopez,plopez@hotmail.com,(256) 616-1569,Compass,Schenectady,NY,10185,5,18,C,74,Cold Outreach,2026-08-04T16:31:48Z
CREAM-20260804-00986,Richard Reyes,richardreyes@gmail.com,(980) 227-1481,Berkshire Hathaway,Boulder,CO,80442,6,20,C,73,Referral Network,2026-08-04T03:35:08Z
CREAM-20260804-00987,Raymond Carter,raymond_carter@outlook.com,(404) 942-7807,eXp Realty,Fremont,CA,90735,5,17,C,98,Realtor.com,2026-08-04T12:23:39Z
CREAM-20260804-00988,Linda Martinez,linda.martinez@aol.com,(404) 752-5788,eXp Realty,Pueblo,CO,80336,2,12,C,78,Referral Network,2026-08-04T16:30:21Z
CREAM-20260804-00989,Sarah Long,sarahl@compass.com,(718) 717-3422,Compass,Fontana,CA,90345,0,1,C,98,Trade Show,2026-08-04T08:21:21Z
CREAM-20260804-00990,Barbara Allen,barbaraa@yahoo.com,(513) 243-7010,Keller Williams,Canton,OH,45121,5,25,C,86,Facebook,2026-08-04T07:31:59Z
CREAM-20260804-00991,Laura Jenkins,laura.jenkins@gmail.com,(256) 397-1907,Keller Williams,Hamilton,OH,45308,10,52,C,61,Facebook,2026-08-04T12:25:56Z
CREAM-20260804-00992,Deborah Martin,deborahm@douglaselliman.com,(704) 423-5161,Douglas Elliman,Grand Prairie,TX,77464,0,0,C,71,NAR Directory,2026-08-04T13:32:35Z
CREAM-20260804-00993,Brenda Wilson,brenda_wilson@hotmail.com,(718) 415-9593,Douglas Elliman,Clearwater,FL,33397,23,66,C,69,NAR Directory,2026-08-04T03:15:19Z
CREAM-20260804-00994,Angela Edwards,aedwards@hotmail.com,(512) 617-1755,Sotheby's International,Huntington Beach,CA,91339,23,72,C,93,Facebook,2026-08-04T19:46:07Z
CREAM-20260804-00995,Christine Mitchell,christine.mitchell@icloud.com,(646) 794-2062,Pacific Sotheby's,Irvine,CA,96396,7,31,C,83,LinkedIn,2026-08-04T18:11:59Z
CREAM-20260804-00996,Sharon Allen,sharonallen@me.com,(713) 985-7158,Coldwell Banker,Moreno Valley,CA,96899,24,64,C,100,LinkedIn,2026-08-04T17:41:38Z
CREAM-20260804-00997,Eric Nguyen,ericn@icloud.com,(512) 538-2686,Coldwell Banker,Wilmington,NC,28121,1,12,C,75,Website Lead,2026-08-04T09:36:39Z
CREAM-20260804-00998,Matthew Wilson,mwilson@outlook.com,(512) 777-1897,Sotheby's International,Schenectady,NY,13737,10,74,C,87,NAR Directory,2026-08-04T17:30:09Z
CREAM-20260804-00999,Ryan Ross,ryan.ross@me.com,(929) 775-4737,HER Realtors,Canton,OH,45721,20,36,C,73,Realtor.com,2026-08-04T10:42:42Z
CREAM-20260804-01000,Eric Moore,ericm@aol.com,(469) 879-2930,Keller Williams,Pueblo,CO,80811,3,19,C,86,Cold Outreach,2026-08-04T19:27:21Z
