full_name,first_name,last_name,email,phone,brokerage,metro_area,state,years_experience,transactions_12mo,sales_volume,license_number,license_state,rating,cream_fit_score,priority,source,scraped_at
Nancy Harris,Nancy,Harris,nancy18@kw.com,(712) 601-6490,Lennar,Tucson,AZ,23,26,10109895,AZ604543,AZ,4.0,92,C,realtor_scraper,2026-07-10T06:23:23.241928+00:00
William Lee,William,Lee,wlee@exprealty.com,(712) 999-8333,Ryan Homes,Miami,FL,4,33,13107578,FL267538,FL,4.3,90,A,realtor_scraper,2026-07-10T06:23:23.192767+00:00
Charles Thompson,Charles,Thompson,charles.thompson@redfin.com,(424) 896-5784,RE/MAX,Phoenix,AZ,20,16,13292210,AZ759359,AZ,3.7,88,A,realtor_scraper,2026-07-10T06:23:23.105300+00:00
John Brooks,John,Brooks,johnb@outlook.com,(772) 351-6644,Ryan Homes,Raleigh,NC,1,34,2143734,NC907193,NC,4.9,90,B,realtor_scraper,2026-07-10T06:23:23.236086+00:00
Kenneth Stewart,Kenneth,Stewart,stewart.kenneth@outlook.com,(872) 341-9489,CalAtlantic Homes,St. Louis,MO,2,32,4844720,MO240693,MO,4.7,93,B,realtor_scraper,2026-07-10T06:23:23.240136+00:00
Joseph Bennett,Joseph,Bennett,bennett.joseph@weichert.com,(609) 607-2476,Beazer Homes,Columbus,OH,2,26,2228965,OH186010,OH,4.6,78,B,realtor_scraper,2026-07-10T06:23:23.239710+00:00
Jason Brown,Jason,Brown,jasonb@gmail.com,(570) 744-5453,Pulte Homes,Columbus,OH,20,27,10137222,OH859120,OH,4.2,86,B,realtor_scraper,2026-07-10T06:23:23.234519+00:00
Brian Price,Brian,Price,brian.price@homesmart.com,(304) 820-1039,Keller Williams,Houston,TX,4,29,9706390,TX888198,TX,4.7,94,A,realtor_scraper,2026-07-10T06:23:23.193720+00:00
Robert Cox,Robert,Cox,cox.robert@realtor.com,(423) 417-7066,D.R. Horton,Cleveland,OH,0,33,4220369,OH511931,OH,4.9,75,B,realtor_scraper,2026-07-10T06:23:23.236183+00:00
Ryan Morgan,Ryan,Morgan,ryanm@compass.com,(309) 899-9287,Zillow Premier,Baltimore,MD,3,13,3538842,MD282735,MD,3.5,62,B,realtor_scraper,2026-07-10T06:23:23.235262+00:00
Kathleen Reyes,Kathleen,Reyes,kathleen68@realtyonegroup.com,(719) 511-2904,Sotheby's,St. Louis,MO,0,10,13247562,MO406593,MO,4.4,73,B,realtor_scraper,2026-07-10T06:23:23.240063+00:00
Emma Thomas,Emma,Thomas,emma75@elliman.com,(386) 781-8479,HomeSmart,Los Angeles,CA,5,43,12891154,CA393774,CA,3.5,77,A,realtor_scraper,2026-07-10T06:23:23.198069+00:00
Edward James,Edward,James,ejames@homesmart.com,(980) 333-9633,The Agency,Baltimore,MD,0,13,10322133,MD231700,MD,3.8,100,B,realtor_scraper,2026-07-10T06:23:23.236379+00:00
Anthony Hughes,Anthony,Hughes,anthonyh@kw.com,(781) 630-2953,Zillow Premier,Minneapolis,MN,11,14,14994605,MN161944,MN,4.6,97,B,realtor_scraper,2026-07-10T06:23:23.234593+00:00
Dorothy Anderson,Dorothy,Anderson,dorothya@century21.com,(701) 613-7394,Weichert,Minneapolis,MN,13,12,3250804,MN467302,MN,4.9,88,B,realtor_scraper,2026-07-10T06:23:23.202996+00:00
Kimberly Peterson,Kimberly,Peterson,kimberlyp@exprealty.com,(779) 467-6035,ERA,San Francisco,CA,11,5,425270,CA245659,CA,4.2,75,A,realtor_scraper,2026-07-10T06:23:23.106222+00:00
Aaron Reyes,Aaron,Reyes,reyes.aaron@coldwellbanker.com,(507) 885-7633,Tri Pointe Homes,Miami,FL,0,36,7716258,FL787053,FL,5.0,75,A,realtor_scraper,2026-07-10T06:23:23.202209+00:00
Helen Lee,Helen,Lee,helen.lee@yahoo.com,(912) 553-8555,Redfin,Cleveland,OH,19,41,5602282,OH262673,OH,4.1,72,B,realtor_scraper,2026-07-10T06:23:23.203540+00:00
Linda Brown,Linda,Brown,lbrown@elliman.com,(786) 547-7517,Toll Brothers,Miami,FL,5,42,9726295,FL702810,FL,4.7,64,A,realtor_scraper,2026-07-10T06:23:23.187665+00:00
Timothy Williams,Timothy,Williams,timothyw@gmail.com,(701) 744-5972,CalAtlantic Homes,Portland,OR,17,38,7207225,OR954202,OR,5.0,64,B,realtor_scraper,2026-07-10T06:23:23.202829+00:00
Ryan Young,Ryan,Young,ryan23@exprealty.com,(701) 207-4362,Weichert,Virginia Beach,VA,24,15,12428672,VA503296,VA,4.7,95,C,realtor_scraper,2026-07-10T06:23:23.241204+00:00
Stephen Brooks,Stephen,Brooks,stephen70@compass.com,(856) 349-5043,Nest Seekers,Atlanta,GA,12,34,10957027,GA809763,GA,4.0,82,A,realtor_scraper,2026-07-10T06:23:23.185650+00:00
Sandra Martin,Sandra,Martin,sandra37@weichert.com,(205) 310-6098,Ryan Homes,Kansas City,MO,2,30,7367979,MO213917,MO,4.9,78,B,realtor_scraper,2026-07-10T06:23:23.236209+00:00
Nancy Morales,Nancy,Morales,nancy.morales@compass.com,(971) 520-8547,CalAtlantic Homes,San Antonio,TX,7,13,1160213,TX429796,TX,4.2,70,B,realtor_scraper,2026-07-10T06:23:23.233950+00:00
Jack Roberts,Jack,Roberts,jack.roberts@compass.com,(505) 965-6148,Pulte Homes,Baton Rouge,LA,0,34,2450061,LA842049,LA,4.4,95,C,realtor_scraper,2026-07-10T06:23:23.285591+00:00
Debra Castillo,Debra,Castillo,dcastillo@realtyonegroup.com,(270) 511-1187,Nest Seekers,San Diego,CA,23,37,10566321,CA307183,CA,3.7,86,A,realtor_scraper,2026-07-10T06:23:23.105100+00:00
Jacob Lopez,Jacob,Lopez,jacobl@outlook.com,(832) 916-5164,Sotheby's,Columbus,OH,3,43,10000147,OH733222,OH,4.3,83,B,realtor_scraper,2026-07-10T06:23:23.235329+00:00
Jason Reyes,Jason,Reyes,reyes.jason@elliman.com,(901) 356-6191,ERA,St. Louis,MO,10,13,10950667,MO653108,MO,3.6,87,B,realtor_scraper,2026-07-10T06:23:23.234098+00:00
Joseph Wood,Joseph,Wood,wood.joseph@redfin.com,(608) 737-7391,United Real Estate,Riverside,CA,11,12,1881232,CA940146,CA,4.7,70,B,realtor_scraper,2026-07-10T06:23:23.203131+00:00
Janet Cook,Janet,Cook,janet32@homesmart.com,(618) 651-8517,Vylla Home,Kansas City,MO,0,27,5697256,MO276032,MO,4.8,76,B,realtor_scraper,2026-07-10T06:23:23.236124+00:00
Barbara Baker,Barbara,Baker,barbarab@outlook.com,(308) 469-6363,Sotheby's,Seattle,WA,23,36,14274450,WA420092,WA,4.1,100,A,realtor_scraper,2026-07-10T06:23:23.105131+00:00
Heather Parker,Heather,Parker,heather.parker@gmail.com,(401) 799-9332,Douglas Elliman,Detroit,MI,2,41,9674326,MI633574,MI,4.7,83,B,realtor_scraper,2026-07-10T06:23:23.239848+00:00
Betty Ward,Betty,Ward,bward@weichert.com,(262) 566-5705,Pulte Homes,Portland,OR,9,25,1627916,OR143839,OR,4.2,60,B,realtor_scraper,2026-07-10T06:23:23.203140+00:00
Samuel Long,Samuel,Long,samuel83@exprealty.com,(201) 421-4794,Meritage Homes,San Antonio,TX,14,27,7477861,TX919197,TX,4.3,64,B,realtor_scraper,2026-07-10T06:23:23.234028+00:00
Carol Williams,Carol,Williams,carol55@realtyonegroup.com,(303) 416-3458,Toll Brothers,Nashville,TN,5,4,494799,TN574495,TN,4.8,80,A,realtor_scraper,2026-07-10T06:23:23.186537+00:00
Brian Peterson,Brian,Peterson,brianp@redfin.com,(850) 749-9206,Century 21,Portland,OR,15,4,316885,OR390513,OR,4.5,77,B,realtor_scraper,2026-07-10T06:23:23.233879+00:00
Carol Rodriguez,Carol,Rodriguez,crodriguez@yahoo.com,(916) 799-6674,Coldwell Banker,Milwaukee,WI,1,10,969999,WI501594,WI,5.0,61,C,realtor_scraper,2026-07-10T06:23:23.285533+00:00
Lisa Adams,Lisa,Adams,adams.lisa@gmail.com,(920) 818-8554,Taylor Morrison,Nashville,TN,3,36,4714704,TN685370,TN,3.5,95,A,realtor_scraper,2026-07-10T06:23:23.192447+00:00
Jerry Gonzalez,Jerry,Gonzalez,jerry83@hotmail.com,(754) 484-6272,Meritage Homes,Indianapolis,IN,22,12,1569781,IN277268,IN,5.0,68,B,realtor_scraper,2026-07-10T06:23:23.234414+00:00
Linda Hall,Linda,Hall,hall.linda@compass.com,(618) 324-3462,RE/MAX,Boston,MA,1,37,14926576,MA735538,MA,4.2,87,A,realtor_scraper,2026-07-10T06:23:23.199450+00:00
Nicole Sanders,Nicole,Sanders,nicole.sanders@gmail.com,(732) 593-4598,KB Home,Detroit,MI,12,3,890877,MI808902,MI,4.7,66,B,realtor_scraper,2026-07-10T06:23:23.203504+00:00
Dorothy Kim,Dorothy,Kim,dorothy60@weichert.com,(936) 909-2173,Sotheby's,Indianapolis,IN,5,44,4746248,IN555188,IN,3.7,71,B,realtor_scraper,2026-07-10T06:23:23.235161+00:00
Kenneth Reyes,Kenneth,Reyes,kenneth10@sothebysrealty.com,(779) 644-3470,Ryan Homes,Atlanta,GA,7,25,9429959,GA381163,GA,5.0,80,A,realtor_scraper,2026-07-10T06:23:23.109319+00:00
Nicholas Castillo,Nicholas,Castillo,nicholasc@compass.com,(614) 636-5730,Nest Seekers,Albuquerque,NM,12,0,491427,NM372350,NM,0.0,61,C,realtor_scraper,2026-07-10T06:23:23.241828+00:00
Jeffrey Alvarez,Jeffrey,Alvarez,jeffreya@outlook.com,(616) 205-3252,RE/MAX,Cleveland,OH,14,11,589968,OH308760,OH,3.9,73,B,realtor_scraper,2026-07-10T06:23:23.234766+00:00
Samantha Reyes,Samantha,Reyes,samanthar@coldwellbanker.com,(617) 397-7055,The Agency,San Antonio,TX,0,6,1276854,TX905376,TX,4.9,82,B,realtor_scraper,2026-07-10T06:23:23.239788+00:00
Helen Cruz,Helen,Cruz,helen87@gmail.com,(620) 504-7731,M/I Homes,Milwaukee,WI,2,28,1636011,WI838248,WI,3.9,61,C,realtor_scraper,2026-07-10T06:23:23.285518+00:00
Alexander Collins,Alexander,Collins,alexander.collins@realtor.com,(805) 206-9764,Compass,San Francisco,CA,14,41,14058256,CA580284,CA,4.6,75,A,realtor_scraper,2026-07-10T06:23:23.105208+00:00
Christopher Turner,Christopher,Turner,turner.christopher@homesmart.com,(737) 706-4197,Century 21,Columbus,OH,12,11,8052581,OH548634,OH,4.5,81,B,realtor_scraper,2026-07-10T06:23:23.234112+00:00
Dennis Adams,Dennis,Adams,dennis.adams@compass.com,(515) 324-3559,Redfin,New York,NY,4,42,4455930,NY601613,NY,4.0,95,A,realtor_scraper,2026-07-10T06:23:23.186363+00:00
Sharon King,Sharon,King,sharonk@berkshirehathawayhs.com,(607) 423-3696,Zillow Premier,Riverside,CA,5,46,12817427,CA389044,CA,4.9,88,B,realtor_scraper,2026-07-10T06:23:23.235628+00:00
Justin Clark,Justin,Clark,justinc@hotmail.com,(606) 775-9091,The Agency,San Diego,CA,1,45,14292945,CA765561,CA,3.9,94,A,realtor_scraper,2026-07-10T06:23:23.200912+00:00
Christine Long,Christine,Long,long.christine@coldwellbanker.com,(351) 613-4044,United Real Estate,Boston,MA,21,32,12105532,MA914928,MA,3.9,100,A,realtor_scraper,2026-07-10T06:23:23.107763+00:00
Alexander Robinson,Alexander,Robinson,alexanderr@realtyonegroup.com,(512) 289-4814,Toll Brothers,Riverside,CA,0,14,12069775,CA159592,CA,3.7,86,B,realtor_scraper,2026-07-10T06:23:23.236095+00:00
Samantha Turner,Samantha,Turner,turner.samantha@yahoo.com,(534) 572-1199,Meritage Homes,Miami,FL,7,4,1454857,FL144847,FL,4.2,85,A,realtor_scraper,2026-07-10T06:23:23.105309+00:00
Janet Gray,Janet,Gray,janet.gray@outlook.com,(918) 551-5556,Zillow Premier,Sacramento,CA,10,39,10932371,CA665455,CA,4.5,95,B,realtor_scraper,2026-07-10T06:23:23.233720+00:00
John Thompson,John,Thompson,thompson.john@hotmail.com,(828) 822-7820,ERA,Chicago,IL,15,50,12662838,IL711794,IL,4.6,89,A,realtor_scraper,2026-07-10T06:23:23.107751+00:00
Diane Sanders,Diane,Sanders,sanders.diane@homesmart.com,(715) 461-7457,Berkshire Hathaway,San Jose,CA,10,43,6540697,CA733358,CA,5.0,90,B,realtor_scraper,2026-07-10T06:23:23.234442+00:00
Donald Gomez,Donald,Gomez,donald.gomez@sothebysrealty.com,(845) 740-3531,ERA,Sacramento,CA,25,19,2772554,CA981781,CA,3.8,81,B,realtor_scraper,2026-07-10T06:23:23.202837+00:00
Mark Parker,Mark,Parker,mark43@remax.net,(757) 857-9556,Lennar,Atlanta,GA,3,16,9904231,GA366033,GA,4.3,63,A,realtor_scraper,2026-07-10T06:23:23.198091+00:00
Larry Young,Larry,Young,larry52@realtor.com,(440) 963-7058,Compass,Tampa,FL,18,41,12759089,FL964246,FL,3.8,100,A,realtor_scraper,2026-07-10T06:23:23.108925+00:00
Deborah Clark,Deborah,Clark,deborah.clark@berkshirehathawayhs.com,(916) 949-8174,Toll Brothers,Cleveland,OH,23,35,4014652,OH899905,OH,4.9,84,B,realtor_scraper,2026-07-10T06:23:23.234922+00:00
George Moore,George,Moore,moore.george@remax.net,(646) 349-8625,Redfin,Seattle,WA,0,26,9445385,WA109815,WA,3.7,85,A,realtor_scraper,2026-07-10T06:23:23.200667+00:00
Thomas Williams,Thomas,Williams,twilliams@outlook.com,(215) 690-2619,Douglas Elliman,Seattle,WA,2,39,4467557,WA680333,WA,3.7,65,A,realtor_scraper,2026-07-10T06:23:23.200888+00:00
Aaron Murphy,Aaron,Murphy,murphy.aaron@sothebysrealty.com,(628) 452-1715,Weichert,San Jose,CA,2,37,12325538,CA335809,CA,3.7,91,B,realtor_scraper,2026-07-10T06:23:23.240221+00:00
Rebecca Miller,Rebecca,Miller,rebecca82@weichert.com,(949) 571-4702,HomeSmart,Philadelphia,PA,2,38,7577594,PA727236,PA,3.6,81,A,realtor_scraper,2026-07-10T06:23:23.202433+00:00
Stephen Brooks,Stephen,Brooks,sbrooks@gmail.com,(959) 264-5385,HomeSmart,Tucson,AZ,24,4,258859,AZ945703,AZ,4.7,75,C,realtor_scraper,2026-07-10T06:23:23.241701+00:00
Sharon Harris,Sharon,Harris,sharonh@realtyonegroup.com,(302) 847-7122,Douglas Elliman,Portland,OR,7,17,4970023,OR809119,OR,4.0,63,B,realtor_scraper,2026-07-10T06:23:23.203232+00:00
Jason Walker,Jason,Walker,jason13@coldwellbanker.com,(904) 461-9055,Tri Pointe Homes,Phoenix,AZ,21,38,13713082,AZ617261,AZ,4.4,82,A,realtor_scraper,2026-07-10T06:23:23.105734+00:00
Linda Bennett,Linda,Bennett,lbennett@elliman.com,(641) 930-5651,Ryan Homes,New Orleans,LA,3,4,1943158,LA289250,LA,3.9,90,C,realtor_scraper,2026-07-10T06:23:23.284662+00:00
Patricia Reed,Patricia,Reed,patricia52@berkshirehathawayhs.com,(561) 697-9247,Tri Pointe Homes,Portland,OR,3,20,7243957,OR860411,OR,4.3,94,B,realtor_scraper,2026-07-10T06:23:23.236053+00:00
Steven Hernandez,Steven,Hernandez,shernandez@gmail.com,(831) 350-9267,Keller Williams,Indianapolis,IN,4,5,802722,IN536893,IN,3.6,95,B,realtor_scraper,2026-07-10T06:23:23.235179+00:00
Charles Walker,Charles,Walker,charles23@realtyonegroup.com,(269) 929-6652,Century 21,Los Angeles,CA,14,29,3899979,CA342281,CA,4.7,89,A,realtor_scraper,2026-07-10T06:23:23.186129+00:00
Christine Ortiz,Christine,Ortiz,christine99@homesmart.com,(859) 915-3971,Vylla Home,Austin,TX,5,0,451884,TX820833,TX,0.0,72,A,realtor_scraper,2026-07-10T06:23:23.193288+00:00
Michelle King,Michelle,King,michelle6@berkshirehathawayhs.com,(262) 852-6903,Weichert,St. Louis,MO,9,10,10100319,MO846434,MO,3.8,96,B,realtor_scraper,2026-07-10T06:23:23.233803+00:00
Shirley Kelly,Shirley,Kelly,shirley.kelly@realtor.com,(415) 241-3888,Century Communities,Austin,TX,16,23,3443438,TX979642,TX,4.6,91,A,realtor_scraper,2026-07-10T06:23:23.105427+00:00
Richard Flores,Richard,Flores,rflores@elliman.com,(650) 409-1121,Beazer Homes,Riverside,CA,4,31,6578033,CA746468,CA,4.7,83,B,realtor_scraper,2026-07-10T06:23:23.235446+00:00
Amanda Young,Amanda,Young,amanday@realtor.com,(507) 418-8548,Pulte Homes,Riverside,CA,19,13,1851141,CA332378,CA,4.3,70,B,realtor_scraper,2026-07-10T06:23:23.203513+00:00
Gary Ruiz,Gary,Ruiz,gary3@yahoo.com,(949) 448-3903,Douglas Elliman,Charlotte,NC,2,12,1819739,NC974016,NC,4.4,63,A,realtor_scraper,2026-07-10T06:23:23.202024+00:00
Catherine Hall,Catherine,Hall,hall.catherine@berkshirehathawayhs.com,(847) 519-7941,Sotheby's,San Francisco,CA,3,43,10050432,CA881809,CA,4.3,80,A,realtor_scraper,2026-07-10T06:23:23.192468+00:00
Jonathan Cooper,Jonathan,Cooper,jonathanc@sothebysrealty.com,(310) 897-3098,M/I Homes,Sacramento,CA,0,31,4324107,CA300708,CA,4.1,81,B,realtor_scraper,2026-07-10T06:23:23.236532+00:00
Nicole Rivera,Nicole,Rivera,rivera.nicole@hotmail.com,(781) 988-2691,NVR,Raleigh,NC,10,15,2593249,NC611606,NC,4.3,84,B,realtor_scraper,2026-07-10T06:23:23.203114+00:00
Carol Turner,Carol,Turner,carol.turner@century21.com,(641) 352-9480,CalAtlantic Homes,Colorado Springs,CO,2,21,10154748,CO936125,CO,3.6,94,C,realtor_scraper,2026-07-10T06:23:23.285667+00:00
Kenneth Ortiz,Kenneth,Ortiz,kenneth.ortiz@exprealty.com,(202) 908-8464,CalAtlantic Homes,Jacksonville,FL,2,39,3985992,FL894165,FL,4.3,72,B,realtor_scraper,2026-07-10T06:23:23.236334+00:00
Jennifer Bailey,Jennifer,Bailey,jbailey@exprealty.com,(816) 698-2864,CalAtlantic Homes,Milwaukee,WI,4,4,467293,WI499647,WI,3.7,88,C,realtor_scraper,2026-07-10T06:23:23.284187+00:00
Scott Long,Scott,Long,scott92@realtyonegroup.com,(561) 732-9146,KB Home,San Diego,CA,7,3,1711560,CA416145,CA,3.9,75,A,realtor_scraper,2026-07-10T06:23:23.106537+00:00
Jacob Ortiz,Jacob,Ortiz,jacobo@outlook.com,(919) 743-3562,Berkshire Hathaway,Tucson,AZ,2,24,7402352,AZ185173,AZ,3.7,64,C,realtor_scraper,2026-07-10T06:23:23.285270+00:00
Michael Phillips,Michael,Phillips,mphillips@homesmart.com,(832) 315-2494,Berkshire Hathaway,Minneapolis,MN,17,46,11855302,MN552121,MN,4.5,73,B,realtor_scraper,2026-07-10T06:23:23.202867+00:00
Margaret Turner,Margaret,Turner,turner.margaret@gmail.com,(307) 596-1794,United Real Estate,New York,NY,25,49,7265918,NY889681,NY,4.4,85,A,realtor_scraper,2026-07-10T06:23:23.105990+00:00
Deborah Perez,Deborah,Perez,dperez@kw.com,(657) 831-8929,Meritage Homes,Virginia Beach,VA,10,32,13675079,VA864309,VA,4.3,76,C,realtor_scraper,2026-07-10T06:23:23.240322+00:00
William Allen,William,Allen,william.allen@hotmail.com,(618) 666-9387,Better Homes & Gardens,Jacksonville,FL,1,9,1772165,FL458390,FL,4.4,78,B,realtor_scraper,2026-07-10T06:23:23.236490+00:00
Jeffrey Harris,Jeffrey,Harris,jeffreyh@coldwellbanker.com,(561) 606-5356,Beazer Homes,Milwaukee,WI,7,15,635622,WI345338,WI,3.9,82,C,realtor_scraper,2026-07-10T06:23:23.240510+00:00
Kathleen Price,Kathleen,Price,price.kathleen@compass.com,(503) 602-2883,Berkshire Hathaway,Chicago,IL,10,41,8276756,IL713099,IL,4.6,65,A,realtor_scraper,2026-07-10T06:23:23.105116+00:00
Melissa Walker,Melissa,Walker,melissaw@sothebysrealty.com,(314) 618-5916,Century Communities,Atlanta,GA,9,39,14132836,GA773017,GA,4.9,100,A,realtor_scraper,2026-07-10T06:23:23.109074+00:00
Matthew Ruiz,Matthew,Ruiz,matthewr@redfin.com,(813) 354-8264,Keller Williams,Minneapolis,MN,3,49,8444883,MN870202,MN,4.5,70,B,realtor_scraper,2026-07-10T06:23:23.235244+00:00
Susan Edwards,Susan,Edwards,susan75@redfin.com,(385) 961-8145,D.R. Horton,Tucson,AZ,5,29,3906210,AZ817941,AZ,4.8,87,C,realtor_scraper,2026-07-10T06:23:23.284844+00:00
Jerry Williams,Jerry,Williams,jerry.williams@exprealty.com,(619) 895-2425,CalAtlantic Homes,Baltimore,MD,4,14,5940806,MD991520,MD,3.6,85,B,realtor_scraper,2026-07-10T06:23:23.236025+00:00
James Diaz,James,Diaz,james56@coldwellbanker.com,(762) 746-4620,Nest Seekers,Los Angeles,CA,15,20,3562294,CA467751,CA,3.6,71,A,realtor_scraper,2026-07-10T06:23:23.105438+00:00
Gregory Long,Gregory,Long,gregory.long@elliman.com,(636) 529-9640,Douglas Elliman,Baltimore,MD,5,11,8067842,MD780421,MD,4.2,90,B,realtor_scraper,2026-07-10T06:23:23.235205+00:00
Gregory Anderson,Gregory,Anderson,gregorya@homesmart.com,(813) 364-9006,The Agency,Sacramento,CA,3,28,8378642,CA593616,CA,4.1,61,B,realtor_scraper,2026-07-10T06:23:23.235809+00:00
Angela Gray,Angela,Gray,angela19@berkshirehathawayhs.com,(931) 348-9431,NVR,Colorado Springs,CO,22,26,3938424,CO361615,CO,4.3,78,C,realtor_scraper,2026-07-10T06:23:23.240980+00:00
Larry Lopez,Larry,Lopez,lopez.larry@berkshirehathawayhs.com,(628) 370-4882,Douglas Elliman,Nashville,TN,2,16,10499222,TN838429,TN,4.9,75,A,realtor_scraper,2026-07-10T06:23:23.198502+00:00
Jason Thomas,Jason,Thomas,jason.thomas@sothebysrealty.com,(209) 712-6971,Meritage Homes,Colorado Springs,CO,19,21,2991572,CO243607,CO,4.2,63,C,realtor_scraper,2026-07-10T06:23:23.242375+00:00
Pamela Alvarez,Pamela,Alvarez,pamelaa@weichert.com,(458) 364-4368,Meritage Homes,Portland,OR,24,21,6178093,OR784345,OR,4.1,86,B,realtor_scraper,2026-07-10T06:23:23.202602+00:00
Alexander Sanders,Alexander,Sanders,alexanders@compass.com,(808) 851-1133,Toll Brothers,Milwaukee,WI,16,34,2882024,WI562131,WI,4.9,78,C,realtor_scraper,2026-07-10T06:23:23.240461+00:00
Alexander Thomas,Alexander,Thomas,alexandert@outlook.com,(684) 223-7199,Meritage Homes,San Francisco,CA,22,42,7476432,CA962571,CA,4.6,67,A,realtor_scraper,2026-07-10T06:23:23.106356+00:00
Michelle Williams,Michelle,Williams,michelle.williams@century21.com,(667) 812-8235,Redfin,Richmond,VA,20,13,9423850,VA911221,VA,3.9,79,C,realtor_scraper,2026-07-10T06:23:23.241190+00:00
Eric Allen,Eric,Allen,erica@coldwellbanker.com,(606) 667-7216,Century 21,Detroit,MI,0,22,7022135,MI786538,MI,3.5,84,B,realtor_scraper,2026-07-10T06:23:23.240151+00:00
Robert Reed,Robert,Reed,robert.reed@century21.com,(702) 496-9439,KB Home,Houston,TX,11,47,11951481,TX714830,TX,3.7,98,A,realtor_scraper,2026-07-10T06:23:23.106091+00:00
Deborah Scott,Deborah,Scott,deborahs@weichert.com,(470) 635-1961,Weichert,Austin,TX,5,2,223996,TX840496,TX,4.4,62,A,realtor_scraper,2026-07-10T06:23:23.191673+00:00
Jonathan Carter,Jonathan,Carter,carter.jonathan@sothebysrealty.com,(414) 713-6933,Toll Brothers,Chicago,IL,3,36,14317442,IL366883,IL,4.4,100,A,realtor_scraper,2026-07-10T06:23:23.194227+00:00
Sandra Rogers,Sandra,Rogers,sandra15@coldwellbanker.com,(813) 294-7465,The Agency,Oklahoma City,OK,0,36,2976528,OK468811,OK,4.8,81,C,realtor_scraper,2026-07-10T06:23:23.285355+00:00
Jack Robinson,Jack,Robinson,jackr@hotmail.com,(215) 465-8767,Ryan Homes,Baltimore,MD,5,46,10262155,MD949257,MD,3.7,97,B,realtor_scraper,2026-07-10T06:23:23.235101+00:00
Samuel Williams,Samuel,Williams,williams.samuel@hotmail.com,(425) 935-9937,Tri Pointe Homes,Phoenix,AZ,2,32,11823983,AZ675200,AZ,4.2,94,A,realtor_scraper,2026-07-10T06:23:23.201741+00:00
Carol Mendoza,Carol,Mendoza,mendoza.carol@remax.net,(904) 995-4920,United Real Estate,San Antonio,TX,11,33,9881026,TX928724,TX,4.6,63,B,realtor_scraper,2026-07-10T06:23:23.234559+00:00
George Campbell,George,Campbell,campbell.george@homesmart.com,(251) 623-9666,United Real Estate,Louisville,KY,2,48,4802597,KY303396,KY,4.3,83,C,realtor_scraper,2026-07-10T06:23:23.285798+00:00
Kimberly Phillips,Kimberly,Phillips,kimberly58@outlook.com,(713) 422-9531,Toll Brothers,Albuquerque,NM,20,42,2407924,NM615017,NM,3.7,70,C,realtor_scraper,2026-07-10T06:23:23.241414+00:00
Emily Brooks,Emily,Brooks,ebrooks@homesmart.com,(262) 797-9598,Nest Seekers,Houston,TX,0,33,6571907,TX515902,TX,3.6,91,A,realtor_scraper,2026-07-10T06:23:23.200677+00:00
Rebecca James,Rebecca,James,rebeccaj@compass.com,(423) 760-8437,Weichert,St. Louis,MO,1,25,7695699,MO260234,MO,3.9,90,B,realtor_scraper,2026-07-10T06:23:23.236325+00:00
Jessica Moore,Jessica,Moore,jessica.moore@outlook.com,(435) 693-2835,Toll Brothers,Los Angeles,CA,4,16,11433676,CA141735,CA,4.2,96,A,realtor_scraper,2026-07-10T06:23:23.197698+00:00
Gregory Alvarez,Gregory,Alvarez,alvarez.gregory@gmail.com,(281) 676-4087,LGI Homes,San Antonio,TX,4,45,4622095,TX273929,TX,4.4,63,B,realtor_scraper,2026-07-10T06:23:23.235759+00:00
Sarah Nelson,Sarah,Nelson,sarah.nelson@weichert.com,(605) 469-2775,Sotheby's,San Francisco,CA,8,33,7599982,CA127169,CA,4.7,68,A,realtor_scraper,2026-07-10T06:23:23.105940+00:00
Kenneth Anderson,Kenneth,Anderson,kenneth.anderson@century21.com,(202) 438-9439,Douglas Elliman,St. Louis,MO,0,3,1676852,MO276518,MO,4.8,73,B,realtor_scraper,2026-07-10T06:23:23.236352+00:00
Eric Wilson,Eric,Wilson,ewilson@kw.com,(346) 721-6229,D.R. Horton,Miami,FL,4,27,10036535,FL518519,FL,3.8,93,A,realtor_scraper,2026-07-10T06:23:23.187707+00:00
Frank Brown,Frank,Brown,frank9@sothebysrealty.com,(850) 229-2322,Realty One Group,Salt Lake City,UT,9,15,1980228,UT711119,UT,4.0,81,B,realtor_scraper,2026-07-10T06:23:23.203042+00:00
Barbara Nelson,Barbara,Nelson,nelson.barbara@realtyonegroup.com,(702) 529-1969,United Real Estate,Nashville,TN,10,27,14814626,TN519680,TN,3.6,88,A,realtor_scraper,2026-07-10T06:23:23.109223+00:00
Kevin Lewis,Kevin,Lewis,klewis@weichert.com,(414) 337-6482,Berkshire Hathaway,Indianapolis,IN,14,13,504337,IN482234,IN,4.0,84,B,realtor_scraper,2026-07-10T06:23:23.234014+00:00
Thomas Harris,Thomas,Harris,tharris@realtor.com,(908) 814-5942,Lennar,Tampa,FL,3,5,189889,FL115304,FL,4.1,76,A,realtor_scraper,2026-07-10T06:23:23.197895+00:00
Kevin Wilson,Kevin,Wilson,kevin85@hotmail.com,(402) 850-5392,Meritage Homes,San Diego,CA,0,27,5561190,CA543863,CA,3.6,74,A,realtor_scraper,2026-07-10T06:23:23.201211+00:00
Karen Parker,Karen,Parker,parker.karen@outlook.com,(310) 908-1561,Ryan Homes,Albuquerque,NM,3,3,1396078,NM429539,NM,4.6,87,C,realtor_scraper,2026-07-10T06:23:23.284509+00:00
Carolyn Peterson,Carolyn,Peterson,cpeterson@hotmail.com,(951) 237-2984,Sotheby's,Salt Lake City,UT,19,35,12459625,UT164638,UT,4.2,91,B,realtor_scraper,2026-07-10T06:23:23.234667+00:00
Ashley Sanders,Ashley,Sanders,asanders@hotmail.com,(872) 605-8668,Century 21,Cincinnati,OH,0,36,8579411,OH735908,OH,3.7,77,B,realtor_scraper,2026-07-10T06:23:23.240307+00:00
David Peterson,David,Peterson,davidp@elliman.com,(714) 794-9465,Compass,Chicago,IL,0,25,14140787,IL979485,IL,4.6,88,A,realtor_scraper,2026-07-10T06:23:23.201155+00:00
James Harris,James,Harris,jharris@weichert.com,(941) 307-6353,Century 21,Portland,OR,3,18,6689505,OR859372,OR,4.3,93,B,realtor_scraper,2026-07-10T06:23:23.235214+00:00
Jessica Collins,Jessica,Collins,collins.jessica@homesmart.com,(430) 899-4616,Redfin,Chicago,IL,8,12,1694636,IL364934,IL,4.2,79,A,realtor_scraper,2026-07-10T06:23:23.105971+00:00
Maria Wilson,Maria,Wilson,maria.wilson@gmail.com,(347) 506-3470,Redfin,Louisville,KY,7,29,8489975,KY133515,KY,4.6,91,C,realtor_scraper,2026-07-10T06:23:23.241942+00:00
Helen Ramos,Helen,Ramos,helen43@berkshirehathawayhs.com,(504) 245-7989,Better Homes & Gardens,Sacramento,CA,4,28,7828555,CA468686,CA,4.5,92,B,realtor_scraper,2026-07-10T06:23:23.236035+00:00
Catherine Hall,Catherine,Hall,catherineh@coldwellbanker.com,(229) 846-6452,Realty One Group,Jacksonville,FL,6,3,273826,FL788717,FL,4.8,66,B,realtor_scraper,2026-07-10T06:23:23.203104+00:00
Lisa Carter,Lisa,Carter,lisa.carter@homesmart.com,(806) 433-8872,Lennar,San Antonio,TX,5,5,116426,TX107412,TX,4.0,91,B,realtor_scraper,2026-07-10T06:23:23.235312+00:00
Christopher Lopez,Christopher,Lopez,clopez@redfin.com,(512) 364-7209,Tri Pointe Homes,Las Vegas,NV,22,36,10231122,NV609371,NV,4.2,97,A,realtor_scraper,2026-07-10T06:23:23.109157+00:00
William Rivera,William,Rivera,wrivera@realtor.com,(956) 723-5790,The Agency,Dallas-Fort Worth,TX,4,29,8839675,TX754609,TX,4.6,70,A,realtor_scraper,2026-07-10T06:23:23.193749+00:00
David Turner,David,Turner,david.turner@hotmail.com,(801) 795-3141,Redfin,Cincinnati,OH,19,48,7212600,OH362349,OH,4.6,86,B,realtor_scraper,2026-07-10T06:23:23.202524+00:00
Katherine Turner,Katherine,Turner,katherine77@century21.com,(612) 829-9682,The Agency,Baton Rouge,LA,8,43,5721550,LA848667,LA,4.3,70,C,realtor_scraper,2026-07-10T06:23:23.242108+00:00
James Martinez,James,Martinez,jmartinez@yahoo.com,(802) 738-4085,Lennar,Virginia Beach,VA,19,18,13134876,VA681885,VA,4.4,94,C,realtor_scraper,2026-07-10T06:23:23.241335+00:00
Lisa Gonzalez,Lisa,Gonzalez,gonzalez.lisa@century21.com,(352) 406-7892,Century Communities,Oklahoma City,OK,24,24,12118274,OK268285,OK,4.5,91,C,realtor_scraper,2026-07-10T06:23:23.242249+00:00
Aaron Wood,Aaron,Wood,aaron10@sothebysrealty.com,(719) 988-1204,Redfin,Austin,TX,1,32,2067143,TX995623,TX,3.8,71,A,realtor_scraper,2026-07-10T06:23:23.199295+00:00
George Diaz,George,Diaz,george28@hotmail.com,(609) 975-1341,Douglas Elliman,Austin,TX,4,21,3617779,TX451950,TX,3.5,77,A,realtor_scraper,2026-07-10T06:23:23.188558+00:00
Barbara Cruz,Barbara,Cruz,barbara87@homesmart.com,(904) 532-9263,Nest Seekers,Columbus,OH,4,36,6985943,OH982805,OH,3.8,92,B,realtor_scraper,2026-07-10T06:23:23.235555+00:00
Anthony Perez,Anthony,Perez,anthony52@realtor.com,(480) 325-5792,Keller Williams,Houston,TX,2,49,7896100,TX839863,TX,3.7,92,A,realtor_scraper,2026-07-10T06:23:23.198522+00:00
Rebecca Cruz,Rebecca,Cruz,rebeccac@sothebysrealty.com,(206) 648-7073,Toll Brothers,New York,NY,3,14,11496723,NY879962,NY,3.5,76,A,realtor_scraper,2026-07-10T06:23:23.194348+00:00
Patricia Thompson,Patricia,Thompson,patriciat@outlook.com,(412) 537-3030,The Agency,San Antonio,TX,22,47,10133937,TX667043,TX,4.3,80,B,realtor_scraper,2026-07-10T06:23:23.233786+00:00
James Collins,James,Collins,collins.james@homesmart.com,(406) 501-9693,HomeSmart,Memphis,TN,16,46,10474953,TN750854,TN,4.9,80,C,realtor_scraper,2026-07-10T06:23:23.241151+00:00
James Lee,James,Lee,lee.james@outlook.com,(830) 805-8730,Meritage Homes,Milwaukee,WI,7,40,10760422,WI430702,WI,3.8,93,C,realtor_scraper,2026-07-10T06:23:23.241231+00:00
Larry Parker,Larry,Parker,lparker@century21.com,(650) 319-7566,Redfin,Colorado Springs,CO,3,23,3691535,CO473574,CO,4.1,66,C,realtor_scraper,2026-07-10T06:23:23.284900+00:00
Jack Murphy,Jack,Murphy,jack27@kw.com,(470) 802-6774,Keller Williams,San Francisco,CA,7,10,2051714,CA652054,CA,5.0,84,A,realtor_scraper,2026-07-10T06:23:23.108961+00:00
Eric Torres,Eric,Torres,eric.torres@compass.com,(572) 759-2744,Sotheby's,San Jose,CA,23,4,118498,CA804659,CA,4.9,64,B,realtor_scraper,2026-07-10T06:23:23.234321+00:00
Linda Garcia,Linda,Garcia,lindag@berkshirehathawayhs.com,(308) 460-3586,Taylor Morrison,Atlanta,GA,14,13,4670784,GA867902,GA,3.9,86,A,realtor_scraper,2026-07-10T06:23:23.105324+00:00
Heather Price,Heather,Price,price.heather@realtyonegroup.com,(612) 767-2831,Century 21,Seattle,WA,4,28,6280830,WA362267,WA,4.2,69,A,realtor_scraper,2026-07-10T06:23:23.187994+00:00
Christine Turner,Christine,Turner,turner.christine@kw.com,(910) 981-3255,Berkshire Hathaway,Cincinnati,OH,5,39,2832028,OH844338,OH,3.7,78,B,realtor_scraper,2026-07-10T06:23:23.235639+00:00
Tyler Collins,Tyler,Collins,collins.tyler@compass.com,(701) 564-2849,Berkshire Hathaway,Virginia Beach,VA,3,15,7423764,VA275032,VA,3.6,70,C,realtor_scraper,2026-07-10T06:23:23.284294+00:00
Charles Reed,Charles,Reed,charles2@sothebysrealty.com,(512) 753-1599,Realty One Group,Nashville,TN,22,41,8372108,TN310037,TN,3.8,63,A,realtor_scraper,2026-07-10T06:23:23.109207+00:00
Ruth Sanders,Ruth,Sanders,ruths@sothebysrealty.com,(479) 952-3828,Beazer Homes,Richmond,VA,0,31,11402936,VA520568,VA,4.8,87,C,realtor_scraper,2026-07-10T06:23:23.285968+00:00
John Brooks,John,Brooks,john40@remax.net,(432) 859-7473,Weichert,Houston,TX,12,4,175364,TX821704,TX,4.3,84,A,realtor_scraper,2026-07-10T06:23:23.107689+00:00
Patricia Moore,Patricia,Moore,patricia14@exprealty.com,(534) 317-4101,D.R. Horton,Richmond,VA,12,38,13821251,VA207543,VA,4.7,99,C,realtor_scraper,2026-07-10T06:23:23.240745+00:00
Dennis Rivera,Dennis,Rivera,dennisr@outlook.com,(847) 345-4642,Taylor Morrison,Houston,TX,21,33,3380112,TX398097,TX,3.7,82,A,realtor_scraper,2026-07-10T06:23:23.105907+00:00
Ashley Cruz,Ashley,Cruz,ashley.cruz@yahoo.com,(707) 445-7307,Vylla Home,Las Vegas,NV,25,9,623081,NV684923,NV,3.7,77,A,realtor_scraper,2026-07-10T06:23:23.105505+00:00
Sarah Rivera,Sarah,Rivera,sarah.rivera@compass.com,(240) 285-3278,Ryan Homes,Portland,OR,21,4,778137,OR571701,OR,3.7,94,B,realtor_scraper,2026-07-10T06:23:23.234336+00:00
Daniel Ramirez,Daniel,Ramirez,daniel19@redfin.com,(931) 379-4922,Toll Brothers,New Orleans,LA,23,30,6472371,LA392524,LA,4.4,64,C,realtor_scraper,2026-07-10T06:23:23.242235+00:00
Michelle Davis,Michelle,Davis,michelle78@hotmail.com,(321) 849-9691,Coldwell Banker,Baton Rouge,LA,12,6,1031681,LA554262,LA,3.7,78,C,realtor_scraper,2026-07-10T06:23:23.241074+00:00
James Morgan,James,Morgan,jamesm@coldwellbanker.com,(601) 521-5101,KB Home,Detroit,MI,1,31,7169108,MI386864,MI,4.7,88,B,realtor_scraper,2026-07-10T06:23:23.240165+00:00
Jack Rodriguez,Jack,Rodriguez,jack.rodriguez@homesmart.com,(667) 837-2935,Compass,Memphis,TN,4,48,11855161,TN819746,TN,3.8,77,C,realtor_scraper,2026-07-10T06:23:23.284480+00:00
Laura Smith,Laura,Smith,laura.smith@kw.com,(339) 579-6679,Vylla Home,Memphis,TN,5,30,14397186,TN498729,TN,3.8,85,C,realtor_scraper,2026-07-10T06:23:23.284122+00:00
Thomas Wood,Thomas,Wood,thomasw@outlook.com,(239) 915-5293,Weichert,Tampa,FL,1,38,2960320,FL944849,FL,4.8,83,A,realtor_scraper,2026-07-10T06:23:23.199088+00:00
Katherine Ramirez,Katherine,Ramirez,katherine95@compass.com,(651) 722-4221,RE/MAX,Louisville,KY,12,34,8196215,KY150131,KY,4.6,65,C,realtor_scraper,2026-07-10T06:23:23.242322+00:00
Donna Peterson,Donna,Peterson,peterson.donna@yahoo.com,(574) 966-8534,Douglas Elliman,San Jose,CA,3,29,4721960,CA198120,CA,3.7,76,B,realtor_scraper,2026-07-10T06:23:23.235713+00:00
Amanda Morris,Amanda,Morris,amanda.morris@kw.com,(719) 267-5583,Sotheby's,Miami,FL,3,4,1282208,FL427673,FL,4.1,65,A,realtor_scraper,2026-07-10T06:23:23.194149+00:00
Ronald Roberts,Ronald,Roberts,ronald.roberts@kw.com,(248) 282-5521,Nest Seekers,St. Louis,MO,3,38,11680107,MO126785,MO,4.3,86,B,realtor_scraper,2026-07-10T06:23:23.235476+00:00
Rachel Gutierrez,Rachel,Gutierrez,gutierrez.rachel@realtor.com,(603) 504-5189,HomeSmart,Baton Rouge,LA,13,28,2314653,LA796174,LA,3.8,76,C,realtor_scraper,2026-07-10T06:23:23.241869+00:00
Cynthia Flores,Cynthia,Flores,cynthiaf@elliman.com,(540) 422-7198,Coldwell Banker,Dallas-Fort Worth,TX,0,3,202804,TX743522,TX,3.7,78,A,realtor_scraper,2026-07-10T06:23:23.199115+00:00
Michelle Ramirez,Michelle,Ramirez,ramirez.michelle@elliman.com,(313) 940-7085,Century 21,Reno,NV,6,45,8338256,NV371150,NV,4.6,73,C,realtor_scraper,2026-07-10T06:23:23.240702+00:00
Nicholas Chavez,Nicholas,Chavez,nicholasc@kw.com,(605) 938-5666,Weichert,Denver,CO,25,23,8886325,CO852402,CO,3.8,83,A,realtor_scraper,2026-07-10T06:23:23.106464+00:00
Aaron Adams,Aaron,Adams,adams.aaron@remax.net,(423) 829-4935,KB Home,Tucson,AZ,5,50,13604737,AZ767812,AZ,3.8,90,C,realtor_scraper,2026-07-10T06:23:23.284344+00:00
Jacob Adams,Jacob,Adams,adams.jacob@remax.net,(716) 641-5222,M/I Homes,Detroit,MI,5,37,6025085,MI814340,MI,4.6,88,B,realtor_scraper,2026-07-10T06:23:23.235532+00:00
Joseph Collins,Joseph,Collins,josephc@weichert.com,(610) 513-2127,Berkshire Hathaway,Portland,OR,2,33,12289991,OR695610,OR,4.5,97,B,realtor_scraper,2026-07-10T06:23:23.240080+00:00
Sarah Hill,Sarah,Hill,shill@coldwellbanker.com,(707) 995-8782,D.R. Horton,Virginia Beach,VA,24,28,2432017,VA343435,VA,4.5,63,C,realtor_scraper,2026-07-10T06:23:23.241910+00:00
Steven Flores,Steven,Flores,stevenf@realtor.com,(206) 660-8625,Beazer Homes,Oklahoma City,OK,15,23,2054139,OK758567,OK,3.9,66,C,realtor_scraper,2026-07-10T06:23:23.241246+00:00
Patricia Baker,Patricia,Baker,patricia.baker@exprealty.com,(274) 945-5463,Coldwell Banker,Miami,FL,1,34,2091255,FL442734,FL,4.3,91,A,realtor_scraper,2026-07-10T06:23:23.201678+00:00
George Cooper,George,Cooper,cooper.george@weichert.com,(330) 776-1271,Better Homes & Gardens,Houston,TX,15,42,1673453,TX960148,TX,4.4,69,A,realtor_scraper,2026-07-10T06:23:23.105649+00:00
Elizabeth Watson,Elizabeth,Watson,watson.elizabeth@redfin.com,(909) 687-6890,KB Home,Albuquerque,NM,1,40,3668222,NM379277,NM,4.5,91,C,realtor_scraper,2026-07-10T06:23:23.285682+00:00
Frank Stewart,Frank,Stewart,stewart.frank@homesmart.com,(601) 777-2805,Zillow Premier,Columbus,OH,2,45,5760900,OH381291,OH,4.0,61,B,realtor_scraper,2026-07-10T06:23:23.240252+00:00
Aaron Long,Aaron,Long,aaron.long@berkshirehathawayhs.com,(561) 437-4645,Compass,Philadelphia,PA,5,36,4383728,PA280735,PA,3.7,77,A,realtor_scraper,2026-07-10T06:23:23.193216+00:00
Nicholas Campbell,Nicholas,Campbell,ncampbell@realtor.com,(478) 357-1999,Coldwell Banker,Seattle,WA,11,39,14526821,WA896236,WA,3.5,87,A,realtor_scraper,2026-07-10T06:23:23.105262+00:00
Sandra Alvarez,Sandra,Alvarez,salvarez@homesmart.com,(936) 362-3880,Coldwell Banker,Nashville,TN,19,34,7711064,TN556969,TN,4.9,74,A,realtor_scraper,2026-07-10T06:23:23.105180+00:00
Justin Martin,Justin,Martin,justin40@weichert.com,(740) 903-2761,Better Homes & Gardens,Baltimore,MD,2,40,5535984,MD565476,MD,4.4,68,B,realtor_scraper,2026-07-10T06:23:23.239818+00:00
Deborah Morales,Deborah,Morales,deborah.morales@yahoo.com,(330) 849-2705,Vylla Home,Dallas-Fort Worth,TX,10,11,947738,TX119288,TX,4.2,92,A,realtor_scraper,2026-07-10T06:23:23.105524+00:00
Sharon Ruiz,Sharon,Ruiz,sruiz@realtyonegroup.com,(217) 949-3724,Berkshire Hathaway,San Jose,CA,4,31,12441127,CA134016,CA,5.0,100,B,realtor_scraper,2026-07-10T06:23:23.235954+00:00
Jacob Ramirez,Jacob,Ramirez,ramirez.jacob@hotmail.com,(810) 761-7992,HomeSmart,Sacramento,CA,2,1,100326,CA535637,CA,4.7,67,B,realtor_scraper,2026-07-10T06:23:23.239907+00:00
Betty Ramos,Betty,Ramos,betty.ramos@remax.net,(470) 833-4225,Meritage Homes,Miami,FL,12,42,14435670,FL558869,FL,4.9,81,A,realtor_scraper,2026-07-10T06:23:23.105631+00:00
Amy Wood,Amy,Wood,wood.amy@coldwellbanker.com,(941) 464-9860,LGI Homes,Memphis,TN,0,0,409291,TN584076,TN,0.0,66,C,realtor_scraper,2026-07-10T06:23:23.285696+00:00
Stephen Lee,Stephen,Lee,lee.stephen@realtor.com,(805) 337-1501,Lennar,Kansas City,MO,25,32,11533534,MO202150,MO,3.9,72,B,realtor_scraper,2026-07-10T06:23:23.234126+00:00
John Gutierrez,John,Gutierrez,johng@realtor.com,(321) 204-2361,Beazer Homes,Cleveland,OH,2,12,7190425,OH355653,OH,4.8,93,B,realtor_scraper,2026-07-10T06:23:23.236516+00:00
William Bennett,William,Bennett,bennett.william@kw.com,(626) 693-4982,Zillow Premier,Charlotte,NC,3,37,6000277,NC222322,NC,4.8,82,A,realtor_scraper,2026-07-10T06:23:23.194534+00:00
Emily Lewis,Emily,Lewis,emilyl@exprealty.com,(479) 294-8837,Weichert,Dallas-Fort Worth,TX,4,40,7933250,TX562490,TX,3.9,64,A,realtor_scraper,2026-07-10T06:23:23.193480+00:00
Frank Rodriguez,Frank,Rodriguez,rodriguez.frank@homesmart.com,(619) 770-7807,D.R. Horton,Indianapolis,IN,1,44,12981095,IN600729,IN,4.0,73,B,realtor_scraper,2026-07-10T06:23:23.236305+00:00
Melissa Walker,Melissa,Walker,melissaw@exprealty.com,(847) 781-9046,Century 21,Milwaukee,WI,1,31,4991570,WI721082,WI,4.2,80,C,realtor_scraper,2026-07-10T06:23:23.285711+00:00
Amy Nelson,Amy,Nelson,amyn@weichert.com,(641) 279-4846,Ryan Homes,Baton Rouge,LA,8,33,13954902,LA751212,LA,3.8,100,C,realtor_scraper,2026-07-10T06:23:23.242281+00:00
Alexander Walker,Alexander,Walker,alexanderw@berkshirehathawayhs.com,(914) 287-4157,NVR,Minneapolis,MN,5,21,8652540,MN295201,MN,3.8,88,B,realtor_scraper,2026-07-10T06:23:23.235741+00:00
Sandra Davis,Sandra,Davis,sandra.davis@berkshirehathawayhs.com,(504) 656-5645,Century Communities,St. Louis,MO,10,45,9838693,MO183900,MO,3.8,73,B,realtor_scraper,2026-07-10T06:23:23.202976+00:00
Emma Cox,Emma,Cox,ecox@realtyonegroup.com,(952) 983-5177,Lennar,Louisville,KY,3,34,2476274,KY668124,KY,4.7,73,C,realtor_scraper,2026-07-10T06:23:23.284373+00:00
Amanda Martinez,Amanda,Martinez,amandam@remax.net,(781) 479-7781,Redfin,Baltimore,MD,24,38,10839781,MD189384,MD,4.2,73,B,realtor_scraper,2026-07-10T06:23:23.234546+00:00
Rebecca Scott,Rebecca,Scott,rebeccas@elliman.com,(972) 710-5017,Better Homes & Gardens,Columbus,OH,0,34,11367282,OH823840,OH,4.2,81,B,realtor_scraper,2026-07-10T06:23:23.236548+00:00
John Rodriguez,John,Rodriguez,john.rodriguez@berkshirehathawayhs.com,(252) 250-9797,Weichert,Columbus,OH,21,22,6186890,OH447025,OH,3.9,84,B,realtor_scraper,2026-07-10T06:23:23.234505+00:00
Rachel Bennett,Rachel,Bennett,bennett.rachel@gmail.com,(574) 282-2486,The Agency,New York,NY,15,36,2457138,NY413281,NY,3.6,86,A,realtor_scraper,2026-07-10T06:23:23.106546+00:00
Emily Martin,Emily,Martin,emilym@century21.com,(667) 641-1688,Zillow Premier,Indianapolis,IN,5,4,6822,IN122552,IN,5.0,63,B,realtor_scraper,2026-07-10T06:23:23.235798+00:00
Joshua Thomas,Joshua,Thomas,thomas.joshua@realtyonegroup.com,(657) 281-8144,United Real Estate,Houston,TX,2,11,3258071,TX626834,TX,4.1,63,A,realtor_scraper,2026-07-10T06:23:23.200622+00:00
Gary White,Gary,White,white.gary@compass.com,(909) 288-5903,HomeSmart,San Antonio,TX,21,11,592814,TX897685,TX,4.4,66,B,realtor_scraper,2026-07-10T06:23:23.203033+00:00
Nancy Thomas,Nancy,Thomas,nthomas@kw.com,(906) 391-8885,HomeSmart,Detroit,MI,2,37,4498693,MI361377,MI,3.9,92,B,realtor_scraper,2026-07-10T06:23:23.239725+00:00
Alexander Lopez,Alexander,Lopez,alexander.lopez@gmail.com,(863) 598-5756,RE/MAX,Salt Lake City,UT,2,24,5865983,UT233436,UT,4.3,70,B,realtor_scraper,2026-07-10T06:23:23.240178+00:00
Aaron Brooks,Aaron,Brooks,aaron.brooks@compass.com,(813) 251-6272,LGI Homes,Nashville,TN,4,43,9973430,TN877144,TN,3.6,84,A,realtor_scraper,2026-07-10T06:23:23.194164+00:00
Joseph Ortiz,Joseph,Ortiz,ortiz.joseph@realtor.com,(859) 635-8340,LGI Homes,Las Vegas,NV,2,50,11872653,NV438073,NV,4.2,72,A,realtor_scraper,2026-07-10T06:23:23.198707+00:00
Rachel Moore,Rachel,Moore,rachelm@outlook.com,(413) 877-6107,Better Homes & Gardens,Detroit,MI,12,39,6722137,MI914756,MI,4.9,75,B,realtor_scraper,2026-07-10T06:23:23.203531+00:00
Kimberly Hernandez,Kimberly,Hernandez,kimberly.hernandez@outlook.com,(989) 903-8367,Beazer Homes,Oklahoma City,OK,1,47,12945075,OK719775,OK,3.8,74,C,realtor_scraper,2026-07-10T06:23:23.285869+00:00
Sandra Taylor,Sandra,Taylor,sandrat@gmail.com,(937) 494-1393,M/I Homes,Chicago,IL,20,27,5957854,IL393050,IL,4.5,84,A,realtor_scraper,2026-07-10T06:23:23.105055+00:00
Jonathan Bennett,Jonathan,Bennett,jonathan26@hotmail.com,(712) 891-1530,Tri Pointe Homes,Raleigh,NC,0,42,12374115,NC519536,NC,4.4,100,B,realtor_scraper,2026-07-10T06:23:23.236455+00:00
Andrew Collins,Andrew,Collins,andrewc@sothebysrealty.com,(239) 257-1578,Tri Pointe Homes,Los Angeles,CA,0,9,909028,CA866576,CA,4.6,89,A,realtor_scraper,2026-07-10T06:23:23.200698+00:00
Edward Sanchez,Edward,Sanchez,esanchez@gmail.com,(763) 412-1714,HomeSmart,Charlotte,NC,4,26,6119604,NC463103,NC,4.3,87,A,realtor_scraper,2026-07-10T06:23:23.191752+00:00
Robert Smith,Robert,Smith,roberts@redfin.com,(713) 463-5673,Weichert,Milwaukee,WI,21,18,8400604,WI274892,WI,3.5,90,C,realtor_scraper,2026-07-10T06:23:23.241060+00:00
Justin Anderson,Justin,Anderson,justina@compass.com,(682) 918-9166,Compass,Charlotte,NC,0,4,87234,NC978980,NC,4.3,64,A,realtor_scraper,2026-07-10T06:23:23.202166+00:00
Jennifer Walker,Jennifer,Walker,jenniferw@yahoo.com,(754) 792-5629,Pulte Homes,Seattle,WA,5,22,2990808,WA753313,WA,3.6,66,A,realtor_scraper,2026-07-10T06:23:23.186290+00:00
Rebecca Watson,Rebecca,Watson,watson.rebecca@exprealty.com,(601) 704-5500,Keller Williams,Miami,FL,2,11,4581226,FL256990,FL,4.4,92,A,realtor_scraper,2026-07-10T06:23:23.198481+00:00
Edward Mendoza,Edward,Mendoza,mendoza.edward@sothebysrealty.com,(719) 374-1710,Beazer Homes,Boston,MA,3,4,631381,MA271597,MA,4.7,85,A,realtor_scraper,2026-07-10T06:23:23.193705+00:00
David Parker,David,Parker,dparker@yahoo.com,(812) 339-8117,RE/MAX,Baton Rouge,LA,4,23,7792975,LA320671,LA,3.8,60,C,realtor_scraper,2026-07-10T06:23:23.242491+00:00
James Ramirez,James,Ramirez,james5@sothebysrealty.com,(415) 271-6644,Realty One Group,Denver,CO,8,18,10604857,CO738484,CO,4.9,82,A,realtor_scraper,2026-07-10T06:23:23.106281+00:00
Patricia Lopez,Patricia,Lopez,patricia.lopez@gmail.com,(616) 643-2589,eXp Realty,Colorado Springs,CO,5,15,1934932,CO588723,CO,4.0,92,C,realtor_scraper,2026-07-10T06:23:23.284166+00:00
Mary Taylor,Mary,Taylor,mtaylor@redfin.com,(272) 756-2598,ERA,Philadelphia,PA,3,42,2818979,PA769993,PA,3.8,92,A,realtor_scraper,2026-07-10T06:23:23.193972+00:00
Maria Cruz,Maria,Cruz,cruz.maria@realtor.com,(408) 885-3391,Beazer Homes,Baton Rouge,LA,23,44,4087336,LA205705,LA,3.9,71,C,realtor_scraper,2026-07-10T06:23:23.240588+00:00
Mary Evans,Mary,Evans,mevans@sothebysrealty.com,(307) 550-5367,Tri Pointe Homes,Albuquerque,NM,3,16,7177947,NM380192,NM,4.9,73,C,realtor_scraper,2026-07-10T06:23:23.242504+00:00
Eric Nelson,Eric,Nelson,nelson.eric@elliman.com,(336) 328-3439,Zillow Premier,Cleveland,OH,4,14,1204452,OH519965,OH,4.4,95,B,realtor_scraper,2026-07-10T06:23:23.235436+00:00
Nicole Bailey,Nicole,Bailey,bailey.nicole@weichert.com,(762) 253-2490,Nest Seekers,Columbus,OH,24,39,12111606,OH275863,OH,4.0,81,B,realtor_scraper,2026-07-10T06:23:23.234626+00:00
Aaron Young,Aaron,Young,aaron.young@remax.net,(580) 690-6487,Ryan Homes,Boston,MA,5,18,10339739,MA637682,MA,3.7,92,A,realtor_scraper,2026-07-10T06:23:23.194371+00:00
Rebecca Howard,Rebecca,Howard,rebeccah@sothebysrealty.com,(763) 481-6153,NVR,Cleveland,OH,2,45,7346457,OH590141,OH,4.5,82,B,realtor_scraper,2026-07-10T06:23:23.239666+00:00
Maria Williams,Maria,Williams,mariaw@century21.com,(814) 891-4793,Vylla Home,Riverside,CA,5,45,5564425,CA317394,CA,3.9,85,B,realtor_scraper,2026-07-10T06:23:23.235789+00:00
Jennifer Wilson,Jennifer,Wilson,jenniferw@exprealty.com,(517) 472-8797,D.R. Horton,Colorado Springs,CO,22,37,10762719,CO584462,CO,4.1,82,C,realtor_scraper,2026-07-10T06:23:23.240994+00:00
Cynthia Ortiz,Cynthia,Ortiz,cynthiao@coldwellbanker.com,(616) 976-7799,Toll Brothers,Tampa,FL,8,33,11541893,FL529238,FL,3.6,98,A,realtor_scraper,2026-07-10T06:23:23.105755+00:00
Thomas Lee,Thomas,Lee,thomas.lee@coldwellbanker.com,(602) 312-4985,Century Communities,Tampa,FL,3,8,1685398,FL707873,FL,4.7,89,A,realtor_scraper,2026-07-10T06:23:23.192820+00:00
Steven Turner,Steven,Turner,steven.turner@realtor.com,(407) 296-1517,Redfin,Orlando,FL,19,12,11481708,FL420189,FL,4.6,100,A,realtor_scraper,2026-07-10T06:23:23.105853+00:00
Jonathan Gonzalez,Jonathan,Gonzalez,gonzalez.jonathan@elliman.com,(619) 673-8124,Keller Williams,Charlotte,NC,3,13,3343978,NC594867,NC,4.5,86,A,realtor_scraper,2026-07-10T06:23:23.197927+00:00
Larry Gray,Larry,Gray,larry91@century21.com,(234) 398-4142,Taylor Morrison,Baton Rouge,LA,0,46,12524440,LA848904,LA,3.9,70,C,realtor_scraper,2026-07-10T06:23:23.285284+00:00
William Murphy,William,Murphy,murphy.william@remax.net,(916) 636-9544,LGI Homes,Seattle,WA,16,4,1478346,WA474686,WA,4.9,62,A,realtor_scraper,2026-07-10T06:23:23.105801+00:00
Aaron Stewart,Aaron,Stewart,stewart.aaron@outlook.com,(815) 679-3340,Century 21,Miami,FL,1,10,5238571,FL432158,FL,3.6,69,A,realtor_scraper,2026-07-10T06:23:23.201620+00:00
Gary Long,Gary,Long,gary.long@elliman.com,(641) 576-6541,KB Home,Milwaukee,WI,3,19,4729555,WI518238,WI,4.6,79,C,realtor_scraper,2026-07-10T06:23:23.284467+00:00
Ashley Lee,Ashley,Lee,ashley.lee@berkshirehathawayhs.com,(561) 226-1472,Redfin,Miami,FL,0,41,6190999,FL890464,FL,4.3,81,A,realtor_scraper,2026-07-10T06:23:23.201660+00:00
Aaron Sanchez,Aaron,Sanchez,aaron.sanchez@kw.com,(904) 956-6924,Realty One Group,Indianapolis,IN,2,16,8839081,IN983882,IN,4.7,72,B,realtor_scraper,2026-07-10T06:23:23.236343+00:00
Janet Nguyen,Janet,Nguyen,nguyen.janet@exprealty.com,(314) 994-9954,Zillow Premier,Orlando,FL,1,50,8900400,FL891000,FL,4.0,63,A,realtor_scraper,2026-07-10T06:23:23.201505+00:00
Nancy Nelson,Nancy,Nelson,nnelson@redfin.com,(409) 329-4468,Redfin,Phoenix,AZ,10,34,2351869,AZ617769,AZ,3.6,93,A,realtor_scraper,2026-07-10T06:23:23.186150+00:00
Sharon Reyes,Sharon,Reyes,sharonr@compass.com,(385) 685-2541,NVR,Tucson,AZ,16,14,8033672,AZ550522,AZ,4.8,78,C,realtor_scraper,2026-07-10T06:23:23.242294+00:00
Patricia Green,Patricia,Green,green.patricia@realtor.com,(458) 614-3129,Sotheby's,Cleveland,OH,2,12,3807673,OH913202,OH,3.6,66,B,realtor_scraper,2026-07-10T06:23:23.239863+00:00
Stephanie Rogers,Stephanie,Rogers,stephanier@remax.net,(585) 861-5762,Berkshire Hathaway,Houston,TX,4,28,13215356,TX667570,TX,4.4,100,A,realtor_scraper,2026-07-10T06:23:23.193021+00:00
Raymond Smith,Raymond,Smith,raymond98@realtyonegroup.com,(315) 333-3736,Taylor Morrison,Austin,TX,0,26,5088738,TX754065,TX,3.6,89,A,realtor_scraper,2026-07-10T06:23:23.200635+00:00
Rebecca White,Rebecca,White,rebeccaw@gmail.com,(218) 977-3525,United Real Estate,Virginia Beach,VA,17,32,13023638,VA476836,VA,5.0,97,C,realtor_scraper,2026-07-10T06:23:23.242095+00:00
Patricia Flores,Patricia,Flores,pflores@coldwellbanker.com,(912) 618-3534,United Real Estate,Los Angeles,CA,21,14,1171580,CA768687,CA,4.1,67,A,realtor_scraper,2026-07-10T06:23:23.108881+00:00
Barbara Thompson,Barbara,Thompson,barbarat@compass.com,(253) 544-3895,Century Communities,Jacksonville,FL,20,19,12758775,FL219823,FL,3.9,97,B,realtor_scraper,2026-07-10T06:23:23.202719+00:00
Michael Lewis,Michael,Lewis,michaell@homesmart.com,(931) 333-3532,eXp Realty,Las Vegas,NV,16,28,3942104,NV551088,NV,3.7,90,A,realtor_scraper,2026-07-10T06:23:23.109238+00:00
Elizabeth Castillo,Elizabeth,Castillo,elizabethc@realtyonegroup.com,(956) 810-1222,Weichert,Baltimore,MD,3,12,12761011,MD225070,MD,3.9,100,B,realtor_scraper,2026-07-10T06:23:23.235945+00:00
Timothy Gomez,Timothy,Gomez,timothy.gomez@realtor.com,(272) 895-3495,Lennar,Milwaukee,WI,19,36,11935629,WI832616,WI,4.1,88,C,realtor_scraper,2026-07-10T06:23:23.241511+00:00
Helen Rogers,Helen,Rogers,helen.rogers@elliman.com,(510) 257-6542,Keller Williams,Richmond,VA,10,5,313296,VA694505,VA,4.2,74,C,realtor_scraper,2026-07-10T06:23:23.242421+00:00
Charles Gutierrez,Charles,Gutierrez,charles43@homesmart.com,(202) 789-1611,The Agency,Richmond,VA,24,13,1534671,VA671288,VA,4.5,85,C,realtor_scraper,2026-07-10T06:23:23.241448+00:00
Margaret James,Margaret,James,margaret.james@coldwellbanker.com,(850) 414-6629,Better Homes & Gardens,Charlotte,NC,9,0,292637,NC429516,NC,0.0,42,A,realtor_scraper,2026-07-10T06:23:23.104991+00:00
Gary Rogers,Gary,Rogers,gary36@realtor.com,(224) 687-7849,Beazer Homes,Virginia Beach,VA,4,19,4744694,VA270378,VA,4.1,71,C,realtor_scraper,2026-07-10T06:23:23.284492+00:00
Mark Mitchell,Mark,Mitchell,markm@berkshirehathawayhs.com,(571) 459-4521,Pulte Homes,Boise,ID,13,19,11195259,ID981642,ID,3.9,90,C,realtor_scraper,2026-07-10T06:23:23.242221+00:00
Eric Gray,Eric,Gray,gray.eric@outlook.com,(830) 958-1870,Zillow Premier,Richmond,VA,18,25,3142695,VA850191,VA,4.7,61,C,realtor_scraper,2026-07-10T06:23:23.241681+00:00
Barbara Baker,Barbara,Baker,barbarab@outlook.com,(769) 496-9600,Toll Brothers,San Jose,CA,1,32,2664889,CA619399,CA,3.9,67,B,realtor_scraper,2026-07-10T06:23:23.236278+00:00
Maria King,Maria,King,maria.king@coldwellbanker.com,(503) 654-8845,Redfin,San Jose,CA,14,27,14640127,CA947014,CA,3.9,84,B,realtor_scraper,2026-07-10T06:23:23.234276+00:00
Scott Cooper,Scott,Cooper,scooper@yahoo.com,(337) 916-4898,Sotheby's,Tucson,AZ,3,31,2608098,AZ250381,AZ,4.7,87,C,realtor_scraper,2026-07-10T06:23:23.284633+00:00
Debra Rogers,Debra,Rogers,rogers.debra@coldwellbanker.com,(458) 856-3406,Coldwell Banker,Reno,NV,2,9,1933356,NV221399,NV,4.2,92,C,realtor_scraper,2026-07-10T06:23:23.285760+00:00
Debra Kelly,Debra,Kelly,debra.kelly@coldwellbanker.com,(253) 363-4602,LGI Homes,Minneapolis,MN,3,14,11172195,MN878951,MN,4.1,86,B,realtor_scraper,2026-07-10T06:23:23.235271+00:00
Carol Carter,Carol,Carter,carter.carol@homesmart.com,(234) 996-1656,RE/MAX,Indianapolis,IN,19,29,6550906,IN579321,IN,4.4,92,B,realtor_scraper,2026-07-10T06:23:23.234307+00:00
Tyler James,Tyler,James,tylerj@kw.com,(478) 689-9907,ERA,Tampa,FL,0,13,9015162,FL188783,FL,4.8,95,A,realtor_scraper,2026-07-10T06:23:23.202375+00:00
Jacob Hill,Jacob,Hill,jacob.hill@yahoo.com,(314) 467-6580,Lennar,Boston,MA,2,39,4418120,MA775278,MA,3.7,87,A,realtor_scraper,2026-07-10T06:23:23.198876+00:00
Rebecca Ramirez,Rebecca,Ramirez,rramirez@coldwellbanker.com,(267) 805-1389,eXp Realty,Dallas-Fort Worth,TX,1,45,7771089,TX856142,TX,4.6,66,A,realtor_scraper,2026-07-10T06:23:23.198686+00:00
Kimberly Lopez,Kimberly,Lopez,kimberly62@yahoo.com,(586) 512-4831,HomeSmart,San Francisco,CA,4,49,9970609,CA690955,CA,4.8,78,A,realtor_scraper,2026-07-10T06:23:23.194204+00:00
Betty Reyes,Betty,Reyes,betty71@yahoo.com,(351) 486-8674,Sotheby's,Orlando,FL,0,11,4237412,FL658557,FL,3.9,63,A,realtor_scraper,2026-07-10T06:23:23.198163+00:00
Maria Stewart,Maria,Stewart,maria23@berkshirehathawayhs.com,(406) 693-2529,ERA,Cleveland,OH,1,47,12997170,OH614810,OH,4.1,78,B,realtor_scraper,2026-07-10T06:23:23.240202+00:00
Michelle Mitchell,Michelle,Mitchell,michelle.mitchell@coldwellbanker.com,(651) 738-6853,NVR,San Jose,CA,2,24,1575251,CA276325,CA,4.4,72,B,realtor_scraper,2026-07-10T06:23:23.240191+00:00
Laura Morales,Laura,Morales,laura72@berkshirehathawayhs.com,(978) 885-6671,Toll Brothers,Milwaukee,WI,9,40,6930192,WI587329,WI,4.7,87,C,realtor_scraper,2026-07-10T06:23:23.242348+00:00
Donald King,Donald,King,dking@realtor.com,(765) 997-2138,Lennar,Baton Rouge,LA,18,12,1671732,LA720023,LA,3.7,95,C,realtor_scraper,2026-07-10T06:23:23.240795+00:00
Jeffrey Murphy,Jeffrey,Murphy,jeffreym@weichert.com,(951) 651-5947,Toll Brothers,San Francisco,CA,14,20,5095064,CA347958,CA,4.4,70,A,realtor_scraper,2026-07-10T06:23:23.109110+00:00
Helen Thomas,Helen,Thomas,thomas.helen@sothebysrealty.com,(321) 386-1416,D.R. Horton,San Diego,CA,4,10,14629860,CA537828,CA,5.0,74,A,realtor_scraper,2026-07-10T06:23:23.194216+00:00
Donna Walker,Donna,Walker,donnaw@coldwellbanker.com,(724) 906-2807,Taylor Morrison,Nashville,TN,24,39,9239227,TN851953,TN,4.4,91,A,realtor_scraper,2026-07-10T06:23:23.105486+00:00
David Roberts,David,Roberts,david17@exprealty.com,(480) 982-6555,D.R. Horton,Reno,NV,1,42,10360627,NV533160,NV,4.6,100,C,realtor_scraper,2026-07-10T06:23:23.285232+00:00
Thomas Rivera,Thomas,Rivera,thomas.rivera@realtyonegroup.com,(931) 541-3414,Meritage Homes,Nashville,TN,5,37,13736354,TN276777,TN,4.0,79,A,realtor_scraper,2026-07-10T06:23:23.193656+00:00
Edward Patel,Edward,Patel,edwardp@remax.net,(301) 278-5567,eXp Realty,Austin,TX,3,39,11641630,TX885573,TX,4.9,95,A,realtor_scraper,2026-07-10T06:23:23.193733+00:00
Anna Thomas,Anna,Thomas,athomas@exprealty.com,(925) 225-2539,Redfin,Portland,OR,19,24,8422678,OR901694,OR,4.0,87,B,realtor_scraper,2026-07-10T06:23:23.202923+00:00
Margaret Harris,Margaret,Harris,harris.margaret@century21.com,(737) 800-1561,Ryan Homes,Austin,TX,3,48,7982929,TX850882,TX,4.6,64,A,realtor_scraper,2026-07-10T06:23:23.193197+00:00
Deborah Walker,Deborah,Walker,deborah.walker@redfin.com,(225) 207-7266,Nest Seekers,New York,NY,11,37,7403916,NY471349,NY,3.9,67,A,realtor_scraper,2026-07-10T06:23:23.109291+00:00
Nicole Hall,Nicole,Hall,nicole.hall@kw.com,(847) 660-4708,D.R. Horton,Orlando,FL,6,33,10485791,FL447587,FL,3.9,80,A,realtor_scraper,2026-07-10T06:23:23.106035+00:00
Sharon Gray,Sharon,Gray,gray.sharon@realtyonegroup.com,(858) 955-5818,Keller Williams,Riverside,CA,5,31,9181567,CA978512,CA,3.5,61,B,realtor_scraper,2026-07-10T06:23:23.235170+00:00
Dorothy Patel,Dorothy,Patel,patel.dorothy@kw.com,(318) 779-3029,Century 21,Richmond,VA,11,28,11016792,VA438798,VA,3.7,84,C,realtor_scraper,2026-07-10T06:23:23.242126+00:00
Edward Rivera,Edward,Rivera,edward8@sothebysrealty.com,(414) 247-6015,Compass,Seattle,WA,20,23,5094974,WA586048,WA,4.6,76,A,realtor_scraper,2026-07-10T06:23:23.106213+00:00
Carol Williams,Carol,Williams,cwilliams@kw.com,(806) 369-7589,Better Homes & Gardens,Orlando,FL,5,36,3293514,FL872595,FL,3.7,92,A,realtor_scraper,2026-07-10T06:23:23.191629+00:00
Gregory White,Gregory,White,gwhite@hotmail.com,(913) 693-5285,Taylor Morrison,Houston,TX,1,40,1608622,TX377963,TX,3.6,94,A,realtor_scraper,2026-07-10T06:23:23.202490+00:00
Stephanie Allen,Stephanie,Allen,stephanie50@compass.com,(747) 283-2229,Weichert,Boston,MA,23,15,5077248,MA407081,MA,4.3,92,A,realtor_scraper,2026-07-10T06:23:23.109126+00:00
Joshua Hill,Joshua,Hill,joshua.hill@elliman.com,(906) 943-2499,Douglas Elliman,Philadelphia,PA,12,28,12476853,PA711105,PA,4.9,81,A,realtor_scraper,2026-07-10T06:23:23.109007+00:00
Edward Ramirez,Edward,Ramirez,edward.ramirez@hotmail.com,(253) 922-4003,Taylor Morrison,Miami,FL,3,37,12527125,FL744464,FL,4.1,100,A,realtor_scraper,2026-07-10T06:23:23.197647+00:00
Brenda Mitchell,Brenda,Mitchell,mitchell.brenda@realtor.com,(828) 769-2337,Sotheby's,Reno,NV,1,36,4969793,NV159975,NV,4.1,84,C,realtor_scraper,2026-07-10T06:23:23.285298+00:00
Steven Nelson,Steven,Nelson,nelson.steven@hotmail.com,(475) 760-9318,Meritage Homes,Los Angeles,CA,1,33,4729296,CA806339,CA,4.4,69,A,realtor_scraper,2026-07-10T06:23:23.201537+00:00
Ruth Brown,Ruth,Brown,ruth71@realtyonegroup.com,(317) 549-7088,CalAtlantic Homes,San Francisco,CA,4,46,6425908,CA258417,CA,4.8,70,A,realtor_scraper,2026-07-10T06:23:23.192551+00:00
Anthony Kelly,Anthony,Kelly,anthonyk@realtor.com,(413) 212-2778,Douglas Elliman,Chicago,IL,16,26,4513098,IL451888,IL,4.1,66,A,realtor_scraper,2026-07-10T06:23:23.105930+00:00
Dorothy Ramos,Dorothy,Ramos,dorothyr@weichert.com,(626) 800-2278,Zillow Premier,Miami,FL,23,29,4777668,FL872169,FL,4.5,92,A,realtor_scraper,2026-07-10T06:23:23.108976+00:00
Justin Castillo,Justin,Castillo,justin.castillo@exprealty.com,(469) 998-3981,ERA,Los Angeles,CA,14,16,9937077,CA703737,CA,4.9,72,A,realtor_scraper,2026-07-10T06:23:23.106313+00:00
Michael Thomas,Michael,Thomas,michaelt@weichert.com,(786) 492-7201,Douglas Elliman,Milwaukee,WI,9,42,3542024,WI755281,WI,4.8,67,C,realtor_scraper,2026-07-10T06:23:23.242181+00:00
Katherine Gray,Katherine,Gray,katherine23@outlook.com,(305) 368-5873,NVR,San Antonio,TX,4,40,4122936,TX373739,TX,4.2,77,B,realtor_scraper,2026-07-10T06:23:23.235345+00:00
Ashley Castillo,Ashley,Castillo,acastillo@yahoo.com,(302) 232-2908,NVR,Oklahoma City,OK,3,33,13175787,OK369442,OK,4.2,98,C,realtor_scraper,2026-07-10T06:23:23.242436+00:00
Tyler Wright,Tyler,Wright,tyler.wright@compass.com,(407) 219-7723,Compass,San Diego,CA,4,3,279649,CA716192,CA,4.8,83,A,realtor_scraper,2026-07-10T06:23:23.194549+00:00
Rebecca Ruiz,Rebecca,Ruiz,ruiz.rebecca@gmail.com,(915) 921-2808,Taylor Morrison,Louisville,KY,1,12,11471329,KY173866,KY,4.6,71,C,realtor_scraper,2026-07-10T06:23:23.285492+00:00
Jerry Bennett,Jerry,Bennett,bennett.jerry@homesmart.com,(941) 373-2050,Century 21,New York,NY,22,29,14763845,NY808048,NY,4.8,91,A,realtor_scraper,2026-07-10T06:23:23.106237+00:00
Dennis Gray,Dennis,Gray,dennisg@realtor.com,(432) 879-4201,NVR,Tampa,FL,17,48,7090766,FL801877,FL,3.6,94,A,realtor_scraper,2026-07-10T06:23:23.105670+00:00
Patrick Jackson,Patrick,Jackson,pjackson@century21.com,(559) 929-7836,Taylor Morrison,Reno,NV,5,48,14223459,NV380136,NV,4.5,71,C,realtor_scraper,2026-07-10T06:23:23.284816+00:00
David Walker,David,Walker,walker.david@hotmail.com,(956) 211-2755,United Real Estate,Richmond,VA,4,13,11974933,VA604136,VA,3.8,100,C,realtor_scraper,2026-07-10T06:23:23.284388+00:00
Rebecca Alvarez,Rebecca,Alvarez,rebecca93@sothebysrealty.com,(272) 522-2244,Meritage Homes,Charlotte,NC,1,15,4455725,NC871453,NC,5.0,62,A,realtor_scraper,2026-07-10T06:23:23.199460+00:00
Aaron Scott,Aaron,Scott,scott.aaron@weichert.com,(432) 450-5182,D.R. Horton,Minneapolis,MN,8,13,7748958,MN582448,MN,4.8,94,B,realtor_scraper,2026-07-10T06:23:23.203349+00:00
Jason Peterson,Jason,Peterson,jason.peterson@century21.com,(731) 354-2573,Lennar,Kansas City,MO,21,12,7558300,MO830493,MO,3.5,89,B,realtor_scraper,2026-07-10T06:23:23.233667+00:00
Margaret Reed,Margaret,Reed,reed.margaret@coldwellbanker.com,(762) 370-1652,Lennar,Baltimore,MD,9,49,5473506,MD589421,MD,4.1,74,B,realtor_scraper,2026-07-10T06:23:23.202957+00:00
Larry Robinson,Larry,Robinson,larry.robinson@outlook.com,(919) 218-8968,Better Homes & Gardens,San Diego,CA,3,6,1408150,CA382499,CA,4.1,83,A,realtor_scraper,2026-07-10T06:23:23.187963+00:00
Jacob Wood,Jacob,Wood,jacob66@weichert.com,(906) 496-6035,Century 21,Colorado Springs,CO,5,14,14294562,CO494517,CO,4.5,100,C,realtor_scraper,2026-07-10T06:23:23.284982+00:00
Benjamin Gomez,Benjamin,Gomez,benjaming@realtor.com,(909) 470-1946,Lennar,Boston,MA,5,40,2555192,MA138881,MA,3.8,76,A,realtor_scraper,2026-07-10T06:23:23.193166+00:00
Jacob Ortiz,Jacob,Ortiz,jortiz@gmail.com,(954) 551-4631,Toll Brothers,Boise,ID,4,25,10513081,ID662233,ID,3.8,76,C,realtor_scraper,2026-07-10T06:23:23.284859+00:00
Paul Turner,Paul,Turner,pault@remax.net,(512) 934-8407,United Real Estate,Miami,FL,7,44,11093170,FL676721,FL,4.9,77,A,realtor_scraper,2026-07-10T06:23:23.105078+00:00
Michelle Hernandez,Michelle,Hernandez,hernandez.michelle@remax.net,(364) 637-1371,Sotheby's,Boston,MA,20,44,4040079,MA599978,MA,4.2,64,A,realtor_scraper,2026-07-10T06:23:23.106194+00:00
Joseph Adams,Joseph,Adams,joseph.adams@weichert.com,(864) 526-8012,Sotheby's,Virginia Beach,VA,11,48,4654674,VA464156,VA,4.2,64,C,realtor_scraper,2026-07-10T06:23:23.241955+00:00
Joseph Bennett,Joseph,Bennett,bennett.joseph@realtor.com,(475) 284-4540,Coldwell Banker,Jacksonville,FL,5,30,5672578,FL826791,FL,4.0,74,B,realtor_scraper,2026-07-10T06:23:23.235152+00:00
John Cox,John,Cox,johnc@remax.net,(212) 408-2325,Compass,New Orleans,LA,4,3,38649,LA844393,LA,4.0,74,C,realtor_scraper,2026-07-10T06:23:23.284359+00:00
Betty Howard,Betty,Howard,betty41@outlook.com,(479) 702-5285,Zillow Premier,Salt Lake City,UT,3,0,473830,UT727905,UT,0.0,40,B,realtor_scraper,2026-07-10T06:23:23.235369+00:00
Sandra Reyes,Sandra,Reyes,sandra25@weichert.com,(406) 219-7077,NVR,Charlotte,NC,0,24,5988647,NC468372,NC,5.0,92,A,realtor_scraper,2026-07-10T06:23:23.200707+00:00
Melissa Perez,Melissa,Perez,melissap@homesmart.com,(603) 564-2318,Realty One Group,Cincinnati,OH,17,18,6769469,OH541870,OH,5.0,61,B,realtor_scraper,2026-07-10T06:23:23.234386+00:00
Samantha Smith,Samantha,Smith,ssmith@elliman.com,(918) 550-3396,United Real Estate,Dallas-Fort Worth,TX,1,0,393534,TX636184,TX,0.0,51,A,realtor_scraper,2026-07-10T06:23:23.202152+00:00
Lisa Ortiz,Lisa,Ortiz,lisao@century21.com,(434) 577-2944,ERA,Virginia Beach,VA,25,34,3227154,VA321716,VA,4.1,81,C,realtor_scraper,2026-07-10T06:23:23.242388+00:00
Jeffrey Gonzalez,Jeffrey,Gonzalez,jgonzalez@sothebysrealty.com,(517) 430-1037,KB Home,San Diego,CA,1,13,696247,CA474968,CA,4.1,92,A,realtor_scraper,2026-07-10T06:23:23.200646+00:00
Heather Kelly,Heather,Kelly,heather43@redfin.com,(870) 444-5664,Pulte Homes,Salt Lake City,UT,6,49,10305064,UT531627,UT,4.3,83,B,realtor_scraper,2026-07-10T06:23:23.203285+00:00
Cynthia Thompson,Cynthia,Thompson,thompson.cynthia@weichert.com,(682) 466-1285,Century 21,Nashville,TN,0,38,14722131,TN530436,TN,4.5,96,A,realtor_scraper,2026-07-10T06:23:23.202443+00:00
Maria Thomas,Maria,Thomas,mariat@century21.com,(561) 507-7911,Beazer Homes,Houston,TX,9,35,8845001,TX991522,TX,3.9,72,A,realtor_scraper,2026-07-10T06:23:23.108991+00:00
Tyler Torres,Tyler,Torres,tyler24@compass.com,(949) 282-5290,Compass,Reno,NV,0,25,6511095,NV190725,NV,4.8,88,C,realtor_scraper,2026-07-10T06:23:23.285826+00:00
Patrick Bennett,Patrick,Bennett,patrick19@realtyonegroup.com,(234) 616-7090,eXp Realty,Boston,MA,19,6,1185620,MA439098,MA,3.9,78,A,realtor_scraper,2026-07-10T06:23:23.105243+00:00
Benjamin Rivera,Benjamin,Rivera,rivera.benjamin@kw.com,(786) 540-6553,Century Communities,Boise,ID,4,1,111894,ID533801,ID,3.7,70,C,realtor_scraper,2026-07-10T06:23:23.284728+00:00
Jeffrey Bailey,Jeffrey,Bailey,jbailey@realtor.com,(321) 240-3302,CalAtlantic Homes,Chicago,IL,20,26,3501272,IL972516,IL,4.6,83,A,realtor_scraper,2026-07-10T06:23:23.109272+00:00
Frank Cooper,Frank,Cooper,cooper.frank@kw.com,(515) 222-2222,Berkshire Hathaway,Orlando,FL,0,12,9042849,FL769489,FL,3.6,68,A,realtor_scraper,2026-07-10T06:23:23.201373+00:00
Ronald Rodriguez,Ronald,Rodriguez,ronald87@weichert.com,(412) 522-8754,Better Homes & Gardens,Atlanta,GA,10,10,9337361,GA407129,GA,4.0,92,A,realtor_scraper,2026-07-10T06:23:23.105015+00:00
Aaron Johnson,Aaron,Johnson,aaron.johnson@realtyonegroup.com,(503) 617-7982,LGI Homes,Albuquerque,NM,10,36,2558948,NM230164,NM,4.8,92,C,realtor_scraper,2026-07-10T06:23:23.241795+00:00
Dorothy Williams,Dorothy,Williams,williams.dorothy@sothebysrealty.com,(503) 660-7223,Lennar,Sacramento,CA,24,23,14167040,CA607416,CA,3.6,79,B,realtor_scraper,2026-07-10T06:23:23.203177+00:00
Sandra Reyes,Sandra,Reyes,reyes.sandra@realtor.com,(843) 529-4259,RE/MAX,Sacramento,CA,0,33,1769284,CA905112,CA,4.1,86,B,realtor_scraper,2026-07-10T06:23:23.236482+00:00
George Clark,George,Clark,gclark@exprealty.com,(865) 705-6804,NVR,Baltimore,MD,3,4,1019530,MD138530,MD,4.1,60,B,realtor_scraper,2026-07-10T06:23:23.235455+00:00
Raymond Anderson,Raymond,Anderson,raymond39@gmail.com,(419) 879-4743,LGI Homes,Los Angeles,CA,23,27,14659608,CA367207,CA,4.9,100,A,realtor_scraper,2026-07-10T06:23:23.105658+00:00
Charles Watson,Charles,Watson,watson.charles@redfin.com,(270) 678-3076,ERA,San Diego,CA,0,16,4228450,CA644433,CA,3.5,72,A,realtor_scraper,2026-07-10T06:23:23.202481+00:00
Emma Patel,Emma,Patel,emma23@coldwellbanker.com,(816) 690-5764,HomeSmart,Cleveland,OH,9,35,4370319,OH574777,OH,3.5,71,B,realtor_scraper,2026-07-10T06:23:23.203223+00:00
Samuel Diaz,Samuel,Diaz,diaz.samuel@elliman.com,(564) 296-2506,Zillow Premier,Las Vegas,NV,15,31,4922059,NV698827,NV,4.6,70,A,realtor_scraper,2026-07-10T06:23:23.106565+00:00
David Roberts,David,Roberts,roberts.david@redfin.com,(320) 991-6857,Century 21,Tampa,FL,5,26,12332482,FL248024,FL,4.6,98,A,realtor_scraper,2026-07-10T06:23:23.186330+00:00
Ruth Gomez,Ruth,Gomez,rgomez@compass.com,(843) 724-6475,Douglas Elliman,Baltimore,MD,15,10,13694232,MD547658,MD,4.3,75,B,realtor_scraper,2026-07-10T06:23:23.203250+00:00
Brenda Brooks,Brenda,Brooks,brooks.brenda@sothebysrealty.com,(423) 548-2306,eXp Realty,Cleveland,OH,6,12,11572458,OH370467,OH,3.6,80,B,realtor_scraper,2026-07-10T06:23:23.233818+00:00
Christopher Howard,Christopher,Howard,choward@gmail.com,(386) 697-2244,Better Homes & Gardens,Philadelphia,PA,0,31,6772691,PA202353,PA,3.8,81,A,realtor_scraper,2026-07-10T06:23:23.201527+00:00
Dennis Bennett,Dennis,Bennett,dennis52@kw.com,(919) 981-7019,The Agency,Sacramento,CA,0,12,13631306,CA179111,CA,3.9,77,B,realtor_scraper,2026-07-10T06:23:23.239971+00:00
Patrick Ruiz,Patrick,Ruiz,patrick.ruiz@berkshirehathawayhs.com,(518) 736-3198,The Agency,Baton Rouge,LA,18,4,102963,LA348167,LA,3.7,83,C,realtor_scraper,2026-07-10T06:23:23.241855+00:00
Jessica Hall,Jessica,Hall,jessica.hall@elliman.com,(812) 934-5466,Compass,Los Angeles,CA,3,12,1988407,CA575714,CA,4.1,86,A,realtor_scraper,2026-07-10T06:23:23.194180+00:00
Linda Wilson,Linda,Wilson,lindaw@outlook.com,(878) 819-5368,Keller Williams,San Antonio,TX,25,46,9306697,TX406169,TX,4.9,82,B,realtor_scraper,2026-07-10T06:23:23.202620+00:00
Jessica Reyes,Jessica,Reyes,jessica18@kw.com,(681) 225-4211,Redfin,Los Angeles,CA,24,8,861744,CA747004,CA,4.7,95,A,realtor_scraper,2026-07-10T06:23:23.105764+00:00
Samuel Martinez,Samuel,Martinez,samuel.martinez@sothebysrealty.com,(276) 753-6060,Berkshire Hathaway,Louisville,KY,0,2,181592,KY745837,KY,4.6,53,C,realtor_scraper,2026-07-10T06:23:23.285179+00:00
Alexander Mitchell,Alexander,Mitchell,amitchell@exprealty.com,(515) 722-2628,Berkshire Hathaway,Oklahoma City,OK,23,29,14801249,OK822081,OK,4.2,100,C,realtor_scraper,2026-07-10T06:23:23.241134+00:00
Rebecca Campbell,Rebecca,Campbell,rebecca52@redfin.com,(908) 750-1937,KB Home,Virginia Beach,VA,9,44,5586222,VA714830,VA,3.8,90,C,realtor_scraper,2026-07-10T06:23:23.240826+00:00
Janet Parker,Janet,Parker,janet.parker@coldwellbanker.com,(812) 872-6402,CalAtlantic Homes,Oklahoma City,OK,12,0,335818,OK971560,OK,0.0,45,C,realtor_scraper,2026-07-10T06:23:23.242265+00:00
Lisa Walker,Lisa,Walker,walker.lisa@sothebysrealty.com,(361) 534-6287,Realty One Group,Charlotte,NC,0,24,9700227,NC918692,NC,4.5,69,A,realtor_scraper,2026-07-10T06:23:23.202012+00:00
Jacob Edwards,Jacob,Edwards,jacob.edwards@gmail.com,(618) 547-9484,Vylla Home,Nashville,TN,3,15,1973393,TN631561,TN,3.8,62,A,realtor_scraper,2026-07-10T06:23:23.193264+00:00
Melissa Flores,Melissa,Flores,melissa55@weichert.com,(808) 579-9890,Berkshire Hathaway,Tucson,AZ,9,11,10469242,AZ633223,AZ,4.1,100,C,realtor_scraper,2026-07-10T06:23:23.241721+00:00
Nicholas King,Nicholas,King,nicholask@homesmart.com,(575) 633-9236,NVR,Philadelphia,PA,25,12,1318767,PA137903,PA,4.5,62,A,realtor_scraper,2026-07-10T06:23:23.106250+00:00
Ronald Diaz,Ronald,Diaz,rdiaz@kw.com,(617) 477-6791,Century 21,Phoenix,AZ,17,33,10304816,AZ659701,AZ,4.9,93,A,realtor_scraper,2026-07-10T06:23:23.109526+00:00
Elizabeth Adams,Elizabeth,Adams,eadams@realtor.com,(769) 610-9655,Sotheby's,Cincinnati,OH,18,14,11649095,OH564634,OH,4.6,100,B,realtor_scraper,2026-07-10T06:23:23.203015+00:00
Emily Turner,Emily,Turner,emilyt@century21.com,(641) 717-6588,Nest Seekers,Orlando,FL,4,33,6172940,FL138948,FL,3.9,73,A,realtor_scraper,2026-07-10T06:23:23.193248+00:00
Larry Parker,Larry,Parker,larryp@realtyonegroup.com,(936) 337-2206,Beazer Homes,Los Angeles,CA,4,22,6762948,CA739306,CA,4.6,68,A,realtor_scraper,2026-07-10T06:23:23.192991+00:00
Eric Hughes,Eric,Hughes,erich@exprealty.com,(667) 252-9464,Century Communities,Kansas City,MO,24,9,1011399,MO298675,MO,4.8,77,B,realtor_scraper,2026-07-10T06:23:23.234935+00:00
Sandra Sanders,Sandra,Sanders,sanders.sandra@homesmart.com,(763) 437-4986,The Agency,Austin,TX,3,4,20827,TX395443,TX,4.0,75,A,realtor_scraper,2026-07-10T06:23:23.186379+00:00
Patricia Hernandez,Patricia,Hernandez,patricia29@sothebysrealty.com,(272) 619-9890,RE/MAX,Cleveland,OH,3,46,5218419,OH784143,OH,4.0,90,B,realtor_scraper,2026-07-10T06:23:23.235668+00:00
John White,John,White,john.white@homesmart.com,(704) 951-3867,Beazer Homes,Detroit,MI,5,27,14461044,MI557152,MI,4.5,72,B,realtor_scraper,2026-07-10T06:23:23.235486+00:00
Mark Gonzalez,Mark,Gonzalez,mark.gonzalez@coldwellbanker.com,(513) 782-6661,Weichert,New Orleans,LA,10,44,11490176,LA763735,LA,3.6,85,C,realtor_scraper,2026-07-10T06:23:23.240603+00:00
Emma Price,Emma,Price,emma63@sothebysrealty.com,(614) 391-8481,ERA,Miami,FL,2,9,896741,FL958744,FL,4.6,85,A,realtor_scraper,2026-07-10T06:23:23.199275+00:00
Catherine Cooper,Catherine,Cooper,catherinec@berkshirehathawayhs.com,(220) 777-4221,NVR,Memphis,TN,7,27,3537540,TN156078,TN,4.9,89,C,realtor_scraper,2026-07-10T06:23:23.241841+00:00
Helen Baker,Helen,Baker,baker.helen@elliman.com,(769) 419-1162,Douglas Elliman,Boston,MA,13,33,7821676,MA140070,MA,4.2,87,A,realtor_scraper,2026-07-10T06:23:23.105533+00:00
Charles Phillips,Charles,Phillips,charlesp@redfin.com,(703) 308-3351,United Real Estate,San Francisco,CA,0,16,9676808,CA610655,CA,4.1,60,A,realtor_scraper,2026-07-10T06:23:23.201728+00:00
Scott Price,Scott,Price,scott12@outlook.com,(769) 428-4139,Zillow Premier,Jacksonville,FL,3,10,5133898,FL311702,FL,4.2,72,B,realtor_scraper,2026-07-10T06:23:23.235841+00:00
Melissa Castillo,Melissa,Castillo,melissa47@homesmart.com,(407) 558-7929,ERA,Memphis,TN,4,24,4067313,TN661492,TN,4.6,71,C,realtor_scraper,2026-07-10T06:23:23.284996+00:00
Anna Rogers,Anna,Rogers,anna.rogers@weichert.com,(843) 226-5754,Taylor Morrison,Louisville,KY,3,4,77371,KY666605,KY,4.1,81,C,realtor_scraper,2026-07-10T06:23:23.284713+00:00
Katherine Hernandez,Katherine,Hernandez,katherine34@exprealty.com,(949) 282-7328,Better Homes & Gardens,Milwaukee,WI,18,27,7850317,WI666804,WI,4.8,64,C,realtor_scraper,2026-07-10T06:23:23.241291+00:00
Laura Clark,Laura,Clark,lclark@weichert.com,(531) 305-6168,ERA,Memphis,TN,8,26,6795603,TN852285,TN,4.6,65,C,realtor_scraper,2026-07-10T06:23:23.240632+00:00
Ashley Brooks,Ashley,Brooks,brooks.ashley@century21.com,(972) 549-1820,Zillow Premier,Austin,TX,10,13,8273590,TX263520,TX,3.7,71,A,realtor_scraper,2026-07-10T06:23:23.186086+00:00
Sandra Gutierrez,Sandra,Gutierrez,sandrag@century21.com,(605) 622-9616,RE/MAX,Baltimore,MD,17,2,449736,MD898640,MD,4.5,46,B,realtor_scraper,2026-07-10T06:23:23.202858+00:00
Anna Moore,Anna,Moore,annam@outlook.com,(805) 953-1081,Sotheby's,St. Louis,MO,25,25,14512626,MO388982,MO,4.3,100,B,realtor_scraper,2026-07-10T06:23:23.233967+00:00
Kimberly Smith,Kimberly,Smith,smith.kimberly@exprealty.com,(757) 666-8892,ERA,Milwaukee,WI,0,40,11551192,WI988032,WI,4.2,100,C,realtor_scraper,2026-07-10T06:23:23.285923+00:00
Emma Peterson,Emma,Peterson,emma2@homesmart.com,(925) 964-4050,Meritage Homes,Cleveland,OH,4,42,12379313,OH152812,OH,4.3,87,B,realtor_scraper,2026-07-10T06:23:23.235467+00:00
Andrew Young,Andrew,Young,ayoung@exprealty.com,(470) 839-9893,Meritage Homes,Baltimore,MD,5,44,3891822,MD972010,MD,4.8,71,B,realtor_scraper,2026-07-10T06:23:23.235119+00:00
Gregory Scott,Gregory,Scott,gregorys@coldwellbanker.com,(607) 635-9982,Sotheby's,Cleveland,OH,4,18,6211417,OH638785,OH,3.9,87,B,realtor_scraper,2026-07-10T06:23:23.235681+00:00
Amanda Myers,Amanda,Myers,amandam@exprealty.com,(908) 613-9456,Better Homes & Gardens,Cleveland,OH,17,38,1927353,OH958780,OH,4.6,89,B,realtor_scraper,2026-07-10T06:23:23.234177+00:00
Brenda Ross,Brenda,Ross,bross@hotmail.com,(650) 376-7422,Weichert,St. Louis,MO,0,37,14944364,MO142096,MO,3.5,95,B,realtor_scraper,2026-07-10T06:23:23.236405+00:00
Brandon Morgan,Brandon,Morgan,brandonm@coldwellbanker.com,(385) 358-3872,NVR,Milwaukee,WI,5,49,3196715,WI248317,WI,5.0,69,C,realtor_scraper,2026-07-10T06:23:23.242564+00:00
Richard Smith,Richard,Smith,rsmith@outlook.com,(801) 265-5522,M/I Homes,Atlanta,GA,8,44,11936232,GA602932,GA,4.1,86,A,realtor_scraper,2026-07-10T06:23:23.105792+00:00
Kevin Lee,Kevin,Lee,lee.kevin@kw.com,(747) 725-3132,Redfin,Dallas-Fort Worth,TX,4,13,1638164,TX548966,TX,3.6,76,A,realtor_scraper,2026-07-10T06:23:23.197911+00:00
Margaret Gonzalez,Margaret,Gonzalez,margaretg@remax.net,(714) 514-8887,HomeSmart,Colorado Springs,CO,4,23,4071644,CO756744,CO,4.5,81,C,realtor_scraper,2026-07-10T06:23:23.284648+00:00
Kathleen Reyes,Kathleen,Reyes,kathleen71@hotmail.com,(650) 873-9326,Pulte Homes,Albuquerque,NM,4,31,3203071,NM894591,NM,4.6,62,C,realtor_scraper,2026-07-10T06:23:23.284886+00:00
Jessica Price,Jessica,Price,jessica42@gmail.com,(872) 906-5483,Century Communities,Cincinnati,OH,3,20,13534652,OH585582,OH,4.7,92,B,realtor_scraper,2026-07-10T06:23:23.235509+00:00
Susan Williams,Susan,Williams,williams.susan@exprealty.com,(386) 299-6006,ERA,Raleigh,NC,16,32,3099938,NC100675,NC,3.8,89,B,realtor_scraper,2026-07-10T06:23:23.234206+00:00
Ashley Walker,Ashley,Walker,walker.ashley@hotmail.com,(484) 376-5107,Century Communities,Salt Lake City,UT,2,50,5621376,UT976889,UT,4.1,91,B,realtor_scraper,2026-07-10T06:23:23.239997+00:00
Sandra Long,Sandra,Long,sandra25@berkshirehathawayhs.com,(479) 630-4025,Redfin,Tucson,AZ,5,14,7492663,AZ269189,AZ,4.1,86,C,realtor_scraper,2026-07-10T06:23:23.284830+00:00
Catherine Morris,Catherine,Morris,cmorris@hotmail.com,(415) 468-7377,Pulte Homes,Tucson,AZ,23,8,1830684,AZ651042,AZ,4.4,65,C,realtor_scraper,2026-07-10T06:23:23.241643+00:00
Kenneth Young,Kenneth,Young,kennethy@exprealty.com,(501) 811-8175,Zillow Premier,Colorado Springs,CO,20,49,9805385,CO409673,CO,3.8,63,C,realtor_scraper,2026-07-10T06:23:23.241087+00:00
Larry Alvarez,Larry,Alvarez,larry.alvarez@compass.com,(443) 254-4292,Tri Pointe Homes,Atlanta,GA,20,45,6516051,GA156124,GA,4.4,71,A,realtor_scraper,2026-07-10T06:23:23.105154+00:00
Nicole Brown,Nicole,Brown,nbrown@coldwellbanker.com,(617) 327-8478,CalAtlantic Homes,Charlotte,NC,3,42,12350678,NC161090,NC,3.7,87,A,realtor_scraper,2026-07-10T06:23:23.193826+00:00
Steven Walker,Steven,Walker,swalker@berkshirehathawayhs.com,(915) 491-2478,eXp Realty,Colorado Springs,CO,4,41,12956127,CO885981,CO,4.6,88,C,realtor_scraper,2026-07-10T06:23:23.284206+00:00
Kathleen Gutierrez,Kathleen,Gutierrez,kathleen.gutierrez@realtor.com,(313) 897-4104,Sotheby's,Houston,TX,18,41,3082428,TX613694,TX,4.1,90,A,realtor_scraper,2026-07-10T06:23:23.105222+00:00
Helen Gutierrez,Helen,Gutierrez,hgutierrez@sothebysrealty.com,(661) 368-1868,Toll Brothers,Kansas City,MO,14,19,12355013,MO330460,MO,4.5,100,B,realtor_scraper,2026-07-10T06:23:23.233892+00:00
Timothy Morales,Timothy,Morales,timothy.morales@realtyonegroup.com,(252) 897-5382,Century 21,Houston,TX,15,20,11223483,TX309983,TX,4.8,89,A,realtor_scraper,2026-07-10T06:23:23.105949+00:00
Patricia Green,Patricia,Green,green.patricia@kw.com,(304) 962-7323,Coldwell Banker,Reno,NV,0,46,2261801,NV523514,NV,4.2,66,C,realtor_scraper,2026-07-10T06:23:23.285883+00:00
Karen Roberts,Karen,Roberts,karen.roberts@sothebysrealty.com,(959) 944-1844,Zillow Premier,Colorado Springs,CO,10,1,53494,CO789809,CO,3.8,40,C,realtor_scraper,2026-07-10T06:23:23.240937+00:00
Daniel Hughes,Daniel,Hughes,daniel83@homesmart.com,(860) 331-5000,Beazer Homes,Orlando,FL,0,2,47724,FL182845,FL,4.6,51,A,realtor_scraper,2026-07-10T06:23:23.202063+00:00
Nancy Murphy,Nancy,Murphy,murphy.nancy@homesmart.com,(316) 824-8923,Sotheby's,Raleigh,NC,17,16,6858387,NC381917,NC,3.9,74,B,realtor_scraper,2026-07-10T06:23:23.203414+00:00
Patrick Moore,Patrick,Moore,pmoore@elliman.com,(484) 870-4046,Coldwell Banker,Austin,TX,23,37,1636143,TX254358,TX,4.2,81,A,realtor_scraper,2026-07-10T06:23:23.105272+00:00
Maria Hill,Maria,Hill,hill.maria@exprealty.com,(571) 861-8694,United Real Estate,Seattle,WA,21,32,10682519,WA982090,WA,4.5,80,A,realtor_scraper,2026-07-10T06:23:23.107632+00:00
Michelle Richardson,Michelle,Richardson,michelle.richardson@yahoo.com,(309) 784-1255,LGI Homes,Los Angeles,CA,16,6,1447151,CA329405,CA,4.1,87,A,realtor_scraper,2026-07-10T06:23:23.105027+00:00
Ryan Thomas,Ryan,Thomas,ryant@homesmart.com,(913) 790-2963,Toll Brothers,Detroit,MI,8,27,8533557,MI814281,MI,3.8,63,B,realtor_scraper,2026-07-10T06:23:23.233921+00:00
Lisa Turner,Lisa,Turner,lisa15@realtyonegroup.com,(814) 204-6862,Vylla Home,Las Vegas,NV,16,48,6849524,NV682479,NV,4.3,83,A,realtor_scraper,2026-07-10T06:23:23.105412+00:00
Brenda Hall,Brenda,Hall,bhall@realtor.com,(951) 511-5295,Ryan Homes,Nashville,TN,9,19,9089793,TN596756,TN,4.6,72,A,realtor_scraper,2026-07-10T06:23:23.109090+00:00
Patricia Baker,Patricia,Baker,patriciab@outlook.com,(669) 500-5402,ERA,Detroit,MI,17,11,8247573,MI623781,MI,4.7,72,B,realtor_scraper,2026-07-10T06:23:23.202611+00:00
Joshua Rogers,Joshua,Rogers,jrogers@coldwellbanker.com,(817) 625-1291,Better Homes & Gardens,San Jose,CA,14,1,339666,CA305419,CA,3.8,75,B,realtor_scraper,2026-07-10T06:23:23.234476+00:00
Elizabeth Richardson,Elizabeth,Richardson,erichardson@berkshirehathawayhs.com,(213) 897-5002,Lennar,Las Vegas,NV,17,11,1852152,NV877746,NV,4.0,74,A,realtor_scraper,2026-07-10T06:23:23.106433+00:00
Brandon Young,Brandon,Young,brandony@coldwellbanker.com,(205) 625-2154,Century Communities,Reno,NV,2,11,9598657,NV446150,NV,4.9,91,C,realtor_scraper,2026-07-10T06:23:23.285953+00:00
Jack Robinson,Jack,Robinson,robinson.jack@hotmail.com,(818) 479-4058,Taylor Morrison,Virginia Beach,VA,16,11,1269323,VA968931,VA,4.5,79,C,realtor_scraper,2026-07-10T06:23:23.240556+00:00
Heather Smith,Heather,Smith,smith.heather@compass.com,(708) 385-4432,Century Communities,Baton Rouge,LA,2,15,1555702,LA626242,LA,4.6,71,C,realtor_scraper,2026-07-10T06:23:23.285983+00:00
Samuel Torres,Samuel,Torres,torres.samuel@realtyonegroup.com,(814) 986-3832,Compass,Miami,FL,3,26,8136994,FL646256,FL,4.9,73,A,realtor_scraper,2026-07-10T06:23:23.191713+00:00
Carolyn Evans,Carolyn,Evans,carolyn.evans@century21.com,(860) 530-3065,Coldwell Banker,Indianapolis,IN,17,12,7428040,IN294973,IN,4.5,70,B,realtor_scraper,2026-07-10T06:23:23.235061+00:00
Debra Nelson,Debra,Nelson,debra24@century21.com,(347) 671-8082,Tri Pointe Homes,Richmond,VA,1,49,8950152,VA887988,VA,5.0,66,C,realtor_scraper,2026-07-10T06:23:23.285606+00:00
Larry Torres,Larry,Torres,larryt@century21.com,(610) 516-1150,Weichert,Atlanta,GA,15,42,9954425,GA764474,GA,4.5,66,A,realtor_scraper,2026-07-10T06:23:23.186182+00:00
Donald Long,Donald,Long,donald73@berkshirehathawayhs.com,(212) 552-7758,D.R. Horton,San Francisco,CA,3,15,5467398,CA882433,CA,4.8,73,A,realtor_scraper,2026-07-10T06:23:23.192478+00:00
Benjamin Kim,Benjamin,Kim,benjamin.kim@remax.net,(919) 218-2398,Century Communities,Virginia Beach,VA,5,49,4677271,VA677660,VA,3.6,77,C,realtor_scraper,2026-07-10T06:23:23.284523+00:00
Rachel Reed,Rachel,Reed,rachelr@hotmail.com,(541) 900-1741,NVR,Riverside,CA,23,21,14636988,CA415359,CA,4.2,92,B,realtor_scraper,2026-07-10T06:23:23.202886+00:00
Gregory Cook,Gregory,Cook,cook.gregory@elliman.com,(858) 386-1429,Weichert,Tampa,FL,16,5,1695946,FL649644,FL,4.6,73,A,realtor_scraper,2026-07-10T06:23:23.105917+00:00
Catherine Mitchell,Catherine,Mitchell,catherine.mitchell@hotmail.com,(480) 654-4571,LGI Homes,Charlotte,NC,18,44,2310811,NC757706,NC,3.9,75,A,realtor_scraper,2026-07-10T06:23:23.106377+00:00
Eric Evans,Eric,Evans,eric59@realtyonegroup.com,(503) 328-7092,NVR,Baltimore,MD,25,12,11058727,MD249446,MD,4.1,70,B,realtor_scraper,2026-07-10T06:23:23.234890+00:00
Ashley Johnson,Ashley,Johnson,ashley.johnson@coldwellbanker.com,(747) 896-3591,Nest Seekers,Boston,MA,18,44,5630639,MA215729,MA,4.6,79,A,realtor_scraper,2026-07-10T06:23:23.105891+00:00
Elizabeth Howard,Elizabeth,Howard,ehoward@outlook.com,(317) 661-4499,KB Home,Sacramento,CA,10,33,9571671,CA213912,CA,4.9,83,B,realtor_scraper,2026-07-10T06:23:23.234364+00:00
Emma Reyes,Emma,Reyes,reyes.emma@outlook.com,(458) 444-4037,Taylor Morrison,New York,NY,3,26,3099573,NY459742,NY,4.9,88,A,realtor_scraper,2026-07-10T06:23:23.193763+00:00
Daniel Lopez,Daniel,Lopez,dlopez@coldwellbanker.com,(274) 319-8529,Taylor Morrison,Cincinnati,OH,0,47,14639533,OH813664,OH,4.2,100,B,realtor_scraper,2026-07-10T06:23:23.239892+00:00
Shirley Wright,Shirley,Wright,swright@compass.com,(360) 567-4025,Coldwell Banker,Tampa,FL,1,13,10407417,FL250863,FL,4.1,93,A,realtor_scraper,2026-07-10T06:23:23.201598+00:00
Paul Smith,Paul,Smith,paul26@redfin.com,(317) 283-6308,Century 21,Milwaukee,WI,1,37,3465357,WI258861,WI,4.6,66,C,realtor_scraper,2026-07-10T06:23:23.285478+00:00
Barbara Murphy,Barbara,Murphy,barbaram@homesmart.com,(972) 590-7792,Century Communities,Nashville,TN,15,6,1410237,TN440149,TN,4.4,86,A,realtor_scraper,2026-07-10T06:23:23.106322+00:00
Ashley Lewis,Ashley,Lewis,ashley.lewis@weichert.com,(531) 596-4930,Vylla Home,Kansas City,MO,5,4,1643114,MO379278,MO,4.5,66,B,realtor_scraper,2026-07-10T06:23:23.235901+00:00
Patricia Sanders,Patricia,Sanders,patricia47@realtor.com,(229) 345-9758,Meritage Homes,New Orleans,LA,0,24,10541086,LA795887,LA,4.6,75,C,realtor_scraper,2026-07-10T06:23:23.285389+00:00
Patrick Smith,Patrick,Smith,patrick19@outlook.com,(762) 906-4831,Century Communities,Portland,OR,7,19,4573609,OR254013,OR,3.5,86,B,realtor_scraper,2026-07-10T06:23:23.234962+00:00
Dennis Torres,Dennis,Torres,dennist@outlook.com,(878) 344-3706,Better Homes & Gardens,Houston,TX,14,41,11771470,TX795640,TX,3.9,100,A,realtor_scraper,2026-07-10T06:23:23.106259+00:00
Nicholas Flores,Nicholas,Flores,nicholas91@realtyonegroup.com,(539) 412-3675,Sotheby's,Baltimore,MD,1,9,1214869,MD390079,MD,3.9,60,B,realtor_scraper,2026-07-10T06:23:23.236370+00:00
Jason Richardson,Jason,Richardson,richardson.jason@sothebysrealty.com,(218) 218-4164,M/I Homes,New York,NY,0,19,9107371,NY919890,NY,3.8,83,A,realtor_scraper,2026-07-10T06:23:23.199305+00:00
Charles Cruz,Charles,Cruz,charles.cruz@homesmart.com,(786) 753-8394,CalAtlantic Homes,Cincinnati,OH,19,3,1816,OH577225,OH,3.7,87,B,realtor_scraper,2026-07-10T06:23:23.203069+00:00
Eric Smith,Eric,Smith,eric75@homesmart.com,(502) 909-5035,ERA,Dallas-Fort Worth,TX,3,44,9654803,TX814419,TX,4.8,75,A,realtor_scraper,2026-07-10T06:23:23.194193+00:00
Joshua Patel,Joshua,Patel,joshua.patel@redfin.com,(865) 629-8540,Zillow Premier,Indianapolis,IN,2,26,11804590,IN377876,IN,5.0,96,B,realtor_scraper,2026-07-10T06:23:23.239878+00:00
Gary Long,Gary,Long,gary62@coldwellbanker.com,(843) 271-8627,Toll Brothers,New Orleans,LA,2,21,9081177,LA288325,LA,4.8,79,C,realtor_scraper,2026-07-10T06:23:23.285745+00:00
Benjamin Scott,Benjamin,Scott,benjamin42@remax.net,(628) 858-4088,Compass,Baltimore,MD,2,1,391153,MD364631,MD,4.5,52,B,realtor_scraper,2026-07-10T06:23:23.239803+00:00
Kathleen Ramos,Kathleen,Ramos,kathleen.ramos@hotmail.com,(816) 473-6846,Taylor Morrison,Oklahoma City,OK,16,11,12901176,OK720675,OK,3.7,90,C,realtor_scraper,2026-07-10T06:23:23.241021+00:00
Stephen Morales,Stephen,Morales,stephenm@weichert.com,(684) 825-7428,Pulte Homes,Jacksonville,FL,12,4,111648,FL629666,FL,3.9,94,B,realtor_scraper,2026-07-10T06:23:23.234681+00:00
Donald Baker,Donald,Baker,baker.donald@realtyonegroup.com,(225) 226-6512,Tri Pointe Homes,Atlanta,GA,2,14,1805298,GA654135,GA,4.3,81,A,realtor_scraper,2026-07-10T06:23:23.202462+00:00
Ryan Smith,Ryan,Smith,ryans@realtyonegroup.com,(435) 904-2775,NVR,Denver,CO,5,43,12876155,CO990355,CO,4.2,100,A,realtor_scraper,2026-07-10T06:23:23.192741+00:00
Alexander Patel,Alexander,Patel,alexander59@homesmart.com,(662) 347-3761,Realty One Group,Boston,MA,16,26,9320581,MA229081,MA,3.7,72,A,realtor_scraper,2026-07-10T06:23:23.105718+00:00
Samantha Hughes,Samantha,Hughes,samantha82@elliman.com,(260) 668-8392,Century 21,New Orleans,LA,4,5,497815,LA250880,LA,3.6,73,C,realtor_scraper,2026-07-10T06:23:23.284551+00:00
Kevin Diaz,Kevin,Diaz,kevin.diaz@elliman.com,(559) 607-1051,Redfin,Las Vegas,NV,0,34,6315445,NV530222,NV,4.7,77,A,realtor_scraper,2026-07-10T06:23:23.200688+00:00
Stephanie Jones,Stephanie,Jones,stephanie.jones@realtyonegroup.com,(803) 998-2679,Ryan Homes,Raleigh,NC,1,50,2038160,NC811398,NC,3.9,61,B,realtor_scraper,2026-07-10T06:23:23.236269+00:00
Melissa Ross,Melissa,Ross,melissa.ross@gmail.com,(970) 252-7464,Realty One Group,Indianapolis,IN,13,28,11400792,IN184818,IN,3.9,82,B,realtor_scraper,2026-07-10T06:23:23.234055+00:00
Richard Garcia,Richard,Garcia,garcia.richard@berkshirehathawayhs.com,(274) 317-5596,Tri Pointe Homes,Tucson,AZ,18,38,5579043,AZ902775,AZ,5.0,80,C,realtor_scraper,2026-07-10T06:23:23.241535+00:00
Helen Hughes,Helen,Hughes,helen96@compass.com,(734) 462-6751,Beazer Homes,Boise,ID,13,13,4347564,ID231846,ID,4.0,68,C,realtor_scraper,2026-07-10T06:23:23.241305+00:00
Ryan Morales,Ryan,Morales,rmorales@outlook.com,(805) 799-8523,Coldwell Banker,Virginia Beach,VA,5,20,4805635,VA177779,VA,4.3,65,C,realtor_scraper,2026-07-10T06:23:23.284915+00:00
Kimberly Gomez,Kimberly,Gomez,kimberly60@compass.com,(534) 283-3164,M/I Homes,Baltimore,MD,5,27,12765823,MD277213,MD,3.7,93,B,realtor_scraper,2026-07-10T06:23:23.235658+00:00
Cynthia Wood,Cynthia,Wood,cynthia19@gmail.com,(731) 269-5211,United Real Estate,Phoenix,AZ,5,8,779583,AZ419687,AZ,3.9,76,A,realtor_scraper,2026-07-10T06:23:23.186458+00:00
Samuel Hill,Samuel,Hill,samuel65@berkshirehathawayhs.com,(502) 790-7499,Sotheby's,Detroit,MI,24,24,12668549,MI517603,MI,4.5,99,B,realtor_scraper,2026-07-10T06:23:23.203267+00:00
Aaron Roberts,Aaron,Roberts,aaron.roberts@redfin.com,(713) 749-2137,Taylor Morrison,Cleveland,OH,4,45,2843325,OH456426,OH,4.0,95,B,realtor_scraper,2026-07-10T06:23:23.235110+00:00
Paul Sanchez,Paul,Sanchez,paul60@hotmail.com,(534) 521-2392,Better Homes & Gardens,Boise,ID,9,29,2542755,ID816069,ID,4.8,66,C,realtor_scraper,2026-07-10T06:23:23.240684+00:00
Betty Reyes,Betty,Reyes,reyes.betty@coldwellbanker.com,(781) 628-3024,Compass,Baltimore,MD,10,49,4581968,MD990260,MD,3.7,94,B,realtor_scraper,2026-07-10T06:23:23.203433+00:00
Christopher Cox,Christopher,Cox,ccox@compass.com,(531) 516-3781,Realty One Group,Sacramento,CA,24,14,1902477,CA523844,CA,4.9,89,B,realtor_scraper,2026-07-10T06:23:23.202647+00:00
Ashley Castillo,Ashley,Castillo,ashley85@remax.net,(325) 340-1885,Keller Williams,Portland,OR,2,3,345418,OR408273,OR,3.6,82,B,realtor_scraper,2026-07-10T06:23:23.236387+00:00
Angela Davis,Angela,Davis,angela.davis@realtor.com,(480) 438-8044,Pulte Homes,San Diego,CA,10,35,11365580,CA934173,CA,4.9,81,A,realtor_scraper,2026-07-10T06:23:23.105496+00:00
Andrew Morgan,Andrew,Morgan,morgan.andrew@gmail.com,(213) 568-8530,Better Homes & Gardens,San Jose,CA,21,29,10144099,CA862193,CA,4.1,83,B,realtor_scraper,2026-07-10T06:23:23.202801+00:00
Frank Morris,Frank,Morris,frank4@homesmart.com,(914) 661-4009,Keller Williams,Tampa,FL,5,20,5734873,FL181522,FL,4.7,86,A,realtor_scraper,2026-07-10T06:23:23.192833+00:00
John Brooks,John,Brooks,brooks.john@compass.com,(812) 542-9559,The Agency,Memphis,TN,12,3,1275995,TN520387,TN,4.7,79,C,realtor_scraper,2026-07-10T06:23:23.241814+00:00
Paul Richardson,Paul,Richardson,paulr@yahoo.com,(952) 626-5420,The Agency,Baltimore,MD,14,29,10676194,MD253314,MD,4.3,77,B,realtor_scraper,2026-07-10T06:23:23.233833+00:00
Lisa Mitchell,Lisa,Mitchell,lisam@homesmart.com,(407) 581-4277,Nest Seekers,Philadelphia,PA,3,34,1576691,PA842197,PA,4.3,84,A,realtor_scraper,2026-07-10T06:23:23.186412+00:00
Matthew Moore,Matthew,Moore,matthew.moore@realtor.com,(684) 414-1688,D.R. Horton,Charlotte,NC,6,11,605980,NC312776,NC,5.0,85,A,realtor_scraper,2026-07-10T06:23:23.105197+00:00
Benjamin Wright,Benjamin,Wright,bwright@homesmart.com,(864) 895-1740,LGI Homes,Columbus,OH,21,17,2724588,OH296752,OH,4.7,60,B,realtor_scraper,2026-07-10T06:23:23.202555+00:00
Sharon Castillo,Sharon,Castillo,sharonc@outlook.com,(469) 272-4418,Keller Williams,Albuquerque,NM,15,46,12857621,NM295749,NM,4.5,100,C,realtor_scraper,2026-07-10T06:23:23.241428+00:00
Stephanie Thompson,Stephanie,Thompson,stephanie.thompson@weichert.com,(914) 991-1751,Lennar,Raleigh,NC,23,50,9253815,NC651617,NC,4.8,70,B,realtor_scraper,2026-07-10T06:23:23.203451+00:00
Daniel Murphy,Daniel,Murphy,daniel43@realtor.com,(660) 682-6324,Douglas Elliman,Denver,CO,3,26,3931925,CO258271,CO,3.5,87,A,realtor_scraper,2026-07-10T06:23:23.191734+00:00
Ruth Rivera,Ruth,Rivera,ruthr@exprealty.com,(940) 439-5282,Tri Pointe Homes,Orlando,FL,1,14,1628328,FL823046,FL,3.9,91,A,realtor_scraper,2026-07-10T06:23:23.201718+00:00
Pamela Cook,Pamela,Cook,pamela.cook@compass.com,(928) 493-1531,Vylla Home,Indianapolis,IN,20,24,7889831,IN292798,IN,4.6,88,B,realtor_scraper,2026-07-10T06:23:23.202819+00:00
Shirley Hernandez,Shirley,Hernandez,shernandez@yahoo.com,(765) 363-7947,Century 21,Jacksonville,FL,1,37,5258115,FL272056,FL,4.4,62,B,realtor_scraper,2026-07-10T06:23:23.236231+00:00
Patrick Jones,Patrick,Jones,pjones@compass.com,(661) 979-1862,CalAtlantic Homes,Raleigh,NC,15,12,5750279,NC368298,NC,4.6,86,B,realtor_scraper,2026-07-10T06:23:23.203394+00:00
Benjamin Sanchez,Benjamin,Sanchez,bsanchez@berkshirehathawayhs.com,(718) 746-9495,Redfin,New York,NY,2,5,175941,NY374784,NY,4.4,74,A,realtor_scraper,2026-07-10T06:23:23.199264+00:00
Aaron Mendoza,Aaron,Mendoza,aaron.mendoza@gmail.com,(231) 314-6652,Nest Seekers,Sacramento,CA,22,32,1763480,CA571420,CA,4.6,64,B,realtor_scraper,2026-07-10T06:23:23.234838+00:00
Mark Morales,Mark,Morales,mark86@elliman.com,(480) 596-6994,Better Homes & Gardens,Raleigh,NC,10,32,3245936,NC821571,NC,4.0,78,B,realtor_scraper,2026-07-10T06:23:23.203358+00:00
Alexander Turner,Alexander,Turner,turner.alexander@hotmail.com,(607) 746-8106,The Agency,Cincinnati,OH,17,49,3384755,OH889882,OH,4.3,78,B,realtor_scraper,2026-07-10T06:23:23.234989+00:00
William Brooks,William,Brooks,william.brooks@gmail.com,(909) 796-7596,Century Communities,Cincinnati,OH,24,34,9196941,OH563509,OH,4.7,73,B,realtor_scraper,2026-07-10T06:23:23.203367+00:00
Elizabeth Cox,Elizabeth,Cox,elizabeth.cox@sothebysrealty.com,(430) 776-9120,HomeSmart,Las Vegas,NV,2,40,4464435,NV814182,NV,4.0,67,A,realtor_scraper,2026-07-10T06:23:23.202288+00:00
Ruth Scott,Ruth,Scott,rscott@compass.com,(904) 395-9336,Pulte Homes,Jacksonville,FL,14,46,4575904,FL628925,FL,5.0,68,B,realtor_scraper,2026-07-10T06:23:23.203460+00:00
Ruth Carter,Ruth,Carter,carter.ruth@homesmart.com,(954) 215-3447,Century Communities,Seattle,WA,7,49,14013045,WA855630,WA,3.7,90,A,realtor_scraper,2026-07-10T06:23:23.109039+00:00
Katherine Wright,Katherine,Wright,katherine51@realtor.com,(931) 513-6540,Redfin,Las Vegas,NV,0,19,10965970,NV319910,NV,4.5,99,A,realtor_scraper,2026-07-10T06:23:23.198697+00:00
Gregory Castillo,Gregory,Castillo,gcastillo@hotmail.com,(409) 391-1816,Ryan Homes,Oklahoma City,OK,0,40,9444706,OK568719,OK,4.9,69,C,realtor_scraper,2026-07-10T06:23:23.285133+00:00
Jennifer Jackson,Jennifer,Jackson,jackson.jennifer@realtor.com,(915) 936-4991,Realty One Group,Jacksonville,FL,5,25,8459750,FL895404,FL,3.9,60,B,realtor_scraper,2026-07-10T06:23:23.235880+00:00
Jacob Green,Jacob,Green,green.jacob@outlook.com,(575) 806-9988,eXp Realty,Richmond,VA,24,12,3794628,VA238362,VA,3.9,90,C,realtor_scraper,2026-07-10T06:23:23.240964+00:00
Jack Clark,Jack,Clark,jackc@outlook.com,(717) 511-6623,Douglas Elliman,Philadelphia,PA,25,0,183221,PA119798,PA,0.0,67,A,realtor_scraper,2026-07-10T06:23:23.104934+00:00
Emma Baker,Emma,Baker,emma97@century21.com,(907) 317-9812,Lennar,Virginia Beach,VA,5,2,201682,VA714827,VA,4.6,66,C,realtor_scraper,2026-07-10T06:23:23.284419+00:00
Mark Nguyen,Mark,Nguyen,mark.nguyen@gmail.com,(801) 300-9978,The Agency,San Jose,CA,22,24,13547585,CA126195,CA,4.1,100,B,realtor_scraper,2026-07-10T06:23:23.234428+00:00
Ronald Williams,Ronald,Williams,ronald76@weichert.com,(636) 847-1468,LGI Homes,Minneapolis,MN,22,21,1938757,MN699851,MN,4.4,78,B,realtor_scraper,2026-07-10T06:23:23.203487+00:00
Jennifer Sanders,Jennifer,Sanders,sanders.jennifer@remax.net,(313) 576-5499,Century 21,Memphis,TN,8,32,6590706,TN553055,TN,4.4,68,C,realtor_scraper,2026-07-10T06:23:23.241101+00:00
Rebecca Hughes,Rebecca,Hughes,rhughes@weichert.com,(479) 301-8827,RE/MAX,Seattle,WA,3,48,7610615,WA706109,WA,4.5,75,A,realtor_scraper,2026-07-10T06:23:23.186345+00:00
Robert Cox,Robert,Cox,robertc@hotmail.com,(309) 680-3161,Berkshire Hathaway,Las Vegas,NV,16,3,453981,NV349184,NV,4.9,92,A,realtor_scraper,2026-07-10T06:23:23.105253+00:00
Anthony Howard,Anthony,Howard,anthonyh@compass.com,(719) 948-3501,Sotheby's,Virginia Beach,VA,3,10,12350974,VA223324,VA,3.7,100,C,realtor_scraper,2026-07-10T06:23:23.284873+00:00
Kevin Rivera,Kevin,Rivera,rivera.kevin@compass.com,(908) 449-7938,Better Homes & Gardens,Tampa,FL,9,5,193121,FL225842,FL,4.1,69,A,realtor_scraper,2026-07-10T06:23:23.109023+00:00
Michael Williams,Michael,Williams,williams.michael@kw.com,(240) 337-1911,Tri Pointe Homes,Chicago,IL,13,14,8318445,IL647619,IL,3.6,66,A,realtor_scraper,2026-07-10T06:23:23.186012+00:00
Raymond Scott,Raymond,Scott,raymonds@exprealty.com,(650) 443-3299,CalAtlantic Homes,New Orleans,LA,18,17,2751669,LA861411,LA,4.6,72,C,realtor_scraper,2026-07-10T06:23:23.241605+00:00
Justin Gutierrez,Justin,Gutierrez,justing@outlook.com,(586) 818-4308,Weichert,San Jose,CA,3,39,6232563,CA111323,CA,4.6,62,B,realtor_scraper,2026-07-10T06:23:23.235871+00:00
Elizabeth Mendoza,Elizabeth,Mendoza,emendoza@elliman.com,(623) 706-5061,KB Home,Sacramento,CA,24,26,8685960,CA724987,CA,4.3,82,B,realtor_scraper,2026-07-10T06:23:23.202565+00:00
Brian Nelson,Brian,Nelson,brian58@realtyonegroup.com,(954) 775-2682,Coldwell Banker,Seattle,WA,7,47,1982522,WA143534,WA,4.9,78,A,realtor_scraper,2026-07-10T06:23:23.106510+00:00
Sarah Scott,Sarah,Scott,sarah83@century21.com,(803) 307-4376,Century Communities,Oklahoma City,OK,17,31,9546788,OK525289,OK,4.4,66,C,realtor_scraper,2026-07-10T06:23:23.240353+00:00
Charles Howard,Charles,Howard,charles16@berkshirehathawayhs.com,(936) 285-1478,Weichert,Louisville,KY,5,21,7373160,KY287859,KY,4.8,77,C,realtor_scraper,2026-07-10T06:23:23.284328+00:00
Emma Rivera,Emma,Rivera,emma.rivera@hotmail.com,(732) 872-6635,Sotheby's,Seattle,WA,5,12,9322084,WA103094,WA,3.9,93,A,realtor_scraper,2026-07-10T06:23:23.187980+00:00
James Cox,James,Cox,jamesc@compass.com,(559) 989-2857,Compass,Boston,MA,9,24,8010312,MA355815,MA,4.0,84,A,realtor_scraper,2026-07-10T06:23:23.186110+00:00
Jessica Myers,Jessica,Myers,jessica.myers@remax.net,(260) 493-3937,CalAtlantic Homes,Minneapolis,MN,4,23,11697960,MN711083,MN,4.4,70,B,realtor_scraper,2026-07-10T06:23:23.235498+00:00
Rachel Sanders,Rachel,Sanders,rsanders@elliman.com,(918) 899-3943,Lennar,Virginia Beach,VA,8,49,4519929,VA636643,VA,3.9,61,C,realtor_scraper,2026-07-10T06:23:23.240905+00:00
Mark Moore,Mark,Moore,mark.moore@hotmail.com,(405) 791-5080,Pulte Homes,Cincinnati,OH,3,36,7071372,OH336179,OH,3.7,70,B,realtor_scraper,2026-07-10T06:23:23.235732+00:00
Ronald King,Ronald,King,ronaldk@compass.com,(407) 658-7249,Tri Pointe Homes,Dallas-Fort Worth,TX,22,29,13272303,TX654985,TX,5.0,88,A,realtor_scraper,2026-07-10T06:23:23.105602+00:00
Dennis Edwards,Dennis,Edwards,dennis.edwards@yahoo.com,(989) 888-2434,LGI Homes,Tucson,AZ,4,28,12424395,AZ942889,AZ,3.8,100,C,realtor_scraper,2026-07-10T06:23:23.242550+00:00
Susan Davis,Susan,Davis,susan.davis@realtyonegroup.com,(713) 975-2778,Zillow Premier,Seattle,WA,24,44,2493891,WA465546,WA,4.6,89,A,realtor_scraper,2026-07-10T06:23:23.109466+00:00
Benjamin Clark,Benjamin,Clark,benjamin70@weichert.com,(217) 613-1666,M/I Homes,Memphis,TN,12,36,3815532,TN886856,TN,4.2,69,C,realtor_scraper,2026-07-10T06:23:23.242062+00:00
Janet Cox,Janet,Cox,jcox@exprealty.com,(770) 246-5160,Keller Williams,Las Vegas,NV,2,16,6469586,NV701151,NV,4.1,70,A,realtor_scraper,2026-07-10T06:23:23.199286+00:00
Betty Torres,Betty,Torres,btorres@coldwellbanker.com,(806) 595-9917,Vylla Home,Dallas-Fort Worth,TX,1,42,11048478,TX690196,TX,4.3,84,A,realtor_scraper,2026-07-10T06:23:23.198424+00:00
Patricia Gray,Patricia,Gray,gray.patricia@century21.com,(240) 813-8860,The Agency,Sacramento,CA,17,30,8566283,CA929868,CA,4.0,83,B,realtor_scraper,2026-07-10T06:23:23.202639+00:00
Christine Phillips,Christine,Phillips,christine.phillips@outlook.com,(425) 686-7103,The Agency,Tucson,AZ,24,27,14910669,AZ199016,AZ,3.9,78,C,realtor_scraper,2026-07-10T06:23:23.240841+00:00
Katherine Garcia,Katherine,Garcia,katherineg@realtor.com,(209) 269-5576,Realty One Group,Colorado Springs,CO,2,46,9635576,CO815186,CO,3.7,93,C,realtor_scraper,2026-07-10T06:23:23.285044+00:00
Karen King,Karen,King,king.karen@redfin.com,(901) 471-5789,Tri Pointe Homes,Louisville,KY,2,12,871522,KY687131,KY,4.7,74,C,realtor_scraper,2026-07-10T06:23:23.285640+00:00
Paul Baker,Paul,Baker,baker.paul@hotmail.com,(586) 509-7262,Pulte Homes,Miami,FL,3,30,7688847,FL801010,FL,4.6,90,A,realtor_scraper,2026-07-10T06:23:23.191695+00:00
Richard Peterson,Richard,Peterson,rpeterson@elliman.com,(458) 868-8416,CalAtlantic Homes,Albuquerque,NM,24,46,1950787,NM359986,NM,4.0,83,C,realtor_scraper,2026-07-10T06:23:23.240856+00:00
Dennis Moore,Dennis,Moore,dennism@elliman.com,(818) 487-6208,The Agency,Columbus,OH,1,20,2806762,OH807078,OH,3.5,84,B,realtor_scraper,2026-07-10T06:23:23.236240+00:00
Nicholas Lee,Nicholas,Lee,nicholasl@realtor.com,(917) 799-9214,Century Communities,Atlanta,GA,17,45,10556424,GA834417,GA,3.5,86,A,realtor_scraper,2026-07-10T06:23:23.106174+00:00
James Long,James,Long,james54@weichert.com,(260) 729-3831,LGI Homes,Tampa,FL,17,46,4913694,FL442433,FL,3.8,93,A,realtor_scraper,2026-07-10T06:23:23.106204+00:00
Katherine Bailey,Katherine,Bailey,katherineb@exprealty.com,(802) 453-5046,Century Communities,Phoenix,AZ,7,34,11102811,AZ199438,AZ,4.5,82,A,realtor_scraper,2026-07-10T06:23:23.105463+00:00
Angela Long,Angela,Long,angela.long@berkshirehathawayhs.com,(770) 757-5603,KB Home,San Antonio,TX,6,30,8479589,TX289210,TX,3.9,80,B,realtor_scraper,2026-07-10T06:23:23.234462+00:00
Susan Jackson,Susan,Jackson,susan70@coldwellbanker.com,(276) 805-3257,HomeSmart,Richmond,VA,1,22,2555319,VA641682,VA,3.8,67,C,realtor_scraper,2026-07-10T06:23:23.285147+00:00
Barbara Smith,Barbara,Smith,bsmith@compass.com,(830) 917-3727,ERA,Albuquerque,NM,11,19,5935929,NM624854,NM,3.6,90,C,realtor_scraper,2026-07-10T06:23:23.241631+00:00
Nicole Ortiz,Nicole,Ortiz,nicoleo@weichert.com,(952) 842-4058,Weichert,Tampa,FL,20,38,8090157,FL447418,FL,4.0,91,A,realtor_scraper,2026-07-10T06:23:23.107736+00:00
Amy Jackson,Amy,Jackson,amy.jackson@kw.com,(216) 320-3166,D.R. Horton,Virginia Beach,VA,8,11,5781726,VA922712,VA,3.8,71,C,realtor_scraper,2026-07-10T06:23:23.241217+00:00
Cynthia Bennett,Cynthia,Bennett,bennett.cynthia@yahoo.com,(872) 853-7517,Beazer Homes,Richmond,VA,6,4,593605,VA268052,VA,3.8,72,C,realtor_scraper,2026-07-10T06:23:23.242308+00:00
Charles Richardson,Charles,Richardson,crichardson@redfin.com,(781) 256-2869,Lennar,Boise,ID,2,22,2254668,ID993886,ID,4.4,83,C,realtor_scraper,2026-07-10T06:23:23.285106+00:00
Ruth Kelly,Ruth,Kelly,ruthk@homesmart.com,(629) 830-9141,Keller Williams,Baltimore,MD,19,13,4976222,MD588876,MD,3.9,73,B,realtor_scraper,2026-07-10T06:23:23.203159+00:00
Edward Nelson,Edward,Nelson,edward42@century21.com,(480) 503-5825,eXp Realty,Tampa,FL,25,22,7968679,FL857817,FL,4.8,75,A,realtor_scraper,2026-07-10T06:23:23.106014+00:00
Diane White,Diane,White,dianew@exprealty.com,(718) 877-8837,HomeSmart,Atlanta,GA,15,46,13799371,GA218923,GA,5.0,83,A,realtor_scraper,2026-07-10T06:23:23.106026+00:00
Larry Cook,Larry,Cook,larry47@redfin.com,(203) 666-4949,Ryan Homes,Dallas-Fort Worth,TX,16,17,14115358,TX525242,TX,3.6,71,A,realtor_scraper,2026-07-10T06:23:23.105621+00:00
Susan Kim,Susan,Kim,susank@century21.com,(346) 854-1126,Sotheby's,Houston,TX,22,35,1573784,TX933272,TX,4.7,79,A,realtor_scraper,2026-07-10T06:23:23.109192+00:00
Carolyn Miller,Carolyn,Miller,carolyn.miller@elliman.com,(708) 962-9963,Nest Seekers,Baton Rouge,LA,23,4,5025,LA750736,LA,4.2,76,C,realtor_scraper,2026-07-10T06:23:23.241969+00:00
Nancy Edwards,Nancy,Edwards,nancy.edwards@elliman.com,(737) 332-7007,eXp Realty,Dallas-Fort Worth,TX,15,44,3088763,TX129566,TX,3.5,84,A,realtor_scraper,2026-07-10T06:23:23.186231+00:00
Emma Gutierrez,Emma,Gutierrez,emma.gutierrez@outlook.com,(202) 424-2410,Century Communities,Albuquerque,NM,15,45,12781784,NM818921,NM,4.8,100,C,realtor_scraper,2026-07-10T06:23:23.241656+00:00
Eric Morgan,Eric,Morgan,ericm@compass.com,(205) 890-6541,Meritage Homes,Los Angeles,CA,2,11,6615422,CA453797,CA,3.7,74,A,realtor_scraper,2026-07-10T06:23:23.202179+00:00
Joseph Thompson,Joseph,Thompson,thompson.joseph@gmail.com,(832) 484-9571,Tri Pointe Homes,Miami,FL,4,11,14148490,FL737479,FL,4.0,81,A,realtor_scraper,2026-07-10T06:23:23.197714+00:00
Richard Scott,Richard,Scott,scott.richard@elliman.com,(662) 756-9386,KB Home,Las Vegas,NV,1,43,5058312,NV938566,NV,3.8,66,A,realtor_scraper,2026-07-10T06:23:23.201516+00:00
Mary Stewart,Mary,Stewart,stewart.mary@realtor.com,(612) 834-3897,Meritage Homes,Riverside,CA,5,27,2041932,CA734050,CA,4.5,83,B,realtor_scraper,2026-07-10T06:23:23.235850+00:00
Eric Gonzalez,Eric,Gonzalez,ericg@homesmart.com,(704) 735-4556,KB Home,Colorado Springs,CO,22,37,9941173,CO707707,CO,4.3,65,C,realtor_scraper,2026-07-10T06:23:23.240670+00:00
Alexander Kelly,Alexander,Kelly,alexander.kelly@coldwellbanker.com,(609) 977-6465,Coldwell Banker,Nashville,TN,0,18,6110381,TN228791,TN,4.6,77,A,realtor_scraper,2026-07-10T06:23:23.199253+00:00
Angela Sanders,Angela,Sanders,angelas@yahoo.com,(757) 280-9279,Vylla Home,Philadelphia,PA,2,27,8918073,PA257132,PA,4.8,91,A,realtor_scraper,2026-07-10T06:23:23.198512+00:00
David Rogers,David,Rogers,davidr@sothebysrealty.com,(818) 393-8771,Century 21,Columbus,OH,12,48,8242755,OH100075,OH,4.1,63,B,realtor_scraper,2026-07-10T06:23:23.234904+00:00
Ronald Morgan,Ronald,Morgan,morgan.ronald@weichert.com,(857) 314-5670,Beazer Homes,Raleigh,NC,5,22,5085390,NC139426,NC,3.7,67,B,realtor_scraper,2026-07-10T06:23:23.235910+00:00
Helen Anderson,Helen,Anderson,helen.anderson@gmail.com,(732) 235-3999,CalAtlantic Homes,Raleigh,NC,2,13,10210687,NC982930,NC,4.8,90,B,realtor_scraper,2026-07-10T06:23:23.236428+00:00
Jason Chavez,Jason,Chavez,chavez.jason@realtor.com,(231) 831-5866,Better Homes & Gardens,Atlanta,GA,22,43,2633525,GA809315,GA,4.7,77,A,realtor_scraper,2026-07-10T06:23:23.108832+00:00
Pamela Nelson,Pamela,Nelson,pamelan@yahoo.com,(815) 521-3113,CalAtlantic Homes,Charlotte,NC,14,28,11113348,NC643975,NC,3.9,74,A,realtor_scraper,2026-07-10T06:23:23.106117+00:00
Thomas Murphy,Thomas,Murphy,thomas.murphy@weichert.com,(219) 763-7449,ERA,Indianapolis,IN,3,29,14672272,IN103909,IN,4.9,90,B,realtor_scraper,2026-07-10T06:23:23.235254+00:00
Daniel Edwards,Daniel,Edwards,daniel75@homesmart.com,(432) 541-9071,Nest Seekers,Kansas City,MO,3,25,10600269,MO919063,MO,4.8,88,B,realtor_scraper,2026-07-10T06:23:23.235768+00:00
Joseph Gray,Joseph,Gray,josephg@hotmail.com,(843) 960-3883,M/I Homes,Boise,ID,4,11,1299127,ID845749,ID,3.6,86,C,realtor_scraper,2026-07-10T06:23:23.284404+00:00
Tyler Baker,Tyler,Baker,tyler15@yahoo.com,(316) 628-3172,Tri Pointe Homes,Tucson,AZ,0,35,7838537,AZ218635,AZ,4.7,85,C,realtor_scraper,2026-07-10T06:23:23.285030+00:00
Linda Allen,Linda,Allen,allen.linda@sothebysrealty.com,(828) 692-9613,Better Homes & Gardens,Tucson,AZ,4,46,10890963,AZ385429,AZ,3.8,74,C,realtor_scraper,2026-07-10T06:23:23.284239+00:00
Tyler Morgan,Tyler,Morgan,tylerm@redfin.com,(731) 614-3558,Century Communities,San Francisco,CA,1,19,4511686,CA411011,CA,3.7,95,A,realtor_scraper,2026-07-10T06:23:23.198448+00:00
Stephanie Collins,Stephanie,Collins,stephanie.collins@yahoo.com,(224) 260-6555,HomeSmart,Reno,NV,6,20,4207571,NV124969,NV,4.6,93,C,realtor_scraper,2026-07-10T06:23:23.241007+00:00
Alexander Morris,Alexander,Morris,morris.alexander@homesmart.com,(228) 652-5839,Vylla Home,Virginia Beach,VA,9,21,9890373,VA982128,VA,4.9,92,C,realtor_scraper,2026-07-10T06:23:23.241318+00:00
Emily Miller,Emily,Miller,emilym@exprealty.com,(304) 969-1234,NVR,Boston,MA,0,34,3944836,MA693663,MA,4.0,73,A,realtor_scraper,2026-07-10T06:23:23.202108+00:00
Raymond Castillo,Raymond,Castillo,raymondc@coldwellbanker.com,(203) 297-7498,Nest Seekers,Baton Rouge,LA,17,16,8696243,LA962270,LA,4.8,68,C,realtor_scraper,2026-07-10T06:23:23.241759+00:00
Rebecca Long,Rebecca,Long,rebecca11@homesmart.com,(530) 798-2671,KB Home,Minneapolis,MN,2,33,8943892,MN940382,MN,4.4,81,B,realtor_scraper,2026-07-10T06:23:23.236222+00:00
Joseph Hall,Joseph,Hall,jhall@compass.com,(719) 908-9513,ERA,Tampa,FL,14,24,13628744,FL429377,FL,3.6,100,A,realtor_scraper,2026-07-10T06:23:23.105556+00:00
Michelle Hill,Michelle,Hill,michelle.hill@remax.net,(586) 422-6434,NVR,Oklahoma City,OK,22,3,1936984,OK542700,OK,3.6,91,C,realtor_scraper,2026-07-10T06:23:23.241497+00:00
Sarah Cox,Sarah,Cox,sarah.cox@compass.com,(318) 344-8390,RE/MAX,Boise,ID,1,14,7280187,ID466007,ID,3.7,72,C,realtor_scraper,2026-07-10T06:23:23.285853+00:00
Rachel Lopez,Rachel,Lopez,rachell@gmail.com,(925) 999-8026,RE/MAX,Phoenix,AZ,5,39,1856571,AZ777835,AZ,3.6,77,A,realtor_scraper,2026-07-10T06:23:23.192807+00:00
Brandon Johnson,Brandon,Johnson,bjohnson@realtor.com,(816) 932-2157,Century Communities,Raleigh,NC,25,29,9354954,NC883073,NC,4.9,80,B,realtor_scraper,2026-07-10T06:23:23.234822+00:00
Tyler Brooks,Tyler,Brooks,tylerb@kw.com,(916) 252-8243,RE/MAX,Miami,FL,4,2,42139,FL826524,FL,4.0,49,A,realtor_scraper,2026-07-10T06:23:23.192489+00:00
Charles Hill,Charles,Hill,charlesh@remax.net,(860) 374-6841,KB Home,Phoenix,AZ,0,37,2871944,AZ404627,AZ,4.4,66,A,realtor_scraper,2026-07-10T06:23:23.202311+00:00
Anthony Campbell,Anthony,Campbell,campbell.anthony@homesmart.com,(702) 363-8424,Lennar,Minneapolis,MN,1,24,11828287,MN493453,MN,4.4,94,B,realtor_scraper,2026-07-10T06:23:23.239958+00:00
Deborah Hernandez,Deborah,Hernandez,deborahh@yahoo.com,(318) 846-7749,Lennar,New Orleans,LA,24,13,604282,LA606528,LA,4.5,93,C,realtor_scraper,2026-07-10T06:23:23.241735+00:00
Patrick Chavez,Patrick,Chavez,patrick55@compass.com,(281) 927-9494,M/I Homes,Reno,NV,11,15,4943967,NV827449,NV,4.0,88,C,realtor_scraper,2026-07-10T06:23:23.240919+00:00
Linda Morgan,Linda,Morgan,linda.morgan@gmail.com,(912) 407-7454,Keller Williams,San Antonio,TX,7,29,9127236,TX279078,TX,4.7,80,B,realtor_scraper,2026-07-10T06:23:23.203051+00:00
Kathleen Lopez,Kathleen,Lopez,lopez.kathleen@berkshirehathawayhs.com,(425) 722-5884,eXp Realty,Cleveland,OH,19,20,6353104,OH881808,OH,4.1,75,B,realtor_scraper,2026-07-10T06:23:23.203204+00:00
Scott Phillips,Scott,Phillips,phillips.scott@hotmail.com,(580) 609-9518,Century 21,San Jose,CA,7,28,5654566,CA878944,CA,3.8,95,B,realtor_scraper,2026-07-10T06:23:23.234233+00:00
Kimberly Jackson,Kimberly,Jackson,kjackson@homesmart.com,(414) 840-9874,Century 21,Sacramento,CA,20,26,8661654,CA260770,CA,4.6,60,B,realtor_scraper,2026-07-10T06:23:23.233980+00:00
Alexander Murphy,Alexander,Murphy,amurphy@sothebysrealty.com,(808) 299-8250,Sotheby's,Colorado Springs,CO,5,41,8758839,CO779105,CO,3.6,75,C,realtor_scraper,2026-07-10T06:23:23.284929+00:00
Amanda Myers,Amanda,Myers,amanda.myers@realtyonegroup.com,(708) 634-1006,Taylor Morrison,Orlando,FL,12,22,4128542,FL517230,FL,4.4,83,A,realtor_scraper,2026-07-10T06:23:23.106394+00:00
Lisa Diaz,Lisa,Diaz,ldiaz@berkshirehathawayhs.com,(678) 570-2476,D.R. Horton,Phoenix,AZ,4,32,4269754,AZ282605,AZ,4.4,94,A,realtor_scraper,2026-07-10T06:23:23.191662+00:00
George Kelly,George,Kelly,gkelly@redfin.com,(908) 651-3502,Tri Pointe Homes,Oklahoma City,OK,17,24,11406915,OK953191,OK,3.5,80,C,realtor_scraper,2026-07-10T06:23:23.241996+00:00
Christine Jones,Christine,Jones,jones.christine@century21.com,(518) 787-1471,M/I Homes,Raleigh,NC,5,11,1879675,NC861311,NC,3.8,89,B,realtor_scraper,2026-07-10T06:23:23.235188+00:00
Raymond Moore,Raymond,Moore,raymondm@remax.net,(769) 647-4164,Vylla Home,Detroit,MI,10,45,9395040,MI994709,MI,4.2,95,B,realtor_scraper,2026-07-10T06:23:23.234290+00:00
Benjamin Ward,Benjamin,Ward,benjamin93@outlook.com,(215) 891-4067,Tri Pointe Homes,St. Louis,MO,4,18,7642964,MO136752,MO,4.8,75,B,realtor_scraper,2026-07-10T06:23:23.235987+00:00
Larry Allen,Larry,Allen,larry50@coldwellbanker.com,(567) 901-2920,United Real Estate,Seattle,WA,2,3,109034,WA830058,WA,4.9,89,A,realtor_scraper,2026-07-10T06:23:23.201225+00:00
Laura Martinez,Laura,Martinez,lmartinez@hotmail.com,(274) 214-8742,Sotheby's,Miami,FL,5,16,5069212,FL628821,FL,4.1,94,A,realtor_scraper,2026-07-10T06:23:23.191685+00:00
Angela Hall,Angela,Hall,ahall@compass.com,(253) 787-3062,Weichert,San Diego,CA,21,10,4327696,CA920240,CA,3.6,60,A,realtor_scraper,2026-07-10T06:23:23.185968+00:00
Jacob Walker,Jacob,Walker,jacob93@coldwellbanker.com,(586) 684-8946,United Real Estate,Raleigh,NC,1,38,10938711,NC186415,NC,3.5,72,B,realtor_scraper,2026-07-10T06:23:23.236173+00:00
Daniel Hughes,Daniel,Hughes,hughes.daniel@redfin.com,(720) 428-4787,Douglas Elliman,Orlando,FL,16,20,2627634,FL323767,FL,4.6,77,A,realtor_scraper,2026-07-10T06:23:23.108908+00:00
Jonathan Stewart,Jonathan,Stewart,jonathans@berkshirehathawayhs.com,(657) 468-3326,Century Communities,Indianapolis,IN,2,39,5601481,IN758181,IN,3.6,82,B,realtor_scraper,2026-07-10T06:23:23.240023+00:00
Larry Nelson,Larry,Nelson,lnelson@homesmart.com,(631) 232-6843,Nest Seekers,Sacramento,CA,24,35,11951554,CA212391,CA,4.9,89,B,realtor_scraper,2026-07-10T06:23:23.202765+00:00
Jason Evans,Jason,Evans,jasone@kw.com,(937) 289-5861,Tri Pointe Homes,Raleigh,NC,1,21,12788846,NC300962,NC,4.7,93,B,realtor_scraper,2026-07-10T06:23:23.240010+00:00
Alexander Kelly,Alexander,Kelly,alexander4@realtor.com,(410) 486-2161,KB Home,Dallas-Fort Worth,TX,5,12,6962295,TX213380,TX,3.8,76,A,realtor_scraper,2026-07-10T06:23:23.186428+00:00
Kevin Ramirez,Kevin,Ramirez,kevinr@gmail.com,(339) 989-1137,Meritage Homes,St. Louis,MO,0,27,11943088,MO243670,MO,3.8,78,B,realtor_scraper,2026-07-10T06:23:23.236192+00:00
Christopher Ortiz,Christopher,Ortiz,ortiz.christopher@remax.net,(209) 243-4738,eXp Realty,Columbus,OH,0,23,7885397,OH248603,OH,4.6,68,B,realtor_scraper,2026-07-10T06:23:23.240280+00:00
Donna Myers,Donna,Myers,donna73@homesmart.com,(406) 779-3195,Beazer Homes,Dallas-Fort Worth,TX,4,6,898640,TX430378,TX,4.2,81,A,realtor_scraper,2026-07-10T06:23:23.192519+00:00
Joseph Ortiz,Joseph,Ortiz,josepho@kw.com,(978) 235-1841,Nest Seekers,Portland,OR,24,28,5963855,OR648002,OR,3.6,68,B,realtor_scraper,2026-07-10T06:23:23.234708+00:00
Paul Edwards,Paul,Edwards,edwards.paul@realtor.com,(503) 382-9696,Vylla Home,Philadelphia,PA,0,14,3820076,PA755335,PA,4.6,62,A,realtor_scraper,2026-07-10T06:23:23.201629+00:00
Jerry Ramos,Jerry,Ramos,jerry78@sothebysrealty.com,(718) 702-1903,Lennar,St. Louis,MO,24,31,8570910,MO382663,MO,4.0,61,B,realtor_scraper,2026-07-10T06:23:23.234695+00:00
Christopher Cruz,Christopher,Cruz,cruz.christopher@weichert.com,(539) 588-5553,NVR,Richmond,VA,1,40,5047193,VA104480,VA,4.8,85,C,realtor_scraper,2026-07-10T06:23:23.285252+00:00
Gary Morgan,Gary,Morgan,gmorgan@yahoo.com,(601) 545-8808,M/I Homes,Cincinnati,OH,16,17,4671374,OH924844,OH,3.5,61,B,realtor_scraper,2026-07-10T06:23:23.202737+00:00
George Carter,George,Carter,george49@elliman.com,(843) 381-8694,Redfin,Orlando,FL,1,45,5019466,FL490018,FL,4.0,70,A,realtor_scraper,2026-07-10T06:23:23.201991+00:00
Larry Hill,Larry,Hill,lhill@weichert.com,(619) 860-6608,Tri Pointe Homes,Dallas-Fort Worth,TX,12,29,12803989,TX517413,TX,3.9,71,A,realtor_scraper,2026-07-10T06:23:23.109058+00:00
Emily Richardson,Emily,Richardson,richardson.emily@homesmart.com,(907) 853-7460,D.R. Horton,Atlanta,GA,10,8,1036030,GA543550,GA,4.6,60,A,realtor_scraper,2026-07-10T06:23:23.106332+00:00
Gary Price,Gary,Price,price.gary@elliman.com,(458) 363-6516,ERA,Richmond,VA,23,4,267888,VA705023,VA,4.5,83,C,realtor_scraper,2026-07-10T06:23:23.242208+00:00
Emma Ortiz,Emma,Ortiz,emma.ortiz@century21.com,(806) 739-7558,Meritage Homes,Miami,FL,1,11,2414994,FL787209,FL,3.7,94,A,realtor_scraper,2026-07-10T06:23:23.201697+00:00
Emma Taylor,Emma,Taylor,emma.taylor@berkshirehathawayhs.com,(975) 710-6344,KB Home,Virginia Beach,VA,0,49,4908589,VA889307,VA,4.4,93,C,realtor_scraper,2026-07-10T06:23:23.285326+00:00
Patricia Baker,Patricia,Baker,patriciab@coldwellbanker.com,(843) 253-5905,eXp Realty,Miami,FL,17,37,2912844,FL660989,FL,4.7,82,A,realtor_scraper,2026-07-10T06:23:23.186199+00:00
Margaret Cooper,Margaret,Cooper,margaret.cooper@gmail.com,(234) 385-8240,United Real Estate,Memphis,TN,10,14,1871647,TN594626,TN,4.0,75,C,realtor_scraper,2026-07-10T06:23:23.242408+00:00
Helen Reed,Helen,Reed,helenr@weichert.com,(402) 758-8595,ERA,Detroit,MI,0,45,1975747,MI558760,MI,4.0,60,B,realtor_scraper,2026-07-10T06:23:23.236464+00:00
Jason Torres,Jason,Torres,jtorres@realtyonegroup.com,(603) 237-7385,RE/MAX,Orlando,FL,9,11,4828093,FL474675,FL,4.1,80,A,realtor_scraper,2026-07-10T06:23:23.105363+00:00
Pamela Martinez,Pamela,Martinez,pamela.martinez@berkshirehathawayhs.com,(646) 613-5472,D.R. Horton,Las Vegas,NV,21,35,11052801,NV248632,NV,5.0,78,A,realtor_scraper,2026-07-10T06:23:23.109422+00:00
James King,James,King,james.king@gmail.com,(364) 406-1267,Sotheby's,Denver,CO,19,21,5846299,CO513519,CO,4.7,75,A,realtor_scraper,2026-07-10T06:23:23.105001+00:00
Frank Martinez,Frank,Martinez,fmartinez@redfin.com,(626) 493-9397,Meritage Homes,Louisville,KY,4,0,439933,KY638474,KY,0.0,75,C,realtor_scraper,2026-07-10T06:23:23.284801+00:00
Ashley Flores,Ashley,Flores,ashley80@homesmart.com,(503) 845-4768,D.R. Horton,San Jose,CA,9,11,1053564,CA375146,CA,4.9,90,B,realtor_scraper,2026-07-10T06:23:23.234639+00:00
Sharon Hall,Sharon,Hall,hall.sharon@century21.com,(240) 790-6718,CalAtlantic Homes,Salt Lake City,UT,5,21,5493113,UT467441,UT,3.6,89,B,realtor_scraper,2026-07-10T06:23:23.235197+00:00
Benjamin Ruiz,Benjamin,Ruiz,benjaminr@berkshirehathawayhs.com,(347) 994-8568,Tri Pointe Homes,Kansas City,MO,24,46,14286786,MO858878,MO,3.8,88,B,realtor_scraper,2026-07-10T06:23:23.233907+00:00
Gary Roberts,Gary,Roberts,gary57@coldwellbanker.com,(574) 281-5638,eXp Realty,Indianapolis,IN,1,47,5954027,IN600424,IN,3.9,73,B,realtor_scraper,2026-07-10T06:23:23.239833+00:00
Tyler Scott,Tyler,Scott,scott.tyler@redfin.com,(906) 410-9894,Compass,Chicago,IL,1,2,441620,IL796380,IL,4.1,54,A,realtor_scraper,2026-07-10T06:23:23.198672+00:00
Lisa Nelson,Lisa,Nelson,lnelson@sothebysrealty.com,(301) 568-1635,The Agency,Boston,MA,0,37,6244382,MA789747,MA,5.0,75,A,realtor_scraper,2026-07-10T06:23:23.198533+00:00
Frank Reed,Frank,Reed,frankr@berkshirehathawayhs.com,(507) 432-2842,CalAtlantic Homes,Boise,ID,24,17,11587389,ID562827,ID,4.4,86,C,realtor_scraper,2026-07-10T06:23:23.240655+00:00
Betty Ruiz,Betty,Ruiz,betty.ruiz@coldwellbanker.com,(684) 361-9790,eXp Realty,St. Louis,MO,0,14,14403262,MO267878,MO,4.9,74,B,realtor_scraper,2026-07-10T06:23:23.239943+00:00
Brenda Lopez,Brenda,Lopez,lopez.brenda@hotmail.com,(916) 965-7915,HomeSmart,New Orleans,LA,15,48,2654324,LA874350,LA,4.3,92,C,realtor_scraper,2026-07-10T06:23:23.240717+00:00
Debra Rogers,Debra,Rogers,debra.rogers@weichert.com,(405) 553-8831,Nest Seekers,St. Louis,MO,14,14,10133956,MO815084,MO,4.0,98,B,realtor_scraper,2026-07-10T06:23:23.202810+00:00
Kevin Green,Kevin,Green,keving@yahoo.com,(660) 989-7446,KB Home,Reno,NV,16,35,7992342,NV991923,NV,4.3,60,C,realtor_scraper,2026-07-10T06:23:23.241563+00:00
Shirley Scott,Shirley,Scott,shirley64@weichert.com,(412) 842-3215,RE/MAX,Cincinnati,OH,10,28,10141702,OH624035,OH,4.6,94,B,realtor_scraper,2026-07-10T06:23:23.203304+00:00
Margaret Ruiz,Margaret,Ruiz,margaret.ruiz@realtyonegroup.com,(616) 397-8446,Zillow Premier,Colorado Springs,CO,0,35,8985516,CO828451,CO,3.6,91,C,realtor_scraper,2026-07-10T06:23:23.285784+00:00
Eric Howard,Eric,Howard,ehoward@weichert.com,(301) 394-6733,ERA,Minneapolis,MN,5,30,3775919,MN718282,MN,4.1,86,B,realtor_scraper,2026-07-10T06:23:23.235427+00:00
Cynthia Nguyen,Cynthia,Nguyen,cynthia.nguyen@kw.com,(260) 294-1265,Vylla Home,Los Angeles,CA,0,31,4312035,CA385632,CA,4.0,86,A,realtor_scraper,2026-07-10T06:23:23.202233+00:00
Donna Morgan,Donna,Morgan,morgan.donna@compass.com,(608) 287-5776,Berkshire Hathaway,Baltimore,MD,16,44,8422260,MD281652,MD,4.4,80,B,realtor_scraper,2026-07-10T06:23:23.234748+00:00
Brenda Thomas,Brenda,Thomas,brendat@realtyonegroup.com,(682) 380-1338,Zillow Premier,Charlotte,NC,25,18,12737745,NC831878,NC,4.3,73,A,realtor_scraper,2026-07-10T06:23:23.105449+00:00
Mark Bennett,Mark,Bennett,mbennett@exprealty.com,(605) 576-6883,The Agency,Portland,OR,5,48,7289140,OR901874,OR,4.1,80,B,realtor_scraper,2026-07-10T06:23:23.235892+00:00
Kenneth Perez,Kenneth,Perez,kenneth66@century21.com,(615) 981-2850,Vylla Home,Salt Lake City,UT,4,0,441720,UT363862,UT,0.0,41,B,realtor_scraper,2026-07-10T06:23:23.235750+00:00
Sharon Williams,Sharon,Williams,williams.sharon@homesmart.com,(847) 276-4905,Redfin,Denver,CO,15,11,10019284,CO786343,CO,4.6,87,A,realtor_scraper,2026-07-10T06:23:23.105398+00:00
Christine Gonzalez,Christine,Gonzalez,christineg@gmail.com,(978) 762-6101,Coldwell Banker,Charlotte,NC,12,39,4140496,NC349497,NC,4.6,88,A,realtor_scraper,2026-07-10T06:23:23.104897+00:00
Margaret Long,Margaret,Long,margaret.long@century21.com,(331) 389-3158,Nest Seekers,Colorado Springs,CO,24,3,1476135,CO707837,CO,3.9,79,C,realtor_scraper,2026-07-10T06:23:23.242140+00:00
George Garcia,George,Garcia,georgeg@century21.com,(769) 471-6609,Lennar,Colorado Springs,CO,23,12,1950393,CO999758,CO,4.1,89,C,realtor_scraper,2026-07-10T06:23:23.240808+00:00
George Young,George,Young,georgey@weichert.com,(430) 350-3608,The Agency,Las Vegas,NV,17,50,11277441,NV538586,NV,4.9,94,A,realtor_scraper,2026-07-10T06:23:23.109333+00:00
Emma Brown,Emma,Brown,ebrown@remax.net,(318) 475-2293,RE/MAX,Memphis,TN,2,47,12978439,TN725884,TN,4.5,98,C,realtor_scraper,2026-07-10T06:23:23.285219+00:00
Amanda Peterson,Amanda,Peterson,amanda.peterson@hotmail.com,(320) 356-5510,CalAtlantic Homes,Charlotte,NC,1,26,5445927,NC656576,NC,3.7,60,A,realtor_scraper,2026-07-10T06:23:23.202384+00:00
Maria Lewis,Maria,Lewis,lewis.maria@kw.com,(857) 275-2350,Keller Williams,Dallas-Fort Worth,TX,1,29,12000706,TX687758,TX,3.6,100,A,realtor_scraper,2026-07-10T06:23:23.200594+00:00
Patrick Evans,Patrick,Evans,pevans@outlook.com,(606) 259-1034,Lennar,Milwaukee,WI,16,16,5260373,WI283553,WI,4.2,61,C,realtor_scraper,2026-07-10T06:23:23.241120+00:00
Catherine Cruz,Catherine,Cruz,catherine80@coldwellbanker.com,(251) 475-3249,Better Homes & Gardens,Sacramento,CA,0,39,1538850,CA705346,CA,3.9,62,B,realtor_scraper,2026-07-10T06:23:23.236287+00:00
Cynthia Bailey,Cynthia,Bailey,cynthia.bailey@compass.com,(309) 955-8441,HomeSmart,Boise,ID,14,14,8604017,ID107369,ID,3.8,68,C,realtor_scraper,2026-07-10T06:23:23.241366+00:00
Gary Cruz,Gary,Cruz,gcruz@weichert.com,(585) 609-1369,Compass,Las Vegas,NV,12,31,6037766,NV353393,NV,3.7,63,A,realtor_scraper,2026-07-10T06:23:23.104876+00:00
Diane Nelson,Diane,Nelson,dianen@sothebysrealty.com,(786) 873-7268,RE/MAX,Memphis,TN,3,15,13068116,TN232604,TN,4.5,77,C,realtor_scraper,2026-07-10T06:23:23.284685+00:00
Elizabeth Diaz,Elizabeth,Diaz,elizabeth30@kw.com,(559) 657-1637,D.R. Horton,Virginia Beach,VA,2,10,1085804,VA332525,VA,4.9,76,C,realtor_scraper,2026-07-10T06:23:23.285191+00:00
George Miller,George,Miller,george.miller@gmail.com,(785) 759-7273,Realty One Group,Portland,OR,20,29,9096589,OR496422,OR,4.6,92,B,realtor_scraper,2026-07-10T06:23:23.233936+00:00
Rebecca Hughes,Rebecca,Hughes,hughes.rebecca@coldwellbanker.com,(405) 561-1902,Century 21,Miami,FL,3,31,11817651,FL269918,FL,4.9,100,A,realtor_scraper,2026-07-10T06:23:23.192498+00:00
Jonathan Diaz,Jonathan,Diaz,diaz.jonathan@gmail.com,(684) 655-9539,Taylor Morrison,Cincinnati,OH,2,23,11824230,OH522816,OH,3.7,100,B,realtor_scraper,2026-07-10T06:23:23.236473+00:00
Tyler Patel,Tyler,Patel,tpatel@compass.com,(864) 242-4616,Sotheby's,Atlanta,GA,12,22,8179204,GA190913,GA,4.0,95,A,realtor_scraper,2026-07-10T06:23:23.105593+00:00
Sarah Wilson,Sarah,Wilson,wilson.sarah@redfin.com,(618) 802-4794,Ryan Homes,Virginia Beach,VA,5,11,1763134,VA428897,VA,3.6,62,C,realtor_scraper,2026-07-10T06:23:23.242522+00:00
Ryan Turner,Ryan,Turner,rturner@sothebysrealty.com,(270) 293-9544,The Agency,Tucson,AZ,20,19,6478365,AZ170630,AZ,4.9,75,C,realtor_scraper,2026-07-10T06:23:23.242194+00:00
Jacob Campbell,Jacob,Campbell,jcampbell@exprealty.com,(321) 334-4439,RE/MAX,Portland,OR,3,16,7212147,OR483383,OR,4.1,74,B,realtor_scraper,2026-07-10T06:23:23.236062+00:00
Kenneth Gutierrez,Kenneth,Gutierrez,kenneth64@elliman.com,(972) 337-1575,CalAtlantic Homes,Chicago,IL,11,33,14644470,IL389164,IL,3.5,87,A,realtor_scraper,2026-07-10T06:23:23.107662+00:00
George James,George,James,george12@hotmail.com,(423) 517-1962,Lennar,San Jose,CA,14,45,4876769,CA286618,CA,4.8,80,B,realtor_scraper,2026-07-10T06:23:23.234864+00:00
Amy Lopez,Amy,Lopez,amy.lopez@weichert.com,(845) 482-9165,eXp Realty,Portland,OR,22,22,9187575,OR664179,OR,4.0,70,B,realtor_scraper,2026-07-10T06:23:23.203478+00:00
Richard Ross,Richard,Ross,rross@elliman.com,(715) 534-1267,Pulte Homes,Atlanta,GA,6,31,12983868,GA187983,GA,3.5,90,A,realtor_scraper,2026-07-10T06:23:23.105640+00:00
Dennis Allen,Dennis,Allen,dennis.allen@outlook.com,(718) 573-5734,RE/MAX,Phoenix,AZ,13,17,4522867,AZ536390,AZ,3.9,68,A,realtor_scraper,2026-07-10T06:23:23.106445+00:00
Benjamin Thompson,Benjamin,Thompson,benjamint@outlook.com,(571) 716-7538,Pulte Homes,Phoenix,AZ,1,13,649572,AZ431057,AZ,4.1,90,A,realtor_scraper,2026-07-10T06:23:23.201178+00:00
Stephen Green,Stephen,Green,sgreen@compass.com,(339) 586-9375,Beazer Homes,Tampa,FL,3,16,5918885,FL793148,FL,4.1,68,A,realtor_scraper,2026-07-10T06:23:23.186443+00:00
Jessica Bennett,Jessica,Bennett,jessica35@coldwellbanker.com,(301) 674-5339,Keller Williams,Raleigh,NC,2,8,1122378,NC986085,NC,4.0,65,B,realtor_scraper,2026-07-10T06:23:23.240235+00:00
Catherine Thompson,Catherine,Thompson,catherine.thompson@gmail.com,(904) 966-6360,Redfin,Baltimore,MD,4,50,7312399,MD806490,MD,4.6,78,B,realtor_scraper,2026-07-10T06:23:23.235613+00:00
Katherine Gutierrez,Katherine,Gutierrez,gutierrez.katherine@gmail.com,(714) 760-5032,The Agency,Denver,CO,2,31,7380351,CO747290,CO,3.9,80,A,realtor_scraper,2026-07-10T06:23:23.199239+00:00
Donna Sanders,Donna,Sanders,sanders.donna@outlook.com,(828) 901-6296,Meritage Homes,Minneapolis,MN,9,10,8281428,MN352541,MN,4.6,65,B,realtor_scraper,2026-07-10T06:23:23.203495+00:00
Dorothy Ramos,Dorothy,Ramos,dorothyr@realtyonegroup.com,(217) 940-6838,ERA,Seattle,WA,11,19,8484097,WA425326,WA,4.0,74,A,realtor_scraper,2026-07-10T06:23:23.106291+00:00
Kevin Wilson,Kevin,Wilson,kevin.wilson@remax.net,(831) 710-7175,Redfin,Seattle,WA,20,29,5149565,WA607282,WA,4.1,95,A,realtor_scraper,2026-07-10T06:23:23.109511+00:00
Timothy Thomas,Timothy,Thomas,timothyt@coldwellbanker.com,(207) 882-5034,Realty One Group,Kansas City,MO,4,26,10227333,MO139876,MO,3.9,82,B,realtor_scraper,2026-07-10T06:23:23.235704+00:00
Dennis Rogers,Dennis,Rogers,dennis.rogers@sothebysrealty.com,(862) 860-6717,Nest Seekers,Portland,OR,6,12,915590,OR645758,OR,4.6,70,B,realtor_scraper,2026-07-10T06:23:23.202657+00:00
Laura Sanders,Laura,Sanders,lauras@realtor.com,(651) 353-5065,NVR,Baltimore,MD,2,26,4791657,MD383635,MD,4.4,62,B,realtor_scraper,2026-07-10T06:23:23.239740+00:00
Sandra Edwards,Sandra,Edwards,sedwards@gmail.com,(870) 780-3203,Century 21,Cincinnati,OH,23,45,7058730,OH987211,OH,4.3,87,B,realtor_scraper,2026-07-10T06:23:23.234042+00:00
Dennis Baker,Dennis,Baker,dbaker@yahoo.com,(510) 346-4437,HomeSmart,Minneapolis,MN,21,40,2610689,MN252187,MN,4.3,60,B,realtor_scraper,2026-07-10T06:23:23.234792+00:00
Sandra Phillips,Sandra,Phillips,phillips.sandra@remax.net,(727) 806-9457,HomeSmart,Charlotte,NC,17,16,11663421,NC361612,NC,3.9,80,A,realtor_scraper,2026-07-10T06:23:23.186032+00:00
Susan Cook,Susan,Cook,susan12@outlook.com,(989) 531-9609,Nest Seekers,New York,NY,1,48,14167075,NY651204,NY,3.5,99,A,realtor_scraper,2026-07-10T06:23:23.201588+00:00
Tyler Cooper,Tyler,Cooper,tylerc@kw.com,(878) 937-2841,Keller Williams,Nashville,TN,4,35,5227576,TN835054,TN,3.9,66,A,realtor_scraper,2026-07-10T06:23:23.192541+00:00
Lisa Gomez,Lisa,Gomez,lisa.gomez@hotmail.com,(623) 797-4197,Sotheby's,Salt Lake City,UT,11,46,3022768,UT189758,UT,4.6,66,B,realtor_scraper,2026-07-10T06:23:23.234808+00:00
Michelle White,Michelle,White,michelle.white@elliman.com,(417) 861-5239,Pulte Homes,San Francisco,CA,5,5,11057,CA108779,CA,4.9,64,A,realtor_scraper,2026-07-10T06:23:23.187735+00:00
Kathleen Green,Kathleen,Green,kathleen46@remax.net,(719) 229-3957,LGI Homes,Memphis,TN,21,22,3680184,TN449005,TN,4.5,74,C,realtor_scraper,2026-07-10T06:23:23.241467+00:00
David Mitchell,David,Mitchell,davidm@gmail.com,(815) 799-3002,Realty One Group,Philadelphia,PA,25,20,3811276,PA768854,PA,4.3,80,A,realtor_scraper,2026-07-10T06:23:23.107676+00:00
Christopher Thompson,Christopher,Thompson,thompson.christopher@homesmart.com,(737) 923-5148,Better Homes & Gardens,Baltimore,MD,6,17,10993522,MD990033,MD,3.9,88,B,realtor_scraper,2026-07-10T06:23:23.203259+00:00
Betty Rodriguez,Betty,Rodriguez,brodriguez@coldwellbanker.com,(217) 369-4651,Ryan Homes,Denver,CO,20,17,11057586,CO485899,CO,4.5,78,A,realtor_scraper,2026-07-10T06:23:23.105281+00:00
Frank Reed,Frank,Reed,freed@homesmart.com,(479) 378-6064,Coldwell Banker,Salt Lake City,UT,2,11,9725948,UT366469,UT,4.7,91,B,realtor_scraper,2026-07-10T06:23:23.236437+00:00
Robert Ruiz,Robert,Ruiz,rruiz@elliman.com,(314) 871-9775,NVR,Salt Lake City,UT,21,5,145120,UT162094,UT,4.2,74,B,realtor_scraper,2026-07-10T06:23:23.203385+00:00
Nicholas Wilson,Nicholas,Wilson,nicholas25@realtor.com,(629) 703-2478,Coldwell Banker,Detroit,MI,1,32,12309740,MI699690,MI,3.7,81,B,realtor_scraper,2026-07-10T06:23:23.236074+00:00
Stephanie Chavez,Stephanie,Chavez,stephanie39@sothebysrealty.com,(231) 870-4833,Douglas Elliman,Seattle,WA,9,8,972779,WA176251,WA,3.8,86,A,realtor_scraper,2026-07-10T06:23:23.106301+00:00
Patrick Hughes,Patrick,Hughes,phughes@yahoo.com,(831) 336-5479,Keller Williams,Minneapolis,MN,13,19,6599141,MN695024,MN,3.6,80,B,realtor_scraper,2026-07-10T06:23:23.234261+00:00
Melissa Adams,Melissa,Adams,adams.melissa@gmail.com,(832) 781-5656,KB Home,St. Louis,MO,3,18,6112396,MO416781,MO,4.1,92,B,realtor_scraper,2026-07-10T06:23:23.235963+00:00
Raymond Cooper,Raymond,Cooper,raymondc@coldwellbanker.com,(712) 698-3715,Century 21,Oklahoma City,OK,6,38,13314025,OK916472,OK,4.6,89,C,realtor_scraper,2026-07-10T06:23:23.242154+00:00
Edward Ward,Edward,Ward,edward.ward@kw.com,(650) 433-7573,Redfin,Chicago,IL,14,22,11322193,IL138536,IL,3.9,85,A,realtor_scraper,2026-07-10T06:23:23.104946+00:00
Raymond Carter,Raymond,Carter,rcarter@remax.net,(603) 763-6141,Century 21,San Antonio,TX,3,30,9375254,TX374665,TX,4.3,76,B,realtor_scraper,2026-07-10T06:23:23.235648+00:00
Thomas Bailey,Thomas,Bailey,thomas66@exprealty.com,(518) 952-4536,Redfin,Sacramento,CA,0,30,5629494,CA221655,CA,4.9,63,B,realtor_scraper,2026-07-10T06:23:23.240093+00:00
Justin Jones,Justin,Jones,jjones@exprealty.com,(281) 844-3059,Meritage Homes,San Diego,CA,13,35,6726614,CA761135,CA,4.5,69,A,realtor_scraper,2026-07-10T06:23:23.105782+00:00
Anthony Morales,Anthony,Morales,morales.anthony@remax.net,(410) 949-2659,ERA,Dallas-Fort Worth,TX,2,50,2671681,TX628976,TX,4.4,91,A,realtor_scraper,2026-07-10T06:23:23.201124+00:00
David Brooks,David,Brooks,david49@remax.net,(906) 223-2960,Lennar,Charlotte,NC,3,15,7620572,NC475491,NC,3.5,92,A,realtor_scraper,2026-07-10T06:23:23.198108+00:00
Frank Nguyen,Frank,Nguyen,nguyen.frank@berkshirehathawayhs.com,(614) 813-7275,M/I Homes,Chicago,IL,4,14,593616,IL587595,IL,3.9,82,A,realtor_scraper,2026-07-10T06:23:23.192561+00:00
Carol Anderson,Carol,Anderson,carol98@kw.com,(816) 743-3045,LGI Homes,Cleveland,OH,25,33,9937192,OH446152,OH,4.5,90,B,realtor_scraper,2026-07-10T06:23:23.235052+00:00
Robert Miller,Robert,Miller,rmiller@realtor.com,(810) 406-5958,Lennar,Baltimore,MD,3,3,1849925,MD508090,MD,4.0,71,B,realtor_scraper,2026-07-10T06:23:23.235919+00:00
Christopher Roberts,Christopher,Roberts,croberts@homesmart.com,(740) 763-7275,Douglas Elliman,Tampa,FL,23,23,5754219,FL911929,FL,4.3,82,A,realtor_scraper,2026-07-10T06:23:23.186166+00:00
Laura Parker,Laura,Parker,laurap@hotmail.com,(804) 786-7010,Sotheby's,Raleigh,NC,14,35,2412995,NC971359,NC,4.0,90,B,realtor_scraper,2026-07-10T06:23:23.203549+00:00
Andrew Chavez,Andrew,Chavez,andrewc@remax.net,(973) 671-5770,Redfin,San Antonio,TX,6,24,5441068,TX246996,TX,4.5,92,B,realtor_scraper,2026-07-10T06:23:23.203077+00:00
Kenneth Garcia,Kenneth,Garcia,kenneth.garcia@remax.net,(951) 964-1434,Century Communities,Denver,CO,7,32,5113737,CO519455,CO,4.0,61,A,realtor_scraper,2026-07-10T06:23:23.109253+00:00
Alexander Bailey,Alexander,Bailey,bailey.alexander@gmail.com,(818) 864-1757,Compass,San Francisco,CA,0,17,13456356,CA518850,CA,3.5,85,A,realtor_scraper,2026-07-10T06:23:23.201198+00:00
Samantha Reed,Samantha,Reed,samantha27@exprealty.com,(978) 634-9351,Berkshire Hathaway,Tucson,AZ,2,14,8584371,AZ413078,AZ,4.8,74,C,realtor_scraper,2026-07-10T06:23:23.285465+00:00
David Rodriguez,David,Rodriguez,david44@weichert.com,(531) 341-6237,Douglas Elliman,Reno,NV,2,50,13785050,NV316809,NV,3.6,95,C,realtor_scraper,2026-07-10T06:23:23.285421+00:00
Kathleen Stewart,Kathleen,Stewart,stewart.kathleen@century21.com,(224) 484-2662,Taylor Morrison,Miami,FL,10,20,1673525,FL679963,FL,4.6,60,A,realtor_scraper,2026-07-10T06:23:23.109375+00:00
Patricia Jones,Patricia,Jones,pjones@century21.com,(504) 912-9222,NVR,San Diego,CA,2,24,12879368,CA567963,CA,4.1,100,A,realtor_scraper,2026-07-10T06:23:23.202471+00:00
Nicole Scott,Nicole,Scott,scott.nicole@homesmart.com,(580) 390-7403,Ryan Homes,Jacksonville,FL,23,14,783005,FL731733,FL,4.3,63,B,realtor_scraper,2026-07-10T06:23:23.202756+00:00
Anna Castillo,Anna,Castillo,anna76@realtor.com,(980) 468-9775,Lennar,Milwaukee,WI,1,5,254313,WI392215,WI,4.7,83,C,realtor_scraper,2026-07-10T06:23:23.285204+00:00
Angela Bennett,Angela,Bennett,bennett.angela@remax.net,(567) 624-5699,RE/MAX,Boston,MA,2,31,10771573,MA101490,MA,4.0,74,A,realtor_scraper,2026-07-10T06:23:23.198147+00:00
James Hughes,James,Hughes,jamesh@weichert.com,(603) 438-9827,eXp Realty,Boston,MA,17,35,2196241,MA816438,MA,4.7,69,A,realtor_scraper,2026-07-10T06:23:23.109174+00:00
Dennis Gomez,Dennis,Gomez,dennisg@century21.com,(413) 425-1219,Tri Pointe Homes,Colorado Springs,CO,25,3,1567716,CO105157,CO,4.2,94,C,realtor_scraper,2026-07-10T06:23:23.242167+00:00
Stephanie Perez,Stephanie,Perez,sperez@gmail.com,(802) 501-5408,KB Home,Chicago,IL,15,29,9976826,IL937916,IL,3.7,86,A,realtor_scraper,2026-07-10T06:23:23.109483+00:00
Paul Bennett,Paul,Bennett,paulb@realtor.com,(215) 969-5810,ERA,Boston,MA,4,23,6552255,MA707516,MA,4.5,65,A,realtor_scraper,2026-07-10T06:23:23.186474+00:00
Anthony Wood,Anthony,Wood,anthony91@realtor.com,(484) 721-7271,Pulte Homes,Minneapolis,MN,3,31,3661900,MN852546,MN,4.1,68,B,realtor_scraper,2026-07-10T06:23:23.235927+00:00
Susan Evans,Susan,Evans,sevans@kw.com,(915) 916-6545,KB Home,Kansas City,MO,7,14,1832359,MO654607,MO,3.7,76,B,realtor_scraper,2026-07-10T06:23:23.234192+00:00
Karen Stewart,Karen,Stewart,karen23@outlook.com,(919) 983-5503,RE/MAX,San Diego,CA,4,36,8067347,CA129342,CA,4.9,63,A,realtor_scraper,2026-07-10T06:23:23.197680+00:00
Kimberly Kim,Kimberly,Kim,kkim@weichert.com,(910) 372-5346,Redfin,Sacramento,CA,6,26,1842301,CA562102,CA,4.3,70,B,realtor_scraper,2026-07-10T06:23:23.203214+00:00
Donna Morgan,Donna,Morgan,donnam@realtyonegroup.com,(850) 705-7817,Better Homes & Gardens,Minneapolis,MN,0,14,10180904,MN623879,MN,4.8,79,B,realtor_scraper,2026-07-10T06:23:23.236396+00:00
Linda Patel,Linda,Patel,patel.linda@exprealty.com,(971) 490-6202,Sotheby's,Raleigh,NC,10,17,2164788,NC769298,NC,4.0,62,B,realtor_scraper,2026-07-10T06:23:23.234877+00:00
Karen Wright,Karen,Wright,karen50@yahoo.com,(814) 439-7670,Douglas Elliman,Colorado Springs,CO,24,41,10249786,CO341688,CO,4.7,100,C,realtor_scraper,2026-07-10T06:23:23.242362+00:00
Katherine Hill,Katherine,Hill,hill.katherine@century21.com,(380) 732-4376,Taylor Morrison,Virginia Beach,VA,4,40,3438212,VA981723,VA,3.8,82,C,realtor_scraper,2026-07-10T06:23:23.284949+00:00
Jerry Baker,Jerry,Baker,baker.jerry@elliman.com,(202) 608-8733,Lennar,Baton Rouge,LA,1,17,2486123,LA200138,LA,3.8,68,C,realtor_scraper,2026-07-10T06:23:23.285626+00:00
Kimberly Watson,Kimberly,Watson,watson.kimberly@redfin.com,(207) 424-9697,Redfin,Sacramento,CA,1,21,9743463,CA814572,CA,4.3,95,B,realtor_scraper,2026-07-10T06:23:23.240293+00:00
Tyler Alvarez,Tyler,Alvarez,tylera@remax.net,(402) 890-5991,Lennar,Sacramento,CA,2,40,7029188,CA165215,CA,4.8,67,B,realtor_scraper,2026-07-10T06:23:23.240105+00:00
Dorothy Ortiz,Dorothy,Ortiz,dorothyo@century21.com,(336) 970-5995,Weichert,Los Angeles,CA,3,18,9326653,CA563562,CA,4.7,72,A,realtor_scraper,2026-07-10T06:23:23.191649+00:00
Karen Reyes,Karen,Reyes,karenr@sothebysrealty.com,(706) 538-8372,NVR,San Antonio,TX,5,47,1640963,TX669138,TX,4.1,60,B,realtor_scraper,2026-07-10T06:23:23.235826+00:00
Kathleen Patel,Kathleen,Patel,patel.kathleen@remax.net,(806) 978-3218,The Agency,Austin,TX,16,18,4149299,TX873041,TX,4.4,79,A,realtor_scraper,2026-07-10T06:23:23.106140+00:00
Linda Patel,Linda,Patel,linda45@outlook.com,(352) 839-7037,Sotheby's,Richmond,VA,0,26,14360754,VA735284,VA,4.2,100,C,realtor_scraper,2026-07-10T06:23:23.285998+00:00
Matthew Ramos,Matthew,Ramos,mramos@remax.net,(903) 302-9255,Beazer Homes,Miami,FL,24,13,1973147,FL976579,FL,4.5,79,A,realtor_scraper,2026-07-10T06:23:23.106053+00:00
Stephanie Smith,Stephanie,Smith,ssmith@sothebysrealty.com,(872) 602-5164,Ryan Homes,Baltimore,MD,1,48,2742802,MD992840,MD,4.9,64,B,realtor_scraper,2026-07-10T06:23:23.240037+00:00
Laura Peterson,Laura,Peterson,laura8@kw.com,(973) 264-5633,Realty One Group,Detroit,MI,1,49,10753853,MI772740,MI,3.6,71,B,realtor_scraper,2026-07-10T06:23:23.236251+00:00
Jason Hernandez,Jason,Hernandez,jhernandez@outlook.com,(651) 598-5021,M/I Homes,Denver,CO,0,46,5245803,CO885197,CO,4.3,70,A,realtor_scraper,2026-07-10T06:23:23.202452+00:00
Daniel Cruz,Daniel,Cruz,daniel42@outlook.com,(607) 282-3648,Realty One Group,Cleveland,OH,0,34,7372052,OH216598,OH,4.8,84,B,realtor_scraper,2026-07-10T06:23:23.239695+00:00
Jerry Garcia,Jerry,Garcia,jerryg@weichert.com,(274) 343-7384,Douglas Elliman,Dallas-Fort Worth,TX,1,14,13412737,TX253348,TX,4.0,100,A,realtor_scraper,2026-07-10T06:23:23.202414+00:00
Brandon Ramos,Brandon,Ramos,brandon.ramos@exprealty.com,(515) 712-9736,Lennar,Jacksonville,FL,21,15,1316843,FL966567,FL,4.9,95,B,realtor_scraper,2026-07-10T06:23:23.203323+00:00
Elizabeth Davis,Elizabeth,Davis,elizabethd@coldwellbanker.com,(918) 404-4339,Nest Seekers,Tampa,FL,23,49,14973653,FL366358,FL,3.7,92,A,realtor_scraper,2026-07-10T06:23:23.106482+00:00
Nicholas Flores,Nicholas,Flores,nicholas28@exprealty.com,(862) 847-9844,Weichert,Columbus,OH,8,11,5847519,OH754575,OH,3.7,85,B,realtor_scraper,2026-07-10T06:23:23.203169+00:00
Carol Clark,Carol,Clark,carol33@compass.com,(330) 672-4788,LGI Homes,Denver,CO,18,34,12000335,CO255044,CO,4.0,94,A,realtor_scraper,2026-07-10T06:23:23.186247+00:00
Donna Moore,Donna,Moore,donna.moore@remax.net,(321) 949-5145,NVR,San Francisco,CA,18,27,6551920,CA613544,CA,3.8,66,A,realtor_scraper,2026-07-10T06:23:23.106044+00:00
Charles Myers,Charles,Myers,cmyers@coldwellbanker.com,(364) 382-5917,Taylor Morrison,Portland,OR,22,36,12353721,OR385264,OR,4.5,72,B,realtor_scraper,2026-07-10T06:23:23.233856+00:00
Amanda Gomez,Amanda,Gomez,amandag@yahoo.com,(469) 945-7721,Pulte Homes,Tampa,FL,2,27,8471095,FL462540,FL,4.4,85,A,realtor_scraper,2026-07-10T06:23:23.198491+00:00
Maria Cook,Maria,Cook,cook.maria@sothebysrealty.com,(386) 577-4164,M/I Homes,Las Vegas,NV,6,36,7429458,NV102556,NV,4.6,68,A,realtor_scraper,2026-07-10T06:23:23.104980+00:00
Karen Wood,Karen,Wood,karen.wood@compass.com,(737) 871-8803,KB Home,Reno,NV,11,24,2733602,NV844533,NV,3.9,80,C,realtor_scraper,2026-07-10T06:23:23.240759+00:00
Stephanie Miller,Stephanie,Miller,miller.stephanie@homesmart.com,(252) 538-1152,Ryan Homes,St. Louis,MO,0,20,12043743,MO430436,MO,3.7,81,B,realtor_scraper,2026-07-10T06:23:23.236417+00:00
Cynthia Ramos,Cynthia,Ramos,cramos@berkshirehathawayhs.com,(360) 952-9200,RE/MAX,Oklahoma City,OK,0,14,10134737,OK376898,OK,3.8,83,C,realtor_scraper,2026-07-10T06:23:23.285087+00:00
Donna Phillips,Donna,Phillips,donna65@realtyonegroup.com,(443) 707-1991,Lennar,San Francisco,CA,14,14,13250243,CA586100,CA,4.0,86,A,realtor_scraper,2026-07-10T06:23:23.105811+00:00
Betty Reyes,Betty,Reyes,bettyr@outlook.com,(650) 743-6297,D.R. Horton,San Antonio,TX,3,17,4294618,TX942042,TX,3.5,92,B,realtor_scraper,2026-07-10T06:23:23.235232+00:00
Emma Hill,Emma,Hill,ehill@weichert.com,(701) 324-5575,CalAtlantic Homes,Albuquerque,NM,23,31,5106405,NM362270,NM,4.9,84,C,realtor_scraper,2026-07-10T06:23:23.241481+00:00
Donna Peterson,Donna,Peterson,dpeterson@sothebysrealty.com,(430) 329-1382,Weichert,Boston,MA,21,37,2769996,MA404621,MA,3.9,79,A,realtor_scraper,2026-07-10T06:23:23.106163+00:00
Mary Ward,Mary,Ward,ward.mary@sothebysrealty.com,(682) 204-6041,Realty One Group,Orlando,FL,17,48,5789567,FL166566,FL,4.6,85,A,realtor_scraper,2026-07-10T06:23:23.186067+00:00
Anthony Hall,Anthony,Hall,anthonyh@hotmail.com,(253) 313-5159,HomeSmart,Austin,TX,17,1,399692,TX581758,TX,3.9,51,A,realtor_scraper,2026-07-10T06:23:23.109498+00:00
Sandra Taylor,Sandra,Taylor,sandra.taylor@elliman.com,(216) 309-3328,Taylor Morrison,Albuquerque,NM,23,30,11675305,NM591810,NM,3.6,89,C,realtor_scraper,2026-07-10T06:23:23.241164+00:00
Timothy Carter,Timothy,Carter,timothy.carter@realtor.com,(623) 915-6131,HomeSmart,Milwaukee,WI,24,49,4989651,WI564141,WI,4.7,84,C,realtor_scraper,2026-07-10T06:23:23.241352+00:00
Lisa Sanders,Lisa,Sanders,lisa.sanders@homesmart.com,(321) 434-7429,Meritage Homes,Nashville,TN,2,0,249860,TN807874,TN,0.0,74,A,realtor_scraper,2026-07-10T06:23:23.200656+00:00
Matthew Johnson,Matthew,Johnson,matthew.johnson@homesmart.com,(571) 715-3414,Vylla Home,San Francisco,CA,11,34,7081424,CA253149,CA,3.9,82,A,realtor_scraper,2026-07-10T06:23:23.185932+00:00
Dennis Chavez,Dennis,Chavez,dennis46@outlook.com,(515) 509-5436,HomeSmart,St. Louis,MO,0,2,322159,MO446721,MO,4.8,73,B,realtor_scraper,2026-07-10T06:23:23.236361+00:00
George Sanchez,George,Sanchez,george94@sothebysrealty.com,(706) 451-6219,LGI Homes,Phoenix,AZ,16,27,12735238,AZ412311,AZ,4.1,100,A,realtor_scraper,2026-07-10T06:23:23.105693+00:00
Laura Patel,Laura,Patel,laurap@realtor.com,(404) 673-7045,LGI Homes,Denver,CO,15,10,6356429,CO377266,CO,4.7,80,A,realtor_scraper,2026-07-10T06:23:23.109305+00:00
Patrick Evans,Patrick,Evans,evans.patrick@elliman.com,(320) 854-7348,eXp Realty,New York,NY,0,33,5677335,NY341965,NY,3.6,90,A,realtor_scraper,2026-07-10T06:23:23.198129+00:00
Sarah White,Sarah,White,swhite@century21.com,(813) 790-1990,Keller Williams,Albuquerque,NM,0,50,8673637,NM349920,NM,4.4,81,C,realtor_scraper,2026-07-10T06:23:23.285341+00:00
Christine Young,Christine,Young,christine.young@century21.com,(256) 693-6143,Berkshire Hathaway,Baton Rouge,LA,10,17,5744196,LA109862,LA,4.1,67,C,realtor_scraper,2026-07-10T06:23:23.240730+00:00
Richard Diaz,Richard,Diaz,richardd@compass.com,(970) 395-1110,Weichert,Baton Rouge,LA,4,24,10524782,LA403158,LA,3.7,87,C,realtor_scraper,2026-07-10T06:23:23.284601+00:00
Michael Roberts,Michael,Roberts,michael61@coldwellbanker.com,(651) 932-4929,Better Homes & Gardens,Boise,ID,8,1,319993,ID800546,ID,5.0,66,C,realtor_scraper,2026-07-10T06:23:23.240618+00:00
Jack Gomez,Jack,Gomez,gomez.jack@homesmart.com,(445) 497-6431,eXp Realty,Raleigh,NC,19,8,1674842,NC169951,NC,3.8,69,B,realtor_scraper,2026-07-10T06:23:23.235009+00:00
Amanda Rodriguez,Amanda,Rodriguez,arodriguez@coldwellbanker.com,(717) 687-5224,Douglas Elliman,Charlotte,NC,21,45,9616083,NC152352,NC,3.8,62,A,realtor_scraper,2026-07-10T06:23:23.105044+00:00
Samantha Scott,Samantha,Scott,samantha11@sothebysrealty.com,(315) 779-2021,Tri Pointe Homes,Salt Lake City,UT,4,13,1862216,UT191772,UT,4.7,77,B,realtor_scraper,2026-07-10T06:23:23.236044+00:00
Kimberly Gomez,Kimberly,Gomez,kimberly60@gmail.com,(956) 328-7355,Toll Brothers,Boston,MA,25,35,9666913,MA292220,MA,4.8,75,A,realtor_scraper,2026-07-10T06:23:23.186049+00:00
Kathleen Martinez,Kathleen,Martinez,kathleen.martinez@homesmart.com,(984) 290-2371,NVR,Seattle,WA,3,12,1475692,WA558398,WA,3.8,73,A,realtor_scraper,2026-07-10T06:23:23.194131+00:00
Tyler Lee,Tyler,Lee,tylerl@elliman.com,(731) 908-5274,NVR,Orlando,FL,16,46,13927219,FL305238,FL,5.0,90,A,realtor_scraper,2026-07-10T06:23:23.106063+00:00
Jason Ortiz,Jason,Ortiz,jason12@exprealty.com,(330) 448-9660,Douglas Elliman,Portland,OR,6,24,7140682,OR192793,OR,4.1,91,B,realtor_scraper,2026-07-10T06:23:23.234851+00:00
Michelle Bennett,Michelle,Bennett,bennett.michelle@realtyonegroup.com,(608) 584-3309,Tri Pointe Homes,Virginia Beach,VA,2,24,8265686,VA689364,VA,3.6,79,C,realtor_scraper,2026-07-10T06:23:23.285313+00:00
Janet Rogers,Janet,Rogers,janet.rogers@realtor.com,(325) 568-2116,Weichert,St. Louis,MO,1,4,1136799,MO848921,MO,4.1,60,B,realtor_scraper,2026-07-10T06:23:23.236200+00:00
Ryan Bailey,Ryan,Bailey,rbailey@redfin.com,(419) 507-5181,RE/MAX,San Jose,CA,7,36,3143442,CA235658,CA,3.9,82,B,realtor_scraper,2026-07-10T06:23:23.233739+00:00
Linda Gomez,Linda,Gomez,lindag@yahoo.com,(916) 321-1662,Pulte Homes,Milwaukee,WI,13,10,12058836,WI576728,WI,4.1,73,C,realtor_scraper,2026-07-10T06:23:23.241882+00:00
Barbara Ross,Barbara,Ross,barbarar@sothebysrealty.com,(636) 734-8841,Century 21,San Francisco,CA,1,20,9947673,CA587371,CA,4.2,87,A,realtor_scraper,2026-07-10T06:23:23.198907+00:00
Joseph Parker,Joseph,Parker,jparker@redfin.com,(714) 700-7078,RE/MAX,Raleigh,NC,23,49,14452086,NC361604,NC,4.8,83,B,realtor_scraper,2026-07-10T06:23:23.202534+00:00
Deborah Murphy,Deborah,Murphy,deborahm@redfin.com,(773) 695-2239,United Real Estate,Boise,ID,13,35,6048132,ID469060,ID,5.0,92,C,realtor_scraper,2026-07-10T06:23:23.240542+00:00
Emily Turner,Emily,Turner,turner.emily@weichert.com,(432) 718-1119,Berkshire Hathaway,Seattle,WA,4,40,9188143,WA651183,WA,4.2,87,A,realtor_scraper,2026-07-10T06:23:23.186396+00:00
Amanda Flores,Amanda,Flores,amanda27@homesmart.com,(508) 252-4210,Meritage Homes,Atlanta,GA,14,37,3333595,GA427489,GA,4.5,93,A,realtor_scraper,2026-07-10T06:23:23.105565+00:00
Jonathan Moore,Jonathan,Moore,jonathanm@remax.net,(719) 875-2462,Century Communities,Tampa,FL,10,10,8094546,FL435035,FL,4.6,73,A,realtor_scraper,2026-07-10T06:23:23.108862+00:00
Rebecca Ruiz,Rebecca,Ruiz,rebeccar@exprealty.com,(269) 334-8153,D.R. Horton,New York,NY,0,25,4744267,NY130941,NY,4.2,95,A,realtor_scraper,2026-07-10T06:23:23.202123+00:00
Michael Lewis,Michael,Lewis,lewis.michael@outlook.com,(715) 656-8800,The Agency,Minneapolis,MN,9,16,3865915,MN851121,MN,4.6,73,B,realtor_scraper,2026-07-10T06:23:23.202895+00:00
Justin Wood,Justin,Wood,justin.wood@yahoo.com,(678) 638-8280,CalAtlantic Homes,New Orleans,LA,0,11,10375620,LA714117,LA,4.6,100,C,realtor_scraper,2026-07-10T06:23:23.285012+00:00
Alexander Hill,Alexander,Hill,hill.alexander@realtor.com,(502) 986-6185,Zillow Premier,Nashville,TN,1,23,13975489,TN717231,TN,4.9,80,A,realtor_scraper,2026-07-10T06:23:23.202405+00:00
Brandon Myers,Brandon,Myers,bmyers@hotmail.com,(805) 652-9595,United Real Estate,Denver,CO,2,39,1835201,CO881105,CO,3.6,66,A,realtor_scraper,2026-07-10T06:23:23.199103+00:00
Christine Kelly,Christine,Kelly,christine.kelly@gmail.com,(248) 778-3034,Sotheby's,Charlotte,NC,8,45,6708446,NC815453,NC,3.5,94,A,realtor_scraper,2026-07-10T06:23:23.105878+00:00
Betty Gray,Betty,Gray,betty36@realtor.com,(629) 471-1554,Tri Pointe Homes,Seattle,WA,3,1,197019,WA829528,WA,4.6,43,A,realtor_scraper,2026-07-10T06:23:23.193997+00:00
Gregory Miller,Gregory,Miller,miller.gregory@coldwellbanker.com,(859) 216-6318,Weichert,New York,NY,5,43,10464069,NY813681,NY,5.0,87,A,realtor_scraper,2026-07-10T06:23:23.193306+00:00
Mary Wood,Mary,Wood,maryw@sothebysrealty.com,(978) 626-4658,Pulte Homes,Indianapolis,IN,3,38,7558166,IN795671,IN,3.6,72,B,realtor_scraper,2026-07-10T06:23:23.235818+00:00
Lisa Smith,Lisa,Smith,lsmith@coldwellbanker.com,(229) 500-3622,Douglas Elliman,Jacksonville,FL,24,41,8015357,FL970220,FL,4.6,90,B,realtor_scraper,2026-07-10T06:23:23.203469+00:00
Joseph Collins,Joseph,Collins,joseph.collins@exprealty.com,(701) 215-1568,Vylla Home,Richmond,VA,16,16,11545744,VA141603,VA,4.1,88,C,realtor_scraper,2026-07-10T06:23:23.242080+00:00
Catherine Carter,Catherine,Carter,catherine88@compass.com,(904) 810-2856,Meritage Homes,Denver,CO,9,20,14913133,CO958401,CO,4.8,88,A,realtor_scraper,2026-07-10T06:23:23.106127+00:00
Anthony Taylor,Anthony,Taylor,anthony45@compass.com,(641) 658-2723,Realty One Group,Indianapolis,IN,11,6,1591804,IN568166,IN,3.5,90,B,realtor_scraper,2026-07-10T06:23:23.233994+00:00
Kathleen Patel,Kathleen,Patel,kpatel@century21.com,(508) 636-8008,eXp Realty,Oklahoma City,OK,22,15,8196725,OK620496,OK,4.3,88,C,realtor_scraper,2026-07-10T06:23:23.241398+00:00
Paul Gonzalez,Paul,Gonzalez,paulg@exprealty.com,(260) 921-7349,Nest Seekers,Los Angeles,CA,24,14,1483746,CA191270,CA,4.5,67,A,realtor_scraper,2026-07-10T06:23:23.109142+00:00
Patrick James,Patrick,James,patrick13@homesmart.com,(380) 513-2995,CalAtlantic Homes,Jacksonville,FL,7,18,11563478,FL387941,FL,4.8,82,B,realtor_scraper,2026-07-10T06:23:23.235040+00:00
James Robinson,James,Robinson,jamesr@yahoo.com,(224) 331-6060,CalAtlantic Homes,Austin,TX,2,33,10910159,TX226333,TX,4.7,100,A,realtor_scraper,2026-07-10T06:23:23.200925+00:00
Alexander Cruz,Alexander,Cruz,alexander65@realtyonegroup.com,(903) 233-6495,United Real Estate,Austin,TX,21,37,4446864,TX664481,TX,3.7,62,A,realtor_scraper,2026-07-10T06:23:23.106072+00:00
Matthew Ortiz,Matthew,Ortiz,matthew5@redfin.com,(603) 964-9696,Weichert,Minneapolis,MN,5,29,6367136,MN731896,MN,4.8,67,B,realtor_scraper,2026-07-10T06:23:23.235137+00:00
Nancy Jones,Nancy,Jones,nancyj@kw.com,(913) 285-5127,Century 21,Kansas City,MO,24,46,5024562,MO311183,MO,3.8,72,B,realtor_scraper,2026-07-10T06:23:23.234400+00:00
Brenda Howard,Brenda,Howard,brenda.howard@yahoo.com,(415) 476-5758,Century Communities,Tampa,FL,0,5,1538183,FL189928,FL,4.7,80,A,realtor_scraper,2026-07-10T06:23:23.198401+00:00
Brian Ortiz,Brian,Ortiz,brian10@kw.com,(786) 823-6817,Zillow Premier,Los Angeles,CA,2,49,4963160,CA401122,CA,4.5,91,A,realtor_scraper,2026-07-10T06:23:23.201547+00:00
Dennis Cruz,Dennis,Cruz,dennis.cruz@redfin.com,(805) 642-7948,ERA,Milwaukee,WI,25,23,3668747,WI556871,WI,3.8,64,C,realtor_scraper,2026-07-10T06:23:23.241263+00:00
Pamela Moore,Pamela,Moore,pamelam@coldwellbanker.com,(607) 922-8280,Weichert,Raleigh,NC,5,14,12036698,NC999388,NC,4.4,100,B,realtor_scraper,2026-07-10T06:23:23.235073+00:00
Helen Murphy,Helen,Murphy,helen51@elliman.com,(571) 665-4425,United Real Estate,San Francisco,CA,19,22,14729402,CA807411,CA,3.9,83,A,realtor_scraper,2026-07-10T06:23:23.109549+00:00
Diane Sanchez,Diane,Sanchez,diane10@realtyonegroup.com,(281) 592-5900,Realty One Group,Portland,OR,6,11,1128506,OR148532,OR,3.6,89,B,realtor_scraper,2026-07-10T06:23:23.203024+00:00
Timothy Hall,Timothy,Hall,thall@exprealty.com,(985) 586-7225,United Real Estate,New Orleans,LA,1,50,1942254,LA810701,LA,4.0,67,C,realtor_scraper,2026-07-10T06:23:23.285161+00:00
Emily Cook,Emily,Cook,emily.cook@berkshirehathawayhs.com,(972) 349-7709,CalAtlantic Homes,Colorado Springs,CO,4,39,13541843,CO332675,CO,5.0,74,C,realtor_scraper,2026-07-10T06:23:23.242478+00:00
Kevin Reed,Kevin,Reed,kevinr@weichert.com,(629) 528-5176,Zillow Premier,Charlotte,NC,9,45,8964793,NC630564,NC,3.6,88,A,realtor_scraper,2026-07-10T06:23:23.109390+00:00
Justin Reyes,Justin,Reyes,justin.reyes@exprealty.com,(774) 789-6762,United Real Estate,Boston,MA,2,34,9323988,MA305304,MA,4.4,85,A,realtor_scraper,2026-07-10T06:23:23.199315+00:00
Donald Alvarez,Donald,Alvarez,donald.alvarez@outlook.com,(919) 746-7319,Realty One Group,Albuquerque,NM,5,4,17211,NM130139,NM,4.5,72,C,realtor_scraper,2026-07-10T06:23:23.284313+00:00
Linda Thompson,Linda,Thompson,linda75@outlook.com,(973) 577-7216,Tri Pointe Homes,Nashville,TN,14,26,2530611,TN687296,TN,4.8,86,A,realtor_scraper,2026-07-10T06:23:23.105823+00:00
Stephanie Brown,Stephanie,Brown,brown.stephanie@century21.com,(301) 879-1921,CalAtlantic Homes,Boise,ID,22,44,7652010,ID274321,ID,4.8,61,C,realtor_scraper,2026-07-10T06:23:23.241523+00:00
Margaret Bailey,Margaret,Bailey,mbailey@realtyonegroup.com,(307) 775-8852,The Agency,Baltimore,MD,23,39,4050203,MD374565,MD,4.3,73,B,realtor_scraper,2026-07-10T06:23:23.202746+00:00
Amanda Ruiz,Amanda,Ruiz,amanda83@weichert.com,(276) 311-2568,Coldwell Banker,Atlanta,GA,25,27,10424492,GA326030,GA,4.8,98,A,realtor_scraper,2026-07-10T06:23:23.105290+00:00
Katherine Anderson,Katherine,Anderson,katherine30@elliman.com,(603) 213-9821,ERA,Raleigh,NC,24,42,5765712,NC727865,NC,5.0,66,B,realtor_scraper,2026-07-10T06:23:23.203376+00:00
David Taylor,David,Taylor,david24@homesmart.com,(972) 844-5159,The Agency,Dallas-Fort Worth,TX,16,36,4063645,TX151831,TX,3.6,74,A,realtor_scraper,2026-07-10T06:23:23.106272+00:00
Kimberly Sanders,Kimberly,Sanders,kimberlys@coldwellbanker.com,(910) 442-2587,Compass,Boise,ID,12,45,5617690,ID920122,ID,3.7,87,C,realtor_scraper,2026-07-10T06:23:23.240951+00:00
Patricia Evans,Patricia,Evans,pevans@outlook.com,(769) 924-6834,United Real Estate,Minneapolis,MN,14,27,12373362,MN446138,MN,4.3,70,B,realtor_scraper,2026-07-10T06:23:23.234975+00:00
Edward Perez,Edward,Perez,eperez@berkshirehathawayhs.com,(417) 825-7511,Vylla Home,Kansas City,MO,0,12,939672,MO290849,MO,4.6,89,B,realtor_scraper,2026-07-10T06:23:23.239631+00:00
Jonathan Richardson,Jonathan,Richardson,jonathan.richardson@weichert.com,(802) 610-8442,Zillow Premier,Oklahoma City,OK,3,39,13537521,OK811539,OK,5.0,100,C,realtor_scraper,2026-07-10T06:23:23.284746+00:00
Emily Ross,Emily,Ross,emily9@sothebysrealty.com,(432) 785-4129,Zillow Premier,Louisville,KY,1,43,4049308,KY602806,KY,3.5,67,C,realtor_scraper,2026-07-10T06:23:23.285938+00:00
Mary Thompson,Mary,Thompson,maryt@sothebysrealty.com,(669) 584-5607,KB Home,Chicago,IL,5,13,1188268,IL653065,IL,3.8,63,A,realtor_scraper,2026-07-10T06:23:23.194388+00:00
William Ward,William,Ward,ward.william@weichert.com,(847) 574-9001,Redfin,Boise,ID,0,29,7416744,ID803874,ID,5.0,79,C,realtor_scraper,2026-07-10T06:23:23.285556+00:00
John Ross,John,Ross,ross.john@realtyonegroup.com,(612) 761-2305,Toll Brothers,Salt Lake City,UT,25,13,5948373,UT278438,UT,4.7,68,B,realtor_scraper,2026-07-10T06:23:23.234083+00:00
Sharon Rodriguez,Sharon,Rodriguez,srodriguez@exprealty.com,(975) 672-5542,RE/MAX,Detroit,MI,4,42,2503109,MI677284,MI,3.5,83,B,realtor_scraper,2026-07-10T06:23:23.235128+00:00
Alexander Ramos,Alexander,Ramos,alexander.ramos@berkshirehathawayhs.com,(872) 982-1318,Realty One Group,Sacramento,CA,5,15,740792,CA353181,CA,4.8,61,B,realtor_scraper,2026-07-10T06:23:23.236005+00:00
Emily Johnson,Emily,Johnson,ejohnson@remax.net,(274) 634-2597,Lennar,Cincinnati,OH,23,13,7273017,OH519228,OH,4.3,67,B,realtor_scraper,2026-07-10T06:23:23.202504+00:00
Frank Nelson,Frank,Nelson,frank49@gmail.com,(575) 549-7217,D.R. Horton,Jacksonville,FL,12,12,1556864,FL705994,FL,3.6,61,B,realtor_scraper,2026-07-10T06:23:23.234490+00:00
Jerry Chavez,Jerry,Chavez,jerryc@yahoo.com,(765) 893-2815,NVR,Dallas-Fort Worth,TX,1,29,7623068,TX877832,TX,4.8,66,A,realtor_scraper,2026-07-10T06:23:23.202351+00:00
Emma Davis,Emma,Davis,emmad@compass.com,(216) 235-3678,Toll Brothers,Denver,CO,4,3,1003925,CO953739,CO,4.6,62,A,realtor_scraper,2026-07-10T06:23:23.193810+00:00
Ashley Stewart,Ashley,Stewart,ashleys@weichert.com,(808) 981-8901,HomeSmart,Richmond,VA,5,47,2502868,VA505965,VA,4.6,95,C,realtor_scraper,2026-07-10T06:23:23.284699+00:00
Heather Patel,Heather,Patel,patel.heather@century21.com,(681) 375-4419,Beazer Homes,Detroit,MI,16,34,8540894,MI175250,MI,3.9,63,B,realtor_scraper,2026-07-10T06:23:23.203005+00:00
William Morgan,William,Morgan,williamm@sothebysrealty.com,(337) 709-6410,Lennar,Baltimore,MD,19,46,2510893,MD326932,MD,4.2,61,B,realtor_scraper,2026-07-10T06:23:23.202947+00:00
Jessica Bennett,Jessica,Bennett,jessica19@berkshirehathawayhs.com,(707) 762-4923,The Agency,Baltimore,MD,15,49,11016220,MD314091,MD,3.8,95,B,realtor_scraper,2026-07-10T06:23:23.234734+00:00
Jack Alvarez,Jack,Alvarez,jack5@kw.com,(931) 463-2482,LGI Homes,Cincinnati,OH,2,46,9751640,OH935458,OH,3.7,74,B,realtor_scraper,2026-07-10T06:23:23.240050+00:00
Scott Adams,Scott,Adams,sadams@century21.com,(956) 499-3214,Century 21,Orlando,FL,13,14,10539880,FL673997,FL,4.6,92,A,realtor_scraper,2026-07-10T06:23:23.104970+00:00
Diane Adams,Diane,Adams,adams.diane@realtyonegroup.com,(480) 712-8707,Douglas Elliman,Boston,MA,3,11,7562784,MA470838,MA,4.7,79,A,realtor_scraper,2026-07-10T06:23:23.193232+00:00
Emily Gutierrez,Emily,Gutierrez,emily.gutierrez@remax.net,(239) 811-2950,Taylor Morrison,Milwaukee,WI,8,17,7452109,WI623943,WI,4.8,84,C,realtor_scraper,2026-07-10T06:23:23.240336+00:00
Michelle Thompson,Michelle,Thompson,michelle74@sothebysrealty.com,(878) 689-1803,Taylor Morrison,Tucson,AZ,11,40,12110643,AZ290291,AZ,4.8,91,C,realtor_scraper,2026-07-10T06:23:23.241619+00:00
Samuel Long,Samuel,Long,samuel.long@century21.com,(720) 396-9969,Meritage Homes,Boise,ID,4,26,10300490,ID618501,ID,4.6,75,C,realtor_scraper,2026-07-10T06:23:23.284564+00:00
Laura Collins,Laura,Collins,laurac@outlook.com,(631) 771-3964,Realty One Group,Oklahoma City,OK,1,31,3491668,OK977551,OK,4.2,83,C,realtor_scraper,2026-07-10T06:23:23.285449+00:00
Heather Anderson,Heather,Anderson,heather.anderson@homesmart.com,(314) 942-8011,Century Communities,Milwaukee,WI,2,8,505223,WI847311,WI,3.6,85,C,realtor_scraper,2026-07-10T06:23:23.285073+00:00
Benjamin Gomez,Benjamin,Gomez,benjaming@kw.com,(334) 539-4576,Beazer Homes,Cleveland,OH,13,35,3865378,OH490491,OH,3.6,84,B,realtor_scraper,2026-07-10T06:23:23.202592+00:00
Donna Gutierrez,Donna,Gutierrez,dgutierrez@gmail.com,(214) 988-1246,Pulte Homes,Albuquerque,NM,2,1,190165,NM150901,NM,4.7,65,C,realtor_scraper,2026-07-10T06:23:23.285653+00:00
Lisa Gonzalez,Lisa,Gonzalez,gonzalez.lisa@exprealty.com,(952) 333-4042,Berkshire Hathaway,Baltimore,MD,10,20,4143398,MD737171,MD,4.3,83,B,realtor_scraper,2026-07-10T06:23:23.203060+00:00
Sandra Carter,Sandra,Carter,sandra76@compass.com,(361) 426-4412,Zillow Premier,Boise,ID,3,45,12307667,ID794468,ID,3.9,77,C,realtor_scraper,2026-07-10T06:23:23.242535+00:00
Kimberly White,Kimberly,White,kimberly.white@coldwellbanker.com,(572) 542-4596,KB Home,Memphis,TN,1,9,1634905,TN733658,TN,3.7,67,C,realtor_scraper,2026-07-10T06:23:23.285902+00:00
Dennis Perez,Dennis,Perez,dennis62@homesmart.com,(401) 596-4885,D.R. Horton,Minneapolis,MN,6,2,94977,MN201461,MN,3.6,53,B,realtor_scraper,2026-07-10T06:23:23.234948+00:00
Jason Cooper,Jason,Cooper,jcooper@outlook.com,(949) 894-6437,Century Communities,Denver,CO,2,16,14260896,CO650732,CO,4.4,85,A,realtor_scraper,2026-07-10T06:23:23.202365+00:00
Nicole Harris,Nicole,Harris,nicoleh@elliman.com,(607) 527-1758,United Real Estate,San Francisco,CA,3,22,13199521,CA843320,CA,3.5,84,A,realtor_scraper,2026-07-10T06:23:23.193686+00:00
Donna Wilson,Donna,Wilson,donna85@realtyonegroup.com,(337) 421-6057,Century Communities,Phoenix,AZ,11,16,9002119,AZ104055,AZ,4.4,82,A,realtor_scraper,2026-07-10T06:23:23.106527+00:00
Emily Roberts,Emily,Roberts,emily.roberts@elliman.com,(256) 304-6867,LGI Homes,Colorado Springs,CO,5,44,2969032,CO506511,CO,3.9,90,C,realtor_scraper,2026-07-10T06:23:23.284615+00:00
Patrick Wright,Patrick,Wright,patrickw@realtor.com,(240) 895-6908,Berkshire Hathaway,Oklahoma City,OK,0,29,12073897,OK509335,OK,4.1,100,C,realtor_scraper,2026-07-10T06:23:23.285435+00:00
Janet Green,Janet,Green,janet51@weichert.com,(303) 298-3839,NVR,Dallas-Fort Worth,TX,5,7,1643084,TX225855,TX,3.8,65,A,realtor_scraper,2026-07-10T06:23:23.187722+00:00
Kathleen Mendoza,Kathleen,Mendoza,kathleenm@weichert.com,(919) 718-7216,Century Communities,Orlando,FL,1,18,13443798,FL726807,FL,4.3,78,A,realtor_scraper,2026-07-10T06:23:23.202138+00:00
Deborah Morris,Deborah,Morris,morris.deborah@yahoo.com,(660) 949-4740,Vylla Home,Riverside,CA,1,44,6964388,CA819286,CA,4.7,80,B,realtor_scraper,2026-07-10T06:23:23.239921+00:00
Ashley Scott,Ashley,Scott,ashley.scott@exprealty.com,(860) 343-2143,Vylla Home,Cincinnati,OH,18,18,4767164,OH318192,OH,4.6,63,B,realtor_scraper,2026-07-10T06:23:23.235031+00:00
Kathleen White,Kathleen,White,white.kathleen@coldwellbanker.com,(651) 458-7721,Berkshire Hathaway,San Diego,CA,10,16,6144477,CA742596,CA,4.1,82,A,realtor_scraper,2026-07-10T06:23:23.106556+00:00
Carol Lopez,Carol,Lopez,lopez.carol@redfin.com,(540) 809-8859,Berkshire Hathaway,Albuquerque,NM,9,40,7230976,NM296993,NM,3.7,73,C,realtor_scraper,2026-07-10T06:23:23.240527+00:00
Alexander Moore,Alexander,Moore,alexander.moore@remax.net,(760) 652-8086,Berkshire Hathaway,Milwaukee,WI,23,26,13511112,WI328737,WI,3.6,97,C,realtor_scraper,2026-07-10T06:23:23.240890+00:00
Richard Green,Richard,Green,green.richard@sothebysrealty.com,(320) 661-3686,Taylor Morrison,Baton Rouge,LA,18,46,7656124,LA756331,LA,3.6,76,C,realtor_scraper,2026-07-10T06:23:23.241046+00:00
Nicholas Green,Nicholas,Green,nicholas2@exprealty.com,(845) 530-2769,Keller Williams,Chicago,IL,3,15,5469886,IL137817,IL,3.6,95,A,realtor_scraper,2026-07-10T06:23:23.193795+00:00
Shirley Stewart,Shirley,Stewart,stewart.shirley@homesmart.com,(228) 246-8608,The Agency,Philadelphia,PA,5,5,107019,PA405033,PA,4.3,60,A,realtor_scraper,2026-07-10T06:23:23.194517+00:00
Anna Roberts,Anna,Roberts,roberts.anna@realtyonegroup.com,(510) 410-5205,The Agency,Charlotte,NC,21,43,8391549,NC596152,NC,4.8,66,A,realtor_scraper,2026-07-10T06:23:23.104747+00:00
Linda Thomas,Linda,Thomas,linda.thomas@coldwellbanker.com,(907) 552-4824,Taylor Morrison,New Orleans,LA,5,19,3643968,LA319590,LA,3.8,70,C,realtor_scraper,2026-07-10T06:23:23.242462+00:00
William Harris,William,Harris,william23@elliman.com,(469) 955-8458,Beazer Homes,Memphis,TN,0,22,14779550,TN698972,TN,3.9,99,C,realtor_scraper,2026-07-10T06:23:23.285120+00:00
John Hall,John,Hall,john44@gmail.com,(616) 284-7946,RE/MAX,Detroit,MI,2,26,12193237,MI171652,MI,4.4,73,B,realtor_scraper,2026-07-10T06:23:23.239754+00:00
Ryan Edwards,Ryan,Edwards,ryane@realtyonegroup.com,(630) 711-3783,Toll Brothers,Las Vegas,NV,7,3,453991,NV892620,NV,3.5,78,A,realtor_scraper,2026-07-10T06:23:23.107723+00:00
Brenda Adams,Brenda,Adams,brendaa@exprealty.com,(973) 820-5962,Sotheby's,Columbus,OH,5,10,1677757,OH797415,OH,4.0,67,B,realtor_scraper,2026-07-10T06:23:23.235092+00:00
Cynthia Gomez,Cynthia,Gomez,cynthia.gomez@compass.com,(775) 685-7566,CalAtlantic Homes,Colorado Springs,CO,7,34,5222841,CO641304,CO,4.7,86,C,realtor_scraper,2026-07-10T06:23:23.241034+00:00
Kevin Hughes,Kevin,Hughes,hughes.kevin@kw.com,(863) 462-6644,D.R. Horton,Riverside,CA,2,5,1497643,CA196417,CA,4.8,71,B,realtor_scraper,2026-07-10T06:23:23.236113+00:00
Christine Cooper,Christine,Cooper,ccooper@hotmail.com,(715) 672-1138,HomeSmart,Philadelphia,PA,9,0,361769,PA880418,PA,0.0,42,A,realtor_scraper,2026-07-10T06:23:23.185992+00:00
Mark Rogers,Mark,Rogers,mark.rogers@redfin.com,(580) 373-8910,United Real Estate,Indianapolis,IN,2,32,3135209,IN910327,IN,3.8,68,B,realtor_scraper,2026-07-10T06:23:23.236104+00:00
Jacob Hernandez,Jacob,Hernandez,jacob.hernandez@realtor.com,(213) 817-8939,Ryan Homes,Salt Lake City,UT,0,50,1947518,UT730685,UT,4.4,93,B,realtor_scraper,2026-07-10T06:23:23.240119+00:00
Kathleen Parker,Kathleen,Parker,kparker@redfin.com,(412) 798-5309,RE/MAX,Las Vegas,NV,3,4,211614,NV555428,NV,3.9,95,A,realtor_scraper,2026-07-10T06:23:23.192406+00:00
Mark Gray,Mark,Gray,mark99@exprealty.com,(262) 461-4647,CalAtlantic Homes,San Jose,CA,2,26,2785911,CA913196,CA,3.9,91,B,realtor_scraper,2026-07-10T06:23:23.240265+00:00
Christopher Gonzalez,Christopher,Gonzalez,christopherg@sothebysrealty.com,(229) 447-2653,Century Communities,Nashville,TN,9,14,11152405,TN758765,TN,3.8,79,A,realtor_scraper,2026-07-10T06:23:23.106406+00:00
Betty Cooper,Betty,Cooper,bettyc@homesmart.com,(304) 418-2977,M/I Homes,San Antonio,TX,15,12,11983578,TX628964,TX,4.3,77,B,realtor_scraper,2026-07-10T06:23:23.234157+00:00
Carolyn Watson,Carolyn,Watson,watson.carolyn@berkshirehathawayhs.com,(973) 850-7665,Ryan Homes,Minneapolis,MN,20,28,7917902,MN624696,MN,4.0,84,B,realtor_scraper,2026-07-10T06:23:23.203295+00:00
Rebecca Carter,Rebecca,Carter,rebecca.carter@sothebysrealty.com,(630) 778-8595,KB Home,Philadelphia,PA,4,22,4001125,PA979595,PA,3.7,71,A,realtor_scraper,2026-07-10T06:23:23.192435+00:00
Christopher Robinson,Christopher,Robinson,christopher.robinson@coldwellbanker.com,(410) 793-8370,The Agency,Nashville,TN,8,27,11573114,TN430731,TN,4.1,92,A,realtor_scraper,2026-07-10T06:23:23.106344+00:00
Kimberly Ortiz,Kimberly,Ortiz,kimberlyo@redfin.com,(316) 264-1814,Weichert,San Antonio,TX,1,12,595263,TX877125,TX,3.9,79,B,realtor_scraper,2026-07-10T06:23:23.236499+00:00
Maria Rivera,Maria,Rivera,maria9@compass.com,(417) 618-2752,eXp Realty,Milwaukee,WI,4,19,14382011,WI108641,WI,3.7,96,C,realtor_scraper,2026-07-10T06:23:23.284254+00:00
Jeffrey Garcia,Jeffrey,Garcia,jeffreyg@weichert.com,(334) 676-1831,RE/MAX,Milwaukee,WI,6,19,14137891,WI881233,WI,4.7,100,C,realtor_scraper,2026-07-10T06:23:23.241982+00:00
Mark Lewis,Mark,Lewis,mark78@remax.net,(256) 382-4585,Redfin,Riverside,CA,10,28,9557127,CA978746,CA,4.7,84,B,realtor_scraper,2026-07-10T06:23:23.203150+00:00
Helen Martin,Helen,Martin,helen.martin@kw.com,(274) 318-5095,Weichert,Miami,FL,3,22,2436382,FL129174,FL,4.9,68,A,realtor_scraper,2026-07-10T06:23:23.186307+00:00
Stephanie Ross,Stephanie,Ross,stephanie83@outlook.com,(424) 505-6020,Toll Brothers,Baltimore,MD,4,13,2389637,MD126788,MD,3.9,81,B,realtor_scraper,2026-07-10T06:23:23.235407+00:00
Maria Peterson,Maria,Peterson,maria.peterson@weichert.com,(405) 606-3312,Keller Williams,Baltimore,MD,4,36,5093206,MD226486,MD,5.0,72,B,realtor_scraper,2026-07-10T06:23:23.235996+00:00
Gregory Peterson,Gregory,Peterson,gregory.peterson@outlook.com,(224) 308-5529,ERA,San Francisco,CA,6,14,1385977,CA253735,CA,4.0,71,A,realtor_scraper,2026-07-10T06:23:23.105543+00:00
Gregory Nguyen,Gregory,Nguyen,gnguyen@sothebysrealty.com,(715) 348-9860,Realty One Group,Albuquerque,NM,5,44,10132862,NM503217,NM,3.9,75,C,realtor_scraper,2026-07-10T06:23:23.284760+00:00
Joshua Anderson,Joshua,Anderson,anderson.joshua@century21.com,(947) 857-4311,Vylla Home,Columbus,OH,5,41,12900967,OH315875,OH,3.6,90,B,realtor_scraper,2026-07-10T06:23:23.235417+00:00
James Flores,James,Flores,jamesf@realtyonegroup.com,(208) 279-6515,Tri Pointe Homes,Las Vegas,NV,24,7,982921,NV269693,NV,4.4,63,A,realtor_scraper,2026-07-10T06:23:23.104920+00:00
John Nguyen,John,Nguyen,jnguyen@realtyonegroup.com,(539) 745-5914,United Real Estate,Jacksonville,FL,12,41,14091920,FL817058,FL,4.2,100,B,realtor_scraper,2026-07-10T06:23:23.203123+00:00
Alexander Mitchell,Alexander,Mitchell,amitchell@gmail.com,(321) 805-3540,Ryan Homes,Detroit,MI,17,34,4190017,MI722369,MI,3.6,76,B,realtor_scraper,2026-07-10T06:23:23.234721+00:00
Donald Nelson,Donald,Nelson,nelson.donald@redfin.com,(763) 593-4939,NVR,Chicago,IL,1,32,13040291,IL972887,IL,4.5,94,A,realtor_scraper,2026-07-10T06:23:23.201649+00:00
Justin Young,Justin,Young,justiny@gmail.com,(628) 370-8184,Berkshire Hathaway,Dallas-Fort Worth,TX,9,27,7497914,TX278463,TX,3.8,89,A,realtor_scraper,2026-07-10T06:23:23.105385+00:00
Mark Rogers,Mark,Rogers,rogers.mark@redfin.com,(614) 320-6441,Tri Pointe Homes,Phoenix,AZ,23,28,8839615,AZ424228,AZ,3.6,89,A,realtor_scraper,2026-07-10T06:23:23.104960+00:00
Helen Robinson,Helen,Robinson,hrobinson@realtor.com,(623) 559-6171,Toll Brothers,San Antonio,TX,3,5,444957,TX437192,TX,4.7,68,B,realtor_scraper,2026-07-10T06:23:23.235723+00:00
Elizabeth Brown,Elizabeth,Brown,elizabethb@gmail.com,(352) 355-6007,Taylor Morrison,San Francisco,CA,15,40,4742520,CA272724,CA,4.2,87,A,realtor_scraper,2026-07-10T06:23:23.109437+00:00
Aaron Rivera,Aaron,Rivera,aaron.rivera@sothebysrealty.com,(681) 573-2518,Redfin,Detroit,MI,8,31,3963492,MI452371,MI,4.3,70,B,realtor_scraper,2026-07-10T06:23:23.203186+00:00
William Cook,William,Cook,william.cook@compass.com,(479) 412-3759,Pulte Homes,San Diego,CA,0,16,1508637,CA951560,CA,4.3,61,A,realtor_scraper,2026-07-10T06:23:23.201141+00:00
Richard Martinez,Richard,Martinez,martinez.richard@century21.com,(725) 864-9678,HomeSmart,Columbus,OH,5,39,12987884,OH121083,OH,4.4,76,B,realtor_scraper,2026-07-10T06:23:23.236014+00:00
Michael Ward,Michael,Ward,michaelw@century21.com,(314) 816-4900,HomeSmart,Baton Rouge,LA,5,13,10320090,LA635634,LA,4.9,92,C,realtor_scraper,2026-07-10T06:23:23.284435+00:00
Brenda Castillo,Brenda,Castillo,bcastillo@weichert.com,(954) 275-2618,Taylor Morrison,Baltimore,MD,17,18,3488444,MD631106,MD,4.2,81,B,realtor_scraper,2026-07-10T06:23:23.234610+00:00
Donald Lewis,Donald,Lewis,donaldl@exprealty.com,(414) 385-8657,KB Home,Reno,NV,23,41,6990099,NV884894,NV,3.9,91,C,realtor_scraper,2026-07-10T06:23:23.240493+00:00
Nancy Diaz,Nancy,Diaz,nancyd@gmail.com,(786) 689-6130,Redfin,Louisville,KY,13,20,3265151,KY836316,KY,4.8,68,C,realtor_scraper,2026-07-10T06:23:23.240870+00:00
Ryan Stewart,Ryan,Stewart,ryan.stewart@weichert.com,(276) 234-7856,Century 21,Raleigh,NC,6,22,10440395,NC963967,NC,4.9,84,B,realtor_scraper,2026-07-10T06:23:23.234532+00:00
Ruth Anderson,Ruth,Anderson,anderson.ruth@hotmail.com,(660) 590-9151,CalAtlantic Homes,Reno,NV,4,30,10049041,NV307738,NV,3.5,81,C,realtor_scraper,2026-07-10T06:23:23.284449+00:00
David Ward,David,Ward,david.ward@elliman.com,(646) 388-6931,Ryan Homes,Virginia Beach,VA,15,27,7131363,VA549995,VA,4.1,66,C,realtor_scraper,2026-07-10T06:23:23.241668+00:00
Margaret Gray,Margaret,Gray,mgray@hotmail.com,(779) 406-8208,eXp Realty,Denver,CO,5,10,7154024,CO949962,CO,3.9,91,A,realtor_scraper,2026-07-10T06:23:23.197866+00:00
Nicholas Reyes,Nicholas,Reyes,nicholas.reyes@remax.net,(252) 834-7976,Vylla Home,Baltimore,MD,4,11,1911914,MD740781,MD,4.6,90,B,realtor_scraper,2026-07-10T06:23:23.235391+00:00
Joshua Rivera,Joshua,Rivera,joshua49@sothebysrealty.com,(772) 620-1443,Better Homes & Gardens,Jacksonville,FL,15,13,11515402,FL565738,FL,4.4,90,B,realtor_scraper,2026-07-10T06:23:23.203341+00:00
Dennis Long,Dennis,Long,dennisl@yahoo.com,(218) 579-8601,Keller Williams,Sacramento,CA,5,30,5639372,CA120805,CA,4.4,77,B,realtor_scraper,2026-07-10T06:23:23.235083+00:00
Melissa Chavez,Melissa,Chavez,chavez.melissa@redfin.com,(305) 287-5723,Redfin,Tampa,FL,15,5,296589,FL428636,FL,4.8,90,A,realtor_scraper,2026-07-10T06:23:23.186215+00:00
Thomas Sanchez,Thomas,Sanchez,tsanchez@homesmart.com,(913) 494-3352,NVR,Kansas City,MO,4,38,13986018,MO774005,MO,3.7,97,B,realtor_scraper,2026-07-10T06:23:23.235289+00:00
Thomas Adams,Thomas,Adams,adams.thomas@yahoo.com,(772) 887-2353,Meritage Homes,Salt Lake City,UT,7,38,4701954,UT744229,UT,4.9,66,B,realtor_scraper,2026-07-10T06:23:23.202630+00:00
Jason Morales,Jason,Morales,jason76@compass.com,(620) 983-5425,Sotheby's,Salt Lake City,UT,10,42,4580268,UT981615,UT,4.6,79,B,realtor_scraper,2026-07-10T06:23:23.235022+00:00
Ashley Baker,Ashley,Baker,ashley.baker@sothebysrealty.com,(631) 476-7399,NVR,Louisville,KY,4,10,10898263,KY417578,KY,4.8,73,C,realtor_scraper,2026-07-10T06:23:23.284538+00:00
Kimberly Bailey,Kimberly,Bailey,bailey.kimberly@coldwellbanker.com,(346) 434-8937,LGI Homes,Indianapolis,IN,11,18,8493088,IN387481,IN,4.7,62,B,realtor_scraper,2026-07-10T06:23:23.234068+00:00
David Murphy,David,Murphy,murphy.david@homesmart.com,(573) 681-3063,Realty One Group,Los Angeles,CA,21,21,8284161,CA379208,CA,4.6,83,A,realtor_scraper,2026-07-10T06:23:23.105514+00:00
Matthew Hernandez,Matthew,Hernandez,hernandez.matthew@hotmail.com,(480) 945-4926,Berkshire Hathaway,Baltimore,MD,5,19,2015391,MD244604,MD,3.5,76,B,realtor_scraper,2026-07-10T06:23:23.235694+00:00
Dennis Nguyen,Dennis,Nguyen,dennis.nguyen@berkshirehathawayhs.com,(406) 730-6145,Tri Pointe Homes,Milwaukee,WI,4,27,4211866,WI136126,WI,4.8,60,C,realtor_scraper,2026-07-10T06:23:23.242449+00:00
Joshua Miller,Joshua,Miller,joshua42@yahoo.com,(407) 627-2203,The Agency,Kansas City,MO,5,13,1189349,MO278086,MO,4.8,87,B,realtor_scraper,2026-07-10T06:23:23.235357+00:00
Christine Peterson,Christine,Peterson,christinep@outlook.com,(631) 607-6619,CalAtlantic Homes,Indianapolis,IN,3,49,12808544,IN434949,IN,4.9,72,B,realtor_scraper,2026-07-10T06:23:23.235222+00:00
Andrew Richardson,Andrew,Richardson,andrew56@hotmail.com,(762) 659-8816,Meritage Homes,Chicago,IL,0,10,14089894,IL549650,IL,4.1,83,A,realtor_scraper,2026-07-10T06:23:23.202266+00:00
Shirley Hall,Shirley,Hall,shirley33@yahoo.com,(940) 272-2458,NVR,Colorado Springs,CO,1,12,3349867,CO121991,CO,3.9,92,C,realtor_scraper,2026-07-10T06:23:23.285730+00:00
Patricia Flores,Patricia,Flores,flores.patricia@yahoo.com,(901) 464-7649,Century 21,Tucson,AZ,17,32,3214549,AZ429429,AZ,4.3,85,C,realtor_scraper,2026-07-10T06:23:23.241896+00:00
Sandra Wright,Sandra,Wright,sandra13@coldwellbanker.com,(865) 203-4245,Keller Williams,Louisville,KY,2,37,1928122,KY283089,KY,4.0,78,C,realtor_scraper,2026-07-10T06:23:23.285369+00:00
Ruth Walker,Ruth,Walker,ruthw@gmail.com,(252) 804-3887,CalAtlantic Homes,St. Louis,MO,15,24,4000662,MO752978,MO,4.0,83,B,realtor_scraper,2026-07-10T06:23:23.234350+00:00
Margaret Cox,Margaret,Cox,cox.margaret@century21.com,(623) 757-7164,Keller Williams,Baton Rouge,LA,3,45,12388061,LA478754,LA,4.3,100,C,realtor_scraper,2026-07-10T06:23:23.284783+00:00
Samantha Ramirez,Samantha,Ramirez,ramirez.samantha@homesmart.com,(667) 784-9425,Better Homes & Gardens,Raleigh,NC,0,10,1645128,NC566018,NC,3.5,63,B,realtor_scraper,2026-07-10T06:23:23.239984+00:00
Diane Stewart,Diane,Stewart,stewart.diane@exprealty.com,(717) 744-2280,Realty One Group,Albuquerque,NM,23,18,3813772,NM299018,NM,5.0,80,C,realtor_scraper,2026-07-10T06:23:23.242335+00:00
Margaret Miller,Margaret,Miller,miller.margaret@weichert.com,(248) 934-8058,Taylor Morrison,Salt Lake City,UT,0,7,786929,UT489172,UT,3.6,65,B,realtor_scraper,2026-07-10T06:23:23.236314+00:00
Lisa Gomez,Lisa,Gomez,lisa.gomez@outlook.com,(274) 336-1988,Zillow Premier,San Diego,CA,5,16,11991826,CA173443,CA,4.7,100,A,realtor_scraper,2026-07-10T06:23:23.187938+00:00
Anthony Cook,Anthony,Cook,anthony.cook@compass.com,(684) 396-9652,LGI Homes,San Jose,CA,10,36,12293297,CA610105,CA,4.8,100,B,realtor_scraper,2026-07-10T06:23:23.203442+00:00
Jennifer Allen,Jennifer,Allen,jallen@kw.com,(516) 657-2179,Tri Pointe Homes,Austin,TX,3,23,6063958,TX782859,TX,4.8,71,A,realtor_scraper,2026-07-10T06:23:23.187691+00:00
Kimberly Murphy,Kimberly,Murphy,kimberly31@remax.net,(817) 229-6143,KB Home,Charlotte,NC,20,24,5272459,NC289264,NC,4.6,89,A,realtor_scraper,2026-07-10T06:23:23.106419+00:00
Susan Hughes,Susan,Hughes,hughes.susan@kw.com,(313) 467-2546,CalAtlantic Homes,Salt Lake City,UT,0,23,3771931,UT347698,UT,4.6,65,B,realtor_scraper,2026-07-10T06:23:23.236446+00:00
Kevin Mitchell,Kevin,Mitchell,kevin.mitchell@berkshirehathawayhs.com,(432) 519-3209,Taylor Morrison,Orlando,FL,24,16,5312178,FL294245,FL,4.7,60,A,realtor_scraper,2026-07-10T06:23:23.109362+00:00
Brandon Morales,Brandon,Morales,brandonm@gmail.com,(909) 501-6607,KB Home,Boston,MA,20,40,13179779,MA766498,MA,3.9,71,A,realtor_scraper,2026-07-10T06:23:23.106082+00:00
Kathleen Clark,Kathleen,Clark,kathleen.clark@kw.com,(725) 277-1070,HomeSmart,Boston,MA,1,12,11541317,MA288814,MA,4.3,82,A,realtor_scraper,2026-07-10T06:23:23.202194+00:00
Christopher Gutierrez,Christopher,Gutierrez,christopher54@weichert.com,(423) 403-5901,Ryan Homes,New York,NY,5,25,1632766,NY622799,NY,4.2,68,A,realtor_scraper,2026-07-10T06:23:23.192509+00:00
Cynthia Turner,Cynthia,Turner,cturner@sothebysrealty.com,(626) 383-8836,Coldwell Banker,Charlotte,NC,4,29,9348183,NC245178,NC,4.7,85,A,realtor_scraper,2026-07-10T06:23:23.193510+00:00
Debra Howard,Debra,Howard,dhoward@coldwellbanker.com,(561) 482-5351,Pulte Homes,Columbus,OH,4,40,1714932,OH214230,OH,3.7,71,B,realtor_scraper,2026-07-10T06:23:23.235859+00:00
Brenda Price,Brenda,Price,price.brenda@hotmail.com,(602) 812-6981,Toll Brothers,Raleigh,NC,3,43,3434029,NC967923,NC,3.6,79,B,realtor_scraper,2026-07-10T06:23:23.235936+00:00
Brandon Phillips,Brandon,Phillips,brandon.phillips@outlook.com,(212) 377-6749,Century Communities,Richmond,VA,1,2,281695,VA626233,VA,4.1,70,C,realtor_scraper,2026-07-10T06:23:23.285058+00:00
Patricia Gray,Patricia,Gray,patriciag@compass.com,(951) 717-2790,D.R. Horton,Indianapolis,IN,4,20,6273752,IN488396,IN,3.9,67,B,realtor_scraper,2026-07-10T06:23:23.235975+00:00
Brandon Smith,Brandon,Smith,brandon.smith@outlook.com,(707) 518-8525,LGI Homes,Indianapolis,IN,22,47,10605504,IN772436,IN,5.0,98,B,realtor_scraper,2026-07-10T06:23:23.234219+00:00
Jerry Smith,Jerry,Smith,jsmith@realtyonegroup.com,(716) 894-1832,Better Homes & Gardens,Nashville,TN,17,10,1278663,TN173004,TN,4.6,72,A,realtor_scraper,2026-07-10T06:23:23.106104+00:00
Kevin Lee,Kevin,Lee,lee.kevin@weichert.com,(925) 935-2109,Pulte Homes,San Diego,CA,7,47,3724060,CA316023,CA,4.3,88,A,realtor_scraper,2026-07-10T06:23:23.109404+00:00
Rebecca Reyes,Rebecca,Reyes,rebecca70@realtor.com,(401) 370-8508,Realty One Group,San Jose,CA,23,19,10217685,CA579569,CA,4.2,83,B,realtor_scraper,2026-07-10T06:23:23.234246+00:00
Mary Brooks,Mary,Brooks,maryb@realtor.com,(442) 411-7683,United Real Estate,Atlanta,GA,0,15,3674362,GA757315,GA,4.2,88,A,realtor_scraper,2026-07-10T06:23:23.198466+00:00
Donna Peterson,Donna,Peterson,donna77@gmail.com,(305) 966-7393,eXp Realty,Nashville,TN,2,38,12491143,TN759539,TN,3.7,83,A,realtor_scraper,2026-07-10T06:23:23.202277+00:00
Samantha Thompson,Samantha,Thompson,sthompson@redfin.com,(606) 474-4629,CalAtlantic Homes,San Francisco,CA,12,34,8733454,CA431285,CA,3.9,94,A,realtor_scraper,2026-07-10T06:23:23.105745+00:00
Edward Watson,Edward,Watson,edward35@outlook.com,(386) 812-1247,Pulte Homes,Austin,TX,1,44,4488038,TX946111,TX,4.2,75,A,realtor_scraper,2026-07-10T06:23:23.198895+00:00
Jennifer Anderson,Jennifer,Anderson,janderson@century21.com,(617) 886-4085,Toll Brothers,Atlanta,GA,6,35,12142523,GA501983,GA,3.8,100,A,realtor_scraper,2026-07-10T06:23:23.105612+00:00
Alexander Wilson,Alexander,Wilson,alexander.wilson@homesmart.com,(570) 817-9915,Vylla Home,Kansas City,MO,16,14,829421,MO171798,MO,4.7,68,B,realtor_scraper,2026-07-10T06:23:23.234652+00:00
John Anderson,John,Anderson,anderson.john@century21.com,(541) 963-8182,Nest Seekers,Baltimore,MD,23,31,13268051,MD238561,MD,4.8,80,B,realtor_scraper,2026-07-10T06:23:23.202967+00:00
Lisa Ward,Lisa,Ward,lisa85@remax.net,(857) 818-7574,Sotheby's,San Francisco,CA,3,46,3039776,CA540825,CA,5.0,61,A,realtor_scraper,2026-07-10T06:23:23.186269+00:00
Patrick Carter,Patrick,Carter,patrick73@yahoo.com,(858) 373-7964,Keller Williams,Albuquerque,NM,5,14,6781961,NM994226,NM,4.6,93,C,realtor_scraper,2026-07-10T06:23:23.284224+00:00
Rachel Patel,Rachel,Patel,rachel37@outlook.com,(364) 366-2964,D.R. Horton,Baton Rouge,LA,4,4,267857,LA462261,LA,4.9,73,C,realtor_scraper,2026-07-10T06:23:23.284968+00:00
Catherine Miller,Catherine,Miller,catherine71@hotmail.com,(757) 524-3235,Redfin,Memphis,TN,10,18,1967020,TN942275,TN,4.7,93,C,realtor_scraper,2026-07-10T06:23:23.241176+00:00
Scott Jones,Scott,Jones,jones.scott@outlook.com,(516) 424-6089,KB Home,Charlotte,NC,23,14,3491423,NC545736,NC,4.3,72,A,realtor_scraper,2026-07-10T06:23:23.106184+00:00
Charles Ortiz,Charles,Ortiz,charles95@homesmart.com,(267) 795-6183,Better Homes & Gardens,Louisville,KY,2,4,446170,KY257524,KY,4.3,78,C,realtor_scraper,2026-07-10T06:23:23.285406+00:00
Thomas Green,Thomas,Green,tgreen@realtyonegroup.com,(310) 574-3409,Douglas Elliman,Austin,TX,6,33,12202480,TX122477,TX,4.7,97,A,realtor_scraper,2026-07-10T06:23:23.107710+00:00
Amanda Parker,Amanda,Parker,aparker@homesmart.com,(314) 737-7061,Lennar,Tucson,AZ,12,13,2704299,AZ393093,AZ,4.6,75,C,realtor_scraper,2026-07-10T06:23:23.241277+00:00
Pamela Roberts,Pamela,Roberts,pamela.roberts@sothebysrealty.com,(978) 600-6496,KB Home,Chicago,IL,21,18,6137735,IL756088,IL,4.8,60,A,realtor_scraper,2026-07-10T06:23:23.108945+00:00
Robert Hughes,Robert,Hughes,robert.hughes@elliman.com,(845) 921-9090,Century 21,Atlanta,GA,24,27,3537911,GA517096,GA,3.8,94,A,realtor_scraper,2026-07-10T06:23:23.105232+00:00
Jonathan Roberts,Jonathan,Roberts,jonathan80@homesmart.com,(806) 394-1584,United Real Estate,Raleigh,NC,21,22,11565486,NC915457,NC,3.6,88,B,realtor_scraper,2026-07-10T06:23:23.203332+00:00
Heather Rogers,Heather,Rogers,rogers.heather@redfin.com,(315) 260-4007,Berkshire Hathaway,New York,NY,22,47,11999539,NY140840,NY,4.6,84,A,realtor_scraper,2026-07-10T06:23:23.109451+00:00
Patrick Wilson,Patrick,Wilson,patrick.wilson@remax.net,(909) 910-7624,RE/MAX,Sacramento,CA,9,21,1633249,CA444299,CA,5.0,75,B,realtor_scraper,2026-07-10T06:23:23.234141+00:00
Pamela Alvarez,Pamela,Alvarez,pamela.alvarez@gmail.com,(347) 524-3211,Beazer Homes,Chicago,IL,20,40,9031858,IL222488,IL,3.8,63,A,realtor_scraper,2026-07-10T06:23:23.105345+00:00
Mary Morales,Mary,Morales,morales.mary@redfin.com,(928) 936-5964,United Real Estate,Virginia Beach,VA,21,22,13737721,VA124972,VA,4.1,80,C,realtor_scraper,2026-07-10T06:23:23.241383+00:00
Catherine Smith,Catherine,Smith,csmith@remax.net,(660) 884-5896,Sotheby's,Cincinnati,OH,0,44,11923820,OH748632,OH,4.2,97,B,realtor_scraper,2026-07-10T06:23:23.236260+00:00
Charles King,Charles,King,charlesk@elliman.com,(925) 485-8290,Toll Brothers,Boston,MA,8,16,1816780,MA871744,MA,3.7,80,A,realtor_scraper,2026-07-10T06:23:23.109348+00:00
Ryan Hall,Ryan,Hall,hall.ryan@century21.com,(667) 518-6408,Vylla Home,Tampa,FL,3,22,4004708,FL589216,FL,4.7,76,A,realtor_scraper,2026-07-10T06:23:23.192458+00:00
Jessica Castillo,Jessica,Castillo,jessica.castillo@exprealty.com,(928) 298-4729,Berkshire Hathaway,New Orleans,LA,0,43,9677398,LA325543,LA,4.2,75,C,realtor_scraper,2026-07-10T06:23:23.285505+00:00
Emma Baker,Emma,Baker,emma80@compass.com,(469) 347-4843,Tri Pointe Homes,Seattle,WA,16,11,11301254,WA957424,WA,4.6,72,A,realtor_scraper,2026-07-10T06:23:23.105476+00:00
Kevin Howard,Kevin,Howard,kevin.howard@realtyonegroup.com,(975) 970-3246,eXp Realty,Portland,OR,15,35,4113355,OR682986,OR,3.7,83,B,realtor_scraper,2026-07-10T06:23:23.202904+00:00
Larry Evans,Larry,Evans,larry.evans@redfin.com,(619) 997-5014,Better Homes & Gardens,Milwaukee,WI,2,45,3469974,WI670359,WI,3.9,61,C,realtor_scraper,2026-07-10T06:23:23.285811+00:00
