id,full_name,name,first_name,last_name,email,phone,brokerage,company,metro_area,city,state,zip,years_experience,transactions_12mo,transactions_last_year,sales_volume,rating,priority,cream_fit_score,source,brokerage_size,scraped_at
CREAM-20260905-00001,Juan Roberts,Juan Roberts,Juan,Roberts,juanroberts@icloud.com,(718) 805-6885,RE/MAX,RE/MAX,Denver,Denver,CO,80757,0,0,0,0,4.9,A,62,Trade Show,Independent,2026-09-05T03:12:17Z
CREAM-20260905-00002,Sarah Perez,Sarah Perez,Sarah,Perez,sarah.perez@hotmail.com,(404) 380-3599,RE/MAX,RE/MAX,Cincinnati,Cincinnati,OH,45981,15,62,62,19919429,4.4,A,99,Website Lead,Mid-size (11-50 agents),2026-09-05T08:04:26Z
CREAM-20260905-00003,Shirley Morris,Shirley Morris,Shirley,Morris,shirleym@outlook.com,(786) 701-3265,HER Realtors,HER Realtors,Columbus,Columbus,OH,45667,22,63,63,13107203,3.2,A,73,Facebook,Mid-size (11-50 agents),2026-09-05T00:58:48Z
CREAM-20260905-00004,Martha Wright,Martha Wright,Martha,Wright,marthaw@aol.com,(512) 873-2793,Halstead,Halstead,Staten Island,Staten Island,NY,11134,18,57,57,38618332,3.0,A,64,Brokerage Listings,Independent,2026-09-05T02:43:44Z
CREAM-20260905-00005,Bruce Mitchell,Bruce Mitchell,Bruce,Mitchell,bruce_mitchell@gmail.com,(972) 237-6139,Allen Tate,Allen Tate,Charlotte,Charlotte,NC,28681,0,1,1,247766,4.8,A,84,Realtor.com,Large (51-200 agents),2026-09-05T17:32:23Z
CREAM-20260905-00006,Rose Walker,Rose Walker,Rose,Walker,rosew@me.com,(602) 392-8940,Century 21,Century 21,Miami,Miami,FL,32136,14,75,75,28498945,4.9,A,76,Trade Show,Independent,2026-09-05T17:28:59Z
CREAM-20260905-00007,Diane Turner,Diane Turner,Diane,Turner,dianet@coldwellbanker.com,(720) 207-9868,Coldwell Banker,Coldwell Banker,Columbus,Columbus,OH,43725,2,5,5,1209885,3.3,A,88,Referral Network,Large (51-200 agents),2026-09-05T08:42:15Z
CREAM-20260905-00008,Dorothy King,Dorothy King,Dorothy,King,dorothyk@gmail.com,(720) 387-7054,Huntington Real Estate,Huntington Real Estate,Cincinnati,Cincinnati,OH,43992,6,37,37,6965537,3.7,A,100,Referral Network,Boutique (2-10 agents),2026-09-05T07:01:04Z
CREAM-20260905-00009,Anna Hughes,Anna Hughes,Anna,Hughes,annah@re/max.com,(646) 678-7636,RE/MAX,RE/MAX,Greensboro,Greensboro,NC,27103,11,27,27,12146600,4.9,A,96,Realtor.com,Boutique (2-10 agents),2026-09-05T04:53:18Z
CREAM-20260905-00010,Ashley Ruiz,Ashley Ruiz,Ashley,Ruiz,ashley.ruiz@aol.com,(980) 855-8053,Russell Lyon Sotheby's,Russell Lyon Sotheby's,Phoenix,Phoenix,AZ,86538,22,52,52,23163754,4.6,A,100,Trade Show,Large (51-200 agents),2026-09-05T12:03:15Z
CREAM-20260905-00011,Walter Parker,Walter Parker,Walter,Parker,walter.parker@outlook.com,(646) 241-4955,Berkshire Hathaway,Berkshire Hathaway,Greensboro,Greensboro,NC,27628,6,18,18,5512913,3.8,A,67,Referral Network,Enterprise (200+ agents),2026-09-05T12:17:06Z
CREAM-20260905-00012,Donna King,Donna King,Donna,King,donna.king@coldwellbanker.com,(214) 543-1900,Coldwell Banker,Coldwell Banker,Austin,Austin,TX,76212,10,37,37,16515019,4.1,A,92,Referral Network,Mid-size (11-50 agents),2026-09-05T23:25:01Z
CREAM-20260905-00013,Brenda Ruiz,Brenda Ruiz,Brenda,Ruiz,brendar@hotmail.com,(310) 263-4863,Compass,Compass,Raleigh,Raleigh,NC,28134,1,6,6,1801880,3.2,A,67,Referral Network,Enterprise (200+ agents),2026-09-05T13:58:59Z
CREAM-20260905-00014,Steven Gonzalez,Steven Gonzalez,Steven,Gonzalez,steven.gonzalez@yahoo.com,(614) 519-2299,Berkshire Hathaway,Berkshire Hathaway,Tampa,Tampa,FL,33998,17,28,28,12669875,3.9,A,60,Cold Outreach,Enterprise (200+ agents),2026-09-05T23:59:16Z
CREAM-20260905-00015,Philip Reed,Philip Reed,Philip,Reed,philipr@nestseekers.com,(972) 472-9906,Nest Seekers,Nest Seekers,Manhattan,Manhattan,NY,13122,23,40,40,23155608,4.1,A,91,Website Lead,Boutique (2-10 agents),2026-09-05T17:58:45Z
CREAM-20260905-00016,Charles Long,Charles Long,Charles,Long,charles.long@compass.com,(415) 765-1178,Compass,Compass,San Jose,San Jose,CA,95582,17,34,34,26876472,3.3,A,82,NAR Directory,Boutique (2-10 agents),2026-09-05T15:28:24Z
CREAM-20260905-00017,Ruth Kelly,Ruth Kelly,Ruth,Kelly,ruthkelly@yahoo.com,(512) 230-2113,RE/MAX,RE/MAX,Cincinnati,Cincinnati,OH,43582,1,7,7,2188705,4.0,A,74,LinkedIn,Independent,2026-09-05T23:21:09Z
CREAM-20260905-00018,Danielle Nelson,Danielle Nelson,Danielle,Nelson,danielle_nelson@hotmail.com,(256) 683-6481,Coldwell Banker,Coldwell Banker,El Paso,El Paso,TX,79347,1,9,9,2475532,4.8,A,74,Facebook,Large (51-200 agents),2026-09-05T13:59:19Z
CREAM-20260905-00019,Barbara Long,Barbara Long,Barbara,Long,barbaral@outlook.com,(212) 910-7713,Nest Seekers,Nest Seekers,Staten Island,Staten Island,NY,12721,1,6,6,4117148,4.2,A,82,Website Lead,Mid-size (11-50 agents),2026-09-05T14:17:10Z
CREAM-20260905-00020,Melissa Young,Melissa Young,Melissa,Young,melissa.young@exprealty.com,(512) 386-9951,eXp Realty,eXp Realty,Phoenix,Phoenix,AZ,85888,20,72,72,36403531,3.7,A,83,Trade Show,Mid-size (11-50 agents),2026-09-05T16:10:36Z
CREAM-20260905-00021,Roger Clark,Roger Clark,Roger,Clark,rogerc@hotmail.com,(212) 761-1095,Keller Williams,Keller Williams,Mesa,Mesa,AZ,85790,17,77,77,25600430,3.0,A,97,Cold Outreach,Enterprise (200+ agents),2026-09-05T17:15:42Z
CREAM-20260905-00022,Tyler Johnson,Tyler Johnson,Tyler,Johnson,tyler.johnson@hotmail.com,(972) 864-9887,Pacific Sotheby's,Pacific Sotheby's,Los Angeles,Los Angeles,CA,96944,18,79,79,86498091,4.2,A,79,Referral Network,Independent,2026-09-05T06:23:26Z
CREAM-20260905-00023,Linda Wright,Linda Wright,Linda,Wright,linda_wright@gmail.com,(929) 462-8475,RE/MAX,RE/MAX,Austin,Austin,TX,78407,24,45,45,18660792,4.7,A,65,Facebook,Large (51-200 agents),2026-09-05T21:06:49Z
CREAM-20260905-00024,Ralph Mendoza,Ralph Mendoza,Ralph,Mendoza,rmendoza@berkshirehathaway.com,(704) 731-3184,Berkshire Hathaway,Berkshire Hathaway,St. Petersburg,St. Petersburg,FL,34901,1,9,9,2786348,4.9,A,97,Realtor.com,Independent,2026-09-05T20:19:36Z
CREAM-20260905-00025,Natalie Lee,Natalie Lee,Natalie,Lee,natalie_lee@gmail.com,(310) 874-3769,Halstead,Halstead,Bronx,Bronx,NY,14304,18,80,80,50934041,4.6,A,89,Referral Network,Boutique (2-10 agents),2026-09-05T12:14:16Z
CREAM-20260905-00026,George Evans,George Evans,George,Evans,george.evans@exprealty.com,(512) 939-6211,eXp Realty,eXp Realty,Greensboro,Greensboro,NC,28432,2,8,8,3246386,4.6,A,82,Trade Show,Enterprise (200+ agents),2026-09-05T16:35:27Z
CREAM-20260905-00027,Theresa Powell,Theresa Powell,Theresa,Powell,theresap@berkshirehathaway.com,(929) 924-9388,Berkshire Hathaway,Berkshire Hathaway,Cincinnati,Cincinnati,OH,44861,3,22,22,6001279,4.5,A,74,LinkedIn,Mid-size (11-50 agents),2026-09-05T15:20:45Z
CREAM-20260905-00028,Philip Jenkins,Philip Jenkins,Philip,Jenkins,philipjenkins@yahoo.com,(786) 881-4795,Douglas Elliman,Douglas Elliman,Tampa,Tampa,FL,34489,2,12,12,3887187,3.2,A,94,LinkedIn,Independent,2026-09-05T11:26:45Z
CREAM-20260905-00029,Brittany Diaz,Brittany Diaz,Brittany,Diaz,brittanyd@hotmail.com,(310) 865-2232,Berkshire Hathaway,Berkshire Hathaway,Raleigh,Raleigh,NC,28438,7,23,23,7070970,4.2,A,65,Referral Network,Large (51-200 agents),2026-09-05T10:23:18Z
CREAM-20260905-00030,Margaret Wilson,Margaret Wilson,Margaret,Wilson,mwilson@outlook.com,(513) 470-2605,Nest Seekers,Nest Seekers,Brooklyn,Brooklyn,NY,11388,15,66,66,31260733,3.6,A,87,NAR Directory,Mid-size (11-50 agents),2026-09-05T12:46:46Z
CREAM-20260905-00031,Jonathan Jackson,Jonathan Jackson,Jonathan,Jackson,jonathanjackson@gmail.com,(305) 774-7314,Allen Tate,Allen Tate,Charlotte,Charlotte,NC,27122,23,50,50,16601890,4.9,A,69,LinkedIn,Mid-size (11-50 agents),2026-09-05T09:48:14Z
CREAM-20260905-00032,Anthony Rogers,Anthony Rogers,Anthony,Rogers,anthonyrogers@icloud.com,(720) 694-8382,Coldwell Banker,Coldwell Banker,Los Angeles,Los Angeles,CA,92228,11,76,76,59308489,4.6,A,79,Website Lead,Enterprise (200+ agents),2026-09-05T21:34:32Z
CREAM-20260905-00033,Shirley Green,Shirley Green,Shirley,Green,sgreen@coldwellbanker.com,(704) 976-2085,Coldwell Banker,Coldwell Banker,Scottsdale,Scottsdale,AZ,86449,22,42,42,20559234,3.5,A,68,Referral Network,Mid-size (11-50 agents),2026-09-05T00:00:23Z
CREAM-20260905-00034,Catherine Smith,Catherine Smith,Catherine,Smith,catherines@longrealty.com,(513) 413-9522,Long Realty,Long Realty,Mesa,Mesa,AZ,86965,5,18,18,7366857,4.2,A,88,Realtor.com,Boutique (2-10 agents),2026-09-05T17:52:23Z
CREAM-20260905-00035,Donna Clark,Donna Clark,Donna,Clark,donnac@yahoo.com,(334) 574-7502,Huntington Real Estate,Huntington Real Estate,Cleveland,Cleveland,OH,44997,9,38,38,12108522,3.9,A,72,Trade Show,Large (51-200 agents),2026-09-05T13:53:40Z
CREAM-20260905-00036,Melissa Phillips,Melissa Phillips,Melissa,Phillips,melissa.phillips@alliebethallman.com,(602) 492-3636,Allie Beth Allman,Allie Beth Allman,Fort Worth,Fort Worth,TX,77788,14,31,31,8479848,3.6,A,68,Realtor.com,Mid-size (11-50 agents),2026-09-05T23:22:54Z
CREAM-20260905-00037,Jeffrey Wood,Jeffrey Wood,Jeffrey,Wood,jwood@icloud.com,(415) 741-2114,Sotheby's International,Sotheby's International,San Jose,San Jose,CA,94262,2,6,6,6474589,4.5,A,63,Realtor.com,Mid-size (11-50 agents),2026-09-05T03:27:37Z
CREAM-20260905-00038,Philip Miller,Philip Miller,Philip,Miller,philipm@yahoo.com,(303) 654-6772,RE/MAX,RE/MAX,Aurora,Aurora,CO,81949,1,11,11,7046136,3.8,A,97,Trade Show,Independent,2026-09-05T00:34:31Z
CREAM-20260905-00039,Helen White,Helen White,Helen,White,helenw@icloud.com,(513) 744-4665,RE/MAX,RE/MAX,Cincinnati,Cincinnati,OH,45776,1,4,4,707154,3.1,A,88,Brokerage Listings,Independent,2026-09-05T13:05:42Z
CREAM-20260905-00040,Olivia Gonzalez,Olivia Gonzalez,Olivia,Gonzalez,oliviagonzalez@hotmail.com,(980) 967-2085,8z Real Estate,8z Real Estate,Colorado Springs,Colorado Springs,CO,81550,0,5,5,2575150,4.1,A,86,LinkedIn,Enterprise (200+ agents),2026-09-05T20:51:11Z
CREAM-20260905-00041,Kenneth Torres,Kenneth Torres,Kenneth,Torres,kenneth_torres@aol.com,(512) 634-9254,Coldwell Banker,Coldwell Banker,Cincinnati,Cincinnati,OH,43776,1,3,3,932753,3.6,A,78,Brokerage Listings,Independent,2026-09-05T15:09:02Z
CREAM-20260905-00042,Lauren Torres,Lauren Torres,Lauren,Torres,lauren_torres@me.com,(972) 322-6209,Keller Williams,Keller Williams,Cincinnati,Cincinnati,OH,45285,2,11,11,2572765,4.0,A,63,NAR Directory,Independent,2026-09-05T07:00:42Z
CREAM-20260905-00043,Patricia Wood,Patricia Wood,Patricia,Wood,patricia_wood@icloud.com,(704) 290-9247,Halstead,Halstead,Staten Island,Staten Island,NY,12520,9,21,21,11793573,3.4,A,69,Brokerage Listings,Enterprise (200+ agents),2026-09-05T06:10:13Z
CREAM-20260905-00044,Nancy Adams,Nancy Adams,Nancy,Adams,nancy_adams@icloud.com,(720) 612-1996,Berkshire Hathaway,Berkshire Hathaway,Greensboro,Greensboro,NC,28995,22,45,45,18501475,4.3,A,100,Cold Outreach,Boutique (2-10 agents),2026-09-05T19:44:05Z
CREAM-20260905-00045,Olivia Johnson,Olivia Johnson,Olivia,Johnson,oliviajohnson@me.com,(614) 666-9642,Coldwell Banker,Coldwell Banker,Houston,Houston,TX,79751,9,40,40,14822323,3.7,A,97,LinkedIn,Mid-size (11-50 agents),2026-09-05T05:22:18Z
CREAM-20260905-00046,Samantha Carter,Samantha Carter,Samantha,Carter,samanthac@gmail.com,(919) 728-2883,Pacific Sotheby's,Pacific Sotheby's,San Diego,San Diego,CA,93935,0,2,2,1897376,4.7,A,64,Trade Show,Boutique (2-10 agents),2026-09-05T03:06:08Z
CREAM-20260905-00047,Jacob Baker,Jacob Baker,Jacob,Baker,jbaker@outlook.com,(334) 493-8816,eXp Realty,eXp Realty,Greensboro,Greensboro,NC,27464,17,49,49,19329894,4.0,A,74,Realtor.com,Boutique (2-10 agents),2026-09-05T11:14:16Z
CREAM-20260905-00048,Sharon Wood,Sharon Wood,Sharon,Wood,sharonwood@icloud.com,(646) 838-7434,Keller Williams,Keller Williams,Phoenix,Phoenix,AZ,86745,1,8,8,3496005,3.9,A,61,Cold Outreach,Enterprise (200+ agents),2026-09-05T22:05:31Z
CREAM-20260905-00049,Gregory Myers,Gregory Myers,Gregory,Myers,gregory.myers@yahoo.com,(214) 917-6167,Compass,Compass,San Francisco,San Francisco,CA,94687,3,15,15,13777561,4.4,A,62,Referral Network,Enterprise (200+ agents),2026-09-05T07:53:52Z
CREAM-20260905-00050,Larry Torres,Larry Torres,Larry,Torres,ltorres@coldwellbanker.com,(720) 358-2554,Coldwell Banker,Coldwell Banker,Greensboro,Greensboro,NC,27585,2,11,11,3659916,3.2,A,68,MLS Database,Mid-size (11-50 agents),2026-09-05T00:51:29Z
CREAM-20260905-00051,William Morgan,William Morgan,William,Morgan,williamm@icloud.com,(212) 595-9496,Berkshire Hathaway,Berkshire Hathaway,Denver,Denver,CO,81461,5,21,21,10863256,4.1,A,81,NAR Directory,Mid-size (11-50 agents),2026-09-05T19:49:30Z
CREAM-20260905-00052,Anna Long,Anna Long,Anna,Long,anna.long@icloud.com,(256) 349-1392,eXp Realty,eXp Realty,Los Angeles,Los Angeles,CA,92619,21,35,35,36014413,3.3,A,68,Referral Network,Mid-size (11-50 agents),2026-09-05T19:49:24Z
CREAM-20260905-00053,Margaret Jenkins,Margaret Jenkins,Margaret,Jenkins,mjenkins@aol.com,(512) 709-3711,Compass,Compass,Sacramento,Sacramento,CA,93749,2,5,5,5264071,3.8,A,78,Cold Outreach,Boutique (2-10 agents),2026-09-05T13:54:20Z
CREAM-20260905-00054,Sharon Carter,Sharon Carter,Sharon,Carter,sharonc@outlook.com,(234) 692-1536,Keller Williams,Keller Williams,Columbus,Columbus,OH,44531,17,76,76,20333910,4.1,A,72,Trade Show,Independent,2026-09-05T20:42:12Z
CREAM-20260905-00055,Robert Martin,Robert Martin,Robert,Martin,robert.martin@huntingtonrealestate.com,(234) 872-4397,Huntington Real Estate,Huntington Real Estate,Cleveland,Cleveland,OH,45736,1,9,9,2070965,4.3,A,97,Realtor.com,Large (51-200 agents),2026-09-05T10:11:39Z
CREAM-20260905-00056,Catherine Miller,Catherine Miller,Catherine,Miller,catherinem@gmail.com,(718) 306-6114,8z Real Estate,8z Real Estate,Colorado Springs,Colorado Springs,CO,81234,1,8,8,3174732,3.3,A,83,LinkedIn,Boutique (2-10 agents),2026-09-05T19:45:24Z
CREAM-20260905-00057,Justin Alexander,Justin Alexander,Justin,Alexander,justina@outlook.com,(713) 333-4441,Berkshire Hathaway,Berkshire Hathaway,Cincinnati,Cincinnati,OH,43933,1,10,10,2460333,4.3,A,72,NAR Directory,Independent,2026-09-05T03:43:13Z
CREAM-20260905-00058,Jacob Bennett,Jacob Bennett,Jacob,Bennett,jbennett@compass.com,(310) 668-4463,Compass,Compass,New York City,New York City,NY,10476,3,11,11,5538229,3.3,A,80,NAR Directory,Enterprise (200+ agents),2026-09-05T10:02:57Z
CREAM-20260905-00059,Peter Carter,Peter Carter,Peter,Carter,peterc@me.com,(972) 729-1952,Coldwell Banker,Coldwell Banker,Aurora,Aurora,CO,81583,23,76,76,39948706,4.2,A,77,Realtor.com,Enterprise (200+ agents),2026-09-05T02:08:30Z
CREAM-20260905-00060,Stephanie King,Stephanie King,Stephanie,King,stephaniek@yahoo.com,(786) 921-2109,RE/MAX,RE/MAX,Denver,Denver,CO,81114,4,15,15,7417799,4.0,A,78,Facebook,Enterprise (200+ agents),2026-09-05T23:09:50Z
CREAM-20260905-00061,Sharon Morris,Sharon Morris,Sharon,Morris,sharon_morris@gmail.com,(214) 897-1630,RE/MAX,RE/MAX,Scottsdale,Scottsdale,AZ,86769,10,64,64,18581723,4.0,A,84,Cold Outreach,Independent,2026-09-05T22:44:34Z
CREAM-20260905-00062,Brian Ramirez,Brian Ramirez,Brian,Ramirez,brianr@hotmail.com,(512) 886-3896,Berkshire Hathaway,Berkshire Hathaway,Aurora,Aurora,CO,81844,0,1,1,534336,3.5,A,97,Cold Outreach,Independent,2026-09-05T13:20:01Z
CREAM-20260905-00063,Grace Moore,Grace Moore,Grace,Moore,grace_moore@aol.com,(614) 649-7946,8z Real Estate,8z Real Estate,Denver,Denver,CO,80845,8,36,36,23341034,3.4,A,86,Trade Show,Mid-size (11-50 agents),2026-09-05T12:00:26Z
CREAM-20260905-00064,Gregory Wilson,Gregory Wilson,Gregory,Wilson,gregory_wilson@gmail.com,(614) 984-3597,Coldwell Banker,Coldwell Banker,Colorado Springs,Colorado Springs,CO,80934,20,45,45,26493689,3.5,A,61,NAR Directory,Independent,2026-09-05T23:42:50Z
CREAM-20260905-00065,Jeffrey Fisher,Jeffrey Fisher,Jeffrey,Fisher,jeffreyfisher@icloud.com,(916) 312-4003,Halstead,Halstead,Staten Island,Staten Island,NY,11908,10,59,59,42198522,3.4,A,95,Referral Network,Enterprise (200+ agents),2026-09-05T15:54:17Z
CREAM-20260905-00066,Diane Wilson,Diane Wilson,Diane,Wilson,dianewilson@outlook.com,(614) 819-9946,Berkshire Hathaway,Berkshire Hathaway,Aurora,Aurora,CO,80259,3,21,21,10433890,3.8,A,61,LinkedIn,Mid-size (11-50 agents),2026-09-05T05:35:02Z
CREAM-20260905-00067,Timothy Perez,Timothy Perez,Timothy,Perez,timothy_perez@hotmail.com,(256) 397-8193,eXp Realty,eXp Realty,St. Petersburg,St. Petersburg,FL,34137,3,9,9,4785073,4.5,A,89,Website Lead,Boutique (2-10 agents),2026-09-05T11:35:23Z
CREAM-20260905-00068,Shirley Coleman,Shirley Coleman,Shirley,Coleman,shirleycoleman@me.com,(234) 480-8623,Berkshire Hathaway,Berkshire Hathaway,St. Petersburg,St. Petersburg,FL,34506,11,25,25,10674970,4.9,A,86,Brokerage Listings,Enterprise (200+ agents),2026-09-05T04:18:27Z
CREAM-20260905-00069,Carol Hill,Carol Hill,Carol,Hill,carolh@hotmail.com,(718) 255-6839,Sotheby's International,Sotheby's International,San Diego,San Diego,CA,92690,1,8,8,5557075,4.0,A,61,Cold Outreach,Boutique (2-10 agents),2026-09-05T15:36:01Z
CREAM-20260905-00070,Justin Watson,Justin Watson,Justin,Watson,justinwatson@outlook.com,(334) 884-1169,eXp Realty,eXp Realty,San Antonio,San Antonio,TX,75897,4,13,13,3470172,3.8,A,61,NAR Directory,Boutique (2-10 agents),2026-09-05T11:46:27Z
CREAM-20260905-00071,Dennis Kim,Dennis Kim,Dennis,Kim,dennisk@aol.com,(805) 335-1659,Coldwell Banker,Coldwell Banker,Cleveland,Cleveland,OH,44430,5,25,25,5964663,3.5,A,78,Referral Network,Independent,2026-09-05T18:20:37Z
CREAM-20260905-00072,Judith Parker,Judith Parker,Judith,Parker,judith_parker@yahoo.com,(720) 712-1202,Century 21,Century 21,Orlando,Orlando,FL,32367,2,6,6,1948069,3.7,A,98,NAR Directory,Mid-size (11-50 agents),2026-09-05T21:27:54Z
CREAM-20260905-00073,Grace Lopez,Grace Lopez,Grace,Lopez,gracelopez@aol.com,(310) 907-9519,Allie Beth Allman,Allie Beth Allman,San Antonio,San Antonio,TX,77559,0,2,2,809692,4.3,A,93,Cold Outreach,Enterprise (200+ agents),2026-09-05T20:26:52Z
CREAM-20260905-00074,Kathleen Castillo,Kathleen Castillo,Kathleen,Castillo,kcastillo@re/max.com,(972) 452-4642,RE/MAX,RE/MAX,Phoenix,Phoenix,AZ,85710,21,47,47,23063395,4.3,A,78,LinkedIn,Independent,2026-09-05T02:48:29Z
CREAM-20260905-00075,Angela Stewart,Angela Stewart,Angela,Stewart,angelastewart@hotmail.com,(720) 236-1217,Russell Lyon Sotheby's,Russell Lyon Sotheby's,Scottsdale,Scottsdale,AZ,85952,6,27,27,14089651,4.3,A,76,Website Lead,Mid-size (11-50 agents),2026-09-05T04:03:57Z
CREAM-20260905-00076,Maria Patel,Maria Patel,Maria,Patel,maria.patel@me.com,(310) 355-8915,RE/MAX,RE/MAX,Tampa,Tampa,FL,34663,14,49,49,26336411,3.2,A,99,Realtor.com,Enterprise (200+ agents),2026-09-05T13:45:43Z
CREAM-20260905-00077,Nicholas Martin,Nicholas Martin,Nicholas,Martin,nmartin@icloud.com,(704) 316-3052,RE/MAX,RE/MAX,Phoenix,Phoenix,AZ,85336,5,10,10,4051613,4.9,A,96,LinkedIn,Enterprise (200+ agents),2026-09-05T08:57:09Z
CREAM-20260905-00078,Donna Cook,Donna Cook,Donna,Cook,donnac@icloud.com,(786) 431-4153,8z Real Estate,8z Real Estate,Denver,Denver,CO,80258,4,17,17,9488934,3.1,A,98,Cold Outreach,Boutique (2-10 agents),2026-09-05T07:37:23Z
CREAM-20260905-00079,Aaron Wright,Aaron Wright,Aaron,Wright,aaronwright@outlook.com,(718) 873-7599,Compass,Compass,Orlando,Orlando,FL,33943,0,4,4,1956050,3.9,A,66,NAR Directory,Boutique (2-10 agents),2026-09-05T06:16:49Z
CREAM-20260905-00080,Stephanie Jackson,Stephanie Jackson,Stephanie,Jackson,stephanie.jackson@nestseekers.com,(512) 939-2096,Nest Seekers,Nest Seekers,Brooklyn,Brooklyn,NY,13717,4,17,17,11058067,3.1,A,80,Trade Show,Independent,2026-09-05T05:48:00Z
CREAM-20260905-00081,Janet Ramirez,Janet Ramirez,Janet,Ramirez,janetr@howardhanna.com,(718) 703-5010,Howard Hanna,Howard Hanna,Charlotte,Charlotte,NC,27264,5,12,12,4757671,3.0,A,81,Realtor.com,Enterprise (200+ agents),2026-09-05T17:46:28Z
CREAM-20260905-00082,Judith Martinez,Judith Martinez,Judith,Martinez,jmartinez@berkshirehathaway.com,(980) 789-4751,Berkshire Hathaway,Berkshire Hathaway,Scottsdale,Scottsdale,AZ,85153,3,12,12,3766491,3.9,A,71,NAR Directory,Mid-size (11-50 agents),2026-09-05T08:32:17Z
CREAM-20260905-00083,Amber Perry,Amber Perry,Amber,Perry,aperry@me.com,(980) 929-5443,Keller Williams,Keller Williams,Colorado Springs,Colorado Springs,CO,81449,0,3,3,2086578,4.3,A,74,Cold Outreach,Large (51-200 agents),2026-09-05T11:01:54Z
CREAM-20260905-00084,Debra Richardson,Debra Richardson,Debra,Richardson,debrar@re/max.com,(714) 803-3031,RE/MAX,RE/MAX,Oakland,Oakland,CA,96650,2,7,7,5475239,4.0,A,93,Referral Network,Mid-size (11-50 agents),2026-09-05T15:39:56Z
CREAM-20260905-00085,Brandon Reed,Brandon Reed,Brandon,Reed,brandon.reed@exprealty.com,(805) 876-6980,eXp Realty,eXp Realty,San Jose,San Jose,CA,90851,17,53,53,54488901,3.9,A,92,Realtor.com,Independent,2026-09-05T16:35:32Z
CREAM-20260905-00086,Amanda Gomez,Amanda Gomez,Amanda,Gomez,amanda_gomez@yahoo.com,(214) 793-6757,Berkshire Hathaway,Berkshire Hathaway,Tucson,Tucson,AZ,85185,8,24,24,10453125,4.3,A,61,Trade Show,Large (51-200 agents),2026-09-05T08:15:22Z
CREAM-20260905-00087,Gloria Jones,Gloria Jones,Gloria,Jones,gloriajones@outlook.com,(704) 624-4997,HER Realtors,HER Realtors,Cleveland,Cleveland,OH,45736,0,2,2,580712,3.2,A,67,LinkedIn,Mid-size (11-50 agents),2026-09-05T17:09:50Z
CREAM-20260905-00088,Janet Hughes,Janet Hughes,Janet,Hughes,janeth@aol.com,(214) 363-5736,Keller Williams,Keller Williams,Manhattan,Manhattan,NY,12328,20,56,56,27380023,3.3,A,87,Trade Show,Enterprise (200+ agents),2026-09-05T23:05:40Z
CREAM-20260905-00089,Debra Reyes,Debra Reyes,Debra,Reyes,debrareyes@me.com,(512) 913-6395,Huntington Real Estate,Huntington Real Estate,Cleveland,Cleveland,OH,44387,0,2,2,367057,3.1,A,85,Referral Network,Boutique (2-10 agents),2026-09-05T07:14:01Z
CREAM-20260905-00090,Cynthia Roberts,Cynthia Roberts,Cynthia,Roberts,cynthia.roberts@icloud.com,(512) 475-4230,Douglas Elliman,Douglas Elliman,Houston,Houston,TX,76121,6,38,38,14071770,3.7,A,93,Trade Show,Boutique (2-10 agents),2026-09-05T03:43:42Z
CREAM-20260905-00091,Thomas Sanders,Thomas Sanders,Thomas,Sanders,tsanders@outlook.com,(512) 810-2243,Keller Williams,Keller Williams,Colorado Springs,Colorado Springs,CO,80815,5,10,10,5884268,3.7,A,64,Cold Outreach,Mid-size (11-50 agents),2026-09-05T21:18:19Z
CREAM-20260905-00092,Brittany Perry,Brittany Perry,Brittany,Perry,brittany.perry@me.com,(256) 314-8476,Brown Harris Stevens,Brown Harris Stevens,Queens,Queens,NY,12286,12,30,30,21929517,3.9,A,83,NAR Directory,Large (51-200 agents),2026-09-05T10:08:00Z
CREAM-20260905-00093,Gregory Coleman,Gregory Coleman,Gregory,Coleman,gcoleman@gmail.com,(718) 319-1400,Coldwell Banker,Coldwell Banker,Tucson,Tucson,AZ,86347,5,17,17,5008277,3.5,A,80,LinkedIn,Large (51-200 agents),2026-09-05T15:24:42Z
CREAM-20260905-00094,Rose Bailey,Rose Bailey,Rose,Bailey,roseb@me.com,(919) 777-4585,Halstead,Halstead,Staten Island,Staten Island,NY,12276,12,63,63,39695387,3.9,A,82,Brokerage Listings,Mid-size (11-50 agents),2026-09-05T01:28:14Z
CREAM-20260905-00095,Raymond Ross,Raymond Ross,Raymond,Ross,raymond.ross@aol.com,(929) 551-8455,Douglas Elliman,Douglas Elliman,Brooklyn,Brooklyn,NY,13656,4,17,17,12885486,3.8,A,98,LinkedIn,Large (51-200 agents),2026-09-05T06:09:05Z
CREAM-20260905-00096,Sarah Hernandez,Sarah Hernandez,Sarah,Hernandez,shernandez@sothebysinternational.com,(234) 364-3284,Sotheby's International,Sotheby's International,Long Beach,Long Beach,CA,94941,10,31,31,25321616,4.8,A,83,Trade Show,Large (51-200 agents),2026-09-05T10:21:10Z
CREAM-20260905-00097,Jacqueline Ramos,Jacqueline Ramos,Jacqueline,Ramos,jacquelineramos@gmail.com,(713) 616-5780,Allen Tate,Allen Tate,Greensboro,Greensboro,NC,27875,8,28,28,11636858,3.5,A,65,LinkedIn,Large (51-200 agents),2026-09-05T19:37:56Z
CREAM-20260905-00098,Dennis Morales,Dennis Morales,Dennis,Morales,dennismorales@aol.com,(704) 350-3610,RE/MAX,RE/MAX,Columbus,Columbus,OH,43929,1,10,10,3238786,5.0,A,85,MLS Database,Large (51-200 agents),2026-09-05T23:19:32Z
CREAM-20260905-00099,Louis Young,Louis Young,Louis,Young,louisyoung@outlook.com,(512) 945-2108,Cutler Real Estate,Cutler Real Estate,Columbus,Columbus,OH,44395,4,12,12,2157509,3.9,A,71,MLS Database,Large (51-200 agents),2026-09-05T16:17:25Z
CREAM-20260905-00100,Victoria Wright,Victoria Wright,Victoria,Wright,vwright@re/max.com,(212) 739-9122,RE/MAX,RE/MAX,Scottsdale,Scottsdale,AZ,86926,3,21,21,10015406,3.3,A,79,Referral Network,Boutique (2-10 agents),2026-09-05T14:10:16Z
CREAM-20260905-00101,Scott Kelly,Scott Kelly,Scott,Kelly,scottk@icloud.com,(512) 568-4890,Berkshire Hathaway,Berkshire Hathaway,Raleigh,Raleigh,NC,28312,23,34,34,12564632,5.0,A,86,LinkedIn,Mid-size (11-50 agents),2026-09-05T23:30:47Z
CREAM-20260905-00102,Alexander Foster,Alexander Foster,Alexander,Foster,afoster@coldwellbanker.com,(469) 414-8670,Coldwell Banker,Coldwell Banker,Jacksonville,Jacksonville,FL,33488,2,5,5,1784360,4.6,A,99,Brokerage Listings,Enterprise (200+ agents),2026-09-05T21:10:07Z
CREAM-20260905-00103,Donna Collins,Donna Collins,Donna,Collins,donna_collins@yahoo.com,(334) 669-6731,eXp Realty,eXp Realty,Colorado Springs,Colorado Springs,CO,81306,2,8,8,4772788,4.5,A,91,MLS Database,Enterprise (200+ agents),2026-09-05T16:52:05Z
CREAM-20260905-00104,Dennis Carter,Dennis Carter,Dennis,Carter,dcarter@aol.com,(786) 769-3438,RE/MAX,RE/MAX,San Diego,San Diego,CA,94839,17,68,68,43036844,3.5,A,99,NAR Directory,Enterprise (200+ agents),2026-09-05T09:57:05Z
CREAM-20260905-00105,Anthony Cruz,Anthony Cruz,Anthony,Cruz,anthony.cruz@allentate.com,(334) 446-5877,Allen Tate,Allen Tate,Greensboro,Greensboro,NC,27925,17,51,51,20394307,4.5,A,78,NAR Directory,Independent,2026-09-05T13:56:52Z
CREAM-20260905-00106,Jacob Nelson,Jacob Nelson,Jacob,Nelson,jnelson@gmail.com,(404) 629-9225,Huntington Real Estate,Huntington Real Estate,Columbus,Columbus,OH,44671,10,33,33,6245094,3.4,A,76,Brokerage Listings,Independent,2026-09-05T18:32:34Z
CREAM-20260905-00107,Emily Ramos,Emily Ramos,Emily,Ramos,emily.ramos@gmail.com,(415) 956-5502,Nest Seekers,Nest Seekers,Queens,Queens,NY,10918,5,22,22,12472042,4.4,A,76,Website Lead,Large (51-200 agents),2026-09-05T13:04:25Z
CREAM-20260905-00108,Kenneth Price,Kenneth Price,Kenneth,Price,kprice@icloud.com,(929) 671-7826,Keller Williams,Keller Williams,Colorado Springs,Colorado Springs,CO,81738,4,25,25,14026080,3.7,A,63,Trade Show,Boutique (2-10 agents),2026-09-05T18:27:08Z
CREAM-20260905-00109,Samuel Sanchez,Samuel Sanchez,Samuel,Sanchez,ssanchez@me.com,(212) 678-9991,8z Real Estate,8z Real Estate,Colorado Springs,Colorado Springs,CO,81796,1,3,3,2103209,4.2,A,72,Referral Network,Independent,2026-09-05T00:07:11Z
CREAM-20260905-00110,Heather Thompson,Heather Thompson,Heather,Thompson,heatherthompson@gmail.com,(720) 584-9620,Compass,Compass,St. Petersburg,St. Petersburg,FL,32843,0,5,5,2024456,3.4,A,89,Brokerage Listings,Large (51-200 agents),2026-09-05T09:02:37Z
CREAM-20260905-00111,Kenneth Hughes,Kenneth Hughes,Kenneth,Hughes,kennethhughes@me.com,(512) 968-4083,Berkshire Hathaway,Berkshire Hathaway,Colorado Springs,Colorado Springs,CO,81591,9,21,21,13558914,3.8,A,73,Website Lead,Boutique (2-10 agents),2026-09-05T09:05:46Z
CREAM-20260905-00112,Michelle Murphy,Michelle Murphy,Michelle,Murphy,michellem@coldwellbanker.com,(980) 827-3820,Coldwell Banker,Coldwell Banker,St. Petersburg,St. Petersburg,FL,32332,4,19,19,6987648,3.8,A,76,Cold Outreach,Independent,2026-09-05T10:34:43Z
CREAM-20260905-00113,Ruth Myers,Ruth Myers,Ruth,Myers,rmyers@kellerwilliams.com,(786) 801-4530,Keller Williams,Keller Williams,Dallas,Dallas,TX,76968,15,55,55,22481237,3.7,A,99,Trade Show,Enterprise (200+ agents),2026-09-05T05:30:52Z
CREAM-20260905-00114,Samantha Scott,Samantha Scott,Samantha,Scott,samantha_scott@outlook.com,(310) 481-9513,eXp Realty,eXp Realty,Tucson,Tucson,AZ,86306,4,12,12,6136634,4.0,A,82,MLS Database,Large (51-200 agents),2026-09-05T21:31:34Z
CREAM-20260905-00115,Joseph Wilson,Joseph Wilson,Joseph,Wilson,jwilson@re/max.com,(929) 582-9842,RE/MAX,RE/MAX,Aurora,Aurora,CO,80165,5,11,11,5569614,3.9,A,61,Website Lead,Enterprise (200+ agents),2026-09-05T04:55:38Z
CREAM-20260905-00116,Robert Kelly,Robert Kelly,Robert,Kelly,robertk@re/max.com,(404) 837-5567,RE/MAX,RE/MAX,Columbus,Columbus,OH,45920,17,32,32,9542513,4.3,A,94,MLS Database,Mid-size (11-50 agents),2026-09-05T19:09:32Z
CREAM-20260905-00117,Debra Ward,Debra Ward,Debra,Ward,debraw@me.com,(646) 512-9855,Compass,Compass,Bronx,Bronx,NY,10845,1,12,12,9593242,3.2,A,100,Website Lead,Boutique (2-10 agents),2026-09-05T10:12:08Z
CREAM-20260905-00118,Angela Jackson,Angela Jackson,Angela,Jackson,angelaj@outlook.com,(334) 618-4532,Douglas Elliman,Douglas Elliman,Austin,Austin,TX,79982,4,25,25,11248289,4.1,A,60,Cold Outreach,Independent,2026-09-05T20:17:50Z
CREAM-20260905-00119,Debra Ruiz,Debra Ruiz,Debra,Ruiz,debra.ruiz@me.com,(469) 307-5143,Keller Williams,Keller Williams,San Antonio,San Antonio,TX,78162,3,20,20,6713238,3.8,A,62,Website Lead,Boutique (2-10 agents),2026-09-05T00:31:51Z
CREAM-20260905-00120,Megan Mitchell,Megan Mitchell,Megan,Mitchell,megan_mitchell@hotmail.com,(704) 220-7560,Cutler Real Estate,Cutler Real Estate,Cleveland,Cleveland,OH,43648,0,2,2,546869,3.6,A,81,Realtor.com,Boutique (2-10 agents),2026-09-05T08:13:19Z
CREAM-20260905-00121,Michael Stewart,Michael Stewart,Michael,Stewart,michael.stewart@berkshirehathaway.com,(720) 638-2631,Berkshire Hathaway,Berkshire Hathaway,Jacksonville,Jacksonville,FL,33888,20,39,39,19096111,4.0,A,83,Brokerage Listings,Enterprise (200+ agents),2026-09-05T18:27:22Z
CREAM-20260905-00122,Theresa Adams,Theresa Adams,Theresa,Adams,theresaadams@gmail.com,(310) 587-6712,Keller Williams Realty,Keller Williams Realty,St. Petersburg,St. Petersburg,FL,34365,5,23,23,11967972,4.8,A,93,Trade Show,Enterprise (200+ agents),2026-09-05T05:31:54Z
CREAM-20260905-00123,Janet Wood,Janet Wood,Janet,Wood,janet.wood@compass.com,(334) 285-4252,Compass,Compass,Bronx,Bronx,NY,11443,21,40,40,26444900,4.5,A,74,Realtor.com,Mid-size (11-50 agents),2026-09-05T11:32:46Z
CREAM-20260905-00124,Cynthia Miller,Cynthia Miller,Cynthia,Miller,cmiller@outlook.com,(980) 940-6838,Keller Williams Realty,Keller Williams Realty,San Francisco,San Francisco,CA,90326,5,10,10,8075149,4.8,A,70,Trade Show,Large (51-200 agents),2026-09-05T04:33:07Z
CREAM-20260905-00125,Natalie Ramirez,Natalie Ramirez,Natalie,Ramirez,nramirez@icloud.com,(972) 445-7528,Coldwell Banker,Coldwell Banker,Columbus,Columbus,OH,45797,0,5,5,1145601,3.2,A,65,Cold Outreach,Mid-size (11-50 agents),2026-09-05T13:26:56Z
CREAM-20260905-00126,Helen Moore,Helen Moore,Helen,Moore,hmoore@compass.com,(234) 603-6393,Compass,Compass,Jacksonville,Jacksonville,FL,34443,8,37,37,19483429,4.7,A,93,Brokerage Listings,Large (51-200 agents),2026-09-05T03:19:07Z
CREAM-20260905-00127,Kimberly Rodriguez,Kimberly Rodriguez,Kimberly,Rodriguez,kimberly.rodriguez@compass.com,(334) 928-7818,Compass,Compass,Oakland,Oakland,CA,92864,2,7,7,5744835,4.6,A,69,Facebook,Enterprise (200+ agents),2026-09-05T12:20:02Z
CREAM-20260905-00128,Rebecca Ward,Rebecca Ward,Rebecca,Ward,rward@icloud.com,(334) 286-1517,Coldwell Banker,Coldwell Banker,San Francisco,San Francisco,CA,92855,5,11,11,9776224,4.0,A,64,MLS Database,Enterprise (200+ agents),2026-09-05T05:36:01Z
CREAM-20260905-00129,Carolyn Allen,Carolyn Allen,Carolyn,Allen,carolyna@aol.com,(310) 232-1892,eXp Realty,eXp Realty,Cleveland,Cleveland,OH,44169,23,43,43,11713166,4.1,A,99,Cold Outreach,Mid-size (11-50 agents),2026-09-05T21:04:19Z
CREAM-20260905-00130,Carl Harris,Carl Harris,Carl,Harris,carl.harris@yahoo.com,(334) 650-8860,Sotheby's International,Sotheby's International,Oakland,Oakland,CA,91147,0,4,4,3970313,3.6,A,65,LinkedIn,Large (51-200 agents),2026-09-05T21:55:44Z
CREAM-20260905-00131,Angela Gomez,Angela Gomez,Angela,Gomez,angela.gomez@coldwellbanker.com,(334) 427-3646,Coldwell Banker,Coldwell Banker,Colorado Springs,Colorado Springs,CO,80142,8,15,15,10099192,4.4,A,78,Realtor.com,Enterprise (200+ agents),2026-09-05T04:49:34Z
CREAM-20260905-00132,Brittany Williams,Brittany Williams,Brittany,Williams,brittanywilliams@hotmail.com,(786) 411-5592,Compass,Compass,Colorado Springs,Colorado Springs,CO,81263,8,39,39,23314308,4.5,A,66,Facebook,Independent,2026-09-05T17:29:29Z
CREAM-20260905-00133,Scott Murphy,Scott Murphy,Scott,Murphy,scottmurphy@hotmail.com,(972) 616-1086,RE/MAX,RE/MAX,Aurora,Aurora,CO,80606,4,11,11,6667391,3.6,A,62,Facebook,Mid-size (11-50 agents),2026-09-05T14:14:45Z
CREAM-20260905-00134,Raymond Roberts,Raymond Roberts,Raymond,Roberts,raymond.roberts@icloud.com,(718) 986-2304,8z Real Estate,8z Real Estate,Denver,Denver,CO,81512,3,23,23,9924806,3.1,A,94,Cold Outreach,Mid-size (11-50 agents),2026-09-05T04:14:54Z
CREAM-20260905-00135,Jeffrey Ramos,Jeffrey Ramos,Jeffrey,Ramos,jeffreyr@exprealty.com,(407) 677-5986,eXp Realty,eXp Realty,Jacksonville,Jacksonville,FL,32446,1,4,4,1536483,3.6,A,87,NAR Directory,Large (51-200 agents),2026-09-05T05:38:16Z
CREAM-20260905-00136,Samuel Patel,Samuel Patel,Samuel,Patel,samuelp@8zrealestate.com,(714) 835-8715,8z Real Estate,8z Real Estate,Denver,Denver,CO,80869,9,27,27,16628453,4.9,A,61,Cold Outreach,Independent,2026-09-05T13:40:24Z
CREAM-20260905-00137,Jerry Scott,Jerry Scott,Jerry,Scott,jerrys@berkshirehathaway.com,(404) 617-7536,Berkshire Hathaway,Berkshire Hathaway,Orlando,Orlando,FL,33196,25,69,69,22547735,3.7,A,95,LinkedIn,Boutique (2-10 agents),2026-09-05T06:46:30Z
CREAM-20260905-00138,Robert Nelson,Robert Nelson,Robert,Nelson,robert.nelson@me.com,(614) 379-8981,Howard Hanna,Howard Hanna,Raleigh,Raleigh,NC,28480,23,28,28,8439867,3.4,A,77,Cold Outreach,Large (51-200 agents),2026-09-05T10:53:51Z
CREAM-20260905-00139,Lauren Jimenez,Lauren Jimenez,Lauren,Jimenez,laurenj@gmail.com,(303) 724-7003,Keller Williams,Keller Williams,Queens,Queens,NY,14417,3,15,15,12305631,5.0,A,85,MLS Database,Enterprise (200+ agents),2026-09-05T09:04:47Z
CREAM-20260905-00140,Ashley Thomas,Ashley Thomas,Ashley,Thomas,ashley.thomas@compass.com,(646) 451-8636,Compass,Compass,Denver,Denver,CO,81680,10,76,76,45483205,3.1,A,68,Trade Show,Independent,2026-09-05T09:50:11Z
CREAM-20260905-00141,Jacob Taylor,Jacob Taylor,Jacob,Taylor,jtaylor@brownharrisstevens.com,(646) 496-4817,Brown Harris Stevens,Brown Harris Stevens,Staten Island,Staten Island,NY,11977,20,80,80,62101264,3.2,A,75,Cold Outreach,Mid-size (11-50 agents),2026-09-05T05:22:45Z
CREAM-20260905-00142,Katherine Martin,Katherine Martin,Katherine,Martin,katherinemartin@aol.com,(602) 560-9096,Compass,Compass,Aurora,Aurora,CO,80410,18,28,28,18484834,4.7,A,68,NAR Directory,Boutique (2-10 agents),2026-09-05T07:03:20Z
CREAM-20260905-00143,Arthur Sullivan,Arthur Sullivan,Arthur,Sullivan,arthur_sullivan@aol.com,(929) 640-5140,Keller Williams,Keller Williams,Cleveland,Cleveland,OH,44536,2,5,5,881214,3.3,A,64,Facebook,Mid-size (11-50 agents),2026-09-05T19:46:15Z
CREAM-20260905-00144,Amanda King,Amanda King,Amanda,King,amanda.king@coldwellbanker.com,(929) 941-7302,Coldwell Banker,Coldwell Banker,Greensboro,Greensboro,NC,28311,5,19,19,5336438,4.3,A,70,Realtor.com,Enterprise (200+ agents),2026-09-05T08:46:39Z
CREAM-20260905-00145,Raymond Watson,Raymond Watson,Raymond,Watson,raymond.watson@outlook.com,(929) 472-8232,Coldwell Banker,Coldwell Banker,Raleigh,Raleigh,NC,27498,4,15,15,6122641,3.6,A,78,NAR Directory,Large (51-200 agents),2026-09-05T00:15:59Z
CREAM-20260905-00146,Stephanie Robinson,Stephanie Robinson,Stephanie,Robinson,stephanierobinson@me.com,(718) 500-5423,Berkshire Hathaway HomeServices,Berkshire Hathaway HomeServices,San Jose,San Jose,CA,90329,5,25,25,17794446,3.1,A,88,Facebook,Independent,2026-09-05T21:32:55Z
CREAM-20260905-00147,Steven Murphy,Steven Murphy,Steven,Murphy,stevenmurphy@yahoo.com,(704) 568-9697,Coldwell Banker,Coldwell Banker,San Francisco,San Francisco,CA,96521,3,20,20,21228168,3.4,A,95,Brokerage Listings,Enterprise (200+ agents),2026-09-05T19:38:59Z
CREAM-20260905-00148,George Morris,George Morris,George,Morris,georgemorris@me.com,(646) 837-7634,Briggs Freeman Sotheby's,Briggs Freeman Sotheby's,San Antonio,San Antonio,TX,79256,0,3,3,1312397,4.3,A,78,Cold Outreach,Enterprise (200+ agents),2026-09-05T19:00:51Z
CREAM-20260905-00149,Victoria Davis,Victoria Davis,Victoria,Davis,victoriadavis@me.com,(512) 885-8422,Keller Williams,Keller Williams,El Paso,El Paso,TX,78576,16,69,69,29955651,4.2,A,94,Brokerage Listings,Boutique (2-10 agents),2026-09-05T15:57:31Z
CREAM-20260905-00150,Kimberly Smith,Kimberly Smith,Kimberly,Smith,kimberly_smith@icloud.com,(334) 546-1682,Coldwell Banker,Coldwell Banker,San Jose,San Jose,CA,96571,12,58,58,52534713,3.0,A,86,LinkedIn,Independent,2026-09-05T13:43:52Z
CREAM-20260905-00151,John Cooper,John Cooper,John,Cooper,john.cooper@sothebysinternational.com,(614) 589-3434,Sotheby's International,Sotheby's International,Bronx,Bronx,NY,10587,18,76,76,59172013,3.3,A,66,Realtor.com,Independent,2026-09-05T17:32:04Z
CREAM-20260905-00152,Anthony Gomez,Anthony Gomez,Anthony,Gomez,agomez@berkshirehathaway.com,(919) 350-5031,Berkshire Hathaway,Berkshire Hathaway,Houston,Houston,TX,75828,1,8,8,3198055,4.2,A,99,Trade Show,Large (51-200 agents),2026-09-05T04:49:37Z
CREAM-20260905-00153,Gregory Fisher,Gregory Fisher,Gregory,Fisher,gregory_fisher@me.com,(614) 828-2498,eXp Realty,eXp Realty,Dallas,Dallas,TX,78615,2,8,8,2054062,3.5,A,91,Facebook,Boutique (2-10 agents),2026-09-05T14:48:03Z
CREAM-20260905-00154,Andrew Torres,Andrew Torres,Andrew,Torres,atorres@aol.com,(512) 807-8702,Corcoran Group,Corcoran Group,Staten Island,Staten Island,NY,13476,15,35,35,19758259,4.8,A,60,Trade Show,Independent,2026-09-05T15:40:42Z
CREAM-20260905-00155,Pamela Ortiz,Pamela Ortiz,Pamela,Ortiz,portiz@exprealty.com,(602) 964-7516,eXp Realty,eXp Realty,Cincinnati,Cincinnati,OH,43722,6,39,39,10611701,3.7,A,78,Facebook,Independent,2026-09-05T07:20:29Z
CREAM-20260905-00156,Andrew Martinez,Andrew Martinez,Andrew,Martinez,andrewm@kellerwilliamsrealty.com,(614) 580-9975,Keller Williams Realty,Keller Williams Realty,Jacksonville,Jacksonville,FL,34223,3,22,22,11398817,4.4,A,75,MLS Database,Large (51-200 agents),2026-09-05T16:36:17Z
CREAM-20260905-00157,Arthur Powell,Arthur Powell,Arthur,Powell,arthur.powell@gmail.com,(980) 356-6534,Compass,Compass,New York City,New York City,NY,14309,23,52,52,25795326,4.8,A,60,Website Lead,Enterprise (200+ agents),2026-09-05T18:58:17Z
CREAM-20260905-00158,Charles Hall,Charles Hall,Charles,Hall,chall@me.com,(407) 941-6033,Halstead,Halstead,Staten Island,Staten Island,NY,10251,14,70,70,56573739,3.4,A,84,Realtor.com,Enterprise (200+ agents),2026-09-05T21:36:42Z
CREAM-20260905-00159,Ashley Richardson,Ashley Richardson,Ashley,Richardson,arichardson@gmail.com,(786) 269-4206,eXp Realty,eXp Realty,Fort Lauderdale,Fort Lauderdale,FL,34739,12,27,27,8172206,4.9,A,92,Website Lead,Large (51-200 agents),2026-09-05T13:34:24Z
CREAM-20260905-00160,Natalie Patel,Natalie Patel,Natalie,Patel,nataliep@kellerwilliamsrealty.com,(256) 324-7883,Keller Williams Realty,Keller Williams Realty,St. Petersburg,St. Petersburg,FL,33114,23,65,65,29452308,3.9,A,63,NAR Directory,Independent,2026-09-05T01:00:28Z
CREAM-20260905-00161,Jerry Wright,Jerry Wright,Jerry,Wright,jwright@re/max.com,(310) 903-1169,RE/MAX,RE/MAX,San Jose,San Jose,CA,93777,22,65,65,42656708,4.9,A,87,NAR Directory,Enterprise (200+ agents),2026-09-05T20:56:35Z
CREAM-20260905-00162,Katherine Carter,Katherine Carter,Katherine,Carter,katherine_carter@gmail.com,(805) 728-2698,Keller Williams,Keller Williams,Cleveland,Cleveland,OH,45423,22,43,43,11833091,3.2,A,92,Facebook,Mid-size (11-50 agents),2026-09-05T06:06:44Z
CREAM-20260905-00163,Amber Collins,Amber Collins,Amber,Collins,acollins@exprealty.com,(713) 306-1680,eXp Realty,eXp Realty,El Paso,El Paso,TX,75688,2,5,5,1984628,4.2,A,69,Realtor.com,Enterprise (200+ agents),2026-09-05T03:52:15Z
CREAM-20260905-00164,Paul Myers,Paul Myers,Paul,Myers,pmyers@gmail.com,(415) 440-1187,Berkshire Hathaway,Berkshire Hathaway,Houston,Houston,TX,79837,19,75,75,31277199,4.1,A,79,Facebook,Large (51-200 agents),2026-09-05T13:16:00Z
CREAM-20260905-00165,Peter Davis,Peter Davis,Peter,Davis,pdavis@berkshirehathawayhomeservices.com,(646) 208-7298,Berkshire Hathaway HomeServices,Berkshire Hathaway HomeServices,San Jose,San Jose,CA,90963,3,9,9,5586259,4.9,A,98,Website Lead,Independent,2026-09-05T20:19:44Z
CREAM-20260905-00166,Rose Lopez,Rose Lopez,Rose,Lopez,roselopez@outlook.com,(713) 256-2075,eXp Realty,eXp Realty,Sacramento,Sacramento,CA,93194,18,29,29,20779760,3.8,A,67,Referral Network,Enterprise (200+ agents),2026-09-05T11:19:31Z
CREAM-20260905-00167,Sarah Sullivan,Sarah Sullivan,Sarah,Sullivan,ssullivan@gmail.com,(980) 626-2011,Halstead,Halstead,Queens,Queens,NY,10376,5,24,24,19022215,4.2,A,79,NAR Directory,Enterprise (200+ agents),2026-09-05T18:59:10Z
CREAM-20260905-00168,Michelle Edwards,Michelle Edwards,Michelle,Edwards,michellee@yahoo.com,(704) 637-5012,Pacific Sotheby's,Pacific Sotheby's,Los Angeles,Los Angeles,CA,94149,0,4,4,3919732,3.4,A,96,Facebook,Large (51-200 agents),2026-09-05T11:38:50Z
CREAM-20260905-00169,Andrew Ortiz,Andrew Ortiz,Andrew,Ortiz,andrew.ortiz@aol.com,(310) 473-8017,Russell Lyon Sotheby's,Russell Lyon Sotheby's,Phoenix,Phoenix,AZ,86985,2,8,8,3098093,3.6,A,79,Cold Outreach,Boutique (2-10 agents),2026-09-05T12:49:56Z
CREAM-20260905-00170,Theresa Kelly,Theresa Kelly,Theresa,Kelly,theresak@me.com,(704) 619-5189,Keller Williams,Keller Williams,Bronx,Bronx,NY,13743,2,4,4,2946785,5.0,A,65,Website Lead,Enterprise (200+ agents),2026-09-05T14:04:23Z
CREAM-20260905-00171,Eric Russell,Eric Russell,Eric,Russell,erussell@coldwellbanker.com,(234) 903-9470,Coldwell Banker,Coldwell Banker,Columbus,Columbus,OH,44240,21,28,28,8650305,4.7,A,60,LinkedIn,Enterprise (200+ agents),2026-09-05T01:04:02Z
CREAM-20260905-00172,Jack White,Jack White,Jack,White,jackw@berkshirehathaway.com,(212) 872-9275,Berkshire Hathaway,Berkshire Hathaway,Raleigh,Raleigh,NC,28810,0,0,0,0,4.1,A,62,Realtor.com,Enterprise (200+ agents),2026-09-05T23:58:40Z
CREAM-20260905-00173,Justin Cook,Justin Cook,Justin,Cook,justincook@gmail.com,(407) 996-3750,RE/MAX,RE/MAX,El Paso,El Paso,TX,75794,16,64,64,18872490,3.4,A,66,Realtor.com,Large (51-200 agents),2026-09-05T17:22:24Z
CREAM-20260905-00174,Eric Davis,Eric Davis,Eric,Davis,ericd@coldwellbanker.com,(646) 473-3610,Coldwell Banker,Coldwell Banker,Tucson,Tucson,AZ,85221,19,25,25,12490351,4.4,A,92,Trade Show,Boutique (2-10 agents),2026-09-05T12:35:09Z
CREAM-20260905-00175,Dorothy King,Dorothy King,Dorothy,King,dorothyk@gmail.com,(404) 377-3424,eXp Realty,eXp Realty,Dallas,Dallas,TX,77528,4,25,25,9682889,3.4,A,89,Facebook,Boutique (2-10 agents),2026-09-05T03:01:03Z
CREAM-20260905-00176,Emily Coleman,Emily Coleman,Emily,Coleman,emily.coleman@aol.com,(334) 420-1499,Berkshire Hathaway,Berkshire Hathaway,Fort Lauderdale,Fort Lauderdale,FL,33340,5,22,22,7714018,4.4,A,63,Referral Network,Large (51-200 agents),2026-09-05T14:59:49Z
CREAM-20260905-00177,Scott Powell,Scott Powell,Scott,Powell,scottp@hotmail.com,(303) 662-7959,eXp Realty,eXp Realty,Fort Lauderdale,Fort Lauderdale,FL,33680,4,15,15,4954074,3.7,A,94,Cold Outreach,Large (51-200 agents),2026-09-05T21:21:07Z
CREAM-20260905-00178,Theresa Alvarez,Theresa Alvarez,Theresa,Alvarez,theresaalvarez@gmail.com,(512) 273-6794,Briggs Freeman Sotheby's,Briggs Freeman Sotheby's,Fort Worth,Fort Worth,TX,76145,5,14,14,6052049,4.7,A,96,Website Lead,Boutique (2-10 agents),2026-09-05T11:18:50Z
CREAM-20260905-00179,Kathleen Lewis,Kathleen Lewis,Kathleen,Lewis,kathleen_lewis@hotmail.com,(512) 928-1269,Douglas Elliman,Douglas Elliman,Manhattan,Manhattan,NY,12882,10,25,25,13761078,4.7,A,69,Trade Show,Boutique (2-10 agents),2026-09-05T19:04:59Z
CREAM-20260905-00180,Diane Moore,Diane Moore,Diane,Moore,diane.moore@hotmail.com,(512) 754-2039,Allen Tate,Allen Tate,Charlotte,Charlotte,NC,27198,0,5,5,1420294,3.6,A,84,Website Lead,Independent,2026-09-05T12:54:35Z
CREAM-20260905-00181,Jennifer Castillo,Jennifer Castillo,Jennifer,Castillo,jennifercastillo@me.com,(720) 620-2638,Keller Williams,Keller Williams,Brooklyn,Brooklyn,NY,10911,4,25,25,18225514,3.7,A,72,Trade Show,Large (51-200 agents),2026-09-05T15:15:47Z
CREAM-20260905-00182,Louis Ramos,Louis Ramos,Louis,Ramos,louisr@outlook.com,(805) 299-1026,eXp Realty,eXp Realty,Greensboro,Greensboro,NC,27485,21,42,42,12317100,3.3,A,63,NAR Directory,Mid-size (11-50 agents),2026-09-05T15:14:04Z
CREAM-20260905-00183,Cynthia Thomas,Cynthia Thomas,Cynthia,Thomas,cthomas@hotmail.com,(614) 680-4254,Huntington Real Estate,Huntington Real Estate,Cincinnati,Cincinnati,OH,45520,14,28,28,5864575,4.6,A,96,Trade Show,Large (51-200 agents),2026-09-05T07:29:13Z
CREAM-20260905-00184,Nancy Chavez,Nancy Chavez,Nancy,Chavez,nancyc@yahoo.com,(916) 371-8943,Compass,Compass,Queens,Queens,NY,10329,1,11,11,8481042,4.4,A,93,LinkedIn,Enterprise (200+ agents),2026-09-05T13:36:42Z
CREAM-20260905-00185,Catherine Murphy,Catherine Murphy,Catherine,Murphy,catherinem@hotmail.com,(334) 594-7677,Pacific Sotheby's,Pacific Sotheby's,San Francisco,San Francisco,CA,96866,25,78,78,65073362,4.9,A,72,Realtor.com,Enterprise (200+ agents),2026-09-05T13:03:51Z
CREAM-20260905-00186,Patricia Murphy,Patricia Murphy,Patricia,Murphy,patriciam@outlook.com,(305) 754-6152,Berkshire Hathaway,Berkshire Hathaway,Denver,Denver,CO,81700,3,15,15,7731330,3.1,A,67,Trade Show,Independent,2026-09-05T06:11:45Z
CREAM-20260905-00187,Christopher Green,Christopher Green,Christopher,Green,christopher_green@outlook.com,(602) 635-7081,Compass,Compass,Denver,Denver,CO,81180,4,11,11,6428975,4.0,A,80,NAR Directory,Large (51-200 agents),2026-09-05T14:12:51Z
CREAM-20260905-00188,Michelle Rogers,Michelle Rogers,Michelle,Rogers,michelle.rogers@berkshirehathaway.com,(234) 384-9068,Berkshire Hathaway,Berkshire Hathaway,Cincinnati,Cincinnati,OH,44470,23,32,32,8537831,5.0,A,87,Realtor.com,Independent,2026-09-05T19:26:33Z
CREAM-20260905-00189,Patricia Gutierrez,Patricia Gutierrez,Patricia,Gutierrez,patriciag@aol.com,(303) 626-2560,HER Realtors,HER Realtors,Cincinnati,Cincinnati,OH,45734,2,5,5,1033703,4.3,A,92,Facebook,Mid-size (11-50 agents),2026-09-05T14:41:45Z
CREAM-20260905-00190,Ryan Martinez,Ryan Martinez,Ryan,Martinez,ryan_martinez@outlook.com,(303) 378-3075,Coldwell Banker,Coldwell Banker,Aurora,Aurora,CO,80708,14,55,55,27522048,4.4,A,99,Trade Show,Mid-size (11-50 agents),2026-09-05T00:24:44Z
CREAM-20260905-00191,Emma Adams,Emma Adams,Emma,Adams,emmaadams@yahoo.com,(513) 873-5136,Coldwell Banker,Coldwell Banker,Cincinnati,Cincinnati,OH,44590,13,69,69,19215019,4.1,A,77,MLS Database,Mid-size (11-50 agents),2026-09-05T07:50:04Z
CREAM-20260905-00192,Sharon Gomez,Sharon Gomez,Sharon,Gomez,sgomez@halstead.com,(720) 798-1133,Halstead,Halstead,Queens,Queens,NY,10171,0,1,1,688525,3.5,A,98,Trade Show,Enterprise (200+ agents),2026-09-05T20:32:13Z
CREAM-20260905-00193,Emily Alexander,Emily Alexander,Emily,Alexander,emily.alexander@me.com,(805) 235-9630,Keller Williams,Keller Williams,Mesa,Mesa,AZ,85326,4,13,13,5367831,3.5,A,74,Cold Outreach,Large (51-200 agents),2026-09-05T09:26:18Z
CREAM-20260905-00194,Kevin Myers,Kevin Myers,Kevin,Myers,kmyers@sothebysinternational.com,(214) 992-8642,Sotheby's International,Sotheby's International,Brooklyn,Brooklyn,NY,14711,3,12,12,7079906,4.8,A,77,Trade Show,Large (51-200 agents),2026-09-05T23:26:04Z
CREAM-20260905-00195,Ruth Patel,Ruth Patel,Ruth,Patel,ruth.patel@icloud.com,(415) 832-9598,Compass,Compass,Greensboro,Greensboro,NC,28438,12,47,47,15630638,3.3,A,91,Referral Network,Mid-size (11-50 agents),2026-09-05T05:23:01Z
CREAM-20260905-00196,Philip Mitchell,Philip Mitchell,Philip,Mitchell,philipmitchell@outlook.com,(646) 627-9145,Allen Tate,Allen Tate,Charlotte,Charlotte,NC,28776,23,75,75,28298173,3.8,A,62,NAR Directory,Mid-size (11-50 agents),2026-09-05T02:37:11Z
CREAM-20260905-00197,Victoria Hill,Victoria Hill,Victoria,Hill,vhill@yahoo.com,(256) 654-4574,Compass,Compass,Aurora,Aurora,CO,81975,2,10,10,6731134,4.3,A,64,MLS Database,Independent,2026-09-05T03:25:39Z
CREAM-20260905-00198,Emma King,Emma King,Emma,King,emma.king@exprealty.com,(718) 576-5111,eXp Realty,eXp Realty,Greensboro,Greensboro,NC,27984,0,3,3,1264007,4.5,A,98,NAR Directory,Independent,2026-09-05T08:59:59Z
CREAM-20260905-00199,John Torres,John Torres,John,Torres,john.torres@gmail.com,(305) 873-8300,Berkshire Hathaway,Berkshire Hathaway,Colorado Springs,Colorado Springs,CO,81333,2,11,11,6992348,4.1,A,86,NAR Directory,Enterprise (200+ agents),2026-09-05T14:14:42Z
CREAM-20260905-00200,Daniel Cruz,Daniel Cruz,Daniel,Cruz,dcruz@me.com,(602) 242-4173,Coldwell Banker,Coldwell Banker,Dallas,Dallas,TX,75599,4,21,21,7254091,4.5,A,66,Realtor.com,Mid-size (11-50 agents),2026-09-05T00:48:13Z
CREAM-20260905-00201,Daniel Clark,Daniel Clark,Daniel,Clark,danielc@kellerwilliams.com,(646) 491-5222,Keller Williams,Keller Williams,Aurora,Aurora,CO,80625,6,35,35,13904499,3.3,A,99,Realtor.com,Mid-size (11-50 agents),2026-09-05T06:09:55Z
CREAM-20260905-00202,Anna Reyes,Anna Reyes,Anna,Reyes,anna_reyes@gmail.com,(212) 643-7288,Halstead,Halstead,Bronx,Bronx,NY,12991,0,0,0,0,3.8,A,72,Trade Show,Enterprise (200+ agents),2026-09-05T17:12:27Z
CREAM-20260905-00203,Theresa Lee,Theresa Lee,Theresa,Lee,theresalee@icloud.com,(646) 883-2198,RE/MAX,RE/MAX,Tampa,Tampa,FL,32502,23,38,38,20446388,4.0,A,93,LinkedIn,Boutique (2-10 agents),2026-09-05T04:53:10Z
CREAM-20260905-00204,Scott Morgan,Scott Morgan,Scott,Morgan,scottmorgan@gmail.com,(713) 790-5473,Coldwell Banker,Coldwell Banker,San Jose,San Jose,CA,90539,18,45,45,32605629,3.6,A,72,Realtor.com,Independent,2026-09-05T03:13:31Z
CREAM-20260905-00205,Samantha Morris,Samantha Morris,Samantha,Morris,samanthamorris@yahoo.com,(602) 295-8588,eXp Realty,eXp Realty,Miami,Miami,FL,34681,1,5,5,1932437,3.2,A,65,NAR Directory,Large (51-200 agents),2026-09-05T19:54:20Z
CREAM-20260905-00206,Anthony Collins,Anthony Collins,Anthony,Collins,anthony.collins@gmail.com,(214) 219-1340,Howard Hanna,Howard Hanna,Raleigh,Raleigh,NC,27738,10,35,35,13928749,3.6,A,61,Facebook,Independent,2026-09-05T08:17:28Z
CREAM-20260905-00207,Daniel Powell,Daniel Powell,Daniel,Powell,danielp@hotmail.com,(916) 482-7034,Compass,Compass,Sacramento,Sacramento,CA,95615,5,19,19,15510012,3.2,A,83,Website Lead,Boutique (2-10 agents),2026-09-05T22:17:46Z
CREAM-20260905-00208,Danielle Young,Danielle Young,Danielle,Young,danielle.young@icloud.com,(929) 798-4131,Compass,Compass,Aurora,Aurora,CO,80973,3,13,13,8923726,4.8,A,64,NAR Directory,Enterprise (200+ agents),2026-09-05T15:02:28Z
CREAM-20260905-00209,William Sullivan,William Sullivan,William,Sullivan,william_sullivan@me.com,(718) 800-5281,Compass,Compass,Manhattan,Manhattan,NY,14538,21,32,32,20758075,4.3,A,84,LinkedIn,Enterprise (200+ agents),2026-09-05T06:11:59Z
CREAM-20260905-00210,James Bailey,James Bailey,James,Bailey,jamesb@douglaselliman.com,(305) 910-9394,Douglas Elliman,Douglas Elliman,Queens,Queens,NY,11478,0,0,0,0,3.7,A,94,Realtor.com,Enterprise (200+ agents),2026-09-05T14:20:14Z
CREAM-20260905-00211,Grace Fisher,Grace Fisher,Grace,Fisher,gfisher@me.com,(234) 473-1644,Keller Williams,Keller Williams,Queens,Queens,NY,12396,0,4,4,2066664,3.0,A,81,Cold Outreach,Independent,2026-09-05T16:34:29Z
CREAM-20260905-00212,Charles Martin,Charles Martin,Charles,Martin,charlesm@homesmart.com,(305) 854-7680,HomeSmart,HomeSmart,Scottsdale,Scottsdale,AZ,85163,0,2,2,868421,3.1,A,63,Referral Network,Boutique (2-10 agents),2026-09-05T23:00:56Z
CREAM-20260905-00213,Jennifer Smith,Jennifer Smith,Jennifer,Smith,jennifer.smith@corcorangroup.com,(334) 823-6573,Corcoran Group,Corcoran Group,New York City,New York City,NY,11611,3,24,24,14641689,4.5,A,82,Trade Show,Large (51-200 agents),2026-09-05T12:47:24Z
CREAM-20260905-00214,Jason Campbell,Jason Campbell,Jason,Campbell,jcampbell@aol.com,(916) 917-1093,Pacific Sotheby's,Pacific Sotheby's,San Francisco,San Francisco,CA,90305,15,73,73,43649838,4.7,A,85,NAR Directory,Boutique (2-10 agents),2026-09-05T22:17:13Z
CREAM-20260905-00215,Brittany Russell,Brittany Russell,Brittany,Russell,brittany.russell@aol.com,(602) 439-3680,Douglas Elliman,Douglas Elliman,Staten Island,Staten Island,NY,11436,24,72,72,52177983,4.0,A,94,Realtor.com,Enterprise (200+ agents),2026-09-05T08:30:41Z
CREAM-20260905-00216,Theresa Moore,Theresa Moore,Theresa,Moore,tmoore@berkshirehathaway.com,(720) 774-4073,Berkshire Hathaway,Berkshire Hathaway,Cincinnati,Cincinnati,OH,45814,22,51,51,15482562,4.9,A,63,Cold Outreach,Mid-size (11-50 agents),2026-09-05T04:31:06Z
CREAM-20260905-00217,Margaret White,Margaret White,Margaret,White,margaret.white@yahoo.com,(720) 817-2899,Keller Williams Realty,Keller Williams Realty,St. Petersburg,St. Petersburg,FL,34486,23,56,56,29316929,3.6,A,92,Website Lead,Large (51-200 agents),2026-09-05T07:10:09Z
CREAM-20260905-00218,Paul Richardson,Paul Richardson,Paul,Richardson,paul.richardson@howardhanna.com,(714) 510-4216,Howard Hanna,Howard Hanna,Raleigh,Raleigh,NC,28749,21,57,57,21051510,3.5,A,83,Facebook,Boutique (2-10 agents),2026-09-05T07:22:37Z
CREAM-20260905-00219,Martha Jenkins,Martha Jenkins,Martha,Jenkins,martha_jenkins@me.com,(310) 530-6675,Berkshire Hathaway,Berkshire Hathaway,Mesa,Mesa,AZ,85905,18,53,53,22643153,4.2,A,80,Website Lead,Independent,2026-09-05T23:47:49Z
CREAM-20260905-00220,Timothy Myers,Timothy Myers,Timothy,Myers,timothy_myers@icloud.com,(303) 697-7843,Berkshire Hathaway HomeServices,Berkshire Hathaway HomeServices,San Diego,San Diego,CA,91377,6,31,31,20775394,4.7,A,84,MLS Database,Enterprise (200+ agents),2026-09-05T06:45:49Z
CREAM-20260905-00221,Tyler Thompson,Tyler Thompson,Tyler,Thompson,tthompson@aol.com,(720) 276-2540,eXp Realty,eXp Realty,Aurora,Aurora,CO,81298,3,16,16,10076280,4.3,A,90,Trade Show,Large (51-200 agents),2026-09-05T06:47:08Z
CREAM-20260905-00222,Amber Young,Amber Young,Amber,Young,ambery@yahoo.com,(718) 719-3714,HomeSmart,HomeSmart,Tucson,Tucson,AZ,86522,3,22,22,7829993,3.5,A,95,Brokerage Listings,Large (51-200 agents),2026-09-05T17:27:03Z
CREAM-20260905-00223,Richard Gonzalez,Richard Gonzalez,Richard,Gonzalez,richardg@aol.com,(310) 260-3826,HomeSmart,HomeSmart,Mesa,Mesa,AZ,86541,3,8,8,2632935,4.1,A,95,Brokerage Listings,Large (51-200 agents),2026-09-05T13:40:55Z
CREAM-20260905-00224,James King,James King,James,King,james.king@outlook.com,(214) 543-6176,Nest Seekers,Nest Seekers,Manhattan,Manhattan,NY,14939,16,41,41,25765440,3.9,A,76,LinkedIn,Large (51-200 agents),2026-09-05T22:27:24Z
CREAM-20260905-00225,Karen Clark,Karen Clark,Karen,Clark,karenclark@me.com,(305) 414-1784,Coldwell Banker,Coldwell Banker,San Francisco,San Francisco,CA,92394,24,73,73,55749131,3.2,A,92,NAR Directory,Large (51-200 agents),2026-09-05T06:49:33Z
CREAM-20260905-00226,Larry Morgan,Larry Morgan,Larry,Morgan,larrym@compass.com,(334) 971-5559,Compass,Compass,Greensboro,Greensboro,NC,28846,5,20,20,5827847,4.4,A,80,Realtor.com,Mid-size (11-50 agents),2026-09-05T19:57:53Z
CREAM-20260905-00227,Robert Young,Robert Young,Robert,Young,robert.young@outlook.com,(334) 913-3502,Long Realty,Long Realty,Mesa,Mesa,AZ,86420,12,33,33,14988623,4.4,A,75,Realtor.com,Independent,2026-09-05T04:54:10Z
CREAM-20260905-00228,Brandon Alvarez,Brandon Alvarez,Brandon,Alvarez,balvarez@exprealty.com,(512) 330-2077,eXp Realty,eXp Realty,Miami,Miami,FL,33488,3,19,19,5787506,3.3,A,78,Cold Outreach,Enterprise (200+ agents),2026-09-05T11:02:53Z
CREAM-20260905-00229,David Morris,David Morris,David,Morris,david_morris@hotmail.com,(980) 781-3811,Berkshire Hathaway,Berkshire Hathaway,Denver,Denver,CO,81492,2,4,4,2160128,4.0,A,72,Brokerage Listings,Independent,2026-09-05T08:07:29Z
CREAM-20260905-00230,Steven Morgan,Steven Morgan,Steven,Morgan,stevenm@kellerwilliams.com,(404) 730-1550,Keller Williams,Keller Williams,Manhattan,Manhattan,NY,10491,14,47,47,35379662,4.0,A,81,Facebook,Independent,2026-09-05T16:09:39Z
CREAM-20260905-00231,Timothy Diaz,Timothy Diaz,Timothy,Diaz,tdiaz@gmail.com,(404) 745-3472,Coldwell Banker,Coldwell Banker,Scottsdale,Scottsdale,AZ,86290,20,66,66,32823363,4.4,A,96,Brokerage Listings,Mid-size (11-50 agents),2026-09-05T13:15:42Z
CREAM-20260905-00232,Timothy Smith,Timothy Smith,Timothy,Smith,timothys@me.com,(916) 663-2992,Sotheby's International,Sotheby's International,San Jose,San Jose,CA,95316,1,8,8,8719006,5.0,A,84,Facebook,Independent,2026-09-05T14:30:49Z
CREAM-20260905-00233,Steven Rogers,Steven Rogers,Steven,Rogers,srogers@hotmail.com,(415) 302-7237,eXp Realty,eXp Realty,San Diego,San Diego,CA,92302,1,8,8,5757378,3.7,A,74,Facebook,Large (51-200 agents),2026-09-05T00:26:29Z
CREAM-20260905-00234,Sarah Ortiz,Sarah Ortiz,Sarah,Ortiz,sarah.ortiz@me.com,(310) 444-1087,Berkshire Hathaway,Berkshire Hathaway,Colorado Springs,Colorado Springs,CO,81416,4,24,24,14864823,4.3,A,85,Facebook,Mid-size (11-50 agents),2026-09-05T12:31:26Z
CREAM-20260905-00235,Barbara Mitchell,Barbara Mitchell,Barbara,Mitchell,barbara.mitchell@outlook.com,(212) 434-1480,Compass,Compass,Long Beach,Long Beach,CA,92116,24,30,30,28320147,5.0,A,80,Referral Network,Independent,2026-09-05T10:29:10Z
CREAM-20260905-00236,Rachel Smith,Rachel Smith,Rachel,Smith,rachelsmith@icloud.com,(256) 436-1070,HER Realtors,HER Realtors,Columbus,Columbus,OH,45233,4,16,16,4120173,3.0,A,60,Brokerage Listings,Boutique (2-10 agents),2026-09-05T03:32:51Z
CREAM-20260905-00237,Natalie Collins,Natalie Collins,Natalie,Collins,ncollins@berkshirehathaway.com,(469) 304-8721,Berkshire Hathaway,Berkshire Hathaway,El Paso,El Paso,TX,76481,20,52,52,19567574,4.6,A,98,Brokerage Listings,Large (51-200 agents),2026-09-05T20:37:31Z
CREAM-20260905-00238,Donald Murphy,Donald Murphy,Donald,Murphy,donaldmurphy@aol.com,(512) 554-6270,Briggs Freeman Sotheby's,Briggs Freeman Sotheby's,Dallas,Dallas,TX,78484,8,40,40,11174122,4.6,A,88,Brokerage Listings,Boutique (2-10 agents),2026-09-05T22:29:39Z
CREAM-20260905-00239,James Stewart,James Stewart,James,Stewart,james_stewart@aol.com,(919) 508-3125,RE/MAX,RE/MAX,El Paso,El Paso,TX,76110,0,3,3,1202806,3.6,A,96,Trade Show,Mid-size (11-50 agents),2026-09-05T07:04:07Z
CREAM-20260905-00240,Rose Richardson,Rose Richardson,Rose,Richardson,rose_richardson@outlook.com,(720) 676-3650,eXp Realty,eXp Realty,Greensboro,Greensboro,NC,28595,2,3,3,895634,3.2,A,70,Cold Outreach,Enterprise (200+ agents),2026-09-05T12:09:46Z
CREAM-20260905-00241,Theresa Wilson,Theresa Wilson,Theresa,Wilson,theresaw@hotmail.com,(720) 611-8240,Coldwell Banker,Coldwell Banker,Tucson,Tucson,AZ,86808,2,10,10,4541985,4.9,A,92,Referral Network,Independent,2026-09-05T20:24:11Z
CREAM-20260905-00242,Matthew Green,Matthew Green,Matthew,Green,mgreen@outlook.com,(310) 497-8927,Coldwell Banker,Coldwell Banker,Aurora,Aurora,CO,81670,9,16,16,9899301,3.3,A,89,Referral Network,Large (51-200 agents),2026-09-05T09:31:06Z
CREAM-20260905-00243,Daniel Ruiz,Daniel Ruiz,Daniel,Ruiz,danielr@yahoo.com,(972) 868-4610,Berkshire Hathaway,Berkshire Hathaway,Jacksonville,Jacksonville,FL,33697,12,25,25,12446901,4.5,A,99,Brokerage Listings,Independent,2026-09-05T21:54:55Z
CREAM-20260905-00244,Joshua Adams,Joshua Adams,Joshua,Adams,joshua_adams@yahoo.com,(305) 829-7944,RE/MAX,RE/MAX,Tucson,Tucson,AZ,86482,11,32,32,10441927,3.8,A,82,Cold Outreach,Large (51-200 agents),2026-09-05T10:06:44Z
CREAM-20260905-00245,Arthur Alexander,Arthur Alexander,Arthur,Alexander,arthur_alexander@icloud.com,(614) 627-3987,Coldwell Banker,Coldwell Banker,Greensboro,Greensboro,NC,28369,9,30,30,7752508,4.9,A,96,Website Lead,Boutique (2-10 agents),2026-09-05T06:52:05Z
CREAM-20260905-00246,Dennis Wright,Dennis Wright,Dennis,Wright,dennis.wright@hotmail.com,(212) 952-7911,Pacific Sotheby's,Pacific Sotheby's,Los Angeles,Los Angeles,CA,91317,4,23,23,19264524,3.5,A,60,Facebook,Mid-size (11-50 agents),2026-09-05T19:29:08Z
CREAM-20260905-00247,Thomas Hall,Thomas Hall,Thomas,Hall,thomas_hall@hotmail.com,(334) 970-2191,Berkshire Hathaway,Berkshire Hathaway,Charlotte,Charlotte,NC,27924,11,47,47,15832312,4.9,A,73,Cold Outreach,Large (51-200 agents),2026-09-05T10:29:27Z
CREAM-20260905-00248,Bruce Cruz,Bruce Cruz,Bruce,Cruz,bruce_cruz@gmail.com,(513) 825-4777,Sotheby's International,Sotheby's International,San Francisco,San Francisco,CA,92349,11,28,28,24205011,3.5,A,99,Realtor.com,Large (51-200 agents),2026-09-05T02:16:24Z
CREAM-20260905-00249,Brenda Smith,Brenda Smith,Brenda,Smith,brendas@re/max.com,(404) 553-9944,RE/MAX,RE/MAX,Dallas,Dallas,TX,79870,1,5,5,1579281,4.3,A,61,NAR Directory,Large (51-200 agents),2026-09-05T02:22:18Z
CREAM-20260905-00250,Gregory Campbell,Gregory Campbell,Gregory,Campbell,gregory.campbell@me.com,(704) 247-5943,eXp Realty,eXp Realty,Columbus,Columbus,OH,45370,3,17,17,3121231,4.9,A,74,LinkedIn,Independent,2026-09-05T15:24:35Z
CREAM-20260905-00251,Lisa Patel,Lisa Patel,Lisa,Patel,lisap@re/max.com,(310) 859-8180,RE/MAX,RE/MAX,El Paso,El Paso,TX,78175,4,23,23,9492926,3.8,A,69,Facebook,Enterprise (200+ agents),2026-09-05T08:24:12Z
CREAM-20260905-00252,Aaron Johnson,Aaron Johnson,Aaron,Johnson,aaronjohnson@aol.com,(614) 345-8258,RE/MAX,RE/MAX,San Diego,San Diego,CA,96537,4,21,21,14098830,3.3,A,87,Trade Show,Enterprise (200+ agents),2026-09-05T03:12:04Z
CREAM-20260905-00253,Brittany Alexander,Brittany Alexander,Brittany,Alexander,brittanya@hotmail.com,(980) 308-3801,eXp Realty,eXp Realty,Cincinnati,Cincinnati,OH,45970,0,3,3,931738,3.4,A,66,MLS Database,Independent,2026-09-05T21:59:46Z
CREAM-20260905-00254,Aaron Wright,Aaron Wright,Aaron,Wright,aaron.wright@century21.com,(980) 373-5432,Century 21,Century 21,Jacksonville,Jacksonville,FL,32218,9,28,28,12505266,3.9,A,95,Facebook,Large (51-200 agents),2026-09-05T19:22:31Z
CREAM-20260905-00255,Timothy Garcia,Timothy Garcia,Timothy,Garcia,timothy.garcia@aol.com,(234) 977-2778,Compass,Compass,Manhattan,Manhattan,NY,12554,3,17,17,11577297,3.5,A,63,Trade Show,Large (51-200 agents),2026-09-05T18:18:31Z
CREAM-20260905-00256,Sarah Peterson,Sarah Peterson,Sarah,Peterson,sarah.peterson@yahoo.com,(513) 808-4247,Howard Hanna,Howard Hanna,Raleigh,Raleigh,NC,28234,3,11,11,2786102,4.3,A,69,LinkedIn,Independent,2026-09-05T16:59:22Z
CREAM-20260905-00257,Ashley Perez,Ashley Perez,Ashley,Perez,ashleyp@outlook.com,(214) 913-7375,Coldwell Banker,Coldwell Banker,Fort Worth,Fort Worth,TX,76317,17,50,50,16169315,3.7,A,72,Realtor.com,Independent,2026-09-05T02:55:57Z
CREAM-20260905-00258,Carol Bailey,Carol Bailey,Carol,Bailey,carol.bailey@re/max.com,(919) 754-5226,RE/MAX,RE/MAX,Aurora,Aurora,CO,80743,20,25,25,16916379,4.0,A,67,Website Lead,Independent,2026-09-05T10:10:15Z
CREAM-20260905-00259,Jacqueline Young,Jacqueline Young,Jacqueline,Young,jacqueliney@russelllyonsothebys.com,(929) 402-8122,Russell Lyon Sotheby's,Russell Lyon Sotheby's,Mesa,Mesa,AZ,86406,3,25,25,12892564,4.8,A,99,Facebook,Mid-size (11-50 agents),2026-09-05T08:33:43Z
CREAM-20260905-00260,Jonathan Hernandez,Jonathan Hernandez,Jonathan,Hernandez,jonathan.hernandez@yahoo.com,(713) 734-3902,Coldwell Banker,Coldwell Banker,Scottsdale,Scottsdale,AZ,86768,19,27,27,12366018,4.1,A,93,Referral Network,Boutique (2-10 agents),2026-09-05T17:06:16Z
CREAM-20260905-00261,Michelle Fisher,Michelle Fisher,Michelle,Fisher,michellef@me.com,(704) 985-4744,Coldwell Banker,Coldwell Banker,Greensboro,Greensboro,NC,27148,22,64,64,20349322,4.2,A,86,MLS Database,Boutique (2-10 agents),2026-09-05T15:29:53Z
CREAM-20260905-00262,Dennis Sullivan,Dennis Sullivan,Dennis,Sullivan,dsullivan@icloud.com,(512) 586-4678,RE/MAX,RE/MAX,Tucson,Tucson,AZ,85408,11,71,71,32613620,3.1,A,89,Trade Show,Large (51-200 agents),2026-09-05T09:24:03Z
CREAM-20260905-00263,Christopher Reed,Christopher Reed,Christopher,Reed,christopher_reed@me.com,(704) 901-3402,Coldwell Banker,Coldwell Banker,Aurora,Aurora,CO,80607,3,21,21,11244584,4.5,A,82,Cold Outreach,Enterprise (200+ agents),2026-09-05T21:08:34Z
CREAM-20260905-00264,Janet Hill,Janet Hill,Janet,Hill,janeth@herrealtors.com,(310) 687-6670,HER Realtors,HER Realtors,Cincinnati,Cincinnati,OH,45455,12,44,44,13221923,3.8,A,63,NAR Directory,Boutique (2-10 agents),2026-09-05T11:46:57Z
CREAM-20260905-00265,Katherine Roberts,Katherine Roberts,Katherine,Roberts,kroberts@aol.com,(704) 560-9633,Sotheby's International,Sotheby's International,San Jose,San Jose,CA,93655,12,64,64,57927606,4.4,A,82,Realtor.com,Large (51-200 agents),2026-09-05T06:28:53Z
CREAM-20260905-00266,Nancy Thomas,Nancy Thomas,Nancy,Thomas,nancythomas@yahoo.com,(512) 867-5203,eXp Realty,eXp Realty,Scottsdale,Scottsdale,AZ,86727,12,73,73,21481382,4.9,A,79,MLS Database,Enterprise (200+ agents),2026-09-05T05:46:29Z
CREAM-20260905-00267,Betty Brooks,Betty Brooks,Betty,Brooks,bettyb@berkshirehathaway.com,(305) 450-3028,Berkshire Hathaway,Berkshire Hathaway,Aurora,Aurora,CO,80391,20,71,71,31444433,4.5,A,60,Cold Outreach,Enterprise (200+ agents),2026-09-05T20:03:11Z
CREAM-20260905-00268,Richard Robinson,Richard Robinson,Richard,Robinson,richardr@yahoo.com,(805) 951-1179,Berkshire Hathaway,Berkshire Hathaway,Aurora,Aurora,CO,81856,17,26,26,13650322,4.6,A,88,Realtor.com,Boutique (2-10 agents),2026-09-05T20:54:12Z
CREAM-20260905-00269,Roger Jackson,Roger Jackson,Roger,Jackson,rjackson@coldwellbanker.com,(929) 537-1188,Coldwell Banker,Coldwell Banker,San Jose,San Jose,CA,92771,0,5,5,5346789,3.9,A,62,NAR Directory,Mid-size (11-50 agents),2026-09-05T16:17:36Z
CREAM-20260905-00270,Grace Thomas,Grace Thomas,Grace,Thomas,gracethomas@aol.com,(214) 672-7542,Berkshire Hathaway,Berkshire Hathaway,Tucson,Tucson,AZ,86371,4,24,24,11539081,3.5,A,81,Trade Show,Mid-size (11-50 agents),2026-09-05T13:54:53Z
CREAM-20260905-00271,Tyler Ross,Tyler Ross,Tyler,Ross,tross@berkshirehathaway.com,(704) 417-5566,Berkshire Hathaway,Berkshire Hathaway,Fort Lauderdale,Fort Lauderdale,FL,32549,5,14,14,6361399,4.3,A,86,LinkedIn,Independent,2026-09-05T22:08:09Z
CREAM-20260905-00272,William Peterson,William Peterson,William,Peterson,williampeterson@icloud.com,(310) 699-8520,Huntington Real Estate,Huntington Real Estate,Cleveland,Cleveland,OH,45797,4,25,25,7322672,5.0,A,78,NAR Directory,Independent,2026-09-05T13:40:48Z
CREAM-20260905-00273,Eugene Kim,Eugene Kim,Eugene,Kim,eugene.kim@russelllyonsothebys.com,(310) 847-1899,Russell Lyon Sotheby's,Russell Lyon Sotheby's,Scottsdale,Scottsdale,AZ,85103,4,15,15,4417952,3.2,A,63,Facebook,Enterprise (200+ agents),2026-09-05T21:08:30Z
CREAM-20260905-00274,David Reed,David Reed,David,Reed,dreed@icloud.com,(513) 382-8335,Coldwell Banker,Coldwell Banker,San Diego,San Diego,CA,93700,20,58,58,51991968,3.2,A,80,Cold Outreach,Boutique (2-10 agents),2026-09-05T02:30:47Z
CREAM-20260905-00275,Deborah Jackson,Deborah Jackson,Deborah,Jackson,djackson@aol.com,(469) 932-1579,Halstead,Halstead,Brooklyn,Brooklyn,NY,13684,5,10,10,7950809,4.7,A,64,Facebook,Independent,2026-09-05T15:57:05Z
CREAM-20260905-00276,Heather Cruz,Heather Cruz,Heather,Cruz,hcruz@icloud.com,(919) 439-5873,Coldwell Banker,Coldwell Banker,Mesa,Mesa,AZ,85209,0,3,3,1055335,4.2,A,98,NAR Directory,Boutique (2-10 agents),2026-09-05T08:42:43Z
CREAM-20260905-00277,Stephanie Turner,Stephanie Turner,Stephanie,Turner,sturner@hotmail.com,(469) 219-9495,RE/MAX,RE/MAX,Cleveland,Cleveland,OH,43138,22,49,49,10390985,4.6,A,99,LinkedIn,Boutique (2-10 agents),2026-09-05T11:10:20Z
CREAM-20260905-00278,Megan Anderson,Megan Anderson,Megan,Anderson,megana@gmail.com,(305) 384-3205,eXp Realty,eXp Realty,Charlotte,Charlotte,NC,27897,5,23,23,7643110,4.0,A,60,Referral Network,Mid-size (11-50 agents),2026-09-05T18:55:12Z
CREAM-20260905-00279,Samuel Gomez,Samuel Gomez,Samuel,Gomez,samuel_gomez@me.com,(614) 605-1961,eXp Realty,eXp Realty,Cincinnati,Cincinnati,OH,45154,2,12,12,2947574,4.2,A,89,Referral Network,Enterprise (200+ agents),2026-09-05T06:56:34Z
CREAM-20260905-00280,Timothy Rogers,Timothy Rogers,Timothy,Rogers,timothy.rogers@me.com,(704) 680-2231,HER Realtors,HER Realtors,Cincinnati,Cincinnati,OH,43855,3,10,10,1972214,4.2,A,60,Realtor.com,Independent,2026-09-05T05:02:05Z
CREAM-20260905-00281,Martha Rivera,Martha Rivera,Martha,Rivera,martha.rivera@hotmail.com,(980) 716-5290,Keller Williams,Keller Williams,Cincinnati,Cincinnati,OH,44410,3,22,22,4093195,3.8,A,68,MLS Database,Large (51-200 agents),2026-09-05T12:40:25Z
CREAM-20260905-00282,Lisa Edwards,Lisa Edwards,Lisa,Edwards,lisae@gmail.com,(972) 726-3535,Corcoran Group,Corcoran Group,Staten Island,Staten Island,NY,14781,10,76,76,41999839,4.5,A,63,Cold Outreach,Independent,2026-09-05T00:51:23Z
CREAM-20260905-00283,Timothy Bennett,Timothy Bennett,Timothy,Bennett,timothyb@berkshirehathaway.com,(916) 531-8365,Berkshire Hathaway,Berkshire Hathaway,Cleveland,Cleveland,OH,45310,5,13,13,3577683,3.3,A,74,NAR Directory,Large (51-200 agents),2026-09-05T10:12:30Z
CREAM-20260905-00284,Jacob Sullivan,Jacob Sullivan,Jacob,Sullivan,jacob_sullivan@me.com,(713) 515-2692,Keller Williams,Keller Williams,Aurora,Aurora,CO,80839,14,70,70,39697124,3.5,A,63,Facebook,Independent,2026-09-05T23:16:15Z
CREAM-20260905-00285,Aaron Lee,Aaron Lee,Aaron,Lee,alee@aol.com,(805) 879-1868,RE/MAX,RE/MAX,Charlotte,Charlotte,NC,28153,4,22,22,7203760,3.0,A,77,Facebook,Boutique (2-10 agents),2026-09-05T12:23:59Z
CREAM-20260905-00286,Julia Campbell,Julia Campbell,Julia,Campbell,juliac@exprealty.com,(303) 661-4112,eXp Realty,eXp Realty,Greensboro,Greensboro,NC,27111,22,74,74,27044549,3.9,A,97,MLS Database,Enterprise (200+ agents),2026-09-05T17:06:21Z
CREAM-20260905-00287,Edward Powell,Edward Powell,Edward,Powell,epowell@icloud.com,(805) 864-4337,RE/MAX,RE/MAX,Dallas,Dallas,TX,79174,5,18,18,8082097,4.2,A,68,NAR Directory,Boutique (2-10 agents),2026-09-05T00:32:42Z
CREAM-20260905-00288,Linda Gray,Linda Gray,Linda,Gray,lindagray@aol.com,(646) 339-2331,Allen Tate,Allen Tate,Greensboro,Greensboro,NC,27914,13,72,72,26190092,3.6,A,61,Facebook,Large (51-200 agents),2026-09-05T15:29:51Z
CREAM-20260905-00289,Stephen Ross,Stephen Ross,Stephen,Ross,stephen.ross@kellerwilliams.com,(916) 912-8436,Keller Williams,Keller Williams,Raleigh,Raleigh,NC,28594,17,60,60,22225670,4.6,A,75,LinkedIn,Independent,2026-09-05T02:44:54Z
CREAM-20260905-00290,Joseph Jimenez,Joseph Jimenez,Joseph,Jimenez,joseph.jimenez@coldwellbanker.com,(805) 878-4098,Coldwell Banker,Coldwell Banker,Dallas,Dallas,TX,77760,11,29,29,7183239,4.6,A,68,Trade Show,Independent,2026-09-05T21:40:30Z
CREAM-20260905-00291,Joseph Bennett,Joseph Bennett,Joseph,Bennett,joseph.bennett@hotmail.com,(718) 554-4643,Sotheby's International,Sotheby's International,San Jose,San Jose,CA,91197,4,11,11,11402055,3.4,A,100,NAR Directory,Mid-size (11-50 agents),2026-09-05T23:51:53Z
CREAM-20260905-00292,Donald Garcia,Donald Garcia,Donald,Garcia,donald.garcia@me.com,(212) 515-4434,Keller Williams,Keller Williams,Queens,Queens,NY,11583,17,38,38,29135609,3.2,A,67,Trade Show,Enterprise (200+ agents),2026-09-05T07:13:52Z
CREAM-20260905-00293,Kenneth Cook,Kenneth Cook,Kenneth,Cook,kennethcook@outlook.com,(972) 453-6725,Douglas Elliman,Douglas Elliman,Miami,Miami,FL,32726,20,45,45,16771986,4.5,A,71,Facebook,Boutique (2-10 agents),2026-09-05T13:58:18Z
CREAM-20260905-00294,Ronald Watson,Ronald Watson,Ronald,Watson,rwatson@icloud.com,(602) 404-5294,Coldwell Banker,Coldwell Banker,Raleigh,Raleigh,NC,28311,25,72,72,25913885,4.0,A,94,Realtor.com,Large (51-200 agents),2026-09-05T20:56:18Z
CREAM-20260905-00295,Anthony Nguyen,Anthony Nguyen,Anthony,Nguyen,anthony.nguyen@kellerwilliams.com,(305) 352-3369,Keller Williams,Keller Williams,Charlotte,Charlotte,NC,27937,9,23,23,6787541,4.1,A,65,Trade Show,Boutique (2-10 agents),2026-09-05T01:15:50Z
CREAM-20260905-00296,Danielle Williams,Danielle Williams,Danielle,Williams,daniellewilliams@outlook.com,(234) 234-8224,Keller Williams,Keller Williams,Greensboro,Greensboro,NC,28918,21,76,76,30150617,4.7,A,96,Referral Network,Mid-size (11-50 agents),2026-09-05T00:06:35Z
CREAM-20260905-00297,Louis Hill,Louis Hill,Louis,Hill,louis_hill@outlook.com,(602) 944-1472,Keller Williams,Keller Williams,Aurora,Aurora,CO,81899,4,17,17,11465224,3.9,A,93,Realtor.com,Boutique (2-10 agents),2026-09-05T20:02:32Z
CREAM-20260905-00298,Donna Green,Donna Green,Donna,Green,donnag@hotmail.com,(512) 464-4277,Douglas Elliman,Douglas Elliman,Tampa,Tampa,FL,32770,5,15,15,7308972,3.5,A,61,Realtor.com,Independent,2026-09-05T09:13:07Z
CREAM-20260905-00299,Jeffrey White,Jeffrey White,Jeffrey,White,jeffrey_white@hotmail.com,(256) 512-1868,Sotheby's International,Sotheby's International,Bronx,Bronx,NY,14490,4,19,19,13578536,4.5,A,62,MLS Database,Enterprise (200+ agents),2026-09-05T14:13:10Z
CREAM-20260905-00300,Stephanie Morris,Stephanie Morris,Stephanie,Morris,stephaniemorris@gmail.com,(469) 531-7834,Berkshire Hathaway,Berkshire Hathaway,Raleigh,Raleigh,NC,27435,6,17,17,6035459,3.6,A,73,Trade Show,Boutique (2-10 agents),2026-09-05T10:47:40Z
CREAM-20260905-00301,Jacob Alexander,Jacob Alexander,Jacob,Alexander,jacobalexander@aol.com,(646) 665-2999,RE/MAX,RE/MAX,Cleveland,Cleveland,OH,44138,10,34,34,7360400,4.8,A,78,Realtor.com,Independent,2026-09-05T08:26:20Z
CREAM-20260905-00302,Nancy Alvarez,Nancy Alvarez,Nancy,Alvarez,nancya@gmail.com,(407) 832-1383,Huntington Real Estate,Huntington Real Estate,Cincinnati,Cincinnati,OH,43384,4,13,13,3346026,3.7,A,90,MLS Database,Large (51-200 agents),2026-09-05T00:39:17Z
CREAM-20260905-00303,Rebecca Alexander,Rebecca Alexander,Rebecca,Alexander,rebeccaa@huntingtonrealestate.com,(334) 420-8639,Huntington Real Estate,Huntington Real Estate,Cleveland,Cleveland,OH,44719,25,27,27,8073351,3.2,A,87,Brokerage Listings,Independent,2026-09-05T01:09:43Z
CREAM-20260905-00304,Anthony Brown,Anthony Brown,Anthony,Brown,anthonybrown@gmail.com,(310) 469-6222,Compass,Compass,Long Beach,Long Beach,CA,93641,0,2,2,1431886,3.3,A,76,Trade Show,Independent,2026-09-05T09:27:30Z
CREAM-20260905-00305,Carolyn Gutierrez,Carolyn Gutierrez,Carolyn,Gutierrez,carolyn.gutierrez@icloud.com,(980) 529-9946,Briggs Freeman Sotheby's,Briggs Freeman Sotheby's,San Antonio,San Antonio,TX,76382,5,19,19,7082002,5.0,A,64,Trade Show,Enterprise (200+ agents),2026-09-05T09:18:17Z
CREAM-20260905-00306,Eugene Carter,Eugene Carter,Eugene,Carter,ecarter@hotmail.com,(646) 687-3495,RE/MAX,RE/MAX,Greensboro,Greensboro,NC,27558,11,55,55,14373976,4.0,A,98,LinkedIn,Mid-size (11-50 agents),2026-09-05T05:28:42Z
CREAM-20260905-00307,Eugene Sanchez,Eugene Sanchez,Eugene,Sanchez,eugenesanchez@outlook.com,(513) 786-1090,Sotheby's International,Sotheby's International,Long Beach,Long Beach,CA,90234,13,30,30,22264562,4.1,A,62,NAR Directory,Enterprise (200+ agents),2026-09-05T18:05:22Z
CREAM-20260905-00308,Rebecca Mitchell,Rebecca Mitchell,Rebecca,Mitchell,rebecca_mitchell@icloud.com,(614) 599-7712,Corcoran Group,Corcoran Group,Queens,Queens,NY,14633,11,42,42,19306982,3.6,A,68,Brokerage Listings,Independent,2026-09-05T17:36:29Z
CREAM-20260905-00309,William Brooks,William Brooks,William,Brooks,williamb@hotmail.com,(305) 223-4535,eXp Realty,eXp Realty,El Paso,El Paso,TX,75833,3,17,17,5730724,4.7,A,78,Brokerage Listings,Mid-size (11-50 agents),2026-09-05T12:21:25Z
CREAM-20260905-00310,Emma Alexander,Emma Alexander,Emma,Alexander,ealexander@icloud.com,(303) 970-9154,Coldwell Banker,Coldwell Banker,Colorado Springs,Colorado Springs,CO,81849,17,50,50,25181953,4.6,A,81,Facebook,Boutique (2-10 agents),2026-09-05T19:46:57Z
CREAM-20260905-00311,Debra Nelson,Debra Nelson,Debra,Nelson,debra_nelson@icloud.com,(407) 638-1215,Coldwell Banker,Coldwell Banker,Tampa,Tampa,FL,32240,25,28,28,15061962,3.4,A,90,Realtor.com,Mid-size (11-50 agents),2026-09-05T00:01:50Z
CREAM-20260905-00312,Maria Powell,Maria Powell,Maria,Powell,maria.powell@me.com,(256) 868-6032,Douglas Elliman,Douglas Elliman,Queens,Queens,NY,13798,5,15,15,9246643,3.3,A,64,LinkedIn,Independent,2026-09-05T19:51:56Z
CREAM-20260905-00313,Eric Gomez,Eric Gomez,Eric,Gomez,ericgomez@gmail.com,(310) 210-5751,Berkshire Hathaway,Berkshire Hathaway,Phoenix,Phoenix,AZ,86754,11,40,40,16770771,3.5,A,71,Cold Outreach,Large (51-200 agents),2026-09-05T09:53:49Z
CREAM-20260905-00314,Ralph Walker,Ralph Walker,Ralph,Walker,ralph_walker@outlook.com,(929) 800-8482,eXp Realty,eXp Realty,Raleigh,Raleigh,NC,28817,2,9,9,3236090,4.6,A,69,Website Lead,Enterprise (200+ agents),2026-09-05T21:00:29Z
CREAM-20260905-00315,Mary Smith,Mary Smith,Mary,Smith,mary_smith@hotmail.com,(404) 467-3465,Keller Williams,Keller Williams,Raleigh,Raleigh,NC,28274,1,8,8,2176313,3.3,A,92,Realtor.com,Large (51-200 agents),2026-09-05T08:41:20Z
CREAM-20260905-00316,Michael Jackson,Michael Jackson,Michael,Jackson,michaelj@gmail.com,(256) 762-6817,Keller Williams,Keller Williams,Austin,Austin,TX,75857,1,11,11,4087817,4.6,A,93,NAR Directory,Mid-size (11-50 agents),2026-09-05T16:20:31Z
CREAM-20260905-00317,Edward Bennett,Edward Bennett,Edward,Bennett,edwardb@hotmail.com,(310) 906-9077,Corcoran Group,Corcoran Group,Manhattan,Manhattan,NY,10590,17,80,80,60330425,3.6,A,77,LinkedIn,Large (51-200 agents),2026-09-05T20:48:05Z
CREAM-20260905-00318,James Rivera,James Rivera,James,Rivera,jamesr@berkshirehathaway.com,(513) 466-6609,Berkshire Hathaway,Berkshire Hathaway,Tucson,Tucson,AZ,85601,13,54,54,22997842,3.7,A,69,Cold Outreach,Mid-size (11-50 agents),2026-09-05T04:40:39Z
CREAM-20260905-00319,Jason Phillips,Jason Phillips,Jason,Phillips,jason.phillips@aol.com,(469) 932-1252,eXp Realty,eXp Realty,El Paso,El Paso,TX,76218,18,39,39,14546329,4.5,A,85,NAR Directory,Boutique (2-10 agents),2026-09-05T05:37:46Z
CREAM-20260905-00320,Ashley Gray,Ashley Gray,Ashley,Gray,ashleyg@hotmail.com,(646) 677-7886,Berkshire Hathaway,Berkshire Hathaway,Orlando,Orlando,FL,32188,2,8,8,2597752,3.7,A,89,Website Lead,Large (51-200 agents),2026-09-05T01:18:27Z
CREAM-20260905-00321,Nicole Flores,Nicole Flores,Nicole,Flores,nicole.flores@outlook.com,(469) 500-7910,Berkshire Hathaway,Berkshire Hathaway,Austin,Austin,TX,77644,24,55,55,15902297,4.3,A,80,Referral Network,Independent,2026-09-05T06:41:08Z
CREAM-20260905-00322,Benjamin Richardson,Benjamin Richardson,Benjamin,Richardson,benjamin.richardson@pacificsothebys.com,(713) 416-1992,Pacific Sotheby's,Pacific Sotheby's,Sacramento,Sacramento,CA,90735,3,18,18,12071265,4.4,A,93,Cold Outreach,Large (51-200 agents),2026-09-05T05:46:00Z
CREAM-20260905-00323,Brenda Ross,Brenda Ross,Brenda,Ross,brendar@berkshirehathaway.com,(234) 452-2749,Berkshire Hathaway,Berkshire Hathaway,Greensboro,Greensboro,NC,28881,5,16,16,4281389,4.1,A,74,Cold Outreach,Large (51-200 agents),2026-09-05T23:04:25Z
CREAM-20260905-00324,Larry Patel,Larry Patel,Larry,Patel,larrypatel@me.com,(919) 361-5263,Berkshire Hathaway,Berkshire Hathaway,Phoenix,Phoenix,AZ,85366,5,22,22,8011122,3.5,A,73,Facebook,Large (51-200 agents),2026-09-05T16:08:40Z
CREAM-20260905-00325,Christopher Cooper,Christopher Cooper,Christopher,Cooper,christopherc@exprealty.com,(919) 253-1525,eXp Realty,eXp Realty,Cleveland,Cleveland,OH,44692,13,72,72,16708280,3.1,A,78,Brokerage Listings,Mid-size (11-50 agents),2026-09-05T09:18:38Z
CREAM-20260905-00326,Frank Lopez,Frank Lopez,Frank,Lopez,frankl@re/max.com,(214) 999-6732,RE/MAX,RE/MAX,Colorado Springs,Colorado Springs,CO,80641,4,13,13,8531310,4.9,A,99,Cold Outreach,Enterprise (200+ agents),2026-09-05T14:45:18Z
CREAM-20260905-00327,Ronald Cruz,Ronald Cruz,Ronald,Cruz,rcruz@exprealty.com,(334) 277-1117,eXp Realty,eXp Realty,St. Petersburg,St. Petersburg,FL,32483,15,29,29,12139787,3.6,A,90,Cold Outreach,Independent,2026-09-05T07:59:00Z
CREAM-20260905-00328,Jerry Diaz,Jerry Diaz,Jerry,Diaz,jdiaz@howardhanna.com,(303) 223-1069,Howard Hanna,Howard Hanna,Charlotte,Charlotte,NC,27482,10,57,57,23944667,3.9,A,65,Website Lead,Mid-size (11-50 agents),2026-09-05T15:58:08Z
CREAM-20260905-00329,Pamela Thompson,Pamela Thompson,Pamela,Thompson,pamela_thompson@icloud.com,(212) 911-8319,Berkshire Hathaway,Berkshire Hathaway,Denver,Denver,CO,81975,10,64,64,31734292,3.4,A,95,Trade Show,Boutique (2-10 agents),2026-09-05T00:14:40Z
CREAM-20260905-00330,Barbara Watson,Barbara Watson,Barbara,Watson,barbarawatson@aol.com,(512) 620-9212,Berkshire Hathaway,Berkshire Hathaway,Cincinnati,Cincinnati,OH,44666,6,26,26,5177498,4.6,A,65,Trade Show,Enterprise (200+ agents),2026-09-05T22:14:02Z
CREAM-20260905-00331,Kathleen Collins,Kathleen Collins,Kathleen,Collins,kathleen.collins@outlook.com,(929) 743-4341,Briggs Freeman Sotheby's,Briggs Freeman Sotheby's,Houston,Houston,TX,79407,17,76,76,33897280,4.2,A,62,MLS Database,Mid-size (11-50 agents),2026-09-05T06:42:46Z
CREAM-20260905-00332,Arthur Cox,Arthur Cox,Arthur,Cox,arthurcox@hotmail.com,(404) 360-1552,eXp Realty,eXp Realty,Charlotte,Charlotte,NC,28388,6,40,40,13621536,4.3,A,75,Cold Outreach,Independent,2026-09-05T16:11:15Z
CREAM-20260905-00333,Philip Murphy,Philip Murphy,Philip,Murphy,philip.murphy@gmail.com,(310) 342-3028,Berkshire Hathaway,Berkshire Hathaway,Austin,Austin,TX,79776,14,36,36,15417800,4.0,A,60,LinkedIn,Independent,2026-09-05T13:20:19Z
CREAM-20260905-00334,Larry Cooper,Larry Cooper,Larry,Cooper,larrycooper@aol.com,(720) 286-1859,RE/MAX,RE/MAX,Cleveland,Cleveland,OH,44383,21,66,66,15974498,3.7,A,95,Facebook,Boutique (2-10 agents),2026-09-05T19:06:21Z
CREAM-20260905-00335,Sharon Young,Sharon Young,Sharon,Young,syoung@compass.com,(929) 871-6729,Compass,Compass,Jacksonville,Jacksonville,FL,33179,10,51,51,18815313,3.7,A,75,Cold Outreach,Enterprise (200+ agents),2026-09-05T00:35:07Z
CREAM-20260905-00336,Daniel Patel,Daniel Patel,Daniel,Patel,daniel.patel@homesmart.com,(786) 814-1153,HomeSmart,HomeSmart,Mesa,Mesa,AZ,85144,19,63,63,32635025,3.3,A,62,Cold Outreach,Large (51-200 agents),2026-09-05T02:49:03Z
CREAM-20260905-00337,Shirley White,Shirley White,Shirley,White,shirley_white@outlook.com,(720) 365-9509,RE/MAX,RE/MAX,Orlando,Orlando,FL,32423,1,4,4,1348161,4.0,A,79,MLS Database,Independent,2026-09-05T06:22:01Z
CREAM-20260905-00338,Ronald Rodriguez,Ronald Rodriguez,Ronald,Rodriguez,ronald.rodriguez@me.com,(720) 340-6171,Coldwell Banker,Coldwell Banker,Greensboro,Greensboro,NC,28133,17,59,59,20149503,4.5,A,84,NAR Directory,Mid-size (11-50 agents),2026-09-05T12:09:36Z
CREAM-20260905-00339,Laura Williams,Laura Williams,Laura,Williams,laura_williams@yahoo.com,(720) 626-8278,Douglas Elliman,Douglas Elliman,New York City,New York City,NY,11700,2,6,6,4508575,3.3,A,73,Realtor.com,Boutique (2-10 agents),2026-09-05T15:59:27Z
CREAM-20260905-00340,Eric Brooks,Eric Brooks,Eric,Brooks,eric_brooks@me.com,(805) 400-1798,Howard Hanna,Howard Hanna,Greensboro,Greensboro,NC,27537,3,20,20,8182112,4.5,A,68,Trade Show,Independent,2026-09-05T18:49:41Z
CREAM-20260905-00341,Bruce Collins,Bruce Collins,Bruce,Collins,bcollins@corcorangroup.com,(916) 331-3086,Corcoran Group,Corcoran Group,Manhattan,Manhattan,NY,14795,4,14,14,9670913,3.3,A,86,Referral Network,Independent,2026-09-05T21:55:03Z
CREAM-20260905-00342,Janet Hall,Janet Hall,Janet,Hall,janeth@brownharrisstevens.com,(305) 446-1804,Brown Harris Stevens,Brown Harris Stevens,Bronx,Bronx,NY,12934,11,27,27,21230266,4.4,A,80,NAR Directory,Enterprise (200+ agents),2026-09-05T05:02:06Z
CREAM-20260905-00343,Natalie Chavez,Natalie Chavez,Natalie,Chavez,nchavez@outlook.com,(980) 760-5826,Coldwell Banker,Coldwell Banker,San Diego,San Diego,CA,90927,20,65,65,51956262,4.3,A,68,Cold Outreach,Enterprise (200+ agents),2026-09-05T04:15:59Z
CREAM-20260905-00344,Martha Russell,Martha Russell,Martha,Russell,mrussell@yahoo.com,(212) 272-8031,Keller Williams,Keller Williams,New York City,New York City,NY,14938,4,20,20,11761178,3.5,A,87,Brokerage Listings,Boutique (2-10 agents),2026-09-05T23:13:12Z
CREAM-20260905-00345,Joseph Howard,Joseph Howard,Joseph,Howard,joseph.howard@hotmail.com,(234) 229-6408,HER Realtors,HER Realtors,Cincinnati,Cincinnati,OH,43405,25,45,45,12986156,3.4,A,90,Website Lead,Large (51-200 agents),2026-09-05T15:21:35Z
CREAM-20260905-00346,Ashley Evans,Ashley Evans,Ashley,Evans,ashley.evans@hotmail.com,(720) 762-5956,Allie Beth Allman,Allie Beth Allman,Houston,Houston,TX,79692,5,12,12,5287279,3.3,A,96,NAR Directory,Enterprise (200+ agents),2026-09-05T08:24:18Z
CREAM-20260905-00347,Carol Kelly,Carol Kelly,Carol,Kelly,ckelly@yahoo.com,(929) 914-3400,Berkshire Hathaway HomeServices,Berkshire Hathaway HomeServices,Long Beach,Long Beach,CA,96455,10,25,25,26996904,3.2,A,65,Cold Outreach,Large (51-200 agents),2026-09-05T05:37:24Z
CREAM-20260905-00348,Brandon Wilson,Brandon Wilson,Brandon,Wilson,brandonwilson@hotmail.com,(646) 914-5587,8z Real Estate,8z Real Estate,Colorado Springs,Colorado Springs,CO,80388,14,32,32,22134410,3.8,A,90,Realtor.com,Boutique (2-10 agents),2026-09-05T05:52:18Z
CREAM-20260905-00349,Olivia Turner,Olivia Turner,Olivia,Turner,olivia_turner@yahoo.com,(234) 911-8771,Coldwell Banker,Coldwell Banker,Charlotte,Charlotte,NC,27938,0,0,0,0,4.9,A,92,Brokerage Listings,Enterprise (200+ agents),2026-09-05T04:08:38Z
CREAM-20260905-00350,Thomas Nelson,Thomas Nelson,Thomas,Nelson,tnelson@berkshirehathaway.com,(234) 576-3895,Berkshire Hathaway,Berkshire Hathaway,Orlando,Orlando,FL,32481,14,38,38,18174478,4.5,A,68,LinkedIn,Large (51-200 agents),2026-09-05T09:59:51Z
CREAM-20260905-00351,Ronald Ward,Ronald Ward,Ronald,Ward,ronald_ward@icloud.com,(718) 293-3131,Compass,Compass,Tampa,Tampa,FL,33471,9,25,25,10594966,4.8,A,83,LinkedIn,Enterprise (200+ agents),2026-09-05T15:00:25Z
CREAM-20260905-00352,Pamela Morgan,Pamela Morgan,Pamela,Morgan,pamelam@russelllyonsothebys.com,(805) 962-4725,Russell Lyon Sotheby's,Russell Lyon Sotheby's,Tucson,Tucson,AZ,86465,0,2,2,960028,3.1,A,84,MLS Database,Enterprise (200+ agents),2026-09-05T23:45:05Z
CREAM-20260905-00353,Rose Bailey,Rose Bailey,Rose,Bailey,roseb@yahoo.com,(718) 909-1663,Sotheby's International,Sotheby's International,Sacramento,Sacramento,CA,92624,5,8,8,5238380,3.0,A,71,Website Lead,Mid-size (11-50 agents),2026-09-05T12:58:58Z
CREAM-20260905-00354,Laura Edwards,Laura Edwards,Laura,Edwards,laura_edwards@gmail.com,(214) 904-4834,RE/MAX,RE/MAX,Dallas,Dallas,TX,79340,1,7,7,2509441,3.1,A,100,Facebook,Large (51-200 agents),2026-09-05T03:07:41Z
CREAM-20260905-00355,Philip Stewart,Philip Stewart,Philip,Stewart,philipstewart@hotmail.com,(718) 671-1669,Keller Williams,Keller Williams,Greensboro,Greensboro,NC,27446,24,65,65,25319799,3.5,A,87,MLS Database,Enterprise (200+ agents),2026-09-05T02:52:44Z
CREAM-20260905-00356,Julia Hughes,Julia Hughes,Julia,Hughes,jhughes@exprealty.com,(786) 833-5090,eXp Realty,eXp Realty,St. Petersburg,St. Petersburg,FL,33114,8,21,21,9935125,3.3,A,94,Facebook,Large (51-200 agents),2026-09-05T19:42:41Z
CREAM-20260905-00357,Gary Gonzalez,Gary Gonzalez,Gary,Gonzalez,gary.gonzalez@outlook.com,(720) 941-1428,Huntington Real Estate,Huntington Real Estate,Cincinnati,Cincinnati,OH,43576,23,45,45,11116534,3.2,A,88,MLS Database,Independent,2026-09-05T04:24:45Z
CREAM-20260905-00358,Mary Perez,Mary Perez,Mary,Perez,maryperez@aol.com,(714) 598-7772,eXp Realty,eXp Realty,Cleveland,Cleveland,OH,43711,23,46,46,14059834,3.1,A,67,Brokerage Listings,Mid-size (11-50 agents),2026-09-05T02:40:37Z
CREAM-20260905-00359,Anthony Rodriguez,Anthony Rodriguez,Anthony,Rodriguez,anthonyr@aol.com,(720) 287-1911,RE/MAX,RE/MAX,Cleveland,Cleveland,OH,45209,5,21,21,6153003,3.9,A,64,Referral Network,Enterprise (200+ agents),2026-09-05T18:54:58Z
CREAM-20260905-00360,Karen Brown,Karen Brown,Karen,Brown,kbrown@gmail.com,(718) 756-1076,RE/MAX,RE/MAX,Colorado Springs,Colorado Springs,CO,81754,11,53,53,21021787,3.7,A,60,Trade Show,Boutique (2-10 agents),2026-09-05T11:10:53Z
CREAM-20260905-00361,Ralph Harris,Ralph Harris,Ralph,Harris,ralph_harris@outlook.com,(972) 959-1169,Corcoran Group,Corcoran Group,Manhattan,Manhattan,NY,12795,0,1,1,506753,4.1,A,100,Referral Network,Boutique (2-10 agents),2026-09-05T15:32:19Z
CREAM-20260905-00362,Charles Russell,Charles Russell,Charles,Russell,crussell@yahoo.com,(602) 656-9484,Keller Williams Realty,Keller Williams Realty,Long Beach,Long Beach,CA,91806,3,12,12,10112597,3.9,A,75,LinkedIn,Large (51-200 agents),2026-09-05T20:42:54Z
CREAM-20260905-00363,Benjamin Brown,Benjamin Brown,Benjamin,Brown,benjamin.brown@yahoo.com,(303) 834-2796,eXp Realty,eXp Realty,Miami,Miami,FL,34261,3,14,14,7286134,3.8,A,85,Cold Outreach,Independent,2026-09-05T21:08:02Z
CREAM-20260905-00364,Susan Foster,Susan Foster,Susan,Foster,susanf@8zrealestate.com,(513) 924-6561,8z Real Estate,8z Real Estate,Denver,Denver,CO,81328,1,6,6,2632063,4.2,A,92,Cold Outreach,Independent,2026-09-05T15:36:07Z
CREAM-20260905-00365,Debra Hill,Debra Hill,Debra,Hill,debra_hill@outlook.com,(646) 951-3853,Keller Williams,Keller Williams,Cincinnati,Cincinnati,OH,44393,5,9,9,2367337,4.2,A,66,Realtor.com,Mid-size (11-50 agents),2026-09-05T11:20:54Z
CREAM-20260905-00366,Megan Foster,Megan Foster,Megan,Foster,megan.foster@yahoo.com,(786) 825-5755,Coldwell Banker,Coldwell Banker,San Jose,San Jose,CA,94959,0,3,3,3020789,3.7,A,65,NAR Directory,Mid-size (11-50 agents),2026-09-05T17:23:31Z
CREAM-20260905-00367,Robert Miller,Robert Miller,Robert,Miller,robertm@hotmail.com,(303) 658-5311,Compass,Compass,Staten Island,Staten Island,NY,13701,7,20,20,10216402,3.0,A,92,Cold Outreach,Large (51-200 agents),2026-09-05T05:57:34Z
CREAM-20260905-00368,Diane Castillo,Diane Castillo,Diane,Castillo,dianec@hotmail.com,(512) 946-4888,Allen Tate,Allen Tate,Raleigh,Raleigh,NC,27749,9,35,35,12294102,3.2,A,97,Trade Show,Boutique (2-10 agents),2026-09-05T20:10:50Z
CREAM-20260905-00369,Walter Garcia,Walter Garcia,Walter,Garcia,wgarcia@re/max.com,(714) 343-8979,RE/MAX,RE/MAX,Phoenix,Phoenix,AZ,85133,16,25,25,8925476,4.8,A,62,Facebook,Enterprise (200+ agents),2026-09-05T05:40:06Z
CREAM-20260905-00370,Martha Ramos,Martha Ramos,Martha,Ramos,marthar@sothebysinternational.com,(786) 495-6836,Sotheby's International,Sotheby's International,Sacramento,Sacramento,CA,95521,4,14,14,11661680,3.8,A,62,Referral Network,Mid-size (11-50 agents),2026-09-05T10:19:12Z
CREAM-20260905-00371,John Howard,John Howard,John,Howard,jhoward@icloud.com,(972) 590-4259,Sotheby's International,Sotheby's International,Staten Island,Staten Island,NY,10295,24,55,55,27032440,4.0,A,93,Realtor.com,Boutique (2-10 agents),2026-09-05T13:53:53Z
CREAM-20260905-00372,Anna Martinez,Anna Martinez,Anna,Martinez,amartinez@gmail.com,(303) 243-8244,RE/MAX,RE/MAX,Tampa,Tampa,FL,33162,4,14,14,7128551,4.3,A,80,Realtor.com,Large (51-200 agents),2026-09-05T04:40:41Z
CREAM-20260905-00373,Ashley Stewart,Ashley Stewart,Ashley,Stewart,ashleys@icloud.com,(404) 550-9763,Pacific Sotheby's,Pacific Sotheby's,Sacramento,Sacramento,CA,92551,0,1,1,834457,3.2,A,80,Facebook,Independent,2026-09-05T03:46:48Z
CREAM-20260905-00374,Aaron Gray,Aaron Gray,Aaron,Gray,agray@me.com,(256) 455-7441,Allen Tate,Allen Tate,Greensboro,Greensboro,NC,28576,3,20,20,5211959,4.8,A,81,NAR Directory,Boutique (2-10 agents),2026-09-05T05:32:19Z
CREAM-20260905-00375,Roger Thomas,Roger Thomas,Roger,Thomas,rogert@icloud.com,(602) 622-5836,Compass,Compass,Bronx,Bronx,NY,12249,16,75,75,34460956,4.6,A,81,Cold Outreach,Large (51-200 agents),2026-09-05T14:31:15Z
CREAM-20260905-00376,Jennifer Jenkins,Jennifer Jenkins,Jennifer,Jenkins,jennifer.jenkins@yahoo.com,(212) 635-7661,Keller Williams,Keller Williams,Bronx,Bronx,NY,10489,1,5,5,2897942,4.9,A,99,Realtor.com,Independent,2026-09-05T18:27:44Z
CREAM-20260905-00377,Michael Lewis,Michael Lewis,Michael,Lewis,michael.lewis@icloud.com,(718) 457-5381,Allen Tate,Allen Tate,Charlotte,Charlotte,NC,27798,13,67,67,20434461,3.8,A,74,NAR Directory,Boutique (2-10 agents),2026-09-05T05:21:33Z
CREAM-20260905-00378,Nancy Clark,Nancy Clark,Nancy,Clark,nclark@brownharrisstevens.com,(713) 776-8411,Brown Harris Stevens,Brown Harris Stevens,Manhattan,Manhattan,NY,10131,4,17,17,8958488,3.9,A,100,Referral Network,Mid-size (11-50 agents),2026-09-05T19:06:32Z
CREAM-20260905-00379,David Hernandez,David Hernandez,David,Hernandez,david.hernandez@compass.com,(212) 636-1881,Compass,Compass,San Jose,San Jose,CA,90835,1,11,11,11029545,4.5,A,98,NAR Directory,Independent,2026-09-05T17:29:11Z
CREAM-20260905-00380,Nicole Sullivan,Nicole Sullivan,Nicole,Sullivan,nsullivan@icloud.com,(972) 515-5590,RE/MAX,RE/MAX,Aurora,Aurora,CO,81650,23,32,32,15021058,4.1,A,97,NAR Directory,Independent,2026-09-05T14:52:35Z
CREAM-20260905-00381,Judith White,Judith White,Judith,White,judithw@exprealty.com,(929) 251-1641,eXp Realty,eXp Realty,Denver,Denver,CO,80304,2,3,3,2095131,3.3,A,90,Brokerage Listings,Boutique (2-10 agents),2026-09-05T07:28:47Z
CREAM-20260905-00382,Alan Martinez,Alan Martinez,Alan,Martinez,alan.martinez@icloud.com,(404) 375-5694,Pacific Sotheby's,Pacific Sotheby's,San Francisco,San Francisco,CA,90969,13,80,80,50707808,3.1,A,74,MLS Database,Independent,2026-09-05T08:19:45Z
CREAM-20260905-00383,Pamela Foster,Pamela Foster,Pamela,Foster,pamelaf@hotmail.com,(334) 548-1698,Cutler Real Estate,Cutler Real Estate,Cincinnati,Cincinnati,OH,44597,22,27,27,8585018,4.7,A,77,LinkedIn,Large (51-200 agents),2026-09-05T17:42:52Z
CREAM-20260905-00384,Kimberly Moore,Kimberly Moore,Kimberly,Moore,kimberly.moore@kellerwilliams.com,(305) 382-4274,Keller Williams,Keller Williams,Columbus,Columbus,OH,43221,4,15,15,3824039,3.0,A,85,MLS Database,Mid-size (11-50 agents),2026-09-05T19:58:50Z
CREAM-20260905-00385,Carl Alvarez,Carl Alvarez,Carl,Alvarez,carl_alvarez@gmail.com,(646) 622-9438,eXp Realty,eXp Realty,Cleveland,Cleveland,OH,44827,15,72,72,16047036,3.7,A,97,NAR Directory,Large (51-200 agents),2026-09-05T11:31:31Z
CREAM-20260905-00386,Ryan Collins,Ryan Collins,Ryan,Collins,ryan.collins@aol.com,(980) 271-3206,Keller Williams,Keller Williams,Greensboro,Greensboro,NC,28371,9,25,25,10699595,4.3,A,70,Cold Outreach,Independent,2026-09-05T04:08:01Z
CREAM-20260905-00387,Sharon Russell,Sharon Russell,Sharon,Russell,sharon.russell@re/max.com,(407) 360-9437,RE/MAX,RE/MAX,Cleveland,Cleveland,OH,45288,1,12,12,3648299,4.9,A,89,Website Lead,Mid-size (11-50 agents),2026-09-05T20:13:00Z
CREAM-20260905-00388,Rachel Ramos,Rachel Ramos,Rachel,Ramos,rachel.ramos@re/max.com,(919) 425-3547,RE/MAX,RE/MAX,Houston,Houston,TX,76213,2,11,11,3741353,4.3,A,68,Facebook,Boutique (2-10 agents),2026-09-05T21:55:35Z
CREAM-20260905-00389,Timothy Flores,Timothy Flores,Timothy,Flores,tflores@yahoo.com,(614) 760-3141,Berkshire Hathaway,Berkshire Hathaway,Columbus,Columbus,OH,45599,18,78,78,19793139,3.5,A,73,Trade Show,Independent,2026-09-05T09:16:11Z
CREAM-20260905-00390,Patrick Kim,Patrick Kim,Patrick,Kim,patrick.kim@halstead.com,(310) 433-6226,Halstead,Halstead,Staten Island,Staten Island,NY,11976,24,35,35,21814185,4.4,A,96,Referral Network,Large (51-200 agents),2026-09-05T09:41:17Z
CREAM-20260905-00391,Raymond Rodriguez,Raymond Rodriguez,Raymond,Rodriguez,raymond.rodriguez@hotmail.com,(704) 669-4032,Pacific Sotheby's,Pacific Sotheby's,San Francisco,San Francisco,CA,96909,1,5,5,3720591,3.4,A,64,Brokerage Listings,Large (51-200 agents),2026-09-05T15:57:08Z
CREAM-20260905-00392,Christopher Jackson,Christopher Jackson,Christopher,Jackson,christopher.jackson@gmail.com,(334) 505-2697,RE/MAX,RE/MAX,Phoenix,Phoenix,AZ,86422,17,67,67,33821481,4.6,A,76,Brokerage Listings,Large (51-200 agents),2026-09-05T00:51:42Z
CREAM-20260905-00393,Bruce Carter,Bruce Carter,Bruce,Carter,bruce_carter@aol.com,(602) 808-8300,Briggs Freeman Sotheby's,Briggs Freeman Sotheby's,Dallas,Dallas,TX,78738,22,80,80,28567432,4.2,A,62,Trade Show,Enterprise (200+ agents),2026-09-05T14:58:47Z
CREAM-20260905-00394,Frank Johnson,Frank Johnson,Frank,Johnson,frankjohnson@me.com,(929) 972-8560,Compass,Compass,Charlotte,Charlotte,NC,27375,10,42,42,17346961,5.0,A,84,Brokerage Listings,Large (51-200 agents),2026-09-05T14:41:14Z
CREAM-20260905-00395,Theresa Thompson,Theresa Thompson,Theresa,Thompson,theresa.thompson@aol.com,(303) 266-1388,eXp Realty,eXp Realty,Charlotte,Charlotte,NC,27518,24,77,77,32514340,3.3,A,84,Trade Show,Enterprise (200+ agents),2026-09-05T16:49:44Z
CREAM-20260905-00396,Sharon Mitchell,Sharon Mitchell,Sharon,Mitchell,sharon.mitchell@me.com,(713) 714-2017,Compass,Compass,Raleigh,Raleigh,NC,28636,14,41,41,17398661,3.6,A,65,Realtor.com,Independent,2026-09-05T19:38:56Z
CREAM-20260905-00397,Nicole Jones,Nicole Jones,Nicole,Jones,nicole_jones@yahoo.com,(404) 910-9771,Sotheby's International,Sotheby's International,Sacramento,Sacramento,CA,90371,0,2,2,1398596,4.9,A,67,MLS Database,Enterprise (200+ agents),2026-09-05T19:11:17Z
CREAM-20260905-00398,David Lewis,David Lewis,David,Lewis,davidlewis@gmail.com,(720) 939-6515,Keller Williams,Keller Williams,Tucson,Tucson,AZ,86913,2,5,5,1929888,3.2,A,79,Trade Show,Large (51-200 agents),2026-09-05T17:37:27Z
CREAM-20260905-00399,Christopher Rodriguez,Christopher Rodriguez,Christopher,Rodriguez,christopherrodriguez@me.com,(303) 938-3332,Nest Seekers,Nest Seekers,New York City,New York City,NY,10392,12,70,70,37832407,4.1,A,94,Trade Show,Enterprise (200+ agents),2026-09-05T15:10:18Z
CREAM-20260905-00400,Christopher Martin,Christopher Martin,Christopher,Martin,christopherm@aol.com,(786) 364-8614,Allie Beth Allman,Allie Beth Allman,San Antonio,San Antonio,TX,75958,21,32,32,12622410,3.6,A,97,MLS Database,Large (51-200 agents),2026-09-05T06:56:50Z
CREAM-20260905-00401,Brittany Lee,Brittany Lee,Brittany,Lee,brittanylee@yahoo.com,(929) 776-7150,Brown Harris Stevens,Brown Harris Stevens,Syracuse,Syracuse,NY,11465,12,43,43,30016962,3.5,B,89,Brokerage Listings,Large (51-200 agents),2026-09-05T16:52:53Z
CREAM-20260905-00402,Emily White,Emily White,Emily,White,emilyw@aol.com,(256) 639-3139,eXp Realty,eXp Realty,Toledo,Toledo,OH,43130,15,40,40,11456654,3.7,B,64,LinkedIn,Independent,2026-09-05T18:20:31Z
CREAM-20260905-00403,Pamela Torres,Pamela Torres,Pamela,Torres,pamela.torres@coldwellbanker.com,(972) 420-4971,Coldwell Banker,Coldwell Banker,Dayton,Dayton,OH,45611,7,17,17,5223161,4.9,B,73,LinkedIn,Enterprise (200+ agents),2026-09-05T05:19:39Z
CREAM-20260905-00404,Gloria Ruiz,Gloria Ruiz,Gloria,Ruiz,gruiz@yahoo.com,(234) 454-3396,HER Realtors,HER Realtors,Parma,Parma,OH,45713,5,9,9,1983313,3.3,B,79,Brokerage Listings,Enterprise (200+ agents),2026-09-05T09:10:35Z
CREAM-20260905-00405,Nicholas Baker,Nicholas Baker,Nicholas,Baker,nicholasbaker@icloud.com,(334) 461-1896,8z Real Estate,8z Real Estate,Lakewood,Lakewood,CO,81674,7,39,39,20319489,3.4,B,63,Facebook,Independent,2026-09-05T10:57:09Z
CREAM-20260905-00406,Catherine Myers,Catherine Myers,Catherine,Myers,catherinem@gmail.com,(256) 839-1390,RE/MAX,RE/MAX,Fort Collins,Fort Collins,CO,81856,6,34,34,14873984,3.2,B,86,Cold Outreach,Mid-size (11-50 agents),2026-09-05T18:50:07Z
CREAM-20260905-00407,Eugene Cooper,Eugene Cooper,Eugene,Cooper,eugene.cooper@kellerwilliams.com,(303) 472-8691,Keller Williams,Keller Williams,Arlington,Arlington,TX,77541,1,4,4,1056294,3.8,B,67,Brokerage Listings,Large (51-200 agents),2026-09-05T13:08:49Z
CREAM-20260905-00408,Helen Cox,Helen Cox,Helen,Cox,hcox@icloud.com,(234) 619-8409,Berkshire Hathaway,Berkshire Hathaway,Amarillo,Amarillo,TX,79512,5,18,18,5346545,4.3,B,66,MLS Database,Large (51-200 agents),2026-09-05T19:26:49Z
CREAM-20260905-00409,Helen Collins,Helen Collins,Helen,Collins,helencollins@me.com,(614) 927-2019,Huntington Real Estate,Huntington Real Estate,Toledo,Toledo,OH,45224,9,26,26,7736461,4.6,B,74,Brokerage Listings,Enterprise (200+ agents),2026-09-05T21:25:46Z
CREAM-20260905-00410,Laura Jenkins,Laura Jenkins,Laura,Jenkins,laurajenkins@hotmail.com,(415) 965-1119,eXp Realty,eXp Realty,Anaheim,Anaheim,CA,93913,5,24,24,15840843,4.4,B,93,Facebook,Boutique (2-10 agents),2026-09-05T15:18:00Z
CREAM-20260905-00411,Dennis Patel,Dennis Patel,Dennis,Patel,dennis_patel@hotmail.com,(720) 237-6117,Coldwell Banker,Coldwell Banker,Glendale,Glendale,AZ,85612,2,9,9,4030515,4.6,B,85,Referral Network,Boutique (2-10 agents),2026-09-05T18:54:33Z
CREAM-20260905-00412,Christopher Smith,Christopher Smith,Christopher,Smith,christopher.smith@aol.com,(720) 520-1658,RE/MAX,RE/MAX,Riverside,Riverside,CA,93679,1,9,9,6473608,4.5,B,71,Referral Network,Mid-size (11-50 agents),2026-09-05T11:10:43Z
CREAM-20260905-00413,Gary Johnson,Gary Johnson,Gary,Johnson,garyj@hotmail.com,(805) 270-2917,Berkshire Hathaway,Berkshire Hathaway,Irving,Irving,TX,75761,1,3,3,1227979,4.0,B,74,Website Lead,Large (51-200 agents),2026-09-05T21:10:10Z
CREAM-20260905-00414,Pamela Sullivan,Pamela Sullivan,Pamela,Sullivan,pamelasullivan@hotmail.com,(407) 401-1055,Compass,Compass,Anaheim,Anaheim,CA,94737,4,15,15,12607555,4.0,B,82,Realtor.com,Mid-size (11-50 agents),2026-09-05T03:25:51Z
CREAM-20260905-00415,Amanda Johnson,Amanda Johnson,Amanda,Johnson,amandaj@coldwellbanker.com,(713) 498-3081,Coldwell Banker,Coldwell Banker,Hialeah,Hialeah,FL,33904,14,59,59,30380559,3.0,B,85,Cold Outreach,Independent,2026-09-05T10:54:45Z
CREAM-20260905-00416,Shirley Bailey,Shirley Bailey,Shirley,Bailey,shirleyb@outlook.com,(714) 738-3235,RE/MAX,RE/MAX,Winston-Salem,Winston-Salem,NC,28246,3,10,10,3210179,3.7,B,95,Trade Show,Boutique (2-10 agents),2026-09-05T11:04:22Z
CREAM-20260905-00417,David Fisher,David Fisher,David,Fisher,davidf@aol.com,(704) 205-8767,Briggs Freeman Sotheby's,Briggs Freeman Sotheby's,Lubbock,Lubbock,TX,77183,21,34,34,11896222,4.7,B,66,Website Lead,Boutique (2-10 agents),2026-09-05T13:27:34Z
CREAM-20260905-00418,Rebecca Sullivan,Rebecca Sullivan,Rebecca,Sullivan,rebecca.sullivan@pacificsothebys.com,(234) 537-1348,Pacific Sotheby's,Pacific Sotheby's,Santa Ana,Santa Ana,CA,95497,3,20,20,16365292,4.1,B,89,Referral Network,Large (51-200 agents),2026-09-05T09:40:02Z
CREAM-20260905-00419,Dennis Nguyen,Dennis Nguyen,Dennis,Nguyen,dennis_nguyen@gmail.com,(310) 260-3755,Berkshire Hathaway,Berkshire Hathaway,Arvada,Arvada,CO,81612,2,12,12,5350685,4.1,B,100,Cold Outreach,Independent,2026-09-05T11:22:02Z
CREAM-20260905-00420,Grace Powell,Grace Powell,Grace,Powell,gpowell@sothebysinternational.com,(305) 735-1807,Sotheby's International,Sotheby's International,Riverside,Riverside,CA,91855,11,52,52,47666005,3.7,B,91,LinkedIn,Enterprise (200+ agents),2026-09-05T19:06:59Z
CREAM-20260905-00421,Daniel Watson,Daniel Watson,Daniel,Watson,daniel.watson@me.com,(916) 907-8314,Compass,Compass,Buffalo,Buffalo,NY,14795,16,66,66,51763242,4.5,B,87,Cold Outreach,Independent,2026-09-05T00:04:51Z
CREAM-20260905-00422,Alan Martin,Alan Martin,Alan,Martin,alanm@re/max.com,(646) 800-5153,RE/MAX,RE/MAX,Chandler,Chandler,AZ,86216,4,14,14,4052590,4.9,B,74,Brokerage Listings,Independent,2026-09-05T23:52:15Z
CREAM-20260905-00423,Samantha Taylor,Samantha Taylor,Samantha,Taylor,samanthat@berkshirehathawayhomeservices.com,(713) 948-5398,Berkshire Hathaway HomeServices,Berkshire Hathaway HomeServices,Fresno,Fresno,CA,95371,8,16,16,14949947,4.4,B,95,MLS Database,Boutique (2-10 agents),2026-09-05T10:53:26Z
CREAM-20260905-00424,Jack Scott,Jack Scott,Jack,Scott,jack.scott@century21.com,(512) 937-5448,Century 21,Century 21,Pembroke Pines,Pembroke Pines,FL,34490,6,26,26,8463408,4.6,B,61,Brokerage Listings,Independent,2026-09-05T16:26:50Z
CREAM-20260905-00425,Raymond Johnson,Raymond Johnson,Raymond,Johnson,raymondjohnson@outlook.com,(214) 360-1476,eXp Realty,eXp Realty,Akron,Akron,OH,45335,17,80,80,19256338,4.3,B,75,Trade Show,Mid-size (11-50 agents),2026-09-05T19:59:57Z
CREAM-20260905-00426,Ashley Allen,Ashley Allen,Ashley,Allen,ashleyallen@outlook.com,(929) 767-4359,Coldwell Banker,Coldwell Banker,Dayton,Dayton,OH,44169,14,65,65,14948591,3.8,B,75,Cold Outreach,Enterprise (200+ agents),2026-09-05T02:50:37Z
CREAM-20260905-00427,Betty Phillips,Betty Phillips,Betty,Phillips,bphillips@gmail.com,(407) 422-5252,Halstead,Halstead,Syracuse,Syracuse,NY,13447,17,31,31,23622436,3.0,B,91,NAR Directory,Independent,2026-09-05T17:40:13Z
CREAM-20260905-00428,Steven Thomas,Steven Thomas,Steven,Thomas,sthomas@gmail.com,(714) 718-1664,Sotheby's International,Sotheby's International,Chula Vista,Chula Vista,CA,92615,2,8,8,7646257,3.2,B,61,Trade Show,Boutique (2-10 agents),2026-09-05T15:40:53Z
CREAM-20260905-00429,Angela Walker,Angela Walker,Angela,Walker,angela_walker@outlook.com,(713) 952-4454,Keller Williams Realty,Keller Williams Realty,Anaheim,Anaheim,CA,90673,4,8,8,6816114,4.6,B,74,Facebook,Large (51-200 agents),2026-09-05T07:16:58Z
CREAM-20260905-00430,Justin Nguyen,Justin Nguyen,Justin,Nguyen,justinn@berkshirehathawayhomeservices.com,(512) 619-6073,Berkshire Hathaway HomeServices,Berkshire Hathaway HomeServices,Stockton,Stockton,CA,92378,1,5,5,3930833,4.0,B,74,Brokerage Listings,Boutique (2-10 agents),2026-09-05T21:21:37Z
CREAM-20260905-00431,Keith Gomez,Keith Gomez,Keith,Gomez,keith.gomez@kellerwilliams.com,(713) 948-5432,Keller Williams,Keller Williams,Irving,Irving,TX,79647,20,39,39,12590437,5.0,B,99,LinkedIn,Enterprise (200+ agents),2026-09-05T04:44:18Z
CREAM-20260905-00432,Edward Watson,Edward Watson,Edward,Watson,edwardwatson@gmail.com,(212) 414-5929,Keller Williams,Keller Williams,Glendale,Glendale,AZ,85613,11,73,73,24045268,3.0,B,67,Cold Outreach,Mid-size (11-50 agents),2026-09-05T13:16:47Z
CREAM-20260905-00433,Samuel Lewis,Samuel Lewis,Samuel,Lewis,samuel.lewis@homesmart.com,(212) 234-2212,HomeSmart,HomeSmart,Chandler,Chandler,AZ,85559,6,30,30,12668310,5.0,B,73,Realtor.com,Large (51-200 agents),2026-09-05T08:22:06Z
CREAM-20260905-00434,Laura Morris,Laura Morris,Laura,Morris,lauram@outlook.com,(212) 747-7244,Berkshire Hathaway,Berkshire Hathaway,Fort Collins,Fort Collins,CO,80167,21,65,65,45432868,4.7,B,73,Facebook,Enterprise (200+ agents),2026-09-05T13:48:15Z
CREAM-20260905-00435,Kenneth Hill,Kenneth Hill,Kenneth,Hill,kenneth.hill@berkshirehathaway.com,(602) 392-3768,Berkshire Hathaway,Berkshire Hathaway,Lubbock,Lubbock,TX,79428,14,37,37,13197133,3.7,B,92,Realtor.com,Enterprise (200+ agents),2026-09-05T22:35:40Z
CREAM-20260905-00436,Tyler Howard,Tyler Howard,Tyler,Howard,thoward@outlook.com,(602) 579-7244,Coldwell Banker,Coldwell Banker,Fayetteville,Fayetteville,NC,28848,14,47,47,18376075,3.4,B,88,LinkedIn,Boutique (2-10 agents),2026-09-05T18:06:21Z
CREAM-20260905-00437,Alan Thompson,Alan Thompson,Alan,Thompson,alan.thompson@hotmail.com,(214) 504-2792,RE/MAX,RE/MAX,Fresno,Fresno,CA,93933,3,18,18,11499311,3.0,B,72,Facebook,Enterprise (200+ agents),2026-09-05T05:58:43Z
CREAM-20260905-00438,Anna White,Anna White,Anna,White,annaw@hotmail.com,(214) 266-7663,Long Realty,Long Realty,Chandler,Chandler,AZ,86503,4,10,10,5082851,3.1,B,64,LinkedIn,Boutique (2-10 agents),2026-09-05T21:34:15Z
CREAM-20260905-00439,Keith Martinez,Keith Martinez,Keith,Martinez,keith.martinez@aol.com,(303) 622-5016,Berkshire Hathaway,Berkshire Hathaway,Akron,Akron,OH,43263,12,51,51,14587219,3.5,B,99,MLS Database,Boutique (2-10 agents),2026-09-05T05:53:59Z
CREAM-20260905-00440,Bruce Powell,Bruce Powell,Bruce,Powell,brucepowell@outlook.com,(614) 590-5139,RE/MAX,RE/MAX,Chandler,Chandler,AZ,85482,1,9,9,3259349,4.3,B,70,Referral Network,Enterprise (200+ agents),2026-09-05T02:50:12Z
CREAM-20260905-00441,Natalie Johnson,Natalie Johnson,Natalie,Johnson,njohnson@hotmail.com,(469) 690-9826,eXp Realty,eXp Realty,Santa Ana,Santa Ana,CA,92675,14,74,74,54809412,3.8,B,76,Brokerage Listings,Large (51-200 agents),2026-09-05T23:15:12Z
CREAM-20260905-00442,Natalie Diaz,Natalie Diaz,Natalie,Diaz,nataliediaz@me.com,(602) 278-7478,Keller Williams,Keller Williams,Gilbert,Gilbert,AZ,86627,20,60,60,26675776,4.4,B,76,MLS Database,Independent,2026-09-05T01:40:47Z
CREAM-20260905-00443,Eric Wilson,Eric Wilson,Eric,Wilson,ewilson@pacificsothebys.com,(602) 576-5602,Pacific Sotheby's,Pacific Sotheby's,Chula Vista,Chula Vista,CA,92371,16,49,49,29195182,4.3,B,83,Brokerage Listings,Enterprise (200+ agents),2026-09-05T19:12:48Z
CREAM-20260905-00444,Samantha Hall,Samantha Hall,Samantha,Hall,samanthah@gmail.com,(980) 756-3335,Brown Harris Stevens,Brown Harris Stevens,Syracuse,Syracuse,NY,13175,24,79,79,58342348,3.0,B,81,Facebook,Mid-size (11-50 agents),2026-09-05T20:11:13Z
CREAM-20260905-00445,Lisa Harris,Lisa Harris,Lisa,Harris,lharris@hotmail.com,(602) 650-9563,Berkshire Hathaway,Berkshire Hathaway,Garland,Garland,TX,78393,2,9,9,2740365,4.9,B,60,Brokerage Listings,Mid-size (11-50 agents),2026-09-05T21:01:04Z
CREAM-20260905-00446,Andrew Myers,Andrew Myers,Andrew,Myers,andrew_myers@me.com,(786) 832-2867,Coldwell Banker,Coldwell Banker,Durham,Durham,NC,28345,1,10,10,3031037,4.9,B,92,Cold Outreach,Large (51-200 agents),2026-09-05T10:00:02Z
CREAM-20260905-00447,Dorothy Bennett,Dorothy Bennett,Dorothy,Bennett,dorothybennett@me.com,(415) 872-1984,Douglas Elliman,Douglas Elliman,Albany,Albany,NY,14373,5,22,22,16143889,4.8,B,98,NAR Directory,Enterprise (200+ agents),2026-09-05T20:04:44Z
CREAM-20260905-00448,Sarah Patel,Sarah Patel,Sarah,Patel,spatel@kellerwilliamsrealty.com,(512) 596-8971,Keller Williams Realty,Keller Williams Realty,Bakersfield,Bakersfield,CA,94479,17,67,67,60671750,3.1,B,63,Cold Outreach,Enterprise (200+ agents),2026-09-05T07:47:10Z
CREAM-20260905-00449,Sandra Martinez,Sandra Martinez,Sandra,Martinez,sandra.martinez@icloud.com,(614) 261-1434,RE/MAX,RE/MAX,Dayton,Dayton,OH,45975,22,32,32,8612351,3.0,B,88,LinkedIn,Independent,2026-09-05T23:21:49Z
CREAM-20260905-00450,Janet Alexander,Janet Alexander,Janet,Alexander,janeta@kellerwilliams.com,(602) 339-5588,Keller Williams,Keller Williams,Fort Collins,Fort Collins,CO,80641,6,32,32,17269177,4.9,B,85,NAR Directory,Large (51-200 agents),2026-09-05T17:06:27Z
CREAM-20260905-00451,Susan Howard,Susan Howard,Susan,Howard,susan.howard@coldwellbanker.com,(929) 861-2473,Coldwell Banker,Coldwell Banker,Chula Vista,Chula Vista,CA,95588,16,54,54,40486140,3.0,B,88,Trade Show,Enterprise (200+ agents),2026-09-05T08:30:52Z
CREAM-20260905-00452,Lawrence Miller,Lawrence Miller,Lawrence,Miller,lawrencemiller@outlook.com,(212) 718-4435,Compass,Compass,Hollywood,Hollywood,FL,33455,24,53,53,18015292,4.4,B,96,MLS Database,Enterprise (200+ agents),2026-09-05T07:00:35Z
CREAM-20260905-00453,Judith Clark,Judith Clark,Judith,Clark,judith_clark@hotmail.com,(234) 343-9099,HER Realtors,HER Realtors,Akron,Akron,OH,45688,4,18,18,5110464,3.5,B,84,LinkedIn,Large (51-200 agents),2026-09-05T16:55:44Z
CREAM-20260905-00454,Michael Collins,Michael Collins,Michael,Collins,michaelc@aol.com,(916) 501-1563,Berkshire Hathaway,Berkshire Hathaway,Dayton,Dayton,OH,45435,2,3,3,573222,4.7,B,76,Brokerage Listings,Enterprise (200+ agents),2026-09-05T03:15:50Z
CREAM-20260905-00455,Emily Morgan,Emily Morgan,Emily,Morgan,emilymorgan@outlook.com,(929) 852-4875,Howard Hanna,Howard Hanna,Cary,Cary,NC,27382,12,70,70,22729882,4.6,B,66,NAR Directory,Independent,2026-09-05T03:31:40Z
CREAM-20260905-00456,Juan Robinson,Juan Robinson,Juan,Robinson,juan_robinson@outlook.com,(303) 447-4772,Briggs Freeman Sotheby's,Briggs Freeman Sotheby's,Lubbock,Lubbock,TX,76901,5,10,10,3731897,4.2,B,90,Trade Show,Enterprise (200+ agents),2026-09-05T15:03:03Z
CREAM-20260905-00457,Brittany Castillo,Brittany Castillo,Brittany,Castillo,bcastillo@compass.com,(980) 871-8318,Compass,Compass,Buffalo,Buffalo,NY,13973,18,60,60,42150406,4.3,B,91,Trade Show,Boutique (2-10 agents),2026-09-05T17:07:36Z
CREAM-20260905-00458,Helen Sanders,Helen Sanders,Helen,Sanders,helens@me.com,(404) 304-2162,RE/MAX,RE/MAX,Fort Collins,Fort Collins,CO,80340,2,6,6,3677231,4.7,B,82,NAR Directory,Large (51-200 agents),2026-09-05T20:07:36Z
CREAM-20260905-00459,Emily King,Emily King,Emily,King,eking@hotmail.com,(972) 416-4392,Century 21,Century 21,Pembroke Pines,Pembroke Pines,FL,32930,3,16,16,5593226,4.8,B,80,Trade Show,Enterprise (200+ agents),2026-09-05T18:30:29Z
CREAM-20260905-00460,Keith Gutierrez,Keith Gutierrez,Keith,Gutierrez,keith.gutierrez@icloud.com,(513) 614-7215,Keller Williams,Keller Williams,Arlington,Arlington,TX,78768,2,8,8,3501908,4.1,B,96,Facebook,Large (51-200 agents),2026-09-05T02:04:38Z
CREAM-20260905-00461,Susan Harris,Susan Harris,Susan,Harris,susan.harris@aol.com,(234) 445-3574,Douglas Elliman,Douglas Elliman,Rochester,Rochester,NY,14251,0,1,1,730764,3.6,B,81,Facebook,Independent,2026-09-05T22:18:34Z
CREAM-20260905-00462,Shirley Young,Shirley Young,Shirley,Young,shirleyy@re/max.com,(919) 262-7147,RE/MAX,RE/MAX,Arlington,Arlington,TX,79152,7,32,32,8053139,4.2,B,64,MLS Database,Large (51-200 agents),2026-09-05T03:02:44Z
CREAM-20260905-00463,Jessica Price,Jessica Price,Jessica,Price,jprice@exprealty.com,(713) 326-6510,eXp Realty,eXp Realty,Lubbock,Lubbock,TX,79888,4,11,11,3040695,5.0,B,72,MLS Database,Mid-size (11-50 agents),2026-09-05T17:22:53Z
CREAM-20260905-00464,Rebecca Johnson,Rebecca Johnson,Rebecca,Johnson,rjohnson@hotmail.com,(415) 247-4909,eXp Realty,eXp Realty,Santa Ana,Santa Ana,CA,94369,19,54,54,50484035,3.2,B,66,Cold Outreach,Boutique (2-10 agents),2026-09-05T09:07:52Z
CREAM-20260905-00465,Danielle Gomez,Danielle Gomez,Danielle,Gomez,dgomez@herrealtors.com,(646) 455-4503,HER Realtors,HER Realtors,Dayton,Dayton,OH,44146,5,14,14,3597458,4.6,B,88,Brokerage Listings,Large (51-200 agents),2026-09-05T12:25:11Z
CREAM-20260905-00466,Ruth Smith,Ruth Smith,Ruth,Smith,rsmith@me.com,(916) 646-2533,Douglas Elliman,Douglas Elliman,New Rochelle,New Rochelle,NY,14216,14,75,75,48034519,5.0,B,78,Cold Outreach,Large (51-200 agents),2026-09-05T11:15:04Z
CREAM-20260905-00467,Lauren Johnson,Lauren Johnson,Lauren,Johnson,ljohnson@yahoo.com,(513) 217-9054,Compass,Compass,Riverside,Riverside,CA,92544,17,75,75,64986591,3.3,B,91,Facebook,Boutique (2-10 agents),2026-09-05T01:12:39Z
CREAM-20260905-00468,Scott Brooks,Scott Brooks,Scott,Brooks,scottbrooks@outlook.com,(614) 450-5774,Coldwell Banker,Coldwell Banker,Arlington,Arlington,TX,79678,12,61,61,16192217,4.7,B,88,Referral Network,Enterprise (200+ agents),2026-09-05T12:17:24Z
CREAM-20260905-00469,Laura Ruiz,Laura Ruiz,Laura,Ruiz,laurar@yahoo.com,(404) 721-3166,eXp Realty,eXp Realty,Lakewood,Lakewood,CO,81408,23,60,60,23333079,4.5,B,76,Website Lead,Large (51-200 agents),2026-09-05T15:06:36Z
CREAM-20260905-00470,Michelle Watson,Michelle Watson,Michelle,Watson,michelle.watson@yahoo.com,(469) 504-2851,Berkshire Hathaway,Berkshire Hathaway,Parma,Parma,OH,43162,5,22,22,5747880,3.8,B,99,LinkedIn,Independent,2026-09-05T06:11:38Z
CREAM-20260905-00471,Kenneth Johnson,Kenneth Johnson,Kenneth,Johnson,kjohnson@yahoo.com,(407) 917-1551,Berkshire Hathaway HomeServices,Berkshire Hathaway HomeServices,Riverside,Riverside,CA,90969,0,3,3,2677114,3.1,B,85,NAR Directory,Mid-size (11-50 agents),2026-09-05T05:36:50Z
CREAM-20260905-00472,Gregory Allen,Gregory Allen,Gregory,Allen,gregorya@me.com,(407) 989-5070,Coldwell Banker,Coldwell Banker,Corpus Christi,Corpus Christi,TX,78390,9,35,35,13584126,4.4,B,100,Trade Show,Enterprise (200+ agents),2026-09-05T21:54:36Z
CREAM-20260905-00473,Wayne Young,Wayne Young,Wayne,Young,wayney@hotmail.com,(415) 536-6770,Nest Seekers,Nest Seekers,Albany,Albany,NY,10672,3,17,17,7961795,4.0,B,66,LinkedIn,Independent,2026-09-05T02:34:00Z
CREAM-20260905-00474,Louis Rogers,Louis Rogers,Louis,Rogers,louis.rogers@coldwellbanker.com,(334) 807-3014,Coldwell Banker,Coldwell Banker,Thornton,Thornton,CO,81318,0,1,1,627806,3.0,B,80,Referral Network,Independent,2026-09-05T23:52:09Z
CREAM-20260905-00475,Joseph Reed,Joseph Reed,Joseph,Reed,josephr@re/max.com,(234) 758-9192,RE/MAX,RE/MAX,Arlington,Arlington,TX,77233,2,12,12,5353075,4.6,B,100,MLS Database,Mid-size (11-50 agents),2026-09-05T17:34:07Z
CREAM-20260905-00476,Richard Alvarez,Richard Alvarez,Richard,Alvarez,ralvarez@gmail.com,(929) 663-6044,Keller Williams Realty,Keller Williams Realty,Tallahassee,Tallahassee,FL,32615,1,11,11,5206966,4.9,B,73,Trade Show,Large (51-200 agents),2026-09-05T03:33:01Z
CREAM-20260905-00477,Jeffrey Johnson,Jeffrey Johnson,Jeffrey,Johnson,jeffreyj@icloud.com,(786) 384-2269,Briggs Freeman Sotheby's,Briggs Freeman Sotheby's,Lubbock,Lubbock,TX,79261,0,2,2,770462,3.6,B,81,Brokerage Listings,Mid-size (11-50 agents),2026-09-05T14:29:22Z
CREAM-20260905-00478,Laura Hernandez,Laura Hernandez,Laura,Hernandez,laura_hernandez@me.com,(786) 319-5620,eXp Realty,eXp Realty,Thornton,Thornton,CO,80888,25,49,49,26600933,3.9,B,67,Cold Outreach,Enterprise (200+ agents),2026-09-05T23:09:19Z
CREAM-20260905-00479,Emily Patel,Emily Patel,Emily,Patel,emily.patel@gmail.com,(310) 960-3772,Keller Williams Realty,Keller Williams Realty,Chula Vista,Chula Vista,CA,96326,6,30,30,17873414,4.3,B,66,Website Lead,Large (51-200 agents),2026-09-05T09:33:07Z
CREAM-20260905-00480,Alexander Gray,Alexander Gray,Alexander,Gray,alexander.gray@icloud.com,(404) 200-4095,Keller Williams Realty,Keller Williams Realty,Riverside,Riverside,CA,90508,2,9,9,8585284,4.1,B,60,NAR Directory,Enterprise (200+ agents),2026-09-05T17:35:22Z
CREAM-20260905-00481,Charles Brown,Charles Brown,Charles,Brown,charlesb@me.com,(303) 642-6341,Nest Seekers,Nest Seekers,Syracuse,Syracuse,NY,12133,1,8,8,3966925,4.0,B,97,MLS Database,Independent,2026-09-05T08:54:31Z
CREAM-20260905-00482,Olivia Kim,Olivia Kim,Olivia,Kim,oliviakim@me.com,(980) 235-6995,Berkshire Hathaway,Berkshire Hathaway,Cary,Cary,NC,28614,6,40,40,16609186,4.3,B,62,Facebook,Enterprise (200+ agents),2026-09-05T11:05:12Z
CREAM-20260905-00483,Amber Cox,Amber Cox,Amber,Cox,amber_cox@outlook.com,(980) 445-5422,Berkshire Hathaway,Berkshire Hathaway,Cape Coral,Cape Coral,FL,32413,1,5,5,2422384,3.1,B,75,Trade Show,Mid-size (11-50 agents),2026-09-05T15:44:08Z
CREAM-20260905-00484,Juan Sanders,Juan Sanders,Juan,Sanders,jsanders@hotmail.com,(513) 211-7522,Huntington Real Estate,Huntington Real Estate,Akron,Akron,OH,44602,17,45,45,14606685,4.9,B,64,NAR Directory,Enterprise (200+ agents),2026-09-05T04:10:50Z
CREAM-20260905-00485,Jacob Watson,Jacob Watson,Jacob,Watson,jacobwatson@aol.com,(512) 643-8935,Keller Williams,Keller Williams,Albany,Albany,NY,11120,1,10,10,8378460,4.1,B,92,Website Lead,Independent,2026-09-05T16:48:48Z
CREAM-20260905-00486,Ryan Fisher,Ryan Fisher,Ryan,Fisher,ryan_fisher@hotmail.com,(972) 968-2715,Coldwell Banker,Coldwell Banker,Winston-Salem,Winston-Salem,NC,28494,5,15,15,5931844,4.2,B,69,MLS Database,Boutique (2-10 agents),2026-09-05T23:12:32Z
CREAM-20260905-00487,Rachel Lopez,Rachel Lopez,Rachel,Lopez,rlopez@compass.com,(234) 801-3116,Compass,Compass,Tallahassee,Tallahassee,FL,34274,16,71,71,38006871,4.2,B,82,Facebook,Enterprise (200+ agents),2026-09-05T03:50:31Z
CREAM-20260905-00488,Anna Cooper,Anna Cooper,Anna,Cooper,anna_cooper@me.com,(713) 256-7586,Allie Beth Allman,Allie Beth Allman,Lubbock,Lubbock,TX,79777,4,21,21,9295941,3.7,B,82,Facebook,Mid-size (11-50 agents),2026-09-05T10:27:31Z
CREAM-20260905-00489,Lauren Reyes,Lauren Reyes,Lauren,Reyes,lauren.reyes@yahoo.com,(805) 625-9524,Coldwell Banker,Coldwell Banker,Pembroke Pines,Pembroke Pines,FL,32960,5,8,8,2437950,3.3,B,69,MLS Database,Large (51-200 agents),2026-09-05T22:48:09Z
CREAM-20260905-00490,Mark Watson,Mark Watson,Mark,Watson,markwatson@gmail.com,(404) 524-3075,Berkshire Hathaway,Berkshire Hathaway,Arvada,Arvada,CO,80184,5,15,15,6010924,4.2,B,66,Brokerage Listings,Independent,2026-09-05T04:36:51Z
CREAM-20260905-00491,Kimberly Sanders,Kimberly Sanders,Kimberly,Sanders,kimberly_sanders@yahoo.com,(407) 980-4879,Century 21,Century 21,Hialeah,Hialeah,FL,33418,16,32,32,15260212,3.2,B,81,Realtor.com,Large (51-200 agents),2026-09-05T16:58:40Z
CREAM-20260905-00492,William Anderson,William Anderson,William,Anderson,williamanderson@aol.com,(469) 713-1088,eXp Realty,eXp Realty,Cary,Cary,NC,28608,2,9,9,2404883,3.1,B,64,NAR Directory,Mid-size (11-50 agents),2026-09-05T13:10:48Z
CREAM-20260905-00493,Danielle Lee,Danielle Lee,Danielle,Lee,daniellelee@icloud.com,(513) 218-9260,Allie Beth Allman,Allie Beth Allman,Corpus Christi,Corpus Christi,TX,75357,1,3,3,841355,3.8,B,69,NAR Directory,Enterprise (200+ agents),2026-09-05T07:02:58Z
CREAM-20260905-00494,Gregory Torres,Gregory Torres,Gregory,Torres,gregory_torres@outlook.com,(980) 745-4165,Berkshire Hathaway HomeServices,Berkshire Hathaway HomeServices,Bakersfield,Bakersfield,CA,92481,24,54,54,56361630,4.6,B,95,Facebook,Large (51-200 agents),2026-09-05T18:33:46Z
CREAM-20260905-00495,Kevin Martin,Kevin Martin,Kevin,Martin,kevinm@outlook.com,(513) 872-8270,Allie Beth Allman,Allie Beth Allman,Lubbock,Lubbock,TX,78547,3,12,12,4042669,4.1,B,96,MLS Database,Boutique (2-10 agents),2026-09-05T15:17:56Z
CREAM-20260905-00496,Heather Jenkins,Heather Jenkins,Heather,Jenkins,heather.jenkins@yahoo.com,(646) 403-2747,HomeSmart,HomeSmart,Chandler,Chandler,AZ,86797,4,18,18,5216832,4.9,B,64,Trade Show,Independent,2026-09-05T03:54:57Z
CREAM-20260905-00497,Michael Long,Michael Long,Michael,Long,michael_long@aol.com,(512) 202-3209,Briggs Freeman Sotheby's,Briggs Freeman Sotheby's,Arlington,Arlington,TX,75452,14,78,78,25923705,3.1,B,92,MLS Database,Independent,2026-09-05T23:31:44Z
CREAM-20260905-00498,James Coleman,James Coleman,James,Coleman,jcoleman@berkshirehathawayhomeservices.com,(469) 662-6241,Berkshire Hathaway HomeServices,Berkshire Hathaway HomeServices,Stockton,Stockton,CA,90313,25,32,32,20479952,4.8,B,99,Realtor.com,Boutique (2-10 agents),2026-09-05T05:56:00Z
CREAM-20260905-00499,Larry Cook,Larry Cook,Larry,Cook,larryc@re/max.com,(469) 434-3592,RE/MAX,RE/MAX,Lubbock,Lubbock,TX,78123,17,75,75,26317005,3.7,B,64,Referral Network,Enterprise (200+ agents),2026-09-05T10:36:58Z
CREAM-20260905-00500,Jason Parker,Jason Parker,Jason,Parker,jasonparker@yahoo.com,(415) 851-3060,Allen Tate,Allen Tate,Durham,Durham,NC,28203,20,61,61,18960349,3.9,B,97,Cold Outreach,Boutique (2-10 agents),2026-09-05T08:08:38Z
CREAM-20260905-00501,Daniel Rivera,Daniel Rivera,Daniel,Rivera,daniel_rivera@hotmail.com,(919) 881-1824,Keller Williams,Keller Williams,Cary,Cary,NC,28376,1,8,8,3549575,4.1,B,90,MLS Database,Mid-size (11-50 agents),2026-09-05T14:41:55Z
CREAM-20260905-00502,Maria Scott,Maria Scott,Maria,Scott,mariascott@outlook.com,(718) 214-2319,Coldwell Banker,Coldwell Banker,Lubbock,Lubbock,TX,75925,17,60,60,18911078,4.7,B,86,Referral Network,Independent,2026-09-05T05:38:19Z
CREAM-20260905-00503,Brenda Murphy,Brenda Murphy,Brenda,Murphy,brenda_murphy@me.com,(929) 402-6549,Allie Beth Allman,Allie Beth Allman,Arlington,Arlington,TX,76601,3,12,12,5267310,5.0,B,65,NAR Directory,Enterprise (200+ agents),2026-09-05T03:13:06Z
CREAM-20260905-00504,Katherine Powell,Katherine Powell,Katherine,Powell,katherine_powell@hotmail.com,(714) 805-7925,Keller Williams Realty,Keller Williams Realty,Bakersfield,Bakersfield,CA,92803,19,80,80,63170653,4.5,B,60,Brokerage Listings,Large (51-200 agents),2026-09-05T20:45:12Z
CREAM-20260905-00505,Dorothy Gutierrez,Dorothy Gutierrez,Dorothy,Gutierrez,dorothy.gutierrez@kellerwilliams.com,(415) 955-8824,Keller Williams,Keller Williams,Arlington,Arlington,TX,78448,18,33,33,10530843,3.5,B,88,Trade Show,Mid-size (11-50 agents),2026-09-05T09:23:18Z
CREAM-20260905-00506,Donna Ramos,Donna Ramos,Donna,Ramos,donnar@exprealty.com,(704) 615-7208,eXp Realty,eXp Realty,Winston-Salem,Winston-Salem,NC,27668,12,72,72,21888920,3.4,B,88,Realtor.com,Mid-size (11-50 agents),2026-09-05T03:21:11Z
CREAM-20260905-00507,Carolyn Gomez,Carolyn Gomez,Carolyn,Gomez,carolyn.gomez@herrealtors.com,(310) 901-5634,HER Realtors,HER Realtors,Toledo,Toledo,OH,44899,16,60,60,14356047,4.0,B,84,LinkedIn,Large (51-200 agents),2026-09-05T19:29:19Z
CREAM-20260905-00508,Pamela Lee,Pamela Lee,Pamela,Lee,plee@outlook.com,(919) 429-7941,Douglas Elliman,Douglas Elliman,Albany,Albany,NY,12305,0,0,0,0,4.6,B,67,NAR Directory,Mid-size (11-50 agents),2026-09-05T22:27:36Z
CREAM-20260905-00509,Scott Richardson,Scott Richardson,Scott,Richardson,scottr@yahoo.com,(310) 906-9849,HomeSmart,HomeSmart,Glendale,Glendale,AZ,85906,2,6,6,2778193,3.6,B,81,Website Lead,Enterprise (200+ agents),2026-09-05T22:22:25Z
CREAM-20260905-00510,Joseph Hughes,Joseph Hughes,Joseph,Hughes,jhughes@coldwellbanker.com,(919) 806-4080,Coldwell Banker,Coldwell Banker,Hollywood,Hollywood,FL,32899,4,8,8,4209468,3.4,B,81,Cold Outreach,Large (51-200 agents),2026-09-05T00:55:41Z
CREAM-20260905-00511,Susan Thompson,Susan Thompson,Susan,Thompson,susant@kellerwilliams.com,(214) 434-6382,Keller Williams,Keller Williams,Akron,Akron,OH,43325,5,21,21,4021723,4.8,B,96,Brokerage Listings,Large (51-200 agents),2026-09-05T07:02:55Z
CREAM-20260905-00512,Sandra Cruz,Sandra Cruz,Sandra,Cruz,sandrac@outlook.com,(713) 313-9485,Coldwell Banker,Coldwell Banker,Durham,Durham,NC,28397,4,20,20,5374065,5.0,B,61,Referral Network,Mid-size (11-50 agents),2026-09-05T09:32:09Z
CREAM-20260905-00513,Sharon Hill,Sharon Hill,Sharon,Hill,sharonh@compass.com,(980) 501-1214,Compass,Compass,Tallahassee,Tallahassee,FL,33319,3,9,9,2783568,4.1,B,91,LinkedIn,Mid-size (11-50 agents),2026-09-05T19:55:38Z
CREAM-20260905-00514,Ronald Kelly,Ronald Kelly,Ronald,Kelly,rkelly@huntingtonrealestate.com,(256) 366-7178,Huntington Real Estate,Huntington Real Estate,Akron,Akron,OH,45726,1,10,10,2094493,3.4,B,86,LinkedIn,Mid-size (11-50 agents),2026-09-05T20:22:25Z
CREAM-20260905-00515,Lawrence Green,Lawrence Green,Lawrence,Green,lawrenceg@exprealty.com,(980) 867-1853,eXp Realty,eXp Realty,Fayetteville,Fayetteville,NC,28361,0,0,0,0,4.4,B,74,Brokerage Listings,Large (51-200 agents),2026-09-05T01:43:19Z
CREAM-20260905-00516,Samuel Williams,Samuel Williams,Samuel,Williams,samuel_williams@aol.com,(720) 248-2801,RE/MAX,RE/MAX,Thornton,Thornton,CO,80368,1,8,8,3844762,3.3,B,83,Website Lead,Large (51-200 agents),2026-09-05T02:57:35Z
CREAM-20260905-00517,Brenda Morris,Brenda Morris,Brenda,Morris,brenda_morris@me.com,(714) 261-5620,Sotheby's International,Sotheby's International,New Rochelle,New Rochelle,NY,10295,20,73,73,47836339,4.2,B,69,MLS Database,Independent,2026-09-05T20:42:24Z
CREAM-20260905-00518,Larry Kelly,Larry Kelly,Larry,Kelly,larryk@hotmail.com,(415) 497-6591,Keller Williams,Keller Williams,Toledo,Toledo,OH,43233,2,4,4,1169050,4.0,B,70,Realtor.com,Large (51-200 agents),2026-09-05T13:19:39Z
CREAM-20260905-00519,Helen Martin,Helen Martin,Helen,Martin,helenm@icloud.com,(512) 555-1857,eXp Realty,eXp Realty,Fayetteville,Fayetteville,NC,28152,21,42,42,11477625,4.0,B,97,Realtor.com,Mid-size (11-50 agents),2026-09-05T11:48:35Z
CREAM-20260905-00520,Jonathan Howard,Jonathan Howard,Jonathan,Howard,jonathan.howard@me.com,(786) 674-1596,Keller Williams,Keller Williams,Arvada,Arvada,CO,80648,3,13,13,6061078,4.7,B,71,LinkedIn,Boutique (2-10 agents),2026-09-05T06:33:09Z
CREAM-20260905-00521,Brian Nguyen,Brian Nguyen,Brian,Nguyen,brian.nguyen@hotmail.com,(256) 503-1200,eXp Realty,eXp Realty,Garland,Garland,TX,75587,6,40,40,10343851,3.1,B,78,Referral Network,Independent,2026-09-05T10:41:14Z
CREAM-20260905-00522,Brandon Kelly,Brandon Kelly,Brandon,Kelly,brandon.kelly@kellerwilliams.com,(512) 478-4527,Keller Williams,Keller Williams,Fort Collins,Fort Collins,CO,81702,5,12,12,5327206,3.6,B,87,Realtor.com,Boutique (2-10 agents),2026-09-05T03:53:42Z
CREAM-20260905-00523,Alexander Anderson,Alexander Anderson,Alexander,Anderson,aanderson@outlook.com,(469) 475-4725,Keller Williams Realty,Keller Williams Realty,Pembroke Pines,Pembroke Pines,FL,32543,18,25,25,12382398,5.0,B,82,Referral Network,Enterprise (200+ agents),2026-09-05T13:31:46Z
CREAM-20260905-00524,Barbara Murphy,Barbara Murphy,Barbara,Murphy,barbaram@pacificsothebys.com,(310) 729-9545,Pacific Sotheby's,Pacific Sotheby's,Fresno,Fresno,CA,92642,16,36,36,33505361,4.6,B,67,Cold Outreach,Large (51-200 agents),2026-09-05T08:03:39Z
CREAM-20260905-00525,Lawrence Taylor,Lawrence Taylor,Lawrence,Taylor,ltaylor@icloud.com,(469) 203-8288,Briggs Freeman Sotheby's,Briggs Freeman Sotheby's,Lubbock,Lubbock,TX,76467,23,38,38,13061666,4.7,B,78,Cold Outreach,Large (51-200 agents),2026-09-05T09:34:20Z
CREAM-20260905-00526,Jason Perez,Jason Perez,Jason,Perez,jperez@alliebethallman.com,(415) 986-4412,Allie Beth Allman,Allie Beth Allman,Corpus Christi,Corpus Christi,TX,78269,22,66,66,27262605,3.2,B,74,Website Lead,Enterprise (200+ agents),2026-09-05T06:49:41Z
CREAM-20260905-00527,Charles Anderson,Charles Anderson,Charles,Anderson,charlesa@gmail.com,(718) 417-9427,8z Real Estate,8z Real Estate,Lakewood,Lakewood,CO,80658,16,55,55,34226228,3.9,B,87,LinkedIn,Enterprise (200+ agents),2026-09-05T16:51:15Z
CREAM-20260905-00528,Carol Lee,Carol Lee,Carol,Lee,carollee@me.com,(704) 212-1079,Berkshire Hathaway,Berkshire Hathaway,Fort Collins,Fort Collins,CO,80199,20,74,74,32518256,4.4,B,92,Facebook,Enterprise (200+ agents),2026-09-05T09:37:45Z
CREAM-20260905-00529,Patrick Murphy,Patrick Murphy,Patrick,Murphy,patrick.murphy@aol.com,(513) 226-5626,Keller Williams Realty,Keller Williams Realty,Hollywood,Hollywood,FL,34672,1,11,11,4484243,3.3,B,82,Trade Show,Large (51-200 agents),2026-09-05T02:22:26Z
CREAM-20260905-00530,Eric Williams,Eric Williams,Eric,Williams,ericw@pacificsothebys.com,(714) 347-6644,Pacific Sotheby's,Pacific Sotheby's,Fresno,Fresno,CA,94573,7,39,39,29901745,4.9,B,82,Trade Show,Mid-size (11-50 agents),2026-09-05T19:51:48Z
CREAM-20260905-00531,Anthony Price,Anthony Price,Anthony,Price,anthonyp@coldwellbanker.com,(407) 369-1425,Coldwell Banker,Coldwell Banker,Durham,Durham,NC,28421,5,21,21,5390751,3.9,B,64,Brokerage Listings,Mid-size (11-50 agents),2026-09-05T08:56:53Z
CREAM-20260905-00532,Karen Smith,Karen Smith,Karen,Smith,karen.smith@kellerwilliamsrealty.com,(713) 596-1991,Keller Williams Realty,Keller Williams Realty,Pembroke Pines,Pembroke Pines,FL,32844,11,77,77,29285953,3.1,B,64,LinkedIn,Independent,2026-09-05T23:38:56Z
CREAM-20260905-00533,Samuel Long,Samuel Long,Samuel,Long,samuel_long@me.com,(404) 425-9802,Keller Williams Realty,Keller Williams Realty,Anaheim,Anaheim,CA,96883,4,24,24,20982326,3.5,B,87,Trade Show,Large (51-200 agents),2026-09-05T04:45:56Z
CREAM-20260905-00534,Sharon Roberts,Sharon Roberts,Sharon,Roberts,sharonr@re/max.com,(415) 345-4647,RE/MAX,RE/MAX,Pembroke Pines,Pembroke Pines,FL,32898,14,52,52,19328899,3.9,B,71,Trade Show,Enterprise (200+ agents),2026-09-05T03:04:33Z
CREAM-20260905-00535,Donna Brooks,Donna Brooks,Donna,Brooks,dbrooks@outlook.com,(310) 478-9364,LIV Sotheby's,LIV Sotheby's,Fort Collins,Fort Collins,CO,81499,18,61,61,37971799,3.8,B,78,Facebook,Mid-size (11-50 agents),2026-09-05T03:50:00Z
CREAM-20260905-00536,Rachel Campbell,Rachel Campbell,Rachel,Campbell,rachel_campbell@hotmail.com,(469) 450-4103,Nest Seekers,Nest Seekers,Buffalo,Buffalo,NY,13534,3,25,25,11565056,3.1,B,95,NAR Directory,Large (51-200 agents),2026-09-05T14:35:25Z
CREAM-20260905-00537,Alan Green,Alan Green,Alan,Green,alang@re/max.com,(512) 662-7858,RE/MAX,RE/MAX,Cape Coral,Cape Coral,FL,33856,5,10,10,5142677,4.8,B,97,Trade Show,Boutique (2-10 agents),2026-09-05T11:58:55Z
CREAM-20260905-00538,Amy Jackson,Amy Jackson,Amy,Jackson,amyj@coldwellbanker.com,(714) 841-9644,Coldwell Banker,Coldwell Banker,Cape Coral,Cape Coral,FL,34537,22,64,64,31452822,3.1,B,82,Facebook,Boutique (2-10 agents),2026-09-05T22:08:19Z
CREAM-20260905-00539,Jason Baker,Jason Baker,Jason,Baker,jbaker@kellerwilliams.com,(234) 740-7174,Keller Williams,Keller Williams,Toledo,Toledo,OH,43386,2,4,4,805849,3.7,B,64,Brokerage Listings,Mid-size (11-50 agents),2026-09-05T17:14:21Z
CREAM-20260905-00540,Kathleen Garcia,Kathleen Garcia,Kathleen,Garcia,kathleeng@icloud.com,(305) 314-8283,eXp Realty,eXp Realty,Fayetteville,Fayetteville,NC,27739,0,2,2,517156,3.8,B,67,Trade Show,Enterprise (200+ agents),2026-09-05T07:47:23Z
CREAM-20260905-00541,Ryan Jones,Ryan Jones,Ryan,Jones,ryanj@coldwellbanker.com,(214) 983-6192,Coldwell Banker,Coldwell Banker,Dayton,Dayton,OH,43596,6,19,19,5127056,3.8,B,98,Trade Show,Mid-size (11-50 agents),2026-09-05T04:11:59Z
CREAM-20260905-00542,Michael Wright,Michael Wright,Michael,Wright,michael.wright@gmail.com,(980) 975-7418,Compass,Compass,Riverside,Riverside,CA,93843,22,38,38,24967601,3.1,B,89,NAR Directory,Boutique (2-10 agents),2026-09-05T04:08:52Z
CREAM-20260905-00543,Sandra Thompson,Sandra Thompson,Sandra,Thompson,sthompson@berkshirehathaway.com,(714) 962-2084,Berkshire Hathaway,Berkshire Hathaway,Arvada,Arvada,CO,81729,5,25,25,11069092,3.1,B,90,LinkedIn,Large (51-200 agents),2026-09-05T05:15:25Z
CREAM-20260905-00544,Shirley Hill,Shirley Hill,Shirley,Hill,shirleyh@icloud.com,(929) 719-2929,RE/MAX,RE/MAX,Toledo,Toledo,OH,44450,25,63,63,16632601,4.1,B,83,MLS Database,Enterprise (200+ agents),2026-09-05T01:15:23Z
CREAM-20260905-00545,Deborah Cook,Deborah Cook,Deborah,Cook,deborah_cook@icloud.com,(614) 263-6457,RE/MAX,RE/MAX,Parma,Parma,OH,44542,11,54,54,10305210,3.3,B,90,LinkedIn,Boutique (2-10 agents),2026-09-05T03:54:21Z
CREAM-20260905-00546,Eric Cook,Eric Cook,Eric,Cook,eric_cook@icloud.com,(407) 628-1746,Douglas Elliman,Douglas Elliman,Rochester,Rochester,NY,11191,22,77,77,40784696,4.4,B,85,Website Lead,Independent,2026-09-05T03:43:37Z
CREAM-20260905-00547,Katherine Clark,Katherine Clark,Katherine,Clark,katherinec@yahoo.com,(212) 815-1530,Compass,Compass,Arvada,Arvada,CO,81844,10,38,38,21551761,3.9,B,98,Website Lead,Mid-size (11-50 agents),2026-09-05T03:28:54Z
CREAM-20260905-00548,Thomas Cruz,Thomas Cruz,Thomas,Cruz,thomas.cruz@coldwellbanker.com,(303) 975-8365,Coldwell Banker,Coldwell Banker,Bakersfield,Bakersfield,CA,92246,10,73,73,71711274,4.4,B,91,Facebook,Boutique (2-10 agents),2026-09-05T03:13:42Z
CREAM-20260905-00549,Samantha Jenkins,Samantha Jenkins,Samantha,Jenkins,samanthaj@icloud.com,(929) 751-9988,eXp Realty,eXp Realty,Dayton,Dayton,OH,45708,5,16,16,4855849,3.4,B,60,Trade Show,Large (51-200 agents),2026-09-05T04:46:44Z
CREAM-20260905-00550,Bruce Miller,Bruce Miller,Bruce,Miller,bmiller@outlook.com,(786) 327-2618,Coldwell Banker,Coldwell Banker,Irving,Irving,TX,78753,21,52,52,15704989,3.2,B,96,LinkedIn,Independent,2026-09-05T22:50:12Z
CREAM-20260905-00551,Raymond Parker,Raymond Parker,Raymond,Parker,rparker@kellerwilliams.com,(303) 824-6139,Keller Williams,Keller Williams,Albany,Albany,NY,10599,2,8,8,5092823,4.6,B,86,Trade Show,Independent,2026-09-05T18:03:08Z
CREAM-20260905-00552,Peter Nguyen,Peter Nguyen,Peter,Nguyen,petern@outlook.com,(972) 672-1133,eXp Realty,eXp Realty,Amarillo,Amarillo,TX,76431,1,9,9,2558123,4.0,B,85,Realtor.com,Boutique (2-10 agents),2026-09-05T07:42:09Z
CREAM-20260905-00553,Helen Reed,Helen Reed,Helen,Reed,helen.reed@icloud.com,(805) 870-6608,Keller Williams,Keller Williams,Syracuse,Syracuse,NY,14359,16,38,38,21369570,3.7,B,72,Brokerage Listings,Enterprise (200+ agents),2026-09-05T10:43:24Z
CREAM-20260905-00554,Deborah Patel,Deborah Patel,Deborah,Patel,deborahp@me.com,(234) 270-3547,8z Real Estate,8z Real Estate,Thornton,Thornton,CO,81922,5,16,16,9639820,3.3,B,83,Referral Network,Boutique (2-10 agents),2026-09-05T07:08:18Z
CREAM-20260905-00555,Alan Green,Alan Green,Alan,Green,agreen@aol.com,(404) 883-4458,HER Realtors,HER Realtors,Toledo,Toledo,OH,45721,4,25,25,7319776,4.1,B,85,Website Lead,Mid-size (11-50 agents),2026-09-05T09:29:58Z
CREAM-20260905-00556,Debra Wood,Debra Wood,Debra,Wood,dwood@coldwellbanker.com,(646) 482-8675,Coldwell Banker,Coldwell Banker,Toledo,Toledo,OH,44516,2,4,4,1048895,4.7,B,63,Realtor.com,Independent,2026-09-05T21:29:48Z
CREAM-20260905-00557,Linda Thompson,Linda Thompson,Linda,Thompson,lindathompson@gmail.com,(713) 747-1352,eXp Realty,eXp Realty,Bakersfield,Bakersfield,CA,94402,1,6,6,6603381,3.9,B,64,NAR Directory,Boutique (2-10 agents),2026-09-05T11:09:55Z
CREAM-20260905-00558,Sharon Gomez,Sharon Gomez,Sharon,Gomez,sharon.gomez@homesmart.com,(214) 380-9534,HomeSmart,HomeSmart,Tempe,Tempe,AZ,86151,4,9,9,2633474,3.5,B,76,Facebook,Large (51-200 agents),2026-09-05T22:12:44Z
CREAM-20260905-00559,Mary Fisher,Mary Fisher,Mary,Fisher,mary.fisher@icloud.com,(704) 364-4504,Douglas Elliman,Douglas Elliman,Pembroke Pines,Pembroke Pines,FL,34397,5,13,13,4837332,4.9,B,77,Referral Network,Mid-size (11-50 agents),2026-09-05T18:51:45Z
CREAM-20260905-00560,William Patel,William Patel,William,Patel,williamp@yahoo.com,(513) 733-4251,Douglas Elliman,Douglas Elliman,Port St. Lucie,Port St. Lucie,FL,34102,4,24,24,7066253,3.3,B,65,Referral Network,Independent,2026-09-05T12:52:45Z
CREAM-20260905-00561,Mark Morris,Mark Morris,Mark,Morris,markm@compass.com,(212) 433-6995,Compass,Compass,Lakewood,Lakewood,CO,80106,4,14,14,9393672,4.9,B,87,Website Lead,Boutique (2-10 agents),2026-09-05T21:59:14Z
CREAM-20260905-00562,George Russell,George Russell,George,Russell,georger@icloud.com,(614) 666-6372,eXp Realty,eXp Realty,Toledo,Toledo,OH,43444,8,35,35,10324807,3.9,B,63,MLS Database,Boutique (2-10 agents),2026-09-05T00:15:49Z
CREAM-20260905-00563,Grace Gomez,Grace Gomez,Grace,Gomez,gracegomez@me.com,(980) 502-3684,Keller Williams Realty,Keller Williams Realty,Stockton,Stockton,CA,96354,6,34,34,26623864,3.9,B,68,Referral Network,Mid-size (11-50 agents),2026-09-05T04:36:21Z
CREAM-20260905-00564,Joshua Hernandez,Joshua Hernandez,Joshua,Hernandez,joshua_hernandez@gmail.com,(513) 981-5174,Berkshire Hathaway,Berkshire Hathaway,Dayton,Dayton,OH,43392,2,5,5,1128064,4.7,B,76,Trade Show,Enterprise (200+ agents),2026-09-05T15:23:06Z
CREAM-20260905-00565,Margaret Martin,Margaret Martin,Margaret,Martin,margaretmartin@hotmail.com,(256) 270-8400,RE/MAX,RE/MAX,Chandler,Chandler,AZ,85611,2,9,9,4673933,3.5,B,71,Facebook,Large (51-200 agents),2026-09-05T05:37:23Z
CREAM-20260905-00566,Melissa Martin,Melissa Martin,Melissa,Martin,melissam@exprealty.com,(718) 705-2780,eXp Realty,eXp Realty,Fresno,Fresno,CA,95784,11,55,55,54219477,3.3,B,77,LinkedIn,Enterprise (200+ agents),2026-09-05T12:56:27Z
CREAM-20260905-00567,Diane Nguyen,Diane Nguyen,Diane,Nguyen,dianen@coldwellbanker.com,(214) 645-3040,Coldwell Banker,Coldwell Banker,Winston-Salem,Winston-Salem,NC,28654,0,4,4,1753806,3.5,B,79,LinkedIn,Boutique (2-10 agents),2026-09-05T10:18:33Z
CREAM-20260905-00568,Jerry Gonzalez,Jerry Gonzalez,Jerry,Gonzalez,jerryg@re/max.com,(256) 536-6142,RE/MAX,RE/MAX,Pembroke Pines,Pembroke Pines,FL,34154,6,38,38,20269622,3.5,B,87,Cold Outreach,Independent,2026-09-05T10:07:25Z
CREAM-20260905-00569,Maria Turner,Maria Turner,Maria,Turner,maria_turner@me.com,(212) 797-6174,Douglas Elliman,Douglas Elliman,Cape Coral,Cape Coral,FL,34517,23,51,51,17970796,3.8,B,85,Trade Show,Mid-size (11-50 agents),2026-09-05T04:50:27Z
CREAM-20260905-00570,Lauren Young,Lauren Young,Lauren,Young,laureny@hotmail.com,(919) 463-3942,Coldwell Banker,Coldwell Banker,Amarillo,Amarillo,TX,78219,0,3,3,1358170,5.0,B,62,NAR Directory,Enterprise (200+ agents),2026-09-05T00:50:35Z
CREAM-20260905-00571,Christine Reed,Christine Reed,Christine,Reed,creed@aol.com,(980) 341-9932,Corcoran Group,Corcoran Group,Syracuse,Syracuse,NY,10503,6,33,33,18425630,3.9,B,76,Website Lead,Mid-size (11-50 agents),2026-09-05T03:41:28Z
CREAM-20260905-00572,Betty Edwards,Betty Edwards,Betty,Edwards,bettye@kellerwilliams.com,(407) 947-9501,Keller Williams,Keller Williams,Cary,Cary,NC,27809,10,41,41,18644586,3.1,B,68,Referral Network,Independent,2026-09-05T22:58:10Z
CREAM-20260905-00573,Steven Phillips,Steven Phillips,Steven,Phillips,sphillips@halstead.com,(972) 852-5879,Halstead,Halstead,Buffalo,Buffalo,NY,11195,20,78,78,37973643,4.0,B,70,Referral Network,Large (51-200 agents),2026-09-05T23:59:46Z
CREAM-20260905-00574,Danielle Edwards,Danielle Edwards,Danielle,Edwards,danielleedwards@outlook.com,(646) 814-7875,RE/MAX,RE/MAX,Fayetteville,Fayetteville,NC,27245,4,21,21,9160004,3.1,B,96,Trade Show,Enterprise (200+ agents),2026-09-05T23:28:42Z
CREAM-20260905-00575,Juan Martin,Juan Martin,Juan,Martin,juanm@douglaselliman.com,(786) 382-6398,Douglas Elliman,Douglas Elliman,New Rochelle,New Rochelle,NY,13943,22,28,28,21620010,4.2,B,70,Facebook,Enterprise (200+ agents),2026-09-05T13:05:21Z
CREAM-20260905-00576,Emily Sanders,Emily Sanders,Emily,Sanders,emilys@exprealty.com,(234) 775-6360,eXp Realty,eXp Realty,Chandler,Chandler,AZ,85988,1,7,7,2771134,3.2,B,68,Website Lead,Independent,2026-09-05T06:10:24Z
CREAM-20260905-00577,Pamela Morales,Pamela Morales,Pamela,Morales,pamela_morales@outlook.com,(305) 508-4787,RE/MAX,RE/MAX,Winston-Salem,Winston-Salem,NC,27133,14,29,29,11966658,4.9,B,70,Referral Network,Boutique (2-10 agents),2026-09-05T16:13:22Z
CREAM-20260905-00578,Grace Richardson,Grace Richardson,Grace,Richardson,grace_richardson@outlook.com,(415) 674-3367,Coldwell Banker,Coldwell Banker,Garland,Garland,TX,78571,2,5,5,1329857,3.7,B,74,Trade Show,Large (51-200 agents),2026-09-05T07:26:10Z
CREAM-20260905-00579,Eugene Morales,Eugene Morales,Eugene,Morales,eugenemorales@hotmail.com,(469) 250-1656,Keller Williams,Keller Williams,Garland,Garland,TX,75879,0,3,3,1202126,4.2,B,97,Realtor.com,Independent,2026-09-05T07:03:51Z
CREAM-20260905-00580,Brandon Mitchell,Brandon Mitchell,Brandon,Mitchell,bmitchell@kellerwilliamsrealty.com,(646) 378-5895,Keller Williams Realty,Keller Williams Realty,Chula Vista,Chula Vista,CA,93543,20,74,74,53339946,4.1,B,95,Realtor.com,Independent,2026-09-05T23:19:44Z
CREAM-20260905-00581,Laura Cruz,Laura Cruz,Laura,Cruz,laura.cruz@yahoo.com,(713) 543-5607,Nest Seekers,Nest Seekers,Rochester,Rochester,NY,10470,4,23,23,16974678,4.0,B,68,Realtor.com,Mid-size (11-50 agents),2026-09-05T22:33:26Z
CREAM-20260905-00582,Peter Reed,Peter Reed,Peter,Reed,peter.reed@coldwellbanker.com,(972) 309-2575,Coldwell Banker,Coldwell Banker,Durham,Durham,NC,28787,2,9,9,3945876,4.6,B,89,Cold Outreach,Mid-size (11-50 agents),2026-09-05T18:40:58Z
CREAM-20260905-00583,Philip Howard,Philip Howard,Philip,Howard,phoward@gmail.com,(614) 488-6905,Compass,Compass,Stockton,Stockton,CA,90456,18,36,36,28073469,3.2,B,96,MLS Database,Mid-size (11-50 agents),2026-09-05T16:54:27Z
CREAM-20260905-00584,Bruce Garcia,Bruce Garcia,Bruce,Garcia,bruceg@coldwellbanker.com,(602) 603-1446,Coldwell Banker,Coldwell Banker,Stockton,Stockton,CA,95424,0,1,1,748643,3.2,B,79,Cold Outreach,Mid-size (11-50 agents),2026-09-05T09:06:23Z
CREAM-20260905-00585,Jeffrey Young,Jeffrey Young,Jeffrey,Young,jyoung@outlook.com,(305) 905-8903,Brown Harris Stevens,Brown Harris Stevens,Yonkers,Yonkers,NY,14301,8,39,39,28855775,3.8,B,67,Website Lead,Enterprise (200+ agents),2026-09-05T09:53:35Z
CREAM-20260905-00586,Walter Robinson,Walter Robinson,Walter,Robinson,walter.robinson@berkshirehathaway.com,(212) 640-4486,Berkshire Hathaway,Berkshire Hathaway,Arvada,Arvada,CO,81556,2,11,11,5476565,4.1,B,62,NAR Directory,Independent,2026-09-05T14:36:13Z
CREAM-20260905-00587,Betty Thompson,Betty Thompson,Betty,Thompson,betty.thompson@kellerwilliams.com,(602) 501-7755,Keller Williams,Keller Williams,Dayton,Dayton,OH,44621,24,32,32,5821694,4.5,B,90,Trade Show,Mid-size (11-50 agents),2026-09-05T12:06:10Z
CREAM-20260905-00588,Jason Jenkins,Jason Jenkins,Jason,Jenkins,jason.jenkins@aol.com,(469) 918-9707,Berkshire Hathaway,Berkshire Hathaway,Fayetteville,Fayetteville,NC,28116,11,76,76,32646679,3.2,B,99,Trade Show,Independent,2026-09-05T07:45:55Z
CREAM-20260905-00589,Walter Wood,Walter Wood,Walter,Wood,walter.wood@me.com,(404) 765-4489,Keller Williams Realty,Keller Williams Realty,Chula Vista,Chula Vista,CA,95549,14,65,65,65535992,3.2,B,84,Cold Outreach,Enterprise (200+ agents),2026-09-05T01:38:02Z
CREAM-20260905-00590,Walter Mendoza,Walter Mendoza,Walter,Mendoza,walterm@exprealty.com,(786) 366-2100,eXp Realty,eXp Realty,Cary,Cary,NC,28190,1,3,3,1009290,4.0,B,98,LinkedIn,Mid-size (11-50 agents),2026-09-05T04:56:07Z
CREAM-20260905-00591,Paul Ross,Paul Ross,Paul,Ross,pross@douglaselliman.com,(718) 919-1931,Douglas Elliman,Douglas Elliman,Irving,Irving,TX,77144,2,8,8,2378177,3.5,B,82,Realtor.com,Boutique (2-10 agents),2026-09-05T05:18:31Z
CREAM-20260905-00592,Lauren Price,Lauren Price,Lauren,Price,laurenp@exprealty.com,(929) 371-1796,eXp Realty,eXp Realty,Cary,Cary,NC,28834,11,48,48,15015719,3.7,B,62,MLS Database,Enterprise (200+ agents),2026-09-05T14:15:28Z
CREAM-20260905-00593,Richard Sullivan,Richard Sullivan,Richard,Sullivan,richard_sullivan@me.com,(713) 321-2449,eXp Realty,eXp Realty,Lakewood,Lakewood,CO,80855,2,10,10,5826371,4.6,B,75,Brokerage Listings,Mid-size (11-50 agents),2026-09-05T14:03:55Z
CREAM-20260905-00594,David Alexander,David Alexander,David,Alexander,david_alexander@hotmail.com,(805) 358-7478,Keller Williams,Keller Williams,Akron,Akron,OH,44292,6,15,15,3261398,3.7,B,80,Facebook,Mid-size (11-50 agents),2026-09-05T00:17:25Z
CREAM-20260905-00595,Timothy Patel,Timothy Patel,Timothy,Patel,timothyp@icloud.com,(512) 729-9902,Berkshire Hathaway,Berkshire Hathaway,Chandler,Chandler,AZ,86188,19,51,51,15152783,4.7,B,93,Website Lead,Independent,2026-09-05T09:49:04Z
CREAM-20260905-00596,Walter Wright,Walter Wright,Walter,Wright,walterwright@yahoo.com,(310) 509-2198,Berkshire Hathaway,Berkshire Hathaway,Parma,Parma,OH,45620,10,31,31,8754783,3.9,B,67,Facebook,Independent,2026-09-05T19:54:58Z
CREAM-20260905-00597,Cynthia Collins,Cynthia Collins,Cynthia,Collins,cynthiacollins@hotmail.com,(415) 801-3552,Keller Williams,Keller Williams,Amarillo,Amarillo,TX,78713,1,12,12,3404459,3.3,B,65,Facebook,Large (51-200 agents),2026-09-05T02:50:28Z
CREAM-20260905-00598,Pamela Nguyen,Pamela Nguyen,Pamela,Nguyen,pamelan@me.com,(805) 570-5050,Berkshire Hathaway,Berkshire Hathaway,Glendale,Glendale,AZ,85397,25,43,43,16731005,3.4,B,69,MLS Database,Mid-size (11-50 agents),2026-09-05T12:06:31Z
CREAM-20260905-00599,Emily Green,Emily Green,Emily,Green,emilyg@aol.com,(214) 982-3431,RE/MAX,RE/MAX,Santa Ana,Santa Ana,CA,91344,23,75,75,54911398,3.3,B,93,NAR Directory,Large (51-200 agents),2026-09-05T17:43:55Z
CREAM-20260905-00600,Natalie Foster,Natalie Foster,Natalie,Foster,nfoster@aol.com,(614) 803-3758,Compass,Compass,Fayetteville,Fayetteville,NC,27401,0,4,4,1300150,4.9,B,81,Trade Show,Large (51-200 agents),2026-09-05T02:43:40Z
CREAM-20260905-00601,Joshua Kelly,Joshua Kelly,Joshua,Kelly,joshuakelly@icloud.com,(786) 895-6210,Douglas Elliman,Douglas Elliman,Hialeah,Hialeah,FL,34634,15,70,70,30294054,5.0,B,71,MLS Database,Mid-size (11-50 agents),2026-09-05T00:54:43Z
CREAM-20260905-00602,Pamela Nelson,Pamela Nelson,Pamela,Nelson,pamelan@aol.com,(513) 737-8859,RE/MAX,RE/MAX,Chandler,Chandler,AZ,86806,23,40,40,12608386,3.1,B,66,NAR Directory,Mid-size (11-50 agents),2026-09-05T05:00:32Z
CREAM-20260905-00603,Christine Wright,Christine Wright,Christine,Wright,christinew@hotmail.com,(929) 523-1089,Keller Williams,Keller Williams,Parma,Parma,OH,43882,3,25,25,5368395,4.6,B,85,Facebook,Enterprise (200+ agents),2026-09-05T13:06:10Z
CREAM-20260905-00604,Gary Coleman,Gary Coleman,Gary,Coleman,gary.coleman@outlook.com,(714) 216-7435,Corcoran Group,Corcoran Group,Albany,Albany,NY,13322,1,11,11,6053406,4.5,B,66,Trade Show,Enterprise (200+ agents),2026-09-05T07:30:56Z
CREAM-20260905-00605,Mary Howard,Mary Howard,Mary,Howard,mhoward@berkshirehathawayhomeservices.com,(718) 834-7112,Berkshire Hathaway HomeServices,Berkshire Hathaway HomeServices,Anaheim,Anaheim,CA,90517,25,27,27,17595436,4.9,B,78,Realtor.com,Enterprise (200+ agents),2026-09-05T22:18:45Z
CREAM-20260905-00606,Nicole Gray,Nicole Gray,Nicole,Gray,nicole.gray@icloud.com,(614) 942-6301,Keller Williams,Keller Williams,Lubbock,Lubbock,TX,78539,0,2,2,819535,4.7,B,91,Referral Network,Mid-size (11-50 agents),2026-09-05T02:43:18Z
CREAM-20260905-00607,Victoria Phillips,Victoria Phillips,Victoria,Phillips,victoria.phillips@yahoo.com,(310) 963-1841,Corcoran Group,Corcoran Group,Syracuse,Syracuse,NY,13345,4,14,14,6661903,3.6,B,78,Realtor.com,Enterprise (200+ agents),2026-09-05T07:09:35Z
CREAM-20260905-00608,Sandra Cox,Sandra Cox,Sandra,Cox,sandra_cox@yahoo.com,(303) 827-8756,Huntington Real Estate,Huntington Real Estate,Toledo,Toledo,OH,43964,0,0,0,0,3.2,B,76,Website Lead,Independent,2026-09-05T16:39:13Z
CREAM-20260905-00609,Justin Mitchell,Justin Mitchell,Justin,Mitchell,justinm@gmail.com,(303) 620-3400,Berkshire Hathaway,Berkshire Hathaway,Akron,Akron,OH,45952,1,3,3,817992,3.7,B,66,Trade Show,Boutique (2-10 agents),2026-09-05T13:25:14Z
CREAM-20260905-00610,Brittany Collins,Brittany Collins,Brittany,Collins,bcollins@yahoo.com,(513) 359-5089,Berkshire Hathaway HomeServices,Berkshire Hathaway HomeServices,Bakersfield,Bakersfield,CA,92342,5,19,19,17342542,4.0,B,99,Referral Network,Enterprise (200+ agents),2026-09-05T23:51:19Z
CREAM-20260905-00611,Daniel Howard,Daniel Howard,Daniel,Howard,daniel.howard@hotmail.com,(512) 324-6508,Allie Beth Allman,Allie Beth Allman,Garland,Garland,TX,78152,20,71,71,25228602,4.2,B,93,MLS Database,Boutique (2-10 agents),2026-09-05T04:59:58Z
CREAM-20260905-00612,Aaron Allen,Aaron Allen,Aaron,Allen,aaron_allen@gmail.com,(713) 921-5001,RE/MAX,RE/MAX,Akron,Akron,OH,44154,2,9,9,2468168,4.0,B,67,Referral Network,Mid-size (11-50 agents),2026-09-05T15:45:49Z
CREAM-20260905-00613,Joshua Thompson,Joshua Thompson,Joshua,Thompson,jthompson@kellerwilliamsrealty.com,(404) 553-3534,Keller Williams Realty,Keller Williams Realty,Anaheim,Anaheim,CA,94936,16,28,28,20959468,4.5,B,100,Brokerage Listings,Mid-size (11-50 agents),2026-09-05T05:58:58Z
CREAM-20260905-00614,Raymond Walker,Raymond Walker,Raymond,Walker,raymondwalker@aol.com,(234) 611-5852,Berkshire Hathaway HomeServices,Berkshire Hathaway HomeServices,Fresno,Fresno,CA,95957,1,4,4,4179947,3.9,B,76,Website Lead,Independent,2026-09-05T12:36:13Z
CREAM-20260905-00615,Jeffrey Hernandez,Jeffrey Hernandez,Jeffrey,Hernandez,jeffrey_hernandez@icloud.com,(415) 939-1835,Coldwell Banker,Coldwell Banker,Lubbock,Lubbock,TX,75514,13,40,40,15185868,4.0,B,62,Trade Show,Enterprise (200+ agents),2026-09-05T13:34:58Z
CREAM-20260905-00616,Brian Martin,Brian Martin,Brian,Martin,brianmartin@me.com,(980) 244-9608,Compass,Compass,Cary,Cary,NC,28230,4,24,24,9642334,4.8,B,70,Brokerage Listings,Boutique (2-10 agents),2026-09-05T16:58:23Z
CREAM-20260905-00617,Karen Carter,Karen Carter,Karen,Carter,karen.carter@outlook.com,(310) 598-8631,Sotheby's International,Sotheby's International,Albany,Albany,NY,11685,8,23,23,16991296,3.3,B,92,Website Lead,Enterprise (200+ agents),2026-09-05T12:22:09Z
CREAM-20260905-00618,Nancy Hill,Nancy Hill,Nancy,Hill,nancy_hill@me.com,(602) 682-3172,RE/MAX,RE/MAX,Gilbert,Gilbert,AZ,86606,0,5,5,2346580,3.3,B,86,MLS Database,Large (51-200 agents),2026-09-05T02:55:35Z
CREAM-20260905-00619,Anna King,Anna King,Anna,King,anna_king@outlook.com,(404) 746-9263,Berkshire Hathaway,Berkshire Hathaway,Fort Collins,Fort Collins,CO,81917,1,9,9,6308687,4.6,B,85,Brokerage Listings,Mid-size (11-50 agents),2026-09-05T12:53:57Z
CREAM-20260905-00620,Theresa Mitchell,Theresa Mitchell,Theresa,Mitchell,theresam@exprealty.com,(303) 337-1138,eXp Realty,eXp Realty,Winston-Salem,Winston-Salem,NC,28240,20,66,66,19359579,3.1,B,72,Website Lead,Mid-size (11-50 agents),2026-09-05T21:08:40Z
CREAM-20260905-00621,Olivia Campbell,Olivia Campbell,Olivia,Campbell,oliviac@douglaselliman.com,(916) 432-3395,Douglas Elliman,Douglas Elliman,Amarillo,Amarillo,TX,77925,4,11,11,4332059,3.2,B,62,Realtor.com,Large (51-200 agents),2026-09-05T21:33:42Z
CREAM-20260905-00622,Lauren Davis,Lauren Davis,Lauren,Davis,ldavis@exprealty.com,(646) 462-7191,eXp Realty,eXp Realty,Fayetteville,Fayetteville,NC,28656,22,46,46,17893810,3.9,B,81,Facebook,Large (51-200 agents),2026-09-05T12:53:02Z
CREAM-20260905-00623,Stephanie Richardson,Stephanie Richardson,Stephanie,Richardson,stephanier@me.com,(929) 549-5742,eXp Realty,eXp Realty,Hollywood,Hollywood,FL,34253,23,42,42,20008992,4.4,B,66,LinkedIn,Independent,2026-09-05T00:38:03Z
CREAM-20260905-00624,Keith Green,Keith Green,Keith,Green,kgreen@douglaselliman.com,(805) 850-9445,Douglas Elliman,Douglas Elliman,Port St. Lucie,Port St. Lucie,FL,32396,3,12,12,5931130,4.4,B,62,NAR Directory,Independent,2026-09-05T13:18:18Z
CREAM-20260905-00625,Philip Lee,Philip Lee,Philip,Lee,philipl@kellerwilliams.com,(512) 240-9786,Keller Williams,Keller Williams,Dayton,Dayton,OH,43348,6,31,31,8318543,4.6,B,94,Referral Network,Mid-size (11-50 agents),2026-09-05T10:20:24Z
CREAM-20260905-00626,Katherine Evans,Katherine Evans,Katherine,Evans,katherine_evans@yahoo.com,(303) 837-1636,Corcoran Group,Corcoran Group,New Rochelle,New Rochelle,NY,14317,0,0,0,0,3.5,B,62,MLS Database,Mid-size (11-50 agents),2026-09-05T20:30:41Z
CREAM-20260905-00627,Maria Sanchez,Maria Sanchez,Maria,Sanchez,msanchez@russelllyonsothebys.com,(704) 502-8096,Russell Lyon Sotheby's,Russell Lyon Sotheby's,Gilbert,Gilbert,AZ,86704,25,46,46,13672474,4.3,B,66,Brokerage Listings,Independent,2026-09-05T16:41:08Z
CREAM-20260905-00628,Victoria Peterson,Victoria Peterson,Victoria,Peterson,victoria.peterson@huntingtonrealestate.com,(786) 995-3327,Huntington Real Estate,Huntington Real Estate,Parma,Parma,OH,43157,0,1,1,291635,4.3,B,69,Brokerage Listings,Large (51-200 agents),2026-09-05T21:12:32Z
CREAM-20260905-00629,Nicholas Thomas,Nicholas Thomas,Nicholas,Thomas,nthomas@briggsfreemansothebys.com,(614) 921-8466,Briggs Freeman Sotheby's,Briggs Freeman Sotheby's,Arlington,Arlington,TX,76341,13,34,34,8888563,3.9,B,71,Referral Network,Large (51-200 agents),2026-09-05T14:04:16Z
CREAM-20260905-00630,Susan Howard,Susan Howard,Susan,Howard,susanhoward@me.com,(303) 314-1080,Keller Williams,Keller Williams,Albany,Albany,NY,14340,3,9,9,6032174,4.5,B,93,Cold Outreach,Mid-size (11-50 agents),2026-09-05T15:19:17Z
CREAM-20260905-00631,Joshua Green,Joshua Green,Joshua,Green,jgreen@yahoo.com,(713) 959-6900,eXp Realty,eXp Realty,Thornton,Thornton,CO,81989,22,35,35,21290071,4.9,B,68,Trade Show,Independent,2026-09-05T22:30:44Z
CREAM-20260905-00632,Helen Peterson,Helen Peterson,Helen,Peterson,hpeterson@icloud.com,(305) 457-9904,HomeSmart,HomeSmart,Chandler,Chandler,AZ,86964,12,42,42,17284666,4.4,B,94,Website Lead,Enterprise (200+ agents),2026-09-05T17:57:51Z
CREAM-20260905-00633,Samuel Lee,Samuel Lee,Samuel,Lee,samuel_lee@outlook.com,(704) 239-5729,Compass,Compass,Albany,Albany,NY,13468,19,56,56,31052610,3.2,B,64,LinkedIn,Mid-size (11-50 agents),2026-09-05T17:22:17Z
CREAM-20260905-00634,Christopher Johnson,Christopher Johnson,Christopher,Johnson,christopherjohnson@outlook.com,(469) 797-8573,Compass,Compass,Arvada,Arvada,CO,81584,10,36,36,20311745,4.0,B,94,Realtor.com,Large (51-200 agents),2026-09-05T10:18:05Z
CREAM-20260905-00635,David Perez,David Perez,David,Perez,david.perez@me.com,(334) 536-5247,Russell Lyon Sotheby's,Russell Lyon Sotheby's,Tempe,Tempe,AZ,86395,2,7,7,2602648,4.9,B,95,MLS Database,Mid-size (11-50 agents),2026-09-05T14:12:30Z
CREAM-20260905-00636,Pamela Sanchez,Pamela Sanchez,Pamela,Sanchez,psanchez@outlook.com,(718) 260-9140,Cutler Real Estate,Cutler Real Estate,Akron,Akron,OH,43328,1,8,8,1717517,3.7,B,73,Website Lead,Mid-size (11-50 agents),2026-09-05T06:00:09Z
CREAM-20260905-00637,Bruce Thomas,Bruce Thomas,Bruce,Thomas,bruce.thomas@icloud.com,(513) 883-1253,Berkshire Hathaway,Berkshire Hathaway,Cary,Cary,NC,28861,6,26,26,7416243,5.0,B,95,Realtor.com,Large (51-200 agents),2026-09-05T04:39:41Z
CREAM-20260905-00638,Lawrence Sullivan,Lawrence Sullivan,Lawrence,Sullivan,lsullivan@allentate.com,(614) 737-9319,Allen Tate,Allen Tate,Fayetteville,Fayetteville,NC,28652,2,3,3,1144480,3.1,B,84,Referral Network,Large (51-200 agents),2026-09-05T18:47:22Z
CREAM-20260905-00639,Dorothy Reyes,Dorothy Reyes,Dorothy,Reyes,dreyes@kellerwilliams.com,(714) 444-5525,Keller Williams,Keller Williams,Thornton,Thornton,CO,81647,17,34,34,20946973,4.7,B,89,Trade Show,Independent,2026-09-05T21:15:31Z
CREAM-20260905-00640,Jacob Wood,Jacob Wood,Jacob,Wood,jacobw@compass.com,(334) 999-4179,Compass,Compass,Riverside,Riverside,CA,95422,5,8,8,7852230,4.6,B,64,Brokerage Listings,Mid-size (11-50 agents),2026-09-05T05:39:48Z
CREAM-20260905-00641,David Howard,David Howard,David,Howard,dhoward@icloud.com,(469) 204-6612,Compass,Compass,Chula Vista,Chula Vista,CA,93757,5,23,23,17296121,4.5,B,81,Cold Outreach,Independent,2026-09-05T22:01:54Z
CREAM-20260905-00642,Roger Morris,Roger Morris,Roger,Morris,rmorris@kellerwilliams.com,(407) 708-1079,Keller Williams,Keller Williams,Gilbert,Gilbert,AZ,86506,5,10,10,3114820,3.2,B,68,Cold Outreach,Mid-size (11-50 agents),2026-09-05T12:30:04Z
CREAM-20260905-00643,Linda Peterson,Linda Peterson,Linda,Peterson,linda.peterson@outlook.com,(256) 323-9655,LIV Sotheby's,LIV Sotheby's,Thornton,Thornton,CO,80742,8,37,37,21879061,3.8,B,86,Cold Outreach,Large (51-200 agents),2026-09-05T00:34:53Z
CREAM-20260905-00644,Pamela Sanders,Pamela Sanders,Pamela,Sanders,psanders@icloud.com,(805) 217-4787,eXp Realty,eXp Realty,Gilbert,Gilbert,AZ,86374,0,0,0,0,3.9,B,79,LinkedIn,Enterprise (200+ agents),2026-09-05T10:57:12Z
CREAM-20260905-00645,Amber Anderson,Amber Anderson,Amber,Anderson,amberanderson@outlook.com,(972) 572-3612,Compass,Compass,Albany,Albany,NY,11591,20,34,34,26684809,3.3,B,85,Realtor.com,Mid-size (11-50 agents),2026-09-05T13:48:09Z
CREAM-20260905-00646,Angela Fisher,Angela Fisher,Angela,Fisher,afisher@exprealty.com,(513) 227-5601,eXp Realty,eXp Realty,Tempe,Tempe,AZ,85201,3,11,11,4664404,3.9,B,67,Brokerage Listings,Large (51-200 agents),2026-09-05T12:03:06Z
CREAM-20260905-00647,Janet Sanchez,Janet Sanchez,Janet,Sanchez,janet_sanchez@gmail.com,(704) 525-9850,eXp Realty,eXp Realty,Gilbert,Gilbert,AZ,86499,3,21,21,6726479,4.4,B,76,Website Lead,Mid-size (11-50 agents),2026-09-05T20:55:07Z
CREAM-20260905-00648,Danielle Nelson,Danielle Nelson,Danielle,Nelson,danielle.nelson@icloud.com,(718) 917-6131,Sotheby's International,Sotheby's International,Stockton,Stockton,CA,91151,18,57,57,51515001,3.6,B,80,LinkedIn,Boutique (2-10 agents),2026-09-05T13:09:07Z
CREAM-20260905-00649,Robert Rodriguez,Robert Rodriguez,Robert,Rodriguez,rrodriguez@aol.com,(234) 428-8397,Compass,Compass,Syracuse,Syracuse,NY,13413,17,49,49,26493796,4.3,B,86,Facebook,Enterprise (200+ agents),2026-09-05T06:30:46Z
CREAM-20260905-00650,Charles Alexander,Charles Alexander,Charles,Alexander,charles.alexander@aol.com,(919) 629-8024,Keller Williams,Keller Williams,Dayton,Dayton,OH,45675,0,2,2,374327,3.1,B,78,Brokerage Listings,Independent,2026-09-05T10:26:56Z
CREAM-20260905-00651,Rebecca Lee,Rebecca Lee,Rebecca,Lee,rebeccal@yahoo.com,(256) 703-7348,Compass,Compass,Durham,Durham,NC,28400,5,25,25,8750287,3.6,B,85,Website Lead,Boutique (2-10 agents),2026-09-05T19:39:14Z
CREAM-20260905-00652,Philip Reed,Philip Reed,Philip,Reed,philipr@gmail.com,(513) 389-4823,Coldwell Banker,Coldwell Banker,Gilbert,Gilbert,AZ,85147,12,69,69,34059769,3.2,B,87,Website Lead,Enterprise (200+ agents),2026-09-05T02:21:30Z
CREAM-20260905-00653,Carolyn Sanchez,Carolyn Sanchez,Carolyn,Sanchez,carolyns@exprealty.com,(513) 752-6986,eXp Realty,eXp Realty,Fresno,Fresno,CA,90121,23,66,66,65923266,4.2,B,61,LinkedIn,Mid-size (11-50 agents),2026-09-05T09:01:58Z
CREAM-20260905-00654,Catherine Martinez,Catherine Martinez,Catherine,Martinez,cmartinez@outlook.com,(310) 632-2376,Allie Beth Allman,Allie Beth Allman,Corpus Christi,Corpus Christi,TX,77101,25,32,32,10459545,3.9,B,87,LinkedIn,Mid-size (11-50 agents),2026-09-05T00:47:16Z
CREAM-20260905-00655,Karen Morgan,Karen Morgan,Karen,Morgan,karen.morgan@longrealty.com,(334) 435-1480,Long Realty,Long Realty,Glendale,Glendale,AZ,86273,1,10,10,4435786,3.9,B,93,Trade Show,Large (51-200 agents),2026-09-05T22:01:24Z
CREAM-20260905-00656,Frank Perez,Frank Perez,Frank,Perez,frankp@century21.com,(718) 808-2518,Century 21,Century 21,Port St. Lucie,Port St. Lucie,FL,34418,18,74,74,32661200,4.9,B,61,Website Lead,Boutique (2-10 agents),2026-09-05T03:13:27Z
CREAM-20260905-00657,Elizabeth Green,Elizabeth Green,Elizabeth,Green,elizabethg@compass.com,(212) 719-4083,Compass,Compass,Riverside,Riverside,CA,95827,14,49,49,53720893,4.8,B,61,Realtor.com,Enterprise (200+ agents),2026-09-05T09:34:02Z
CREAM-20260905-00658,Ashley Thomas,Ashley Thomas,Ashley,Thomas,ashleyt@huntingtonrealestate.com,(805) 523-2469,Huntington Real Estate,Huntington Real Estate,Toledo,Toledo,OH,44117,23,41,41,9583004,4.5,B,100,Facebook,Mid-size (11-50 agents),2026-09-05T08:01:06Z
CREAM-20260905-00659,Philip Reyes,Philip Reyes,Philip,Reyes,preyes@icloud.com,(602) 243-3819,Coldwell Banker,Coldwell Banker,Santa Ana,Santa Ana,CA,95438,23,52,52,36303925,3.6,B,86,LinkedIn,Independent,2026-09-05T13:47:15Z
CREAM-20260905-00660,Emily Garcia,Emily Garcia,Emily,Garcia,emily_garcia@aol.com,(704) 819-2953,Coldwell Banker,Coldwell Banker,Hollywood,Hollywood,FL,33247,20,59,59,24452976,4.0,B,91,Cold Outreach,Large (51-200 agents),2026-09-05T22:13:28Z
CREAM-20260905-00661,Walter Gray,Walter Gray,Walter,Gray,wgray@outlook.com,(805) 539-8657,Coldwell Banker,Coldwell Banker,Garland,Garland,TX,75921,4,9,9,2681140,4.7,B,63,LinkedIn,Enterprise (200+ agents),2026-09-05T18:27:06Z
CREAM-20260905-00662,Victoria Williams,Victoria Williams,Victoria,Williams,vwilliams@icloud.com,(407) 924-7298,Keller Williams,Keller Williams,Toledo,Toledo,OH,45230,4,19,19,5376500,4.8,B,81,Facebook,Enterprise (200+ agents),2026-09-05T22:57:22Z
CREAM-20260905-00663,Kevin Davis,Kevin Davis,Kevin,Davis,kevin.davis@gmail.com,(614) 236-8821,eXp Realty,eXp Realty,Durham,Durham,NC,27690,8,16,16,5736580,3.5,B,73,Trade Show,Independent,2026-09-05T12:16:05Z
CREAM-20260905-00664,Samuel Mendoza,Samuel Mendoza,Samuel,Mendoza,samuel.mendoza@berkshirehathaway.com,(714) 301-4453,Berkshire Hathaway,Berkshire Hathaway,Pembroke Pines,Pembroke Pines,FL,32734,17,67,67,28947941,3.1,B,74,Referral Network,Enterprise (200+ agents),2026-09-05T04:14:04Z
CREAM-20260905-00665,Emily Adams,Emily Adams,Emily,Adams,emilyadams@aol.com,(602) 945-1472,eXp Realty,eXp Realty,Fort Collins,Fort Collins,CO,80427,15,59,59,23095391,4.8,B,71,Referral Network,Enterprise (200+ agents),2026-09-05T01:22:09Z
CREAM-20260905-00666,Jonathan Phillips,Jonathan Phillips,Jonathan,Phillips,jonathan.phillips@compass.com,(980) 407-1583,Compass,Compass,Lakewood,Lakewood,CO,81996,22,58,58,28486115,3.8,B,81,NAR Directory,Large (51-200 agents),2026-09-05T17:28:22Z
CREAM-20260905-00667,Ryan Thomas,Ryan Thomas,Ryan,Thomas,rthomas@hotmail.com,(718) 963-5660,eXp Realty,eXp Realty,Parma,Parma,OH,45792,19,46,46,10236778,3.8,B,99,Facebook,Boutique (2-10 agents),2026-09-05T16:19:17Z
CREAM-20260905-00668,Carolyn Bennett,Carolyn Bennett,Carolyn,Bennett,carolyn_bennett@gmail.com,(805) 947-5759,HER Realtors,HER Realtors,Toledo,Toledo,OH,43272,16,38,38,6800529,4.2,B,84,Realtor.com,Large (51-200 agents),2026-09-05T13:52:43Z
CREAM-20260905-00669,Donald Parker,Donald Parker,Donald,Parker,donaldparker@aol.com,(303) 726-2555,LIV Sotheby's,LIV Sotheby's,Arvada,Arvada,CO,80959,4,10,10,6737240,3.7,B,93,Realtor.com,Boutique (2-10 agents),2026-09-05T23:08:15Z
CREAM-20260905-00670,Gary White,Gary White,Gary,White,gwhite@kellerwilliamsrealty.com,(256) 338-1255,Keller Williams Realty,Keller Williams Realty,Anaheim,Anaheim,CA,90619,1,3,3,3063355,4.2,B,79,LinkedIn,Independent,2026-09-05T18:25:33Z
CREAM-20260905-00671,Amanda Wood,Amanda Wood,Amanda,Wood,amandaw@outlook.com,(404) 214-1383,Coldwell Banker,Coldwell Banker,Akron,Akron,OH,45882,21,61,61,12650253,3.4,B,68,NAR Directory,Enterprise (200+ agents),2026-09-05T15:18:58Z
CREAM-20260905-00672,Edward Gomez,Edward Gomez,Edward,Gomez,edward.gomez@hotmail.com,(256) 700-1469,RE/MAX,RE/MAX,Chandler,Chandler,AZ,86537,17,75,75,36540007,4.2,B,98,Website Lead,Boutique (2-10 agents),2026-09-05T14:41:40Z
CREAM-20260905-00673,Gregory Garcia,Gregory Garcia,Gregory,Garcia,ggarcia@yahoo.com,(415) 934-5037,RE/MAX,RE/MAX,Anaheim,Anaheim,CA,96825,2,6,6,4698645,4.4,B,67,NAR Directory,Large (51-200 agents),2026-09-05T16:35:39Z
CREAM-20260905-00674,Susan Taylor,Susan Taylor,Susan,Taylor,staylor@compass.com,(646) 660-9214,Compass,Compass,Pembroke Pines,Pembroke Pines,FL,32917,2,10,10,3105715,3.9,B,64,LinkedIn,Boutique (2-10 agents),2026-09-05T04:31:45Z
CREAM-20260905-00675,Donna Cox,Donna Cox,Donna,Cox,donnacox@outlook.com,(512) 778-4773,Allie Beth Allman,Allie Beth Allman,Irving,Irving,TX,78400,6,29,29,12879203,3.1,B,94,Realtor.com,Large (51-200 agents),2026-09-05T05:19:39Z
CREAM-20260905-00676,Tyler Sanders,Tyler Sanders,Tyler,Sanders,tylersanders@yahoo.com,(614) 574-5373,Brown Harris Stevens,Brown Harris Stevens,Albany,Albany,NY,10466,17,71,71,52682436,4.9,B,72,Brokerage Listings,Enterprise (200+ agents),2026-09-05T07:31:03Z
CREAM-20260905-00677,Dennis Stewart,Dennis Stewart,Dennis,Stewart,dennis_stewart@icloud.com,(972) 627-5208,Douglas Elliman,Douglas Elliman,Garland,Garland,TX,75636,19,63,63,20159569,3.9,B,100,LinkedIn,Enterprise (200+ agents),2026-09-05T02:40:02Z
CREAM-20260905-00678,Frank Parker,Frank Parker,Frank,Parker,frankp@gmail.com,(614) 749-6746,eXp Realty,eXp Realty,Irving,Irving,TX,79576,12,47,47,12499765,4.9,B,78,Website Lead,Enterprise (200+ agents),2026-09-05T23:40:28Z
CREAM-20260905-00679,Carol Russell,Carol Russell,Carol,Russell,carol.russell@yahoo.com,(334) 617-4419,eXp Realty,eXp Realty,Pembroke Pines,Pembroke Pines,FL,34745,14,55,55,17272584,4.4,B,92,Facebook,Mid-size (11-50 agents),2026-09-05T07:02:21Z
CREAM-20260905-00680,Joshua Alvarez,Joshua Alvarez,Joshua,Alvarez,joshua.alvarez@icloud.com,(614) 965-2156,Pacific Sotheby's,Pacific Sotheby's,Bakersfield,Bakersfield,CA,95166,3,14,14,9123514,4.0,B,77,Referral Network,Large (51-200 agents),2026-09-05T16:03:36Z
CREAM-20260905-00681,Deborah Davis,Deborah Davis,Deborah,Davis,deborahd@compass.com,(713) 334-8584,Compass,Compass,Tallahassee,Tallahassee,FL,32578,9,32,32,13291946,4.1,B,87,LinkedIn,Independent,2026-09-05T23:22:40Z
CREAM-20260905-00682,Olivia Hill,Olivia Hill,Olivia,Hill,ohill@yahoo.com,(805) 279-6039,Keller Williams,Keller Williams,Corpus Christi,Corpus Christi,TX,78528,4,15,15,5697361,4.5,B,70,Referral Network,Mid-size (11-50 agents),2026-09-05T22:54:06Z
CREAM-20260905-00683,Margaret Campbell,Margaret Campbell,Margaret,Campbell,mcampbell@berkshirehathaway.com,(305) 973-5810,Berkshire Hathaway,Berkshire Hathaway,Fayetteville,Fayetteville,NC,28514,2,11,11,4267551,3.4,B,90,Brokerage Listings,Independent,2026-09-05T20:30:51Z
CREAM-20260905-00684,Sandra Mendoza,Sandra Mendoza,Sandra,Mendoza,smendoza@re/max.com,(714) 777-9720,RE/MAX,RE/MAX,Thornton,Thornton,CO,81579,1,5,5,2451297,3.5,B,63,MLS Database,Enterprise (200+ agents),2026-09-05T18:48:10Z
CREAM-20260905-00685,Brian Mendoza,Brian Mendoza,Brian,Mendoza,brianm@gmail.com,(303) 204-6514,Cutler Real Estate,Cutler Real Estate,Toledo,Toledo,OH,43971,2,7,7,1936714,3.3,B,86,Trade Show,Boutique (2-10 agents),2026-09-05T23:23:19Z
CREAM-20260905-00686,Keith Ramirez,Keith Ramirez,Keith,Ramirez,keith_ramirez@gmail.com,(513) 907-9730,Compass,Compass,New Rochelle,New Rochelle,NY,10935,6,39,39,32014346,3.2,B,84,Facebook,Large (51-200 agents),2026-09-05T15:02:35Z
CREAM-20260905-00687,Catherine Torres,Catherine Torres,Catherine,Torres,catherinet@me.com,(415) 220-8055,Sotheby's International,Sotheby's International,Rochester,Rochester,NY,11292,15,65,65,49952679,4.8,B,97,Facebook,Mid-size (11-50 agents),2026-09-05T04:51:18Z
CREAM-20260905-00688,Peter Cruz,Peter Cruz,Peter,Cruz,peter_cruz@aol.com,(720) 954-1988,RE/MAX,RE/MAX,Hialeah,Hialeah,FL,34577,0,2,2,883454,4.3,B,97,Brokerage Listings,Mid-size (11-50 agents),2026-09-05T19:35:57Z
CREAM-20260905-00689,Martha Mitchell,Martha Mitchell,Martha,Mitchell,martham@berkshirehathaway.com,(718) 544-2875,Berkshire Hathaway,Berkshire Hathaway,Toledo,Toledo,OH,43805,5,25,25,5062265,4.4,B,60,MLS Database,Enterprise (200+ agents),2026-09-05T09:19:45Z
CREAM-20260905-00690,Kevin Diaz,Kevin Diaz,Kevin,Diaz,kevin.diaz@compass.com,(714) 457-4748,Compass,Compass,Fayetteville,Fayetteville,NC,28196,7,20,20,8927692,4.6,B,71,Facebook,Independent,2026-09-05T15:51:23Z
CREAM-20260905-00691,Ryan Harris,Ryan Harris,Ryan,Harris,ryan.harris@berkshirehathaway.com,(303) 695-6491,Berkshire Hathaway,Berkshire Hathaway,Irving,Irving,TX,79374,0,2,2,652805,4.1,B,69,Realtor.com,Large (51-200 agents),2026-09-05T01:36:22Z
CREAM-20260905-00692,Patrick Campbell,Patrick Campbell,Patrick,Campbell,pcampbell@russelllyonsothebys.com,(415) 781-2275,Russell Lyon Sotheby's,Russell Lyon Sotheby's,Chandler,Chandler,AZ,85551,3,24,24,12044298,4.9,B,69,LinkedIn,Mid-size (11-50 agents),2026-09-05T07:40:48Z
CREAM-20260905-00693,John Cruz,John Cruz,John,Cruz,jcruz@exprealty.com,(646) 356-9694,eXp Realty,eXp Realty,Dayton,Dayton,OH,45822,22,67,67,17582095,4.7,B,97,Trade Show,Boutique (2-10 agents),2026-09-05T12:28:08Z
CREAM-20260905-00694,Donald Phillips,Donald Phillips,Donald,Phillips,dphillips@aol.com,(704) 777-8583,Keller Williams,Keller Williams,Chandler,Chandler,AZ,85643,1,4,4,1970099,3.7,B,87,Realtor.com,Large (51-200 agents),2026-09-05T19:00:16Z
CREAM-20260905-00695,Deborah Cox,Deborah Cox,Deborah,Cox,deborahcox@yahoo.com,(720) 264-3433,Coldwell Banker,Coldwell Banker,Cape Coral,Cape Coral,FL,34941,3,22,22,8319598,3.3,B,82,Trade Show,Enterprise (200+ agents),2026-09-05T15:31:31Z
CREAM-20260905-00696,Benjamin Fisher,Benjamin Fisher,Benjamin,Fisher,benjamin.fisher@icloud.com,(704) 731-7610,Halstead,Halstead,Buffalo,Buffalo,NY,12369,25,53,53,29536929,4.8,B,60,Trade Show,Large (51-200 agents),2026-09-05T22:11:44Z
CREAM-20260905-00697,Arthur Davis,Arthur Davis,Arthur,Davis,arthurdavis@yahoo.com,(256) 217-2520,Coldwell Banker,Coldwell Banker,Durham,Durham,NC,28965,0,1,1,346507,4.9,B,87,MLS Database,Boutique (2-10 agents),2026-09-05T21:57:19Z
CREAM-20260905-00698,Nicholas Morgan,Nicholas Morgan,Nicholas,Morgan,nicholas.morgan@icloud.com,(805) 235-8817,Cutler Real Estate,Cutler Real Estate,Parma,Parma,OH,45585,21,77,77,21386054,4.1,B,80,MLS Database,Independent,2026-09-05T01:34:25Z
CREAM-20260905-00699,Brian Allen,Brian Allen,Brian,Allen,brian.allen@yahoo.com,(212) 892-8389,RE/MAX,RE/MAX,Riverside,Riverside,CA,91239,12,25,25,26998852,3.4,B,84,Website Lead,Mid-size (11-50 agents),2026-09-05T10:18:33Z
CREAM-20260905-00700,Catherine Brooks,Catherine Brooks,Catherine,Brooks,catherinebrooks@aol.com,(786) 539-9401,Century 21,Century 21,Hialeah,Hialeah,FL,32303,8,30,30,11488797,4.7,B,86,Facebook,Boutique (2-10 agents),2026-09-05T07:38:26Z
CREAM-20260905-00701,Rachel Castillo,Rachel Castillo,Rachel,Castillo,rcastillo@halstead.com,(334) 235-4299,Halstead,Halstead,Buffalo,Buffalo,NY,11292,3,18,18,11464724,4.6,B,84,Realtor.com,Boutique (2-10 agents),2026-09-05T10:00:39Z
CREAM-20260905-00702,Laura Adams,Laura Adams,Laura,Adams,laura.adams@berkshirehathaway.com,(214) 249-8544,Berkshire Hathaway,Berkshire Hathaway,Fayetteville,Fayetteville,NC,27700,8,34,34,8449608,4.9,B,94,Referral Network,Mid-size (11-50 agents),2026-09-05T13:08:42Z
CREAM-20260905-00703,Nancy Jones,Nancy Jones,Nancy,Jones,njones@re/max.com,(469) 846-8604,RE/MAX,RE/MAX,Dayton,Dayton,OH,43156,18,36,36,6364907,4.3,B,85,LinkedIn,Large (51-200 agents),2026-09-05T08:37:19Z
CREAM-20260905-00704,Justin Morgan,Justin Morgan,Justin,Morgan,justinm@aol.com,(310) 210-3629,Berkshire Hathaway,Berkshire Hathaway,Port St. Lucie,Port St. Lucie,FL,33799,2,6,6,3209392,3.6,B,94,Cold Outreach,Independent,2026-09-05T08:01:55Z
CREAM-20260905-00705,Tyler Kelly,Tyler Kelly,Tyler,Kelly,tyler.kelly@re/max.com,(303) 973-2834,RE/MAX,RE/MAX,Fort Collins,Fort Collins,CO,80428,2,8,8,5095629,4.8,B,87,Facebook,Enterprise (200+ agents),2026-09-05T10:57:08Z
CREAM-20260905-00706,Albert Walker,Albert Walker,Albert,Walker,albert.walker@howardhanna.com,(602) 486-2724,Howard Hanna,Howard Hanna,Cary,Cary,NC,28884,3,13,13,4769323,4.6,B,92,Referral Network,Independent,2026-09-05T20:48:18Z
CREAM-20260905-00707,Robert Wilson,Robert Wilson,Robert,Wilson,robertwilson@outlook.com,(256) 852-7008,eXp Realty,eXp Realty,Hialeah,Hialeah,FL,34397,0,2,2,834454,4.6,B,77,Facebook,Boutique (2-10 agents),2026-09-05T22:42:22Z
CREAM-20260905-00708,Gary Long,Gary Long,Gary,Long,garylong@yahoo.com,(415) 979-4395,Berkshire Hathaway,Berkshire Hathaway,Glendale,Glendale,AZ,85485,14,38,38,10967739,4.9,B,81,Referral Network,Large (51-200 agents),2026-09-05T19:18:17Z
CREAM-20260905-00709,Richard Stewart,Richard Stewart,Richard,Stewart,richard.stewart@kellerwilliams.com,(980) 245-2332,Keller Williams,Keller Williams,Lakewood,Lakewood,CO,81187,1,3,3,1739698,4.4,B,63,MLS Database,Large (51-200 agents),2026-09-05T18:25:16Z
CREAM-20260905-00710,Richard King,Richard King,Richard,King,richardk@exprealty.com,(646) 993-7919,eXp Realty,eXp Realty,Garland,Garland,TX,75925,7,36,36,16038286,3.6,B,84,Website Lead,Enterprise (200+ agents),2026-09-05T04:58:07Z
CREAM-20260905-00711,Heather Gomez,Heather Gomez,Heather,Gomez,heather_gomez@me.com,(720) 817-7151,LIV Sotheby's,LIV Sotheby's,Arvada,Arvada,CO,80213,11,38,38,23492735,4.8,B,85,Facebook,Independent,2026-09-05T17:12:09Z
CREAM-20260905-00712,Catherine King,Catherine King,Catherine,King,catherinek@re/max.com,(303) 520-9830,RE/MAX,RE/MAX,Arvada,Arvada,CO,81985,0,0,0,0,3.1,B,93,NAR Directory,Independent,2026-09-05T02:41:06Z
CREAM-20260905-00713,Olivia Coleman,Olivia Coleman,Olivia,Coleman,olivia.coleman@hotmail.com,(212) 801-8886,Coldwell Banker,Coldwell Banker,Glendale,Glendale,AZ,85164,3,22,22,7685733,4.2,B,80,Facebook,Enterprise (200+ agents),2026-09-05T11:04:52Z
CREAM-20260905-00714,Peter Powell,Peter Powell,Peter,Powell,ppowell@gmail.com,(513) 240-2400,LIV Sotheby's,LIV Sotheby's,Arvada,Arvada,CO,81841,1,12,12,5208194,3.8,B,70,Website Lead,Boutique (2-10 agents),2026-09-05T00:52:46Z
CREAM-20260905-00715,Betty Peterson,Betty Peterson,Betty,Peterson,bettyp@me.com,(602) 273-5078,Century 21,Century 21,Tallahassee,Tallahassee,FL,33553,6,31,31,13624433,3.0,B,62,Website Lead,Mid-size (11-50 agents),2026-09-05T23:22:49Z
CREAM-20260905-00716,Karen Fisher,Karen Fisher,Karen,Fisher,kfisher@coldwellbanker.com,(407) 953-7806,Coldwell Banker,Coldwell Banker,Dayton,Dayton,OH,45608,7,16,16,4456547,3.9,B,67,Trade Show,Independent,2026-09-05T04:29:26Z
CREAM-20260905-00717,Justin Cox,Justin Cox,Justin,Cox,justin.cox@exprealty.com,(256) 935-6246,eXp Realty,eXp Realty,Akron,Akron,OH,44781,22,61,61,19785053,3.9,B,99,Facebook,Mid-size (11-50 agents),2026-09-05T15:45:52Z
CREAM-20260905-00718,Margaret Campbell,Margaret Campbell,Margaret,Campbell,margaretc@hotmail.com,(512) 868-7931,eXp Realty,eXp Realty,Durham,Durham,NC,28496,3,8,8,3029221,4.9,B,82,MLS Database,Large (51-200 agents),2026-09-05T18:18:05Z
CREAM-20260905-00719,Gary Cooper,Gary Cooper,Gary,Cooper,garyc@hotmail.com,(512) 492-9705,Douglas Elliman,Douglas Elliman,Hollywood,Hollywood,FL,32691,3,21,21,7027944,4.6,B,72,Brokerage Listings,Large (51-200 agents),2026-09-05T15:53:28Z
CREAM-20260905-00720,Timothy Lewis,Timothy Lewis,Timothy,Lewis,timothyl@aol.com,(713) 418-5405,RE/MAX,RE/MAX,Toledo,Toledo,OH,43540,3,14,14,2519993,3.8,B,93,Trade Show,Independent,2026-09-05T18:03:34Z
CREAM-20260905-00721,Dorothy Parker,Dorothy Parker,Dorothy,Parker,dorothyparker@yahoo.com,(305) 995-8222,eXp Realty,eXp Realty,Fayetteville,Fayetteville,NC,28207,23,34,34,15435252,3.8,B,63,MLS Database,Boutique (2-10 agents),2026-09-05T06:49:52Z
CREAM-20260905-00722,Eugene Foster,Eugene Foster,Eugene,Foster,eugene_foster@yahoo.com,(980) 465-2517,RE/MAX,RE/MAX,Fayetteville,Fayetteville,NC,27625,23,34,34,15151719,3.5,B,100,LinkedIn,Enterprise (200+ agents),2026-09-05T02:15:35Z
CREAM-20260905-00723,Timothy Castillo,Timothy Castillo,Timothy,Castillo,tcastillo@coldwellbanker.com,(469) 542-3360,Coldwell Banker,Coldwell Banker,Parma,Parma,OH,45300,1,3,3,582450,4.9,B,96,MLS Database,Independent,2026-09-05T11:00:21Z
CREAM-20260905-00724,Scott Price,Scott Price,Scott,Price,sprice@me.com,(212) 795-5445,Compass,Compass,Fort Collins,Fort Collins,CO,81951,1,5,5,2118831,3.4,B,88,Realtor.com,Mid-size (11-50 agents),2026-09-05T10:33:35Z
CREAM-20260905-00725,Tyler Hall,Tyler Hall,Tyler,Hall,tylerh@yahoo.com,(646) 454-6167,eXp Realty,eXp Realty,Hollywood,Hollywood,FL,32564,3,15,15,5650651,3.7,B,97,Cold Outreach,Large (51-200 agents),2026-09-05T01:53:27Z
CREAM-20260905-00726,Olivia Garcia,Olivia Garcia,Olivia,Garcia,oliviag@gmail.com,(513) 301-2476,eXp Realty,eXp Realty,Thornton,Thornton,CO,81151,1,8,8,5595035,3.6,B,85,Cold Outreach,Mid-size (11-50 agents),2026-09-05T02:30:40Z
CREAM-20260905-00727,Bruce Hall,Bruce Hall,Bruce,Hall,bruceh@aol.com,(513) 902-9904,Coldwell Banker,Coldwell Banker,Cary,Cary,NC,28240,4,23,23,9556078,3.2,B,71,Cold Outreach,Boutique (2-10 agents),2026-09-05T17:26:31Z
CREAM-20260905-00728,Joseph Sanders,Joseph Sanders,Joseph,Sanders,josephs@gmail.com,(980) 629-9645,Coldwell Banker,Coldwell Banker,Parma,Parma,OH,43456,12,54,54,12061587,4.4,B,83,Brokerage Listings,Mid-size (11-50 agents),2026-09-05T07:25:40Z
CREAM-20260905-00729,Danielle Morales,Danielle Morales,Danielle,Morales,daniellem@berkshirehathaway.com,(980) 593-4236,Berkshire Hathaway,Berkshire Hathaway,Glendale,Glendale,AZ,86421,3,8,8,4014336,4.2,B,64,Cold Outreach,Boutique (2-10 agents),2026-09-05T17:34:01Z
CREAM-20260905-00730,Rachel Gonzalez,Rachel Gonzalez,Rachel,Gonzalez,rgonzalez@aol.com,(718) 478-9880,RE/MAX,RE/MAX,Gilbert,Gilbert,AZ,85886,7,26,26,8825747,4.4,B,88,LinkedIn,Boutique (2-10 agents),2026-09-05T20:02:37Z
CREAM-20260905-00731,Tyler Gomez,Tyler Gomez,Tyler,Gomez,tylergomez@icloud.com,(919) 972-4106,Coldwell Banker,Coldwell Banker,Dayton,Dayton,OH,44708,14,42,42,9496912,3.7,B,77,LinkedIn,Large (51-200 agents),2026-09-05T07:08:49Z
CREAM-20260905-00732,Amber Brown,Amber Brown,Amber,Brown,amberb@livsothebys.com,(512) 867-1357,LIV Sotheby's,LIV Sotheby's,Arvada,Arvada,CO,81874,19,57,57,24599746,3.2,B,66,Realtor.com,Large (51-200 agents),2026-09-05T08:25:55Z
CREAM-20260905-00733,Lawrence Green,Lawrence Green,Lawrence,Green,lawrence.green@allentate.com,(980) 802-9724,Allen Tate,Allen Tate,Winston-Salem,Winston-Salem,NC,27634,3,23,23,7834463,3.3,B,69,Website Lead,Enterprise (200+ agents),2026-09-05T19:51:40Z
CREAM-20260905-00734,Pamela Morris,Pamela Morris,Pamela,Morris,pamelam@livsothebys.com,(704) 553-6766,LIV Sotheby's,LIV Sotheby's,Arvada,Arvada,CO,80271,11,26,26,11700035,3.1,B,90,Facebook,Boutique (2-10 agents),2026-09-05T10:52:13Z
CREAM-20260905-00735,Jerry Rodriguez,Jerry Rodriguez,Jerry,Rodriguez,jrodriguez@coldwellbanker.com,(305) 592-2020,Coldwell Banker,Coldwell Banker,Thornton,Thornton,CO,80607,13,75,75,37660583,4.5,B,94,Facebook,Independent,2026-09-05T14:12:21Z
CREAM-20260905-00736,Eugene Ramos,Eugene Ramos,Eugene,Ramos,eramos@outlook.com,(212) 742-6362,eXp Realty,eXp Realty,Glendale,Glendale,AZ,86123,19,35,35,14881016,4.7,B,80,Facebook,Large (51-200 agents),2026-09-05T16:30:23Z
CREAM-20260905-00737,Janet Diaz,Janet Diaz,Janet,Diaz,jdiaz@aol.com,(713) 868-1873,Compass,Compass,Fayetteville,Fayetteville,NC,28345,2,12,12,5444903,3.3,B,66,LinkedIn,Independent,2026-09-05T21:55:30Z
CREAM-20260905-00738,Carolyn Martinez,Carolyn Martinez,Carolyn,Martinez,carolyn_martinez@me.com,(972) 910-9643,Huntington Real Estate,Huntington Real Estate,Akron,Akron,OH,43887,10,59,59,13984075,3.7,B,82,Trade Show,Enterprise (200+ agents),2026-09-05T02:49:49Z
CREAM-20260905-00739,Linda Taylor,Linda Taylor,Linda,Taylor,ltaylor@berkshirehathaway.com,(720) 417-8298,Berkshire Hathaway,Berkshire Hathaway,Winston-Salem,Winston-Salem,NC,28801,24,34,34,10028088,4.7,B,64,Facebook,Independent,2026-09-05T23:37:57Z
CREAM-20260905-00740,Eugene Myers,Eugene Myers,Eugene,Myers,eugene_myers@icloud.com,(704) 474-8829,Douglas Elliman,Douglas Elliman,Buffalo,Buffalo,NY,12541,3,11,11,6079409,4.2,B,84,NAR Directory,Mid-size (11-50 agents),2026-09-05T18:17:16Z
CREAM-20260905-00741,Scott Perry,Scott Perry,Scott,Perry,scott_perry@yahoo.com,(714) 746-8550,RE/MAX,RE/MAX,Santa Ana,Santa Ana,CA,96142,13,49,49,37675033,3.0,B,85,Realtor.com,Enterprise (200+ agents),2026-09-05T17:21:09Z
CREAM-20260905-00742,Pamela Bennett,Pamela Bennett,Pamela,Bennett,pamelab@re/max.com,(214) 523-2572,RE/MAX,RE/MAX,Cape Coral,Cape Coral,FL,32850,4,9,9,2963577,3.6,B,89,Brokerage Listings,Boutique (2-10 agents),2026-09-05T06:40:24Z
CREAM-20260905-00743,Wayne Fisher,Wayne Fisher,Wayne,Fisher,waynef@yahoo.com,(602) 273-2223,Allen Tate,Allen Tate,Fayetteville,Fayetteville,NC,27602,22,39,39,11426256,4.9,B,83,Cold Outreach,Boutique (2-10 agents),2026-09-05T17:07:16Z
CREAM-20260905-00744,Lawrence Fisher,Lawrence Fisher,Lawrence,Fisher,lawrencef@hotmail.com,(334) 348-3171,Keller Williams Realty,Keller Williams Realty,Anaheim,Anaheim,CA,95834,2,12,12,12816906,4.1,B,67,LinkedIn,Independent,2026-09-05T19:24:47Z
CREAM-20260905-00745,Brenda Sullivan,Brenda Sullivan,Brenda,Sullivan,brenda.sullivan@yahoo.com,(805) 482-3626,Berkshire Hathaway,Berkshire Hathaway,Irving,Irving,TX,76922,2,6,6,2590528,4.7,B,97,Facebook,Enterprise (200+ agents),2026-09-05T00:49:34Z
CREAM-20260905-00746,Betty Gray,Betty Gray,Betty,Gray,bettyg@re/max.com,(407) 369-7043,RE/MAX,RE/MAX,Cape Coral,Cape Coral,FL,32874,4,24,24,9913043,3.1,B,70,Cold Outreach,Independent,2026-09-05T06:41:16Z
CREAM-20260905-00747,Larry Harris,Larry Harris,Larry,Harris,larryh@yahoo.com,(212) 511-8959,Keller Williams,Keller Williams,Garland,Garland,TX,75383,5,23,23,7524999,4.0,B,81,Referral Network,Mid-size (11-50 agents),2026-09-05T17:03:30Z
CREAM-20260905-00748,Kimberly Cooper,Kimberly Cooper,Kimberly,Cooper,kcooper@nestseekers.com,(513) 987-5426,Nest Seekers,Nest Seekers,Albany,Albany,NY,11510,5,23,23,15344888,4.8,B,74,Brokerage Listings,Independent,2026-09-05T12:12:47Z
CREAM-20260905-00749,Daniel Cruz,Daniel Cruz,Daniel,Cruz,daniel.cruz@outlook.com,(916) 851-6720,Long Realty,Long Realty,Gilbert,Gilbert,AZ,85246,19,71,71,31853332,3.2,B,92,Cold Outreach,Mid-size (11-50 agents),2026-09-05T15:48:31Z
CREAM-20260905-00750,Donald Patel,Donald Patel,Donald,Patel,donaldp@yahoo.com,(512) 831-9013,Keller Williams,Keller Williams,Toledo,Toledo,OH,43357,2,6,6,1710290,3.7,B,74,Realtor.com,Boutique (2-10 agents),2026-09-05T11:20:14Z
CREAM-20260905-00751,Aaron Lopez,Aaron Lopez,Aaron,Lopez,aaron_lopez@hotmail.com,(407) 748-9297,eXp Realty,eXp Realty,Gainesville,Gainesville,FL,34385,21,39,39,14810877,3.5,C,88,Facebook,Enterprise (200+ agents),2026-09-05T16:46:20Z
CREAM-20260905-00752,Samuel Morgan,Samuel Morgan,Samuel,Morgan,samuel.morgan@yahoo.com,(713) 908-5508,RE/MAX,RE/MAX,Centennial,Centennial,CO,81870,4,13,13,9068011,4.0,C,62,Cold Outreach,Mid-size (11-50 agents),2026-09-05T12:45:49Z
CREAM-20260905-00753,Gary Carter,Gary Carter,Gary,Carter,gary.carter@halstead.com,(407) 640-1586,Halstead,Halstead,Troy,Troy,NY,12229,6,23,23,18889644,3.6,C,80,Brokerage Listings,Mid-size (11-50 agents),2026-09-05T22:38:33Z
CREAM-20260905-00754,Charles Martin,Charles Martin,Charles,Martin,charles_martin@gmail.com,(646) 325-3050,Russell Lyon Sotheby's,Russell Lyon Sotheby's,Yuma,Yuma,AZ,85296,1,11,11,3508614,5.0,C,94,MLS Database,Large (51-200 agents),2026-09-05T11:17:33Z
CREAM-20260905-00755,Lauren Brooks,Lauren Brooks,Lauren,Brooks,laurenbrooks@icloud.com,(334) 556-7706,Keller Williams Realty,Keller Williams Realty,Gainesville,Gainesville,FL,34808,0,0,0,0,3.1,C,63,MLS Database,Independent,2026-09-05T23:26:36Z
CREAM-20260905-00756,Roger Cruz,Roger Cruz,Roger,Cruz,roger.cruz@re/max.com,(415) 742-2732,RE/MAX,RE/MAX,Yuma,Yuma,AZ,86862,13,78,78,37714620,3.3,C,90,Trade Show,Boutique (2-10 agents),2026-09-05T01:35:15Z
CREAM-20260905-00757,Mary Hall,Mary Hall,Mary,Hall,maryh@re/max.com,(334) 872-2033,RE/MAX,RE/MAX,Westminster,Westminster,CO,81489,0,5,5,2072980,4.5,C,98,NAR Directory,Boutique (2-10 agents),2026-09-05T17:14:22Z
CREAM-20260905-00758,Deborah Ramirez,Deborah Ramirez,Deborah,Ramirez,deborah.ramirez@aol.com,(407) 313-3577,Coldwell Banker,Coldwell Banker,Moreno Valley,Moreno Valley,CA,90243,25,49,49,38058402,4.5,C,96,NAR Directory,Large (51-200 agents),2026-09-05T23:50:45Z
CREAM-20260905-00759,Wayne Jimenez,Wayne Jimenez,Wayne,Jimenez,waynejimenez@icloud.com,(513) 260-6552,Berkshire Hathaway,Berkshire Hathaway,Westminster,Westminster,CO,80756,0,1,1,395532,4.7,C,79,LinkedIn,Mid-size (11-50 agents),2026-09-05T23:30:10Z
CREAM-20260905-00760,Sarah Rogers,Sarah Rogers,Sarah,Rogers,srogers@aol.com,(512) 911-7294,Keller Williams Realty,Keller Williams Realty,West Palm Beach,West Palm Beach,FL,33163,22,49,49,15313532,4.5,C,70,Website Lead,Independent,2026-09-05T05:51:42Z
CREAM-20260905-00761,Samantha Cruz,Samantha Cruz,Samantha,Cruz,scruz@compass.com,(212) 313-8016,Compass,Compass,Hempstead,Hempstead,NY,13844,1,5,5,2961358,4.7,C,90,Realtor.com,Independent,2026-09-05T08:11:18Z
CREAM-20260905-00762,Elizabeth Jenkins,Elizabeth Jenkins,Elizabeth,Jenkins,elizabeth_jenkins@aol.com,(334) 787-5859,eXp Realty,eXp Realty,Fremont,Fremont,CA,90597,3,23,23,18818317,4.1,C,97,Cold Outreach,Enterprise (200+ agents),2026-09-05T03:44:41Z
CREAM-20260905-00763,Michelle Watson,Michelle Watson,Michelle,Watson,michelle_watson@aol.com,(713) 217-1658,Coldwell Banker,Coldwell Banker,Concord,Concord,NC,27756,5,25,25,9257013,3.6,C,63,NAR Directory,Mid-size (11-50 agents),2026-09-05T13:26:54Z
CREAM-20260905-00764,Victoria Miller,Victoria Miller,Victoria,Miller,vmiller@gmail.com,(805) 613-7061,Long Realty,Long Realty,Surprise,Surprise,AZ,86974,21,28,28,10336029,5.0,C,82,Facebook,Independent,2026-09-05T04:40:30Z
CREAM-20260905-00765,Daniel Smith,Daniel Smith,Daniel,Smith,daniels@russelllyonsothebys.com,(704) 671-2242,Russell Lyon Sotheby's,Russell Lyon Sotheby's,Yuma,Yuma,AZ,85795,18,49,49,24430420,4.6,C,82,Trade Show,Large (51-200 agents),2026-09-05T18:51:31Z
CREAM-20260905-00766,Stephanie Richardson,Stephanie Richardson,Stephanie,Richardson,stephanie_richardson@gmail.com,(212) 981-3763,eXp Realty,eXp Realty,Hamilton,Hamilton,OH,44719,3,14,14,3950539,3.2,C,85,Facebook,Mid-size (11-50 agents),2026-09-05T07:43:47Z
CREAM-20260905-00767,Lauren Johnson,Lauren Johnson,Lauren,Johnson,laurenj@aol.com,(512) 638-8698,RE/MAX,RE/MAX,Youngstown,Youngstown,OH,43205,3,15,15,3902792,4.9,C,93,Trade Show,Large (51-200 agents),2026-09-05T06:04:57Z
CREAM-20260905-00768,Paul Johnson,Paul Johnson,Paul,Johnson,pauljohnson@outlook.com,(720) 902-4952,Keller Williams,Keller Williams,Mount Vernon,Mount Vernon,NY,14799,21,67,67,31744618,3.9,C,86,Trade Show,Enterprise (200+ agents),2026-09-05T23:54:24Z
CREAM-20260905-00769,John Howard,John Howard,John,Howard,john.howard@yahoo.com,(704) 209-9746,Keller Williams,Keller Williams,Canton,Canton,OH,44527,3,16,16,3777390,5.0,C,99,MLS Database,Independent,2026-09-05T17:04:00Z
CREAM-20260905-00770,Jennifer Turner,Jennifer Turner,Jennifer,Turner,jennifer.turner@huntingtonrealestate.com,(303) 236-3393,Huntington Real Estate,Huntington Real Estate,Canton,Canton,OH,44770,1,6,6,1802956,3.8,C,91,MLS Database,Large (51-200 agents),2026-09-05T10:32:21Z
CREAM-20260905-00771,Edward Richardson,Edward Richardson,Edward,Richardson,edwardr@aol.com,(404) 862-1793,Coldwell Banker,Coldwell Banker,Avondale,Avondale,AZ,86255,3,25,25,9553293,3.6,C,61,Facebook,Boutique (2-10 agents),2026-09-05T04:12:43Z
CREAM-20260905-00772,Jacqueline Turner,Jacqueline Turner,Jacqueline,Turner,jturner@berkshirehathaway.com,(305) 681-1267,Berkshire Hathaway,Berkshire Hathaway,Clearwater,Clearwater,FL,33795,1,11,11,4772023,4.1,C,80,NAR Directory,Large (51-200 agents),2026-09-05T15:05:06Z
CREAM-20260905-00773,Charles Richardson,Charles Richardson,Charles,Richardson,charles.richardson@coldwellbanker.com,(919) 599-6604,Coldwell Banker,Coldwell Banker,Clearwater,Clearwater,FL,34533,24,53,53,19880235,3.9,C,71,Facebook,Large (51-200 agents),2026-09-05T05:27:26Z
CREAM-20260905-00774,Steven Richardson,Steven Richardson,Steven,Richardson,steven.richardson@russelllyonsothebys.com,(786) 393-9160,Russell Lyon Sotheby's,Russell Lyon Sotheby's,Surprise,Surprise,AZ,85565,23,71,71,36582555,4.6,C,61,MLS Database,Boutique (2-10 agents),2026-09-05T14:15:55Z
CREAM-20260905-00775,Angela Richardson,Angela Richardson,Angela,Richardson,angelarichardson@aol.com,(714) 696-6952,Keller Williams Realty,Keller Williams Realty,Fremont,Fremont,CA,92582,1,12,12,13089873,3.3,C,72,Cold Outreach,Boutique (2-10 agents),2026-09-05T16:53:47Z
CREAM-20260905-00776,Jeffrey Roberts,Jeffrey Roberts,Jeffrey,Roberts,jeffreyr@coldwellbanker.com,(469) 248-3630,Coldwell Banker,Coldwell Banker,Oxnard,Oxnard,CA,94481,1,9,9,6223278,4.1,C,76,LinkedIn,Boutique (2-10 agents),2026-09-05T23:25:02Z
CREAM-20260905-00777,Larry Coleman,Larry Coleman,Larry,Coleman,larryc@re/max.com,(714) 355-4404,RE/MAX,RE/MAX,Miramar,Miramar,FL,33949,7,40,40,13378043,3.2,C,75,LinkedIn,Large (51-200 agents),2026-09-05T12:57:39Z
CREAM-20260905-00778,Carl Jackson,Carl Jackson,Carl,Jackson,carl_jackson@yahoo.com,(786) 477-8478,Long Realty,Long Realty,Yuma,Yuma,AZ,86881,1,5,5,2176807,5.0,C,78,Facebook,Independent,2026-09-05T13:28:00Z
CREAM-20260905-00779,Christopher Kim,Christopher Kim,Christopher,Kim,christopherk@re/max.com,(919) 518-1071,RE/MAX,RE/MAX,High Point,High Point,NC,28939,25,73,73,25874590,3.8,C,62,NAR Directory,Enterprise (200+ agents),2026-09-05T14:53:42Z
CREAM-20260905-00780,Louis Reed,Louis Reed,Louis,Reed,lreed@icloud.com,(469) 362-4481,Compass,Compass,Oxnard,Oxnard,CA,90239,4,16,16,11444335,4.1,C,60,Facebook,Independent,2026-09-05T03:13:14Z
CREAM-20260905-00781,Juan Parker,Juan Parker,Juan,Parker,juanparker@outlook.com,(512) 366-2552,Allen Tate,Allen Tate,Wilmington,Wilmington,NC,27356,3,21,21,7152867,3.2,C,98,Referral Network,Independent,2026-09-05T01:47:33Z
CREAM-20260905-00782,Linda Morales,Linda Morales,Linda,Morales,linda.morales@re/max.com,(512) 962-8277,RE/MAX,RE/MAX,Youngstown,Youngstown,OH,45966,4,12,12,3418645,3.3,C,72,LinkedIn,Enterprise (200+ agents),2026-09-05T09:35:11Z
CREAM-20260905-00783,Pamela Lopez,Pamela Lopez,Pamela,Lopez,pamelal@me.com,(404) 548-5168,Russell Lyon Sotheby's,Russell Lyon Sotheby's,Avondale,Avondale,AZ,85526,18,50,50,14722927,3.7,C,89,MLS Database,Boutique (2-10 agents),2026-09-05T16:23:25Z
CREAM-20260905-00784,Ruth Alexander,Ruth Alexander,Ruth,Alexander,rutha@me.com,(407) 886-4154,Berkshire Hathaway,Berkshire Hathaway,Miramar,Miramar,FL,34902,16,34,34,15163332,4.7,C,63,Website Lead,Large (51-200 agents),2026-09-05T09:44:29Z
CREAM-20260905-00785,Jerry Garcia,Jerry Garcia,Jerry,Garcia,jerryg@douglaselliman.com,(512) 518-9621,Douglas Elliman,Douglas Elliman,Troy,Troy,NY,14761,12,77,77,43298383,4.8,C,94,Facebook,Enterprise (200+ agents),2026-09-05T16:05:13Z
CREAM-20260905-00786,Albert Rodriguez,Albert Rodriguez,Albert,Rodriguez,albertr@aol.com,(614) 993-5944,Keller Williams,Keller Williams,Youngstown,Youngstown,OH,45562,9,15,15,3640941,3.1,C,84,Realtor.com,Boutique (2-10 agents),2026-09-05T02:56:29Z
CREAM-20260905-00787,Amy Evans,Amy Evans,Amy,Evans,amy_evans@outlook.com,(602) 998-1886,Compass,Compass,Coral Springs,Coral Springs,FL,33948,0,5,5,2589314,4.6,C,78,Brokerage Listings,Large (51-200 agents),2026-09-05T18:03:02Z
CREAM-20260905-00788,Margaret Reyes,Margaret Reyes,Margaret,Reyes,margaret_reyes@me.com,(469) 383-9040,Coldwell Banker,Coldwell Banker,West Palm Beach,West Palm Beach,FL,32201,0,3,3,1251287,3.9,C,63,Cold Outreach,Mid-size (11-50 agents),2026-09-05T05:31:33Z
CREAM-20260905-00789,Olivia Patel,Olivia Patel,Olivia,Patel,oliviap@hotmail.com,(919) 617-4718,Compass,Compass,Miramar,Miramar,FL,34531,4,23,23,11890077,4.0,C,91,Website Lead,Mid-size (11-50 agents),2026-09-05T02:31:35Z
CREAM-20260905-00790,Gloria Price,Gloria Price,Gloria,Price,gloriaprice@yahoo.com,(980) 923-5137,Keller Williams Realty,Keller Williams Realty,Moreno Valley,Moreno Valley,CA,92281,11,55,55,56054500,4.8,C,99,Website Lead,Enterprise (200+ agents),2026-09-05T23:01:09Z
CREAM-20260905-00791,George Roberts,George Roberts,George,Roberts,george_roberts@me.com,(334) 486-3735,Berkshire Hathaway,Berkshire Hathaway,Lorain,Lorain,OH,43832,9,32,32,6561451,3.3,C,65,NAR Directory,Boutique (2-10 agents),2026-09-05T00:33:31Z
CREAM-20260905-00792,Eugene Collins,Eugene Collins,Eugene,Collins,ecollins@hotmail.com,(714) 492-9440,Keller Williams,Keller Williams,Wilmington,Wilmington,NC,27760,5,16,16,3969375,3.0,C,66,Realtor.com,Large (51-200 agents),2026-09-05T08:14:50Z
CREAM-20260905-00793,Louis Howard,Louis Howard,Louis,Howard,louis_howard@yahoo.com,(916) 594-3250,RE/MAX,RE/MAX,Boulder,Boulder,CO,80179,9,18,18,10778546,4.3,C,76,Trade Show,Large (51-200 agents),2026-09-05T17:51:21Z
CREAM-20260905-00794,David Gutierrez,David Gutierrez,David,Gutierrez,davidg@hotmail.com,(415) 544-3658,Keller Williams,Keller Williams,Mount Vernon,Mount Vernon,NY,13126,0,1,1,495788,3.2,C,80,Realtor.com,Mid-size (11-50 agents),2026-09-05T19:47:51Z
CREAM-20260905-00795,Eugene Bennett,Eugene Bennett,Eugene,Bennett,ebennett@coldwellbanker.com,(704) 779-1776,Coldwell Banker,Coldwell Banker,West Palm Beach,West Palm Beach,FL,33198,0,1,1,541685,4.7,C,86,MLS Database,Mid-size (11-50 agents),2026-09-05T03:18:11Z
CREAM-20260905-00796,Heather Roberts,Heather Roberts,Heather,Roberts,heatherroberts@icloud.com,(614) 457-7054,Keller Williams,Keller Williams,White Plains,White Plains,NY,13667,17,51,51,30398013,3.1,C,71,Realtor.com,Boutique (2-10 agents),2026-09-05T06:29:04Z
CREAM-20260905-00797,Brenda Harris,Brenda Harris,Brenda,Harris,brenda.harris@yahoo.com,(614) 608-2370,Berkshire Hathaway,Berkshire Hathaway,Centennial,Centennial,CO,81257,1,6,6,3596315,4.3,C,99,Cold Outreach,Enterprise (200+ agents),2026-09-05T08:46:46Z
CREAM-20260905-00798,Angela Morales,Angela Morales,Angela,Morales,angelam@pacificsothebys.com,(713) 347-4085,Pacific Sotheby's,Pacific Sotheby's,Fontana,Fontana,CA,92649,8,22,22,24037895,4.0,C,70,Website Lead,Large (51-200 agents),2026-09-05T13:21:36Z
CREAM-20260905-00799,Frank Perry,Frank Perry,Frank,Perry,frank_perry@me.com,(407) 739-8855,Century 21,Century 21,Miramar,Miramar,FL,32740,15,49,49,16509888,4.0,C,92,MLS Database,Large (51-200 agents),2026-09-05T19:28:32Z
CREAM-20260905-00800,Amanda Lee,Amanda Lee,Amanda,Lee,alee@gmail.com,(972) 237-6233,Compass,Compass,Wilmington,Wilmington,NC,27725,17,27,27,9608710,3.2,C,64,Cold Outreach,Large (51-200 agents),2026-09-05T23:31:02Z
CREAM-20260905-00801,Rose Ruiz,Rose Ruiz,Rose,Ruiz,rose.ruiz@me.com,(305) 370-5918,Compass,Compass,Palm Bay,Palm Bay,FL,34873,20,74,74,29687073,3.2,C,82,Realtor.com,Boutique (2-10 agents),2026-09-05T23:50:14Z
CREAM-20260905-00802,William Morris,William Morris,William,Morris,wmorris@me.com,(919) 252-6946,eXp Realty,eXp Realty,High Point,High Point,NC,27826,2,5,5,1495820,3.2,C,63,Brokerage Listings,Enterprise (200+ agents),2026-09-05T23:32:07Z
CREAM-20260905-00803,Brittany Miller,Brittany Miller,Brittany,Miller,brittanym@outlook.com,(929) 431-3028,RE/MAX,RE/MAX,Oxnard,Oxnard,CA,94541,19,66,66,48557111,4.1,C,96,Website Lead,Independent,2026-09-05T16:18:00Z
CREAM-20260905-00804,Anthony Clark,Anthony Clark,Anthony,Clark,anthony.clark@howardhanna.com,(303) 417-1342,Howard Hanna,Howard Hanna,Greenville,Greenville,NC,27415,14,38,38,14200891,4.0,C,97,Website Lead,Independent,2026-09-05T00:52:05Z
CREAM-20260905-00805,Keith Gomez,Keith Gomez,Keith,Gomez,kgomez@nestseekers.com,(720) 643-9531,Nest Seekers,Nest Seekers,Schenectady,Schenectady,NY,11284,9,18,18,8394750,4.8,C,67,Facebook,Large (51-200 agents),2026-09-05T11:31:52Z
CREAM-20260905-00806,Benjamin Garcia,Benjamin Garcia,Benjamin,Garcia,benjaming@kellerwilliams.com,(972) 656-3325,Keller Williams,Keller Williams,Centennial,Centennial,CO,81648,11,37,37,22205791,4.7,C,65,MLS Database,Boutique (2-10 agents),2026-09-05T09:05:23Z
CREAM-20260905-00807,Rachel Morris,Rachel Morris,Rachel,Morris,rachelm@me.com,(786) 805-4725,Coldwell Banker,Coldwell Banker,Oxnard,Oxnard,CA,94167,4,10,10,8458678,4.8,C,73,MLS Database,Independent,2026-09-05T12:40:05Z
CREAM-20260905-00808,Martha Taylor,Martha Taylor,Martha,Taylor,marthataylor@aol.com,(713) 762-3062,Nest Seekers,Nest Seekers,White Plains,White Plains,NY,13645,20,46,46,32119563,3.1,C,98,Realtor.com,Independent,2026-09-05T02:08:35Z
CREAM-20260905-00809,Ashley Alvarez,Ashley Alvarez,Ashley,Alvarez,ashleyalvarez@gmail.com,(805) 319-9345,Halstead,Halstead,Hempstead,Hempstead,NY,11759,1,7,7,3707431,4.2,C,80,Realtor.com,Independent,2026-09-05T15:48:15Z
CREAM-20260905-00810,Karen Morales,Karen Morales,Karen,Morales,kmorales@brownharrisstevens.com,(469) 423-2482,Brown Harris Stevens,Brown Harris Stevens,Schenectady,Schenectady,NY,12377,3,18,18,14711942,4.7,C,90,Facebook,Boutique (2-10 agents),2026-09-05T18:09:16Z
CREAM-20260905-00811,Eugene Garcia,Eugene Garcia,Eugene,Garcia,egarcia@gmail.com,(415) 692-6682,Berkshire Hathaway,Berkshire Hathaway,Yuma,Yuma,AZ,85887,3,23,23,8979752,4.2,C,87,Referral Network,Boutique (2-10 agents),2026-09-05T03:41:49Z
CREAM-20260905-00812,James Adams,James Adams,James,Adams,james.adams@exprealty.com,(512) 790-4321,eXp Realty,eXp Realty,Peoria,Peoria,AZ,86997,20,40,40,17024678,4.6,C,90,Trade Show,Boutique (2-10 agents),2026-09-05T00:23:40Z
CREAM-20260905-00813,Arthur Mendoza,Arthur Mendoza,Arthur,Mendoza,arthur_mendoza@icloud.com,(972) 245-8619,8z Real Estate,8z Real Estate,Pueblo,Pueblo,CO,81137,1,3,3,1370763,4.0,C,84,Cold Outreach,Large (51-200 agents),2026-09-05T04:59:33Z
CREAM-20260905-00814,Robert Rogers,Robert Rogers,Robert,Rogers,robertr@kellerwilliamsrealty.com,(916) 493-3649,Keller Williams Realty,Keller Williams Realty,Palm Bay,Palm Bay,FL,32842,19,71,71,33558158,4.5,C,92,Trade Show,Boutique (2-10 agents),2026-09-05T19:16:03Z
CREAM-20260905-00815,Eugene Smith,Eugene Smith,Eugene,Smith,esmith@re/max.com,(714) 887-2947,RE/MAX,RE/MAX,Boulder,Boulder,CO,81431,0,2,2,1288231,4.7,C,60,NAR Directory,Large (51-200 agents),2026-09-05T03:31:02Z
CREAM-20260905-00816,Dennis Howard,Dennis Howard,Dennis,Howard,dennishoward@aol.com,(646) 926-7789,Coldwell Banker,Coldwell Banker,Canton,Canton,OH,43525,22,34,34,6644962,3.9,C,90,Referral Network,Boutique (2-10 agents),2026-09-05T02:11:26Z
CREAM-20260905-00817,Megan Morris,Megan Morris,Megan,Morris,meganm@kellerwilliams.com,(720) 956-9349,Keller Williams,Keller Williams,Greenville,Greenville,NC,27277,7,31,31,9439658,4.4,C,94,Brokerage Listings,Enterprise (200+ agents),2026-09-05T10:27:00Z
CREAM-20260905-00818,Jonathan Ross,Jonathan Ross,Jonathan,Ross,jross@gmail.com,(786) 655-7761,RE/MAX,RE/MAX,Westminster,Westminster,CO,80642,7,23,23,8855401,3.0,C,95,Trade Show,Enterprise (200+ agents),2026-09-05T01:16:10Z
CREAM-20260905-00819,Dennis Peterson,Dennis Peterson,Dennis,Peterson,dennis_peterson@hotmail.com,(980) 839-4712,Keller Williams,Keller Williams,Avondale,Avondale,AZ,86739,0,4,4,1337016,4.7,C,71,Referral Network,Mid-size (11-50 agents),2026-09-05T00:08:21Z
CREAM-20260905-00820,Bruce Morris,Bruce Morris,Bruce,Morris,bruce.morris@exprealty.com,(805) 393-7401,eXp Realty,eXp Realty,Youngstown,Youngstown,OH,44410,22,48,48,12949981,3.7,C,80,Website Lead,Independent,2026-09-05T16:06:12Z
CREAM-20260905-00821,Lisa Rivera,Lisa Rivera,Lisa,Rivera,lisar@outlook.com,(916) 512-3686,Corcoran Group,Corcoran Group,Troy,Troy,NY,14480,6,16,16,10192608,3.4,C,68,NAR Directory,Boutique (2-10 agents),2026-09-05T11:31:29Z
CREAM-20260905-00822,Peter Perez,Peter Perez,Peter,Perez,peter_perez@me.com,(916) 269-9273,Compass,Compass,Oxnard,Oxnard,CA,91940,15,77,77,48196248,4.2,C,92,Facebook,Mid-size (11-50 agents),2026-09-05T10:58:38Z
CREAM-20260905-00823,Larry Bailey,Larry Bailey,Larry,Bailey,larryb@outlook.com,(310) 354-3322,RE/MAX,RE/MAX,Centennial,Centennial,CO,80434,22,80,80,46782205,4.8,C,77,MLS Database,Boutique (2-10 agents),2026-09-05T03:03:08Z
CREAM-20260905-00824,Barbara Castillo,Barbara Castillo,Barbara,Castillo,bcastillo@yahoo.com,(310) 699-2305,Berkshire Hathaway,Berkshire Hathaway,Canton,Canton,OH,45109,2,8,8,2499471,3.9,C,97,Brokerage Listings,Independent,2026-09-05T02:10:48Z
CREAM-20260905-00825,Emma Wright,Emma Wright,Emma,Wright,emmaw@sothebysinternational.com,(786) 617-2549,Sotheby's International,Sotheby's International,Troy,Troy,NY,12573,15,64,64,33600365,4.7,C,73,Cold Outreach,Independent,2026-09-05T18:07:50Z
CREAM-20260905-00826,Mary Ramirez,Mary Ramirez,Mary,Ramirez,maryr@allentate.com,(469) 363-8816,Allen Tate,Allen Tate,Wilmington,Wilmington,NC,28764,4,21,21,6531325,4.5,C,74,Brokerage Listings,Boutique (2-10 agents),2026-09-05T16:47:53Z
CREAM-20260905-00827,Jonathan Rivera,Jonathan Rivera,Jonathan,Rivera,jonathanrivera@outlook.com,(303) 430-7944,Douglas Elliman,Douglas Elliman,West Palm Beach,West Palm Beach,FL,34304,6,25,25,12588540,4.6,C,71,Trade Show,Large (51-200 agents),2026-09-05T01:14:34Z
CREAM-20260905-00828,Jonathan Campbell,Jonathan Campbell,Jonathan,Campbell,jcampbell@douglaselliman.com,(614) 762-1733,Douglas Elliman,Douglas Elliman,Grand Prairie,Grand Prairie,TX,76107,2,5,5,2203091,4.4,C,81,MLS Database,Boutique (2-10 agents),2026-09-05T15:50:31Z
CREAM-20260905-00829,Kathleen Robinson,Kathleen Robinson,Kathleen,Robinson,kathleen_robinson@outlook.com,(972) 728-5570,HER Realtors,HER Realtors,Canton,Canton,OH,44471,2,5,5,1564590,3.4,C,79,LinkedIn,Mid-size (11-50 agents),2026-09-05T18:13:21Z
CREAM-20260905-00830,Jacqueline Ramos,Jacqueline Ramos,Jacqueline,Ramos,jramos@exprealty.com,(407) 648-2825,eXp Realty,eXp Realty,Coral Springs,Coral Springs,FL,34673,24,49,49,19476781,4.6,C,99,NAR Directory,Mid-size (11-50 agents),2026-09-05T05:53:06Z
CREAM-20260905-00831,Joseph Watson,Joseph Watson,Joseph,Watson,josephwatson@yahoo.com,(786) 940-4785,eXp Realty,eXp Realty,Wilmington,Wilmington,NC,27313,19,76,76,21564458,4.1,C,85,Trade Show,Large (51-200 agents),2026-09-05T01:17:55Z
CREAM-20260905-00832,Bruce Hughes,Bruce Hughes,Bruce,Hughes,brucehughes@outlook.com,(310) 211-6694,Keller Williams,Keller Williams,Peoria,Peoria,AZ,86876,18,63,63,19605476,4.3,C,78,Facebook,Mid-size (11-50 agents),2026-09-05T00:32:38Z
CREAM-20260905-00833,Debra Morris,Debra Morris,Debra,Morris,debram@me.com,(310) 634-6692,Pacific Sotheby's,Pacific Sotheby's,Oxnard,Oxnard,CA,93849,2,6,6,6394535,4.9,C,96,MLS Database,Boutique (2-10 agents),2026-09-05T20:40:37Z
CREAM-20260905-00834,Keith Evans,Keith Evans,Keith,Evans,kevans@icloud.com,(415) 228-7049,Russell Lyon Sotheby's,Russell Lyon Sotheby's,Peoria,Peoria,AZ,85952,16,26,26,12915845,4.9,C,65,Referral Network,Large (51-200 agents),2026-09-05T14:40:27Z
CREAM-20260905-00835,Dorothy Hall,Dorothy Hall,Dorothy,Hall,dhall@gmail.com,(704) 921-5304,Berkshire Hathaway,Berkshire Hathaway,Westminster,Westminster,CO,80607,4,11,11,6773585,4.6,C,81,Cold Outreach,Large (51-200 agents),2026-09-05T22:33:51Z
CREAM-20260905-00836,Helen Rivera,Helen Rivera,Helen,Rivera,helen.rivera@aol.com,(720) 539-4849,RE/MAX,RE/MAX,Yuma,Yuma,AZ,85614,11,40,40,12128669,4.2,C,97,Trade Show,Large (51-200 agents),2026-09-05T15:53:30Z
CREAM-20260905-00837,Jerry Robinson,Jerry Robinson,Jerry,Robinson,jerryr@gmail.com,(234) 204-3975,Russell Lyon Sotheby's,Russell Lyon Sotheby's,Surprise,Surprise,AZ,86237,11,44,44,18633455,4.9,C,66,Referral Network,Large (51-200 agents),2026-09-05T07:25:34Z
CREAM-20260905-00838,Brenda Anderson,Brenda Anderson,Brenda,Anderson,banderson@alliebethallman.com,(713) 647-2786,Allie Beth Allman,Allie Beth Allman,Brownsville,Brownsville,TX,78601,9,26,26,7409731,3.9,C,62,MLS Database,Mid-size (11-50 agents),2026-09-05T01:48:48Z
CREAM-20260905-00839,John Russell,John Russell,John,Russell,johnr@hotmail.com,(513) 327-1737,Berkshire Hathaway,Berkshire Hathaway,Hamilton,Hamilton,OH,45401,2,3,3,617146,5.0,C,97,Website Lead,Boutique (2-10 agents),2026-09-05T18:28:27Z
CREAM-20260905-00840,George Bennett,George Bennett,George,Bennett,george_bennett@hotmail.com,(407) 620-4196,Briggs Freeman Sotheby's,Briggs Freeman Sotheby's,Mesquite,Mesquite,TX,77687,5,20,20,6353020,4.0,C,66,Realtor.com,Enterprise (200+ agents),2026-09-05T14:57:24Z
CREAM-20260905-00841,Pamela Hall,Pamela Hall,Pamela,Hall,phall@allentate.com,(512) 444-9725,Allen Tate,Allen Tate,Wilmington,Wilmington,NC,27929,4,23,23,10162407,4.2,C,81,Website Lead,Boutique (2-10 agents),2026-09-05T16:10:36Z
CREAM-20260905-00842,Larry Smith,Larry Smith,Larry,Smith,larrys@yahoo.com,(980) 893-8988,Compass,Compass,Utica,Utica,NY,13602,13,25,25,20844449,4.1,C,62,Realtor.com,Enterprise (200+ agents),2026-09-05T06:03:08Z
CREAM-20260905-00843,Susan Bailey,Susan Bailey,Susan,Bailey,susanbailey@aol.com,(256) 591-4275,Berkshire Hathaway,Berkshire Hathaway,Brownsville,Brownsville,TX,76128,14,29,29,11741814,4.9,C,96,Facebook,Large (51-200 agents),2026-09-05T21:22:14Z
CREAM-20260905-00844,Sharon Smith,Sharon Smith,Sharon,Smith,sharon_smith@hotmail.com,(256) 939-3485,RE/MAX,RE/MAX,Wilmington,Wilmington,NC,27615,14,48,48,12143170,3.3,C,66,Facebook,Independent,2026-09-05T19:26:02Z
CREAM-20260905-00845,Ruth Davis,Ruth Davis,Ruth,Davis,rdavis@gmail.com,(614) 986-4426,Coldwell Banker,Coldwell Banker,Wilmington,Wilmington,NC,28597,0,1,1,270999,5.0,C,84,Realtor.com,Independent,2026-09-05T02:38:00Z
CREAM-20260905-00846,Susan Perez,Susan Perez,Susan,Perez,susanperez@gmail.com,(404) 347-3467,Douglas Elliman,Douglas Elliman,Gainesville,Gainesville,FL,32729,25,76,76,23641499,4.3,C,76,Referral Network,Boutique (2-10 agents),2026-09-05T04:17:46Z
CREAM-20260905-00847,Pamela Stewart,Pamela Stewart,Pamela,Stewart,pamelas@icloud.com,(469) 523-8319,HomeSmart,HomeSmart,Peoria,Peoria,AZ,85760,17,37,37,16424573,3.4,C,82,Website Lead,Mid-size (11-50 agents),2026-09-05T13:20:53Z
CREAM-20260905-00848,Jacqueline Murphy,Jacqueline Murphy,Jacqueline,Murphy,jacqueline.murphy@gmail.com,(713) 617-1654,RE/MAX,RE/MAX,Mesquite,Mesquite,TX,75624,20,58,58,18152841,4.4,C,91,Realtor.com,Mid-size (11-50 agents),2026-09-05T11:09:12Z
CREAM-20260905-00849,Carl Turner,Carl Turner,Carl,Turner,carl.turner@coldwellbanker.com,(972) 927-1556,Coldwell Banker,Coldwell Banker,Fremont,Fremont,CA,90918,16,44,44,46506511,4.1,C,91,Facebook,Enterprise (200+ agents),2026-09-05T00:11:28Z
CREAM-20260905-00850,Tyler Smith,Tyler Smith,Tyler,Smith,tsmith@me.com,(805) 852-2175,Compass,Compass,Gainesville,Gainesville,FL,32954,3,16,16,5331644,3.1,C,76,LinkedIn,Enterprise (200+ agents),2026-09-05T04:21:00Z
CREAM-20260905-00851,Betty Cruz,Betty Cruz,Betty,Cruz,bettycruz@gmail.com,(602) 399-9453,Coldwell Banker,Coldwell Banker,Surprise,Surprise,AZ,85576,3,14,14,4743784,4.5,C,89,Trade Show,Enterprise (200+ agents),2026-09-05T19:03:00Z
CREAM-20260905-00852,Emma Torres,Emma Torres,Emma,Torres,emmatorres@yahoo.com,(404) 338-9655,Nest Seekers,Nest Seekers,White Plains,White Plains,NY,14692,19,41,41,34541609,4.3,C,93,Brokerage Listings,Independent,2026-09-05T04:53:36Z
CREAM-20260905-00853,Kimberly Wright,Kimberly Wright,Kimberly,Wright,kimberlywright@aol.com,(602) 567-3382,Keller Williams Realty,Keller Williams Realty,Gainesville,Gainesville,FL,34713,22,59,59,27901357,4.0,C,75,LinkedIn,Enterprise (200+ agents),2026-09-05T22:36:10Z
CREAM-20260905-00854,Melissa Reed,Melissa Reed,Melissa,Reed,melissar@exprealty.com,(334) 963-4878,eXp Realty,eXp Realty,Hamilton,Hamilton,OH,45387,4,24,24,4233692,3.1,C,94,LinkedIn,Independent,2026-09-05T08:59:49Z
CREAM-20260905-00855,Megan Cooper,Megan Cooper,Megan,Cooper,mcooper@hotmail.com,(916) 229-1674,RE/MAX,RE/MAX,Coral Springs,Coral Springs,FL,33255,8,29,29,14706866,4.0,C,77,Facebook,Boutique (2-10 agents),2026-09-05T20:05:20Z
CREAM-20260905-00856,Jessica Ramos,Jessica Ramos,Jessica,Ramos,jramos@outlook.com,(980) 367-9569,Berkshire Hathaway HomeServices,Berkshire Hathaway HomeServices,Modesto,Modesto,CA,92285,17,33,33,26921815,4.8,C,81,Trade Show,Boutique (2-10 agents),2026-09-05T13:34:57Z
CREAM-20260905-00857,Rebecca Thomas,Rebecca Thomas,Rebecca,Thomas,rthomas@hotmail.com,(805) 353-9025,eXp Realty,eXp Realty,Canton,Canton,OH,43287,17,52,52,11737167,3.3,C,74,MLS Database,Independent,2026-09-05T22:50:20Z
CREAM-20260905-00858,Stephanie Moore,Stephanie Moore,Stephanie,Moore,smoore@berkshirehathawayhomeservices.com,(980) 684-8719,Berkshire Hathaway HomeServices,Berkshire Hathaway HomeServices,Modesto,Modesto,CA,95296,1,4,4,2711639,3.8,C,99,Realtor.com,Independent,2026-09-05T20:24:00Z
CREAM-20260905-00859,Gloria Martin,Gloria Martin,Gloria,Martin,gmartin@aol.com,(305) 864-5766,Russell Lyon Sotheby's,Russell Lyon Sotheby's,Surprise,Surprise,AZ,86953,22,44,44,12674419,4.0,C,73,Referral Network,Large (51-200 agents),2026-09-05T01:45:05Z
CREAM-20260905-00860,Gregory Lewis,Gregory Lewis,Gregory,Lewis,gregorylewis@outlook.com,(303) 822-2511,Berkshire Hathaway,Berkshire Hathaway,Lorain,Lorain,OH,43421,22,52,52,14717810,3.3,C,96,MLS Database,Large (51-200 agents),2026-09-05T07:32:32Z
CREAM-20260905-00861,Patricia Ruiz,Patricia Ruiz,Patricia,Ruiz,patriciar@me.com,(602) 780-6302,Brown Harris Stevens,Brown Harris Stevens,White Plains,White Plains,NY,10847,11,42,42,19267722,4.7,C,68,Referral Network,Boutique (2-10 agents),2026-09-05T16:53:12Z
CREAM-20260905-00862,Shirley Bailey,Shirley Bailey,Shirley,Bailey,shirleybailey@hotmail.com,(303) 664-7950,Douglas Elliman,Douglas Elliman,Brownsville,Brownsville,TX,79564,9,26,26,8542737,4.6,C,74,Realtor.com,Enterprise (200+ agents),2026-09-05T02:32:20Z
CREAM-20260905-00863,Kenneth Gray,Kenneth Gray,Kenneth,Gray,kennethg@exprealty.com,(805) 460-1308,eXp Realty,eXp Realty,Moreno Valley,Moreno Valley,CA,91216,4,16,16,9698487,4.2,C,93,Cold Outreach,Mid-size (11-50 agents),2026-09-05T12:44:01Z
CREAM-20260905-00864,Arthur Nguyen,Arthur Nguyen,Arthur,Nguyen,anguyen@outlook.com,(718) 966-1177,eXp Realty,eXp Realty,Oxnard,Oxnard,CA,90125,2,12,12,9744487,3.7,C,69,MLS Database,Independent,2026-09-05T01:26:41Z
CREAM-20260905-00865,Anna Ward,Anna Ward,Anna,Ward,anna.ward@yahoo.com,(646) 448-1838,RE/MAX,RE/MAX,Hamilton,Hamilton,OH,45652,23,35,35,6603686,4.7,C,75,NAR Directory,Boutique (2-10 agents),2026-09-05T08:44:59Z
CREAM-20260905-00866,Amber Kim,Amber Kim,Amber,Kim,amber.kim@longrealty.com,(212) 326-4130,Long Realty,Long Realty,Avondale,Avondale,AZ,86549,11,74,74,31244122,3.9,C,78,Realtor.com,Mid-size (11-50 agents),2026-09-05T22:17:58Z
CREAM-20260905-00867,Brandon Jimenez,Brandon Jimenez,Brandon,Jimenez,brandonj@exprealty.com,(919) 239-2580,eXp Realty,eXp Realty,Lorain,Lorain,OH,43573,11,35,35,9942889,4.3,C,97,MLS Database,Boutique (2-10 agents),2026-09-05T02:55:34Z
CREAM-20260905-00868,Elizabeth Rodriguez,Elizabeth Rodriguez,Elizabeth,Rodriguez,elizabethr@aol.com,(310) 386-4618,eXp Realty,eXp Realty,Gainesville,Gainesville,FL,34125,7,36,36,12810816,4.3,C,99,Trade Show,Mid-size (11-50 agents),2026-09-05T20:28:18Z
CREAM-20260905-00869,David Rogers,David Rogers,David,Rogers,davidr@8zrealestate.com,(786) 351-9811,8z Real Estate,8z Real Estate,Centennial,Centennial,CO,80502,2,10,10,6939020,4.1,C,82,Trade Show,Enterprise (200+ agents),2026-09-05T21:44:03Z
CREAM-20260905-00870,Arthur Gray,Arthur Gray,Arthur,Gray,arthur_gray@icloud.com,(214) 298-1204,HomeSmart,HomeSmart,Peoria,Peoria,AZ,85160,4,10,10,3593289,4.4,C,90,Referral Network,Independent,2026-09-05T08:09:30Z
CREAM-20260905-00871,Danielle Alexander,Danielle Alexander,Danielle,Alexander,dalexander@aol.com,(714) 353-2842,HER Realtors,HER Realtors,Youngstown,Youngstown,OH,44663,25,77,77,15673233,5.0,C,79,Facebook,Enterprise (200+ agents),2026-09-05T14:46:16Z
CREAM-20260905-00872,Nicole Martin,Nicole Martin,Nicole,Martin,nicolem@exprealty.com,(646) 801-2384,eXp Realty,eXp Realty,Fontana,Fontana,CA,91997,5,13,13,14034305,4.6,C,61,Brokerage Listings,Independent,2026-09-05T06:58:16Z
CREAM-20260905-00873,Natalie Chavez,Natalie Chavez,Natalie,Chavez,nataliec@gmail.com,(305) 481-7971,RE/MAX,RE/MAX,Concord,Concord,NC,27773,25,25,25,10250657,3.3,C,94,Brokerage Listings,Mid-size (11-50 agents),2026-09-05T05:38:12Z
CREAM-20260905-00874,Kathleen Brooks,Kathleen Brooks,Kathleen,Brooks,kathleenb@yahoo.com,(234) 333-4614,Allen Tate,Allen Tate,Greenville,Greenville,NC,28598,4,14,14,4509743,4.6,C,100,NAR Directory,Boutique (2-10 agents),2026-09-05T22:02:24Z
CREAM-20260905-00875,Susan Baker,Susan Baker,Susan,Baker,sbaker@gmail.com,(646) 813-4454,Briggs Freeman Sotheby's,Briggs Freeman Sotheby's,Grand Prairie,Grand Prairie,TX,75141,17,60,60,19744275,5.0,C,92,Website Lead,Boutique (2-10 agents),2026-09-05T12:03:58Z
CREAM-20260905-00876,Heather Ortiz,Heather Ortiz,Heather,Ortiz,hortiz@gmail.com,(305) 715-9023,eXp Realty,eXp Realty,Fremont,Fremont,CA,95367,14,75,75,70991981,3.5,C,97,Cold Outreach,Large (51-200 agents),2026-09-05T00:38:30Z
CREAM-20260905-00877,Jonathan Bailey,Jonathan Bailey,Jonathan,Bailey,jbailey@icloud.com,(407) 636-1732,HER Realtors,HER Realtors,Lorain,Lorain,OH,44187,5,16,16,3609240,3.2,C,69,Cold Outreach,Enterprise (200+ agents),2026-09-05T05:46:08Z
CREAM-20260905-00878,Charles Hill,Charles Hill,Charles,Hill,chill@hotmail.com,(919) 714-3830,RE/MAX,RE/MAX,Clearwater,Clearwater,FL,32382,19,66,66,20520590,4.1,C,73,Realtor.com,Boutique (2-10 agents),2026-09-05T21:39:28Z
CREAM-20260905-00879,Richard Lee,Richard Lee,Richard,Lee,richard_lee@me.com,(404) 393-4310,Coldwell Banker,Coldwell Banker,Greenville,Greenville,NC,28419,9,23,23,6995060,3.5,C,80,NAR Directory,Mid-size (11-50 agents),2026-09-05T01:16:55Z
CREAM-20260905-00880,Thomas Wood,Thomas Wood,Thomas,Wood,twood@yahoo.com,(407) 561-7317,Coldwell Banker,Coldwell Banker,Fontana,Fontana,CA,91257,0,0,0,0,4.5,C,97,Cold Outreach,Large (51-200 agents),2026-09-05T07:12:08Z
CREAM-20260905-00881,Betty Jenkins,Betty Jenkins,Betty,Jenkins,bjenkins@outlook.com,(929) 542-8737,Berkshire Hathaway,Berkshire Hathaway,High Point,High Point,NC,28470,13,32,32,8062464,3.2,C,90,Referral Network,Independent,2026-09-05T20:17:03Z
CREAM-20260905-00882,Alexander Coleman,Alexander Coleman,Alexander,Coleman,acoleman@exprealty.com,(602) 403-7107,eXp Realty,eXp Realty,Brownsville,Brownsville,TX,77816,2,7,7,2306804,4.5,C,94,Brokerage Listings,Boutique (2-10 agents),2026-09-05T13:19:53Z
CREAM-20260905-00883,Catherine Smith,Catherine Smith,Catherine,Smith,catherine.smith@compass.com,(980) 291-6836,Compass,Compass,White Plains,White Plains,NY,13532,2,5,5,4009939,3.4,C,60,Trade Show,Mid-size (11-50 agents),2026-09-05T06:00:10Z
CREAM-20260905-00884,Judith Bennett,Judith Bennett,Judith,Bennett,judithbennett@me.com,(234) 364-9811,Coldwell Banker,Coldwell Banker,Miramar,Miramar,FL,32825,1,12,12,4876175,4.9,C,63,Trade Show,Mid-size (11-50 agents),2026-09-05T21:25:31Z
CREAM-20260905-00885,Victoria Garcia,Victoria Garcia,Victoria,Garcia,victoriag@alliebethallman.com,(646) 418-6210,Allie Beth Allman,Allie Beth Allman,McKinney,McKinney,TX,75830,23,42,42,12100416,3.5,C,90,Cold Outreach,Large (51-200 agents),2026-09-05T17:26:49Z
CREAM-20260905-00886,Linda Price,Linda Price,Linda,Price,lprice@gmail.com,(713) 865-8707,Coldwell Banker,Coldwell Banker,McKinney,McKinney,TX,78949,4,19,19,8617293,4.0,C,60,LinkedIn,Independent,2026-09-05T17:38:27Z
CREAM-20260905-00887,Natalie Robinson,Natalie Robinson,Natalie,Robinson,nrobinson@re/max.com,(929) 487-6650,RE/MAX,RE/MAX,Centennial,Centennial,CO,80587,4,14,14,7957786,4.7,C,65,MLS Database,Boutique (2-10 agents),2026-09-05T04:28:03Z
CREAM-20260905-00888,Jason Hernandez,Jason Hernandez,Jason,Hernandez,jasonh@berkshirehathawayhomeservices.com,(234) 236-7781,Berkshire Hathaway HomeServices,Berkshire Hathaway HomeServices,Modesto,Modesto,CA,90783,10,71,71,52818710,5.0,C,68,MLS Database,Large (51-200 agents),2026-09-05T04:53:28Z
CREAM-20260905-00889,Jacqueline Torres,Jacqueline Torres,Jacqueline,Torres,jacqueline.torres@kellerwilliams.com,(256) 590-6702,Keller Williams,Keller Williams,Peoria,Peoria,AZ,86413,13,75,75,29570955,4.3,C,73,LinkedIn,Enterprise (200+ agents),2026-09-05T00:21:51Z
CREAM-20260905-00890,Heather Ramirez,Heather Ramirez,Heather,Ramirez,hramirez@kellerwilliams.com,(718) 618-1351,Keller Williams,Keller Williams,Lorain,Lorain,OH,43309,8,27,27,7310532,4.9,C,88,MLS Database,Independent,2026-09-05T16:28:15Z
CREAM-20260905-00891,Edward Green,Edward Green,Edward,Green,edwardgreen@me.com,(512) 529-3677,Compass,Compass,Utica,Utica,NY,14687,3,8,8,4041075,3.5,C,83,Website Lead,Mid-size (11-50 agents),2026-09-05T18:41:01Z
CREAM-20260905-00892,Melissa Peterson,Melissa Peterson,Melissa,Peterson,melissa.peterson@outlook.com,(310) 583-5643,Berkshire Hathaway,Berkshire Hathaway,Youngstown,Youngstown,OH,45743,5,19,19,3746916,4.7,C,86,Referral Network,Mid-size (11-50 agents),2026-09-05T16:22:29Z
CREAM-20260905-00893,Carl Walker,Carl Walker,Carl,Walker,carlw@coldwellbanker.com,(720) 866-2742,Coldwell Banker,Coldwell Banker,Oxnard,Oxnard,CA,95524,7,18,18,17694991,3.9,C,82,Referral Network,Enterprise (200+ agents),2026-09-05T23:34:39Z
CREAM-20260905-00894,Steven Bennett,Steven Bennett,Steven,Bennett,steven.bennett@coldwellbanker.com,(415) 269-4217,Coldwell Banker,Coldwell Banker,High Point,High Point,NC,28763,6,23,23,8248342,4.8,C,66,Website Lead,Boutique (2-10 agents),2026-09-05T08:19:45Z
CREAM-20260905-00895,Ronald White,Ronald White,Ronald,White,rwhite@howardhanna.com,(310) 289-4624,Howard Hanna,Howard Hanna,Concord,Concord,NC,28595,4,16,16,5247321,4.3,C,64,MLS Database,Mid-size (11-50 agents),2026-09-05T08:32:58Z
CREAM-20260905-00896,Laura Bennett,Laura Bennett,Laura,Bennett,laura_bennett@outlook.com,(919) 871-4872,Berkshire Hathaway,Berkshire Hathaway,McKinney,McKinney,TX,77373,0,3,3,1195792,4.2,C,90,LinkedIn,Boutique (2-10 agents),2026-09-05T09:08:44Z
CREAM-20260905-00897,Nicholas Wright,Nicholas Wright,Nicholas,Wright,nwright@outlook.com,(212) 449-4195,eXp Realty,eXp Realty,High Point,High Point,NC,27662,5,18,18,7328568,3.8,C,89,MLS Database,Mid-size (11-50 agents),2026-09-05T21:25:19Z
CREAM-20260905-00898,Ruth Roberts,Ruth Roberts,Ruth,Roberts,ruthr@compass.com,(919) 676-7709,Compass,Compass,Troy,Troy,NY,14738,22,35,35,25260293,4.2,C,98,MLS Database,Mid-size (11-50 agents),2026-09-05T05:19:54Z
CREAM-20260905-00899,David Walker,David Walker,David,Walker,david_walker@aol.com,(334) 544-8473,Howard Hanna,Howard Hanna,Concord,Concord,NC,28724,4,15,15,5908262,4.1,C,79,Referral Network,Independent,2026-09-05T22:57:23Z
CREAM-20260905-00900,Nicole Campbell,Nicole Campbell,Nicole,Campbell,nicole_campbell@gmail.com,(714) 330-5803,RE/MAX,RE/MAX,Centennial,Centennial,CO,81627,0,5,5,2201795,4.7,C,90,LinkedIn,Boutique (2-10 agents),2026-09-05T11:12:42Z
CREAM-20260905-00901,Justin Roberts,Justin Roberts,Justin,Roberts,jroberts@russelllyonsothebys.com,(404) 707-9998,Russell Lyon Sotheby's,Russell Lyon Sotheby's,Avondale,Avondale,AZ,86803,9,26,26,8291351,3.5,C,98,Referral Network,Enterprise (200+ agents),2026-09-05T10:10:03Z
CREAM-20260905-00902,Walter Walker,Walter Walker,Walter,Walker,walterwalker@gmail.com,(469) 364-3780,Briggs Freeman Sotheby's,Briggs Freeman Sotheby's,McAllen,McAllen,TX,75826,4,16,16,6797232,4.2,C,79,Facebook,Boutique (2-10 agents),2026-09-05T19:45:02Z
CREAM-20260905-00903,Louis Evans,Louis Evans,Louis,Evans,louis_evans@yahoo.com,(718) 729-3121,Berkshire Hathaway,Berkshire Hathaway,Greenville,Greenville,NC,28312,13,43,43,19169895,3.6,C,65,Referral Network,Enterprise (200+ agents),2026-09-05T12:18:23Z
CREAM-20260905-00904,Arthur Alexander,Arthur Alexander,Arthur,Alexander,arthur.alexander@aol.com,(407) 589-6831,Berkshire Hathaway,Berkshire Hathaway,Peoria,Peoria,AZ,86301,0,1,1,431581,4.2,C,68,LinkedIn,Large (51-200 agents),2026-09-05T15:50:30Z
CREAM-20260905-00905,Ruth King,Ruth King,Ruth,King,ruth.king@re/max.com,(718) 789-2088,RE/MAX,RE/MAX,Centennial,Centennial,CO,80414,4,23,23,15213261,3.5,C,74,NAR Directory,Large (51-200 agents),2026-09-05T18:35:34Z
CREAM-20260905-00906,Sharon Parker,Sharon Parker,Sharon,Parker,sharonp@yahoo.com,(704) 497-5668,Sotheby's International,Sotheby's International,Hempstead,Hempstead,NY,14124,4,25,25,13571170,4.2,C,84,Referral Network,Large (51-200 agents),2026-09-05T04:36:23Z
CREAM-20260905-00907,Angela Lewis,Angela Lewis,Angela,Lewis,alewis@me.com,(214) 637-2735,Compass,Compass,Pueblo,Pueblo,CO,80983,18,67,67,36026562,3.5,C,87,Facebook,Boutique (2-10 agents),2026-09-05T22:16:30Z
CREAM-20260905-00908,Emma Ramos,Emma Ramos,Emma,Ramos,eramos@gmail.com,(512) 958-8492,Huntington Real Estate,Huntington Real Estate,Youngstown,Youngstown,OH,45462,4,23,23,6742549,4.5,C,85,Website Lead,Boutique (2-10 agents),2026-09-05T09:01:26Z
CREAM-20260905-00909,George Lee,George Lee,George,Lee,glee@hotmail.com,(718) 963-6877,Berkshire Hathaway,Berkshire Hathaway,Miramar,Miramar,FL,33805,5,20,20,7408133,3.3,C,91,Trade Show,Enterprise (200+ agents),2026-09-05T01:34:24Z
CREAM-20260905-00910,Theresa Phillips,Theresa Phillips,Theresa,Phillips,theresap@nestseekers.com,(713) 831-6605,Nest Seekers,Nest Seekers,Schenectady,Schenectady,NY,13772,0,0,0,0,4.4,C,71,Cold Outreach,Large (51-200 agents),2026-09-05T15:35:12Z
CREAM-20260905-00911,Rachel Chavez,Rachel Chavez,Rachel,Chavez,rachel.chavez@pacificsothebys.com,(805) 635-2021,Pacific Sotheby's,Pacific Sotheby's,Irvine,Irvine,CA,91326,12,40,40,31782302,4.7,C,85,Realtor.com,Boutique (2-10 agents),2026-09-05T16:51:06Z
CREAM-20260905-00912,Victoria Turner,Victoria Turner,Victoria,Turner,victoriat@yahoo.com,(704) 976-6523,eXp Realty,eXp Realty,McAllen,McAllen,TX,78980,17,54,54,16607875,4.3,C,77,NAR Directory,Boutique (2-10 agents),2026-09-05T06:52:00Z
CREAM-20260905-00913,Eric Smith,Eric Smith,Eric,Smith,erics@aol.com,(212) 413-2606,Keller Williams,Keller Williams,Pueblo,Pueblo,CO,81375,7,34,34,17630810,3.7,C,60,Facebook,Mid-size (11-50 agents),2026-09-05T15:56:16Z
CREAM-20260905-00914,Charles Taylor,Charles Taylor,Charles,Taylor,charlest@aol.com,(646) 720-2561,Pacific Sotheby's,Pacific Sotheby's,Modesto,Modesto,CA,92415,5,13,13,8693951,3.8,C,60,LinkedIn,Independent,2026-09-05T06:39:28Z
CREAM-20260905-00915,Kenneth Fisher,Kenneth Fisher,Kenneth,Fisher,kenneth_fisher@me.com,(602) 230-7475,Keller Williams,Keller Williams,White Plains,White Plains,NY,12615,4,22,22,10970822,4.3,C,78,Trade Show,Large (51-200 agents),2026-09-05T18:07:44Z
CREAM-20260905-00916,Lawrence Phillips,Lawrence Phillips,Lawrence,Phillips,lphillips@yahoo.com,(415) 612-9892,RE/MAX,RE/MAX,Brownsville,Brownsville,TX,77764,2,11,11,2899472,4.0,C,77,Brokerage Listings,Large (51-200 agents),2026-09-05T01:44:47Z
CREAM-20260905-00917,Maria Ramirez,Maria Ramirez,Maria,Ramirez,mariar@hotmail.com,(214) 954-7021,eXp Realty,eXp Realty,Yuma,Yuma,AZ,86515,14,55,55,21363345,3.5,C,69,NAR Directory,Independent,2026-09-05T10:36:14Z
CREAM-20260905-00918,Catherine Patel,Catherine Patel,Catherine,Patel,catherinepatel@icloud.com,(713) 315-1672,Berkshire Hathaway HomeServices,Berkshire Hathaway HomeServices,Huntington Beach,Huntington Beach,CA,91594,0,5,5,5460779,4.7,C,75,Realtor.com,Boutique (2-10 agents),2026-09-05T05:09:55Z
CREAM-20260905-00919,Amber Lopez,Amber Lopez,Amber,Lopez,amber.lopez@century21.com,(718) 209-8726,Century 21,Century 21,Coral Springs,Coral Springs,FL,34356,21,77,77,33524000,4.5,C,74,Referral Network,Independent,2026-09-05T12:55:41Z
CREAM-20260905-00920,Stephanie Walker,Stephanie Walker,Stephanie,Walker,stephanie.walker@me.com,(919) 730-2896,Huntington Real Estate,Huntington Real Estate,Youngstown,Youngstown,OH,43561,12,36,36,9329169,3.6,C,94,Realtor.com,Enterprise (200+ agents),2026-09-05T20:51:40Z
CREAM-20260905-00921,Alexander Alexander,Alexander Alexander,Alexander,Alexander,alexanderalexander@aol.com,(646) 573-9370,Keller Williams Realty,Keller Williams Realty,Clearwater,Clearwater,FL,32944,1,5,5,1634937,3.2,C,66,Brokerage Listings,Boutique (2-10 agents),2026-09-05T21:22:52Z
CREAM-20260905-00922,Patricia Coleman,Patricia Coleman,Patricia,Coleman,patriciac@hotmail.com,(713) 738-7014,Sotheby's International,Sotheby's International,Fremont,Fremont,CA,94343,20,53,53,45347228,3.3,C,74,Website Lead,Mid-size (11-50 agents),2026-09-05T22:09:31Z
CREAM-20260905-00923,Brenda Reyes,Brenda Reyes,Brenda,Reyes,breyes@gmail.com,(214) 623-8775,Coldwell Banker,Coldwell Banker,Boulder,Boulder,CO,80162,15,69,69,30011300,3.2,C,80,Facebook,Boutique (2-10 agents),2026-09-05T08:52:47Z
CREAM-20260905-00924,Jeffrey Stewart,Jeffrey Stewart,Jeffrey,Stewart,jstewart@berkshirehathawayhomeservices.com,(805) 684-5873,Berkshire Hathaway HomeServices,Berkshire Hathaway HomeServices,Irvine,Irvine,CA,92740,6,15,15,15351546,4.5,C,75,LinkedIn,Boutique (2-10 agents),2026-09-05T01:20:12Z
CREAM-20260905-00925,Frank Cooper,Frank Cooper,Frank,Cooper,fcooper@sothebysinternational.com,(972) 449-7731,Sotheby's International,Sotheby's International,Fontana,Fontana,CA,91600,14,44,44,42804544,3.9,C,68,Trade Show,Mid-size (11-50 agents),2026-09-05T02:41:23Z
CREAM-20260905-00926,Larry Sanchez,Larry Sanchez,Larry,Sanchez,lsanchez@longrealty.com,(713) 976-2644,Long Realty,Long Realty,Avondale,Avondale,AZ,86590,2,9,9,3849309,3.8,C,65,Facebook,Mid-size (11-50 agents),2026-09-05T21:39:19Z
CREAM-20260905-00927,Wayne Nelson,Wayne Nelson,Wayne,Nelson,wayne.nelson@compass.com,(714) 302-1637,Compass,Compass,White Plains,White Plains,NY,12327,23,75,75,61592950,4.0,C,72,Cold Outreach,Boutique (2-10 agents),2026-09-05T03:45:13Z
CREAM-20260905-00928,Martha Fisher,Martha Fisher,Martha,Fisher,marthafisher@me.com,(602) 743-6413,RE/MAX,RE/MAX,Boulder,Boulder,CO,81384,6,31,31,17480447,3.3,C,81,LinkedIn,Large (51-200 agents),2026-09-05T07:39:34Z
CREAM-20260905-00929,Janet Chavez,Janet Chavez,Janet,Chavez,janet_chavez@aol.com,(334) 748-6067,Century 21,Century 21,Gainesville,Gainesville,FL,33978,7,40,40,18654721,3.2,C,72,Cold Outreach,Enterprise (200+ agents),2026-09-05T20:28:28Z
CREAM-20260905-00930,Sarah Cook,Sarah Cook,Sarah,Cook,sarah_cook@gmail.com,(214) 389-5852,Coldwell Banker,Coldwell Banker,Westminster,Westminster,CO,81162,5,17,17,6743118,4.4,C,95,Referral Network,Independent,2026-09-05T02:10:20Z
CREAM-20260905-00931,Richard Jones,Richard Jones,Richard,Jones,richardj@me.com,(919) 507-8770,Keller Williams,Keller Williams,Surprise,Surprise,AZ,86939,1,8,8,2685195,3.0,C,93,LinkedIn,Enterprise (200+ agents),2026-09-05T03:21:19Z
CREAM-20260905-00932,Natalie Cook,Natalie Cook,Natalie,Cook,natalie_cook@aol.com,(916) 787-4190,Coldwell Banker,Coldwell Banker,McKinney,McKinney,TX,75142,1,6,6,1655553,3.3,C,68,Referral Network,Independent,2026-09-05T14:40:56Z
CREAM-20260905-00933,Bruce Garcia,Bruce Garcia,Bruce,Garcia,bgarcia@outlook.com,(916) 322-9036,RE/MAX,RE/MAX,Yuma,Yuma,AZ,86824,11,31,31,10585962,4.1,C,100,NAR Directory,Boutique (2-10 agents),2026-09-05T04:03:09Z
CREAM-20260905-00934,Susan Smith,Susan Smith,Susan,Smith,susansmith@outlook.com,(646) 417-9044,Coldwell Banker,Coldwell Banker,Westminster,Westminster,CO,81514,1,6,6,4040718,3.6,C,79,Brokerage Listings,Large (51-200 agents),2026-09-05T17:54:40Z
CREAM-20260905-00935,Janet Gonzalez,Janet Gonzalez,Janet,Gonzalez,janetg@exprealty.com,(805) 824-9159,eXp Realty,eXp Realty,Fremont,Fremont,CA,95923,12,32,32,31521334,3.0,C,71,NAR Directory,Independent,2026-09-05T13:55:53Z
CREAM-20260905-00936,Thomas Gray,Thomas Gray,Thomas,Gray,thomas.gray@allentate.com,(805) 927-5688,Allen Tate,Allen Tate,Wilmington,Wilmington,NC,27430,5,14,14,5579839,3.5,C,73,Website Lead,Boutique (2-10 agents),2026-09-05T11:51:56Z
CREAM-20260905-00937,Emma Nelson,Emma Nelson,Emma,Nelson,enelson@briggsfreemansothebys.com,(929) 808-3280,Briggs Freeman Sotheby's,Briggs Freeman Sotheby's,McKinney,McKinney,TX,77278,2,7,7,2000496,4.7,C,64,LinkedIn,Large (51-200 agents),2026-09-05T06:11:18Z
CREAM-20260905-00938,Linda Scott,Linda Scott,Linda,Scott,linda_scott@outlook.com,(310) 274-7070,eXp Realty,eXp Realty,Fremont,Fremont,CA,93899,24,59,59,55520336,3.3,C,90,LinkedIn,Enterprise (200+ agents),2026-09-05T07:26:22Z
CREAM-20260905-00939,Brittany Alvarez,Brittany Alvarez,Brittany,Alvarez,brittanya@kellerwilliams.com,(805) 979-1277,Keller Williams,Keller Williams,Pueblo,Pueblo,CO,81171,5,12,12,4977135,3.8,C,78,Facebook,Mid-size (11-50 agents),2026-09-05T13:23:32Z
CREAM-20260905-00940,Amber Morgan,Amber Morgan,Amber,Morgan,amber_morgan@aol.com,(718) 268-7334,Russell Lyon Sotheby's,Russell Lyon Sotheby's,Surprise,Surprise,AZ,85272,1,8,8,3599795,5.0,C,85,Referral Network,Large (51-200 agents),2026-09-05T13:37:48Z
CREAM-20260905-00941,Joshua Russell,Joshua Russell,Joshua,Russell,joshua.russell@sothebysinternational.com,(980) 466-7743,Sotheby's International,Sotheby's International,Schenectady,Schenectady,NY,13193,4,16,16,12079633,3.6,C,92,LinkedIn,Large (51-200 agents),2026-09-05T21:50:22Z
CREAM-20260905-00942,Rebecca Roberts,Rebecca Roberts,Rebecca,Roberts,rebeccar@me.com,(718) 346-5463,Keller Williams Realty,Keller Williams Realty,Clearwater,Clearwater,FL,34113,20,77,77,35963339,4.6,C,100,Website Lead,Independent,2026-09-05T06:39:24Z
CREAM-20260905-00943,Patricia Gomez,Patricia Gomez,Patricia,Gomez,patriciagomez@outlook.com,(718) 413-3085,Berkshire Hathaway,Berkshire Hathaway,Clearwater,Clearwater,FL,32311,0,0,0,0,4.9,C,76,Facebook,Mid-size (11-50 agents),2026-09-05T13:37:05Z
CREAM-20260905-00944,Gloria Phillips,Gloria Phillips,Gloria,Phillips,gloriap@outlook.com,(404) 403-4479,Berkshire Hathaway HomeServices,Berkshire Hathaway HomeServices,Modesto,Modesto,CA,94430,3,13,13,10054650,4.1,C,71,LinkedIn,Enterprise (200+ agents),2026-09-05T07:24:01Z
CREAM-20260905-00945,Edward Wright,Edward Wright,Edward,Wright,edwardw@exprealty.com,(714) 850-5801,eXp Realty,eXp Realty,West Palm Beach,West Palm Beach,FL,32221,3,14,14,4522110,4.7,C,63,Brokerage Listings,Enterprise (200+ agents),2026-09-05T06:59:07Z
CREAM-20260905-00946,Bruce Gomez,Bruce Gomez,Bruce,Gomez,bgomez@exprealty.com,(714) 513-3579,eXp Realty,eXp Realty,Mesquite,Mesquite,TX,75877,3,11,11,4019755,3.8,C,61,Facebook,Independent,2026-09-05T16:47:51Z
CREAM-20260905-00947,Wayne Harris,Wayne Harris,Wayne,Harris,wharris@yahoo.com,(916) 577-4936,Huntington Real Estate,Huntington Real Estate,Canton,Canton,OH,44223,8,15,15,3346325,4.4,C,91,Brokerage Listings,Enterprise (200+ agents),2026-09-05T02:27:40Z
CREAM-20260905-00948,Nicholas Gray,Nicholas Gray,Nicholas,Gray,nicholasg@gmail.com,(512) 451-8657,Howard Hanna,Howard Hanna,Concord,Concord,NC,28931,1,4,4,1113807,4.7,C,71,Realtor.com,Boutique (2-10 agents),2026-09-05T10:27:35Z
CREAM-20260905-00949,Ruth Nelson,Ruth Nelson,Ruth,Nelson,ruthnelson@icloud.com,(929) 768-7706,eXp Realty,eXp Realty,Palm Bay,Palm Bay,FL,32730,23,44,44,17870304,4.9,C,99,NAR Directory,Mid-size (11-50 agents),2026-09-05T09:12:47Z
CREAM-20260905-00950,Lawrence White,Lawrence White,Lawrence,White,lawrence_white@yahoo.com,(469) 749-8955,Berkshire Hathaway,Berkshire Hathaway,Wilmington,Wilmington,NC,27296,2,5,5,1795719,3.5,C,60,Brokerage Listings,Large (51-200 agents),2026-09-05T15:45:49Z
CREAM-20260905-00951,Donna Sanders,Donna Sanders,Donna,Sanders,donnas@icloud.com,(602) 636-9212,Brown Harris Stevens,Brown Harris Stevens,Hempstead,Hempstead,NY,11272,4,23,23,14274147,4.0,C,64,Realtor.com,Mid-size (11-50 agents),2026-09-05T03:37:46Z
CREAM-20260905-00952,Emma Jackson,Emma Jackson,Emma,Jackson,emma_jackson@gmail.com,(786) 537-1648,Keller Williams,Keller Williams,Hempstead,Hempstead,NY,10934,6,31,31,17596934,4.6,C,79,Referral Network,Large (51-200 agents),2026-09-05T13:32:18Z
CREAM-20260905-00953,Patricia Gonzalez,Patricia Gonzalez,Patricia,Gonzalez,pgonzalez@exprealty.com,(512) 563-9666,eXp Realty,eXp Realty,Pueblo,Pueblo,CO,80246,10,45,45,31409797,3.7,C,93,Brokerage Listings,Independent,2026-09-05T14:15:43Z
CREAM-20260905-00954,Thomas Wilson,Thomas Wilson,Thomas,Wilson,thomaswilson@gmail.com,(916) 698-9668,HomeSmart,HomeSmart,Avondale,Avondale,AZ,86713,5,21,21,10420939,4.5,C,85,Referral Network,Large (51-200 agents),2026-09-05T04:12:26Z
CREAM-20260905-00955,Lauren Ward,Lauren Ward,Lauren,Ward,lauren.ward@gmail.com,(919) 914-7149,eXp Realty,eXp Realty,Irvine,Irvine,CA,94346,15,67,67,57853561,3.5,C,86,Website Lead,Boutique (2-10 agents),2026-09-05T02:24:16Z
CREAM-20260905-00956,Lauren Roberts,Lauren Roberts,Lauren,Roberts,laurenr@cutlerrealestate.com,(919) 260-8284,Cutler Real Estate,Cutler Real Estate,Youngstown,Youngstown,OH,45395,2,8,8,1416726,4.9,C,75,Trade Show,Enterprise (200+ agents),2026-09-05T22:46:51Z
CREAM-20260905-00957,Gary Kelly,Gary Kelly,Gary,Kelly,gary_kelly@me.com,(334) 769-1061,eXp Realty,eXp Realty,Irvine,Irvine,CA,94857,3,22,22,14358539,4.5,C,64,MLS Database,Boutique (2-10 agents),2026-09-05T08:27:18Z
CREAM-20260905-00958,Olivia Hill,Olivia Hill,Olivia,Hill,olivia.hill@hotmail.com,(720) 365-9691,Cutler Real Estate,Cutler Real Estate,Hamilton,Hamilton,OH,44842,6,37,37,7906049,4.3,C,85,Referral Network,Enterprise (200+ agents),2026-09-05T00:02:50Z
CREAM-20260905-00959,Albert Hughes,Albert Hughes,Albert,Hughes,alberth@outlook.com,(614) 697-6712,eXp Realty,eXp Realty,Wilmington,Wilmington,NC,28717,12,36,36,12068591,4.3,C,73,Cold Outreach,Large (51-200 agents),2026-09-05T14:09:34Z
CREAM-20260905-00960,Ronald Cruz,Ronald Cruz,Ronald,Cruz,rcruz@aol.com,(407) 835-5154,RE/MAX,RE/MAX,Fontana,Fontana,CA,96552,4,20,20,12083596,4.9,C,89,Referral Network,Independent,2026-09-05T07:39:08Z
CREAM-20260905-00961,Alan Turner,Alan Turner,Alan,Turner,alant@gmail.com,(305) 401-9872,Douglas Elliman,Douglas Elliman,Gainesville,Gainesville,FL,34492,5,24,24,7669239,3.3,C,60,NAR Directory,Mid-size (11-50 agents),2026-09-05T03:14:37Z
CREAM-20260905-00962,Jeffrey Price,Jeffrey Price,Jeffrey,Price,jeffrey_price@yahoo.com,(720) 842-1814,Berkshire Hathaway,Berkshire Hathaway,Greenville,Greenville,NC,28801,4,8,8,3463289,3.6,C,78,Referral Network,Enterprise (200+ agents),2026-09-05T19:48:41Z
CREAM-20260905-00963,Melissa Mitchell,Melissa Mitchell,Melissa,Mitchell,mmitchell@aol.com,(916) 569-7262,Long Realty,Long Realty,Yuma,Yuma,AZ,86712,3,9,9,4386561,4.3,C,63,Cold Outreach,Enterprise (200+ agents),2026-09-05T16:30:58Z
CREAM-20260905-00964,Jessica Jackson,Jessica Jackson,Jessica,Jackson,jjackson@russelllyonsothebys.com,(415) 505-9726,Russell Lyon Sotheby's,Russell Lyon Sotheby's,Peoria,Peoria,AZ,85521,1,10,10,3303572,4.1,C,93,Referral Network,Large (51-200 agents),2026-09-05T09:51:06Z
CREAM-20260905-00965,Ralph Kim,Ralph Kim,Ralph,Kim,ralph_kim@yahoo.com,(646) 692-5928,Compass,Compass,Pueblo,Pueblo,CO,81365,13,41,41,23089257,3.7,C,88,MLS Database,Boutique (2-10 agents),2026-09-05T15:34:00Z
CREAM-20260905-00966,Ruth Williams,Ruth Williams,Ruth,Williams,ruth.williams@aol.com,(614) 820-9479,Douglas Elliman,Douglas Elliman,McAllen,McAllen,TX,79585,8,15,15,4768102,3.0,C,64,Realtor.com,Independent,2026-09-05T00:38:00Z
CREAM-20260905-00967,Jennifer Sanchez,Jennifer Sanchez,Jennifer,Sanchez,jennifer.sanchez@icloud.com,(929) 222-8383,eXp Realty,eXp Realty,Avondale,Avondale,AZ,86393,5,25,25,12144987,3.9,C,91,Website Lead,Mid-size (11-50 agents),2026-09-05T11:08:33Z
CREAM-20260905-00968,Emily Martin,Emily Martin,Emily,Martin,emily.martin@exprealty.com,(513) 984-8979,eXp Realty,eXp Realty,Mesquite,Mesquite,TX,76421,0,4,4,1283859,3.8,C,77,Referral Network,Large (51-200 agents),2026-09-05T08:29:43Z
CREAM-20260905-00969,Helen Alexander,Helen Alexander,Helen,Alexander,helen.alexander@me.com,(720) 729-4296,RE/MAX,RE/MAX,Grand Prairie,Grand Prairie,TX,75629,0,5,5,1285594,4.7,C,69,Website Lead,Boutique (2-10 agents),2026-09-05T12:48:38Z
CREAM-20260905-00970,Gloria Green,Gloria Green,Gloria,Green,ggreen@hotmail.com,(415) 869-4583,eXp Realty,eXp Realty,Fremont,Fremont,CA,96254,3,21,21,17912142,4.8,C,74,Referral Network,Enterprise (200+ agents),2026-09-05T03:28:24Z
CREAM-20260905-00971,Rachel Davis,Rachel Davis,Rachel,Davis,racheldavis@icloud.com,(512) 957-1851,Compass,Compass,High Point,High Point,NC,28487,18,57,57,23578403,4.0,C,85,MLS Database,Boutique (2-10 agents),2026-09-05T15:34:37Z
CREAM-20260905-00972,Sarah Adams,Sarah Adams,Sarah,Adams,sadams@alliebethallman.com,(718) 796-1215,Allie Beth Allman,Allie Beth Allman,McAllen,McAllen,TX,76900,4,25,25,8281640,4.0,C,82,Referral Network,Boutique (2-10 agents),2026-09-05T08:18:02Z
CREAM-20260905-00973,Samuel Robinson,Samuel Robinson,Samuel,Robinson,srobinson@exprealty.com,(310) 825-5063,eXp Realty,eXp Realty,Peoria,Peoria,AZ,86874,7,34,34,14433315,3.9,C,79,Brokerage Listings,Boutique (2-10 agents),2026-09-05T04:33:04Z
CREAM-20260905-00974,Jack Anderson,Jack Anderson,Jack,Anderson,jack_anderson@gmail.com,(407) 231-6014,Long Realty,Long Realty,Yuma,Yuma,AZ,86957,24,48,48,21181951,4.6,C,91,Brokerage Listings,Large (51-200 agents),2026-09-05T04:26:23Z
CREAM-20260905-00975,Daniel Sullivan,Daniel Sullivan,Daniel,Sullivan,danielsullivan@me.com,(512) 972-1886,Brown Harris Stevens,Brown Harris Stevens,Troy,Troy,NY,10823,12,65,65,38341510,3.5,C,99,Brokerage Listings,Boutique (2-10 agents),2026-09-05T04:19:39Z
CREAM-20260905-00976,Paul Evans,Paul Evans,Paul,Evans,paulevans@outlook.com,(919) 375-4359,Keller Williams,Keller Williams,White Plains,White Plains,NY,10324,3,8,8,5620765,4.1,C,91,Realtor.com,Enterprise (200+ agents),2026-09-05T17:20:44Z
CREAM-20260905-00977,Brian Flores,Brian Flores,Brian,Flores,brian.flores@longrealty.com,(407) 440-3426,Long Realty,Long Realty,Peoria,Peoria,AZ,85713,2,9,9,4378287,4.5,C,77,LinkedIn,Large (51-200 agents),2026-09-05T23:28:59Z
CREAM-20260905-00978,Olivia Hernandez,Olivia Hernandez,Olivia,Hernandez,olivia.hernandez@exprealty.com,(305) 414-5286,eXp Realty,eXp Realty,Grand Prairie,Grand Prairie,TX,76696,3,11,11,4685271,4.3,C,93,LinkedIn,Boutique (2-10 agents),2026-09-05T12:23:08Z
CREAM-20260905-00979,Susan Lewis,Susan Lewis,Susan,Lewis,susan_lewis@icloud.com,(469) 939-5101,Keller Williams,Keller Williams,Hamilton,Hamilton,OH,45663,4,24,24,4386562,4.7,C,79,LinkedIn,Mid-size (11-50 agents),2026-09-05T16:34:23Z
CREAM-20260905-00980,Jacob Johnson,Jacob Johnson,Jacob,Johnson,jacobj@yahoo.com,(714) 471-3529,LIV Sotheby's,LIV Sotheby's,Pueblo,Pueblo,CO,81835,20,67,67,42583469,3.5,C,79,Trade Show,Boutique (2-10 agents),2026-09-05T02:07:23Z
CREAM-20260905-00981,Arthur Gomez,Arthur Gomez,Arthur,Gomez,arthur.gomez@re/max.com,(720) 903-9052,RE/MAX,RE/MAX,Lorain,Lorain,OH,43610,0,3,3,569099,3.1,C,70,Referral Network,Mid-size (11-50 agents),2026-09-05T15:11:14Z
CREAM-20260905-00982,Kimberly Nguyen,Kimberly Nguyen,Kimberly,Nguyen,kimberlyn@yahoo.com,(512) 285-2082,Berkshire Hathaway,Berkshire Hathaway,Boulder,Boulder,CO,80732,0,0,0,0,3.3,C,68,Website Lead,Large (51-200 agents),2026-09-05T18:22:50Z
CREAM-20260905-00983,Kimberly Rodriguez,Kimberly Rodriguez,Kimberly,Rodriguez,krodriguez@compass.com,(512) 515-1756,Compass,Compass,Fremont,Fremont,CA,96694,2,4,4,2596213,3.9,C,61,Brokerage Listings,Boutique (2-10 agents),2026-09-05T06:15:44Z
CREAM-20260905-00984,Christopher Mendoza,Christopher Mendoza,Christopher,Mendoza,christopher.mendoza@coldwellbanker.com,(212) 621-4381,Coldwell Banker,Coldwell Banker,Wilmington,Wilmington,NC,27667,10,29,29,12072789,4.0,C,86,NAR Directory,Independent,2026-09-05T13:02:33Z
CREAM-20260905-00985,Debra Ramirez,Debra Ramirez,Debra,Ramirez,dramirez@coldwellbanker.com,(234) 326-3743,Coldwell Banker,Coldwell Banker,Concord,Concord,NC,28174,5,23,23,8523039,4.7,C,87,LinkedIn,Large (51-200 agents),2026-09-05T10:15:06Z
CREAM-20260905-00986,Karen Long,Karen Long,Karen,Long,karenlong@icloud.com,(805) 966-1887,Berkshire Hathaway HomeServices,Berkshire Hathaway HomeServices,Moreno Valley,Moreno Valley,CA,96185,0,4,4,3678571,3.9,C,77,Referral Network,Independent,2026-09-05T18:14:03Z
CREAM-20260905-00987,Natalie Morales,Natalie Morales,Natalie,Morales,nataliem@coldwellbanker.com,(980) 264-6521,Coldwell Banker,Coldwell Banker,Hamilton,Hamilton,OH,45572,13,68,68,20366221,3.3,C,67,Facebook,Mid-size (11-50 agents),2026-09-05T12:10:55Z
CREAM-20260905-00988,Jessica Rodriguez,Jessica Rodriguez,Jessica,Rodriguez,jessica.rodriguez@me.com,(310) 560-1902,Douglas Elliman,Douglas Elliman,Clearwater,Clearwater,FL,34302,16,47,47,24430068,3.8,C,64,Realtor.com,Boutique (2-10 agents),2026-09-05T20:02:02Z
CREAM-20260905-00989,Charles Davis,Charles Davis,Charles,Davis,charles_davis@me.com,(305) 259-2984,Long Realty,Long Realty,Peoria,Peoria,AZ,85979,25,54,54,24107641,3.5,C,77,Cold Outreach,Independent,2026-09-05T05:28:47Z
CREAM-20260905-00990,Helen Sanchez,Helen Sanchez,Helen,Sanchez,helens@hotmail.com,(303) 213-3154,eXp Realty,eXp Realty,Wilmington,Wilmington,NC,27947,4,22,22,7350537,3.7,C,85,LinkedIn,Mid-size (11-50 agents),2026-09-05T02:17:08Z
CREAM-20260905-00991,Tyler Edwards,Tyler Edwards,Tyler,Edwards,tyler.edwards@yahoo.com,(704) 531-3888,eXp Realty,eXp Realty,Gainesville,Gainesville,FL,33948,6,26,26,11796391,4.9,C,75,Website Lead,Boutique (2-10 agents),2026-09-05T07:01:05Z
CREAM-20260905-00992,Amber Perez,Amber Perez,Amber,Perez,amber_perez@me.com,(786) 913-4578,Sotheby's International,Sotheby's International,Fontana,Fontana,CA,95127,7,18,18,18860241,4.6,C,69,Trade Show,Boutique (2-10 agents),2026-09-05T01:28:27Z
CREAM-20260905-00993,Kevin Johnson,Kevin Johnson,Kevin,Johnson,kjohnson@outlook.com,(602) 646-4001,Keller Williams Realty,Keller Williams Realty,Coral Springs,Coral Springs,FL,33470,19,53,53,20859254,3.8,C,82,Cold Outreach,Independent,2026-09-05T08:29:55Z
CREAM-20260905-00994,Nicole Russell,Nicole Russell,Nicole,Russell,nrussell@aol.com,(256) 213-6713,Allen Tate,Allen Tate,Greenville,Greenville,NC,27396,19,60,60,26515765,3.4,C,97,Brokerage Listings,Boutique (2-10 agents),2026-09-05T06:12:35Z
CREAM-20260905-00995,Linda Wright,Linda Wright,Linda,Wright,lwright@hotmail.com,(646) 690-8904,Pacific Sotheby's,Pacific Sotheby's,Fontana,Fontana,CA,92747,2,8,8,8082211,3.2,C,69,Trade Show,Independent,2026-09-05T06:40:28Z
CREAM-20260905-00996,Bruce Clark,Bruce Clark,Bruce,Clark,bruce.clark@hotmail.com,(718) 782-3579,Cutler Real Estate,Cutler Real Estate,Youngstown,Youngstown,OH,45590,2,10,10,2038461,4.6,C,88,Cold Outreach,Mid-size (11-50 agents),2026-09-05T06:50:31Z
CREAM-20260905-00997,Janet Rivera,Janet Rivera,Janet,Rivera,jrivera@me.com,(415) 772-6506,Pacific Sotheby's,Pacific Sotheby's,Oxnard,Oxnard,CA,93548,14,40,40,41755502,4.7,C,77,NAR Directory,Boutique (2-10 agents),2026-09-05T10:13:14Z
CREAM-20260905-00998,Susan Davis,Susan Davis,Susan,Davis,sdavis@coldwellbanker.com,(212) 312-8586,Coldwell Banker,Coldwell Banker,Concord,Concord,NC,27480,9,30,30,13236028,4.4,C,76,Brokerage Listings,Enterprise (200+ agents),2026-09-05T08:56:32Z
CREAM-20260905-00999,Ralph Brown,Ralph Brown,Ralph,Brown,ralph_brown@aol.com,(469) 302-9684,Berkshire Hathaway,Berkshire Hathaway,Peoria,Peoria,AZ,85846,22,35,35,16857884,4.6,C,97,Website Lead,Independent,2026-09-05T00:59:30Z
CREAM-20260905-01000,Jonathan Russell,Jonathan Russell,Jonathan,Russell,jrussell@me.com,(786) 930-9854,HER Realtors,HER Realtors,Youngstown,Youngstown,OH,45724,5,8,8,1488258,3.7,C,91,Referral Network,Boutique (2-10 agents),2026-09-05T10:33:05Z
