id,name,email,phone,company,city,state,zip,years_experience,transactions_last_year,priority,cream_fit_score,source,scraped_at
CREAM-20260711-00001,Jennifer Clark,jclark@aol.com,(720) 397-5057,eXp Realty,Austin,TX,78350,10,76,A,70,Website Lead,2026-07-11T00:00:34Z
CREAM-20260711-00002,Nicholas Campbell,nicholascampbell@gmail.com,(407) 717-2385,eXp Realty,Scottsdale,AZ,85606,24,28,A,98,Cold Outreach,2026-07-11T03:24:25Z
CREAM-20260711-00003,Brandon Kelly,brandonkelly@yahoo.com,(704) 758-4098,Coldwell Banker,Oakland,CA,95901,5,15,A,67,Realtor.com,2026-07-11T19:14:38Z
CREAM-20260711-00004,Jerry Martinez,jerrymartinez@hotmail.com,(404) 671-2815,Douglas Elliman,Jacksonville,FL,34293,8,22,A,79,Facebook,2026-07-11T06:59:50Z
CREAM-20260711-00005,Dorothy Alvarez,dorothyalvarez@me.com,(234) 360-1063,Howard Hanna,Raleigh,NC,27670,2,4,A,81,Cold Outreach,2026-07-11T17:45:36Z
CREAM-20260711-00006,Ruth Clark,rclark@icloud.com,(305) 379-5836,Huntington Real Estate,Columbus,OH,45430,2,8,A,88,Trade Show,2026-07-11T07:39:17Z
CREAM-20260711-00007,John Walker,john.walker@me.com,(512) 239-4393,Halstead,Brooklyn,NY,11967,24,63,A,60,LinkedIn,2026-07-11T17:51:19Z
CREAM-20260711-00008,Tyler Gray,tyler_gray@gmail.com,(718) 925-3638,Keller Williams,Cincinnati,OH,45519,2,7,A,99,Trade Show,2026-07-11T23:50:56Z
CREAM-20260711-00009,Maria Richardson,maria.richardson@russelllyonsothebys.com,(334) 838-4564,Russell Lyon Sotheby's,Tucson,AZ,86299,4,19,A,72,Referral Network,2026-07-11T20:11:30Z
CREAM-20260711-00010,Donald Flores,dflores@gmail.com,(469) 735-9431,Halstead,Queens,NY,10831,14,35,A,98,Cold Outreach,2026-07-11T03:38:37Z
CREAM-20260711-00011,Angela Stewart,angelas@berkshirehathaway.com,(718) 717-4254,Berkshire Hathaway,Phoenix,AZ,85513,9,25,A,78,Realtor.com,2026-07-11T17:08:57Z
CREAM-20260711-00012,Ruth Smith,ruths@exprealty.com,(234) 666-7864,eXp Realty,Raleigh,NC,27184,25,69,A,83,NAR Directory,2026-07-11T03:43:05Z
CREAM-20260711-00013,Michelle Collins,michellec@outlook.com,(972) 920-2396,RE/MAX,Denver,CO,80383,18,64,A,60,Trade Show,2026-07-11T06:45:20Z
CREAM-20260711-00014,Thomas Russell,thomas.russell@aol.com,(513) 258-8839,Coldwell Banker,Jacksonville,FL,33405,19,43,A,61,Website Lead,2026-07-11T00:39:09Z
CREAM-20260711-00015,Karen Collins,karencollins@outlook.com,(212) 635-2348,RE/MAX,St. Petersburg,FL,33171,24,28,A,95,Brokerage Listings,2026-07-11T19:40:07Z
CREAM-20260711-00016,Gary Alvarez,gary.alvarez@gmail.com,(714) 787-3774,8z Real Estate,Colorado Springs,CO,80484,8,21,A,86,MLS Database,2026-07-11T09:30:52Z
CREAM-20260711-00017,Laura Lee,laural@douglaselliman.com,(972) 860-3256,Douglas Elliman,Manhattan,NY,10606,4,17,A,91,Facebook,2026-07-11T22:36:02Z
CREAM-20260711-00018,Kathleen Gutierrez,kathleen.gutierrez@hotmail.com,(713) 408-9684,Compass,Raleigh,NC,27507,3,17,A,66,Facebook,2026-07-11T15:18:23Z
CREAM-20260711-00019,Barbara Cox,barbara.cox@century21.com,(929) 882-5672,Century 21,Orlando,FL,32799,0,3,A,64,MLS Database,2026-07-11T21:09:09Z
CREAM-20260711-00020,Timothy Collins,timothyc@yahoo.com,(305) 960-1853,Berkshire Hathaway,Tucson,AZ,86944,1,9,A,78,Trade Show,2026-07-11T16:16:51Z
CREAM-20260711-00021,Jack Morales,jack_morales@outlook.com,(919) 483-9743,Pacific Sotheby's,San Francisco,CA,96951,24,50,A,83,LinkedIn,2026-07-11T19:08:15Z
CREAM-20260711-00022,Gary Mendoza,garym@hotmail.com,(602) 993-4974,Long Realty,Scottsdale,AZ,85539,0,0,A,100,Website Lead,2026-07-11T03:39:18Z
CREAM-20260711-00023,William Myers,williamm@icloud.com,(469) 330-6480,Keller Williams,Greensboro,NC,28240,2,5,A,80,Brokerage Listings,2026-07-11T00:50:06Z
CREAM-20260711-00024,Heather Taylor,heather_taylor@yahoo.com,(929) 905-6224,RE/MAX,Denver,CO,80711,4,14,A,87,Facebook,2026-07-11T15:46:23Z
CREAM-20260711-00025,Patrick Taylor,patrickt@re/max.com,(805) 959-1100,RE/MAX,Cincinnati,OH,45793,0,5,A,96,Facebook,2026-07-11T11:58:19Z
CREAM-20260711-00026,Tyler Morgan,tyler.morgan@cutlerrealestate.com,(415) 645-8457,Cutler Real Estate,Cincinnati,OH,45162,13,65,A,64,LinkedIn,2026-07-11T15:43:46Z
CREAM-20260711-00027,Dennis Lee,dennis_lee@icloud.com,(786) 851-7849,Keller Williams,Houston,TX,78720,4,9,A,99,NAR Directory,2026-07-11T22:14:35Z
CREAM-20260711-00028,David Evans,davide@yahoo.com,(602) 784-7353,Coldwell Banker,Tampa,FL,32409,0,2,A,86,Trade Show,2026-07-11T11:46:01Z
CREAM-20260711-00029,Samuel Ramirez,samuel.ramirez@aol.com,(714) 726-3039,Allie Beth Allman,Houston,TX,77190,6,18,A,96,Trade Show,2026-07-11T15:36:38Z
CREAM-20260711-00030,Amy Cox,amy_cox@hotmail.com,(404) 545-8849,HER Realtors,Columbus,OH,45953,2,6,A,95,Brokerage Listings,2026-07-11T05:32:14Z
CREAM-20260711-00031,Sarah Nguyen,snguyen@icloud.com,(919) 431-4164,Coldwell Banker,Phoenix,AZ,86833,5,13,A,83,Brokerage Listings,2026-07-11T05:31:41Z
CREAM-20260711-00032,Carolyn Stewart,carolyn.stewart@homesmart.com,(234) 991-3604,HomeSmart,Mesa,AZ,85613,2,9,A,99,LinkedIn,2026-07-11T20:28:31Z
CREAM-20260711-00033,Margaret Edwards,margarete@sothebysinternational.com,(214) 851-9613,Sotheby's International,San Diego,CA,95900,17,31,A,73,Realtor.com,2026-07-11T07:21:14Z
CREAM-20260711-00034,Cynthia Wood,cynthia.wood@yahoo.com,(713) 674-4884,Keller Williams,Colorado Springs,CO,80410,19,25,A,61,Realtor.com,2026-07-11T22:41:26Z
CREAM-20260711-00035,Larry Cooper,lcooper@gmail.com,(713) 363-6463,Keller Williams,Phoenix,AZ,85827,3,10,A,65,MLS Database,2026-07-11T13:11:50Z
CREAM-20260711-00036,Alexander Mendoza,alexanderm@icloud.com,(512) 536-7960,Keller Williams Realty,Miami,FL,34753,4,22,A,85,Brokerage Listings,2026-07-11T09:27:56Z
CREAM-20260711-00037,Emma Jimenez,ejimenez@herrealtors.com,(404) 562-8832,HER Realtors,Columbus,OH,45406,5,22,A,61,Realtor.com,2026-07-11T23:39:40Z
CREAM-20260711-00038,Katherine Rogers,katheriner@me.com,(602) 372-9764,Coldwell Banker,San Francisco,CA,96358,16,31,A,71,Realtor.com,2026-07-11T18:34:44Z
CREAM-20260711-00039,Karen Ortiz,kareno@exprealty.com,(305) 870-3422,eXp Realty,San Diego,CA,92665,1,10,A,92,Cold Outreach,2026-07-11T17:55:58Z
CREAM-20260711-00040,Raymond Morgan,raymond_morgan@me.com,(980) 375-3869,Briggs Freeman Sotheby's,Houston,TX,77867,24,31,A,89,NAR Directory,2026-07-11T22:32:17Z
CREAM-20260711-00041,Ruth Wright,ruth.wright@aol.com,(713) 349-2623,Berkshire Hathaway,Aurora,CO,80705,0,5,A,71,NAR Directory,2026-07-11T23:11:55Z
CREAM-20260711-00042,Stephanie Patel,stephanie.patel@outlook.com,(718) 741-6048,Russell Lyon Sotheby's,Tucson,AZ,85798,0,3,A,70,Realtor.com,2026-07-11T06:15:35Z
CREAM-20260711-00043,James Jackson,jamesjackson@aol.com,(614) 719-5396,Berkshire Hathaway,Tucson,AZ,86134,6,19,A,66,Brokerage Listings,2026-07-11T16:56:28Z
CREAM-20260711-00044,Carolyn Green,carolyn.green@compass.com,(720) 518-7747,Compass,San Francisco,CA,95155,19,48,A,71,Referral Network,2026-07-11T03:49:21Z
CREAM-20260711-00045,Alexander Carter,alexander.carter@aol.com,(786) 298-1453,Long Realty,Scottsdale,AZ,85964,1,7,A,61,NAR Directory,2026-07-11T14:43:43Z
CREAM-20260711-00046,Jason Stewart,jasonstewart@gmail.com,(303) 949-2545,Keller Williams,Scottsdale,AZ,86844,4,13,A,65,Brokerage Listings,2026-07-11T18:49:17Z
CREAM-20260711-00047,Anthony Wright,awright@icloud.com,(713) 281-9879,Douglas Elliman,Fort Lauderdale,FL,32831,5,11,A,73,Website Lead,2026-07-11T01:09:57Z
CREAM-20260711-00048,Linda Brown,linda_brown@yahoo.com,(212) 486-6748,Sotheby's International,Queens,NY,13902,1,10,A,95,Realtor.com,2026-07-11T21:05:39Z
CREAM-20260711-00049,Patrick Lee,patrickl@re/max.com,(513) 396-2052,RE/MAX,Colorado Springs,CO,81801,23,74,A,70,LinkedIn,2026-07-11T19:04:27Z
CREAM-20260711-00050,Larry Allen,lallen@coldwellbanker.com,(305) 451-7453,Coldwell Banker,Raleigh,NC,27394,1,6,A,97,LinkedIn,2026-07-11T18:39:18Z
CREAM-20260711-00051,Timothy Alvarez,talvarez@coldwellbanker.com,(407) 808-9084,Coldwell Banker,Miami,FL,34146,3,17,A,74,Brokerage Listings,2026-07-11T02:28:12Z
CREAM-20260711-00052,Nicole Myers,nicolemyers@outlook.com,(714) 795-5684,Coldwell Banker,Denver,CO,80650,8,21,A,78,Cold Outreach,2026-07-11T08:30:21Z
CREAM-20260711-00053,Brenda Williams,bwilliams@me.com,(512) 783-4017,Keller Williams,Austin,TX,78881,2,4,A,80,NAR Directory,2026-07-11T05:44:03Z
CREAM-20260711-00054,Barbara Jenkins,barbara_jenkins@hotmail.com,(718) 733-2421,Coldwell Banker,Greensboro,NC,28651,3,12,A,72,Referral Network,2026-07-11T02:31:32Z
CREAM-20260711-00055,Sarah Ramirez,sarah.ramirez@me.com,(720) 718-4947,Douglas Elliman,Orlando,FL,32555,3,10,A,93,NAR Directory,2026-07-11T00:01:15Z
CREAM-20260711-00056,Kimberly Richardson,kimberly_richardson@aol.com,(415) 949-1533,eXp Realty,Colorado Springs,CO,81884,5,18,A,62,LinkedIn,2026-07-11T04:45:01Z
CREAM-20260711-00057,Pamela Ruiz,pruiz@icloud.com,(714) 984-9849,eXp Realty,Columbus,OH,45948,15,73,A,99,Cold Outreach,2026-07-11T17:38:05Z
CREAM-20260711-00058,Gregory Rodriguez,gregory_rodriguez@icloud.com,(334) 442-5756,eXp Realty,Raleigh,NC,27489,16,79,A,65,Referral Network,2026-07-11T14:06:05Z
CREAM-20260711-00059,Dennis Howard,dennis.howard@livsothebys.com,(646) 474-5804,LIV Sotheby's,Colorado Springs,CO,80266,12,36,A,94,Brokerage Listings,2026-07-11T13:53:06Z
CREAM-20260711-00060,Thomas Adams,tadams@coldwellbanker.com,(929) 727-9947,Coldwell Banker,Greensboro,NC,28994,18,67,A,67,NAR Directory,2026-07-11T05:46:19Z
CREAM-20260711-00061,Jacob Perez,jacobperez@hotmail.com,(980) 575-4021,Compass,Raleigh,NC,28194,21,45,A,74,Brokerage Listings,2026-07-11T17:16:17Z
CREAM-20260711-00062,Ruth Perez,ruthperez@outlook.com,(512) 211-3637,Pacific Sotheby's,Sacramento,CA,93384,5,13,A,98,LinkedIn,2026-07-11T14:31:59Z
CREAM-20260711-00063,Andrew Evans,andrew.evans@outlook.com,(972) 584-1945,Compass,Miami,FL,33718,21,45,A,82,Cold Outreach,2026-07-11T13:33:51Z
CREAM-20260711-00064,Tyler Allen,tallen@outlook.com,(714) 649-7274,HomeSmart,Tucson,AZ,86934,2,8,A,75,NAR Directory,2026-07-11T17:10:35Z
CREAM-20260711-00065,Carolyn Miller,carolynmiller@me.com,(646) 424-9820,eXp Realty,Long Beach,CA,94429,5,20,A,61,MLS Database,2026-07-11T00:43:42Z
CREAM-20260711-00066,Janet Thompson,jthompson@me.com,(214) 643-5174,Berkshire Hathaway,Cleveland,OH,44745,3,11,A,99,Cold Outreach,2026-07-11T19:41:19Z
CREAM-20260711-00067,Samuel Ruiz,samuel.ruiz@re/max.com,(415) 212-9040,RE/MAX,Cleveland,OH,45976,18,73,A,90,Website Lead,2026-07-11T22:23:55Z
CREAM-20260711-00068,Cynthia Cox,cynthiac@douglaselliman.com,(512) 291-6770,Douglas Elliman,Staten Island,NY,13368,23,56,A,77,Website Lead,2026-07-11T23:35:17Z
CREAM-20260711-00069,Kathleen Russell,kathleenr@outlook.com,(407) 568-1765,RE/MAX,Mesa,AZ,86630,16,38,A,73,Referral Network,2026-07-11T14:16:35Z
CREAM-20260711-00070,Karen Rogers,karen.rogers@outlook.com,(214) 740-7948,Keller Williams,Tucson,AZ,85976,5,16,A,61,MLS Database,2026-07-11T12:47:36Z
CREAM-20260711-00071,Sarah Allen,sarah_allen@me.com,(713) 628-6563,Brown Harris Stevens,Staten Island,NY,12423,11,58,A,66,Facebook,2026-07-11T13:54:25Z
CREAM-20260711-00072,James Reyes,james.reyes@icloud.com,(704) 579-7726,RE/MAX,Tampa,FL,32384,3,25,A,96,Trade Show,2026-07-11T14:36:13Z
CREAM-20260711-00073,Stephen Alvarez,stephena@halstead.com,(334) 740-5071,Halstead,Queens,NY,12676,0,0,A,81,Trade Show,2026-07-11T04:18:18Z
CREAM-20260711-00074,Nicole Gomez,nicoleg@hotmail.com,(234) 520-8853,Berkshire Hathaway,Columbus,OH,43736,2,6,A,84,Trade Show,2026-07-11T00:03:34Z
CREAM-20260711-00075,Matthew Kim,mkim@re/max.com,(512) 318-2038,RE/MAX,Aurora,CO,80140,6,32,A,76,Realtor.com,2026-07-11T15:00:10Z
CREAM-20260711-00076,Gary Rodriguez,gary_rodriguez@aol.com,(404) 566-4875,Coldwell Banker,San Francisco,CA,90105,23,34,A,100,Facebook,2026-07-11T03:31:32Z
CREAM-20260711-00077,Kathleen Young,kathleen_young@gmail.com,(602) 706-6289,Long Realty,Phoenix,AZ,86820,5,22,A,62,Facebook,2026-07-11T16:57:18Z
CREAM-20260711-00078,Kenneth Walker,kennethw@icloud.com,(972) 645-9600,RE/MAX,Dallas,TX,78635,5,19,A,95,MLS Database,2026-07-11T09:32:28Z
CREAM-20260711-00079,Jonathan Adams,jonathan.adams@hotmail.com,(972) 221-6099,eXp Realty,San Jose,CA,91205,24,38,A,76,MLS Database,2026-07-11T06:12:56Z
CREAM-20260711-00080,Paul Baker,paulbaker@yahoo.com,(646) 424-8489,Berkshire Hathaway,Cincinnati,OH,45894,0,5,A,65,Website Lead,2026-07-11T07:28:15Z
CREAM-20260711-00081,Samuel Rodriguez,srodriguez@coldwellbanker.com,(972) 525-7765,Coldwell Banker,Oakland,CA,93798,5,21,A,97,Brokerage Listings,2026-07-11T18:41:52Z
CREAM-20260711-00082,Janet Gomez,janet.gomez@yahoo.com,(404) 451-2034,Keller Williams,Cincinnati,OH,44982,20,73,A,88,Realtor.com,2026-07-11T12:51:15Z
CREAM-20260711-00083,Ronald Cook,ronald_cook@yahoo.com,(305) 600-4221,Long Realty,Scottsdale,AZ,86283,3,14,A,87,LinkedIn,2026-07-11T15:20:20Z
CREAM-20260711-00084,Jennifer Hernandez,jennifer_hernandez@yahoo.com,(786) 521-9801,Berkshire Hathaway,Charlotte,NC,27712,17,62,A,60,MLS Database,2026-07-11T09:45:23Z
CREAM-20260711-00085,Daniel Jackson,danielj@outlook.com,(234) 781-9278,Keller Williams,Phoenix,AZ,85627,18,74,A,92,Cold Outreach,2026-07-11T00:29:28Z
CREAM-20260711-00086,William Reed,williamr@berkshirehathaway.com,(234) 482-4677,Berkshire Hathaway,Denver,CO,81658,8,21,A,68,MLS Database,2026-07-11T19:04:06Z
CREAM-20260711-00087,Jason Rodriguez,jasonr@gmail.com,(512) 527-6600,Berkshire Hathaway,Cincinnati,OH,45712,5,23,A,68,Facebook,2026-07-11T20:40:59Z
CREAM-20260711-00088,Margaret Johnson,mjohnson@coldwellbanker.com,(718) 849-2819,Coldwell Banker,Greensboro,NC,27448,4,25,A,77,Referral Network,2026-07-11T08:47:17Z
CREAM-20260711-00089,Brian Davis,brian.davis@yahoo.com,(234) 221-1593,Coldwell Banker,Colorado Springs,CO,80211,24,36,A,87,Brokerage Listings,2026-07-11T17:20:31Z
CREAM-20260711-00090,Steven Perez,stevenperez@yahoo.com,(334) 848-4152,eXp Realty,Charlotte,NC,28713,7,40,A,99,Referral Network,2026-07-11T20:29:59Z
CREAM-20260711-00091,Kimberly Ortiz,kimberly.ortiz@coldwellbanker.com,(602) 633-6544,Coldwell Banker,Los Angeles,CA,96314,24,38,A,83,Realtor.com,2026-07-11T06:54:45Z
CREAM-20260711-00092,Amanda Nguyen,amanda.nguyen@coldwellbanker.com,(305) 648-4099,Coldwell Banker,Sacramento,CA,91673,2,5,A,75,Trade Show,2026-07-11T14:41:16Z
CREAM-20260711-00093,Steven Rogers,srogers@me.com,(256) 419-1323,Compass,San Francisco,CA,92527,20,26,A,83,Realtor.com,2026-07-11T16:27:45Z
CREAM-20260711-00094,Kimberly Allen,kallen@hotmail.com,(256) 886-3662,Halstead,Staten Island,NY,14636,7,40,A,73,Cold Outreach,2026-07-11T02:22:03Z
CREAM-20260711-00095,Mary Garcia,maryg@cutlerrealestate.com,(212) 949-5486,Cutler Real Estate,Cincinnati,OH,45137,0,4,A,65,Referral Network,2026-07-11T04:21:20Z
CREAM-20260711-00096,Dennis Young,dennisy@douglaselliman.com,(512) 839-5802,Douglas Elliman,Orlando,FL,34705,14,52,A,67,Realtor.com,2026-07-11T19:51:19Z
CREAM-20260711-00097,Steven Morales,steven_morales@outlook.com,(214) 328-7438,Corcoran Group,New York City,NY,12439,0,3,A,98,Brokerage Listings,2026-07-11T22:34:07Z
CREAM-20260711-00098,Edward Perry,eperry@outlook.com,(646) 780-5284,Howard Hanna,Raleigh,NC,28941,13,62,A,86,Cold Outreach,2026-07-11T02:39:16Z
CREAM-20260711-00099,Amy Rogers,arogers@yahoo.com,(513) 856-5125,Douglas Elliman,Houston,TX,77982,4,24,A,61,Realtor.com,2026-07-11T19:31:37Z
CREAM-20260711-00100,Patrick Wood,patrickwood@icloud.com,(929) 733-5762,eXp Realty,Orlando,FL,33585,5,10,A,93,Cold Outreach,2026-07-11T21:17:24Z
CREAM-20260711-00101,Andrew Roberts,aroberts@outlook.com,(303) 331-1371,Allie Beth Allman,Austin,TX,77906,6,33,A,79,Realtor.com,2026-07-11T00:13:43Z
CREAM-20260711-00102,Eric Martin,eric_martin@outlook.com,(704) 621-5082,RE/MAX,Orlando,FL,33426,15,53,A,92,LinkedIn,2026-07-11T05:16:21Z
CREAM-20260711-00103,Richard Ward,richard_ward@me.com,(614) 339-2866,LIV Sotheby's,Denver,CO,81332,16,52,A,76,Trade Show,2026-07-11T10:37:03Z
CREAM-20260711-00104,Patricia Jackson,pjackson@gmail.com,(602) 960-2945,Berkshire Hathaway,Aurora,CO,80674,3,20,A,72,Cold Outreach,2026-07-11T12:19:06Z
CREAM-20260711-00105,Jack Miller,jmiller@livsothebys.com,(646) 265-6079,LIV Sotheby's,Colorado Springs,CO,80757,2,4,A,73,Cold Outreach,2026-07-11T02:12:28Z
CREAM-20260711-00106,Kimberly Sanchez,ksanchez@huntingtonrealestate.com,(404) 445-1547,Huntington Real Estate,Columbus,OH,44781,13,44,A,64,Referral Network,2026-07-11T06:54:06Z
CREAM-20260711-00107,Debra Hill,debra_hill@icloud.com,(980) 392-5867,Cutler Real Estate,Columbus,OH,45636,17,65,A,84,Realtor.com,2026-07-11T22:06:48Z
CREAM-20260711-00108,Helen Gonzalez,heleng@briggsfreemansothebys.com,(310) 760-4527,Briggs Freeman Sotheby's,Austin,TX,78821,5,24,A,61,Referral Network,2026-07-11T18:07:22Z
CREAM-20260711-00109,Susan Brown,sbrown@briggsfreemansothebys.com,(614) 377-2994,Briggs Freeman Sotheby's,Austin,TX,78450,0,0,A,60,Brokerage Listings,2026-07-11T07:29:30Z
CREAM-20260711-00110,Amanda Campbell,acampbell@russelllyonsothebys.com,(513) 882-8094,Russell Lyon Sotheby's,Mesa,AZ,86405,0,1,A,85,MLS Database,2026-07-11T18:32:41Z
CREAM-20260711-00111,Stephanie Morales,stephaniem@gmail.com,(614) 272-2995,RE/MAX,Austin,TX,75618,3,12,A,71,LinkedIn,2026-07-11T15:28:29Z
CREAM-20260711-00112,Frank Rivera,frankrivera@me.com,(714) 245-9937,Coldwell Banker,Fort Worth,TX,78297,12,39,A,72,Facebook,2026-07-11T21:24:07Z
CREAM-20260711-00113,Brian Walker,bwalker@hotmail.com,(720) 987-5274,eXp Realty,Long Beach,CA,93635,0,2,A,60,Facebook,2026-07-11T23:07:00Z
CREAM-20260711-00114,Carolyn Powell,carolyn.powell@nestseekers.com,(214) 752-9882,Nest Seekers,New York City,NY,14111,11,37,A,86,LinkedIn,2026-07-11T21:23:38Z
CREAM-20260711-00115,Richard Jones,richardj@hotmail.com,(980) 773-2448,HomeSmart,Mesa,AZ,86193,7,37,A,99,Brokerage Listings,2026-07-11T22:07:30Z
CREAM-20260711-00116,Ryan Carter,ryan.carter@hotmail.com,(646) 337-3984,Russell Lyon Sotheby's,Scottsdale,AZ,85422,22,39,A,99,Referral Network,2026-07-11T06:56:04Z
CREAM-20260711-00117,James Reyes,jreyes@berkshirehathaway.com,(512) 822-3738,Berkshire Hathaway,Fort Lauderdale,FL,32253,16,55,A,62,Realtor.com,2026-07-11T02:04:40Z
CREAM-20260711-00118,Jennifer Cruz,jcruz@berkshirehathawayhomeservices.com,(704) 464-9978,Berkshire Hathaway HomeServices,Oakland,CA,91718,4,16,A,76,Facebook,2026-07-11T23:40:50Z
CREAM-20260711-00119,Patrick Smith,patricks@kellerwilliams.com,(646) 771-9235,Keller Williams,Raleigh,NC,28834,5,16,A,96,Referral Network,2026-07-11T07:44:47Z
CREAM-20260711-00120,Anna Myers,annam@kellerwilliams.com,(972) 268-8412,Keller Williams,Greensboro,NC,27359,8,21,A,64,Realtor.com,2026-07-11T16:12:53Z
CREAM-20260711-00121,Linda Thomas,linda.thomas@yahoo.com,(929) 946-9893,RE/MAX,Cleveland,OH,44916,1,12,A,60,MLS Database,2026-07-11T12:10:33Z
CREAM-20260711-00122,Justin Wood,justin_wood@me.com,(972) 572-5784,Berkshire Hathaway,Dallas,TX,75816,24,56,A,87,Realtor.com,2026-07-11T14:44:01Z
CREAM-20260711-00123,James Taylor,jamestaylor@yahoo.com,(404) 986-2511,Douglas Elliman,Fort Worth,TX,79286,3,11,A,60,Brokerage Listings,2026-07-11T22:03:19Z
CREAM-20260711-00124,Donna Cook,donna.cook@icloud.com,(469) 784-2987,Douglas Elliman,Orlando,FL,33284,6,17,A,63,Website Lead,2026-07-11T22:00:36Z
CREAM-20260711-00125,Diane Thompson,dthompson@gmail.com,(407) 379-4919,Howard Hanna,Charlotte,NC,27428,0,0,A,81,Cold Outreach,2026-07-11T14:14:48Z
CREAM-20260711-00126,Sarah Perry,sarahperry@hotmail.com,(713) 902-8926,Keller Williams,Colorado Springs,CO,81345,4,11,A,61,Cold Outreach,2026-07-11T09:10:13Z
CREAM-20260711-00127,Jerry Turner,jerryt@aol.com,(512) 262-5494,eXp Realty,San Antonio,TX,77568,24,66,A,99,Website Lead,2026-07-11T01:07:49Z
CREAM-20260711-00128,Jennifer Brown,jbrown@kellerwilliams.com,(305) 756-7276,Keller Williams,Aurora,CO,81847,23,77,A,80,Cold Outreach,2026-07-11T09:21:49Z
CREAM-20260711-00129,Brenda Taylor,brendat@outlook.com,(919) 900-8062,Sotheby's International,Staten Island,NY,13970,1,5,A,81,NAR Directory,2026-07-11T23:55:03Z
CREAM-20260711-00130,Janet Davis,janet_davis@icloud.com,(334) 531-6917,Coldwell Banker,Cincinnati,OH,45282,5,22,A,71,MLS Database,2026-07-11T11:35:22Z
CREAM-20260711-00131,Aaron Jimenez,ajimenez@sothebysinternational.com,(234) 473-1326,Sotheby's International,San Francisco,CA,92807,15,42,A,95,Trade Show,2026-07-11T11:22:43Z
CREAM-20260711-00132,Kenneth Garcia,kennethg@yahoo.com,(407) 809-9182,RE/MAX,Cleveland,OH,43525,6,28,A,86,Brokerage Listings,2026-07-11T14:45:19Z
CREAM-20260711-00133,Shirley Young,shirley.young@hotmail.com,(714) 688-9856,Long Realty,Mesa,AZ,86788,0,1,A,70,MLS Database,2026-07-11T15:34:04Z
CREAM-20260711-00134,Eric Gomez,egomez@compass.com,(234) 389-8044,Compass,Queens,NY,12334,1,4,A,64,Facebook,2026-07-11T11:20:03Z
CREAM-20260711-00135,Rachel Harris,rachel.harris@outlook.com,(919) 566-7538,Allie Beth Allman,Fort Worth,TX,77481,25,31,A,70,Cold Outreach,2026-07-11T03:01:17Z
CREAM-20260711-00136,Robert Ramos,robert.ramos@kellerwilliams.com,(602) 541-5832,Keller Williams,Phoenix,AZ,86727,1,11,A,91,Brokerage Listings,2026-07-11T08:18:51Z
CREAM-20260711-00137,Helen Davis,helen_davis@yahoo.com,(718) 621-8331,Douglas Elliman,Houston,TX,77517,19,74,A,81,MLS Database,2026-07-11T08:31:43Z
CREAM-20260711-00138,Katherine Watson,katherinewatson@aol.com,(512) 245-1314,RE/MAX,Tucson,AZ,86778,18,44,A,60,MLS Database,2026-07-11T00:10:09Z
CREAM-20260711-00139,Kathleen Torres,kathleentorres@aol.com,(718) 262-1846,Russell Lyon Sotheby's,Scottsdale,AZ,86703,25,45,A,92,Cold Outreach,2026-07-11T10:58:51Z
CREAM-20260711-00140,Elizabeth King,elizabeth.king@me.com,(718) 860-6810,eXp Realty,Orlando,FL,34279,1,3,A,82,Brokerage Listings,2026-07-11T20:59:47Z
CREAM-20260711-00141,Carol Robinson,carol.robinson@icloud.com,(415) 405-2434,Howard Hanna,Raleigh,NC,27455,5,13,A,65,MLS Database,2026-07-11T09:21:30Z
CREAM-20260711-00142,Raymond Chavez,raymondc@exprealty.com,(980) 974-4119,eXp Realty,Tucson,AZ,86357,4,8,A,97,Facebook,2026-07-11T15:04:22Z
CREAM-20260711-00143,Andrew Perry,andrew.perry@re/max.com,(714) 905-8517,RE/MAX,Raleigh,NC,27743,9,20,A,87,Brokerage Listings,2026-07-11T08:26:31Z
CREAM-20260711-00144,Dennis Martinez,dennis_martinez@gmail.com,(415) 769-6908,Douglas Elliman,Jacksonville,FL,33758,20,30,A,84,MLS Database,2026-07-11T19:02:35Z
CREAM-20260711-00145,Amy Foster,amyf@re/max.com,(916) 654-4317,RE/MAX,Raleigh,NC,27243,8,40,A,84,NAR Directory,2026-07-11T01:19:18Z
CREAM-20260711-00146,Robert Thomas,rthomas@me.com,(214) 604-3042,LIV Sotheby's,Aurora,CO,81394,3,10,A,74,Realtor.com,2026-07-11T00:12:08Z
CREAM-20260711-00147,Pamela Johnson,pamela.johnson@outlook.com,(214) 964-5459,Berkshire Hathaway,Mesa,AZ,86187,3,9,A,77,Brokerage Listings,2026-07-11T02:36:44Z
CREAM-20260711-00148,Benjamin Miller,benjamin_miller@gmail.com,(303) 262-2224,Keller Williams,Cincinnati,OH,45447,1,7,A,98,MLS Database,2026-07-11T05:50:16Z
CREAM-20260711-00149,Joseph Myers,jmyers@hotmail.com,(404) 542-3557,Russell Lyon Sotheby's,Mesa,AZ,86186,0,2,A,66,Facebook,2026-07-11T05:54:41Z
CREAM-20260711-00150,Donald Stewart,dstewart@icloud.com,(407) 368-9098,Century 21,Miami,FL,33981,2,7,A,100,Website Lead,2026-07-11T05:07:13Z
CREAM-20260711-00151,Betty Jimenez,betty.jimenez@icloud.com,(334) 200-8220,Allen Tate,Greensboro,NC,28736,25,42,A,81,Website Lead,2026-07-11T05:45:23Z
CREAM-20260711-00152,Ryan Scott,rscott@berkshirehathaway.com,(512) 499-3155,Berkshire Hathaway,Miami,FL,34815,16,66,A,69,Facebook,2026-07-11T03:58:56Z
CREAM-20260711-00153,Maria Scott,maria_scott@outlook.com,(614) 940-2359,Berkshire Hathaway,Jacksonville,FL,32803,11,68,A,90,Brokerage Listings,2026-07-11T17:41:58Z
CREAM-20260711-00154,Rachel Thompson,rthompson@berkshirehathawayhomeservices.com,(718) 943-9024,Berkshire Hathaway HomeServices,San Francisco,CA,90158,0,3,A,95,MLS Database,2026-07-11T01:14:31Z
CREAM-20260711-00155,Joshua Jimenez,joshuaj@outlook.com,(919) 824-8552,Coldwell Banker,Cleveland,OH,44980,24,78,A,60,NAR Directory,2026-07-11T23:29:57Z
CREAM-20260711-00156,Joseph Nelson,joseph_nelson@aol.com,(305) 901-1997,Compass,Denver,CO,80551,1,7,A,99,Brokerage Listings,2026-07-11T09:46:01Z
CREAM-20260711-00157,Betty Edwards,bedwards@yahoo.com,(234) 695-5648,Keller Williams,Brooklyn,NY,12289,20,38,A,84,LinkedIn,2026-07-11T02:01:53Z
CREAM-20260711-00158,Joshua Jimenez,jjimenez@nestseekers.com,(234) 332-7775,Nest Seekers,Staten Island,NY,10546,2,3,A,100,MLS Database,2026-07-11T11:12:05Z
CREAM-20260711-00159,Ruth Castillo,ruthcastillo@aol.com,(303) 566-3457,Long Realty,Mesa,AZ,85610,1,4,A,77,Trade Show,2026-07-11T13:39:22Z
CREAM-20260711-00160,Kimberly Cox,kimberlyc@hotmail.com,(972) 837-7677,RE/MAX,Charlotte,NC,27159,9,21,A,86,Website Lead,2026-07-11T21:01:14Z
CREAM-20260711-00161,Emily Sanchez,emily_sanchez@hotmail.com,(310) 680-9824,HomeSmart,Phoenix,AZ,86144,1,10,A,78,Realtor.com,2026-07-11T13:53:11Z
CREAM-20260711-00162,Steven Allen,steven_allen@aol.com,(214) 990-8171,RE/MAX,Scottsdale,AZ,86922,12,25,A,68,Cold Outreach,2026-07-11T02:09:14Z
CREAM-20260711-00163,Patrick Cruz,patrickc@kellerwilliams.com,(919) 518-5042,Keller Williams,Charlotte,NC,27648,1,4,A,69,Website Lead,2026-07-11T12:39:01Z
CREAM-20260711-00164,Edward White,ewhite@gmail.com,(334) 911-7938,Briggs Freeman Sotheby's,Fort Worth,TX,76264,0,0,A,81,Referral Network,2026-07-11T06:34:00Z
CREAM-20260711-00165,Tyler Williams,twilliams@brownharrisstevens.com,(234) 645-1863,Brown Harris Stevens,Bronx,NY,13624,7,22,A,75,Referral Network,2026-07-11T20:23:13Z
CREAM-20260711-00166,Jonathan Perez,jperez@hotmail.com,(980) 398-4835,RE/MAX,Colorado Springs,CO,80906,4,8,A,94,Referral Network,2026-07-11T16:57:19Z
CREAM-20260711-00167,Maria Martin,maria_martin@gmail.com,(980) 309-6355,RE/MAX,San Francisco,CA,91407,21,79,A,87,Realtor.com,2026-07-11T07:38:04Z
CREAM-20260711-00168,Ruth Rogers,ruthr@gmail.com,(256) 618-8599,Allen Tate,Greensboro,NC,27912,25,32,A,88,Referral Network,2026-07-11T05:50:14Z
CREAM-20260711-00169,Emily Phillips,emily_phillips@icloud.com,(646) 637-8461,Coldwell Banker,Scottsdale,AZ,86527,12,68,A,85,Website Lead,2026-07-11T13:24:51Z
CREAM-20260711-00170,Donna Davis,donna_davis@icloud.com,(234) 677-1264,eXp Realty,Denver,CO,81334,3,14,A,83,Cold Outreach,2026-07-11T00:34:28Z
CREAM-20260711-00171,David Wood,davidwood@gmail.com,(916) 623-5684,Berkshire Hathaway,Aurora,CO,81325,15,68,A,92,Website Lead,2026-07-11T22:39:30Z
CREAM-20260711-00172,Jason Morgan,jasonm@icloud.com,(305) 303-3692,eXp Realty,Columbus,OH,44165,4,15,A,91,MLS Database,2026-07-11T19:04:49Z
CREAM-20260711-00173,Stephen Jackson,stephen.jackson@exprealty.com,(305) 236-9898,eXp Realty,Mesa,AZ,85927,0,2,A,62,Brokerage Listings,2026-07-11T11:56:00Z
CREAM-20260711-00174,Lisa Mendoza,lmendoza@kellerwilliams.com,(512) 317-1541,Keller Williams,New York City,NY,10330,14,48,A,83,Referral Network,2026-07-11T11:41:26Z
CREAM-20260711-00175,Thomas Jones,thomas.jones@pacificsothebys.com,(916) 718-6314,Pacific Sotheby's,San Francisco,CA,91790,11,63,A,100,Cold Outreach,2026-07-11T10:58:50Z
CREAM-20260711-00176,Jennifer Richardson,jennifer.richardson@icloud.com,(469) 894-4779,RE/MAX,Austin,TX,75342,25,79,A,94,Realtor.com,2026-07-11T11:32:48Z
CREAM-20260711-00177,Jeffrey Ramirez,jramirez@yahoo.com,(310) 436-9813,RE/MAX,Columbus,OH,45486,19,46,A,66,Brokerage Listings,2026-07-11T15:02:34Z
CREAM-20260711-00178,Shirley Cook,shirley.cook@homesmart.com,(646) 265-1114,HomeSmart,Mesa,AZ,86727,1,9,A,62,Realtor.com,2026-07-11T04:16:47Z
CREAM-20260711-00179,Robert Bennett,robertbennett@gmail.com,(512) 571-1767,Berkshire Hathaway,St. Petersburg,FL,34244,0,2,A,66,MLS Database,2026-07-11T13:26:46Z
CREAM-20260711-00180,Karen Long,karenlong@aol.com,(714) 214-8766,Keller Williams,Austin,TX,75729,1,8,A,60,Realtor.com,2026-07-11T11:34:12Z
CREAM-20260711-00181,Jonathan Scott,jonathan_scott@gmail.com,(305) 823-6046,Berkshire Hathaway,San Antonio,TX,76135,21,56,A,88,MLS Database,2026-07-11T10:50:22Z
CREAM-20260711-00182,Donna Gomez,donna.gomez@icloud.com,(713) 367-4067,Sotheby's International,Staten Island,NY,13523,6,24,A,64,NAR Directory,2026-07-11T07:58:25Z
CREAM-20260711-00183,Larry Reed,larry.reed@aol.com,(256) 927-7924,Keller Williams Realty,Orlando,FL,33223,4,18,A,78,NAR Directory,2026-07-11T20:38:24Z
CREAM-20260711-00184,Barbara Gomez,bgomez@kellerwilliams.com,(407) 762-7949,Keller Williams,San Antonio,TX,75230,5,22,A,89,Website Lead,2026-07-11T14:39:52Z
CREAM-20260711-00185,George Sanchez,gsanchez@re/max.com,(512) 361-4977,RE/MAX,Miami,FL,34228,2,5,A,89,LinkedIn,2026-07-11T19:55:59Z
CREAM-20260711-00186,Gregory Parker,gregory.parker@icloud.com,(916) 333-2763,HomeSmart,Tucson,AZ,85290,3,16,A,79,LinkedIn,2026-07-11T03:19:38Z
CREAM-20260711-00187,Deborah Ramirez,deborah.ramirez@me.com,(704) 502-3062,eXp Realty,Phoenix,AZ,86909,16,61,A,75,Facebook,2026-07-11T01:00:56Z
CREAM-20260711-00188,Ryan Cooper,ryanc@compass.com,(415) 717-7149,Compass,Greensboro,NC,28649,2,6,A,95,Referral Network,2026-07-11T23:30:50Z
CREAM-20260711-00189,Heather Davis,heather.davis@huntingtonrealestate.com,(512) 834-6482,Huntington Real Estate,Cleveland,OH,45986,12,76,A,88,Trade Show,2026-07-11T12:35:35Z
CREAM-20260711-00190,Kathleen Reed,kathleen_reed@yahoo.com,(919) 450-9474,eXp Realty,Raleigh,NC,27823,16,51,A,96,LinkedIn,2026-07-11T05:06:57Z
CREAM-20260711-00191,David Baker,dbaker@aol.com,(929) 482-7270,Keller Williams,Colorado Springs,CO,81324,2,10,A,61,Cold Outreach,2026-07-11T00:54:33Z
CREAM-20260711-00192,Charles Peterson,charlesp@gmail.com,(704) 755-4343,Compass,Denver,CO,80684,3,20,A,91,Brokerage Listings,2026-07-11T15:14:14Z
CREAM-20260711-00193,Brenda Castillo,brendac@me.com,(704) 260-8493,RE/MAX,San Jose,CA,93331,17,52,A,82,Realtor.com,2026-07-11T07:07:50Z
CREAM-20260711-00194,Dennis Carter,dennis.carter@re/max.com,(805) 796-1090,RE/MAX,Jacksonville,FL,32352,17,30,A,94,Trade Show,2026-07-11T12:47:22Z
CREAM-20260711-00195,Christopher Moore,cmoore@kellerwilliams.com,(929) 710-8976,Keller Williams,Greensboro,NC,28467,2,11,A,76,MLS Database,2026-07-11T13:54:50Z
CREAM-20260711-00196,Kathleen Diaz,kathleend@gmail.com,(512) 551-4597,HER Realtors,Columbus,OH,45377,20,60,A,86,Cold Outreach,2026-07-11T06:54:03Z
CREAM-20260711-00197,Lisa Alvarez,lisaa@gmail.com,(256) 523-3220,eXp Realty,Cincinnati,OH,43858,4,19,A,73,Facebook,2026-07-11T03:55:04Z
CREAM-20260711-00198,Mark Brown,mark_brown@gmail.com,(234) 962-9700,Coldwell Banker,Aurora,CO,80226,15,67,A,64,Cold Outreach,2026-07-11T05:06:21Z
CREAM-20260711-00199,Pamela Martinez,pamela.martinez@yahoo.com,(714) 998-5798,Compass,San Diego,CA,94929,18,49,A,84,Brokerage Listings,2026-07-11T02:55:19Z
CREAM-20260711-00200,Amanda Gomez,amanda.gomez@icloud.com,(512) 546-4679,Allie Beth Allman,Fort Worth,TX,76790,3,24,A,75,Website Lead,2026-07-11T20:23:59Z
CREAM-20260711-00201,Sarah Brooks,sarah_brooks@yahoo.com,(916) 873-8035,Berkshire Hathaway,Miami,FL,34398,2,5,A,76,Trade Show,2026-07-11T16:15:35Z
CREAM-20260711-00202,Alexander Gray,agray@sothebysinternational.com,(214) 970-4172,Sotheby's International,Oakland,CA,94770,3,13,A,64,MLS Database,2026-07-11T17:02:37Z
CREAM-20260711-00203,Sharon Ortiz,sortiz@gmail.com,(407) 585-1255,Compass,Colorado Springs,CO,81910,2,4,A,97,Brokerage Listings,2026-07-11T00:58:26Z
CREAM-20260711-00204,John Sanchez,jsanchez@aol.com,(310) 939-4365,eXp Realty,Phoenix,AZ,86404,2,3,A,94,MLS Database,2026-07-11T05:09:55Z
CREAM-20260711-00205,Robert Allen,rallen@re/max.com,(415) 965-8865,RE/MAX,Fort Worth,TX,75803,19,64,A,100,NAR Directory,2026-07-11T17:29:08Z
CREAM-20260711-00206,Steven Patel,stevenp@berkshirehathaway.com,(602) 923-3249,Berkshire Hathaway,Colorado Springs,CO,80140,2,5,A,83,Brokerage Listings,2026-07-11T09:24:27Z
CREAM-20260711-00207,Debra Jenkins,debra_jenkins@gmail.com,(334) 696-3697,Keller Williams,Raleigh,NC,27945,5,25,A,71,Facebook,2026-07-11T15:31:22Z
CREAM-20260711-00208,Mark Bailey,mark.bailey@douglaselliman.com,(512) 218-8491,Douglas Elliman,Fort Lauderdale,FL,32691,5,23,A,86,Realtor.com,2026-07-11T22:00:15Z
CREAM-20260711-00209,Carolyn Walker,cwalker@icloud.com,(303) 330-8677,Sotheby's International,Long Beach,CA,92262,5,12,A,84,Brokerage Listings,2026-07-11T23:44:26Z
CREAM-20260711-00210,Laura Evans,laura.evans@exprealty.com,(805) 617-1890,eXp Realty,St. Petersburg,FL,34925,5,19,A,63,Trade Show,2026-07-11T22:02:36Z
CREAM-20260711-00211,Kathleen Campbell,kcampbell@aol.com,(972) 760-6742,Coldwell Banker,Columbus,OH,44220,1,5,A,94,Brokerage Listings,2026-07-11T08:00:16Z
CREAM-20260711-00212,Nicholas Castillo,nicholascastillo@yahoo.com,(404) 657-5549,RE/MAX,Orlando,FL,33524,17,57,A,88,Website Lead,2026-07-11T20:05:15Z
CREAM-20260711-00213,Catherine Brooks,cbrooks@gmail.com,(415) 797-2849,Keller Williams,Dallas,TX,78571,19,62,A,86,Cold Outreach,2026-07-11T08:21:50Z
CREAM-20260711-00214,Nicole James,nicolejames@gmail.com,(334) 293-8642,Howard Hanna,Charlotte,NC,28378,8,21,A,78,Realtor.com,2026-07-11T12:27:37Z
CREAM-20260711-00215,Karen Bennett,karen.bennett@me.com,(469) 387-6708,Allen Tate,Charlotte,NC,27516,0,2,A,86,Facebook,2026-07-11T00:03:09Z
CREAM-20260711-00216,Stephanie Nguyen,snguyen@outlook.com,(305) 286-3437,Berkshire Hathaway,Fort Lauderdale,FL,32451,9,31,A,74,NAR Directory,2026-07-11T09:04:56Z
CREAM-20260711-00217,Benjamin Robinson,benjamin.robinson@berkshirehathawayhomeservices.com,(980) 686-4502,Berkshire Hathaway HomeServices,San Jose,CA,93156,2,8,A,94,Cold Outreach,2026-07-11T07:25:27Z
CREAM-20260711-00218,Mary Foster,maryfoster@outlook.com,(919) 779-2041,RE/MAX,San Francisco,CA,94753,3,14,A,72,Referral Network,2026-07-11T17:28:36Z
CREAM-20260711-00219,Justin Cooper,jcooper@douglaselliman.com,(980) 484-1768,Douglas Elliman,Queens,NY,14113,3,21,A,79,Cold Outreach,2026-07-11T12:45:04Z
CREAM-20260711-00220,George Robinson,grobinson@me.com,(513) 486-1003,Allie Beth Allman,Dallas,TX,76510,5,21,A,67,Referral Network,2026-07-11T05:30:24Z
CREAM-20260711-00221,Timothy Allen,timothyallen@yahoo.com,(614) 234-9057,HER Realtors,Cincinnati,OH,44277,4,10,A,60,Cold Outreach,2026-07-11T19:03:46Z
CREAM-20260711-00222,Stephanie Perry,sperry@compass.com,(305) 664-7367,Compass,Denver,CO,81362,2,10,A,96,Trade Show,2026-07-11T00:02:44Z
CREAM-20260711-00223,Catherine White,catherine_white@hotmail.com,(646) 278-5202,Halstead,Staten Island,NY,10458,9,33,A,94,MLS Database,2026-07-11T18:41:00Z
CREAM-20260711-00224,Emily Collins,ecollins@outlook.com,(513) 691-4347,HER Realtors,Cleveland,OH,45671,6,29,A,92,LinkedIn,2026-07-11T20:27:39Z
CREAM-20260711-00225,George Jenkins,george.jenkins@re/max.com,(310) 908-1463,RE/MAX,Colorado Springs,CO,81502,6,38,A,97,Referral Network,2026-07-11T02:50:36Z
CREAM-20260711-00226,Matthew Sanchez,matthewsanchez@aol.com,(334) 448-4732,Douglas Elliman,San Antonio,TX,77176,4,19,A,81,NAR Directory,2026-07-11T06:27:27Z
CREAM-20260711-00227,Timothy Robinson,trobinson@cutlerrealestate.com,(404) 415-6758,Cutler Real Estate,Columbus,OH,45427,3,11,A,90,NAR Directory,2026-07-11T11:17:06Z
CREAM-20260711-00228,Nancy Jenkins,nancy.jenkins@aol.com,(714) 251-8922,Briggs Freeman Sotheby's,Dallas,TX,78950,19,30,A,71,Realtor.com,2026-07-11T08:43:45Z
CREAM-20260711-00229,Steven James,stevenj@gmail.com,(404) 956-7053,eXp Realty,Tampa,FL,34435,0,3,A,79,NAR Directory,2026-07-11T02:12:27Z
CREAM-20260711-00230,Jason Hernandez,jason.hernandez@hotmail.com,(469) 381-2866,Halstead,Brooklyn,NY,12397,1,10,A,81,Cold Outreach,2026-07-11T01:29:30Z
CREAM-20260711-00231,Ashley Roberts,ashleyroberts@me.com,(334) 415-5213,Briggs Freeman Sotheby's,Houston,TX,75360,5,9,A,68,NAR Directory,2026-07-11T01:06:28Z
CREAM-20260711-00232,Angela Taylor,angela_taylor@gmail.com,(415) 310-2462,RE/MAX,Aurora,CO,81744,19,50,A,93,NAR Directory,2026-07-11T15:53:18Z
CREAM-20260711-00233,Betty Martinez,betty.martinez@berkshirehathaway.com,(786) 420-6116,Berkshire Hathaway,Phoenix,AZ,85564,4,11,A,78,Trade Show,2026-07-11T17:57:45Z
CREAM-20260711-00234,Andrew Martin,amartin@yahoo.com,(407) 859-2844,Compass,Jacksonville,FL,32298,4,21,A,88,Trade Show,2026-07-11T23:43:11Z
CREAM-20260711-00235,Debra Taylor,debrat@aol.com,(214) 894-8856,Keller Williams Realty,San Jose,CA,91665,4,22,A,99,NAR Directory,2026-07-11T08:03:36Z
CREAM-20260711-00236,Sandra Rogers,sandra.rogers@yahoo.com,(916) 586-5299,Brown Harris Stevens,Bronx,NY,13396,25,58,A,94,Facebook,2026-07-11T00:26:00Z
CREAM-20260711-00237,Joshua Carter,joshua_carter@yahoo.com,(713) 477-6528,Keller Williams,Tucson,AZ,86624,3,22,A,71,NAR Directory,2026-07-11T17:52:24Z
CREAM-20260711-00238,Alexander Wright,alexanderwright@outlook.com,(469) 896-5125,Nest Seekers,Bronx,NY,10540,11,74,A,73,Facebook,2026-07-11T07:07:24Z
CREAM-20260711-00239,Lisa Collins,lisa.collins@icloud.com,(404) 975-6138,8z Real Estate,Denver,CO,81744,0,0,A,94,Website Lead,2026-07-11T10:39:23Z
CREAM-20260711-00240,Carolyn Baker,carolyn.baker@me.com,(512) 761-8232,Compass,Charlotte,NC,27161,23,66,A,90,NAR Directory,2026-07-11T17:36:42Z
CREAM-20260711-00241,Stephanie Scott,stephanies@gmail.com,(646) 870-7078,HomeSmart,Phoenix,AZ,85552,11,64,A,91,Referral Network,2026-07-11T05:26:51Z
CREAM-20260711-00242,Rachel Perry,rachel.perry@icloud.com,(916) 758-8118,Compass,Oakland,CA,96722,0,5,A,98,Referral Network,2026-07-11T22:38:31Z
CREAM-20260711-00243,Sarah Adams,sadams@yahoo.com,(718) 597-5719,HomeSmart,Scottsdale,AZ,85502,4,8,A,84,Brokerage Listings,2026-07-11T16:02:38Z
CREAM-20260711-00244,Gary Ramirez,gramirez@yahoo.com,(214) 413-3700,eXp Realty,Long Beach,CA,95747,8,34,A,95,MLS Database,2026-07-11T07:26:56Z
CREAM-20260711-00245,Benjamin Jenkins,benjamin.jenkins@icloud.com,(407) 975-3808,Brown Harris Stevens,Brooklyn,NY,13727,23,26,A,63,Referral Network,2026-07-11T05:59:03Z
CREAM-20260711-00246,Raymond Reyes,rreyes@yahoo.com,(805) 410-7527,Berkshire Hathaway,Raleigh,NC,27178,4,12,A,85,Website Lead,2026-07-11T08:47:52Z
CREAM-20260711-00247,Anthony Anderson,anthonyanderson@outlook.com,(415) 260-9907,Keller Williams,Greensboro,NC,28489,5,13,A,73,Brokerage Listings,2026-07-11T02:19:13Z
CREAM-20260711-00248,Mary Anderson,manderson@aol.com,(310) 440-5420,eXp Realty,Phoenix,AZ,86365,4,10,A,95,NAR Directory,2026-07-11T18:11:27Z
CREAM-20260711-00249,Susan Taylor,susant@aol.com,(704) 597-2686,eXp Realty,Orlando,FL,32629,1,3,A,94,Realtor.com,2026-07-11T13:48:10Z
CREAM-20260711-00250,William Stewart,williamstewart@outlook.com,(916) 271-3432,Coldwell Banker,Aurora,CO,81651,5,23,A,78,LinkedIn,2026-07-11T21:20:10Z
CREAM-20260711-00251,Diane Turner,diane_turner@yahoo.com,(513) 693-4667,Coldwell Banker,Greensboro,NC,27912,6,25,A,86,Realtor.com,2026-07-11T22:15:50Z
CREAM-20260711-00252,Joseph Rodriguez,jrodriguez@huntingtonrealestate.com,(310) 519-4159,Huntington Real Estate,Columbus,OH,45889,4,12,A,63,Cold Outreach,2026-07-11T04:12:33Z
CREAM-20260711-00253,Kimberly Cox,kimberly.cox@hotmail.com,(720) 731-3063,Berkshire Hathaway HomeServices,Los Angeles,CA,91447,23,29,A,64,Website Lead,2026-07-11T00:01:36Z
CREAM-20260711-00254,Rachel Gonzalez,rgonzalez@yahoo.com,(972) 293-3732,Sotheby's International,San Jose,CA,96665,1,6,A,73,LinkedIn,2026-07-11T19:07:50Z
CREAM-20260711-00255,Patricia Roberts,patricia.roberts@gmail.com,(919) 245-8268,Berkshire Hathaway,St. Petersburg,FL,33628,6,29,A,64,Trade Show,2026-07-11T14:19:42Z
CREAM-20260711-00256,Helen Ramos,hramos@me.com,(334) 614-8970,Coldwell Banker,Mesa,AZ,85141,12,53,A,95,Referral Network,2026-07-11T05:43:23Z
CREAM-20260711-00257,Elizabeth Jackson,elizabeth.jackson@yahoo.com,(704) 215-6949,Sotheby's International,Brooklyn,NY,11697,15,25,A,75,MLS Database,2026-07-11T02:11:23Z
CREAM-20260711-00258,Dennis Rogers,dennisrogers@yahoo.com,(512) 907-5494,Compass,Aurora,CO,80170,4,24,A,71,MLS Database,2026-07-11T15:02:14Z
CREAM-20260711-00259,Susan Miller,susan.miller@aol.com,(310) 713-1090,Allie Beth Allman,San Antonio,TX,77789,21,74,A,67,MLS Database,2026-07-11T22:05:21Z
CREAM-20260711-00260,Thomas Smith,thomas_smith@me.com,(469) 337-5012,Coldwell Banker,San Francisco,CA,94135,2,6,A,68,MLS Database,2026-07-11T02:02:10Z
CREAM-20260711-00261,Nancy Thomas,nancy.thomas@aol.com,(929) 294-9882,Berkshire Hathaway HomeServices,Sacramento,CA,94161,3,16,A,84,Cold Outreach,2026-07-11T07:24:58Z
CREAM-20260711-00262,Mary Harris,maryh@douglaselliman.com,(513) 372-3256,Douglas Elliman,El Paso,TX,76170,1,7,A,68,Brokerage Listings,2026-07-11T10:06:51Z
CREAM-20260711-00263,Carolyn Martin,carolynmartin@yahoo.com,(404) 844-7744,Compass,Fort Lauderdale,FL,34226,1,10,A,85,Facebook,2026-07-11T13:19:07Z
CREAM-20260711-00264,John Flores,jflores@sothebysinternational.com,(713) 766-1963,Sotheby's International,San Diego,CA,94589,1,4,A,91,NAR Directory,2026-07-11T09:48:37Z
CREAM-20260711-00265,Brandon Alvarez,brandon.alvarez@livsothebys.com,(614) 563-2764,LIV Sotheby's,Denver,CO,81555,12,46,A,92,Website Lead,2026-07-11T04:08:54Z
CREAM-20260711-00266,Dorothy Ward,dward@yahoo.com,(256) 945-9082,RE/MAX,Mesa,AZ,85862,0,2,A,77,Brokerage Listings,2026-07-11T16:11:51Z
CREAM-20260711-00267,Maria Cook,maria_cook@outlook.com,(602) 396-4379,RE/MAX,Mesa,AZ,85257,19,76,A,71,Facebook,2026-07-11T09:25:36Z
CREAM-20260711-00268,Christopher Bennett,cbennett@berkshirehathaway.com,(404) 674-7798,Berkshire Hathaway,Denver,CO,80420,16,73,A,87,Cold Outreach,2026-07-11T06:21:05Z
CREAM-20260711-00269,Ryan Thompson,ryanthompson@aol.com,(713) 894-2271,Douglas Elliman,Orlando,FL,34639,3,19,A,88,Facebook,2026-07-11T02:37:45Z
CREAM-20260711-00270,Aaron Harris,aaron.harris@berkshirehathawayhomeservices.com,(407) 794-2762,Berkshire Hathaway HomeServices,San Jose,CA,95272,0,1,A,90,NAR Directory,2026-07-11T14:16:42Z
CREAM-20260711-00271,Donald Smith,donaldsmith@icloud.com,(404) 546-2069,eXp Realty,Jacksonville,FL,33952,4,9,A,77,Facebook,2026-07-11T17:30:25Z
CREAM-20260711-00272,Patrick Kelly,patrick.kelly@gmail.com,(214) 626-9089,Berkshire Hathaway,Mesa,AZ,86242,24,50,A,97,Realtor.com,2026-07-11T15:28:09Z
CREAM-20260711-00273,Anna Murphy,anna.murphy@kellerwilliamsrealty.com,(512) 371-5719,Keller Williams Realty,Jacksonville,FL,32118,4,13,A,60,Trade Show,2026-07-11T20:47:04Z
CREAM-20260711-00274,Gregory Hernandez,gregoryh@me.com,(512) 839-9296,Berkshire Hathaway HomeServices,Long Beach,CA,93424,0,1,A,77,Cold Outreach,2026-07-11T00:40:21Z
CREAM-20260711-00275,Lisa Sanders,lisas@exprealty.com,(602) 823-7449,eXp Realty,Greensboro,NC,27323,0,4,A,71,Realtor.com,2026-07-11T02:56:31Z
CREAM-20260711-00276,Janet King,janet.king@re/max.com,(256) 545-4403,RE/MAX,Raleigh,NC,27348,3,17,A,85,Website Lead,2026-07-11T17:30:47Z
CREAM-20260711-00277,Catherine Garcia,catherinegarcia@icloud.com,(602) 261-9605,RE/MAX,Miami,FL,32753,22,47,A,72,Cold Outreach,2026-07-11T11:56:38Z
CREAM-20260711-00278,Maria Flores,mariaflores@hotmail.com,(786) 467-3271,eXp Realty,Mesa,AZ,86213,3,13,A,65,Trade Show,2026-07-11T13:58:40Z
CREAM-20260711-00279,Janet Carter,janet.carter@gmail.com,(513) 203-4687,Long Realty,Mesa,AZ,85161,25,38,A,83,Trade Show,2026-07-11T07:46:55Z
CREAM-20260711-00280,Jennifer Myers,jennifer_myers@gmail.com,(919) 671-2790,Keller Williams,New York City,NY,12280,5,18,A,73,Cold Outreach,2026-07-11T14:18:35Z
CREAM-20260711-00281,Dorothy Miller,dorothy.miller@icloud.com,(919) 380-8215,LIV Sotheby's,Colorado Springs,CO,81111,13,28,A,93,MLS Database,2026-07-11T10:18:43Z
CREAM-20260711-00282,Katherine Nguyen,katherine.nguyen@yahoo.com,(980) 513-3500,eXp Realty,Charlotte,NC,27644,25,78,A,65,Brokerage Listings,2026-07-11T22:37:56Z
CREAM-20260711-00283,Aaron Reed,aaronr@hotmail.com,(805) 414-3674,HomeSmart,Phoenix,AZ,86943,18,67,A,63,LinkedIn,2026-07-11T01:00:16Z
CREAM-20260711-00284,Jerry Morris,jerrym@aol.com,(512) 818-1997,RE/MAX,Austin,TX,77409,6,25,A,83,Referral Network,2026-07-11T23:51:46Z
CREAM-20260711-00285,Aaron Rodriguez,aaron.rodriguez@aol.com,(513) 835-6525,Keller Williams,Raleigh,NC,27880,23,32,A,89,NAR Directory,2026-07-11T12:10:49Z
CREAM-20260711-00286,Alexander Robinson,alexander_robinson@icloud.com,(720) 703-3466,Huntington Real Estate,Cleveland,OH,43564,16,35,A,83,Facebook,2026-07-11T19:17:10Z
CREAM-20260711-00287,James Cooper,jcooper@hotmail.com,(713) 835-6814,Halstead,New York City,NY,11513,17,59,A,79,Website Lead,2026-07-11T03:39:28Z
CREAM-20260711-00288,Kathleen Ross,kathleenross@aol.com,(614) 640-5501,Huntington Real Estate,Columbus,OH,43403,3,18,A,78,Referral Network,2026-07-11T00:10:38Z
CREAM-20260711-00289,David Martin,david_martin@aol.com,(916) 590-9340,RE/MAX,Cincinnati,OH,44766,25,43,A,62,NAR Directory,2026-07-11T21:23:05Z
CREAM-20260711-00290,Ryan Garcia,rgarcia@exprealty.com,(256) 279-9357,eXp Realty,San Francisco,CA,95139,18,32,A,61,Referral Network,2026-07-11T01:50:51Z
CREAM-20260711-00291,Kathleen Anderson,kathleen.anderson@icloud.com,(512) 802-3632,Berkshire Hathaway,Tucson,AZ,85931,17,56,A,93,Facebook,2026-07-11T07:36:10Z
CREAM-20260711-00292,Sharon Morris,smorris@livsothebys.com,(407) 695-9515,LIV Sotheby's,Aurora,CO,81112,14,73,A,61,Realtor.com,2026-07-11T15:57:48Z
CREAM-20260711-00293,Scott White,scott.white@outlook.com,(720) 533-9924,Compass,Denver,CO,80748,3,10,A,93,NAR Directory,2026-07-11T15:26:30Z
CREAM-20260711-00294,Robert James,robertj@alliebethallman.com,(714) 849-5051,Allie Beth Allman,Fort Worth,TX,77261,6,28,A,75,NAR Directory,2026-07-11T23:43:23Z
CREAM-20260711-00295,Carol Perez,carolp@sothebysinternational.com,(646) 480-7539,Sotheby's International,Queens,NY,14939,0,3,A,91,Trade Show,2026-07-11T00:52:13Z
CREAM-20260711-00296,Tyler Wilson,tylerw@icloud.com,(303) 907-3908,eXp Realty,Jacksonville,FL,34575,15,37,A,61,LinkedIn,2026-07-11T17:21:10Z
CREAM-20260711-00297,Michael Ross,michaelr@outlook.com,(805) 465-5803,Keller Williams,Houston,TX,78597,9,19,A,62,Referral Network,2026-07-11T17:07:14Z
CREAM-20260711-00298,Diane Harris,dianeh@re/max.com,(334) 702-2826,RE/MAX,El Paso,TX,78676,0,1,A,63,Facebook,2026-07-11T20:20:23Z
CREAM-20260711-00299,Pamela Cox,pamela_cox@icloud.com,(972) 265-5532,Halstead,Manhattan,NY,11462,7,35,A,83,Facebook,2026-07-11T18:39:11Z
CREAM-20260711-00300,Robert Moore,rmoore@outlook.com,(310) 421-4751,Berkshire Hathaway HomeServices,San Diego,CA,96146,5,22,A,68,Trade Show,2026-07-11T10:09:01Z
CREAM-20260711-00301,Janet Gomez,jgomez@outlook.com,(234) 325-1737,Coldwell Banker,Cincinnati,OH,43410,5,9,A,85,NAR Directory,2026-07-11T00:23:31Z
CREAM-20260711-00302,Brian Jenkins,brian.jenkins@longrealty.com,(303) 842-6888,Long Realty,Phoenix,AZ,86619,2,8,A,80,MLS Database,2026-07-11T23:49:28Z
CREAM-20260711-00303,Melissa Allen,melissaa@hotmail.com,(714) 230-2181,Russell Lyon Sotheby's,Phoenix,AZ,85411,13,78,A,72,Website Lead,2026-07-11T14:43:58Z
CREAM-20260711-00304,Stephen Hernandez,shernandez@outlook.com,(404) 519-2824,Long Realty,Tucson,AZ,85743,12,69,A,97,Referral Network,2026-07-11T05:20:10Z
CREAM-20260711-00305,Catherine Scott,catherines@russelllyonsothebys.com,(305) 919-2562,Russell Lyon Sotheby's,Scottsdale,AZ,86536,11,43,A,80,MLS Database,2026-07-11T22:55:01Z
CREAM-20260711-00306,Carol Torres,ctorres@aol.com,(704) 632-2739,LIV Sotheby's,Colorado Springs,CO,80194,16,75,A,87,NAR Directory,2026-07-11T12:47:50Z
CREAM-20260711-00307,Andrew King,andrewk@gmail.com,(469) 570-7050,RE/MAX,Los Angeles,CA,91327,4,24,A,86,Realtor.com,2026-07-11T07:53:19Z
CREAM-20260711-00308,Mary Mendoza,mmendoza@re/max.com,(310) 641-6447,RE/MAX,Colorado Springs,CO,80714,3,13,A,65,Cold Outreach,2026-07-11T22:35:34Z
CREAM-20260711-00309,Ryan White,ryan.white@coldwellbanker.com,(929) 222-6320,Coldwell Banker,Scottsdale,AZ,85450,5,11,A,67,MLS Database,2026-07-11T13:16:55Z
CREAM-20260711-00310,Janet Long,janet.long@gmail.com,(713) 471-8105,RE/MAX,Aurora,CO,80556,9,29,A,99,LinkedIn,2026-07-11T13:12:30Z
CREAM-20260711-00311,Brian Collins,brian_collins@outlook.com,(212) 762-7699,Briggs Freeman Sotheby's,Houston,TX,78124,24,67,A,95,Website Lead,2026-07-11T18:00:30Z
CREAM-20260711-00312,Elizabeth Cooper,elizabethcooper@outlook.com,(614) 433-2718,Keller Williams,Houston,TX,79973,3,13,A,93,Cold Outreach,2026-07-11T05:10:16Z
CREAM-20260711-00313,Brian Cooper,brian.cooper@re/max.com,(602) 691-9660,RE/MAX,Fort Worth,TX,79721,3,12,A,62,Website Lead,2026-07-11T03:46:56Z
CREAM-20260711-00314,Jonathan Flores,jonathan_flores@me.com,(646) 332-2746,Russell Lyon Sotheby's,Phoenix,AZ,85316,10,52,A,96,MLS Database,2026-07-11T05:26:30Z
CREAM-20260711-00315,Brandon Scott,bscott@hotmail.com,(214) 774-3548,RE/MAX,Orlando,FL,32587,18,60,A,68,Cold Outreach,2026-07-11T23:42:14Z
CREAM-20260711-00316,Michael Ruiz,michael.ruiz@pacificsothebys.com,(614) 408-7599,Pacific Sotheby's,Los Angeles,CA,94150,3,8,A,70,Trade Show,2026-07-11T16:12:25Z
CREAM-20260711-00317,Jonathan Ramirez,jramirez@douglaselliman.com,(713) 662-5702,Douglas Elliman,Manhattan,NY,10104,17,52,A,65,Cold Outreach,2026-07-11T00:12:14Z
CREAM-20260711-00318,Christine Brooks,cbrooks@icloud.com,(602) 371-9603,RE/MAX,Jacksonville,FL,32584,0,2,A,84,Trade Show,2026-07-11T02:53:03Z
CREAM-20260711-00319,Kenneth Gutierrez,kgutierrez@coldwellbanker.com,(415) 894-3973,Coldwell Banker,Denver,CO,80745,8,21,A,69,Cold Outreach,2026-07-11T19:07:04Z
CREAM-20260711-00320,Amanda Scott,amanda.scott@homesmart.com,(513) 621-7771,HomeSmart,Mesa,AZ,86133,25,44,A,73,Brokerage Listings,2026-07-11T14:53:26Z
CREAM-20260711-00321,Sharon Wood,swood@douglaselliman.com,(256) 695-7505,Douglas Elliman,Manhattan,NY,13329,14,30,A,90,Referral Network,2026-07-11T02:37:05Z
CREAM-20260711-00322,Laura Jimenez,lauraj@yahoo.com,(704) 566-6451,Long Realty,Phoenix,AZ,86535,3,13,A,67,Cold Outreach,2026-07-11T00:39:57Z
CREAM-20260711-00323,Samuel Ward,samuel.ward@re/max.com,(980) 406-9545,RE/MAX,Fort Worth,TX,79671,5,19,A,95,Referral Network,2026-07-11T06:35:05Z
CREAM-20260711-00324,Samantha Nelson,samantha_nelson@icloud.com,(334) 568-8632,RE/MAX,Columbus,OH,44560,18,34,A,73,Website Lead,2026-07-11T04:56:08Z
CREAM-20260711-00325,Eric Baker,eric_baker@icloud.com,(234) 388-1441,Nest Seekers,Manhattan,NY,13786,2,4,A,81,Website Lead,2026-07-11T17:17:52Z
CREAM-20260711-00326,Laura Parker,laura.parker@aol.com,(718) 657-1031,RE/MAX,Raleigh,NC,28271,20,69,A,73,Realtor.com,2026-07-11T22:58:13Z
CREAM-20260711-00327,Timothy Parker,timothyp@yahoo.com,(303) 669-6709,Keller Williams,Columbus,OH,44558,3,12,A,100,Cold Outreach,2026-07-11T04:46:00Z
CREAM-20260711-00328,Ryan Wright,ryan.wright@yahoo.com,(714) 304-3440,eXp Realty,Houston,TX,79681,10,78,A,99,MLS Database,2026-07-11T20:14:29Z
CREAM-20260711-00329,Kathleen Morales,kmorales@huntingtonrealestate.com,(916) 407-5302,Huntington Real Estate,Columbus,OH,45960,3,18,A,91,Realtor.com,2026-07-11T12:06:31Z
CREAM-20260711-00330,Tyler Castillo,tylerc@longrealty.com,(786) 500-1653,Long Realty,Scottsdale,AZ,86973,21,31,A,79,MLS Database,2026-07-11T12:36:31Z
CREAM-20260711-00331,Nicole Smith,nsmith@huntingtonrealestate.com,(234) 982-2558,Huntington Real Estate,Columbus,OH,44248,0,3,A,84,Referral Network,2026-07-11T13:33:30Z
CREAM-20260711-00332,Amanda Nelson,amandanelson@gmail.com,(512) 330-6036,Compass,Raleigh,NC,27465,3,23,A,91,NAR Directory,2026-07-11T14:08:15Z
CREAM-20260711-00333,Nicole Clark,nclark@howardhanna.com,(469) 653-8279,Howard Hanna,Charlotte,NC,28573,17,30,A,82,Website Lead,2026-07-11T16:04:23Z
CREAM-20260711-00334,Robert Ross,robertr@hotmail.com,(234) 294-8298,Huntington Real Estate,Cincinnati,OH,44320,5,11,A,98,NAR Directory,2026-07-11T23:12:39Z
CREAM-20260711-00335,Anna Kelly,annakelly@aol.com,(972) 242-9204,Berkshire Hathaway,Jacksonville,FL,33402,5,14,A,82,Website Lead,2026-07-11T12:35:29Z
CREAM-20260711-00336,Stephanie Cooper,stephaniec@gmail.com,(303) 243-3621,Berkshire Hathaway,El Paso,TX,77681,0,4,A,65,NAR Directory,2026-07-11T17:42:12Z
CREAM-20260711-00337,Charles Rodriguez,charlesr@icloud.com,(720) 231-7218,Berkshire Hathaway,Tampa,FL,33269,5,10,A,77,LinkedIn,2026-07-11T13:38:52Z
CREAM-20260711-00338,Jerry Flores,jflores@berkshirehathaway.com,(713) 806-8694,Berkshire Hathaway,Charlotte,NC,27976,5,20,A,76,Realtor.com,2026-07-11T21:51:34Z
CREAM-20260711-00339,Paul Cruz,paulc@kellerwilliams.com,(972) 742-6912,Keller Williams,Charlotte,NC,28174,5,10,A,80,MLS Database,2026-07-11T20:27:57Z
CREAM-20260711-00340,Jeffrey Campbell,jeffrey_campbell@icloud.com,(720) 245-1082,Coldwell Banker,Cleveland,OH,43654,21,33,A,82,Website Lead,2026-07-11T10:14:12Z
CREAM-20260711-00341,Alexander White,alexander.white@gmail.com,(972) 603-6500,Allie Beth Allman,San Antonio,TX,77474,0,0,A,83,Facebook,2026-07-11T20:56:49Z
CREAM-20260711-00342,Ryan Peterson,ryan.peterson@re/max.com,(919) 378-5826,RE/MAX,Dallas,TX,78436,2,11,A,88,Brokerage Listings,2026-07-11T22:26:52Z
CREAM-20260711-00343,Rachel Young,ryoung@aol.com,(916) 453-9144,eXp Realty,Columbus,OH,44608,4,15,A,98,Website Lead,2026-07-11T15:40:28Z
CREAM-20260711-00344,Jennifer Howard,jenniferhoward@icloud.com,(714) 208-5687,eXp Realty,Cleveland,OH,43403,6,37,A,87,Facebook,2026-07-11T00:43:22Z
CREAM-20260711-00345,Patrick Ross,patrickross@outlook.com,(334) 584-3617,Nest Seekers,Staten Island,NY,13848,3,24,A,85,Cold Outreach,2026-07-11T18:40:29Z
CREAM-20260711-00346,Jennifer Jones,jjones@me.com,(404) 954-3393,Compass,Aurora,CO,81269,7,32,A,60,NAR Directory,2026-07-11T05:38:00Z
CREAM-20260711-00347,Kevin Miller,kevinm@outlook.com,(404) 244-6639,Keller Williams,Raleigh,NC,27577,12,45,A,98,Realtor.com,2026-07-11T12:42:15Z
CREAM-20260711-00348,Ashley Wilson,ashleywilson@yahoo.com,(980) 895-2088,Keller Williams Realty,Jacksonville,FL,33146,1,12,A,77,Trade Show,2026-07-11T19:40:49Z
CREAM-20260711-00349,Amanda Wilson,awilson@outlook.com,(234) 595-9028,eXp Realty,Fort Lauderdale,FL,32670,13,56,A,79,Realtor.com,2026-07-11T04:12:41Z
CREAM-20260711-00350,Samantha Morales,samantha_morales@yahoo.com,(718) 963-6751,Long Realty,Phoenix,AZ,86106,16,56,A,77,Trade Show,2026-07-11T18:53:48Z
CREAM-20260711-00351,Pamela Cox,pamela.cox@kellerwilliams.com,(720) 233-2830,Keller Williams,Houston,TX,77405,13,80,A,60,Website Lead,2026-07-11T23:28:43Z
CREAM-20260711-00352,Timothy Reyes,timothy_reyes@outlook.com,(646) 880-7580,Allen Tate,Charlotte,NC,27225,2,10,A,92,Brokerage Listings,2026-07-11T19:45:11Z
CREAM-20260711-00353,Jason Anderson,janderson@aol.com,(513) 481-4371,HomeSmart,Tucson,AZ,85796,10,31,A,73,Brokerage Listings,2026-07-11T18:06:07Z
CREAM-20260711-00354,Samuel Wilson,samuel.wilson@douglaselliman.com,(512) 682-9641,Douglas Elliman,Brooklyn,NY,12557,1,10,A,63,MLS Database,2026-07-11T02:31:33Z
CREAM-20260711-00355,Alexander Green,alexander.green@longrealty.com,(256) 243-8137,Long Realty,Scottsdale,AZ,85424,22,74,A,93,LinkedIn,2026-07-11T12:47:20Z
CREAM-20260711-00356,Susan Young,susanyoung@hotmail.com,(415) 940-5544,Nest Seekers,Queens,NY,13836,2,12,A,63,LinkedIn,2026-07-11T08:59:54Z
CREAM-20260711-00357,Justin Howard,justin_howard@outlook.com,(720) 427-1362,Coldwell Banker,San Diego,CA,93676,24,30,A,97,Cold Outreach,2026-07-11T01:12:11Z
CREAM-20260711-00358,Kimberly Harris,kimberlyharris@hotmail.com,(214) 731-7445,Coldwell Banker,Greensboro,NC,28432,25,66,A,75,LinkedIn,2026-07-11T12:35:47Z
CREAM-20260711-00359,Jennifer Kelly,jennifer_kelly@aol.com,(713) 665-6802,LIV Sotheby's,Aurora,CO,80133,2,9,A,83,Website Lead,2026-07-11T12:46:24Z
CREAM-20260711-00360,Aaron Perez,aaron.perez@sothebysinternational.com,(720) 742-2988,Sotheby's International,Queens,NY,13878,10,59,A,61,Referral Network,2026-07-11T04:57:22Z
CREAM-20260711-00361,Heather Smith,heather.smith@corcorangroup.com,(980) 387-5051,Corcoran Group,Manhattan,NY,11472,20,67,A,97,Cold Outreach,2026-07-11T21:07:45Z
CREAM-20260711-00362,Ronald Evans,ronaldevans@me.com,(972) 713-7077,eXp Realty,San Francisco,CA,95685,7,17,A,95,Website Lead,2026-07-11T21:03:27Z
CREAM-20260711-00363,Angela Ramirez,angelar@exprealty.com,(614) 959-7258,eXp Realty,Charlotte,NC,28334,14,66,A,95,Trade Show,2026-07-11T19:59:47Z
CREAM-20260711-00364,Justin Roberts,jroberts@gmail.com,(303) 209-7228,8z Real Estate,Denver,CO,80383,4,25,A,69,NAR Directory,2026-07-11T04:56:52Z
CREAM-20260711-00365,Karen Wood,karen.wood@pacificsothebys.com,(513) 881-5883,Pacific Sotheby's,San Francisco,CA,93914,14,40,A,87,LinkedIn,2026-07-11T23:47:55Z
CREAM-20260711-00366,Jennifer Green,jennifergreen@icloud.com,(972) 534-3144,Allen Tate,Charlotte,NC,27905,3,21,A,81,Brokerage Listings,2026-07-11T03:02:14Z
CREAM-20260711-00367,Michael Wilson,mwilson@gmail.com,(469) 471-1948,Compass,Raleigh,NC,28401,10,54,A,77,Brokerage Listings,2026-07-11T10:55:17Z
CREAM-20260711-00368,Deborah Martin,deborah.martin@berkshirehathaway.com,(256) 766-6004,Berkshire Hathaway,Raleigh,NC,28920,4,22,A,76,MLS Database,2026-07-11T03:28:09Z
CREAM-20260711-00369,Lisa Moore,lisa.moore@yahoo.com,(305) 971-5742,Howard Hanna,Greensboro,NC,28232,2,7,A,91,MLS Database,2026-07-11T01:03:33Z
CREAM-20260711-00370,William Kim,wkim@berkshirehathaway.com,(972) 355-5199,Berkshire Hathaway,Tucson,AZ,85355,11,43,A,79,Realtor.com,2026-07-11T19:18:07Z
CREAM-20260711-00371,Helen Murphy,helenm@outlook.com,(614) 852-2506,Keller Williams Realty,St. Petersburg,FL,33415,20,68,A,80,Website Lead,2026-07-11T03:48:09Z
CREAM-20260711-00372,Deborah Castillo,deborahc@compass.com,(212) 520-4045,Compass,San Francisco,CA,92557,12,57,A,94,MLS Database,2026-07-11T23:22:32Z
CREAM-20260711-00373,Benjamin Stewart,benjamins@aol.com,(512) 516-3533,Coldwell Banker,Los Angeles,CA,93575,14,63,A,79,Brokerage Listings,2026-07-11T21:21:30Z
CREAM-20260711-00374,Christine Ramirez,cramirez@yahoo.com,(334) 466-4251,RE/MAX,Greensboro,NC,28949,5,14,A,73,LinkedIn,2026-07-11T01:22:36Z
CREAM-20260711-00375,Pamela Hill,pamelah@re/max.com,(980) 550-1598,RE/MAX,Phoenix,AZ,86571,0,3,A,94,MLS Database,2026-07-11T12:09:16Z
CREAM-20260711-00376,Heather Stewart,heather.stewart@aol.com,(234) 672-4925,eXp Realty,Austin,TX,79163,14,71,A,70,Cold Outreach,2026-07-11T01:15:50Z
CREAM-20260711-00377,Michelle Taylor,mtaylor@me.com,(469) 630-8457,Russell Lyon Sotheby's,Scottsdale,AZ,86256,17,77,A,99,Trade Show,2026-07-11T22:03:41Z
CREAM-20260711-00378,Daniel Jackson,daniel.jackson@kellerwilliams.com,(972) 482-9284,Keller Williams,Phoenix,AZ,86996,1,8,A,67,MLS Database,2026-07-11T12:14:59Z
CREAM-20260711-00379,Nicole Nelson,nicole.nelson@hotmail.com,(469) 538-6769,eXp Realty,Greensboro,NC,28421,2,4,A,67,Trade Show,2026-07-11T19:23:25Z
CREAM-20260711-00380,Andrew Thomas,andrew_thomas@hotmail.com,(718) 443-9800,Berkshire Hathaway,Scottsdale,AZ,85307,18,45,A,87,Trade Show,2026-07-11T20:39:33Z
CREAM-20260711-00381,Shirley Campbell,shirleyc@yahoo.com,(646) 409-8486,Cutler Real Estate,Cleveland,OH,45564,16,74,A,73,Website Lead,2026-07-11T01:26:22Z
CREAM-20260711-00382,James Wood,jwood@outlook.com,(980) 458-2843,Russell Lyon Sotheby's,Phoenix,AZ,86119,8,36,A,61,Realtor.com,2026-07-11T07:57:02Z
CREAM-20260711-00383,Daniel Wright,danielwright@me.com,(718) 435-7004,Cutler Real Estate,Columbus,OH,45788,14,71,A,78,NAR Directory,2026-07-11T01:38:26Z
CREAM-20260711-00384,Katherine Ramirez,katherine.ramirez@aol.com,(714) 368-6788,eXp Realty,Fort Worth,TX,75268,8,35,A,89,Website Lead,2026-07-11T00:39:49Z
CREAM-20260711-00385,Alexander Torres,alexandert@outlook.com,(713) 900-7685,HER Realtors,Cincinnati,OH,43462,8,30,A,87,MLS Database,2026-07-11T17:24:20Z
CREAM-20260711-00386,Thomas Baker,thomasbaker@yahoo.com,(512) 537-1188,Berkshire Hathaway HomeServices,San Francisco,CA,96809,0,5,A,63,Website Lead,2026-07-11T18:05:13Z
CREAM-20260711-00387,Lisa Lewis,lisal@me.com,(805) 257-1397,eXp Realty,Colorado Springs,CO,81486,4,18,A,65,Brokerage Listings,2026-07-11T00:10:34Z
CREAM-20260711-00388,Eric Young,eric.young@aol.com,(919) 751-4682,eXp Realty,Oakland,CA,94908,17,51,A,61,Trade Show,2026-07-11T10:39:45Z
CREAM-20260711-00389,Mark Mendoza,mark_mendoza@yahoo.com,(305) 435-5253,Allie Beth Allman,Houston,TX,77335,18,66,A,83,Brokerage Listings,2026-07-11T20:36:45Z
CREAM-20260711-00390,Sharon Reyes,sharonr@icloud.com,(916) 976-7915,Douglas Elliman,Jacksonville,FL,34265,1,9,A,80,Cold Outreach,2026-07-11T14:03:37Z
CREAM-20260711-00391,Karen Ortiz,kareno@icloud.com,(469) 897-5913,Douglas Elliman,San Antonio,TX,77541,9,37,A,99,LinkedIn,2026-07-11T21:35:03Z
CREAM-20260711-00392,Helen Bailey,hbailey@yahoo.com,(614) 512-8040,Coldwell Banker,Scottsdale,AZ,85699,23,67,A,77,MLS Database,2026-07-11T01:26:52Z
CREAM-20260711-00393,Kathleen Perez,kathleen_perez@aol.com,(614) 795-1205,Douglas Elliman,Brooklyn,NY,11125,2,3,A,62,Referral Network,2026-07-11T23:45:18Z
CREAM-20260711-00394,Ashley Clark,aclark@sothebysinternational.com,(305) 642-6468,Sotheby's International,Queens,NY,11748,25,53,A,71,Trade Show,2026-07-11T00:16:31Z
CREAM-20260711-00395,Amanda Parker,aparker@hotmail.com,(614) 301-9718,eXp Realty,Tucson,AZ,85214,22,60,A,85,Realtor.com,2026-07-11T13:54:43Z
CREAM-20260711-00396,Kenneth Long,kennethlong@hotmail.com,(404) 234-7946,Keller Williams,Colorado Springs,CO,80845,2,12,A,90,NAR Directory,2026-07-11T07:06:14Z
CREAM-20260711-00397,Helen Stewart,helen.stewart@gmail.com,(212) 522-8960,Keller Williams,Austin,TX,78212,0,2,A,68,Trade Show,2026-07-11T17:54:49Z
CREAM-20260711-00398,Kevin Lee,kevin.lee@yahoo.com,(718) 818-5627,Keller Williams,Aurora,CO,80899,4,23,A,73,Realtor.com,2026-07-11T16:03:41Z
CREAM-20260711-00399,Rachel Rivera,rrivera@gmail.com,(214) 869-9212,RE/MAX,El Paso,TX,79341,0,2,A,94,NAR Directory,2026-07-11T16:40:35Z
CREAM-20260711-00400,Nancy Price,nancy.price@hotmail.com,(980) 369-8823,Russell Lyon Sotheby's,Mesa,AZ,85325,11,63,A,100,NAR Directory,2026-07-11T10:21:19Z
CREAM-20260711-00401,Patrick Brown,patrick.brown@gmail.com,(512) 201-3059,RE/MAX,Amarillo,TX,75545,4,25,B,65,Website Lead,2026-07-11T22:23:39Z
CREAM-20260711-00402,Joseph Price,josephprice@gmail.com,(929) 504-4330,8z Real Estate,Thornton,CO,81890,3,25,B,86,Brokerage Listings,2026-07-11T19:18:26Z
CREAM-20260711-00403,James Perry,jperry@russelllyonsothebys.com,(916) 267-8013,Russell Lyon Sotheby's,Glendale,AZ,85762,15,45,B,60,Website Lead,2026-07-11T19:08:04Z
CREAM-20260711-00404,Nancy Murphy,nancy_murphy@outlook.com,(919) 622-8538,RE/MAX,Fort Collins,CO,80168,18,68,B,66,Referral Network,2026-07-11T20:32:12Z
CREAM-20260711-00405,Timothy Robinson,timothyr@hotmail.com,(212) 937-4329,RE/MAX,Pembroke Pines,FL,34660,15,53,B,91,Cold Outreach,2026-07-11T04:42:40Z
CREAM-20260711-00406,Janet Reyes,jreyes@icloud.com,(713) 533-1790,Halstead,New Rochelle,NY,14499,2,5,B,62,MLS Database,2026-07-11T13:14:45Z
CREAM-20260711-00407,Rebecca Baker,rbaker@compass.com,(334) 822-7362,Compass,Hollywood,FL,34642,3,10,B,77,Website Lead,2026-07-11T19:32:57Z
CREAM-20260711-00408,Maria King,mariak@cutlerrealestate.com,(212) 754-6617,Cutler Real Estate,Dayton,OH,44744,10,47,B,93,Trade Show,2026-07-11T14:51:53Z
CREAM-20260711-00409,Carolyn Rogers,crogers@gmail.com,(512) 213-8552,Long Realty,Tempe,AZ,85542,2,11,B,88,NAR Directory,2026-07-11T19:11:21Z
CREAM-20260711-00410,Cynthia Jones,cynthia_jones@outlook.com,(512) 397-5674,Berkshire Hathaway,Chandler,AZ,85722,6,24,B,70,Trade Show,2026-07-11T08:57:32Z
CREAM-20260711-00411,Thomas Castillo,thomasc@longrealty.com,(919) 914-2733,Long Realty,Chandler,AZ,86910,2,3,B,78,Realtor.com,2026-07-11T05:16:54Z
CREAM-20260711-00412,Rachel Adams,rachel_adams@yahoo.com,(614) 305-5383,Corcoran Group,Syracuse,NY,13664,0,4,B,77,Referral Network,2026-07-11T09:37:13Z
CREAM-20260711-00413,Michael Perry,michaelp@hotmail.com,(513) 714-5820,Keller Williams,Fort Collins,CO,81768,0,0,B,78,Facebook,2026-07-11T02:34:02Z
CREAM-20260711-00414,Thomas Alvarez,thomas_alvarez@yahoo.com,(234) 959-7117,Keller Williams Realty,Pembroke Pines,FL,32833,5,18,B,77,Facebook,2026-07-11T22:41:28Z
CREAM-20260711-00415,Richard Scott,richardscott@icloud.com,(614) 241-5905,eXp Realty,Cary,NC,27263,15,58,B,98,Referral Network,2026-07-11T04:16:19Z
CREAM-20260711-00416,Margaret Walker,margaretwalker@me.com,(303) 458-8905,Keller Williams,Chandler,AZ,86899,3,16,B,61,Cold Outreach,2026-07-11T19:26:34Z
CREAM-20260711-00417,Robert Lopez,robertl@gmail.com,(919) 321-1327,Coldwell Banker,Hollywood,FL,34155,1,10,B,69,Realtor.com,2026-07-11T21:45:27Z
CREAM-20260711-00418,Sharon Richardson,sharonr@outlook.com,(305) 545-7844,LIV Sotheby's,Thornton,CO,81942,22,63,B,80,Facebook,2026-07-11T13:40:53Z
CREAM-20260711-00419,Linda Peterson,lindapeterson@outlook.com,(234) 223-2569,Sotheby's International,Stockton,CA,95529,24,60,B,86,Realtor.com,2026-07-11T00:02:41Z
CREAM-20260711-00420,Anthony Diaz,anthonyd@icloud.com,(718) 214-6135,RE/MAX,Bakersfield,CA,93966,11,42,B,75,MLS Database,2026-07-11T06:27:45Z
CREAM-20260711-00421,Thomas Chavez,thomasc@aol.com,(713) 980-3881,Keller Williams,Lakewood,CO,81773,9,40,B,72,MLS Database,2026-07-11T04:27:36Z
CREAM-20260711-00422,Debra Cox,dcox@outlook.com,(916) 255-3320,eXp Realty,Corpus Christi,TX,76887,5,11,B,86,MLS Database,2026-07-11T17:26:06Z
CREAM-20260711-00423,William Anderson,william_anderson@gmail.com,(919) 459-5605,eXp Realty,Dayton,OH,43921,19,53,B,68,Facebook,2026-07-11T23:16:25Z
CREAM-20260711-00424,Michelle Perry,mperry@corcorangroup.com,(334) 284-6126,Corcoran Group,Syracuse,NY,11877,17,28,B,69,Referral Network,2026-07-11T09:30:50Z
CREAM-20260711-00425,Jennifer Phillips,jphillips@gmail.com,(310) 411-5445,eXp Realty,Dayton,OH,43820,4,25,B,93,Referral Network,2026-07-11T10:05:57Z
CREAM-20260711-00426,James James,jjames@berkshirehathaway.com,(310) 621-6276,Berkshire Hathaway,Parma,OH,45493,8,28,B,82,Cold Outreach,2026-07-11T15:44:01Z
CREAM-20260711-00427,Benjamin Taylor,benjamin_taylor@me.com,(305) 457-1096,RE/MAX,Toledo,OH,43765,3,11,B,84,Website Lead,2026-07-11T01:26:31Z
CREAM-20260711-00428,Jeffrey Thompson,jthompson@re/max.com,(718) 902-3691,RE/MAX,Tempe,AZ,86561,23,77,B,82,Referral Network,2026-07-11T09:16:44Z
CREAM-20260711-00429,Emma James,emma.james@me.com,(212) 507-5956,Keller Williams,Lakewood,CO,81982,2,3,B,80,Website Lead,2026-07-11T06:21:16Z
CREAM-20260711-00430,Timothy Mitchell,timothym@me.com,(310) 591-1909,Compass,Cary,NC,28710,8,35,B,65,MLS Database,2026-07-11T00:50:59Z
CREAM-20260711-00431,Carol Adams,carola@icloud.com,(646) 371-4873,Keller Williams,Arlington,TX,79771,3,20,B,91,Referral Network,2026-07-11T05:01:56Z
CREAM-20260711-00432,Christine Alvarez,christinealvarez@hotmail.com,(720) 303-2688,Allen Tate,Fayetteville,NC,28498,24,63,B,61,Trade Show,2026-07-11T07:15:53Z
CREAM-20260711-00433,Justin Wilson,justinw@halstead.com,(786) 652-4352,Halstead,Syracuse,NY,10555,19,64,B,62,Realtor.com,2026-07-11T14:01:08Z
CREAM-20260711-00434,Rachel Long,rachell@icloud.com,(916) 752-1860,Berkshire Hathaway,Fort Collins,CO,81571,4,12,B,79,Realtor.com,2026-07-11T05:55:09Z
CREAM-20260711-00435,David Chavez,david.chavez@me.com,(602) 866-6443,Douglas Elliman,Port St. Lucie,FL,32515,9,30,B,80,Referral Network,2026-07-11T00:23:52Z
CREAM-20260711-00436,Raymond Edwards,raymond_edwards@yahoo.com,(512) 387-8896,Brown Harris Stevens,Albany,NY,13745,7,40,B,97,Referral Network,2026-07-11T16:14:11Z
CREAM-20260711-00437,Kathleen Morgan,kathleenm@re/max.com,(718) 340-8815,RE/MAX,Lakewood,CO,80904,20,40,B,69,Referral Network,2026-07-11T01:08:35Z
CREAM-20260711-00438,Heather Gonzalez,heather.gonzalez@kellerwilliams.com,(469) 364-2950,Keller Williams,Winston-Salem,NC,28955,1,6,B,82,Facebook,2026-07-11T23:35:46Z
CREAM-20260711-00439,Brian Brown,bbrown@icloud.com,(212) 637-7057,Allie Beth Allman,Lubbock,TX,79270,0,1,B,92,Referral Network,2026-07-11T21:50:14Z
CREAM-20260711-00440,Michael Garcia,michaelg@yahoo.com,(972) 224-4157,Compass,Fresno,CA,96870,1,9,B,80,MLS Database,2026-07-11T14:39:17Z
CREAM-20260711-00441,Jerry Wilson,jwilson@icloud.com,(407) 947-2869,Coldwell Banker,Garland,TX,79967,5,17,B,65,Brokerage Listings,2026-07-11T10:43:42Z
CREAM-20260711-00442,Helen Garcia,heleng@icloud.com,(714) 774-7406,Compass,Fresno,CA,90419,2,3,B,75,NAR Directory,2026-07-11T15:28:57Z
CREAM-20260711-00443,Kathleen Johnson,kathleen.johnson@outlook.com,(980) 274-2172,Coldwell Banker,Lakewood,CO,81183,14,56,B,90,Trade Show,2026-07-11T16:45:57Z
CREAM-20260711-00444,Patrick Mitchell,pmitchell@yahoo.com,(310) 693-2786,Compass,Tallahassee,FL,32631,1,8,B,75,Brokerage Listings,2026-07-11T21:17:05Z
CREAM-20260711-00445,Lisa Alvarez,lisa_alvarez@yahoo.com,(310) 466-9430,Keller Williams,Lakewood,CO,80313,2,3,B,70,LinkedIn,2026-07-11T11:09:17Z
CREAM-20260711-00446,Brian Myers,brianm@yahoo.com,(310) 468-3029,Berkshire Hathaway,Lakewood,CO,80467,11,75,B,90,Facebook,2026-07-11T16:25:28Z
CREAM-20260711-00447,Nancy Powell,nancy.powell@coldwellbanker.com,(805) 543-8898,Coldwell Banker,Thornton,CO,80492,3,24,B,84,NAR Directory,2026-07-11T08:36:43Z
CREAM-20260711-00448,Paul Wood,paul.wood@yahoo.com,(513) 408-3666,eXp Realty,Parma,OH,45825,2,7,B,92,Referral Network,2026-07-11T06:22:08Z
CREAM-20260711-00449,Katherine Ramos,kramos@exprealty.com,(646) 263-7626,eXp Realty,Cary,NC,27997,14,26,B,94,MLS Database,2026-07-11T09:01:55Z
CREAM-20260711-00450,Ryan Sanchez,ryan.sanchez@me.com,(704) 978-4831,RE/MAX,Fayetteville,NC,27471,7,40,B,79,Trade Show,2026-07-11T02:22:59Z
CREAM-20260711-00451,Gregory Hill,gregoryhill@me.com,(234) 573-5945,Berkshire Hathaway,Akron,OH,44286,25,37,B,82,Trade Show,2026-07-11T08:06:27Z
CREAM-20260711-00452,Samuel Mendoza,samuel.mendoza@sothebysinternational.com,(919) 716-1942,Sotheby's International,Bakersfield,CA,90628,15,69,B,64,Website Lead,2026-07-11T03:37:48Z
CREAM-20260711-00453,Benjamin Rodriguez,brodriguez@outlook.com,(646) 691-6567,Coldwell Banker,Dayton,OH,43975,2,8,B,68,Referral Network,2026-07-11T15:00:41Z
CREAM-20260711-00454,Ronald Thompson,ronald_thompson@yahoo.com,(214) 994-5000,Keller Williams,Akron,OH,43522,4,23,B,96,Facebook,2026-07-11T06:31:41Z
CREAM-20260711-00455,Dorothy Gomez,dgomez@compass.com,(646) 610-9488,Compass,Pembroke Pines,FL,32770,5,23,B,87,Website Lead,2026-07-11T23:33:01Z
CREAM-20260711-00456,Barbara Perez,barbara_perez@me.com,(310) 869-8962,Allen Tate,Winston-Salem,NC,28116,0,2,B,60,Realtor.com,2026-07-11T21:49:45Z
CREAM-20260711-00457,Linda Wilson,linda.wilson@yahoo.com,(512) 688-4310,Compass,Fresno,CA,92390,1,7,B,66,Realtor.com,2026-07-11T07:32:00Z
CREAM-20260711-00458,Steven Young,steveny@hotmail.com,(415) 815-7570,Berkshire Hathaway,Cary,NC,27138,1,5,B,94,NAR Directory,2026-07-11T18:05:27Z
CREAM-20260711-00459,Frank Peterson,frank.peterson@outlook.com,(234) 605-9483,Keller Williams,Durham,NC,27142,1,5,B,72,Referral Network,2026-07-11T10:12:42Z
CREAM-20260711-00460,Ryan Collins,ryan.collins@gmail.com,(919) 870-2079,RE/MAX,Tallahassee,FL,33936,0,2,B,76,Facebook,2026-07-11T06:09:21Z
CREAM-20260711-00461,Angela James,angela_james@aol.com,(404) 485-6148,8z Real Estate,Arvada,CO,80840,4,15,B,89,Brokerage Listings,2026-07-11T05:46:04Z
CREAM-20260711-00462,Shirley Moore,shirleym@gmail.com,(916) 549-3941,HomeSmart,Chandler,AZ,86600,5,12,B,99,Website Lead,2026-07-11T22:41:49Z
CREAM-20260711-00463,Betty Garcia,betty.garcia@exprealty.com,(713) 507-6240,eXp Realty,Thornton,CO,80375,4,17,B,83,Website Lead,2026-07-11T08:43:04Z
CREAM-20260711-00464,James Perry,jamesperry@yahoo.com,(718) 609-8147,Howard Hanna,Durham,NC,28645,4,17,B,93,Trade Show,2026-07-11T00:42:07Z
CREAM-20260711-00465,Scott Cook,scottc@nestseekers.com,(310) 589-4103,Nest Seekers,Buffalo,NY,11857,3,22,B,68,Realtor.com,2026-07-11T22:10:10Z
CREAM-20260711-00466,Aaron Ross,aross@me.com,(214) 342-4568,Berkshire Hathaway,Akron,OH,45296,7,33,B,82,NAR Directory,2026-07-11T23:40:33Z
CREAM-20260711-00467,Jacob Moore,jacobm@aol.com,(614) 511-2564,Coldwell Banker,Cape Coral,FL,32440,3,9,B,89,Trade Show,2026-07-11T16:44:52Z
CREAM-20260711-00468,Ronald Campbell,ronaldc@icloud.com,(404) 270-1043,eXp Realty,Tallahassee,FL,32421,19,43,B,73,Website Lead,2026-07-11T19:36:07Z
CREAM-20260711-00469,Sandra Parker,sparker@century21.com,(407) 524-6605,Century 21,Tallahassee,FL,34159,4,25,B,72,Trade Show,2026-07-11T15:09:46Z
CREAM-20260711-00470,Raymond Young,raymond.young@yahoo.com,(646) 967-1468,Sotheby's International,Albany,NY,11218,3,18,B,61,NAR Directory,2026-07-11T02:36:37Z
CREAM-20260711-00471,Brandon Scott,bscott@exprealty.com,(234) 656-8128,eXp Realty,Cape Coral,FL,34711,23,63,B,100,NAR Directory,2026-07-11T06:47:46Z
CREAM-20260711-00472,Rachel Foster,rfoster@gmail.com,(512) 308-5883,Russell Lyon Sotheby's,Glendale,AZ,85380,14,56,B,99,Brokerage Listings,2026-07-11T16:19:12Z
CREAM-20260711-00473,Janet Bennett,jbennett@gmail.com,(704) 557-6715,Coldwell Banker,Akron,OH,43397,5,25,B,77,Referral Network,2026-07-11T06:03:11Z
CREAM-20260711-00474,Samuel Ross,samuel.ross@yahoo.com,(972) 718-6765,LIV Sotheby's,Fort Collins,CO,81554,5,24,B,70,Brokerage Listings,2026-07-11T00:59:27Z
CREAM-20260711-00475,Mary Hill,mary.hill@hotmail.com,(614) 536-8596,Berkshire Hathaway,Toledo,OH,43117,4,15,B,64,Website Lead,2026-07-11T06:27:09Z
CREAM-20260711-00476,Nicole Cook,nicolecook@hotmail.com,(919) 694-9578,Briggs Freeman Sotheby's,Lubbock,TX,75258,14,77,B,73,MLS Database,2026-07-11T20:07:11Z
CREAM-20260711-00477,Brandon Collins,brandoncollins@icloud.com,(305) 792-3615,8z Real Estate,Thornton,CO,80961,4,24,B,90,Trade Show,2026-07-11T13:01:06Z
CREAM-20260711-00478,Carolyn Morris,cmorris@icloud.com,(214) 240-9884,RE/MAX,Hialeah,FL,33257,1,10,B,73,Realtor.com,2026-07-11T05:24:27Z
CREAM-20260711-00479,Elizabeth Anderson,elizabeth.anderson@exprealty.com,(980) 228-1092,eXp Realty,Durham,NC,28493,7,26,B,87,Cold Outreach,2026-07-11T19:33:42Z
CREAM-20260711-00480,William Garcia,williamg@icloud.com,(407) 412-8617,Huntington Real Estate,Dayton,OH,43523,14,50,B,61,Facebook,2026-07-11T19:07:23Z
CREAM-20260711-00481,Heather Hughes,heather_hughes@icloud.com,(929) 524-3811,Coldwell Banker,Winston-Salem,NC,28919,17,75,B,74,Brokerage Listings,2026-07-11T02:59:05Z
CREAM-20260711-00482,Jennifer Moore,jenniferm@kellerwilliams.com,(919) 656-3127,Keller Williams,Fayetteville,NC,28154,0,5,B,73,MLS Database,2026-07-11T17:07:17Z
CREAM-20260711-00483,Jason Flores,jasonf@yahoo.com,(407) 515-5625,Compass,Fayetteville,NC,27549,7,40,B,88,Website Lead,2026-07-11T03:43:32Z
CREAM-20260711-00484,Jason Kim,jkim@homesmart.com,(713) 608-4112,HomeSmart,Glendale,AZ,86173,6,24,B,88,Facebook,2026-07-11T20:12:44Z
CREAM-20260711-00485,Larry Garcia,larryg@hotmail.com,(980) 517-2606,Keller Williams,Durham,NC,28219,16,56,B,71,LinkedIn,2026-07-11T00:48:12Z
CREAM-20260711-00486,Steven Smith,steven_smith@icloud.com,(256) 380-6315,Keller Williams,Albany,NY,10830,4,8,B,73,Trade Show,2026-07-11T00:04:45Z
CREAM-20260711-00487,Lisa Lee,llee@herrealtors.com,(714) 440-1400,HER Realtors,Toledo,OH,43848,13,42,B,83,Realtor.com,2026-07-11T09:34:12Z
CREAM-20260711-00488,Emily Campbell,ecampbell@century21.com,(646) 297-5107,Century 21,Hollywood,FL,34757,0,5,B,76,Facebook,2026-07-11T00:56:05Z
CREAM-20260711-00489,Anna Roberts,annaroberts@icloud.com,(469) 477-6582,Huntington Real Estate,Dayton,OH,43904,18,40,B,90,Referral Network,2026-07-11T20:09:30Z
CREAM-20260711-00490,Mary Parker,mary.parker@herrealtors.com,(805) 571-4187,HER Realtors,Parma,OH,45436,5,24,B,97,Facebook,2026-07-11T10:40:18Z
CREAM-20260711-00491,Maria Hughes,mariahughes@gmail.com,(513) 422-8963,Huntington Real Estate,Parma,OH,44728,0,4,B,77,NAR Directory,2026-07-11T12:48:07Z
CREAM-20260711-00492,James Sanchez,james.sanchez@yahoo.com,(469) 375-1196,Coldwell Banker,Stockton,CA,93607,10,54,B,99,Trade Show,2026-07-11T11:38:49Z
CREAM-20260711-00493,Frank Long,franklong@icloud.com,(214) 205-3970,Berkshire Hathaway,Fayetteville,NC,27891,2,7,B,61,LinkedIn,2026-07-11T18:12:11Z
CREAM-20260711-00494,Stephanie Ortiz,sortiz@gmail.com,(972) 742-1075,HomeSmart,Chandler,AZ,85582,1,3,B,61,Website Lead,2026-07-11T22:03:13Z
CREAM-20260711-00495,Richard Anderson,richard.anderson@aol.com,(469) 617-8490,HomeSmart,Glendale,AZ,86256,3,25,B,100,Brokerage Listings,2026-07-11T10:31:24Z
CREAM-20260711-00496,Susan Powell,susan.powell@gmail.com,(214) 756-1114,eXp Realty,Lakewood,CO,80574,4,18,B,98,NAR Directory,2026-07-11T15:49:57Z
CREAM-20260711-00497,Patrick Gutierrez,patrick.gutierrez@exprealty.com,(714) 854-7141,eXp Realty,Durham,NC,28722,19,34,B,94,Facebook,2026-07-11T07:57:32Z
CREAM-20260711-00498,Michael Brown,mbrown@alliebethallman.com,(334) 450-9632,Allie Beth Allman,Lubbock,TX,76319,0,4,B,83,Trade Show,2026-07-11T20:57:59Z
CREAM-20260711-00499,Donald Johnson,donaldj@me.com,(646) 232-9839,Berkshire Hathaway,Winston-Salem,NC,28146,4,11,B,67,Facebook,2026-07-11T04:00:03Z
CREAM-20260711-00500,Nancy Torres,nancy.torres@icloud.com,(334) 353-8570,Brown Harris Stevens,Buffalo,NY,13163,1,8,B,68,Cold Outreach,2026-07-11T18:37:24Z
CREAM-20260711-00501,Eric Watson,eric.watson@kellerwilliams.com,(916) 926-1380,Keller Williams,New Rochelle,NY,12332,25,41,B,97,Facebook,2026-07-11T02:43:23Z
CREAM-20260711-00502,John Morgan,jmorgan@icloud.com,(234) 411-1504,Keller Williams Realty,Chula Vista,CA,96398,24,53,B,100,Referral Network,2026-07-11T05:34:42Z
CREAM-20260711-00503,Kenneth Diaz,kenneth.diaz@outlook.com,(786) 617-3543,HER Realtors,Dayton,OH,43752,6,25,B,93,Facebook,2026-07-11T11:18:22Z
CREAM-20260711-00504,Mark Lopez,mark.lopez@century21.com,(929) 937-2515,Century 21,Hialeah,FL,34351,15,74,B,90,Realtor.com,2026-07-11T15:23:34Z
CREAM-20260711-00505,George Robinson,georger@yahoo.com,(713) 851-3722,eXp Realty,Durham,NC,27131,19,54,B,94,Website Lead,2026-07-11T14:26:10Z
CREAM-20260711-00506,Emma Ruiz,emmaruiz@icloud.com,(602) 616-1387,Nest Seekers,Syracuse,NY,12969,14,41,B,81,Brokerage Listings,2026-07-11T18:01:23Z
CREAM-20260711-00507,Aaron Wright,awright@gmail.com,(256) 434-3451,8z Real Estate,Fort Collins,CO,81202,2,6,B,95,Facebook,2026-07-11T17:21:18Z
CREAM-20260711-00508,Christine Morales,cmorales@hotmail.com,(334) 964-1541,RE/MAX,Glendale,AZ,86274,2,3,B,84,Referral Network,2026-07-11T19:20:33Z
CREAM-20260711-00509,Steven Thompson,steven_thompson@outlook.com,(720) 260-8664,Brown Harris Stevens,New Rochelle,NY,13259,18,26,B,97,MLS Database,2026-07-11T21:12:37Z
CREAM-20260711-00510,Jacob Thompson,jacobthompson@aol.com,(714) 298-2813,Long Realty,Tempe,AZ,85514,17,43,B,94,NAR Directory,2026-07-11T02:41:55Z
CREAM-20260711-00511,John Martinez,jmartinez@exprealty.com,(212) 948-4999,eXp Realty,Chula Vista,CA,93526,8,17,B,88,Facebook,2026-07-11T17:37:35Z
CREAM-20260711-00512,Anthony Smith,asmith@aol.com,(646) 432-7712,eXp Realty,Tallahassee,FL,34517,13,58,B,90,Website Lead,2026-07-11T09:17:59Z
CREAM-20260711-00513,Amanda Campbell,amanda_campbell@hotmail.com,(415) 379-1997,eXp Realty,Lubbock,TX,76674,23,44,B,63,Referral Network,2026-07-11T15:10:47Z
CREAM-20260711-00514,Kenneth Myers,kmyers@me.com,(980) 378-6387,Halstead,Buffalo,NY,10508,4,10,B,86,Referral Network,2026-07-11T14:50:36Z
CREAM-20260711-00515,Debra Murphy,debra_murphy@yahoo.com,(469) 295-3376,Coldwell Banker,Cary,NC,28263,14,76,B,90,Cold Outreach,2026-07-11T14:07:40Z
CREAM-20260711-00516,Jason Parker,jasonparker@icloud.com,(256) 729-1461,Berkshire Hathaway,Akron,OH,45249,1,8,B,63,Facebook,2026-07-11T13:26:19Z
CREAM-20260711-00517,Donna Diaz,ddiaz@douglaselliman.com,(513) 679-4583,Douglas Elliman,Irving,TX,78913,12,46,B,91,Trade Show,2026-07-11T18:08:35Z
CREAM-20260711-00518,Brenda Reyes,breyes@outlook.com,(415) 578-3817,Allen Tate,Fayetteville,NC,27904,8,27,B,82,Cold Outreach,2026-07-11T13:18:56Z
CREAM-20260711-00519,Sharon Mendoza,sharon.mendoza@aol.com,(469) 477-1241,Berkshire Hathaway,Tallahassee,FL,32431,4,11,B,76,Trade Show,2026-07-11T16:27:05Z
CREAM-20260711-00520,Jonathan Harris,jonathanharris@yahoo.com,(212) 291-9911,eXp Realty,Toledo,OH,45637,25,69,B,99,NAR Directory,2026-07-11T15:15:45Z
CREAM-20260711-00521,Robert Turner,robertt@pacificsothebys.com,(404) 297-2089,Pacific Sotheby's,Stockton,CA,95199,10,33,B,94,NAR Directory,2026-07-11T22:10:30Z
CREAM-20260711-00522,George Hall,george.hall@icloud.com,(916) 951-8843,Berkshire Hathaway,Tempe,AZ,86771,3,22,B,80,Realtor.com,2026-07-11T04:29:08Z
CREAM-20260711-00523,Dorothy Campbell,dcampbell@coldwellbanker.com,(972) 986-3814,Coldwell Banker,Arvada,CO,81945,4,24,B,89,MLS Database,2026-07-11T08:09:11Z
CREAM-20260711-00524,Heather Cruz,hcruz@yahoo.com,(512) 316-5955,Compass,New Rochelle,NY,12196,2,10,B,90,Referral Network,2026-07-11T20:26:22Z
CREAM-20260711-00525,Raymond Taylor,raymond_taylor@hotmail.com,(469) 849-9774,Keller Williams,Fayetteville,NC,27424,0,0,B,89,Brokerage Listings,2026-07-11T04:37:27Z
CREAM-20260711-00526,Jason Ruiz,jason.ruiz@me.com,(646) 614-5881,Compass,Anaheim,CA,93668,2,5,B,70,Realtor.com,2026-07-11T13:18:16Z
CREAM-20260711-00527,Benjamin Gray,bgray@aol.com,(214) 536-7397,RE/MAX,Glendale,AZ,85928,1,7,B,63,Website Lead,2026-07-11T20:14:53Z
CREAM-20260711-00528,Katherine James,katherinejames@aol.com,(303) 666-1091,eXp Realty,Anaheim,CA,96395,14,55,B,100,LinkedIn,2026-07-11T04:24:30Z
CREAM-20260711-00529,Deborah Thompson,deboraht@hotmail.com,(614) 528-7407,Coldwell Banker,Glendale,AZ,85384,0,1,B,67,Realtor.com,2026-07-11T22:14:56Z
CREAM-20260711-00530,John Perez,john.perez@gmail.com,(234) 423-9369,Berkshire Hathaway,Cary,NC,27818,10,80,B,78,Referral Network,2026-07-11T02:14:16Z
CREAM-20260711-00531,Anthony Hill,ahill@allentate.com,(469) 583-1657,Allen Tate,Winston-Salem,NC,27477,8,36,B,70,Cold Outreach,2026-07-11T12:26:44Z
CREAM-20260711-00532,Maria Campbell,maria.campbell@berkshirehathawayhomeservices.com,(972) 573-1475,Berkshire Hathaway HomeServices,Bakersfield,CA,92494,5,18,B,82,Referral Network,2026-07-11T16:15:06Z
CREAM-20260711-00533,Aaron Adams,aarona@cutlerrealestate.com,(512) 529-6732,Cutler Real Estate,Dayton,OH,44257,12,60,B,99,Website Lead,2026-07-11T21:33:13Z
CREAM-20260711-00534,Benjamin Evans,benjamin.evans@aol.com,(720) 443-2574,Coldwell Banker,Akron,OH,44380,20,58,B,94,NAR Directory,2026-07-11T14:05:03Z
CREAM-20260711-00535,Ashley Cooper,ashley.cooper@coldwellbanker.com,(704) 328-8278,Coldwell Banker,Arlington,TX,77676,3,23,B,85,Website Lead,2026-07-11T06:42:46Z
CREAM-20260711-00536,William Myers,william.myers@exprealty.com,(718) 740-6010,eXp Realty,Stockton,CA,95747,12,65,B,93,Brokerage Listings,2026-07-11T05:06:55Z
CREAM-20260711-00537,Jerry Perry,jerryperry@icloud.com,(718) 384-9074,Keller Williams Realty,Chula Vista,CA,95721,1,10,B,84,NAR Directory,2026-07-11T15:33:08Z
CREAM-20260711-00538,Karen Robinson,karen.robinson@compass.com,(512) 764-2399,Compass,Lakewood,CO,81233,3,11,B,89,Facebook,2026-07-11T00:29:49Z
CREAM-20260711-00539,Sandra Clark,sclark@outlook.com,(512) 758-2551,Sotheby's International,Bakersfield,CA,96454,18,34,B,84,Facebook,2026-07-11T12:15:23Z
CREAM-20260711-00540,Nancy Lee,nancy.lee@outlook.com,(234) 442-9633,RE/MAX,Fayetteville,NC,27447,12,41,B,89,LinkedIn,2026-07-11T14:13:31Z
CREAM-20260711-00541,Steven Price,steven.price@kellerwilliams.com,(303) 735-8770,Keller Williams,Amarillo,TX,76264,7,21,B,62,Facebook,2026-07-11T03:19:06Z
CREAM-20260711-00542,Kevin Martin,kevin.martin@halstead.com,(512) 302-8902,Halstead,New Rochelle,NY,13885,13,57,B,95,Cold Outreach,2026-07-11T05:33:34Z
CREAM-20260711-00543,Jacob Powell,jacob.powell@me.com,(469) 267-4740,Allie Beth Allman,Arlington,TX,75848,2,6,B,86,Cold Outreach,2026-07-11T01:05:03Z
CREAM-20260711-00544,Catherine Stewart,cstewart@yahoo.com,(972) 407-8884,eXp Realty,Winston-Salem,NC,27525,18,29,B,97,LinkedIn,2026-07-11T22:33:54Z
CREAM-20260711-00545,Ronald Peterson,ronald.peterson@icloud.com,(310) 369-8142,eXp Realty,Winston-Salem,NC,27409,22,41,B,97,MLS Database,2026-07-11T20:07:26Z
CREAM-20260711-00546,Donald Castillo,donald_castillo@hotmail.com,(334) 911-3551,Keller Williams,Winston-Salem,NC,28961,4,14,B,81,Realtor.com,2026-07-11T15:40:39Z
CREAM-20260711-00547,Karen Martinez,karenmartinez@aol.com,(919) 718-7338,Berkshire Hathaway,Tempe,AZ,85983,2,7,B,67,MLS Database,2026-07-11T00:54:58Z
CREAM-20260711-00548,Debra Perry,debra.perry@re/max.com,(214) 977-2830,RE/MAX,Winston-Salem,NC,28751,23,31,B,96,Trade Show,2026-07-11T10:45:27Z
CREAM-20260711-00549,David Morris,david.morris@exprealty.com,(415) 864-8900,eXp Realty,Dayton,OH,43706,4,21,B,69,Referral Network,2026-07-11T01:47:41Z
CREAM-20260711-00550,Amanda Martin,amanda.martin@exprealty.com,(256) 432-7837,eXp Realty,Corpus Christi,TX,79723,4,13,B,61,Website Lead,2026-07-11T21:07:26Z
CREAM-20260711-00551,Donna Jackson,donna_jackson@icloud.com,(646) 444-4000,Douglas Elliman,Tallahassee,FL,34272,18,27,B,86,Realtor.com,2026-07-11T17:33:32Z
CREAM-20260711-00552,Samantha Anderson,sanderson@me.com,(602) 655-5871,Coldwell Banker,Chandler,AZ,85527,22,44,B,66,MLS Database,2026-07-11T03:56:38Z
CREAM-20260711-00553,Justin Ross,justin_ross@hotmail.com,(512) 728-7337,Nest Seekers,New Rochelle,NY,10622,4,18,B,73,NAR Directory,2026-07-11T03:16:43Z
CREAM-20260711-00554,Kathleen Hall,kathleenh@aol.com,(303) 634-1714,Sotheby's International,Syracuse,NY,14152,4,12,B,65,NAR Directory,2026-07-11T19:11:20Z
CREAM-20260711-00555,Debra Russell,debrarussell@outlook.com,(305) 632-7443,Allen Tate,Durham,NC,28656,6,38,B,76,LinkedIn,2026-07-11T00:44:06Z
CREAM-20260711-00556,Ronald Reed,ronald.reed@yahoo.com,(646) 503-4942,Keller Williams Realty,Chula Vista,CA,92245,3,13,B,65,MLS Database,2026-07-11T15:53:59Z
CREAM-20260711-00557,Dennis Long,dlong@icloud.com,(234) 621-7359,Douglas Elliman,Buffalo,NY,13760,10,33,B,69,Brokerage Listings,2026-07-11T07:13:07Z
CREAM-20260711-00558,Deborah Martin,deborah.martin@aol.com,(512) 739-4271,Coldwell Banker,Dayton,OH,45775,3,24,B,98,Facebook,2026-07-11T11:27:02Z
CREAM-20260711-00559,Rebecca Harris,rebeccah@icloud.com,(214) 486-1300,Sotheby's International,Bakersfield,CA,94150,6,21,B,84,NAR Directory,2026-07-11T08:41:22Z
CREAM-20260711-00560,Emily Campbell,emily_campbell@hotmail.com,(214) 722-4392,eXp Realty,Tempe,AZ,85934,3,21,B,84,Facebook,2026-07-11T06:22:00Z
CREAM-20260711-00561,Helen Jackson,helenjackson@gmail.com,(305) 389-4839,Berkshire Hathaway,Cape Coral,FL,34663,5,13,B,63,MLS Database,2026-07-11T06:19:35Z
CREAM-20260711-00562,Karen Garcia,karen.garcia@gmail.com,(614) 637-7918,Sotheby's International,Riverside,CA,92323,5,13,B,83,Cold Outreach,2026-07-11T17:47:27Z
CREAM-20260711-00563,Carol Garcia,carol_garcia@yahoo.com,(704) 610-3829,Keller Williams,Tempe,AZ,86457,1,10,B,69,Brokerage Listings,2026-07-11T21:48:25Z
CREAM-20260711-00564,Carol Martinez,carolmartinez@hotmail.com,(469) 254-9127,Berkshire Hathaway,Thornton,CO,80344,10,40,B,70,Trade Show,2026-07-11T13:05:04Z
CREAM-20260711-00565,Samuel Thompson,samuelthompson@hotmail.com,(916) 791-7792,Coldwell Banker,Arvada,CO,81581,14,28,B,78,Referral Network,2026-07-11T21:45:16Z
CREAM-20260711-00566,Sarah Price,sarahp@exprealty.com,(512) 855-4030,eXp Realty,Gilbert,AZ,86330,21,35,B,75,Realtor.com,2026-07-11T18:27:52Z
CREAM-20260711-00567,Brian Edwards,bedwards@gmail.com,(334) 951-2435,Allen Tate,Durham,NC,28116,10,46,B,87,Referral Network,2026-07-11T21:08:50Z
CREAM-20260711-00568,Kimberly Hernandez,kimberlyh@yahoo.com,(415) 641-9299,RE/MAX,Toledo,OH,45952,2,8,B,69,Cold Outreach,2026-07-11T01:12:00Z
CREAM-20260711-00569,Jessica Davis,jdavis@gmail.com,(614) 866-9633,Keller Williams,Lakewood,CO,80679,19,57,B,95,Website Lead,2026-07-11T18:45:22Z
CREAM-20260711-00570,Scott Garcia,scottg@hotmail.com,(929) 430-2968,eXp Realty,Irving,TX,77306,5,21,B,81,MLS Database,2026-07-11T17:51:37Z
CREAM-20260711-00571,Kenneth Foster,kenneth.foster@coldwellbanker.com,(513) 477-4125,Coldwell Banker,Fort Collins,CO,80324,5,9,B,85,Referral Network,2026-07-11T16:59:40Z
CREAM-20260711-00572,Cynthia Jenkins,cjenkins@outlook.com,(234) 255-7526,eXp Realty,Winston-Salem,NC,27352,18,65,B,76,Facebook,2026-07-11T06:23:24Z
CREAM-20260711-00573,Dennis Davis,ddavis@aol.com,(980) 668-8142,Keller Williams,Thornton,CO,81333,4,10,B,65,Realtor.com,2026-07-11T13:00:34Z
CREAM-20260711-00574,Lisa Alvarez,lisaa@gmail.com,(714) 815-9608,Keller Williams Realty,Anaheim,CA,91499,1,10,B,88,Realtor.com,2026-07-11T15:07:05Z
CREAM-20260711-00575,Joshua Evans,joshua_evans@outlook.com,(972) 619-9119,Berkshire Hathaway HomeServices,Chula Vista,CA,95196,3,11,B,68,Referral Network,2026-07-11T23:42:33Z
CREAM-20260711-00576,Jason Gonzalez,jason.gonzalez@icloud.com,(646) 880-3557,Huntington Real Estate,Parma,OH,45925,0,4,B,89,MLS Database,2026-07-11T05:33:29Z
CREAM-20260711-00577,Jason Cruz,jcruz@icloud.com,(214) 625-1044,HER Realtors,Toledo,OH,45553,7,17,B,61,Cold Outreach,2026-07-11T02:09:28Z
CREAM-20260711-00578,Heather Myers,hmyers@re/max.com,(713) 670-8300,RE/MAX,Corpus Christi,TX,77892,15,49,B,67,Cold Outreach,2026-07-11T08:47:34Z
CREAM-20260711-00579,Kevin Nelson,kevinn@kellerwilliams.com,(415) 268-5236,Keller Williams,New Rochelle,NY,13919,7,35,B,92,Cold Outreach,2026-07-11T04:58:39Z
CREAM-20260711-00580,Thomas White,thomas.white@gmail.com,(916) 204-1163,Coldwell Banker,Thornton,CO,80853,1,8,B,67,Cold Outreach,2026-07-11T20:50:24Z
CREAM-20260711-00581,Patricia Green,patricia.green@me.com,(512) 850-5637,HER Realtors,Parma,OH,43521,5,19,B,88,Trade Show,2026-07-11T08:17:29Z
CREAM-20260711-00582,Kathleen Ross,kathleenr@me.com,(602) 389-5156,Berkshire Hathaway,Lubbock,TX,75346,3,22,B,69,Brokerage Listings,2026-07-11T06:21:48Z
CREAM-20260711-00583,Andrew Scott,andrew.scott@hotmail.com,(614) 545-8669,Briggs Freeman Sotheby's,Lubbock,TX,77542,25,48,B,94,Facebook,2026-07-11T14:56:25Z
CREAM-20260711-00584,Larry King,larry_king@aol.com,(786) 616-4955,Compass,Cary,NC,27873,3,12,B,81,Facebook,2026-07-11T00:42:46Z
CREAM-20260711-00585,Donald James,donald.james@yahoo.com,(256) 575-3676,Huntington Real Estate,Parma,OH,43676,8,32,B,62,Website Lead,2026-07-11T19:47:03Z
CREAM-20260711-00586,Mark Ramos,markr@berkshirehathaway.com,(714) 711-2134,Berkshire Hathaway,Arlington,TX,79191,4,19,B,89,Brokerage Listings,2026-07-11T15:28:09Z
CREAM-20260711-00587,Angela Parker,angela_parker@me.com,(916) 388-9080,8z Real Estate,Fort Collins,CO,80337,25,28,B,88,Referral Network,2026-07-11T12:52:39Z
CREAM-20260711-00588,Janet Wilson,janet.wilson@gmail.com,(415) 761-6872,RE/MAX,Stockton,CA,90431,14,41,B,77,MLS Database,2026-07-11T20:47:25Z
CREAM-20260711-00589,Sandra Moore,sandra_moore@gmail.com,(303) 699-6207,Keller Williams,Cary,NC,28212,18,61,B,66,Referral Network,2026-07-11T07:01:04Z
CREAM-20260711-00590,Debra Turner,debrat@gmail.com,(512) 500-5102,Keller Williams,Toledo,OH,45202,25,51,B,89,MLS Database,2026-07-11T22:47:11Z
CREAM-20260711-00591,Brian Hill,brianhill@hotmail.com,(305) 696-3185,Berkshire Hathaway,Gilbert,AZ,85463,5,18,B,63,Website Lead,2026-07-11T08:03:26Z
CREAM-20260711-00592,Pamela Phillips,pphillips@icloud.com,(704) 290-8322,HomeSmart,Chandler,AZ,85178,3,10,B,82,Website Lead,2026-07-11T23:23:33Z
CREAM-20260711-00593,Sandra Chavez,sandrachavez@outlook.com,(720) 255-9235,Compass,Fresno,CA,93162,1,9,B,80,Referral Network,2026-07-11T19:39:44Z
CREAM-20260711-00594,Sandra Bailey,sandra.bailey@aol.com,(212) 889-5927,Allie Beth Allman,Arlington,TX,75340,25,29,B,60,Facebook,2026-07-11T23:09:19Z
CREAM-20260711-00595,Brandon Miller,brandonmiller@hotmail.com,(415) 463-3293,Nest Seekers,Rochester,NY,14736,4,17,B,76,Trade Show,2026-07-11T04:47:51Z
CREAM-20260711-00596,Jacob Bennett,jacobbennett@yahoo.com,(704) 976-1169,Keller Williams,Albany,NY,11519,2,4,B,83,Cold Outreach,2026-07-11T07:00:36Z
CREAM-20260711-00597,Christine Cruz,christinec@icloud.com,(972) 408-1254,Compass,Arvada,CO,81689,2,5,B,97,Brokerage Listings,2026-07-11T07:52:07Z
CREAM-20260711-00598,Tyler Williams,tylerw@longrealty.com,(303) 403-6612,Long Realty,Tempe,AZ,85665,5,11,B,73,LinkedIn,2026-07-11T16:04:07Z
CREAM-20260711-00599,Benjamin Mendoza,bmendoza@coldwellbanker.com,(646) 745-3162,Coldwell Banker,Akron,OH,44114,7,31,B,68,Brokerage Listings,2026-07-11T08:04:50Z
CREAM-20260711-00600,Scott Smith,ssmith@hotmail.com,(786) 574-8083,Douglas Elliman,Hollywood,FL,33171,0,5,B,96,Trade Show,2026-07-11T19:34:21Z
CREAM-20260711-00601,Margaret Ramirez,margaret.ramirez@livsothebys.com,(310) 459-1341,LIV Sotheby's,Arvada,CO,80398,10,41,B,88,Brokerage Listings,2026-07-11T04:25:22Z
CREAM-20260711-00602,Edward Jimenez,edwardj@berkshirehathaway.com,(305) 847-1952,Berkshire Hathaway,Tempe,AZ,86782,4,20,B,81,Trade Show,2026-07-11T05:45:52Z
CREAM-20260711-00603,Dennis Diaz,ddiaz@longrealty.com,(704) 559-8918,Long Realty,Glendale,AZ,85926,11,26,B,67,Trade Show,2026-07-11T00:16:44Z
CREAM-20260711-00604,Sharon Nelson,snelson@aol.com,(303) 721-8636,Halstead,Syracuse,NY,10366,10,42,B,62,Cold Outreach,2026-07-11T10:40:34Z
CREAM-20260711-00605,Kevin Watson,kwatson@yahoo.com,(972) 820-9656,eXp Realty,Parma,OH,45474,6,23,B,91,Referral Network,2026-07-11T22:33:39Z
CREAM-20260711-00606,Matthew Murphy,mmurphy@me.com,(234) 979-7143,Pacific Sotheby's,Riverside,CA,90795,16,52,B,94,NAR Directory,2026-07-11T20:06:41Z
CREAM-20260711-00607,Christopher Bennett,christopher.bennett@longrealty.com,(929) 561-9924,Long Realty,Glendale,AZ,86691,3,25,B,97,Trade Show,2026-07-11T18:35:14Z
CREAM-20260711-00608,Margaret Price,margaret.price@outlook.com,(805) 616-2748,Berkshire Hathaway,Lakewood,CO,80130,13,57,B,86,Referral Network,2026-07-11T09:40:59Z
CREAM-20260711-00609,Mark Ramirez,mramirez@icloud.com,(234) 645-1840,Keller Williams,Fort Collins,CO,81970,4,24,B,67,LinkedIn,2026-07-11T16:58:33Z
CREAM-20260711-00610,Charles Evans,cevans@yahoo.com,(334) 290-1138,Howard Hanna,Durham,NC,28926,2,8,B,80,Cold Outreach,2026-07-11T13:13:01Z
CREAM-20260711-00611,Catherine Phillips,catherinep@icloud.com,(214) 337-6183,Douglas Elliman,Syracuse,NY,14546,1,9,B,71,Brokerage Listings,2026-07-11T14:36:04Z
CREAM-20260711-00612,Jacob Ruiz,jacobr@hotmail.com,(469) 653-1251,eXp Realty,Corpus Christi,TX,79444,15,40,B,77,NAR Directory,2026-07-11T18:07:09Z
CREAM-20260711-00613,Joseph Chavez,josephc@hotmail.com,(212) 990-3517,Compass,Hialeah,FL,34448,4,19,B,73,Website Lead,2026-07-11T05:31:59Z
CREAM-20260711-00614,Christopher Ross,christopherr@berkshirehathaway.com,(929) 809-2810,Berkshire Hathaway,Toledo,OH,43344,24,69,B,83,LinkedIn,2026-07-11T07:27:05Z
CREAM-20260711-00615,Cynthia Ramirez,cramirez@berkshirehathaway.com,(929) 651-6650,Berkshire Hathaway,Fort Collins,CO,80289,11,48,B,95,LinkedIn,2026-07-11T06:00:07Z
CREAM-20260711-00616,Ruth Brooks,rbrooks@hotmail.com,(512) 616-4012,Nest Seekers,Buffalo,NY,13476,25,76,B,61,Cold Outreach,2026-07-11T05:39:51Z
CREAM-20260711-00617,John Robinson,johnr@exprealty.com,(704) 394-4847,eXp Realty,Thornton,CO,81198,22,74,B,81,MLS Database,2026-07-11T03:17:24Z
CREAM-20260711-00618,Steven Young,steveny@re/max.com,(305) 937-1542,RE/MAX,Lakewood,CO,81765,20,31,B,79,Trade Show,2026-07-11T01:39:48Z
CREAM-20260711-00619,Carol Morales,carol.morales@icloud.com,(916) 592-7258,Douglas Elliman,Yonkers,NY,12767,6,23,B,98,LinkedIn,2026-07-11T17:47:28Z
CREAM-20260711-00620,Sarah Rogers,sarah.rogers@compass.com,(305) 841-1601,Compass,Anaheim,CA,95177,17,72,B,91,NAR Directory,2026-07-11T23:23:11Z
CREAM-20260711-00621,Jennifer Johnson,jenniferj@me.com,(714) 362-5637,RE/MAX,Gilbert,AZ,86128,2,12,B,73,Cold Outreach,2026-07-11T07:54:18Z
CREAM-20260711-00622,Sarah Turner,sarah.turner@kellerwilliams.com,(704) 961-7035,Keller Williams,Toledo,OH,44378,4,8,B,67,MLS Database,2026-07-11T12:13:16Z
CREAM-20260711-00623,Samuel Long,samuellong@me.com,(980) 948-8269,Compass,Cape Coral,FL,34180,1,8,B,89,NAR Directory,2026-07-11T03:01:53Z
CREAM-20260711-00624,Carol Flores,carolflores@gmail.com,(805) 688-5581,HomeSmart,Glendale,AZ,85298,6,23,B,70,LinkedIn,2026-07-11T01:14:10Z
CREAM-20260711-00625,Diane Allen,dianea@hotmail.com,(720) 893-5031,Sotheby's International,Riverside,CA,92131,2,6,B,60,NAR Directory,2026-07-11T20:16:58Z
CREAM-20260711-00626,Debra Phillips,debra.phillips@outlook.com,(704) 457-5368,eXp Realty,Parma,OH,45764,16,74,B,71,NAR Directory,2026-07-11T08:35:33Z
CREAM-20260711-00627,Patrick Ross,patrickr@herrealtors.com,(704) 623-9808,HER Realtors,Dayton,OH,45860,5,24,B,61,Brokerage Listings,2026-07-11T15:17:49Z
CREAM-20260711-00628,Dorothy Roberts,dorothy_roberts@outlook.com,(718) 884-7187,Keller Williams Realty,Hialeah,FL,32845,18,64,B,72,Realtor.com,2026-07-11T05:58:36Z
CREAM-20260711-00629,Raymond Watson,raymond.watson@coldwellbanker.com,(256) 846-9808,Coldwell Banker,Winston-Salem,NC,27952,25,63,B,99,Facebook,2026-07-11T00:56:40Z
CREAM-20260711-00630,Christopher Perez,cperez@outlook.com,(720) 823-2610,Keller Williams Realty,Hollywood,FL,34216,12,32,B,94,LinkedIn,2026-07-11T12:56:08Z
CREAM-20260711-00631,Steven James,steven_james@hotmail.com,(805) 921-3600,Compass,Thornton,CO,81660,5,16,B,94,Realtor.com,2026-07-11T21:20:12Z
CREAM-20260711-00632,Charles Chavez,cchavez@outlook.com,(234) 750-4094,Long Realty,Chandler,AZ,86854,20,74,B,80,Cold Outreach,2026-07-11T09:57:00Z
CREAM-20260711-00633,Brian Watson,brian.watson@cutlerrealestate.com,(303) 305-3482,Cutler Real Estate,Dayton,OH,44370,19,75,B,69,LinkedIn,2026-07-11T15:49:38Z
CREAM-20260711-00634,Anthony Nguyen,anthony.nguyen@hotmail.com,(786) 649-3211,eXp Realty,Chula Vista,CA,92494,5,13,B,95,Referral Network,2026-07-11T11:08:37Z
CREAM-20260711-00635,Dennis Kelly,dkelly@douglaselliman.com,(704) 586-2254,Douglas Elliman,Hialeah,FL,33753,20,51,B,63,Cold Outreach,2026-07-11T18:24:27Z
CREAM-20260711-00636,Katherine Garcia,katherineg@herrealtors.com,(234) 345-3441,HER Realtors,Toledo,OH,44461,2,7,B,91,Referral Network,2026-07-11T22:13:07Z
CREAM-20260711-00637,Anna Anderson,annaanderson@gmail.com,(407) 777-2093,Compass,Yonkers,NY,14348,2,5,B,98,Referral Network,2026-07-11T19:51:32Z
CREAM-20260711-00638,Justin Walker,justin.walker@re/max.com,(303) 614-7719,RE/MAX,Arvada,CO,81348,0,2,B,76,Facebook,2026-07-11T18:39:16Z
CREAM-20260711-00639,Cynthia Cruz,cynthiacruz@aol.com,(334) 978-9613,Pacific Sotheby's,Riverside,CA,90241,19,63,B,67,Referral Network,2026-07-11T10:58:09Z
CREAM-20260711-00640,Mark Gomez,mark_gomez@icloud.com,(404) 480-8833,Keller Williams,Durham,NC,27563,13,73,B,81,Referral Network,2026-07-11T03:39:17Z
CREAM-20260711-00641,Emily Adams,emilyadams@gmail.com,(310) 631-8873,RE/MAX,Cary,NC,27567,5,15,B,89,Cold Outreach,2026-07-11T02:15:21Z
CREAM-20260711-00642,Anna Myers,amyers@me.com,(972) 212-8146,Berkshire Hathaway HomeServices,Santa Ana,CA,96568,5,21,B,87,Cold Outreach,2026-07-11T11:30:39Z
CREAM-20260711-00643,Stephen Torres,stephen.torres@aol.com,(646) 568-9182,Keller Williams,Tempe,AZ,85774,16,62,B,67,Facebook,2026-07-11T07:30:55Z
CREAM-20260711-00644,Diane Mitchell,dmitchell@exprealty.com,(786) 992-9229,eXp Realty,Gilbert,AZ,86430,5,17,B,83,Website Lead,2026-07-11T07:27:04Z
CREAM-20260711-00645,Patricia Cook,patriciac@hotmail.com,(704) 603-4812,Keller Williams,Lakewood,CO,81189,1,11,B,61,LinkedIn,2026-07-11T13:01:29Z
CREAM-20260711-00646,Linda Lewis,linda.lewis@berkshirehathawayhomeservices.com,(614) 323-8584,Berkshire Hathaway HomeServices,Stockton,CA,92462,1,6,B,64,Cold Outreach,2026-07-11T06:38:10Z
CREAM-20260711-00647,Thomas Bailey,thomas_bailey@gmail.com,(512) 892-6267,RE/MAX,Glendale,AZ,85701,12,56,B,90,Brokerage Listings,2026-07-11T02:24:43Z
CREAM-20260711-00648,Lisa Sanders,lisas@brownharrisstevens.com,(212) 688-9794,Brown Harris Stevens,Rochester,NY,13732,5,21,B,91,LinkedIn,2026-07-11T00:34:35Z
CREAM-20260711-00649,Aaron Collins,aaron.collins@gmail.com,(646) 300-4972,RE/MAX,Glendale,AZ,86729,5,20,B,69,Referral Network,2026-07-11T14:35:16Z
CREAM-20260711-00650,Margaret Martinez,margaretm@berkshirehathaway.com,(786) 245-2983,Berkshire Hathaway,Toledo,OH,44219,4,13,B,93,MLS Database,2026-07-11T07:49:56Z
CREAM-20260711-00651,Carolyn Price,carolynprice@icloud.com,(929) 540-7255,Coldwell Banker,Corpus Christi,TX,75524,1,6,B,85,Facebook,2026-07-11T09:24:58Z
CREAM-20260711-00652,Barbara Miller,barbaramiller@hotmail.com,(407) 803-6253,RE/MAX,Durham,NC,28311,22,77,B,61,Cold Outreach,2026-07-11T09:59:36Z
CREAM-20260711-00653,Sarah Kelly,sarah_kelly@hotmail.com,(234) 365-9294,Brown Harris Stevens,Rochester,NY,14102,4,24,B,100,Cold Outreach,2026-07-11T10:50:49Z
CREAM-20260711-00654,Katherine Martin,katherinem@aol.com,(512) 515-1951,Long Realty,Chandler,AZ,86567,17,34,B,85,Cold Outreach,2026-07-11T06:15:14Z
CREAM-20260711-00655,Katherine Allen,katherinea@kellerwilliams.com,(929) 781-7462,Keller Williams,Parma,OH,43445,4,25,B,68,Referral Network,2026-07-11T15:34:41Z
CREAM-20260711-00656,Joseph Brown,joseph.brown@yahoo.com,(303) 891-8144,eXp Realty,Toledo,OH,43173,0,0,B,66,Referral Network,2026-07-11T23:35:08Z
CREAM-20260711-00657,Scott Rivera,scott_rivera@outlook.com,(513) 585-7080,RE/MAX,Cary,NC,28509,0,2,B,71,Trade Show,2026-07-11T00:17:52Z
CREAM-20260711-00658,Betty Mendoza,bettym@hotmail.com,(720) 879-9736,8z Real Estate,Thornton,CO,81879,25,53,B,92,Facebook,2026-07-11T08:34:52Z
CREAM-20260711-00659,Timothy Ward,timothyward@me.com,(407) 746-4347,eXp Realty,Fort Collins,CO,80810,3,10,B,86,Cold Outreach,2026-07-11T13:22:23Z
CREAM-20260711-00660,Alexander Roberts,alexander.roberts@icloud.com,(214) 644-1198,RE/MAX,Pembroke Pines,FL,32634,6,30,B,94,MLS Database,2026-07-11T18:56:19Z
CREAM-20260711-00661,Kimberly Taylor,ktaylor@me.com,(512) 771-6540,eXp Realty,Chandler,AZ,85473,7,31,B,77,NAR Directory,2026-07-11T12:33:42Z
CREAM-20260711-00662,Betty King,bettyk@kellerwilliams.com,(407) 243-9998,Keller Williams,Fayetteville,NC,27823,4,25,B,78,MLS Database,2026-07-11T11:20:32Z
CREAM-20260711-00663,Debra Hall,debrah@exprealty.com,(714) 579-7439,eXp Realty,Chandler,AZ,86855,9,22,B,86,MLS Database,2026-07-11T02:27:35Z
CREAM-20260711-00664,Benjamin Parker,bparker@me.com,(415) 285-7750,RE/MAX,Durham,NC,27392,19,38,B,77,Facebook,2026-07-11T22:42:11Z
CREAM-20260711-00665,Anna Diaz,annadiaz@outlook.com,(919) 952-2509,Berkshire Hathaway,Lakewood,CO,81451,2,4,B,74,MLS Database,2026-07-11T20:29:11Z
CREAM-20260711-00666,Cynthia Martinez,cynthiam@me.com,(234) 250-9371,8z Real Estate,Lakewood,CO,80424,0,3,B,97,Trade Show,2026-07-11T03:51:07Z
CREAM-20260711-00667,Melissa Sanders,melissasanders@aol.com,(404) 789-3326,eXp Realty,Lubbock,TX,79557,4,18,B,66,MLS Database,2026-07-11T01:58:38Z
CREAM-20260711-00668,Stephen Parker,stephen_parker@outlook.com,(334) 454-7549,Sotheby's International,Albany,NY,10799,4,15,B,62,Referral Network,2026-07-11T15:10:32Z
CREAM-20260711-00669,Paul Mitchell,paul.mitchell@yahoo.com,(718) 321-4117,Sotheby's International,Bakersfield,CA,93670,6,21,B,80,NAR Directory,2026-07-11T19:57:00Z
CREAM-20260711-00670,Gregory Hall,gregory_hall@icloud.com,(929) 611-9935,Keller Williams,Dayton,OH,45563,14,62,B,92,Cold Outreach,2026-07-11T06:00:07Z
CREAM-20260711-00671,Matthew Powell,matthew.powell@coldwellbanker.com,(929) 566-5775,Coldwell Banker,Lakewood,CO,80357,4,8,B,68,LinkedIn,2026-07-11T13:58:44Z
CREAM-20260711-00672,Catherine Adams,catherinea@gmail.com,(404) 613-2434,Huntington Real Estate,Akron,OH,45289,0,1,B,89,Referral Network,2026-07-11T13:56:28Z
CREAM-20260711-00673,Frank Wilson,frankwilson@hotmail.com,(310) 565-2178,Keller Williams,Irving,TX,78236,13,54,B,93,Brokerage Listings,2026-07-11T07:41:48Z
CREAM-20260711-00674,Jeffrey Kelly,jkelly@alliebethallman.com,(919) 682-7914,Allie Beth Allman,Arlington,TX,76662,24,44,B,71,Facebook,2026-07-11T21:16:50Z
CREAM-20260711-00675,Gary Turner,gturner@me.com,(714) 911-9313,RE/MAX,Chandler,AZ,85795,4,13,B,97,NAR Directory,2026-07-11T21:22:08Z
CREAM-20260711-00676,Donald Richardson,drichardson@outlook.com,(334) 642-7440,eXp Realty,Chula Vista,CA,90251,2,5,B,94,Facebook,2026-07-11T03:52:47Z
CREAM-20260711-00677,Pamela Castillo,pcastillo@me.com,(234) 600-3538,eXp Realty,Tempe,AZ,85388,1,12,B,64,Trade Show,2026-07-11T02:54:14Z
CREAM-20260711-00678,Patrick Cruz,pcruz@yahoo.com,(980) 634-6965,Coldwell Banker,Amarillo,TX,76971,13,27,B,77,Website Lead,2026-07-11T01:47:19Z
CREAM-20260711-00679,Susan Harris,susanh@aol.com,(512) 404-2524,Coldwell Banker,Chandler,AZ,86982,1,12,B,95,Website Lead,2026-07-11T07:06:08Z
CREAM-20260711-00680,Daniel Lee,daniell@alliebethallman.com,(512) 817-1358,Allie Beth Allman,Lubbock,TX,78118,19,33,B,87,Facebook,2026-07-11T18:11:04Z
CREAM-20260711-00681,Stephanie Stewart,sstewart@aol.com,(513) 930-2426,RE/MAX,Corpus Christi,TX,76151,9,39,B,68,Referral Network,2026-07-11T12:57:02Z
CREAM-20260711-00682,Catherine Allen,catherinea@8zrealestate.com,(303) 272-7367,8z Real Estate,Arvada,CO,81490,13,63,B,66,Cold Outreach,2026-07-11T23:20:13Z
CREAM-20260711-00683,Ronald Davis,ronald.davis@allentate.com,(602) 307-2600,Allen Tate,Fayetteville,NC,28342,16,72,B,68,NAR Directory,2026-07-11T01:28:23Z
CREAM-20260711-00684,Carolyn Walker,cwalker@hotmail.com,(256) 866-8373,LIV Sotheby's,Lakewood,CO,81581,3,13,B,84,MLS Database,2026-07-11T00:17:50Z
CREAM-20260711-00685,Donald Hernandez,donald_hernandez@icloud.com,(469) 847-8614,Douglas Elliman,Irving,TX,77942,4,23,B,100,Trade Show,2026-07-11T01:57:35Z
CREAM-20260711-00686,Charles Sanders,charless@hotmail.com,(786) 812-9329,Douglas Elliman,Rochester,NY,12702,5,25,B,77,Referral Network,2026-07-11T15:53:42Z
CREAM-20260711-00687,Christine Cox,ccox@exprealty.com,(718) 223-6677,eXp Realty,Toledo,OH,45715,0,2,B,69,Trade Show,2026-07-11T21:30:46Z
CREAM-20260711-00688,Patricia Wilson,patriciawilson@gmail.com,(704) 575-1219,Keller Williams Realty,Hialeah,FL,34895,23,45,B,86,Cold Outreach,2026-07-11T03:48:26Z
CREAM-20260711-00689,Christopher Jenkins,cjenkins@outlook.com,(972) 279-7587,Long Realty,Gilbert,AZ,86882,7,28,B,60,Brokerage Listings,2026-07-11T04:41:48Z
CREAM-20260711-00690,Frank Ward,frank_ward@gmail.com,(718) 668-9597,eXp Realty,Stockton,CA,90513,16,66,B,85,Referral Network,2026-07-11T11:16:06Z
CREAM-20260711-00691,Patricia Jenkins,patricia.jenkins@me.com,(305) 290-2227,eXp Realty,Irving,TX,77238,2,6,B,80,Trade Show,2026-07-11T13:55:46Z
CREAM-20260711-00692,Benjamin Howard,benjaminhoward@me.com,(404) 679-2711,Russell Lyon Sotheby's,Chandler,AZ,86951,12,28,B,95,Trade Show,2026-07-11T19:02:46Z
CREAM-20260711-00693,William Lee,williaml@exprealty.com,(512) 989-6752,eXp Realty,Bakersfield,CA,91363,14,57,B,65,Realtor.com,2026-07-11T06:51:40Z
CREAM-20260711-00694,Elizabeth Baker,elizabethbaker@me.com,(214) 506-1273,Compass,Rochester,NY,14789,5,13,B,93,Realtor.com,2026-07-11T22:22:36Z
CREAM-20260711-00695,George Foster,george_foster@icloud.com,(602) 941-3939,Keller Williams,Gilbert,AZ,85219,22,79,B,61,Realtor.com,2026-07-11T01:41:40Z
CREAM-20260711-00696,Heather Mitchell,hmitchell@outlook.com,(704) 665-4454,RE/MAX,Glendale,AZ,85391,2,3,B,77,Brokerage Listings,2026-07-11T18:28:01Z
CREAM-20260711-00697,Pamela Torres,pamela_torres@hotmail.com,(407) 346-2124,Coldwell Banker,Glendale,AZ,85786,23,64,B,64,Website Lead,2026-07-11T14:43:38Z
CREAM-20260711-00698,Benjamin Miller,benjamin_miller@outlook.com,(334) 406-7843,Allie Beth Allman,Garland,TX,78629,3,13,B,96,Website Lead,2026-07-11T13:21:26Z
CREAM-20260711-00699,Amy James,ajames@outlook.com,(646) 786-9033,Berkshire Hathaway,Pembroke Pines,FL,33395,11,54,B,85,Realtor.com,2026-07-11T02:38:25Z
CREAM-20260711-00700,Ronald Mitchell,rmitchell@me.com,(718) 533-8872,Brown Harris Stevens,Rochester,NY,11124,18,25,B,80,Facebook,2026-07-11T03:37:08Z
CREAM-20260711-00701,Linda Morgan,lindam@coldwellbanker.com,(614) 454-6316,Coldwell Banker,Cary,NC,27136,1,5,B,90,Trade Show,2026-07-11T10:33:14Z
CREAM-20260711-00702,Michelle Reed,michelle_reed@icloud.com,(919) 745-9087,Sotheby's International,Fresno,CA,90198,2,6,B,74,LinkedIn,2026-07-11T06:52:36Z
CREAM-20260711-00703,Samantha Perez,sperez@yahoo.com,(704) 359-5141,Allie Beth Allman,Amarillo,TX,78243,11,45,B,87,Trade Show,2026-07-11T15:53:38Z
CREAM-20260711-00704,Benjamin Lee,benjamin_lee@aol.com,(972) 259-6192,Huntington Real Estate,Dayton,OH,45326,7,25,B,68,Facebook,2026-07-11T14:10:01Z
CREAM-20260711-00705,Robert Hall,rhall@pacificsothebys.com,(614) 608-8026,Pacific Sotheby's,Riverside,CA,90616,5,12,B,84,Realtor.com,2026-07-11T00:00:10Z
CREAM-20260711-00706,Gregory Long,gregory.long@gmail.com,(404) 790-4572,RE/MAX,Tempe,AZ,86268,25,45,B,67,Brokerage Listings,2026-07-11T13:09:34Z
CREAM-20260711-00707,Gregory Edwards,gedwards@yahoo.com,(602) 565-6617,Keller Williams Realty,Hollywood,FL,34567,0,2,B,86,LinkedIn,2026-07-11T22:24:16Z
CREAM-20260711-00708,Richard Roberts,richard_roberts@hotmail.com,(512) 626-8965,Compass,Albany,NY,13505,2,3,B,65,Cold Outreach,2026-07-11T16:12:09Z
CREAM-20260711-00709,William Collins,williamcollins@gmail.com,(513) 765-4157,Cutler Real Estate,Akron,OH,45755,3,20,B,68,NAR Directory,2026-07-11T21:25:57Z
CREAM-20260711-00710,Jennifer Phillips,jennifer.phillips@compass.com,(929) 959-3541,Compass,Fayetteville,NC,28608,1,9,B,65,Referral Network,2026-07-11T19:03:50Z
CREAM-20260711-00711,Janet Jackson,janet_jackson@icloud.com,(614) 436-9464,Briggs Freeman Sotheby's,Garland,TX,78461,11,80,B,100,Realtor.com,2026-07-11T06:43:15Z
CREAM-20260711-00712,Jennifer Parker,jenniferp@me.com,(614) 289-3705,Coldwell Banker,Pembroke Pines,FL,32462,3,8,B,60,LinkedIn,2026-07-11T22:45:25Z
CREAM-20260711-00713,Janet Jackson,janetj@outlook.com,(713) 435-6640,Sotheby's International,Chula Vista,CA,92804,0,1,B,73,Website Lead,2026-07-11T17:40:35Z
CREAM-20260711-00714,Amy Robinson,amyr@8zrealestate.com,(513) 707-4927,8z Real Estate,Lakewood,CO,80674,10,35,B,88,Cold Outreach,2026-07-11T05:39:45Z
CREAM-20260711-00715,Karen Wright,kwright@berkshirehathaway.com,(303) 493-9517,Berkshire Hathaway,Hollywood,FL,33309,2,10,B,89,Referral Network,2026-07-11T23:57:28Z
CREAM-20260711-00716,Karen Gomez,kareng@berkshirehathaway.com,(704) 558-3286,Berkshire Hathaway,Hialeah,FL,32539,4,12,B,93,Brokerage Listings,2026-07-11T11:16:31Z
CREAM-20260711-00717,Jessica Lopez,jessica_lopez@yahoo.com,(714) 389-4691,Berkshire Hathaway,Glendale,AZ,85744,11,45,B,75,LinkedIn,2026-07-11T00:08:15Z
CREAM-20260711-00718,Shirley Gomez,shirleyg@yahoo.com,(407) 700-9420,Century 21,Hialeah,FL,32420,2,12,B,60,Cold Outreach,2026-07-11T07:29:54Z
CREAM-20260711-00719,Linda White,lindawhite@icloud.com,(512) 580-7753,Keller Williams,Akron,OH,43463,23,46,B,96,Trade Show,2026-07-11T19:53:38Z
CREAM-20260711-00720,Mary Ortiz,mary_ortiz@yahoo.com,(303) 381-9863,Berkshire Hathaway,Akron,OH,44646,1,11,B,78,Website Lead,2026-07-11T21:04:36Z
CREAM-20260711-00721,William Perry,williamp@yahoo.com,(415) 275-4628,Long Realty,Chandler,AZ,85393,19,39,B,63,Website Lead,2026-07-11T13:45:59Z
CREAM-20260711-00722,Daniel Cooper,danielcooper@outlook.com,(916) 609-1841,Century 21,Hialeah,FL,33537,2,11,B,97,Trade Show,2026-07-11T08:06:26Z
CREAM-20260711-00723,Ryan Scott,ryans@hotmail.com,(713) 303-7461,Compass,Durham,NC,27215,17,76,B,80,Website Lead,2026-07-11T22:41:36Z
CREAM-20260711-00724,Raymond Stewart,raymondstewart@aol.com,(512) 784-8314,Keller Williams Realty,Pembroke Pines,FL,32940,1,6,B,60,Realtor.com,2026-07-11T00:36:44Z
CREAM-20260711-00725,Kenneth Kim,kenneth_kim@icloud.com,(512) 872-2283,RE/MAX,Chandler,AZ,86968,17,51,B,86,Brokerage Listings,2026-07-11T14:03:00Z
CREAM-20260711-00726,Emma Mendoza,emma.mendoza@longrealty.com,(805) 874-4454,Long Realty,Tempe,AZ,86619,0,5,B,68,Referral Network,2026-07-11T16:06:56Z
CREAM-20260711-00727,Shirley Clark,shirleyc@me.com,(916) 802-5303,Compass,Rochester,NY,10527,14,40,B,85,Trade Show,2026-07-11T01:26:51Z
CREAM-20260711-00728,Richard Long,richardl@hotmail.com,(646) 392-7699,Brown Harris Stevens,New Rochelle,NY,10892,13,36,B,61,Facebook,2026-07-11T12:47:28Z
CREAM-20260711-00729,Anthony White,awhite@aol.com,(305) 778-4686,eXp Realty,Chula Vista,CA,93520,2,6,B,78,Trade Show,2026-07-11T11:26:58Z
CREAM-20260711-00730,Carol Cooper,carol.cooper@cutlerrealestate.com,(916) 565-2498,Cutler Real Estate,Toledo,OH,45853,0,1,B,81,Brokerage Listings,2026-07-11T19:06:39Z
CREAM-20260711-00731,Elizabeth Richardson,elizabethr@kellerwilliamsrealty.com,(415) 331-5130,Keller Williams Realty,Port St. Lucie,FL,34627,20,26,B,68,Website Lead,2026-07-11T22:49:38Z
CREAM-20260711-00732,Aaron Flores,aaron.flores@aol.com,(407) 613-8318,RE/MAX,Pembroke Pines,FL,32365,3,14,B,73,Cold Outreach,2026-07-11T02:04:42Z
CREAM-20260711-00733,Dennis Flores,dflores@hotmail.com,(720) 740-9263,Coldwell Banker,Parma,OH,45565,18,46,B,63,NAR Directory,2026-07-11T22:27:52Z
CREAM-20260711-00734,Stephen Ramos,sramos@halstead.com,(310) 727-1670,Halstead,Albany,NY,11973,3,19,B,96,LinkedIn,2026-07-11T03:26:09Z
CREAM-20260711-00735,James Stewart,jamess@gmail.com,(614) 200-8427,eXp Realty,Hialeah,FL,32258,23,33,B,82,NAR Directory,2026-07-11T21:10:11Z
CREAM-20260711-00736,Donna Lopez,donna_lopez@hotmail.com,(305) 607-9013,Cutler Real Estate,Parma,OH,43612,13,39,B,97,Trade Show,2026-07-11T02:57:23Z
CREAM-20260711-00737,Benjamin Taylor,benjamin.taylor@hotmail.com,(512) 289-7013,RE/MAX,Glendale,AZ,85753,1,9,B,86,Trade Show,2026-07-11T18:37:21Z
CREAM-20260711-00738,Brenda Nelson,brenda.nelson@yahoo.com,(404) 330-1735,Compass,Anaheim,CA,95132,21,46,B,76,Facebook,2026-07-11T11:37:18Z
CREAM-20260711-00739,Elizabeth Reyes,elizabeth_reyes@yahoo.com,(916) 202-1646,Keller Williams,Gilbert,AZ,86766,5,9,B,69,LinkedIn,2026-07-11T20:31:45Z
CREAM-20260711-00740,Paul Taylor,ptaylor@russelllyonsothebys.com,(512) 634-9752,Russell Lyon Sotheby's,Chandler,AZ,86778,16,33,B,71,Facebook,2026-07-11T23:19:01Z
CREAM-20260711-00741,Ruth Robinson,ruthr@outlook.com,(513) 602-8363,RE/MAX,Garland,TX,79979,2,11,B,83,NAR Directory,2026-07-11T20:55:37Z
CREAM-20260711-00742,Deborah Taylor,deborah.taylor@kellerwilliams.com,(512) 357-4756,Keller Williams,Chandler,AZ,85868,19,29,B,66,MLS Database,2026-07-11T09:28:24Z
CREAM-20260711-00743,Christine Kim,christinek@kellerwilliams.com,(786) 951-5434,Keller Williams,New Rochelle,NY,12191,4,14,B,84,Brokerage Listings,2026-07-11T00:30:15Z
CREAM-20260711-00744,Michelle Thompson,michellethompson@gmail.com,(916) 965-7354,HER Realtors,Dayton,OH,45995,5,11,B,67,NAR Directory,2026-07-11T00:12:02Z
CREAM-20260711-00745,Paul Cox,paul.cox@sothebysinternational.com,(805) 963-8904,Sotheby's International,Rochester,NY,13759,25,53,B,72,Brokerage Listings,2026-07-11T05:52:54Z
CREAM-20260711-00746,Jack Martinez,jack.martinez@me.com,(720) 649-1929,eXp Realty,Arvada,CO,80546,5,11,B,71,Referral Network,2026-07-11T15:32:30Z
CREAM-20260711-00747,Ronald Gutierrez,rgutierrez@outlook.com,(929) 868-2910,Keller Williams Realty,Riverside,CA,94248,23,78,B,78,Trade Show,2026-07-11T13:32:09Z
CREAM-20260711-00748,Matthew Torres,matthew.torres@gmail.com,(404) 814-2779,RE/MAX,Parma,OH,44155,15,45,B,100,LinkedIn,2026-07-11T19:35:14Z
CREAM-20260711-00749,Larry Scott,larry_scott@gmail.com,(469) 843-2954,Pacific Sotheby's,Bakersfield,CA,92811,1,10,B,90,Realtor.com,2026-07-11T02:53:28Z
CREAM-20260711-00750,Donald Martin,donaldm@compass.com,(614) 781-6350,Compass,Cape Coral,FL,32116,24,72,B,79,Realtor.com,2026-07-11T12:59:48Z
CREAM-20260711-00751,Aaron Gomez,aaron_gomez@gmail.com,(916) 641-7292,Compass,Pueblo,CO,81414,10,25,C,70,Cold Outreach,2026-07-11T17:38:19Z
CREAM-20260711-00752,Dorothy Hill,dorothyhill@outlook.com,(718) 538-1438,Berkshire Hathaway,Canton,OH,45873,8,37,C,99,Website Lead,2026-07-11T18:59:20Z
CREAM-20260711-00753,Jerry Campbell,jerrycampbell@me.com,(602) 870-2750,RE/MAX,Avondale,AZ,86810,9,26,C,64,Website Lead,2026-07-11T23:41:24Z
CREAM-20260711-00754,Laura Thompson,laura.thompson@corcorangroup.com,(919) 251-5682,Corcoran Group,Schenectady,NY,12717,18,79,C,62,MLS Database,2026-07-11T11:13:17Z
CREAM-20260711-00755,Eric Parker,ericp@berkshirehathaway.com,(602) 417-7839,Berkshire Hathaway,Youngstown,OH,44390,21,70,C,61,Realtor.com,2026-07-11T14:08:44Z
CREAM-20260711-00756,Joshua Castillo,joshuac@yahoo.com,(786) 242-2409,Halstead,Mount Vernon,NY,12725,5,24,C,73,Facebook,2026-07-11T18:14:23Z
CREAM-20260711-00757,Nicole Lee,nicolelee@gmail.com,(469) 642-8529,Allie Beth Allman,McAllen,TX,75806,20,27,C,82,Brokerage Listings,2026-07-11T11:24:44Z
CREAM-20260711-00758,Eric Sanders,erics@yahoo.com,(214) 780-6392,Keller Williams Realty,Fremont,CA,90651,11,38,C,73,Facebook,2026-07-11T13:39:57Z
CREAM-20260711-00759,Joseph Bailey,joseph_bailey@me.com,(310) 946-6534,Keller Williams,Canton,OH,44597,23,52,C,96,MLS Database,2026-07-11T09:47:43Z
CREAM-20260711-00760,Jack Roberts,jack.roberts@aol.com,(980) 380-2253,Pacific Sotheby's,Fremont,CA,92257,5,15,C,62,Cold Outreach,2026-07-11T01:33:51Z
CREAM-20260711-00761,Brian Hernandez,bhernandez@gmail.com,(704) 768-5371,Pacific Sotheby's,Modesto,CA,92628,10,39,C,70,Brokerage Listings,2026-07-11T03:49:50Z
CREAM-20260711-00762,Patricia Torres,ptorres@exprealty.com,(602) 276-9587,eXp Realty,Youngstown,OH,44444,1,11,C,95,MLS Database,2026-07-11T04:27:36Z
CREAM-20260711-00763,Aaron Hill,aaronhill@outlook.com,(919) 789-3426,RE/MAX,Pueblo,CO,80964,24,47,C,91,Brokerage Listings,2026-07-11T16:44:51Z
CREAM-20260711-00764,Debra Thompson,debra_thompson@outlook.com,(234) 326-3480,Berkshire Hathaway HomeServices,Fontana,CA,95102,21,71,C,99,Trade Show,2026-07-11T15:42:16Z
CREAM-20260711-00765,Pamela Rogers,pamela.rogers@homesmart.com,(234) 668-3886,HomeSmart,Peoria,AZ,85311,3,22,C,62,Cold Outreach,2026-07-11T20:11:22Z
CREAM-20260711-00766,Amanda Robinson,arobinson@aol.com,(929) 668-9805,Berkshire Hathaway,Clearwater,FL,33919,12,35,C,85,Facebook,2026-07-11T20:54:33Z
CREAM-20260711-00767,Robert Anderson,randerson@gmail.com,(602) 665-3954,RE/MAX,Modesto,CA,92979,3,17,C,98,MLS Database,2026-07-11T14:00:17Z
CREAM-20260711-00768,Dennis Lee,dennis.lee@me.com,(614) 267-8387,Halstead,Schenectady,NY,10215,2,9,C,89,Referral Network,2026-07-11T04:14:46Z
CREAM-20260711-00769,Rachel Reyes,rachel.reyes@yahoo.com,(980) 576-1948,Coldwell Banker,McKinney,TX,75463,12,80,C,65,MLS Database,2026-07-11T13:03:32Z
CREAM-20260711-00770,Michael Williams,michael_williams@me.com,(704) 808-8664,Coldwell Banker,Irvine,CA,93257,6,18,C,100,Brokerage Listings,2026-07-11T23:26:04Z
CREAM-20260711-00771,Brenda Walker,brenda_walker@gmail.com,(916) 498-8370,Berkshire Hathaway HomeServices,Moreno Valley,CA,91906,15,54,C,60,Brokerage Listings,2026-07-11T13:46:47Z
CREAM-20260711-00772,Laura Rogers,laurarogers@outlook.com,(334) 925-8773,Coldwell Banker,Fontana,CA,96850,2,6,C,94,Trade Show,2026-07-11T20:48:54Z
CREAM-20260711-00773,Justin Jackson,justin.jackson@me.com,(720) 323-3396,eXp Realty,Greenville,NC,27623,1,12,C,90,Brokerage Listings,2026-07-11T17:12:37Z
CREAM-20260711-00774,Stephen Edwards,sedwards@homesmart.com,(786) 753-2303,HomeSmart,Yuma,AZ,86336,0,5,C,100,NAR Directory,2026-07-11T05:11:32Z
CREAM-20260711-00775,Linda Nelson,lindanelson@outlook.com,(415) 402-8934,RE/MAX,Modesto,CA,90378,3,12,C,66,Referral Network,2026-07-11T18:30:51Z
CREAM-20260711-00776,Benjamin Lewis,blewis@aol.com,(805) 416-3946,RE/MAX,Clearwater,FL,34190,6,29,C,100,Referral Network,2026-07-11T07:15:11Z
CREAM-20260711-00777,Amy Jones,amy_jones@yahoo.com,(512) 341-6267,Long Realty,Surprise,AZ,86632,2,5,C,68,Brokerage Listings,2026-07-11T22:25:38Z
CREAM-20260711-00778,Jessica Lopez,jessica.lopez@hotmail.com,(512) 534-8323,Coldwell Banker,Greenville,NC,27811,7,22,C,87,Website Lead,2026-07-11T04:37:27Z
CREAM-20260711-00779,Christopher Hill,christopher_hill@me.com,(704) 305-1515,Coldwell Banker,Coral Springs,FL,34469,1,10,C,76,Realtor.com,2026-07-11T15:31:17Z
CREAM-20260711-00780,Samantha Watson,samantha.watson@outlook.com,(212) 389-7662,Coldwell Banker,Yuma,AZ,85815,2,12,C,97,Trade Show,2026-07-11T17:10:58Z
CREAM-20260711-00781,Aaron Green,aaron.green@sothebysinternational.com,(713) 811-9973,Sotheby's International,Mount Vernon,NY,14791,2,4,C,87,Referral Network,2026-07-11T04:16:51Z
CREAM-20260711-00782,Samantha Baker,sbaker@outlook.com,(334) 633-7478,Russell Lyon Sotheby's,Yuma,AZ,85934,25,36,C,64,LinkedIn,2026-07-11T08:01:59Z
CREAM-20260711-00783,George Brooks,gbrooks@kellerwilliamsrealty.com,(929) 418-6373,Keller Williams Realty,Modesto,CA,92227,15,70,C,70,Brokerage Listings,2026-07-11T08:52:49Z
CREAM-20260711-00784,Benjamin Davis,benjamindavis@hotmail.com,(404) 573-2189,RE/MAX,Concord,NC,28589,13,67,C,95,Facebook,2026-07-11T18:26:32Z
CREAM-20260711-00785,Samuel Foster,samuel.foster@hotmail.com,(407) 815-1147,Russell Lyon Sotheby's,Peoria,AZ,85240,5,25,C,71,Facebook,2026-07-11T07:49:43Z
CREAM-20260711-00786,Linda James,ljames@icloud.com,(614) 273-6596,RE/MAX,McAllen,TX,79703,8,36,C,69,Facebook,2026-07-11T23:39:46Z
CREAM-20260711-00787,Donald Flores,donaldf@hotmail.com,(720) 237-9850,Coldwell Banker,Centennial,CO,81629,13,56,C,73,Realtor.com,2026-07-11T10:54:41Z
CREAM-20260711-00788,Daniel Thomas,daniel.thomas@gmail.com,(512) 293-6831,RE/MAX,Concord,NC,27411,3,21,C,79,Trade Show,2026-07-11T15:37:15Z
CREAM-20260711-00789,Charles Martinez,charles.martinez@berkshirehathaway.com,(919) 896-9939,Berkshire Hathaway,Canton,OH,45306,6,35,C,93,Brokerage Listings,2026-07-11T20:35:46Z
CREAM-20260711-00790,Ryan Perry,ryan_perry@aol.com,(929) 625-9882,RE/MAX,Yuma,AZ,86857,13,49,C,91,Trade Show,2026-07-11T20:27:07Z
CREAM-20260711-00791,Justin Campbell,jcampbell@yahoo.com,(919) 553-6197,Compass,Wilmington,NC,27560,21,32,C,97,NAR Directory,2026-07-11T22:15:02Z
CREAM-20260711-00792,Michelle Brooks,michellebrooks@outlook.com,(305) 342-1067,eXp Realty,Miramar,FL,34662,5,19,C,98,NAR Directory,2026-07-11T05:47:33Z
CREAM-20260711-00793,Matthew Gonzalez,matthewg@outlook.com,(513) 581-1798,eXp Realty,Peoria,AZ,86804,4,25,C,96,Referral Network,2026-07-11T03:48:01Z
CREAM-20260711-00794,Sandra Diaz,sandra_diaz@gmail.com,(469) 698-2141,RE/MAX,Avondale,AZ,85749,17,47,C,98,Realtor.com,2026-07-11T03:42:46Z
CREAM-20260711-00795,Robert Jackson,robert_jackson@me.com,(805) 789-1461,Berkshire Hathaway,Hamilton,OH,45171,2,8,C,82,Brokerage Listings,2026-07-11T18:59:26Z
CREAM-20260711-00796,Susan Ortiz,susano@longrealty.com,(234) 343-1428,Long Realty,Surprise,AZ,86466,5,16,C,79,Trade Show,2026-07-11T09:30:06Z
CREAM-20260711-00797,James Long,jamesl@compass.com,(929) 420-9883,Compass,Westminster,CO,80465,23,43,C,92,Brokerage Listings,2026-07-11T16:52:31Z
CREAM-20260711-00798,Kimberly Ortiz,kimberly.ortiz@yahoo.com,(602) 498-6825,eXp Realty,Hamilton,OH,44246,5,25,C,94,Referral Network,2026-07-11T08:22:25Z
CREAM-20260711-00799,Deborah Adams,deborahadams@hotmail.com,(720) 826-3165,Coldwell Banker,McAllen,TX,78321,17,49,C,76,NAR Directory,2026-07-11T22:13:23Z
CREAM-20260711-00800,Ruth Smith,ruth.smith@hotmail.com,(334) 823-5880,Compass,Boulder,CO,81630,1,11,C,99,LinkedIn,2026-07-11T06:03:12Z
CREAM-20260711-00801,Helen Rivera,helenrivera@aol.com,(786) 224-9391,Douglas Elliman,Troy,NY,14580,3,14,C,95,Realtor.com,2026-07-11T20:39:19Z
CREAM-20260711-00802,Timothy Williams,timothy.williams@hotmail.com,(407) 690-8806,Keller Williams,Lorain,OH,43218,4,8,C,94,Brokerage Listings,2026-07-11T15:15:45Z
CREAM-20260711-00803,Ryan Bailey,ryanb@re/max.com,(602) 867-3461,RE/MAX,Surprise,AZ,85914,19,28,C,72,Realtor.com,2026-07-11T11:33:04Z
CREAM-20260711-00804,Michael Garcia,michaelgarcia@outlook.com,(919) 481-5547,Keller Williams Realty,Fontana,CA,94898,23,44,C,83,Realtor.com,2026-07-11T21:02:21Z
CREAM-20260711-00805,Raymond Long,rlong@icloud.com,(980) 779-6504,Sotheby's International,Troy,NY,10385,21,51,C,62,LinkedIn,2026-07-11T10:11:50Z
CREAM-20260711-00806,Mary Walker,mwalker@hotmail.com,(980) 551-6452,Coldwell Banker,Boulder,CO,81527,2,7,C,78,Facebook,2026-07-11T21:37:45Z
CREAM-20260711-00807,Linda Mitchell,lmitchell@huntingtonrealestate.com,(256) 548-8604,Huntington Real Estate,Lorain,OH,43234,13,52,C,84,Trade Show,2026-07-11T16:18:05Z
CREAM-20260711-00808,Kenneth Scott,kenneths@kellerwilliams.com,(469) 590-7456,Keller Williams,High Point,NC,28147,6,18,C,66,Realtor.com,2026-07-11T10:05:44Z
CREAM-20260711-00809,Andrew Ward,award@gmail.com,(919) 929-2666,Coldwell Banker,Modesto,CA,95321,5,25,C,99,Referral Network,2026-07-11T02:22:17Z
CREAM-20260711-00810,Lisa Wood,lisawood@hotmail.com,(404) 466-4962,Cutler Real Estate,Hamilton,OH,44249,19,27,C,89,Trade Show,2026-07-11T10:43:20Z
CREAM-20260711-00811,Emily Bennett,emilybennett@aol.com,(614) 586-4829,Douglas Elliman,McKinney,TX,77308,10,52,C,63,Referral Network,2026-07-11T15:23:04Z
CREAM-20260711-00812,Mark Carter,mark_carter@aol.com,(929) 793-5087,Keller Williams Realty,Huntington Beach,CA,92919,11,79,C,100,Realtor.com,2026-07-11T03:15:41Z
CREAM-20260711-00813,Angela Kim,angelak@exprealty.com,(256) 532-3784,eXp Realty,Westminster,CO,80609,3,21,C,60,Facebook,2026-07-11T13:17:36Z
CREAM-20260711-00814,Ruth Harris,ruthh@yahoo.com,(404) 591-7945,Douglas Elliman,Palm Bay,FL,33170,5,23,C,73,Brokerage Listings,2026-07-11T18:06:44Z
CREAM-20260711-00815,John Garcia,johng@yahoo.com,(713) 289-1221,Compass,Moreno Valley,CA,91233,2,12,C,94,Referral Network,2026-07-11T12:21:20Z
CREAM-20260711-00816,Sandra Ramirez,sramirez@exprealty.com,(786) 681-2607,eXp Realty,Pueblo,CO,80156,18,69,C,65,Realtor.com,2026-07-11T09:20:44Z
CREAM-20260711-00817,Melissa Mendoza,melissa_mendoza@yahoo.com,(256) 460-7673,eXp Realty,Centennial,CO,80698,1,3,C,66,Brokerage Listings,2026-07-11T14:09:49Z
CREAM-20260711-00818,Deborah Gomez,deborah_gomez@icloud.com,(919) 912-4197,Keller Williams,Pueblo,CO,80263,0,3,C,73,Realtor.com,2026-07-11T15:13:18Z
CREAM-20260711-00819,Debra Thompson,dthompson@icloud.com,(513) 582-9028,Keller Williams,Troy,NY,14622,5,9,C,66,Facebook,2026-07-11T01:34:22Z
CREAM-20260711-00820,Catherine Jenkins,cjenkins@re/max.com,(415) 284-4988,RE/MAX,High Point,NC,28545,0,3,C,70,Referral Network,2026-07-11T14:07:19Z
CREAM-20260711-00821,Laura Perry,laura.perry@hotmail.com,(512) 651-4298,Coldwell Banker,Miramar,FL,34484,15,46,C,92,Realtor.com,2026-07-11T10:31:13Z
CREAM-20260711-00822,Paul Nguyen,pauln@yahoo.com,(404) 928-1793,Briggs Freeman Sotheby's,Grand Prairie,TX,76955,17,53,C,89,Brokerage Listings,2026-07-11T04:46:18Z
CREAM-20260711-00823,Janet Morgan,jmorgan@hotmail.com,(305) 229-4648,Keller Williams,Lorain,OH,45551,6,26,C,82,NAR Directory,2026-07-11T04:24:50Z
CREAM-20260711-00824,Patricia Taylor,patricia.taylor@outlook.com,(512) 363-4128,Berkshire Hathaway,Brownsville,TX,75122,22,63,C,95,Facebook,2026-07-11T06:38:23Z
CREAM-20260711-00825,Ronald Gomez,ronaldg@brownharrisstevens.com,(512) 801-8541,Brown Harris Stevens,Troy,NY,12986,13,75,C,67,Trade Show,2026-07-11T01:37:53Z
CREAM-20260711-00826,Christopher Powell,christopher.powell@yahoo.com,(214) 808-4328,Coldwell Banker,Gainesville,FL,34667,4,15,C,74,LinkedIn,2026-07-11T18:22:52Z
CREAM-20260711-00827,Karen Brown,karenb@kellerwilliams.com,(714) 244-4220,Keller Williams,Troy,NY,10748,2,5,C,99,Trade Show,2026-07-11T21:23:51Z
CREAM-20260711-00828,Amanda Perez,amandap@hotmail.com,(256) 201-4796,RE/MAX,Lorain,OH,45978,10,60,C,66,Website Lead,2026-07-11T02:15:01Z
CREAM-20260711-00829,Ryan Cooper,ryan.cooper@kellerwilliams.com,(972) 442-5321,Keller Williams,Hamilton,OH,45264,21,47,C,71,MLS Database,2026-07-11T03:55:44Z
CREAM-20260711-00830,Benjamin Perez,benjaminp@icloud.com,(512) 851-5620,Coldwell Banker,Westminster,CO,81816,25,47,C,86,Website Lead,2026-07-11T04:40:56Z
CREAM-20260711-00831,Shirley Green,shirley.green@kellerwilliamsrealty.com,(929) 883-7998,Keller Williams Realty,West Palm Beach,FL,32240,25,72,C,72,MLS Database,2026-07-11T12:46:34Z
CREAM-20260711-00832,Brenda Mitchell,bmitchell@kellerwilliams.com,(786) 644-8639,Keller Williams,Troy,NY,11931,0,5,C,100,MLS Database,2026-07-11T04:12:27Z
CREAM-20260711-00833,Nicholas Peterson,npeterson@compass.com,(805) 696-8532,Compass,Coral Springs,FL,33587,0,1,C,86,Cold Outreach,2026-07-11T00:48:00Z
CREAM-20260711-00834,Raymond Richardson,raymond.richardson@aol.com,(404) 414-5433,Cutler Real Estate,Lorain,OH,45807,15,25,C,61,Website Lead,2026-07-11T03:57:00Z
CREAM-20260711-00835,Samantha Wood,samantha.wood@outlook.com,(614) 689-8580,Keller Williams,Utica,NY,11377,11,49,C,97,NAR Directory,2026-07-11T03:51:34Z
CREAM-20260711-00836,Andrew Flores,aflores@yahoo.com,(919) 984-5214,Coldwell Banker,Fontana,CA,90167,1,5,C,62,Trade Show,2026-07-11T22:52:35Z
CREAM-20260711-00837,Jacob Lee,jacoblee@yahoo.com,(972) 735-8979,Allie Beth Allman,McAllen,TX,77841,16,57,C,95,Website Lead,2026-07-11T15:57:23Z
CREAM-20260711-00838,Susan Young,syoung@outlook.com,(713) 349-9934,RE/MAX,Avondale,AZ,85462,6,34,C,89,Referral Network,2026-07-11T13:38:09Z
CREAM-20260711-00839,Richard Smith,rsmith@icloud.com,(404) 780-3903,Keller Williams,Lorain,OH,44465,7,24,C,60,Cold Outreach,2026-07-11T16:05:59Z
CREAM-20260711-00840,Elizabeth Kim,elizabeth_kim@me.com,(980) 599-5901,Berkshire Hathaway,Pueblo,CO,80456,0,2,C,98,Website Lead,2026-07-11T06:06:48Z
CREAM-20260711-00841,Jacob Collins,jacobc@outlook.com,(305) 898-4771,Nest Seekers,White Plains,NY,10868,23,41,C,63,Referral Network,2026-07-11T00:35:55Z
CREAM-20260711-00842,Eric Wright,ericw@exprealty.com,(212) 347-5847,eXp Realty,McAllen,TX,79111,3,10,C,62,Cold Outreach,2026-07-11T15:24:45Z
CREAM-20260711-00843,Matthew Moore,matthew_moore@gmail.com,(334) 716-1037,eXp Realty,Canton,OH,43888,21,63,C,97,Cold Outreach,2026-07-11T04:09:10Z
CREAM-20260711-00844,Ruth Kim,ruth.kim@yahoo.com,(512) 930-3720,Keller Williams,Concord,NC,27271,6,39,C,75,Trade Show,2026-07-11T07:52:52Z
CREAM-20260711-00845,Larry Reed,lreed@kellerwilliams.com,(512) 635-5398,Keller Williams,Greenville,NC,27531,9,33,C,92,Cold Outreach,2026-07-11T05:18:53Z
CREAM-20260711-00846,Emily Ward,eward@kellerwilliams.com,(212) 382-6870,Keller Williams,Youngstown,OH,44535,5,16,C,66,Website Lead,2026-07-11T13:13:09Z
CREAM-20260711-00847,Melissa Gonzalez,mgonzalez@icloud.com,(714) 361-7000,Coldwell Banker,Avondale,AZ,85853,20,29,C,85,LinkedIn,2026-07-11T22:12:32Z
CREAM-20260711-00848,Heather Harris,heather.harris@pacificsothebys.com,(404) 891-2983,Pacific Sotheby's,Huntington Beach,CA,92693,21,31,C,88,MLS Database,2026-07-11T20:09:20Z
CREAM-20260711-00849,William Collins,wcollins@hotmail.com,(305) 971-8849,Huntington Real Estate,Youngstown,OH,43597,1,12,C,65,Website Lead,2026-07-11T14:32:58Z
CREAM-20260711-00850,Christopher Young,christopher.young@pacificsothebys.com,(602) 800-9064,Pacific Sotheby's,Fremont,CA,96249,3,19,C,70,Referral Network,2026-07-11T14:09:56Z
CREAM-20260711-00851,Tyler Alvarez,tyler_alvarez@yahoo.com,(407) 609-3297,Berkshire Hathaway,High Point,NC,27790,0,2,C,72,Brokerage Listings,2026-07-11T23:24:31Z
CREAM-20260711-00852,Jeffrey Miller,jmiller@compass.com,(469) 221-7801,Compass,White Plains,NY,14142,18,28,C,98,Website Lead,2026-07-11T07:06:33Z
CREAM-20260711-00853,Scott Chavez,schavez@berkshirehathaway.com,(602) 961-7011,Berkshire Hathaway,Surprise,AZ,86699,15,57,C,73,Website Lead,2026-07-11T10:38:07Z
CREAM-20260711-00854,Paul Nguyen,pnguyen@kellerwilliamsrealty.com,(212) 204-7564,Keller Williams Realty,Clearwater,FL,34189,0,0,C,86,Cold Outreach,2026-07-11T13:24:47Z
CREAM-20260711-00855,Robert Rodriguez,robert.rodriguez@kellerwilliams.com,(602) 674-8840,Keller Williams,Surprise,AZ,85476,13,38,C,96,Brokerage Listings,2026-07-11T03:24:39Z
CREAM-20260711-00856,Emma Hernandez,emmah@coldwellbanker.com,(407) 320-9764,Coldwell Banker,Coral Springs,FL,33785,11,46,C,89,Trade Show,2026-07-11T16:44:07Z
CREAM-20260711-00857,Lisa Bailey,lisa.bailey@compass.com,(980) 662-6236,Compass,Moreno Valley,CA,94877,9,18,C,80,Realtor.com,2026-07-11T15:11:21Z
CREAM-20260711-00858,Stephen Long,stephen_long@yahoo.com,(704) 724-3920,Keller Williams,Wilmington,NC,27952,5,25,C,63,LinkedIn,2026-07-11T11:04:40Z
CREAM-20260711-00859,Thomas James,thomasj@douglaselliman.com,(404) 927-5098,Douglas Elliman,Mount Vernon,NY,13961,16,52,C,69,Website Lead,2026-07-11T19:08:36Z
CREAM-20260711-00860,Kimberly Rogers,kimberly_rogers@yahoo.com,(415) 458-6468,Compass,White Plains,NY,12793,23,70,C,100,Website Lead,2026-07-11T22:24:19Z
CREAM-20260711-00861,Anthony Gonzalez,anthonygonzalez@aol.com,(469) 518-4218,Berkshire Hathaway,Westminster,CO,81783,8,30,C,85,Realtor.com,2026-07-11T00:43:43Z
CREAM-20260711-00862,Helen Sanders,helen.sanders@icloud.com,(334) 416-3531,Compass,Westminster,CO,80976,16,72,C,66,Trade Show,2026-07-11T04:58:57Z
CREAM-20260711-00863,Jack Wilson,jwilson@halstead.com,(212) 540-5299,Halstead,White Plains,NY,14854,0,4,C,84,NAR Directory,2026-07-11T06:07:29Z
CREAM-20260711-00864,Angela Rogers,angelar@icloud.com,(646) 980-7682,Brown Harris Stevens,Utica,NY,13969,20,79,C,97,Referral Network,2026-07-11T01:37:43Z
CREAM-20260711-00865,Stephen Reyes,stephenreyes@gmail.com,(212) 530-2938,Keller Williams Realty,Clearwater,FL,32224,3,24,C,89,MLS Database,2026-07-11T06:00:04Z
CREAM-20260711-00866,Kimberly Stewart,kimberly_stewart@hotmail.com,(303) 596-8307,Berkshire Hathaway HomeServices,Fremont,CA,90799,19,26,C,90,MLS Database,2026-07-11T21:30:07Z
CREAM-20260711-00867,Kimberly Cooper,kimberly.cooper@me.com,(415) 859-6836,RE/MAX,Huntington Beach,CA,94843,14,73,C,87,MLS Database,2026-07-11T09:34:28Z
CREAM-20260711-00868,Elizabeth Flores,elizabeth.flores@hotmail.com,(513) 906-8143,Nest Seekers,Troy,NY,10173,1,3,C,62,Cold Outreach,2026-07-11T09:48:48Z
CREAM-20260711-00869,Sandra Gutierrez,sgutierrez@re/max.com,(303) 973-5842,RE/MAX,Lorain,OH,44843,5,11,C,74,MLS Database,2026-07-11T17:12:49Z
CREAM-20260711-00870,Nicole Gomez,nicoleg@re/max.com,(512) 703-6614,RE/MAX,Concord,NC,28174,18,76,C,81,Website Lead,2026-07-11T08:26:40Z
CREAM-20260711-00871,Helen Stewart,helens@aol.com,(212) 698-2159,Sotheby's International,Mount Vernon,NY,11745,16,69,C,61,Facebook,2026-07-11T03:10:34Z
CREAM-20260711-00872,Nancy Bailey,nbailey@hotmail.com,(602) 218-3958,Douglas Elliman,Utica,NY,10221,21,30,C,61,Trade Show,2026-07-11T19:17:31Z
CREAM-20260711-00873,Jason James,jjames@compass.com,(786) 293-2453,Compass,Concord,NC,27987,2,12,C,99,Referral Network,2026-07-11T02:40:25Z
CREAM-20260711-00874,Emily Flores,emily.flores@me.com,(415) 807-5735,Keller Williams,Hamilton,OH,43375,2,4,C,72,Facebook,2026-07-11T22:02:37Z
CREAM-20260711-00875,David Collins,dcollins@outlook.com,(256) 927-7539,Corcoran Group,Utica,NY,10783,15,44,C,65,MLS Database,2026-07-11T06:26:31Z
CREAM-20260711-00876,Janet Cooper,jcooper@gmail.com,(310) 899-5753,Keller Williams,Hempstead,NY,10178,0,2,C,88,Realtor.com,2026-07-11T17:21:16Z
CREAM-20260711-00877,Kathleen Scott,kathleen.scott@me.com,(512) 223-8197,Coldwell Banker,Boulder,CO,80218,9,28,C,62,Cold Outreach,2026-07-11T21:30:00Z
CREAM-20260711-00878,William Miller,williammiller@outlook.com,(512) 280-3338,Compass,Concord,NC,27429,15,28,C,69,Realtor.com,2026-07-11T03:26:46Z
CREAM-20260711-00879,Eric Roberts,ericr@gmail.com,(212) 275-7668,RE/MAX,Peoria,AZ,85340,11,48,C,74,Trade Show,2026-07-11T11:52:13Z
CREAM-20260711-00880,Nicole Clark,nclark@nestseekers.com,(212) 663-1584,Nest Seekers,Utica,NY,12552,1,10,C,93,Facebook,2026-07-11T15:48:00Z
CREAM-20260711-00881,Debra Powell,debrap@hotmail.com,(415) 980-1147,LIV Sotheby's,Pueblo,CO,81863,11,41,C,93,Facebook,2026-07-11T15:39:35Z
CREAM-20260711-00882,Patricia Jenkins,patriciaj@aol.com,(407) 296-2854,Keller Williams,Boulder,CO,81231,24,32,C,97,MLS Database,2026-07-11T11:04:09Z
CREAM-20260711-00883,Mark Rogers,mark.rogers@exprealty.com,(916) 806-1426,eXp Realty,Grand Prairie,TX,76250,0,1,C,88,Cold Outreach,2026-07-11T09:45:23Z
CREAM-20260711-00884,George Russell,grussell@kellerwilliams.com,(714) 579-2972,Keller Williams,McAllen,TX,75711,12,42,C,73,Website Lead,2026-07-11T15:21:04Z
CREAM-20260711-00885,Nancy Parker,nancyp@hotmail.com,(214) 215-9602,HomeSmart,Avondale,AZ,86213,0,1,C,90,Facebook,2026-07-11T17:18:56Z
CREAM-20260711-00886,Karen Diaz,karend@compass.com,(512) 647-2229,Compass,Gainesville,FL,33138,0,0,C,76,Website Lead,2026-07-11T00:16:56Z
CREAM-20260711-00887,Richard Jenkins,rjenkins@berkshirehathaway.com,(310) 268-2021,Berkshire Hathaway,Gainesville,FL,32627,7,31,C,71,Trade Show,2026-07-11T13:51:53Z
CREAM-20260711-00888,Shirley Edwards,shirley.edwards@exprealty.com,(919) 228-5664,eXp Realty,Boulder,CO,81506,2,3,C,69,Trade Show,2026-07-11T17:03:54Z
CREAM-20260711-00889,Karen Scott,karens@douglaselliman.com,(919) 562-6034,Douglas Elliman,West Palm Beach,FL,33213,0,0,C,61,Referral Network,2026-07-11T07:23:40Z
CREAM-20260711-00890,Gregory Robinson,gregoryrobinson@yahoo.com,(305) 348-2865,Coldwell Banker,Mesquite,TX,77967,23,38,C,83,Brokerage Listings,2026-07-11T18:33:49Z
CREAM-20260711-00891,Dennis Reed,dreed@kellerwilliams.com,(512) 832-7283,Keller Williams,Troy,NY,11578,4,11,C,75,Website Lead,2026-07-11T09:00:07Z
CREAM-20260711-00892,Richard Bailey,richardb@coldwellbanker.com,(916) 986-8855,Coldwell Banker,Avondale,AZ,85790,2,11,C,73,MLS Database,2026-07-11T12:57:53Z
CREAM-20260711-00893,Joseph Martinez,joseph.martinez@gmail.com,(713) 278-1973,Allen Tate,Greenville,NC,28871,3,14,C,98,LinkedIn,2026-07-11T15:08:46Z
CREAM-20260711-00894,Brenda Ross,brendar@aol.com,(305) 648-2718,Keller Williams Realty,Coral Springs,FL,34500,22,39,C,79,LinkedIn,2026-07-11T11:52:18Z
CREAM-20260711-00895,Aaron Long,aaron.long@me.com,(512) 605-3109,Briggs Freeman Sotheby's,McAllen,TX,75712,4,23,C,63,Trade Show,2026-07-11T22:29:14Z
CREAM-20260711-00896,Dennis Miller,dennismiller@icloud.com,(718) 211-5636,Century 21,Clearwater,FL,33815,25,50,C,99,Trade Show,2026-07-11T20:13:51Z
CREAM-20260711-00897,Elizabeth Parker,elizabeth.parker@berkshirehathawayhomeservices.com,(720) 526-7153,Berkshire Hathaway HomeServices,Modesto,CA,96561,23,47,C,67,Realtor.com,2026-07-11T00:24:27Z
CREAM-20260711-00898,Samantha Patel,samantha_patel@icloud.com,(407) 705-5346,Compass,High Point,NC,28400,22,50,C,94,Brokerage Listings,2026-07-11T18:21:29Z
CREAM-20260711-00899,Matthew James,matthewjames@aol.com,(972) 830-7476,RE/MAX,West Palm Beach,FL,32567,14,41,C,87,NAR Directory,2026-07-11T16:20:08Z
CREAM-20260711-00900,Kenneth Moore,kennethm@berkshirehathaway.com,(714) 562-6722,Berkshire Hathaway,Wilmington,NC,28256,8,28,C,72,MLS Database,2026-07-11T12:45:22Z
CREAM-20260711-00901,Matthew Moore,mmoore@icloud.com,(614) 644-6412,Compass,Boulder,CO,80207,5,25,C,100,Website Lead,2026-07-11T21:30:32Z
CREAM-20260711-00902,Steven Robinson,stevenrobinson@aol.com,(718) 243-7237,RE/MAX,Boulder,CO,81604,6,39,C,81,Realtor.com,2026-07-11T15:07:10Z
CREAM-20260711-00903,Andrew Thompson,andrewthompson@hotmail.com,(407) 763-7913,eXp Realty,Centennial,CO,80330,13,58,C,66,Trade Show,2026-07-11T03:05:19Z
CREAM-20260711-00904,Justin Scott,justinscott@hotmail.com,(929) 536-9308,Coldwell Banker,Pueblo,CO,80870,5,21,C,88,NAR Directory,2026-07-11T11:29:26Z
CREAM-20260711-00905,Katherine Diaz,katherined@icloud.com,(305) 516-8996,eXp Realty,Canton,OH,43369,21,76,C,62,LinkedIn,2026-07-11T01:23:29Z
CREAM-20260711-00906,Eric Martinez,eric.martinez@yahoo.com,(720) 297-7771,Allie Beth Allman,McKinney,TX,76935,5,18,C,63,NAR Directory,2026-07-11T13:16:30Z
CREAM-20260711-00907,Sarah Gomez,sarahg@me.com,(929) 446-9064,RE/MAX,Lorain,OH,45763,2,9,C,74,Cold Outreach,2026-07-11T11:01:55Z
CREAM-20260711-00908,Linda James,lindaj@gmail.com,(718) 972-6706,Coldwell Banker,High Point,NC,28794,13,53,C,76,Referral Network,2026-07-11T03:24:52Z
CREAM-20260711-00909,George Cooper,georgecooper@icloud.com,(303) 247-3605,Huntington Real Estate,Hamilton,OH,45238,22,57,C,88,Website Lead,2026-07-11T11:51:54Z
CREAM-20260711-00910,David Russell,david.russell@aol.com,(786) 998-9871,Cutler Real Estate,Lorain,OH,44944,1,6,C,65,NAR Directory,2026-07-11T16:27:21Z
CREAM-20260711-00911,Andrew Parker,andrewparker@yahoo.com,(805) 571-8590,eXp Realty,Peoria,AZ,85733,10,27,C,87,MLS Database,2026-07-11T00:39:00Z
CREAM-20260711-00912,Mary Parker,maryp@icloud.com,(305) 249-6380,Long Realty,Yuma,AZ,86994,9,28,C,75,MLS Database,2026-07-11T05:59:30Z
CREAM-20260711-00913,Frank Wood,fwood@gmail.com,(404) 450-7104,RE/MAX,Irvine,CA,92975,5,23,C,87,Cold Outreach,2026-07-11T08:11:07Z
CREAM-20260711-00914,Aaron Smith,aarons@gmail.com,(212) 420-9089,Berkshire Hathaway,Hamilton,OH,44304,4,21,C,68,Website Lead,2026-07-11T13:41:38Z
CREAM-20260711-00915,Aaron Lewis,aaronl@icloud.com,(646) 330-8756,Coldwell Banker,Miramar,FL,34119,16,38,C,77,Cold Outreach,2026-07-11T00:42:59Z
CREAM-20260711-00916,Steven Stewart,sstewart@exprealty.com,(713) 708-5309,eXp Realty,Lorain,OH,45882,24,36,C,68,Trade Show,2026-07-11T10:08:35Z
CREAM-20260711-00917,Emma Williams,ewilliams@icloud.com,(334) 488-9410,RE/MAX,Modesto,CA,96423,0,2,C,60,NAR Directory,2026-07-11T13:38:26Z
CREAM-20260711-00918,Gary Green,garyg@icloud.com,(972) 407-1588,Brown Harris Stevens,Mount Vernon,NY,14901,2,3,C,75,Brokerage Listings,2026-07-11T23:10:03Z
CREAM-20260711-00919,Diane Lopez,diane.lopez@re/max.com,(415) 674-4900,RE/MAX,Yuma,AZ,85830,14,38,C,62,NAR Directory,2026-07-11T04:30:22Z
CREAM-20260711-00920,Christopher Lewis,clewis@me.com,(512) 565-9855,Russell Lyon Sotheby's,Yuma,AZ,86778,18,73,C,62,Realtor.com,2026-07-11T16:26:57Z
CREAM-20260711-00921,Mary Brown,maryb@yahoo.com,(407) 469-9034,Sotheby's International,Mount Vernon,NY,13116,1,7,C,87,NAR Directory,2026-07-11T02:07:58Z
CREAM-20260711-00922,Nicole Peterson,nicole.peterson@coldwellbanker.com,(704) 954-9290,Coldwell Banker,Clearwater,FL,34149,9,31,C,64,Facebook,2026-07-11T04:22:36Z
CREAM-20260711-00923,Jonathan Morgan,jonathan.morgan@gmail.com,(214) 829-7022,Berkshire Hathaway,Centennial,CO,80849,1,5,C,79,NAR Directory,2026-07-11T17:49:03Z
CREAM-20260711-00924,Linda Chavez,lchavez@re/max.com,(916) 949-2444,RE/MAX,Fontana,CA,91689,17,58,C,85,Brokerage Listings,2026-07-11T21:57:51Z
CREAM-20260711-00925,Donald Morris,donald.morris@hotmail.com,(646) 823-5522,Coldwell Banker,Canton,OH,43946,20,75,C,96,Realtor.com,2026-07-11T06:52:32Z
CREAM-20260711-00926,Elizabeth Parker,elizabeth.parker@allentate.com,(415) 690-3821,Allen Tate,Concord,NC,27903,4,16,C,85,MLS Database,2026-07-11T22:05:39Z
CREAM-20260711-00927,Nicole Young,nyoung@howardhanna.com,(646) 589-6000,Howard Hanna,Wilmington,NC,28213,22,74,C,68,Referral Network,2026-07-11T22:29:47Z
CREAM-20260711-00928,Anna Mitchell,anna.mitchell@aol.com,(214) 625-4140,Coldwell Banker,Surprise,AZ,86681,5,16,C,89,Facebook,2026-07-11T12:10:06Z
CREAM-20260711-00929,Benjamin Stewart,benjamin.stewart@outlook.com,(602) 497-6080,Berkshire Hathaway,Youngstown,OH,44263,20,66,C,100,Realtor.com,2026-07-11T18:43:36Z
CREAM-20260711-00930,Stephen Kim,stephenk@aol.com,(714) 501-2129,Brown Harris Stevens,Utica,NY,14413,17,54,C,69,Referral Network,2026-07-11T16:15:26Z
CREAM-20260711-00931,Sharon Hill,sharonh@icloud.com,(614) 503-2577,Berkshire Hathaway,Hamilton,OH,44236,5,21,C,80,Website Lead,2026-07-11T01:33:10Z
CREAM-20260711-00932,Helen Robinson,helenrobinson@hotmail.com,(929) 963-4490,eXp Realty,McAllen,TX,77771,22,25,C,67,Website Lead,2026-07-11T13:11:46Z
CREAM-20260711-00933,Linda Price,lindap@kellerwilliams.com,(404) 345-6124,Keller Williams,Brownsville,TX,76304,0,3,C,99,Trade Show,2026-07-11T11:31:18Z
CREAM-20260711-00934,Betty Wood,betty_wood@icloud.com,(805) 621-8904,8z Real Estate,Centennial,CO,81723,2,5,C,70,MLS Database,2026-07-11T00:51:24Z
CREAM-20260711-00935,Debra Price,dprice@kellerwilliams.com,(718) 901-9210,Keller Williams,Canton,OH,43842,14,41,C,85,MLS Database,2026-07-11T15:21:48Z
CREAM-20260711-00936,Ruth Roberts,ruthr@me.com,(407) 514-8797,Pacific Sotheby's,Huntington Beach,CA,92291,7,17,C,99,LinkedIn,2026-07-11T20:15:46Z
CREAM-20260711-00937,Mary Kelly,marykelly@outlook.com,(916) 468-5297,Coldwell Banker,Gainesville,FL,34203,22,33,C,95,Brokerage Listings,2026-07-11T20:21:41Z
CREAM-20260711-00938,Gary Edwards,gary.edwards@compass.com,(980) 461-6900,Compass,Gainesville,FL,32622,13,72,C,80,Trade Show,2026-07-11T14:02:20Z
CREAM-20260711-00939,Aaron Harris,aaron.harris@icloud.com,(305) 420-6811,Coldwell Banker,Fremont,CA,93329,1,5,C,89,MLS Database,2026-07-11T14:37:29Z
CREAM-20260711-00940,Amy Gomez,amy.gomez@yahoo.com,(415) 676-9090,Keller Williams,Canton,OH,44552,10,37,C,65,Brokerage Listings,2026-07-11T22:09:29Z
CREAM-20260711-00941,Donna Ward,donnaward@icloud.com,(614) 463-7391,RE/MAX,McKinney,TX,79619,20,35,C,96,NAR Directory,2026-07-11T06:36:10Z
CREAM-20260711-00942,David Ross,davidross@yahoo.com,(646) 699-8390,RE/MAX,Gainesville,FL,32546,12,68,C,71,Website Lead,2026-07-11T09:16:31Z
CREAM-20260711-00943,Scott Walker,scottwalker@aol.com,(786) 435-1874,Cutler Real Estate,Hamilton,OH,44747,2,5,C,93,Cold Outreach,2026-07-11T16:20:59Z
CREAM-20260711-00944,Samuel Gray,sgray@re/max.com,(303) 797-7093,RE/MAX,Modesto,CA,94634,18,43,C,76,Brokerage Listings,2026-07-11T00:09:25Z
CREAM-20260711-00945,Rebecca Ward,rebeccaward@me.com,(407) 862-4180,eXp Realty,Coral Springs,FL,33389,11,55,C,88,MLS Database,2026-07-11T02:19:16Z
CREAM-20260711-00946,Cynthia Campbell,cynthia.campbell@douglaselliman.com,(214) 859-8871,Douglas Elliman,Brownsville,TX,75417,7,21,C,74,Trade Show,2026-07-11T04:30:07Z
CREAM-20260711-00947,Donna Wood,donnaw@berkshirehathawayhomeservices.com,(512) 373-4176,Berkshire Hathaway HomeServices,Irvine,CA,90464,21,73,C,78,Referral Network,2026-07-11T10:49:34Z
CREAM-20260711-00948,Michael Harris,mharris@compass.com,(980) 647-8062,Compass,Clearwater,FL,32375,2,6,C,93,MLS Database,2026-07-11T13:19:25Z
CREAM-20260711-00949,Kimberly Thompson,kimberly_thompson@hotmail.com,(415) 886-5647,eXp Realty,Greenville,NC,27688,5,8,C,80,Cold Outreach,2026-07-11T20:45:26Z
CREAM-20260711-00950,Edward Ortiz,eortiz@icloud.com,(720) 649-6745,Huntington Real Estate,Hamilton,OH,43459,3,23,C,82,Cold Outreach,2026-07-11T00:45:20Z
CREAM-20260711-00951,Joseph Ward,josephw@aol.com,(512) 744-8695,Compass,Pueblo,CO,81982,6,30,C,73,Website Lead,2026-07-11T23:27:22Z
CREAM-20260711-00952,Lisa Rodriguez,lisar@herrealtors.com,(718) 955-6219,HER Realtors,Canton,OH,44342,0,1,C,62,Facebook,2026-07-11T07:04:36Z
CREAM-20260711-00953,Catherine Baker,cbaker@me.com,(916) 732-4770,Huntington Real Estate,Youngstown,OH,45413,19,70,C,83,Trade Show,2026-07-11T16:28:37Z
CREAM-20260711-00954,Ashley Bailey,ashleybailey@gmail.com,(919) 434-2503,eXp Realty,Huntington Beach,CA,90445,8,21,C,83,Realtor.com,2026-07-11T22:39:21Z
CREAM-20260711-00955,Kathleen Morgan,kathleenm@hotmail.com,(214) 996-9531,Sotheby's International,Moreno Valley,CA,92344,3,13,C,99,Trade Show,2026-07-11T14:02:00Z
CREAM-20260711-00956,Jessica Gutierrez,jessica_gutierrez@yahoo.com,(916) 678-4674,Century 21,West Palm Beach,FL,32544,0,0,C,69,Trade Show,2026-07-11T10:09:34Z
CREAM-20260711-00957,Ashley Hall,ashley.hall@huntingtonrealestate.com,(303) 605-5493,Huntington Real Estate,Canton,OH,43125,0,4,C,73,MLS Database,2026-07-11T04:30:39Z
CREAM-20260711-00958,Nicole Rivera,nicole.rivera@compass.com,(714) 805-7481,Compass,Centennial,CO,80292,21,80,C,99,MLS Database,2026-07-11T21:52:07Z
CREAM-20260711-00959,Melissa Clark,mclark@hotmail.com,(805) 724-4019,eXp Realty,Surprise,AZ,86939,22,41,C,80,Trade Show,2026-07-11T03:58:15Z
CREAM-20260711-00960,Ryan Wilson,ryan.wilson@berkshirehathaway.com,(805) 690-5433,Berkshire Hathaway,Clearwater,FL,34704,21,48,C,81,MLS Database,2026-07-11T09:14:48Z
CREAM-20260711-00961,Richard Parker,richard.parker@outlook.com,(720) 709-5390,Coldwell Banker,Canton,OH,43265,9,31,C,93,MLS Database,2026-07-11T19:38:36Z
CREAM-20260711-00962,Brandon Gonzalez,bgonzalez@berkshirehathaway.com,(512) 239-9036,Berkshire Hathaway,Greenville,NC,28753,15,53,C,87,Realtor.com,2026-07-11T06:39:57Z
CREAM-20260711-00963,Pamela Price,pamela.price@me.com,(713) 732-5318,eXp Realty,Centennial,CO,81193,4,10,C,78,MLS Database,2026-07-11T11:30:51Z
CREAM-20260711-00964,Scott Brown,scott.brown@berkshirehathaway.com,(916) 435-3547,Berkshire Hathaway,Avondale,AZ,85925,2,9,C,94,Realtor.com,2026-07-11T14:53:20Z
CREAM-20260711-00965,Jacob Green,jacobgreen@aol.com,(212) 369-7606,Sotheby's International,Troy,NY,13527,8,40,C,99,Realtor.com,2026-07-11T05:38:04Z
CREAM-20260711-00966,Justin Garcia,justingarcia@yahoo.com,(334) 675-4577,Douglas Elliman,Brownsville,TX,76946,0,0,C,76,LinkedIn,2026-07-11T07:09:46Z
CREAM-20260711-00967,Richard Patel,richardpatel@icloud.com,(704) 312-1845,RE/MAX,Avondale,AZ,86885,6,19,C,69,MLS Database,2026-07-11T20:12:01Z
CREAM-20260711-00968,Diane Jimenez,diane.jimenez@hotmail.com,(469) 481-7066,Keller Williams,Grand Prairie,TX,76730,25,51,C,68,LinkedIn,2026-07-11T17:44:45Z
CREAM-20260711-00969,Daniel Phillips,danielp@icloud.com,(713) 542-8848,Compass,Hempstead,NY,11929,10,59,C,70,Website Lead,2026-07-11T11:37:29Z
CREAM-20260711-00970,James Flores,james_flores@gmail.com,(310) 343-7727,Cutler Real Estate,Lorain,OH,44712,14,44,C,89,Website Lead,2026-07-11T16:08:00Z
CREAM-20260711-00971,Timothy Gomez,timothy_gomez@outlook.com,(234) 527-8214,Brown Harris Stevens,Hempstead,NY,14386,24,47,C,79,Referral Network,2026-07-11T08:09:58Z
CREAM-20260711-00972,Jessica Harris,jharris@coldwellbanker.com,(805) 781-2841,Coldwell Banker,Miramar,FL,32373,0,4,C,77,Referral Network,2026-07-11T03:33:25Z
CREAM-20260711-00973,Paul Jackson,paulj@aol.com,(919) 998-2501,Compass,White Plains,NY,14311,2,12,C,68,LinkedIn,2026-07-11T21:14:23Z
CREAM-20260711-00974,Jessica Sanders,jsanders@yahoo.com,(256) 710-5681,Douglas Elliman,White Plains,NY,14359,14,73,C,84,MLS Database,2026-07-11T00:00:00Z
CREAM-20260711-00975,Brandon Turner,brandon.turner@outlook.com,(305) 444-3018,eXp Realty,Hamilton,OH,43278,2,5,C,73,MLS Database,2026-07-11T18:43:21Z
CREAM-20260711-00976,Sarah Myers,sarahm@icloud.com,(512) 772-6706,Coldwell Banker,Miramar,FL,33724,0,4,C,69,Cold Outreach,2026-07-11T10:29:00Z
CREAM-20260711-00977,Elizabeth Lewis,elizabeth.lewis@gmail.com,(415) 733-4569,Coldwell Banker,Surprise,AZ,86852,24,78,C,81,NAR Directory,2026-07-11T05:12:12Z
CREAM-20260711-00978,Anthony Price,anthonyp@gmail.com,(980) 528-3014,Nest Seekers,White Plains,NY,12953,2,11,C,86,Referral Network,2026-07-11T00:51:33Z
CREAM-20260711-00979,Brian Rogers,brianr@me.com,(512) 738-6845,RE/MAX,Coral Springs,FL,34662,9,32,C,71,Facebook,2026-07-11T11:55:04Z
CREAM-20260711-00980,Nancy Williams,nwilliams@re/max.com,(512) 800-2933,RE/MAX,Pueblo,CO,80172,10,34,C,91,Realtor.com,2026-07-11T20:26:32Z
CREAM-20260711-00981,Matthew Hill,mhill@hotmail.com,(786) 388-2438,Pacific Sotheby's,Irvine,CA,91543,23,73,C,61,LinkedIn,2026-07-11T18:25:17Z
CREAM-20260711-00982,Ryan Thompson,rthompson@halstead.com,(646) 911-9394,Halstead,White Plains,NY,13490,10,42,C,94,Referral Network,2026-07-11T13:52:57Z
CREAM-20260711-00983,Janet Jimenez,jjimenez@brownharrisstevens.com,(305) 579-7145,Brown Harris Stevens,Hempstead,NY,13384,2,8,C,95,Brokerage Listings,2026-07-11T16:48:53Z
CREAM-20260711-00984,Brandon Foster,brandon_foster@aol.com,(602) 248-9282,Keller Williams,Hempstead,NY,10239,1,10,C,88,MLS Database,2026-07-11T12:12:35Z
CREAM-20260711-00985,Brandon Richardson,brandonr@me.com,(718) 866-3562,Douglas Elliman,McKinney,TX,79529,18,70,C,92,MLS Database,2026-07-11T15:34:03Z
CREAM-20260711-00986,Carol Cook,carolc@longrealty.com,(303) 934-2024,Long Realty,Peoria,AZ,85707,2,4,C,99,Realtor.com,2026-07-11T18:52:48Z
CREAM-20260711-00987,Nancy Ramirez,nancy.ramirez@livsothebys.com,(720) 818-7992,LIV Sotheby's,Westminster,CO,81568,14,47,C,91,MLS Database,2026-07-11T22:33:04Z
CREAM-20260711-00988,Laura Hall,lhall@aol.com,(980) 848-7570,Compass,Utica,NY,12945,3,8,C,70,Website Lead,2026-07-11T07:22:35Z
CREAM-20260711-00989,Jeffrey Cooper,jcooper@exprealty.com,(512) 540-4240,eXp Realty,Pueblo,CO,80385,25,57,C,76,Website Lead,2026-07-11T00:23:28Z
CREAM-20260711-00990,Scott Ramirez,scottramirez@yahoo.com,(415) 764-6716,RE/MAX,Wilmington,NC,28462,1,8,C,69,Cold Outreach,2026-07-11T03:43:25Z
CREAM-20260711-00991,Ruth Allen,rutha@hotmail.com,(212) 775-1217,Russell Lyon Sotheby's,Yuma,AZ,86621,3,24,C,89,Website Lead,2026-07-11T21:58:36Z
CREAM-20260711-00992,Anna Bailey,anna_bailey@yahoo.com,(256) 638-5370,eXp Realty,Grand Prairie,TX,75195,0,4,C,67,Brokerage Listings,2026-07-11T06:29:02Z
CREAM-20260711-00993,Amanda Robinson,amandar@gmail.com,(786) 339-3733,Century 21,West Palm Beach,FL,33599,4,22,C,60,NAR Directory,2026-07-11T00:57:47Z
CREAM-20260711-00994,Nicholas Edwards,nedwards@longrealty.com,(646) 668-8158,Long Realty,Avondale,AZ,85686,12,73,C,92,LinkedIn,2026-07-11T10:47:06Z
CREAM-20260711-00995,Jeffrey Torres,jeffreyt@aol.com,(310) 766-9850,eXp Realty,Brownsville,TX,76480,5,23,C,80,NAR Directory,2026-07-11T12:25:40Z
CREAM-20260711-00996,Raymond Morris,raymond.morris@compass.com,(714) 996-9544,Compass,High Point,NC,27528,0,4,C,85,Facebook,2026-07-11T07:16:43Z
CREAM-20260711-00997,Michelle Jenkins,michellej@re/max.com,(786) 383-3080,RE/MAX,Fontana,CA,96921,3,20,C,88,Website Lead,2026-07-11T11:50:54Z
CREAM-20260711-00998,Stephen Bennett,sbennett@outlook.com,(602) 216-1042,Douglas Elliman,Miramar,FL,33489,16,43,C,86,NAR Directory,2026-07-11T23:01:51Z
CREAM-20260711-00999,Ashley Peterson,apeterson@howardhanna.com,(310) 473-5637,Howard Hanna,Concord,NC,27911,3,24,C,73,Website Lead,2026-07-11T09:43:12Z
CREAM-20260711-01000,Nicholas Perry,nicholasp@hotmail.com,(980) 987-8445,Keller Williams Realty,Palm Bay,FL,34371,18,46,C,66,Referral Network,2026-07-11T17:18:40Z
