id,name,email,phone,company,city,state,zip,years_experience,transactions_last_year,priority,cream_fit_score,source,scraped_at
CREAM-20260729-00001,Margaret Chavez,mchavez@re/max.com,(303) 271-8416,RE/MAX,St. Petersburg,FL,34625,20,79,A,69,MLS Database,2026-07-29T00:47:55Z
CREAM-20260729-00002,Jerry Perry,jerryp@outlook.com,(786) 921-9153,Allen Tate,Raleigh,NC,28520,23,52,A,91,LinkedIn,2026-07-29T04:37:29Z
CREAM-20260729-00003,Donna Patel,dpatel@icloud.com,(704) 749-5195,Allen Tate,Greensboro,NC,27921,5,23,A,96,Brokerage Listings,2026-07-29T00:05:00Z
CREAM-20260729-00004,Brian Myers,bmyers@berkshirehathaway.com,(512) 843-8683,Berkshire Hathaway,Tampa,FL,33181,1,8,A,68,MLS Database,2026-07-29T12:30:09Z
CREAM-20260729-00005,Heather Torres,heathertorres@me.com,(334) 712-8045,Berkshire Hathaway,El Paso,TX,76602,13,66,A,81,Brokerage Listings,2026-07-29T06:44:28Z
CREAM-20260729-00006,Catherine Scott,catherine.scott@yahoo.com,(786) 643-5413,Pacific Sotheby's,Oakland,CA,93547,3,8,A,63,Facebook,2026-07-29T11:17:53Z
CREAM-20260729-00007,Gary Ward,gary.ward@me.com,(718) 836-7406,Coldwell Banker,Oakland,CA,93631,10,25,A,97,Realtor.com,2026-07-29T15:55:38Z
CREAM-20260729-00008,Stephanie Chavez,stephanie_chavez@hotmail.com,(212) 617-8439,eXp Realty,Raleigh,NC,28341,3,22,A,98,NAR Directory,2026-07-29T09:43:50Z
CREAM-20260729-00009,Amy Jones,amyj@me.com,(214) 563-4373,eXp Realty,San Antonio,TX,75184,13,49,A,81,Realtor.com,2026-07-29T02:16:57Z
CREAM-20260729-00010,John Jenkins,john.jenkins@exprealty.com,(513) 553-2960,eXp Realty,Austin,TX,75424,4,8,A,65,Trade Show,2026-07-29T09:03:38Z
CREAM-20260729-00011,Dennis Gray,dgray@homesmart.com,(305) 371-7875,HomeSmart,Scottsdale,AZ,85624,1,9,A,94,Realtor.com,2026-07-29T21:38:29Z
CREAM-20260729-00012,Maria Lewis,maria_lewis@aol.com,(214) 340-7019,Sotheby's International,New York City,NY,13867,14,67,A,69,Brokerage Listings,2026-07-29T10:58:54Z
CREAM-20260729-00013,Kimberly Thomas,kimberlyt@hotmail.com,(214) 431-2902,Keller Williams,Raleigh,NC,27827,8,23,A,99,LinkedIn,2026-07-29T07:35:45Z
CREAM-20260729-00014,Ronald Baker,ronaldb@hotmail.com,(929) 458-1398,Compass,Brooklyn,NY,14975,4,9,A,74,Brokerage Listings,2026-07-29T11:09:18Z
CREAM-20260729-00015,Aaron Kelly,aaron_kelly@gmail.com,(407) 616-8040,Berkshire Hathaway,Jacksonville,FL,34928,5,23,A,90,Website Lead,2026-07-29T04:09:38Z
CREAM-20260729-00016,Helen White,helen.white@outlook.com,(704) 547-8819,Coldwell Banker,Orlando,FL,33648,3,24,A,76,Facebook,2026-07-29T11:47:57Z
CREAM-20260729-00017,Jeffrey Miller,jeffrey.miller@berkshirehathawayhomeservices.com,(614) 720-4869,Berkshire Hathaway HomeServices,Oakland,CA,94491,20,76,A,72,Brokerage Listings,2026-07-29T12:40:58Z
CREAM-20260729-00018,Jennifer Lewis,jennifer.lewis@outlook.com,(602) 788-8081,eXp Realty,Los Angeles,CA,94933,2,9,A,87,Website Lead,2026-07-29T01:01:48Z
CREAM-20260729-00019,Eric Chavez,eric_chavez@me.com,(916) 474-1920,Douglas Elliman,Fort Lauderdale,FL,34984,2,9,A,91,Referral Network,2026-07-29T01:12:03Z
CREAM-20260729-00020,Samuel Brooks,samuel.brooks@aol.com,(704) 699-1269,Compass,Colorado Springs,CO,81394,21,59,A,90,Trade Show,2026-07-29T21:54:27Z
CREAM-20260729-00021,Jason Edwards,jedwards@8zrealestate.com,(602) 706-8674,8z Real Estate,Denver,CO,81381,10,38,A,73,Realtor.com,2026-07-29T00:57:40Z
CREAM-20260729-00022,Nancy Gray,nancyg@compass.com,(805) 296-7905,Compass,Charlotte,NC,28786,2,5,A,83,Brokerage Listings,2026-07-29T13:47:53Z
CREAM-20260729-00023,Andrew Johnson,ajohnson@aol.com,(404) 594-7691,Howard Hanna,Raleigh,NC,28833,4,14,A,82,Referral Network,2026-07-29T01:08:13Z
CREAM-20260729-00024,Jennifer Russell,jennifer_russell@aol.com,(214) 987-7080,RE/MAX,San Diego,CA,91337,16,27,A,85,LinkedIn,2026-07-29T06:21:22Z
CREAM-20260729-00025,Jonathan Bennett,jonathan.bennett@aol.com,(214) 737-3202,Briggs Freeman Sotheby's,Houston,TX,78570,1,8,A,68,Facebook,2026-07-29T13:00:26Z
CREAM-20260729-00026,James Campbell,jamesc@outlook.com,(713) 300-4035,RE/MAX,San Francisco,CA,91462,5,18,A,60,Trade Show,2026-07-29T17:00:56Z
CREAM-20260729-00027,Stephen Wright,stephenw@douglaselliman.com,(415) 306-8525,Douglas Elliman,New York City,NY,12186,1,11,A,86,Trade Show,2026-07-29T12:59:47Z
CREAM-20260729-00028,Jerry Scott,jscott@hotmail.com,(916) 892-9538,Berkshire Hathaway,Tucson,AZ,86747,6,38,A,65,LinkedIn,2026-07-29T11:04:29Z
CREAM-20260729-00029,Rebecca Gray,rebecca.gray@icloud.com,(929) 391-7251,RE/MAX,St. Petersburg,FL,33532,19,61,A,86,Trade Show,2026-07-29T09:47:26Z
CREAM-20260729-00030,Barbara Diaz,barbarad@gmail.com,(718) 655-6331,RE/MAX,Fort Lauderdale,FL,32887,22,66,A,62,Trade Show,2026-07-29T15:21:52Z
CREAM-20260729-00031,Kenneth Chavez,kenneth.chavez@aol.com,(214) 992-7393,Keller Williams Realty,Jacksonville,FL,34752,6,36,A,99,LinkedIn,2026-07-29T11:51:53Z
CREAM-20260729-00032,Matthew Evans,mevans@aol.com,(929) 749-8938,Keller Williams,Phoenix,AZ,85850,10,68,A,85,Cold Outreach,2026-07-29T02:45:42Z
CREAM-20260729-00033,Sarah Hughes,sarahh@icloud.com,(713) 603-3000,Allen Tate,Greensboro,NC,28959,2,11,A,99,Realtor.com,2026-07-29T03:07:37Z
CREAM-20260729-00034,Ashley Diaz,adiaz@aol.com,(714) 684-1759,Coldwell Banker,San Francisco,CA,91106,5,21,A,92,Referral Network,2026-07-29T05:38:24Z
CREAM-20260729-00035,Heather Foster,heatherf@aol.com,(303) 652-9341,Berkshire Hathaway,Charlotte,NC,28926,16,26,A,71,Brokerage Listings,2026-07-29T07:35:58Z
CREAM-20260729-00036,Brandon Reyes,brandon.reyes@herrealtors.com,(234) 822-7649,HER Realtors,Cleveland,OH,44237,4,15,A,72,Facebook,2026-07-29T06:11:24Z
CREAM-20260729-00037,Samantha Roberts,sroberts@berkshirehathaway.com,(972) 859-6278,Berkshire Hathaway,Tampa,FL,33622,2,6,A,62,Brokerage Listings,2026-07-29T09:46:09Z
CREAM-20260729-00038,Emma Gutierrez,emma_gutierrez@gmail.com,(310) 793-4425,Douglas Elliman,Dallas,TX,78361,18,30,A,87,MLS Database,2026-07-29T21:30:04Z
CREAM-20260729-00039,Anna Reyes,annareyes@me.com,(720) 461-4483,Huntington Real Estate,Cleveland,OH,44264,15,66,A,81,LinkedIn,2026-07-29T09:26:56Z
CREAM-20260729-00040,Laura Brown,lbrown@aol.com,(305) 959-7397,Keller Williams Realty,Fort Lauderdale,FL,34973,3,14,A,91,Realtor.com,2026-07-29T07:38:52Z
CREAM-20260729-00041,Joseph Hernandez,joseph_hernandez@outlook.com,(614) 434-4471,eXp Realty,Raleigh,NC,28779,12,76,A,70,NAR Directory,2026-07-29T12:00:15Z
CREAM-20260729-00042,Gregory Wilson,gregory_wilson@aol.com,(303) 832-7014,RE/MAX,Charlotte,NC,27632,1,4,A,87,Trade Show,2026-07-29T11:46:17Z
CREAM-20260729-00043,Patricia Martin,patricia.martin@corcorangroup.com,(980) 819-4292,Corcoran Group,Queens,NY,14505,18,55,A,80,Brokerage Listings,2026-07-29T09:16:13Z
CREAM-20260729-00044,Katherine Scott,katherine.scott@yahoo.com,(512) 643-1427,Berkshire Hathaway,Austin,TX,76731,24,72,A,68,LinkedIn,2026-07-29T10:32:26Z
CREAM-20260729-00045,Ronald Taylor,ronaldtaylor@hotmail.com,(919) 876-7062,RE/MAX,Phoenix,AZ,86364,19,36,A,70,Trade Show,2026-07-29T10:59:54Z
CREAM-20260729-00046,Jessica James,jessica.james@corcorangroup.com,(916) 252-8923,Corcoran Group,New York City,NY,14560,20,33,A,76,Website Lead,2026-07-29T04:59:20Z
CREAM-20260729-00047,William Perry,william_perry@yahoo.com,(305) 281-8531,Coldwell Banker,Miami,FL,33682,4,18,A,74,Website Lead,2026-07-29T19:34:08Z
CREAM-20260729-00048,David Sanders,davidsanders@hotmail.com,(305) 959-3435,RE/MAX,Fort Lauderdale,FL,32762,5,11,A,89,Brokerage Listings,2026-07-29T03:36:11Z
CREAM-20260729-00049,Larry Cruz,lcruz@re/max.com,(980) 577-6968,RE/MAX,Denver,CO,80413,19,63,A,78,Realtor.com,2026-07-29T16:59:42Z
CREAM-20260729-00050,Melissa Mitchell,melissa_mitchell@yahoo.com,(212) 667-4692,eXp Realty,Denver,CO,81613,23,74,A,79,Realtor.com,2026-07-29T05:23:07Z
CREAM-20260729-00051,Mary Myers,mmyers@douglaselliman.com,(469) 893-7524,Douglas Elliman,Jacksonville,FL,32240,23,43,A,85,LinkedIn,2026-07-29T15:02:09Z
CREAM-20260729-00052,Heather Stewart,heatherstewart@outlook.com,(407) 405-3970,Russell Lyon Sotheby's,Phoenix,AZ,86682,4,15,A,100,Brokerage Listings,2026-07-29T20:52:13Z
CREAM-20260729-00053,John Turner,jturner@allentate.com,(919) 207-9050,Allen Tate,Greensboro,NC,27773,12,29,A,68,Cold Outreach,2026-07-29T19:01:49Z
CREAM-20260729-00054,Ruth Smith,rsmith@exprealty.com,(713) 565-3957,eXp Realty,Greensboro,NC,28517,5,8,A,95,MLS Database,2026-07-29T12:46:31Z
CREAM-20260729-00055,Thomas Allen,thomasa@yahoo.com,(602) 493-9692,Allen Tate,Greensboro,NC,28715,2,4,A,67,Trade Show,2026-07-29T00:50:47Z
CREAM-20260729-00056,Thomas Howard,thomashoward@hotmail.com,(786) 844-6513,eXp Realty,Colorado Springs,CO,80948,5,13,A,63,MLS Database,2026-07-29T02:50:16Z
CREAM-20260729-00057,Heather Myers,heatherm@me.com,(646) 254-5446,eXp Realty,San Diego,CA,90257,14,68,A,60,NAR Directory,2026-07-29T01:27:22Z
CREAM-20260729-00058,Sarah Stewart,sarahs@pacificsothebys.com,(512) 849-7690,Pacific Sotheby's,San Diego,CA,94769,21,76,A,93,Trade Show,2026-07-29T12:07:02Z
CREAM-20260729-00059,Angela Brown,abrown@briggsfreemansothebys.com,(704) 843-8935,Briggs Freeman Sotheby's,Fort Worth,TX,77371,19,68,A,86,NAR Directory,2026-07-29T15:28:59Z
CREAM-20260729-00060,Barbara Taylor,barbarataylor@gmail.com,(256) 817-9752,Briggs Freeman Sotheby's,Dallas,TX,78481,23,61,A,89,NAR Directory,2026-07-29T09:59:53Z
CREAM-20260729-00061,Jeffrey Davis,jdavis@icloud.com,(513) 551-5433,Berkshire Hathaway,Columbus,OH,44705,25,39,A,86,MLS Database,2026-07-29T12:50:43Z
CREAM-20260729-00062,Matthew Bennett,mbennett@coldwellbanker.com,(234) 765-7566,Coldwell Banker,Greensboro,NC,28132,4,14,A,90,LinkedIn,2026-07-29T05:21:53Z
CREAM-20260729-00063,Catherine Peterson,cpeterson@compass.com,(305) 504-8843,Compass,Fort Lauderdale,FL,32477,2,4,A,93,Brokerage Listings,2026-07-29T17:22:01Z
CREAM-20260729-00064,Nicole Johnson,nicolej@icloud.com,(214) 568-3055,Berkshire Hathaway,Austin,TX,75665,19,32,A,70,Realtor.com,2026-07-29T05:53:22Z
CREAM-20260729-00065,Deborah Morgan,dmorgan@aol.com,(404) 416-8871,Coldwell Banker,St. Petersburg,FL,33584,9,24,A,71,Cold Outreach,2026-07-29T12:00:32Z
CREAM-20260729-00066,Charles Ward,charlesward@outlook.com,(469) 868-3109,Long Realty,Mesa,AZ,85367,7,40,A,85,Realtor.com,2026-07-29T09:25:40Z
CREAM-20260729-00067,Thomas Ross,thomas.ross@aol.com,(415) 906-3326,Century 21,St. Petersburg,FL,32295,3,19,A,75,LinkedIn,2026-07-29T06:43:23Z
CREAM-20260729-00068,Emily Price,emily.price@kellerwilliams.com,(512) 901-9070,Keller Williams,Fort Worth,TX,78319,0,1,A,86,Trade Show,2026-07-29T13:24:07Z
CREAM-20260729-00069,Ruth Morales,rmorales@compass.com,(214) 224-5752,Compass,Orlando,FL,32271,10,70,A,71,Brokerage Listings,2026-07-29T04:30:51Z
CREAM-20260729-00070,Jason Russell,jasonr@aol.com,(614) 914-1747,Keller Williams,El Paso,TX,76930,0,4,A,73,MLS Database,2026-07-29T23:55:14Z
CREAM-20260729-00071,Paul Ross,paulr@howardhanna.com,(805) 660-1229,Howard Hanna,Raleigh,NC,27325,4,14,A,69,Facebook,2026-07-29T05:13:24Z
CREAM-20260729-00072,Richard Myers,richardmyers@icloud.com,(407) 526-4893,Berkshire Hathaway,Denver,CO,80720,4,15,A,99,Referral Network,2026-07-29T10:42:19Z
CREAM-20260729-00073,Jack Scott,jackscott@outlook.com,(714) 562-6421,Cutler Real Estate,Columbus,OH,44468,4,19,A,80,Trade Show,2026-07-29T09:55:15Z
CREAM-20260729-00074,Jerry Nelson,jerry.nelson@kellerwilliamsrealty.com,(916) 650-8888,Keller Williams Realty,St. Petersburg,FL,34978,4,19,A,81,Referral Network,2026-07-29T14:33:54Z
CREAM-20260729-00075,Jerry Allen,jerryallen@yahoo.com,(310) 579-9061,RE/MAX,Fort Worth,TX,76652,3,25,A,64,Referral Network,2026-07-29T09:06:24Z
CREAM-20260729-00076,James Green,james.green@me.com,(713) 386-3670,Compass,Oakland,CA,93849,12,45,A,60,Cold Outreach,2026-07-29T19:56:38Z
CREAM-20260729-00077,Frank Lee,frank.lee@icloud.com,(786) 460-7643,Berkshire Hathaway,Colorado Springs,CO,80192,2,8,A,94,NAR Directory,2026-07-29T17:28:52Z
CREAM-20260729-00078,George Taylor,georget@yahoo.com,(646) 872-6476,8z Real Estate,Denver,CO,81608,11,60,A,83,Facebook,2026-07-29T01:18:20Z
CREAM-20260729-00079,Susan Lee,susanlee@me.com,(916) 312-9491,eXp Realty,Long Beach,CA,90137,2,7,A,80,MLS Database,2026-07-29T07:47:48Z
CREAM-20260729-00080,George Martinez,george.martinez@berkshirehathaway.com,(310) 914-8380,Berkshire Hathaway,Scottsdale,AZ,85904,17,80,A,76,Trade Show,2026-07-29T22:00:15Z
CREAM-20260729-00081,Frank Bennett,frank.bennett@herrealtors.com,(234) 705-2770,HER Realtors,Cleveland,OH,45225,7,15,A,78,Website Lead,2026-07-29T19:17:48Z
CREAM-20260729-00082,Angela Murphy,angela.murphy@pacificsothebys.com,(916) 513-6607,Pacific Sotheby's,Long Beach,CA,96261,19,75,A,86,Brokerage Listings,2026-07-29T20:18:37Z
CREAM-20260729-00083,Raymond Gutierrez,raymond.gutierrez@kellerwilliamsrealty.com,(234) 350-7927,Keller Williams Realty,Orlando,FL,33557,16,39,A,60,Facebook,2026-07-29T18:26:17Z
CREAM-20260729-00084,James Wood,james.wood@allentate.com,(404) 808-2777,Allen Tate,Greensboro,NC,28422,1,3,A,91,Cold Outreach,2026-07-29T13:04:30Z
CREAM-20260729-00085,Paul Lee,plee@compass.com,(929) 617-8795,Compass,San Diego,CA,91630,19,29,A,76,Trade Show,2026-07-29T12:39:00Z
CREAM-20260729-00086,Pamela Johnson,pamelajohnson@yahoo.com,(305) 304-4105,Keller Williams,Scottsdale,AZ,86672,8,19,A,68,Trade Show,2026-07-29T06:56:33Z
CREAM-20260729-00087,Steven Moore,stevenm@re/max.com,(404) 482-1357,RE/MAX,Los Angeles,CA,95418,17,45,A,95,NAR Directory,2026-07-29T14:09:46Z
CREAM-20260729-00088,Alexander Hall,ahall@aol.com,(704) 222-8524,Huntington Real Estate,Cincinnati,OH,43843,21,46,A,76,Realtor.com,2026-07-29T06:34:45Z
CREAM-20260729-00089,Elizabeth White,elizabeth.white@douglaselliman.com,(614) 750-9958,Douglas Elliman,Jacksonville,FL,32897,3,14,A,80,Brokerage Listings,2026-07-29T14:28:07Z
CREAM-20260729-00090,Betty Bennett,bettyb@kellerwilliamsrealty.com,(916) 789-8499,Keller Williams Realty,Los Angeles,CA,96903,4,25,A,82,Realtor.com,2026-07-29T19:40:49Z
CREAM-20260729-00091,Ashley Gutierrez,agutierrez@aol.com,(805) 410-6214,Berkshire Hathaway,Fort Worth,TX,76241,5,23,A,91,Facebook,2026-07-29T01:06:16Z
CREAM-20260729-00092,Patricia Ortiz,patriciao@icloud.com,(256) 341-4008,eXp Realty,Cincinnati,OH,45866,10,47,A,68,MLS Database,2026-07-29T16:01:06Z
CREAM-20260729-00093,Carol Peterson,carolp@me.com,(980) 633-6051,Allen Tate,Greensboro,NC,28580,19,46,A,71,Cold Outreach,2026-07-29T15:30:10Z
CREAM-20260729-00094,Debra Carter,debracarter@yahoo.com,(714) 878-3087,Keller Williams,Manhattan,NY,10987,23,32,A,86,Brokerage Listings,2026-07-29T07:07:15Z
CREAM-20260729-00095,Patricia Mendoza,patricia.mendoza@kellerwilliams.com,(980) 236-5478,Keller Williams,Aurora,CO,80811,5,9,A,61,Brokerage Listings,2026-07-29T13:23:10Z
CREAM-20260729-00096,Deborah Wood,deborah_wood@yahoo.com,(786) 815-5311,Allen Tate,Greensboro,NC,28368,8,22,A,85,Trade Show,2026-07-29T21:08:25Z
CREAM-20260729-00097,Ronald Davis,rdavis@icloud.com,(916) 861-8256,eXp Realty,Greensboro,NC,27865,10,59,A,86,Referral Network,2026-07-29T06:02:03Z
CREAM-20260729-00098,Aaron Roberts,aroberts@gmail.com,(234) 241-7342,Keller Williams Realty,San Jose,CA,94104,23,45,A,67,LinkedIn,2026-07-29T00:23:19Z
CREAM-20260729-00099,Diane Morgan,dmorgan@gmail.com,(786) 797-9671,Century 21,Jacksonville,FL,34882,2,3,A,60,MLS Database,2026-07-29T14:25:45Z
CREAM-20260729-00100,Laura Ruiz,laura_ruiz@outlook.com,(646) 257-2980,Coldwell Banker,Scottsdale,AZ,85487,1,8,A,84,Trade Show,2026-07-29T16:24:26Z
CREAM-20260729-00101,Betty Wilson,bettyw@yahoo.com,(718) 371-4208,Sotheby's International,Oakland,CA,93166,14,27,A,88,Realtor.com,2026-07-29T02:48:13Z
CREAM-20260729-00102,Pamela Perez,pamelap@coldwellbanker.com,(602) 318-5789,Coldwell Banker,El Paso,TX,77834,14,42,A,83,Brokerage Listings,2026-07-29T03:28:03Z
CREAM-20260729-00103,Betty Cook,bettycook@icloud.com,(415) 782-9214,eXp Realty,Los Angeles,CA,92861,13,33,A,82,Facebook,2026-07-29T08:40:22Z
CREAM-20260729-00104,Paul Myers,paul.myers@hotmail.com,(614) 906-4987,Pacific Sotheby's,Oakland,CA,92496,23,47,A,66,Facebook,2026-07-29T13:47:25Z
CREAM-20260729-00105,Kimberly Gonzalez,kimberlyg@outlook.com,(718) 860-2537,Nest Seekers,New York City,NY,12765,16,49,A,94,Brokerage Listings,2026-07-29T11:39:06Z
CREAM-20260729-00106,Cynthia Jones,cynthia.jones@hotmail.com,(212) 320-1776,Douglas Elliman,El Paso,TX,79963,2,5,A,64,LinkedIn,2026-07-29T14:17:08Z
CREAM-20260729-00107,Matthew Jimenez,matthew_jimenez@icloud.com,(212) 340-1288,RE/MAX,Fort Lauderdale,FL,32577,11,36,A,76,Realtor.com,2026-07-29T04:49:32Z
CREAM-20260729-00108,Justin Alvarez,justina@alliebethallman.com,(303) 215-5499,Allie Beth Allman,El Paso,TX,79100,16,67,A,62,Cold Outreach,2026-07-29T18:16:22Z
CREAM-20260729-00109,Justin Ruiz,justin.ruiz@8zrealestate.com,(713) 399-1735,8z Real Estate,Aurora,CO,80652,2,12,A,76,LinkedIn,2026-07-29T12:42:26Z
CREAM-20260729-00110,Joseph Wilson,jwilson@exprealty.com,(718) 619-8160,eXp Realty,Sacramento,CA,90196,12,75,A,94,Brokerage Listings,2026-07-29T03:20:14Z
CREAM-20260729-00111,Elizabeth Cruz,ecruz@outlook.com,(303) 664-3096,Cutler Real Estate,Columbus,OH,43265,0,0,A,61,MLS Database,2026-07-29T07:03:15Z
CREAM-20260729-00112,Margaret Morales,margaret.morales@coldwellbanker.com,(469) 763-6260,Coldwell Banker,Tampa,FL,34275,6,18,A,91,Trade Show,2026-07-29T04:44:22Z
CREAM-20260729-00113,Mark Ortiz,mortiz@longrealty.com,(718) 260-7155,Long Realty,Scottsdale,AZ,85446,7,22,A,84,Referral Network,2026-07-29T15:47:03Z
CREAM-20260729-00114,Jack Kim,jack.kim@re/max.com,(805) 319-3638,RE/MAX,Cincinnati,OH,44586,4,24,A,99,LinkedIn,2026-07-29T10:53:17Z
CREAM-20260729-00115,Raymond Lewis,raymond_lewis@me.com,(512) 308-2402,eXp Realty,Cleveland,OH,43896,14,65,A,63,Trade Show,2026-07-29T21:47:08Z
CREAM-20260729-00116,Katherine Green,kgreen@re/max.com,(512) 888-7997,RE/MAX,Denver,CO,80421,19,41,A,65,Brokerage Listings,2026-07-29T01:58:32Z
CREAM-20260729-00117,Cynthia Castillo,cynthiac@gmail.com,(714) 608-9571,8z Real Estate,Colorado Springs,CO,81133,4,17,A,64,Brokerage Listings,2026-07-29T15:58:38Z
CREAM-20260729-00118,Benjamin Jimenez,benjaminjimenez@icloud.com,(805) 413-4709,Berkshire Hathaway,Raleigh,NC,28506,22,72,A,87,NAR Directory,2026-07-29T17:45:10Z
CREAM-20260729-00119,Anthony Carter,acarter@aol.com,(415) 639-5010,Douglas Elliman,Austin,TX,76860,4,8,A,68,Facebook,2026-07-29T13:05:24Z
CREAM-20260729-00120,Janet Bailey,janetb@gmail.com,(646) 566-8006,Keller Williams,Greensboro,NC,27327,5,16,A,61,Facebook,2026-07-29T04:56:40Z
CREAM-20260729-00121,Jessica Price,jessicap@me.com,(512) 235-1322,Berkshire Hathaway HomeServices,San Jose,CA,92610,2,11,A,86,Brokerage Listings,2026-07-29T13:26:39Z
CREAM-20260729-00122,Emily Castillo,emily_castillo@hotmail.com,(234) 385-1596,eXp Realty,Aurora,CO,80884,18,37,A,98,NAR Directory,2026-07-29T18:26:16Z
CREAM-20260729-00123,Karen Baker,kbaker@icloud.com,(512) 533-9321,Berkshire Hathaway,El Paso,TX,77207,5,16,A,80,NAR Directory,2026-07-29T01:36:51Z
CREAM-20260729-00124,Thomas Reed,treed@outlook.com,(602) 835-7613,8z Real Estate,Aurora,CO,81388,0,2,A,91,Cold Outreach,2026-07-29T00:34:06Z
CREAM-20260729-00125,Justin Anderson,justina@hotmail.com,(512) 682-5168,Compass,Denver,CO,80941,0,0,A,60,LinkedIn,2026-07-29T01:00:22Z
CREAM-20260729-00126,Rebecca Phillips,rebecca.phillips@me.com,(256) 362-6100,Coldwell Banker,San Francisco,CA,93639,15,76,A,100,Trade Show,2026-07-29T14:13:04Z
CREAM-20260729-00127,Steven Allen,stevena@hotmail.com,(713) 748-5013,Sotheby's International,Los Angeles,CA,90154,9,20,A,94,Trade Show,2026-07-29T16:28:28Z
CREAM-20260729-00128,Kathleen Hill,kathleenh@livsothebys.com,(234) 725-4043,LIV Sotheby's,Colorado Springs,CO,80366,3,8,A,62,Referral Network,2026-07-29T06:48:01Z
CREAM-20260729-00129,Raymond Jimenez,raymondjimenez@aol.com,(334) 940-9763,Compass,Brooklyn,NY,11579,24,40,A,76,Facebook,2026-07-29T17:37:22Z
CREAM-20260729-00130,Rebecca Roberts,rebecca.roberts@hotmail.com,(646) 284-2029,Berkshire Hathaway,Denver,CO,80181,5,14,A,95,Trade Show,2026-07-29T22:29:18Z
CREAM-20260729-00131,Steven Hernandez,stevenh@gmail.com,(407) 475-9237,RE/MAX,St. Petersburg,FL,33729,20,66,A,92,Referral Network,2026-07-29T08:42:27Z
CREAM-20260729-00132,Diane Turner,diane.turner@outlook.com,(805) 225-6103,RE/MAX,El Paso,TX,77904,13,50,A,77,MLS Database,2026-07-29T04:54:53Z
CREAM-20260729-00133,Eric Lewis,ericlewis@outlook.com,(714) 760-9666,Brown Harris Stevens,Manhattan,NY,13400,3,10,A,83,Facebook,2026-07-29T12:29:11Z
CREAM-20260729-00134,Alexander Edwards,alexanderedwards@outlook.com,(212) 788-5539,RE/MAX,Tucson,AZ,86851,20,64,A,95,MLS Database,2026-07-29T03:01:25Z
CREAM-20260729-00135,Joshua Gomez,joshuagomez@outlook.com,(214) 397-5739,Coldwell Banker,Tampa,FL,33776,3,15,A,98,Website Lead,2026-07-29T14:36:13Z
CREAM-20260729-00136,Stephanie Robinson,srobinson@hotmail.com,(512) 396-6884,Sotheby's International,San Diego,CA,90964,3,20,A,88,Brokerage Listings,2026-07-29T20:09:56Z
CREAM-20260729-00137,Charles Robinson,charles.robinson@berkshirehathaway.com,(972) 482-6323,Berkshire Hathaway,Colorado Springs,CO,80927,14,78,A,75,Referral Network,2026-07-29T10:09:19Z
CREAM-20260729-00138,Jonathan Green,jgreen@icloud.com,(303) 988-6654,Coldwell Banker,Tucson,AZ,85719,4,10,A,84,Cold Outreach,2026-07-29T22:43:22Z
CREAM-20260729-00139,Stephanie Flores,stephanie_flores@icloud.com,(786) 808-8268,Coldwell Banker,Miami,FL,33571,3,14,A,91,Realtor.com,2026-07-29T22:56:40Z
CREAM-20260729-00140,Ashley Cooper,ashley.cooper@aol.com,(469) 372-1233,Keller Williams,Greensboro,NC,27108,2,12,A,93,Referral Network,2026-07-29T16:46:39Z
CREAM-20260729-00141,Charles Powell,charlesp@hotmail.com,(512) 788-6347,Coldwell Banker,Charlotte,NC,27143,4,20,A,94,LinkedIn,2026-07-29T23:39:55Z
CREAM-20260729-00142,Maria Watson,mwatson@outlook.com,(929) 987-7759,Keller Williams,Mesa,AZ,86169,1,11,A,73,Trade Show,2026-07-29T16:55:47Z
CREAM-20260729-00143,Donald Adams,donald_adams@icloud.com,(469) 405-4910,Berkshire Hathaway HomeServices,San Diego,CA,90759,4,20,A,81,Brokerage Listings,2026-07-29T10:08:31Z
CREAM-20260729-00144,Kimberly Flores,kimberlyf@douglaselliman.com,(704) 473-5675,Douglas Elliman,Brooklyn,NY,10223,18,38,A,98,Referral Network,2026-07-29T08:45:29Z
CREAM-20260729-00145,Dennis Edwards,dennis_edwards@hotmail.com,(713) 825-3969,Russell Lyon Sotheby's,Tucson,AZ,86977,22,61,A,83,Facebook,2026-07-29T09:22:57Z
CREAM-20260729-00146,Joseph Miller,jmiller@icloud.com,(334) 699-9168,Compass,Colorado Springs,CO,81182,25,44,A,98,Cold Outreach,2026-07-29T13:18:23Z
CREAM-20260729-00147,Richard Morales,richard.morales@yahoo.com,(614) 924-5363,Allie Beth Allman,Fort Worth,TX,75457,2,12,A,64,Realtor.com,2026-07-29T15:59:02Z
CREAM-20260729-00148,Larry Ramos,larryr@corcorangroup.com,(916) 798-4975,Corcoran Group,Bronx,NY,11135,3,10,A,86,MLS Database,2026-07-29T14:47:01Z
CREAM-20260729-00149,Amy Parker,amyp@coldwellbanker.com,(234) 724-3169,Coldwell Banker,Raleigh,NC,28714,17,43,A,96,MLS Database,2026-07-29T16:00:17Z
CREAM-20260729-00150,Tyler Ruiz,truiz@yahoo.com,(704) 827-4434,Berkshire Hathaway,Houston,TX,75302,17,35,A,97,Trade Show,2026-07-29T08:51:14Z
CREAM-20260729-00151,Timothy Hill,timothyh@aol.com,(303) 680-6312,Keller Williams,Bronx,NY,14746,12,31,A,88,Referral Network,2026-07-29T18:27:29Z
CREAM-20260729-00152,Stephanie Turner,stephanie_turner@hotmail.com,(404) 977-2617,Keller Williams Realty,Miami,FL,33193,0,1,A,70,Brokerage Listings,2026-07-29T02:43:56Z
CREAM-20260729-00153,Donald Kelly,donald.kelly@berkshirehathaway.com,(646) 545-4988,Berkshire Hathaway,Phoenix,AZ,86816,3,11,A,66,Website Lead,2026-07-29T15:56:24Z
CREAM-20260729-00154,Donna Gutierrez,donnagutierrez@icloud.com,(614) 853-2961,Berkshire Hathaway,Colorado Springs,CO,81716,19,54,A,83,Website Lead,2026-07-29T12:56:26Z
CREAM-20260729-00155,Justin Walker,jwalker@yahoo.com,(310) 531-2877,Coldwell Banker,San Jose,CA,93173,0,4,A,93,Trade Show,2026-07-29T19:58:46Z
CREAM-20260729-00156,Nicole Hughes,nicoleh@berkshirehathaway.com,(256) 374-9267,Berkshire Hathaway,Denver,CO,80852,3,9,A,87,Facebook,2026-07-29T04:50:20Z
CREAM-20260729-00157,Stephen Green,stephen.green@gmail.com,(718) 387-1594,Coldwell Banker,Fort Worth,TX,79126,5,20,A,89,Cold Outreach,2026-07-29T21:42:37Z
CREAM-20260729-00158,Nicholas King,nicholas.king@aol.com,(512) 996-8687,Berkshire Hathaway,Tampa,FL,32630,12,48,A,97,MLS Database,2026-07-29T03:01:11Z
CREAM-20260729-00159,Nicole Foster,nfoster@me.com,(407) 990-7308,Berkshire Hathaway,Colorado Springs,CO,80370,1,7,A,95,Website Lead,2026-07-29T19:37:34Z
CREAM-20260729-00160,Joshua Campbell,joshuac@exprealty.com,(212) 725-1134,eXp Realty,Charlotte,NC,28310,19,59,A,84,Website Lead,2026-07-29T13:30:08Z
CREAM-20260729-00161,Joshua Bennett,joshuab@icloud.com,(404) 309-6979,Brown Harris Stevens,Staten Island,NY,12601,10,39,A,98,MLS Database,2026-07-29T02:18:39Z
CREAM-20260729-00162,Michelle Ross,micheller@hotmail.com,(714) 996-9779,Long Realty,Tucson,AZ,86783,2,7,A,65,LinkedIn,2026-07-29T23:22:17Z
CREAM-20260729-00163,Dennis Gomez,dennisg@berkshirehathaway.com,(404) 907-1870,Berkshire Hathaway,Aurora,CO,81632,4,24,A,72,Trade Show,2026-07-29T06:47:00Z
CREAM-20260729-00164,Robert Gonzalez,rgonzalez@aol.com,(256) 823-8331,Compass,Miami,FL,32794,4,15,A,64,LinkedIn,2026-07-29T13:36:50Z
CREAM-20260729-00165,Richard Richardson,richard_richardson@outlook.com,(919) 333-1491,HomeSmart,Tucson,AZ,86758,20,56,A,61,Facebook,2026-07-29T02:37:57Z
CREAM-20260729-00166,Mark Castillo,markc@aol.com,(614) 498-1998,Coldwell Banker,Raleigh,NC,28892,15,75,A,76,LinkedIn,2026-07-29T09:37:42Z
CREAM-20260729-00167,Thomas Green,thomas.green@kellerwilliams.com,(614) 676-3999,Keller Williams,Aurora,CO,80826,2,12,A,80,Realtor.com,2026-07-29T01:55:22Z
CREAM-20260729-00168,Lisa Turner,lisat@aol.com,(512) 809-8498,Compass,Los Angeles,CA,95402,8,19,A,71,LinkedIn,2026-07-29T13:27:18Z
CREAM-20260729-00169,Emily Robinson,emily_robinson@aol.com,(212) 499-8406,Russell Lyon Sotheby's,Mesa,AZ,85577,7,28,A,76,LinkedIn,2026-07-29T05:37:16Z
CREAM-20260729-00170,Robert Ward,robertw@re/max.com,(714) 963-5674,RE/MAX,Houston,TX,75867,1,7,A,72,Referral Network,2026-07-29T04:29:38Z
CREAM-20260729-00171,Eric Price,ericprice@yahoo.com,(718) 532-1834,Coldwell Banker,Phoenix,AZ,86111,16,36,A,81,MLS Database,2026-07-29T21:28:56Z
CREAM-20260729-00172,Katherine Cooper,kcooper@howardhanna.com,(713) 218-7497,Howard Hanna,Charlotte,NC,27539,0,5,A,71,Referral Network,2026-07-29T19:53:49Z
CREAM-20260729-00173,Scott Powell,spowell@compass.com,(972) 740-3042,Compass,Oakland,CA,90866,5,12,A,64,LinkedIn,2026-07-29T06:06:15Z
CREAM-20260729-00174,Christopher Smith,christophersmith@hotmail.com,(512) 309-2191,Keller Williams,Bronx,NY,12524,12,69,A,65,Cold Outreach,2026-07-29T13:26:30Z
CREAM-20260729-00175,Tyler Wright,tyler_wright@outlook.com,(720) 294-2384,RE/MAX,Cleveland,OH,45353,16,31,A,75,Trade Show,2026-07-29T03:33:16Z
CREAM-20260729-00176,Raymond Mendoza,raymondm@kellerwilliams.com,(512) 333-9867,Keller Williams,Mesa,AZ,86539,0,5,A,69,Cold Outreach,2026-07-29T02:41:51Z
CREAM-20260729-00177,Katherine Jenkins,katherine_jenkins@icloud.com,(919) 686-5874,Allie Beth Allman,Austin,TX,76998,4,18,A,79,Website Lead,2026-07-29T03:00:09Z
CREAM-20260729-00178,Justin Johnson,justin.johnson@hotmail.com,(404) 642-8191,eXp Realty,Charlotte,NC,27888,14,26,A,100,Realtor.com,2026-07-29T13:27:45Z
CREAM-20260729-00179,David Brooks,davidbrooks@me.com,(214) 963-8034,Berkshire Hathaway,Fort Lauderdale,FL,34932,2,8,A,68,Realtor.com,2026-07-29T22:38:13Z
CREAM-20260729-00180,Nicole Martin,nicole.martin@coldwellbanker.com,(704) 959-6283,Coldwell Banker,Greensboro,NC,27163,1,11,A,64,Brokerage Listings,2026-07-29T14:34:04Z
CREAM-20260729-00181,Gary Morgan,garym@kellerwilliams.com,(305) 248-2610,Keller Williams,Tucson,AZ,85390,2,8,A,90,Trade Show,2026-07-29T06:43:24Z
CREAM-20260729-00182,Ruth Reyes,rreyes@exprealty.com,(980) 727-6667,eXp Realty,Colorado Springs,CO,81833,9,15,A,90,Brokerage Listings,2026-07-29T07:39:22Z
CREAM-20260729-00183,Eric Rivera,eric_rivera@aol.com,(980) 906-8689,Coldwell Banker,Aurora,CO,81672,1,8,A,97,Trade Show,2026-07-29T11:42:18Z
CREAM-20260729-00184,Joshua Green,joshua.green@me.com,(305) 430-1884,Berkshire Hathaway HomeServices,Sacramento,CA,94237,1,9,A,62,Referral Network,2026-07-29T07:26:02Z
CREAM-20260729-00185,Carol Castillo,ccastillo@coldwellbanker.com,(972) 469-1614,Coldwell Banker,Fort Worth,TX,78282,5,10,A,86,Website Lead,2026-07-29T05:28:57Z
CREAM-20260729-00186,Robert Watson,robert.watson@gmail.com,(713) 247-8525,Coldwell Banker,Greensboro,NC,27522,3,25,A,64,LinkedIn,2026-07-29T03:47:00Z
CREAM-20260729-00187,Brian Thomas,brian.thomas@gmail.com,(404) 818-7871,Keller Williams,Denver,CO,81868,13,29,A,80,Brokerage Listings,2026-07-29T17:00:18Z
CREAM-20260729-00188,Betty Ramos,betty_ramos@me.com,(919) 527-5592,Cutler Real Estate,Cincinnati,OH,45344,12,38,A,98,NAR Directory,2026-07-29T23:12:06Z
CREAM-20260729-00189,Carolyn Rivera,crivera@century21.com,(916) 333-8989,Century 21,Fort Lauderdale,FL,33293,1,9,A,93,Realtor.com,2026-07-29T15:52:00Z
CREAM-20260729-00190,Stephen Johnson,stephen_johnson@yahoo.com,(214) 596-4606,Halstead,Brooklyn,NY,11871,0,0,A,93,Cold Outreach,2026-07-29T13:19:08Z
CREAM-20260729-00191,Eric Jackson,eric.jackson@icloud.com,(404) 594-8969,Berkshire Hathaway,Phoenix,AZ,86245,19,80,A,80,Cold Outreach,2026-07-29T07:21:07Z
CREAM-20260729-00192,Nicholas Gomez,nicholas_gomez@aol.com,(713) 786-1786,Halstead,Manhattan,NY,10955,19,31,A,83,MLS Database,2026-07-29T12:16:55Z
CREAM-20260729-00193,Jeffrey Peterson,jpeterson@hotmail.com,(805) 654-9586,LIV Sotheby's,Colorado Springs,CO,80978,20,29,A,96,Facebook,2026-07-29T00:01:56Z
CREAM-20260729-00194,Shirley Patel,shirley_patel@icloud.com,(602) 944-2029,eXp Realty,Aurora,CO,81920,2,7,A,87,NAR Directory,2026-07-29T03:06:05Z
CREAM-20260729-00195,Justin Flores,justin.flores@yahoo.com,(786) 762-3416,Coldwell Banker,Aurora,CO,80697,4,14,A,81,Cold Outreach,2026-07-29T15:54:27Z
CREAM-20260729-00196,Scott Collins,scott.collins@icloud.com,(916) 656-7668,Keller Williams,Columbus,OH,45528,8,18,A,84,NAR Directory,2026-07-29T17:38:43Z
CREAM-20260729-00197,Kathleen Robinson,kathleenrobinson@outlook.com,(919) 260-5426,Compass,Denver,CO,80584,5,11,A,84,Website Lead,2026-07-29T01:51:59Z
CREAM-20260729-00198,Raymond Nelson,raymond.nelson@exprealty.com,(919) 604-1079,eXp Realty,Sacramento,CA,95500,2,8,A,68,MLS Database,2026-07-29T09:53:11Z
CREAM-20260729-00199,Joshua Morales,joshuam@me.com,(714) 202-7021,RE/MAX,Charlotte,NC,27236,23,53,A,70,Referral Network,2026-07-29T12:39:18Z
CREAM-20260729-00200,Christopher Cox,christophercox@icloud.com,(310) 944-4498,eXp Realty,Cleveland,OH,44853,12,74,A,76,LinkedIn,2026-07-29T14:53:27Z
CREAM-20260729-00201,Samantha Smith,samantha.smith@compass.com,(720) 478-4906,Compass,Bronx,NY,10978,15,50,A,64,Facebook,2026-07-29T00:04:41Z
CREAM-20260729-00202,Daniel Richardson,drichardson@coldwellbanker.com,(303) 282-6262,Coldwell Banker,Scottsdale,AZ,86852,1,6,A,62,NAR Directory,2026-07-29T05:38:36Z
CREAM-20260729-00203,Anthony Hall,anthonyh@outlook.com,(469) 972-6746,LIV Sotheby's,Colorado Springs,CO,81809,14,55,A,70,Website Lead,2026-07-29T05:28:15Z
CREAM-20260729-00204,Amanda Collins,amanda.collins@compass.com,(718) 636-7446,Compass,San Jose,CA,93857,23,61,A,94,Realtor.com,2026-07-29T15:49:46Z
CREAM-20260729-00205,Daniel Powell,dpowell@outlook.com,(404) 882-8137,RE/MAX,Tucson,AZ,85184,12,53,A,65,Cold Outreach,2026-07-29T19:54:23Z
CREAM-20260729-00206,Dorothy Reyes,dorothyr@yahoo.com,(929) 213-9139,Sotheby's International,Long Beach,CA,91841,17,65,A,97,Referral Network,2026-07-29T00:03:52Z
CREAM-20260729-00207,Jeffrey Hill,jhill@hotmail.com,(256) 901-6764,RE/MAX,Greensboro,NC,27784,6,24,A,98,MLS Database,2026-07-29T20:56:41Z
CREAM-20260729-00208,Nancy Martin,nancy.martin@compass.com,(980) 545-5059,Compass,Raleigh,NC,27156,21,44,A,87,Brokerage Listings,2026-07-29T08:34:05Z
CREAM-20260729-00209,Emma Garcia,emmagarcia@icloud.com,(334) 609-1950,Long Realty,Scottsdale,AZ,85829,2,9,A,89,Brokerage Listings,2026-07-29T16:34:45Z
CREAM-20260729-00210,Nicholas Martinez,nmartinez@aol.com,(256) 707-7233,Compass,San Jose,CA,90730,17,43,A,94,MLS Database,2026-07-29T17:53:28Z
CREAM-20260729-00211,Jack Young,jyoung@me.com,(407) 662-6398,eXp Realty,Columbus,OH,43425,17,41,A,76,Trade Show,2026-07-29T19:08:09Z
CREAM-20260729-00212,Christine Myers,christine_myers@aol.com,(646) 390-4810,RE/MAX,Jacksonville,FL,33981,1,10,A,84,Brokerage Listings,2026-07-29T18:52:59Z
CREAM-20260729-00213,Gary Morales,garym@aol.com,(407) 933-1146,Briggs Freeman Sotheby's,Dallas,TX,77200,0,0,A,82,MLS Database,2026-07-29T09:24:12Z
CREAM-20260729-00214,Samantha Castillo,samanthac@outlook.com,(469) 526-2470,Sotheby's International,San Diego,CA,91366,11,63,A,80,Referral Network,2026-07-29T01:16:32Z
CREAM-20260729-00215,Michael Stewart,mstewart@outlook.com,(512) 722-8568,Huntington Real Estate,Columbus,OH,45690,9,27,A,88,Brokerage Listings,2026-07-29T15:13:40Z
CREAM-20260729-00216,Christine Patel,christinepatel@me.com,(212) 473-3174,Berkshire Hathaway,Aurora,CO,80761,3,15,A,89,Website Lead,2026-07-29T09:15:07Z
CREAM-20260729-00217,Jeffrey Martin,jeffreymartin@gmail.com,(786) 717-6102,Coldwell Banker,Phoenix,AZ,86583,6,32,A,98,LinkedIn,2026-07-29T08:52:24Z
CREAM-20260729-00218,Edward Martinez,edwardm@aol.com,(713) 551-1086,RE/MAX,El Paso,TX,78533,7,35,A,92,Realtor.com,2026-07-29T22:20:22Z
CREAM-20260729-00219,Melissa Davis,melissad@allentate.com,(714) 620-8982,Allen Tate,Greensboro,NC,28112,14,73,A,77,LinkedIn,2026-07-29T19:54:32Z
CREAM-20260729-00220,Nicole Foster,nicolef@compass.com,(704) 208-4795,Compass,San Diego,CA,92757,4,20,A,79,MLS Database,2026-07-29T11:05:13Z
CREAM-20260729-00221,Sharon Turner,sharon.turner@gmail.com,(916) 707-6560,Howard Hanna,Charlotte,NC,27883,24,58,A,61,Facebook,2026-07-29T21:29:30Z
CREAM-20260729-00222,Steven Bennett,stevenb@re/max.com,(714) 562-7751,RE/MAX,Aurora,CO,81509,4,9,A,98,MLS Database,2026-07-29T00:27:15Z
CREAM-20260729-00223,Cynthia Morgan,cynthiamorgan@hotmail.com,(415) 369-9694,Berkshire Hathaway,Tampa,FL,32405,1,3,A,93,LinkedIn,2026-07-29T09:42:30Z
CREAM-20260729-00224,Andrew Alvarez,andrewa@sothebysinternational.com,(404) 254-9921,Sotheby's International,Staten Island,NY,11429,22,26,A,73,Website Lead,2026-07-29T14:39:00Z
CREAM-20260729-00225,Patrick Brown,pbrown@berkshirehathaway.com,(305) 985-9047,Berkshire Hathaway,Mesa,AZ,85656,3,15,A,60,Brokerage Listings,2026-07-29T20:22:28Z
CREAM-20260729-00226,Michael King,michaelk@outlook.com,(720) 569-6125,Douglas Elliman,New York City,NY,14191,17,37,A,97,NAR Directory,2026-07-29T06:14:19Z
CREAM-20260729-00227,Brandon Collins,bcollins@me.com,(214) 286-7647,eXp Realty,Cincinnati,OH,44638,1,11,A,70,Website Lead,2026-07-29T17:29:07Z
CREAM-20260729-00228,Katherine Stewart,katherine.stewart@livsothebys.com,(972) 268-6840,LIV Sotheby's,Denver,CO,80646,14,61,A,66,Trade Show,2026-07-29T19:27:01Z
CREAM-20260729-00229,Brandon Johnson,brandonj@exprealty.com,(303) 903-2605,eXp Realty,San Diego,CA,95351,5,18,A,88,Trade Show,2026-07-29T02:35:08Z
CREAM-20260729-00230,Mark Nguyen,mnguyen@kellerwilliamsrealty.com,(602) 583-7808,Keller Williams Realty,Oakland,CA,90545,4,22,A,90,Realtor.com,2026-07-29T03:15:19Z
CREAM-20260729-00231,Nancy Jones,nancy.jones@aol.com,(614) 518-5118,Corcoran Group,Queens,NY,11571,6,37,A,69,Brokerage Listings,2026-07-29T02:29:35Z
CREAM-20260729-00232,Melissa Sanders,melissa.sanders@me.com,(919) 263-7636,Coldwell Banker,Raleigh,NC,27784,24,56,A,76,Realtor.com,2026-07-29T19:53:54Z
CREAM-20260729-00233,Nicholas Gomez,nicholasgomez@me.com,(916) 996-5075,Sotheby's International,Manhattan,NY,13785,7,37,A,90,LinkedIn,2026-07-29T04:35:41Z
CREAM-20260729-00234,Edward Bailey,edward.bailey@icloud.com,(919) 511-7258,eXp Realty,Greensboro,NC,27706,12,51,A,92,Realtor.com,2026-07-29T10:30:06Z
CREAM-20260729-00235,Paul Powell,paul.powell@outlook.com,(212) 933-4330,8z Real Estate,Denver,CO,81879,2,5,A,76,Facebook,2026-07-29T12:56:00Z
CREAM-20260729-00236,Carolyn Carter,carolyn.carter@berkshirehathaway.com,(919) 278-9983,Berkshire Hathaway,Aurora,CO,80474,22,25,A,71,MLS Database,2026-07-29T06:54:22Z
CREAM-20260729-00237,Samantha Sanchez,samanthasanchez@icloud.com,(415) 975-5024,Brown Harris Stevens,Brooklyn,NY,14307,21,77,A,79,MLS Database,2026-07-29T15:27:42Z
CREAM-20260729-00238,Rebecca Jackson,rebeccaj@herrealtors.com,(234) 257-5267,HER Realtors,Cleveland,OH,44602,20,56,A,89,LinkedIn,2026-07-29T19:06:43Z
CREAM-20260729-00239,Kimberly Gutierrez,kgutierrez@aol.com,(234) 541-6963,Coldwell Banker,St. Petersburg,FL,34269,3,10,A,81,Facebook,2026-07-29T00:13:01Z
CREAM-20260729-00240,Brenda Lopez,brenda_lopez@icloud.com,(718) 296-5465,Sotheby's International,Manhattan,NY,13407,0,1,A,87,Realtor.com,2026-07-29T19:26:53Z
CREAM-20260729-00241,Jerry Johnson,jerryj@gmail.com,(513) 477-1592,Nest Seekers,Staten Island,NY,13436,19,25,A,83,NAR Directory,2026-07-29T12:35:13Z
CREAM-20260729-00242,Alexander Cruz,alexandercruz@outlook.com,(713) 473-6121,Keller Williams,Brooklyn,NY,10145,11,66,A,69,Cold Outreach,2026-07-29T15:55:39Z
CREAM-20260729-00243,Patrick Bennett,patrickbennett@gmail.com,(415) 300-9734,Keller Williams,Mesa,AZ,86757,0,3,A,99,Brokerage Listings,2026-07-29T13:19:54Z
CREAM-20260729-00244,Samuel Morales,smorales@hotmail.com,(704) 508-3757,Coldwell Banker,Aurora,CO,80945,15,60,A,99,Realtor.com,2026-07-29T13:37:43Z
CREAM-20260729-00245,Tyler Castillo,tylerc@homesmart.com,(713) 528-7017,HomeSmart,Scottsdale,AZ,85875,8,37,A,99,Realtor.com,2026-07-29T10:54:54Z
CREAM-20260729-00246,Maria Kim,maria_kim@icloud.com,(929) 889-9142,Berkshire Hathaway,Columbus,OH,45104,8,21,A,71,MLS Database,2026-07-29T14:55:36Z
CREAM-20260729-00247,Cynthia Ramos,cynthia_ramos@outlook.com,(805) 431-1556,Compass,Sacramento,CA,95578,16,56,A,71,LinkedIn,2026-07-29T18:15:54Z
CREAM-20260729-00248,Catherine Perez,cperez@me.com,(256) 548-3914,Berkshire Hathaway,Cincinnati,OH,44134,5,11,A,87,LinkedIn,2026-07-29T17:57:54Z
CREAM-20260729-00249,Jonathan Stewart,jstewart@outlook.com,(704) 285-2886,Compass,San Francisco,CA,95434,2,6,A,76,LinkedIn,2026-07-29T18:12:28Z
CREAM-20260729-00250,Joseph Anderson,joseph_anderson@me.com,(614) 524-8413,RE/MAX,Miami,FL,32380,7,20,A,88,LinkedIn,2026-07-29T19:17:37Z
CREAM-20260729-00251,Dennis Myers,dmyers@aol.com,(334) 620-3474,RE/MAX,Raleigh,NC,27999,1,7,A,88,LinkedIn,2026-07-29T19:13:32Z
CREAM-20260729-00252,Katherine Brown,katherine.brown@aol.com,(916) 848-3124,RE/MAX,Columbus,OH,45455,0,0,A,66,Cold Outreach,2026-07-29T11:03:00Z
CREAM-20260729-00253,Jason Johnson,jasonj@gmail.com,(415) 637-1568,Long Realty,Scottsdale,AZ,86550,2,5,A,85,Facebook,2026-07-29T22:07:14Z
CREAM-20260729-00254,Jerry Gutierrez,jerry_gutierrez@me.com,(614) 571-2119,Briggs Freeman Sotheby's,Austin,TX,76813,24,60,A,94,Trade Show,2026-07-29T04:34:52Z
CREAM-20260729-00255,Carolyn Jimenez,cjimenez@re/max.com,(602) 429-2893,RE/MAX,Columbus,OH,43650,2,9,A,80,MLS Database,2026-07-29T17:35:41Z
CREAM-20260729-00256,Brandon Collins,bcollins@kellerwilliams.com,(713) 838-4993,Keller Williams,Fort Worth,TX,76383,12,49,A,66,Website Lead,2026-07-29T23:02:08Z
CREAM-20260729-00257,Debra Miller,debra.miller@yahoo.com,(614) 881-6031,Berkshire Hathaway,Columbus,OH,43614,15,25,A,84,LinkedIn,2026-07-29T15:47:40Z
CREAM-20260729-00258,Daniel Phillips,dphillips@re/max.com,(469) 696-9679,RE/MAX,Long Beach,CA,96767,15,33,A,90,Brokerage Listings,2026-07-29T23:39:18Z
CREAM-20260729-00259,Anna Harris,anna_harris@gmail.com,(469) 326-7165,Compass,Raleigh,NC,28883,0,5,A,83,LinkedIn,2026-07-29T23:34:08Z
CREAM-20260729-00260,Gregory Lewis,glewis@aol.com,(972) 743-9369,eXp Realty,Houston,TX,77595,17,46,A,78,MLS Database,2026-07-29T18:05:55Z
CREAM-20260729-00261,Andrew Torres,atorres@aol.com,(512) 792-5962,Berkshire Hathaway,St. Petersburg,FL,34785,1,3,A,87,Referral Network,2026-07-29T13:37:07Z
CREAM-20260729-00262,David Carter,davidcarter@outlook.com,(980) 580-3190,Berkshire Hathaway,Orlando,FL,34321,4,16,A,97,Referral Network,2026-07-29T23:23:36Z
CREAM-20260729-00263,Robert Jackson,robertjackson@yahoo.com,(334) 964-5519,Douglas Elliman,San Antonio,TX,79305,0,4,A,77,Website Lead,2026-07-29T01:19:33Z
CREAM-20260729-00264,Christopher Reyes,creyes@re/max.com,(303) 601-9958,RE/MAX,Phoenix,AZ,85128,24,61,A,79,MLS Database,2026-07-29T11:51:05Z
CREAM-20260729-00265,Jennifer Russell,jennifer_russell@icloud.com,(980) 318-8238,Coldwell Banker,Dallas,TX,79566,1,10,A,83,MLS Database,2026-07-29T18:27:49Z
CREAM-20260729-00266,Charles Clark,charles_clark@me.com,(305) 269-3936,Compass,Colorado Springs,CO,81263,14,78,A,74,Realtor.com,2026-07-29T22:16:57Z
CREAM-20260729-00267,Emily Baker,ebaker@exprealty.com,(602) 945-8125,eXp Realty,Columbus,OH,44268,9,37,A,62,Realtor.com,2026-07-29T13:12:30Z
CREAM-20260729-00268,Kevin Gray,kevingray@yahoo.com,(718) 297-8655,Russell Lyon Sotheby's,Tucson,AZ,85890,18,40,A,70,LinkedIn,2026-07-29T02:17:14Z
CREAM-20260729-00269,Betty Allen,betty.allen@kellerwilliams.com,(972) 226-8208,Keller Williams,Scottsdale,AZ,85785,14,63,A,96,Referral Network,2026-07-29T02:28:57Z
CREAM-20260729-00270,Brandon Taylor,btaylor@alliebethallman.com,(512) 574-8815,Allie Beth Allman,El Paso,TX,76248,3,10,A,100,LinkedIn,2026-07-29T01:23:31Z
CREAM-20260729-00271,John Price,jprice@icloud.com,(214) 242-9575,RE/MAX,St. Petersburg,FL,32383,24,43,A,84,Brokerage Listings,2026-07-29T04:58:42Z
CREAM-20260729-00272,Donna Wood,dwood@kellerwilliamsrealty.com,(972) 516-9674,Keller Williams Realty,Jacksonville,FL,33247,4,11,A,71,NAR Directory,2026-07-29T17:08:59Z
CREAM-20260729-00273,Joseph Richardson,joseph.richardson@hotmail.com,(469) 626-2499,Douglas Elliman,Brooklyn,NY,10702,3,14,A,94,Cold Outreach,2026-07-29T08:53:25Z
CREAM-20260729-00274,Stephen Brown,sbrown@icloud.com,(303) 663-9048,Compass,Tampa,FL,32761,17,43,A,70,MLS Database,2026-07-29T19:08:56Z
CREAM-20260729-00275,Nancy Cooper,nancycooper@outlook.com,(512) 696-4057,Berkshire Hathaway,Cincinnati,OH,44614,3,19,A,99,Brokerage Listings,2026-07-29T08:38:27Z
CREAM-20260729-00276,Raymond Watson,rwatson@re/max.com,(469) 931-3854,RE/MAX,Raleigh,NC,27925,13,33,A,91,MLS Database,2026-07-29T10:52:33Z
CREAM-20260729-00277,Helen Cruz,helencruz@me.com,(334) 932-3672,Sotheby's International,Queens,NY,14419,6,25,A,74,Brokerage Listings,2026-07-29T13:03:12Z
CREAM-20260729-00278,Christine Williams,cwilliams@icloud.com,(720) 861-4996,Keller Williams,Austin,TX,78655,2,7,A,81,Realtor.com,2026-07-29T20:01:20Z
CREAM-20260729-00279,Mary Howard,maryh@coldwellbanker.com,(602) 384-1700,Coldwell Banker,Phoenix,AZ,86953,23,35,A,91,Realtor.com,2026-07-29T10:19:37Z
CREAM-20260729-00280,Laura White,lwhite@compass.com,(805) 466-3991,Compass,Denver,CO,80963,22,65,A,97,Realtor.com,2026-07-29T16:04:16Z
CREAM-20260729-00281,Christopher Cook,ccook@gmail.com,(614) 642-3766,Compass,Staten Island,NY,14613,10,63,A,67,MLS Database,2026-07-29T04:37:45Z
CREAM-20260729-00282,Janet Rivera,janet.rivera@outlook.com,(415) 371-2276,eXp Realty,San Antonio,TX,75384,0,0,A,60,Brokerage Listings,2026-07-29T04:43:53Z
CREAM-20260729-00283,David Ross,dross@compass.com,(646) 243-8532,Compass,San Diego,CA,92885,2,9,A,62,Referral Network,2026-07-29T17:24:51Z
CREAM-20260729-00284,Maria Bennett,mariab@yahoo.com,(415) 323-6162,Briggs Freeman Sotheby's,Houston,TX,76199,0,2,A,67,Realtor.com,2026-07-29T08:46:55Z
CREAM-20260729-00285,Samantha Brooks,samanthab@aol.com,(469) 711-4798,Keller Williams,Colorado Springs,CO,80360,3,11,A,61,LinkedIn,2026-07-29T21:15:44Z
CREAM-20260729-00286,Dennis White,dennis.white@compass.com,(305) 274-3477,Compass,San Jose,CA,95715,4,23,A,65,Realtor.com,2026-07-29T22:42:33Z
CREAM-20260729-00287,William Cooper,wcooper@aol.com,(512) 866-5523,Keller Williams,Greensboro,NC,27909,2,6,A,79,LinkedIn,2026-07-29T00:57:40Z
CREAM-20260729-00288,William Perez,william_perez@icloud.com,(214) 602-4318,eXp Realty,Columbus,OH,44534,7,27,A,64,Website Lead,2026-07-29T09:26:35Z
CREAM-20260729-00289,Ruth Ross,ruth.ross@icloud.com,(646) 960-2455,RE/MAX,Greensboro,NC,28633,13,27,A,98,LinkedIn,2026-07-29T19:16:06Z
CREAM-20260729-00290,Mary Flores,mflores@me.com,(214) 989-5506,Allie Beth Allman,Fort Worth,TX,77987,2,9,A,82,Website Lead,2026-07-29T08:46:58Z
CREAM-20260729-00291,Nicholas Gray,nicholasg@re/max.com,(704) 456-9776,RE/MAX,Charlotte,NC,28780,6,24,A,79,Brokerage Listings,2026-07-29T05:07:10Z
CREAM-20260729-00292,Diane Kim,diane.kim@nestseekers.com,(919) 488-4281,Nest Seekers,New York City,NY,10878,10,32,A,100,Brokerage Listings,2026-07-29T00:18:58Z
CREAM-20260729-00293,Linda Price,lindap@me.com,(929) 237-1659,Halstead,Bronx,NY,12514,21,47,A,63,Trade Show,2026-07-29T00:43:45Z
CREAM-20260729-00294,Janet Edwards,jedwards@me.com,(614) 499-3703,Coldwell Banker,Greensboro,NC,27885,1,10,A,71,Website Lead,2026-07-29T14:16:01Z
CREAM-20260729-00295,Justin Flores,justinf@hotmail.com,(916) 249-3965,RE/MAX,Dallas,TX,79395,21,27,A,70,Cold Outreach,2026-07-29T17:18:28Z
CREAM-20260729-00296,Steven Carter,steven.carter@berkshirehathaway.com,(714) 974-9165,Berkshire Hathaway,Colorado Springs,CO,81417,0,2,A,90,LinkedIn,2026-07-29T02:20:42Z
CREAM-20260729-00297,Joshua Anderson,joshuaanderson@aol.com,(234) 870-6148,Huntington Real Estate,Columbus,OH,43530,15,45,A,75,Website Lead,2026-07-29T04:03:32Z
CREAM-20260729-00298,Linda Taylor,ltaylor@compass.com,(214) 434-2843,Compass,Queens,NY,10963,1,12,A,95,Facebook,2026-07-29T08:38:57Z
CREAM-20260729-00299,Samantha Allen,samantha_allen@me.com,(334) 314-3245,Keller Williams,Columbus,OH,45555,21,26,A,79,Trade Show,2026-07-29T19:10:25Z
CREAM-20260729-00300,Catherine Cox,ccox@gmail.com,(980) 988-4363,HomeSmart,Scottsdale,AZ,86436,1,5,A,99,LinkedIn,2026-07-29T03:39:15Z
CREAM-20260729-00301,Jeffrey Williams,jwilliams@huntingtonrealestate.com,(646) 640-5774,Huntington Real Estate,Cincinnati,OH,43986,17,69,A,78,Trade Show,2026-07-29T00:20:11Z
CREAM-20260729-00302,Steven Stewart,stevenstewart@outlook.com,(334) 569-3375,RE/MAX,Mesa,AZ,86816,4,23,A,63,Cold Outreach,2026-07-29T22:46:01Z
CREAM-20260729-00303,Michelle Cox,michellec@me.com,(305) 455-9611,Russell Lyon Sotheby's,Scottsdale,AZ,86214,23,39,A,73,Referral Network,2026-07-29T07:09:21Z
CREAM-20260729-00304,Anna Cruz,anna.cruz@halstead.com,(234) 462-1077,Halstead,New York City,NY,10655,16,26,A,94,MLS Database,2026-07-29T17:34:34Z
CREAM-20260729-00305,Pamela Scott,pamela_scott@outlook.com,(718) 231-2065,Keller Williams,Mesa,AZ,86503,1,6,A,78,Website Lead,2026-07-29T07:45:56Z
CREAM-20260729-00306,Dennis Kelly,dennis.kelly@outlook.com,(256) 754-2602,Brown Harris Stevens,Brooklyn,NY,12388,4,14,A,83,Trade Show,2026-07-29T20:53:07Z
CREAM-20260729-00307,Maria Wood,mariaw@yahoo.com,(469) 611-3011,Compass,Queens,NY,14831,24,61,A,89,LinkedIn,2026-07-29T05:54:53Z
CREAM-20260729-00308,Benjamin Long,benjamin.long@longrealty.com,(310) 633-9369,Long Realty,Tucson,AZ,85375,10,68,A,83,Brokerage Listings,2026-07-29T00:29:45Z
CREAM-20260729-00309,Tyler Perez,tylerp@yahoo.com,(256) 587-2738,LIV Sotheby's,Aurora,CO,81349,5,25,A,94,Website Lead,2026-07-29T21:43:10Z
CREAM-20260729-00310,Alexander Gonzalez,alexanderg@coldwellbanker.com,(720) 641-4635,Coldwell Banker,Phoenix,AZ,86898,4,18,A,68,LinkedIn,2026-07-29T04:57:15Z
CREAM-20260729-00311,Tyler Hill,tylerh@aol.com,(704) 635-1005,Compass,Staten Island,NY,13580,3,17,A,98,Realtor.com,2026-07-29T17:03:43Z
CREAM-20260729-00312,Katherine Garcia,kgarcia@yahoo.com,(614) 446-1368,Berkshire Hathaway,Aurora,CO,81235,1,4,A,63,Trade Show,2026-07-29T09:21:00Z
CREAM-20260729-00313,Betty Hernandez,betty_hernandez@hotmail.com,(212) 397-7370,Keller Williams,Queens,NY,10478,8,38,A,98,MLS Database,2026-07-29T11:16:28Z
CREAM-20260729-00314,Scott Cooper,scott.cooper@yahoo.com,(805) 402-6677,eXp Realty,Mesa,AZ,86883,20,69,A,66,Referral Network,2026-07-29T22:33:59Z
CREAM-20260729-00315,Brian Walker,bwalker@yahoo.com,(214) 848-4156,Long Realty,Tucson,AZ,86674,3,21,A,81,Referral Network,2026-07-29T20:06:47Z
CREAM-20260729-00316,Jerry Jimenez,jerryj@aol.com,(718) 997-5121,Berkshire Hathaway,Greensboro,NC,27897,11,59,A,67,LinkedIn,2026-07-29T01:22:40Z
CREAM-20260729-00317,Nicole Lopez,nicolel@outlook.com,(919) 940-4046,eXp Realty,Charlotte,NC,28635,9,28,A,65,Trade Show,2026-07-29T04:20:37Z
CREAM-20260729-00318,Laura Long,laural@hotmail.com,(704) 679-7003,eXp Realty,Los Angeles,CA,96300,0,5,A,90,Facebook,2026-07-29T18:31:58Z
CREAM-20260729-00319,Kevin Ramos,kevin.ramos@me.com,(214) 458-6824,Coldwell Banker,Orlando,FL,33998,25,51,A,87,Trade Show,2026-07-29T18:39:11Z
CREAM-20260729-00320,William Young,william.young@hotmail.com,(929) 919-7711,Corcoran Group,Staten Island,NY,13399,9,26,A,97,LinkedIn,2026-07-29T16:50:02Z
CREAM-20260729-00321,Shirley Foster,sfoster@hotmail.com,(929) 679-9345,Briggs Freeman Sotheby's,Fort Worth,TX,76996,17,38,A,65,MLS Database,2026-07-29T10:25:32Z
CREAM-20260729-00322,Stephanie Brooks,stephanieb@douglaselliman.com,(512) 397-9474,Douglas Elliman,El Paso,TX,76954,7,22,A,71,Realtor.com,2026-07-29T13:43:16Z
CREAM-20260729-00323,Emma Miller,emmam@sothebysinternational.com,(713) 671-9158,Sotheby's International,San Jose,CA,95970,23,66,A,75,Website Lead,2026-07-29T22:02:14Z
CREAM-20260729-00324,Melissa Murphy,mmurphy@re/max.com,(415) 437-7587,RE/MAX,San Francisco,CA,90466,3,18,A,63,Brokerage Listings,2026-07-29T10:48:23Z
CREAM-20260729-00325,Ronald Kelly,ronald_kelly@me.com,(805) 674-4605,Cutler Real Estate,Cleveland,OH,43233,23,54,A,79,Trade Show,2026-07-29T23:31:58Z
CREAM-20260729-00326,Carolyn Mitchell,carolyn.mitchell@halstead.com,(404) 300-2943,Halstead,Queens,NY,11456,4,12,A,63,Cold Outreach,2026-07-29T18:15:07Z
CREAM-20260729-00327,Gary Reed,gary.reed@aol.com,(718) 671-4903,Compass,San Diego,CA,93592,4,11,A,79,Realtor.com,2026-07-29T04:32:17Z
CREAM-20260729-00328,Edward King,edward.king@re/max.com,(334) 342-4778,RE/MAX,Cleveland,OH,45261,5,21,A,90,Referral Network,2026-07-29T16:44:26Z
CREAM-20260729-00329,Gregory Wilson,gregorywilson@hotmail.com,(972) 201-3681,Briggs Freeman Sotheby's,Austin,TX,79751,1,8,A,91,Referral Network,2026-07-29T02:19:08Z
CREAM-20260729-00330,Lisa Phillips,lisap@hotmail.com,(513) 991-6426,Cutler Real Estate,Cincinnati,OH,43641,3,17,A,99,LinkedIn,2026-07-29T02:55:31Z
CREAM-20260729-00331,Sharon Kelly,sharon.kelly@kellerwilliams.com,(256) 247-8338,Keller Williams,Colorado Springs,CO,80623,2,3,A,76,Website Lead,2026-07-29T21:10:26Z
CREAM-20260729-00332,Joshua Powell,joshua.powell@gmail.com,(704) 587-5890,Coldwell Banker,Tampa,FL,32904,13,64,A,76,Realtor.com,2026-07-29T09:35:57Z
CREAM-20260729-00333,Jeffrey Morales,jeffrey_morales@me.com,(786) 802-5451,Keller Williams,Dallas,TX,79388,0,5,A,76,Cold Outreach,2026-07-29T17:29:56Z
CREAM-20260729-00334,Michelle Richardson,michellerichardson@hotmail.com,(972) 528-9190,Coldwell Banker,Phoenix,AZ,86407,23,67,A,96,LinkedIn,2026-07-29T03:09:12Z
CREAM-20260729-00335,Frank Miller,frankm@outlook.com,(602) 410-5112,Keller Williams,Aurora,CO,80763,22,61,A,68,Website Lead,2026-07-29T19:19:44Z
CREAM-20260729-00336,Patricia Wilson,patriciawilson@aol.com,(786) 377-5543,Century 21,Jacksonville,FL,33670,3,21,A,100,Website Lead,2026-07-29T09:50:33Z
CREAM-20260729-00337,Rachel Carter,rachelc@exprealty.com,(704) 684-6365,eXp Realty,Aurora,CO,80664,9,37,A,73,Realtor.com,2026-07-29T16:57:53Z
CREAM-20260729-00338,Stephanie Anderson,sanderson@icloud.com,(916) 738-5415,Century 21,St. Petersburg,FL,34931,4,9,A,98,NAR Directory,2026-07-29T17:04:40Z
CREAM-20260729-00339,Charles Miller,charles_miller@icloud.com,(602) 648-4977,eXp Realty,Aurora,CO,80508,2,4,A,98,Trade Show,2026-07-29T13:23:18Z
CREAM-20260729-00340,Ryan Bennett,ryan.bennett@outlook.com,(305) 518-3188,Coldwell Banker,Denver,CO,80892,23,64,A,64,LinkedIn,2026-07-29T06:21:03Z
CREAM-20260729-00341,Amanda Brooks,amanda_brooks@hotmail.com,(256) 767-1369,Keller Williams,Tucson,AZ,86702,3,20,A,72,Website Lead,2026-07-29T12:16:16Z
CREAM-20260729-00342,Dorothy Bennett,dorothy.bennett@compass.com,(602) 415-7388,Compass,Queens,NY,13242,12,47,A,89,Referral Network,2026-07-29T12:40:01Z
CREAM-20260729-00343,Anthony Ortiz,aortiz@hotmail.com,(334) 275-4390,Keller Williams,Mesa,AZ,86875,7,23,A,78,Website Lead,2026-07-29T07:06:54Z
CREAM-20260729-00344,Kimberly Jimenez,kimberly_jimenez@gmail.com,(512) 240-6527,8z Real Estate,Denver,CO,81614,3,25,A,82,Trade Show,2026-07-29T17:46:14Z
CREAM-20260729-00345,Melissa Wilson,melissa_wilson@yahoo.com,(602) 591-2597,Berkshire Hathaway,Cincinnati,OH,44151,22,48,A,88,Referral Network,2026-07-29T12:38:48Z
CREAM-20260729-00346,Joseph Price,josephp@gmail.com,(916) 344-4275,eXp Realty,Cincinnati,OH,45174,18,65,A,70,Realtor.com,2026-07-29T09:38:36Z
CREAM-20260729-00347,Susan Wright,susanw@cutlerrealestate.com,(720) 508-9934,Cutler Real Estate,Cleveland,OH,45804,5,23,A,91,LinkedIn,2026-07-29T09:59:37Z
CREAM-20260729-00348,Mary Hernandez,maryhernandez@gmail.com,(334) 696-2857,eXp Realty,San Diego,CA,95920,21,39,A,85,Website Lead,2026-07-29T22:13:08Z
CREAM-20260729-00349,Nancy Jones,nancy.jones@alliebethallman.com,(407) 247-5968,Allie Beth Allman,Fort Worth,TX,76624,5,9,A,65,NAR Directory,2026-07-29T04:45:08Z
CREAM-20260729-00350,Amy Gonzalez,amygonzalez@yahoo.com,(602) 602-2663,Keller Williams,Phoenix,AZ,85663,25,36,A,86,Cold Outreach,2026-07-29T08:19:18Z
CREAM-20260729-00351,Emily Martinez,emily.martinez@aol.com,(786) 759-2567,Keller Williams Realty,St. Petersburg,FL,34693,18,49,A,91,MLS Database,2026-07-29T08:10:19Z
CREAM-20260729-00352,Sarah Green,sarahg@briggsfreemansothebys.com,(334) 314-6975,Briggs Freeman Sotheby's,San Antonio,TX,78613,4,22,A,75,Website Lead,2026-07-29T02:50:21Z
CREAM-20260729-00353,Jacob Cooper,jacob.cooper@re/max.com,(713) 862-4845,RE/MAX,Los Angeles,CA,91986,16,61,A,77,Brokerage Listings,2026-07-29T01:34:50Z
CREAM-20260729-00354,Sandra Cooper,sandrac@hotmail.com,(407) 818-7363,RE/MAX,Austin,TX,76385,0,1,A,78,Referral Network,2026-07-29T13:24:40Z
CREAM-20260729-00355,Jacob Diaz,jacob.diaz@aol.com,(602) 524-5409,Allie Beth Allman,Dallas,TX,78774,1,12,A,64,Website Lead,2026-07-29T10:51:32Z
CREAM-20260729-00356,Ronald Davis,rdavis@yahoo.com,(720) 403-1486,Sotheby's International,Brooklyn,NY,10508,9,19,A,74,MLS Database,2026-07-29T00:29:58Z
CREAM-20260729-00357,Sharon Garcia,sharongarcia@outlook.com,(256) 835-2439,RE/MAX,Fort Lauderdale,FL,33235,7,37,A,76,Cold Outreach,2026-07-29T07:37:28Z
CREAM-20260729-00358,Carol Scott,carolscott@gmail.com,(415) 854-9101,Briggs Freeman Sotheby's,El Paso,TX,77980,12,29,A,82,Referral Network,2026-07-29T15:40:04Z
CREAM-20260729-00359,Brenda Reyes,brendar@kellerwilliams.com,(407) 393-2009,Keller Williams,Scottsdale,AZ,85758,8,18,A,63,NAR Directory,2026-07-29T16:43:40Z
CREAM-20260729-00360,Timothy Bennett,tbennett@yahoo.com,(305) 354-7050,Howard Hanna,Greensboro,NC,28109,25,63,A,76,Trade Show,2026-07-29T19:29:05Z
CREAM-20260729-00361,Nicholas Lewis,nicholas.lewis@me.com,(212) 944-8735,HER Realtors,Columbus,OH,44468,2,10,A,60,Cold Outreach,2026-07-29T19:57:38Z
CREAM-20260729-00362,Barbara Morales,barbaram@hotmail.com,(916) 299-4250,RE/MAX,Greensboro,NC,28614,13,80,A,75,MLS Database,2026-07-29T14:05:34Z
CREAM-20260729-00363,Tyler Moore,tmoore@hotmail.com,(919) 387-2995,eXp Realty,Fort Lauderdale,FL,33204,6,39,A,92,Trade Show,2026-07-29T13:59:13Z
CREAM-20260729-00364,Heather Garcia,heather_garcia@icloud.com,(469) 339-1383,Huntington Real Estate,Cleveland,OH,43954,11,44,A,93,Trade Show,2026-07-29T08:05:47Z
CREAM-20260729-00365,Ruth Rogers,ruth.rogers@icloud.com,(805) 295-2569,Long Realty,Phoenix,AZ,86664,3,18,A,94,Realtor.com,2026-07-29T14:37:42Z
CREAM-20260729-00366,Mark Perez,mark.perez@me.com,(512) 621-8975,Compass,New York City,NY,12662,3,25,A,82,Website Lead,2026-07-29T11:18:09Z
CREAM-20260729-00367,Anthony Hernandez,anthonyh@yahoo.com,(415) 728-1027,Keller Williams,Brooklyn,NY,10307,4,13,A,78,LinkedIn,2026-07-29T21:22:14Z
CREAM-20260729-00368,Jack Martin,jmartin@hotmail.com,(614) 618-7850,Keller Williams,El Paso,TX,75624,19,55,A,72,Website Lead,2026-07-29T06:45:31Z
CREAM-20260729-00369,Ryan King,rking@kellerwilliams.com,(713) 684-2270,Keller Williams,Charlotte,NC,28663,4,16,A,64,LinkedIn,2026-07-29T20:40:56Z
CREAM-20260729-00370,Linda Williams,lwilliams@aol.com,(256) 985-2875,HER Realtors,Cincinnati,OH,45388,4,21,A,76,Facebook,2026-07-29T18:55:54Z
CREAM-20260729-00371,David Allen,dallen@aol.com,(704) 418-1156,Allen Tate,Greensboro,NC,28221,0,0,A,74,Trade Show,2026-07-29T20:16:11Z
CREAM-20260729-00372,Samantha Garcia,sgarcia@century21.com,(972) 645-7977,Century 21,Fort Lauderdale,FL,34842,4,14,A,64,Realtor.com,2026-07-29T10:59:46Z
CREAM-20260729-00373,Linda Martin,linda.martin@8zrealestate.com,(972) 630-8448,8z Real Estate,Colorado Springs,CO,80184,14,75,A,89,Realtor.com,2026-07-29T18:25:10Z
CREAM-20260729-00374,Alexander Garcia,alexander.garcia@aol.com,(404) 631-4494,Keller Williams,Colorado Springs,CO,81828,5,10,A,62,NAR Directory,2026-07-29T06:38:49Z
CREAM-20260729-00375,Laura Green,lgreen@exprealty.com,(469) 935-4580,eXp Realty,Cleveland,OH,45109,24,40,A,81,Cold Outreach,2026-07-29T09:50:19Z
CREAM-20260729-00376,Jeffrey Peterson,jeffreypeterson@gmail.com,(718) 651-4854,Coldwell Banker,Scottsdale,AZ,85303,1,8,A,64,NAR Directory,2026-07-29T00:52:52Z
CREAM-20260729-00377,Brenda Thompson,brendat@me.com,(469) 734-7994,Compass,Orlando,FL,32484,21,30,A,74,NAR Directory,2026-07-29T00:34:00Z
CREAM-20260729-00378,Christine Mendoza,christinem@exprealty.com,(614) 406-7393,eXp Realty,Fort Lauderdale,FL,34372,2,9,A,96,Brokerage Listings,2026-07-29T02:19:38Z
CREAM-20260729-00379,Matthew Jimenez,matthew_jimenez@gmail.com,(916) 286-8571,Coldwell Banker,Charlotte,NC,27752,2,6,A,83,Brokerage Listings,2026-07-29T19:48:14Z
CREAM-20260729-00380,Gregory Gonzalez,ggonzalez@aol.com,(512) 723-6529,eXp Realty,Columbus,OH,45160,4,25,A,83,MLS Database,2026-07-29T02:13:59Z
CREAM-20260729-00381,Emma Morales,emmamorales@icloud.com,(805) 447-5058,Keller Williams,Denver,CO,80399,18,26,A,100,Cold Outreach,2026-07-29T09:42:44Z
CREAM-20260729-00382,Eric Price,ericp@outlook.com,(512) 351-9220,Berkshire Hathaway,Dallas,TX,75731,24,78,A,68,Trade Show,2026-07-29T03:46:41Z
CREAM-20260729-00383,Edward Robinson,erobinson@hotmail.com,(415) 747-9304,Keller Williams,Phoenix,AZ,86194,5,18,A,70,LinkedIn,2026-07-29T03:24:04Z
CREAM-20260729-00384,Scott Green,sgreen@gmail.com,(805) 382-9086,8z Real Estate,Aurora,CO,80863,5,11,A,96,Facebook,2026-07-29T01:38:34Z
CREAM-20260729-00385,Eric Sanders,eric.sanders@hotmail.com,(980) 558-8844,Nest Seekers,Brooklyn,NY,14434,6,34,A,88,NAR Directory,2026-07-29T03:30:24Z
CREAM-20260729-00386,Mark Howard,markhoward@me.com,(972) 896-4763,Compass,Jacksonville,FL,32849,6,35,A,98,MLS Database,2026-07-29T21:31:43Z
CREAM-20260729-00387,Margaret Flores,margaretf@outlook.com,(718) 524-3706,Corcoran Group,Brooklyn,NY,10982,3,10,A,99,Trade Show,2026-07-29T21:03:47Z
CREAM-20260729-00388,Samuel Cruz,samuel.cruz@re/max.com,(713) 681-2477,RE/MAX,Sacramento,CA,94117,1,10,A,66,Brokerage Listings,2026-07-29T00:54:46Z
CREAM-20260729-00389,Dennis Miller,dennism@aol.com,(704) 558-6688,Keller Williams Realty,San Francisco,CA,92772,9,16,A,99,Realtor.com,2026-07-29T15:10:17Z
CREAM-20260729-00390,Patrick Chavez,patrickc@me.com,(256) 590-1932,Coldwell Banker,Cincinnati,OH,43953,5,19,A,82,Cold Outreach,2026-07-29T17:26:42Z
CREAM-20260729-00391,Samantha Cruz,samantha_cruz@me.com,(234) 550-2844,RE/MAX,Aurora,CO,80699,1,10,A,97,Referral Network,2026-07-29T10:01:34Z
CREAM-20260729-00392,Nancy Murphy,nancy.murphy@yahoo.com,(407) 916-2483,Pacific Sotheby's,Los Angeles,CA,93462,8,21,A,97,Website Lead,2026-07-29T10:09:08Z
CREAM-20260729-00393,George Collins,georgec@icloud.com,(786) 825-9138,Keller Williams,Raleigh,NC,27882,8,30,A,88,MLS Database,2026-07-29T22:03:24Z
CREAM-20260729-00394,Heather Hernandez,heatherh@hotmail.com,(980) 413-8323,Nest Seekers,Manhattan,NY,13965,3,15,A,75,LinkedIn,2026-07-29T02:23:22Z
CREAM-20260729-00395,Dennis Howard,dennis.howard@re/max.com,(334) 819-5616,RE/MAX,Fort Lauderdale,FL,33859,20,74,A,77,Referral Network,2026-07-29T17:09:18Z
CREAM-20260729-00396,Jack Garcia,jackgarcia@gmail.com,(334) 894-2028,Coldwell Banker,Raleigh,NC,27361,22,40,A,97,Website Lead,2026-07-29T08:16:37Z
CREAM-20260729-00397,Elizabeth Ross,elizabethr@hotmail.com,(310) 284-5105,Keller Williams Realty,Miami,FL,32983,23,57,A,94,Referral Network,2026-07-29T03:38:52Z
CREAM-20260729-00398,William Young,william.young@hotmail.com,(469) 964-6558,RE/MAX,Tampa,FL,33401,4,9,A,84,MLS Database,2026-07-29T13:47:57Z
CREAM-20260729-00399,Patrick Rodriguez,patrickr@outlook.com,(512) 646-4657,Huntington Real Estate,Cincinnati,OH,45154,1,6,A,64,Facebook,2026-07-29T20:06:07Z
CREAM-20260729-00400,Anthony Taylor,anthony_taylor@gmail.com,(614) 700-8997,Compass,Queens,NY,12219,0,4,A,77,Brokerage Listings,2026-07-29T16:09:48Z
CREAM-20260729-00401,Alexander Morris,amorris@cutlerrealestate.com,(713) 465-2607,Cutler Real Estate,Toledo,OH,45704,2,7,B,86,NAR Directory,2026-07-29T22:40:41Z
CREAM-20260729-00402,Kathleen Russell,kathleenr@kellerwilliamsrealty.com,(513) 421-2516,Keller Williams Realty,Hialeah,FL,33293,0,1,B,70,Facebook,2026-07-29T11:01:50Z
CREAM-20260729-00403,Sharon Bailey,sharonb@re/max.com,(214) 495-9176,RE/MAX,Fresno,CA,95826,23,56,B,79,LinkedIn,2026-07-29T04:36:15Z
CREAM-20260729-00404,Helen Jones,helen.jones@outlook.com,(415) 628-1210,Cutler Real Estate,Akron,OH,44681,4,18,B,74,Trade Show,2026-07-29T05:41:37Z
CREAM-20260729-00405,Alexander Perry,aperry@yahoo.com,(786) 377-4268,Keller Williams,Winston-Salem,NC,27928,2,6,B,71,Cold Outreach,2026-07-29T01:16:14Z
CREAM-20260729-00406,Laura Hughes,lhughes@berkshirehathawayhomeservices.com,(256) 581-2113,Berkshire Hathaway HomeServices,Riverside,CA,92573,12,77,B,88,Brokerage Listings,2026-07-29T06:46:48Z
CREAM-20260729-00407,Anna Sanchez,asanchez@exprealty.com,(404) 974-8120,eXp Realty,Corpus Christi,TX,78637,23,52,B,64,Cold Outreach,2026-07-29T08:58:01Z
CREAM-20260729-00408,Carol Carter,carolc@gmail.com,(720) 912-9272,Keller Williams Realty,Chula Vista,CA,90643,3,23,B,61,Trade Show,2026-07-29T14:15:20Z
CREAM-20260729-00409,Scott Stewart,scott_stewart@me.com,(303) 770-7365,Huntington Real Estate,Toledo,OH,45577,18,69,B,84,Website Lead,2026-07-29T14:48:05Z
CREAM-20260729-00410,Gregory Thomas,gregory.thomas@century21.com,(720) 502-8139,Century 21,Tallahassee,FL,33492,10,44,B,85,Facebook,2026-07-29T19:38:12Z
CREAM-20260729-00411,Anna Carter,acarter@kellerwilliams.com,(980) 788-5098,Keller Williams,Rochester,NY,10807,1,8,B,64,Referral Network,2026-07-29T06:50:37Z
CREAM-20260729-00412,Deborah Flores,dflores@howardhanna.com,(805) 619-5301,Howard Hanna,Durham,NC,28588,5,13,B,99,MLS Database,2026-07-29T18:08:34Z
CREAM-20260729-00413,George Jones,george_jones@me.com,(334) 607-3182,Sotheby's International,Rochester,NY,14590,14,74,B,96,Referral Network,2026-07-29T13:34:38Z
CREAM-20260729-00414,Larry Gomez,lgomez@nestseekers.com,(404) 370-9130,Nest Seekers,Yonkers,NY,11678,1,10,B,97,Brokerage Listings,2026-07-29T13:35:43Z
CREAM-20260729-00415,Gary Watson,garyw@berkshirehathaway.com,(704) 384-5162,Berkshire Hathaway,Cary,NC,28691,19,60,B,88,Brokerage Listings,2026-07-29T22:36:18Z
CREAM-20260729-00416,Katherine Perry,kperry@outlook.com,(305) 761-1103,Coldwell Banker,Dayton,OH,44607,3,24,B,79,Trade Show,2026-07-29T15:17:28Z
CREAM-20260729-00417,Rachel Baker,rachelbaker@me.com,(929) 570-4765,RE/MAX,Chula Vista,CA,95767,3,17,B,81,Cold Outreach,2026-07-29T16:17:04Z
CREAM-20260729-00418,Edward Thomas,ethomas@aol.com,(212) 784-4910,Brown Harris Stevens,Albany,NY,12233,1,3,B,65,Referral Network,2026-07-29T14:18:23Z
CREAM-20260729-00419,Richard Morris,rmorris@cutlerrealestate.com,(805) 791-3750,Cutler Real Estate,Toledo,OH,44885,22,58,B,98,LinkedIn,2026-07-29T18:40:45Z
CREAM-20260729-00420,Nancy Bennett,nancybennett@outlook.com,(805) 597-9139,Keller Williams,New Rochelle,NY,14150,19,33,B,93,Website Lead,2026-07-29T20:57:50Z
CREAM-20260729-00421,Betty Martinez,betty.martinez@yahoo.com,(704) 656-3862,Allie Beth Allman,Irving,TX,77680,7,25,B,68,LinkedIn,2026-07-29T06:15:33Z
CREAM-20260729-00422,Kevin Murphy,kevinm@re/max.com,(646) 353-4104,RE/MAX,Akron,OH,44719,5,11,B,80,Facebook,2026-07-29T22:56:11Z
CREAM-20260729-00423,Sharon Young,sharony@kellerwilliams.com,(513) 251-6444,Keller Williams,Dayton,OH,43473,24,68,B,94,Trade Show,2026-07-29T21:42:50Z
CREAM-20260729-00424,Catherine Sanchez,catherines@gmail.com,(714) 928-3621,Coldwell Banker,Parma,OH,44346,3,21,B,94,Referral Network,2026-07-29T19:03:47Z
CREAM-20260729-00425,Debra Wood,dwood@hotmail.com,(929) 836-2995,Sotheby's International,Rochester,NY,11423,4,22,B,92,Website Lead,2026-07-29T21:40:17Z
CREAM-20260729-00426,Maria Rogers,mariar@kellerwilliams.com,(212) 649-5363,Keller Williams,Cary,NC,28523,12,29,B,90,Trade Show,2026-07-29T20:11:48Z
CREAM-20260729-00427,James Baker,jbaker@hotmail.com,(310) 961-6089,Coldwell Banker,Glendale,AZ,85870,0,4,B,93,Cold Outreach,2026-07-29T03:19:56Z
CREAM-20260729-00428,Ashley Wilson,ashley.wilson@berkshirehathawayhomeservices.com,(720) 960-8423,Berkshire Hathaway HomeServices,Anaheim,CA,91454,21,37,B,63,Trade Show,2026-07-29T14:00:51Z
CREAM-20260729-00429,Emma Peterson,emmapeterson@yahoo.com,(646) 431-5405,Coldwell Banker,Lakewood,CO,80555,12,67,B,81,MLS Database,2026-07-29T02:47:34Z
CREAM-20260729-00430,Sandra Ramirez,sramirez@aol.com,(916) 793-6416,RE/MAX,Fayetteville,NC,27485,22,45,B,61,Brokerage Listings,2026-07-29T17:48:19Z
CREAM-20260729-00431,Angela Evans,angela_evans@gmail.com,(512) 612-1057,Russell Lyon Sotheby's,Gilbert,AZ,86397,8,16,B,72,MLS Database,2026-07-29T10:42:44Z
CREAM-20260729-00432,Emily Gomez,emilyg@yahoo.com,(513) 630-8588,Compass,Hollywood,FL,33385,2,11,B,69,Cold Outreach,2026-07-29T21:59:28Z
CREAM-20260729-00433,Sandra Hernandez,sandra.hernandez@kellerwilliams.com,(334) 295-8092,Keller Williams,Corpus Christi,TX,77796,9,26,B,77,Trade Show,2026-07-29T08:23:28Z
CREAM-20260729-00434,Kimberly Patel,kimberlypatel@outlook.com,(212) 565-2264,Douglas Elliman,Arlington,TX,76565,1,5,B,89,Cold Outreach,2026-07-29T08:59:36Z
CREAM-20260729-00435,Jeffrey Phillips,jeffreyphillips@me.com,(714) 554-3377,RE/MAX,Cary,NC,28948,5,20,B,76,Referral Network,2026-07-29T03:29:22Z
CREAM-20260729-00436,Brenda Price,brenda_price@yahoo.com,(256) 693-2666,Halstead,Albany,NY,12201,0,0,B,88,Trade Show,2026-07-29T21:05:01Z
CREAM-20260729-00437,Helen Rodriguez,hrodriguez@yahoo.com,(305) 859-9106,Coldwell Banker,Bakersfield,CA,90863,5,8,B,75,Brokerage Listings,2026-07-29T06:54:23Z
CREAM-20260729-00438,Nancy Brown,nancy_brown@me.com,(234) 204-5029,HER Realtors,Akron,OH,45664,1,12,B,84,Website Lead,2026-07-29T04:26:52Z
CREAM-20260729-00439,Donna Edwards,donnae@aol.com,(512) 902-7839,Cutler Real Estate,Akron,OH,43410,10,77,B,81,Cold Outreach,2026-07-29T05:39:04Z
CREAM-20260729-00440,Donald Jackson,donald.jackson@me.com,(310) 460-8299,Pacific Sotheby's,Anaheim,CA,92802,1,9,B,83,Brokerage Listings,2026-07-29T15:02:06Z
CREAM-20260729-00441,Brian Torres,brian_torres@outlook.com,(234) 760-6872,Coldwell Banker,Garland,TX,76643,0,1,B,93,LinkedIn,2026-07-29T01:05:00Z
CREAM-20260729-00442,Ashley Lewis,ashleyl@kellerwilliams.com,(720) 356-5560,Keller Williams,Syracuse,NY,10786,12,46,B,86,Facebook,2026-07-29T09:06:17Z
CREAM-20260729-00443,Carolyn Brown,cbrown@yahoo.com,(404) 788-9769,eXp Realty,Toledo,OH,43508,0,5,B,67,LinkedIn,2026-07-29T10:28:43Z
CREAM-20260729-00444,Justin Mitchell,justinmitchell@icloud.com,(310) 940-9484,Brown Harris Stevens,Buffalo,NY,10832,11,71,B,88,MLS Database,2026-07-29T03:48:47Z
CREAM-20260729-00445,Cynthia Harris,cynthia.harris@exprealty.com,(334) 911-3215,eXp Realty,Parma,OH,45969,4,21,B,92,LinkedIn,2026-07-29T21:04:55Z
CREAM-20260729-00446,Nancy Gutierrez,ngutierrez@berkshirehathaway.com,(407) 797-3138,Berkshire Hathaway,Parma,OH,43253,4,24,B,92,NAR Directory,2026-07-29T02:32:39Z
CREAM-20260729-00447,Pamela Rogers,pamela.rogers@icloud.com,(334) 350-7385,Coldwell Banker,Glendale,AZ,85238,1,12,B,85,Trade Show,2026-07-29T09:10:48Z
CREAM-20260729-00448,Kimberly Perry,kperry@hotmail.com,(334) 668-8557,RE/MAX,Chula Vista,CA,91712,1,4,B,99,Brokerage Listings,2026-07-29T04:46:56Z
CREAM-20260729-00449,Sarah Taylor,staylor@me.com,(805) 687-7628,Coldwell Banker,Durham,NC,28453,2,8,B,80,Trade Show,2026-07-29T15:07:59Z
CREAM-20260729-00450,Angela Alvarez,angelaa@gmail.com,(714) 243-4659,Cutler Real Estate,Dayton,OH,44727,0,1,B,83,Brokerage Listings,2026-07-29T23:43:02Z
CREAM-20260729-00451,Patrick Ramos,patrickramos@hotmail.com,(469) 405-1556,Brown Harris Stevens,Albany,NY,14550,6,20,B,72,MLS Database,2026-07-29T09:54:14Z
CREAM-20260729-00452,Justin Morgan,justinm@berkshirehathaway.com,(786) 434-4764,Berkshire Hathaway,Gilbert,AZ,85113,1,6,B,70,Website Lead,2026-07-29T08:33:27Z
CREAM-20260729-00453,Patrick Hernandez,patrickhernandez@hotmail.com,(805) 680-1129,Berkshire Hathaway,Chandler,AZ,86320,9,35,B,78,Cold Outreach,2026-07-29T04:48:43Z
CREAM-20260729-00454,Justin Powell,justinpowell@me.com,(415) 683-1570,eXp Realty,Garland,TX,77598,4,17,B,80,Trade Show,2026-07-29T14:22:10Z
CREAM-20260729-00455,Tyler Castillo,tyler_castillo@me.com,(512) 204-9739,Compass,Chula Vista,CA,91150,5,22,B,71,Website Lead,2026-07-29T17:42:38Z
CREAM-20260729-00456,Kevin Myers,kmyers@me.com,(234) 383-4469,Berkshire Hathaway,Winston-Salem,NC,27534,20,75,B,91,NAR Directory,2026-07-29T15:41:44Z
CREAM-20260729-00457,Linda Ruiz,linda_ruiz@yahoo.com,(310) 345-6665,Coldwell Banker,Fort Collins,CO,81736,0,0,B,81,Brokerage Listings,2026-07-29T08:05:21Z
CREAM-20260729-00458,Patrick Wright,pwright@russelllyonsothebys.com,(512) 846-9405,Russell Lyon Sotheby's,Tempe,AZ,85792,24,61,B,87,Trade Show,2026-07-29T16:23:39Z
CREAM-20260729-00459,David Young,davidy@icloud.com,(714) 281-4149,Douglas Elliman,New Rochelle,NY,13160,8,33,B,85,MLS Database,2026-07-29T10:13:42Z
CREAM-20260729-00460,Donald Collins,dcollins@berkshirehathaway.com,(415) 392-4811,Berkshire Hathaway,Fayetteville,NC,27884,4,16,B,70,MLS Database,2026-07-29T20:02:27Z
CREAM-20260729-00461,Donna Peterson,donna_peterson@yahoo.com,(602) 623-3877,Cutler Real Estate,Parma,OH,44130,19,26,B,94,MLS Database,2026-07-29T07:19:52Z
CREAM-20260729-00462,William Williams,williamwilliams@hotmail.com,(334) 899-1002,eXp Realty,Glendale,AZ,86387,24,47,B,97,Referral Network,2026-07-29T01:57:39Z
CREAM-20260729-00463,Donna Jones,djones@gmail.com,(234) 201-3657,Howard Hanna,Winston-Salem,NC,27874,16,47,B,84,NAR Directory,2026-07-29T06:55:44Z
CREAM-20260729-00464,Ruth Thomas,rthomas@alliebethallman.com,(805) 432-5449,Allie Beth Allman,Irving,TX,75826,2,7,B,89,NAR Directory,2026-07-29T03:09:08Z
CREAM-20260729-00465,David Young,david.young@re/max.com,(614) 947-7653,RE/MAX,Riverside,CA,95117,0,1,B,78,Brokerage Listings,2026-07-29T09:51:36Z
CREAM-20260729-00466,Ruth Williams,ruthwilliams@aol.com,(805) 830-1230,Sotheby's International,Rochester,NY,11747,2,12,B,66,Website Lead,2026-07-29T08:06:55Z
CREAM-20260729-00467,Nicole Foster,nicolef@hotmail.com,(310) 857-1310,Coldwell Banker,Akron,OH,43392,14,37,B,88,Cold Outreach,2026-07-29T04:04:45Z
CREAM-20260729-00468,John Flores,john.flores@gmail.com,(407) 526-8676,eXp Realty,Bakersfield,CA,93348,1,9,B,75,Trade Show,2026-07-29T08:00:16Z
CREAM-20260729-00469,Joseph Patel,josephpatel@hotmail.com,(512) 919-9885,Berkshire Hathaway,Toledo,OH,44870,23,48,B,61,Website Lead,2026-07-29T03:02:19Z
CREAM-20260729-00470,Jonathan Gutierrez,jonathan.gutierrez@brownharrisstevens.com,(704) 299-8799,Brown Harris Stevens,Buffalo,NY,14995,17,40,B,83,Website Lead,2026-07-29T14:26:03Z
CREAM-20260729-00471,Shirley Miller,shirleymiller@yahoo.com,(646) 431-2253,Compass,Durham,NC,28267,17,32,B,99,Referral Network,2026-07-29T16:25:17Z
CREAM-20260729-00472,Paul Watson,paulwatson@aol.com,(469) 856-5211,Berkshire Hathaway,Port St. Lucie,FL,33902,15,28,B,63,Realtor.com,2026-07-29T16:30:48Z
CREAM-20260729-00473,Sarah Hughes,sarah.hughes@aol.com,(404) 770-4134,Keller Williams Realty,Hialeah,FL,33253,15,55,B,72,MLS Database,2026-07-29T11:20:29Z
CREAM-20260729-00474,Catherine Turner,cturner@icloud.com,(469) 601-7440,8z Real Estate,Arvada,CO,81990,22,73,B,94,NAR Directory,2026-07-29T17:00:00Z
CREAM-20260729-00475,Thomas Scott,thomas_scott@gmail.com,(704) 228-7510,Coldwell Banker,Lakewood,CO,81651,2,11,B,89,Realtor.com,2026-07-29T22:26:23Z
CREAM-20260729-00476,Michael Kim,michael.kim@berkshirehathaway.com,(415) 258-8850,Berkshire Hathaway,Arlington,TX,77314,2,5,B,97,Facebook,2026-07-29T20:44:24Z
CREAM-20260729-00477,Mark Gonzalez,mark_gonzalez@hotmail.com,(404) 374-4565,eXp Realty,Glendale,AZ,86905,17,31,B,83,LinkedIn,2026-07-29T08:27:06Z
CREAM-20260729-00478,Michael Lewis,mlewis@allentate.com,(614) 769-3628,Allen Tate,Fayetteville,NC,27385,4,22,B,82,Referral Network,2026-07-29T03:17:40Z
CREAM-20260729-00479,Andrew Mitchell,andrewmitchell@aol.com,(972) 756-2832,eXp Realty,Gilbert,AZ,85907,4,21,B,99,Brokerage Listings,2026-07-29T10:17:19Z
CREAM-20260729-00480,Betty Robinson,betty.robinson@yahoo.com,(919) 447-7308,Coldwell Banker,Fort Collins,CO,81551,20,55,B,78,NAR Directory,2026-07-29T10:07:28Z
CREAM-20260729-00481,Gregory Turner,gregory_turner@aol.com,(407) 713-9740,Keller Williams Realty,Riverside,CA,90522,1,8,B,94,Facebook,2026-07-29T11:43:36Z
CREAM-20260729-00482,Amanda Brown,abrown@halstead.com,(212) 359-1473,Halstead,Buffalo,NY,10746,2,12,B,78,Trade Show,2026-07-29T02:55:59Z
CREAM-20260729-00483,Christine Wright,christinew@aol.com,(972) 327-1423,eXp Realty,Fresno,CA,92153,11,37,B,62,Facebook,2026-07-29T02:52:12Z
CREAM-20260729-00484,Cynthia Rivera,cynthia.rivera@hotmail.com,(404) 775-9429,HER Realtors,Akron,OH,45962,13,31,B,71,Website Lead,2026-07-29T19:11:08Z
CREAM-20260729-00485,Charles Stewart,charles.stewart@gmail.com,(919) 674-7608,8z Real Estate,Fort Collins,CO,80156,2,11,B,95,NAR Directory,2026-07-29T06:21:19Z
CREAM-20260729-00486,Nicole Miller,nicolemiller@gmail.com,(713) 684-5308,Halstead,New Rochelle,NY,14730,9,18,B,72,Realtor.com,2026-07-29T03:02:29Z
CREAM-20260729-00487,Emma Richardson,emma.richardson@gmail.com,(305) 764-6783,Keller Williams,Akron,OH,45370,25,53,B,60,NAR Directory,2026-07-29T05:06:45Z
CREAM-20260729-00488,Dorothy Martin,dorothymartin@me.com,(980) 952-9793,Cutler Real Estate,Akron,OH,44944,13,40,B,92,LinkedIn,2026-07-29T03:24:34Z
CREAM-20260729-00489,Donna Price,donnaprice@me.com,(919) 257-3159,Berkshire Hathaway,Cary,NC,28203,17,61,B,71,NAR Directory,2026-07-29T04:33:56Z
CREAM-20260729-00490,Richard Garcia,richard_garcia@me.com,(256) 540-3467,Allie Beth Allman,Lubbock,TX,78641,5,20,B,89,Facebook,2026-07-29T16:44:21Z
CREAM-20260729-00491,Stephanie Ramos,stephanie.ramos@exprealty.com,(310) 598-3914,eXp Realty,Santa Ana,CA,94199,3,24,B,91,NAR Directory,2026-07-29T12:53:37Z
CREAM-20260729-00492,David Rivera,davidr@outlook.com,(234) 795-8984,Berkshire Hathaway,Thornton,CO,80574,3,16,B,98,Trade Show,2026-07-29T01:36:33Z
CREAM-20260729-00493,Larry Baker,lbaker@aol.com,(407) 544-3830,Coldwell Banker,Pembroke Pines,FL,34507,1,6,B,66,Trade Show,2026-07-29T01:33:23Z
CREAM-20260729-00494,Joseph Lewis,joseph.lewis@aol.com,(305) 803-3113,Berkshire Hathaway,Toledo,OH,45441,5,14,B,76,Realtor.com,2026-07-29T15:19:06Z
CREAM-20260729-00495,Karen Foster,karenfoster@outlook.com,(415) 458-6724,Cutler Real Estate,Toledo,OH,45140,20,76,B,97,NAR Directory,2026-07-29T15:40:17Z
CREAM-20260729-00496,Christopher Bennett,christopherb@sothebysinternational.com,(334) 335-2655,Sotheby's International,Santa Ana,CA,92450,6,22,B,73,NAR Directory,2026-07-29T05:30:02Z
CREAM-20260729-00497,Elizabeth Russell,elizabeth_russell@hotmail.com,(614) 962-2666,Keller Williams Realty,Hollywood,FL,34753,12,31,B,83,MLS Database,2026-07-29T21:26:09Z
CREAM-20260729-00498,Donald Hernandez,donald.hernandez@icloud.com,(512) 729-5612,RE/MAX,Amarillo,TX,78515,5,16,B,68,Facebook,2026-07-29T09:09:44Z
CREAM-20260729-00499,Shirley Ramirez,shirleyr@gmail.com,(714) 399-3437,Keller Williams,Rochester,NY,10784,15,48,B,66,Cold Outreach,2026-07-29T15:50:45Z
CREAM-20260729-00500,Jessica Richardson,jessicar@aol.com,(704) 904-4825,HER Realtors,Toledo,OH,44221,4,13,B,72,Facebook,2026-07-29T14:11:48Z
CREAM-20260729-00501,Michael Ruiz,michael.ruiz@hotmail.com,(214) 535-5636,Berkshire Hathaway,Hialeah,FL,34238,21,34,B,91,LinkedIn,2026-07-29T06:01:34Z
CREAM-20260729-00502,Lisa Phillips,lisa.phillips@outlook.com,(919) 479-3222,Coldwell Banker,Chandler,AZ,85520,5,23,B,90,Website Lead,2026-07-29T19:45:29Z
CREAM-20260729-00503,Mark Rivera,mrivera@exprealty.com,(972) 864-2403,eXp Realty,Winston-Salem,NC,28863,14,75,B,78,NAR Directory,2026-07-29T00:45:26Z
CREAM-20260729-00504,Michael Rivera,michaelr@russelllyonsothebys.com,(714) 218-7726,Russell Lyon Sotheby's,Glendale,AZ,85461,19,71,B,81,Trade Show,2026-07-29T23:09:51Z
CREAM-20260729-00505,Janet Sanchez,janetsanchez@aol.com,(805) 207-2497,Compass,Fresno,CA,90238,2,11,B,95,Brokerage Listings,2026-07-29T17:33:45Z
CREAM-20260729-00506,Donald Perez,donaldp@hotmail.com,(646) 998-5729,Berkshire Hathaway,Durham,NC,27138,25,43,B,89,Realtor.com,2026-07-29T17:46:02Z
CREAM-20260729-00507,Larry Thomas,larry.thomas@outlook.com,(602) 909-6199,HomeSmart,Chandler,AZ,85398,1,11,B,68,NAR Directory,2026-07-29T15:51:24Z
CREAM-20260729-00508,Barbara Ward,barbara_ward@hotmail.com,(602) 732-8647,Allie Beth Allman,Lubbock,TX,76724,24,49,B,100,Website Lead,2026-07-29T17:33:53Z
CREAM-20260729-00509,Kenneth Murphy,kenneth.murphy@hotmail.com,(513) 888-9041,LIV Sotheby's,Thornton,CO,81760,14,55,B,98,NAR Directory,2026-07-29T18:22:08Z
CREAM-20260729-00510,Brandon Smith,brandons@outlook.com,(646) 439-7212,Compass,Pembroke Pines,FL,33616,4,18,B,60,Brokerage Listings,2026-07-29T23:59:06Z
CREAM-20260729-00511,Joshua Price,joshua.price@me.com,(646) 768-8751,RE/MAX,Parma,OH,45266,2,12,B,68,Cold Outreach,2026-07-29T07:14:33Z
CREAM-20260729-00512,Raymond Ruiz,raymond.ruiz@icloud.com,(646) 333-6244,RE/MAX,Lubbock,TX,77672,25,78,B,77,LinkedIn,2026-07-29T10:07:29Z
CREAM-20260729-00513,Jennifer Russell,jenniferr@exprealty.com,(469) 730-9756,eXp Realty,Lubbock,TX,75410,17,45,B,89,NAR Directory,2026-07-29T04:52:01Z
CREAM-20260729-00514,Gary Howard,gary.howard@compass.com,(234) 747-5867,Compass,Albany,NY,11151,14,58,B,75,NAR Directory,2026-07-29T18:10:39Z
CREAM-20260729-00515,Justin Reyes,jreyes@sothebysinternational.com,(614) 510-1354,Sotheby's International,Bakersfield,CA,96915,12,40,B,78,Realtor.com,2026-07-29T17:59:56Z
CREAM-20260729-00516,Michelle Robinson,michelle.robinson@sothebysinternational.com,(234) 629-6554,Sotheby's International,Albany,NY,14189,3,19,B,98,Facebook,2026-07-29T06:52:26Z
CREAM-20260729-00517,Sarah Howard,sarahh@kellerwilliams.com,(916) 666-7586,Keller Williams,New Rochelle,NY,10605,0,3,B,94,Referral Network,2026-07-29T13:06:36Z
CREAM-20260729-00518,Tyler Lopez,tyler_lopez@gmail.com,(404) 545-4805,Brown Harris Stevens,New Rochelle,NY,11996,12,37,B,92,MLS Database,2026-07-29T07:08:07Z
CREAM-20260729-00519,Ronald Allen,ronald_allen@aol.com,(214) 913-2132,Douglas Elliman,Buffalo,NY,12495,3,14,B,71,Trade Show,2026-07-29T12:31:06Z
CREAM-20260729-00520,Daniel Hughes,dhughes@me.com,(704) 372-9551,Long Realty,Gilbert,AZ,86892,8,23,B,64,Facebook,2026-07-29T02:37:41Z
CREAM-20260729-00521,Katherine Long,katherine.long@8zrealestate.com,(303) 996-1936,8z Real Estate,Thornton,CO,81159,0,4,B,96,NAR Directory,2026-07-29T17:37:47Z
CREAM-20260729-00522,Samuel Lopez,samuel.lopez@yahoo.com,(919) 567-5736,Sotheby's International,Fresno,CA,94711,18,26,B,100,Trade Show,2026-07-29T23:50:44Z
CREAM-20260729-00523,Heather Rodriguez,hrodriguez@allentate.com,(704) 814-2406,Allen Tate,Fayetteville,NC,28573,0,5,B,72,Brokerage Listings,2026-07-29T23:40:50Z
CREAM-20260729-00524,Michael Lewis,michaellewis@yahoo.com,(646) 984-8965,Howard Hanna,Durham,NC,27688,11,52,B,92,Cold Outreach,2026-07-29T19:01:09Z
CREAM-20260729-00525,Jeffrey Powell,jeffreyp@aol.com,(513) 470-5390,eXp Realty,Parma,OH,44149,1,3,B,88,Facebook,2026-07-29T06:22:42Z
CREAM-20260729-00526,Patrick Jenkins,patrickj@outlook.com,(980) 837-3685,Keller Williams Realty,Cape Coral,FL,34157,5,23,B,92,Referral Network,2026-07-29T06:54:43Z
CREAM-20260729-00527,Katherine Parker,katherinep@re/max.com,(602) 685-9433,RE/MAX,Fayetteville,NC,28308,22,32,B,89,NAR Directory,2026-07-29T17:56:19Z
CREAM-20260729-00528,Jacob Morris,jacob_morris@aol.com,(303) 377-4679,eXp Realty,Fayetteville,NC,27182,3,15,B,63,NAR Directory,2026-07-29T18:26:30Z
CREAM-20260729-00529,Alexander Myers,alexander.myers@pacificsothebys.com,(404) 919-9907,Pacific Sotheby's,Santa Ana,CA,96820,10,52,B,86,Referral Network,2026-07-29T02:06:33Z
CREAM-20260729-00530,Andrew Green,andrewg@huntingtonrealestate.com,(513) 965-3650,Huntington Real Estate,Dayton,OH,43193,4,12,B,73,NAR Directory,2026-07-29T16:51:07Z
CREAM-20260729-00531,Helen Diaz,helen_diaz@gmail.com,(404) 910-5853,Long Realty,Chandler,AZ,85485,25,64,B,93,Referral Network,2026-07-29T11:23:23Z
CREAM-20260729-00532,Samantha Garcia,samanthag@icloud.com,(614) 643-8955,RE/MAX,Tempe,AZ,85492,9,17,B,78,Website Lead,2026-07-29T16:52:32Z
CREAM-20260729-00533,Patricia Ross,patricia.ross@aol.com,(916) 330-2951,eXp Realty,Anaheim,CA,96613,3,10,B,100,NAR Directory,2026-07-29T16:30:28Z
CREAM-20260729-00534,Jessica Mendoza,jmendoza@outlook.com,(415) 470-7505,Berkshire Hathaway,Winston-Salem,NC,28486,2,9,B,67,Website Lead,2026-07-29T12:43:08Z
CREAM-20260729-00535,Kenneth Cook,kcook@aol.com,(929) 238-1364,Coldwell Banker,Arlington,TX,76622,3,14,B,84,NAR Directory,2026-07-29T06:12:03Z
CREAM-20260729-00536,Daniel Williams,danielw@outlook.com,(916) 340-6760,Coldwell Banker,Thornton,CO,80622,10,66,B,60,MLS Database,2026-07-29T15:53:07Z
CREAM-20260729-00537,Margaret Johnson,margaret.johnson@icloud.com,(407) 405-7278,Coldwell Banker,Chandler,AZ,85738,2,7,B,79,Facebook,2026-07-29T12:51:00Z
CREAM-20260729-00538,Jason Clark,jasonc@aol.com,(805) 449-6780,Compass,Syracuse,NY,12641,3,14,B,95,Referral Network,2026-07-29T22:25:49Z
CREAM-20260729-00539,Stephen Green,sgreen@outlook.com,(303) 652-6382,Century 21,Hialeah,FL,32824,15,44,B,80,Brokerage Listings,2026-07-29T13:33:09Z
CREAM-20260729-00540,Scott Richardson,srichardson@aol.com,(305) 626-5721,eXp Realty,Arvada,CO,80685,21,40,B,99,Trade Show,2026-07-29T11:18:28Z
CREAM-20260729-00541,Margaret Baker,margaret.baker@outlook.com,(310) 275-5706,eXp Realty,Stockton,CA,96225,1,3,B,62,Facebook,2026-07-29T17:21:55Z
CREAM-20260729-00542,Linda Harris,lindah@kellerwilliams.com,(256) 484-8406,Keller Williams,Syracuse,NY,13240,16,58,B,93,Cold Outreach,2026-07-29T20:41:28Z
CREAM-20260729-00543,Brandon Ross,brandonross@outlook.com,(305) 852-7256,Keller Williams Realty,Fresno,CA,96910,16,69,B,75,Cold Outreach,2026-07-29T21:34:26Z
CREAM-20260729-00544,Gary Ward,garyw@pacificsothebys.com,(469) 959-1508,Pacific Sotheby's,Bakersfield,CA,94864,1,9,B,74,Website Lead,2026-07-29T15:30:53Z
CREAM-20260729-00545,Anthony Ruiz,aruiz@compass.com,(919) 929-9085,Compass,Stockton,CA,93688,1,5,B,79,Realtor.com,2026-07-29T08:03:53Z
CREAM-20260729-00546,John Morris,jmorris@douglaselliman.com,(718) 506-8324,Douglas Elliman,Albany,NY,10877,11,67,B,85,Facebook,2026-07-29T03:55:44Z
CREAM-20260729-00547,Charles Cooper,charles.cooper@coldwellbanker.com,(415) 809-6317,Coldwell Banker,Durham,NC,27672,4,8,B,73,Trade Show,2026-07-29T05:33:37Z
CREAM-20260729-00548,Ryan Wright,rwright@me.com,(646) 754-3717,Howard Hanna,Winston-Salem,NC,27787,1,9,B,65,Realtor.com,2026-07-29T13:08:17Z
CREAM-20260729-00549,Betty Scott,bscott@aol.com,(512) 675-8448,Berkshire Hathaway HomeServices,Riverside,CA,92254,7,32,B,90,MLS Database,2026-07-29T10:26:32Z
CREAM-20260729-00550,Christine Collins,christine.collins@kellerwilliams.com,(512) 885-2136,Keller Williams,Toledo,OH,45405,22,58,B,88,Trade Show,2026-07-29T16:44:13Z
CREAM-20260729-00551,Sharon Nelson,sharonn@yahoo.com,(404) 525-4527,RE/MAX,Akron,OH,44502,9,39,B,63,Realtor.com,2026-07-29T04:43:39Z
CREAM-20260729-00552,Larry Walker,larry.walker@berkshirehathawayhomeservices.com,(334) 428-7561,Berkshire Hathaway HomeServices,Fresno,CA,93586,9,19,B,69,Referral Network,2026-07-29T03:15:18Z
CREAM-20260729-00553,Amanda Reyes,amandar@me.com,(929) 653-3957,RE/MAX,Cape Coral,FL,33721,12,69,B,62,Facebook,2026-07-29T12:27:41Z
CREAM-20260729-00554,Ruth Morgan,ruthmorgan@icloud.com,(214) 461-7296,Coldwell Banker,Akron,OH,43272,3,9,B,98,Trade Show,2026-07-29T09:24:08Z
CREAM-20260729-00555,Maria Watson,mariaw@outlook.com,(334) 781-2701,Keller Williams,Fort Collins,CO,81348,17,25,B,94,MLS Database,2026-07-29T21:16:36Z
CREAM-20260729-00556,Rachel Patel,rachel_patel@outlook.com,(646) 458-6507,RE/MAX,Glendale,AZ,85985,2,9,B,75,LinkedIn,2026-07-29T00:58:39Z
CREAM-20260729-00557,Jennifer Perez,jperez@icloud.com,(718) 750-4493,eXp Realty,Bakersfield,CA,90221,2,5,B,93,Facebook,2026-07-29T12:29:17Z
CREAM-20260729-00558,Linda Evans,lindaevans@hotmail.com,(916) 342-8476,Sotheby's International,Fresno,CA,95814,16,31,B,89,NAR Directory,2026-07-29T06:58:21Z
CREAM-20260729-00559,Anna Hall,annahall@icloud.com,(602) 472-2239,Compass,Fort Collins,CO,81192,3,8,B,65,Facebook,2026-07-29T05:24:08Z
CREAM-20260729-00560,Stephen Young,stephen.young@icloud.com,(469) 700-9061,Coldwell Banker,Durham,NC,27941,9,16,B,60,Facebook,2026-07-29T15:49:13Z
CREAM-20260729-00561,Emma Nguyen,emma.nguyen@exprealty.com,(714) 549-4578,eXp Realty,Toledo,OH,45248,23,41,B,71,NAR Directory,2026-07-29T23:50:54Z
CREAM-20260729-00562,Andrew Patel,andrewp@me.com,(714) 584-3757,RE/MAX,Glendale,AZ,86987,12,44,B,64,LinkedIn,2026-07-29T03:25:52Z
CREAM-20260729-00563,Rachel Murphy,rachelm@icloud.com,(602) 960-4373,Berkshire Hathaway,Glendale,AZ,85231,1,7,B,82,Cold Outreach,2026-07-29T04:29:58Z
CREAM-20260729-00564,Gregory Garcia,gregorygarcia@yahoo.com,(303) 642-9536,Berkshire Hathaway,Port St. Lucie,FL,32852,24,71,B,70,NAR Directory,2026-07-29T05:40:00Z
CREAM-20260729-00565,Tyler Mitchell,tyler_mitchell@me.com,(234) 944-7165,Keller Williams,Chandler,AZ,85851,3,24,B,95,Cold Outreach,2026-07-29T10:09:55Z
CREAM-20260729-00566,Diane Price,dianep@coldwellbanker.com,(513) 843-3309,Coldwell Banker,Durham,NC,27772,3,19,B,96,MLS Database,2026-07-29T11:45:13Z
CREAM-20260729-00567,Sandra Jimenez,sjimenez@yahoo.com,(916) 827-1786,Berkshire Hathaway,Fayetteville,NC,27911,1,3,B,100,Facebook,2026-07-29T11:07:56Z
CREAM-20260729-00568,Barbara Perez,barbara_perez@outlook.com,(512) 560-7126,Douglas Elliman,Corpus Christi,TX,79992,2,4,B,98,Referral Network,2026-07-29T01:54:01Z
CREAM-20260729-00569,Richard Williams,rwilliams@sothebysinternational.com,(786) 218-3627,Sotheby's International,Buffalo,NY,14875,8,20,B,96,Facebook,2026-07-29T04:43:43Z
CREAM-20260729-00570,William Stewart,williams@gmail.com,(469) 757-5855,Coldwell Banker,Fresno,CA,90572,22,79,B,67,Cold Outreach,2026-07-29T16:02:18Z
CREAM-20260729-00571,Nicholas Castillo,nicholas.castillo@livsothebys.com,(305) 695-7673,LIV Sotheby's,Arvada,CO,81754,17,25,B,81,Cold Outreach,2026-07-29T06:14:35Z
CREAM-20260729-00572,Dorothy Evans,dorothy_evans@gmail.com,(714) 406-1757,Huntington Real Estate,Parma,OH,44839,1,6,B,100,MLS Database,2026-07-29T22:11:55Z
CREAM-20260729-00573,Angela Gomez,angela.gomez@coldwellbanker.com,(718) 497-7441,Coldwell Banker,Cape Coral,FL,33390,0,3,B,99,Referral Network,2026-07-29T08:08:56Z
CREAM-20260729-00574,James Scott,james.scott@outlook.com,(234) 850-8549,HER Realtors,Dayton,OH,43158,4,24,B,74,Trade Show,2026-07-29T13:25:17Z
CREAM-20260729-00575,Larry White,larry.white@sothebysinternational.com,(786) 401-3110,Sotheby's International,Bakersfield,CA,90781,0,0,B,92,Realtor.com,2026-07-29T18:10:04Z
CREAM-20260729-00576,Rachel Smith,rachels@icloud.com,(916) 788-2203,Berkshire Hathaway,Arvada,CO,80140,23,37,B,92,LinkedIn,2026-07-29T12:11:38Z
CREAM-20260729-00577,Angela Cooper,angelac@sothebysinternational.com,(916) 684-4474,Sotheby's International,Syracuse,NY,10886,3,22,B,91,MLS Database,2026-07-29T20:17:10Z
CREAM-20260729-00578,Nicole Chavez,nicolec@aol.com,(234) 563-9877,Keller Williams Realty,Hollywood,FL,34431,12,72,B,95,LinkedIn,2026-07-29T04:02:14Z
CREAM-20260729-00579,Edward Lewis,edwardl@gmail.com,(415) 498-3200,8z Real Estate,Arvada,CO,80315,2,9,B,94,Trade Show,2026-07-29T15:14:15Z
CREAM-20260729-00580,Jennifer White,jenniferw@hotmail.com,(407) 662-4225,Keller Williams Realty,Fresno,CA,96925,10,69,B,95,Trade Show,2026-07-29T17:27:55Z
CREAM-20260729-00581,Brenda Rivera,brivera@aol.com,(718) 363-6994,Berkshire Hathaway,Pembroke Pines,FL,32863,17,57,B,80,Website Lead,2026-07-29T08:23:24Z
CREAM-20260729-00582,Anna Davis,anna_davis@aol.com,(310) 744-3388,Douglas Elliman,Rochester,NY,10384,17,28,B,73,Cold Outreach,2026-07-29T02:57:51Z
CREAM-20260729-00583,Susan Torres,storres@hotmail.com,(720) 261-8583,eXp Realty,Winston-Salem,NC,27373,14,75,B,99,Cold Outreach,2026-07-29T09:05:24Z
CREAM-20260729-00584,Jacob Kelly,jacobk@compass.com,(786) 253-9036,Compass,Thornton,CO,81408,12,71,B,79,MLS Database,2026-07-29T08:23:31Z
CREAM-20260729-00585,Angela Davis,adavis@re/max.com,(805) 327-2036,RE/MAX,Fort Collins,CO,81994,9,38,B,79,Facebook,2026-07-29T12:45:56Z
CREAM-20260729-00586,Samuel Bennett,sbennett@yahoo.com,(980) 599-6118,Coldwell Banker,Stockton,CA,91629,13,77,B,90,Website Lead,2026-07-29T06:48:32Z
CREAM-20260729-00587,Thomas Moore,thomas.moore@re/max.com,(415) 852-6674,RE/MAX,Dayton,OH,43942,19,72,B,68,NAR Directory,2026-07-29T21:46:15Z
CREAM-20260729-00588,Joshua Bennett,joshua.bennett@exprealty.com,(718) 306-3254,eXp Realty,Arlington,TX,76792,7,21,B,100,Website Lead,2026-07-29T03:35:26Z
CREAM-20260729-00589,Daniel Martin,dmartin@compass.com,(305) 592-2934,Compass,Pembroke Pines,FL,33997,23,80,B,99,NAR Directory,2026-07-29T05:44:24Z
CREAM-20260729-00590,Lisa Richardson,lisa_richardson@gmail.com,(234) 832-7007,eXp Realty,Pembroke Pines,FL,34367,10,49,B,72,LinkedIn,2026-07-29T03:18:40Z
CREAM-20260729-00591,Matthew Davis,matthewd@gmail.com,(718) 955-4787,HER Realtors,Parma,OH,43418,2,5,B,65,Brokerage Listings,2026-07-29T06:41:14Z
CREAM-20260729-00592,Ashley Patel,ashley.patel@aol.com,(303) 368-5850,Long Realty,Chandler,AZ,86829,0,4,B,100,Brokerage Listings,2026-07-29T19:14:31Z
CREAM-20260729-00593,Andrew Chavez,andrewc@aol.com,(805) 504-6238,eXp Realty,Tallahassee,FL,32726,13,75,B,90,Trade Show,2026-07-29T08:03:45Z
CREAM-20260729-00594,David Hernandez,david.hernandez@re/max.com,(602) 793-7764,RE/MAX,Stockton,CA,93653,15,75,B,77,Cold Outreach,2026-07-29T19:37:02Z
CREAM-20260729-00595,Donna Patel,dpatel@briggsfreemansothebys.com,(972) 745-8421,Briggs Freeman Sotheby's,Arlington,TX,79700,7,39,B,62,Cold Outreach,2026-07-29T06:45:23Z
CREAM-20260729-00596,John Young,jyoung@yahoo.com,(704) 378-7496,Coldwell Banker,Pembroke Pines,FL,32126,2,12,B,64,Facebook,2026-07-29T07:21:23Z
CREAM-20260729-00597,Sandra James,sandraj@huntingtonrealestate.com,(720) 247-4061,Huntington Real Estate,Akron,OH,45202,23,56,B,66,MLS Database,2026-07-29T18:09:08Z
CREAM-20260729-00598,Barbara Watson,bwatson@douglaselliman.com,(310) 685-2772,Douglas Elliman,Corpus Christi,TX,75456,5,8,B,89,Cold Outreach,2026-07-29T22:59:01Z
CREAM-20260729-00599,Nicholas Edwards,nedwards@exprealty.com,(469) 739-6096,eXp Realty,Cape Coral,FL,33866,8,30,B,66,Website Lead,2026-07-29T00:18:47Z
CREAM-20260729-00600,Donna Reyes,donna.reyes@hotmail.com,(212) 509-8234,Keller Williams,Rochester,NY,10149,0,2,B,92,Website Lead,2026-07-29T15:18:46Z
CREAM-20260729-00601,Charles Cruz,charles.cruz@me.com,(614) 715-3743,Berkshire Hathaway,Amarillo,TX,75431,20,66,B,86,Brokerage Listings,2026-07-29T03:42:15Z
CREAM-20260729-00602,Janet Kelly,janet.kelly@compass.com,(919) 755-7082,Compass,Fayetteville,NC,28542,7,30,B,69,Realtor.com,2026-07-29T19:18:31Z
CREAM-20260729-00603,Christopher Harris,christopherharris@outlook.com,(916) 577-6405,RE/MAX,Chandler,AZ,86836,3,14,B,98,LinkedIn,2026-07-29T10:00:18Z
CREAM-20260729-00604,Jack Martin,jack.martin@huntingtonrealestate.com,(512) 836-4126,Huntington Real Estate,Toledo,OH,44133,10,57,B,87,Website Lead,2026-07-29T03:56:52Z
CREAM-20260729-00605,Stephen Campbell,stephen.campbell@hotmail.com,(972) 634-2876,Coldwell Banker,Cape Coral,FL,34719,25,61,B,84,Cold Outreach,2026-07-29T02:27:14Z
CREAM-20260729-00606,Alexander Nguyen,alexandernguyen@yahoo.com,(602) 933-9408,Compass,Hollywood,FL,33364,22,41,B,70,Trade Show,2026-07-29T10:23:13Z
CREAM-20260729-00607,Elizabeth Turner,elizabeth.turner@pacificsothebys.com,(980) 597-2867,Pacific Sotheby's,Stockton,CA,95137,0,1,B,86,MLS Database,2026-07-29T19:52:22Z
CREAM-20260729-00608,Linda Miller,lindamiller@me.com,(214) 514-9562,Compass,New Rochelle,NY,10969,4,9,B,94,NAR Directory,2026-07-29T21:58:22Z
CREAM-20260729-00609,Linda King,lking@berkshirehathaway.com,(614) 617-6416,Berkshire Hathaway,Arvada,CO,80606,14,33,B,89,Website Lead,2026-07-29T22:03:16Z
CREAM-20260729-00610,Jerry Alvarez,jerrya@hotmail.com,(980) 923-8962,Allie Beth Allman,Lubbock,TX,79940,0,0,B,76,Cold Outreach,2026-07-29T13:56:01Z
CREAM-20260729-00611,Ronald Miller,rmiller@berkshirehathaway.com,(916) 732-3120,Berkshire Hathaway,Chandler,AZ,85165,21,75,B,88,Website Lead,2026-07-29T20:23:48Z
CREAM-20260729-00612,Ruth Myers,ruthm@me.com,(929) 783-8237,RE/MAX,Arvada,CO,80281,16,66,B,63,Trade Show,2026-07-29T22:18:56Z
CREAM-20260729-00613,Paul Alvarez,palvarez@icloud.com,(929) 417-2758,RE/MAX,Amarillo,TX,79519,4,17,B,65,Referral Network,2026-07-29T15:21:11Z
CREAM-20260729-00614,Jerry Cox,jerrycox@outlook.com,(614) 974-8111,Berkshire Hathaway,Chandler,AZ,85586,21,36,B,65,MLS Database,2026-07-29T16:14:07Z
CREAM-20260729-00615,Gary Lee,gary_lee@outlook.com,(305) 910-2000,Keller Williams Realty,Tallahassee,FL,34266,1,9,B,73,MLS Database,2026-07-29T12:17:08Z
CREAM-20260729-00616,Anna Clark,anna_clark@gmail.com,(720) 566-6559,Sotheby's International,Syracuse,NY,11900,12,28,B,99,Trade Show,2026-07-29T06:01:45Z
CREAM-20260729-00617,Alexander Collins,alexandercollins@aol.com,(512) 523-1621,HomeSmart,Gilbert,AZ,85755,7,34,B,91,Website Lead,2026-07-29T21:12:41Z
CREAM-20260729-00618,Gregory Smith,gregorysmith@yahoo.com,(646) 773-5891,Coldwell Banker,Fresno,CA,96995,18,77,B,94,Facebook,2026-07-29T14:20:42Z
CREAM-20260729-00619,Frank Brown,frankbrown@gmail.com,(614) 708-4954,eXp Realty,Gilbert,AZ,85581,3,8,B,95,MLS Database,2026-07-29T06:39:53Z
CREAM-20260729-00620,Scott Robinson,srobinson@aol.com,(786) 482-2332,Coldwell Banker,Winston-Salem,NC,27424,1,12,B,84,Website Lead,2026-07-29T13:50:54Z
CREAM-20260729-00621,Eric Anderson,eanderson@icloud.com,(980) 423-7002,RE/MAX,Cary,NC,27141,4,24,B,92,LinkedIn,2026-07-29T02:57:47Z
CREAM-20260729-00622,Gary Nelson,gary_nelson@yahoo.com,(513) 872-5088,Nest Seekers,Buffalo,NY,14524,5,22,B,73,Brokerage Listings,2026-07-29T13:53:35Z
CREAM-20260729-00623,Kenneth Turner,kturner@hotmail.com,(805) 527-9522,Keller Williams,Dayton,OH,43185,4,14,B,98,Cold Outreach,2026-07-29T05:08:02Z
CREAM-20260729-00624,Brenda Phillips,brenda_phillips@aol.com,(713) 362-7606,Berkshire Hathaway HomeServices,Anaheim,CA,90986,0,4,B,79,Brokerage Listings,2026-07-29T14:04:39Z
CREAM-20260729-00625,Nicholas Jenkins,nicholasj@aol.com,(513) 497-6997,Berkshire Hathaway,Irving,TX,79186,18,62,B,68,NAR Directory,2026-07-29T05:46:40Z
CREAM-20260729-00626,Steven Diaz,steven.diaz@herrealtors.com,(972) 907-9605,HER Realtors,Akron,OH,45498,13,41,B,81,Brokerage Listings,2026-07-29T10:40:31Z
CREAM-20260729-00627,Stephanie Lewis,stephanielewis@hotmail.com,(602) 907-7864,Berkshire Hathaway,Pembroke Pines,FL,32109,20,55,B,89,MLS Database,2026-07-29T20:41:38Z
CREAM-20260729-00628,Brandon Adams,brandona@gmail.com,(234) 447-6024,Douglas Elliman,Pembroke Pines,FL,34751,2,3,B,75,Brokerage Listings,2026-07-29T15:48:58Z
CREAM-20260729-00629,Joshua James,joshuaj@yahoo.com,(310) 310-6552,eXp Realty,Anaheim,CA,93769,19,56,B,88,Referral Network,2026-07-29T10:17:08Z
CREAM-20260729-00630,Jeffrey Martin,jeffrey_martin@outlook.com,(303) 911-1392,Pacific Sotheby's,Anaheim,CA,94679,3,16,B,76,Cold Outreach,2026-07-29T01:45:44Z
CREAM-20260729-00631,Katherine Reyes,kreyes@exprealty.com,(704) 497-7040,eXp Realty,Chula Vista,CA,90620,6,35,B,63,NAR Directory,2026-07-29T06:52:44Z
CREAM-20260729-00632,Cynthia Martinez,cynthiam@kellerwilliams.com,(512) 831-6002,Keller Williams,Garland,TX,78317,3,14,B,76,NAR Directory,2026-07-29T19:44:02Z
CREAM-20260729-00633,Rebecca Howard,rebecca.howard@gmail.com,(404) 410-3977,RE/MAX,Cary,NC,28411,0,4,B,82,Realtor.com,2026-07-29T17:36:02Z
CREAM-20260729-00634,Mark Smith,marksmith@gmail.com,(404) 374-5366,RE/MAX,Parma,OH,43263,8,24,B,99,NAR Directory,2026-07-29T01:20:10Z
CREAM-20260729-00635,Karen Phillips,karen_phillips@gmail.com,(415) 944-4781,RE/MAX,Hollywood,FL,33120,5,12,B,65,Realtor.com,2026-07-29T00:40:17Z
CREAM-20260729-00636,Donald Ramos,donald_ramos@yahoo.com,(919) 788-5229,RE/MAX,Anaheim,CA,91745,0,5,B,77,LinkedIn,2026-07-29T10:59:59Z
CREAM-20260729-00637,Larry Hernandez,larryh@yahoo.com,(415) 561-5191,Berkshire Hathaway,Glendale,AZ,86828,4,15,B,63,Website Lead,2026-07-29T06:16:46Z
CREAM-20260729-00638,Gary Thompson,gary_thompson@outlook.com,(234) 761-4456,HomeSmart,Tempe,AZ,85615,7,20,B,77,Facebook,2026-07-29T10:52:02Z
CREAM-20260729-00639,Aaron Smith,asmith@icloud.com,(714) 953-1252,HomeSmart,Chandler,AZ,85987,11,40,B,97,Brokerage Listings,2026-07-29T12:55:29Z
CREAM-20260729-00640,Kimberly Hernandez,kimberly.hernandez@russelllyonsothebys.com,(415) 647-5367,Russell Lyon Sotheby's,Tempe,AZ,86859,1,4,B,85,Facebook,2026-07-29T04:37:57Z
CREAM-20260729-00641,Kimberly Jenkins,kimberly.jenkins@yahoo.com,(972) 263-2370,Long Realty,Chandler,AZ,85168,14,55,B,86,NAR Directory,2026-07-29T20:37:27Z
CREAM-20260729-00642,James Lewis,jlewis@sothebysinternational.com,(303) 210-2136,Sotheby's International,Albany,NY,14412,1,7,B,83,LinkedIn,2026-07-29T05:16:37Z
CREAM-20260729-00643,Jeffrey Gutierrez,jeffrey.gutierrez@longrealty.com,(720) 394-2696,Long Realty,Tempe,AZ,86510,15,50,B,68,Facebook,2026-07-29T09:19:23Z
CREAM-20260729-00644,Joseph White,jwhite@compass.com,(980) 850-1296,Compass,Santa Ana,CA,92173,12,35,B,74,Cold Outreach,2026-07-29T22:00:04Z
CREAM-20260729-00645,Christopher Gutierrez,christopher_gutierrez@hotmail.com,(256) 227-6286,eXp Realty,Lubbock,TX,77576,25,44,B,91,MLS Database,2026-07-29T08:27:16Z
CREAM-20260729-00646,Jack Rivera,jackrivera@yahoo.com,(512) 970-9606,eXp Realty,Winston-Salem,NC,27480,3,21,B,78,MLS Database,2026-07-29T02:54:13Z
CREAM-20260729-00647,Charles Edwards,charles_edwards@icloud.com,(714) 528-4937,Long Realty,Tempe,AZ,86118,22,33,B,98,Website Lead,2026-07-29T23:52:51Z
CREAM-20260729-00648,Sandra Jackson,sandrajackson@outlook.com,(929) 796-3087,eXp Realty,Lakewood,CO,81813,2,8,B,96,Realtor.com,2026-07-29T02:32:18Z
CREAM-20260729-00649,Jerry Reed,jerry.reed@kellerwilliams.com,(720) 890-8567,Keller Williams,Arvada,CO,81705,1,4,B,99,Brokerage Listings,2026-07-29T06:55:07Z
CREAM-20260729-00650,Dennis Morris,dennis_morris@yahoo.com,(212) 502-2971,Keller Williams,Syracuse,NY,11865,8,30,B,65,Facebook,2026-07-29T05:44:14Z
CREAM-20260729-00651,Emma Evans,emmae@me.com,(714) 470-7741,Coldwell Banker,Tallahassee,FL,34481,6,18,B,81,NAR Directory,2026-07-29T20:10:04Z
CREAM-20260729-00652,John Nelson,jnelson@aol.com,(469) 648-8897,RE/MAX,Lakewood,CO,81482,4,9,B,88,Realtor.com,2026-07-29T02:55:24Z
CREAM-20260729-00653,Daniel Perry,dperry@coldwellbanker.com,(513) 237-1066,Coldwell Banker,Hollywood,FL,34493,13,35,B,78,Cold Outreach,2026-07-29T21:40:48Z
CREAM-20260729-00654,Amy Mendoza,amym@howardhanna.com,(469) 530-2657,Howard Hanna,Fayetteville,NC,27752,2,6,B,80,Cold Outreach,2026-07-29T08:53:09Z
CREAM-20260729-00655,Amanda Price,amandaprice@aol.com,(512) 465-2777,Century 21,Pembroke Pines,FL,32585,3,11,B,85,Realtor.com,2026-07-29T22:04:18Z
CREAM-20260729-00656,Frank Myers,frank.myers@yahoo.com,(212) 381-6082,Century 21,Tallahassee,FL,33242,22,67,B,71,Trade Show,2026-07-29T10:33:36Z
CREAM-20260729-00657,Gregory Cook,gregoryc@gmail.com,(704) 283-2955,Berkshire Hathaway,Durham,NC,27558,16,45,B,62,Trade Show,2026-07-29T03:44:37Z
CREAM-20260729-00658,Andrew Cooper,acooper@kellerwilliamsrealty.com,(513) 441-3724,Keller Williams Realty,Riverside,CA,92988,21,33,B,62,LinkedIn,2026-07-29T14:35:15Z
CREAM-20260729-00659,Steven White,steven_white@outlook.com,(602) 501-4473,Compass,Lakewood,CO,81938,22,41,B,65,Realtor.com,2026-07-29T20:04:12Z
CREAM-20260729-00660,Angela Perez,angelaperez@outlook.com,(929) 833-5115,Keller Williams,Dayton,OH,43946,22,72,B,74,Facebook,2026-07-29T15:37:19Z
CREAM-20260729-00661,Matthew Taylor,matthewt@outlook.com,(469) 585-9113,RE/MAX,Bakersfield,CA,94382,19,53,B,70,NAR Directory,2026-07-29T05:42:53Z
CREAM-20260729-00662,Daniel Allen,daniel_allen@gmail.com,(980) 510-7009,RE/MAX,Fort Collins,CO,80691,2,6,B,90,Facebook,2026-07-29T05:59:50Z
CREAM-20260729-00663,Donald Patel,donaldp@hotmail.com,(916) 249-3007,Briggs Freeman Sotheby's,Garland,TX,77398,25,69,B,99,Realtor.com,2026-07-29T05:41:53Z
CREAM-20260729-00664,Emma Wilson,emma.wilson@howardhanna.com,(614) 215-4240,Howard Hanna,Winston-Salem,NC,27778,22,33,B,65,LinkedIn,2026-07-29T05:12:48Z
CREAM-20260729-00665,Kimberly Morris,kmorris@outlook.com,(786) 530-9688,Douglas Elliman,Arlington,TX,75231,1,5,B,96,Website Lead,2026-07-29T18:36:14Z
CREAM-20260729-00666,Michael Morris,michael.morris@berkshirehathaway.com,(512) 229-5922,Berkshire Hathaway,Arvada,CO,80980,2,8,B,96,Realtor.com,2026-07-29T12:04:11Z
CREAM-20260729-00667,Samantha Scott,samanthascott@hotmail.com,(212) 370-7229,Coldwell Banker,Thornton,CO,81210,4,22,B,61,Referral Network,2026-07-29T14:57:29Z
CREAM-20260729-00668,Justin Parker,justinp@howardhanna.com,(929) 765-4624,Howard Hanna,Fayetteville,NC,27571,19,28,B,60,Website Lead,2026-07-29T21:37:07Z
CREAM-20260729-00669,Deborah Nguyen,dnguyen@outlook.com,(916) 766-2964,Compass,Cary,NC,27116,23,69,B,85,NAR Directory,2026-07-29T01:29:51Z
CREAM-20260729-00670,Amanda Reyes,amanda.reyes@gmail.com,(713) 759-3133,RE/MAX,Port St. Lucie,FL,32405,0,1,B,91,Realtor.com,2026-07-29T03:05:34Z
CREAM-20260729-00671,Charles Torres,charlestorres@aol.com,(614) 321-7888,Coldwell Banker,Bakersfield,CA,96306,21,44,B,71,Brokerage Listings,2026-07-29T14:53:28Z
CREAM-20260729-00672,Joseph Young,josephy@yahoo.com,(720) 324-8280,RE/MAX,Thornton,CO,80262,5,11,B,74,Referral Network,2026-07-29T12:33:54Z
CREAM-20260729-00673,Kevin Watson,kevin.watson@exprealty.com,(614) 951-9713,eXp Realty,Cape Coral,FL,32593,3,23,B,98,NAR Directory,2026-07-29T21:28:33Z
CREAM-20260729-00674,Joshua Hall,joshua.hall@icloud.com,(786) 516-8798,Compass,Santa Ana,CA,95146,1,3,B,100,LinkedIn,2026-07-29T12:48:10Z
CREAM-20260729-00675,Carol Mitchell,carolm@me.com,(256) 478-3855,eXp Realty,Lakewood,CO,81871,6,25,B,100,Website Lead,2026-07-29T09:08:52Z
CREAM-20260729-00676,Patricia Garcia,pgarcia@kellerwilliamsrealty.com,(512) 549-9084,Keller Williams Realty,Hialeah,FL,32349,1,6,B,73,Referral Network,2026-07-29T16:49:49Z
CREAM-20260729-00677,Amanda Gonzalez,amandag@re/max.com,(415) 998-8171,RE/MAX,Hollywood,FL,34903,12,80,B,79,Facebook,2026-07-29T00:33:03Z
CREAM-20260729-00678,Laura Adams,lauraa@outlook.com,(720) 961-9872,Huntington Real Estate,Akron,OH,44753,1,12,B,98,Brokerage Listings,2026-07-29T15:32:46Z
CREAM-20260729-00679,Carolyn Wright,carolynwright@yahoo.com,(713) 793-6932,8z Real Estate,Arvada,CO,80290,25,34,B,78,Website Lead,2026-07-29T01:01:39Z
CREAM-20260729-00680,Barbara Green,barbara_green@me.com,(805) 925-2619,Keller Williams,Tempe,AZ,86423,2,9,B,91,Facebook,2026-07-29T21:27:51Z
CREAM-20260729-00681,Ashley Cox,acox@douglaselliman.com,(614) 357-4800,Douglas Elliman,Arlington,TX,75638,4,17,B,62,Brokerage Listings,2026-07-29T04:04:30Z
CREAM-20260729-00682,William Bennett,wbennett@me.com,(786) 547-1062,Keller Williams,Lubbock,TX,79480,3,10,B,75,MLS Database,2026-07-29T03:37:18Z
CREAM-20260729-00683,Michael Hernandez,michael.hernandez@me.com,(415) 781-5904,Sotheby's International,New Rochelle,NY,14725,8,31,B,85,Facebook,2026-07-29T04:51:33Z
CREAM-20260729-00684,Mary Jackson,maryjackson@icloud.com,(980) 512-9921,Brown Harris Stevens,Yonkers,NY,13121,2,11,B,62,NAR Directory,2026-07-29T04:55:47Z
CREAM-20260729-00685,Catherine Torres,catherine.torres@outlook.com,(718) 651-3517,eXp Realty,Amarillo,TX,75676,11,70,B,69,LinkedIn,2026-07-29T07:27:49Z
CREAM-20260729-00686,Paul Sanders,paulsanders@me.com,(718) 475-5308,RE/MAX,Parma,OH,44712,2,5,B,86,LinkedIn,2026-07-29T08:21:43Z
CREAM-20260729-00687,Sarah Davis,sarahd@outlook.com,(404) 900-5952,eXp Realty,Durham,NC,27860,4,15,B,79,Realtor.com,2026-07-29T03:34:44Z
CREAM-20260729-00688,Janet Phillips,janet_phillips@hotmail.com,(786) 650-8530,Coldwell Banker,Parma,OH,44134,25,61,B,81,NAR Directory,2026-07-29T09:54:47Z
CREAM-20260729-00689,Karen Miller,kmiller@me.com,(334) 655-4340,RE/MAX,Hialeah,FL,34611,5,9,B,60,Trade Show,2026-07-29T01:39:56Z
CREAM-20260729-00690,Edward Roberts,eroberts@yahoo.com,(404) 449-5088,Compass,Chula Vista,CA,91692,12,66,B,92,NAR Directory,2026-07-29T16:09:19Z
CREAM-20260729-00691,Brenda Lee,brenda.lee@gmail.com,(714) 485-5916,Berkshire Hathaway,Chandler,AZ,86586,1,4,B,96,NAR Directory,2026-07-29T07:27:05Z
CREAM-20260729-00692,Larry Collins,larry.collins@kellerwilliams.com,(704) 547-7826,Keller Williams,Corpus Christi,TX,79895,25,77,B,66,Realtor.com,2026-07-29T08:04:37Z
CREAM-20260729-00693,Michael Robinson,michaelr@exprealty.com,(720) 787-5656,eXp Realty,Parma,OH,45601,15,40,B,66,MLS Database,2026-07-29T08:45:54Z
CREAM-20260729-00694,Nicholas Campbell,nicholas.campbell@aol.com,(256) 547-7415,Berkshire Hathaway,Durham,NC,27276,21,57,B,67,Trade Show,2026-07-29T12:24:34Z
CREAM-20260729-00695,Brian Patel,brianpatel@hotmail.com,(415) 275-4345,Coldwell Banker,Lakewood,CO,80976,0,4,B,82,Website Lead,2026-07-29T19:40:26Z
CREAM-20260729-00696,Melissa Reed,mreed@aol.com,(704) 445-2076,eXp Realty,Cary,NC,28130,20,71,B,90,NAR Directory,2026-07-29T00:56:04Z
CREAM-20260729-00697,Donald Parker,dparker@douglaselliman.com,(512) 576-7991,Douglas Elliman,Cape Coral,FL,34247,18,53,B,71,Brokerage Listings,2026-07-29T03:08:38Z
CREAM-20260729-00698,Katherine Hill,khill@aol.com,(415) 470-1836,Compass,Cary,NC,27308,6,35,B,66,MLS Database,2026-07-29T06:17:08Z
CREAM-20260729-00699,Karen Morris,kmorris@icloud.com,(972) 298-9997,Coldwell Banker,Gilbert,AZ,85769,5,22,B,61,Facebook,2026-07-29T15:00:55Z
CREAM-20260729-00700,Patrick Rogers,progers@exprealty.com,(305) 523-1848,eXp Realty,Tempe,AZ,85957,15,49,B,85,Website Lead,2026-07-29T00:51:09Z
CREAM-20260729-00701,Brian Cruz,bcruz@compass.com,(212) 247-8195,Compass,Winston-Salem,NC,27369,2,9,B,74,Website Lead,2026-07-29T14:15:19Z
CREAM-20260729-00702,Catherine Ward,catherine.ward@outlook.com,(718) 626-5198,Douglas Elliman,Cape Coral,FL,34281,8,25,B,70,NAR Directory,2026-07-29T19:15:56Z
CREAM-20260729-00703,Brenda Russell,brendar@hotmail.com,(646) 677-9115,Compass,Anaheim,CA,90955,16,39,B,68,Website Lead,2026-07-29T20:59:02Z
CREAM-20260729-00704,Michelle Hernandez,mhernandez@cutlerrealestate.com,(805) 501-2105,Cutler Real Estate,Akron,OH,44863,0,1,B,62,Realtor.com,2026-07-29T13:12:22Z
CREAM-20260729-00705,Jacob Edwards,jedwards@outlook.com,(310) 770-7706,eXp Realty,Anaheim,CA,93326,7,34,B,94,Trade Show,2026-07-29T09:47:18Z
CREAM-20260729-00706,Rachel Lopez,rlopez@berkshirehathawayhomeservices.com,(602) 377-2742,Berkshire Hathaway HomeServices,Santa Ana,CA,93911,0,1,B,96,Cold Outreach,2026-07-29T02:42:51Z
CREAM-20260729-00707,Dorothy Lopez,dorothy_lopez@icloud.com,(469) 217-9258,Berkshire Hathaway,Durham,NC,28160,4,23,B,62,MLS Database,2026-07-29T18:45:45Z
CREAM-20260729-00708,Jessica Powell,jpowell@longrealty.com,(704) 485-6355,Long Realty,Tempe,AZ,86653,4,24,B,86,Website Lead,2026-07-29T02:33:55Z
CREAM-20260729-00709,Michelle Alvarez,michellea@hotmail.com,(713) 477-7000,Douglas Elliman,Rochester,NY,11126,23,48,B,60,Facebook,2026-07-29T11:31:56Z
CREAM-20260729-00710,David Moore,davidm@exprealty.com,(972) 683-1005,eXp Realty,Amarillo,TX,75597,18,67,B,84,MLS Database,2026-07-29T22:19:17Z
CREAM-20260729-00711,Karen Ross,kross@gmail.com,(303) 847-6006,Century 21,Tallahassee,FL,34489,17,78,B,77,Facebook,2026-07-29T14:52:09Z
CREAM-20260729-00712,Nicholas Morales,nicholasmorales@me.com,(513) 823-5770,Douglas Elliman,Albany,NY,10345,1,5,B,77,Website Lead,2026-07-29T10:30:16Z
CREAM-20260729-00713,Diane Bailey,diane.bailey@outlook.com,(980) 797-7565,eXp Realty,Corpus Christi,TX,75678,24,69,B,95,LinkedIn,2026-07-29T16:49:55Z
CREAM-20260729-00714,Laura Gutierrez,lauragutierrez@gmail.com,(305) 963-7152,Keller Williams,Lakewood,CO,80842,2,5,B,84,Trade Show,2026-07-29T17:14:17Z
CREAM-20260729-00715,Stephanie Evans,stephaniee@longrealty.com,(929) 699-1140,Long Realty,Gilbert,AZ,85345,22,71,B,86,Website Lead,2026-07-29T08:34:38Z
CREAM-20260729-00716,Elizabeth Price,eprice@coldwellbanker.com,(972) 561-5956,Coldwell Banker,Lubbock,TX,75351,5,22,B,71,LinkedIn,2026-07-29T18:07:51Z
CREAM-20260729-00717,Rebecca Turner,rebecca_turner@aol.com,(214) 500-8387,Keller Williams,Cary,NC,28668,2,7,B,69,LinkedIn,2026-07-29T18:41:55Z
CREAM-20260729-00718,Anna Thompson,athompson@coldwellbanker.com,(407) 408-7784,Coldwell Banker,Fayetteville,NC,28366,1,7,B,71,Website Lead,2026-07-29T22:48:48Z
CREAM-20260729-00719,Robert Hill,roberthill@outlook.com,(805) 746-1161,Keller Williams,Fayetteville,NC,27459,11,53,B,73,Referral Network,2026-07-29T14:00:39Z
CREAM-20260729-00720,Ryan Mitchell,ryan.mitchell@halstead.com,(305) 464-5171,Halstead,Yonkers,NY,13925,3,23,B,73,MLS Database,2026-07-29T18:24:04Z
CREAM-20260729-00721,Emily Edwards,emilyedwards@aol.com,(646) 543-7143,Cutler Real Estate,Dayton,OH,45522,0,3,B,94,Trade Show,2026-07-29T16:38:01Z
CREAM-20260729-00722,Benjamin Gomez,bgomez@gmail.com,(646) 861-3062,Keller Williams Realty,Fresno,CA,93749,6,15,B,88,NAR Directory,2026-07-29T17:26:17Z
CREAM-20260729-00723,Frank Reed,freed@hotmail.com,(646) 640-9704,8z Real Estate,Thornton,CO,80936,18,66,B,79,Website Lead,2026-07-29T09:15:26Z
CREAM-20260729-00724,Gregory Sanders,gregory.sanders@livsothebys.com,(713) 453-1194,LIV Sotheby's,Lakewood,CO,81813,5,15,B,76,Brokerage Listings,2026-07-29T16:11:49Z
CREAM-20260729-00725,Jerry Howard,jerryhoward@yahoo.com,(469) 453-1362,eXp Realty,Akron,OH,45288,5,22,B,67,Realtor.com,2026-07-29T08:54:47Z
CREAM-20260729-00726,Nancy Collins,nancy.collins@longrealty.com,(513) 533-3876,Long Realty,Tempe,AZ,85244,25,62,B,65,Referral Network,2026-07-29T22:35:13Z
CREAM-20260729-00727,Cynthia Brooks,cynthiabrooks@outlook.com,(916) 213-1649,Howard Hanna,Cary,NC,28351,22,29,B,94,MLS Database,2026-07-29T14:41:36Z
CREAM-20260729-00728,Matthew Carter,matthewc@aol.com,(805) 657-5583,Century 21,Cape Coral,FL,32565,1,6,B,89,Website Lead,2026-07-29T17:15:10Z
CREAM-20260729-00729,Jacob Russell,jacob.russell@sothebysinternational.com,(305) 469-6498,Sotheby's International,Albany,NY,12185,13,61,B,72,LinkedIn,2026-07-29T01:42:46Z
CREAM-20260729-00730,Helen Rogers,helenrogers@yahoo.com,(972) 762-2496,HomeSmart,Glendale,AZ,85295,21,41,B,85,Facebook,2026-07-29T18:14:40Z
CREAM-20260729-00731,Sarah Brooks,sarah.brooks@aol.com,(212) 300-8096,RE/MAX,Arvada,CO,80767,4,8,B,85,Referral Network,2026-07-29T23:33:28Z
CREAM-20260729-00732,Jason Ruiz,jasonr@gmail.com,(786) 804-6653,Pacific Sotheby's,Bakersfield,CA,96220,5,12,B,63,MLS Database,2026-07-29T20:01:14Z
CREAM-20260729-00733,Daniel Perez,daniel.perez@icloud.com,(720) 492-4465,Berkshire Hathaway,Amarillo,TX,76536,8,19,B,79,LinkedIn,2026-07-29T19:22:24Z
CREAM-20260729-00734,Christine Rodriguez,crodriguez@huntingtonrealestate.com,(334) 259-1355,Huntington Real Estate,Toledo,OH,45923,0,0,B,61,Referral Network,2026-07-29T19:54:55Z
CREAM-20260729-00735,Carolyn Jones,carolynj@aol.com,(720) 763-5055,Compass,Winston-Salem,NC,28535,5,13,B,100,Referral Network,2026-07-29T10:57:35Z
CREAM-20260729-00736,Dorothy Hughes,dorothyhughes@aol.com,(713) 485-7984,Russell Lyon Sotheby's,Gilbert,AZ,86458,1,11,B,92,Referral Network,2026-07-29T22:40:54Z
CREAM-20260729-00737,Melissa Myers,mmyers@hotmail.com,(786) 683-1495,RE/MAX,Cape Coral,FL,33275,7,24,B,98,Cold Outreach,2026-07-29T07:48:56Z
CREAM-20260729-00738,Benjamin Lee,benjamin.lee@douglaselliman.com,(212) 235-2039,Douglas Elliman,Garland,TX,78523,23,42,B,95,MLS Database,2026-07-29T03:58:44Z
CREAM-20260729-00739,Angela Hill,ahill@hotmail.com,(334) 346-2006,Compass,Cary,NC,27730,19,76,B,65,Facebook,2026-07-29T00:34:55Z
CREAM-20260729-00740,Brenda Cox,brendac@yahoo.com,(407) 877-6304,Keller Williams Realty,Chula Vista,CA,94890,25,38,B,88,Referral Network,2026-07-29T06:08:10Z
CREAM-20260729-00741,Margaret Brooks,margaret.brooks@hotmail.com,(310) 994-8798,eXp Realty,Chula Vista,CA,94372,3,10,B,91,NAR Directory,2026-07-29T12:50:31Z
CREAM-20260729-00742,Katherine Sanders,ksanders@yahoo.com,(512) 765-5962,Coldwell Banker,Winston-Salem,NC,27871,6,16,B,99,Realtor.com,2026-07-29T05:23:15Z
CREAM-20260729-00743,Steven Brown,stevenb@douglaselliman.com,(512) 241-7198,Douglas Elliman,Buffalo,NY,11345,8,15,B,66,Referral Network,2026-07-29T00:50:29Z
CREAM-20260729-00744,Samuel Taylor,samueltaylor@outlook.com,(234) 838-8313,Coldwell Banker,Port St. Lucie,FL,34790,1,7,B,86,Realtor.com,2026-07-29T05:36:41Z
CREAM-20260729-00745,Jacob Anderson,jacob.anderson@yahoo.com,(972) 760-7402,Sotheby's International,New Rochelle,NY,13263,4,12,B,61,LinkedIn,2026-07-29T11:44:55Z
CREAM-20260729-00746,John Watson,john.watson@livsothebys.com,(404) 989-5523,LIV Sotheby's,Thornton,CO,80688,1,6,B,98,Realtor.com,2026-07-29T14:47:13Z
CREAM-20260729-00747,Daniel Diaz,danieldiaz@icloud.com,(407) 245-4398,Keller Williams,Irving,TX,76862,19,36,B,72,Website Lead,2026-07-29T18:40:33Z
CREAM-20260729-00748,Kimberly Johnson,kimberlyj@cutlerrealestate.com,(469) 410-8183,Cutler Real Estate,Parma,OH,43511,2,10,B,77,MLS Database,2026-07-29T03:19:53Z
CREAM-20260729-00749,Helen Ruiz,hruiz@pacificsothebys.com,(305) 233-1375,Pacific Sotheby's,Riverside,CA,91214,25,74,B,97,Brokerage Listings,2026-07-29T02:54:01Z
CREAM-20260729-00750,Mark Jimenez,mjimenez@yahoo.com,(646) 281-2997,Coldwell Banker,Tempe,AZ,85111,13,64,B,83,Referral Network,2026-07-29T03:26:42Z
CREAM-20260729-00751,Anna Carter,anna_carter@gmail.com,(310) 846-5405,RE/MAX,Lorain,OH,43309,3,23,C,96,Realtor.com,2026-07-29T15:17:41Z
CREAM-20260729-00752,Carolyn Howard,carolynh@outlook.com,(404) 380-4131,Nest Seekers,Mount Vernon,NY,13166,0,2,C,97,Trade Show,2026-07-29T13:08:42Z
CREAM-20260729-00753,Samantha Mitchell,samantha.mitchell@aol.com,(212) 794-1442,Coldwell Banker,Surprise,AZ,85621,12,71,C,69,Realtor.com,2026-07-29T14:29:13Z
CREAM-20260729-00754,Nicholas Price,nprice@gmail.com,(786) 316-7716,Keller Williams,Centennial,CO,80514,4,25,C,87,Brokerage Listings,2026-07-29T15:13:38Z
CREAM-20260729-00755,Jack Cooper,jack.cooper@aol.com,(602) 831-5033,RE/MAX,Fremont,CA,96329,10,37,C,75,NAR Directory,2026-07-29T19:26:05Z
CREAM-20260729-00756,Edward Foster,edward.foster@re/max.com,(972) 397-5458,RE/MAX,Palm Bay,FL,34740,3,11,C,96,Realtor.com,2026-07-29T14:03:28Z
CREAM-20260729-00757,Carol Nguyen,carol.nguyen@douglaselliman.com,(718) 340-1554,Douglas Elliman,McKinney,TX,76314,1,7,C,91,Brokerage Listings,2026-07-29T01:42:11Z
CREAM-20260729-00758,Jennifer Jones,jennifer.jones@hotmail.com,(916) 346-2651,Coldwell Banker,Greenville,NC,27716,16,54,C,98,Brokerage Listings,2026-07-29T01:26:31Z
CREAM-20260729-00759,Brian Robinson,brianr@douglaselliman.com,(212) 793-3747,Douglas Elliman,Coral Springs,FL,32248,3,20,C,86,NAR Directory,2026-07-29T20:24:46Z
CREAM-20260729-00760,Elizabeth Gomez,elizabethg@gmail.com,(714) 313-7960,Century 21,Gainesville,FL,32440,18,61,C,76,Brokerage Listings,2026-07-29T07:06:59Z
CREAM-20260729-00761,Joshua Johnson,jjohnson@huntingtonrealestate.com,(310) 321-4165,Huntington Real Estate,Youngstown,OH,43549,3,15,C,88,Realtor.com,2026-07-29T04:21:02Z
CREAM-20260729-00762,John Taylor,john.taylor@me.com,(718) 447-2010,HER Realtors,Youngstown,OH,45935,0,5,C,65,LinkedIn,2026-07-29T23:39:16Z
CREAM-20260729-00763,Donna Wright,donna.wright@gmail.com,(720) 244-2599,Keller Williams,Avondale,AZ,86171,18,63,C,70,NAR Directory,2026-07-29T16:25:27Z
CREAM-20260729-00764,Emily Torres,emily_torres@me.com,(415) 549-1490,Briggs Freeman Sotheby's,McKinney,TX,78894,1,10,C,74,Realtor.com,2026-07-29T08:09:35Z
CREAM-20260729-00765,Amy Walker,amy.walker@cutlerrealestate.com,(980) 527-3187,Cutler Real Estate,Lorain,OH,44747,8,40,C,72,Cold Outreach,2026-07-29T04:57:26Z
CREAM-20260729-00766,Samuel Price,samuel_price@hotmail.com,(234) 458-9621,Allen Tate,Greenville,NC,27411,22,60,C,67,Brokerage Listings,2026-07-29T13:01:47Z
CREAM-20260729-00767,Jessica Long,jessica_long@outlook.com,(415) 206-1723,Century 21,Clearwater,FL,33378,0,3,C,82,Website Lead,2026-07-29T04:18:17Z
CREAM-20260729-00768,Amanda Baker,amandabaker@outlook.com,(805) 601-6313,eXp Realty,Pueblo,CO,80457,19,64,C,100,Website Lead,2026-07-29T23:23:34Z
CREAM-20260729-00769,Justin Sanchez,justin_sanchez@outlook.com,(214) 482-6164,Coldwell Banker,Avondale,AZ,86283,2,11,C,74,Cold Outreach,2026-07-29T15:42:32Z
CREAM-20260729-00770,Diane Kim,dkim@outlook.com,(602) 514-9894,RE/MAX,Yuma,AZ,86502,5,14,C,63,Referral Network,2026-07-29T19:24:23Z
CREAM-20260729-00771,Linda Torres,linda.torres@hotmail.com,(303) 799-8363,eXp Realty,Surprise,AZ,85269,5,14,C,100,Trade Show,2026-07-29T03:00:37Z
CREAM-20260729-00772,Susan Carter,scarter@yahoo.com,(334) 206-1530,HER Realtors,Canton,OH,45890,5,8,C,67,Brokerage Listings,2026-07-29T04:38:22Z
CREAM-20260729-00773,Ashley Kim,ashley_kim@icloud.com,(720) 260-9734,eXp Realty,Greenville,NC,27746,24,33,C,61,Cold Outreach,2026-07-29T23:23:14Z
CREAM-20260729-00774,David Price,dprice@coldwellbanker.com,(713) 916-2291,Coldwell Banker,Surprise,AZ,85269,5,18,C,67,NAR Directory,2026-07-29T08:27:24Z
CREAM-20260729-00775,Michael Edwards,medwards@kellerwilliams.com,(212) 506-2444,Keller Williams,High Point,NC,27465,4,16,C,66,Website Lead,2026-07-29T22:04:04Z
CREAM-20260729-00776,Shirley Phillips,shirleyphillips@yahoo.com,(646) 557-3617,Keller Williams,Avondale,AZ,86382,13,53,C,63,Brokerage Listings,2026-07-29T22:02:14Z
CREAM-20260729-00777,Joshua Wood,joshua.wood@compass.com,(713) 501-8012,Compass,Concord,NC,27364,1,4,C,82,Trade Show,2026-07-29T12:33:56Z
CREAM-20260729-00778,Sarah Hill,sarah.hill@yahoo.com,(614) 422-4043,Briggs Freeman Sotheby's,Brownsville,TX,77322,20,64,C,69,Facebook,2026-07-29T21:17:45Z
CREAM-20260729-00779,Dorothy Walker,dorothyw@outlook.com,(334) 985-3951,Briggs Freeman Sotheby's,McKinney,TX,77646,3,13,C,90,Cold Outreach,2026-07-29T22:49:33Z
CREAM-20260729-00780,Richard Ramos,rramos@coldwellbanker.com,(714) 529-6899,Coldwell Banker,Boulder,CO,80495,0,3,C,64,Facebook,2026-07-29T22:48:22Z
CREAM-20260729-00781,Samuel Johnson,samuel.johnson@yahoo.com,(929) 880-9899,RE/MAX,Palm Bay,FL,32878,9,38,C,86,Trade Show,2026-07-29T14:49:40Z
CREAM-20260729-00782,Emily Lee,emilylee@hotmail.com,(602) 667-8165,Allen Tate,Wilmington,NC,28335,4,11,C,72,NAR Directory,2026-07-29T15:58:48Z
CREAM-20260729-00783,Betty Martin,bettym@livsothebys.com,(713) 428-9322,LIV Sotheby's,Westminster,CO,81157,13,39,C,91,LinkedIn,2026-07-29T18:43:12Z
CREAM-20260729-00784,Andrew Walker,andreww@douglaselliman.com,(805) 982-7372,Douglas Elliman,Troy,NY,11330,11,71,C,96,Trade Show,2026-07-29T07:50:48Z
CREAM-20260729-00785,Larry Reed,lreed@coldwellbanker.com,(805) 247-6673,Coldwell Banker,Grand Prairie,TX,79771,2,3,C,97,Realtor.com,2026-07-29T14:53:45Z
CREAM-20260729-00786,Rachel Lee,rachel.lee@halstead.com,(512) 335-3341,Halstead,Mount Vernon,NY,11568,9,36,C,62,Cold Outreach,2026-07-29T10:56:39Z
CREAM-20260729-00787,Carol Martin,carol.martin@me.com,(602) 539-5516,Russell Lyon Sotheby's,Peoria,AZ,86184,3,18,C,78,Website Lead,2026-07-29T04:10:11Z
CREAM-20260729-00788,Ryan Torres,ryan.torres@hotmail.com,(714) 705-9584,Pacific Sotheby's,Huntington Beach,CA,94891,2,5,C,82,Facebook,2026-07-29T16:21:01Z
CREAM-20260729-00789,Amanda Hill,amandah@coldwellbanker.com,(720) 393-2717,Coldwell Banker,Wilmington,NC,27287,25,77,C,60,LinkedIn,2026-07-29T13:11:10Z
CREAM-20260729-00790,Jerry Bailey,jerryb@berkshirehathaway.com,(256) 951-3344,Berkshire Hathaway,Clearwater,FL,32172,0,3,C,73,Realtor.com,2026-07-29T22:07:50Z
CREAM-20260729-00791,Justin Young,jyoung@yahoo.com,(303) 723-2781,eXp Realty,Surprise,AZ,86118,14,30,C,98,Referral Network,2026-07-29T07:05:23Z
CREAM-20260729-00792,Christopher Rodriguez,christopher.rodriguez@alliebethallman.com,(916) 446-3895,Allie Beth Allman,McKinney,TX,79405,5,22,C,87,Trade Show,2026-07-29T20:57:10Z
CREAM-20260729-00793,Richard Watson,richard_watson@icloud.com,(407) 227-5574,Allen Tate,High Point,NC,27484,9,29,C,66,MLS Database,2026-07-29T08:03:29Z
CREAM-20260729-00794,Helen Hernandez,helenh@outlook.com,(214) 531-5195,Keller Williams Realty,Irvine,CA,91532,21,78,C,70,Facebook,2026-07-29T17:54:49Z
CREAM-20260729-00795,Jacob Jimenez,jacob.jimenez@me.com,(713) 375-4497,Compass,Centennial,CO,81170,23,61,C,74,Realtor.com,2026-07-29T11:06:08Z
CREAM-20260729-00796,Gary Allen,garya@coldwellbanker.com,(512) 954-5065,Coldwell Banker,Wilmington,NC,27962,16,57,C,72,MLS Database,2026-07-29T06:41:48Z
CREAM-20260729-00797,Ronald Gomez,ronald.gomez@aol.com,(407) 785-4821,Corcoran Group,White Plains,NY,13859,2,12,C,62,Trade Show,2026-07-29T23:32:30Z
CREAM-20260729-00798,Justin Young,justinyoung@outlook.com,(614) 380-2286,Coldwell Banker,Canton,OH,43416,5,15,C,83,Brokerage Listings,2026-07-29T16:00:30Z
CREAM-20260729-00799,Carol Hill,chill@gmail.com,(972) 631-1098,RE/MAX,Pueblo,CO,81404,0,0,C,69,NAR Directory,2026-07-29T08:40:31Z
CREAM-20260729-00800,Andrew Sanders,asanders@yahoo.com,(805) 883-4721,8z Real Estate,Boulder,CO,80788,0,3,C,98,Realtor.com,2026-07-29T18:16:48Z
CREAM-20260729-00801,Joshua James,jjames@me.com,(602) 894-9367,RE/MAX,Irvine,CA,95889,0,3,C,66,MLS Database,2026-07-29T21:18:57Z
CREAM-20260729-00802,Deborah Carter,dcarter@berkshirehathaway.com,(407) 887-3127,Berkshire Hathaway,Youngstown,OH,45437,1,7,C,63,Referral Network,2026-07-29T14:52:43Z
CREAM-20260729-00803,Timothy Jackson,timothyj@aol.com,(234) 637-1069,RE/MAX,Brownsville,TX,78491,18,28,C,93,MLS Database,2026-07-29T03:02:42Z
CREAM-20260729-00804,Kathleen Perry,kathleenperry@yahoo.com,(310) 934-8390,Coldwell Banker,Centennial,CO,81578,3,23,C,87,Website Lead,2026-07-29T15:12:54Z
CREAM-20260729-00805,Edward Gray,edward_gray@aol.com,(919) 871-5966,Keller Williams Realty,Oxnard,CA,95616,23,34,C,99,Facebook,2026-07-29T08:53:18Z
CREAM-20260729-00806,Benjamin Sanchez,benjamin.sanchez@outlook.com,(469) 846-9397,Keller Williams Realty,Oxnard,CA,92375,3,12,C,65,Trade Show,2026-07-29T14:20:21Z
CREAM-20260729-00807,Joseph Baker,jbaker@gmail.com,(310) 205-8255,Coldwell Banker,Greenville,NC,28803,24,75,C,71,Brokerage Listings,2026-07-29T16:25:32Z
CREAM-20260729-00808,Stephanie Peterson,stephaniepeterson@aol.com,(916) 475-7621,HER Realtors,Canton,OH,43392,1,3,C,96,NAR Directory,2026-07-29T12:34:31Z
CREAM-20260729-00809,Jessica Walker,jessica.walker@me.com,(415) 663-7390,RE/MAX,Surprise,AZ,86846,15,44,C,84,Referral Network,2026-07-29T19:45:53Z
CREAM-20260729-00810,Kevin Parker,kevin.parker@hotmail.com,(334) 848-7445,Berkshire Hathaway HomeServices,Modesto,CA,90558,12,59,C,66,Referral Network,2026-07-29T16:05:43Z
CREAM-20260729-00811,Linda Anderson,lindaa@exprealty.com,(646) 726-3046,eXp Realty,Wilmington,NC,27546,22,39,C,82,Referral Network,2026-07-29T03:42:07Z
CREAM-20260729-00812,Samuel Campbell,samuel_campbell@hotmail.com,(714) 538-2284,RE/MAX,Centennial,CO,80630,3,18,C,60,LinkedIn,2026-07-29T23:25:48Z
CREAM-20260729-00813,Christine Kim,christine.kim@me.com,(305) 712-5327,Coldwell Banker,Irvine,CA,95655,3,14,C,62,Realtor.com,2026-07-29T01:10:24Z
CREAM-20260729-00814,Jason Nguyen,jason_nguyen@aol.com,(234) 362-4914,HomeSmart,Peoria,AZ,85399,1,4,C,84,Facebook,2026-07-29T09:56:01Z
CREAM-20260729-00815,Ruth Smith,ruth.smith@me.com,(415) 765-7028,Compass,Gainesville,FL,34462,2,6,C,67,Brokerage Listings,2026-07-29T15:17:32Z
CREAM-20260729-00816,Christine Martinez,christine_martinez@me.com,(614) 388-1668,Keller Williams,Utica,NY,10124,3,15,C,83,Brokerage Listings,2026-07-29T22:21:39Z
CREAM-20260729-00817,James Perry,jamesp@kellerwilliams.com,(929) 767-6363,Keller Williams,Peoria,AZ,85178,5,24,C,79,Realtor.com,2026-07-29T01:54:23Z
CREAM-20260729-00818,Dennis Ramos,dennisr@compass.com,(214) 943-5769,Compass,Hempstead,NY,14187,1,12,C,98,MLS Database,2026-07-29T15:43:01Z
CREAM-20260729-00819,Shirley Patel,shirleyp@douglaselliman.com,(919) 454-5834,Douglas Elliman,Miramar,FL,34211,14,41,C,68,LinkedIn,2026-07-29T12:35:03Z
CREAM-20260729-00820,Lisa Long,lisa.long@me.com,(972) 668-9346,RE/MAX,Canton,OH,45235,5,24,C,73,Trade Show,2026-07-29T03:25:06Z
CREAM-20260729-00821,Ronald Ortiz,rortiz@yahoo.com,(718) 956-9428,Corcoran Group,Schenectady,NY,11859,14,45,C,72,Website Lead,2026-07-29T06:12:42Z
CREAM-20260729-00822,Jeffrey Cook,jeffreycook@aol.com,(404) 274-3923,Sotheby's International,Troy,NY,14800,14,29,C,98,NAR Directory,2026-07-29T12:21:34Z
CREAM-20260729-00823,Christine Gonzalez,cgonzalez@exprealty.com,(980) 602-3055,eXp Realty,Huntington Beach,CA,95838,4,13,C,68,NAR Directory,2026-07-29T22:50:18Z
CREAM-20260729-00824,Nicholas Robinson,nicholas.robinson@berkshirehathaway.com,(212) 504-1147,Berkshire Hathaway,Greenville,NC,27173,3,16,C,60,Realtor.com,2026-07-29T14:01:41Z
CREAM-20260729-00825,Jerry Collins,jerry.collins@yahoo.com,(614) 261-7784,Allen Tate,Concord,NC,28248,2,9,C,82,LinkedIn,2026-07-29T23:04:09Z
CREAM-20260729-00826,Jack Carter,jack.carter@berkshirehathaway.com,(602) 680-5656,Berkshire Hathaway,West Palm Beach,FL,34569,11,62,C,84,Facebook,2026-07-29T00:31:52Z
CREAM-20260729-00827,Diane Perry,diane_perry@me.com,(929) 562-4052,Nest Seekers,Mount Vernon,NY,11399,20,30,C,95,Cold Outreach,2026-07-29T12:46:26Z
CREAM-20260729-00828,Michael Ramos,michaelr@aol.com,(805) 319-6413,Coldwell Banker,High Point,NC,28262,9,33,C,60,Brokerage Listings,2026-07-29T17:48:12Z
CREAM-20260729-00829,Brenda Scott,brendas@berkshirehathaway.com,(310) 899-8911,Berkshire Hathaway,Clearwater,FL,32910,3,20,C,75,Brokerage Listings,2026-07-29T23:34:30Z
CREAM-20260729-00830,Patricia Ramirez,patricia_ramirez@outlook.com,(404) 847-4085,Nest Seekers,Utica,NY,13194,13,79,C,90,Cold Outreach,2026-07-29T15:12:26Z
CREAM-20260729-00831,Sharon Martin,smartin@icloud.com,(714) 436-1112,Compass,Oxnard,CA,92543,5,13,C,64,LinkedIn,2026-07-29T23:28:14Z
CREAM-20260729-00832,Frank Sanchez,frank_sanchez@yahoo.com,(786) 939-7425,Sotheby's International,Huntington Beach,CA,96761,25,43,C,70,Facebook,2026-07-29T16:58:00Z
CREAM-20260729-00833,Jerry Ward,jerryward@icloud.com,(404) 623-9268,Huntington Real Estate,Lorain,OH,44602,0,5,C,90,Website Lead,2026-07-29T12:18:10Z
CREAM-20260729-00834,Michael Rogers,michaelr@nestseekers.com,(704) 679-6842,Nest Seekers,Mount Vernon,NY,12940,6,37,C,97,NAR Directory,2026-07-29T18:01:23Z
CREAM-20260729-00835,Helen Walker,helenw@8zrealestate.com,(214) 216-4506,8z Real Estate,Westminster,CO,80434,16,41,C,83,Referral Network,2026-07-29T01:48:36Z
CREAM-20260729-00836,Samuel Hernandez,samuel.hernandez@outlook.com,(256) 918-5788,Keller Williams Realty,Huntington Beach,CA,94119,2,3,C,65,Website Lead,2026-07-29T16:23:59Z
CREAM-20260729-00837,Christopher Lopez,christopher.lopez@hotmail.com,(704) 686-7543,Coldwell Banker,Avondale,AZ,86830,0,4,C,67,MLS Database,2026-07-29T14:18:36Z
CREAM-20260729-00838,Joshua Gutierrez,jgutierrez@halstead.com,(786) 817-2182,Halstead,Utica,NY,11534,1,3,C,91,NAR Directory,2026-07-29T21:41:50Z
CREAM-20260729-00839,Robert Brooks,robertbrooks@yahoo.com,(303) 701-2121,Sotheby's International,White Plains,NY,12624,11,76,C,68,Website Lead,2026-07-29T11:16:01Z
CREAM-20260729-00840,Samantha Morales,smorales@icloud.com,(404) 276-8576,Halstead,Schenectady,NY,10246,4,21,C,73,Website Lead,2026-07-29T01:10:09Z
CREAM-20260729-00841,Laura Nelson,laura.nelson@coldwellbanker.com,(980) 876-9354,Coldwell Banker,Hamilton,OH,45665,1,8,C,88,NAR Directory,2026-07-29T19:17:05Z
CREAM-20260729-00842,Rebecca Adams,rebecca_adams@gmail.com,(805) 882-3856,Allen Tate,Concord,NC,28537,12,71,C,88,Website Lead,2026-07-29T11:03:04Z
CREAM-20260729-00843,Donna Lee,donna.lee@aol.com,(916) 290-7047,RE/MAX,Grand Prairie,TX,77949,3,12,C,67,Facebook,2026-07-29T00:02:11Z
CREAM-20260729-00844,Benjamin Nelson,benjaminnelson@icloud.com,(212) 245-9823,Berkshire Hathaway,McKinney,TX,79389,10,45,C,76,LinkedIn,2026-07-29T09:40:51Z
CREAM-20260729-00845,Dennis Lee,dennisl@me.com,(713) 558-4676,Coldwell Banker,Oxnard,CA,96877,20,33,C,71,Website Lead,2026-07-29T19:02:32Z
CREAM-20260729-00846,Amanda Castillo,amanda.castillo@icloud.com,(646) 660-9679,Coldwell Banker,Brownsville,TX,77604,7,26,C,75,Brokerage Listings,2026-07-29T13:47:06Z
CREAM-20260729-00847,Betty Lewis,betty.lewis@me.com,(720) 904-9854,8z Real Estate,Westminster,CO,81995,9,31,C,66,MLS Database,2026-07-29T08:00:57Z
CREAM-20260729-00848,Michelle Brown,michelleb@icloud.com,(805) 979-8220,Keller Williams Realty,Huntington Beach,CA,91741,2,6,C,84,Website Lead,2026-07-29T03:14:19Z
CREAM-20260729-00849,Barbara Rodriguez,barbararodriguez@gmail.com,(404) 651-5489,Cutler Real Estate,Canton,OH,44394,16,28,C,83,Facebook,2026-07-29T04:27:39Z
CREAM-20260729-00850,Christopher Evans,christopher.evans@icloud.com,(256) 643-2754,Keller Williams,Lorain,OH,45328,2,6,C,67,Website Lead,2026-07-29T21:13:59Z
CREAM-20260729-00851,Jacob Murphy,jacobm@me.com,(714) 388-1875,Russell Lyon Sotheby's,Yuma,AZ,86903,19,54,C,70,Cold Outreach,2026-07-29T23:57:46Z
CREAM-20260729-00852,Debra Moore,debramoore@yahoo.com,(303) 844-9972,Compass,Troy,NY,11460,4,18,C,63,Referral Network,2026-07-29T14:16:48Z
CREAM-20260729-00853,Angela Richardson,angelar@aol.com,(512) 810-5407,eXp Realty,Boulder,CO,80820,4,10,C,73,Facebook,2026-07-29T23:03:11Z
CREAM-20260729-00854,Andrew Taylor,andrew.taylor@icloud.com,(614) 996-2672,Compass,Wilmington,NC,27856,5,23,C,84,Brokerage Listings,2026-07-29T08:29:02Z
CREAM-20260729-00855,Scott Alvarez,salvarez@hotmail.com,(212) 965-5961,Douglas Elliman,Brownsville,TX,76193,3,21,C,93,MLS Database,2026-07-29T22:59:10Z
CREAM-20260729-00856,Amanda Reed,areed@berkshirehathaway.com,(713) 982-4293,Berkshire Hathaway,Pueblo,CO,81940,17,73,C,72,Website Lead,2026-07-29T11:14:35Z
CREAM-20260729-00857,Sharon Lopez,sharonl@aol.com,(469) 900-4591,Berkshire Hathaway HomeServices,Modesto,CA,95879,14,29,C,84,Referral Network,2026-07-29T12:40:56Z
CREAM-20260729-00858,Emily Jackson,emilyj@me.com,(407) 398-1456,Halstead,White Plains,NY,12634,4,10,C,79,Referral Network,2026-07-29T19:02:57Z
CREAM-20260729-00859,Cynthia Jones,cjones@homesmart.com,(786) 297-2668,HomeSmart,Avondale,AZ,85868,12,72,C,71,Referral Network,2026-07-29T02:44:28Z
CREAM-20260729-00860,John Watson,jwatson@icloud.com,(469) 962-3578,Keller Williams Realty,West Palm Beach,FL,33316,7,24,C,72,Referral Network,2026-07-29T07:28:32Z
CREAM-20260729-00861,Stephanie Adams,sadams@douglaselliman.com,(714) 785-4463,Douglas Elliman,Palm Bay,FL,34775,2,7,C,76,NAR Directory,2026-07-29T19:39:09Z
CREAM-20260729-00862,Betty Davis,bdavis@berkshirehathaway.com,(303) 232-1784,Berkshire Hathaway,Pueblo,CO,80801,10,77,C,99,Facebook,2026-07-29T05:41:14Z
CREAM-20260729-00863,Raymond Hall,raymondh@sothebysinternational.com,(919) 782-7070,Sotheby's International,Moreno Valley,CA,92255,24,55,C,86,LinkedIn,2026-07-29T10:29:48Z
CREAM-20260729-00864,Catherine Hall,catherineh@yahoo.com,(334) 360-5292,eXp Realty,Huntington Beach,CA,95201,2,8,C,63,MLS Database,2026-07-29T14:50:26Z
CREAM-20260729-00865,Aaron Rogers,aaronr@homesmart.com,(718) 577-6675,HomeSmart,Peoria,AZ,85488,3,11,C,95,Website Lead,2026-07-29T21:06:07Z
CREAM-20260729-00866,Deborah Johnson,deborah.johnson@re/max.com,(212) 694-8979,RE/MAX,Grand Prairie,TX,77605,0,3,C,65,MLS Database,2026-07-29T22:40:05Z
CREAM-20260729-00867,Donald Evans,donald.evans@kellerwilliams.com,(305) 578-2486,Keller Williams,Troy,NY,11286,22,27,C,95,Brokerage Listings,2026-07-29T20:52:49Z
CREAM-20260729-00868,Jennifer Hernandez,jennifer_hernandez@icloud.com,(980) 852-4532,Berkshire Hathaway HomeServices,Modesto,CA,90485,4,24,C,64,NAR Directory,2026-07-29T19:31:59Z
CREAM-20260729-00869,Elizabeth Nelson,elizabeth.nelson@hotmail.com,(234) 312-4356,Huntington Real Estate,Lorain,OH,44828,3,22,C,92,Realtor.com,2026-07-29T04:40:44Z
CREAM-20260729-00870,Benjamin Lewis,benjamin.lewis@re/max.com,(512) 612-9143,RE/MAX,Hamilton,OH,45176,1,5,C,75,Realtor.com,2026-07-29T12:00:58Z
CREAM-20260729-00871,Ryan Smith,ryan.smith@re/max.com,(646) 940-5916,RE/MAX,Mesquite,TX,75707,25,25,C,74,Website Lead,2026-07-29T09:27:16Z
CREAM-20260729-00872,Sarah Garcia,sarah.garcia@kellerwilliams.com,(469) 400-7521,Keller Williams,High Point,NC,27169,7,36,C,97,Referral Network,2026-07-29T03:55:42Z
CREAM-20260729-00873,Kenneth Nguyen,kennethn@exprealty.com,(256) 703-1357,eXp Realty,Wilmington,NC,27986,4,14,C,72,Cold Outreach,2026-07-29T21:07:54Z
CREAM-20260729-00874,Jennifer Garcia,jenniferg@outlook.com,(256) 594-4895,Douglas Elliman,McKinney,TX,79702,5,18,C,98,NAR Directory,2026-07-29T12:12:08Z
CREAM-20260729-00875,Kevin Gomez,kevin.gomez@gmail.com,(720) 329-3478,RE/MAX,Yuma,AZ,85521,21,61,C,76,Realtor.com,2026-07-29T00:33:27Z
CREAM-20260729-00876,Dennis Rodriguez,dennisrodriguez@aol.com,(234) 538-5672,RE/MAX,High Point,NC,27458,23,73,C,70,Referral Network,2026-07-29T22:09:06Z
CREAM-20260729-00877,Ruth Thompson,ruth.thompson@re/max.com,(404) 921-5464,RE/MAX,Lorain,OH,45499,13,79,C,63,Cold Outreach,2026-07-29T11:27:22Z
CREAM-20260729-00878,Dennis Mendoza,dmendoza@outlook.com,(214) 988-6917,Sotheby's International,Schenectady,NY,12928,6,29,C,71,MLS Database,2026-07-29T20:04:17Z
CREAM-20260729-00879,Margaret Clark,margaretc@aol.com,(720) 978-5166,Douglas Elliman,Pasadena,TX,79112,2,8,C,79,Realtor.com,2026-07-29T21:49:19Z
CREAM-20260729-00880,Patrick Brown,patrickb@coldwellbanker.com,(602) 701-8088,Coldwell Banker,Pasadena,TX,79558,24,38,C,80,LinkedIn,2026-07-29T23:42:09Z
CREAM-20260729-00881,Lisa Flores,lflores@outlook.com,(646) 668-3212,Briggs Freeman Sotheby's,Brownsville,TX,75876,14,27,C,68,NAR Directory,2026-07-29T08:01:20Z
CREAM-20260729-00882,Dennis Castillo,dennis_castillo@me.com,(718) 358-2499,eXp Realty,Boulder,CO,81145,0,0,C,60,Website Lead,2026-07-29T03:13:04Z
CREAM-20260729-00883,Deborah Adams,deboraha@coldwellbanker.com,(469) 484-3355,Coldwell Banker,Youngstown,OH,44480,4,11,C,83,NAR Directory,2026-07-29T00:16:07Z
CREAM-20260729-00884,Matthew Scott,matthew.scott@hotmail.com,(469) 916-9156,Coldwell Banker,McKinney,TX,78551,25,69,C,90,Referral Network,2026-07-29T23:20:11Z
CREAM-20260729-00885,Charles Moore,charles.moore@briggsfreemansothebys.com,(513) 395-2151,Briggs Freeman Sotheby's,Mesquite,TX,79432,20,47,C,75,Referral Network,2026-07-29T21:02:08Z
CREAM-20260729-00886,Kevin Thomas,kthomas@outlook.com,(786) 578-8958,eXp Realty,Avondale,AZ,86247,6,20,C,86,Realtor.com,2026-07-29T14:50:47Z
CREAM-20260729-00887,Joseph Carter,josephc@coldwellbanker.com,(714) 330-6399,Coldwell Banker,Hamilton,OH,43735,17,56,C,72,Trade Show,2026-07-29T07:46:10Z
CREAM-20260729-00888,Aaron Campbell,acampbell@coldwellbanker.com,(916) 696-9286,Coldwell Banker,Huntington Beach,CA,90989,5,14,C,99,Website Lead,2026-07-29T07:00:23Z
CREAM-20260729-00889,Brenda Jackson,bjackson@berkshirehathaway.com,(713) 459-1741,Berkshire Hathaway,Canton,OH,45501,0,1,C,79,Cold Outreach,2026-07-29T08:22:25Z
CREAM-20260729-00890,David Allen,dallen@yahoo.com,(214) 315-7337,Keller Williams,Centennial,CO,81888,3,24,C,85,Referral Network,2026-07-29T19:29:39Z
CREAM-20260729-00891,Charles James,cjames@icloud.com,(212) 385-9008,Compass,Boulder,CO,81918,4,10,C,78,Referral Network,2026-07-29T03:21:23Z
CREAM-20260729-00892,Emma Castillo,ecastillo@coldwellbanker.com,(404) 998-7402,Coldwell Banker,McAllen,TX,79408,3,25,C,62,MLS Database,2026-07-29T10:27:20Z
CREAM-20260729-00893,Susan Brooks,sbrooks@yahoo.com,(212) 501-7360,RE/MAX,Hamilton,OH,44487,24,62,C,64,Cold Outreach,2026-07-29T03:32:34Z
CREAM-20260729-00894,Deborah Bailey,deborah_bailey@hotmail.com,(305) 915-5028,Coldwell Banker,Hamilton,OH,44224,8,30,C,94,Realtor.com,2026-07-29T10:07:33Z
CREAM-20260729-00895,Michelle Nelson,michellen@hotmail.com,(646) 280-1641,eXp Realty,Surprise,AZ,86698,0,3,C,66,Realtor.com,2026-07-29T07:29:14Z
CREAM-20260729-00896,Rebecca Ross,rebecca_ross@gmail.com,(704) 929-1051,HER Realtors,Hamilton,OH,43511,0,2,C,63,MLS Database,2026-07-29T17:15:43Z
CREAM-20260729-00897,Margaret Williams,margaret.williams@outlook.com,(415) 889-9775,RE/MAX,Concord,NC,28921,1,3,C,73,Referral Network,2026-07-29T20:42:11Z
CREAM-20260729-00898,Samuel Howard,samuel.howard@hotmail.com,(916) 431-1634,Keller Williams Realty,Modesto,CA,93909,9,34,C,90,MLS Database,2026-07-29T02:22:48Z
CREAM-20260729-00899,Diane Gomez,dianeg@corcorangroup.com,(713) 753-6518,Corcoran Group,Utica,NY,12406,15,79,C,76,Facebook,2026-07-29T12:11:55Z
CREAM-20260729-00900,Aaron Richardson,aaron.richardson@hotmail.com,(214) 550-4587,Berkshire Hathaway,Peoria,AZ,85237,23,65,C,69,LinkedIn,2026-07-29T19:21:13Z
CREAM-20260729-00901,Nicole Price,nicole.price@aol.com,(929) 479-6547,Keller Williams,Wilmington,NC,27459,13,62,C,92,NAR Directory,2026-07-29T00:30:58Z
CREAM-20260729-00902,Alexander Evans,alexander.evans@icloud.com,(718) 642-3996,Cutler Real Estate,Canton,OH,43172,5,22,C,90,Website Lead,2026-07-29T10:25:57Z
CREAM-20260729-00903,Amy Kelly,amykelly@yahoo.com,(212) 398-3998,eXp Realty,Boulder,CO,80267,12,66,C,95,Website Lead,2026-07-29T16:23:32Z
CREAM-20260729-00904,Patrick Morgan,patrickm@outlook.com,(234) 577-6382,Sotheby's International,Schenectady,NY,10899,4,18,C,66,Facebook,2026-07-29T18:31:27Z
CREAM-20260729-00905,Ashley King,ashleyking@gmail.com,(713) 262-5140,RE/MAX,Lorain,OH,43671,4,16,C,87,LinkedIn,2026-07-29T13:03:03Z
CREAM-20260729-00906,Richard Brown,richard.brown@gmail.com,(614) 999-6073,Coldwell Banker,Gainesville,FL,33970,3,9,C,84,Brokerage Listings,2026-07-29T22:39:30Z
CREAM-20260729-00907,Christopher Williams,christopher.williams@berkshirehathaway.com,(718) 639-1261,Berkshire Hathaway,Boulder,CO,80604,1,11,C,78,NAR Directory,2026-07-29T16:18:14Z
CREAM-20260729-00908,Samuel Bennett,sbennett@me.com,(334) 550-7728,Coldwell Banker,Westminster,CO,81721,1,7,C,87,Cold Outreach,2026-07-29T06:35:50Z
CREAM-20260729-00909,Rachel Edwards,rachel.edwards@berkshirehathaway.com,(404) 537-5321,Berkshire Hathaway,Hamilton,OH,44867,3,20,C,75,LinkedIn,2026-07-29T00:04:43Z
CREAM-20260729-00910,Helen Hill,helen_hill@aol.com,(704) 371-9842,Corcoran Group,Hempstead,NY,10417,14,66,C,96,Brokerage Listings,2026-07-29T18:20:50Z
CREAM-20260729-00911,Richard Mendoza,richardmendoza@outlook.com,(980) 294-2020,Cutler Real Estate,Canton,OH,43967,0,5,C,78,Referral Network,2026-07-29T21:46:51Z
CREAM-20260729-00912,Ronald Ramos,rramos@gmail.com,(234) 294-2553,Coldwell Banker,Boulder,CO,80674,5,23,C,60,NAR Directory,2026-07-29T21:01:02Z
CREAM-20260729-00913,Kathleen Hill,khill@compass.com,(303) 387-9343,Compass,Wilmington,NC,28747,10,62,C,84,LinkedIn,2026-07-29T09:22:11Z
CREAM-20260729-00914,Gary Long,glong@icloud.com,(916) 657-6650,eXp Realty,Boulder,CO,81866,5,20,C,99,NAR Directory,2026-07-29T07:35:57Z
CREAM-20260729-00915,Emma Long,emma.long@kellerwilliams.com,(916) 234-7653,Keller Williams,Schenectady,NY,10866,6,24,C,82,Brokerage Listings,2026-07-29T16:11:22Z
CREAM-20260729-00916,Helen Gonzalez,helen.gonzalez@kellerwilliamsrealty.com,(305) 457-1690,Keller Williams Realty,Huntington Beach,CA,92794,21,80,C,61,Referral Network,2026-07-29T23:47:56Z
CREAM-20260729-00917,Amy Ruiz,amy_ruiz@yahoo.com,(513) 217-1387,Keller Williams Realty,Coral Springs,FL,32480,8,18,C,64,NAR Directory,2026-07-29T20:13:05Z
CREAM-20260729-00918,Amy White,awhite@re/max.com,(919) 548-3838,RE/MAX,Hamilton,OH,44553,17,50,C,79,Cold Outreach,2026-07-29T23:48:49Z
CREAM-20260729-00919,Gary Foster,garyfoster@aol.com,(212) 945-3742,Keller Williams,Centennial,CO,81587,18,78,C,68,Website Lead,2026-07-29T02:22:11Z
CREAM-20260729-00920,John Cooper,john.cooper@compass.com,(718) 861-7541,Compass,West Palm Beach,FL,32342,3,13,C,98,Facebook,2026-07-29T14:29:29Z
CREAM-20260729-00921,Patricia Johnson,patricia_johnson@yahoo.com,(404) 658-3812,Compass,West Palm Beach,FL,34949,14,35,C,92,MLS Database,2026-07-29T08:54:54Z
CREAM-20260729-00922,David King,davidking@aol.com,(512) 358-1808,Keller Williams,White Plains,NY,12738,8,25,C,89,LinkedIn,2026-07-29T03:10:46Z
CREAM-20260729-00923,Justin Morgan,justinm@aol.com,(214) 965-9618,Allie Beth Allman,McKinney,TX,75941,0,3,C,92,Website Lead,2026-07-29T08:15:24Z
CREAM-20260729-00924,Donna Jackson,donna.jackson@russelllyonsothebys.com,(512) 381-7561,Russell Lyon Sotheby's,Peoria,AZ,85778,0,2,C,100,LinkedIn,2026-07-29T18:38:48Z
CREAM-20260729-00925,Jack Cooper,jcooper@icloud.com,(713) 456-7893,RE/MAX,Concord,NC,27783,16,38,C,78,MLS Database,2026-07-29T23:40:50Z
CREAM-20260729-00926,Angela Flores,angela_flores@hotmail.com,(980) 378-2867,Sotheby's International,Modesto,CA,92453,10,51,C,98,Trade Show,2026-07-29T12:02:58Z
CREAM-20260729-00927,Aaron Ortiz,aarono@icloud.com,(407) 472-1200,HomeSmart,Peoria,AZ,85156,10,66,C,88,Facebook,2026-07-29T08:39:46Z
CREAM-20260729-00928,Margaret Roberts,margaret_roberts@outlook.com,(415) 854-7398,eXp Realty,Hamilton,OH,44368,22,39,C,64,Referral Network,2026-07-29T19:15:44Z
CREAM-20260729-00929,George Powell,georgepowell@aol.com,(404) 890-7443,Howard Hanna,Greenville,NC,28670,5,19,C,76,Facebook,2026-07-29T17:48:19Z
CREAM-20260729-00930,Samantha Campbell,samanthacampbell@gmail.com,(469) 267-9923,Keller Williams,Schenectady,NY,10609,2,7,C,72,NAR Directory,2026-07-29T02:13:08Z
CREAM-20260729-00931,Brian Ward,brian_ward@icloud.com,(512) 642-8712,Keller Williams Realty,Moreno Valley,CA,94901,2,4,C,79,Realtor.com,2026-07-29T21:09:07Z
CREAM-20260729-00932,Justin Chavez,justin.chavez@berkshirehathaway.com,(929) 562-5456,Berkshire Hathaway,Coral Springs,FL,32412,3,11,C,91,Cold Outreach,2026-07-29T16:25:56Z
CREAM-20260729-00933,Michelle Carter,michellecarter@outlook.com,(919) 546-8573,Berkshire Hathaway,Centennial,CO,81276,4,25,C,74,NAR Directory,2026-07-29T20:38:29Z
CREAM-20260729-00934,Katherine Parker,katherine_parker@me.com,(919) 432-3172,RE/MAX,Surprise,AZ,85381,3,17,C,93,Realtor.com,2026-07-29T03:24:54Z
CREAM-20260729-00935,Matthew Young,myoung@re/max.com,(404) 995-3566,RE/MAX,High Point,NC,27359,23,32,C,96,Realtor.com,2026-07-29T15:13:04Z
CREAM-20260729-00936,Justin Lewis,justinl@coldwellbanker.com,(512) 273-3999,Coldwell Banker,Mesquite,TX,79777,5,23,C,84,LinkedIn,2026-07-29T14:39:03Z
CREAM-20260729-00937,Kenneth Rogers,kenneth.rogers@gmail.com,(234) 986-6674,Compass,High Point,NC,28405,4,10,C,79,NAR Directory,2026-07-29T13:46:51Z
CREAM-20260729-00938,Lisa Kelly,lisakelly@me.com,(310) 663-4120,Coldwell Banker,Grand Prairie,TX,77192,1,4,C,93,Realtor.com,2026-07-29T03:08:34Z
CREAM-20260729-00939,David Davis,david_davis@yahoo.com,(720) 867-3364,Douglas Elliman,Miramar,FL,34727,3,13,C,73,Realtor.com,2026-07-29T05:08:26Z
CREAM-20260729-00940,Cynthia Thompson,cynthiat@re/max.com,(718) 445-8939,RE/MAX,Pasadena,TX,78898,9,32,C,81,Realtor.com,2026-07-29T03:01:03Z
CREAM-20260729-00941,Paul King,paulk@outlook.com,(720) 738-9032,Compass,Centennial,CO,80182,13,62,C,72,MLS Database,2026-07-29T13:59:04Z
CREAM-20260729-00942,Kathleen Green,kathleeng@livsothebys.com,(720) 952-1406,LIV Sotheby's,Westminster,CO,81895,1,5,C,76,Brokerage Listings,2026-07-29T09:45:01Z
CREAM-20260729-00943,Joseph Nelson,joseph_nelson@outlook.com,(929) 834-5644,Compass,Gainesville,FL,32745,21,73,C,88,Brokerage Listings,2026-07-29T13:00:04Z
CREAM-20260729-00944,Anthony Taylor,anthonytaylor@aol.com,(234) 550-4124,Allie Beth Allman,McKinney,TX,75839,18,29,C,82,LinkedIn,2026-07-29T21:26:13Z
CREAM-20260729-00945,Daniel Parker,dparker@hotmail.com,(929) 530-3475,Compass,West Palm Beach,FL,34349,5,17,C,60,NAR Directory,2026-07-29T02:11:59Z
CREAM-20260729-00946,Catherine Ortiz,catherineo@gmail.com,(234) 660-5549,Compass,Westminster,CO,81835,5,23,C,77,Facebook,2026-07-29T01:51:20Z
CREAM-20260729-00947,Dorothy Robinson,dorothyr@yahoo.com,(334) 902-5871,Berkshire Hathaway HomeServices,Fremont,CA,92202,4,9,C,74,Website Lead,2026-07-29T07:20:48Z
CREAM-20260729-00948,Carol Howard,carolh@alliebethallman.com,(469) 745-9213,Allie Beth Allman,McKinney,TX,77909,7,35,C,99,Realtor.com,2026-07-29T11:29:42Z
CREAM-20260729-00949,Angela Lewis,alewis@berkshirehathaway.com,(234) 791-6604,Berkshire Hathaway,West Palm Beach,FL,33274,4,9,C,69,Trade Show,2026-07-29T14:14:07Z
CREAM-20260729-00950,Kenneth Watson,kenneth.watson@coldwellbanker.com,(305) 357-1807,Coldwell Banker,Lorain,OH,44614,24,78,C,80,LinkedIn,2026-07-29T01:16:19Z
CREAM-20260729-00951,Christopher Scott,cscott@coldwellbanker.com,(404) 857-5872,Coldwell Banker,Youngstown,OH,44618,2,7,C,83,Brokerage Listings,2026-07-29T13:57:02Z
CREAM-20260729-00952,Patrick Murphy,patrick_murphy@aol.com,(212) 447-4964,Long Realty,Avondale,AZ,86207,1,5,C,93,LinkedIn,2026-07-29T07:10:39Z
CREAM-20260729-00953,Kathleen Nelson,knelson@compass.com,(404) 394-5657,Compass,Pueblo,CO,80304,5,15,C,74,MLS Database,2026-07-29T21:21:24Z
CREAM-20260729-00954,Matthew Brooks,mbrooks@yahoo.com,(214) 778-4805,Brown Harris Stevens,Schenectady,NY,11352,0,3,C,89,Trade Show,2026-07-29T17:14:57Z
CREAM-20260729-00955,Melissa Campbell,melissa_campbell@outlook.com,(980) 644-8797,Keller Williams,Wilmington,NC,27945,9,31,C,86,Trade Show,2026-07-29T16:21:58Z
CREAM-20260729-00956,Edward Gonzalez,edward.gonzalez@alliebethallman.com,(512) 481-7157,Allie Beth Allman,Pasadena,TX,77478,5,17,C,69,Facebook,2026-07-29T04:31:05Z
CREAM-20260729-00957,Matthew Kelly,mkelly@re/max.com,(469) 936-3283,RE/MAX,Centennial,CO,80370,19,68,C,73,Brokerage Listings,2026-07-29T14:20:30Z
CREAM-20260729-00958,Gary Stewart,gstewart@icloud.com,(256) 947-1199,Coldwell Banker,Brownsville,TX,78475,2,8,C,73,Realtor.com,2026-07-29T21:51:11Z
CREAM-20260729-00959,Gregory Clark,gclark@douglaselliman.com,(929) 584-5312,Douglas Elliman,Clearwater,FL,33941,23,32,C,74,NAR Directory,2026-07-29T10:42:56Z
CREAM-20260729-00960,Janet Murphy,jmurphy@exprealty.com,(513) 438-3397,eXp Realty,Fontana,CA,90814,5,11,C,78,Cold Outreach,2026-07-29T22:48:02Z
CREAM-20260729-00961,Melissa Ruiz,melissaruiz@aol.com,(513) 257-1555,HER Realtors,Hamilton,OH,45839,0,2,C,92,LinkedIn,2026-07-29T13:43:20Z
CREAM-20260729-00962,Raymond Hughes,raymondh@gmail.com,(704) 771-8571,Brown Harris Stevens,White Plains,NY,13398,3,8,C,83,Website Lead,2026-07-29T05:36:26Z
CREAM-20260729-00963,Larry Williams,larryw@kellerwilliams.com,(303) 978-9303,Keller Williams,McKinney,TX,78949,1,5,C,77,Realtor.com,2026-07-29T15:16:51Z
CREAM-20260729-00964,William Sanchez,wsanchez@compass.com,(916) 708-7480,Compass,White Plains,NY,13839,0,5,C,64,Realtor.com,2026-07-29T20:48:40Z
CREAM-20260729-00965,Diane Nelson,dnelson@outlook.com,(714) 872-8950,Berkshire Hathaway,Peoria,AZ,85894,18,79,C,90,Referral Network,2026-07-29T09:37:57Z
CREAM-20260729-00966,Kathleen Sanchez,kathleen_sanchez@yahoo.com,(786) 494-8599,Berkshire Hathaway,Concord,NC,28150,1,4,C,83,MLS Database,2026-07-29T15:41:11Z
CREAM-20260729-00967,Samantha Green,samantha.green@kellerwilliams.com,(972) 203-7188,Keller Williams,Brownsville,TX,79370,9,24,C,63,Cold Outreach,2026-07-29T04:53:49Z
CREAM-20260729-00968,Diane Phillips,dphillips@alliebethallman.com,(404) 444-6853,Allie Beth Allman,Mesquite,TX,75680,5,8,C,100,NAR Directory,2026-07-29T09:31:21Z
CREAM-20260729-00969,Melissa Watson,melissaw@yahoo.com,(212) 523-4859,Keller Williams,Centennial,CO,81642,17,54,C,69,Realtor.com,2026-07-29T13:31:04Z
CREAM-20260729-00970,Kenneth Edwards,kennethedwards@icloud.com,(972) 664-7577,Halstead,Hempstead,NY,12334,2,11,C,69,Website Lead,2026-07-29T12:31:17Z
CREAM-20260729-00971,Shirley Cook,shirley.cook@outlook.com,(602) 359-8307,eXp Realty,Youngstown,OH,43402,21,51,C,78,Website Lead,2026-07-29T03:01:07Z
CREAM-20260729-00972,Maria Cox,maria.cox@yahoo.com,(916) 563-2507,Keller Williams Realty,Fremont,CA,92119,22,42,C,60,MLS Database,2026-07-29T23:04:16Z
CREAM-20260729-00973,Betty Williams,betty.williams@aol.com,(646) 988-8113,Century 21,Clearwater,FL,34531,2,4,C,79,Facebook,2026-07-29T01:11:55Z
CREAM-20260729-00974,Amy Hall,amy_hall@yahoo.com,(305) 823-4663,Keller Williams Realty,Coral Springs,FL,32296,19,40,C,90,Facebook,2026-07-29T16:08:42Z
CREAM-20260729-00975,David Chavez,dchavez@me.com,(310) 933-4236,Keller Williams Realty,Coral Springs,FL,34837,0,1,C,85,LinkedIn,2026-07-29T00:12:35Z
CREAM-20260729-00976,Jessica Young,jessica_young@yahoo.com,(512) 738-7596,Berkshire Hathaway,Canton,OH,43380,5,22,C,82,Cold Outreach,2026-07-29T17:32:39Z
CREAM-20260729-00977,Linda Martinez,linda.martinez@gmail.com,(720) 272-5092,8z Real Estate,Centennial,CO,80705,1,9,C,76,Realtor.com,2026-07-29T08:06:03Z
CREAM-20260729-00978,Ruth Roberts,ruthr@me.com,(972) 428-8073,Compass,Concord,NC,27793,3,10,C,65,Brokerage Listings,2026-07-29T04:35:56Z
CREAM-20260729-00979,Lisa Peterson,lisa.peterson@exprealty.com,(212) 775-6244,eXp Realty,Concord,NC,27597,2,5,C,61,Brokerage Listings,2026-07-29T04:36:43Z
CREAM-20260729-00980,Melissa Gonzalez,melissag@outlook.com,(916) 369-8263,Keller Williams,Wilmington,NC,27275,0,2,C,94,Referral Network,2026-07-29T11:14:45Z
CREAM-20260729-00981,Jack Davis,jackdavis@yahoo.com,(704) 387-8225,Berkshire Hathaway,Westminster,CO,81936,3,15,C,73,NAR Directory,2026-07-29T16:29:24Z
CREAM-20260729-00982,Jennifer Roberts,jroberts@me.com,(512) 509-9431,Allen Tate,Concord,NC,28447,22,44,C,62,Realtor.com,2026-07-29T00:25:10Z
CREAM-20260729-00983,Joshua Moore,jmoore@outlook.com,(404) 929-5781,Allie Beth Allman,McKinney,TX,75742,0,5,C,65,LinkedIn,2026-07-29T10:15:01Z
CREAM-20260729-00984,Aaron Smith,asmith@me.com,(614) 229-9695,Nest Seekers,Schenectady,NY,13161,1,6,C,96,MLS Database,2026-07-29T00:46:56Z
CREAM-20260729-00985,Ryan Collins,ryan.collins@aol.com,(720) 896-3157,Briggs Freeman Sotheby's,Pasadena,TX,78353,7,18,C,83,LinkedIn,2026-07-29T00:14:21Z
CREAM-20260729-00986,Patricia Young,pyoung@me.com,(234) 423-5956,Keller Williams,Yuma,AZ,86884,10,32,C,67,LinkedIn,2026-07-29T14:29:25Z
CREAM-20260729-00987,Benjamin Phillips,benjaminp@exprealty.com,(334) 281-8249,eXp Realty,Pueblo,CO,80158,19,39,C,74,Brokerage Listings,2026-07-29T22:20:53Z
CREAM-20260729-00988,Jessica Alvarez,jalvarez@cutlerrealestate.com,(512) 378-3661,Cutler Real Estate,Hamilton,OH,43962,0,3,C,90,LinkedIn,2026-07-29T18:51:41Z
CREAM-20260729-00989,Amanda Martin,amandam@icloud.com,(404) 701-2825,Nest Seekers,Mount Vernon,NY,11409,14,35,C,61,NAR Directory,2026-07-29T11:08:30Z
CREAM-20260729-00990,Jerry Gray,jerry_gray@outlook.com,(786) 740-8271,eXp Realty,Oxnard,CA,92149,10,44,C,96,Brokerage Listings,2026-07-29T04:15:16Z
CREAM-20260729-00991,Debra Castillo,debra.castillo@yahoo.com,(407) 897-9924,Berkshire Hathaway HomeServices,Huntington Beach,CA,96873,17,32,C,83,MLS Database,2026-07-29T19:42:11Z
CREAM-20260729-00992,Barbara Ortiz,barbaraortiz@hotmail.com,(334) 552-9834,Berkshire Hathaway,Yuma,AZ,86631,22,26,C,95,Website Lead,2026-07-29T01:26:18Z
CREAM-20260729-00993,Alexander Scott,alexander_scott@aol.com,(972) 896-6158,Berkshire Hathaway,McKinney,TX,77785,3,17,C,89,Realtor.com,2026-07-29T11:18:33Z
CREAM-20260729-00994,Gary Martinez,garym@yahoo.com,(469) 591-1430,Berkshire Hathaway,High Point,NC,27407,5,13,C,70,Realtor.com,2026-07-29T15:34:48Z
CREAM-20260729-00995,Emily Nelson,enelson@yahoo.com,(512) 463-1605,RE/MAX,Fremont,CA,91886,23,61,C,92,Trade Show,2026-07-29T08:28:36Z
CREAM-20260729-00996,Brenda Chavez,bchavez@exprealty.com,(972) 703-9000,eXp Realty,High Point,NC,28474,4,12,C,86,LinkedIn,2026-07-29T02:30:28Z
CREAM-20260729-00997,Scott Allen,scott.allen@me.com,(805) 811-7710,8z Real Estate,Westminster,CO,81338,15,53,C,90,NAR Directory,2026-07-29T12:45:37Z
CREAM-20260729-00998,Scott Bennett,sbennett@exprealty.com,(214) 454-3425,eXp Realty,Pasadena,TX,76790,5,18,C,68,MLS Database,2026-07-29T00:16:30Z
CREAM-20260729-00999,Heather Murphy,heather_murphy@outlook.com,(415) 753-9735,Russell Lyon Sotheby's,Peoria,AZ,85695,9,29,C,90,LinkedIn,2026-07-29T08:26:30Z
CREAM-20260729-01000,Larry Peterson,larry_peterson@me.com,(980) 361-4730,RE/MAX,Pueblo,CO,81479,4,13,C,75,Facebook,2026-07-29T18:24:17Z
