id,full_name,name,first_name,last_name,email,phone,brokerage,company,metro_area,city,state,zip,years_experience,transactions_12mo,transactions_last_year,sales_volume,rating,priority,cream_fit_score,source,brokerage_size,scraped_at
CREAM-20260918-00001,Walter Castillo,Walter Castillo,Walter,Castillo,walterc@douglaselliman.com,(805) 734-5483,Douglas Elliman,Douglas Elliman,Houston,Houston,TX,79285,10,54,54,21179978,3.8,A,67,Cold Outreach,Independent,2026-09-18T10:25:22Z
CREAM-20260918-00002,Judith Reed,Judith Reed,Judith,Reed,judithreed@gmail.com,(512) 636-1402,Coldwell Banker,Coldwell Banker,Greensboro,Greensboro,NC,28704,24,60,60,18774117,3.6,A,74,Referral Network,Boutique (2-10 agents),2026-09-18T07:05:02Z
CREAM-20260918-00003,Brian Wilson,Brian Wilson,Brian,Wilson,brianw@alliebethallman.com,(303) 738-5129,Allie Beth Allman,Allie Beth Allman,El Paso,El Paso,TX,77425,16,79,79,29766734,4.3,A,73,LinkedIn,Large (51-200 agents),2026-09-18T19:23:03Z
CREAM-20260918-00004,Grace Flores,Grace Flores,Grace,Flores,gflores@kellerwilliams.com,(614) 674-3535,Keller Williams,Keller Williams,New York City,New York City,NY,11140,17,80,80,50715167,3.9,A,60,Cold Outreach,Enterprise (200+ agents),2026-09-18T09:54:19Z
CREAM-20260918-00005,Pamela Watson,Pamela Watson,Pamela,Watson,pamela_watson@gmail.com,(614) 957-7462,Cutler Real Estate,Cutler Real Estate,Columbus,Columbus,OH,44608,1,12,12,3257847,3.0,A,95,NAR Directory,Large (51-200 agents),2026-09-18T07:52:11Z
CREAM-20260918-00006,Matthew Bailey,Matthew Bailey,Matthew,Bailey,mbailey@icloud.com,(512) 386-6454,Allie Beth Allman,Allie Beth Allman,Houston,Houston,TX,75217,4,18,18,6772494,4.3,A,62,Website Lead,Enterprise (200+ agents),2026-09-18T04:12:22Z
CREAM-20260918-00007,Andrew Rodriguez,Andrew Rodriguez,Andrew,Rodriguez,andrew.rodriguez@hotmail.com,(919) 722-5137,Berkshire Hathaway,Berkshire Hathaway,Colorado Springs,Colorado Springs,CO,80573,2,10,10,4418051,3.4,A,67,Cold Outreach,Enterprise (200+ agents),2026-09-18T09:10:57Z
CREAM-20260918-00008,Katherine Kim,Katherine Kim,Katherine,Kim,katherinek@exprealty.com,(614) 691-5845,eXp Realty,eXp Realty,Oakland,Oakland,CA,93636,23,31,31,28345828,4.5,A,87,Realtor.com,Boutique (2-10 agents),2026-09-18T13:57:28Z
CREAM-20260918-00009,Richard Gutierrez,Richard Gutierrez,Richard,Gutierrez,richardg@kellerwilliams.com,(646) 768-2272,Keller Williams,Keller Williams,Raleigh,Raleigh,NC,27931,18,59,59,20124341,4.8,A,88,Realtor.com,Boutique (2-10 agents),2026-09-18T19:41:07Z
CREAM-20260918-00010,Martha Price,Martha Price,Martha,Price,marthap@8zrealestate.com,(713) 433-3172,8z Real Estate,8z Real Estate,Aurora,Aurora,CO,80862,4,13,13,8940168,3.5,A,69,Facebook,Enterprise (200+ agents),2026-09-18T18:28:17Z
CREAM-20260918-00011,Brenda Diaz,Brenda Diaz,Brenda,Diaz,bdiaz@hotmail.com,(704) 854-4904,Coldwell Banker,Coldwell Banker,San Diego,San Diego,CA,94458,6,15,15,11587790,3.6,A,74,LinkedIn,Enterprise (200+ agents),2026-09-18T13:21:22Z
CREAM-20260918-00012,Brittany Moore,Brittany Moore,Brittany,Moore,bmoore@exprealty.com,(415) 648-4715,eXp Realty,eXp Realty,Tampa,Tampa,FL,32726,11,72,72,26975503,4.4,A,97,Trade Show,Large (51-200 agents),2026-09-18T22:42:18Z
CREAM-20260918-00013,David Reyes,David Reyes,David,Reyes,davidr@berkshirehathaway.com,(512) 359-2995,Berkshire Hathaway,Berkshire Hathaway,Denver,Denver,CO,81867,3,24,24,9417150,4.1,A,95,MLS Database,Large (51-200 agents),2026-09-18T23:08:18Z
CREAM-20260918-00014,Samantha Chavez,Samantha Chavez,Samantha,Chavez,schavez@me.com,(407) 980-2233,Pacific Sotheby's,Pacific Sotheby's,San Francisco,San Francisco,CA,95117,22,51,51,34754752,3.3,A,90,Brokerage Listings,Large (51-200 agents),2026-09-18T10:34:37Z
CREAM-20260918-00015,Eric Garcia,Eric Garcia,Eric,Garcia,eric.garcia@compass.com,(512) 840-4706,Compass,Compass,St. Petersburg,St. Petersburg,FL,32694,4,12,12,3733218,3.9,A,97,Brokerage Listings,Enterprise (200+ agents),2026-09-18T21:03:04Z
CREAM-20260918-00016,Joseph Rogers,Joseph Rogers,Joseph,Rogers,joseph.rogers@pacificsothebys.com,(310) 770-3012,Pacific Sotheby's,Pacific Sotheby's,Los Angeles,Los Angeles,CA,90146,15,79,79,74698336,4.6,A,63,Website Lead,Enterprise (200+ agents),2026-09-18T11:11:06Z
CREAM-20260918-00017,Brian Miller,Brian Miller,Brian,Miller,brian.miller@yahoo.com,(646) 229-8401,HER Realtors,HER Realtors,Cincinnati,Cincinnati,OH,45532,1,5,5,1371580,4.4,A,68,MLS Database,Independent,2026-09-18T22:37:44Z
CREAM-20260918-00018,Ralph Robinson,Ralph Robinson,Ralph,Robinson,ralph.robinson@re/max.com,(929) 694-1201,RE/MAX,RE/MAX,Orlando,Orlando,FL,32234,2,12,12,6495393,3.3,A,96,NAR Directory,Independent,2026-09-18T05:23:50Z
CREAM-20260918-00019,Anthony Castillo,Anthony Castillo,Anthony,Castillo,anthony_castillo@outlook.com,(415) 628-4620,eXp Realty,eXp Realty,San Antonio,San Antonio,TX,75174,21,44,44,16872839,4.2,A,87,Facebook,Boutique (2-10 agents),2026-09-18T18:48:43Z
CREAM-20260918-00020,Laura Morris,Laura Morris,Laura,Morris,laura.morris@outlook.com,(713) 751-6089,Keller Williams Realty,Keller Williams Realty,Sacramento,Sacramento,CA,90194,22,51,51,53657490,3.7,A,69,MLS Database,Enterprise (200+ agents),2026-09-18T22:38:16Z
CREAM-20260918-00021,Janet Allen,Janet Allen,Janet,Allen,janet_allen@aol.com,(646) 615-6241,Compass,Compass,Orlando,Orlando,FL,33383,1,10,10,4709985,4.7,A,81,Realtor.com,Large (51-200 agents),2026-09-18T01:53:44Z
CREAM-20260918-00022,Mark Nelson,Mark Nelson,Mark,Nelson,mark_nelson@outlook.com,(513) 923-5478,Douglas Elliman,Douglas Elliman,Tampa,Tampa,FL,34507,22,38,38,16167335,4.9,A,79,LinkedIn,Enterprise (200+ agents),2026-09-18T04:46:31Z
CREAM-20260918-00023,Arthur Patel,Arthur Patel,Arthur,Patel,apatel@me.com,(805) 293-7054,Douglas Elliman,Douglas Elliman,Staten Island,Staten Island,NY,12283,2,4,4,1973929,4.0,A,83,Facebook,Boutique (2-10 agents),2026-09-18T18:29:32Z
CREAM-20260918-00024,Ralph Flores,Ralph Flores,Ralph,Flores,ralph.flores@corcorangroup.com,(404) 718-6173,Corcoran Group,Corcoran Group,New York City,New York City,NY,10720,0,0,0,0,3.2,A,60,Referral Network,Mid-size (11-50 agents),2026-09-18T00:52:37Z
CREAM-20260918-00025,Benjamin Murphy,Benjamin Murphy,Benjamin,Murphy,benjamin_murphy@outlook.com,(646) 669-3700,RE/MAX,RE/MAX,Cincinnati,Cincinnati,OH,45903,9,35,35,7013498,3.0,A,94,Realtor.com,Mid-size (11-50 agents),2026-09-18T22:04:35Z
CREAM-20260918-00026,Anna Nguyen,Anna Nguyen,Anna,Nguyen,anna_nguyen@gmail.com,(980) 347-4734,RE/MAX,RE/MAX,Colorado Springs,Colorado Springs,CO,81545,5,20,20,11604349,4.4,A,77,LinkedIn,Boutique (2-10 agents),2026-09-18T00:16:13Z
CREAM-20260918-00027,Frank Wood,Frank Wood,Frank,Wood,frank.wood@coldwellbanker.com,(718) 207-6009,Coldwell Banker,Coldwell Banker,Jacksonville,Jacksonville,FL,34580,18,41,41,15926353,4.0,A,99,Brokerage Listings,Boutique (2-10 agents),2026-09-18T05:43:35Z
CREAM-20260918-00028,Shirley Johnson,Shirley Johnson,Shirley,Johnson,shirleyj@exprealty.com,(212) 735-6390,eXp Realty,eXp Realty,Oakland,Oakland,CA,94833,21,76,76,79724755,4.9,A,64,Website Lead,Large (51-200 agents),2026-09-18T20:54:03Z
CREAM-20260918-00029,Richard Davis,Richard Davis,Richard,Davis,richard.davis@outlook.com,(805) 815-5406,Huntington Real Estate,Huntington Real Estate,Cleveland,Cleveland,OH,44480,21,67,67,13018647,4.5,A,64,Website Lead,Enterprise (200+ agents),2026-09-18T09:17:39Z
CREAM-20260918-00030,Victoria Martinez,Victoria Martinez,Victoria,Martinez,vmartinez@hotmail.com,(786) 863-5932,Keller Williams,Keller Williams,Staten Island,Staten Island,NY,10111,18,61,61,45903422,4.0,A,97,Realtor.com,Mid-size (11-50 agents),2026-09-18T11:39:57Z
CREAM-20260918-00031,Martha Cox,Martha Cox,Martha,Cox,martha.cox@aol.com,(469) 571-8728,Sotheby's International,Sotheby's International,Queens,Queens,NY,10519,4,15,15,9962722,3.4,A,82,Brokerage Listings,Large (51-200 agents),2026-09-18T22:23:21Z
CREAM-20260918-00032,Olivia Roberts,Olivia Roberts,Olivia,Roberts,olivia.roberts@hotmail.com,(718) 875-8739,8z Real Estate,8z Real Estate,Colorado Springs,Colorado Springs,CO,80894,4,22,22,15552068,3.8,A,100,Trade Show,Enterprise (200+ agents),2026-09-18T03:52:06Z
CREAM-20260918-00033,Jacqueline Moore,Jacqueline Moore,Jacqueline,Moore,jmoore@gmail.com,(256) 482-7101,HomeSmart,HomeSmart,Phoenix,Phoenix,AZ,85662,5,8,8,3478315,3.9,A,91,Realtor.com,Mid-size (11-50 agents),2026-09-18T03:29:44Z
CREAM-20260918-00034,Louis Cox,Louis Cox,Louis,Cox,lcox@allentate.com,(404) 457-4478,Allen Tate,Allen Tate,Charlotte,Charlotte,NC,27331,4,23,23,9803443,4.0,A,97,Trade Show,Large (51-200 agents),2026-09-18T09:59:19Z
CREAM-20260918-00035,Sarah Castillo,Sarah Castillo,Sarah,Castillo,sarahc@icloud.com,(305) 297-2402,Coldwell Banker,Coldwell Banker,Aurora,Aurora,CO,80944,12,34,34,19090178,4.6,A,98,MLS Database,Enterprise (200+ agents),2026-09-18T08:56:03Z
CREAM-20260918-00036,Sarah Ruiz,Sarah Ruiz,Sarah,Ruiz,sruiz@me.com,(714) 584-7626,Halstead,Halstead,Bronx,Bronx,NY,13674,21,56,56,31989353,3.0,A,74,Facebook,Independent,2026-09-18T06:47:33Z
CREAM-20260918-00037,Robert Flores,Robert Flores,Robert,Flores,robert_flores@outlook.com,(513) 402-3494,Keller Williams,Keller Williams,Tucson,Tucson,AZ,85433,4,23,23,9146171,3.0,A,76,Brokerage Listings,Mid-size (11-50 agents),2026-09-18T07:46:00Z
CREAM-20260918-00038,Larry Parker,Larry Parker,Larry,Parker,larryp@aol.com,(614) 504-8441,Douglas Elliman,Douglas Elliman,Dallas,Dallas,TX,79157,3,17,17,6492885,4.2,A,96,Trade Show,Large (51-200 agents),2026-09-18T07:25:47Z
CREAM-20260918-00039,David Harris,David Harris,David,Harris,davidh@compass.com,(303) 339-4974,Compass,Compass,Queens,Queens,NY,10309,5,9,9,6888019,4.1,A,63,Facebook,Large (51-200 agents),2026-09-18T04:34:24Z
CREAM-20260918-00040,Ashley Wright,Ashley Wright,Ashley,Wright,awright@icloud.com,(404) 555-3099,RE/MAX,RE/MAX,Los Angeles,Los Angeles,CA,90893,16,26,26,23441074,4.7,A,62,LinkedIn,Independent,2026-09-18T00:15:25Z
CREAM-20260918-00041,Karen Morales,Karen Morales,Karen,Morales,kmorales@hotmail.com,(512) 744-1959,Compass,Compass,Queens,Queens,NY,11599,3,19,19,10167211,4.5,A,60,Cold Outreach,Independent,2026-09-18T04:28:54Z
CREAM-20260918-00042,Bruce Johnson,Bruce Johnson,Bruce,Johnson,bruce_johnson@outlook.com,(714) 983-4392,Keller Williams Realty,Keller Williams Realty,San Jose,San Jose,CA,96653,24,71,71,46171481,3.2,A,97,MLS Database,Independent,2026-09-18T20:58:54Z
CREAM-20260918-00043,Ryan Sullivan,Ryan Sullivan,Ryan,Sullivan,ryan_sullivan@gmail.com,(513) 388-6819,Russell Lyon Sotheby's,Russell Lyon Sotheby's,Scottsdale,Scottsdale,AZ,85883,2,7,7,3085631,3.9,A,66,Brokerage Listings,Large (51-200 agents),2026-09-18T20:59:40Z
CREAM-20260918-00044,Brian Cruz,Brian Cruz,Brian,Cruz,briancruz@aol.com,(334) 439-4867,Compass,Compass,Staten Island,Staten Island,NY,13333,21,52,52,24822973,3.2,A,83,Cold Outreach,Large (51-200 agents),2026-09-18T11:34:40Z
CREAM-20260918-00045,Nancy Foster,Nancy Foster,Nancy,Foster,nancy.foster@re/max.com,(929) 820-8902,RE/MAX,RE/MAX,Denver,Denver,CO,80846,8,37,37,21574589,4.3,A,76,Cold Outreach,Enterprise (200+ agents),2026-09-18T15:54:24Z
CREAM-20260918-00046,Laura Ward,Laura Ward,Laura,Ward,laura.ward@hotmail.com,(718) 204-7925,Compass,Compass,Colorado Springs,Colorado Springs,CO,81508,15,74,74,30089727,3.6,A,85,MLS Database,Large (51-200 agents),2026-09-18T20:18:02Z
CREAM-20260918-00047,Ruth Nelson,Ruth Nelson,Ruth,Nelson,ruth_nelson@hotmail.com,(704) 989-1566,Douglas Elliman,Douglas Elliman,St. Petersburg,St. Petersburg,FL,33283,0,3,3,1245470,3.1,A,70,LinkedIn,Independent,2026-09-18T20:39:17Z
CREAM-20260918-00048,Rose Johnson,Rose Johnson,Rose,Johnson,rosejohnson@gmail.com,(929) 401-7079,Compass,Compass,Staten Island,Staten Island,NY,13914,2,4,4,2201874,4.6,A,65,Cold Outreach,Mid-size (11-50 agents),2026-09-18T17:44:50Z
CREAM-20260918-00049,Walter Wright,Walter Wright,Walter,Wright,walter.wright@outlook.com,(256) 712-4196,Allie Beth Allman,Allie Beth Allman,Fort Worth,Fort Worth,TX,76764,4,18,18,8046783,3.5,A,91,Cold Outreach,Mid-size (11-50 agents),2026-09-18T16:17:17Z
CREAM-20260918-00050,Keith Williams,Keith Williams,Keith,Williams,keith_williams@yahoo.com,(786) 523-9988,eXp Realty,eXp Realty,San Antonio,San Antonio,TX,78799,1,6,6,1844280,3.4,A,98,Realtor.com,Enterprise (200+ agents),2026-09-18T19:52:48Z
CREAM-20260918-00051,Robert Turner,Robert Turner,Robert,Turner,rturner@outlook.com,(916) 729-7054,Briggs Freeman Sotheby's,Briggs Freeman Sotheby's,Fort Worth,Fort Worth,TX,78647,3,14,14,6190428,3.4,A,90,Referral Network,Large (51-200 agents),2026-09-18T08:02:20Z
CREAM-20260918-00052,Jonathan Robinson,Jonathan Robinson,Jonathan,Robinson,jrobinson@sothebysinternational.com,(407) 409-4412,Sotheby's International,Sotheby's International,Staten Island,Staten Island,NY,12191,1,9,9,7043297,3.4,A,67,MLS Database,Large (51-200 agents),2026-09-18T09:04:18Z
CREAM-20260918-00053,Edward Allen,Edward Allen,Edward,Allen,edward_allen@outlook.com,(602) 875-4513,RE/MAX,RE/MAX,Aurora,Aurora,CO,81694,5,23,23,11212304,3.7,A,69,Trade Show,Independent,2026-09-18T02:06:07Z
CREAM-20260918-00054,Amanda Jenkins,Amanda Jenkins,Amanda,Jenkins,amandaj@yahoo.com,(919) 826-8235,eXp Realty,eXp Realty,El Paso,El Paso,TX,75524,20,76,76,30583480,3.2,A,97,Brokerage Listings,Mid-size (11-50 agents),2026-09-18T14:04:55Z
CREAM-20260918-00055,Pamela Morris,Pamela Morris,Pamela,Morris,pamelam@berkshirehathaway.com,(786) 261-6063,Berkshire Hathaway,Berkshire Hathaway,Columbus,Columbus,OH,44883,21,34,34,9721769,3.0,A,67,Referral Network,Independent,2026-09-18T00:58:37Z
CREAM-20260918-00056,Amy Hernandez,Amy Hernandez,Amy,Hernandez,ahernandez@berkshirehathaway.com,(234) 969-4418,Berkshire Hathaway,Berkshire Hathaway,Cincinnati,Cincinnati,OH,44764,1,10,10,2008534,4.8,A,85,Trade Show,Independent,2026-09-18T08:00:59Z
CREAM-20260918-00057,Dorothy Nguyen,Dorothy Nguyen,Dorothy,Nguyen,dorothy.nguyen@exprealty.com,(469) 539-6031,eXp Realty,eXp Realty,Orlando,Orlando,FL,33906,7,36,36,12547220,4.3,A,64,Cold Outreach,Mid-size (11-50 agents),2026-09-18T17:38:35Z
CREAM-20260918-00058,Julia Reed,Julia Reed,Julia,Reed,juliareed@me.com,(714) 982-4255,RE/MAX,RE/MAX,Greensboro,Greensboro,NC,28377,20,25,25,8008975,3.5,A,92,Facebook,Enterprise (200+ agents),2026-09-18T05:28:48Z
CREAM-20260918-00059,Olivia Bennett,Olivia Bennett,Olivia,Bennett,oliviabennett@outlook.com,(972) 954-7323,Keller Williams,Keller Williams,Brooklyn,Brooklyn,NY,13710,10,42,42,23177396,3.8,A,88,NAR Directory,Independent,2026-09-18T05:41:43Z
CREAM-20260918-00060,Shirley Mendoza,Shirley Mendoza,Shirley,Mendoza,shirleymendoza@me.com,(714) 232-3669,eXp Realty,eXp Realty,San Diego,San Diego,CA,93266,20,54,54,55392190,3.2,A,67,MLS Database,Independent,2026-09-18T03:17:23Z
CREAM-20260918-00061,Gary Taylor,Gary Taylor,Gary,Taylor,gary.taylor@douglaselliman.com,(929) 443-8133,Douglas Elliman,Douglas Elliman,Fort Lauderdale,Fort Lauderdale,FL,33863,19,59,59,25066570,4.3,A,70,MLS Database,Independent,2026-09-18T16:00:25Z
CREAM-20260918-00062,Sarah Phillips,Sarah Phillips,Sarah,Phillips,sarah.phillips@hotmail.com,(713) 202-1789,Sotheby's International,Sotheby's International,Long Beach,Long Beach,CA,92970,5,14,14,12155702,3.1,A,62,Realtor.com,Enterprise (200+ agents),2026-09-18T16:05:55Z
CREAM-20260918-00063,Brittany Scott,Brittany Scott,Brittany,Scott,brittanys@yahoo.com,(415) 945-7248,Compass,Compass,Charlotte,Charlotte,NC,27431,9,22,22,9182282,3.9,A,71,Website Lead,Large (51-200 agents),2026-09-18T19:26:58Z
CREAM-20260918-00064,Joseph Gomez,Joseph Gomez,Joseph,Gomez,jgomez@berkshirehathaway.com,(305) 881-4213,Berkshire Hathaway,Berkshire Hathaway,Colorado Springs,Colorado Springs,CO,80356,3,22,22,14321376,3.7,A,82,Website Lead,Independent,2026-09-18T01:24:49Z
CREAM-20260918-00065,Natalie Morris,Natalie Morris,Natalie,Morris,nmorris@me.com,(214) 803-4750,Douglas Elliman,Douglas Elliman,San Antonio,San Antonio,TX,79714,25,27,27,7126765,3.1,A,93,LinkedIn,Mid-size (11-50 agents),2026-09-18T01:55:38Z
CREAM-20260918-00066,Paul Mendoza,Paul Mendoza,Paul,Mendoza,paul.mendoza@hotmail.com,(407) 211-1244,Allie Beth Allman,Allie Beth Allman,Austin,Austin,TX,79751,20,38,38,14504290,5.0,A,76,Brokerage Listings,Large (51-200 agents),2026-09-18T05:30:29Z
CREAM-20260918-00067,Roger Mendoza,Roger Mendoza,Roger,Mendoza,roger_mendoza@hotmail.com,(704) 471-4388,RE/MAX,RE/MAX,Columbus,Columbus,OH,43585,21,58,58,16073872,4.1,A,89,Brokerage Listings,Independent,2026-09-18T18:03:26Z
CREAM-20260918-00068,Stephen Moore,Stephen Moore,Stephen,Moore,stephenm@berkshirehathaway.com,(718) 474-3636,Berkshire Hathaway,Berkshire Hathaway,Colorado Springs,Colorado Springs,CO,81617,23,52,52,35274372,3.4,A,96,Realtor.com,Enterprise (200+ agents),2026-09-18T16:32:47Z
CREAM-20260918-00069,Maria Chavez,Maria Chavez,Maria,Chavez,mariac@gmail.com,(720) 819-4204,Sotheby's International,Sotheby's International,New York City,New York City,NY,14888,4,9,9,7601165,3.5,A,64,LinkedIn,Mid-size (11-50 agents),2026-09-18T17:56:47Z
CREAM-20260918-00070,Jacqueline Bennett,Jacqueline Bennett,Jacqueline,Bennett,jacquelineb@kellerwilliams.com,(512) 716-7256,Keller Williams,Keller Williams,San Antonio,San Antonio,TX,79912,6,25,25,6174803,5.0,A,98,Brokerage Listings,Large (51-200 agents),2026-09-18T19:06:03Z
CREAM-20260918-00071,William Morales,William Morales,William,Morales,wmorales@outlook.com,(512) 980-7529,eXp Realty,eXp Realty,San Diego,San Diego,CA,92622,2,4,4,2641097,3.5,A,80,Realtor.com,Independent,2026-09-18T04:19:49Z
CREAM-20260918-00072,Helen Green,Helen Green,Helen,Green,helengreen@me.com,(214) 945-5718,RE/MAX,RE/MAX,Fort Lauderdale,Fort Lauderdale,FL,32313,0,1,1,510978,4.5,A,66,Cold Outreach,Large (51-200 agents),2026-09-18T20:46:05Z
CREAM-20260918-00073,Rose Ortiz,Rose Ortiz,Rose,Ortiz,rose.ortiz@yahoo.com,(512) 881-6118,Berkshire Hathaway HomeServices,Berkshire Hathaway HomeServices,San Diego,San Diego,CA,91907,4,10,10,11015388,4.6,A,72,NAR Directory,Large (51-200 agents),2026-09-18T20:03:19Z
CREAM-20260918-00074,Donald Perry,Donald Perry,Donald,Perry,donald_perry@me.com,(407) 778-1751,Howard Hanna,Howard Hanna,Greensboro,Greensboro,NC,27822,4,18,18,4502582,4.7,A,83,Brokerage Listings,Mid-size (11-50 agents),2026-09-18T17:10:47Z
CREAM-20260918-00075,Richard Baker,Richard Baker,Richard,Baker,richardb@hotmail.com,(404) 713-8714,eXp Realty,eXp Realty,St. Petersburg,St. Petersburg,FL,32660,4,16,16,6631054,3.6,A,73,Brokerage Listings,Enterprise (200+ agents),2026-09-18T20:51:51Z
CREAM-20260918-00076,William Perez,William Perez,William,Perez,william.perez@icloud.com,(256) 270-3574,Allie Beth Allman,Allie Beth Allman,Houston,Houston,TX,79775,0,1,1,277153,3.4,A,83,Realtor.com,Independent,2026-09-18T03:01:26Z
CREAM-20260918-00077,Jeffrey Sanders,Jeffrey Sanders,Jeffrey,Sanders,jsanders@icloud.com,(334) 209-7922,eXp Realty,eXp Realty,Charlotte,Charlotte,NC,28308,20,69,69,27141192,4.2,A,92,Cold Outreach,Boutique (2-10 agents),2026-09-18T15:37:15Z
CREAM-20260918-00078,Rebecca Cooper,Rebecca Cooper,Rebecca,Cooper,rebeccac@yahoo.com,(614) 893-1533,Compass,Compass,Raleigh,Raleigh,NC,27621,0,1,1,431016,4.2,A,62,Cold Outreach,Mid-size (11-50 agents),2026-09-18T04:02:06Z
CREAM-20260918-00079,Theresa Jackson,Theresa Jackson,Theresa,Jackson,theresaj@gmail.com,(214) 486-9481,Coldwell Banker,Coldwell Banker,Colorado Springs,Colorado Springs,CO,80133,14,58,58,40896299,4.1,A,85,Brokerage Listings,Boutique (2-10 agents),2026-09-18T23:28:11Z
CREAM-20260918-00080,Gregory Watson,Gregory Watson,Gregory,Watson,gregory.watson@outlook.com,(214) 821-5910,Halstead,Halstead,Bronx,Bronx,NY,12811,3,22,22,16680020,3.8,A,97,Trade Show,Mid-size (11-50 agents),2026-09-18T02:39:49Z
CREAM-20260918-00081,Amy Morris,Amy Morris,Amy,Morris,amym@homesmart.com,(602) 737-5310,HomeSmart,HomeSmart,Mesa,Mesa,AZ,86751,4,12,12,5616698,3.2,A,78,Website Lead,Boutique (2-10 agents),2026-09-18T04:00:50Z
CREAM-20260918-00082,Janet Lewis,Janet Lewis,Janet,Lewis,janetl@re/max.com,(929) 919-5315,RE/MAX,RE/MAX,Cleveland,Cleveland,OH,45341,18,63,63,18614959,4.8,A,84,LinkedIn,Large (51-200 agents),2026-09-18T01:17:06Z
CREAM-20260918-00083,Brandon King,Brandon King,Brandon,King,brandon.king@me.com,(469) 581-4063,Keller Williams Realty,Keller Williams Realty,Jacksonville,Jacksonville,FL,33890,1,9,9,4319638,3.4,A,100,Website Lead,Large (51-200 agents),2026-09-18T05:47:13Z
CREAM-20260918-00084,Susan Nelson,Susan Nelson,Susan,Nelson,susann@yahoo.com,(646) 611-9686,eXp Realty,eXp Realty,San Antonio,San Antonio,TX,78128,2,5,5,1997662,4.0,A,94,MLS Database,Enterprise (200+ agents),2026-09-18T04:07:38Z
CREAM-20260918-00085,Carolyn Walker,Carolyn Walker,Carolyn,Walker,cwalker@re/max.com,(929) 977-7362,RE/MAX,RE/MAX,Fort Worth,Fort Worth,TX,78161,2,4,4,1594073,3.0,A,73,Facebook,Boutique (2-10 agents),2026-09-18T01:04:32Z
CREAM-20260918-00086,Joshua Allen,Joshua Allen,Joshua,Allen,joshua_allen@outlook.com,(714) 645-1981,eXp Realty,eXp Realty,San Diego,San Diego,CA,93407,4,19,19,19402044,3.0,A,74,Trade Show,Boutique (2-10 agents),2026-09-18T15:42:08Z
CREAM-20260918-00087,Dorothy Jenkins,Dorothy Jenkins,Dorothy,Jenkins,dorothyjenkins@hotmail.com,(704) 579-9547,Berkshire Hathaway,Berkshire Hathaway,Charlotte,Charlotte,NC,28731,3,22,22,5771930,4.5,A,75,NAR Directory,Enterprise (200+ agents),2026-09-18T16:30:18Z
CREAM-20260918-00088,Jerry Martinez,Jerry Martinez,Jerry,Martinez,jmartinez@yahoo.com,(718) 380-8343,Compass,Compass,Orlando,Orlando,FL,32781,2,4,4,2050447,3.7,A,76,LinkedIn,Mid-size (11-50 agents),2026-09-18T17:06:40Z
CREAM-20260918-00089,Jonathan Stewart,Jonathan Stewart,Jonathan,Stewart,jonathan_stewart@me.com,(469) 354-9805,eXp Realty,eXp Realty,Cincinnati,Cincinnati,OH,45805,18,74,74,14981638,4.2,A,85,Trade Show,Enterprise (200+ agents),2026-09-18T08:15:21Z
CREAM-20260918-00090,Deborah Mendoza,Deborah Mendoza,Deborah,Mendoza,deborah_mendoza@gmail.com,(303) 407-1408,HomeSmart,HomeSmart,Tucson,Tucson,AZ,86205,16,39,39,11486840,4.1,A,70,Brokerage Listings,Mid-size (11-50 agents),2026-09-18T12:38:39Z
CREAM-20260918-00091,Brittany Flores,Brittany Flores,Brittany,Flores,brittanyf@icloud.com,(929) 364-5581,Huntington Real Estate,Huntington Real Estate,Columbus,Columbus,OH,44223,5,19,19,4404804,4.1,A,93,Referral Network,Enterprise (200+ agents),2026-09-18T18:46:53Z
CREAM-20260918-00092,Michelle Mitchell,Michelle Mitchell,Michelle,Mitchell,michellemitchell@yahoo.com,(212) 742-2735,RE/MAX,RE/MAX,Columbus,Columbus,OH,44661,3,10,10,3214873,4.5,A,72,Website Lead,Large (51-200 agents),2026-09-18T08:06:01Z
CREAM-20260918-00093,Roger Mitchell,Roger Mitchell,Roger,Mitchell,roger.mitchell@coldwellbanker.com,(805) 919-9539,Coldwell Banker,Coldwell Banker,Sacramento,Sacramento,CA,92873,24,30,30,23466109,4.9,A,86,Trade Show,Boutique (2-10 agents),2026-09-18T23:56:24Z
CREAM-20260918-00094,Rachel Young,Rachel Young,Rachel,Young,ryoung@livsothebys.com,(234) 864-1936,LIV Sotheby's,LIV Sotheby's,Aurora,Aurora,CO,80374,0,0,0,0,3.2,A,82,Realtor.com,Large (51-200 agents),2026-09-18T09:56:21Z
CREAM-20260918-00095,Victoria Jenkins,Victoria Jenkins,Victoria,Jenkins,victoria.jenkins@aol.com,(805) 698-3258,Cutler Real Estate,Cutler Real Estate,Columbus,Columbus,OH,45539,0,2,2,486830,4.8,A,75,LinkedIn,Independent,2026-09-18T09:18:16Z
CREAM-20260918-00096,Janet Turner,Janet Turner,Janet,Turner,jturner@herrealtors.com,(334) 213-9711,HER Realtors,HER Realtors,Cincinnati,Cincinnati,OH,44758,2,12,12,2897329,4.1,A,99,Cold Outreach,Independent,2026-09-18T23:45:54Z
CREAM-20260918-00097,Timothy Clark,Timothy Clark,Timothy,Clark,timothyc@aol.com,(718) 345-5604,Sotheby's International,Sotheby's International,Brooklyn,Brooklyn,NY,14200,12,26,26,21643082,4.4,A,82,LinkedIn,Boutique (2-10 agents),2026-09-18T21:59:18Z
CREAM-20260918-00098,Brandon Ramirez,Brandon Ramirez,Brandon,Ramirez,brandon_ramirez@hotmail.com,(305) 826-2416,Compass,Compass,Greensboro,Greensboro,NC,27295,23,34,34,14787453,4.1,A,92,Website Lead,Large (51-200 agents),2026-09-18T06:18:19Z
CREAM-20260918-00099,Barbara Moore,Barbara Moore,Barbara,Moore,barbaram@gmail.com,(512) 984-4859,RE/MAX,RE/MAX,Mesa,Mesa,AZ,86765,5,23,23,7816155,4.6,A,70,Brokerage Listings,Independent,2026-09-18T14:29:58Z
CREAM-20260918-00100,Danielle Watson,Danielle Watson,Danielle,Watson,dwatson@yahoo.com,(972) 273-2113,Douglas Elliman,Douglas Elliman,Jacksonville,Jacksonville,FL,32243,5,8,8,3792224,3.8,A,91,Cold Outreach,Boutique (2-10 agents),2026-09-18T06:32:56Z
CREAM-20260918-00101,Jacob Rogers,Jacob Rogers,Jacob,Rogers,jacobr@re/max.com,(305) 369-2214,RE/MAX,RE/MAX,Jacksonville,Jacksonville,FL,33905,25,53,53,25017978,3.3,A,76,Brokerage Listings,Boutique (2-10 agents),2026-09-18T17:14:47Z
CREAM-20260918-00102,Katherine Reed,Katherine Reed,Katherine,Reed,katheriner@herrealtors.com,(929) 652-8305,HER Realtors,HER Realtors,Cincinnati,Cincinnati,OH,43675,23,73,73,15029848,4.0,A,78,NAR Directory,Enterprise (200+ agents),2026-09-18T09:50:00Z
CREAM-20260918-00103,Philip Sanders,Philip Sanders,Philip,Sanders,philips@icloud.com,(714) 400-5748,RE/MAX,RE/MAX,Cincinnati,Cincinnati,OH,44882,1,12,12,3309044,4.9,A,78,Website Lead,Large (51-200 agents),2026-09-18T05:55:45Z
CREAM-20260918-00104,Stephanie Rogers,Stephanie Rogers,Stephanie,Rogers,stephanier@hotmail.com,(805) 744-5067,RE/MAX,RE/MAX,Aurora,Aurora,CO,81385,3,10,10,5222643,3.3,A,76,Cold Outreach,Large (51-200 agents),2026-09-18T21:51:34Z
CREAM-20260918-00105,Steven Thompson,Steven Thompson,Steven,Thompson,steventhompson@me.com,(602) 880-1067,Long Realty,Long Realty,Phoenix,Phoenix,AZ,85214,15,29,29,11592879,4.9,A,94,Brokerage Listings,Independent,2026-09-18T11:51:22Z
CREAM-20260918-00106,Angela Garcia,Angela Garcia,Angela,Garcia,angela.garcia@outlook.com,(303) 757-5324,Compass,Compass,Raleigh,Raleigh,NC,27395,1,8,8,3082467,4.1,A,98,Website Lead,Boutique (2-10 agents),2026-09-18T07:01:47Z
CREAM-20260918-00107,Keith Jimenez,Keith Jimenez,Keith,Jimenez,keithjimenez@yahoo.com,(929) 543-4185,eXp Realty,eXp Realty,St. Petersburg,St. Petersburg,FL,34352,3,17,17,7122299,4.7,A,64,Referral Network,Enterprise (200+ agents),2026-09-18T12:46:30Z
CREAM-20260918-00108,Deborah Williams,Deborah Williams,Deborah,Williams,dwilliams@me.com,(786) 930-2987,Keller Williams,Keller Williams,Cincinnati,Cincinnati,OH,43635,16,26,26,7740404,3.2,A,81,MLS Database,Enterprise (200+ agents),2026-09-18T06:31:00Z
CREAM-20260918-00109,Ronald Scott,Ronald Scott,Ronald,Scott,rscott@outlook.com,(972) 990-8290,Long Realty,Long Realty,Tucson,Tucson,AZ,85928,1,6,6,2815776,3.1,A,80,Facebook,Enterprise (200+ agents),2026-09-18T22:28:34Z
CREAM-20260918-00110,Christine Hall,Christine Hall,Christine,Hall,christinehall@outlook.com,(404) 535-9338,Coldwell Banker,Coldwell Banker,San Jose,San Jose,CA,94466,3,22,22,20341387,4.5,A,60,LinkedIn,Boutique (2-10 agents),2026-09-18T09:03:22Z
CREAM-20260918-00111,Jacob Jones,Jacob Jones,Jacob,Jones,jacob.jones@gmail.com,(972) 636-9156,Compass,Compass,New York City,New York City,NY,11401,2,12,12,8787409,3.8,A,60,Cold Outreach,Mid-size (11-50 agents),2026-09-18T19:52:48Z
CREAM-20260918-00112,Jeffrey Campbell,Jeffrey Campbell,Jeffrey,Campbell,jeffreyc@yahoo.com,(212) 549-5967,Long Realty,Long Realty,Phoenix,Phoenix,AZ,85834,3,19,19,8073123,3.5,A,82,MLS Database,Mid-size (11-50 agents),2026-09-18T14:06:40Z
CREAM-20260918-00113,Benjamin Ortiz,Benjamin Ortiz,Benjamin,Ortiz,benjamino@outlook.com,(704) 495-2667,RE/MAX,RE/MAX,Scottsdale,Scottsdale,AZ,86839,12,37,37,11761846,4.3,A,69,Facebook,Enterprise (200+ agents),2026-09-18T23:37:05Z
CREAM-20260918-00114,Kimberly Fisher,Kimberly Fisher,Kimberly,Fisher,kimberly.fisher@yahoo.com,(214) 453-9847,Coldwell Banker,Coldwell Banker,Orlando,Orlando,FL,34935,0,3,3,1256138,4.9,A,94,Facebook,Independent,2026-09-18T05:56:57Z
CREAM-20260918-00115,Brian Turner,Brian Turner,Brian,Turner,brian_turner@outlook.com,(713) 740-2676,RE/MAX,RE/MAX,Cleveland,Cleveland,OH,45378,2,12,12,2221063,3.9,A,64,Brokerage Listings,Large (51-200 agents),2026-09-18T09:42:50Z
CREAM-20260918-00116,Arthur Kim,Arthur Kim,Arthur,Kim,akim@kellerwilliams.com,(720) 268-2174,Keller Williams,Keller Williams,Aurora,Aurora,CO,81482,10,80,80,55476155,3.8,A,94,NAR Directory,Large (51-200 agents),2026-09-18T14:55:49Z
CREAM-20260918-00117,Stephanie Brown,Stephanie Brown,Stephanie,Brown,sbrown@gmail.com,(404) 486-8117,Douglas Elliman,Douglas Elliman,Bronx,Bronx,NY,13241,4,17,17,10068773,3.6,A,88,Facebook,Enterprise (200+ agents),2026-09-18T23:34:07Z
CREAM-20260918-00118,Betty Roberts,Betty Roberts,Betty,Roberts,betty.roberts@yahoo.com,(305) 271-9234,Brown Harris Stevens,Brown Harris Stevens,New York City,New York City,NY,10164,10,65,65,42341266,3.3,A,89,MLS Database,Boutique (2-10 agents),2026-09-18T20:29:56Z
CREAM-20260918-00119,Alan Campbell,Alan Campbell,Alan,Campbell,acampbell@compass.com,(310) 670-9958,Compass,Compass,Orlando,Orlando,FL,33638,17,47,47,18922307,4.7,A,86,Cold Outreach,Mid-size (11-50 agents),2026-09-18T17:57:19Z
CREAM-20260918-00120,Brittany Ward,Brittany Ward,Brittany,Ward,brittany.ward@yahoo.com,(714) 656-7638,Berkshire Hathaway,Berkshire Hathaway,Mesa,Mesa,AZ,85520,21,52,52,19654471,3.8,A,94,Referral Network,Large (51-200 agents),2026-09-18T06:01:44Z
CREAM-20260918-00121,Amy Morgan,Amy Morgan,Amy,Morgan,amorgan@hotmail.com,(714) 906-7836,Keller Williams,Keller Williams,Phoenix,Phoenix,AZ,86480,7,34,34,15832489,3.5,A,88,Facebook,Large (51-200 agents),2026-09-18T20:37:57Z
CREAM-20260918-00122,Brandon Murphy,Brandon Murphy,Brandon,Murphy,brandon_murphy@yahoo.com,(713) 242-5035,Cutler Real Estate,Cutler Real Estate,Cincinnati,Cincinnati,OH,44522,5,25,25,7960875,3.0,A,64,Cold Outreach,Enterprise (200+ agents),2026-09-18T17:30:58Z
CREAM-20260918-00123,Jessica Garcia,Jessica Garcia,Jessica,Garcia,jgarcia@kellerwilliams.com,(513) 942-2886,Keller Williams,Keller Williams,Denver,Denver,CO,81318,22,48,48,22071464,4.5,A,87,NAR Directory,Independent,2026-09-18T22:01:27Z
CREAM-20260918-00124,Patrick Morris,Patrick Morris,Patrick,Morris,pmorris@berkshirehathaway.com,(646) 369-4148,Berkshire Hathaway,Berkshire Hathaway,Tampa,Tampa,FL,32771,1,9,9,2942814,3.2,A,62,MLS Database,Large (51-200 agents),2026-09-18T18:29:08Z
CREAM-20260918-00125,Jeffrey Mendoza,Jeffrey Mendoza,Jeffrey,Mendoza,jeffrey.mendoza@allentate.com,(214) 315-2630,Allen Tate,Allen Tate,Charlotte,Charlotte,NC,28576,12,78,78,27870264,3.4,A,74,Website Lead,Mid-size (11-50 agents),2026-09-18T22:13:43Z
CREAM-20260918-00126,Dorothy Campbell,Dorothy Campbell,Dorothy,Campbell,dcampbell@yahoo.com,(512) 584-7995,Coldwell Banker,Coldwell Banker,Scottsdale,Scottsdale,AZ,85896,16,30,30,10575772,3.0,A,68,NAR Directory,Independent,2026-09-18T04:59:35Z
CREAM-20260918-00127,Natalie Wilson,Natalie Wilson,Natalie,Wilson,nwilson@outlook.com,(972) 979-7456,Compass,Compass,Oakland,Oakland,CA,93174,18,32,32,31683700,3.6,A,66,Facebook,Large (51-200 agents),2026-09-18T20:33:46Z
CREAM-20260918-00128,Steven Sanchez,Steven Sanchez,Steven,Sanchez,steven_sanchez@yahoo.com,(512) 789-9532,Berkshire Hathaway,Berkshire Hathaway,Raleigh,Raleigh,NC,28496,3,21,21,7982398,4.2,A,99,Brokerage Listings,Enterprise (200+ agents),2026-09-18T18:05:11Z
CREAM-20260918-00129,Jacqueline Mendoza,Jacqueline Mendoza,Jacqueline,Mendoza,jacquelinem@yahoo.com,(212) 796-8357,Russell Lyon Sotheby's,Russell Lyon Sotheby's,Scottsdale,Scottsdale,AZ,86218,3,8,8,2592809,3.6,A,68,Website Lead,Mid-size (11-50 agents),2026-09-18T18:31:45Z
CREAM-20260918-00130,Timothy Garcia,Timothy Garcia,Timothy,Garcia,timothyg@exprealty.com,(919) 521-5766,eXp Realty,eXp Realty,Phoenix,Phoenix,AZ,86833,8,24,24,8617428,3.2,A,89,Realtor.com,Boutique (2-10 agents),2026-09-18T23:35:05Z
CREAM-20260918-00131,Theresa Scott,Theresa Scott,Theresa,Scott,theresascott@aol.com,(404) 980-8675,eXp Realty,eXp Realty,Cleveland,Cleveland,OH,43397,2,6,6,1774967,4.9,A,75,Website Lead,Mid-size (11-50 agents),2026-09-18T08:31:33Z
CREAM-20260918-00132,Ronald Cruz,Ronald Cruz,Ronald,Cruz,ronald.cruz@kellerwilliamsrealty.com,(718) 355-5019,Keller Williams Realty,Keller Williams Realty,Jacksonville,Jacksonville,FL,34574,21,40,40,15642059,4.8,A,87,MLS Database,Enterprise (200+ agents),2026-09-18T00:11:31Z
CREAM-20260918-00133,Peter Rogers,Peter Rogers,Peter,Rogers,peterr@sothebysinternational.com,(786) 518-5313,Sotheby's International,Sotheby's International,Sacramento,Sacramento,CA,95890,1,6,6,4272246,3.5,A,60,Brokerage Listings,Large (51-200 agents),2026-09-18T11:34:40Z
CREAM-20260918-00134,Judith Diaz,Judith Diaz,Judith,Diaz,judithd@yahoo.com,(916) 226-9828,RE/MAX,RE/MAX,San Jose,San Jose,CA,96207,9,34,34,33887113,5.0,A,95,Facebook,Independent,2026-09-18T06:49:52Z
CREAM-20260918-00135,Ralph Morgan,Ralph Morgan,Ralph,Morgan,ralph.morgan@me.com,(919) 873-8153,Pacific Sotheby's,Pacific Sotheby's,San Jose,San Jose,CA,96132,25,28,28,29250194,4.0,A,75,LinkedIn,Large (51-200 agents),2026-09-18T04:29:47Z
CREAM-20260918-00136,Dennis Cruz,Dennis Cruz,Dennis,Cruz,denniscruz@gmail.com,(512) 871-9930,RE/MAX,RE/MAX,Colorado Springs,Colorado Springs,CO,81880,16,70,70,41660438,3.6,A,92,LinkedIn,Independent,2026-09-18T14:12:34Z
CREAM-20260918-00137,Karen Coleman,Karen Coleman,Karen,Coleman,kcoleman@huntingtonrealestate.com,(602) 759-7048,Huntington Real Estate,Huntington Real Estate,Columbus,Columbus,OH,43317,23,76,76,22265225,3.4,A,64,Brokerage Listings,Large (51-200 agents),2026-09-18T06:14:03Z
CREAM-20260918-00138,Edward Price,Edward Price,Edward,Price,eprice@icloud.com,(407) 305-9713,eXp Realty,eXp Realty,Columbus,Columbus,OH,43691,13,29,29,5423463,4.6,A,96,Referral Network,Independent,2026-09-18T21:32:24Z
CREAM-20260918-00139,Timothy Torres,Timothy Torres,Timothy,Torres,timothytorres@me.com,(214) 667-2529,Cutler Real Estate,Cutler Real Estate,Cleveland,Cleveland,OH,45752,9,26,26,5065495,3.8,A,61,NAR Directory,Independent,2026-09-18T12:30:21Z
CREAM-20260918-00140,Rose Jones,Rose Jones,Rose,Jones,rjones@brownharrisstevens.com,(512) 829-7712,Brown Harris Stevens,Brown Harris Stevens,Bronx,Bronx,NY,13423,0,1,1,693692,3.2,A,72,Referral Network,Large (51-200 agents),2026-09-18T06:53:25Z
CREAM-20260918-00141,Paul Clark,Paul Clark,Paul,Clark,paulc@douglaselliman.com,(786) 700-9388,Douglas Elliman,Douglas Elliman,Fort Lauderdale,Fort Lauderdale,FL,32311,2,8,8,4032740,3.2,A,61,Brokerage Listings,Boutique (2-10 agents),2026-09-18T09:01:56Z
CREAM-20260918-00142,Sarah Price,Sarah Price,Sarah,Price,sprice@gmail.com,(404) 648-6332,Brown Harris Stevens,Brown Harris Stevens,Brooklyn,Brooklyn,NY,12407,5,24,24,16720662,3.6,A,79,Cold Outreach,Mid-size (11-50 agents),2026-09-18T17:26:31Z
CREAM-20260918-00143,Albert Miller,Albert Miller,Albert,Miller,albertmiller@gmail.com,(512) 282-8670,Douglas Elliman,Douglas Elliman,Staten Island,Staten Island,NY,11913,2,7,7,5806706,3.5,A,77,Trade Show,Enterprise (200+ agents),2026-09-18T03:21:24Z
CREAM-20260918-00144,Robert Diaz,Robert Diaz,Robert,Diaz,robertdiaz@yahoo.com,(720) 553-7904,Allen Tate,Allen Tate,Raleigh,Raleigh,NC,28231,10,63,63,20772886,3.8,A,99,Cold Outreach,Large (51-200 agents),2026-09-18T02:20:54Z
CREAM-20260918-00145,Ralph Price,Ralph Price,Ralph,Price,ralphp@kellerwilliams.com,(214) 769-3254,Keller Williams,Keller Williams,Bronx,Bronx,NY,13318,6,28,28,19686332,4.2,A,61,LinkedIn,Large (51-200 agents),2026-09-18T08:06:51Z
CREAM-20260918-00146,Angela Watson,Angela Watson,Angela,Watson,angela_watson@yahoo.com,(720) 648-1211,Coldwell Banker,Coldwell Banker,Raleigh,Raleigh,NC,27938,8,30,30,9814175,3.9,A,81,Realtor.com,Boutique (2-10 agents),2026-09-18T06:09:58Z
CREAM-20260918-00147,Deborah Reed,Deborah Reed,Deborah,Reed,deborahr@icloud.com,(469) 309-4916,Douglas Elliman,Douglas Elliman,Austin,Austin,TX,78848,9,37,37,11132884,4.8,A,78,Cold Outreach,Mid-size (11-50 agents),2026-09-18T21:15:19Z
CREAM-20260918-00148,Rebecca Campbell,Rebecca Campbell,Rebecca,Campbell,rcampbell@coldwellbanker.com,(303) 974-8818,Coldwell Banker,Coldwell Banker,Aurora,Aurora,CO,80781,18,71,71,31308355,4.2,A,63,Trade Show,Independent,2026-09-18T05:29:21Z
CREAM-20260918-00149,Daniel Adams,Daniel Adams,Daniel,Adams,dadams@aol.com,(714) 233-7278,Allie Beth Allman,Allie Beth Allman,Dallas,Dallas,TX,77877,4,24,24,10682904,3.4,A,62,Referral Network,Large (51-200 agents),2026-09-18T11:19:51Z
CREAM-20260918-00150,Katherine Parker,Katherine Parker,Katherine,Parker,katherine.parker@re/max.com,(972) 984-7871,RE/MAX,RE/MAX,San Jose,San Jose,CA,92443,1,9,9,8993932,3.4,A,63,Brokerage Listings,Independent,2026-09-18T13:48:53Z
CREAM-20260918-00151,Anthony Moore,Anthony Moore,Anthony,Moore,amoore@me.com,(805) 928-1367,RE/MAX,RE/MAX,San Antonio,San Antonio,TX,78948,21,51,51,14666996,5.0,A,66,Referral Network,Boutique (2-10 agents),2026-09-18T12:04:28Z
CREAM-20260918-00152,Theresa Brown,Theresa Brown,Theresa,Brown,theresab@re/max.com,(786) 729-8735,RE/MAX,RE/MAX,Columbus,Columbus,OH,45458,23,80,80,14631841,4.0,A,78,NAR Directory,Large (51-200 agents),2026-09-18T09:32:29Z
CREAM-20260918-00153,Linda Collins,Linda Collins,Linda,Collins,lindac@corcorangroup.com,(415) 458-1817,Corcoran Group,Corcoran Group,Brooklyn,Brooklyn,NY,13796,5,17,17,13703226,4.4,A,78,Cold Outreach,Enterprise (200+ agents),2026-09-18T09:49:00Z
CREAM-20260918-00154,Jennifer Coleman,Jennifer Coleman,Jennifer,Coleman,jennifer_coleman@me.com,(919) 310-7924,Compass,Compass,Brooklyn,Brooklyn,NY,14740,15,31,31,25434058,3.5,A,65,LinkedIn,Mid-size (11-50 agents),2026-09-18T23:44:44Z
CREAM-20260918-00155,Emma Hughes,Emma Hughes,Emma,Hughes,emma.hughes@russelllyonsothebys.com,(805) 233-4966,Russell Lyon Sotheby's,Russell Lyon Sotheby's,Scottsdale,Scottsdale,AZ,85609,24,49,49,23492772,3.9,A,92,Facebook,Enterprise (200+ agents),2026-09-18T14:54:15Z
CREAM-20260918-00156,Nicole Parker,Nicole Parker,Nicole,Parker,nparker@re/max.com,(404) 427-1033,RE/MAX,RE/MAX,Cincinnati,Cincinnati,OH,43982,1,9,9,2035162,3.5,A,91,Trade Show,Large (51-200 agents),2026-09-18T07:51:25Z
CREAM-20260918-00157,Jerry Ruiz,Jerry Ruiz,Jerry,Ruiz,jerryr@gmail.com,(972) 243-2336,Coldwell Banker,Coldwell Banker,Aurora,Aurora,CO,80847,12,25,25,11773644,4.4,A,63,Brokerage Listings,Large (51-200 agents),2026-09-18T08:25:42Z
CREAM-20260918-00158,Timothy Price,Timothy Price,Timothy,Price,timothy.price@yahoo.com,(214) 757-6948,HER Realtors,HER Realtors,Cincinnati,Cincinnati,OH,44140,1,12,12,2982537,3.8,A,60,Referral Network,Boutique (2-10 agents),2026-09-18T11:27:38Z
CREAM-20260918-00159,Juan Ramirez,Juan Ramirez,Juan,Ramirez,jramirez@outlook.com,(512) 619-2488,Keller Williams,Keller Williams,Dallas,Dallas,TX,75295,1,6,6,1607364,4.7,A,82,Trade Show,Large (51-200 agents),2026-09-18T15:34:00Z
CREAM-20260918-00160,Natalie Adams,Natalie Adams,Natalie,Adams,natalieadams@hotmail.com,(919) 363-1723,Douglas Elliman,Douglas Elliman,Dallas,Dallas,TX,79524,3,19,19,6744439,4.9,A,70,Facebook,Mid-size (11-50 agents),2026-09-18T15:33:58Z
CREAM-20260918-00161,Carol Hall,Carol Hall,Carol,Hall,carolhall@me.com,(334) 419-6591,RE/MAX,RE/MAX,Denver,Denver,CO,80798,20,57,57,27772016,4.2,A,87,NAR Directory,Mid-size (11-50 agents),2026-09-18T05:08:10Z
CREAM-20260918-00162,Julia Rivera,Julia Rivera,Julia,Rivera,julia_rivera@yahoo.com,(614) 746-4817,Compass,Compass,Colorado Springs,Colorado Springs,CO,80945,2,12,12,4932665,4.8,A,76,NAR Directory,Enterprise (200+ agents),2026-09-18T01:41:10Z
CREAM-20260918-00163,Roger Foster,Roger Foster,Roger,Foster,rfoster@icloud.com,(929) 725-5017,Century 21,Century 21,Fort Lauderdale,Fort Lauderdale,FL,34916,18,78,78,32527793,3.6,A,96,Referral Network,Large (51-200 agents),2026-09-18T07:11:21Z
CREAM-20260918-00164,Lawrence Nguyen,Lawrence Nguyen,Lawrence,Nguyen,lnguyen@hotmail.com,(614) 895-4713,Pacific Sotheby's,Pacific Sotheby's,Sacramento,Sacramento,CA,92781,24,31,31,18665792,4.2,A,67,Facebook,Mid-size (11-50 agents),2026-09-18T04:22:24Z
CREAM-20260918-00165,Jacob Jackson,Jacob Jackson,Jacob,Jackson,jjackson@douglaselliman.com,(512) 601-1606,Douglas Elliman,Douglas Elliman,Jacksonville,Jacksonville,FL,32717,1,7,7,2271349,4.3,A,95,NAR Directory,Boutique (2-10 agents),2026-09-18T09:16:39Z
CREAM-20260918-00166,Pamela Sanchez,Pamela Sanchez,Pamela,Sanchez,pamelas@hotmail.com,(805) 621-6935,Sotheby's International,Sotheby's International,Long Beach,Long Beach,CA,92389,10,66,66,52138624,4.9,A,76,Trade Show,Enterprise (200+ agents),2026-09-18T21:44:59Z
CREAM-20260918-00167,Ashley Ward,Ashley Ward,Ashley,Ward,ashley_ward@me.com,(614) 772-6248,RE/MAX,RE/MAX,Cleveland,Cleveland,OH,43519,2,7,7,2236504,3.2,A,94,NAR Directory,Boutique (2-10 agents),2026-09-18T19:10:12Z
CREAM-20260918-00168,Karen Cox,Karen Cox,Karen,Cox,karenc@cutlerrealestate.com,(513) 283-2775,Cutler Real Estate,Cutler Real Estate,Cleveland,Cleveland,OH,45326,23,40,40,7728645,4.6,A,80,LinkedIn,Independent,2026-09-18T07:28:13Z
CREAM-20260918-00169,Jennifer Harris,Jennifer Harris,Jennifer,Harris,jenniferh@compass.com,(305) 803-6145,Compass,Compass,Tampa,Tampa,FL,32804,14,34,34,14594019,4.8,A,67,Brokerage Listings,Independent,2026-09-18T10:39:42Z
CREAM-20260918-00170,Robert Flores,Robert Flores,Robert,Flores,robertflores@gmail.com,(513) 510-2122,Keller Williams Realty,Keller Williams Realty,Jacksonville,Jacksonville,FL,34880,25,54,54,28374688,4.3,A,88,Cold Outreach,Enterprise (200+ agents),2026-09-18T05:14:54Z
CREAM-20260918-00171,Stephanie Morgan,Stephanie Morgan,Stephanie,Morgan,smorgan@century21.com,(929) 792-5287,Century 21,Century 21,Fort Lauderdale,Fort Lauderdale,FL,34508,3,10,10,3020379,4.7,A,93,Trade Show,Enterprise (200+ agents),2026-09-18T21:19:24Z
CREAM-20260918-00172,Theresa Cruz,Theresa Cruz,Theresa,Cruz,theresa.cruz@hotmail.com,(646) 275-6644,Sotheby's International,Sotheby's International,Staten Island,Staten Island,NY,12969,22,29,29,20706156,3.9,A,87,Cold Outreach,Large (51-200 agents),2026-09-18T13:58:18Z
CREAM-20260918-00173,William Flores,William Flores,William,Flores,wflores@exprealty.com,(602) 403-1324,eXp Realty,eXp Realty,Colorado Springs,Colorado Springs,CO,81667,3,12,12,8108369,4.6,A,65,Trade Show,Independent,2026-09-18T02:58:11Z
CREAM-20260918-00174,Grace Mitchell,Grace Mitchell,Grace,Mitchell,gracemitchell@gmail.com,(602) 703-3761,Coldwell Banker,Coldwell Banker,Aurora,Aurora,CO,80984,18,40,40,19602263,4.1,A,69,Brokerage Listings,Independent,2026-09-18T05:42:07Z
CREAM-20260918-00175,Amy Perry,Amy Perry,Amy,Perry,amyp@me.com,(704) 683-1015,Keller Williams,Keller Williams,Staten Island,Staten Island,NY,10678,7,36,36,22959398,3.2,A,99,Facebook,Boutique (2-10 agents),2026-09-18T22:12:56Z
CREAM-20260918-00176,John Bailey,John Bailey,John,Bailey,jbailey@hotmail.com,(512) 700-9421,Compass,Compass,Los Angeles,Los Angeles,CA,94898,6,21,21,23060058,4.1,A,78,Referral Network,Boutique (2-10 agents),2026-09-18T06:45:10Z
CREAM-20260918-00177,Katherine Foster,Katherine Foster,Katherine,Foster,katherinef@howardhanna.com,(919) 558-4049,Howard Hanna,Howard Hanna,Raleigh,Raleigh,NC,28347,1,8,8,3291370,4.7,A,99,Website Lead,Independent,2026-09-18T17:18:48Z
CREAM-20260918-00178,Theresa Collins,Theresa Collins,Theresa,Collins,theresa.collins@douglaselliman.com,(512) 737-1559,Douglas Elliman,Douglas Elliman,Queens,Queens,NY,10298,22,57,57,30611481,3.5,A,89,LinkedIn,Enterprise (200+ agents),2026-09-18T21:38:58Z
CREAM-20260918-00179,Larry Clark,Larry Clark,Larry,Clark,lclark@me.com,(305) 704-9479,Coldwell Banker,Coldwell Banker,Columbus,Columbus,OH,45540,0,0,0,0,4.6,A,67,Website Lead,Boutique (2-10 agents),2026-09-18T13:28:00Z
CREAM-20260918-00180,Gary Gray,Gary Gray,Gary,Gray,ggray@me.com,(404) 717-6174,Douglas Elliman,Douglas Elliman,Houston,Houston,TX,75122,0,1,1,412935,3.7,A,65,Trade Show,Large (51-200 agents),2026-09-18T16:31:11Z
CREAM-20260918-00181,Justin Kim,Justin Kim,Justin,Kim,justin_kim@gmail.com,(469) 452-1438,Keller Williams,Keller Williams,Bronx,Bronx,NY,12672,15,58,58,27405381,3.0,A,69,Cold Outreach,Boutique (2-10 agents),2026-09-18T10:44:19Z
CREAM-20260918-00182,Roger Richardson,Roger Richardson,Roger,Richardson,roger.richardson@yahoo.com,(310) 373-8639,Coldwell Banker,Coldwell Banker,Raleigh,Raleigh,NC,27485,13,45,45,11753285,4.5,A,62,LinkedIn,Mid-size (11-50 agents),2026-09-18T02:51:34Z
CREAM-20260918-00183,Jason Anderson,Jason Anderson,Jason,Anderson,jason.anderson@8zrealestate.com,(212) 645-4004,8z Real Estate,8z Real Estate,Colorado Springs,Colorado Springs,CO,81184,4,23,23,14204531,3.4,A,98,NAR Directory,Independent,2026-09-18T12:56:46Z
CREAM-20260918-00184,Donna Morgan,Donna Morgan,Donna,Morgan,donna.morgan@aol.com,(212) 307-8246,Keller Williams Realty,Keller Williams Realty,Sacramento,Sacramento,CA,95163,4,16,16,13396068,3.1,A,72,Website Lead,Mid-size (11-50 agents),2026-09-18T02:56:06Z
CREAM-20260918-00185,Richard Adams,Richard Adams,Richard,Adams,radams@huntingtonrealestate.com,(786) 390-6134,Huntington Real Estate,Huntington Real Estate,Cleveland,Cleveland,OH,45211,11,52,52,14579281,3.2,A,92,Trade Show,Independent,2026-09-18T02:01:35Z
CREAM-20260918-00186,Katherine Davis,Katherine Davis,Katherine,Davis,katherined@aol.com,(646) 534-7793,Long Realty,Long Realty,Tucson,Tucson,AZ,85724,5,15,15,5309584,3.8,A,94,Brokerage Listings,Boutique (2-10 agents),2026-09-18T16:41:18Z
CREAM-20260918-00187,Patrick Collins,Patrick Collins,Patrick,Collins,patrickc@outlook.com,(310) 619-3218,eXp Realty,eXp Realty,Sacramento,Sacramento,CA,95867,18,42,42,40855928,3.6,A,91,Brokerage Listings,Boutique (2-10 agents),2026-09-18T08:37:30Z
CREAM-20260918-00188,Ralph Collins,Ralph Collins,Ralph,Collins,rcollins@me.com,(404) 234-7695,Compass,Compass,St. Petersburg,St. Petersburg,FL,32549,5,21,21,10296869,4.1,A,60,Website Lead,Large (51-200 agents),2026-09-18T05:25:31Z
CREAM-20260918-00189,Mark Powell,Mark Powell,Mark,Powell,mark_powell@aol.com,(704) 518-2218,Berkshire Hathaway,Berkshire Hathaway,Raleigh,Raleigh,NC,27859,17,25,25,9929837,5.0,A,91,Realtor.com,Independent,2026-09-18T02:38:32Z
CREAM-20260918-00190,Alexander Sanchez,Alexander Sanchez,Alexander,Sanchez,asanchez@me.com,(714) 711-2826,Douglas Elliman,Douglas Elliman,Houston,Houston,TX,75538,1,6,6,2487025,4.0,A,88,Referral Network,Large (51-200 agents),2026-09-18T04:02:34Z
CREAM-20260918-00191,Jonathan Hernandez,Jonathan Hernandez,Jonathan,Hernandez,jonathanh@yahoo.com,(415) 923-1931,HER Realtors,HER Realtors,Cleveland,Cleveland,OH,45950,17,40,40,11729309,4.0,A,81,MLS Database,Large (51-200 agents),2026-09-18T21:36:59Z
CREAM-20260918-00192,Dorothy Alvarez,Dorothy Alvarez,Dorothy,Alvarez,dorothyalvarez@gmail.com,(718) 344-4980,Halstead,Halstead,Bronx,Bronx,NY,13336,18,41,41,30528201,3.3,A,77,Brokerage Listings,Boutique (2-10 agents),2026-09-18T06:44:36Z
CREAM-20260918-00193,Jacqueline Cooper,Jacqueline Cooper,Jacqueline,Cooper,jacqueline.cooper@howardhanna.com,(512) 293-4267,Howard Hanna,Howard Hanna,Greensboro,Greensboro,NC,27510,25,80,80,25117189,4.5,A,68,Facebook,Independent,2026-09-18T16:29:24Z
CREAM-20260918-00194,Barbara Flores,Barbara Flores,Barbara,Flores,barbaraf@gmail.com,(214) 387-6244,Howard Hanna,Howard Hanna,Charlotte,Charlotte,NC,27500,2,4,4,1656025,4.8,A,95,LinkedIn,Enterprise (200+ agents),2026-09-18T05:24:01Z
CREAM-20260918-00195,Patrick Chavez,Patrick Chavez,Patrick,Chavez,patrickc@gmail.com,(919) 695-9978,RE/MAX,RE/MAX,Aurora,Aurora,CO,80904,0,1,1,660865,3.2,A,89,Facebook,Enterprise (200+ agents),2026-09-18T18:17:13Z
CREAM-20260918-00196,Donna Miller,Donna Miller,Donna,Miller,donnam@gmail.com,(234) 959-3846,Coldwell Banker,Coldwell Banker,Colorado Springs,Colorado Springs,CO,81987,21,63,63,31629426,3.3,A,83,Trade Show,Independent,2026-09-18T12:43:10Z
CREAM-20260918-00197,Jessica Flores,Jessica Flores,Jessica,Flores,jflores@exprealty.com,(713) 246-3738,eXp Realty,eXp Realty,Charlotte,Charlotte,NC,27576,25,36,36,12605820,3.9,A,88,LinkedIn,Boutique (2-10 agents),2026-09-18T06:40:40Z
CREAM-20260918-00198,Tyler Cook,Tyler Cook,Tyler,Cook,tcook@icloud.com,(718) 917-8725,Briggs Freeman Sotheby's,Briggs Freeman Sotheby's,Houston,Houston,TX,79499,17,35,35,9357377,3.1,A,67,Website Lead,Independent,2026-09-18T14:27:47Z
CREAM-20260918-00199,Edward Wright,Edward Wright,Edward,Wright,edwardwright@aol.com,(512) 694-5181,Keller Williams,Keller Williams,El Paso,El Paso,TX,77683,2,12,12,3639352,3.0,A,64,Cold Outreach,Mid-size (11-50 agents),2026-09-18T08:16:59Z
CREAM-20260918-00200,Rachel Moore,Rachel Moore,Rachel,Moore,rachelmoore@gmail.com,(919) 589-9471,eXp Realty,eXp Realty,Mesa,Mesa,AZ,85362,2,12,12,6375035,4.4,A,75,Website Lead,Enterprise (200+ agents),2026-09-18T04:48:56Z
CREAM-20260918-00201,George Hernandez,George Hernandez,George,Hernandez,george_hernandez@outlook.com,(303) 506-4720,Nest Seekers,Nest Seekers,New York City,New York City,NY,11378,23,36,36,21353196,4.4,A,69,Brokerage Listings,Enterprise (200+ agents),2026-09-18T13:40:15Z
CREAM-20260918-00202,Matthew Nelson,Matthew Nelson,Matthew,Nelson,mnelson@hotmail.com,(256) 731-5089,Berkshire Hathaway,Berkshire Hathaway,Cincinnati,Cincinnati,OH,43639,16,72,72,23399532,4.3,A,75,Facebook,Large (51-200 agents),2026-09-18T07:58:42Z
CREAM-20260918-00203,Richard King,Richard King,Richard,King,richard.king@gmail.com,(916) 617-8633,Long Realty,Long Realty,Mesa,Mesa,AZ,86647,13,68,68,30064483,3.8,A,63,MLS Database,Large (51-200 agents),2026-09-18T10:36:23Z
CREAM-20260918-00204,Arthur Hill,Arthur Hill,Arthur,Hill,ahill@yahoo.com,(714) 690-4440,eXp Realty,eXp Realty,Denver,Denver,CO,81294,0,5,5,2886060,4.6,A,75,Realtor.com,Large (51-200 agents),2026-09-18T01:01:49Z
CREAM-20260918-00205,Cynthia Ramos,Cynthia Ramos,Cynthia,Ramos,cynthiaramos@yahoo.com,(303) 941-5972,Allen Tate,Allen Tate,Raleigh,Raleigh,NC,27367,3,8,8,2717395,4.2,A,63,Facebook,Mid-size (11-50 agents),2026-09-18T16:20:01Z
CREAM-20260918-00206,Justin Alexander,Justin Alexander,Justin,Alexander,justin.alexander@re/max.com,(786) 655-5528,RE/MAX,RE/MAX,Cleveland,Cleveland,OH,43189,12,73,73,23275323,4.2,A,100,Trade Show,Independent,2026-09-18T10:50:07Z
CREAM-20260918-00207,Olivia Howard,Olivia Howard,Olivia,Howard,olivia.howard@re/max.com,(980) 848-2350,RE/MAX,RE/MAX,Greensboro,Greensboro,NC,28761,22,62,62,16454199,4.8,A,72,MLS Database,Mid-size (11-50 agents),2026-09-18T13:46:22Z
CREAM-20260918-00208,Diane Ramirez,Diane Ramirez,Diane,Ramirez,dianeramirez@yahoo.com,(334) 516-2217,RE/MAX,RE/MAX,Los Angeles,Los Angeles,CA,92232,3,22,22,17162391,3.5,A,91,LinkedIn,Independent,2026-09-18T16:30:29Z
CREAM-20260918-00209,Jerry Jenkins,Jerry Jenkins,Jerry,Jenkins,jerryj@yahoo.com,(334) 233-7865,RE/MAX,RE/MAX,Aurora,Aurora,CO,81897,4,8,8,4429528,4.5,A,70,Cold Outreach,Large (51-200 agents),2026-09-18T13:34:42Z
CREAM-20260918-00210,Samantha King,Samantha King,Samantha,King,samantha_king@icloud.com,(720) 489-1386,eXp Realty,eXp Realty,Columbus,Columbus,OH,44831,17,69,69,21808773,3.2,A,76,Realtor.com,Enterprise (200+ agents),2026-09-18T02:25:37Z
CREAM-20260918-00211,Jason Jackson,Jason Jackson,Jason,Jackson,jasonj@cutlerrealestate.com,(929) 968-5893,Cutler Real Estate,Cutler Real Estate,Cleveland,Cleveland,OH,43428,25,27,27,6494322,3.9,A,88,NAR Directory,Mid-size (11-50 agents),2026-09-18T06:04:22Z
CREAM-20260918-00212,Ashley Coleman,Ashley Coleman,Ashley,Coleman,ashleyc@kellerwilliams.com,(602) 915-3169,Keller Williams,Keller Williams,Scottsdale,Scottsdale,AZ,85680,14,75,75,33482966,4.7,A,77,Referral Network,Boutique (2-10 agents),2026-09-18T20:21:04Z
CREAM-20260918-00213,Jason Martinez,Jason Martinez,Jason,Martinez,jasonm@hotmail.com,(980) 246-8230,Keller Williams,Keller Williams,Brooklyn,Brooklyn,NY,14518,4,23,23,17421518,4.5,A,63,Brokerage Listings,Large (51-200 agents),2026-09-18T05:52:24Z
CREAM-20260918-00214,Kimberly King,Kimberly King,Kimberly,King,kimberlyk@livsothebys.com,(469) 880-1869,LIV Sotheby's,LIV Sotheby's,Aurora,Aurora,CO,80233,2,8,8,4397703,3.5,A,93,Website Lead,Independent,2026-09-18T19:47:47Z
CREAM-20260918-00215,James Parker,James Parker,James,Parker,jamesparker@yahoo.com,(334) 553-6908,Coldwell Banker,Coldwell Banker,Mesa,Mesa,AZ,86707,1,4,4,1858826,4.7,A,86,Facebook,Boutique (2-10 agents),2026-09-18T17:00:13Z
CREAM-20260918-00216,Amy Diaz,Amy Diaz,Amy,Diaz,amydiaz@icloud.com,(512) 538-1389,Cutler Real Estate,Cutler Real Estate,Cincinnati,Cincinnati,OH,43705,3,16,16,4595784,3.5,A,87,LinkedIn,Mid-size (11-50 agents),2026-09-18T05:17:04Z
CREAM-20260918-00217,Kenneth Rivera,Kenneth Rivera,Kenneth,Rivera,kenneth.rivera@gmail.com,(305) 978-9314,eXp Realty,eXp Realty,Charlotte,Charlotte,NC,28593,2,9,9,3364945,4.2,A,89,Trade Show,Large (51-200 agents),2026-09-18T19:07:42Z
CREAM-20260918-00218,Lawrence Thompson,Lawrence Thompson,Lawrence,Thompson,lawrencethompson@gmail.com,(786) 755-2650,Brown Harris Stevens,Brown Harris Stevens,Brooklyn,Brooklyn,NY,12354,4,24,24,13575695,4.7,A,60,Website Lead,Large (51-200 agents),2026-09-18T19:51:21Z
CREAM-20260918-00219,Nancy Coleman,Nancy Coleman,Nancy,Coleman,nancy.coleman@coldwellbanker.com,(256) 419-2529,Coldwell Banker,Coldwell Banker,Greensboro,Greensboro,NC,28665,0,5,5,1469746,4.1,A,87,Trade Show,Large (51-200 agents),2026-09-18T02:55:16Z
CREAM-20260918-00220,Gregory Gonzalez,Gregory Gonzalez,Gregory,Gonzalez,gregory.gonzalez@icloud.com,(916) 995-8615,Berkshire Hathaway,Berkshire Hathaway,Austin,Austin,TX,78398,5,17,17,6447925,3.7,A,74,Trade Show,Mid-size (11-50 agents),2026-09-18T15:08:13Z
CREAM-20260918-00221,Nicole Sanchez,Nicole Sanchez,Nicole,Sanchez,nicolesanchez@hotmail.com,(334) 943-3394,Cutler Real Estate,Cutler Real Estate,Cincinnati,Cincinnati,OH,44343,0,5,5,1087952,4.3,A,72,Facebook,Large (51-200 agents),2026-09-18T21:13:03Z
CREAM-20260918-00222,Carolyn Cooper,Carolyn Cooper,Carolyn,Cooper,ccooper@yahoo.com,(786) 727-6728,RE/MAX,RE/MAX,Houston,Houston,TX,76659,5,16,16,6451605,3.6,A,68,Website Lead,Independent,2026-09-18T07:34:18Z
CREAM-20260918-00223,Jeffrey Jackson,Jeffrey Jackson,Jeffrey,Jackson,jeffreyj@outlook.com,(512) 634-3951,Nest Seekers,Nest Seekers,Queens,Queens,NY,12986,25,27,27,19241739,3.1,A,73,NAR Directory,Large (51-200 agents),2026-09-18T03:23:47Z
CREAM-20260918-00224,Patricia Ruiz,Patricia Ruiz,Patricia,Ruiz,patricia.ruiz@berkshirehathaway.com,(646) 656-3134,Berkshire Hathaway,Berkshire Hathaway,Columbus,Columbus,OH,44294,2,8,8,1719365,4.3,A,70,Facebook,Large (51-200 agents),2026-09-18T14:17:56Z
CREAM-20260918-00225,Justin Gray,Justin Gray,Justin,Gray,justin_gray@yahoo.com,(407) 259-2893,Berkshire Hathaway,Berkshire Hathaway,Cincinnati,Cincinnati,OH,44348,5,10,10,1971542,3.6,A,95,NAR Directory,Enterprise (200+ agents),2026-09-18T02:44:32Z
CREAM-20260918-00226,Kathleen Evans,Kathleen Evans,Kathleen,Evans,kathleenevans@icloud.com,(303) 354-6163,Keller Williams,Keller Williams,Charlotte,Charlotte,NC,27349,7,23,23,5851633,3.5,A,65,Trade Show,Large (51-200 agents),2026-09-18T16:28:45Z
CREAM-20260918-00227,Judith Diaz,Judith Diaz,Judith,Diaz,jdiaz@re/max.com,(303) 881-1966,RE/MAX,RE/MAX,Cleveland,Cleveland,OH,44241,9,18,18,4873998,3.9,A,97,Facebook,Boutique (2-10 agents),2026-09-18T16:21:06Z
CREAM-20260918-00228,Steven Jackson,Steven Jackson,Steven,Jackson,sjackson@outlook.com,(469) 586-8152,Compass,Compass,Greensboro,Greensboro,NC,28131,3,10,10,2766045,3.1,A,73,Facebook,Large (51-200 agents),2026-09-18T00:11:54Z
CREAM-20260918-00229,Walter Gomez,Walter Gomez,Walter,Gomez,waltergomez@aol.com,(919) 832-2195,Compass,Compass,St. Petersburg,St. Petersburg,FL,34240,4,14,14,7177130,3.7,A,79,Facebook,Mid-size (11-50 agents),2026-09-18T17:58:03Z
CREAM-20260918-00230,Eric Foster,Eric Foster,Eric,Foster,ericf@yahoo.com,(407) 668-5827,Keller Williams,Keller Williams,Dallas,Dallas,TX,78631,7,21,21,6783873,3.3,A,72,MLS Database,Large (51-200 agents),2026-09-18T03:54:15Z
CREAM-20260918-00231,Bruce Reed,Bruce Reed,Bruce,Reed,brucereed@outlook.com,(602) 245-7891,Sotheby's International,Sotheby's International,San Diego,San Diego,CA,96704,10,46,46,42249649,3.1,A,67,Brokerage Listings,Boutique (2-10 agents),2026-09-18T13:44:53Z
CREAM-20260918-00232,Brian Ward,Brian Ward,Brian,Ward,bward@gmail.com,(929) 929-6990,Sotheby's International,Sotheby's International,San Diego,San Diego,CA,92362,2,12,12,7743612,3.6,A,81,Cold Outreach,Enterprise (200+ agents),2026-09-18T22:03:20Z
CREAM-20260918-00233,Scott Mitchell,Scott Mitchell,Scott,Mitchell,smitchell@kellerwilliamsrealty.com,(919) 949-7426,Keller Williams Realty,Keller Williams Realty,Miami,Miami,FL,34294,3,25,25,10357345,3.9,A,73,Facebook,Large (51-200 agents),2026-09-18T14:56:01Z
CREAM-20260918-00234,Deborah Roberts,Deborah Roberts,Deborah,Roberts,droberts@aol.com,(720) 611-8468,Keller Williams,Keller Williams,Raleigh,Raleigh,NC,27627,1,11,11,4085002,3.5,A,94,Realtor.com,Mid-size (11-50 agents),2026-09-18T22:36:49Z
CREAM-20260918-00235,Edward Mitchell,Edward Mitchell,Edward,Mitchell,edwardm@yahoo.com,(305) 868-4997,Briggs Freeman Sotheby's,Briggs Freeman Sotheby's,El Paso,El Paso,TX,75619,4,15,15,5887915,4.1,A,90,Facebook,Independent,2026-09-18T16:13:59Z
CREAM-20260918-00236,Linda Kim,Linda Kim,Linda,Kim,lindak@longrealty.com,(929) 223-3265,Long Realty,Long Realty,Phoenix,Phoenix,AZ,86101,11,39,39,13074019,4.7,A,98,Trade Show,Mid-size (11-50 agents),2026-09-18T15:29:57Z
CREAM-20260918-00237,Patricia Wright,Patricia Wright,Patricia,Wright,patricia_wright@aol.com,(614) 469-4373,Keller Williams,Keller Williams,Cincinnati,Cincinnati,OH,44554,21,62,62,15410057,3.2,A,94,LinkedIn,Mid-size (11-50 agents),2026-09-18T05:06:20Z
CREAM-20260918-00238,Edward Bennett,Edward Bennett,Edward,Bennett,edwardb@me.com,(256) 374-7359,Coldwell Banker,Coldwell Banker,Scottsdale,Scottsdale,AZ,85147,5,10,10,5306517,4.1,A,63,Referral Network,Independent,2026-09-18T10:26:31Z
CREAM-20260918-00239,Jacqueline Campbell,Jacqueline Campbell,Jacqueline,Campbell,jacqueline.campbell@me.com,(704) 747-7730,eXp Realty,eXp Realty,Oakland,Oakland,CA,94130,0,0,0,0,4.8,A,76,Realtor.com,Mid-size (11-50 agents),2026-09-18T13:05:47Z
CREAM-20260918-00240,Thomas Ross,Thomas Ross,Thomas,Ross,thomasr@kellerwilliams.com,(646) 987-1027,Keller Williams,Keller Williams,Tucson,Tucson,AZ,85666,7,18,18,7850002,3.5,A,70,LinkedIn,Mid-size (11-50 agents),2026-09-18T11:50:25Z
CREAM-20260918-00241,Ashley Phillips,Ashley Phillips,Ashley,Phillips,ashleyphillips@yahoo.com,(614) 266-2975,Berkshire Hathaway,Berkshire Hathaway,Cleveland,Cleveland,OH,43673,11,62,62,16017260,3.1,A,84,Referral Network,Enterprise (200+ agents),2026-09-18T00:44:22Z
CREAM-20260918-00242,Jacqueline Martin,Jacqueline Martin,Jacqueline,Martin,jacqueline_martin@yahoo.com,(469) 876-3109,Century 21,Century 21,St. Petersburg,St. Petersburg,FL,33670,3,8,8,3653263,3.8,A,67,Realtor.com,Boutique (2-10 agents),2026-09-18T10:37:58Z
CREAM-20260918-00243,Lawrence Ortiz,Lawrence Ortiz,Lawrence,Ortiz,lortiz@gmail.com,(704) 863-5047,Keller Williams,Keller Williams,Dallas,Dallas,TX,79767,3,12,12,4978478,4.9,A,96,Website Lead,Independent,2026-09-18T19:07:17Z
CREAM-20260918-00244,Alan Allen,Alan Allen,Alan,Allen,alana@outlook.com,(919) 530-3186,Berkshire Hathaway,Berkshire Hathaway,Scottsdale,Scottsdale,AZ,86776,4,25,25,7840815,4.9,A,87,Website Lead,Large (51-200 agents),2026-09-18T20:34:56Z
CREAM-20260918-00245,Rachel Parker,Rachel Parker,Rachel,Parker,rparker@coldwellbanker.com,(916) 281-5835,Coldwell Banker,Coldwell Banker,Tucson,Tucson,AZ,85345,4,14,14,4445439,3.6,A,81,MLS Database,Boutique (2-10 agents),2026-09-18T17:38:16Z
CREAM-20260918-00246,Andrew Brown,Andrew Brown,Andrew,Brown,andrew_brown@aol.com,(214) 355-2691,Berkshire Hathaway,Berkshire Hathaway,Fort Worth,Fort Worth,TX,79397,19,50,50,13369813,4.5,A,89,MLS Database,Independent,2026-09-18T04:21:08Z
CREAM-20260918-00247,Sharon Thomas,Sharon Thomas,Sharon,Thomas,sharonthomas@me.com,(919) 478-8126,Compass,Compass,Sacramento,Sacramento,CA,94900,3,25,25,21683651,3.9,A,79,Realtor.com,Boutique (2-10 agents),2026-09-18T04:57:41Z
CREAM-20260918-00248,Albert Kim,Albert Kim,Albert,Kim,albertk@outlook.com,(303) 967-4528,Briggs Freeman Sotheby's,Briggs Freeman Sotheby's,Dallas,Dallas,TX,75858,2,11,11,3578731,3.3,A,66,Brokerage Listings,Boutique (2-10 agents),2026-09-18T10:13:15Z
CREAM-20260918-00249,Alexander Martin,Alexander Martin,Alexander,Martin,amartin@gmail.com,(404) 410-7014,Berkshire Hathaway,Berkshire Hathaway,El Paso,El Paso,TX,75477,0,2,2,503919,4.6,A,79,Cold Outreach,Large (51-200 agents),2026-09-18T10:58:12Z
CREAM-20260918-00250,Ralph Murphy,Ralph Murphy,Ralph,Murphy,ralph.murphy@me.com,(646) 601-8710,eXp Realty,eXp Realty,Jacksonville,Jacksonville,FL,32766,3,25,25,13223476,4.4,A,94,LinkedIn,Enterprise (200+ agents),2026-09-18T00:22:43Z
CREAM-20260918-00251,Sarah Patel,Sarah Patel,Sarah,Patel,spatel@brownharrisstevens.com,(334) 947-8220,Brown Harris Stevens,Brown Harris Stevens,Queens,Queens,NY,12968,24,26,26,16540867,3.3,A,91,LinkedIn,Enterprise (200+ agents),2026-09-18T06:50:01Z
CREAM-20260918-00252,Susan Cooper,Susan Cooper,Susan,Cooper,scooper@icloud.com,(404) 748-4470,HER Realtors,HER Realtors,Cincinnati,Cincinnati,OH,43456,2,11,11,3527760,4.7,A,71,Website Lead,Mid-size (11-50 agents),2026-09-18T00:46:13Z
CREAM-20260918-00253,Rose Rodriguez,Rose Rodriguez,Rose,Rodriguez,roserodriguez@gmail.com,(512) 866-2229,HomeSmart,HomeSmart,Scottsdale,Scottsdale,AZ,85135,0,0,0,0,3.4,A,75,LinkedIn,Independent,2026-09-18T21:08:25Z
CREAM-20260918-00254,Sharon Torres,Sharon Torres,Sharon,Torres,storres@berkshirehathaway.com,(415) 516-8363,Berkshire Hathaway,Berkshire Hathaway,Miami,Miami,FL,33440,4,10,10,3734021,4.9,A,87,Trade Show,Mid-size (11-50 agents),2026-09-18T10:55:00Z
CREAM-20260918-00255,Dorothy Diaz,Dorothy Diaz,Dorothy,Diaz,dorothy.diaz@compass.com,(929) 273-4303,Compass,Compass,Manhattan,Manhattan,NY,12111,17,53,53,38976569,4.9,A,92,Facebook,Mid-size (11-50 agents),2026-09-18T15:01:13Z
CREAM-20260918-00256,Donna Wilson,Donna Wilson,Donna,Wilson,dwilson@allentate.com,(512) 978-8055,Allen Tate,Allen Tate,Greensboro,Greensboro,NC,28920,5,13,13,3690961,3.0,A,79,LinkedIn,Boutique (2-10 agents),2026-09-18T00:09:03Z
CREAM-20260918-00257,Anna Patel,Anna Patel,Anna,Patel,annap@me.com,(646) 854-4323,RE/MAX,RE/MAX,Dallas,Dallas,TX,79412,1,12,12,3952043,4.9,A,87,Facebook,Large (51-200 agents),2026-09-18T00:54:28Z
CREAM-20260918-00258,Pamela Campbell,Pamela Campbell,Pamela,Campbell,pamelac@brownharrisstevens.com,(303) 971-4487,Brown Harris Stevens,Brown Harris Stevens,Brooklyn,Brooklyn,NY,11474,0,2,2,1547823,4.7,A,88,Facebook,Large (51-200 agents),2026-09-18T01:34:29Z
CREAM-20260918-00259,Kimberly Gutierrez,Kimberly Gutierrez,Kimberly,Gutierrez,kimberlygutierrez@gmail.com,(720) 902-9493,Russell Lyon Sotheby's,Russell Lyon Sotheby's,Tucson,Tucson,AZ,86352,13,58,58,24606930,4.4,A,69,Trade Show,Large (51-200 agents),2026-09-18T09:32:24Z
CREAM-20260918-00260,Thomas Brooks,Thomas Brooks,Thomas,Brooks,thomasb@outlook.com,(602) 986-5167,Keller Williams Realty,Keller Williams Realty,Long Beach,Long Beach,CA,90496,18,51,51,41085844,4.1,A,71,Cold Outreach,Enterprise (200+ agents),2026-09-18T21:45:44Z
CREAM-20260918-00261,Gloria Mendoza,Gloria Mendoza,Gloria,Mendoza,gloria_mendoza@icloud.com,(404) 889-9897,Compass,Compass,Aurora,Aurora,CO,81792,24,55,55,32812313,4.2,A,99,LinkedIn,Boutique (2-10 agents),2026-09-18T02:08:01Z
CREAM-20260918-00262,Karen Ruiz,Karen Ruiz,Karen,Ruiz,kruiz@icloud.com,(602) 435-8122,Compass,Compass,Colorado Springs,Colorado Springs,CO,80456,12,74,74,42923653,3.1,A,85,NAR Directory,Enterprise (200+ agents),2026-09-18T11:48:15Z
CREAM-20260918-00263,George Parker,George Parker,George,Parker,george_parker@gmail.com,(415) 977-7205,Douglas Elliman,Douglas Elliman,Miami,Miami,FL,34148,4,23,23,12504280,3.4,A,67,LinkedIn,Large (51-200 agents),2026-09-18T15:58:28Z
CREAM-20260918-00264,Ryan Lewis,Ryan Lewis,Ryan,Lewis,ryanlewis@gmail.com,(704) 628-7423,Century 21,Century 21,Tampa,Tampa,FL,32859,6,18,18,6980942,4.7,A,79,MLS Database,Large (51-200 agents),2026-09-18T22:42:19Z
CREAM-20260918-00265,Richard Russell,Richard Russell,Richard,Russell,richard.russell@re/max.com,(704) 672-7243,RE/MAX,RE/MAX,Colorado Springs,Colorado Springs,CO,80447,1,6,6,2793035,4.7,A,64,MLS Database,Large (51-200 agents),2026-09-18T05:28:35Z
CREAM-20260918-00266,Daniel Stewart,Daniel Stewart,Daniel,Stewart,daniel_stewart@gmail.com,(303) 757-9490,Berkshire Hathaway,Berkshire Hathaway,Colorado Springs,Colorado Springs,CO,81496,5,25,25,14642662,3.8,A,63,Brokerage Listings,Mid-size (11-50 agents),2026-09-18T06:46:02Z
CREAM-20260918-00267,Gloria Mitchell,Gloria Mitchell,Gloria,Mitchell,gmitchell@hotmail.com,(407) 764-9650,eXp Realty,eXp Realty,Sacramento,Sacramento,CA,93562,4,24,24,16817498,3.1,A,82,Cold Outreach,Mid-size (11-50 agents),2026-09-18T20:56:36Z
CREAM-20260918-00268,Brandon Evans,Brandon Evans,Brandon,Evans,brandon_evans@icloud.com,(469) 907-5291,Keller Williams,Keller Williams,Mesa,Mesa,AZ,86583,0,1,1,428211,4.0,A,65,LinkedIn,Enterprise (200+ agents),2026-09-18T11:49:06Z
CREAM-20260918-00269,Susan Miller,Susan Miller,Susan,Miller,smiller@gmail.com,(512) 799-3273,Sotheby's International,Sotheby's International,Long Beach,Long Beach,CA,95950,3,23,23,21183027,4.4,A,93,Referral Network,Boutique (2-10 agents),2026-09-18T05:24:44Z
CREAM-20260918-00270,Kimberly Mendoza,Kimberly Mendoza,Kimberly,Mendoza,kmendoza@kellerwilliams.com,(334) 359-3189,Keller Williams,Keller Williams,Cincinnati,Cincinnati,OH,45314,18,68,68,12084337,4.0,A,68,LinkedIn,Independent,2026-09-18T22:03:06Z
CREAM-20260918-00271,Victoria Diaz,Victoria Diaz,Victoria,Diaz,vdiaz@aol.com,(512) 430-8518,8z Real Estate,8z Real Estate,Aurora,Aurora,CO,81417,9,30,30,20627350,4.2,A,61,Cold Outreach,Large (51-200 agents),2026-09-18T21:15:24Z
CREAM-20260918-00272,Brian Torres,Brian Torres,Brian,Torres,btorres@aol.com,(916) 601-6071,RE/MAX,RE/MAX,Tampa,Tampa,FL,34225,10,39,39,20298620,4.5,A,89,Trade Show,Enterprise (200+ agents),2026-09-18T01:00:05Z
CREAM-20260918-00273,Christine Gutierrez,Christine Gutierrez,Christine,Gutierrez,cgutierrez@hotmail.com,(415) 842-5620,Coldwell Banker,Coldwell Banker,Los Angeles,Los Angeles,CA,96194,0,3,3,1991070,4.7,A,67,Website Lead,Boutique (2-10 agents),2026-09-18T12:34:47Z
CREAM-20260918-00274,Dorothy Gonzalez,Dorothy Gonzalez,Dorothy,Gonzalez,dorothy.gonzalez@me.com,(415) 585-3242,eXp Realty,eXp Realty,Long Beach,Long Beach,CA,93327,0,1,1,633523,4.8,A,77,Trade Show,Independent,2026-09-18T16:31:58Z
CREAM-20260918-00275,Alan Patel,Alan Patel,Alan,Patel,apatel@outlook.com,(929) 918-5748,Howard Hanna,Howard Hanna,Charlotte,Charlotte,NC,27250,2,11,11,3840230,3.6,A,66,Trade Show,Boutique (2-10 agents),2026-09-18T17:19:43Z
CREAM-20260918-00276,Laura Allen,Laura Allen,Laura,Allen,lauraa@icloud.com,(704) 651-8266,HomeSmart,HomeSmart,Phoenix,Phoenix,AZ,86304,14,39,39,13069010,3.1,A,78,Facebook,Large (51-200 agents),2026-09-18T05:49:10Z
CREAM-20260918-00277,Steven Fisher,Steven Fisher,Steven,Fisher,stevenfisher@gmail.com,(469) 731-1679,Berkshire Hathaway,Berkshire Hathaway,Raleigh,Raleigh,NC,27190,3,11,11,4215194,4.1,A,96,MLS Database,Enterprise (200+ agents),2026-09-18T00:59:49Z
CREAM-20260918-00278,Frank Morris,Frank Morris,Frank,Morris,frankm@yahoo.com,(919) 625-2033,Compass,Compass,Denver,Denver,CO,80866,3,22,22,13020709,4.0,A,82,NAR Directory,Large (51-200 agents),2026-09-18T12:19:00Z
CREAM-20260918-00279,Sharon Johnson,Sharon Johnson,Sharon,Johnson,sharon_johnson@icloud.com,(646) 545-1240,Nest Seekers,Nest Seekers,Manhattan,Manhattan,NY,11125,11,67,67,31426165,5.0,A,95,Realtor.com,Large (51-200 agents),2026-09-18T14:00:21Z
CREAM-20260918-00280,William Myers,William Myers,William,Myers,williamm@nestseekers.com,(310) 682-7451,Nest Seekers,Nest Seekers,Staten Island,Staten Island,NY,13788,11,27,27,21174933,4.2,A,68,Cold Outreach,Boutique (2-10 agents),2026-09-18T23:57:16Z
CREAM-20260918-00281,Jacob Alexander,Jacob Alexander,Jacob,Alexander,jacoba@hotmail.com,(714) 481-9652,Compass,Compass,Denver,Denver,CO,80870,5,19,19,10171800,5.0,A,100,Trade Show,Boutique (2-10 agents),2026-09-18T09:24:03Z
CREAM-20260918-00282,Christopher Edwards,Christopher Edwards,Christopher,Edwards,christopher_edwards@gmail.com,(407) 915-9959,RE/MAX,RE/MAX,St. Petersburg,St. Petersburg,FL,34847,3,24,24,8477201,4.9,A,66,Facebook,Enterprise (200+ agents),2026-09-18T06:43:39Z
CREAM-20260918-00283,Alan Harris,Alan Harris,Alan,Harris,alan.harris@me.com,(718) 801-8215,Allie Beth Allman,Allie Beth Allman,El Paso,El Paso,TX,78386,17,43,43,10979249,4.9,A,92,Cold Outreach,Enterprise (200+ agents),2026-09-18T09:24:18Z
CREAM-20260918-00284,Judith Miller,Judith Miller,Judith,Miller,judith.miller@outlook.com,(704) 690-4329,Keller Williams,Keller Williams,Raleigh,Raleigh,NC,28641,4,20,20,5995320,4.7,A,77,Realtor.com,Boutique (2-10 agents),2026-09-18T22:58:08Z
CREAM-20260918-00285,David King,David King,David,King,david.king@aol.com,(334) 518-7275,RE/MAX,RE/MAX,Cincinnati,Cincinnati,OH,45395,14,34,34,8859254,4.9,A,66,Trade Show,Boutique (2-10 agents),2026-09-18T04:31:37Z
CREAM-20260918-00286,Thomas Cook,Thomas Cook,Thomas,Cook,tcook@aol.com,(980) 443-1109,eXp Realty,eXp Realty,San Diego,San Diego,CA,94722,25,48,48,44377659,4.6,A,72,MLS Database,Mid-size (11-50 agents),2026-09-18T01:56:30Z
CREAM-20260918-00287,Diane Diaz,Diane Diaz,Diane,Diaz,dianed@icloud.com,(786) 473-8483,RE/MAX,RE/MAX,Sacramento,Sacramento,CA,96801,2,5,5,3187282,4.8,A,92,NAR Directory,Independent,2026-09-18T05:04:51Z
CREAM-20260918-00288,William White,William White,William,White,wwhite@yahoo.com,(614) 778-9425,Berkshire Hathaway,Berkshire Hathaway,Raleigh,Raleigh,NC,27667,8,16,16,6808002,4.7,A,83,Trade Show,Independent,2026-09-18T01:48:19Z
CREAM-20260918-00289,Jason Wilson,Jason Wilson,Jason,Wilson,jason.wilson@brownharrisstevens.com,(704) 635-6418,Brown Harris Stevens,Brown Harris Stevens,Manhattan,Manhattan,NY,11243,3,14,14,10958251,3.2,A,88,Realtor.com,Independent,2026-09-18T09:14:11Z
CREAM-20260918-00290,Jessica Flores,Jessica Flores,Jessica,Flores,jessicaflores@hotmail.com,(234) 751-7384,8z Real Estate,8z Real Estate,Aurora,Aurora,CO,80769,4,14,14,5452289,4.9,A,80,Website Lead,Boutique (2-10 agents),2026-09-18T00:34:54Z
CREAM-20260918-00291,Patricia Bailey,Patricia Bailey,Patricia,Bailey,patriciab@cutlerrealestate.com,(214) 321-4043,Cutler Real Estate,Cutler Real Estate,Cleveland,Cleveland,OH,43849,6,19,19,3341270,4.3,A,77,LinkedIn,Enterprise (200+ agents),2026-09-18T21:25:58Z
CREAM-20260918-00292,Nicole Sanders,Nicole Sanders,Nicole,Sanders,nicoles@outlook.com,(916) 429-4423,Coldwell Banker,Coldwell Banker,San Francisco,San Francisco,CA,94840,14,58,58,46413493,3.9,A,84,LinkedIn,Boutique (2-10 agents),2026-09-18T20:32:16Z
CREAM-20260918-00293,Scott Diaz,Scott Diaz,Scott,Diaz,scottd@compass.com,(929) 310-4855,Compass,Compass,Colorado Springs,Colorado Springs,CO,80614,24,44,44,18428676,4.6,A,62,NAR Directory,Independent,2026-09-18T11:44:28Z
CREAM-20260918-00294,Margaret Anderson,Margaret Anderson,Margaret,Anderson,margaret.anderson@outlook.com,(415) 990-3340,eXp Realty,eXp Realty,Fort Lauderdale,Fort Lauderdale,FL,32305,22,40,40,16362783,4.1,A,81,Cold Outreach,Independent,2026-09-18T09:32:57Z
CREAM-20260918-00295,Rose Torres,Rose Torres,Rose,Torres,rose_torres@icloud.com,(310) 277-8264,Coldwell Banker,Coldwell Banker,Colorado Springs,Colorado Springs,CO,81590,15,63,63,43537588,4.0,A,81,NAR Directory,Boutique (2-10 agents),2026-09-18T21:21:19Z
CREAM-20260918-00296,Jack King,Jack King,Jack,King,jackking@hotmail.com,(919) 620-8041,eXp Realty,eXp Realty,Charlotte,Charlotte,NC,27263,1,9,9,2567009,4.4,A,68,LinkedIn,Mid-size (11-50 agents),2026-09-18T02:09:42Z
CREAM-20260918-00297,Matthew Baker,Matthew Baker,Matthew,Baker,matthew_baker@gmail.com,(305) 926-4803,Berkshire Hathaway,Berkshire Hathaway,Raleigh,Raleigh,NC,27299,5,8,8,2683025,4.8,A,97,LinkedIn,Independent,2026-09-18T01:22:24Z
CREAM-20260918-00298,Megan Richardson,Megan Richardson,Megan,Richardson,meganr@aol.com,(469) 666-4253,eXp Realty,eXp Realty,Miami,Miami,FL,34290,5,16,16,7065168,4.3,A,86,Referral Network,Independent,2026-09-18T11:15:42Z
CREAM-20260918-00299,Linda Jenkins,Linda Jenkins,Linda,Jenkins,linda_jenkins@me.com,(786) 757-9678,Berkshire Hathaway HomeServices,Berkshire Hathaway HomeServices,San Francisco,San Francisco,CA,95506,3,12,12,7664595,3.2,A,74,Trade Show,Independent,2026-09-18T04:39:57Z
CREAM-20260918-00300,Megan Fisher,Megan Fisher,Megan,Fisher,meganf@alliebethallman.com,(646) 777-5177,Allie Beth Allman,Allie Beth Allman,Dallas,Dallas,TX,78637,5,16,16,7125653,4.3,A,79,Realtor.com,Independent,2026-09-18T15:26:40Z
CREAM-20260918-00301,Nancy Allen,Nancy Allen,Nancy,Allen,nallen@exprealty.com,(713) 905-1857,eXp Realty,eXp Realty,Oakland,Oakland,CA,92710,20,64,64,46223692,3.5,A,90,Brokerage Listings,Enterprise (200+ agents),2026-09-18T14:20:01Z
CREAM-20260918-00302,Jennifer Phillips,Jennifer Phillips,Jennifer,Phillips,jphillips@hotmail.com,(972) 661-5150,RE/MAX,RE/MAX,El Paso,El Paso,TX,77647,4,17,17,4672573,3.1,A,82,Website Lead,Boutique (2-10 agents),2026-09-18T07:57:55Z
CREAM-20260918-00303,Theresa Jenkins,Theresa Jenkins,Theresa,Jenkins,tjenkins@icloud.com,(786) 271-8762,Compass,Compass,Tampa,Tampa,FL,32706,2,9,9,3542941,4.4,A,65,NAR Directory,Mid-size (11-50 agents),2026-09-18T03:01:55Z
CREAM-20260918-00304,Gregory Miller,Gregory Miller,Gregory,Miller,gregorymiller@hotmail.com,(713) 584-6023,Coldwell Banker,Coldwell Banker,Aurora,Aurora,CO,81718,3,9,9,6184006,4.4,A,87,Trade Show,Mid-size (11-50 agents),2026-09-18T14:02:05Z
CREAM-20260918-00305,Patricia Clark,Patricia Clark,Patricia,Clark,patriciac@icloud.com,(916) 467-2963,RE/MAX,RE/MAX,Colorado Springs,Colorado Springs,CO,81705,16,57,57,32148932,4.8,A,92,Referral Network,Boutique (2-10 agents),2026-09-18T17:09:26Z
CREAM-20260918-00306,Alexander Campbell,Alexander Campbell,Alexander,Campbell,acampbell@outlook.com,(972) 563-4310,Keller Williams,Keller Williams,Mesa,Mesa,AZ,85521,3,19,19,7170975,3.5,A,97,LinkedIn,Enterprise (200+ agents),2026-09-18T17:43:44Z
CREAM-20260918-00307,Ralph Long,Ralph Long,Ralph,Long,rlong@homesmart.com,(646) 435-4705,HomeSmart,HomeSmart,Phoenix,Phoenix,AZ,86654,21,68,68,30569773,3.4,A,84,Trade Show,Mid-size (11-50 agents),2026-09-18T12:50:50Z
CREAM-20260918-00308,Sarah Ramirez,Sarah Ramirez,Sarah,Ramirez,sarah.ramirez@allentate.com,(972) 859-4949,Allen Tate,Allen Tate,Greensboro,Greensboro,NC,27340,23,67,67,24997836,4.1,A,84,LinkedIn,Enterprise (200+ agents),2026-09-18T06:25:07Z
CREAM-20260918-00309,Samuel Gonzalez,Samuel Gonzalez,Samuel,Gonzalez,samuel.gonzalez@huntingtonrealestate.com,(929) 601-8778,Huntington Real Estate,Huntington Real Estate,Cincinnati,Cincinnati,OH,45206,18,29,29,6552457,4.5,A,72,Realtor.com,Large (51-200 agents),2026-09-18T12:11:29Z
CREAM-20260918-00310,Amber Lopez,Amber Lopez,Amber,Lopez,amber.lopez@kellerwilliams.com,(714) 990-6384,Keller Williams,Keller Williams,Charlotte,Charlotte,NC,27342,1,9,9,2497428,4.5,A,92,Brokerage Listings,Enterprise (200+ agents),2026-09-18T02:42:30Z
CREAM-20260918-00311,Deborah Robinson,Deborah Robinson,Deborah,Robinson,deborahr@gmail.com,(407) 989-1225,Berkshire Hathaway,Berkshire Hathaway,Mesa,Mesa,AZ,85467,10,34,34,12600610,3.9,A,96,Realtor.com,Boutique (2-10 agents),2026-09-18T02:55:10Z
CREAM-20260918-00312,Brandon Bailey,Brandon Bailey,Brandon,Bailey,brandon_bailey@gmail.com,(972) 581-4374,eXp Realty,eXp Realty,Charlotte,Charlotte,NC,27866,5,21,21,7471392,4.7,A,76,Cold Outreach,Large (51-200 agents),2026-09-18T23:10:26Z
CREAM-20260918-00313,Arthur Rogers,Arthur Rogers,Arthur,Rogers,arthurr@berkshirehathawayhomeservices.com,(646) 495-1616,Berkshire Hathaway HomeServices,Berkshire Hathaway HomeServices,Oakland,Oakland,CA,93882,21,65,65,55420312,3.7,A,98,Trade Show,Mid-size (11-50 agents),2026-09-18T04:11:19Z
CREAM-20260918-00314,Wayne Rogers,Wayne Rogers,Wayne,Rogers,wayner@longrealty.com,(929) 468-6901,Long Realty,Long Realty,Scottsdale,Scottsdale,AZ,85647,5,14,14,4447099,4.1,A,81,Facebook,Enterprise (200+ agents),2026-09-18T04:46:51Z
CREAM-20260918-00315,Katherine Stewart,Katherine Stewart,Katherine,Stewart,katherinestewart@aol.com,(212) 486-8515,RE/MAX,RE/MAX,Greensboro,Greensboro,NC,28681,12,28,28,8233528,4.5,A,74,LinkedIn,Enterprise (200+ agents),2026-09-18T16:13:23Z
CREAM-20260918-00316,Richard Wilson,Richard Wilson,Richard,Wilson,richardwilson@me.com,(718) 556-4494,Keller Williams,Keller Williams,Aurora,Aurora,CO,80499,8,29,29,17872964,3.0,A,65,Referral Network,Large (51-200 agents),2026-09-18T22:50:52Z
CREAM-20260918-00317,Gary Mendoza,Gary Mendoza,Gary,Mendoza,gary_mendoza@aol.com,(334) 864-4178,Coldwell Banker,Coldwell Banker,Greensboro,Greensboro,NC,28917,2,7,7,2674683,4.2,A,85,Brokerage Listings,Mid-size (11-50 agents),2026-09-18T07:54:18Z
CREAM-20260918-00318,Dorothy Campbell,Dorothy Campbell,Dorothy,Campbell,dorothyc@compass.com,(805) 398-4270,Compass,Compass,Miami,Miami,FL,33589,18,46,46,21620724,3.2,A,81,Website Lead,Boutique (2-10 agents),2026-09-18T22:01:38Z
CREAM-20260918-00319,Amanda Price,Amanda Price,Amanda,Price,amanda_price@yahoo.com,(713) 826-4418,Berkshire Hathaway HomeServices,Berkshire Hathaway HomeServices,Los Angeles,Los Angeles,CA,91979,20,78,78,80688427,4.4,A,87,Website Lead,Mid-size (11-50 agents),2026-09-18T12:52:38Z
CREAM-20260918-00320,Steven Thompson,Steven Thompson,Steven,Thompson,sthompson@hotmail.com,(415) 803-5331,8z Real Estate,8z Real Estate,Aurora,Aurora,CO,80560,2,3,3,1271844,3.5,A,87,NAR Directory,Large (51-200 agents),2026-09-18T04:04:26Z
CREAM-20260918-00321,Emily Peterson,Emily Peterson,Emily,Peterson,emily.peterson@yahoo.com,(407) 596-5669,Coldwell Banker,Coldwell Banker,Aurora,Aurora,CO,81471,20,63,63,31817573,3.2,A,64,Realtor.com,Large (51-200 agents),2026-09-18T16:19:21Z
CREAM-20260918-00322,Carl Myers,Carl Myers,Carl,Myers,carl.myers@icloud.com,(704) 461-3861,eXp Realty,eXp Realty,Tucson,Tucson,AZ,85970,2,4,4,1789196,3.1,A,83,Brokerage Listings,Enterprise (200+ agents),2026-09-18T14:16:24Z
CREAM-20260918-00323,Justin Richardson,Justin Richardson,Justin,Richardson,justinr@kellerwilliams.com,(513) 238-5075,Keller Williams,Keller Williams,Cincinnati,Cincinnati,OH,45461,2,7,7,1478197,3.7,A,64,Trade Show,Boutique (2-10 agents),2026-09-18T16:51:50Z
CREAM-20260918-00324,Roger Wright,Roger Wright,Roger,Wright,rwright@douglaselliman.com,(234) 845-2890,Douglas Elliman,Douglas Elliman,Queens,Queens,NY,12968,6,39,39,23312267,4.7,A,64,Brokerage Listings,Boutique (2-10 agents),2026-09-18T09:55:20Z
CREAM-20260918-00325,Michelle Nguyen,Michelle Nguyen,Michelle,Nguyen,michelle.nguyen@re/max.com,(972) 474-6516,RE/MAX,RE/MAX,San Francisco,San Francisco,CA,95721,8,38,38,28593861,3.4,A,72,NAR Directory,Boutique (2-10 agents),2026-09-18T09:38:53Z
CREAM-20260918-00326,Kathleen Price,Kathleen Price,Kathleen,Price,kprice@yahoo.com,(704) 802-6325,Coldwell Banker,Coldwell Banker,Denver,Denver,CO,80431,2,3,3,1608134,4.5,A,79,LinkedIn,Mid-size (11-50 agents),2026-09-18T10:00:38Z
CREAM-20260918-00327,Bruce Morris,Bruce Morris,Bruce,Morris,brucemorris@outlook.com,(404) 998-6760,Allie Beth Allman,Allie Beth Allman,El Paso,El Paso,TX,77252,25,56,56,22023981,3.9,A,94,NAR Directory,Mid-size (11-50 agents),2026-09-18T19:54:43Z
CREAM-20260918-00328,Tyler Jenkins,Tyler Jenkins,Tyler,Jenkins,tylerj@halstead.com,(929) 242-7626,Halstead,Halstead,Manhattan,Manhattan,NY,10180,14,71,71,52956417,3.3,A,98,Referral Network,Independent,2026-09-18T01:21:52Z
CREAM-20260918-00329,Jacob Thomas,Jacob Thomas,Jacob,Thomas,jacobt@compass.com,(407) 986-3351,Compass,Compass,Orlando,Orlando,FL,33274,1,6,6,2331125,4.5,A,66,LinkedIn,Enterprise (200+ agents),2026-09-18T02:50:10Z
CREAM-20260918-00330,Diane Jones,Diane Jones,Diane,Jones,dianej@kellerwilliamsrealty.com,(929) 265-9909,Keller Williams Realty,Keller Williams Realty,Sacramento,Sacramento,CA,92881,4,18,18,19740629,4.0,A,73,Trade Show,Boutique (2-10 agents),2026-09-18T10:51:39Z
CREAM-20260918-00331,Barbara Gonzalez,Barbara Gonzalez,Barbara,Gonzalez,barbara_gonzalez@me.com,(919) 239-8982,Berkshire Hathaway,Berkshire Hathaway,Miami,Miami,FL,33977,23,54,54,22552461,3.6,A,84,Referral Network,Independent,2026-09-18T10:30:07Z
CREAM-20260918-00332,Alexander Ward,Alexander Ward,Alexander,Ward,alexanderw@coldwellbanker.com,(310) 690-4162,Coldwell Banker,Coldwell Banker,Houston,Houston,TX,75568,0,2,2,787297,4.7,A,71,Trade Show,Mid-size (11-50 agents),2026-09-18T02:13:36Z
CREAM-20260918-00333,Ralph Moore,Ralph Moore,Ralph,Moore,ralph_moore@hotmail.com,(469) 418-3809,Keller Williams,Keller Williams,Dallas,Dallas,TX,75451,10,32,32,14119795,4.0,A,69,Trade Show,Mid-size (11-50 agents),2026-09-18T18:04:13Z
CREAM-20260918-00334,Nicole Foster,Nicole Foster,Nicole,Foster,nicolef@gmail.com,(929) 202-9417,Sotheby's International,Sotheby's International,Queens,Queens,NY,11871,1,3,3,2205845,4.1,A,80,Realtor.com,Mid-size (11-50 agents),2026-09-18T15:14:58Z
CREAM-20260918-00335,Paul Harris,Paul Harris,Paul,Harris,paulharris@hotmail.com,(234) 345-3178,Howard Hanna,Howard Hanna,Charlotte,Charlotte,NC,28804,2,4,4,1334197,4.2,A,64,MLS Database,Mid-size (11-50 agents),2026-09-18T14:58:53Z
CREAM-20260918-00336,Barbara Cooper,Barbara Cooper,Barbara,Cooper,barbarac@yahoo.com,(256) 554-6254,Sotheby's International,Sotheby's International,San Jose,San Jose,CA,95375,7,17,17,11825666,4.6,A,67,Website Lead,Independent,2026-09-18T10:16:08Z
CREAM-20260918-00337,Eric Lee,Eric Lee,Eric,Lee,eric_lee@icloud.com,(646) 509-7110,Douglas Elliman,Douglas Elliman,Orlando,Orlando,FL,34966,4,19,19,9745428,4.8,A,73,Website Lead,Boutique (2-10 agents),2026-09-18T05:21:05Z
CREAM-20260918-00338,Jennifer Mitchell,Jennifer Mitchell,Jennifer,Mitchell,jennifermitchell@yahoo.com,(718) 601-2449,RE/MAX,RE/MAX,Colorado Springs,Colorado Springs,CO,80887,13,64,64,41602589,3.7,A,85,Referral Network,Mid-size (11-50 agents),2026-09-18T13:48:37Z
CREAM-20260918-00339,Arthur Mitchell,Arthur Mitchell,Arthur,Mitchell,arthurm@compass.com,(704) 527-4966,Compass,Compass,San Francisco,San Francisco,CA,90733,3,8,8,8472593,3.4,A,98,LinkedIn,Independent,2026-09-18T07:13:04Z
CREAM-20260918-00340,Donna Hill,Donna Hill,Donna,Hill,donna.hill@huntingtonrealestate.com,(972) 578-4773,Huntington Real Estate,Huntington Real Estate,Cleveland,Cleveland,OH,43408,0,4,4,761954,4.6,A,60,Trade Show,Independent,2026-09-18T11:55:36Z
CREAM-20260918-00341,Judith Johnson,Judith Johnson,Judith,Johnson,judithj@alliebethallman.com,(972) 238-6437,Allie Beth Allman,Allie Beth Allman,Austin,Austin,TX,79531,2,10,10,4085526,4.4,A,96,Website Lead,Large (51-200 agents),2026-09-18T11:11:18Z
CREAM-20260918-00342,Brandon Gonzalez,Brandon Gonzalez,Brandon,Gonzalez,brandong@hotmail.com,(972) 379-1562,RE/MAX,RE/MAX,Tucson,Tucson,AZ,86634,0,2,2,790714,4.1,A,89,Cold Outreach,Large (51-200 agents),2026-09-18T14:49:59Z
CREAM-20260918-00343,Kevin Mendoza,Kevin Mendoza,Kevin,Mendoza,kevinmendoza@outlook.com,(212) 484-5541,Berkshire Hathaway,Berkshire Hathaway,Phoenix,Phoenix,AZ,85559,24,31,31,15579190,4.6,A,68,LinkedIn,Boutique (2-10 agents),2026-09-18T04:31:14Z
CREAM-20260918-00344,Kimberly Ramos,Kimberly Ramos,Kimberly,Ramos,kimberlyramos@me.com,(469) 615-8448,RE/MAX,RE/MAX,Cleveland,Cleveland,OH,44123,7,33,33,10407208,4.4,A,99,Trade Show,Boutique (2-10 agents),2026-09-18T06:15:58Z
CREAM-20260918-00345,Kimberly Castillo,Kimberly Castillo,Kimberly,Castillo,kimberly_castillo@aol.com,(334) 466-8388,Coldwell Banker,Coldwell Banker,Charlotte,Charlotte,NC,27221,6,39,39,17440529,4.7,A,65,NAR Directory,Large (51-200 agents),2026-09-18T05:55:58Z
CREAM-20260918-00346,Carolyn Jackson,Carolyn Jackson,Carolyn,Jackson,cjackson@aol.com,(303) 963-1067,Compass,Compass,St. Petersburg,St. Petersburg,FL,33264,5,24,24,10989947,3.4,A,80,MLS Database,Independent,2026-09-18T09:16:28Z
CREAM-20260918-00347,Cynthia Harris,Cynthia Harris,Cynthia,Harris,cynthia_harris@me.com,(512) 644-4341,Brown Harris Stevens,Brown Harris Stevens,Brooklyn,Brooklyn,NY,13942,2,6,6,3468163,4.1,A,70,Realtor.com,Independent,2026-09-18T07:03:56Z
CREAM-20260918-00348,Raymond Smith,Raymond Smith,Raymond,Smith,raymonds@allentate.com,(512) 737-2664,Allen Tate,Allen Tate,Greensboro,Greensboro,NC,27775,2,12,12,3978776,4.9,A,66,MLS Database,Mid-size (11-50 agents),2026-09-18T03:58:32Z
CREAM-20260918-00349,Benjamin Castillo,Benjamin Castillo,Benjamin,Castillo,benjamin.castillo@icloud.com,(916) 425-4034,Coldwell Banker,Coldwell Banker,Fort Lauderdale,Fort Lauderdale,FL,34307,1,9,9,4538410,3.7,A,76,LinkedIn,Mid-size (11-50 agents),2026-09-18T20:24:07Z
CREAM-20260918-00350,Eugene Cooper,Eugene Cooper,Eugene,Cooper,eugenec@re/max.com,(980) 769-2374,RE/MAX,RE/MAX,Scottsdale,Scottsdale,AZ,85579,5,13,13,3823185,3.1,A,89,Cold Outreach,Independent,2026-09-18T08:00:58Z
CREAM-20260918-00351,Jeffrey Young,Jeffrey Young,Jeffrey,Young,jeffrey.young@aol.com,(234) 799-2933,HER Realtors,HER Realtors,Columbus,Columbus,OH,44953,8,39,39,12445023,3.1,A,80,NAR Directory,Enterprise (200+ agents),2026-09-18T20:04:37Z
CREAM-20260918-00352,Edward Ward,Edward Ward,Edward,Ward,edward_ward@hotmail.com,(512) 853-8371,Berkshire Hathaway,Berkshire Hathaway,Scottsdale,Scottsdale,AZ,85546,1,11,11,5859007,4.3,A,100,Referral Network,Mid-size (11-50 agents),2026-09-18T19:09:51Z
CREAM-20260918-00353,Jessica Moore,Jessica Moore,Jessica,Moore,jessicamoore@aol.com,(407) 645-8330,Russell Lyon Sotheby's,Russell Lyon Sotheby's,Scottsdale,Scottsdale,AZ,86193,4,13,13,5331112,4.8,A,82,Referral Network,Boutique (2-10 agents),2026-09-18T15:50:07Z
CREAM-20260918-00354,Ryan Green,Ryan Green,Ryan,Green,ryangreen@outlook.com,(704) 458-2355,Corcoran Group,Corcoran Group,Queens,Queens,NY,13661,21,65,65,47267242,3.0,A,73,Brokerage Listings,Mid-size (11-50 agents),2026-09-18T10:01:30Z
CREAM-20260918-00355,Theresa Nguyen,Theresa Nguyen,Theresa,Nguyen,theresan@coldwellbanker.com,(415) 272-4435,Coldwell Banker,Coldwell Banker,Denver,Denver,CO,80477,0,3,3,1660376,3.5,A,93,Facebook,Boutique (2-10 agents),2026-09-18T22:34:33Z
CREAM-20260918-00356,Andrew Miller,Andrew Miller,Andrew,Miller,andrew.miller@icloud.com,(805) 360-2627,Keller Williams Realty,Keller Williams Realty,San Francisco,San Francisco,CA,92426,2,5,5,5017045,4.7,A,91,NAR Directory,Mid-size (11-50 agents),2026-09-18T02:34:24Z
CREAM-20260918-00357,Charles Gutierrez,Charles Gutierrez,Charles,Gutierrez,charlesgutierrez@outlook.com,(334) 328-1010,Compass,Compass,Charlotte,Charlotte,NC,27612,20,70,70,27261267,4.5,A,100,NAR Directory,Boutique (2-10 agents),2026-09-18T02:57:40Z
CREAM-20260918-00358,Amber Ward,Amber Ward,Amber,Ward,amber.ward@sothebysinternational.com,(415) 791-7225,Sotheby's International,Sotheby's International,Sacramento,Sacramento,CA,93658,12,60,60,62689684,3.0,A,65,LinkedIn,Independent,2026-09-18T03:46:17Z
CREAM-20260918-00359,Brittany Sanchez,Brittany Sanchez,Brittany,Sanchez,brittany.sanchez@me.com,(929) 679-6129,RE/MAX,RE/MAX,Tucson,Tucson,AZ,86908,5,10,10,3679417,4.5,A,87,Referral Network,Boutique (2-10 agents),2026-09-18T13:48:03Z
CREAM-20260918-00360,Catherine Gomez,Catherine Gomez,Catherine,Gomez,catherine.gomez@outlook.com,(714) 279-4584,Halstead,Halstead,Bronx,Bronx,NY,11687,6,33,33,24973524,4.3,A,90,Referral Network,Enterprise (200+ agents),2026-09-18T04:26:05Z
CREAM-20260918-00361,Nancy Hall,Nancy Hall,Nancy,Hall,nhall@exprealty.com,(972) 308-5406,eXp Realty,eXp Realty,Scottsdale,Scottsdale,AZ,85584,5,19,19,9063932,4.2,A,94,NAR Directory,Enterprise (200+ agents),2026-09-18T19:14:45Z
CREAM-20260918-00362,Philip Powell,Philip Powell,Philip,Powell,philippowell@me.com,(929) 900-2935,HER Realtors,HER Realtors,Cleveland,Cleveland,OH,45149,2,8,8,2129276,4.9,A,89,Trade Show,Mid-size (11-50 agents),2026-09-18T19:59:43Z
CREAM-20260918-00363,Lauren Brown,Lauren Brown,Lauren,Brown,laurenb@icloud.com,(916) 484-8635,eXp Realty,eXp Realty,Miami,Miami,FL,32145,21,32,32,11800999,4.3,A,74,Realtor.com,Large (51-200 agents),2026-09-18T14:20:05Z
CREAM-20260918-00364,Dennis Sanders,Dennis Sanders,Dennis,Sanders,dennis_sanders@me.com,(212) 308-7237,eXp Realty,eXp Realty,Mesa,Mesa,AZ,85633,1,8,8,3226477,3.6,A,86,Trade Show,Independent,2026-09-18T16:53:20Z
CREAM-20260918-00365,Diane Alvarez,Diane Alvarez,Diane,Alvarez,dalvarez@berkshirehathaway.com,(704) 327-9509,Berkshire Hathaway,Berkshire Hathaway,Denver,Denver,CO,80610,1,3,3,1379953,4.4,A,73,Trade Show,Enterprise (200+ agents),2026-09-18T07:10:07Z
CREAM-20260918-00366,Nicole Hill,Nicole Hill,Nicole,Hill,nicole_hill@gmail.com,(310) 913-7169,Howard Hanna,Howard Hanna,Charlotte,Charlotte,NC,27744,22,68,68,20331164,4.4,A,84,MLS Database,Boutique (2-10 agents),2026-09-18T12:05:18Z
CREAM-20260918-00367,Juan Parker,Juan Parker,Juan,Parker,juan_parker@me.com,(256) 268-2879,Long Realty,Long Realty,Tucson,Tucson,AZ,85535,1,5,5,1887302,4.5,A,88,Website Lead,Boutique (2-10 agents),2026-09-18T02:39:47Z
CREAM-20260918-00368,Rose Howard,Rose Howard,Rose,Howard,roseh@yahoo.com,(214) 757-4571,HomeSmart,HomeSmart,Tucson,Tucson,AZ,86140,4,22,22,10163408,4.9,A,89,Realtor.com,Enterprise (200+ agents),2026-09-18T20:58:46Z
CREAM-20260918-00369,Carolyn Flores,Carolyn Flores,Carolyn,Flores,cflores@howardhanna.com,(469) 731-3772,Howard Hanna,Howard Hanna,Charlotte,Charlotte,NC,28267,8,40,40,13150364,5.0,A,99,LinkedIn,Independent,2026-09-18T02:38:36Z
CREAM-20260918-00370,Karen Richardson,Karen Richardson,Karen,Richardson,karenr@outlook.com,(415) 228-8431,eXp Realty,eXp Realty,Tucson,Tucson,AZ,85343,2,9,9,4126365,3.0,A,74,NAR Directory,Enterprise (200+ agents),2026-09-18T12:31:05Z
CREAM-20260918-00371,Ruth Carter,Ruth Carter,Ruth,Carter,rcarter@yahoo.com,(415) 402-1007,Corcoran Group,Corcoran Group,Bronx,Bronx,NY,14943,20,71,71,51350716,4.7,A,96,NAR Directory,Mid-size (11-50 agents),2026-09-18T09:45:25Z
CREAM-20260918-00372,Olivia Nguyen,Olivia Nguyen,Olivia,Nguyen,olivia.nguyen@century21.com,(972) 368-5798,Century 21,Century 21,Fort Lauderdale,Fort Lauderdale,FL,33718,1,5,5,2355406,3.1,A,76,NAR Directory,Enterprise (200+ agents),2026-09-18T19:32:44Z
CREAM-20260918-00373,Grace Jones,Grace Jones,Grace,Jones,grace.jones@outlook.com,(234) 684-1872,Compass,Compass,Sacramento,Sacramento,CA,95782,10,65,65,66200808,3.3,A,78,Referral Network,Mid-size (11-50 agents),2026-09-18T00:12:15Z
CREAM-20260918-00374,Charles Lee,Charles Lee,Charles,Lee,clee@outlook.com,(602) 699-2586,Douglas Elliman,Douglas Elliman,Brooklyn,Brooklyn,NY,11257,5,10,10,7278728,3.1,A,66,Realtor.com,Mid-size (11-50 agents),2026-09-18T18:31:40Z
CREAM-20260918-00375,Walter Roberts,Walter Roberts,Walter,Roberts,walter.roberts@yahoo.com,(212) 842-3854,Keller Williams,Keller Williams,Denver,Denver,CO,81914,0,4,4,2695723,4.7,A,66,LinkedIn,Large (51-200 agents),2026-09-18T22:44:21Z
CREAM-20260918-00376,Nancy Collins,Nancy Collins,Nancy,Collins,nancy.collins@cutlerrealestate.com,(303) 648-2236,Cutler Real Estate,Cutler Real Estate,Cleveland,Cleveland,OH,45226,18,34,34,7673355,3.5,A,88,LinkedIn,Mid-size (11-50 agents),2026-09-18T20:25:29Z
CREAM-20260918-00377,Gary Fisher,Gary Fisher,Gary,Fisher,garyf@longrealty.com,(714) 288-9822,Long Realty,Long Realty,Phoenix,Phoenix,AZ,86956,10,52,52,25100740,4.2,A,63,Brokerage Listings,Boutique (2-10 agents),2026-09-18T22:14:46Z
CREAM-20260918-00378,Brian Bennett,Brian Bennett,Brian,Bennett,brian_bennett@yahoo.com,(718) 486-8196,Corcoran Group,Corcoran Group,Brooklyn,Brooklyn,NY,11195,15,38,38,17352560,3.3,A,64,Trade Show,Large (51-200 agents),2026-09-18T23:37:11Z
CREAM-20260918-00379,Deborah Ward,Deborah Ward,Deborah,Ward,deborah_ward@aol.com,(646) 715-1769,Corcoran Group,Corcoran Group,New York City,New York City,NY,13750,24,68,68,45848992,3.7,A,63,Website Lead,Large (51-200 agents),2026-09-18T16:42:10Z
CREAM-20260918-00380,Joseph Patel,Joseph Patel,Joseph,Patel,josephp@me.com,(234) 312-8565,Brown Harris Stevens,Brown Harris Stevens,Staten Island,Staten Island,NY,14814,3,23,23,13537312,4.7,A,97,Realtor.com,Large (51-200 agents),2026-09-18T04:10:21Z
CREAM-20260918-00381,Carolyn Diaz,Carolyn Diaz,Carolyn,Diaz,carolyndiaz@icloud.com,(404) 537-3818,eXp Realty,eXp Realty,Orlando,Orlando,FL,33656,5,8,8,3380953,4.7,A,62,Realtor.com,Independent,2026-09-18T11:03:24Z
CREAM-20260918-00382,Jacob Miller,Jacob Miller,Jacob,Miller,jacob.miller@kellerwilliams.com,(404) 831-1721,Keller Williams,Keller Williams,Brooklyn,Brooklyn,NY,12865,9,15,15,9840034,4.7,A,89,Brokerage Listings,Large (51-200 agents),2026-09-18T14:05:49Z
CREAM-20260918-00383,Samuel Collins,Samuel Collins,Samuel,Collins,samuel.collins@gmail.com,(919) 606-6861,8z Real Estate,8z Real Estate,Aurora,Aurora,CO,81689,4,18,18,11053068,3.5,A,88,LinkedIn,Mid-size (11-50 agents),2026-09-18T20:33:27Z
CREAM-20260918-00384,David Campbell,David Campbell,David,Campbell,davidc@hotmail.com,(512) 439-9298,Coldwell Banker,Coldwell Banker,Scottsdale,Scottsdale,AZ,86230,2,8,8,3317592,3.8,A,70,Cold Outreach,Boutique (2-10 agents),2026-09-18T17:50:18Z
CREAM-20260918-00385,Jack Collins,Jack Collins,Jack,Collins,jackc@yahoo.com,(720) 487-6562,Allen Tate,Allen Tate,Raleigh,Raleigh,NC,28804,6,32,32,11297734,3.9,A,95,LinkedIn,Independent,2026-09-18T07:44:39Z
CREAM-20260918-00386,Ralph Anderson,Ralph Anderson,Ralph,Anderson,ralpha@kellerwilliamsrealty.com,(513) 872-4601,Keller Williams Realty,Keller Williams Realty,Tampa,Tampa,FL,33738,14,47,47,25267376,4.1,A,61,Realtor.com,Enterprise (200+ agents),2026-09-18T09:33:37Z
CREAM-20260918-00387,Gary Lee,Gary Lee,Gary,Lee,gary_lee@gmail.com,(720) 776-6569,Coldwell Banker,Coldwell Banker,Aurora,Aurora,CO,80409,6,23,23,10131870,3.1,A,80,NAR Directory,Independent,2026-09-18T13:50:36Z
CREAM-20260918-00388,Steven Martin,Steven Martin,Steven,Martin,steven.martin@coldwellbanker.com,(972) 512-9444,Coldwell Banker,Coldwell Banker,Houston,Houston,TX,78452,20,44,44,13640748,4.6,A,91,Referral Network,Mid-size (11-50 agents),2026-09-18T19:36:25Z
CREAM-20260918-00389,Linda Harris,Linda Harris,Linda,Harris,lindaharris@hotmail.com,(786) 808-6936,Sotheby's International,Sotheby's International,New York City,New York City,NY,12474,1,4,4,2832857,4.7,A,99,MLS Database,Large (51-200 agents),2026-09-18T13:15:00Z
CREAM-20260918-00390,Bruce Jackson,Bruce Jackson,Bruce,Jackson,brucej@yahoo.com,(404) 322-5177,Russell Lyon Sotheby's,Russell Lyon Sotheby's,Mesa,Mesa,AZ,85946,18,58,58,18130294,4.2,A,81,Cold Outreach,Independent,2026-09-18T00:32:58Z
CREAM-20260918-00391,Kenneth Wright,Kenneth Wright,Kenneth,Wright,kwright@russelllyonsothebys.com,(720) 649-2322,Russell Lyon Sotheby's,Russell Lyon Sotheby's,Scottsdale,Scottsdale,AZ,85901,6,32,32,11467438,3.2,A,81,Cold Outreach,Large (51-200 agents),2026-09-18T00:40:38Z
CREAM-20260918-00392,Kenneth Peterson,Kenneth Peterson,Kenneth,Peterson,kennethp@hotmail.com,(469) 903-5424,Keller Williams,Keller Williams,Bronx,Bronx,NY,12351,3,14,14,10718514,3.3,A,77,NAR Directory,Mid-size (11-50 agents),2026-09-18T10:43:27Z
CREAM-20260918-00393,Rebecca Parker,Rebecca Parker,Rebecca,Parker,rebeccap@coldwellbanker.com,(980) 484-2498,Coldwell Banker,Coldwell Banker,Fort Lauderdale,Fort Lauderdale,FL,33234,21,44,44,14216108,4.3,A,97,Cold Outreach,Independent,2026-09-18T08:40:55Z
CREAM-20260918-00394,Carolyn Taylor,Carolyn Taylor,Carolyn,Taylor,carolyn_taylor@me.com,(305) 341-3410,Berkshire Hathaway,Berkshire Hathaway,Greensboro,Greensboro,NC,28992,23,45,45,16175533,4.2,A,87,MLS Database,Independent,2026-09-18T19:14:11Z
CREAM-20260918-00395,Edward Green,Edward Green,Edward,Green,edwardgreen@yahoo.com,(929) 338-8341,Berkshire Hathaway,Berkshire Hathaway,Dallas,Dallas,TX,77392,25,50,50,17666535,4.9,A,67,Realtor.com,Boutique (2-10 agents),2026-09-18T08:45:39Z
CREAM-20260918-00396,Catherine Richardson,Catherine Richardson,Catherine,Richardson,catheriner@hotmail.com,(415) 399-7151,Coldwell Banker,Coldwell Banker,Charlotte,Charlotte,NC,27362,3,9,9,3346634,4.4,A,88,NAR Directory,Independent,2026-09-18T07:03:31Z
CREAM-20260918-00397,Susan Bennett,Susan Bennett,Susan,Bennett,susan.bennett@homesmart.com,(805) 554-3979,HomeSmart,HomeSmart,Mesa,Mesa,AZ,86233,15,49,49,18535031,3.2,A,91,MLS Database,Large (51-200 agents),2026-09-18T10:49:53Z
CREAM-20260918-00398,Kenneth Gomez,Kenneth Gomez,Kenneth,Gomez,kenneth.gomez@kellerwilliams.com,(212) 760-9732,Keller Williams,Keller Williams,Bronx,Bronx,NY,12215,15,41,41,27672111,3.4,A,69,Realtor.com,Independent,2026-09-18T02:06:22Z
CREAM-20260918-00399,George Sullivan,George Sullivan,George,Sullivan,georges@outlook.com,(404) 376-5411,Keller Williams,Keller Williams,Raleigh,Raleigh,NC,27889,0,1,1,417151,4.7,A,62,Website Lead,Boutique (2-10 agents),2026-09-18T21:53:17Z
CREAM-20260918-00400,Anna Wright,Anna Wright,Anna,Wright,awright@herrealtors.com,(234) 322-9241,HER Realtors,HER Realtors,Cleveland,Cleveland,OH,44249,20,34,34,9519131,3.2,A,78,Facebook,Large (51-200 agents),2026-09-18T23:05:39Z
CREAM-20260918-00401,Carl Adams,Carl Adams,Carl,Adams,carl.adams@icloud.com,(334) 214-4169,Allen Tate,Allen Tate,Durham,Durham,NC,27687,5,12,12,4546965,3.3,B,78,Facebook,Large (51-200 agents),2026-09-18T06:01:16Z
CREAM-20260918-00402,Gregory Diaz,Gregory Diaz,Gregory,Diaz,gdiaz@aol.com,(720) 463-6139,Allie Beth Allman,Allie Beth Allman,Garland,Garland,TX,76387,4,16,16,7271833,4.6,B,68,Realtor.com,Enterprise (200+ agents),2026-09-18T13:46:59Z
CREAM-20260918-00403,Emma Wright,Emma Wright,Emma,Wright,emma.wright@yahoo.com,(614) 306-9216,Keller Williams,Keller Williams,Winston-Salem,Winston-Salem,NC,28725,2,12,12,3322762,4.7,B,66,Realtor.com,Independent,2026-09-18T07:25:00Z
CREAM-20260918-00404,Martha Stewart,Martha Stewart,Martha,Stewart,mstewart@aol.com,(704) 659-1824,Compass,Compass,Winston-Salem,Winston-Salem,NC,27606,1,10,10,4046310,4.2,B,68,Trade Show,Independent,2026-09-18T11:45:45Z
CREAM-20260918-00405,Charles White,Charles White,Charles,White,charlesw@aol.com,(305) 710-2946,Berkshire Hathaway,Berkshire Hathaway,Amarillo,Amarillo,TX,78891,1,10,10,4000410,4.2,B,67,Referral Network,Large (51-200 agents),2026-09-18T17:33:21Z
CREAM-20260918-00406,Stephen Collins,Stephen Collins,Stephen,Collins,stephen.collins@coldwellbanker.com,(646) 609-2552,Coldwell Banker,Coldwell Banker,Lubbock,Lubbock,TX,78335,11,65,65,23780131,3.2,B,94,Facebook,Boutique (2-10 agents),2026-09-18T07:07:00Z
CREAM-20260918-00407,Debra Adams,Debra Adams,Debra,Adams,debraa@allentate.com,(512) 223-3967,Allen Tate,Allen Tate,Winston-Salem,Winston-Salem,NC,27356,4,9,9,2654553,4.2,B,83,NAR Directory,Boutique (2-10 agents),2026-09-18T15:17:30Z
CREAM-20260918-00408,Grace Taylor,Grace Taylor,Grace,Taylor,gtaylor@icloud.com,(646) 402-9040,Keller Williams,Keller Williams,Parma,Parma,OH,44917,17,39,39,7699037,4.5,B,69,Trade Show,Mid-size (11-50 agents),2026-09-18T20:18:04Z
CREAM-20260918-00409,Alan Cooper,Alan Cooper,Alan,Cooper,alancooper@icloud.com,(407) 636-6934,RE/MAX,RE/MAX,Akron,Akron,OH,43385,18,40,40,9597999,3.4,B,93,Referral Network,Enterprise (200+ agents),2026-09-18T01:41:58Z
CREAM-20260918-00410,Christine Castillo,Christine Castillo,Christine,Castillo,christinecastillo@yahoo.com,(212) 792-3074,Russell Lyon Sotheby's,Russell Lyon Sotheby's,Gilbert,Gilbert,AZ,85654,4,18,18,9472761,3.9,B,80,Facebook,Large (51-200 agents),2026-09-18T11:23:43Z
CREAM-20260918-00411,Michelle Davis,Michelle Davis,Michelle,Davis,mdavis@outlook.com,(704) 271-5844,Douglas Elliman,Douglas Elliman,Buffalo,Buffalo,NY,10147,20,57,57,36962796,5.0,B,69,Website Lead,Enterprise (200+ agents),2026-09-18T21:05:25Z
CREAM-20260918-00412,Diane Foster,Diane Foster,Diane,Foster,dfoster@outlook.com,(718) 304-1860,Compass,Compass,Hollywood,Hollywood,FL,33607,11,76,76,38658846,4.0,B,93,Facebook,Enterprise (200+ agents),2026-09-18T18:02:25Z
CREAM-20260918-00413,Walter Allen,Walter Allen,Walter,Allen,walterallen@outlook.com,(919) 445-9177,Berkshire Hathaway,Berkshire Hathaway,Fayetteville,Fayetteville,NC,28152,19,36,36,14148799,3.8,B,69,NAR Directory,Enterprise (200+ agents),2026-09-18T00:07:02Z
CREAM-20260918-00414,Keith Fisher,Keith Fisher,Keith,Fisher,keithf@gmail.com,(929) 703-6980,Compass,Compass,Albany,Albany,NY,13637,8,15,15,8238004,3.3,B,78,Website Lead,Large (51-200 agents),2026-09-18T16:34:54Z
CREAM-20260918-00415,Emily Allen,Emily Allen,Emily,Allen,emily.allen@coldwellbanker.com,(234) 718-9277,Coldwell Banker,Coldwell Banker,Bakersfield,Bakersfield,CA,93843,8,18,18,11922563,4.7,B,81,Referral Network,Mid-size (11-50 agents),2026-09-18T00:44:28Z
CREAM-20260918-00416,Daniel Fisher,Daniel Fisher,Daniel,Fisher,danielf@halstead.com,(919) 955-1228,Halstead,Halstead,Albany,Albany,NY,12425,5,15,15,8006419,3.3,B,69,LinkedIn,Enterprise (200+ agents),2026-09-18T07:28:38Z
CREAM-20260918-00417,Anthony Adams,Anthony Adams,Anthony,Adams,anthonya@corcorangroup.com,(972) 922-1310,Corcoran Group,Corcoran Group,Rochester,Rochester,NY,11281,14,26,26,21826307,4.2,B,64,Realtor.com,Independent,2026-09-18T18:01:02Z
CREAM-20260918-00418,Betty Collins,Betty Collins,Betty,Collins,bettyc@yahoo.com,(972) 614-3791,Douglas Elliman,Douglas Elliman,Garland,Garland,TX,76248,0,2,2,492288,3.8,B,74,Trade Show,Boutique (2-10 agents),2026-09-18T05:02:35Z
CREAM-20260918-00419,Eric Kim,Eric Kim,Eric,Kim,ekim@yahoo.com,(929) 931-3370,eXp Realty,eXp Realty,Pembroke Pines,Pembroke Pines,FL,32736,1,10,10,4474466,3.1,B,95,Realtor.com,Enterprise (200+ agents),2026-09-18T15:30:34Z
CREAM-20260918-00420,Samantha Hughes,Samantha Hughes,Samantha,Hughes,samanthah@exprealty.com,(929) 823-8934,eXp Realty,eXp Realty,Arvada,Arvada,CO,81100,2,11,11,5720493,4.7,B,75,Brokerage Listings,Independent,2026-09-18T02:10:54Z
CREAM-20260918-00421,Ronald Sullivan,Ronald Sullivan,Ronald,Sullivan,rsullivan@berkshirehathaway.com,(234) 531-5161,Berkshire Hathaway,Berkshire Hathaway,Lakewood,Lakewood,CO,81612,2,11,11,6814892,3.3,B,84,NAR Directory,Boutique (2-10 agents),2026-09-18T21:06:48Z
CREAM-20260918-00422,Sandra Cooper,Sandra Cooper,Sandra,Cooper,sandrac@kellerwilliams.com,(972) 589-1658,Keller Williams,Keller Williams,Akron,Akron,OH,45756,1,3,3,752383,4.6,B,84,MLS Database,Independent,2026-09-18T11:58:40Z
CREAM-20260918-00423,Bruce Miller,Bruce Miller,Bruce,Miller,bmiller@halstead.com,(415) 939-3574,Halstead,Halstead,Yonkers,Yonkers,NY,10136,2,3,3,1940412,3.7,B,68,Cold Outreach,Enterprise (200+ agents),2026-09-18T04:00:45Z
CREAM-20260918-00424,William Jones,William Jones,William,Jones,wjones@gmail.com,(919) 249-3658,Russell Lyon Sotheby's,Russell Lyon Sotheby's,Gilbert,Gilbert,AZ,85634,9,22,22,8111166,3.9,B,68,LinkedIn,Mid-size (11-50 agents),2026-09-18T01:47:15Z
CREAM-20260918-00425,Dorothy Lopez,Dorothy Lopez,Dorothy,Lopez,dorothyl@douglaselliman.com,(646) 485-5759,Douglas Elliman,Douglas Elliman,Irving,Irving,TX,79652,13,49,49,13003709,3.1,B,93,Cold Outreach,Mid-size (11-50 agents),2026-09-18T03:58:07Z
CREAM-20260918-00426,Paul Torres,Paul Torres,Paul,Torres,ptorres@icloud.com,(256) 381-6761,eXp Realty,eXp Realty,Thornton,Thornton,CO,80957,5,23,23,15268790,4.2,B,84,Referral Network,Independent,2026-09-18T22:08:17Z
CREAM-20260918-00427,Donna Wood,Donna Wood,Donna,Wood,dwood@kellerwilliams.com,(305) 575-7180,Keller Williams,Keller Williams,Syracuse,Syracuse,NY,12617,25,51,51,26398977,4.3,B,92,Realtor.com,Mid-size (11-50 agents),2026-09-18T12:22:12Z
CREAM-20260918-00428,Betty Taylor,Betty Taylor,Betty,Taylor,betty.taylor@re/max.com,(214) 304-1199,RE/MAX,RE/MAX,Fayetteville,Fayetteville,NC,28768,1,4,4,1485088,4.1,B,76,NAR Directory,Enterprise (200+ agents),2026-09-18T12:12:57Z
CREAM-20260918-00429,Donald Morales,Donald Morales,Donald,Morales,dmorales@aol.com,(513) 412-2931,Berkshire Hathaway,Berkshire Hathaway,Arlington,Arlington,TX,75377,4,16,16,6599113,4.5,B,60,Website Lead,Mid-size (11-50 agents),2026-09-18T10:22:23Z
CREAM-20260918-00430,Janet Wood,Janet Wood,Janet,Wood,jwood@exprealty.com,(305) 624-7064,eXp Realty,eXp Realty,Pembroke Pines,Pembroke Pines,FL,33145,2,12,12,4973228,3.7,B,71,Website Lead,Independent,2026-09-18T11:37:46Z
CREAM-20260918-00431,Martha Sanchez,Martha Sanchez,Martha,Sanchez,martha.sanchez@icloud.com,(805) 455-2263,Keller Williams,Keller Williams,Fort Collins,Fort Collins,CO,81951,19,43,43,20391499,3.1,B,76,NAR Directory,Boutique (2-10 agents),2026-09-18T11:05:56Z
CREAM-20260918-00432,Karen Morris,Karen Morris,Karen,Morris,karenm@me.com,(305) 428-8000,Berkshire Hathaway,Berkshire Hathaway,Lubbock,Lubbock,TX,76769,10,31,31,8374294,4.0,B,100,Website Lead,Large (51-200 agents),2026-09-18T17:55:50Z
CREAM-20260918-00433,Dorothy Lewis,Dorothy Lewis,Dorothy,Lewis,dorothy_lewis@icloud.com,(713) 637-7032,Halstead,Halstead,Syracuse,Syracuse,NY,10999,4,12,12,7376915,4.0,B,60,Brokerage Listings,Large (51-200 agents),2026-09-18T18:38:57Z
CREAM-20260918-00434,Walter Watson,Walter Watson,Walter,Watson,walter.watson@berkshirehathaway.com,(256) 355-1806,Berkshire Hathaway,Berkshire Hathaway,Winston-Salem,Winston-Salem,NC,27223,4,13,13,5877480,4.5,B,94,LinkedIn,Mid-size (11-50 agents),2026-09-18T03:37:54Z
CREAM-20260918-00435,Mary Lopez,Mary Lopez,Mary,Lopez,maryl@kellerwilliams.com,(303) 310-4857,Keller Williams,Keller Williams,Tempe,Tempe,AZ,86682,16,32,32,16776409,3.2,B,78,Facebook,Independent,2026-09-18T22:41:54Z
CREAM-20260918-00436,Mark Sullivan,Mark Sullivan,Mark,Sullivan,marks@gmail.com,(718) 610-9768,eXp Realty,eXp Realty,Anaheim,Anaheim,CA,90254,6,27,27,19155903,4.9,B,70,Facebook,Enterprise (200+ agents),2026-09-18T03:41:40Z
CREAM-20260918-00437,Justin Campbell,Justin Campbell,Justin,Campbell,justinc@re/max.com,(919) 400-3793,RE/MAX,RE/MAX,Dayton,Dayton,OH,44663,0,5,5,1448493,3.4,B,95,NAR Directory,Large (51-200 agents),2026-09-18T02:03:11Z
CREAM-20260918-00438,Samantha Russell,Samantha Russell,Samantha,Russell,samantha.russell@yahoo.com,(720) 581-7096,Berkshire Hathaway,Berkshire Hathaway,Arlington,Arlington,TX,78139,16,50,50,13988929,3.5,B,80,Brokerage Listings,Enterprise (200+ agents),2026-09-18T23:28:17Z
CREAM-20260918-00439,Brandon White,Brandon White,Brandon,White,brandon.white@yahoo.com,(614) 461-8984,Briggs Freeman Sotheby's,Briggs Freeman Sotheby's,Lubbock,Lubbock,TX,79791,10,63,63,21212785,4.1,B,74,Website Lead,Boutique (2-10 agents),2026-09-18T01:04:17Z
CREAM-20260918-00440,Kathleen Phillips,Kathleen Phillips,Kathleen,Phillips,kathleenphillips@hotmail.com,(512) 451-6011,Compass,Compass,Fayetteville,Fayetteville,NC,27490,4,14,14,3760396,3.6,B,66,Brokerage Listings,Boutique (2-10 agents),2026-09-18T03:41:55Z
CREAM-20260918-00441,Andrew Russell,Andrew Russell,Andrew,Russell,andrew.russell@hotmail.com,(512) 696-2266,Sotheby's International,Sotheby's International,Anaheim,Anaheim,CA,91662,9,15,15,12088573,4.1,B,65,Brokerage Listings,Mid-size (11-50 agents),2026-09-18T12:21:39Z
CREAM-20260918-00442,Jacob Green,Jacob Green,Jacob,Green,jacobgreen@icloud.com,(303) 654-4822,Century 21,Century 21,Cape Coral,Cape Coral,FL,33906,22,34,34,13970818,4.6,B,68,Trade Show,Independent,2026-09-18T16:14:54Z
CREAM-20260918-00443,James Gutierrez,James Gutierrez,James,Gutierrez,jgutierrez@icloud.com,(334) 476-3588,Briggs Freeman Sotheby's,Briggs Freeman Sotheby's,Lubbock,Lubbock,TX,78220,11,61,61,18541778,5.0,B,66,Realtor.com,Large (51-200 agents),2026-09-18T03:26:23Z
CREAM-20260918-00444,Megan Sanders,Megan Sanders,Megan,Sanders,megan.sanders@gmail.com,(929) 795-5139,eXp Realty,eXp Realty,Fayetteville,Fayetteville,NC,28619,22,78,78,35043913,3.2,B,72,MLS Database,Enterprise (200+ agents),2026-09-18T00:31:28Z
CREAM-20260918-00445,Keith Sanders,Keith Sanders,Keith,Sanders,keith_sanders@me.com,(407) 420-7550,RE/MAX,RE/MAX,Durham,Durham,NC,28705,0,5,5,2210044,3.2,B,72,NAR Directory,Boutique (2-10 agents),2026-09-18T10:18:13Z
CREAM-20260918-00446,Martha Ortiz,Martha Ortiz,Martha,Ortiz,marthao@coldwellbanker.com,(407) 461-7678,Coldwell Banker,Coldwell Banker,Fayetteville,Fayetteville,NC,28861,12,27,27,11164541,4.2,B,82,MLS Database,Enterprise (200+ agents),2026-09-18T18:12:39Z
CREAM-20260918-00447,Heather Williams,Heather Williams,Heather,Williams,heatherwilliams@hotmail.com,(404) 637-5937,eXp Realty,eXp Realty,Hialeah,Hialeah,FL,32621,24,59,59,21663543,3.5,B,66,Facebook,Enterprise (200+ agents),2026-09-18T01:50:27Z
CREAM-20260918-00448,Theresa Murphy,Theresa Murphy,Theresa,Murphy,theresa.murphy@compass.com,(929) 346-6200,Compass,Compass,Cape Coral,Cape Coral,FL,33468,17,26,26,7844657,3.5,B,99,Realtor.com,Enterprise (200+ agents),2026-09-18T11:33:39Z
CREAM-20260918-00449,Jerry Jones,Jerry Jones,Jerry,Jones,jerryj@brownharrisstevens.com,(415) 784-2929,Brown Harris Stevens,Brown Harris Stevens,Syracuse,Syracuse,NY,13537,13,57,57,40450796,4.0,B,68,Brokerage Listings,Independent,2026-09-18T13:26:22Z
CREAM-20260918-00450,Anna Campbell,Anna Campbell,Anna,Campbell,annac@gmail.com,(303) 630-7337,Century 21,Century 21,Tallahassee,Tallahassee,FL,34177,5,16,16,6028308,3.1,B,99,Referral Network,Enterprise (200+ agents),2026-09-18T08:01:45Z
CREAM-20260918-00451,Richard Gonzalez,Richard Gonzalez,Richard,Gonzalez,rgonzalez@me.com,(972) 245-3567,Coldwell Banker,Coldwell Banker,Hollywood,Hollywood,FL,33606,4,17,17,6227436,3.6,B,99,Trade Show,Large (51-200 agents),2026-09-18T16:43:17Z
CREAM-20260918-00452,Gregory Reyes,Gregory Reyes,Gregory,Reyes,gregory.reyes@me.com,(310) 648-2027,Berkshire Hathaway,Berkshire Hathaway,Chandler,Chandler,AZ,85841,2,7,7,2672254,4.3,B,98,Facebook,Enterprise (200+ agents),2026-09-18T13:43:52Z
CREAM-20260918-00453,Jacob Gomez,Jacob Gomez,Jacob,Gomez,jgomez@hotmail.com,(303) 510-3720,Coldwell Banker,Coldwell Banker,Amarillo,Amarillo,TX,77754,23,46,46,11570191,5.0,B,92,MLS Database,Boutique (2-10 agents),2026-09-18T21:12:07Z
CREAM-20260918-00454,Jason Lee,Jason Lee,Jason,Lee,jasonl@icloud.com,(303) 503-6811,Compass,Compass,Santa Ana,Santa Ana,CA,90545,11,70,70,57934039,3.7,B,69,Realtor.com,Enterprise (200+ agents),2026-09-18T01:21:45Z
CREAM-20260918-00455,Victoria Phillips,Victoria Phillips,Victoria,Phillips,victoria_phillips@outlook.com,(214) 665-7261,Coldwell Banker,Coldwell Banker,Winston-Salem,Winston-Salem,NC,27646,3,12,12,3719010,3.4,B,92,Brokerage Listings,Mid-size (11-50 agents),2026-09-18T05:28:08Z
CREAM-20260918-00456,Angela Coleman,Angela Coleman,Angela,Coleman,angelac@outlook.com,(704) 209-1072,Compass,Compass,Hollywood,Hollywood,FL,33660,2,11,11,4199872,4.7,B,77,Referral Network,Mid-size (11-50 agents),2026-09-18T00:55:46Z
CREAM-20260918-00457,Emily Ruiz,Emily Ruiz,Emily,Ruiz,emilyr@icloud.com,(718) 978-4709,Compass,Compass,Fayetteville,Fayetteville,NC,27407,4,15,15,5461993,5.0,B,72,LinkedIn,Independent,2026-09-18T18:03:42Z
CREAM-20260918-00458,Maria Hall,Maria Hall,Maria,Hall,maria_hall@me.com,(720) 964-4173,RE/MAX,RE/MAX,Garland,Garland,TX,78904,9,25,25,6837727,3.7,B,84,Brokerage Listings,Independent,2026-09-18T01:45:46Z
CREAM-20260918-00459,Justin Ramirez,Justin Ramirez,Justin,Ramirez,justinramirez@aol.com,(805) 252-2024,Brown Harris Stevens,Brown Harris Stevens,Syracuse,Syracuse,NY,13455,4,20,20,16614207,3.2,B,85,NAR Directory,Enterprise (200+ agents),2026-09-18T14:35:32Z
CREAM-20260918-00460,Wayne Powell,Wayne Powell,Wayne,Powell,waynepowell@me.com,(602) 985-3509,Douglas Elliman,Douglas Elliman,Syracuse,Syracuse,NY,12207,18,55,55,44695534,3.5,B,68,Brokerage Listings,Enterprise (200+ agents),2026-09-18T07:53:53Z
CREAM-20260918-00461,Samantha Walker,Samantha Walker,Samantha,Walker,samanthawalker@aol.com,(334) 989-1846,eXp Realty,eXp Realty,Arlington,Arlington,TX,76572,3,14,14,6071698,3.7,B,86,Website Lead,Boutique (2-10 agents),2026-09-18T05:25:17Z
CREAM-20260918-00462,Sarah Hernandez,Sarah Hernandez,Sarah,Hernandez,shernandez@kellerwilliams.com,(718) 860-7544,Keller Williams,Keller Williams,Lakewood,Lakewood,CO,80282,13,63,63,38545707,3.7,B,91,Facebook,Boutique (2-10 agents),2026-09-18T11:17:51Z
CREAM-20260918-00463,Jonathan Davis,Jonathan Davis,Jonathan,Davis,jonathan.davis@aol.com,(646) 619-7811,Keller Williams,Keller Williams,Thornton,Thornton,CO,80184,11,66,66,42312411,3.1,B,62,Brokerage Listings,Large (51-200 agents),2026-09-18T13:06:08Z
CREAM-20260918-00464,Tyler Roberts,Tyler Roberts,Tyler,Roberts,tyler.roberts@coldwellbanker.com,(614) 656-2876,Coldwell Banker,Coldwell Banker,Arvada,Arvada,CO,80169,5,25,25,11070471,3.3,B,67,NAR Directory,Enterprise (200+ agents),2026-09-18T21:02:58Z
CREAM-20260918-00465,Alan Howard,Alan Howard,Alan,Howard,ahoward@gmail.com,(646) 579-7745,Keller Williams,Keller Williams,Fayetteville,Fayetteville,NC,28118,6,37,37,13451127,4.4,B,80,Trade Show,Enterprise (200+ agents),2026-09-18T16:01:37Z
CREAM-20260918-00466,Paul Baker,Paul Baker,Paul,Baker,paul.baker@me.com,(305) 767-8243,eXp Realty,eXp Realty,Corpus Christi,Corpus Christi,TX,77317,8,34,34,12131154,4.5,B,86,MLS Database,Independent,2026-09-18T05:49:35Z
CREAM-20260918-00467,Linda Young,Linda Young,Linda,Young,lyoung@yahoo.com,(513) 545-4472,Sotheby's International,Sotheby's International,Chula Vista,Chula Vista,CA,95786,5,9,9,5839674,4.3,B,86,Cold Outreach,Mid-size (11-50 agents),2026-09-18T04:36:17Z
CREAM-20260918-00468,David Thompson,David Thompson,David,Thompson,dthompson@nestseekers.com,(786) 904-9752,Nest Seekers,Nest Seekers,Buffalo,Buffalo,NY,10734,1,10,10,5010776,3.2,B,100,Website Lead,Mid-size (11-50 agents),2026-09-18T17:32:04Z
CREAM-20260918-00469,Charles Stewart,Charles Stewart,Charles,Stewart,cstewart@re/max.com,(614) 507-9245,RE/MAX,RE/MAX,Winston-Salem,Winston-Salem,NC,28574,5,16,16,6237238,3.1,B,66,NAR Directory,Independent,2026-09-18T17:29:31Z
CREAM-20260918-00470,Richard Moore,Richard Moore,Richard,Moore,rmoore@yahoo.com,(303) 895-4910,Douglas Elliman,Douglas Elliman,Albany,Albany,NY,13211,3,8,8,5094371,5.0,B,75,Facebook,Independent,2026-09-18T01:40:09Z
CREAM-20260918-00471,Laura Mitchell,Laura Mitchell,Laura,Mitchell,lauram@icloud.com,(805) 416-7826,HER Realtors,HER Realtors,Dayton,Dayton,OH,44273,15,73,73,19258195,4.3,B,82,Realtor.com,Enterprise (200+ agents),2026-09-18T10:02:21Z
CREAM-20260918-00472,Gary Hernandez,Gary Hernandez,Gary,Hernandez,garyh@gmail.com,(305) 262-2127,Compass,Compass,Riverside,Riverside,CA,90721,4,23,23,23500835,3.7,B,62,Cold Outreach,Mid-size (11-50 agents),2026-09-18T13:28:23Z
CREAM-20260918-00473,James Gray,James Gray,James,Gray,james_gray@yahoo.com,(718) 662-4892,Huntington Real Estate,Huntington Real Estate,Akron,Akron,OH,43919,10,52,52,13167750,3.6,B,66,Realtor.com,Mid-size (11-50 agents),2026-09-18T14:04:19Z
CREAM-20260918-00474,Heather Robinson,Heather Robinson,Heather,Robinson,heather.robinson@yahoo.com,(404) 304-5631,Coldwell Banker,Coldwell Banker,Tempe,Tempe,AZ,85392,2,9,9,2975230,3.9,B,91,LinkedIn,Enterprise (200+ agents),2026-09-18T11:10:09Z
CREAM-20260918-00475,Melissa Mendoza,Melissa Mendoza,Melissa,Mendoza,mmendoza@icloud.com,(512) 769-1237,Douglas Elliman,Douglas Elliman,Syracuse,Syracuse,NY,12895,3,8,8,4586147,3.9,B,81,Realtor.com,Boutique (2-10 agents),2026-09-18T03:32:21Z
CREAM-20260918-00476,Jacob Wilson,Jacob Wilson,Jacob,Wilson,jacob.wilson@aol.com,(256) 929-4807,Coldwell Banker,Coldwell Banker,Garland,Garland,TX,76627,15,74,74,29069966,4.9,B,67,Cold Outreach,Large (51-200 agents),2026-09-18T18:56:21Z
CREAM-20260918-00477,Dorothy Mendoza,Dorothy Mendoza,Dorothy,Mendoza,dorothy.mendoza@me.com,(212) 269-5352,Berkshire Hathaway,Berkshire Hathaway,Corpus Christi,Corpus Christi,TX,77178,8,20,20,7202728,3.6,B,64,Referral Network,Boutique (2-10 agents),2026-09-18T23:51:10Z
CREAM-20260918-00478,Katherine Ross,Katherine Ross,Katherine,Ross,katheriner@century21.com,(305) 963-8213,Century 21,Century 21,Cape Coral,Cape Coral,FL,32417,14,60,60,23487061,3.4,B,87,Referral Network,Mid-size (11-50 agents),2026-09-18T09:44:28Z
CREAM-20260918-00479,Sarah Stewart,Sarah Stewart,Sarah,Stewart,sstewart@compass.com,(334) 754-4100,Compass,Compass,Durham,Durham,NC,27664,2,6,6,2119094,3.4,B,79,Brokerage Listings,Large (51-200 agents),2026-09-18T13:48:56Z
CREAM-20260918-00480,Emma Mendoza,Emma Mendoza,Emma,Mendoza,emendoza@hotmail.com,(334) 895-3564,eXp Realty,eXp Realty,Thornton,Thornton,CO,80126,0,1,1,601640,4.3,B,77,Trade Show,Boutique (2-10 agents),2026-09-18T03:35:24Z
CREAM-20260918-00481,Samantha Castillo,Samantha Castillo,Samantha,Castillo,samantha.castillo@hotmail.com,(407) 869-1969,Compass,Compass,Santa Ana,Santa Ana,CA,92418,4,24,24,18673408,3.3,B,68,NAR Directory,Boutique (2-10 agents),2026-09-18T20:06:28Z
CREAM-20260918-00482,Carol Jones,Carol Jones,Carol,Jones,carol_jones@icloud.com,(214) 234-4373,RE/MAX,RE/MAX,Port St. Lucie,Port St. Lucie,FL,32469,8,38,38,16888531,3.2,B,70,Realtor.com,Enterprise (200+ agents),2026-09-18T14:34:34Z
CREAM-20260918-00483,Jack Ross,Jack Ross,Jack,Ross,jross@gmail.com,(513) 767-9714,Sotheby's International,Sotheby's International,Stockton,Stockton,CA,92849,3,18,18,17658420,3.9,B,91,Realtor.com,Enterprise (200+ agents),2026-09-18T11:01:39Z
CREAM-20260918-00484,Amber Garcia,Amber Garcia,Amber,Garcia,amberg@yahoo.com,(714) 376-2878,Brown Harris Stevens,Brown Harris Stevens,Yonkers,Yonkers,NY,12801,1,7,7,5246258,3.7,B,60,Website Lead,Independent,2026-09-18T09:56:20Z
CREAM-20260918-00485,Albert Clark,Albert Clark,Albert,Clark,albertc@yahoo.com,(919) 350-5722,Keller Williams Realty,Keller Williams Realty,Anaheim,Anaheim,CA,96323,15,64,64,61854511,3.3,B,62,Facebook,Large (51-200 agents),2026-09-18T20:18:33Z
CREAM-20260918-00486,Bruce Myers,Bruce Myers,Bruce,Myers,brucemyers@gmail.com,(212) 769-4630,Century 21,Century 21,Hollywood,Hollywood,FL,32521,20,71,71,34324492,3.3,B,67,NAR Directory,Large (51-200 agents),2026-09-18T13:09:37Z
CREAM-20260918-00487,Gloria Gutierrez,Gloria Gutierrez,Gloria,Gutierrez,ggutierrez@compass.com,(512) 961-9820,Compass,Compass,Lakewood,Lakewood,CO,81987,1,3,3,1226896,4.0,B,64,Trade Show,Large (51-200 agents),2026-09-18T16:03:07Z
CREAM-20260918-00488,Andrew Wilson,Andrew Wilson,Andrew,Wilson,andreww@russelllyonsothebys.com,(234) 482-6302,Russell Lyon Sotheby's,Russell Lyon Sotheby's,Gilbert,Gilbert,AZ,85404,1,9,9,3284934,5.0,B,64,Brokerage Listings,Boutique (2-10 agents),2026-09-18T05:28:17Z
CREAM-20260918-00489,Margaret Ross,Margaret Ross,Margaret,Ross,mross@yahoo.com,(714) 634-8805,Keller Williams,Keller Williams,Corpus Christi,Corpus Christi,TX,79385,5,17,17,4467310,4.4,B,88,LinkedIn,Independent,2026-09-18T14:16:17Z
CREAM-20260918-00490,John Davis,John Davis,John,Davis,johndavis@me.com,(916) 526-6994,Briggs Freeman Sotheby's,Briggs Freeman Sotheby's,Irving,Irving,TX,78690,2,10,10,3970948,4.8,B,79,MLS Database,Large (51-200 agents),2026-09-18T16:46:41Z
CREAM-20260918-00491,Stephanie Lewis,Stephanie Lewis,Stephanie,Lewis,stephaniel@kellerwilliams.com,(305) 411-9772,Keller Williams,Keller Williams,Arlington,Arlington,TX,75276,19,62,62,18976781,3.4,B,74,MLS Database,Boutique (2-10 agents),2026-09-18T12:50:15Z
CREAM-20260918-00492,Louis Nguyen,Louis Nguyen,Louis,Nguyen,louis.nguyen@icloud.com,(713) 703-3917,eXp Realty,eXp Realty,Arlington,Arlington,TX,76585,0,2,2,661892,4.7,B,65,Referral Network,Enterprise (200+ agents),2026-09-18T15:26:01Z
CREAM-20260918-00493,Donna Rivera,Donna Rivera,Donna,Rivera,donna.rivera@douglaselliman.com,(714) 477-4218,Douglas Elliman,Douglas Elliman,Albany,Albany,NY,11374,22,79,79,64531755,3.8,B,61,Referral Network,Independent,2026-09-18T05:04:14Z
CREAM-20260918-00494,Larry Martinez,Larry Martinez,Larry,Martinez,larry_martinez@gmail.com,(404) 823-8387,Compass,Compass,Fresno,Fresno,CA,93222,5,15,15,11226326,4.6,B,100,MLS Database,Enterprise (200+ agents),2026-09-18T19:59:33Z
CREAM-20260918-00495,Kathleen Ruiz,Kathleen Ruiz,Kathleen,Ruiz,kathleenr@exprealty.com,(614) 397-6115,eXp Realty,eXp Realty,Chandler,Chandler,AZ,85314,4,10,10,4914733,3.7,B,68,Website Lead,Large (51-200 agents),2026-09-18T12:54:05Z
CREAM-20260918-00496,Samantha Russell,Samantha Russell,Samantha,Russell,srussell@gmail.com,(786) 998-3633,Sotheby's International,Sotheby's International,Riverside,Riverside,CA,92890,5,10,10,8201063,4.1,B,72,Realtor.com,Independent,2026-09-18T04:28:21Z
CREAM-20260918-00497,Frank Adams,Frank Adams,Frank,Adams,frank.adams@icloud.com,(415) 406-6626,Compass,Compass,Albany,Albany,NY,12906,25,79,79,50381765,4.9,B,100,MLS Database,Enterprise (200+ agents),2026-09-18T21:45:23Z
CREAM-20260918-00498,Ralph Hernandez,Ralph Hernandez,Ralph,Hernandez,rhernandez@me.com,(805) 343-6111,Berkshire Hathaway,Berkshire Hathaway,Fayetteville,Fayetteville,NC,27539,14,47,47,18571944,4.5,B,89,LinkedIn,Independent,2026-09-18T13:02:21Z
CREAM-20260918-00499,Grace Russell,Grace Russell,Grace,Russell,gracer@livsothebys.com,(469) 796-7799,LIV Sotheby's,LIV Sotheby's,Thornton,Thornton,CO,80451,4,24,24,14992316,3.7,B,92,NAR Directory,Large (51-200 agents),2026-09-18T11:48:25Z
CREAM-20260918-00500,Eugene Gonzalez,Eugene Gonzalez,Eugene,Gonzalez,eugeneg@berkshirehathaway.com,(714) 922-6842,Berkshire Hathaway,Berkshire Hathaway,Fort Collins,Fort Collins,CO,81511,5,17,17,10619223,4.7,B,93,Referral Network,Boutique (2-10 agents),2026-09-18T03:38:25Z
CREAM-20260918-00501,Samuel Coleman,Samuel Coleman,Samuel,Coleman,samuelc@coldwellbanker.com,(718) 547-7657,Coldwell Banker,Coldwell Banker,Pembroke Pines,Pembroke Pines,FL,32146,5,23,23,10571188,4.3,B,90,MLS Database,Mid-size (11-50 agents),2026-09-18T22:33:22Z
CREAM-20260918-00502,Edward Collins,Edward Collins,Edward,Collins,edwardc@aol.com,(303) 875-9588,Keller Williams,Keller Williams,New Rochelle,New Rochelle,NY,14817,25,68,68,40379521,4.1,B,92,Cold Outreach,Independent,2026-09-18T09:56:27Z
CREAM-20260918-00503,Carol Castillo,Carol Castillo,Carol,Castillo,ccastillo@hotmail.com,(602) 779-1069,Howard Hanna,Howard Hanna,Fayetteville,Fayetteville,NC,28208,11,38,38,13426713,4.8,B,92,LinkedIn,Large (51-200 agents),2026-09-18T04:35:25Z
CREAM-20260918-00504,Janet Mendoza,Janet Mendoza,Janet,Mendoza,janetm@berkshirehathawayhomeservices.com,(303) 724-2364,Berkshire Hathaway HomeServices,Berkshire Hathaway HomeServices,Bakersfield,Bakersfield,CA,94776,17,61,61,42938063,3.8,B,79,Cold Outreach,Enterprise (200+ agents),2026-09-18T05:29:02Z
CREAM-20260918-00505,Andrew Thomas,Andrew Thomas,Andrew,Thomas,athomas@homesmart.com,(334) 405-3403,HomeSmart,HomeSmart,Gilbert,Gilbert,AZ,85182,7,30,30,14030497,4.0,B,89,Realtor.com,Large (51-200 agents),2026-09-18T00:42:04Z
CREAM-20260918-00506,Edward Wright,Edward Wright,Edward,Wright,edwardwright@yahoo.com,(305) 588-8989,Keller Williams,Keller Williams,Chandler,Chandler,AZ,86438,20,29,29,14169434,4.9,B,61,NAR Directory,Mid-size (11-50 agents),2026-09-18T18:17:16Z
CREAM-20260918-00507,Keith Cox,Keith Cox,Keith,Cox,kcox@yahoo.com,(919) 703-7812,Compass,Compass,Arvada,Arvada,CO,80580,7,33,33,13689695,3.5,B,72,LinkedIn,Independent,2026-09-18T07:06:11Z
CREAM-20260918-00508,Sarah Phillips,Sarah Phillips,Sarah,Phillips,sarah.phillips@homesmart.com,(310) 219-9926,HomeSmart,HomeSmart,Chandler,Chandler,AZ,86984,23,63,63,21558093,3.4,B,71,Trade Show,Independent,2026-09-18T23:56:17Z
CREAM-20260918-00509,Susan Price,Susan Price,Susan,Price,sprice@gmail.com,(720) 397-7847,Coldwell Banker,Coldwell Banker,Pembroke Pines,Pembroke Pines,FL,34458,4,16,16,7814398,4.2,B,99,MLS Database,Large (51-200 agents),2026-09-18T12:43:03Z
CREAM-20260918-00510,Richard Reyes,Richard Reyes,Richard,Reyes,richard.reyes@berkshirehathaway.com,(234) 822-1108,Berkshire Hathaway,Berkshire Hathaway,Fayetteville,Fayetteville,NC,28226,1,11,11,2703190,3.7,B,66,Cold Outreach,Boutique (2-10 agents),2026-09-18T11:52:56Z
CREAM-20260918-00511,Patrick Taylor,Patrick Taylor,Patrick,Taylor,patricktaylor@gmail.com,(786) 743-5209,Compass,Compass,Durham,Durham,NC,28242,4,22,22,6864436,4.8,B,77,Cold Outreach,Enterprise (200+ agents),2026-09-18T03:59:48Z
CREAM-20260918-00512,Thomas Baker,Thomas Baker,Thomas,Baker,thomasbaker@aol.com,(713) 671-1012,Douglas Elliman,Douglas Elliman,Pembroke Pines,Pembroke Pines,FL,33432,10,33,33,15993613,4.2,B,70,Realtor.com,Large (51-200 agents),2026-09-18T02:12:04Z
CREAM-20260918-00513,Lauren Walker,Lauren Walker,Lauren,Walker,lauren.walker@hotmail.com,(919) 859-4038,RE/MAX,RE/MAX,Winston-Salem,Winston-Salem,NC,28748,3,11,11,4695267,4.6,B,99,LinkedIn,Boutique (2-10 agents),2026-09-18T19:43:06Z
CREAM-20260918-00514,Melissa Lewis,Melissa Lewis,Melissa,Lewis,melissal@hotmail.com,(704) 547-7586,8z Real Estate,8z Real Estate,Thornton,Thornton,CO,81735,0,3,3,1970768,4.3,B,78,MLS Database,Mid-size (11-50 agents),2026-09-18T04:02:47Z
CREAM-20260918-00515,Emma Williams,Emma Williams,Emma,Williams,emma.williams@exprealty.com,(646) 607-2359,eXp Realty,eXp Realty,Port St. Lucie,Port St. Lucie,FL,32860,6,17,17,8386847,3.3,B,75,Referral Network,Large (51-200 agents),2026-09-18T12:51:18Z
CREAM-20260918-00516,Nicole Hughes,Nicole Hughes,Nicole,Hughes,nicole_hughes@gmail.com,(469) 815-5524,RE/MAX,RE/MAX,Garland,Garland,TX,79982,13,46,46,13276803,3.5,B,85,LinkedIn,Independent,2026-09-18T08:39:51Z
CREAM-20260918-00517,Katherine Taylor,Katherine Taylor,Katherine,Taylor,katherinet@re/max.com,(980) 239-8065,RE/MAX,RE/MAX,Hollywood,Hollywood,FL,33994,2,4,4,2029898,3.6,B,71,Facebook,Boutique (2-10 agents),2026-09-18T22:10:23Z
CREAM-20260918-00518,Kathleen Cook,Kathleen Cook,Kathleen,Cook,kathleen.cook@kellerwilliams.com,(980) 947-4566,Keller Williams,Keller Williams,Amarillo,Amarillo,TX,76528,12,64,64,25526405,3.8,B,69,NAR Directory,Enterprise (200+ agents),2026-09-18T16:30:28Z
CREAM-20260918-00519,Cynthia Gutierrez,Cynthia Gutierrez,Cynthia,Gutierrez,cynthia.gutierrez@yahoo.com,(334) 534-5087,Sotheby's International,Sotheby's International,Syracuse,Syracuse,NY,12737,3,19,19,13414624,4.3,B,63,Brokerage Listings,Large (51-200 agents),2026-09-18T08:53:46Z
CREAM-20260918-00520,Sharon Jimenez,Sharon Jimenez,Sharon,Jimenez,sjimenez@me.com,(256) 568-5548,Century 21,Century 21,Cape Coral,Cape Coral,FL,33302,22,40,40,14273178,3.4,B,72,Trade Show,Independent,2026-09-18T13:23:08Z
CREAM-20260918-00521,Ralph Ross,Ralph Ross,Ralph,Ross,ralph.ross@compass.com,(805) 506-1924,Compass,Compass,Riverside,Riverside,CA,96874,20,60,60,39791727,3.4,B,86,Website Lead,Boutique (2-10 agents),2026-09-18T23:01:20Z
CREAM-20260918-00522,Martha Nguyen,Martha Nguyen,Martha,Nguyen,mnguyen@me.com,(614) 692-4087,Berkshire Hathaway HomeServices,Berkshire Hathaway HomeServices,Anaheim,Anaheim,CA,95704,8,30,30,18573162,3.0,B,90,MLS Database,Mid-size (11-50 agents),2026-09-18T11:18:20Z
CREAM-20260918-00523,Alan Baker,Alan Baker,Alan,Baker,alanb@re/max.com,(214) 505-4220,RE/MAX,RE/MAX,Anaheim,Anaheim,CA,95640,1,10,10,10958467,4.9,B,93,NAR Directory,Boutique (2-10 agents),2026-09-18T01:17:38Z
CREAM-20260918-00524,Deborah Walker,Deborah Walker,Deborah,Walker,deborah_walker@icloud.com,(404) 857-3505,HER Realtors,HER Realtors,Akron,Akron,OH,43166,11,40,40,7453944,5.0,B,64,Website Lead,Boutique (2-10 agents),2026-09-18T13:43:17Z
CREAM-20260918-00525,Aaron Gutierrez,Aaron Gutierrez,Aaron,Gutierrez,aarong@allentate.com,(310) 403-7628,Allen Tate,Allen Tate,Cary,Cary,NC,28197,18,59,59,20137236,3.6,B,93,Brokerage Listings,Large (51-200 agents),2026-09-18T15:36:00Z
CREAM-20260918-00526,Andrew Nelson,Andrew Nelson,Andrew,Nelson,andrewn@kellerwilliamsrealty.com,(234) 757-8781,Keller Williams Realty,Keller Williams Realty,Hialeah,Hialeah,FL,34795,12,44,44,16119190,3.8,B,100,Referral Network,Enterprise (200+ agents),2026-09-18T02:59:59Z
CREAM-20260918-00527,Rebecca Young,Rebecca Young,Rebecca,Young,rebecca_young@yahoo.com,(720) 850-1168,Corcoran Group,Corcoran Group,Albany,Albany,NY,11480,21,37,37,19304466,3.6,B,74,MLS Database,Large (51-200 agents),2026-09-18T00:17:49Z
CREAM-20260918-00528,Walter Castillo,Walter Castillo,Walter,Castillo,wcastillo@cutlerrealestate.com,(614) 595-5401,Cutler Real Estate,Cutler Real Estate,Toledo,Toledo,OH,43492,2,5,5,1593587,3.4,B,84,Website Lead,Independent,2026-09-18T02:05:13Z
CREAM-20260918-00529,Nicholas Ross,Nicholas Ross,Nicholas,Ross,nicholas.ross@me.com,(980) 923-2393,Long Realty,Long Realty,Gilbert,Gilbert,AZ,86955,22,57,57,21163367,3.8,B,86,Brokerage Listings,Boutique (2-10 agents),2026-09-18T01:50:06Z
CREAM-20260918-00530,Susan Wilson,Susan Wilson,Susan,Wilson,susan.wilson@century21.com,(305) 245-5665,Century 21,Century 21,Tallahassee,Tallahassee,FL,32580,1,9,9,3084756,4.0,B,79,Realtor.com,Large (51-200 agents),2026-09-18T06:39:55Z
CREAM-20260918-00531,Stephen Anderson,Stephen Anderson,Stephen,Anderson,stephen_anderson@icloud.com,(602) 717-8105,Coldwell Banker,Coldwell Banker,Parma,Parma,OH,45547,22,70,70,19460444,5.0,B,70,NAR Directory,Enterprise (200+ agents),2026-09-18T03:47:54Z
CREAM-20260918-00532,Helen Baker,Helen Baker,Helen,Baker,helenbaker@me.com,(972) 735-4035,Berkshire Hathaway,Berkshire Hathaway,Irving,Irving,TX,78943,18,79,79,26809926,3.3,B,75,Cold Outreach,Boutique (2-10 agents),2026-09-18T03:44:43Z
CREAM-20260918-00533,Samuel Gutierrez,Samuel Gutierrez,Samuel,Gutierrez,samuelgutierrez@yahoo.com,(972) 854-2307,Keller Williams,Keller Williams,Parma,Parma,OH,44639,16,42,42,11679094,3.7,B,77,Facebook,Enterprise (200+ agents),2026-09-18T05:28:31Z
CREAM-20260918-00534,Danielle King,Danielle King,Danielle,King,danielle_king@yahoo.com,(786) 902-6021,Nest Seekers,Nest Seekers,Albany,Albany,NY,14427,11,32,32,14853250,4.9,B,64,NAR Directory,Boutique (2-10 agents),2026-09-18T19:18:22Z
CREAM-20260918-00535,Benjamin Perez,Benjamin Perez,Benjamin,Perez,bperez@gmail.com,(212) 820-4878,Compass,Compass,Yonkers,Yonkers,NY,14173,0,4,4,2092662,4.5,B,80,Website Lead,Large (51-200 agents),2026-09-18T04:38:00Z
CREAM-20260918-00536,Eric Ross,Eric Ross,Eric,Ross,ericross@gmail.com,(334) 462-6498,Keller Williams,Keller Williams,Akron,Akron,OH,45836,3,19,19,5872827,4.4,B,71,NAR Directory,Enterprise (200+ agents),2026-09-18T23:32:22Z
CREAM-20260918-00537,Victoria Alvarez,Victoria Alvarez,Victoria,Alvarez,valvarez@compass.com,(234) 275-8913,Compass,Compass,Anaheim,Anaheim,CA,92680,18,56,56,50989212,3.7,B,79,MLS Database,Independent,2026-09-18T21:53:30Z
CREAM-20260918-00538,Robert Bailey,Robert Bailey,Robert,Bailey,robert.bailey@hotmail.com,(469) 269-1330,Corcoran Group,Corcoran Group,Syracuse,Syracuse,NY,13134,2,4,4,2993799,5.0,B,83,MLS Database,Enterprise (200+ agents),2026-09-18T19:42:43Z
CREAM-20260918-00539,Emma Turner,Emma Turner,Emma,Turner,emmat@berkshirehathaway.com,(614) 432-7170,Berkshire Hathaway,Berkshire Hathaway,Glendale,Glendale,AZ,86590,0,0,0,0,5.0,B,81,MLS Database,Independent,2026-09-18T16:27:54Z
CREAM-20260918-00540,James Evans,James Evans,James,Evans,james_evans@hotmail.com,(212) 890-2618,Douglas Elliman,Douglas Elliman,Rochester,Rochester,NY,10389,10,34,34,28306038,3.7,B,95,NAR Directory,Large (51-200 agents),2026-09-18T22:30:26Z
CREAM-20260918-00541,Susan Jones,Susan Jones,Susan,Jones,susanj@brownharrisstevens.com,(614) 685-1046,Brown Harris Stevens,Brown Harris Stevens,Albany,Albany,NY,11759,11,70,70,59091778,4.3,B,75,Cold Outreach,Enterprise (200+ agents),2026-09-18T20:29:38Z
CREAM-20260918-00542,George Mitchell,George Mitchell,George,Mitchell,georgemitchell@outlook.com,(704) 704-1394,Nest Seekers,Nest Seekers,New Rochelle,New Rochelle,NY,13355,3,14,14,8899350,4.5,B,60,Website Lead,Enterprise (200+ agents),2026-09-18T20:12:52Z
CREAM-20260918-00543,Louis Mitchell,Louis Mitchell,Louis,Mitchell,louis_mitchell@icloud.com,(646) 920-1040,Keller Williams,Keller Williams,Glendale,Glendale,AZ,85427,0,3,3,1533290,4.0,B,72,Referral Network,Mid-size (11-50 agents),2026-09-18T16:06:21Z
CREAM-20260918-00544,David Powell,David Powell,David,Powell,davidpowell@hotmail.com,(805) 398-3154,Cutler Real Estate,Cutler Real Estate,Dayton,Dayton,OH,43228,14,70,70,13884615,3.4,B,78,MLS Database,Mid-size (11-50 agents),2026-09-18T13:38:27Z
CREAM-20260918-00545,Joshua Morris,Joshua Morris,Joshua,Morris,jmorris@exprealty.com,(334) 747-6018,eXp Realty,eXp Realty,Stockton,Stockton,CA,91953,13,38,38,37632183,4.8,B,64,Cold Outreach,Independent,2026-09-18T16:37:32Z
CREAM-20260918-00546,Carolyn Fisher,Carolyn Fisher,Carolyn,Fisher,carolyn.fisher@huntingtonrealestate.com,(214) 233-4674,Huntington Real Estate,Huntington Real Estate,Parma,Parma,OH,43755,2,8,8,1996777,4.7,B,64,Realtor.com,Boutique (2-10 agents),2026-09-18T19:43:10Z
CREAM-20260918-00547,Martha Reyes,Martha Reyes,Martha,Reyes,mreyes@yahoo.com,(512) 238-1743,Coldwell Banker,Coldwell Banker,Durham,Durham,NC,27531,13,63,63,25734176,4.1,B,99,Brokerage Listings,Boutique (2-10 agents),2026-09-18T15:39:59Z
CREAM-20260918-00548,Roger Wilson,Roger Wilson,Roger,Wilson,rwilson@aol.com,(929) 590-6447,Berkshire Hathaway,Berkshire Hathaway,Irving,Irving,TX,77253,23,36,36,10715969,3.8,B,75,Brokerage Listings,Independent,2026-09-18T04:43:33Z
CREAM-20260918-00549,Walter Roberts,Walter Roberts,Walter,Roberts,wroberts@me.com,(805) 803-6793,Keller Williams,Keller Williams,Thornton,Thornton,CO,81870,19,78,78,37343929,3.5,B,83,Facebook,Independent,2026-09-18T15:58:01Z
CREAM-20260918-00550,Judith Collins,Judith Collins,Judith,Collins,jcollins@exprealty.com,(614) 992-4425,eXp Realty,eXp Realty,Santa Ana,Santa Ana,CA,90541,6,31,31,29030511,3.2,B,74,Facebook,Enterprise (200+ agents),2026-09-18T18:33:54Z
CREAM-20260918-00551,Edward King,Edward King,Edward,King,edwardk@icloud.com,(602) 573-2430,Halstead,Halstead,Yonkers,Yonkers,NY,12708,14,65,65,43632103,3.2,B,72,Trade Show,Independent,2026-09-18T18:40:27Z
CREAM-20260918-00552,Joseph Fisher,Joseph Fisher,Joseph,Fisher,joseph.fisher@century21.com,(919) 407-5030,Century 21,Century 21,Hialeah,Hialeah,FL,33544,21,49,49,26222523,4.1,B,70,Facebook,Large (51-200 agents),2026-09-18T13:01:49Z
CREAM-20260918-00553,Samantha Bennett,Samantha Bennett,Samantha,Bennett,samanthabennett@icloud.com,(718) 420-9702,Russell Lyon Sotheby's,Russell Lyon Sotheby's,Tempe,Tempe,AZ,85380,3,15,15,4869904,3.4,B,86,Realtor.com,Mid-size (11-50 agents),2026-09-18T14:22:28Z
CREAM-20260918-00554,Peter Nelson,Peter Nelson,Peter,Nelson,peter.nelson@icloud.com,(929) 410-4973,Compass,Compass,Lakewood,Lakewood,CO,80149,22,65,65,44391901,3.4,B,60,NAR Directory,Enterprise (200+ agents),2026-09-18T19:48:04Z
CREAM-20260918-00555,Linda Ward,Linda Ward,Linda,Ward,linda.ward@kellerwilliams.com,(805) 207-6059,Keller Williams,Keller Williams,Garland,Garland,TX,79279,3,12,12,4078620,4.3,B,90,Cold Outreach,Boutique (2-10 agents),2026-09-18T04:28:46Z
CREAM-20260918-00556,Raymond Gutierrez,Raymond Gutierrez,Raymond,Gutierrez,raymond.gutierrez@douglaselliman.com,(602) 514-9921,Douglas Elliman,Douglas Elliman,Amarillo,Amarillo,TX,78898,2,10,10,2663051,3.3,B,100,Facebook,Independent,2026-09-18T22:36:41Z
CREAM-20260918-00557,Emma Wilson,Emma Wilson,Emma,Wilson,emmawilson@hotmail.com,(980) 290-3952,RE/MAX,RE/MAX,Pembroke Pines,Pembroke Pines,FL,34769,14,41,41,16788234,3.6,B,98,MLS Database,Enterprise (200+ agents),2026-09-18T11:22:45Z
CREAM-20260918-00558,Michelle Campbell,Michelle Campbell,Michelle,Campbell,mcampbell@kellerwilliams.com,(512) 468-3076,Keller Williams,Keller Williams,New Rochelle,New Rochelle,NY,10356,10,55,55,36785210,3.2,B,81,Trade Show,Mid-size (11-50 agents),2026-09-18T09:37:49Z
CREAM-20260918-00559,Nicole Coleman,Nicole Coleman,Nicole,Coleman,nicolec@coldwellbanker.com,(980) 298-3849,Coldwell Banker,Coldwell Banker,Durham,Durham,NC,27491,21,39,39,12755504,4.3,B,90,Website Lead,Boutique (2-10 agents),2026-09-18T10:33:44Z
CREAM-20260918-00560,Justin Sanders,Justin Sanders,Justin,Sanders,jsanders@me.com,(720) 278-8978,Russell Lyon Sotheby's,Russell Lyon Sotheby's,Gilbert,Gilbert,AZ,86541,2,4,4,1772315,4.4,B,95,Website Lead,Enterprise (200+ agents),2026-09-18T09:17:28Z
CREAM-20260918-00561,Kevin Hernandez,Kevin Hernandez,Kevin,Hernandez,khernandez@sothebysinternational.com,(469) 542-7080,Sotheby's International,Sotheby's International,Yonkers,Yonkers,NY,14704,12,72,72,35093076,4.9,B,84,NAR Directory,Large (51-200 agents),2026-09-18T00:59:49Z
CREAM-20260918-00562,Patrick Nelson,Patrick Nelson,Patrick,Nelson,patrick_nelson@yahoo.com,(512) 282-7452,Pacific Sotheby's,Pacific Sotheby's,Chula Vista,Chula Vista,CA,90108,11,67,67,45188930,4.0,B,88,MLS Database,Mid-size (11-50 agents),2026-09-18T22:49:55Z
CREAM-20260918-00563,Linda Foster,Linda Foster,Linda,Foster,lindaf@kellerwilliams.com,(713) 944-4523,Keller Williams,Keller Williams,Garland,Garland,TX,78302,14,26,26,10482595,3.5,B,96,Facebook,Independent,2026-09-18T23:46:22Z
CREAM-20260918-00564,Brenda Coleman,Brenda Coleman,Brenda,Coleman,brenda.coleman@yahoo.com,(334) 621-8251,RE/MAX,RE/MAX,Arvada,Arvada,CO,81681,6,16,16,10064418,3.9,B,97,Cold Outreach,Independent,2026-09-18T09:21:15Z
CREAM-20260918-00565,Brandon Clark,Brandon Clark,Brandon,Clark,bclark@gmail.com,(713) 883-6208,RE/MAX,RE/MAX,Parma,Parma,OH,45351,19,59,59,12158782,4.1,B,88,MLS Database,Enterprise (200+ agents),2026-09-18T19:14:21Z
CREAM-20260918-00566,Lisa Nguyen,Lisa Nguyen,Lisa,Nguyen,lisa_nguyen@icloud.com,(805) 508-7484,8z Real Estate,8z Real Estate,Fort Collins,Fort Collins,CO,81958,2,7,7,4018023,3.1,B,69,Website Lead,Boutique (2-10 agents),2026-09-18T02:48:54Z
CREAM-20260918-00567,Katherine Richardson,Katherine Richardson,Katherine,Richardson,katherine_richardson@icloud.com,(513) 826-3832,Coldwell Banker,Coldwell Banker,Akron,Akron,OH,45714,23,69,69,16132062,4.0,B,63,Cold Outreach,Boutique (2-10 agents),2026-09-18T11:02:51Z
CREAM-20260918-00568,Ronald Sanchez,Ronald Sanchez,Ronald,Sanchez,ronald.sanchez@coldwellbanker.com,(415) 441-7715,Coldwell Banker,Coldwell Banker,Chandler,Chandler,AZ,85402,10,69,69,21226873,3.4,B,62,Referral Network,Enterprise (200+ agents),2026-09-18T07:37:33Z
CREAM-20260918-00569,Scott Edwards,Scott Edwards,Scott,Edwards,sedwards@me.com,(704) 829-5381,Keller Williams Realty,Keller Williams Realty,Santa Ana,Santa Ana,CA,93707,6,19,19,20864968,3.1,B,66,Trade Show,Independent,2026-09-18T11:32:57Z
CREAM-20260918-00570,Philip Ramos,Philip Ramos,Philip,Ramos,philipr@gmail.com,(212) 364-5107,Compass,Compass,Chula Vista,Chula Vista,CA,95736,12,27,27,16425873,4.5,B,79,Referral Network,Independent,2026-09-18T05:30:15Z
CREAM-20260918-00571,Lauren Carter,Lauren Carter,Lauren,Carter,lauren_carter@yahoo.com,(512) 728-8296,Berkshire Hathaway,Berkshire Hathaway,Durham,Durham,NC,28157,21,62,62,23294988,4.3,B,60,Trade Show,Boutique (2-10 agents),2026-09-18T21:39:24Z
CREAM-20260918-00572,Kevin Diaz,Kevin Diaz,Kevin,Diaz,kevind@gmail.com,(980) 620-2947,Keller Williams,Keller Williams,Winston-Salem,Winston-Salem,NC,28508,0,3,3,1255096,4.3,B,89,Trade Show,Independent,2026-09-18T04:10:48Z
CREAM-20260918-00573,Richard Rivera,Richard Rivera,Richard,Rivera,richard.rivera@aol.com,(704) 431-1851,Keller Williams Realty,Keller Williams Realty,Fresno,Fresno,CA,96347,12,56,56,35582108,5.0,B,89,Realtor.com,Mid-size (11-50 agents),2026-09-18T11:56:34Z
CREAM-20260918-00574,Michelle Bailey,Michelle Bailey,Michelle,Bailey,mbailey@outlook.com,(334) 887-1924,Keller Williams,Keller Williams,Cary,Cary,NC,27269,2,5,5,2175848,4.5,B,88,Cold Outreach,Independent,2026-09-18T10:05:40Z
CREAM-20260918-00575,Kathleen Myers,Kathleen Myers,Kathleen,Myers,kathleenm@outlook.com,(704) 544-3014,Douglas Elliman,Douglas Elliman,New Rochelle,New Rochelle,NY,13558,7,32,32,17609906,3.5,B,63,Referral Network,Boutique (2-10 agents),2026-09-18T05:27:21Z
CREAM-20260918-00576,Nancy Davis,Nancy Davis,Nancy,Davis,nancy.davis@huntingtonrealestate.com,(310) 517-7677,Huntington Real Estate,Huntington Real Estate,Toledo,Toledo,OH,44476,0,5,5,1292814,4.4,B,87,LinkedIn,Mid-size (11-50 agents),2026-09-18T16:12:55Z
CREAM-20260918-00577,Deborah Roberts,Deborah Roberts,Deborah,Roberts,deborah.roberts@icloud.com,(614) 818-2845,Compass,Compass,Albany,Albany,NY,10557,2,5,5,2664097,3.6,B,63,NAR Directory,Independent,2026-09-18T04:19:00Z
CREAM-20260918-00578,Jeffrey Cox,Jeffrey Cox,Jeffrey,Cox,jeffrey_cox@me.com,(972) 400-7543,HER Realtors,HER Realtors,Dayton,Dayton,OH,44517,16,55,55,13634058,4.5,B,62,Cold Outreach,Independent,2026-09-18T19:42:05Z
CREAM-20260918-00579,Laura Richardson,Laura Richardson,Laura,Richardson,laura_richardson@aol.com,(972) 753-2282,HomeSmart,HomeSmart,Tempe,Tempe,AZ,85635,4,25,25,7234650,3.9,B,97,MLS Database,Independent,2026-09-18T01:33:13Z
CREAM-20260918-00580,Stephen Bennett,Stephen Bennett,Stephen,Bennett,sbennett@aol.com,(718) 349-1270,Berkshire Hathaway HomeServices,Berkshire Hathaway HomeServices,Fresno,Fresno,CA,94900,5,21,21,22221183,4.8,B,67,Brokerage Listings,Large (51-200 agents),2026-09-18T15:58:33Z
CREAM-20260918-00581,Betty Johnson,Betty Johnson,Betty,Johnson,bjohnson@outlook.com,(972) 360-5628,Coldwell Banker,Coldwell Banker,Toledo,Toledo,OH,43491,22,62,62,11713916,4.4,B,84,Facebook,Large (51-200 agents),2026-09-18T19:45:19Z
CREAM-20260918-00582,Samantha Howard,Samantha Howard,Samantha,Howard,showard@berkshirehathaway.com,(404) 931-9024,Berkshire Hathaway,Berkshire Hathaway,Dayton,Dayton,OH,43426,0,2,2,535261,3.0,B,91,MLS Database,Mid-size (11-50 agents),2026-09-18T05:01:33Z
CREAM-20260918-00583,Albert Brown,Albert Brown,Albert,Brown,albertb@alliebethallman.com,(919) 553-7554,Allie Beth Allman,Allie Beth Allman,Lubbock,Lubbock,TX,77635,5,21,21,8576137,3.4,B,83,LinkedIn,Enterprise (200+ agents),2026-09-18T02:04:35Z
CREAM-20260918-00584,Margaret Ortiz,Margaret Ortiz,Margaret,Ortiz,margaretortiz@hotmail.com,(310) 237-3421,Keller Williams,Keller Williams,Cary,Cary,NC,28144,1,8,8,2350181,4.9,B,63,Trade Show,Enterprise (200+ agents),2026-09-18T02:35:22Z
CREAM-20260918-00585,Alexander Martin,Alexander Martin,Alexander,Martin,alexanderm@yahoo.com,(720) 695-6772,Douglas Elliman,Douglas Elliman,Buffalo,Buffalo,NY,13421,2,10,10,6505469,3.2,B,64,LinkedIn,Independent,2026-09-18T08:12:59Z
CREAM-20260918-00586,Melissa Lee,Melissa Lee,Melissa,Lee,mlee@hotmail.com,(469) 646-9575,Corcoran Group,Corcoran Group,Yonkers,Yonkers,NY,11546,4,10,10,4578049,3.9,B,100,Website Lead,Mid-size (11-50 agents),2026-09-18T12:28:16Z
CREAM-20260918-00587,Frank Castillo,Frank Castillo,Frank,Castillo,frank.castillo@pacificsothebys.com,(704) 716-2116,Pacific Sotheby's,Pacific Sotheby's,Riverside,Riverside,CA,91735,2,4,4,2802488,3.1,B,94,Facebook,Mid-size (11-50 agents),2026-09-18T19:39:26Z
CREAM-20260918-00588,Eric Ross,Eric Ross,Eric,Ross,eric.ross@coldwellbanker.com,(512) 521-5285,Coldwell Banker,Coldwell Banker,Hollywood,Hollywood,FL,32725,24,73,73,26793770,4.9,B,95,Cold Outreach,Boutique (2-10 agents),2026-09-18T23:01:20Z
CREAM-20260918-00589,Amy Evans,Amy Evans,Amy,Evans,amy_evans@yahoo.com,(786) 283-9869,Sotheby's International,Sotheby's International,Albany,Albany,NY,14891,7,35,35,18955287,3.7,B,82,Realtor.com,Enterprise (200+ agents),2026-09-18T21:10:43Z
CREAM-20260918-00590,Margaret Mendoza,Margaret Mendoza,Margaret,Mendoza,margaret_mendoza@yahoo.com,(602) 454-6087,HER Realtors,HER Realtors,Akron,Akron,OH,43215,2,7,7,1687570,3.7,B,72,Facebook,Enterprise (200+ agents),2026-09-18T16:27:15Z
CREAM-20260918-00591,Paul Brown,Paul Brown,Paul,Brown,pbrown@outlook.com,(305) 864-6162,Berkshire Hathaway,Berkshire Hathaway,Glendale,Glendale,AZ,86748,19,57,57,24911458,4.3,B,90,Facebook,Large (51-200 agents),2026-09-18T02:29:33Z
CREAM-20260918-00592,Natalie Torres,Natalie Torres,Natalie,Torres,ntorres@compass.com,(512) 819-5646,Compass,Compass,Rochester,Rochester,NY,13776,22,41,41,26068775,3.8,B,85,LinkedIn,Large (51-200 agents),2026-09-18T19:11:22Z
CREAM-20260918-00593,Sandra Hernandez,Sandra Hernandez,Sandra,Hernandez,shernandez@outlook.com,(714) 984-7457,Keller Williams,Keller Williams,Arlington,Arlington,TX,75856,2,12,12,5335238,4.5,B,99,Referral Network,Enterprise (200+ agents),2026-09-18T03:37:55Z
CREAM-20260918-00594,Margaret Cruz,Margaret Cruz,Margaret,Cruz,margaretc@me.com,(407) 747-9060,eXp Realty,eXp Realty,Thornton,Thornton,CO,81553,16,41,41,23777822,4.3,B,93,Trade Show,Independent,2026-09-18T14:26:16Z
CREAM-20260918-00595,Matthew Collins,Matthew Collins,Matthew,Collins,matthewc@yahoo.com,(305) 463-8090,Allie Beth Allman,Allie Beth Allman,Lubbock,Lubbock,TX,75877,10,28,28,12573036,4.0,B,87,Website Lead,Independent,2026-09-18T11:20:43Z
CREAM-20260918-00596,Brittany Brooks,Brittany Brooks,Brittany,Brooks,bbrooks@yahoo.com,(512) 638-4290,Briggs Freeman Sotheby's,Briggs Freeman Sotheby's,Corpus Christi,Corpus Christi,TX,79982,20,38,38,12553963,4.2,B,77,Referral Network,Mid-size (11-50 agents),2026-09-18T17:45:51Z
CREAM-20260918-00597,Nancy Hernandez,Nancy Hernandez,Nancy,Hernandez,nancyh@berkshirehathaway.com,(786) 637-6943,Berkshire Hathaway,Berkshire Hathaway,Irving,Irving,TX,76440,17,69,69,17934226,3.1,B,66,Cold Outreach,Large (51-200 agents),2026-09-18T06:25:21Z
CREAM-20260918-00598,Jonathan Flores,Jonathan Flores,Jonathan,Flores,jonathanf@gmail.com,(720) 916-9526,Russell Lyon Sotheby's,Russell Lyon Sotheby's,Chandler,Chandler,AZ,86283,0,0,0,0,4.1,B,96,Brokerage Listings,Mid-size (11-50 agents),2026-09-18T17:04:55Z
CREAM-20260918-00599,David Castillo,David Castillo,David,Castillo,davidcastillo@aol.com,(972) 677-2058,Coldwell Banker,Coldwell Banker,Pembroke Pines,Pembroke Pines,FL,32278,3,19,19,9177406,4.2,B,100,NAR Directory,Enterprise (200+ agents),2026-09-18T23:21:27Z
CREAM-20260918-00600,Amber Gray,Amber Gray,Amber,Gray,agray@icloud.com,(214) 321-3704,eXp Realty,eXp Realty,Arlington,Arlington,TX,75516,18,39,39,15538375,3.6,B,94,Trade Show,Independent,2026-09-18T07:29:05Z
CREAM-20260918-00601,Keith Edwards,Keith Edwards,Keith,Edwards,kedwards@aol.com,(512) 482-4152,RE/MAX,RE/MAX,Amarillo,Amarillo,TX,79176,3,23,23,8724399,4.0,B,79,Brokerage Listings,Boutique (2-10 agents),2026-09-18T03:58:12Z
CREAM-20260918-00602,Christine Smith,Christine Smith,Christine,Smith,csmith@re/max.com,(916) 872-2721,RE/MAX,RE/MAX,Parma,Parma,OH,45581,0,3,3,532370,3.8,B,90,Trade Show,Boutique (2-10 agents),2026-09-18T00:22:35Z
CREAM-20260918-00603,Amber Baker,Amber Baker,Amber,Baker,abaker@outlook.com,(334) 969-3457,Coldwell Banker,Coldwell Banker,Irving,Irving,TX,77256,1,9,9,3219806,3.1,B,92,Brokerage Listings,Mid-size (11-50 agents),2026-09-18T07:49:07Z
CREAM-20260918-00604,Matthew Clark,Matthew Clark,Matthew,Clark,matthewc@aol.com,(303) 515-1077,Keller Williams,Keller Williams,Yonkers,Yonkers,NY,12986,4,17,17,7841325,4.4,B,60,NAR Directory,Large (51-200 agents),2026-09-18T13:32:09Z
CREAM-20260918-00605,Jonathan Perry,Jonathan Perry,Jonathan,Perry,jonathan.perry@gmail.com,(646) 354-5845,Berkshire Hathaway,Berkshire Hathaway,Hollywood,Hollywood,FL,32871,4,18,18,9659449,3.8,B,68,NAR Directory,Enterprise (200+ agents),2026-09-18T12:02:52Z
CREAM-20260918-00606,Albert Rogers,Albert Rogers,Albert,Rogers,albertrogers@me.com,(972) 307-1101,Keller Williams,Keller Williams,Lakewood,Lakewood,CO,81493,5,16,16,6735281,4.7,B,72,LinkedIn,Independent,2026-09-18T11:45:48Z
CREAM-20260918-00607,Melissa Richardson,Melissa Richardson,Melissa,Richardson,mrichardson@kellerwilliams.com,(310) 778-7912,Keller Williams,Keller Williams,Irving,Irving,TX,77780,0,0,0,0,4.1,B,64,LinkedIn,Independent,2026-09-18T04:41:17Z
CREAM-20260918-00608,Ryan Clark,Ryan Clark,Ryan,Clark,ryanclark@outlook.com,(646) 357-3683,Berkshire Hathaway,Berkshire Hathaway,Dayton,Dayton,OH,44141,12,36,36,10985912,3.9,B,81,Website Lead,Boutique (2-10 agents),2026-09-18T10:57:52Z
CREAM-20260918-00609,Karen Martinez,Karen Martinez,Karen,Martinez,karenm@gmail.com,(614) 632-8523,Coldwell Banker,Coldwell Banker,Chandler,Chandler,AZ,85374,23,39,39,12078773,4.7,B,74,Trade Show,Independent,2026-09-18T23:36:32Z
CREAM-20260918-00610,Kenneth Cruz,Kenneth Cruz,Kenneth,Cruz,kcruz@gmail.com,(714) 945-2388,Keller Williams,Keller Williams,Lakewood,Lakewood,CO,81755,4,13,13,6517765,3.2,B,62,Facebook,Mid-size (11-50 agents),2026-09-18T19:49:04Z
CREAM-20260918-00611,Louis Russell,Louis Russell,Louis,Russell,louisr@longrealty.com,(512) 610-8648,Long Realty,Long Realty,Gilbert,Gilbert,AZ,86676,3,21,21,8991925,3.8,B,100,MLS Database,Mid-size (11-50 agents),2026-09-18T16:51:30Z
CREAM-20260918-00612,Michelle Peterson,Michelle Peterson,Michelle,Peterson,michellep@exprealty.com,(980) 991-2146,eXp Realty,eXp Realty,Arlington,Arlington,TX,77775,1,7,7,2149187,4.6,B,91,NAR Directory,Boutique (2-10 agents),2026-09-18T22:41:58Z
CREAM-20260918-00613,Richard Rogers,Richard Rogers,Richard,Rogers,richard.rogers@huntingtonrealestate.com,(404) 938-2802,Huntington Real Estate,Huntington Real Estate,Akron,Akron,OH,43348,15,68,68,18897801,4.0,B,89,LinkedIn,Enterprise (200+ agents),2026-09-18T22:07:46Z
CREAM-20260918-00614,Angela Hill,Angela Hill,Angela,Hill,ahill@kellerwilliams.com,(212) 453-8569,Keller Williams,Keller Williams,Arvada,Arvada,CO,81675,24,47,47,24307139,4.1,B,82,Facebook,Independent,2026-09-18T01:33:10Z
CREAM-20260918-00615,Sandra Parker,Sandra Parker,Sandra,Parker,sandrap@exprealty.com,(919) 283-4301,eXp Realty,eXp Realty,Lakewood,Lakewood,CO,81122,7,27,27,17070181,3.1,B,97,MLS Database,Enterprise (200+ agents),2026-09-18T19:32:40Z
CREAM-20260918-00616,Emily Collins,Emily Collins,Emily,Collins,ecollins@re/max.com,(334) 961-8281,RE/MAX,RE/MAX,Lubbock,Lubbock,TX,78924,2,7,7,2345490,3.2,B,64,NAR Directory,Large (51-200 agents),2026-09-18T04:11:49Z
CREAM-20260918-00617,Benjamin Castillo,Benjamin Castillo,Benjamin,Castillo,benjaminc@douglaselliman.com,(714) 513-5249,Douglas Elliman,Douglas Elliman,Pembroke Pines,Pembroke Pines,FL,32815,5,18,18,7976899,4.2,B,82,MLS Database,Mid-size (11-50 agents),2026-09-18T02:38:58Z
CREAM-20260918-00618,Joseph Peterson,Joseph Peterson,Joseph,Peterson,joseph.peterson@gmail.com,(602) 660-3916,Coldwell Banker,Coldwell Banker,Pembroke Pines,Pembroke Pines,FL,32480,5,17,17,6204228,3.3,B,78,Cold Outreach,Independent,2026-09-18T10:08:29Z
CREAM-20260918-00619,Michelle Myers,Michelle Myers,Michelle,Myers,michellem@kellerwilliams.com,(720) 605-5953,Keller Williams,Keller Williams,Fort Collins,Fort Collins,CO,80157,15,74,74,35267684,4.0,B,65,NAR Directory,Boutique (2-10 agents),2026-09-18T19:30:53Z
CREAM-20260918-00620,Angela Martin,Angela Martin,Angela,Martin,amartin@yahoo.com,(407) 896-6123,Corcoran Group,Corcoran Group,New Rochelle,New Rochelle,NY,11197,19,48,48,30723862,3.2,B,80,LinkedIn,Boutique (2-10 agents),2026-09-18T17:30:03Z
CREAM-20260918-00621,Laura Ortiz,Laura Ortiz,Laura,Ortiz,laura.ortiz@outlook.com,(404) 981-1660,RE/MAX,RE/MAX,Tempe,Tempe,AZ,85390,12,50,50,23142001,4.4,B,79,Referral Network,Independent,2026-09-18T13:19:21Z
CREAM-20260918-00622,Elizabeth Rogers,Elizabeth Rogers,Elizabeth,Rogers,elizabethr@compass.com,(929) 972-2175,Compass,Compass,Fayetteville,Fayetteville,NC,28537,16,64,64,24460491,3.1,B,91,Realtor.com,Boutique (2-10 agents),2026-09-18T11:23:45Z
CREAM-20260918-00623,Jonathan Roberts,Jonathan Roberts,Jonathan,Roberts,jonathan_roberts@outlook.com,(646) 238-9155,Corcoran Group,Corcoran Group,Albany,Albany,NY,11828,2,9,9,4250401,3.5,B,80,Referral Network,Large (51-200 agents),2026-09-18T16:19:26Z
CREAM-20260918-00624,Larry Sanders,Larry Sanders,Larry,Sanders,lsanders@berkshirehathaway.com,(256) 931-5873,Berkshire Hathaway,Berkshire Hathaway,Fayetteville,Fayetteville,NC,27179,1,11,11,3497851,3.6,B,88,Cold Outreach,Boutique (2-10 agents),2026-09-18T09:42:15Z
CREAM-20260918-00625,Jonathan Phillips,Jonathan Phillips,Jonathan,Phillips,jonathan.phillips@aol.com,(407) 278-2431,eXp Realty,eXp Realty,Arvada,Arvada,CO,80776,1,7,7,4190594,4.5,B,66,Trade Show,Independent,2026-09-18T14:32:02Z
CREAM-20260918-00626,Lauren Rivera,Lauren Rivera,Lauren,Rivera,laurenrivera@hotmail.com,(512) 496-6207,Howard Hanna,Howard Hanna,Winston-Salem,Winston-Salem,NC,28142,6,16,16,6918175,3.9,B,64,Cold Outreach,Large (51-200 agents),2026-09-18T17:07:53Z
CREAM-20260918-00627,Joshua Cook,Joshua Cook,Joshua,Cook,joshua.cook@kellerwilliams.com,(786) 894-2810,Keller Williams,Keller Williams,Gilbert,Gilbert,AZ,86707,6,24,24,10409329,3.3,B,68,MLS Database,Mid-size (11-50 agents),2026-09-18T23:57:50Z
CREAM-20260918-00628,Carol Ortiz,Carol Ortiz,Carol,Ortiz,carolo@hotmail.com,(512) 469-5075,Coldwell Banker,Coldwell Banker,Toledo,Toledo,OH,44166,0,2,2,443235,5.0,B,78,Brokerage Listings,Large (51-200 agents),2026-09-18T17:30:38Z
CREAM-20260918-00629,Diane Moore,Diane Moore,Diane,Moore,dianem@yahoo.com,(805) 697-9275,Berkshire Hathaway,Berkshire Hathaway,Glendale,Glendale,AZ,86475,8,30,30,13071171,4.2,B,95,Referral Network,Boutique (2-10 agents),2026-09-18T08:34:18Z
CREAM-20260918-00630,Anna Collins,Anna Collins,Anna,Collins,anna.collins@aol.com,(704) 920-2284,Pacific Sotheby's,Pacific Sotheby's,Bakersfield,Bakersfield,CA,95557,18,59,59,35335384,4.3,B,83,Cold Outreach,Independent,2026-09-18T01:49:06Z
CREAM-20260918-00631,James Chavez,James Chavez,James,Chavez,jamesc@berkshirehathaway.com,(929) 626-6161,Berkshire Hathaway,Berkshire Hathaway,Port St. Lucie,Port St. Lucie,FL,34762,4,22,22,9578049,4.5,B,73,Referral Network,Independent,2026-09-18T04:56:01Z
CREAM-20260918-00632,Megan Ortiz,Megan Ortiz,Megan,Ortiz,mortiz@outlook.com,(303) 753-1234,Nest Seekers,Nest Seekers,Buffalo,Buffalo,NY,11150,5,22,22,15385477,3.6,B,73,Cold Outreach,Enterprise (200+ agents),2026-09-18T22:03:28Z
CREAM-20260918-00633,Lawrence Cook,Lawrence Cook,Lawrence,Cook,lawrencecook@aol.com,(513) 430-1470,Keller Williams,Keller Williams,Thornton,Thornton,CO,81876,17,59,59,37485501,4.1,B,74,Realtor.com,Boutique (2-10 agents),2026-09-18T13:37:42Z
CREAM-20260918-00634,Karen Alexander,Karen Alexander,Karen,Alexander,karena@me.com,(404) 269-5590,8z Real Estate,8z Real Estate,Thornton,Thornton,CO,80621,23,70,70,47664430,3.4,B,78,Cold Outreach,Independent,2026-09-18T03:11:22Z
CREAM-20260918-00635,Paul Davis,Paul Davis,Paul,Davis,pdavis@outlook.com,(614) 744-1854,RE/MAX,RE/MAX,Cary,Cary,NC,27521,16,61,61,26624133,3.2,B,81,Brokerage Listings,Large (51-200 agents),2026-09-18T00:42:20Z
CREAM-20260918-00636,James Gonzalez,James Gonzalez,James,Gonzalez,jgonzalez@cutlerrealestate.com,(512) 961-8106,Cutler Real Estate,Cutler Real Estate,Dayton,Dayton,OH,44851,17,69,69,19557059,4.7,B,84,Brokerage Listings,Boutique (2-10 agents),2026-09-18T15:07:03Z
CREAM-20260918-00637,Alan Cook,Alan Cook,Alan,Cook,acook@kellerwilliams.com,(614) 683-1343,Keller Williams,Keller Williams,Winston-Salem,Winston-Salem,NC,27953,5,14,14,4135198,4.2,B,98,Trade Show,Mid-size (11-50 agents),2026-09-18T04:57:04Z
CREAM-20260918-00638,Bruce Ruiz,Bruce Ruiz,Bruce,Ruiz,bruiz@compass.com,(646) 515-7213,Compass,Compass,Anaheim,Anaheim,CA,95369,5,23,23,19806110,3.3,B,97,Brokerage Listings,Mid-size (11-50 agents),2026-09-18T18:15:39Z
CREAM-20260918-00639,Deborah Robinson,Deborah Robinson,Deborah,Robinson,drobinson@yahoo.com,(404) 805-5434,eXp Realty,eXp Realty,Cape Coral,Cape Coral,FL,32219,10,35,35,18697450,3.1,B,76,Realtor.com,Enterprise (200+ agents),2026-09-18T03:41:43Z
CREAM-20260918-00640,Linda Garcia,Linda Garcia,Linda,Garcia,lindag@icloud.com,(786) 387-4374,Corcoran Group,Corcoran Group,Syracuse,Syracuse,NY,12505,3,19,19,8819669,3.5,B,73,Facebook,Large (51-200 agents),2026-09-18T08:32:03Z
CREAM-20260918-00641,Pamela Powell,Pamela Powell,Pamela,Powell,pamela.powell@icloud.com,(512) 755-9349,Corcoran Group,Corcoran Group,Syracuse,Syracuse,NY,14132,19,39,39,22645340,3.8,B,91,Realtor.com,Large (51-200 agents),2026-09-18T21:34:12Z
CREAM-20260918-00642,Brandon Martin,Brandon Martin,Brandon,Martin,brandon.martin@yahoo.com,(713) 544-3304,Halstead,Halstead,New Rochelle,New Rochelle,NY,11931,4,10,10,6312007,4.3,B,68,Trade Show,Mid-size (11-50 agents),2026-09-18T06:25:36Z
CREAM-20260918-00643,Kenneth Young,Kenneth Young,Kenneth,Young,kenneth.young@gmail.com,(310) 526-3745,Coldwell Banker,Coldwell Banker,Arlington,Arlington,TX,79215,3,25,25,9926370,4.0,B,76,Brokerage Listings,Mid-size (11-50 agents),2026-09-18T08:59:43Z
CREAM-20260918-00644,Jacob Green,Jacob Green,Jacob,Green,jgreen@icloud.com,(602) 968-9989,Sotheby's International,Sotheby's International,Rochester,Rochester,NY,10396,5,9,9,5074749,4.5,B,61,Trade Show,Boutique (2-10 agents),2026-09-18T02:43:51Z
CREAM-20260918-00645,Scott Thomas,Scott Thomas,Scott,Thomas,sthomas@compass.com,(929) 212-6246,Compass,Compass,Thornton,Thornton,CO,80399,3,11,11,4495743,4.9,B,82,LinkedIn,Boutique (2-10 agents),2026-09-18T01:51:31Z
CREAM-20260918-00646,Christopher Jackson,Christopher Jackson,Christopher,Jackson,cjackson@hotmail.com,(256) 231-8457,Keller Williams Realty,Keller Williams Realty,Santa Ana,Santa Ana,CA,95197,13,55,55,55291540,3.7,B,88,NAR Directory,Boutique (2-10 agents),2026-09-18T14:34:44Z
CREAM-20260918-00647,Michael Reyes,Michael Reyes,Michael,Reyes,michael.reyes@icloud.com,(718) 454-6241,Compass,Compass,Arvada,Arvada,CO,81756,4,21,21,9628791,4.4,B,92,Trade Show,Mid-size (11-50 agents),2026-09-18T00:46:01Z
CREAM-20260918-00648,Melissa Ward,Melissa Ward,Melissa,Ward,melissaward@yahoo.com,(919) 349-7170,Compass,Compass,Hialeah,Hialeah,FL,32116,4,21,21,7986987,4.7,B,81,NAR Directory,Mid-size (11-50 agents),2026-09-18T18:32:57Z
CREAM-20260918-00649,Cynthia Davis,Cynthia Davis,Cynthia,Davis,cdavis@homesmart.com,(916) 533-4398,HomeSmart,HomeSmart,Gilbert,Gilbert,AZ,85373,4,25,25,10200280,4.0,B,90,Referral Network,Enterprise (200+ agents),2026-09-18T04:58:10Z
CREAM-20260918-00650,Laura Peterson,Laura Peterson,Laura,Peterson,laura_peterson@aol.com,(980) 427-1681,Douglas Elliman,Douglas Elliman,Arlington,Arlington,TX,75433,9,30,30,13277138,3.3,B,69,Referral Network,Independent,2026-09-18T19:55:08Z
CREAM-20260918-00651,Louis Clark,Louis Clark,Louis,Clark,louisc@hotmail.com,(512) 880-1202,Coldwell Banker,Coldwell Banker,Lakewood,Lakewood,CO,80994,3,9,9,6310561,5.0,B,90,Trade Show,Enterprise (200+ agents),2026-09-18T23:23:21Z
CREAM-20260918-00652,Donald Young,Donald Young,Donald,Young,donald.young@me.com,(718) 847-4893,Berkshire Hathaway HomeServices,Berkshire Hathaway HomeServices,Bakersfield,Bakersfield,CA,94913,24,45,45,37610798,3.5,B,73,LinkedIn,Boutique (2-10 agents),2026-09-18T15:56:25Z
CREAM-20260918-00653,Mark Jones,Mark Jones,Mark,Jones,mjones@century21.com,(718) 771-3448,Century 21,Century 21,Pembroke Pines,Pembroke Pines,FL,33913,0,1,1,395196,4.3,B,70,Cold Outreach,Enterprise (200+ agents),2026-09-18T01:51:08Z
CREAM-20260918-00654,George Wilson,George Wilson,George,Wilson,george.wilson@nestseekers.com,(713) 318-1741,Nest Seekers,Nest Seekers,Albany,Albany,NY,11283,5,21,21,15590964,3.8,B,84,Cold Outreach,Mid-size (11-50 agents),2026-09-18T07:24:27Z
CREAM-20260918-00655,Jessica Phillips,Jessica Phillips,Jessica,Phillips,jessica.phillips@allentate.com,(720) 616-5506,Allen Tate,Allen Tate,Winston-Salem,Winston-Salem,NC,27128,15,53,53,17589480,4.5,B,62,Referral Network,Boutique (2-10 agents),2026-09-18T23:52:32Z
CREAM-20260918-00656,George Perry,George Perry,George,Perry,georgep@re/max.com,(513) 309-5654,RE/MAX,RE/MAX,Pembroke Pines,Pembroke Pines,FL,33482,25,44,44,20271263,3.8,B,82,Referral Network,Mid-size (11-50 agents),2026-09-18T22:48:43Z
CREAM-20260918-00657,Anna Foster,Anna Foster,Anna,Foster,annaf@exprealty.com,(980) 366-9517,eXp Realty,eXp Realty,Toledo,Toledo,OH,45569,4,19,19,5501832,4.2,B,83,Trade Show,Independent,2026-09-18T23:48:37Z
CREAM-20260918-00658,Grace Adams,Grace Adams,Grace,Adams,grace_adams@aol.com,(972) 581-8798,RE/MAX,RE/MAX,Hialeah,Hialeah,FL,32556,3,11,11,5551505,4.5,B,88,Cold Outreach,Enterprise (200+ agents),2026-09-18T07:15:42Z
CREAM-20260918-00659,Ashley Jackson,Ashley Jackson,Ashley,Jackson,ashley_jackson@yahoo.com,(512) 260-4447,Russell Lyon Sotheby's,Russell Lyon Sotheby's,Gilbert,Gilbert,AZ,85350,11,63,63,23114914,4.9,B,62,Realtor.com,Large (51-200 agents),2026-09-18T23:46:46Z
CREAM-20260918-00660,Anna Ward,Anna Ward,Anna,Ward,annaward@me.com,(415) 308-9718,RE/MAX,RE/MAX,Lubbock,Lubbock,TX,79678,6,31,31,9324494,3.2,B,76,Cold Outreach,Large (51-200 agents),2026-09-18T07:05:19Z
CREAM-20260918-00661,Paul Turner,Paul Turner,Paul,Turner,paul.turner@berkshirehathaway.com,(714) 729-4288,Berkshire Hathaway,Berkshire Hathaway,Glendale,Glendale,AZ,85175,1,8,8,3186224,3.7,B,95,Brokerage Listings,Mid-size (11-50 agents),2026-09-18T06:33:05Z
CREAM-20260918-00662,Grace Hernandez,Grace Hernandez,Grace,Hernandez,ghernandez@berkshirehathaway.com,(614) 608-8414,Berkshire Hathaway,Berkshire Hathaway,Toledo,Toledo,OH,45525,21,75,75,19975657,4.9,B,75,Cold Outreach,Large (51-200 agents),2026-09-18T23:57:24Z
CREAM-20260918-00663,Ashley Gutierrez,Ashley Gutierrez,Ashley,Gutierrez,agutierrez@me.com,(214) 674-1090,Keller Williams,Keller Williams,Garland,Garland,TX,77654,17,25,25,10901651,3.8,B,95,Referral Network,Boutique (2-10 agents),2026-09-18T01:02:03Z
CREAM-20260918-00664,Brian Roberts,Brian Roberts,Brian,Roberts,brianr@exprealty.com,(614) 958-5434,eXp Realty,eXp Realty,Lubbock,Lubbock,TX,76307,18,41,41,17425868,3.2,B,60,Trade Show,Mid-size (11-50 agents),2026-09-18T06:58:59Z
CREAM-20260918-00665,Victoria Turner,Victoria Turner,Victoria,Turner,victoria_turner@gmail.com,(407) 869-4914,Coldwell Banker,Coldwell Banker,Fresno,Fresno,CA,90852,10,63,63,43520943,4.5,B,75,Facebook,Independent,2026-09-18T20:47:33Z
CREAM-20260918-00666,Paul Anderson,Paul Anderson,Paul,Anderson,paulanderson@icloud.com,(404) 337-3732,Halstead,Halstead,Rochester,Rochester,NY,14614,14,63,63,38306826,4.4,B,76,Facebook,Large (51-200 agents),2026-09-18T19:42:59Z
CREAM-20260918-00667,Rose Campbell,Rose Campbell,Rose,Campbell,rosec@berkshirehathaway.com,(512) 239-7732,Berkshire Hathaway,Berkshire Hathaway,Winston-Salem,Winston-Salem,NC,27367,5,19,19,6021460,4.3,B,63,Brokerage Listings,Enterprise (200+ agents),2026-09-18T03:26:42Z
CREAM-20260918-00668,Lawrence Mendoza,Lawrence Mendoza,Lawrence,Mendoza,lmendoza@coldwellbanker.com,(929) 452-8166,Coldwell Banker,Coldwell Banker,Pembroke Pines,Pembroke Pines,FL,33650,5,21,21,8423474,3.0,B,88,Facebook,Mid-size (11-50 agents),2026-09-18T16:45:42Z
CREAM-20260918-00669,Dennis Jenkins,Dennis Jenkins,Dennis,Jenkins,djenkins@yahoo.com,(256) 577-4878,Douglas Elliman,Douglas Elliman,Cape Coral,Cape Coral,FL,32281,18,79,79,28005105,3.9,B,82,Website Lead,Enterprise (200+ agents),2026-09-18T21:09:44Z
CREAM-20260918-00670,Jonathan Campbell,Jonathan Campbell,Jonathan,Campbell,jonathan.campbell@berkshirehathaway.com,(919) 564-4975,Berkshire Hathaway,Berkshire Hathaway,Arlington,Arlington,TX,79418,2,11,11,3911601,4.0,B,76,NAR Directory,Large (51-200 agents),2026-09-18T03:11:05Z
CREAM-20260918-00671,Sandra Ortiz,Sandra Ortiz,Sandra,Ortiz,sandra.ortiz@hotmail.com,(212) 703-1425,eXp Realty,eXp Realty,Lubbock,Lubbock,TX,75759,5,25,25,8861848,3.4,B,66,Cold Outreach,Independent,2026-09-18T21:43:42Z
CREAM-20260918-00672,Steven Turner,Steven Turner,Steven,Turner,sturner@outlook.com,(704) 788-8414,RE/MAX,RE/MAX,Glendale,Glendale,AZ,86934,4,17,17,6468803,4.1,B,62,NAR Directory,Large (51-200 agents),2026-09-18T13:49:29Z
CREAM-20260918-00673,Kimberly Brown,Kimberly Brown,Kimberly,Brown,kimberlybrown@hotmail.com,(704) 771-2541,Century 21,Century 21,Tallahassee,Tallahassee,FL,32406,11,31,31,9827308,4.0,B,85,Facebook,Enterprise (200+ agents),2026-09-18T07:26:08Z
CREAM-20260918-00674,Juan Bailey,Juan Bailey,Juan,Bailey,juan.bailey@me.com,(512) 901-2388,Huntington Real Estate,Huntington Real Estate,Parma,Parma,OH,44162,18,49,49,14298747,4.4,B,92,Facebook,Large (51-200 agents),2026-09-18T22:58:36Z
CREAM-20260918-00675,Stephanie Lewis,Stephanie Lewis,Stephanie,Lewis,stephanie.lewis@yahoo.com,(305) 719-9455,Allie Beth Allman,Allie Beth Allman,Corpus Christi,Corpus Christi,TX,78152,6,35,35,14837175,3.0,B,88,MLS Database,Mid-size (11-50 agents),2026-09-18T02:13:27Z
CREAM-20260918-00676,Barbara Price,Barbara Price,Barbara,Price,barbarap@berkshirehathawayhomeservices.com,(919) 719-2931,Berkshire Hathaway HomeServices,Berkshire Hathaway HomeServices,Santa Ana,Santa Ana,CA,96776,5,13,13,10002966,3.5,B,76,Referral Network,Mid-size (11-50 agents),2026-09-18T09:46:33Z
CREAM-20260918-00677,Brittany Brooks,Brittany Brooks,Brittany,Brooks,brittanyb@outlook.com,(310) 614-5132,Coldwell Banker,Coldwell Banker,Parma,Parma,OH,43547,15,40,40,11868854,3.2,B,90,Cold Outreach,Enterprise (200+ agents),2026-09-18T00:28:51Z
CREAM-20260918-00678,Barbara Perez,Barbara Perez,Barbara,Perez,barbaraperez@icloud.com,(919) 890-7653,eXp Realty,eXp Realty,Santa Ana,Santa Ana,CA,90872,22,57,57,43929160,3.9,B,82,Brokerage Listings,Mid-size (11-50 agents),2026-09-18T00:49:32Z
CREAM-20260918-00679,Victoria Flores,Victoria Flores,Victoria,Flores,victoria.flores@aol.com,(305) 268-6892,Russell Lyon Sotheby's,Russell Lyon Sotheby's,Gilbert,Gilbert,AZ,86321,13,43,43,13347505,3.8,B,99,Facebook,Independent,2026-09-18T00:10:12Z
CREAM-20260918-00680,Daniel Flores,Daniel Flores,Daniel,Flores,dflores@icloud.com,(212) 630-2012,Keller Williams,Keller Williams,Albany,Albany,NY,12178,18,34,34,22759089,4.9,B,60,Referral Network,Mid-size (11-50 agents),2026-09-18T07:59:38Z
CREAM-20260918-00681,Janet Flores,Janet Flores,Janet,Flores,janetf@russelllyonsothebys.com,(512) 525-9396,Russell Lyon Sotheby's,Russell Lyon Sotheby's,Chandler,Chandler,AZ,85137,3,22,22,6611917,4.7,B,81,Trade Show,Large (51-200 agents),2026-09-18T17:28:08Z
CREAM-20260918-00682,Larry Cook,Larry Cook,Larry,Cook,larryc@me.com,(718) 541-4126,RE/MAX,RE/MAX,Fort Collins,Fort Collins,CO,81121,15,26,26,17373184,4.3,B,96,NAR Directory,Large (51-200 agents),2026-09-18T17:49:27Z
CREAM-20260918-00683,Sarah Taylor,Sarah Taylor,Sarah,Taylor,sarah.taylor@me.com,(212) 438-8769,Keller Williams,Keller Williams,Thornton,Thornton,CO,81516,11,65,65,42005616,4.5,B,66,Brokerage Listings,Enterprise (200+ agents),2026-09-18T05:08:31Z
CREAM-20260918-00684,Judith White,Judith White,Judith,White,judith.white@re/max.com,(980) 639-5709,RE/MAX,RE/MAX,Dayton,Dayton,OH,45706,5,17,17,3694692,4.6,B,75,Referral Network,Boutique (2-10 agents),2026-09-18T08:03:00Z
CREAM-20260918-00685,Megan Smith,Megan Smith,Megan,Smith,msmith@yahoo.com,(786) 897-6063,Corcoran Group,Corcoran Group,Buffalo,Buffalo,NY,14684,3,9,9,4518274,3.4,B,71,MLS Database,Mid-size (11-50 agents),2026-09-18T00:50:11Z
CREAM-20260918-00686,Margaret Bailey,Margaret Bailey,Margaret,Bailey,margaret.bailey@hotmail.com,(786) 545-8561,Keller Williams Realty,Keller Williams Realty,Pembroke Pines,Pembroke Pines,FL,32899,18,46,46,14238457,4.2,B,77,Brokerage Listings,Enterprise (200+ agents),2026-09-18T13:30:09Z
CREAM-20260918-00687,Joshua Kim,Joshua Kim,Joshua,Kim,joshua.kim@sothebysinternational.com,(786) 516-7952,Sotheby's International,Sotheby's International,Syracuse,Syracuse,NY,10361,14,38,38,24688460,4.5,B,78,Cold Outreach,Independent,2026-09-18T00:22:40Z
CREAM-20260918-00688,Arthur Jones,Arthur Jones,Arthur,Jones,arthurj@re/max.com,(305) 991-2173,RE/MAX,RE/MAX,Dayton,Dayton,OH,44639,3,12,12,3167254,5.0,B,86,Website Lead,Independent,2026-09-18T08:51:41Z
CREAM-20260918-00689,Aaron Coleman,Aaron Coleman,Aaron,Coleman,aaron.coleman@outlook.com,(256) 279-3348,Compass,Compass,Pembroke Pines,Pembroke Pines,FL,33620,24,48,48,24512619,4.2,B,72,Realtor.com,Boutique (2-10 agents),2026-09-18T00:10:12Z
CREAM-20260918-00690,Daniel Powell,Daniel Powell,Daniel,Powell,danielpowell@outlook.com,(714) 580-9519,Keller Williams,Keller Williams,Gilbert,Gilbert,AZ,86743,24,46,46,23765584,3.7,B,75,Realtor.com,Boutique (2-10 agents),2026-09-18T08:41:23Z
CREAM-20260918-00691,Patricia Ramirez,Patricia Ramirez,Patricia,Ramirez,pramirez@aol.com,(407) 516-3678,Coldwell Banker,Coldwell Banker,Glendale,Glendale,AZ,86759,6,24,24,12449777,3.8,B,96,Cold Outreach,Large (51-200 agents),2026-09-18T22:06:23Z
CREAM-20260918-00692,Timothy Anderson,Timothy Anderson,Timothy,Anderson,timothy_anderson@hotmail.com,(919) 386-5454,Berkshire Hathaway HomeServices,Berkshire Hathaway HomeServices,Santa Ana,Santa Ana,CA,93264,20,73,73,47231725,3.4,B,60,LinkedIn,Enterprise (200+ agents),2026-09-18T15:36:29Z
CREAM-20260918-00693,Susan Stewart,Susan Stewart,Susan,Stewart,susan.stewart@gmail.com,(513) 637-1621,Douglas Elliman,Douglas Elliman,Cape Coral,Cape Coral,FL,34633,18,77,77,37211402,3.8,B,95,Realtor.com,Mid-size (11-50 agents),2026-09-18T03:00:44Z
CREAM-20260918-00694,Michelle Diaz,Michelle Diaz,Michelle,Diaz,michelled@yahoo.com,(720) 845-7277,eXp Realty,eXp Realty,Gilbert,Gilbert,AZ,85808,3,13,13,3984453,4.4,B,64,Trade Show,Independent,2026-09-18T12:40:13Z
CREAM-20260918-00695,Sharon Martinez,Sharon Martinez,Sharon,Martinez,sharon.martinez@brownharrisstevens.com,(614) 976-1442,Brown Harris Stevens,Brown Harris Stevens,Buffalo,Buffalo,NY,13280,1,11,11,7027643,4.0,B,78,MLS Database,Independent,2026-09-18T13:37:40Z
CREAM-20260918-00696,Rose Baker,Rose Baker,Rose,Baker,rbaker@gmail.com,(786) 552-1411,Coldwell Banker,Coldwell Banker,Gilbert,Gilbert,AZ,85733,23,58,58,23657317,4.3,B,63,Website Lead,Boutique (2-10 agents),2026-09-18T20:12:51Z
CREAM-20260918-00697,Andrew Baker,Andrew Baker,Andrew,Baker,andrew_baker@aol.com,(334) 916-2303,Compass,Compass,Syracuse,Syracuse,NY,13629,2,7,7,4238218,4.5,B,86,Realtor.com,Mid-size (11-50 agents),2026-09-18T22:48:53Z
CREAM-20260918-00698,Rebecca Perez,Rebecca Perez,Rebecca,Perez,rebecca.perez@outlook.com,(720) 750-2896,RE/MAX,RE/MAX,Gilbert,Gilbert,AZ,86429,5,21,21,8949696,3.2,B,65,Website Lead,Boutique (2-10 agents),2026-09-18T18:05:15Z
CREAM-20260918-00699,Michelle Gomez,Michelle Gomez,Michelle,Gomez,michelle.gomez@berkshirehathawayhomeservices.com,(334) 393-7467,Berkshire Hathaway HomeServices,Berkshire Hathaway HomeServices,Chula Vista,Chula Vista,CA,96118,5,23,23,17650817,4.9,B,60,Referral Network,Boutique (2-10 agents),2026-09-18T20:53:56Z
CREAM-20260918-00700,Carl Campbell,Carl Campbell,Carl,Campbell,ccampbell@kellerwilliams.com,(718) 842-6092,Keller Williams,Keller Williams,Tempe,Tempe,AZ,86942,15,31,31,12231579,3.8,B,81,Facebook,Independent,2026-09-18T22:29:24Z
CREAM-20260918-00701,Louis Nguyen,Louis Nguyen,Louis,Nguyen,louisnguyen@yahoo.com,(786) 473-5539,Douglas Elliman,Douglas Elliman,Arlington,Arlington,TX,78393,4,10,10,4476924,3.0,B,78,Facebook,Large (51-200 agents),2026-09-18T16:02:59Z
CREAM-20260918-00702,Dorothy Lewis,Dorothy Lewis,Dorothy,Lewis,dorothyl@century21.com,(713) 600-6626,Century 21,Century 21,Cape Coral,Cape Coral,FL,34141,9,34,34,11869976,3.2,B,98,Realtor.com,Large (51-200 agents),2026-09-18T06:04:29Z
CREAM-20260918-00703,Ruth Rogers,Ruth Rogers,Ruth,Rogers,ruthr@longrealty.com,(234) 861-8851,Long Realty,Long Realty,Chandler,Chandler,AZ,86979,1,3,3,1517507,4.5,B,78,Referral Network,Independent,2026-09-18T21:42:42Z
CREAM-20260918-00704,Jacob Cooper,Jacob Cooper,Jacob,Cooper,jacobcooper@icloud.com,(919) 771-9022,Coldwell Banker,Coldwell Banker,Garland,Garland,TX,78806,7,22,22,6584085,4.9,B,87,Trade Show,Enterprise (200+ agents),2026-09-18T12:50:22Z
CREAM-20260918-00705,Katherine Ruiz,Katherine Ruiz,Katherine,Ruiz,kruiz@compass.com,(469) 356-8158,Compass,Compass,Fort Collins,Fort Collins,CO,81948,3,12,12,5007602,4.3,B,75,Realtor.com,Enterprise (200+ agents),2026-09-18T02:13:57Z
CREAM-20260918-00706,Jason Diaz,Jason Diaz,Jason,Diaz,jason.diaz@me.com,(916) 699-5222,HomeSmart,HomeSmart,Gilbert,Gilbert,AZ,85946,10,31,31,10702954,3.8,B,72,Facebook,Boutique (2-10 agents),2026-09-18T06:08:17Z
CREAM-20260918-00707,Janet Price,Janet Price,Janet,Price,jprice@yahoo.com,(404) 306-7794,eXp Realty,eXp Realty,Thornton,Thornton,CO,80115,1,9,9,5255684,3.6,B,66,Referral Network,Large (51-200 agents),2026-09-18T02:23:57Z
CREAM-20260918-00708,Elizabeth Young,Elizabeth Young,Elizabeth,Young,elizabeth.young@pacificsothebys.com,(718) 223-8471,Pacific Sotheby's,Pacific Sotheby's,Stockton,Stockton,CA,92161,14,61,61,59351520,4.2,B,62,Facebook,Boutique (2-10 agents),2026-09-18T11:59:06Z
CREAM-20260918-00709,Thomas Evans,Thomas Evans,Thomas,Evans,tevans@me.com,(305) 782-1120,Nest Seekers,Nest Seekers,Albany,Albany,NY,14504,0,5,5,3121577,3.6,B,62,Realtor.com,Enterprise (200+ agents),2026-09-18T16:45:06Z
CREAM-20260918-00710,Nicole Jackson,Nicole Jackson,Nicole,Jackson,nicole.jackson@hotmail.com,(646) 815-3926,Brown Harris Stevens,Brown Harris Stevens,Syracuse,Syracuse,NY,13642,7,22,22,13352592,4.2,B,97,Brokerage Listings,Independent,2026-09-18T08:28:07Z
CREAM-20260918-00711,Juan Powell,Juan Powell,Juan,Powell,juanpowell@me.com,(212) 954-9401,Coldwell Banker,Coldwell Banker,Amarillo,Amarillo,TX,79416,1,12,12,4608973,4.5,B,88,NAR Directory,Enterprise (200+ agents),2026-09-18T04:17:25Z
CREAM-20260918-00712,Judith Nelson,Judith Nelson,Judith,Nelson,judithn@kellerwilliams.com,(646) 384-1598,Keller Williams,Keller Williams,Arvada,Arvada,CO,81185,0,2,2,895649,4.0,B,86,Trade Show,Boutique (2-10 agents),2026-09-18T09:14:11Z
CREAM-20260918-00713,Robert Mitchell,Robert Mitchell,Robert,Mitchell,rmitchell@icloud.com,(303) 287-1392,Allen Tate,Allen Tate,Cary,Cary,NC,28641,25,54,54,17398137,3.1,B,90,MLS Database,Enterprise (200+ agents),2026-09-18T12:59:25Z
CREAM-20260918-00714,Margaret Rodriguez,Margaret Rodriguez,Margaret,Rodriguez,margaret.rodriguez@aol.com,(602) 322-6076,RE/MAX,RE/MAX,Durham,Durham,NC,27652,23,34,34,12833229,4.0,B,62,Referral Network,Boutique (2-10 agents),2026-09-18T03:40:47Z
CREAM-20260918-00715,Matthew Hughes,Matthew Hughes,Matthew,Hughes,mhughes@me.com,(704) 890-6653,Sotheby's International,Sotheby's International,Stockton,Stockton,CA,90997,4,19,19,18452609,4.4,B,89,Website Lead,Independent,2026-09-18T00:13:11Z
CREAM-20260918-00716,Jonathan Perez,Jonathan Perez,Jonathan,Perez,jperez@hotmail.com,(407) 378-6056,eXp Realty,eXp Realty,Amarillo,Amarillo,TX,75284,20,41,41,10795451,4.7,B,85,Cold Outreach,Enterprise (200+ agents),2026-09-18T05:18:33Z
CREAM-20260918-00717,Jennifer Brown,Jennifer Brown,Jennifer,Brown,jennifer_brown@hotmail.com,(972) 355-7442,Sotheby's International,Sotheby's International,New Rochelle,New Rochelle,NY,13108,1,9,9,5973716,4.1,B,100,Realtor.com,Large (51-200 agents),2026-09-18T23:03:49Z
CREAM-20260918-00718,Aaron Hughes,Aaron Hughes,Aaron,Hughes,aaron.hughes@coldwellbanker.com,(614) 247-1502,Coldwell Banker,Coldwell Banker,Arvada,Arvada,CO,81406,2,8,8,4489396,3.8,B,77,Trade Show,Boutique (2-10 agents),2026-09-18T21:26:52Z
CREAM-20260918-00719,Brenda Adams,Brenda Adams,Brenda,Adams,brendaa@russelllyonsothebys.com,(305) 893-6059,Russell Lyon Sotheby's,Russell Lyon Sotheby's,Glendale,Glendale,AZ,86435,4,14,14,7356999,3.3,B,64,Cold Outreach,Independent,2026-09-18T16:32:11Z
CREAM-20260918-00720,Sharon Bennett,Sharon Bennett,Sharon,Bennett,sharon.bennett@outlook.com,(214) 800-2164,Keller Williams,Keller Williams,Dayton,Dayton,OH,45733,2,12,12,3219268,4.0,B,70,Cold Outreach,Enterprise (200+ agents),2026-09-18T12:05:15Z
CREAM-20260918-00721,Betty Ramos,Betty Ramos,Betty,Ramos,bettyr@hotmail.com,(234) 539-7407,Douglas Elliman,Douglas Elliman,Pembroke Pines,Pembroke Pines,FL,34510,5,8,8,4262590,5.0,B,91,Referral Network,Mid-size (11-50 agents),2026-09-18T01:51:14Z
CREAM-20260918-00722,Edward Johnson,Edward Johnson,Edward,Johnson,edward.johnson@re/max.com,(415) 767-7947,RE/MAX,RE/MAX,Anaheim,Anaheim,CA,94378,5,20,20,12601043,3.9,B,88,Realtor.com,Mid-size (11-50 agents),2026-09-18T18:00:20Z
CREAM-20260918-00723,Angela Powell,Angela Powell,Angela,Powell,apowell@me.com,(720) 850-9582,Berkshire Hathaway,Berkshire Hathaway,Winston-Salem,Winston-Salem,NC,28181,3,17,17,7704580,4.0,B,64,NAR Directory,Boutique (2-10 agents),2026-09-18T22:11:36Z
CREAM-20260918-00724,Cynthia Edwards,Cynthia Edwards,Cynthia,Edwards,cedwards@pacificsothebys.com,(916) 269-3303,Pacific Sotheby's,Pacific Sotheby's,Bakersfield,Bakersfield,CA,92617,11,26,26,15615068,3.0,B,88,NAR Directory,Enterprise (200+ agents),2026-09-18T10:02:11Z
CREAM-20260918-00725,Cynthia Brooks,Cynthia Brooks,Cynthia,Brooks,cynthia_brooks@yahoo.com,(512) 872-5055,eXp Realty,eXp Realty,Akron,Akron,OH,44942,3,24,24,4412304,3.5,B,81,Trade Show,Large (51-200 agents),2026-09-18T04:11:13Z
CREAM-20260918-00726,Martha Patel,Martha Patel,Martha,Patel,mpatel@yahoo.com,(929) 209-4666,Corcoran Group,Corcoran Group,Buffalo,Buffalo,NY,10188,2,3,3,2012652,3.9,B,93,Realtor.com,Boutique (2-10 agents),2026-09-18T13:43:34Z
CREAM-20260918-00727,Scott Green,Scott Green,Scott,Green,scott.green@gmail.com,(646) 390-8191,Douglas Elliman,Douglas Elliman,Hialeah,Hialeah,FL,32285,0,2,2,1042787,3.8,B,97,Website Lead,Boutique (2-10 agents),2026-09-18T23:44:32Z
CREAM-20260918-00728,Nancy Jackson,Nancy Jackson,Nancy,Jackson,nancy.jackson@aol.com,(513) 792-6593,Keller Williams,Keller Williams,Amarillo,Amarillo,TX,76165,5,24,24,10667865,4.2,B,91,Website Lead,Boutique (2-10 agents),2026-09-18T12:27:10Z
CREAM-20260918-00729,Peter Rivera,Peter Rivera,Peter,Rivera,peter.rivera@me.com,(415) 712-2109,eXp Realty,eXp Realty,Irving,Irving,TX,75125,22,53,53,14940796,4.7,B,96,LinkedIn,Large (51-200 agents),2026-09-18T20:59:16Z
CREAM-20260918-00730,Amanda Hernandez,Amanda Hernandez,Amanda,Hernandez,amandah@exprealty.com,(469) 853-3657,eXp Realty,eXp Realty,Chandler,Chandler,AZ,86328,21,30,30,11648335,4.1,B,93,MLS Database,Enterprise (200+ agents),2026-09-18T03:29:08Z
CREAM-20260918-00731,Arthur Torres,Arthur Torres,Arthur,Torres,arthur.torres@coldwellbanker.com,(929) 595-4279,Coldwell Banker,Coldwell Banker,Fort Collins,Fort Collins,CO,81528,20,64,64,29552931,3.7,B,72,LinkedIn,Mid-size (11-50 agents),2026-09-18T17:18:28Z
CREAM-20260918-00732,Kevin Robinson,Kevin Robinson,Kevin,Robinson,kevinr@me.com,(407) 982-5911,Berkshire Hathaway,Berkshire Hathaway,Durham,Durham,NC,27634,5,12,12,3885354,3.5,B,70,LinkedIn,Independent,2026-09-18T23:10:20Z
CREAM-20260918-00733,Susan Young,Susan Young,Susan,Young,syoung@berkshirehathaway.com,(407) 979-1397,Berkshire Hathaway,Berkshire Hathaway,Arvada,Arvada,CO,81526,3,13,13,8805808,3.2,B,94,Brokerage Listings,Mid-size (11-50 agents),2026-09-18T20:20:06Z
CREAM-20260918-00734,Patrick Long,Patrick Long,Patrick,Long,patrick_long@outlook.com,(407) 347-6282,Russell Lyon Sotheby's,Russell Lyon Sotheby's,Gilbert,Gilbert,AZ,86510,0,0,0,0,4.4,B,86,Trade Show,Mid-size (11-50 agents),2026-09-18T11:38:45Z
CREAM-20260918-00735,Victoria Roberts,Victoria Roberts,Victoria,Roberts,victoria_roberts@me.com,(805) 865-7881,RE/MAX,RE/MAX,Cape Coral,Cape Coral,FL,32234,13,25,25,12017523,4.3,B,98,Brokerage Listings,Independent,2026-09-18T08:44:32Z
CREAM-20260918-00736,Sarah Fisher,Sarah Fisher,Sarah,Fisher,sarahfisher@icloud.com,(805) 738-9411,Coldwell Banker,Coldwell Banker,Parma,Parma,OH,43306,13,66,66,15586845,3.8,B,64,Facebook,Boutique (2-10 agents),2026-09-18T00:44:50Z
CREAM-20260918-00737,Alexander Ross,Alexander Ross,Alexander,Ross,alexander.ross@kellerwilliamsrealty.com,(980) 681-5114,Keller Williams Realty,Keller Williams Realty,Tallahassee,Tallahassee,FL,32712,1,7,7,2965644,4.8,B,72,MLS Database,Large (51-200 agents),2026-09-18T18:23:35Z
CREAM-20260918-00738,Christopher Jackson,Christopher Jackson,Christopher,Jackson,christopherj@gmail.com,(512) 473-7551,RE/MAX,RE/MAX,Tempe,Tempe,AZ,86686,2,7,7,2542692,4.3,B,70,LinkedIn,Mid-size (11-50 agents),2026-09-18T23:21:22Z
CREAM-20260918-00739,Larry Jenkins,Larry Jenkins,Larry,Jenkins,larryjenkins@icloud.com,(334) 268-7720,Compass,Compass,Yonkers,Yonkers,NY,12792,9,20,20,16146335,3.6,B,85,Facebook,Enterprise (200+ agents),2026-09-18T17:28:49Z
CREAM-20260918-00740,Sarah Garcia,Sarah Garcia,Sarah,Garcia,sgarcia@me.com,(602) 339-4655,Long Realty,Long Realty,Gilbert,Gilbert,AZ,85733,6,35,35,13118766,5.0,B,99,NAR Directory,Boutique (2-10 agents),2026-09-18T17:22:03Z
CREAM-20260918-00741,Dorothy King,Dorothy King,Dorothy,King,dorothyk@russelllyonsothebys.com,(720) 572-3074,Russell Lyon Sotheby's,Russell Lyon Sotheby's,Glendale,Glendale,AZ,86374,5,23,23,11282842,3.8,B,98,Website Lead,Large (51-200 agents),2026-09-18T04:08:11Z
CREAM-20260918-00742,Paul Robinson,Paul Robinson,Paul,Robinson,paulrobinson@yahoo.com,(916) 382-8345,Coldwell Banker,Coldwell Banker,Lubbock,Lubbock,TX,75922,1,7,7,2460664,3.9,B,69,Realtor.com,Boutique (2-10 agents),2026-09-18T11:44:26Z
CREAM-20260918-00743,Nancy Foster,Nancy Foster,Nancy,Foster,nancyfoster@aol.com,(512) 843-6983,Coldwell Banker,Coldwell Banker,Port St. Lucie,Port St. Lucie,FL,33755,2,8,8,3720807,3.1,B,90,Trade Show,Enterprise (200+ agents),2026-09-18T08:36:04Z
CREAM-20260918-00744,Bruce Hernandez,Bruce Hernandez,Bruce,Hernandez,bruce_hernandez@aol.com,(310) 702-2785,8z Real Estate,8z Real Estate,Thornton,Thornton,CO,80523,2,3,3,1787507,3.1,B,61,Referral Network,Boutique (2-10 agents),2026-09-18T03:17:31Z
CREAM-20260918-00745,John Brown,John Brown,John,Brown,jbrown@halstead.com,(305) 686-4294,Halstead,Halstead,Yonkers,Yonkers,NY,11271,17,64,64,50959374,4.3,B,60,Realtor.com,Large (51-200 agents),2026-09-18T00:13:25Z
CREAM-20260918-00746,Olivia Collins,Olivia Collins,Olivia,Collins,oliviac@outlook.com,(310) 266-3730,Sotheby's International,Sotheby's International,Syracuse,Syracuse,NY,12849,0,4,4,2575923,4.8,B,69,MLS Database,Large (51-200 agents),2026-09-18T22:17:07Z
CREAM-20260918-00747,Jonathan Hall,Jonathan Hall,Jonathan,Hall,jonathan.hall@hotmail.com,(614) 673-8789,Keller Williams,Keller Williams,Arlington,Arlington,TX,76721,13,42,42,18985519,3.5,B,64,NAR Directory,Independent,2026-09-18T02:24:43Z
CREAM-20260918-00748,Bruce Ross,Bruce Ross,Bruce,Ross,bross@coldwellbanker.com,(713) 372-4634,Coldwell Banker,Coldwell Banker,Winston-Salem,Winston-Salem,NC,28698,17,35,35,11150349,4.5,B,94,Facebook,Large (51-200 agents),2026-09-18T09:04:28Z
CREAM-20260918-00749,Christopher Ruiz,Christopher Ruiz,Christopher,Ruiz,christopher_ruiz@icloud.com,(212) 965-6243,eXp Realty,eXp Realty,Dayton,Dayton,OH,45941,15,42,42,11318827,3.8,B,61,MLS Database,Independent,2026-09-18T05:56:32Z
CREAM-20260918-00750,Nancy Sanders,Nancy Sanders,Nancy,Sanders,nancys@outlook.com,(713) 444-9890,8z Real Estate,8z Real Estate,Thornton,Thornton,CO,80201,5,17,17,9790022,3.9,B,97,Facebook,Enterprise (200+ agents),2026-09-18T07:35:38Z
CREAM-20260918-00751,Rebecca Price,Rebecca Price,Rebecca,Price,rebecca.price@yahoo.com,(469) 217-5764,eXp Realty,eXp Realty,Mesquite,Mesquite,TX,77685,23,40,40,14817615,4.4,C,93,Brokerage Listings,Independent,2026-09-18T17:26:34Z
CREAM-20260918-00752,Nancy Allen,Nancy Allen,Nancy,Allen,nancya@outlook.com,(469) 549-1899,Keller Williams,Keller Williams,High Point,High Point,NC,27108,23,74,74,24508047,4.6,C,75,Realtor.com,Large (51-200 agents),2026-09-18T13:05:17Z
CREAM-20260918-00753,Margaret Cook,Margaret Cook,Margaret,Cook,margaret.cook@douglaselliman.com,(234) 280-4857,Douglas Elliman,Douglas Elliman,Mesquite,Mesquite,TX,79971,3,23,23,8409236,4.6,C,67,MLS Database,Boutique (2-10 agents),2026-09-18T00:19:49Z
CREAM-20260918-00754,Amanda Turner,Amanda Turner,Amanda,Turner,amanda_turner@gmail.com,(718) 358-4068,eXp Realty,eXp Realty,Avondale,Avondale,AZ,85156,2,9,9,2822431,4.0,C,96,Referral Network,Mid-size (11-50 agents),2026-09-18T17:33:08Z
CREAM-20260918-00755,Albert Harris,Albert Harris,Albert,Harris,alberth@exprealty.com,(256) 398-6370,eXp Realty,eXp Realty,Surprise,Surprise,AZ,86927,2,5,5,1601178,4.0,C,66,Facebook,Mid-size (11-50 agents),2026-09-18T19:37:25Z
CREAM-20260918-00756,Michael Evans,Michael Evans,Michael,Evans,michael_evans@aol.com,(404) 512-1861,Long Realty,Long Realty,Surprise,Surprise,AZ,85946,1,3,3,977436,4.9,C,69,Trade Show,Boutique (2-10 agents),2026-09-18T02:13:28Z
CREAM-20260918-00757,Amy Gonzalez,Amy Gonzalez,Amy,Gonzalez,agonzalez@re/max.com,(256) 307-4039,RE/MAX,RE/MAX,Irvine,Irvine,CA,90130,17,27,27,21069643,4.9,C,64,MLS Database,Independent,2026-09-18T07:48:55Z
CREAM-20260918-00758,Roger Martinez,Roger Martinez,Roger,Martinez,rogerm@yahoo.com,(234) 725-4356,eXp Realty,eXp Realty,Lorain,Lorain,OH,44269,5,13,13,4002380,3.9,C,67,Trade Show,Enterprise (200+ agents),2026-09-18T18:42:52Z
CREAM-20260918-00759,Tyler Wood,Tyler Wood,Tyler,Wood,twood@coldwellbanker.com,(602) 565-8597,Coldwell Banker,Coldwell Banker,Canton,Canton,OH,45104,4,14,14,2862387,3.6,C,72,Cold Outreach,Enterprise (200+ agents),2026-09-18T03:13:55Z
CREAM-20260918-00760,Christopher Alexander,Christopher Alexander,Christopher,Alexander,calexander@kellerwilliamsrealty.com,(929) 775-1653,Keller Williams Realty,Keller Williams Realty,Coral Springs,Coral Springs,FL,34256,2,8,8,2464469,4.4,C,71,Facebook,Large (51-200 agents),2026-09-18T06:31:08Z
CREAM-20260918-00761,Katherine Lopez,Katherine Lopez,Katherine,Lopez,katherinel@kellerwilliams.com,(805) 591-7759,Keller Williams,Keller Williams,McAllen,McAllen,TX,78830,1,6,6,2084020,3.9,C,67,Referral Network,Independent,2026-09-18T09:35:38Z
CREAM-20260918-00762,Lisa Long,Lisa Long,Lisa,Long,lisal@douglaselliman.com,(929) 533-3226,Douglas Elliman,Douglas Elliman,Hempstead,Hempstead,NY,13972,1,11,11,8301808,4.4,C,69,LinkedIn,Boutique (2-10 agents),2026-09-18T14:31:39Z
CREAM-20260918-00763,Shirley Jackson,Shirley Jackson,Shirley,Jackson,shirley.jackson@compass.com,(713) 253-4843,Compass,Compass,Centennial,Centennial,CO,81676,1,5,5,2643769,3.4,C,63,NAR Directory,Large (51-200 agents),2026-09-18T21:45:30Z
CREAM-20260918-00764,Stephen Myers,Stephen Myers,Stephen,Myers,stephen_myers@aol.com,(212) 734-7676,Keller Williams,Keller Williams,Lorain,Lorain,OH,44836,2,7,7,1677964,3.6,C,94,MLS Database,Enterprise (200+ agents),2026-09-18T21:26:43Z
CREAM-20260918-00765,Anna Martinez,Anna Martinez,Anna,Martinez,anna.martinez@icloud.com,(614) 222-2981,Keller Williams,Keller Williams,White Plains,White Plains,NY,11265,19,29,29,13209164,4.8,C,62,Trade Show,Independent,2026-09-18T07:45:49Z
CREAM-20260918-00766,Andrew Walker,Andrew Walker,Andrew,Walker,andrewwalker@hotmail.com,(415) 553-6866,Berkshire Hathaway HomeServices,Berkshire Hathaway HomeServices,Huntington Beach,Huntington Beach,CA,91766,20,72,72,42868032,3.0,C,78,Website Lead,Boutique (2-10 agents),2026-09-18T00:57:27Z
CREAM-20260918-00767,Paul Miller,Paul Miller,Paul,Miller,paul_miller@hotmail.com,(929) 365-2468,Coldwell Banker,Coldwell Banker,Concord,Concord,NC,28948,0,5,5,1731214,3.5,C,65,Cold Outreach,Independent,2026-09-18T15:46:55Z
CREAM-20260918-00768,Ralph Jackson,Ralph Jackson,Ralph,Jackson,ralphj@howardhanna.com,(646) 950-5612,Howard Hanna,Howard Hanna,Concord,Concord,NC,28703,4,18,18,4759585,4.6,C,86,LinkedIn,Enterprise (200+ agents),2026-09-18T23:14:58Z
CREAM-20260918-00769,Wayne Russell,Wayne Russell,Wayne,Russell,wayner@kellerwilliamsrealty.com,(310) 998-9184,Keller Williams Realty,Keller Williams Realty,Irvine,Irvine,CA,95186,2,12,12,11772997,4.7,C,96,Cold Outreach,Enterprise (200+ agents),2026-09-18T22:21:46Z
CREAM-20260918-00770,Louis Lewis,Louis Lewis,Louis,Lewis,louislewis@outlook.com,(513) 534-7525,RE/MAX,RE/MAX,Pueblo,Pueblo,CO,80796,7,24,24,12732403,3.3,C,97,Trade Show,Enterprise (200+ agents),2026-09-18T13:01:27Z
CREAM-20260918-00771,Jennifer Brown,Jennifer Brown,Jennifer,Brown,jennifer.brown@hotmail.com,(980) 883-8166,Keller Williams Realty,Keller Williams Realty,Coral Springs,Coral Springs,FL,32783,23,46,46,21338823,3.0,C,100,Website Lead,Boutique (2-10 agents),2026-09-18T21:48:29Z
CREAM-20260918-00772,Dorothy King,Dorothy King,Dorothy,King,dorothy.king@aol.com,(714) 294-9024,Keller Williams,Keller Williams,Canton,Canton,OH,44937,1,7,7,1661744,3.6,C,94,MLS Database,Mid-size (11-50 agents),2026-09-18T22:04:26Z
CREAM-20260918-00773,Debra Foster,Debra Foster,Debra,Foster,debra_foster@outlook.com,(214) 844-1696,Keller Williams,Keller Williams,Surprise,Surprise,AZ,86886,0,4,4,2111470,3.7,C,100,MLS Database,Mid-size (11-50 agents),2026-09-18T19:53:43Z
CREAM-20260918-00774,Martha Campbell,Martha Campbell,Martha,Campbell,martha.campbell@outlook.com,(713) 491-9228,Coldwell Banker,Coldwell Banker,Clearwater,Clearwater,FL,33289,4,10,10,3238661,4.8,C,60,Referral Network,Mid-size (11-50 agents),2026-09-18T20:59:18Z
CREAM-20260918-00775,Megan Richardson,Megan Richardson,Megan,Richardson,mrichardson@exprealty.com,(303) 523-1854,eXp Realty,eXp Realty,Brownsville,Brownsville,TX,78625,2,7,7,1728152,4.0,C,76,Website Lead,Enterprise (200+ agents),2026-09-18T06:54:06Z
CREAM-20260918-00776,Michelle Smith,Michelle Smith,Michelle,Smith,msmith@me.com,(415) 769-8663,Berkshire Hathaway,Berkshire Hathaway,Lorain,Lorain,OH,44115,0,0,0,0,4.3,C,91,Cold Outreach,Enterprise (200+ agents),2026-09-18T10:36:13Z
CREAM-20260918-00777,Elizabeth Price,Elizabeth Price,Elizabeth,Price,elizabeth.price@8zrealestate.com,(469) 317-4692,8z Real Estate,8z Real Estate,Westminster,Westminster,CO,81673,0,5,5,2192941,3.6,C,70,LinkedIn,Enterprise (200+ agents),2026-09-18T14:42:35Z
CREAM-20260918-00778,Cynthia Long,Cynthia Long,Cynthia,Long,cynthia.long@hotmail.com,(720) 394-8640,Cutler Real Estate,Cutler Real Estate,Lorain,Lorain,OH,45672,24,43,43,8423826,3.0,C,80,Trade Show,Large (51-200 agents),2026-09-18T11:51:38Z
CREAM-20260918-00779,Emma Smith,Emma Smith,Emma,Smith,emma.smith@berkshirehathaway.com,(234) 297-8726,Berkshire Hathaway,Berkshire Hathaway,High Point,High Point,NC,27334,0,4,4,1809344,3.8,C,76,Cold Outreach,Independent,2026-09-18T15:20:33Z
CREAM-20260918-00780,Stephanie Anderson,Stephanie Anderson,Stephanie,Anderson,stephanieanderson@icloud.com,(919) 802-1921,Coldwell Banker,Coldwell Banker,Coral Springs,Coral Springs,FL,33168,3,11,11,3293788,4.2,C,70,Facebook,Enterprise (200+ agents),2026-09-18T14:57:43Z
CREAM-20260918-00781,Patrick Perez,Patrick Perez,Patrick,Perez,patrickp@compass.com,(929) 553-3917,Compass,Compass,Moreno Valley,Moreno Valley,CA,93359,11,36,36,25123081,3.6,C,72,LinkedIn,Boutique (2-10 agents),2026-09-18T03:49:18Z
CREAM-20260918-00782,Samuel Alexander,Samuel Alexander,Samuel,Alexander,samuel.alexander@yahoo.com,(469) 224-4049,Coldwell Banker,Coldwell Banker,Avondale,Avondale,AZ,85385,17,75,75,26358882,3.1,C,76,Referral Network,Boutique (2-10 agents),2026-09-18T10:51:35Z
CREAM-20260918-00783,Philip Chavez,Philip Chavez,Philip,Chavez,pchavez@gmail.com,(334) 810-7652,Douglas Elliman,Douglas Elliman,Gainesville,Gainesville,FL,32629,19,26,26,10850067,3.7,C,62,Facebook,Boutique (2-10 agents),2026-09-18T10:17:11Z
CREAM-20260918-00784,Nicholas Hernandez,Nicholas Hernandez,Nicholas,Hernandez,nicholashernandez@me.com,(214) 908-3059,eXp Realty,eXp Realty,Avondale,Avondale,AZ,85973,17,38,38,13720142,4.5,C,93,Website Lead,Boutique (2-10 agents),2026-09-18T02:26:09Z
CREAM-20260918-00785,Anna Phillips,Anna Phillips,Anna,Phillips,aphillips@yahoo.com,(512) 944-4762,Berkshire Hathaway,Berkshire Hathaway,McKinney,McKinney,TX,75402,3,21,21,8276497,4.1,C,69,Realtor.com,Boutique (2-10 agents),2026-09-18T08:10:16Z
CREAM-20260918-00786,Emily Moore,Emily Moore,Emily,Moore,emilymoore@me.com,(407) 871-2440,Compass,Compass,West Palm Beach,West Palm Beach,FL,34541,19,47,47,25079794,4.9,C,74,Website Lead,Independent,2026-09-18T11:21:51Z
CREAM-20260918-00787,Pamela Alvarez,Pamela Alvarez,Pamela,Alvarez,pamelaa@icloud.com,(415) 212-2642,Sotheby's International,Sotheby's International,Moreno Valley,Moreno Valley,CA,93577,11,35,35,37559271,4.5,C,67,Referral Network,Independent,2026-09-18T00:57:29Z
CREAM-20260918-00788,Ronald Carter,Ronald Carter,Ronald,Carter,ronaldc@aol.com,(305) 330-2818,Keller Williams,Keller Williams,Greenville,Greenville,NC,27809,25,73,73,25393317,4.9,C,67,LinkedIn,Independent,2026-09-18T00:20:42Z
CREAM-20260918-00789,Wayne Nelson,Wayne Nelson,Wayne,Nelson,waynenelson@icloud.com,(415) 986-9923,Compass,Compass,Boulder,Boulder,CO,81362,0,2,2,1034538,4.6,C,73,Brokerage Listings,Boutique (2-10 agents),2026-09-18T11:23:39Z
CREAM-20260918-00790,Jack Martinez,Jack Martinez,Jack,Martinez,jack.martinez@re/max.com,(234) 469-1382,RE/MAX,RE/MAX,Centennial,Centennial,CO,80591,23,29,29,14336328,4.1,C,70,Brokerage Listings,Large (51-200 agents),2026-09-18T07:18:19Z
CREAM-20260918-00791,Keith Cruz,Keith Cruz,Keith,Cruz,keithcruz@icloud.com,(512) 876-7622,Briggs Freeman Sotheby's,Briggs Freeman Sotheby's,McAllen,McAllen,TX,77514,3,18,18,5518589,3.1,C,93,LinkedIn,Boutique (2-10 agents),2026-09-18T20:38:22Z
CREAM-20260918-00792,Rachel Wilson,Rachel Wilson,Rachel,Wilson,rachelw@hotmail.com,(602) 962-3279,Keller Williams,Keller Williams,Westminster,Westminster,CO,80604,2,12,12,8561397,3.4,C,73,MLS Database,Large (51-200 agents),2026-09-18T05:02:44Z
CREAM-20260918-00793,Thomas Sanchez,Thomas Sanchez,Thomas,Sanchez,thomass@re/max.com,(212) 457-9278,RE/MAX,RE/MAX,Lorain,Lorain,OH,44883,2,5,5,1515637,3.4,C,83,NAR Directory,Independent,2026-09-18T09:47:04Z
CREAM-20260918-00794,George Myers,George Myers,George,Myers,georgem@russelllyonsothebys.com,(334) 485-6070,Russell Lyon Sotheby's,Russell Lyon Sotheby's,Surprise,Surprise,AZ,86824,22,57,57,22456798,5.0,C,64,Referral Network,Large (51-200 agents),2026-09-18T19:22:37Z
CREAM-20260918-00795,Bruce Peterson,Bruce Peterson,Bruce,Peterson,bpeterson@compass.com,(713) 530-3953,Compass,Compass,High Point,High Point,NC,28197,5,20,20,6463814,4.5,C,83,NAR Directory,Enterprise (200+ agents),2026-09-18T19:17:07Z
CREAM-20260918-00796,Donna Lewis,Donna Lewis,Donna,Lewis,donna_lewis@hotmail.com,(614) 682-2350,Compass,Compass,Clearwater,Clearwater,FL,32485,25,58,58,22706117,4.3,C,69,Cold Outreach,Mid-size (11-50 agents),2026-09-18T21:18:52Z
CREAM-20260918-00797,Carol Allen,Carol Allen,Carol,Allen,carol_allen@hotmail.com,(404) 913-4916,RE/MAX,RE/MAX,McAllen,McAllen,TX,77527,13,63,63,24653972,5.0,C,94,Facebook,Enterprise (200+ agents),2026-09-18T17:12:41Z
CREAM-20260918-00798,Rose Bailey,Rose Bailey,Rose,Bailey,rosebailey@outlook.com,(303) 545-1876,eXp Realty,eXp Realty,Fremont,Fremont,CA,94980,23,50,50,47738061,3.8,C,95,Referral Network,Large (51-200 agents),2026-09-18T12:50:07Z
CREAM-20260918-00799,Lawrence Hall,Lawrence Hall,Lawrence,Hall,lawrence_hall@outlook.com,(256) 512-2518,Douglas Elliman,Douglas Elliman,Mount Vernon,Mount Vernon,NY,14391,0,0,0,0,3.1,C,67,MLS Database,Mid-size (11-50 agents),2026-09-18T17:41:01Z
CREAM-20260918-00800,Ryan Castillo,Ryan Castillo,Ryan,Castillo,ryanc@icloud.com,(916) 262-6589,RE/MAX,RE/MAX,Modesto,Modesto,CA,91768,25,36,36,37847681,4.6,C,69,Facebook,Boutique (2-10 agents),2026-09-18T06:43:18Z
CREAM-20260918-00801,Dorothy Cooper,Dorothy Cooper,Dorothy,Cooper,dcooper@icloud.com,(602) 517-9563,Corcoran Group,Corcoran Group,Hempstead,Hempstead,NY,10677,2,9,9,7323700,5.0,C,67,Brokerage Listings,Boutique (2-10 agents),2026-09-18T19:13:10Z
CREAM-20260918-00802,Daniel Brooks,Daniel Brooks,Daniel,Brooks,dbrooks@yahoo.com,(404) 779-2596,Briggs Freeman Sotheby's,Briggs Freeman Sotheby's,Brownsville,Brownsville,TX,76301,6,33,33,8595642,3.3,C,99,Realtor.com,Enterprise (200+ agents),2026-09-18T00:49:11Z
CREAM-20260918-00803,Debra Bailey,Debra Bailey,Debra,Bailey,debrab@kellerwilliams.com,(714) 343-2770,Keller Williams,Keller Williams,Hempstead,Hempstead,NY,14947,0,3,3,2041729,3.4,C,87,Website Lead,Boutique (2-10 agents),2026-09-18T17:08:49Z
CREAM-20260918-00804,Jessica Parker,Jessica Parker,Jessica,Parker,jparker@exprealty.com,(214) 262-1523,eXp Realty,eXp Realty,Greenville,Greenville,NC,28423,5,23,23,7580506,4.7,C,99,NAR Directory,Enterprise (200+ agents),2026-09-18T19:03:23Z
CREAM-20260918-00805,Pamela Peterson,Pamela Peterson,Pamela,Peterson,pamelapeterson@aol.com,(415) 748-3790,Brown Harris Stevens,Brown Harris Stevens,White Plains,White Plains,NY,11206,3,25,25,13638760,3.8,C,71,Website Lead,Independent,2026-09-18T20:30:26Z
CREAM-20260918-00806,Amber Brooks,Amber Brooks,Amber,Brooks,amberbrooks@aol.com,(305) 242-5744,Berkshire Hathaway,Berkshire Hathaway,Lorain,Lorain,OH,43810,4,11,11,2788577,3.6,C,86,Website Lead,Independent,2026-09-18T17:05:56Z
CREAM-20260918-00807,Brandon Gray,Brandon Gray,Brandon,Gray,bgray@yahoo.com,(512) 226-7651,Howard Hanna,Howard Hanna,High Point,High Point,NC,27136,4,23,23,9471588,4.3,C,91,Website Lead,Boutique (2-10 agents),2026-09-18T17:46:45Z
CREAM-20260918-00808,John Parker,John Parker,John,Parker,johnp@gmail.com,(256) 290-1422,Keller Williams,Keller Williams,Youngstown,Youngstown,OH,43507,23,34,34,7318168,3.5,C,94,Brokerage Listings,Boutique (2-10 agents),2026-09-18T10:09:40Z
CREAM-20260918-00809,Keith Gray,Keith Gray,Keith,Gray,keith_gray@gmail.com,(234) 710-9000,Coldwell Banker,Coldwell Banker,Yuma,Yuma,AZ,86564,0,1,1,499093,4.8,C,93,Cold Outreach,Mid-size (11-50 agents),2026-09-18T06:32:18Z
CREAM-20260918-00810,Frank Phillips,Frank Phillips,Frank,Phillips,fphillips@icloud.com,(303) 698-1384,Keller Williams,Keller Williams,Avondale,Avondale,AZ,86279,7,29,29,14676634,3.6,C,65,Brokerage Listings,Large (51-200 agents),2026-09-18T06:59:33Z
CREAM-20260918-00811,Gregory Walker,Gregory Walker,Gregory,Walker,gregory_walker@outlook.com,(614) 853-9602,Huntington Real Estate,Huntington Real Estate,Youngstown,Youngstown,OH,44476,23,30,30,5310545,4.0,C,68,MLS Database,Mid-size (11-50 agents),2026-09-18T18:49:40Z
CREAM-20260918-00812,Jonathan Murphy,Jonathan Murphy,Jonathan,Murphy,jmurphy@aol.com,(720) 933-4739,RE/MAX,RE/MAX,Pasadena,Pasadena,TX,76974,6,27,27,10076965,4.2,C,97,Realtor.com,Enterprise (200+ agents),2026-09-18T15:29:31Z
CREAM-20260918-00813,Sandra Ward,Sandra Ward,Sandra,Ward,sandra_ward@icloud.com,(713) 919-4725,Berkshire Hathaway,Berkshire Hathaway,Youngstown,Youngstown,OH,43960,21,74,74,17466172,4.4,C,65,Trade Show,Independent,2026-09-18T20:18:35Z
CREAM-20260918-00814,Larry Anderson,Larry Anderson,Larry,Anderson,landerson@yahoo.com,(704) 408-2516,Century 21,Century 21,Gainesville,Gainesville,FL,32790,1,6,6,3264267,4.1,C,95,Brokerage Listings,Large (51-200 agents),2026-09-18T06:51:30Z
CREAM-20260918-00815,Wayne Taylor,Wayne Taylor,Wayne,Taylor,wayne.taylor@aol.com,(415) 793-1978,eXp Realty,eXp Realty,McAllen,McAllen,TX,77950,21,74,74,22285086,3.8,C,67,LinkedIn,Independent,2026-09-18T06:51:36Z
CREAM-20260918-00816,Sandra Reed,Sandra Reed,Sandra,Reed,sreed@coldwellbanker.com,(305) 435-3213,Coldwell Banker,Coldwell Banker,Youngstown,Youngstown,OH,43130,2,9,9,2725611,3.9,C,83,LinkedIn,Boutique (2-10 agents),2026-09-18T19:21:23Z
CREAM-20260918-00817,Justin Morales,Justin Morales,Justin,Morales,justin.morales@hotmail.com,(929) 204-9665,Berkshire Hathaway,Berkshire Hathaway,High Point,High Point,NC,27894,23,34,34,14903304,4.9,C,81,MLS Database,Large (51-200 agents),2026-09-18T12:09:39Z
CREAM-20260918-00818,Janet Morris,Janet Morris,Janet,Morris,janetm@outlook.com,(704) 502-3662,RE/MAX,RE/MAX,Oxnard,Oxnard,CA,95368,3,10,10,6460425,4.6,C,86,Realtor.com,Mid-size (11-50 agents),2026-09-18T04:31:14Z
CREAM-20260918-00819,Christine Nguyen,Christine Nguyen,Christine,Nguyen,christine.nguyen@icloud.com,(512) 624-7696,eXp Realty,eXp Realty,Westminster,Westminster,CO,81510,4,10,10,5998198,4.9,C,86,Referral Network,Large (51-200 agents),2026-09-18T22:52:04Z
CREAM-20260918-00820,Olivia Jackson,Olivia Jackson,Olivia,Jackson,olivia.jackson@exprealty.com,(713) 584-9855,eXp Realty,eXp Realty,Hamilton,Hamilton,OH,43794,18,54,54,12205946,4.4,C,91,Referral Network,Mid-size (11-50 agents),2026-09-18T23:28:35Z
CREAM-20260918-00821,George Edwards,George Edwards,George,Edwards,george.edwards@gmail.com,(980) 657-8799,eXp Realty,eXp Realty,Greenville,Greenville,NC,28197,1,10,10,3195441,4.4,C,91,Facebook,Boutique (2-10 agents),2026-09-18T07:29:44Z
CREAM-20260918-00822,Thomas Powell,Thomas Powell,Thomas,Powell,thomaspowell@icloud.com,(980) 340-2199,RE/MAX,RE/MAX,Grand Prairie,Grand Prairie,TX,78578,23,77,77,33123456,5.0,C,89,NAR Directory,Enterprise (200+ agents),2026-09-18T15:40:33Z
CREAM-20260918-00823,Aaron Walker,Aaron Walker,Aaron,Walker,aaronw@compass.com,(234) 524-1155,Compass,Compass,High Point,High Point,NC,27333,9,25,25,10395444,3.8,C,78,Facebook,Enterprise (200+ agents),2026-09-18T01:25:38Z
CREAM-20260918-00824,Anthony Scott,Anthony Scott,Anthony,Scott,anthonyscott@outlook.com,(415) 631-2235,Douglas Elliman,Douglas Elliman,Pasadena,Pasadena,TX,77568,21,37,37,15198543,3.6,C,92,Website Lead,Independent,2026-09-18T00:44:20Z
CREAM-20260918-00825,Frank Patel,Frank Patel,Frank,Patel,frank.patel@kellerwilliams.com,(713) 973-9031,Keller Williams,Keller Williams,McAllen,McAllen,TX,76846,4,13,13,4795376,3.3,C,90,Referral Network,Boutique (2-10 agents),2026-09-18T04:35:37Z
CREAM-20260918-00826,Wayne Reyes,Wayne Reyes,Wayne,Reyes,waynereyes@hotmail.com,(256) 868-4170,Keller Williams,Keller Williams,Pasadena,Pasadena,TX,76369,18,29,29,7998519,3.9,C,66,Brokerage Listings,Enterprise (200+ agents),2026-09-18T06:34:28Z
CREAM-20260918-00827,Kathleen Robinson,Kathleen Robinson,Kathleen,Robinson,kathleenr@livsothebys.com,(704) 895-1385,LIV Sotheby's,LIV Sotheby's,Pueblo,Pueblo,CO,80248,19,62,62,30289276,3.5,C,86,Facebook,Enterprise (200+ agents),2026-09-18T06:03:23Z
CREAM-20260918-00828,Cynthia Rogers,Cynthia Rogers,Cynthia,Rogers,cynthia.rogers@kellerwilliamsrealty.com,(512) 505-5014,Keller Williams Realty,Keller Williams Realty,Irvine,Irvine,CA,90757,0,1,1,805568,4.9,C,94,Cold Outreach,Large (51-200 agents),2026-09-18T14:32:05Z
CREAM-20260918-00829,Maria Perry,Maria Perry,Maria,Perry,maria.perry@coldwellbanker.com,(415) 686-9284,Coldwell Banker,Coldwell Banker,Mesquite,Mesquite,TX,75230,16,40,40,15963600,4.9,C,96,Cold Outreach,Independent,2026-09-18T23:02:10Z
CREAM-20260918-00830,Diane Parker,Diane Parker,Diane,Parker,diane.parker@yahoo.com,(718) 904-1829,RE/MAX,RE/MAX,West Palm Beach,West Palm Beach,FL,32877,1,5,5,2130366,3.4,C,85,Referral Network,Boutique (2-10 agents),2026-09-18T09:52:05Z
CREAM-20260918-00831,Justin Myers,Justin Myers,Justin,Myers,justinm@icloud.com,(234) 865-6769,Berkshire Hathaway,Berkshire Hathaway,Surprise,Surprise,AZ,85244,25,43,43,13696823,4.7,C,78,Trade Show,Independent,2026-09-18T23:27:57Z
CREAM-20260918-00832,Rachel Johnson,Rachel Johnson,Rachel,Johnson,rachelj@coldwellbanker.com,(786) 470-5610,Coldwell Banker,Coldwell Banker,Pasadena,Pasadena,TX,79597,7,40,40,11023214,4.7,C,97,Website Lead,Enterprise (200+ agents),2026-09-18T03:50:13Z
CREAM-20260918-00833,Brittany Sanchez,Brittany Sanchez,Brittany,Sanchez,brittany_sanchez@hotmail.com,(720) 313-6190,Howard Hanna,Howard Hanna,Greenville,Greenville,NC,28153,5,16,16,4852014,3.4,C,98,Realtor.com,Enterprise (200+ agents),2026-09-18T20:55:57Z
CREAM-20260918-00834,Christine Wright,Christine Wright,Christine,Wright,christinewright@yahoo.com,(512) 670-4830,HER Realtors,HER Realtors,Youngstown,Youngstown,OH,44246,18,67,67,19503980,3.6,C,98,MLS Database,Independent,2026-09-18T12:43:41Z
CREAM-20260918-00835,Raymond Morales,Raymond Morales,Raymond,Morales,raymondm@outlook.com,(713) 306-8485,RE/MAX,RE/MAX,Palm Bay,Palm Bay,FL,34627,11,48,48,24912801,3.3,C,67,Cold Outreach,Independent,2026-09-18T11:43:52Z
CREAM-20260918-00836,Stephen Morales,Stephen Morales,Stephen,Morales,stephenmorales@icloud.com,(714) 664-3376,Keller Williams,Keller Williams,Canton,Canton,OH,43832,23,37,37,8991350,3.6,C,92,MLS Database,Mid-size (11-50 agents),2026-09-18T20:03:41Z
CREAM-20260918-00837,Sharon Hughes,Sharon Hughes,Sharon,Hughes,sharonhughes@me.com,(602) 314-7510,8z Real Estate,8z Real Estate,Pueblo,Pueblo,CO,81311,7,39,39,18733403,3.8,C,66,Trade Show,Mid-size (11-50 agents),2026-09-18T02:24:55Z
CREAM-20260918-00838,Dorothy Morgan,Dorothy Morgan,Dorothy,Morgan,dmorgan@coldwellbanker.com,(303) 679-9646,Coldwell Banker,Coldwell Banker,Avondale,Avondale,AZ,85985,13,60,60,23667829,4.5,C,67,Brokerage Listings,Mid-size (11-50 agents),2026-09-18T11:30:12Z
CREAM-20260918-00839,Eugene Mendoza,Eugene Mendoza,Eugene,Mendoza,eugene.mendoza@me.com,(704) 403-1791,Compass,Compass,Wilmington,Wilmington,NC,27168,11,72,72,30893754,3.5,C,68,Cold Outreach,Independent,2026-09-18T04:27:23Z
CREAM-20260918-00840,Samantha Alexander,Samantha Alexander,Samantha,Alexander,samanthaa@gmail.com,(646) 326-8239,eXp Realty,eXp Realty,High Point,High Point,NC,27413,2,10,10,4020459,3.9,C,94,Realtor.com,Large (51-200 agents),2026-09-18T05:16:55Z
CREAM-20260918-00841,Margaret Sanders,Margaret Sanders,Margaret,Sanders,margarets@halstead.com,(929) 794-3339,Halstead,Halstead,Utica,Utica,NY,13637,4,12,12,5488023,4.9,C,77,MLS Database,Large (51-200 agents),2026-09-18T20:32:57Z
CREAM-20260918-00842,Eugene Morris,Eugene Morris,Eugene,Morris,eugenem@kellerwilliams.com,(404) 233-9995,Keller Williams,Keller Williams,Hamilton,Hamilton,OH,44276,4,20,20,5919831,4.9,C,62,Brokerage Listings,Mid-size (11-50 agents),2026-09-18T18:10:14Z
CREAM-20260918-00843,Jacqueline Carter,Jacqueline Carter,Jacqueline,Carter,jcarter@yahoo.com,(980) 424-7089,Cutler Real Estate,Cutler Real Estate,Canton,Canton,OH,44977,16,41,41,8444369,4.8,C,78,Cold Outreach,Boutique (2-10 agents),2026-09-18T22:44:33Z
CREAM-20260918-00844,Richard Garcia,Richard Garcia,Richard,Garcia,richard.garcia@aol.com,(310) 218-7029,Keller Williams,Keller Williams,Lorain,Lorain,OH,45121,0,1,1,232024,4.6,C,80,Brokerage Listings,Large (51-200 agents),2026-09-18T20:49:54Z
CREAM-20260918-00845,Amber Adams,Amber Adams,Amber,Adams,amber.adams@icloud.com,(646) 514-6242,eXp Realty,eXp Realty,High Point,High Point,NC,27448,24,57,57,16901118,4.7,C,70,LinkedIn,Independent,2026-09-18T00:03:35Z
CREAM-20260918-00846,Julia Allen,Julia Allen,Julia,Allen,juliaa@exprealty.com,(614) 740-2697,eXp Realty,eXp Realty,Palm Bay,Palm Bay,FL,34901,3,22,22,6692205,4.7,C,87,Referral Network,Enterprise (200+ agents),2026-09-18T03:26:15Z
CREAM-20260918-00847,Brian Bailey,Brian Bailey,Brian,Bailey,bbailey@exprealty.com,(469) 705-4782,eXp Realty,eXp Realty,Centennial,Centennial,CO,81871,4,15,15,6590392,3.2,C,91,Referral Network,Boutique (2-10 agents),2026-09-18T09:12:06Z
CREAM-20260918-00848,Dennis Garcia,Dennis Garcia,Dennis,Garcia,dennisg@berkshirehathaway.com,(305) 795-6659,Berkshire Hathaway,Berkshire Hathaway,High Point,High Point,NC,27106,22,59,59,18829549,4.1,C,80,MLS Database,Large (51-200 agents),2026-09-18T10:37:28Z
CREAM-20260918-00849,Christine King,Christine King,Christine,King,christinek@icloud.com,(512) 693-7468,Keller Williams Realty,Keller Williams Realty,Moreno Valley,Moreno Valley,CA,94604,17,51,51,46304225,4.8,C,83,Referral Network,Independent,2026-09-18T02:57:03Z
CREAM-20260918-00850,William Thompson,William Thompson,William,Thompson,william.thompson@outlook.com,(805) 565-5250,Keller Williams Realty,Keller Williams Realty,Fontana,Fontana,CA,91251,20,58,58,57652247,3.0,C,63,LinkedIn,Boutique (2-10 agents),2026-09-18T05:05:05Z
CREAM-20260918-00851,Amanda Ward,Amanda Ward,Amanda,Ward,award@halstead.com,(212) 801-7290,Halstead,Halstead,White Plains,White Plains,NY,10305,25,52,52,41279843,3.5,C,76,MLS Database,Large (51-200 agents),2026-09-18T15:23:20Z
CREAM-20260918-00852,William Wood,William Wood,William,Wood,william_wood@aol.com,(305) 541-9831,Berkshire Hathaway,Berkshire Hathaway,Yuma,Yuma,AZ,86314,12,46,46,19623448,3.5,C,91,Trade Show,Mid-size (11-50 agents),2026-09-18T04:03:25Z
CREAM-20260918-00853,Amber Ramirez,Amber Ramirez,Amber,Ramirez,aramirez@icloud.com,(404) 419-1168,Huntington Real Estate,Huntington Real Estate,Hamilton,Hamilton,OH,45331,19,50,50,15009462,3.1,C,73,LinkedIn,Boutique (2-10 agents),2026-09-18T12:04:14Z
CREAM-20260918-00854,Jack Reed,Jack Reed,Jack,Reed,jreed@halstead.com,(929) 805-5804,Halstead,Halstead,Mount Vernon,Mount Vernon,NY,11455,19,63,63,30327656,3.5,C,70,NAR Directory,Enterprise (200+ agents),2026-09-18T01:57:07Z
CREAM-20260918-00855,Emily Mendoza,Emily Mendoza,Emily,Mendoza,emily.mendoza@hotmail.com,(303) 236-3860,Sotheby's International,Sotheby's International,Schenectady,Schenectady,NY,14364,1,5,5,3741490,3.9,C,95,Referral Network,Enterprise (200+ agents),2026-09-18T13:22:31Z
CREAM-20260918-00856,Paul Roberts,Paul Roberts,Paul,Roberts,paul.roberts@yahoo.com,(234) 708-3957,Russell Lyon Sotheby's,Russell Lyon Sotheby's,Surprise,Surprise,AZ,86533,13,50,50,20136834,4.8,C,88,Facebook,Large (51-200 agents),2026-09-18T00:35:46Z
CREAM-20260918-00857,Nicholas Garcia,Nicholas Garcia,Nicholas,Garcia,ngarcia@outlook.com,(704) 957-2479,eXp Realty,eXp Realty,Modesto,Modesto,CA,92624,4,16,16,9782275,4.4,C,74,Website Lead,Independent,2026-09-18T23:24:01Z
CREAM-20260918-00858,Carol Harris,Carol Harris,Carol,Harris,carolh@berkshirehathaway.com,(805) 860-5191,Berkshire Hathaway,Berkshire Hathaway,Yuma,Yuma,AZ,85967,10,43,43,19440981,3.5,C,82,NAR Directory,Independent,2026-09-18T15:28:46Z
CREAM-20260918-00859,Catherine Roberts,Catherine Roberts,Catherine,Roberts,croberts@gmail.com,(980) 890-7236,Douglas Elliman,Douglas Elliman,Miramar,Miramar,FL,32974,1,6,6,2972696,4.8,C,88,Website Lead,Boutique (2-10 agents),2026-09-18T19:19:54Z
CREAM-20260918-00860,Samuel Fisher,Samuel Fisher,Samuel,Fisher,samuelf@kellerwilliams.com,(212) 751-5747,Keller Williams,Keller Williams,Pueblo,Pueblo,CO,81601,4,23,23,15336817,4.8,C,98,Cold Outreach,Boutique (2-10 agents),2026-09-18T22:15:34Z
CREAM-20260918-00861,Walter Jones,Walter Jones,Walter,Jones,walterj@berkshirehathaway.com,(704) 362-6734,Berkshire Hathaway,Berkshire Hathaway,Greenville,Greenville,NC,28638,3,16,16,6538894,4.7,C,100,Referral Network,Boutique (2-10 agents),2026-09-18T06:03:03Z
CREAM-20260918-00862,Michael Anderson,Michael Anderson,Michael,Anderson,michaela@icloud.com,(512) 854-6925,RE/MAX,RE/MAX,Concord,Concord,NC,28303,9,28,28,9910347,4.3,C,94,MLS Database,Enterprise (200+ agents),2026-09-18T08:17:51Z
CREAM-20260918-00863,Nancy Kelly,Nancy Kelly,Nancy,Kelly,nkelly@gmail.com,(214) 287-3875,eXp Realty,eXp Realty,Greenville,Greenville,NC,27457,21,70,70,19705001,3.7,C,97,Referral Network,Large (51-200 agents),2026-09-18T09:12:21Z
CREAM-20260918-00864,Susan Miller,Susan Miller,Susan,Miller,susanmiller@gmail.com,(919) 765-3462,Howard Hanna,Howard Hanna,Greenville,Greenville,NC,28231,6,18,18,6153222,3.2,C,100,Website Lead,Independent,2026-09-18T21:33:58Z
CREAM-20260918-00865,Mark Lopez,Mark Lopez,Mark,Lopez,mark.lopez@aol.com,(805) 236-6624,HomeSmart,HomeSmart,Avondale,Avondale,AZ,86243,15,35,35,13078960,3.6,C,75,MLS Database,Boutique (2-10 agents),2026-09-18T11:23:35Z
CREAM-20260918-00866,Jonathan Nelson,Jonathan Nelson,Jonathan,Nelson,jonathann@exprealty.com,(602) 571-4590,eXp Realty,eXp Realty,High Point,High Point,NC,27655,1,8,8,2283353,3.0,C,89,Facebook,Mid-size (11-50 agents),2026-09-18T09:04:44Z
CREAM-20260918-00867,Melissa Diaz,Melissa Diaz,Melissa,Diaz,melissad@aol.com,(718) 518-7732,Keller Williams,Keller Williams,Wilmington,Wilmington,NC,28413,1,9,9,2568277,3.5,C,87,Website Lead,Independent,2026-09-18T12:26:18Z
CREAM-20260918-00868,Jennifer Martin,Jennifer Martin,Jennifer,Martin,jmartin@herrealtors.com,(929) 490-9777,HER Realtors,HER Realtors,Lorain,Lorain,OH,45322,15,36,36,6432696,3.9,C,70,Realtor.com,Large (51-200 agents),2026-09-18T09:04:11Z
CREAM-20260918-00869,Emily Bailey,Emily Bailey,Emily,Bailey,emilybailey@aol.com,(513) 283-8509,Keller Williams,Keller Williams,Grand Prairie,Grand Prairie,TX,75384,0,4,4,1800334,3.7,C,69,Facebook,Boutique (2-10 agents),2026-09-18T01:12:47Z
CREAM-20260918-00870,Benjamin Ross,Benjamin Ross,Benjamin,Ross,bross@hotmail.com,(407) 418-7246,Coldwell Banker,Coldwell Banker,Greenville,Greenville,NC,28719,0,2,2,827630,4.9,C,96,Referral Network,Mid-size (11-50 agents),2026-09-18T21:40:12Z
CREAM-20260918-00871,Jerry Clark,Jerry Clark,Jerry,Clark,jerry.clark@hotmail.com,(720) 378-3875,Keller Williams Realty,Keller Williams Realty,Modesto,Modesto,CA,91874,17,36,36,39256058,4.3,C,89,Website Lead,Independent,2026-09-18T22:16:04Z
CREAM-20260918-00872,Albert Alexander,Albert Alexander,Albert,Alexander,alberta@outlook.com,(214) 452-2185,Coldwell Banker,Coldwell Banker,McKinney,McKinney,TX,75832,11,30,30,9806797,3.5,C,66,NAR Directory,Large (51-200 agents),2026-09-18T00:09:14Z
CREAM-20260918-00873,James Myers,James Myers,James,Myers,jamesm@yahoo.com,(718) 557-2466,Keller Williams Realty,Keller Williams Realty,West Palm Beach,West Palm Beach,FL,33294,5,10,10,3643720,4.2,C,65,LinkedIn,Independent,2026-09-18T05:04:37Z
CREAM-20260918-00874,Margaret Clark,Margaret Clark,Margaret,Clark,margaret.clark@compass.com,(234) 208-3280,Compass,Compass,Pueblo,Pueblo,CO,80409,23,26,26,15347658,3.9,C,76,LinkedIn,Enterprise (200+ agents),2026-09-18T13:06:31Z
CREAM-20260918-00875,Donald Moore,Donald Moore,Donald,Moore,donald_moore@gmail.com,(916) 228-7253,Coldwell Banker,Coldwell Banker,Pueblo,Pueblo,CO,81549,10,31,31,18069290,3.6,C,63,Trade Show,Mid-size (11-50 agents),2026-09-18T19:21:30Z
CREAM-20260918-00876,Jason Fisher,Jason Fisher,Jason,Fisher,jasonf@me.com,(512) 287-5147,eXp Realty,eXp Realty,Palm Bay,Palm Bay,FL,32662,1,9,9,4624878,3.7,C,95,MLS Database,Enterprise (200+ agents),2026-09-18T04:06:19Z
CREAM-20260918-00877,Larry Thomas,Larry Thomas,Larry,Thomas,larryt@aol.com,(718) 819-1513,eXp Realty,eXp Realty,Modesto,Modesto,CA,94215,1,8,8,8784281,3.5,C,60,Cold Outreach,Independent,2026-09-18T09:35:56Z
CREAM-20260918-00878,Donald Alexander,Donald Alexander,Donald,Alexander,donald_alexander@outlook.com,(415) 642-1078,Russell Lyon Sotheby's,Russell Lyon Sotheby's,Avondale,Avondale,AZ,85878,12,51,51,24875634,4.5,C,100,Referral Network,Boutique (2-10 agents),2026-09-18T07:31:28Z
CREAM-20260918-00879,Raymond Davis,Raymond Davis,Raymond,Davis,raymonddavis@icloud.com,(713) 370-9551,Briggs Freeman Sotheby's,Briggs Freeman Sotheby's,McKinney,McKinney,TX,76907,22,25,25,9753428,3.6,C,89,NAR Directory,Independent,2026-09-18T17:18:35Z
CREAM-20260918-00880,Michael Moore,Michael Moore,Michael,Moore,michael.moore@re/max.com,(404) 937-4631,RE/MAX,RE/MAX,Clearwater,Clearwater,FL,32736,18,43,43,17114303,4.3,C,98,Facebook,Independent,2026-09-18T02:52:55Z
CREAM-20260918-00881,Keith Ortiz,Keith Ortiz,Keith,Ortiz,keith_ortiz@gmail.com,(614) 624-9284,Allen Tate,Allen Tate,Concord,Concord,NC,28976,10,68,68,22278108,4.8,C,85,MLS Database,Enterprise (200+ agents),2026-09-18T17:31:12Z
CREAM-20260918-00882,Anthony Long,Anthony Long,Anthony,Long,anthonylong@hotmail.com,(212) 757-1498,Brown Harris Stevens,Brown Harris Stevens,Mount Vernon,Mount Vernon,NY,12174,5,16,16,13051433,3.1,C,61,Facebook,Large (51-200 agents),2026-09-18T22:43:35Z
CREAM-20260918-00883,Andrew Perez,Andrew Perez,Andrew,Perez,andrew_perez@me.com,(415) 880-5190,eXp Realty,eXp Realty,Pueblo,Pueblo,CO,81661,19,79,79,38529075,4.2,C,96,Trade Show,Enterprise (200+ agents),2026-09-18T21:02:30Z
CREAM-20260918-00884,Daniel Thomas,Daniel Thomas,Daniel,Thomas,dthomas@aol.com,(980) 545-9302,Coldwell Banker,Coldwell Banker,Irvine,Irvine,CA,92427,1,8,8,7287549,5.0,C,83,Realtor.com,Enterprise (200+ agents),2026-09-18T18:55:49Z
CREAM-20260918-00885,Helen Ramirez,Helen Ramirez,Helen,Ramirez,hramirez@berkshirehathaway.com,(512) 321-6455,Berkshire Hathaway,Berkshire Hathaway,Grand Prairie,Grand Prairie,TX,77659,2,5,5,1468048,3.8,C,76,MLS Database,Large (51-200 agents),2026-09-18T23:23:02Z
CREAM-20260918-00886,Brenda Powell,Brenda Powell,Brenda,Powell,bpowell@exprealty.com,(212) 463-3907,eXp Realty,eXp Realty,High Point,High Point,NC,27548,4,21,21,9500783,4.3,C,85,NAR Directory,Boutique (2-10 agents),2026-09-18T07:09:58Z
CREAM-20260918-00887,Amy Hill,Amy Hill,Amy,Hill,amy.hill@exprealty.com,(980) 297-4086,eXp Realty,eXp Realty,Avondale,Avondale,AZ,85579,5,18,18,7282445,4.2,C,73,LinkedIn,Boutique (2-10 agents),2026-09-18T07:23:28Z
CREAM-20260918-00888,Larry Hall,Larry Hall,Larry,Hall,larry.hall@me.com,(513) 453-7882,Coldwell Banker,Coldwell Banker,West Palm Beach,West Palm Beach,FL,33815,14,38,38,18571625,4.5,C,100,Trade Show,Independent,2026-09-18T23:48:26Z
CREAM-20260918-00889,Emma Patel,Emma Patel,Emma,Patel,emmap@me.com,(303) 207-3786,eXp Realty,eXp Realty,Oxnard,Oxnard,CA,90798,16,76,76,61448671,3.4,C,94,Website Lead,Boutique (2-10 agents),2026-09-18T21:14:24Z
CREAM-20260918-00890,Matthew Anderson,Matthew Anderson,Matthew,Anderson,manderson@livsothebys.com,(404) 267-5534,LIV Sotheby's,LIV Sotheby's,Boulder,Boulder,CO,81657,19,57,57,38877061,4.5,C,93,Trade Show,Large (51-200 agents),2026-09-18T22:32:26Z
CREAM-20260918-00891,Sharon Sanchez,Sharon Sanchez,Sharon,Sanchez,sharon_sanchez@aol.com,(512) 209-6172,Pacific Sotheby's,Pacific Sotheby's,Huntington Beach,Huntington Beach,CA,93912,1,12,12,8824694,3.9,C,68,Website Lead,Independent,2026-09-18T14:42:32Z
CREAM-20260918-00892,Julia Gutierrez,Julia Gutierrez,Julia,Gutierrez,juliagutierrez@gmail.com,(919) 225-2216,Sotheby's International,Sotheby's International,Irvine,Irvine,CA,92191,15,32,32,22701024,4.5,C,96,Brokerage Listings,Boutique (2-10 agents),2026-09-18T12:56:09Z
CREAM-20260918-00893,Jerry Howard,Jerry Howard,Jerry,Howard,jerryh@coldwellbanker.com,(919) 621-7978,Coldwell Banker,Coldwell Banker,Youngstown,Youngstown,OH,44201,12,60,60,15832999,4.6,C,77,MLS Database,Mid-size (11-50 agents),2026-09-18T02:29:00Z
CREAM-20260918-00894,Juan Mendoza,Juan Mendoza,Juan,Mendoza,juanmendoza@hotmail.com,(929) 470-1714,Keller Williams,Keller Williams,Yuma,Yuma,AZ,86495,25,30,30,8956089,4.8,C,92,LinkedIn,Independent,2026-09-18T14:13:27Z
CREAM-20260918-00895,Karen Clark,Karen Clark,Karen,Clark,karenc@berkshirehathaway.com,(720) 662-4917,Berkshire Hathaway,Berkshire Hathaway,Westminster,Westminster,CO,81293,15,59,59,38797580,3.8,C,85,Referral Network,Large (51-200 agents),2026-09-18T07:36:04Z
CREAM-20260918-00896,Anna Watson,Anna Watson,Anna,Watson,anna.watson@exprealty.com,(404) 262-8019,eXp Realty,eXp Realty,Boulder,Boulder,CO,81943,4,20,20,7880939,4.7,C,72,Cold Outreach,Enterprise (200+ agents),2026-09-18T17:28:59Z
CREAM-20260918-00897,Patricia Gray,Patricia Gray,Patricia,Gray,patricia.gray@icloud.com,(720) 204-9109,Sotheby's International,Sotheby's International,Schenectady,Schenectady,NY,11155,6,36,36,22859941,3.9,C,89,Trade Show,Independent,2026-09-18T22:28:39Z
CREAM-20260918-00898,Lawrence Ruiz,Lawrence Ruiz,Lawrence,Ruiz,lawrencer@icloud.com,(469) 876-8488,Coldwell Banker,Coldwell Banker,Boulder,Boulder,CO,80997,3,15,15,8730935,4.2,C,71,LinkedIn,Enterprise (200+ agents),2026-09-18T09:22:01Z
CREAM-20260918-00899,Sarah Russell,Sarah Russell,Sarah,Russell,sarahrussell@hotmail.com,(704) 767-7277,Coldwell Banker,Coldwell Banker,Boulder,Boulder,CO,80243,1,12,12,4941690,3.7,C,75,LinkedIn,Independent,2026-09-18T12:37:15Z
CREAM-20260918-00900,Jerry Smith,Jerry Smith,Jerry,Smith,jerrys@kellerwilliamsrealty.com,(469) 241-3527,Keller Williams Realty,Keller Williams Realty,Modesto,Modesto,CA,93225,5,15,15,16432011,4.4,C,93,Realtor.com,Enterprise (200+ agents),2026-09-18T16:39:39Z
CREAM-20260918-00901,Christopher Rodriguez,Christopher Rodriguez,Christopher,Rodriguez,christopherr@icloud.com,(469) 817-7581,RE/MAX,RE/MAX,Avondale,Avondale,AZ,85885,3,9,9,4741683,4.8,C,98,Website Lead,Large (51-200 agents),2026-09-18T16:21:26Z
CREAM-20260918-00902,Helen Jones,Helen Jones,Helen,Jones,helenj@me.com,(407) 412-3033,eXp Realty,eXp Realty,Youngstown,Youngstown,OH,45447,18,38,38,7823498,4.5,C,85,Realtor.com,Mid-size (11-50 agents),2026-09-18T01:21:43Z
CREAM-20260918-00903,Charles Price,Charles Price,Charles,Price,charles.price@me.com,(704) 582-5212,Keller Williams Realty,Keller Williams Realty,Coral Springs,Coral Springs,FL,32186,0,5,5,2696665,4.7,C,92,NAR Directory,Boutique (2-10 agents),2026-09-18T23:08:38Z
CREAM-20260918-00904,Mark Williams,Mark Williams,Mark,Williams,markw@berkshirehathaway.com,(303) 231-7427,Berkshire Hathaway,Berkshire Hathaway,Greenville,Greenville,NC,27793,0,5,5,2130632,4.6,C,89,Referral Network,Enterprise (200+ agents),2026-09-18T23:30:23Z
CREAM-20260918-00905,Scott Cook,Scott Cook,Scott,Cook,scook@homesmart.com,(805) 733-5257,HomeSmart,HomeSmart,Surprise,Surprise,AZ,86632,1,11,11,4053764,3.8,C,75,Cold Outreach,Independent,2026-09-18T21:42:59Z
CREAM-20260918-00906,Sharon Hernandez,Sharon Hernandez,Sharon,Hernandez,sharonhernandez@icloud.com,(512) 552-4879,Keller Williams,Keller Williams,Mesquite,Mesquite,TX,76108,23,61,61,24813590,4.2,C,85,Trade Show,Independent,2026-09-18T05:09:12Z
CREAM-20260918-00907,Eugene Smith,Eugene Smith,Eugene,Smith,esmith@kellerwilliams.com,(234) 931-1761,Keller Williams,Keller Williams,Greenville,Greenville,NC,28590,20,66,66,22490195,3.8,C,88,Trade Show,Mid-size (11-50 agents),2026-09-18T16:43:51Z
CREAM-20260918-00908,Olivia Rodriguez,Olivia Rodriguez,Olivia,Rodriguez,orodriguez@exprealty.com,(469) 399-2984,eXp Realty,eXp Realty,Greenville,Greenville,NC,27182,1,5,5,1749954,3.2,C,87,MLS Database,Enterprise (200+ agents),2026-09-18T18:18:15Z
CREAM-20260918-00909,Danielle Gonzalez,Danielle Gonzalez,Danielle,Gonzalez,danielle.gonzalez@outlook.com,(234) 771-6015,Compass,Compass,Wilmington,Wilmington,NC,27374,12,66,66,28727984,4.9,C,99,NAR Directory,Independent,2026-09-18T03:37:32Z
CREAM-20260918-00910,Kathleen Richardson,Kathleen Richardson,Kathleen,Richardson,kathleenr@aol.com,(718) 915-7690,Keller Williams,Keller Williams,Brownsville,Brownsville,TX,77358,3,23,23,8859464,3.9,C,64,Website Lead,Boutique (2-10 agents),2026-09-18T12:48:38Z
CREAM-20260918-00911,Grace Torres,Grace Torres,Grace,Torres,gracet@hotmail.com,(720) 600-5217,Allie Beth Allman,Allie Beth Allman,Mesquite,Mesquite,TX,78889,17,59,59,20851324,4.8,C,71,LinkedIn,Boutique (2-10 agents),2026-09-18T18:14:26Z
CREAM-20260918-00912,Matthew Turner,Matthew Turner,Matthew,Turner,mturner@kellerwilliams.com,(646) 828-5949,Keller Williams,Keller Williams,Grand Prairie,Grand Prairie,TX,75544,24,62,62,22902976,4.6,C,75,Realtor.com,Independent,2026-09-18T14:47:42Z
CREAM-20260918-00913,Louis King,Louis King,Louis,King,louisking@outlook.com,(714) 876-8960,HomeSmart,HomeSmart,Yuma,Yuma,AZ,86297,0,5,5,1885398,3.6,C,96,Realtor.com,Boutique (2-10 agents),2026-09-18T06:32:52Z
CREAM-20260918-00914,Natalie Brooks,Natalie Brooks,Natalie,Brooks,nbrooks@halstead.com,(602) 976-8523,Halstead,Halstead,Troy,Troy,NY,10272,14,79,79,53633596,3.2,C,85,Referral Network,Large (51-200 agents),2026-09-18T04:39:12Z
CREAM-20260918-00915,Brandon Hernandez,Brandon Hernandez,Brandon,Hernandez,bhernandez@hotmail.com,(256) 697-3680,eXp Realty,eXp Realty,McAllen,McAllen,TX,75218,8,19,19,7275516,3.0,C,83,Brokerage Listings,Boutique (2-10 agents),2026-09-18T18:27:01Z
CREAM-20260918-00916,Debra Wright,Debra Wright,Debra,Wright,dwright@gmail.com,(212) 769-6380,Douglas Elliman,Douglas Elliman,White Plains,White Plains,NY,10419,0,2,2,1438229,4.3,C,71,NAR Directory,Independent,2026-09-18T02:36:54Z
CREAM-20260918-00917,Mary Alvarez,Mary Alvarez,Mary,Alvarez,mary.alvarez@gmail.com,(714) 394-9757,Douglas Elliman,Douglas Elliman,Brownsville,Brownsville,TX,77652,1,8,8,3376821,4.9,C,97,Website Lead,Enterprise (200+ agents),2026-09-18T02:19:09Z
CREAM-20260918-00918,Ryan Lee,Ryan Lee,Ryan,Lee,ryan.lee@icloud.com,(303) 313-2007,Berkshire Hathaway,Berkshire Hathaway,Avondale,Avondale,AZ,86582,23,76,76,36285930,4.1,C,80,Cold Outreach,Mid-size (11-50 agents),2026-09-18T20:30:04Z
CREAM-20260918-00919,Sandra Jenkins,Sandra Jenkins,Sandra,Jenkins,sjenkins@icloud.com,(614) 531-7388,Keller Williams,Keller Williams,Wilmington,Wilmington,NC,27983,11,70,70,22397401,4.7,C,99,Facebook,Large (51-200 agents),2026-09-18T05:51:56Z
CREAM-20260918-00920,Justin White,Justin White,Justin,White,justin.white@longrealty.com,(334) 956-5075,Long Realty,Long Realty,Yuma,Yuma,AZ,86959,5,21,21,7273754,4.3,C,79,NAR Directory,Boutique (2-10 agents),2026-09-18T17:08:54Z
CREAM-20260918-00921,Julia Carter,Julia Carter,Julia,Carter,julia.carter@outlook.com,(929) 598-3442,Allen Tate,Allen Tate,Wilmington,Wilmington,NC,28987,21,60,60,20712301,3.7,C,65,Cold Outreach,Boutique (2-10 agents),2026-09-18T09:01:44Z
CREAM-20260918-00922,Matthew Nelson,Matthew Nelson,Matthew,Nelson,mnelson@kellerwilliams.com,(305) 560-3628,Keller Williams,Keller Williams,Hamilton,Hamilton,OH,44167,13,78,78,25175079,3.8,C,92,Brokerage Listings,Enterprise (200+ agents),2026-09-18T21:50:28Z
CREAM-20260918-00923,Amy Hernandez,Amy Hernandez,Amy,Hernandez,ahernandez@aol.com,(404) 759-1133,Compass,Compass,Wilmington,Wilmington,NC,27593,22,56,56,19988850,3.8,C,88,LinkedIn,Independent,2026-09-18T16:27:25Z
CREAM-20260918-00924,Maria Hall,Maria Hall,Maria,Hall,mhall@hotmail.com,(718) 982-6187,Berkshire Hathaway,Berkshire Hathaway,Greenville,Greenville,NC,27566,18,31,31,11829168,3.8,C,84,NAR Directory,Mid-size (11-50 agents),2026-09-18T09:54:42Z
CREAM-20260918-00925,Keith Allen,Keith Allen,Keith,Allen,keith.allen@gmail.com,(919) 829-5372,Howard Hanna,Howard Hanna,High Point,High Point,NC,28238,15,51,51,14832067,4.9,C,67,Trade Show,Large (51-200 agents),2026-09-18T08:16:14Z
CREAM-20260918-00926,Jason Ramirez,Jason Ramirez,Jason,Ramirez,jasonr@compass.com,(805) 514-7114,Compass,Compass,Gainesville,Gainesville,FL,32675,3,22,22,8970102,3.3,C,99,Website Lead,Independent,2026-09-18T08:46:23Z
CREAM-20260918-00927,Olivia Johnson,Olivia Johnson,Olivia,Johnson,ojohnson@gmail.com,(214) 782-3075,Douglas Elliman,Douglas Elliman,White Plains,White Plains,NY,12339,2,12,12,9001823,4.1,C,86,Trade Show,Mid-size (11-50 agents),2026-09-18T14:01:23Z
CREAM-20260918-00928,Daniel Carter,Daniel Carter,Daniel,Carter,daniel_carter@gmail.com,(614) 581-8912,Keller Williams Realty,Keller Williams Realty,Fontana,Fontana,CA,93797,4,22,22,19025121,3.6,C,70,NAR Directory,Boutique (2-10 agents),2026-09-18T08:44:49Z
CREAM-20260918-00929,Melissa Foster,Melissa Foster,Melissa,Foster,melissa.foster@kellerwilliamsrealty.com,(929) 545-1089,Keller Williams Realty,Keller Williams Realty,Modesto,Modesto,CA,94614,2,5,5,3278232,4.2,C,82,Brokerage Listings,Large (51-200 agents),2026-09-18T00:36:24Z
CREAM-20260918-00930,Rachel Hill,Rachel Hill,Rachel,Hill,rachelh@berkshirehathaway.com,(415) 296-8055,Berkshire Hathaway,Berkshire Hathaway,Concord,Concord,NC,27612,3,24,24,8435847,3.7,C,60,Facebook,Independent,2026-09-18T18:28:53Z
CREAM-20260918-00931,Edward Perez,Edward Perez,Edward,Perez,eperez@me.com,(305) 811-8852,HER Realtors,HER Realtors,Hamilton,Hamilton,OH,43246,17,33,33,6912622,4.2,C,87,Realtor.com,Large (51-200 agents),2026-09-18T07:02:13Z
CREAM-20260918-00932,Margaret Roberts,Margaret Roberts,Margaret,Roberts,margaret.roberts@outlook.com,(646) 310-8821,RE/MAX,RE/MAX,Fontana,Fontana,CA,91105,13,26,26,18840680,3.7,C,94,MLS Database,Independent,2026-09-18T20:40:56Z
CREAM-20260918-00933,Nicholas Bennett,Nicholas Bennett,Nicholas,Bennett,nicholasbennett@aol.com,(929) 528-7204,Brown Harris Stevens,Brown Harris Stevens,Hempstead,Hempstead,NY,13333,10,50,50,23038933,4.2,C,64,Realtor.com,Enterprise (200+ agents),2026-09-18T15:24:40Z
CREAM-20260918-00934,Karen Reed,Karen Reed,Karen,Reed,karen.reed@gmail.com,(512) 919-1105,Douglas Elliman,Douglas Elliman,Hempstead,Hempstead,NY,13913,1,9,9,4711926,3.4,C,67,MLS Database,Independent,2026-09-18T14:15:23Z
CREAM-20260918-00935,Peter Green,Peter Green,Peter,Green,peterg@hotmail.com,(980) 508-9491,Briggs Freeman Sotheby's,Briggs Freeman Sotheby's,Brownsville,Brownsville,TX,75847,21,71,71,21276415,3.2,C,62,NAR Directory,Enterprise (200+ agents),2026-09-18T20:05:09Z
CREAM-20260918-00936,Pamela Fisher,Pamela Fisher,Pamela,Fisher,pamelaf@kellerwilliams.com,(415) 397-5316,Keller Williams,Keller Williams,White Plains,White Plains,NY,12546,2,7,7,3510434,4.7,C,83,Realtor.com,Independent,2026-09-18T13:52:59Z
CREAM-20260918-00937,Laura Garcia,Laura Garcia,Laura,Garcia,laura.garcia@outlook.com,(980) 781-2660,Keller Williams,Keller Williams,Schenectady,Schenectady,NY,13954,23,33,33,26941752,3.8,C,63,Facebook,Enterprise (200+ agents),2026-09-18T03:49:36Z
CREAM-20260918-00938,George Flores,George Flores,George,Flores,george_flores@aol.com,(305) 823-7398,eXp Realty,eXp Realty,McKinney,McKinney,TX,79829,18,57,57,16832850,4.1,C,63,Realtor.com,Enterprise (200+ agents),2026-09-18T19:45:27Z
CREAM-20260918-00939,Mary Sullivan,Mary Sullivan,Mary,Sullivan,msullivan@icloud.com,(512) 657-1624,RE/MAX,RE/MAX,McKinney,McKinney,TX,77639,4,16,16,7108321,3.1,C,90,Referral Network,Independent,2026-09-18T14:24:56Z
CREAM-20260918-00940,Donald Ruiz,Donald Ruiz,Donald,Ruiz,druiz@gmail.com,(646) 592-1008,Century 21,Century 21,Miramar,Miramar,FL,33513,9,32,32,10960418,4.7,C,96,Realtor.com,Independent,2026-09-18T01:18:55Z
CREAM-20260918-00941,Peter Adams,Peter Adams,Peter,Adams,padams@yahoo.com,(305) 536-1895,HER Realtors,HER Realtors,Youngstown,Youngstown,OH,43454,22,56,56,13134805,3.8,C,89,Cold Outreach,Boutique (2-10 agents),2026-09-18T04:04:18Z
CREAM-20260918-00942,Alan Wilson,Alan Wilson,Alan,Wilson,alanwilson@gmail.com,(614) 758-5554,RE/MAX,RE/MAX,Lorain,Lorain,OH,43836,10,33,33,10258025,4.0,C,63,NAR Directory,Large (51-200 agents),2026-09-18T00:20:30Z
CREAM-20260918-00943,Philip Gomez,Philip Gomez,Philip,Gomez,philipgomez@hotmail.com,(513) 677-8856,Coldwell Banker,Coldwell Banker,Clearwater,Clearwater,FL,34742,20,31,31,15855512,3.1,C,93,Realtor.com,Boutique (2-10 agents),2026-09-18T19:19:12Z
CREAM-20260918-00944,Jessica Baker,Jessica Baker,Jessica,Baker,jessicab@outlook.com,(512) 481-5370,eXp Realty,eXp Realty,Moreno Valley,Moreno Valley,CA,96652,2,11,11,11078566,3.7,C,63,Realtor.com,Mid-size (11-50 agents),2026-09-18T02:29:55Z
CREAM-20260918-00945,Ashley Rogers,Ashley Rogers,Ashley,Rogers,ashleyr@hotmail.com,(305) 500-4281,Allie Beth Allman,Allie Beth Allman,McKinney,McKinney,TX,75683,3,16,16,6803780,4.7,C,72,Referral Network,Large (51-200 agents),2026-09-18T06:53:27Z
CREAM-20260918-00946,Larry Sanders,Larry Sanders,Larry,Sanders,larrys@gmail.com,(919) 431-1897,Keller Williams,Keller Williams,Boulder,Boulder,CO,80539,21,31,31,12318764,3.3,C,89,Website Lead,Mid-size (11-50 agents),2026-09-18T10:08:41Z
CREAM-20260918-00947,Richard Sanchez,Richard Sanchez,Richard,Sanchez,richards@gmail.com,(212) 754-2787,RE/MAX,RE/MAX,Youngstown,Youngstown,OH,44547,1,9,9,2869037,4.8,C,67,Cold Outreach,Independent,2026-09-18T07:31:02Z
CREAM-20260918-00948,Angela Ross,Angela Ross,Angela,Ross,aross@icloud.com,(929) 366-3467,Century 21,Century 21,West Palm Beach,West Palm Beach,FL,34714,4,18,18,7163582,4.9,C,76,Cold Outreach,Mid-size (11-50 agents),2026-09-18T13:28:40Z
CREAM-20260918-00949,Donna Kelly,Donna Kelly,Donna,Kelly,donna.kelly@icloud.com,(714) 410-9995,Douglas Elliman,Douglas Elliman,West Palm Beach,West Palm Beach,FL,33998,19,50,50,23710596,4.5,C,82,Brokerage Listings,Mid-size (11-50 agents),2026-09-18T01:35:53Z
CREAM-20260918-00950,Sharon Cruz,Sharon Cruz,Sharon,Cruz,scruz@hotmail.com,(786) 358-1757,Berkshire Hathaway,Berkshire Hathaway,Coral Springs,Coral Springs,FL,34395,13,78,78,39102462,4.6,C,65,Cold Outreach,Boutique (2-10 agents),2026-09-18T10:23:23Z
CREAM-20260918-00951,Rebecca Cook,Rebecca Cook,Rebecca,Cook,rebeccacook@gmail.com,(714) 453-9774,RE/MAX,RE/MAX,Boulder,Boulder,CO,80525,25,41,41,16504321,4.1,C,92,LinkedIn,Boutique (2-10 agents),2026-09-18T03:15:46Z
CREAM-20260918-00952,George Perez,George Perez,George,Perez,george.perez@hotmail.com,(714) 361-8654,eXp Realty,eXp Realty,Peoria,Peoria,AZ,85959,9,15,15,5253760,4.9,C,69,MLS Database,Enterprise (200+ agents),2026-09-18T10:43:40Z
CREAM-20260918-00953,Alan Scott,Alan Scott,Alan,Scott,alan.scott@gmail.com,(614) 808-6481,RE/MAX,RE/MAX,Boulder,Boulder,CO,81890,17,29,29,18910629,3.7,C,100,Brokerage Listings,Mid-size (11-50 agents),2026-09-18T03:58:49Z
CREAM-20260918-00954,Ronald Smith,Ronald Smith,Ronald,Smith,ronald_smith@me.com,(415) 516-9917,Pacific Sotheby's,Pacific Sotheby's,Moreno Valley,Moreno Valley,CA,93577,11,25,25,18767329,4.9,C,68,LinkedIn,Mid-size (11-50 agents),2026-09-18T19:57:49Z
CREAM-20260918-00955,Frank Clark,Frank Clark,Frank,Clark,frankc@re/max.com,(214) 263-3896,RE/MAX,RE/MAX,Youngstown,Youngstown,OH,44741,19,68,68,18901049,4.0,C,74,LinkedIn,Independent,2026-09-18T11:41:38Z
CREAM-20260918-00956,Louis Davis,Louis Davis,Louis,Davis,ldavis@me.com,(404) 216-1125,Compass,Compass,Clearwater,Clearwater,FL,32216,3,16,16,5836702,3.3,C,87,NAR Directory,Boutique (2-10 agents),2026-09-18T01:29:42Z
CREAM-20260918-00957,Dorothy Baker,Dorothy Baker,Dorothy,Baker,dorothy.baker@halstead.com,(916) 964-3354,Halstead,Halstead,Troy,Troy,NY,13364,9,39,39,19852079,4.4,C,100,Website Lead,Boutique (2-10 agents),2026-09-18T02:49:44Z
CREAM-20260918-00958,Kenneth Mendoza,Kenneth Mendoza,Kenneth,Mendoza,kenneth_mendoza@me.com,(704) 759-1381,LIV Sotheby's,LIV Sotheby's,Westminster,Westminster,CO,80249,16,78,78,41832496,4.7,C,70,Brokerage Listings,Independent,2026-09-18T22:16:07Z
CREAM-20260918-00959,Anna Coleman,Anna Coleman,Anna,Coleman,acoleman@kellerwilliams.com,(786) 937-6554,Keller Williams,Keller Williams,Mesquite,Mesquite,TX,79273,15,68,68,23631352,4.3,C,99,Facebook,Large (51-200 agents),2026-09-18T14:14:25Z
CREAM-20260918-00960,Janet Moore,Janet Moore,Janet,Moore,janet_moore@icloud.com,(212) 724-8010,eXp Realty,eXp Realty,Youngstown,Youngstown,OH,43111,7,40,40,11331031,3.1,C,94,Referral Network,Mid-size (11-50 agents),2026-09-18T18:49:10Z
CREAM-20260918-00961,Eric Perez,Eric Perez,Eric,Perez,eperez@icloud.com,(334) 697-5119,eXp Realty,eXp Realty,Wilmington,Wilmington,NC,27328,20,74,74,29263623,4.4,C,81,Website Lead,Large (51-200 agents),2026-09-18T20:30:12Z
CREAM-20260918-00962,Stephanie Carter,Stephanie Carter,Stephanie,Carter,stephaniec@gmail.com,(512) 395-1115,HomeSmart,HomeSmart,Yuma,Yuma,AZ,86814,4,24,24,7966758,3.4,C,76,NAR Directory,Mid-size (11-50 agents),2026-09-18T05:19:42Z
CREAM-20260918-00963,Elizabeth Gonzalez,Elizabeth Gonzalez,Elizabeth,Gonzalez,egonzalez@gmail.com,(980) 661-4866,Keller Williams,Keller Williams,Lorain,Lorain,OH,45268,1,12,12,3131435,4.8,C,66,Realtor.com,Mid-size (11-50 agents),2026-09-18T15:32:56Z
CREAM-20260918-00964,Julia Myers,Julia Myers,Julia,Myers,juliam@gmail.com,(718) 886-6312,Coldwell Banker,Coldwell Banker,Miramar,Miramar,FL,34360,1,12,12,5382072,3.6,C,81,LinkedIn,Mid-size (11-50 agents),2026-09-18T13:20:26Z
CREAM-20260918-00965,Daniel Ramos,Daniel Ramos,Daniel,Ramos,dramos@cutlerrealestate.com,(407) 794-6704,Cutler Real Estate,Cutler Real Estate,Canton,Canton,OH,43796,8,40,40,9594188,4.6,C,93,Facebook,Independent,2026-09-18T18:50:52Z
CREAM-20260918-00966,Martha Sanders,Martha Sanders,Martha,Sanders,marthas@icloud.com,(415) 776-1626,Huntington Real Estate,Huntington Real Estate,Youngstown,Youngstown,OH,43688,0,4,4,888092,4.9,C,91,MLS Database,Large (51-200 agents),2026-09-18T12:04:03Z
CREAM-20260918-00967,Kathleen Carter,Kathleen Carter,Kathleen,Carter,kathleencarter@gmail.com,(234) 355-4717,Keller Williams,Keller Williams,Canton,Canton,OH,45225,3,24,24,6595235,4.8,C,94,Trade Show,Boutique (2-10 agents),2026-09-18T19:49:28Z
CREAM-20260918-00968,Kenneth Ortiz,Kenneth Ortiz,Kenneth,Ortiz,kennetho@kellerwilliams.com,(415) 562-5212,Keller Williams,Keller Williams,Hamilton,Hamilton,OH,44568,0,2,2,601827,4.6,C,93,Website Lead,Enterprise (200+ agents),2026-09-18T18:32:35Z
CREAM-20260918-00969,Kenneth Nelson,Kenneth Nelson,Kenneth,Nelson,kenneth.nelson@gmail.com,(469) 791-7180,Compass,Compass,Schenectady,Schenectady,NY,12939,15,67,67,31241522,4.5,C,84,Website Lead,Mid-size (11-50 agents),2026-09-18T21:52:51Z
CREAM-20260918-00970,Walter Martinez,Walter Martinez,Walter,Martinez,walterm@outlook.com,(310) 636-5379,Long Realty,Long Realty,Surprise,Surprise,AZ,86841,2,11,11,5850329,4.8,C,92,Referral Network,Independent,2026-09-18T06:41:55Z
CREAM-20260918-00971,Gary Ramirez,Gary Ramirez,Gary,Ramirez,gary_ramirez@aol.com,(713) 767-8536,Keller Williams,Keller Williams,Yuma,Yuma,AZ,85907,5,16,16,6852890,4.8,C,99,Trade Show,Mid-size (11-50 agents),2026-09-18T13:25:29Z
CREAM-20260918-00972,Rachel Robinson,Rachel Robinson,Rachel,Robinson,rrobinson@longrealty.com,(972) 289-8645,Long Realty,Long Realty,Surprise,Surprise,AZ,86927,6,38,38,11646727,4.7,C,70,Cold Outreach,Mid-size (11-50 agents),2026-09-18T21:12:16Z
CREAM-20260918-00973,Gary Sullivan,Gary Sullivan,Gary,Sullivan,gsullivan@outlook.com,(704) 770-7174,Cutler Real Estate,Cutler Real Estate,Lorain,Lorain,OH,44617,3,17,17,5053068,3.6,C,89,Cold Outreach,Large (51-200 agents),2026-09-18T07:50:01Z
CREAM-20260918-00974,Jacqueline Chavez,Jacqueline Chavez,Jacqueline,Chavez,jacqueline_chavez@gmail.com,(334) 612-6675,eXp Realty,eXp Realty,Coral Springs,Coral Springs,FL,34627,16,49,49,26123452,4.0,C,87,Brokerage Listings,Mid-size (11-50 agents),2026-09-18T02:43:28Z
CREAM-20260918-00975,Brenda Bailey,Brenda Bailey,Brenda,Bailey,brendabailey@me.com,(602) 233-5245,Long Realty,Long Realty,Surprise,Surprise,AZ,86785,2,12,12,3509156,4.0,C,71,LinkedIn,Large (51-200 agents),2026-09-18T17:17:58Z
CREAM-20260918-00976,Catherine Ward,Catherine Ward,Catherine,Ward,cward@yahoo.com,(214) 718-9508,Century 21,Century 21,Clearwater,Clearwater,FL,32901,13,49,49,16602401,3.5,C,100,Realtor.com,Large (51-200 agents),2026-09-18T00:30:03Z
CREAM-20260918-00977,Walter Reed,Walter Reed,Walter,Reed,walterr@gmail.com,(513) 652-4648,Compass,Compass,Greenville,Greenville,NC,28521,6,31,31,8046103,3.6,C,60,Realtor.com,Independent,2026-09-18T03:51:18Z
CREAM-20260918-00978,James Reed,James Reed,James,Reed,jamesr@hotmail.com,(714) 888-6381,Brown Harris Stevens,Brown Harris Stevens,Schenectady,Schenectady,NY,11585,8,15,15,11296544,3.9,C,91,NAR Directory,Mid-size (11-50 agents),2026-09-18T19:59:48Z
CREAM-20260918-00979,Scott Cox,Scott Cox,Scott,Cox,scottcox@hotmail.com,(214) 862-7341,RE/MAX,RE/MAX,Boulder,Boulder,CO,81588,4,8,8,3716740,4.7,C,61,Facebook,Mid-size (11-50 agents),2026-09-18T00:53:07Z
CREAM-20260918-00980,Justin Russell,Justin Russell,Justin,Russell,justinr@gmail.com,(214) 631-4868,8z Real Estate,8z Real Estate,Boulder,Boulder,CO,81892,5,25,25,11632768,3.4,C,87,Realtor.com,Mid-size (11-50 agents),2026-09-18T04:07:46Z
CREAM-20260918-00981,Benjamin Scott,Benjamin Scott,Benjamin,Scott,benjaminscott@gmail.com,(972) 312-9659,Keller Williams,Keller Williams,Avondale,Avondale,AZ,85836,18,68,68,31396573,4.8,C,75,Realtor.com,Enterprise (200+ agents),2026-09-18T05:54:19Z
CREAM-20260918-00982,Walter Coleman,Walter Coleman,Walter,Coleman,walter_coleman@yahoo.com,(720) 431-1117,Coldwell Banker,Coldwell Banker,Mesquite,Mesquite,TX,77649,15,70,70,17398000,4.3,C,72,Cold Outreach,Boutique (2-10 agents),2026-09-18T04:31:46Z
CREAM-20260918-00983,Rachel Wilson,Rachel Wilson,Rachel,Wilson,rachelwilson@yahoo.com,(469) 975-7329,eXp Realty,eXp Realty,Clearwater,Clearwater,FL,34703,5,20,20,10821213,4.7,C,89,MLS Database,Independent,2026-09-18T00:53:36Z
CREAM-20260918-00984,Emma Green,Emma Green,Emma,Green,emma_green@aol.com,(646) 726-5800,eXp Realty,eXp Realty,Fontana,Fontana,CA,91562,5,16,16,14600050,4.8,C,80,Facebook,Independent,2026-09-18T17:38:32Z
CREAM-20260918-00985,Gregory Patel,Gregory Patel,Gregory,Patel,gpatel@homesmart.com,(305) 455-6439,HomeSmart,HomeSmart,Avondale,Avondale,AZ,86537,12,75,75,27336540,3.6,C,90,Realtor.com,Large (51-200 agents),2026-09-18T11:50:39Z
CREAM-20260918-00986,Susan Sanchez,Susan Sanchez,Susan,Sanchez,susans@me.com,(972) 557-7268,Berkshire Hathaway,Berkshire Hathaway,High Point,High Point,NC,27209,2,3,3,1130252,4.2,C,62,LinkedIn,Large (51-200 agents),2026-09-18T00:20:18Z
CREAM-20260918-00987,Olivia Morgan,Olivia Morgan,Olivia,Morgan,olivia.morgan@gmail.com,(786) 386-6923,Compass,Compass,Irvine,Irvine,CA,92983,1,4,4,3075578,3.8,C,74,Facebook,Large (51-200 agents),2026-09-18T07:13:19Z
CREAM-20260918-00988,Dorothy Wood,Dorothy Wood,Dorothy,Wood,dorothyw@berkshirehathaway.com,(720) 712-3215,Berkshire Hathaway,Berkshire Hathaway,Concord,Concord,NC,27277,21,48,48,12139975,3.6,C,81,LinkedIn,Boutique (2-10 agents),2026-09-18T20:20:01Z
CREAM-20260918-00989,Peter Brooks,Peter Brooks,Peter,Brooks,pbrooks@outlook.com,(256) 726-1078,Keller Williams,Keller Williams,Hamilton,Hamilton,OH,43845,1,9,9,2326310,4.2,C,65,LinkedIn,Independent,2026-09-18T21:04:11Z
CREAM-20260918-00990,Olivia Reyes,Olivia Reyes,Olivia,Reyes,olivia_reyes@outlook.com,(980) 911-6902,Compass,Compass,Utica,Utica,NY,11137,0,3,3,2009242,3.4,C,67,Website Lead,Mid-size (11-50 agents),2026-09-18T10:27:46Z
CREAM-20260918-00991,Pamela Hall,Pamela Hall,Pamela,Hall,pamela_hall@gmail.com,(512) 557-4797,Brown Harris Stevens,Brown Harris Stevens,Utica,Utica,NY,10674,6,38,38,20996985,3.7,C,65,Cold Outreach,Large (51-200 agents),2026-09-18T20:15:28Z
CREAM-20260918-00992,Dorothy Mendoza,Dorothy Mendoza,Dorothy,Mendoza,dorothy.mendoza@herrealtors.com,(407) 204-8482,HER Realtors,HER Realtors,Canton,Canton,OH,44752,5,20,20,6033159,4.0,C,76,Realtor.com,Enterprise (200+ agents),2026-09-18T07:30:26Z
CREAM-20260918-00993,Rebecca White,Rebecca White,Rebecca,White,rebecca.white@re/max.com,(720) 850-7987,RE/MAX,RE/MAX,Hamilton,Hamilton,OH,44429,23,40,40,8529974,4.3,C,80,LinkedIn,Enterprise (200+ agents),2026-09-18T03:10:40Z
CREAM-20260918-00994,Amy Hernandez,Amy Hernandez,Amy,Hernandez,amy_hernandez@me.com,(310) 413-7885,Long Realty,Long Realty,Surprise,Surprise,AZ,85870,5,19,19,6586901,4.5,C,90,Cold Outreach,Large (51-200 agents),2026-09-18T05:59:03Z
CREAM-20260918-00995,James Wood,James Wood,James,Wood,james.wood@century21.com,(407) 957-6018,Century 21,Century 21,West Palm Beach,West Palm Beach,FL,33851,23,79,79,37837787,4.2,C,61,Referral Network,Boutique (2-10 agents),2026-09-18T10:07:31Z
CREAM-20260918-00996,Albert Flores,Albert Flores,Albert,Flores,albert_flores@hotmail.com,(404) 941-5846,Keller Williams,Keller Williams,Pasadena,Pasadena,TX,76828,22,59,59,17259910,3.9,C,90,Cold Outreach,Boutique (2-10 agents),2026-09-18T08:15:04Z
CREAM-20260918-00997,Kevin Castillo,Kevin Castillo,Kevin,Castillo,kcastillo@me.com,(334) 838-3889,Century 21,Century 21,Gainesville,Gainesville,FL,33408,9,23,23,9900747,3.4,C,77,Referral Network,Large (51-200 agents),2026-09-18T20:09:59Z
CREAM-20260918-00998,Paul Gomez,Paul Gomez,Paul,Gomez,paulg@allentate.com,(512) 245-5126,Allen Tate,Allen Tate,Concord,Concord,NC,28812,15,76,76,26107924,3.7,C,99,Facebook,Large (51-200 agents),2026-09-18T09:58:55Z
CREAM-20260918-00999,Edward Ramirez,Edward Ramirez,Edward,Ramirez,edwardr@gmail.com,(334) 466-1119,Keller Williams,Keller Williams,Yuma,Yuma,AZ,85333,5,9,9,4668701,3.5,C,99,MLS Database,Boutique (2-10 agents),2026-09-18T16:21:21Z
CREAM-20260918-01000,William Campbell,William Campbell,William,Campbell,wcampbell@yahoo.com,(334) 621-1459,eXp Realty,eXp Realty,Peoria,Peoria,AZ,85408,2,10,10,4895030,4.6,C,75,Facebook,Mid-size (11-50 agents),2026-09-18T08:21:33Z
