id,full_name,name,first_name,last_name,email,phone,brokerage,company,metro_area,city,state,zip,years_experience,transactions_12mo,transactions_last_year,sales_volume,rating,priority,cream_fit_score,source,brokerage_size,scraped_at
CREAM-20260816-00001,Megan Myers,Megan Myers,Megan,Myers,megan_myers@me.com,(212) 466-7714,HomeSmart,HomeSmart,Mesa,Mesa,AZ,85571,3,25,25,9003009,4.2,A,63,Referral Network,Enterprise (200+ agents),2026-08-16T20:56:13Z
CREAM-20260816-00002,Catherine Jenkins,Catherine Jenkins,Catherine,Jenkins,catherine_jenkins@gmail.com,(720) 616-8473,Compass,Compass,Sacramento,Sacramento,CA,93879,23,80,80,86419239,3.0,A,65,LinkedIn,Large (51-200 agents),2026-08-16T10:07:51Z
CREAM-20260816-00003,Joshua Watson,Joshua Watson,Joshua,Watson,jwatson@outlook.com,(214) 224-1405,Coldwell Banker,Coldwell Banker,Raleigh,Raleigh,NC,27300,15,62,62,25512059,4.0,A,100,Referral Network,Enterprise (200+ agents),2026-08-16T11:12:26Z
CREAM-20260816-00004,Scott Thompson,Scott Thompson,Scott,Thompson,scott_thompson@yahoo.com,(980) 472-5620,Sotheby's International,Sotheby's International,San Francisco,San Francisco,CA,91514,7,21,21,21109602,3.2,A,68,LinkedIn,Boutique (2-10 agents),2026-08-16T05:42:01Z
CREAM-20260816-00005,Nancy Collins,Nancy Collins,Nancy,Collins,nancy.collins@aol.com,(919) 306-9975,eXp Realty,eXp Realty,Phoenix,Phoenix,AZ,85534,3,18,18,8176211,3.8,A,90,LinkedIn,Large (51-200 agents),2026-08-16T03:47:51Z
CREAM-20260816-00006,Kenneth Allen,Kenneth Allen,Kenneth,Allen,kenneth.allen@yahoo.com,(614) 806-6154,eXp Realty,eXp Realty,Columbus,Columbus,OH,43913,4,22,22,5761863,4.2,A,98,Referral Network,Enterprise (200+ agents),2026-08-16T05:52:33Z
CREAM-20260816-00007,Ashley Torres,Ashley Torres,Ashley,Torres,ashley.torres@aol.com,(234) 391-1857,Howard Hanna,Howard Hanna,Greensboro,Greensboro,NC,27526,1,7,7,3146387,4.4,A,98,Trade Show,Enterprise (200+ agents),2026-08-16T15:47:25Z
CREAM-20260816-00008,Michelle Edwards,Michelle Edwards,Michelle,Edwards,medwards@coldwellbanker.com,(805) 516-1792,Coldwell Banker,Coldwell Banker,El Paso,El Paso,TX,76993,24,78,78,34076855,3.9,A,73,Facebook,Independent,2026-08-16T16:16:32Z
CREAM-20260816-00009,David Hill,David Hill,David,Hill,david.hill@hotmail.com,(720) 243-4338,Keller Williams Realty,Keller Williams Realty,Orlando,Orlando,FL,33661,25,65,65,23204016,3.1,A,64,Trade Show,Large (51-200 agents),2026-08-16T05:33:17Z
CREAM-20260816-00010,Linda Chavez,Linda Chavez,Linda,Chavez,linda.chavez@icloud.com,(310) 687-3379,Pacific Sotheby's,Pacific Sotheby's,Long Beach,Long Beach,CA,96437,2,3,3,2228578,4.0,A,69,Brokerage Listings,Independent,2026-08-16T11:57:13Z
CREAM-20260816-00011,Susan Williams,Susan Williams,Susan,Williams,swilliams@kellerwilliams.com,(407) 993-5921,Keller Williams,Keller Williams,Cincinnati,Cincinnati,OH,43678,22,60,60,11604148,3.4,A,96,LinkedIn,Boutique (2-10 agents),2026-08-16T12:40:57Z
CREAM-20260816-00012,Carol Ramirez,Carol Ramirez,Carol,Ramirez,cramirez@icloud.com,(980) 573-9987,Douglas Elliman,Douglas Elliman,Fort Lauderdale,Fort Lauderdale,FL,33312,11,58,58,26272716,4.5,A,64,NAR Directory,Mid-size (11-50 agents),2026-08-16T13:55:51Z
CREAM-20260816-00013,Diane Sullivan,Diane Sullivan,Diane,Sullivan,dianes@icloud.com,(713) 414-3190,eXp Realty,eXp Realty,El Paso,El Paso,TX,75693,3,15,15,4218153,5.0,A,77,Trade Show,Large (51-200 agents),2026-08-16T05:51:42Z
CREAM-20260816-00014,Laura Nelson,Laura Nelson,Laura,Nelson,laura.nelson@exprealty.com,(805) 878-7043,eXp Realty,eXp Realty,Aurora,Aurora,CO,80577,15,28,28,11684954,4.1,A,65,Realtor.com,Independent,2026-08-16T12:15:08Z
CREAM-20260816-00015,Betty Hill,Betty Hill,Betty,Hill,betty.hill@homesmart.com,(919) 345-3193,HomeSmart,HomeSmart,Tucson,Tucson,AZ,86283,21,37,37,14616883,4.8,A,88,MLS Database,Boutique (2-10 agents),2026-08-16T17:34:31Z
CREAM-20260816-00016,Megan Scott,Megan Scott,Megan,Scott,megans@longrealty.com,(513) 714-2943,Long Realty,Long Realty,Mesa,Mesa,AZ,86170,18,34,34,16162862,4.7,A,67,Website Lead,Enterprise (200+ agents),2026-08-16T07:34:59Z
CREAM-20260816-00017,Nicole Hughes,Nicole Hughes,Nicole,Hughes,nicole_hughes@aol.com,(513) 860-8918,Douglas Elliman,Douglas Elliman,Manhattan,Manhattan,NY,14563,5,22,22,10966056,4.9,A,76,Trade Show,Boutique (2-10 agents),2026-08-16T13:56:17Z
CREAM-20260816-00018,Brenda Ramirez,Brenda Ramirez,Brenda,Ramirez,brenda_ramirez@icloud.com,(713) 789-1218,eXp Realty,eXp Realty,Tucson,Tucson,AZ,86799,5,18,18,7777742,3.2,A,71,Trade Show,Boutique (2-10 agents),2026-08-16T08:03:24Z
CREAM-20260816-00019,Dennis Adams,Dennis Adams,Dennis,Adams,dennisa@century21.com,(256) 296-6314,Century 21,Century 21,Tampa,Tampa,FL,33247,14,55,55,17037267,3.5,A,99,MLS Database,Independent,2026-08-16T23:37:26Z
CREAM-20260816-00020,Katherine Collins,Katherine Collins,Katherine,Collins,katherinec@gmail.com,(805) 820-6049,Pacific Sotheby's,Pacific Sotheby's,San Jose,San Jose,CA,94282,3,24,24,14471619,4.6,A,73,Facebook,Enterprise (200+ agents),2026-08-16T18:09:23Z
CREAM-20260816-00021,Dennis Foster,Dennis Foster,Dennis,Foster,dennis.foster@kellerwilliams.com,(212) 974-1676,Keller Williams,Keller Williams,San Antonio,San Antonio,TX,79812,4,17,17,7560343,5.0,A,71,Brokerage Listings,Boutique (2-10 agents),2026-08-16T04:46:17Z
CREAM-20260816-00022,Tyler Bennett,Tyler Bennett,Tyler,Bennett,tbennett@exprealty.com,(305) 541-6043,eXp Realty,eXp Realty,Tucson,Tucson,AZ,86934,18,66,66,32811580,3.0,A,90,Trade Show,Boutique (2-10 agents),2026-08-16T00:41:44Z
CREAM-20260816-00023,Samuel Wright,Samuel Wright,Samuel,Wright,samuel_wright@gmail.com,(602) 295-1101,Howard Hanna,Howard Hanna,Raleigh,Raleigh,NC,27366,1,11,11,2779088,3.6,A,83,Website Lead,Mid-size (11-50 agents),2026-08-16T04:31:18Z
CREAM-20260816-00024,Catherine Scott,Catherine Scott,Catherine,Scott,catherines@aol.com,(334) 836-8475,RE/MAX,RE/MAX,Cleveland,Cleveland,OH,45779,13,35,35,10380386,3.4,A,85,Website Lead,Large (51-200 agents),2026-08-16T12:13:15Z
CREAM-20260816-00025,Theresa Lopez,Theresa Lopez,Theresa,Lopez,tlopez@gmail.com,(469) 477-9956,Coldwell Banker,Coldwell Banker,St. Petersburg,St. Petersburg,FL,33101,1,6,6,2214464,4.0,A,89,Referral Network,Independent,2026-08-16T18:02:03Z
CREAM-20260816-00026,Carolyn Gutierrez,Carolyn Gutierrez,Carolyn,Gutierrez,carolyn.gutierrez@me.com,(805) 443-5140,Century 21,Century 21,Tampa,Tampa,FL,32435,2,6,6,2306375,4.2,A,89,MLS Database,Independent,2026-08-16T23:59:22Z
CREAM-20260816-00027,Sharon Mendoza,Sharon Mendoza,Sharon,Mendoza,sharonmendoza@yahoo.com,(720) 412-9539,Coldwell Banker,Coldwell Banker,Aurora,Aurora,CO,81291,5,10,10,5986609,4.2,A,88,NAR Directory,Large (51-200 agents),2026-08-16T15:25:45Z
CREAM-20260816-00028,Walter Flores,Walter Flores,Walter,Flores,walter.flores@yahoo.com,(404) 821-3907,Century 21,Century 21,Fort Lauderdale,Fort Lauderdale,FL,33604,15,76,76,26378874,4.2,A,94,NAR Directory,Enterprise (200+ agents),2026-08-16T12:16:24Z
CREAM-20260816-00029,Jennifer Morales,Jennifer Morales,Jennifer,Morales,jennifermorales@outlook.com,(646) 754-5577,eXp Realty,eXp Realty,Denver,Denver,CO,80124,22,72,72,44289128,4.3,A,78,LinkedIn,Independent,2026-08-16T09:39:23Z
CREAM-20260816-00030,Eric Edwards,Eric Edwards,Eric,Edwards,eric.edwards@berkshirehathaway.com,(614) 580-6851,Berkshire Hathaway,Berkshire Hathaway,Greensboro,Greensboro,NC,27768,4,19,19,7908095,3.3,A,72,Referral Network,Mid-size (11-50 agents),2026-08-16T14:04:12Z
CREAM-20260816-00031,Melissa Martinez,Melissa Martinez,Melissa,Martinez,melissa.martinez@hotmail.com,(919) 236-3566,Coldwell Banker,Coldwell Banker,Columbus,Columbus,OH,44839,6,25,25,7737116,3.4,A,98,NAR Directory,Mid-size (11-50 agents),2026-08-16T09:37:18Z
CREAM-20260816-00032,Gary Morgan,Gary Morgan,Gary,Morgan,gmorgan@aol.com,(256) 481-8753,RE/MAX,RE/MAX,Aurora,Aurora,CO,80976,2,11,11,5206584,3.6,A,80,Facebook,Boutique (2-10 agents),2026-08-16T03:00:19Z
CREAM-20260816-00033,Ralph Ramirez,Ralph Ramirez,Ralph,Ramirez,rramirez@century21.com,(310) 257-1816,Century 21,Century 21,Tampa,Tampa,FL,33185,0,1,1,415258,4.4,A,92,MLS Database,Enterprise (200+ agents),2026-08-16T02:13:19Z
CREAM-20260816-00034,Jessica Peterson,Jessica Peterson,Jessica,Peterson,jessicap@sothebysinternational.com,(214) 401-7943,Sotheby's International,Sotheby's International,Oakland,Oakland,CA,95279,11,43,43,30829261,3.2,A,90,MLS Database,Enterprise (200+ agents),2026-08-16T19:21:40Z
CREAM-20260816-00035,Gary Thomas,Gary Thomas,Gary,Thomas,gthomas@me.com,(256) 335-3814,Pacific Sotheby's,Pacific Sotheby's,San Francisco,San Francisco,CA,95285,1,3,3,2036422,3.6,A,63,Realtor.com,Mid-size (11-50 agents),2026-08-16T14:11:00Z
CREAM-20260816-00036,Louis White,Louis White,Louis,White,louis.white@re/max.com,(469) 606-8063,RE/MAX,RE/MAX,Aurora,Aurora,CO,81621,9,29,29,16560138,4.9,A,75,NAR Directory,Independent,2026-08-16T19:49:56Z
CREAM-20260816-00037,Brenda Parker,Brenda Parker,Brenda,Parker,bparker@me.com,(786) 738-4200,Berkshire Hathaway,Berkshire Hathaway,Tampa,Tampa,FL,34482,8,19,19,5976110,4.4,A,79,Cold Outreach,Independent,2026-08-16T22:17:09Z
CREAM-20260816-00038,Amy Phillips,Amy Phillips,Amy,Phillips,amyp@century21.com,(334) 301-4385,Century 21,Century 21,Miami,Miami,FL,33712,5,12,12,6202857,4.2,A,60,Realtor.com,Independent,2026-08-16T07:42:26Z
CREAM-20260816-00039,Jacob Morgan,Jacob Morgan,Jacob,Morgan,jacob.morgan@me.com,(234) 534-3960,eXp Realty,eXp Realty,Tucson,Tucson,AZ,85730,1,6,6,2964357,4.0,A,72,MLS Database,Boutique (2-10 agents),2026-08-16T03:48:46Z
CREAM-20260816-00040,Melissa Peterson,Melissa Peterson,Melissa,Peterson,melissa_peterson@gmail.com,(404) 388-5841,Coldwell Banker,Coldwell Banker,Tucson,Tucson,AZ,86804,1,8,8,3834180,4.6,A,71,NAR Directory,Boutique (2-10 agents),2026-08-16T05:00:35Z
CREAM-20260816-00041,Angela Watson,Angela Watson,Angela,Watson,awatson@sothebysinternational.com,(214) 501-5170,Sotheby's International,Sotheby's International,San Francisco,San Francisco,CA,94182,23,72,72,45561500,4.8,A,92,Realtor.com,Mid-size (11-50 agents),2026-08-16T20:39:08Z
CREAM-20260816-00042,Justin King,Justin King,Justin,King,justin.king@icloud.com,(602) 404-9748,Howard Hanna,Howard Hanna,Charlotte,Charlotte,NC,27819,13,55,55,15765488,4.8,A,82,Brokerage Listings,Independent,2026-08-16T15:26:45Z
CREAM-20260816-00043,Jerry Taylor,Jerry Taylor,Jerry,Taylor,jerry.taylor@yahoo.com,(718) 210-9008,Berkshire Hathaway,Berkshire Hathaway,Orlando,Orlando,FL,33969,7,26,26,11085506,4.3,A,95,MLS Database,Large (51-200 agents),2026-08-16T06:13:10Z
CREAM-20260816-00044,Rachel Watson,Rachel Watson,Rachel,Watson,rachelw@yahoo.com,(513) 723-3504,Keller Williams,Keller Williams,Scottsdale,Scottsdale,AZ,86115,17,68,68,23464743,4.9,A,83,LinkedIn,Independent,2026-08-16T00:35:29Z
CREAM-20260816-00045,Joshua Ward,Joshua Ward,Joshua,Ward,joshua_ward@aol.com,(404) 526-7853,Compass,Compass,Orlando,Orlando,FL,32575,20,44,44,18899465,4.5,A,92,Brokerage Listings,Large (51-200 agents),2026-08-16T22:34:43Z
CREAM-20260816-00046,George Flores,George Flores,George,Flores,george_flores@gmail.com,(310) 221-2098,Compass,Compass,Denver,Denver,CO,81166,13,51,51,27686559,4.7,A,83,LinkedIn,Large (51-200 agents),2026-08-16T11:27:38Z
CREAM-20260816-00047,Robert Rogers,Robert Rogers,Robert,Rogers,robert_rogers@outlook.com,(718) 210-7176,Long Realty,Long Realty,Tucson,Tucson,AZ,85535,2,5,5,1460063,4.4,A,71,MLS Database,Enterprise (200+ agents),2026-08-16T04:54:32Z
CREAM-20260816-00048,Helen Howard,Helen Howard,Helen,Howard,hhoward@hotmail.com,(713) 297-4973,HER Realtors,HER Realtors,Cincinnati,Cincinnati,OH,45405,15,68,68,12547740,3.2,A,61,Realtor.com,Enterprise (200+ agents),2026-08-16T15:48:15Z
CREAM-20260816-00049,Lisa Howard,Lisa Howard,Lisa,Howard,lisah@exprealty.com,(714) 357-8744,eXp Realty,eXp Realty,St. Petersburg,St. Petersburg,FL,33192,20,71,71,37230259,4.3,A,87,Cold Outreach,Large (51-200 agents),2026-08-16T06:53:53Z
CREAM-20260816-00050,Amanda Martinez,Amanda Martinez,Amanda,Martinez,amanda.martinez@exprealty.com,(929) 614-3923,eXp Realty,eXp Realty,Fort Worth,Fort Worth,TX,77663,1,4,4,1608201,4.9,A,75,NAR Directory,Boutique (2-10 agents),2026-08-16T06:53:20Z
CREAM-20260816-00051,Debra Foster,Debra Foster,Debra,Foster,debraf@me.com,(334) 391-5050,Compass,Compass,Orlando,Orlando,FL,33345,5,18,18,9538700,3.7,A,90,MLS Database,Enterprise (200+ agents),2026-08-16T18:05:08Z
CREAM-20260816-00052,Benjamin Clark,Benjamin Clark,Benjamin,Clark,bclark@hotmail.com,(256) 614-7892,Sotheby's International,Sotheby's International,Queens,Queens,NY,12644,23,35,35,20521287,3.0,A,96,LinkedIn,Large (51-200 agents),2026-08-16T21:25:20Z
CREAM-20260816-00053,Stephen Cooper,Stephen Cooper,Stephen,Cooper,stephencooper@hotmail.com,(234) 336-6755,Compass,Compass,Charlotte,Charlotte,NC,27509,0,0,0,0,4.9,A,88,Facebook,Independent,2026-08-16T02:08:51Z
CREAM-20260816-00054,Ashley Torres,Ashley Torres,Ashley,Torres,ashley.torres@icloud.com,(407) 752-3214,Allen Tate,Allen Tate,Charlotte,Charlotte,NC,27144,20,25,25,9372121,4.0,A,68,Brokerage Listings,Enterprise (200+ agents),2026-08-16T14:53:29Z
CREAM-20260816-00055,Daniel Cooper,Daniel Cooper,Daniel,Cooper,danielcooper@icloud.com,(972) 406-5191,Berkshire Hathaway,Berkshire Hathaway,Scottsdale,Scottsdale,AZ,86759,5,11,11,5282406,3.8,A,89,Website Lead,Boutique (2-10 agents),2026-08-16T18:04:34Z
CREAM-20260816-00056,James Bailey,James Bailey,James,Bailey,jamesbailey@me.com,(602) 285-1458,Berkshire Hathaway,Berkshire Hathaway,Cincinnati,Cincinnati,OH,45338,1,11,11,2379253,5.0,A,81,Facebook,Large (51-200 agents),2026-08-16T18:20:09Z
CREAM-20260816-00057,Brittany Baker,Brittany Baker,Brittany,Baker,brittanyb@coldwellbanker.com,(929) 492-3474,Coldwell Banker,Coldwell Banker,Tampa,Tampa,FL,34502,2,6,6,2450005,3.6,A,100,LinkedIn,Mid-size (11-50 agents),2026-08-16T01:25:28Z
CREAM-20260816-00058,Daniel Gutierrez,Daniel Gutierrez,Daniel,Gutierrez,dgutierrez@aol.com,(718) 430-9850,Century 21,Century 21,St. Petersburg,St. Petersburg,FL,34126,3,14,14,6234591,4.8,A,78,NAR Directory,Independent,2026-08-16T03:35:42Z
CREAM-20260816-00059,Julia Mendoza,Julia Mendoza,Julia,Mendoza,juliam@hotmail.com,(212) 776-1718,Berkshire Hathaway,Berkshire Hathaway,Raleigh,Raleigh,NC,27398,25,55,55,18848476,4.0,A,76,Cold Outreach,Independent,2026-08-16T15:50:04Z
CREAM-20260816-00060,James Cooper,James Cooper,James,Cooper,james.cooper@icloud.com,(602) 927-6229,Berkshire Hathaway,Berkshire Hathaway,Denver,Denver,CO,80701,3,13,13,6138272,4.5,A,84,NAR Directory,Mid-size (11-50 agents),2026-08-16T03:58:24Z
CREAM-20260816-00061,Arthur Kelly,Arthur Kelly,Arthur,Kelly,arthurkelly@aol.com,(929) 817-2357,LIV Sotheby's,LIV Sotheby's,Aurora,Aurora,CO,81950,1,12,12,8563374,4.0,A,74,NAR Directory,Boutique (2-10 agents),2026-08-16T03:45:34Z
CREAM-20260816-00062,Samuel Rogers,Samuel Rogers,Samuel,Rogers,samuel.rogers@aol.com,(305) 396-3853,Sotheby's International,Sotheby's International,Oakland,Oakland,CA,95633,10,71,71,68107615,3.2,A,74,NAR Directory,Enterprise (200+ agents),2026-08-16T16:51:23Z
CREAM-20260816-00063,Martha Peterson,Martha Peterson,Martha,Peterson,martha.peterson@aol.com,(704) 726-9374,Russell Lyon Sotheby's,Russell Lyon Sotheby's,Tucson,Tucson,AZ,86991,22,30,30,12328253,4.0,A,64,Brokerage Listings,Large (51-200 agents),2026-08-16T02:42:51Z
CREAM-20260816-00064,Pamela Price,Pamela Price,Pamela,Price,pamela_price@me.com,(407) 352-5967,eXp Realty,eXp Realty,Cleveland,Cleveland,OH,43772,1,5,5,1367123,3.8,A,78,Realtor.com,Boutique (2-10 agents),2026-08-16T13:33:00Z
CREAM-20260816-00065,Heather Coleman,Heather Coleman,Heather,Coleman,hcoleman@me.com,(919) 675-7111,Coldwell Banker,Coldwell Banker,Mesa,Mesa,AZ,85871,3,12,12,5010355,3.3,A,78,Facebook,Independent,2026-08-16T20:24:09Z
CREAM-20260816-00066,Eugene Williams,Eugene Williams,Eugene,Williams,ewilliams@yahoo.com,(980) 222-1679,Briggs Freeman Sotheby's,Briggs Freeman Sotheby's,Dallas,Dallas,TX,77228,3,10,10,2669198,3.7,A,79,Referral Network,Boutique (2-10 agents),2026-08-16T22:19:36Z
CREAM-20260816-00067,Charles Cruz,Charles Cruz,Charles,Cruz,charlesc@hotmail.com,(916) 994-5474,Douglas Elliman,Douglas Elliman,San Antonio,San Antonio,TX,77874,1,11,11,2825906,4.0,A,65,Facebook,Large (51-200 agents),2026-08-16T10:36:00Z
CREAM-20260816-00068,Gregory Powell,Gregory Powell,Gregory,Powell,gpowell@icloud.com,(714) 555-5977,Sotheby's International,Sotheby's International,San Diego,San Diego,CA,90610,1,4,4,4144198,4.7,A,60,Realtor.com,Boutique (2-10 agents),2026-08-16T20:43:36Z
CREAM-20260816-00069,Eric Edwards,Eric Edwards,Eric,Edwards,eedwards@sothebysinternational.com,(929) 229-2111,Sotheby's International,Sotheby's International,Manhattan,Manhattan,NY,12428,7,27,27,21472322,3.3,A,97,MLS Database,Large (51-200 agents),2026-08-16T18:03:37Z
CREAM-20260816-00070,Danielle Jenkins,Danielle Jenkins,Danielle,Jenkins,daniellejenkins@aol.com,(407) 645-3150,RE/MAX,RE/MAX,Scottsdale,Scottsdale,AZ,85422,4,25,25,8277469,4.5,A,96,Realtor.com,Large (51-200 agents),2026-08-16T19:28:06Z
CREAM-20260816-00071,Emily Lewis,Emily Lewis,Emily,Lewis,emily.lewis@re/max.com,(512) 504-5681,RE/MAX,RE/MAX,San Francisco,San Francisco,CA,93545,6,34,34,36142642,4.9,A,61,Website Lead,Mid-size (11-50 agents),2026-08-16T06:14:58Z
CREAM-20260816-00072,Daniel Cox,Daniel Cox,Daniel,Cox,daniel_cox@outlook.com,(334) 811-8285,Berkshire Hathaway,Berkshire Hathaway,Mesa,Mesa,AZ,86507,5,24,24,10677380,4.5,A,73,Facebook,Boutique (2-10 agents),2026-08-16T06:02:33Z
CREAM-20260816-00073,Theresa Lewis,Theresa Lewis,Theresa,Lewis,theresa_lewis@yahoo.com,(513) 953-2438,RE/MAX,RE/MAX,Orlando,Orlando,FL,34613,1,10,10,5125687,3.3,A,60,LinkedIn,Boutique (2-10 agents),2026-08-16T05:39:08Z
CREAM-20260816-00074,Gloria Sanchez,Gloria Sanchez,Gloria,Sanchez,gloria.sanchez@me.com,(718) 353-6950,Cutler Real Estate,Cutler Real Estate,Columbus,Columbus,OH,43897,18,63,63,12979249,3.8,A,93,Website Lead,Mid-size (11-50 agents),2026-08-16T01:04:48Z
CREAM-20260816-00075,Gregory Lewis,Gregory Lewis,Gregory,Lewis,gregorylewis@hotmail.com,(786) 826-5877,eXp Realty,eXp Realty,Phoenix,Phoenix,AZ,86737,20,72,72,30374238,3.9,A,89,Brokerage Listings,Mid-size (11-50 agents),2026-08-16T13:06:18Z
CREAM-20260816-00076,Melissa Williams,Melissa Williams,Melissa,Williams,melissawilliams@me.com,(404) 945-1993,Coldwell Banker,Coldwell Banker,Charlotte,Charlotte,NC,27555,2,10,10,3251148,3.0,A,80,MLS Database,Large (51-200 agents),2026-08-16T13:11:18Z
CREAM-20260816-00077,Michelle Clark,Michelle Clark,Michelle,Clark,michelle.clark@hotmail.com,(234) 299-5793,Compass,Compass,Colorado Springs,Colorado Springs,CO,81971,22,52,52,34725652,4.7,A,90,Brokerage Listings,Mid-size (11-50 agents),2026-08-16T03:34:46Z
CREAM-20260816-00078,Natalie Sanchez,Natalie Sanchez,Natalie,Sanchez,nsanchez@berkshirehathaway.com,(214) 942-6054,Berkshire Hathaway,Berkshire Hathaway,Miami,Miami,FL,32356,8,16,16,6731633,3.4,A,85,Brokerage Listings,Large (51-200 agents),2026-08-16T18:46:12Z
CREAM-20260816-00079,Katherine Turner,Katherine Turner,Katherine,Turner,kturner@me.com,(407) 968-8321,Keller Williams,Keller Williams,Cleveland,Cleveland,OH,43604,1,11,11,3167983,3.3,A,98,Brokerage Listings,Mid-size (11-50 agents),2026-08-16T01:03:05Z
CREAM-20260816-00080,Barbara Murphy,Barbara Murphy,Barbara,Murphy,barbara_murphy@hotmail.com,(407) 537-6479,Compass,Compass,Sacramento,Sacramento,CA,95842,19,52,52,42284628,4.9,A,90,LinkedIn,Large (51-200 agents),2026-08-16T13:23:34Z
CREAM-20260816-00081,Jeffrey Reyes,Jeffrey Reyes,Jeffrey,Reyes,jeffrey_reyes@outlook.com,(256) 637-2682,Briggs Freeman Sotheby's,Briggs Freeman Sotheby's,Dallas,Dallas,TX,79822,1,7,7,2321166,4.0,A,81,Trade Show,Enterprise (200+ agents),2026-08-16T06:43:45Z
CREAM-20260816-00082,Katherine Cook,Katherine Cook,Katherine,Cook,katherinecook@aol.com,(614) 541-1592,eXp Realty,eXp Realty,Austin,Austin,TX,76953,4,14,14,5407473,4.8,A,89,Realtor.com,Enterprise (200+ agents),2026-08-16T16:31:32Z
CREAM-20260816-00083,Carl Stewart,Carl Stewart,Carl,Stewart,carls@coldwellbanker.com,(646) 659-1207,Coldwell Banker,Coldwell Banker,Cleveland,Cleveland,OH,44242,5,15,15,3479848,4.5,A,98,Facebook,Independent,2026-08-16T16:36:41Z
CREAM-20260816-00084,Melissa Sanders,Melissa Sanders,Melissa,Sanders,melissa.sanders@berkshirehathaway.com,(614) 364-9854,Berkshire Hathaway,Berkshire Hathaway,Cleveland,Cleveland,OH,45839,2,6,6,1870065,4.3,A,71,Facebook,Independent,2026-08-16T15:22:52Z
CREAM-20260816-00085,Carl Anderson,Carl Anderson,Carl,Anderson,carl.anderson@gmail.com,(512) 628-6003,Briggs Freeman Sotheby's,Briggs Freeman Sotheby's,El Paso,El Paso,TX,78859,9,37,37,15392855,4.1,A,83,Website Lead,Independent,2026-08-16T17:09:34Z
CREAM-20260816-00086,Cynthia Edwards,Cynthia Edwards,Cynthia,Edwards,cynthiaedwards@gmail.com,(713) 514-2390,Keller Williams Realty,Keller Williams Realty,Long Beach,Long Beach,CA,93799,16,69,69,53618421,4.9,A,91,Referral Network,Large (51-200 agents),2026-08-16T13:18:04Z
CREAM-20260816-00087,Matthew Jenkins,Matthew Jenkins,Matthew,Jenkins,mjenkins@gmail.com,(704) 959-5876,Keller Williams,Keller Williams,Charlotte,Charlotte,NC,27915,7,33,33,13981089,4.4,A,62,LinkedIn,Large (51-200 agents),2026-08-16T01:19:46Z
CREAM-20260816-00088,Roger Garcia,Roger Garcia,Roger,Garcia,roger_garcia@aol.com,(512) 242-9711,Keller Williams Realty,Keller Williams Realty,Jacksonville,Jacksonville,FL,34221,0,3,3,1382552,4.6,A,94,NAR Directory,Enterprise (200+ agents),2026-08-16T11:20:36Z
CREAM-20260816-00089,Lawrence Rogers,Lawrence Rogers,Lawrence,Rogers,lrogers@me.com,(704) 287-5926,Coldwell Banker,Coldwell Banker,Colorado Springs,Colorado Springs,CO,80405,22,52,52,35780602,4.2,A,95,Referral Network,Boutique (2-10 agents),2026-08-16T15:26:09Z
CREAM-20260816-00090,Donald Lee,Donald Lee,Donald,Lee,donaldl@corcorangroup.com,(404) 674-8517,Corcoran Group,Corcoran Group,Brooklyn,Brooklyn,NY,14313,2,7,7,3951862,4.8,A,85,Website Lead,Large (51-200 agents),2026-08-16T07:56:23Z
CREAM-20260816-00091,Debra Carter,Debra Carter,Debra,Carter,debra.carter@douglaselliman.com,(513) 887-7294,Douglas Elliman,Douglas Elliman,San Antonio,San Antonio,TX,75126,3,19,19,7480201,5.0,A,91,NAR Directory,Enterprise (200+ agents),2026-08-16T10:49:13Z
CREAM-20260816-00092,Stephen Jimenez,Stephen Jimenez,Stephen,Jimenez,stephenjimenez@aol.com,(805) 561-2620,Douglas Elliman,Douglas Elliman,Fort Lauderdale,Fort Lauderdale,FL,34463,1,5,5,2099342,3.7,A,68,LinkedIn,Large (51-200 agents),2026-08-16T02:07:42Z
CREAM-20260816-00093,Brandon Kelly,Brandon Kelly,Brandon,Kelly,brandonk@berkshirehathaway.com,(212) 590-9893,Berkshire Hathaway,Berkshire Hathaway,Austin,Austin,TX,75530,1,8,8,3187192,4.5,A,92,Brokerage Listings,Enterprise (200+ agents),2026-08-16T04:44:22Z
CREAM-20260816-00094,Lauren Long,Lauren Long,Lauren,Long,lauren_long@me.com,(334) 273-7723,RE/MAX,RE/MAX,Raleigh,Raleigh,NC,28354,15,40,40,10486489,3.4,A,73,LinkedIn,Independent,2026-08-16T21:18:19Z
CREAM-20260816-00095,Jack Alexander,Jack Alexander,Jack,Alexander,jackalexander@yahoo.com,(919) 858-1508,Allen Tate,Allen Tate,Charlotte,Charlotte,NC,28144,15,35,35,14618085,4.5,A,78,LinkedIn,Large (51-200 agents),2026-08-16T00:26:53Z
CREAM-20260816-00096,Keith Gonzalez,Keith Gonzalez,Keith,Gonzalez,keith_gonzalez@outlook.com,(407) 376-7884,Keller Williams,Keller Williams,Austin,Austin,TX,79196,2,4,4,1219637,4.8,A,98,Cold Outreach,Large (51-200 agents),2026-08-16T22:25:01Z
CREAM-20260816-00097,Emily Stewart,Emily Stewart,Emily,Stewart,emily.stewart@hotmail.com,(415) 795-3501,Compass,Compass,St. Petersburg,St. Petersburg,FL,33458,3,22,22,7735657,5.0,A,73,MLS Database,Independent,2026-08-16T03:13:02Z
CREAM-20260816-00098,Linda Russell,Linda Russell,Linda,Russell,lindarussell@outlook.com,(513) 782-8084,Compass,Compass,Staten Island,Staten Island,NY,10775,1,12,12,5662009,4.3,A,91,Brokerage Listings,Enterprise (200+ agents),2026-08-16T20:54:04Z
CREAM-20260816-00099,Mary Martinez,Mary Martinez,Mary,Martinez,mary_martinez@outlook.com,(714) 284-2181,Russell Lyon Sotheby's,Russell Lyon Sotheby's,Phoenix,Phoenix,AZ,85870,4,19,19,9889625,3.5,A,76,Facebook,Independent,2026-08-16T07:47:01Z
CREAM-20260816-00100,Laura Robinson,Laura Robinson,Laura,Robinson,laura.robinson@me.com,(310) 936-4110,Keller Williams Realty,Keller Williams Realty,San Jose,San Jose,CA,94275,11,39,39,32773194,4.7,A,66,Trade Show,Independent,2026-08-16T22:58:01Z
CREAM-20260816-00101,James Bennett,James Bennett,James,Bennett,jamesb@me.com,(404) 548-7709,Compass,Compass,Manhattan,Manhattan,NY,14426,8,27,27,22464100,4.1,A,79,LinkedIn,Large (51-200 agents),2026-08-16T19:33:31Z
CREAM-20260816-00102,Kevin Myers,Kevin Myers,Kevin,Myers,kevin.myers@gmail.com,(614) 421-9395,Russell Lyon Sotheby's,Russell Lyon Sotheby's,Phoenix,Phoenix,AZ,86315,19,64,64,29022810,4.7,A,97,Website Lead,Boutique (2-10 agents),2026-08-16T05:59:38Z
CREAM-20260816-00103,Martha Ross,Martha Ross,Martha,Ross,martha.ross@exprealty.com,(720) 292-4431,eXp Realty,eXp Realty,Tucson,Tucson,AZ,86347,25,47,47,17107373,3.6,A,87,NAR Directory,Mid-size (11-50 agents),2026-08-16T15:06:56Z
CREAM-20260816-00104,Alan Thompson,Alan Thompson,Alan,Thompson,athompson@outlook.com,(718) 376-2286,Century 21,Century 21,Jacksonville,Jacksonville,FL,33499,4,8,8,3382022,3.5,A,97,Facebook,Enterprise (200+ agents),2026-08-16T15:55:23Z
CREAM-20260816-00105,Martha Gutierrez,Martha Gutierrez,Martha,Gutierrez,mgutierrez@hotmail.com,(334) 898-2859,Keller Williams,Keller Williams,Tucson,Tucson,AZ,86846,5,10,10,5006643,3.7,A,86,Website Lead,Boutique (2-10 agents),2026-08-16T17:50:58Z
CREAM-20260816-00106,Daniel Gray,Daniel Gray,Daniel,Gray,daniel.gray@re/max.com,(805) 548-3108,RE/MAX,RE/MAX,Cincinnati,Cincinnati,OH,43754,12,36,36,11541648,3.7,A,89,Facebook,Enterprise (200+ agents),2026-08-16T00:53:46Z
CREAM-20260816-00107,Jonathan Jenkins,Jonathan Jenkins,Jonathan,Jenkins,jjenkins@kellerwilliams.com,(214) 554-1499,Keller Williams,Keller Williams,Mesa,Mesa,AZ,85236,15,80,80,26967578,4.5,A,62,MLS Database,Mid-size (11-50 agents),2026-08-16T08:47:08Z
CREAM-20260816-00108,Martha Castillo,Martha Castillo,Martha,Castillo,marthac@re/max.com,(214) 236-4890,RE/MAX,RE/MAX,Denver,Denver,CO,80362,13,41,41,25875381,3.6,A,94,Realtor.com,Boutique (2-10 agents),2026-08-16T12:56:34Z
CREAM-20260816-00109,Samantha Lopez,Samantha Lopez,Samantha,Lopez,samantha_lopez@hotmail.com,(407) 383-5339,Coldwell Banker,Coldwell Banker,Scottsdale,Scottsdale,AZ,85177,16,63,63,27844489,4.9,A,75,Trade Show,Boutique (2-10 agents),2026-08-16T07:04:41Z
CREAM-20260816-00110,Charles Moore,Charles Moore,Charles,Moore,cmoore@gmail.com,(404) 561-6500,Coldwell Banker,Coldwell Banker,Charlotte,Charlotte,NC,27648,17,73,73,27347962,3.1,A,71,Trade Show,Boutique (2-10 agents),2026-08-16T10:19:42Z
CREAM-20260816-00111,Amanda Chavez,Amanda Chavez,Amanda,Chavez,amandac@me.com,(256) 812-4171,Sotheby's International,Sotheby's International,San Jose,San Jose,CA,91891,0,5,5,3507531,3.8,A,77,Cold Outreach,Boutique (2-10 agents),2026-08-16T19:30:36Z
CREAM-20260816-00112,Elizabeth Ramos,Elizabeth Ramos,Elizabeth,Ramos,eramos@hotmail.com,(602) 250-3400,Nest Seekers,Nest Seekers,New York City,New York City,NY,14221,13,48,48,39392936,4.1,A,85,Trade Show,Large (51-200 agents),2026-08-16T19:40:31Z
CREAM-20260816-00113,David Taylor,David Taylor,David,Taylor,davidt@outlook.com,(602) 732-9181,8z Real Estate,8z Real Estate,Denver,Denver,CO,81364,11,57,57,34187542,4.4,A,87,NAR Directory,Mid-size (11-50 agents),2026-08-16T03:43:00Z
CREAM-20260816-00114,Stephanie Gomez,Stephanie Gomez,Stephanie,Gomez,sgomez@kellerwilliams.com,(805) 285-4090,Keller Williams,Keller Williams,Cleveland,Cleveland,OH,44970,4,15,15,3114273,4.1,A,60,Facebook,Independent,2026-08-16T12:17:29Z
CREAM-20260816-00115,Barbara Coleman,Barbara Coleman,Barbara,Coleman,barbaracoleman@outlook.com,(334) 437-7614,RE/MAX,RE/MAX,Colorado Springs,Colorado Springs,CO,80966,2,4,4,1721411,3.2,A,67,Facebook,Independent,2026-08-16T13:21:51Z
CREAM-20260816-00116,Megan Watson,Megan Watson,Megan,Watson,mwatson@aol.com,(929) 882-5809,Coldwell Banker,Coldwell Banker,Cleveland,Cleveland,OH,43675,4,15,15,4846202,4.9,A,96,Facebook,Independent,2026-08-16T15:34:05Z
CREAM-20260816-00117,Alan Martin,Alan Martin,Alan,Martin,alan_martin@icloud.com,(513) 520-4221,Keller Williams Realty,Keller Williams Realty,Fort Lauderdale,Fort Lauderdale,FL,33214,9,18,18,7818620,3.5,A,86,Trade Show,Enterprise (200+ agents),2026-08-16T02:52:23Z
CREAM-20260816-00118,Ashley Gomez,Ashley Gomez,Ashley,Gomez,ashleyg@compass.com,(713) 830-7856,Compass,Compass,Orlando,Orlando,FL,32163,12,56,56,24443739,3.7,A,60,Realtor.com,Mid-size (11-50 agents),2026-08-16T12:34:59Z
CREAM-20260816-00119,William Torres,William Torres,William,Torres,william.torres@exprealty.com,(919) 206-2086,eXp Realty,eXp Realty,Greensboro,Greensboro,NC,28779,0,3,3,801194,3.5,A,88,Facebook,Large (51-200 agents),2026-08-16T18:12:16Z
CREAM-20260816-00120,Louis Perry,Louis Perry,Louis,Perry,louis_perry@aol.com,(334) 443-9915,Keller Williams,Keller Williams,Bronx,Bronx,NY,12756,5,22,22,17954092,4.8,A,61,Realtor.com,Mid-size (11-50 agents),2026-08-16T00:16:06Z
CREAM-20260816-00121,Eric Edwards,Eric Edwards,Eric,Edwards,erice@berkshirehathaway.com,(234) 410-9477,Berkshire Hathaway,Berkshire Hathaway,Miami,Miami,FL,32378,4,25,25,8314525,4.0,A,91,Trade Show,Boutique (2-10 agents),2026-08-16T11:08:48Z
CREAM-20260816-00122,Albert Howard,Albert Howard,Albert,Howard,ahoward@aol.com,(713) 873-6501,RE/MAX,RE/MAX,Austin,Austin,TX,75958,1,12,12,4189941,3.6,A,64,Realtor.com,Large (51-200 agents),2026-08-16T23:45:15Z
CREAM-20260816-00123,Samantha Green,Samantha Green,Samantha,Green,samantha.green@berkshirehathaway.com,(334) 216-7493,Berkshire Hathaway,Berkshire Hathaway,St. Petersburg,St. Petersburg,FL,32433,10,80,80,43082651,4.7,A,95,Cold Outreach,Mid-size (11-50 agents),2026-08-16T14:30:12Z
CREAM-20260816-00124,Ryan Cox,Ryan Cox,Ryan,Cox,ryanc@8zrealestate.com,(212) 388-6299,8z Real Estate,8z Real Estate,Denver,Denver,CO,81166,0,4,4,2348639,3.4,A,97,Brokerage Listings,Mid-size (11-50 agents),2026-08-16T20:11:15Z
CREAM-20260816-00125,Benjamin Rogers,Benjamin Rogers,Benjamin,Rogers,benjamin.rogers@exprealty.com,(704) 630-3986,eXp Realty,eXp Realty,Columbus,Columbus,OH,44355,3,14,14,3881666,4.3,A,83,Trade Show,Enterprise (200+ agents),2026-08-16T21:09:49Z
CREAM-20260816-00126,Brandon Ward,Brandon Ward,Brandon,Ward,bward@icloud.com,(929) 449-2970,eXp Realty,eXp Realty,Jacksonville,Jacksonville,FL,32873,1,8,8,3822022,3.4,A,86,Referral Network,Mid-size (11-50 agents),2026-08-16T15:53:44Z
CREAM-20260816-00127,Gregory James,Gregory James,Gregory,James,gregory.james@coldwellbanker.com,(929) 325-2290,Coldwell Banker,Coldwell Banker,Tucson,Tucson,AZ,85874,12,61,61,26887698,4.2,A,69,Trade Show,Independent,2026-08-16T03:57:05Z
CREAM-20260816-00128,Susan Myers,Susan Myers,Susan,Myers,susanm@exprealty.com,(512) 817-3660,eXp Realty,eXp Realty,Cincinnati,Cincinnati,OH,45483,3,18,18,3754436,3.5,A,81,Referral Network,Large (51-200 agents),2026-08-16T00:45:49Z
CREAM-20260816-00129,Patrick Gonzalez,Patrick Gonzalez,Patrick,Gonzalez,pgonzalez@yahoo.com,(303) 910-1491,Sotheby's International,Sotheby's International,Sacramento,Sacramento,CA,92431,16,38,38,34987181,4.4,A,81,Realtor.com,Enterprise (200+ agents),2026-08-16T02:08:56Z
CREAM-20260816-00130,Lisa Evans,Lisa Evans,Lisa,Evans,lisae@yahoo.com,(972) 659-7953,Keller Williams,Keller Williams,Denver,Denver,CO,81863,3,11,11,4550541,3.3,A,63,Trade Show,Large (51-200 agents),2026-08-16T05:14:09Z
CREAM-20260816-00131,Heather Long,Heather Long,Heather,Long,heatherl@hotmail.com,(404) 301-4943,eXp Realty,eXp Realty,Columbus,Columbus,OH,45983,15,32,32,5604678,4.0,A,88,Referral Network,Boutique (2-10 agents),2026-08-16T05:19:07Z
CREAM-20260816-00132,Amy Gray,Amy Gray,Amy,Gray,amy.gray@hotmail.com,(704) 936-6844,Cutler Real Estate,Cutler Real Estate,Columbus,Columbus,OH,43392,8,27,27,6045200,3.4,A,93,Cold Outreach,Boutique (2-10 agents),2026-08-16T19:31:13Z
CREAM-20260816-00133,Angela Reyes,Angela Reyes,Angela,Reyes,areyes@yahoo.com,(512) 586-7055,Compass,Compass,Orlando,Orlando,FL,33112,13,44,44,22841904,3.6,A,96,Referral Network,Mid-size (11-50 agents),2026-08-16T02:22:38Z
CREAM-20260816-00134,Peter Rivera,Peter Rivera,Peter,Rivera,peterr@outlook.com,(305) 220-1428,Keller Williams,Keller Williams,Cincinnati,Cincinnati,OH,45327,4,20,20,5474895,4.3,A,92,Website Lead,Mid-size (11-50 agents),2026-08-16T21:17:54Z
CREAM-20260816-00135,Brian Fisher,Brian Fisher,Brian,Fisher,bfisher@berkshirehathawayhomeservices.com,(334) 266-7136,Berkshire Hathaway HomeServices,Berkshire Hathaway HomeServices,San Jose,San Jose,CA,94298,16,50,50,51589182,3.9,A,77,Cold Outreach,Enterprise (200+ agents),2026-08-16T05:58:39Z
CREAM-20260816-00136,Richard Moore,Richard Moore,Richard,Moore,richard.moore@briggsfreemansothebys.com,(786) 920-3352,Briggs Freeman Sotheby's,Briggs Freeman Sotheby's,Austin,Austin,TX,79661,2,11,11,4848185,4.7,A,89,Brokerage Listings,Mid-size (11-50 agents),2026-08-16T09:15:49Z
CREAM-20260816-00137,Stephanie Young,Stephanie Young,Stephanie,Young,stephanie.young@yahoo.com,(714) 665-6586,RE/MAX,RE/MAX,Oakland,Oakland,CA,94531,3,19,19,20384387,4.0,A,80,LinkedIn,Enterprise (200+ agents),2026-08-16T06:38:15Z
CREAM-20260816-00138,Barbara Jackson,Barbara Jackson,Barbara,Jackson,barbara_jackson@yahoo.com,(646) 680-2823,Coldwell Banker,Coldwell Banker,Los Angeles,Los Angeles,CA,95501,1,4,4,2703662,3.2,A,86,Facebook,Boutique (2-10 agents),2026-08-16T00:44:03Z
CREAM-20260816-00139,Olivia Roberts,Olivia Roberts,Olivia,Roberts,oliviaroberts@aol.com,(334) 371-4250,Keller Williams Realty,Keller Williams Realty,Long Beach,Long Beach,CA,95752,2,3,3,2994414,3.2,A,70,Facebook,Large (51-200 agents),2026-08-16T20:46:19Z
CREAM-20260816-00140,Victoria Roberts,Victoria Roberts,Victoria,Roberts,victoriar@icloud.com,(234) 475-8825,Compass,Compass,Raleigh,Raleigh,NC,28522,25,26,26,7263722,4.6,A,78,Trade Show,Large (51-200 agents),2026-08-16T19:33:52Z
CREAM-20260816-00141,Theresa Ward,Theresa Ward,Theresa,Ward,tward@hotmail.com,(714) 985-7008,Brown Harris Stevens,Brown Harris Stevens,Manhattan,Manhattan,NY,14473,19,27,27,13834379,4.6,A,66,Brokerage Listings,Independent,2026-08-16T18:55:11Z
CREAM-20260816-00142,Judith Campbell,Judith Campbell,Judith,Campbell,judithc@me.com,(256) 392-7564,Compass,Compass,Raleigh,Raleigh,NC,27252,1,7,7,3113772,4.9,A,99,Trade Show,Mid-size (11-50 agents),2026-08-16T14:24:35Z
CREAM-20260816-00143,Maria Lee,Maria Lee,Maria,Lee,marialee@gmail.com,(415) 395-3581,eXp Realty,eXp Realty,Raleigh,Raleigh,NC,28248,4,15,15,6687865,4.4,A,68,Referral Network,Independent,2026-08-16T06:55:22Z
CREAM-20260816-00144,Lauren Bailey,Lauren Bailey,Lauren,Bailey,laurenb@re/max.com,(704) 561-1161,RE/MAX,RE/MAX,Charlotte,Charlotte,NC,28117,9,23,23,5939778,3.9,A,79,MLS Database,Mid-size (11-50 agents),2026-08-16T22:41:09Z
CREAM-20260816-00145,Bruce Murphy,Bruce Murphy,Bruce,Murphy,bmurphy@yahoo.com,(786) 940-7582,Berkshire Hathaway,Berkshire Hathaway,Houston,Houston,TX,76421,0,0,0,0,3.9,A,62,MLS Database,Large (51-200 agents),2026-08-16T14:43:25Z
CREAM-20260816-00146,Kevin Long,Kevin Long,Kevin,Long,klong@icloud.com,(720) 460-9249,eXp Realty,eXp Realty,Orlando,Orlando,FL,32908,10,34,34,14689807,4.4,A,100,Trade Show,Mid-size (11-50 agents),2026-08-16T06:37:46Z
CREAM-20260816-00147,Ralph Long,Ralph Long,Ralph,Long,ralphl@kellerwilliams.com,(305) 251-9790,Keller Williams,Keller Williams,Raleigh,Raleigh,NC,28294,5,25,25,7155554,3.5,A,89,LinkedIn,Independent,2026-08-16T11:31:25Z
CREAM-20260816-00148,Carol Mitchell,Carol Mitchell,Carol,Mitchell,carolm@compass.com,(602) 787-3782,Compass,Compass,Manhattan,Manhattan,NY,10829,5,14,14,6768923,4.7,A,82,Brokerage Listings,Large (51-200 agents),2026-08-16T13:21:00Z
CREAM-20260816-00149,Carol Ramirez,Carol Ramirez,Carol,Ramirez,carol_ramirez@gmail.com,(407) 233-3156,eXp Realty,eXp Realty,Dallas,Dallas,TX,79759,20,66,66,17722714,3.7,A,61,NAR Directory,Independent,2026-08-16T23:27:32Z
CREAM-20260816-00150,Nicholas Phillips,Nicholas Phillips,Nicholas,Phillips,nicholas_phillips@icloud.com,(614) 590-8702,Berkshire Hathaway HomeServices,Berkshire Hathaway HomeServices,Sacramento,Sacramento,CA,90653,24,37,37,38061875,4.0,A,61,LinkedIn,Enterprise (200+ agents),2026-08-16T05:06:23Z
CREAM-20260816-00151,Lisa Young,Lisa Young,Lisa,Young,lisa_young@icloud.com,(310) 392-9121,Keller Williams,Keller Williams,Cleveland,Cleveland,OH,44643,25,34,34,6923790,4.5,A,63,Brokerage Listings,Enterprise (200+ agents),2026-08-16T01:53:46Z
CREAM-20260816-00152,Brittany Reyes,Brittany Reyes,Brittany,Reyes,brittanyr@kellerwilliams.com,(212) 941-4722,Keller Williams,Keller Williams,Queens,Queens,NY,11661,18,48,48,31702197,3.2,A,99,Brokerage Listings,Independent,2026-08-16T09:31:49Z
CREAM-20260816-00153,Juan Howard,Juan Howard,Juan,Howard,juan.howard@gmail.com,(212) 570-8135,Berkshire Hathaway,Berkshire Hathaway,Raleigh,Raleigh,NC,28635,4,10,10,2818925,4.4,A,63,Realtor.com,Enterprise (200+ agents),2026-08-16T08:23:17Z
CREAM-20260816-00154,Jonathan Allen,Jonathan Allen,Jonathan,Allen,jonathan.allen@exprealty.com,(407) 752-1017,eXp Realty,eXp Realty,Sacramento,Sacramento,CA,94944,14,61,61,55554737,3.0,A,67,Referral Network,Enterprise (200+ agents),2026-08-16T20:35:57Z
CREAM-20260816-00155,Rebecca Sanchez,Rebecca Sanchez,Rebecca,Sanchez,rebeccas@re/max.com,(404) 662-4447,RE/MAX,RE/MAX,Charlotte,Charlotte,NC,27133,1,8,8,2212347,3.2,A,99,NAR Directory,Independent,2026-08-16T22:56:47Z
CREAM-20260816-00156,Peter Powell,Peter Powell,Peter,Powell,peter_powell@yahoo.com,(310) 437-9035,Compass,Compass,Los Angeles,Los Angeles,CA,92762,2,7,7,4768684,3.9,A,91,Referral Network,Enterprise (200+ agents),2026-08-16T04:23:02Z
CREAM-20260816-00157,Matthew Green,Matthew Green,Matthew,Green,matthew.green@kellerwilliams.com,(305) 491-7032,Keller Williams,Keller Williams,Aurora,Aurora,CO,81547,14,51,51,23983510,4.2,A,68,Brokerage Listings,Enterprise (200+ agents),2026-08-16T23:53:32Z
CREAM-20260816-00158,Richard Evans,Richard Evans,Richard,Evans,richardevans@gmail.com,(916) 700-2723,Keller Williams,Keller Williams,Cleveland,Cleveland,OH,43519,20,52,52,15965966,3.5,A,81,Trade Show,Boutique (2-10 agents),2026-08-16T06:42:24Z
CREAM-20260816-00159,Richard Evans,Richard Evans,Richard,Evans,revans@aol.com,(786) 282-7332,Compass,Compass,Aurora,Aurora,CO,81398,0,3,3,1474919,3.2,A,88,Website Lead,Mid-size (11-50 agents),2026-08-16T22:59:36Z
CREAM-20260816-00160,Richard Ramos,Richard Ramos,Richard,Ramos,rramos@aol.com,(303) 338-5862,HomeSmart,HomeSmart,Mesa,Mesa,AZ,86231,5,22,22,6369513,3.3,A,86,Referral Network,Boutique (2-10 agents),2026-08-16T03:32:16Z
CREAM-20260816-00161,Justin Turner,Justin Turner,Justin,Turner,jturner@aol.com,(334) 819-8570,Keller Williams Realty,Keller Williams Realty,San Diego,San Diego,CA,92592,12,46,46,40496056,3.9,A,79,Realtor.com,Enterprise (200+ agents),2026-08-16T16:03:04Z
CREAM-20260816-00162,Jonathan Adams,Jonathan Adams,Jonathan,Adams,jadams@icloud.com,(614) 362-7477,Briggs Freeman Sotheby's,Briggs Freeman Sotheby's,Austin,Austin,TX,79948,10,55,55,20759918,3.6,A,68,MLS Database,Independent,2026-08-16T02:19:53Z
CREAM-20260816-00163,Carl Ward,Carl Ward,Carl,Ward,cward@brownharrisstevens.com,(805) 259-4322,Brown Harris Stevens,Brown Harris Stevens,Manhattan,Manhattan,NY,12315,0,3,3,1527447,3.7,A,82,NAR Directory,Independent,2026-08-16T09:49:59Z
CREAM-20260816-00164,Natalie Morales,Natalie Morales,Natalie,Morales,nmorales@russelllyonsothebys.com,(919) 486-8893,Russell Lyon Sotheby's,Russell Lyon Sotheby's,Tucson,Tucson,AZ,85615,11,78,78,32072954,3.9,A,63,Cold Outreach,Mid-size (11-50 agents),2026-08-16T08:06:54Z
CREAM-20260816-00165,Gloria Kelly,Gloria Kelly,Gloria,Kelly,gloria.kelly@me.com,(334) 651-2723,Sotheby's International,Sotheby's International,Brooklyn,Brooklyn,NY,12956,2,10,10,6993507,4.1,A,93,Website Lead,Large (51-200 agents),2026-08-16T18:50:08Z
CREAM-20260816-00166,Deborah Powell,Deborah Powell,Deborah,Powell,dpowell@gmail.com,(919) 252-2455,Keller Williams,Keller Williams,Greensboro,Greensboro,NC,27437,19,62,62,22428915,3.4,A,68,Trade Show,Large (51-200 agents),2026-08-16T17:54:03Z
CREAM-20260816-00167,Richard Stewart,Richard Stewart,Richard,Stewart,rstewart@cutlerrealestate.com,(256) 541-6589,Cutler Real Estate,Cutler Real Estate,Cleveland,Cleveland,OH,44238,14,67,67,20775497,3.7,A,90,Website Lead,Boutique (2-10 agents),2026-08-16T18:34:19Z
CREAM-20260816-00168,Joshua Cruz,Joshua Cruz,Joshua,Cruz,joshuacruz@icloud.com,(305) 538-9613,Compass,Compass,New York City,New York City,NY,14433,24,42,42,20896725,4.3,A,98,NAR Directory,Boutique (2-10 agents),2026-08-16T01:13:14Z
CREAM-20260816-00169,Joshua Hernandez,Joshua Hernandez,Joshua,Hernandez,joshua.hernandez@me.com,(303) 870-7037,Corcoran Group,Corcoran Group,Queens,Queens,NY,10387,13,60,60,38698969,4.1,A,99,Cold Outreach,Large (51-200 agents),2026-08-16T18:20:32Z
CREAM-20260816-00170,Heather Nelson,Heather Nelson,Heather,Nelson,heather_nelson@aol.com,(407) 945-9327,Keller Williams,Keller Williams,Tucson,Tucson,AZ,85952,4,22,22,11053617,3.3,A,75,LinkedIn,Enterprise (200+ agents),2026-08-16T15:06:56Z
CREAM-20260816-00171,Christopher Cook,Christopher Cook,Christopher,Cook,christophercook@gmail.com,(212) 448-3689,Long Realty,Long Realty,Scottsdale,Scottsdale,AZ,86936,5,11,11,3962979,3.0,A,96,Cold Outreach,Mid-size (11-50 agents),2026-08-16T11:40:48Z
CREAM-20260816-00172,Mark Robinson,Mark Robinson,Mark,Robinson,mrobinson@coldwellbanker.com,(234) 323-5758,Coldwell Banker,Coldwell Banker,Raleigh,Raleigh,NC,27843,4,9,9,3265002,4.8,A,65,Facebook,Large (51-200 agents),2026-08-16T10:43:54Z
CREAM-20260816-00173,Katherine Parker,Katherine Parker,Katherine,Parker,katherinep@century21.com,(214) 825-8261,Century 21,Century 21,Miami,Miami,FL,33525,8,28,28,12788121,4.9,A,91,Cold Outreach,Boutique (2-10 agents),2026-08-16T22:51:53Z
CREAM-20260816-00174,Emily Reed,Emily Reed,Emily,Reed,emilyreed@aol.com,(614) 636-2034,LIV Sotheby's,LIV Sotheby's,Aurora,Aurora,CO,80212,19,31,31,18094481,4.8,A,84,Brokerage Listings,Independent,2026-08-16T15:05:29Z
CREAM-20260816-00175,Diane Morris,Diane Morris,Diane,Morris,dmorris@re/max.com,(704) 854-7891,RE/MAX,RE/MAX,Fort Lauderdale,Fort Lauderdale,FL,32775,3,23,23,10737763,4.6,A,96,Website Lead,Large (51-200 agents),2026-08-16T07:48:34Z
CREAM-20260816-00176,Walter Perry,Walter Perry,Walter,Perry,walter_perry@me.com,(469) 444-3849,RE/MAX,RE/MAX,Cleveland,Cleveland,OH,43559,22,40,40,10739914,3.7,A,74,Facebook,Mid-size (11-50 agents),2026-08-16T23:10:36Z
CREAM-20260816-00177,Tyler Walker,Tyler Walker,Tyler,Walker,tylerw@nestseekers.com,(714) 534-8242,Nest Seekers,Nest Seekers,New York City,New York City,NY,12556,5,25,25,19228067,4.3,A,93,Cold Outreach,Mid-size (11-50 agents),2026-08-16T14:50:18Z
CREAM-20260816-00178,Christine Kim,Christine Kim,Christine,Kim,christine.kim@berkshirehathaway.com,(512) 558-1065,Berkshire Hathaway,Berkshire Hathaway,Denver,Denver,CO,80370,5,24,24,13751500,3.3,A,73,Cold Outreach,Enterprise (200+ agents),2026-08-16T16:08:11Z
CREAM-20260816-00179,Catherine Jones,Catherine Jones,Catherine,Jones,cjones@gmail.com,(512) 945-8901,Compass,Compass,Bronx,Bronx,NY,14595,9,36,36,25930587,3.5,A,95,Website Lead,Enterprise (200+ agents),2026-08-16T15:35:48Z
CREAM-20260816-00180,Charles Chavez,Charles Chavez,Charles,Chavez,cchavez@me.com,(334) 750-4234,Keller Williams,Keller Williams,Mesa,Mesa,AZ,85989,7,19,19,8210704,3.3,A,77,Realtor.com,Large (51-200 agents),2026-08-16T03:25:04Z
CREAM-20260816-00181,Arthur Patel,Arthur Patel,Arthur,Patel,apatel@berkshirehathaway.com,(786) 583-7118,Berkshire Hathaway,Berkshire Hathaway,Phoenix,Phoenix,AZ,85773,4,13,13,5081780,3.9,A,68,NAR Directory,Mid-size (11-50 agents),2026-08-16T01:09:27Z
CREAM-20260816-00182,Helen Collins,Helen Collins,Helen,Collins,helen_collins@gmail.com,(407) 928-1388,Douglas Elliman,Douglas Elliman,Staten Island,Staten Island,NY,13979,3,20,20,16055332,3.3,A,69,Brokerage Listings,Enterprise (200+ agents),2026-08-16T10:01:15Z
CREAM-20260816-00183,Charles Morgan,Charles Morgan,Charles,Morgan,charlesm@aol.com,(415) 629-2099,Keller Williams,Keller Williams,New York City,New York City,NY,13533,1,12,12,5567777,4.5,A,70,Realtor.com,Large (51-200 agents),2026-08-16T18:30:07Z
CREAM-20260816-00184,Deborah Gutierrez,Deborah Gutierrez,Deborah,Gutierrez,deborah.gutierrez@exprealty.com,(334) 730-5243,eXp Realty,eXp Realty,Orlando,Orlando,FL,32855,1,10,10,5134100,4.5,A,86,Realtor.com,Independent,2026-08-16T13:24:46Z
CREAM-20260816-00185,Samantha Allen,Samantha Allen,Samantha,Allen,sallen@kellerwilliamsrealty.com,(513) 338-5387,Keller Williams Realty,Keller Williams Realty,Miami,Miami,FL,33234,17,36,36,12559445,3.5,A,80,MLS Database,Large (51-200 agents),2026-08-16T02:36:08Z
CREAM-20260816-00186,Gregory Sullivan,Gregory Sullivan,Gregory,Sullivan,gregory.sullivan@aol.com,(310) 996-6906,Berkshire Hathaway,Berkshire Hathaway,Austin,Austin,TX,75185,6,23,23,6429909,3.1,A,63,NAR Directory,Independent,2026-08-16T15:58:06Z
CREAM-20260816-00187,Rebecca Anderson,Rebecca Anderson,Rebecca,Anderson,rebeccaa@outlook.com,(614) 371-9583,Long Realty,Long Realty,Tucson,Tucson,AZ,86610,5,9,9,2895261,3.9,A,84,Referral Network,Enterprise (200+ agents),2026-08-16T05:39:44Z
CREAM-20260816-00188,William Adams,William Adams,William,Adams,wadams@hotmail.com,(407) 328-7053,RE/MAX,RE/MAX,Columbus,Columbus,OH,45617,16,35,35,6173280,3.0,A,79,Realtor.com,Mid-size (11-50 agents),2026-08-16T09:27:44Z
CREAM-20260816-00189,Gloria Phillips,Gloria Phillips,Gloria,Phillips,gloriap@me.com,(305) 965-1242,LIV Sotheby's,LIV Sotheby's,Colorado Springs,Colorado Springs,CO,81141,4,24,24,11401695,3.8,A,66,LinkedIn,Enterprise (200+ agents),2026-08-16T00:38:45Z
CREAM-20260816-00190,Joseph Lopez,Joseph Lopez,Joseph,Lopez,joseph.lopez@hotmail.com,(256) 697-3124,Keller Williams,Keller Williams,Phoenix,Phoenix,AZ,85893,17,58,58,20397047,4.8,A,72,Website Lead,Boutique (2-10 agents),2026-08-16T08:33:16Z
CREAM-20260816-00191,John Powell,John Powell,John,Powell,john_powell@outlook.com,(718) 306-9078,Berkshire Hathaway,Berkshire Hathaway,Colorado Springs,Colorado Springs,CO,80353,5,13,13,6043690,3.2,A,72,Referral Network,Boutique (2-10 agents),2026-08-16T10:19:16Z
CREAM-20260816-00192,Jacob Hall,Jacob Hall,Jacob,Hall,jacob_hall@aol.com,(602) 809-2761,Compass,Compass,Denver,Denver,CO,81711,12,50,50,26684927,3.9,A,76,Cold Outreach,Independent,2026-08-16T15:44:14Z
CREAM-20260816-00193,Christine Allen,Christine Allen,Christine,Allen,christinea@yahoo.com,(646) 633-6172,Keller Williams,Keller Williams,San Antonio,San Antonio,TX,75813,4,17,17,7211064,3.7,A,87,Cold Outreach,Large (51-200 agents),2026-08-16T13:05:34Z
CREAM-20260816-00194,Jerry Wright,Jerry Wright,Jerry,Wright,jerrywright@icloud.com,(256) 833-5042,RE/MAX,RE/MAX,Austin,Austin,TX,79151,4,15,15,5986823,3.1,A,66,Cold Outreach,Boutique (2-10 agents),2026-08-16T03:28:44Z
CREAM-20260816-00195,Natalie Miller,Natalie Miller,Natalie,Miller,nataliem@century21.com,(310) 420-3615,Century 21,Century 21,Jacksonville,Jacksonville,FL,33228,5,9,9,2691774,3.9,A,80,Trade Show,Mid-size (11-50 agents),2026-08-16T09:47:31Z
CREAM-20260816-00196,Ashley Gomez,Ashley Gomez,Ashley,Gomez,ashleygomez@outlook.com,(714) 583-9398,Douglas Elliman,Douglas Elliman,Fort Lauderdale,Fort Lauderdale,FL,32344,0,0,0,0,4.2,A,79,Brokerage Listings,Large (51-200 agents),2026-08-16T22:00:25Z
CREAM-20260816-00197,John Wood,John Wood,John,Wood,john.wood@corcorangroup.com,(786) 994-4559,Corcoran Group,Corcoran Group,Brooklyn,Brooklyn,NY,12644,24,35,35,19011026,4.1,A,97,MLS Database,Enterprise (200+ agents),2026-08-16T15:26:15Z
CREAM-20260816-00198,Scott Peterson,Scott Peterson,Scott,Peterson,scottpeterson@hotmail.com,(212) 372-6524,Keller Williams,Keller Williams,Staten Island,Staten Island,NY,14776,3,11,11,5573752,4.3,A,69,LinkedIn,Boutique (2-10 agents),2026-08-16T21:40:04Z
CREAM-20260816-00199,Eric Edwards,Eric Edwards,Eric,Edwards,eric.edwards@hotmail.com,(334) 822-5483,Allen Tate,Allen Tate,Charlotte,Charlotte,NC,27267,2,9,9,3404422,3.7,A,68,LinkedIn,Enterprise (200+ agents),2026-08-16T06:10:46Z
CREAM-20260816-00200,Joseph Hall,Joseph Hall,Joseph,Hall,josephh@yahoo.com,(614) 773-7789,Howard Hanna,Howard Hanna,Greensboro,Greensboro,NC,27591,16,66,66,20490581,4.3,A,65,Trade Show,Boutique (2-10 agents),2026-08-16T09:49:02Z
CREAM-20260816-00201,Christopher Moore,Christopher Moore,Christopher,Moore,christophermoore@hotmail.com,(713) 535-1614,eXp Realty,eXp Realty,Cincinnati,Cincinnati,OH,45644,4,24,24,6862777,3.8,A,65,LinkedIn,Large (51-200 agents),2026-08-16T17:54:02Z
CREAM-20260816-00202,Aaron Campbell,Aaron Campbell,Aaron,Campbell,aaroncampbell@yahoo.com,(512) 890-3934,Coldwell Banker,Coldwell Banker,San Francisco,San Francisco,CA,90319,1,6,6,6117593,3.6,A,88,MLS Database,Independent,2026-08-16T05:07:10Z
CREAM-20260816-00203,Deborah Alvarez,Deborah Alvarez,Deborah,Alvarez,deborah_alvarez@gmail.com,(602) 539-4563,RE/MAX,RE/MAX,Sacramento,Sacramento,CA,92438,0,1,1,950272,4.0,A,62,LinkedIn,Mid-size (11-50 agents),2026-08-16T00:15:10Z
CREAM-20260816-00204,Lawrence Cook,Lawrence Cook,Lawrence,Cook,lawrence.cook@coldwellbanker.com,(714) 567-3296,Coldwell Banker,Coldwell Banker,Charlotte,Charlotte,NC,27165,12,73,73,25233825,4.2,A,91,Brokerage Listings,Independent,2026-08-16T16:10:50Z
CREAM-20260816-00205,Timothy Foster,Timothy Foster,Timothy,Foster,tfoster@briggsfreemansothebys.com,(972) 455-5184,Briggs Freeman Sotheby's,Briggs Freeman Sotheby's,Fort Worth,Fort Worth,TX,75843,0,5,5,2160300,3.7,A,74,Trade Show,Boutique (2-10 agents),2026-08-16T14:31:18Z
CREAM-20260816-00206,Linda Russell,Linda Russell,Linda,Russell,linda_russell@aol.com,(980) 377-9126,Corcoran Group,Corcoran Group,Brooklyn,Brooklyn,NY,12629,13,36,36,23458330,3.3,A,95,Realtor.com,Large (51-200 agents),2026-08-16T10:26:20Z
CREAM-20260816-00207,Philip Reed,Philip Reed,Philip,Reed,philip.reed@exprealty.com,(972) 532-5961,eXp Realty,eXp Realty,Cleveland,Cleveland,OH,45896,15,49,49,10569179,4.9,A,61,Website Lead,Mid-size (11-50 agents),2026-08-16T06:18:55Z
CREAM-20260816-00208,Victoria Hughes,Victoria Hughes,Victoria,Hughes,victoria_hughes@icloud.com,(512) 891-5317,RE/MAX,RE/MAX,Fort Lauderdale,Fort Lauderdale,FL,32933,24,49,49,23640638,3.1,A,91,NAR Directory,Mid-size (11-50 agents),2026-08-16T18:15:10Z
CREAM-20260816-00209,Victoria Young,Victoria Young,Victoria,Young,victoria_young@me.com,(407) 653-8719,Douglas Elliman,Douglas Elliman,Miami,Miami,FL,34535,7,22,22,10578689,4.6,A,63,Trade Show,Boutique (2-10 agents),2026-08-16T22:33:48Z
CREAM-20260816-00210,Rachel Diaz,Rachel Diaz,Rachel,Diaz,racheld@yahoo.com,(720) 890-8793,Berkshire Hathaway HomeServices,Berkshire Hathaway HomeServices,Los Angeles,Los Angeles,CA,94467,3,13,13,10409147,4.2,A,71,MLS Database,Mid-size (11-50 agents),2026-08-16T20:44:30Z
CREAM-20260816-00211,Sandra Hill,Sandra Hill,Sandra,Hill,sandrahill@outlook.com,(512) 619-8976,Keller Williams Realty,Keller Williams Realty,Fort Lauderdale,Fort Lauderdale,FL,34266,7,32,32,9922509,3.2,A,95,LinkedIn,Enterprise (200+ agents),2026-08-16T13:41:54Z
CREAM-20260816-00212,Justin Wright,Justin Wright,Justin,Wright,justin.wright@kellerwilliams.com,(334) 899-5410,Keller Williams,Keller Williams,San Antonio,San Antonio,TX,78611,1,4,4,997543,3.2,A,60,MLS Database,Independent,2026-08-16T01:41:36Z
CREAM-20260816-00213,Michelle Hill,Michelle Hill,Michelle,Hill,michelleh@hotmail.com,(234) 770-4743,Berkshire Hathaway,Berkshire Hathaway,Orlando,Orlando,FL,34965,4,9,9,3742464,4.0,A,94,MLS Database,Mid-size (11-50 agents),2026-08-16T12:35:50Z
CREAM-20260816-00214,Jeffrey Cook,Jeffrey Cook,Jeffrey,Cook,jeffreyc@gmail.com,(786) 691-5120,eXp Realty,eXp Realty,Colorado Springs,Colorado Springs,CO,80933,10,45,45,29758911,3.2,A,88,Facebook,Mid-size (11-50 agents),2026-08-16T14:53:50Z
CREAM-20260816-00215,Eugene Miller,Eugene Miller,Eugene,Miller,eugenem@berkshirehathaway.com,(646) 555-6698,Berkshire Hathaway,Berkshire Hathaway,Phoenix,Phoenix,AZ,86531,3,11,11,4976184,3.5,A,69,MLS Database,Enterprise (200+ agents),2026-08-16T18:36:48Z
CREAM-20260816-00216,Helen Alvarez,Helen Alvarez,Helen,Alvarez,helen.alvarez@douglaselliman.com,(415) 208-8191,Douglas Elliman,Douglas Elliman,Austin,Austin,TX,75665,14,71,71,25677565,4.4,A,69,Referral Network,Mid-size (11-50 agents),2026-08-16T20:53:47Z
CREAM-20260816-00217,Thomas Anderson,Thomas Anderson,Thomas,Anderson,thomas_anderson@me.com,(404) 473-4513,Coldwell Banker,Coldwell Banker,Raleigh,Raleigh,NC,27175,5,10,10,2936428,4.6,A,78,Cold Outreach,Mid-size (11-50 agents),2026-08-16T23:07:42Z
CREAM-20260816-00218,Jeffrey Russell,Jeffrey Russell,Jeffrey,Russell,jeffreyr@hotmail.com,(602) 333-4467,Coldwell Banker,Coldwell Banker,Columbus,Columbus,OH,44909,15,66,66,16253010,3.9,A,87,Facebook,Large (51-200 agents),2026-08-16T10:37:02Z
CREAM-20260816-00219,Amy Green,Amy Green,Amy,Green,amygreen@me.com,(720) 875-9690,Keller Williams,Keller Williams,Colorado Springs,Colorado Springs,CO,80424,3,24,24,11645895,3.3,A,92,Cold Outreach,Large (51-200 agents),2026-08-16T10:30:21Z
CREAM-20260816-00220,Timothy Ruiz,Timothy Ruiz,Timothy,Ruiz,truiz@icloud.com,(714) 863-8407,Coldwell Banker,Coldwell Banker,Colorado Springs,Colorado Springs,CO,80765,13,63,63,27415201,3.9,A,75,Referral Network,Boutique (2-10 agents),2026-08-16T02:27:07Z
CREAM-20260816-00221,Rose Sanchez,Rose Sanchez,Rose,Sanchez,roses@aol.com,(305) 240-9926,Coldwell Banker,Coldwell Banker,Houston,Houston,TX,79237,6,25,25,7370033,3.9,A,87,Facebook,Large (51-200 agents),2026-08-16T08:57:46Z
CREAM-20260816-00222,Karen Hernandez,Karen Hernandez,Karen,Hernandez,karenhernandez@outlook.com,(646) 452-8581,Keller Williams,Keller Williams,Dallas,Dallas,TX,79560,12,80,80,28368112,4.9,A,100,Trade Show,Mid-size (11-50 agents),2026-08-16T12:22:48Z
CREAM-20260816-00223,Andrew Evans,Andrew Evans,Andrew,Evans,andrew.evans@me.com,(786) 937-8127,Coldwell Banker,Coldwell Banker,Raleigh,Raleigh,NC,28558,21,49,49,21917333,5.0,A,99,MLS Database,Independent,2026-08-16T13:15:23Z
CREAM-20260816-00224,Brian Robinson,Brian Robinson,Brian,Robinson,brobinson@alliebethallman.com,(786) 369-4599,Allie Beth Allman,Allie Beth Allman,Austin,Austin,TX,77474,0,1,1,345721,4.1,A,86,MLS Database,Boutique (2-10 agents),2026-08-16T20:27:07Z
CREAM-20260816-00225,Brittany Wood,Brittany Wood,Brittany,Wood,bwood@aol.com,(718) 802-9750,Long Realty,Long Realty,Mesa,Mesa,AZ,86198,16,26,26,11371653,3.7,A,80,Trade Show,Boutique (2-10 agents),2026-08-16T19:07:41Z
CREAM-20260816-00226,Elizabeth Cox,Elizabeth Cox,Elizabeth,Cox,elizabethcox@aol.com,(614) 376-1896,RE/MAX,RE/MAX,Miami,Miami,FL,33605,3,12,12,4915677,3.7,A,74,LinkedIn,Boutique (2-10 agents),2026-08-16T10:46:17Z
CREAM-20260816-00227,Danielle Howard,Danielle Howard,Danielle,Howard,danielleh@hotmail.com,(512) 396-6621,Russell Lyon Sotheby's,Russell Lyon Sotheby's,Mesa,Mesa,AZ,85355,4,14,14,6274951,4.4,A,98,LinkedIn,Enterprise (200+ agents),2026-08-16T02:30:44Z
CREAM-20260816-00228,Gary Myers,Gary Myers,Gary,Myers,garymyers@hotmail.com,(310) 432-3040,RE/MAX,RE/MAX,Columbus,Columbus,OH,45989,11,44,44,8472704,3.7,A,83,Website Lead,Independent,2026-08-16T08:37:36Z
CREAM-20260816-00229,Charles Phillips,Charles Phillips,Charles,Phillips,charles.phillips@gmail.com,(310) 967-1993,Keller Williams,Keller Williams,Staten Island,Staten Island,NY,10401,3,8,8,6086386,3.2,A,73,Realtor.com,Independent,2026-08-16T11:21:29Z
CREAM-20260816-00230,Lisa Ruiz,Lisa Ruiz,Lisa,Ruiz,lruiz@exprealty.com,(614) 739-9237,eXp Realty,eXp Realty,El Paso,El Paso,TX,75633,5,8,8,3406209,4.3,A,87,Realtor.com,Boutique (2-10 agents),2026-08-16T11:58:58Z
CREAM-20260816-00231,Lauren Gonzalez,Lauren Gonzalez,Lauren,Gonzalez,laurengonzalez@yahoo.com,(704) 987-2465,Russell Lyon Sotheby's,Russell Lyon Sotheby's,Scottsdale,Scottsdale,AZ,85503,12,73,73,37913339,3.2,A,83,NAR Directory,Enterprise (200+ agents),2026-08-16T02:29:59Z
CREAM-20260816-00232,Heather Bennett,Heather Bennett,Heather,Bennett,heather_bennett@outlook.com,(212) 257-5556,Berkshire Hathaway,Berkshire Hathaway,Denver,Denver,CO,80493,15,37,37,20141645,4.8,A,92,LinkedIn,Independent,2026-08-16T01:22:19Z
CREAM-20260816-00233,Ralph Jenkins,Ralph Jenkins,Ralph,Jenkins,rjenkins@icloud.com,(646) 775-9321,Douglas Elliman,Douglas Elliman,Bronx,Bronx,NY,14889,1,8,8,4686855,4.4,A,96,LinkedIn,Large (51-200 agents),2026-08-16T09:15:08Z
CREAM-20260816-00234,Aaron Russell,Aaron Russell,Aaron,Russell,arussell@icloud.com,(469) 347-2804,Allen Tate,Allen Tate,Greensboro,Greensboro,NC,27917,8,29,29,10012992,5.0,A,86,Realtor.com,Large (51-200 agents),2026-08-16T18:07:51Z
CREAM-20260816-00235,Richard Lee,Richard Lee,Richard,Lee,richardlee@icloud.com,(415) 359-7496,Keller Williams,Keller Williams,Fort Worth,Fort Worth,TX,77741,2,12,12,3460826,3.3,A,90,Brokerage Listings,Large (51-200 agents),2026-08-16T23:03:20Z
CREAM-20260816-00236,Catherine Young,Catherine Young,Catherine,Young,cyoung@yahoo.com,(972) 649-4919,Halstead,Halstead,Brooklyn,Brooklyn,NY,14276,17,54,54,33757894,3.3,A,94,NAR Directory,Mid-size (11-50 agents),2026-08-16T23:25:02Z
CREAM-20260816-00237,Emma Hernandez,Emma Hernandez,Emma,Hernandez,emma_hernandez@gmail.com,(303) 697-6164,Coldwell Banker,Coldwell Banker,Cleveland,Cleveland,OH,45975,4,22,22,6362823,4.6,A,60,Referral Network,Large (51-200 agents),2026-08-16T06:28:18Z
CREAM-20260816-00238,Ruth Gomez,Ruth Gomez,Ruth,Gomez,ruth.gomez@allentate.com,(704) 587-5617,Allen Tate,Allen Tate,Raleigh,Raleigh,NC,27950,16,31,31,13248323,4.1,A,78,LinkedIn,Mid-size (11-50 agents),2026-08-16T14:54:18Z
CREAM-20260816-00239,Emma White,Emma White,Emma,White,ewhite@yahoo.com,(713) 309-1422,Allie Beth Allman,Allie Beth Allman,Austin,Austin,TX,75625,23,48,48,12341734,3.6,A,80,LinkedIn,Mid-size (11-50 agents),2026-08-16T16:36:19Z
CREAM-20260816-00240,Donald Foster,Donald Foster,Donald,Foster,donald_foster@aol.com,(407) 759-3382,Halstead,Halstead,Staten Island,Staten Island,NY,12870,2,7,7,4693885,4.5,A,100,LinkedIn,Independent,2026-08-16T06:57:23Z
CREAM-20260816-00241,Gary Clark,Gary Clark,Gary,Clark,gclark@hotmail.com,(513) 509-7111,Compass,Compass,Sacramento,Sacramento,CA,95643,2,3,3,2512514,3.9,A,99,MLS Database,Enterprise (200+ agents),2026-08-16T11:47:29Z
CREAM-20260816-00242,Brittany Roberts,Brittany Roberts,Brittany,Roberts,brittanyr@yahoo.com,(234) 370-7746,Compass,Compass,New York City,New York City,NY,10102,4,23,23,16505497,4.8,A,70,NAR Directory,Enterprise (200+ agents),2026-08-16T09:52:41Z
CREAM-20260816-00243,Benjamin Morgan,Benjamin Morgan,Benjamin,Morgan,benjaminm@hotmail.com,(404) 879-4231,Coldwell Banker,Coldwell Banker,Long Beach,Long Beach,CA,93148,4,8,8,5228325,4.5,A,94,Brokerage Listings,Independent,2026-08-16T14:00:52Z
CREAM-20260816-00244,Christopher King,Christopher King,Christopher,King,cking@kellerwilliams.com,(404) 532-6820,Keller Williams,Keller Williams,Staten Island,Staten Island,NY,13351,6,26,26,13905647,4.7,A,94,Website Lead,Independent,2026-08-16T09:30:57Z
CREAM-20260816-00245,Michael Carter,Michael Carter,Michael,Carter,mcarter@gmail.com,(256) 477-1129,eXp Realty,eXp Realty,Los Angeles,Los Angeles,CA,95376,20,33,33,21201263,3.2,A,76,Trade Show,Large (51-200 agents),2026-08-16T09:33:12Z
CREAM-20260816-00246,James Ross,James Ross,James,Ross,james.ross@douglaselliman.com,(646) 994-3071,Douglas Elliman,Douglas Elliman,Fort Lauderdale,Fort Lauderdale,FL,33879,1,6,6,2151079,3.4,A,63,NAR Directory,Enterprise (200+ agents),2026-08-16T02:07:04Z
CREAM-20260816-00247,Brenda James,Brenda James,Brenda,James,brendaj@hotmail.com,(718) 723-6638,RE/MAX,RE/MAX,Tampa,Tampa,FL,32603,23,80,80,39523535,3.1,A,82,Referral Network,Large (51-200 agents),2026-08-16T23:04:24Z
CREAM-20260816-00248,Mark Cook,Mark Cook,Mark,Cook,markcook@hotmail.com,(720) 897-5559,Coldwell Banker,Coldwell Banker,St. Petersburg,St. Petersburg,FL,33439,0,5,5,2459839,4.4,A,61,Cold Outreach,Large (51-200 agents),2026-08-16T07:23:21Z
CREAM-20260816-00249,Gloria Turner,Gloria Turner,Gloria,Turner,gloria_turner@yahoo.com,(310) 624-6490,eXp Realty,eXp Realty,San Diego,San Diego,CA,96305,5,19,19,12935676,4.6,A,60,Facebook,Independent,2026-08-16T21:31:51Z
CREAM-20260816-00250,Helen Martinez,Helen Martinez,Helen,Martinez,helen.martinez@me.com,(234) 805-9254,Keller Williams Realty,Keller Williams Realty,Sacramento,Sacramento,CA,94626,6,28,28,23848057,4.7,A,97,Referral Network,Mid-size (11-50 agents),2026-08-16T02:56:04Z
CREAM-20260816-00251,Kevin Sanders,Kevin Sanders,Kevin,Sanders,kevin.sanders@exprealty.com,(469) 691-5903,eXp Realty,eXp Realty,Aurora,Aurora,CO,81965,1,3,3,1741549,3.6,A,75,Facebook,Independent,2026-08-16T15:29:57Z
CREAM-20260816-00252,Patrick Jenkins,Patrick Jenkins,Patrick,Jenkins,patrick.jenkins@gmail.com,(720) 276-2189,Keller Williams,Keller Williams,Denver,Denver,CO,81653,5,9,9,4595518,4.9,A,76,Cold Outreach,Large (51-200 agents),2026-08-16T06:15:11Z
CREAM-20260816-00253,Natalie Wright,Natalie Wright,Natalie,Wright,nataliewright@gmail.com,(972) 693-7519,Keller Williams,Keller Williams,Scottsdale,Scottsdale,AZ,85862,12,35,35,12802952,4.8,A,83,Website Lead,Enterprise (200+ agents),2026-08-16T10:01:23Z
CREAM-20260816-00254,Keith Wood,Keith Wood,Keith,Wood,keithw@gmail.com,(404) 254-7765,Coldwell Banker,Coldwell Banker,Phoenix,Phoenix,AZ,85899,18,64,64,32305277,4.7,A,73,Facebook,Boutique (2-10 agents),2026-08-16T23:21:00Z
CREAM-20260816-00255,Kenneth Watson,Kenneth Watson,Kenneth,Watson,kennethw@exprealty.com,(469) 872-9787,eXp Realty,eXp Realty,Columbus,Columbus,OH,45915,12,70,70,19780471,3.9,A,90,Realtor.com,Enterprise (200+ agents),2026-08-16T08:57:11Z
CREAM-20260816-00256,William Sanchez,William Sanchez,William,Sanchez,william.sanchez@longrealty.com,(919) 695-1310,Long Realty,Long Realty,Phoenix,Phoenix,AZ,85753,21,70,70,24616004,4.0,A,86,Cold Outreach,Boutique (2-10 agents),2026-08-16T10:05:34Z
CREAM-20260816-00257,Amber Ross,Amber Ross,Amber,Ross,aross@aol.com,(720) 839-7106,Halstead,Halstead,Staten Island,Staten Island,NY,14468,2,8,8,4228081,4.7,A,76,NAR Directory,Large (51-200 agents),2026-08-16T06:02:40Z
CREAM-20260816-00258,Ruth Carter,Ruth Carter,Ruth,Carter,ruthc@hotmail.com,(972) 237-4306,Corcoran Group,Corcoran Group,New York City,New York City,NY,14531,4,20,20,15463563,4.9,A,77,Trade Show,Independent,2026-08-16T07:24:19Z
CREAM-20260816-00259,Laura Sanders,Laura Sanders,Laura,Sanders,laura.sanders@nestseekers.com,(303) 603-3782,Nest Seekers,Nest Seekers,Manhattan,Manhattan,NY,11129,4,19,19,9075525,3.0,A,93,Realtor.com,Independent,2026-08-16T00:43:13Z
CREAM-20260816-00260,Natalie Lewis,Natalie Lewis,Natalie,Lewis,natalie.lewis@exprealty.com,(805) 205-4601,eXp Realty,eXp Realty,Miami,Miami,FL,34208,8,22,22,11137752,3.6,A,60,Cold Outreach,Independent,2026-08-16T12:25:10Z
CREAM-20260816-00261,Larry Ruiz,Larry Ruiz,Larry,Ruiz,larryruiz@icloud.com,(512) 263-3536,Keller Williams,Keller Williams,Aurora,Aurora,CO,81442,9,40,40,20440958,3.9,A,65,Facebook,Mid-size (11-50 agents),2026-08-16T07:13:34Z
CREAM-20260816-00262,Danielle Cruz,Danielle Cruz,Danielle,Cruz,danielle.cruz@yahoo.com,(602) 833-4350,Douglas Elliman,Douglas Elliman,St. Petersburg,St. Petersburg,FL,34219,5,9,9,4268042,5.0,A,67,Facebook,Mid-size (11-50 agents),2026-08-16T15:44:49Z
CREAM-20260816-00263,Larry Baker,Larry Baker,Larry,Baker,larrybaker@outlook.com,(256) 802-1063,Compass,Compass,Greensboro,Greensboro,NC,28536,22,77,77,30118094,3.4,A,86,NAR Directory,Mid-size (11-50 agents),2026-08-16T13:16:39Z
CREAM-20260816-00264,Arthur Nelson,Arthur Nelson,Arthur,Nelson,arthur_nelson@me.com,(404) 491-3052,Keller Williams,Keller Williams,Mesa,Mesa,AZ,85567,3,9,9,4405902,4.5,A,76,Referral Network,Mid-size (11-50 agents),2026-08-16T05:59:07Z
CREAM-20260816-00265,Thomas Nguyen,Thomas Nguyen,Thomas,Nguyen,thomasn@alliebethallman.com,(303) 900-1284,Allie Beth Allman,Allie Beth Allman,Austin,Austin,TX,75901,0,3,3,1234914,3.1,A,60,LinkedIn,Enterprise (200+ agents),2026-08-16T06:28:21Z
CREAM-20260816-00266,Timothy Campbell,Timothy Campbell,Timothy,Campbell,tcampbell@exprealty.com,(256) 762-3586,eXp Realty,eXp Realty,Denver,Denver,CO,80479,20,60,60,27046074,4.8,A,77,Brokerage Listings,Boutique (2-10 agents),2026-08-16T10:26:52Z
CREAM-20260816-00267,Samantha Flores,Samantha Flores,Samantha,Flores,samantha.flores@icloud.com,(513) 369-5678,eXp Realty,eXp Realty,Los Angeles,Los Angeles,CA,95197,6,29,29,17923076,4.4,A,66,Realtor.com,Large (51-200 agents),2026-08-16T01:50:12Z
CREAM-20260816-00268,Jerry Fisher,Jerry Fisher,Jerry,Fisher,jerryf@compass.com,(212) 436-9446,Compass,Compass,Raleigh,Raleigh,NC,28403,4,17,17,4202929,4.2,A,98,Brokerage Listings,Mid-size (11-50 agents),2026-08-16T07:06:24Z
CREAM-20260816-00269,Jacqueline Hughes,Jacqueline Hughes,Jacqueline,Hughes,jacquelinehughes@gmail.com,(614) 899-7162,Russell Lyon Sotheby's,Russell Lyon Sotheby's,Mesa,Mesa,AZ,85251,4,12,12,4148296,3.1,A,92,Trade Show,Independent,2026-08-16T19:36:01Z
CREAM-20260816-00270,Susan Castillo,Susan Castillo,Susan,Castillo,susan.castillo@compass.com,(919) 422-1631,Compass,Compass,Raleigh,Raleigh,NC,28515,10,31,31,11982539,3.3,A,80,Brokerage Listings,Mid-size (11-50 agents),2026-08-16T02:39:42Z
CREAM-20260816-00271,Wayne Perry,Wayne Perry,Wayne,Perry,waynep@yahoo.com,(602) 372-3716,Howard Hanna,Howard Hanna,Charlotte,Charlotte,NC,28742,15,67,67,28271756,4.7,A,63,LinkedIn,Boutique (2-10 agents),2026-08-16T06:03:52Z
CREAM-20260816-00272,Eric Collins,Eric Collins,Eric,Collins,ecollins@briggsfreemansothebys.com,(713) 417-5150,Briggs Freeman Sotheby's,Briggs Freeman Sotheby's,Dallas,Dallas,TX,79505,4,16,16,4850805,4.7,A,71,Website Lead,Large (51-200 agents),2026-08-16T09:58:10Z
CREAM-20260816-00273,Nicholas Long,Nicholas Long,Nicholas,Long,nicholasl@exprealty.com,(512) 865-7445,eXp Realty,eXp Realty,Orlando,Orlando,FL,32127,5,24,24,9181612,4.1,A,91,Trade Show,Boutique (2-10 agents),2026-08-16T03:10:11Z
CREAM-20260816-00274,Donald Martinez,Donald Martinez,Donald,Martinez,donald.martinez@hotmail.com,(602) 270-5748,Sotheby's International,Sotheby's International,Los Angeles,Los Angeles,CA,92797,13,44,44,40160326,3.1,A,96,NAR Directory,Large (51-200 agents),2026-08-16T05:40:38Z
CREAM-20260816-00275,Joshua Ross,Joshua Ross,Joshua,Ross,joshuar@me.com,(602) 553-7017,Allen Tate,Allen Tate,Charlotte,Charlotte,NC,27557,3,14,14,4731710,4.1,A,60,Trade Show,Independent,2026-08-16T17:31:35Z
CREAM-20260816-00276,Samuel Davis,Samuel Davis,Samuel,Davis,sdavis@aol.com,(334) 216-3850,Compass,Compass,San Diego,San Diego,CA,91391,19,60,60,44635489,3.2,A,88,Website Lead,Boutique (2-10 agents),2026-08-16T11:33:49Z
CREAM-20260816-00277,Paul Phillips,Paul Phillips,Paul,Phillips,paul.phillips@re/max.com,(334) 875-5557,RE/MAX,RE/MAX,Tampa,Tampa,FL,32744,3,9,9,3094162,3.9,A,83,Referral Network,Mid-size (11-50 agents),2026-08-16T20:13:54Z
CREAM-20260816-00278,Paul White,Paul White,Paul,White,paulwhite@hotmail.com,(303) 954-8800,Keller Williams,Keller Williams,Colorado Springs,Colorado Springs,CO,80530,12,32,32,15609769,3.3,A,77,Facebook,Boutique (2-10 agents),2026-08-16T10:02:49Z
CREAM-20260816-00279,Timothy White,Timothy White,Timothy,White,timothywhite@yahoo.com,(713) 446-7615,Berkshire Hathaway,Berkshire Hathaway,Columbus,Columbus,OH,45322,2,8,8,2344175,4.2,A,71,Cold Outreach,Large (51-200 agents),2026-08-16T18:28:59Z
CREAM-20260816-00280,Tyler Campbell,Tyler Campbell,Tyler,Campbell,tcampbell@yahoo.com,(303) 455-9048,Sotheby's International,Sotheby's International,San Francisco,San Francisco,CA,90313,0,0,0,0,4.0,A,100,Cold Outreach,Enterprise (200+ agents),2026-08-16T09:14:04Z
CREAM-20260816-00281,Gregory Ramirez,Gregory Ramirez,Gregory,Ramirez,gregory.ramirez@exprealty.com,(714) 678-5127,eXp Realty,eXp Realty,Greensboro,Greensboro,NC,28715,22,58,58,18593064,3.3,A,80,Brokerage Listings,Mid-size (11-50 agents),2026-08-16T23:11:11Z
CREAM-20260816-00282,Dorothy Price,Dorothy Price,Dorothy,Price,dprice@yahoo.com,(972) 233-4793,Allen Tate,Allen Tate,Raleigh,Raleigh,NC,28912,14,48,48,20585440,3.2,A,61,Website Lead,Enterprise (200+ agents),2026-08-16T20:48:27Z
CREAM-20260816-00283,Jessica Peterson,Jessica Peterson,Jessica,Peterson,jessicap@aol.com,(305) 856-6495,RE/MAX,RE/MAX,Greensboro,Greensboro,NC,27289,14,45,45,17142957,3.3,A,61,MLS Database,Boutique (2-10 agents),2026-08-16T11:06:23Z
CREAM-20260816-00284,Joshua Diaz,Joshua Diaz,Joshua,Diaz,joshuadiaz@outlook.com,(234) 386-6902,Berkshire Hathaway HomeServices,Berkshire Hathaway HomeServices,Sacramento,Sacramento,CA,95111,0,1,1,670998,3.1,A,74,NAR Directory,Boutique (2-10 agents),2026-08-16T06:24:22Z
CREAM-20260816-00285,Walter Watson,Walter Watson,Walter,Watson,wwatson@icloud.com,(786) 702-4438,Douglas Elliman,Douglas Elliman,Miami,Miami,FL,32661,24,70,70,25677210,4.3,A,96,Referral Network,Large (51-200 agents),2026-08-16T23:12:19Z
CREAM-20260816-00286,James Bennett,James Bennett,James,Bennett,jbennett@outlook.com,(916) 307-9674,eXp Realty,eXp Realty,Charlotte,Charlotte,NC,27600,3,13,13,5403302,3.4,A,99,MLS Database,Independent,2026-08-16T23:30:40Z
CREAM-20260816-00287,Melissa Kim,Melissa Kim,Melissa,Kim,melissa_kim@gmail.com,(214) 614-4341,Berkshire Hathaway,Berkshire Hathaway,Phoenix,Phoenix,AZ,85804,3,25,25,8159757,4.0,A,70,Brokerage Listings,Mid-size (11-50 agents),2026-08-16T19:30:20Z
CREAM-20260816-00288,Robert Wilson,Robert Wilson,Robert,Wilson,robertwilson@me.com,(512) 224-9702,Keller Williams,Keller Williams,Greensboro,Greensboro,NC,27497,2,7,7,2877558,3.1,A,89,Trade Show,Boutique (2-10 agents),2026-08-16T17:22:30Z
CREAM-20260816-00289,Steven Myers,Steven Myers,Steven,Myers,smyers@gmail.com,(916) 286-4672,Compass,Compass,Jacksonville,Jacksonville,FL,34117,3,24,24,12356914,3.3,A,62,Referral Network,Enterprise (200+ agents),2026-08-16T06:37:54Z
CREAM-20260816-00290,Shirley Alvarez,Shirley Alvarez,Shirley,Alvarez,shirleyalvarez@aol.com,(212) 322-4384,Keller Williams,Keller Williams,Scottsdale,Scottsdale,AZ,86859,1,9,9,3428584,3.5,A,86,NAR Directory,Mid-size (11-50 agents),2026-08-16T17:06:27Z
CREAM-20260816-00291,Keith Moore,Keith Moore,Keith,Moore,keith.moore@russelllyonsothebys.com,(415) 465-9723,Russell Lyon Sotheby's,Russell Lyon Sotheby's,Mesa,Mesa,AZ,86954,7,33,33,17149279,4.3,A,86,Trade Show,Mid-size (11-50 agents),2026-08-16T23:47:33Z
CREAM-20260816-00292,Nicholas Davis,Nicholas Davis,Nicholas,Davis,ndavis@kellerwilliamsrealty.com,(256) 839-3294,Keller Williams Realty,Keller Williams Realty,Fort Lauderdale,Fort Lauderdale,FL,33226,22,38,38,15707120,4.3,A,73,Trade Show,Mid-size (11-50 agents),2026-08-16T21:32:29Z
CREAM-20260816-00293,Susan Harris,Susan Harris,Susan,Harris,sharris@kellerwilliamsrealty.com,(234) 709-6571,Keller Williams Realty,Keller Williams Realty,Tampa,Tampa,FL,33825,6,17,17,5920790,3.8,A,97,LinkedIn,Independent,2026-08-16T03:53:06Z
CREAM-20260816-00294,Mark Morgan,Mark Morgan,Mark,Morgan,mmorgan@yahoo.com,(919) 557-7723,RE/MAX,RE/MAX,Fort Lauderdale,Fort Lauderdale,FL,33590,22,45,45,15316030,4.3,A,68,MLS Database,Large (51-200 agents),2026-08-16T12:47:44Z
CREAM-20260816-00295,Brandon Campbell,Brandon Campbell,Brandon,Campbell,brandonc@compass.com,(310) 990-9276,Compass,Compass,Sacramento,Sacramento,CA,96221,1,3,3,2688470,4.3,A,89,NAR Directory,Boutique (2-10 agents),2026-08-16T22:26:49Z
CREAM-20260816-00296,Jeffrey Flores,Jeffrey Flores,Jeffrey,Flores,jeffrey_flores@icloud.com,(305) 201-2337,Corcoran Group,Corcoran Group,Manhattan,Manhattan,NY,10523,1,7,7,5656908,3.1,A,66,MLS Database,Enterprise (200+ agents),2026-08-16T23:53:38Z
CREAM-20260816-00297,Deborah Cox,Deborah Cox,Deborah,Cox,deborahc@outlook.com,(303) 895-5162,RE/MAX,RE/MAX,San Diego,San Diego,CA,91897,3,11,11,7731967,3.4,A,100,Website Lead,Boutique (2-10 agents),2026-08-16T03:40:19Z
CREAM-20260816-00298,Sarah Howard,Sarah Howard,Sarah,Howard,sarahh@outlook.com,(305) 781-2750,Coldwell Banker,Coldwell Banker,Cincinnati,Cincinnati,OH,43210,3,16,16,5133801,4.8,A,96,LinkedIn,Boutique (2-10 agents),2026-08-16T14:16:31Z
CREAM-20260816-00299,Andrew Nguyen,Andrew Nguyen,Andrew,Nguyen,andrew.nguyen@douglaselliman.com,(305) 911-4614,Douglas Elliman,Douglas Elliman,St. Petersburg,St. Petersburg,FL,32297,20,54,54,16088366,3.8,A,91,Facebook,Mid-size (11-50 agents),2026-08-16T02:49:56Z
CREAM-20260816-00300,Patrick Stewart,Patrick Stewart,Patrick,Stewart,patrick_stewart@gmail.com,(805) 424-9437,Douglas Elliman,Douglas Elliman,Miami,Miami,FL,33743,16,42,42,15588190,3.5,A,73,MLS Database,Large (51-200 agents),2026-08-16T17:37:43Z
CREAM-20260816-00301,Barbara Castillo,Barbara Castillo,Barbara,Castillo,barbara.castillo@me.com,(720) 450-5023,Keller Williams,Keller Williams,Denver,Denver,CO,80276,3,14,14,6504320,4.8,A,83,Referral Network,Mid-size (11-50 agents),2026-08-16T16:50:24Z
CREAM-20260816-00302,Tyler Morgan,Tyler Morgan,Tyler,Morgan,tyler_morgan@icloud.com,(256) 760-5933,Berkshire Hathaway,Berkshire Hathaway,Mesa,Mesa,AZ,85877,1,12,12,4057296,3.1,A,75,Facebook,Large (51-200 agents),2026-08-16T23:27:58Z
CREAM-20260816-00303,Aaron Wilson,Aaron Wilson,Aaron,Wilson,aaron.wilson@gmail.com,(614) 988-5558,LIV Sotheby's,LIV Sotheby's,Denver,Denver,CO,80191,14,53,53,28593898,3.9,A,79,Website Lead,Large (51-200 agents),2026-08-16T13:42:19Z
CREAM-20260816-00304,Kathleen Kelly,Kathleen Kelly,Kathleen,Kelly,kathleenk@homesmart.com,(256) 287-8480,HomeSmart,HomeSmart,Tucson,Tucson,AZ,85858,0,4,4,1423740,4.7,A,99,Realtor.com,Boutique (2-10 agents),2026-08-16T01:21:18Z
CREAM-20260816-00305,Theresa Wilson,Theresa Wilson,Theresa,Wilson,theresa.wilson@icloud.com,(310) 646-2719,RE/MAX,RE/MAX,Colorado Springs,Colorado Springs,CO,81344,0,5,5,2095984,4.4,A,89,Facebook,Mid-size (11-50 agents),2026-08-16T16:37:05Z
CREAM-20260816-00306,Brian Lee,Brian Lee,Brian,Lee,brian_lee@icloud.com,(805) 609-1995,Sotheby's International,Sotheby's International,Long Beach,Long Beach,CA,92520,20,26,26,16313660,3.4,A,61,LinkedIn,Enterprise (200+ agents),2026-08-16T15:11:45Z
CREAM-20260816-00307,Shirley Foster,Shirley Foster,Shirley,Foster,shirley.foster@icloud.com,(513) 465-7699,RE/MAX,RE/MAX,Orlando,Orlando,FL,33200,8,18,18,8785646,3.1,A,69,Trade Show,Boutique (2-10 agents),2026-08-16T22:30:53Z
CREAM-20260816-00308,Lisa Kelly,Lisa Kelly,Lisa,Kelly,lkelly@me.com,(929) 439-1735,Keller Williams Realty,Keller Williams Realty,Tampa,Tampa,FL,34877,16,69,69,33250168,4.1,A,82,NAR Directory,Independent,2026-08-16T10:14:40Z
CREAM-20260816-00309,Patrick Rodriguez,Patrick Rodriguez,Patrick,Rodriguez,prodriguez@icloud.com,(786) 557-9468,RE/MAX,RE/MAX,Fort Lauderdale,Fort Lauderdale,FL,32325,4,13,13,6371837,3.3,A,75,Brokerage Listings,Mid-size (11-50 agents),2026-08-16T17:15:11Z
CREAM-20260816-00310,Victoria Ward,Victoria Ward,Victoria,Ward,victoria.ward@me.com,(602) 879-7336,Berkshire Hathaway,Berkshire Hathaway,Phoenix,Phoenix,AZ,85130,21,54,54,27337132,3.1,A,62,Trade Show,Mid-size (11-50 agents),2026-08-16T14:12:10Z
CREAM-20260816-00311,George Ramos,George Ramos,George,Ramos,george.ramos@homesmart.com,(786) 651-8301,HomeSmart,HomeSmart,Tucson,Tucson,AZ,85631,2,7,7,2767185,4.3,A,82,Realtor.com,Large (51-200 agents),2026-08-16T13:46:40Z
CREAM-20260816-00312,Jacqueline Gray,Jacqueline Gray,Jacqueline,Gray,jacquelineg@coldwellbanker.com,(602) 265-6758,Coldwell Banker,Coldwell Banker,Aurora,Aurora,CO,80993,5,14,14,7573170,4.0,A,93,Referral Network,Large (51-200 agents),2026-08-16T19:35:56Z
CREAM-20260816-00313,Kevin Allen,Kevin Allen,Kevin,Allen,kallen@exprealty.com,(713) 539-5650,eXp Realty,eXp Realty,Charlotte,Charlotte,NC,27880,0,2,2,677710,3.8,A,96,Brokerage Listings,Enterprise (200+ agents),2026-08-16T10:58:18Z
CREAM-20260816-00314,Jennifer Hughes,Jennifer Hughes,Jennifer,Hughes,jenniferh@gmail.com,(512) 795-8528,Douglas Elliman,Douglas Elliman,Staten Island,Staten Island,NY,11102,7,24,24,20217572,4.8,A,69,LinkedIn,Mid-size (11-50 agents),2026-08-16T13:55:59Z
CREAM-20260816-00315,Jacob Taylor,Jacob Taylor,Jacob,Taylor,jacob.taylor@gmail.com,(704) 527-7779,Compass,Compass,Charlotte,Charlotte,NC,27127,20,41,41,10484740,3.0,A,99,Website Lead,Mid-size (11-50 agents),2026-08-16T03:28:45Z
CREAM-20260816-00316,Lawrence Rivera,Lawrence Rivera,Lawrence,Rivera,lawrencer@sothebysinternational.com,(916) 857-5549,Sotheby's International,Sotheby's International,Long Beach,Long Beach,CA,95508,22,70,70,68096135,3.4,A,94,Brokerage Listings,Mid-size (11-50 agents),2026-08-16T06:09:57Z
CREAM-20260816-00317,Jessica Ross,Jessica Ross,Jessica,Ross,jross@hotmail.com,(303) 686-7789,Compass,Compass,San Francisco,San Francisco,CA,95751,14,51,51,34593793,3.3,A,95,Cold Outreach,Enterprise (200+ agents),2026-08-16T16:33:47Z
CREAM-20260816-00318,Roger Lewis,Roger Lewis,Roger,Lewis,rogerl@herrealtors.com,(614) 932-5275,HER Realtors,HER Realtors,Cleveland,Cleveland,OH,45486,21,51,51,13758209,3.3,A,82,NAR Directory,Independent,2026-08-16T06:27:10Z
CREAM-20260816-00319,Ryan Bailey,Ryan Bailey,Ryan,Bailey,ryanbailey@icloud.com,(713) 983-9779,RE/MAX,RE/MAX,Cincinnati,Cincinnati,OH,43764,3,15,15,4151420,4.8,A,85,Facebook,Large (51-200 agents),2026-08-16T16:26:53Z
CREAM-20260816-00320,Joseph Jackson,Joseph Jackson,Joseph,Jackson,joseph_jackson@icloud.com,(929) 314-6274,Brown Harris Stevens,Brown Harris Stevens,Staten Island,Staten Island,NY,10902,12,48,48,32098510,3.6,A,88,MLS Database,Boutique (2-10 agents),2026-08-16T22:29:35Z
CREAM-20260816-00321,Kathleen Foster,Kathleen Foster,Kathleen,Foster,kathleen.foster@icloud.com,(305) 564-9736,Keller Williams,Keller Williams,Scottsdale,Scottsdale,AZ,85650,11,44,44,21354351,3.1,A,99,Brokerage Listings,Independent,2026-08-16T01:19:08Z
CREAM-20260816-00322,Rebecca Hughes,Rebecca Hughes,Rebecca,Hughes,rhughes@aol.com,(786) 895-1545,Douglas Elliman,Douglas Elliman,Dallas,Dallas,TX,76912,3,24,24,9222785,3.9,A,64,MLS Database,Enterprise (200+ agents),2026-08-16T16:42:48Z
CREAM-20260816-00323,Dorothy Bennett,Dorothy Bennett,Dorothy,Bennett,dorothy_bennett@aol.com,(303) 783-7714,eXp Realty,eXp Realty,Scottsdale,Scottsdale,AZ,86192,24,76,76,30647726,4.7,A,100,Brokerage Listings,Boutique (2-10 agents),2026-08-16T16:25:49Z
CREAM-20260816-00324,Melissa Parker,Melissa Parker,Melissa,Parker,melissa.parker@re/max.com,(972) 321-7409,RE/MAX,RE/MAX,Cleveland,Cleveland,OH,44786,2,8,8,1811149,3.3,A,97,Referral Network,Large (51-200 agents),2026-08-16T08:18:37Z
CREAM-20260816-00325,Amanda Edwards,Amanda Edwards,Amanda,Edwards,amandaedwards@aol.com,(305) 876-4943,Coldwell Banker,Coldwell Banker,Cincinnati,Cincinnati,OH,44216,1,4,4,723784,3.5,A,67,Website Lead,Independent,2026-08-16T18:10:35Z
CREAM-20260816-00326,Theresa Wood,Theresa Wood,Theresa,Wood,twood@icloud.com,(415) 403-7479,Coldwell Banker,Coldwell Banker,Miami,Miami,FL,34565,15,78,78,36181935,4.8,A,79,Website Lead,Enterprise (200+ agents),2026-08-16T01:20:03Z
CREAM-20260816-00327,Juan Gutierrez,Juan Gutierrez,Juan,Gutierrez,juan.gutierrez@aol.com,(980) 642-2289,eXp Realty,eXp Realty,Dallas,Dallas,TX,78628,4,8,8,2849301,4.6,A,70,Realtor.com,Large (51-200 agents),2026-08-16T02:05:05Z
CREAM-20260816-00328,George Morales,George Morales,George,Morales,george.morales@re/max.com,(310) 372-4659,RE/MAX,RE/MAX,Oakland,Oakland,CA,92926,0,1,1,656159,3.1,A,68,NAR Directory,Large (51-200 agents),2026-08-16T20:37:02Z
CREAM-20260816-00329,Linda Patel,Linda Patel,Linda,Patel,lindapatel@outlook.com,(720) 788-3779,Compass,Compass,Charlotte,Charlotte,NC,27396,0,1,1,257404,3.5,A,87,Trade Show,Large (51-200 agents),2026-08-16T19:44:04Z
CREAM-20260816-00330,Theresa White,Theresa White,Theresa,White,theresa.white@compass.com,(469) 996-6147,Compass,Compass,Greensboro,Greensboro,NC,28300,3,16,16,6510497,4.4,A,82,Brokerage Listings,Independent,2026-08-16T08:16:01Z
CREAM-20260816-00331,Eugene Perry,Eugene Perry,Eugene,Perry,eugene_perry@icloud.com,(234) 518-6962,RE/MAX,RE/MAX,Raleigh,Raleigh,NC,28937,20,78,78,20771928,4.4,A,78,Trade Show,Enterprise (200+ agents),2026-08-16T22:03:25Z
CREAM-20260816-00332,Maria Coleman,Maria Coleman,Maria,Coleman,mcoleman@yahoo.com,(310) 364-1232,Briggs Freeman Sotheby's,Briggs Freeman Sotheby's,Houston,Houston,TX,76209,4,13,13,4438858,3.4,A,82,Cold Outreach,Enterprise (200+ agents),2026-08-16T06:22:38Z
CREAM-20260816-00333,Robert Hill,Robert Hill,Robert,Hill,roberthill@yahoo.com,(334) 611-5294,Berkshire Hathaway,Berkshire Hathaway,Colorado Springs,Colorado Springs,CO,80757,13,78,78,32606146,4.2,A,88,MLS Database,Mid-size (11-50 agents),2026-08-16T15:45:53Z
CREAM-20260816-00334,Aaron Moore,Aaron Moore,Aaron,Moore,aaron.moore@8zrealestate.com,(310) 897-8422,8z Real Estate,8z Real Estate,Colorado Springs,Colorado Springs,CO,80134,9,24,24,15868072,4.9,A,94,Cold Outreach,Boutique (2-10 agents),2026-08-16T07:43:35Z
CREAM-20260816-00335,Eric Jimenez,Eric Jimenez,Eric,Jimenez,ericj@hotmail.com,(714) 813-8933,Compass,Compass,New York City,New York City,NY,13905,6,24,24,15910150,4.4,A,64,MLS Database,Boutique (2-10 agents),2026-08-16T08:51:19Z
CREAM-20260816-00336,Donna Jenkins,Donna Jenkins,Donna,Jenkins,djenkins@compass.com,(980) 525-2196,Compass,Compass,Bronx,Bronx,NY,12744,5,14,14,6863113,4.3,A,88,NAR Directory,Independent,2026-08-16T22:12:30Z
CREAM-20260816-00337,Timothy Martinez,Timothy Martinez,Timothy,Martinez,timothy.martinez@exprealty.com,(512) 419-1608,eXp Realty,eXp Realty,Oakland,Oakland,CA,93958,0,2,2,1193363,3.4,A,69,Realtor.com,Large (51-200 agents),2026-08-16T18:50:48Z
CREAM-20260816-00338,Michelle Peterson,Michelle Peterson,Michelle,Peterson,michellep@outlook.com,(646) 293-7942,eXp Realty,eXp Realty,Charlotte,Charlotte,NC,27387,21,50,50,13997140,3.6,A,73,Facebook,Mid-size (11-50 agents),2026-08-16T07:37:17Z
CREAM-20260816-00339,Sandra Jackson,Sandra Jackson,Sandra,Jackson,sandraj@compass.com,(256) 609-9442,Compass,Compass,Jacksonville,Jacksonville,FL,32898,22,42,42,21761638,4.3,A,72,Cold Outreach,Enterprise (200+ agents),2026-08-16T06:00:02Z
CREAM-20260816-00340,Danielle Murphy,Danielle Murphy,Danielle,Murphy,daniellemurphy@yahoo.com,(512) 949-6664,Coldwell Banker,Coldwell Banker,Los Angeles,Los Angeles,CA,91657,0,2,2,1733475,3.7,A,71,Facebook,Enterprise (200+ agents),2026-08-16T01:45:08Z
CREAM-20260816-00341,Rebecca Gonzalez,Rebecca Gonzalez,Rebecca,Gonzalez,rebecca_gonzalez@yahoo.com,(256) 210-6211,Pacific Sotheby's,Pacific Sotheby's,Sacramento,Sacramento,CA,93214,2,12,12,10479978,3.9,A,77,Referral Network,Independent,2026-08-16T03:02:19Z
CREAM-20260816-00342,Eric Ortiz,Eric Ortiz,Eric,Ortiz,eortiz@outlook.com,(714) 695-6414,Compass,Compass,Charlotte,Charlotte,NC,27169,25,54,54,21075398,4.8,A,83,MLS Database,Mid-size (11-50 agents),2026-08-16T12:36:03Z
CREAM-20260816-00343,Angela Diaz,Angela Diaz,Angela,Diaz,angela.diaz@me.com,(714) 866-5134,Berkshire Hathaway,Berkshire Hathaway,El Paso,El Paso,TX,77209,2,7,7,2278144,3.7,A,94,LinkedIn,Enterprise (200+ agents),2026-08-16T20:14:28Z
CREAM-20260816-00344,Ronald Gutierrez,Ronald Gutierrez,Ronald,Gutierrez,ronald.gutierrez@re/max.com,(512) 893-8308,RE/MAX,RE/MAX,Charlotte,Charlotte,NC,28615,4,23,23,7080391,3.7,A,86,MLS Database,Enterprise (200+ agents),2026-08-16T09:21:01Z
CREAM-20260816-00345,Benjamin Baker,Benjamin Baker,Benjamin,Baker,bbaker@outlook.com,(980) 480-8718,Pacific Sotheby's,Pacific Sotheby's,San Francisco,San Francisco,CA,95124,12,56,56,50692737,3.0,A,68,Referral Network,Large (51-200 agents),2026-08-16T19:32:57Z
CREAM-20260816-00346,Juan Brown,Juan Brown,Juan,Brown,juan_brown@me.com,(713) 386-2693,RE/MAX,RE/MAX,San Diego,San Diego,CA,90614,0,0,0,0,4.9,A,99,Trade Show,Independent,2026-08-16T16:56:03Z
CREAM-20260816-00347,Carolyn Green,Carolyn Green,Carolyn,Green,carolyn_green@yahoo.com,(512) 616-7767,Coldwell Banker,Coldwell Banker,Colorado Springs,Colorado Springs,CO,80874,0,4,4,1975753,4.2,A,89,LinkedIn,Boutique (2-10 agents),2026-08-16T07:14:59Z
CREAM-20260816-00348,Jessica Scott,Jessica Scott,Jessica,Scott,jessica.scott@berkshirehathaway.com,(469) 256-4986,Berkshire Hathaway,Berkshire Hathaway,Charlotte,Charlotte,NC,28365,0,3,3,1249114,3.1,A,89,Brokerage Listings,Large (51-200 agents),2026-08-16T11:47:57Z
CREAM-20260816-00349,Gary Hall,Gary Hall,Gary,Hall,gary_hall@hotmail.com,(214) 735-3493,Coldwell Banker,Coldwell Banker,Denver,Denver,CO,80118,16,48,48,32638532,3.5,A,84,Facebook,Enterprise (200+ agents),2026-08-16T01:20:19Z
CREAM-20260816-00350,Brittany James,Brittany James,Brittany,James,brittanyj@sothebysinternational.com,(602) 941-4324,Sotheby's International,Sotheby's International,San Francisco,San Francisco,CA,92682,0,2,2,1631262,3.6,A,78,Facebook,Independent,2026-08-16T00:53:19Z
CREAM-20260816-00351,Roger Long,Roger Long,Roger,Long,rogerlong@me.com,(234) 506-6180,Coldwell Banker,Coldwell Banker,Miami,Miami,FL,34348,12,53,53,20297121,3.7,A,95,Website Lead,Mid-size (11-50 agents),2026-08-16T13:36:28Z
CREAM-20260816-00352,Steven Walker,Steven Walker,Steven,Walker,swalker@me.com,(212) 830-1299,Cutler Real Estate,Cutler Real Estate,Cleveland,Cleveland,OH,44479,7,22,22,6615663,3.4,A,62,LinkedIn,Independent,2026-08-16T06:08:42Z
CREAM-20260816-00353,Steven Morales,Steven Morales,Steven,Morales,smorales@re/max.com,(214) 317-8640,RE/MAX,RE/MAX,Cincinnati,Cincinnati,OH,43232,0,4,4,726068,3.9,A,71,Realtor.com,Mid-size (11-50 agents),2026-08-16T03:53:22Z
CREAM-20260816-00354,Karen Ramirez,Karen Ramirez,Karen,Ramirez,karen_ramirez@me.com,(305) 337-7884,Cutler Real Estate,Cutler Real Estate,Cincinnati,Cincinnati,OH,45121,4,17,17,3288056,4.0,A,85,Realtor.com,Mid-size (11-50 agents),2026-08-16T04:24:42Z
CREAM-20260816-00355,Lisa Perry,Lisa Perry,Lisa,Perry,lisa_perry@outlook.com,(305) 504-1054,eXp Realty,eXp Realty,Aurora,Aurora,CO,80653,1,8,8,5371422,4.3,A,93,LinkedIn,Boutique (2-10 agents),2026-08-16T19:36:00Z
CREAM-20260816-00356,Roger Fisher,Roger Fisher,Roger,Fisher,rfisher@livsothebys.com,(234) 826-2432,LIV Sotheby's,LIV Sotheby's,Denver,Denver,CO,81584,24,51,51,19664759,3.4,A,89,Facebook,Boutique (2-10 agents),2026-08-16T13:07:12Z
CREAM-20260816-00357,Ruth Lewis,Ruth Lewis,Ruth,Lewis,ruth.lewis@outlook.com,(234) 233-9452,Douglas Elliman,Douglas Elliman,Tampa,Tampa,FL,34709,8,36,36,19007888,3.6,A,87,Trade Show,Boutique (2-10 agents),2026-08-16T04:50:46Z
CREAM-20260816-00358,Benjamin Walker,Benjamin Walker,Benjamin,Walker,benjaminwalker@outlook.com,(718) 969-3072,Sotheby's International,Sotheby's International,New York City,New York City,NY,10854,8,33,33,23290975,4.3,A,96,Cold Outreach,Independent,2026-08-16T17:13:14Z
CREAM-20260816-00359,Olivia Allen,Olivia Allen,Olivia,Allen,oliviaa@huntingtonrealestate.com,(602) 725-1029,Huntington Real Estate,Huntington Real Estate,Columbus,Columbus,OH,43984,4,16,16,4484507,5.0,A,87,Website Lead,Independent,2026-08-16T02:51:17Z
CREAM-20260816-00360,Scott Wilson,Scott Wilson,Scott,Wilson,scottw@re/max.com,(972) 645-4734,RE/MAX,RE/MAX,Scottsdale,Scottsdale,AZ,86140,4,10,10,3140015,3.3,A,85,Cold Outreach,Boutique (2-10 agents),2026-08-16T21:31:22Z
CREAM-20260816-00361,Diane Gutierrez,Diane Gutierrez,Diane,Gutierrez,diane.gutierrez@me.com,(980) 510-9685,eXp Realty,eXp Realty,Denver,Denver,CO,80891,14,37,37,24922000,4.0,A,60,Referral Network,Large (51-200 agents),2026-08-16T01:28:24Z
CREAM-20260816-00362,Angela Ward,Angela Ward,Angela,Ward,award@icloud.com,(718) 616-2738,Sotheby's International,Sotheby's International,Queens,Queens,NY,13404,16,37,37,24228239,5.0,A,85,Cold Outreach,Enterprise (200+ agents),2026-08-16T03:46:54Z
CREAM-20260816-00363,Juan Sullivan,Juan Sullivan,Juan,Sullivan,juansullivan@outlook.com,(212) 892-1968,Coldwell Banker,Coldwell Banker,Long Beach,Long Beach,CA,91958,5,20,20,18241144,4.4,A,86,Facebook,Enterprise (200+ agents),2026-08-16T04:08:42Z
CREAM-20260816-00364,Dennis Turner,Dennis Turner,Dennis,Turner,dennis_turner@icloud.com,(404) 774-5611,Sotheby's International,Sotheby's International,New York City,New York City,NY,14419,12,68,68,51403255,3.7,A,86,Trade Show,Enterprise (200+ agents),2026-08-16T09:14:10Z
CREAM-20260816-00365,Scott Martinez,Scott Martinez,Scott,Martinez,scottm@gmail.com,(234) 337-1530,Douglas Elliman,Douglas Elliman,Houston,Houston,TX,78767,20,42,42,18217359,3.5,A,75,Trade Show,Boutique (2-10 agents),2026-08-16T17:22:13Z
CREAM-20260816-00366,Kimberly Flores,Kimberly Flores,Kimberly,Flores,kimberlyf@me.com,(704) 587-7246,eXp Realty,eXp Realty,Tampa,Tampa,FL,34570,2,11,11,4381492,5.0,A,67,Trade Show,Large (51-200 agents),2026-08-16T11:28:54Z
CREAM-20260816-00367,John Jones,John Jones,John,Jones,jjones@halstead.com,(646) 728-4370,Halstead,Halstead,Bronx,Bronx,NY,14261,0,0,0,0,3.4,A,62,Facebook,Boutique (2-10 agents),2026-08-16T23:57:59Z
CREAM-20260816-00368,Betty Rivera,Betty Rivera,Betty,Rivera,betty_rivera@me.com,(512) 830-7523,Compass,Compass,Staten Island,Staten Island,NY,14300,9,15,15,12074205,4.4,A,87,LinkedIn,Enterprise (200+ agents),2026-08-16T15:08:41Z
CREAM-20260816-00369,Brenda Bailey,Brenda Bailey,Brenda,Bailey,brendab@allentate.com,(469) 542-3724,Allen Tate,Allen Tate,Raleigh,Raleigh,NC,28875,11,65,65,20741848,4.2,A,62,Referral Network,Large (51-200 agents),2026-08-16T06:13:31Z
CREAM-20260816-00370,Jack Jones,Jack Jones,Jack,Jones,jackj@gmail.com,(916) 917-1656,Compass,Compass,Colorado Springs,Colorado Springs,CO,80214,18,27,27,17844814,5.0,A,66,MLS Database,Enterprise (200+ agents),2026-08-16T15:15:17Z
CREAM-20260816-00371,Sandra Adams,Sandra Adams,Sandra,Adams,sandraadams@aol.com,(714) 805-4304,RE/MAX,RE/MAX,San Antonio,San Antonio,TX,76974,0,1,1,406127,3.6,A,100,NAR Directory,Independent,2026-08-16T13:09:24Z
CREAM-20260816-00372,Helen Williams,Helen Williams,Helen,Williams,helenw@compass.com,(212) 470-2434,Compass,Compass,Queens,Queens,NY,13455,11,73,73,37076742,3.8,A,62,Realtor.com,Large (51-200 agents),2026-08-16T16:52:50Z
CREAM-20260816-00373,Helen Ross,Helen Ross,Helen,Ross,hross@alliebethallman.com,(720) 202-2442,Allie Beth Allman,Allie Beth Allman,San Antonio,San Antonio,TX,78154,5,9,9,2790031,4.0,A,73,MLS Database,Large (51-200 agents),2026-08-16T12:57:08Z
CREAM-20260816-00374,Victoria Wilson,Victoria Wilson,Victoria,Wilson,vwilson@icloud.com,(256) 874-1123,Berkshire Hathaway,Berkshire Hathaway,St. Petersburg,St. Petersburg,FL,34297,4,23,23,11124577,4.5,A,81,MLS Database,Boutique (2-10 agents),2026-08-16T20:01:23Z
CREAM-20260816-00375,Emma Lopez,Emma Lopez,Emma,Lopez,emmal@berkshirehathaway.com,(212) 982-2113,Berkshire Hathaway,Berkshire Hathaway,Raleigh,Raleigh,NC,27308,8,19,19,7569997,3.9,A,100,Cold Outreach,Large (51-200 agents),2026-08-16T00:00:09Z
CREAM-20260816-00376,Arthur Turner,Arthur Turner,Arthur,Turner,arthurturner@outlook.com,(404) 958-3542,Century 21,Century 21,St. Petersburg,St. Petersburg,FL,32458,11,46,46,17943957,3.6,A,87,Realtor.com,Boutique (2-10 agents),2026-08-16T23:37:57Z
CREAM-20260816-00377,Martha Sullivan,Martha Sullivan,Martha,Sullivan,msullivan@me.com,(212) 755-3262,RE/MAX,RE/MAX,Charlotte,Charlotte,NC,27343,6,29,29,9056308,4.0,A,92,Cold Outreach,Boutique (2-10 agents),2026-08-16T20:27:45Z
CREAM-20260816-00378,Brenda White,Brenda White,Brenda,White,brenda_white@gmail.com,(469) 739-7420,Corcoran Group,Corcoran Group,Bronx,Bronx,NY,13575,13,54,54,35689242,3.4,A,90,Facebook,Enterprise (200+ agents),2026-08-16T17:08:14Z
CREAM-20260816-00379,Edward Alexander,Edward Alexander,Edward,Alexander,edwarda@outlook.com,(704) 988-6353,Keller Williams Realty,Keller Williams Realty,Jacksonville,Jacksonville,FL,34305,11,51,51,23700974,3.6,A,61,Cold Outreach,Boutique (2-10 agents),2026-08-16T02:07:12Z
CREAM-20260816-00380,Lawrence Torres,Lawrence Torres,Lawrence,Torres,lawrencet@exprealty.com,(646) 999-7870,eXp Realty,eXp Realty,Tucson,Tucson,AZ,86291,0,5,5,1569262,4.6,A,78,Brokerage Listings,Boutique (2-10 agents),2026-08-16T11:10:43Z
CREAM-20260816-00381,Rebecca Castillo,Rebecca Castillo,Rebecca,Castillo,rebecca_castillo@gmail.com,(305) 384-1280,Cutler Real Estate,Cutler Real Estate,Cleveland,Cleveland,OH,45226,0,1,1,200530,3.6,A,93,NAR Directory,Independent,2026-08-16T10:19:10Z
CREAM-20260816-00382,Amy Carter,Amy Carter,Amy,Carter,amy.carter@aol.com,(602) 315-7714,Douglas Elliman,Douglas Elliman,El Paso,El Paso,TX,77424,1,9,9,3899941,4.3,A,87,Website Lead,Mid-size (11-50 agents),2026-08-16T15:20:29Z
CREAM-20260816-00383,Sharon Foster,Sharon Foster,Sharon,Foster,sharonf@aol.com,(214) 817-1025,Keller Williams,Keller Williams,Staten Island,Staten Island,NY,12994,3,9,9,5896178,4.6,A,81,LinkedIn,Boutique (2-10 agents),2026-08-16T02:18:54Z
CREAM-20260816-00384,Carol Kim,Carol Kim,Carol,Kim,carolkim@me.com,(714) 858-3944,Douglas Elliman,Douglas Elliman,Staten Island,Staten Island,NY,13768,1,8,8,4809577,4.2,A,79,Trade Show,Large (51-200 agents),2026-08-16T01:38:00Z
CREAM-20260816-00385,Ashley Long,Ashley Long,Ashley,Long,ashley.long@outlook.com,(469) 496-3877,Briggs Freeman Sotheby's,Briggs Freeman Sotheby's,Dallas,Dallas,TX,79348,5,13,13,4606869,4.5,A,67,LinkedIn,Boutique (2-10 agents),2026-08-16T22:44:05Z
CREAM-20260816-00386,Barbara Rivera,Barbara Rivera,Barbara,Rivera,brivera@kellerwilliamsrealty.com,(512) 326-8249,Keller Williams Realty,Keller Williams Realty,Miami,Miami,FL,34375,6,31,31,10067888,4.4,A,76,Facebook,Independent,2026-08-16T19:26:35Z
CREAM-20260816-00387,Andrew Miller,Andrew Miller,Andrew,Miller,andrewm@nestseekers.com,(212) 349-1590,Nest Seekers,Nest Seekers,Manhattan,Manhattan,NY,10667,4,23,23,14189878,4.4,A,76,Facebook,Enterprise (200+ agents),2026-08-16T05:06:41Z
CREAM-20260816-00388,Dennis Scott,Dennis Scott,Dennis,Scott,dennis.scott@berkshirehathaway.com,(704) 975-9364,Berkshire Hathaway,Berkshire Hathaway,Jacksonville,Jacksonville,FL,34955,10,34,34,10501307,3.5,A,91,Realtor.com,Boutique (2-10 agents),2026-08-16T16:25:05Z
CREAM-20260816-00389,Christine Campbell,Christine Campbell,Christine,Campbell,christinec@outlook.com,(310) 462-8982,eXp Realty,eXp Realty,Phoenix,Phoenix,AZ,85302,22,38,38,14223124,3.4,A,83,Cold Outreach,Enterprise (200+ agents),2026-08-16T09:50:43Z
CREAM-20260816-00390,Theresa Gray,Theresa Gray,Theresa,Gray,theresag@aol.com,(212) 429-5558,Berkshire Hathaway,Berkshire Hathaway,Raleigh,Raleigh,NC,27128,11,45,45,15130786,3.5,A,99,Facebook,Boutique (2-10 agents),2026-08-16T01:31:11Z
CREAM-20260816-00391,Maria Harris,Maria Harris,Maria,Harris,mariah@exprealty.com,(916) 698-2271,eXp Realty,eXp Realty,San Antonio,San Antonio,TX,75756,1,9,9,3911961,4.4,A,71,Facebook,Independent,2026-08-16T13:36:30Z
CREAM-20260816-00392,Angela Patel,Angela Patel,Angela,Patel,angelap@kellerwilliams.com,(469) 388-6707,Keller Williams,Keller Williams,Scottsdale,Scottsdale,AZ,85802,8,23,23,9476860,4.2,A,93,MLS Database,Enterprise (200+ agents),2026-08-16T20:51:05Z
CREAM-20260816-00393,Jacob Brown,Jacob Brown,Jacob,Brown,jacob.brown@douglaselliman.com,(212) 357-5764,Douglas Elliman,Douglas Elliman,Fort Worth,Fort Worth,TX,77364,0,0,0,0,4.9,A,86,Facebook,Enterprise (200+ agents),2026-08-16T13:53:19Z
CREAM-20260816-00394,Heather White,Heather White,Heather,White,heatherw@coldwellbanker.com,(646) 641-6578,Coldwell Banker,Coldwell Banker,Mesa,Mesa,AZ,85100,1,10,10,4778216,3.7,A,90,Facebook,Mid-size (11-50 agents),2026-08-16T20:55:05Z
CREAM-20260816-00395,Ruth Edwards,Ruth Edwards,Ruth,Edwards,redwards@re/max.com,(786) 790-8378,RE/MAX,RE/MAX,Cleveland,Cleveland,OH,45125,3,11,11,3456565,3.2,A,76,Facebook,Mid-size (11-50 agents),2026-08-16T06:06:07Z
CREAM-20260816-00396,Donna Myers,Donna Myers,Donna,Myers,dmyers@brownharrisstevens.com,(512) 220-3630,Brown Harris Stevens,Brown Harris Stevens,Manhattan,Manhattan,NY,11790,0,0,0,0,4.1,A,90,Cold Outreach,Enterprise (200+ agents),2026-08-16T23:37:01Z
CREAM-20260816-00397,George Russell,George Russell,George,Russell,george_russell@aol.com,(718) 692-3928,Keller Williams Realty,Keller Williams Realty,San Diego,San Diego,CA,95481,4,22,22,17843164,4.0,A,95,Realtor.com,Mid-size (11-50 agents),2026-08-16T07:59:47Z
CREAM-20260816-00398,Megan Robinson,Megan Robinson,Megan,Robinson,megan.robinson@corcorangroup.com,(602) 249-4288,Corcoran Group,Corcoran Group,New York City,New York City,NY,11217,2,12,12,5832881,3.4,A,60,Referral Network,Boutique (2-10 agents),2026-08-16T23:51:28Z
CREAM-20260816-00399,Mary Brown,Mary Brown,Mary,Brown,maryb@yahoo.com,(212) 389-9640,Compass,Compass,Bronx,Bronx,NY,11948,3,21,21,12449693,4.3,A,97,LinkedIn,Large (51-200 agents),2026-08-16T22:04:07Z
CREAM-20260816-00400,Grace Gray,Grace Gray,Grace,Gray,grace.gray@kellerwilliamsrealty.com,(972) 592-4132,Keller Williams Realty,Keller Williams Realty,Miami,Miami,FL,33120,6,32,32,16218414,4.1,A,62,Facebook,Independent,2026-08-16T05:44:17Z
CREAM-20260816-00401,Nicholas Rivera,Nicholas Rivera,Nicholas,Rivera,nicholasr@exprealty.com,(720) 676-4845,eXp Realty,eXp Realty,Thornton,Thornton,CO,80599,18,40,40,18114563,4.5,B,93,Realtor.com,Large (51-200 agents),2026-08-16T03:47:51Z
CREAM-20260816-00402,Nicholas Perry,Nicholas Perry,Nicholas,Perry,nicholas.perry@outlook.com,(916) 658-6486,Sotheby's International,Sotheby's International,Anaheim,Anaheim,CA,94249,5,18,18,10966385,3.6,B,76,Trade Show,Large (51-200 agents),2026-08-16T00:07:23Z
CREAM-20260816-00403,Steven Kim,Steven Kim,Steven,Kim,stevenkim@yahoo.com,(310) 683-2925,Century 21,Century 21,Hollywood,Hollywood,FL,33831,24,57,57,26263231,3.0,B,79,Brokerage Listings,Independent,2026-08-16T06:32:27Z
CREAM-20260816-00404,Jason Rogers,Jason Rogers,Jason,Rogers,jrogers@me.com,(469) 388-7601,Coldwell Banker,Coldwell Banker,Fresno,Fresno,CA,92686,24,43,43,27662805,3.6,B,92,Cold Outreach,Enterprise (200+ agents),2026-08-16T02:18:35Z
CREAM-20260816-00405,Rebecca Ortiz,Rebecca Ortiz,Rebecca,Ortiz,rebeccao@re/max.com,(718) 663-5874,RE/MAX,RE/MAX,Pembroke Pines,Pembroke Pines,FL,32245,11,55,55,27983135,4.9,B,78,Cold Outreach,Independent,2026-08-16T18:32:26Z
CREAM-20260816-00406,Keith Miller,Keith Miller,Keith,Miller,keith.miller@exprealty.com,(303) 644-2100,eXp Realty,eXp Realty,Thornton,Thornton,CO,80255,18,33,33,21682602,4.7,B,74,NAR Directory,Independent,2026-08-16T07:12:38Z
CREAM-20260816-00407,Roger Sullivan,Roger Sullivan,Roger,Sullivan,rogers@outlook.com,(305) 857-6319,HER Realtors,HER Realtors,Dayton,Dayton,OH,44624,15,45,45,13073923,3.2,B,86,Facebook,Large (51-200 agents),2026-08-16T00:24:13Z
CREAM-20260816-00408,Rebecca Sanders,Rebecca Sanders,Rebecca,Sanders,rebeccas@longrealty.com,(980) 497-3317,Long Realty,Long Realty,Tempe,Tempe,AZ,85700,3,25,25,12099414,3.1,B,77,Facebook,Large (51-200 agents),2026-08-16T14:04:44Z
CREAM-20260816-00409,Tyler Evans,Tyler Evans,Tyler,Evans,tylere@coldwellbanker.com,(512) 642-5245,Coldwell Banker,Coldwell Banker,Cary,Cary,NC,28481,12,51,51,21966124,5.0,B,65,LinkedIn,Independent,2026-08-16T04:15:00Z
CREAM-20260816-00410,Brian Lewis,Brian Lewis,Brian,Lewis,brianl@hotmail.com,(805) 377-1332,Coldwell Banker,Coldwell Banker,Tempe,Tempe,AZ,86787,10,57,57,16569455,4.0,B,62,Brokerage Listings,Boutique (2-10 agents),2026-08-16T19:15:57Z
CREAM-20260816-00411,Linda Baker,Linda Baker,Linda,Baker,lindabaker@hotmail.com,(415) 809-6396,Keller Williams,Keller Williams,Lakewood,Lakewood,CO,81600,2,11,11,5023123,3.1,B,94,MLS Database,Large (51-200 agents),2026-08-16T00:13:23Z
CREAM-20260816-00412,Aaron Jimenez,Aaron Jimenez,Aaron,Jimenez,aaron_jimenez@hotmail.com,(212) 885-3273,Pacific Sotheby's,Pacific Sotheby's,Fresno,Fresno,CA,90636,0,3,3,3254756,4.9,B,80,Brokerage Listings,Large (51-200 agents),2026-08-16T00:31:08Z
CREAM-20260816-00413,Peter Patel,Peter Patel,Peter,Patel,peter_patel@icloud.com,(256) 362-2038,RE/MAX,RE/MAX,Anaheim,Anaheim,CA,92675,4,24,24,22197829,3.0,B,83,Website Lead,Large (51-200 agents),2026-08-16T11:53:32Z
CREAM-20260816-00414,Margaret Thompson,Margaret Thompson,Margaret,Thompson,margarett@re/max.com,(513) 970-9866,RE/MAX,RE/MAX,Arlington,Arlington,TX,75352,3,22,22,9908230,4.7,B,64,Trade Show,Enterprise (200+ agents),2026-08-16T15:59:00Z
CREAM-20260816-00415,Keith Wood,Keith Wood,Keith,Wood,keith.wood@icloud.com,(718) 578-1795,HomeSmart,HomeSmart,Gilbert,Gilbert,AZ,86109,13,27,27,10512659,4.2,B,76,Trade Show,Enterprise (200+ agents),2026-08-16T19:35:09Z
CREAM-20260816-00416,Raymond Hill,Raymond Hill,Raymond,Hill,raymond.hill@douglaselliman.com,(256) 395-8737,Douglas Elliman,Douglas Elliman,Syracuse,Syracuse,NY,14633,1,10,10,6895471,3.2,B,80,NAR Directory,Independent,2026-08-16T13:40:57Z
CREAM-20260816-00417,Roger Evans,Roger Evans,Roger,Evans,revans@yahoo.com,(972) 659-4621,RE/MAX,RE/MAX,Santa Ana,Santa Ana,CA,94166,5,8,8,7196602,3.5,B,80,Realtor.com,Large (51-200 agents),2026-08-16T07:53:11Z
CREAM-20260816-00418,Dorothy Morales,Dorothy Morales,Dorothy,Morales,dorothym@re/max.com,(602) 745-9294,RE/MAX,RE/MAX,Lubbock,Lubbock,TX,77849,16,78,78,33108120,3.3,B,71,Referral Network,Mid-size (11-50 agents),2026-08-16T10:07:36Z
CREAM-20260816-00419,Andrew Brooks,Andrew Brooks,Andrew,Brooks,andrewb@outlook.com,(614) 808-7565,RE/MAX,RE/MAX,Lakewood,Lakewood,CO,80444,1,7,7,3031427,4.5,B,82,Facebook,Boutique (2-10 agents),2026-08-16T10:48:59Z
CREAM-20260816-00420,Martha Robinson,Martha Robinson,Martha,Robinson,marthar@me.com,(305) 660-9072,Berkshire Hathaway,Berkshire Hathaway,Hialeah,Hialeah,FL,33309,13,25,25,11677893,3.0,B,87,Brokerage Listings,Enterprise (200+ agents),2026-08-16T21:51:05Z
CREAM-20260816-00421,Samuel Clark,Samuel Clark,Samuel,Clark,sclark@nestseekers.com,(602) 982-2983,Nest Seekers,Nest Seekers,New Rochelle,New Rochelle,NY,12620,3,19,19,13153872,4.0,B,62,NAR Directory,Large (51-200 agents),2026-08-16T09:45:51Z
CREAM-20260816-00422,Maria Hill,Maria Hill,Maria,Hill,mariah@aol.com,(513) 746-7271,RE/MAX,RE/MAX,Hialeah,Hialeah,FL,34382,19,32,32,15108272,3.9,B,96,Referral Network,Independent,2026-08-16T21:20:38Z
CREAM-20260816-00423,William Rivera,William Rivera,William,Rivera,williamrivera@me.com,(214) 652-6902,Compass,Compass,Winston-Salem,Winston-Salem,NC,28354,17,48,48,16546141,4.4,B,79,NAR Directory,Large (51-200 agents),2026-08-16T02:24:49Z
CREAM-20260816-00424,Martha Robinson,Martha Robinson,Martha,Robinson,martharobinson@hotmail.com,(513) 432-8306,Russell Lyon Sotheby's,Russell Lyon Sotheby's,Chandler,Chandler,AZ,85737,22,69,69,27646586,4.9,B,75,Referral Network,Boutique (2-10 agents),2026-08-16T18:13:56Z
CREAM-20260816-00425,Ronald Campbell,Ronald Campbell,Ronald,Campbell,rcampbell@allentate.com,(303) 691-6939,Allen Tate,Allen Tate,Winston-Salem,Winston-Salem,NC,28230,5,14,14,5770752,3.0,B,65,LinkedIn,Boutique (2-10 agents),2026-08-16T22:24:21Z
CREAM-20260816-00426,Kevin Torres,Kevin Torres,Kevin,Torres,ktorres@berkshirehathaway.com,(310) 672-7076,Berkshire Hathaway,Berkshire Hathaway,Pembroke Pines,Pembroke Pines,FL,32852,10,80,80,34510464,3.0,B,63,Realtor.com,Mid-size (11-50 agents),2026-08-16T21:11:13Z
CREAM-20260816-00427,Gregory Ramos,Gregory Ramos,Gregory,Ramos,gregory.ramos@exprealty.com,(234) 519-8575,eXp Realty,eXp Realty,Akron,Akron,OH,44838,16,59,59,18369809,4.7,B,81,Brokerage Listings,Enterprise (200+ agents),2026-08-16T06:44:38Z
CREAM-20260816-00428,Rose Gonzalez,Rose Gonzalez,Rose,Gonzalez,rose.gonzalez@russelllyonsothebys.com,(713) 638-9502,Russell Lyon Sotheby's,Russell Lyon Sotheby's,Glendale,Glendale,AZ,85151,3,9,9,3424356,4.1,B,86,Brokerage Listings,Large (51-200 agents),2026-08-16T01:03:02Z
CREAM-20260816-00429,Lawrence Davis,Lawrence Davis,Lawrence,Davis,lawrence.davis@yahoo.com,(646) 283-2753,eXp Realty,eXp Realty,Lakewood,Lakewood,CO,81990,3,14,14,8092187,4.4,B,88,Facebook,Enterprise (200+ agents),2026-08-16T22:14:48Z
CREAM-20260816-00430,Nicole Stewart,Nicole Stewart,Nicole,Stewart,nicole.stewart@berkshirehathaway.com,(234) 936-4817,Berkshire Hathaway,Berkshire Hathaway,Pembroke Pines,Pembroke Pines,FL,34141,23,71,71,27915296,3.9,B,100,NAR Directory,Boutique (2-10 agents),2026-08-16T15:25:22Z
CREAM-20260816-00431,Angela Morgan,Angela Morgan,Angela,Morgan,angela.morgan@me.com,(234) 742-8622,Briggs Freeman Sotheby's,Briggs Freeman Sotheby's,Arlington,Arlington,TX,79288,16,58,58,18577934,3.5,B,99,NAR Directory,Mid-size (11-50 agents),2026-08-16T22:30:41Z
CREAM-20260816-00432,Ashley Baker,Ashley Baker,Ashley,Baker,ashleybaker@icloud.com,(805) 877-3997,Howard Hanna,Howard Hanna,Winston-Salem,Winston-Salem,NC,28738,20,75,75,18514824,4.0,B,84,Trade Show,Boutique (2-10 agents),2026-08-16T09:09:35Z
CREAM-20260816-00433,Martha Moore,Martha Moore,Martha,Moore,mmoore@yahoo.com,(980) 989-8531,Long Realty,Long Realty,Tempe,Tempe,AZ,85558,12,25,25,11866466,3.5,B,60,NAR Directory,Boutique (2-10 agents),2026-08-16T20:33:45Z
CREAM-20260816-00434,Stephen Fisher,Stephen Fisher,Stephen,Fisher,sfisher@yahoo.com,(303) 681-1885,Allen Tate,Allen Tate,Durham,Durham,NC,28768,6,39,39,11968230,3.5,B,100,Facebook,Enterprise (200+ agents),2026-08-16T16:51:52Z
CREAM-20260816-00435,Jeffrey Johnson,Jeffrey Johnson,Jeffrey,Johnson,jeffreyj@kellerwilliams.com,(310) 934-6068,Keller Williams,Keller Williams,Akron,Akron,OH,44778,4,22,22,5368990,4.1,B,71,Referral Network,Enterprise (200+ agents),2026-08-16T10:07:31Z
CREAM-20260816-00436,Richard Mitchell,Richard Mitchell,Richard,Mitchell,richardm@aol.com,(415) 749-2239,Halstead,Halstead,Yonkers,Yonkers,NY,14515,22,63,63,41967273,4.6,B,78,Cold Outreach,Large (51-200 agents),2026-08-16T17:02:20Z
CREAM-20260816-00437,Christopher Gomez,Christopher Gomez,Christopher,Gomez,cgomez@kellerwilliamsrealty.com,(786) 562-4316,Keller Williams Realty,Keller Williams Realty,Fresno,Fresno,CA,93345,14,41,41,38979099,4.7,B,78,Trade Show,Independent,2026-08-16T16:01:34Z
CREAM-20260816-00438,Jacob Jackson,Jacob Jackson,Jacob,Jackson,jacobjackson@gmail.com,(214) 314-5560,Coldwell Banker,Coldwell Banker,Akron,Akron,OH,44310,19,73,73,16296274,4.5,B,100,NAR Directory,Enterprise (200+ agents),2026-08-16T01:31:42Z
CREAM-20260816-00439,Catherine Gonzalez,Catherine Gonzalez,Catherine,Gonzalez,cgonzalez@sothebysinternational.com,(214) 682-1669,Sotheby's International,Sotheby's International,Yonkers,Yonkers,NY,13750,18,41,41,30624400,3.5,B,83,Facebook,Boutique (2-10 agents),2026-08-16T20:26:20Z
CREAM-20260816-00440,Sharon Harris,Sharon Harris,Sharon,Harris,sharris@exprealty.com,(214) 286-4668,eXp Realty,eXp Realty,Tempe,Tempe,AZ,86385,4,9,9,3273553,4.6,B,63,MLS Database,Large (51-200 agents),2026-08-16T07:00:04Z
CREAM-20260816-00441,Sharon Myers,Sharon Myers,Sharon,Myers,sharonmyers@me.com,(512) 742-2110,eXp Realty,eXp Realty,Lubbock,Lubbock,TX,78756,25,51,51,13650909,3.7,B,100,Trade Show,Enterprise (200+ agents),2026-08-16T14:42:25Z
CREAM-20260816-00442,Edward Edwards,Edward Edwards,Edward,Edwards,edwarde@pacificsothebys.com,(404) 576-1267,Pacific Sotheby's,Pacific Sotheby's,Anaheim,Anaheim,CA,96603,4,19,19,15273467,3.6,B,80,Website Lead,Boutique (2-10 agents),2026-08-16T22:55:43Z
CREAM-20260816-00443,Jeffrey Edwards,Jeffrey Edwards,Jeffrey,Edwards,jeffrey_edwards@gmail.com,(415) 270-3983,HER Realtors,HER Realtors,Akron,Akron,OH,45536,16,61,61,15040097,3.7,B,98,MLS Database,Large (51-200 agents),2026-08-16T12:08:13Z
CREAM-20260816-00444,Jerry Torres,Jerry Torres,Jerry,Torres,jerryt@hotmail.com,(980) 579-2175,Berkshire Hathaway,Berkshire Hathaway,Cary,Cary,NC,28611,4,17,17,6962050,4.4,B,92,MLS Database,Enterprise (200+ agents),2026-08-16T19:24:13Z
CREAM-20260816-00445,Natalie Perez,Natalie Perez,Natalie,Perez,natalieperez@icloud.com,(980) 374-3839,Keller Williams Realty,Keller Williams Realty,Hialeah,Hialeah,FL,33416,20,69,69,23241431,4.8,B,89,Facebook,Mid-size (11-50 agents),2026-08-16T13:14:58Z
CREAM-20260816-00446,Kenneth Phillips,Kenneth Phillips,Kenneth,Phillips,kenneth_phillips@outlook.com,(512) 862-9111,Allie Beth Allman,Allie Beth Allman,Lubbock,Lubbock,TX,78979,14,59,59,14712685,3.1,B,91,NAR Directory,Enterprise (200+ agents),2026-08-16T12:54:47Z
CREAM-20260816-00447,Justin Nguyen,Justin Nguyen,Justin,Nguyen,justinnguyen@outlook.com,(602) 939-8205,eXp Realty,eXp Realty,Durham,Durham,NC,27996,2,12,12,5303548,4.8,B,73,Facebook,Large (51-200 agents),2026-08-16T04:15:49Z
CREAM-20260816-00448,Stephanie Rogers,Stephanie Rogers,Stephanie,Rogers,stephanie_rogers@yahoo.com,(805) 903-4746,Keller Williams,Keller Williams,Fayetteville,Fayetteville,NC,27117,4,11,11,2851945,4.5,B,87,Trade Show,Independent,2026-08-16T18:54:44Z
CREAM-20260816-00449,Ryan Miller,Ryan Miller,Ryan,Miller,ryanmiller@gmail.com,(646) 801-8566,RE/MAX,RE/MAX,Thornton,Thornton,CO,80696,23,59,59,26595970,4.2,B,77,MLS Database,Boutique (2-10 agents),2026-08-16T08:45:03Z
CREAM-20260816-00450,Karen Wilson,Karen Wilson,Karen,Wilson,karen_wilson@yahoo.com,(303) 396-1011,Sotheby's International,Sotheby's International,Bakersfield,Bakersfield,CA,93167,13,54,54,57700860,4.5,B,88,Website Lead,Large (51-200 agents),2026-08-16T05:19:32Z
CREAM-20260816-00451,Linda Mendoza,Linda Mendoza,Linda,Mendoza,lindamendoza@me.com,(646) 421-4094,Halstead,Halstead,Buffalo,Buffalo,NY,12274,0,5,5,3444781,3.3,B,82,Brokerage Listings,Enterprise (200+ agents),2026-08-16T18:48:51Z
CREAM-20260816-00452,Michael Brown,Michael Brown,Michael,Brown,michael.brown@8zrealestate.com,(718) 831-6788,8z Real Estate,8z Real Estate,Arvada,Arvada,CO,80785,0,1,1,535228,3.9,B,88,Brokerage Listings,Large (51-200 agents),2026-08-16T10:58:15Z
CREAM-20260816-00453,Keith Torres,Keith Torres,Keith,Torres,keith_torres@hotmail.com,(469) 995-5113,Brown Harris Stevens,Brown Harris Stevens,New Rochelle,New Rochelle,NY,10763,9,23,23,12175983,4.9,B,67,NAR Directory,Mid-size (11-50 agents),2026-08-16T11:31:14Z
CREAM-20260816-00454,Richard Martinez,Richard Martinez,Richard,Martinez,rmartinez@me.com,(714) 870-7061,Berkshire Hathaway,Berkshire Hathaway,Lakewood,Lakewood,CO,80988,4,24,24,16562743,4.5,B,62,Website Lead,Boutique (2-10 agents),2026-08-16T15:06:50Z
CREAM-20260816-00455,Tyler Nguyen,Tyler Nguyen,Tyler,Nguyen,tylernguyen@yahoo.com,(234) 497-8620,RE/MAX,RE/MAX,Fort Collins,Fort Collins,CO,80224,0,4,4,1896184,4.1,B,89,Realtor.com,Boutique (2-10 agents),2026-08-16T23:54:19Z
CREAM-20260816-00456,Gregory Reed,Gregory Reed,Gregory,Reed,gregoryr@me.com,(980) 323-6122,Brown Harris Stevens,Brown Harris Stevens,Syracuse,Syracuse,NY,10310,15,60,60,30255317,3.2,B,82,Realtor.com,Enterprise (200+ agents),2026-08-16T03:54:24Z
CREAM-20260816-00457,Gloria Powell,Gloria Powell,Gloria,Powell,gloria.powell@cutlerrealestate.com,(407) 980-8125,Cutler Real Estate,Cutler Real Estate,Toledo,Toledo,OH,44864,3,24,24,5362499,3.4,B,65,Cold Outreach,Boutique (2-10 agents),2026-08-16T10:40:03Z
CREAM-20260816-00458,Dennis Lewis,Dennis Lewis,Dennis,Lewis,dennisl@me.com,(234) 407-5762,Briggs Freeman Sotheby's,Briggs Freeman Sotheby's,Garland,Garland,TX,76135,19,26,26,9673959,3.9,B,82,LinkedIn,Large (51-200 agents),2026-08-16T03:39:15Z
CREAM-20260816-00459,Michael Morales,Michael Morales,Michael,Morales,mmorales@re/max.com,(404) 877-1091,RE/MAX,RE/MAX,Chandler,Chandler,AZ,85596,21,58,58,20492470,4.6,B,97,Website Lead,Mid-size (11-50 agents),2026-08-16T14:47:13Z
CREAM-20260816-00460,Patrick Peterson,Patrick Peterson,Patrick,Peterson,patrick.peterson@outlook.com,(718) 664-9358,8z Real Estate,8z Real Estate,Thornton,Thornton,CO,81906,0,0,0,0,4.7,B,99,Referral Network,Independent,2026-08-16T21:26:27Z
CREAM-20260816-00461,Debra Jones,Debra Jones,Debra,Jones,debraj@douglaselliman.com,(234) 939-2049,Douglas Elliman,Douglas Elliman,Tallahassee,Tallahassee,FL,33872,0,5,5,2152236,3.8,B,89,MLS Database,Enterprise (200+ agents),2026-08-16T09:41:00Z
CREAM-20260816-00462,Alan Powell,Alan Powell,Alan,Powell,alan.powell@berkshirehathaway.com,(646) 999-7804,Berkshire Hathaway,Berkshire Hathaway,Durham,Durham,NC,27378,19,58,58,21595352,4.5,B,65,Brokerage Listings,Independent,2026-08-16T04:41:08Z
CREAM-20260816-00463,Catherine Thompson,Catherine Thompson,Catherine,Thompson,cthompson@8zrealestate.com,(714) 699-3034,8z Real Estate,8z Real Estate,Fort Collins,Fort Collins,CO,80175,0,2,2,841288,4.8,B,85,Cold Outreach,Independent,2026-08-16T10:16:46Z
CREAM-20260816-00464,Gregory Ruiz,Gregory Ruiz,Gregory,Ruiz,gruiz@berkshirehathaway.com,(469) 460-9139,Berkshire Hathaway,Berkshire Hathaway,Corpus Christi,Corpus Christi,TX,77760,10,40,40,11719556,4.4,B,74,NAR Directory,Boutique (2-10 agents),2026-08-16T07:01:32Z
CREAM-20260816-00465,Debra Long,Debra Long,Debra,Long,debra.long@me.com,(212) 823-4941,eXp Realty,eXp Realty,Glendale,Glendale,AZ,86691,2,9,9,4191577,4.6,B,67,MLS Database,Independent,2026-08-16T16:53:28Z
CREAM-20260816-00466,Jennifer Johnson,Jennifer Johnson,Jennifer,Johnson,jenniferj@aol.com,(513) 855-8787,Corcoran Group,Corcoran Group,New Rochelle,New Rochelle,NY,10689,5,12,12,9135649,3.6,B,94,NAR Directory,Large (51-200 agents),2026-08-16T13:49:03Z
CREAM-20260816-00467,Martha Turner,Martha Turner,Martha,Turner,martha_turner@aol.com,(980) 663-8320,Keller Williams,Keller Williams,New Rochelle,New Rochelle,NY,11188,21,61,61,41730449,4.5,B,78,LinkedIn,Large (51-200 agents),2026-08-16T19:03:55Z
CREAM-20260816-00468,Sarah Edwards,Sarah Edwards,Sarah,Edwards,sarahe@coldwellbanker.com,(407) 684-4054,Coldwell Banker,Coldwell Banker,Tallahassee,Tallahassee,FL,34669,11,67,67,35723248,3.5,B,82,Website Lead,Mid-size (11-50 agents),2026-08-16T04:11:29Z
CREAM-20260816-00469,Kimberly Phillips,Kimberly Phillips,Kimberly,Phillips,kimberly_phillips@hotmail.com,(919) 751-3924,Keller Williams,Keller Williams,Arvada,Arvada,CO,80721,5,11,11,5289454,3.1,B,97,Facebook,Enterprise (200+ agents),2026-08-16T02:00:26Z
CREAM-20260816-00470,Ryan Reyes,Ryan Reyes,Ryan,Reyes,ryan.reyes@re/max.com,(303) 661-9680,RE/MAX,RE/MAX,Bakersfield,Bakersfield,CA,94373,7,39,39,24151057,4.7,B,99,Cold Outreach,Enterprise (200+ agents),2026-08-16T15:00:30Z
CREAM-20260816-00471,Patrick Ward,Patrick Ward,Patrick,Ward,patrick.ward@halstead.com,(919) 871-6067,Halstead,Halstead,Albany,Albany,NY,14944,3,9,9,6984425,3.3,B,87,Cold Outreach,Large (51-200 agents),2026-08-16T17:36:28Z
CREAM-20260816-00472,Brittany Richardson,Brittany Richardson,Brittany,Richardson,brittanyr@coldwellbanker.com,(805) 454-7920,Coldwell Banker,Coldwell Banker,Chandler,Chandler,AZ,85751,6,29,29,12331781,3.4,B,73,Trade Show,Mid-size (11-50 agents),2026-08-16T09:54:11Z
CREAM-20260816-00473,Judith Torres,Judith Torres,Judith,Torres,judith.torres@icloud.com,(214) 318-9148,Huntington Real Estate,Huntington Real Estate,Parma,Parma,OH,45462,22,31,31,5646818,3.8,B,70,Referral Network,Large (51-200 agents),2026-08-16T18:50:37Z
CREAM-20260816-00474,Daniel Long,Daniel Long,Daniel,Long,daniell@outlook.com,(303) 240-2468,Allen Tate,Allen Tate,Cary,Cary,NC,28648,19,66,66,28464622,4.3,B,78,Referral Network,Large (51-200 agents),2026-08-16T14:40:10Z
CREAM-20260816-00475,Jerry Foster,Jerry Foster,Jerry,Foster,jfoster@cutlerrealestate.com,(256) 401-8381,Cutler Real Estate,Cutler Real Estate,Akron,Akron,OH,43658,15,40,40,8881881,4.0,B,70,Brokerage Listings,Large (51-200 agents),2026-08-16T12:22:45Z
CREAM-20260816-00476,Amanda Cooper,Amanda Cooper,Amanda,Cooper,amanda_cooper@hotmail.com,(718) 598-9842,Coldwell Banker,Coldwell Banker,Lakewood,Lakewood,CO,81750,5,20,20,8303889,4.7,B,61,Brokerage Listings,Mid-size (11-50 agents),2026-08-16T21:16:00Z
CREAM-20260816-00477,David Price,David Price,David,Price,dprice@berkshirehathaway.com,(980) 633-2890,Berkshire Hathaway,Berkshire Hathaway,Tallahassee,Tallahassee,FL,33306,19,66,66,29665521,4.3,B,78,Realtor.com,Large (51-200 agents),2026-08-16T22:31:19Z
CREAM-20260816-00478,Charles Baker,Charles Baker,Charles,Baker,charlesb@livsothebys.com,(614) 463-8108,LIV Sotheby's,LIV Sotheby's,Thornton,Thornton,CO,81345,25,41,41,27944110,3.1,B,72,Trade Show,Boutique (2-10 agents),2026-08-16T17:15:47Z
CREAM-20260816-00479,Jessica Williams,Jessica Williams,Jessica,Williams,jwilliams@icloud.com,(646) 707-1377,eXp Realty,eXp Realty,Bakersfield,Bakersfield,CA,91165,9,32,32,24295182,3.3,B,61,LinkedIn,Independent,2026-08-16T05:13:07Z
CREAM-20260816-00480,Carl Walker,Carl Walker,Carl,Walker,cwalker@aol.com,(646) 491-3277,Keller Williams,Keller Williams,Cary,Cary,NC,27909,4,21,21,8577096,3.0,B,73,NAR Directory,Independent,2026-08-16T03:54:06Z
CREAM-20260816-00481,Anthony Gutierrez,Anthony Gutierrez,Anthony,Gutierrez,anthony_gutierrez@icloud.com,(916) 300-6495,Huntington Real Estate,Huntington Real Estate,Akron,Akron,OH,45112,15,75,75,23206690,4.0,B,84,Website Lead,Enterprise (200+ agents),2026-08-16T23:14:11Z
CREAM-20260816-00482,Joseph Cooper,Joseph Cooper,Joseph,Cooper,josephc@exprealty.com,(512) 438-7368,eXp Realty,eXp Realty,Toledo,Toledo,OH,45721,15,76,76,15796628,4.2,B,98,NAR Directory,Enterprise (200+ agents),2026-08-16T18:16:08Z
CREAM-20260816-00483,Michelle Bennett,Michelle Bennett,Michelle,Bennett,michelle_bennett@aol.com,(310) 250-5154,Berkshire Hathaway,Berkshire Hathaway,Fort Collins,Fort Collins,CO,80829,5,23,23,12838976,3.3,B,88,Cold Outreach,Mid-size (11-50 agents),2026-08-16T13:41:03Z
CREAM-20260816-00484,Sarah Garcia,Sarah Garcia,Sarah,Garcia,sarahg@outlook.com,(256) 673-7737,Douglas Elliman,Douglas Elliman,Pembroke Pines,Pembroke Pines,FL,34163,5,14,14,5925414,4.0,B,88,Cold Outreach,Enterprise (200+ agents),2026-08-16T20:56:37Z
CREAM-20260816-00485,Margaret Anderson,Margaret Anderson,Margaret,Anderson,margareta@hotmail.com,(602) 669-3333,Keller Williams,Keller Williams,Glendale,Glendale,AZ,86403,3,10,10,3719350,3.6,B,90,Trade Show,Mid-size (11-50 agents),2026-08-16T09:13:21Z
CREAM-20260816-00486,Stephanie Garcia,Stephanie Garcia,Stephanie,Garcia,stephanie_garcia@hotmail.com,(305) 827-2227,LIV Sotheby's,LIV Sotheby's,Thornton,Thornton,CO,80473,21,28,28,12388517,3.1,B,96,Facebook,Independent,2026-08-16T15:22:13Z
CREAM-20260816-00487,Lisa Alvarez,Lisa Alvarez,Lisa,Alvarez,lisa_alvarez@yahoo.com,(334) 833-3092,eXp Realty,eXp Realty,Fayetteville,Fayetteville,NC,28871,4,11,11,2846316,3.5,B,66,NAR Directory,Boutique (2-10 agents),2026-08-16T18:38:07Z
CREAM-20260816-00488,Karen Hall,Karen Hall,Karen,Hall,karen.hall@me.com,(720) 650-3991,RE/MAX,RE/MAX,Tempe,Tempe,AZ,85237,19,54,54,23515455,3.6,B,80,Referral Network,Boutique (2-10 agents),2026-08-16T03:23:29Z
CREAM-20260816-00489,Ronald Taylor,Ronald Taylor,Ronald,Taylor,ronaldt@me.com,(720) 305-3606,Coldwell Banker,Coldwell Banker,Arvada,Arvada,CO,81232,15,47,47,20731100,3.3,B,73,Cold Outreach,Large (51-200 agents),2026-08-16T13:56:22Z
CREAM-20260816-00490,Jason Jones,Jason Jones,Jason,Jones,jason_jones@yahoo.com,(513) 778-6330,Allie Beth Allman,Allie Beth Allman,Amarillo,Amarillo,TX,77522,12,60,60,17673321,3.8,B,72,LinkedIn,Mid-size (11-50 agents),2026-08-16T02:59:31Z
CREAM-20260816-00491,Jennifer Morris,Jennifer Morris,Jennifer,Morris,jmorris@kellerwilliams.com,(972) 444-8656,Keller Williams,Keller Williams,Durham,Durham,NC,28703,5,10,10,4182393,3.7,B,79,Realtor.com,Enterprise (200+ agents),2026-08-16T19:51:29Z
CREAM-20260816-00492,Betty Thomas,Betty Thomas,Betty,Thomas,betty.thomas@yahoo.com,(646) 407-4120,RE/MAX,RE/MAX,Tallahassee,Tallahassee,FL,33410,23,26,26,13729498,4.4,B,78,NAR Directory,Independent,2026-08-16T02:02:22Z
CREAM-20260816-00493,Kevin Wood,Kevin Wood,Kevin,Wood,kevinw@sothebysinternational.com,(929) 840-4791,Sotheby's International,Sotheby's International,Riverside,Riverside,CA,94328,9,16,16,11667189,4.5,B,81,MLS Database,Large (51-200 agents),2026-08-16T17:23:29Z
CREAM-20260816-00494,Philip Stewart,Philip Stewart,Philip,Stewart,philips@compass.com,(805) 905-8648,Compass,Compass,Fort Collins,Fort Collins,CO,80157,4,9,9,3686227,4.9,B,76,Trade Show,Enterprise (200+ agents),2026-08-16T08:20:53Z
CREAM-20260816-00495,Gregory Jenkins,Gregory Jenkins,Gregory,Jenkins,gjenkins@hotmail.com,(234) 353-6838,Coldwell Banker,Coldwell Banker,Toledo,Toledo,OH,45848,20,68,68,21203016,3.6,B,70,Facebook,Enterprise (200+ agents),2026-08-16T19:50:56Z
CREAM-20260816-00496,Matthew Nguyen,Matthew Nguyen,Matthew,Nguyen,matthew_nguyen@hotmail.com,(646) 289-2323,RE/MAX,RE/MAX,Fayetteville,Fayetteville,NC,27967,16,58,58,17859388,3.6,B,71,Referral Network,Enterprise (200+ agents),2026-08-16T09:03:22Z
CREAM-20260816-00497,Brandon Roberts,Brandon Roberts,Brandon,Roberts,brandon_roberts@hotmail.com,(713) 736-4716,HER Realtors,HER Realtors,Parma,Parma,OH,45908,19,45,45,10293505,4.1,B,68,Trade Show,Large (51-200 agents),2026-08-16T13:26:59Z
CREAM-20260816-00498,Wayne Ramos,Wayne Ramos,Wayne,Ramos,wayneramos@yahoo.com,(720) 911-4828,Coldwell Banker,Coldwell Banker,Fort Collins,Fort Collins,CO,81111,1,8,8,4835871,3.5,B,76,MLS Database,Boutique (2-10 agents),2026-08-16T06:22:14Z
CREAM-20260816-00499,Diane Diaz,Diane Diaz,Diane,Diaz,diane.diaz@gmail.com,(805) 900-8898,Berkshire Hathaway HomeServices,Berkshire Hathaway HomeServices,Anaheim,Anaheim,CA,91620,3,25,25,19320438,4.8,B,84,Cold Outreach,Large (51-200 agents),2026-08-16T14:55:21Z
CREAM-20260816-00500,Kenneth Richardson,Kenneth Richardson,Kenneth,Richardson,kenneth.richardson@exprealty.com,(980) 880-6872,eXp Realty,eXp Realty,Hollywood,Hollywood,FL,33153,25,33,33,12805490,4.3,B,96,NAR Directory,Enterprise (200+ agents),2026-08-16T00:33:04Z
CREAM-20260816-00501,Samuel Morales,Samuel Morales,Samuel,Morales,samuelmorales@icloud.com,(714) 831-6837,Coldwell Banker,Coldwell Banker,Durham,Durham,NC,28609,8,16,16,5644394,3.1,B,99,LinkedIn,Mid-size (11-50 agents),2026-08-16T16:32:22Z
CREAM-20260816-00502,Elizabeth Harris,Elizabeth Harris,Elizabeth,Harris,eharris@icloud.com,(614) 325-4525,RE/MAX,RE/MAX,Hialeah,Hialeah,FL,33393,2,4,4,1860624,4.2,B,87,Website Lead,Large (51-200 agents),2026-08-16T02:17:21Z
CREAM-20260816-00503,Kevin Morgan,Kevin Morgan,Kevin,Morgan,kmorgan@gmail.com,(513) 476-1252,Briggs Freeman Sotheby's,Briggs Freeman Sotheby's,Garland,Garland,TX,78286,25,26,26,6513982,4.4,B,89,Trade Show,Large (51-200 agents),2026-08-16T15:34:23Z
CREAM-20260816-00504,Martha Thompson,Martha Thompson,Martha,Thompson,marthathompson@yahoo.com,(720) 564-6613,Coldwell Banker,Coldwell Banker,Cary,Cary,NC,27946,6,34,34,13753641,4.5,B,66,MLS Database,Mid-size (11-50 agents),2026-08-16T09:38:36Z
CREAM-20260816-00505,Melissa Rogers,Melissa Rogers,Melissa,Rogers,mrogers@me.com,(310) 305-8684,RE/MAX,RE/MAX,Akron,Akron,OH,45420,14,78,78,18979772,3.5,B,80,NAR Directory,Independent,2026-08-16T04:42:49Z
CREAM-20260816-00506,Olivia Martin,Olivia Martin,Olivia,Martin,olivia_martin@gmail.com,(256) 919-5281,8z Real Estate,8z Real Estate,Fort Collins,Fort Collins,CO,81507,18,74,74,37330240,4.6,B,81,Cold Outreach,Mid-size (11-50 agents),2026-08-16T11:01:31Z
CREAM-20260816-00507,Rebecca Williams,Rebecca Williams,Rebecca,Williams,rebecca_williams@yahoo.com,(407) 575-5874,Corcoran Group,Corcoran Group,Yonkers,Yonkers,NY,14338,0,4,4,2080741,3.8,B,82,MLS Database,Mid-size (11-50 agents),2026-08-16T20:12:27Z
CREAM-20260816-00508,Michelle Collins,Michelle Collins,Michelle,Collins,michellec@allentate.com,(404) 565-5947,Allen Tate,Allen Tate,Fayetteville,Fayetteville,NC,28530,4,9,9,3681666,4.1,B,98,Referral Network,Large (51-200 agents),2026-08-16T23:14:54Z
CREAM-20260816-00509,Margaret Turner,Margaret Turner,Margaret,Turner,mturner@aol.com,(404) 966-9322,HomeSmart,HomeSmart,Chandler,Chandler,AZ,86951,0,5,5,2470416,4.6,B,89,Trade Show,Boutique (2-10 agents),2026-08-16T07:44:13Z
CREAM-20260816-00510,Kimberly Ward,Kimberly Ward,Kimberly,Ward,kimberlyw@8zrealestate.com,(919) 336-3695,8z Real Estate,8z Real Estate,Lakewood,Lakewood,CO,80422,10,58,58,38543650,4.0,B,99,Referral Network,Boutique (2-10 agents),2026-08-16T06:55:09Z
CREAM-20260816-00511,Donald Long,Donald Long,Donald,Long,dlong@outlook.com,(256) 616-5603,Coldwell Banker,Coldwell Banker,Gilbert,Gilbert,AZ,85987,2,10,10,5253593,3.1,B,77,NAR Directory,Large (51-200 agents),2026-08-16T08:53:30Z
CREAM-20260816-00512,Judith Ortiz,Judith Ortiz,Judith,Ortiz,jortiz@hotmail.com,(407) 505-7525,Douglas Elliman,Douglas Elliman,Rochester,Rochester,NY,10248,24,26,26,19362885,4.9,B,96,LinkedIn,Mid-size (11-50 agents),2026-08-16T17:16:36Z
CREAM-20260816-00513,Stephen Jenkins,Stephen Jenkins,Stephen,Jenkins,stephenj@aol.com,(919) 237-8940,Brown Harris Stevens,Brown Harris Stevens,Rochester,Rochester,NY,10332,11,44,44,20025345,4.3,B,67,Realtor.com,Enterprise (200+ agents),2026-08-16T19:10:33Z
CREAM-20260816-00514,Ronald Gomez,Ronald Gomez,Ronald,Gomez,ronald.gomez@gmail.com,(720) 836-8953,Compass,Compass,Bakersfield,Bakersfield,CA,92493,8,40,40,26697756,4.8,B,73,Website Lead,Large (51-200 agents),2026-08-16T11:02:54Z
CREAM-20260816-00515,Juan Adams,Juan Adams,Juan,Adams,juan.adams@berkshirehathaway.com,(407) 713-2673,Berkshire Hathaway,Berkshire Hathaway,Pembroke Pines,Pembroke Pines,FL,32141,10,50,50,22662862,4.1,B,91,Website Lead,Enterprise (200+ agents),2026-08-16T22:18:38Z
CREAM-20260816-00516,Nicholas Allen,Nicholas Allen,Nicholas,Allen,nicholasa@kellerwilliamsrealty.com,(214) 937-7655,Keller Williams Realty,Keller Williams Realty,Riverside,Riverside,CA,94504,24,37,37,23688549,3.7,B,100,LinkedIn,Enterprise (200+ agents),2026-08-16T01:33:31Z
CREAM-20260816-00517,George James,George James,George,James,gjames@aol.com,(714) 592-1655,eXp Realty,eXp Realty,Chula Vista,Chula Vista,CA,95496,18,77,77,55940504,3.6,B,85,NAR Directory,Mid-size (11-50 agents),2026-08-16T06:43:57Z
CREAM-20260816-00518,Maria Murphy,Maria Murphy,Maria,Murphy,mariamurphy@me.com,(919) 549-6998,Keller Williams,Keller Williams,Arlington,Arlington,TX,79485,10,65,65,24070746,4.5,B,72,LinkedIn,Mid-size (11-50 agents),2026-08-16T18:03:15Z
CREAM-20260816-00519,Patricia Kelly,Patricia Kelly,Patricia,Kelly,pkelly@compass.com,(805) 295-6305,Compass,Compass,Lakewood,Lakewood,CO,80139,0,2,2,1112245,3.7,B,73,Brokerage Listings,Large (51-200 agents),2026-08-16T13:44:50Z
CREAM-20260816-00520,Helen Sanchez,Helen Sanchez,Helen,Sanchez,helen.sanchez@aol.com,(718) 550-5012,Long Realty,Long Realty,Tempe,Tempe,AZ,86765,8,36,36,12249971,4.9,B,61,Brokerage Listings,Boutique (2-10 agents),2026-08-16T03:06:43Z
CREAM-20260816-00521,Alexander Ward,Alexander Ward,Alexander,Ward,alexander.ward@yahoo.com,(714) 321-7976,LIV Sotheby's,LIV Sotheby's,Arvada,Arvada,CO,81670,8,19,19,10902700,3.0,B,74,LinkedIn,Large (51-200 agents),2026-08-16T13:48:39Z
CREAM-20260816-00522,Matthew Thompson,Matthew Thompson,Matthew,Thompson,matthew.thompson@aol.com,(805) 576-1245,Berkshire Hathaway,Berkshire Hathaway,Tallahassee,Tallahassee,FL,32409,16,44,44,20236604,4.0,B,66,Referral Network,Boutique (2-10 agents),2026-08-16T07:46:21Z
CREAM-20260816-00523,Jeffrey Bailey,Jeffrey Bailey,Jeffrey,Bailey,jeffreyb@berkshirehathaway.com,(805) 707-4960,Berkshire Hathaway,Berkshire Hathaway,Lakewood,Lakewood,CO,80239,6,26,26,16429672,3.4,B,94,Facebook,Large (51-200 agents),2026-08-16T19:11:41Z
CREAM-20260816-00524,Jacqueline Ramos,Jacqueline Ramos,Jacqueline,Ramos,jramos@corcorangroup.com,(334) 697-5135,Corcoran Group,Corcoran Group,New Rochelle,New Rochelle,NY,14380,24,78,78,63068641,4.1,B,87,MLS Database,Large (51-200 agents),2026-08-16T15:15:41Z
CREAM-20260816-00525,Michael Long,Michael Long,Michael,Long,michael.long@coldwellbanker.com,(415) 513-7762,Coldwell Banker,Coldwell Banker,Corpus Christi,Corpus Christi,TX,77987,2,11,11,3032347,3.9,B,76,Website Lead,Enterprise (200+ agents),2026-08-16T21:46:11Z
CREAM-20260816-00526,Jessica Perez,Jessica Perez,Jessica,Perez,jessica.perez@outlook.com,(415) 565-9464,eXp Realty,eXp Realty,Bakersfield,Bakersfield,CA,95449,19,29,29,19099974,3.5,B,63,Brokerage Listings,Large (51-200 agents),2026-08-16T11:05:03Z
CREAM-20260816-00527,William Parker,William Parker,William,Parker,william.parker@re/max.com,(469) 263-3839,RE/MAX,RE/MAX,Cary,Cary,NC,28180,2,12,12,4509689,4.7,B,89,Referral Network,Independent,2026-08-16T11:17:59Z
CREAM-20260816-00528,Brandon Mitchell,Brandon Mitchell,Brandon,Mitchell,brandonm@hotmail.com,(513) 677-2491,Brown Harris Stevens,Brown Harris Stevens,Syracuse,Syracuse,NY,12545,23,29,29,16654500,4.8,B,66,Trade Show,Mid-size (11-50 agents),2026-08-16T09:02:52Z
CREAM-20260816-00529,Anthony Lopez,Anthony Lopez,Anthony,Lopez,anthonylopez@hotmail.com,(718) 219-2248,Coldwell Banker,Coldwell Banker,Pembroke Pines,Pembroke Pines,FL,34361,2,3,3,1572105,3.1,B,87,Referral Network,Large (51-200 agents),2026-08-16T10:41:05Z
CREAM-20260816-00530,Sharon Kim,Sharon Kim,Sharon,Kim,skim@icloud.com,(404) 316-2486,Coldwell Banker,Coldwell Banker,Stockton,Stockton,CA,91710,24,26,26,27516190,3.7,B,88,Website Lead,Enterprise (200+ agents),2026-08-16T22:23:52Z
CREAM-20260816-00531,Arthur Morris,Arthur Morris,Arthur,Morris,arthur.morris@icloud.com,(310) 829-1002,Allen Tate,Allen Tate,Durham,Durham,NC,27426,19,56,56,17552034,3.0,B,96,Brokerage Listings,Boutique (2-10 agents),2026-08-16T22:21:11Z
CREAM-20260816-00532,Justin Robinson,Justin Robinson,Justin,Robinson,justinrobinson@gmail.com,(713) 235-6088,Berkshire Hathaway,Berkshire Hathaway,Chandler,Chandler,AZ,86887,16,28,28,12242082,3.4,B,100,Cold Outreach,Mid-size (11-50 agents),2026-08-16T05:11:23Z
CREAM-20260816-00533,Brenda Lopez,Brenda Lopez,Brenda,Lopez,blopez@aol.com,(916) 837-8314,Huntington Real Estate,Huntington Real Estate,Toledo,Toledo,OH,44219,24,41,41,11551945,3.4,B,71,Facebook,Independent,2026-08-16T13:37:09Z
CREAM-20260816-00534,Roger Foster,Roger Foster,Roger,Foster,roger_foster@aol.com,(980) 585-2746,Coldwell Banker,Coldwell Banker,Hialeah,Hialeah,FL,33223,0,3,3,1427777,4.2,B,93,Referral Network,Independent,2026-08-16T21:49:52Z
CREAM-20260816-00535,Jacob Stewart,Jacob Stewart,Jacob,Stewart,jacob_stewart@icloud.com,(334) 547-5815,RE/MAX,RE/MAX,Thornton,Thornton,CO,81780,25,69,69,30607005,4.2,B,100,Facebook,Independent,2026-08-16T18:33:01Z
CREAM-20260816-00536,Scott Johnson,Scott Johnson,Scott,Johnson,scottj@briggsfreemansothebys.com,(718) 731-1657,Briggs Freeman Sotheby's,Briggs Freeman Sotheby's,Lubbock,Lubbock,TX,75144,5,11,11,4254636,4.9,B,63,NAR Directory,Enterprise (200+ agents),2026-08-16T13:37:10Z
CREAM-20260816-00537,Heather Morris,Heather Morris,Heather,Morris,hmorris@allentate.com,(334) 337-5926,Allen Tate,Allen Tate,Cary,Cary,NC,27533,3,9,9,2996994,4.2,B,79,Facebook,Mid-size (11-50 agents),2026-08-16T11:01:31Z
CREAM-20260816-00538,Dennis Bailey,Dennis Bailey,Dennis,Bailey,dennisb@gmail.com,(646) 779-6630,Howard Hanna,Howard Hanna,Durham,Durham,NC,27342,5,10,10,4007747,4.3,B,96,MLS Database,Enterprise (200+ agents),2026-08-16T22:44:46Z
CREAM-20260816-00539,Albert Phillips,Albert Phillips,Albert,Phillips,albertp@icloud.com,(718) 955-9186,Keller Williams,Keller Williams,Rochester,Rochester,NY,13459,6,20,20,13061375,3.7,B,85,NAR Directory,Independent,2026-08-16T05:56:58Z
CREAM-20260816-00540,Walter Howard,Walter Howard,Walter,Howard,whoward@yahoo.com,(713) 285-9444,Berkshire Hathaway,Berkshire Hathaway,Thornton,Thornton,CO,80885,0,3,3,1856960,3.9,B,85,Trade Show,Large (51-200 agents),2026-08-16T07:37:42Z
CREAM-20260816-00541,Amy Alvarez,Amy Alvarez,Amy,Alvarez,amya@compass.com,(512) 762-7638,Compass,Compass,Anaheim,Anaheim,CA,95152,14,75,75,46284492,4.7,B,69,Trade Show,Large (51-200 agents),2026-08-16T01:27:11Z
CREAM-20260816-00542,Sandra Bennett,Sandra Bennett,Sandra,Bennett,sandra.bennett@yahoo.com,(718) 533-1963,RE/MAX,RE/MAX,Akron,Akron,OH,44582,1,6,6,1459213,3.8,B,77,MLS Database,Enterprise (200+ agents),2026-08-16T17:36:54Z
CREAM-20260816-00543,Louis Murphy,Louis Murphy,Louis,Murphy,louis.murphy@yahoo.com,(614) 968-9285,Compass,Compass,Pembroke Pines,Pembroke Pines,FL,34279,4,16,16,6977774,4.7,B,76,Brokerage Listings,Large (51-200 agents),2026-08-16T17:29:07Z
CREAM-20260816-00544,Lawrence Nguyen,Lawrence Nguyen,Lawrence,Nguyen,lawrencen@kellerwilliams.com,(469) 229-4184,Keller Williams,Keller Williams,Fort Collins,Fort Collins,CO,81659,22,55,55,34353486,3.6,B,64,Realtor.com,Large (51-200 agents),2026-08-16T07:08:39Z
CREAM-20260816-00545,Rebecca Alvarez,Rebecca Alvarez,Rebecca,Alvarez,ralvarez@outlook.com,(929) 406-7166,Berkshire Hathaway,Berkshire Hathaway,Chandler,Chandler,AZ,85626,15,43,43,17854968,3.1,B,73,Facebook,Boutique (2-10 agents),2026-08-16T10:13:09Z
CREAM-20260816-00546,Danielle Lee,Danielle Lee,Danielle,Lee,danielle.lee@aol.com,(513) 837-9476,Coldwell Banker,Coldwell Banker,Fayetteville,Fayetteville,NC,28892,14,49,49,20648761,3.8,B,70,MLS Database,Large (51-200 agents),2026-08-16T04:05:21Z
CREAM-20260816-00547,Daniel Walker,Daniel Walker,Daniel,Walker,daniel_walker@outlook.com,(704) 844-5715,Keller Williams,Keller Williams,Lakewood,Lakewood,CO,80275,2,12,12,6987511,4.3,B,73,Cold Outreach,Independent,2026-08-16T00:06:27Z
CREAM-20260816-00548,Lawrence Ortiz,Lawrence Ortiz,Lawrence,Ortiz,lawrence.ortiz@berkshirehathaway.com,(334) 863-6991,Berkshire Hathaway,Berkshire Hathaway,Garland,Garland,TX,75316,4,24,24,6062192,4.2,B,60,Trade Show,Boutique (2-10 agents),2026-08-16T01:00:47Z
CREAM-20260816-00549,Judith Robinson,Judith Robinson,Judith,Robinson,jrobinson@icloud.com,(305) 529-4863,Briggs Freeman Sotheby's,Briggs Freeman Sotheby's,Garland,Garland,TX,75778,0,0,0,0,4.9,B,90,Referral Network,Large (51-200 agents),2026-08-16T01:50:49Z
CREAM-20260816-00550,Bruce Kim,Bruce Kim,Bruce,Kim,bkim@yahoo.com,(513) 741-8917,Howard Hanna,Howard Hanna,Winston-Salem,Winston-Salem,NC,27499,10,32,32,12228720,4.1,B,92,Website Lead,Boutique (2-10 agents),2026-08-16T16:00:00Z
CREAM-20260816-00551,Richard Torres,Richard Torres,Richard,Torres,richardt@berkshirehathaway.com,(305) 335-8894,Berkshire Hathaway,Berkshire Hathaway,Amarillo,Amarillo,TX,76579,9,31,31,8576003,4.1,B,73,Realtor.com,Enterprise (200+ agents),2026-08-16T17:19:26Z
CREAM-20260816-00552,Tyler Howard,Tyler Howard,Tyler,Howard,tyler.howard@hotmail.com,(718) 452-3911,Coldwell Banker,Coldwell Banker,Cape Coral,Cape Coral,FL,33227,2,10,10,3336576,3.0,B,71,LinkedIn,Mid-size (11-50 agents),2026-08-16T03:11:36Z
CREAM-20260816-00553,Mary Price,Mary Price,Mary,Price,mary.price@berkshirehathaway.com,(214) 660-4068,Berkshire Hathaway,Berkshire Hathaway,Arvada,Arvada,CO,80309,12,55,55,25612611,4.2,B,96,Cold Outreach,Independent,2026-08-16T22:16:58Z
CREAM-20260816-00554,Brian Green,Brian Green,Brian,Green,bgreen@brownharrisstevens.com,(512) 760-8093,Brown Harris Stevens,Brown Harris Stevens,Rochester,Rochester,NY,11232,4,21,21,12905219,4.2,B,99,Website Lead,Independent,2026-08-16T17:34:51Z
CREAM-20260816-00555,Arthur Kim,Arthur Kim,Arthur,Kim,arthur.kim@me.com,(916) 612-9328,Berkshire Hathaway,Berkshire Hathaway,Akron,Akron,OH,45718,5,18,18,3760430,3.9,B,79,Website Lead,Boutique (2-10 agents),2026-08-16T10:38:17Z
CREAM-20260816-00556,Kathleen Murphy,Kathleen Murphy,Kathleen,Murphy,kmurphy@re/max.com,(334) 576-1244,RE/MAX,RE/MAX,Amarillo,Amarillo,TX,78758,4,23,23,8181049,4.9,B,79,Facebook,Independent,2026-08-16T15:43:54Z
CREAM-20260816-00557,Matthew Lee,Matthew Lee,Matthew,Lee,matthewlee@hotmail.com,(310) 591-7158,Berkshire Hathaway,Berkshire Hathaway,Tempe,Tempe,AZ,85354,3,15,15,7485112,3.1,B,66,Trade Show,Mid-size (11-50 agents),2026-08-16T15:47:40Z
CREAM-20260816-00558,Ronald Mendoza,Ronald Mendoza,Ronald,Mendoza,ronaldm@gmail.com,(214) 387-5662,Coldwell Banker,Coldwell Banker,Amarillo,Amarillo,TX,77186,2,5,5,1893499,4.2,B,93,Website Lead,Enterprise (200+ agents),2026-08-16T19:01:51Z
CREAM-20260816-00559,Lisa Campbell,Lisa Campbell,Lisa,Campbell,lcampbell@yahoo.com,(646) 654-4634,Coldwell Banker,Coldwell Banker,Corpus Christi,Corpus Christi,TX,76724,5,22,22,6811919,4.3,B,67,Referral Network,Large (51-200 agents),2026-08-16T14:20:28Z
CREAM-20260816-00560,Debra Nguyen,Debra Nguyen,Debra,Nguyen,debra.nguyen@kellerwilliams.com,(972) 417-2527,Keller Williams,Keller Williams,Cary,Cary,NC,27926,25,79,79,33447858,3.0,B,90,Cold Outreach,Mid-size (11-50 agents),2026-08-16T10:52:47Z
CREAM-20260816-00561,John Gutierrez,John Gutierrez,John,Gutierrez,johng@douglaselliman.com,(256) 833-9275,Douglas Elliman,Douglas Elliman,Irving,Irving,TX,75719,18,77,77,24958435,4.8,B,63,Facebook,Large (51-200 agents),2026-08-16T02:13:11Z
CREAM-20260816-00562,Jerry Rivera,Jerry Rivera,Jerry,Rivera,jerry.rivera@icloud.com,(512) 653-8947,HomeSmart,HomeSmart,Chandler,Chandler,AZ,86496,3,13,13,4620711,3.8,B,66,LinkedIn,Boutique (2-10 agents),2026-08-16T08:37:37Z
CREAM-20260816-00563,Anna Long,Anna Long,Anna,Long,anna.long@me.com,(512) 742-9655,eXp Realty,eXp Realty,Fort Collins,Fort Collins,CO,81950,20,76,76,32425874,4.7,B,67,Trade Show,Enterprise (200+ agents),2026-08-16T05:17:12Z
CREAM-20260816-00564,Julia King,Julia King,Julia,King,juliak@gmail.com,(404) 521-8175,Keller Williams,Keller Williams,New Rochelle,New Rochelle,NY,14728,15,34,34,17022879,3.1,B,91,Cold Outreach,Enterprise (200+ agents),2026-08-16T13:09:13Z
CREAM-20260816-00565,Alexander Chavez,Alexander Chavez,Alexander,Chavez,alexander.chavez@gmail.com,(929) 366-8073,RE/MAX,RE/MAX,Anaheim,Anaheim,CA,95751,1,11,11,7318497,3.6,B,93,LinkedIn,Independent,2026-08-16T12:10:49Z
CREAM-20260816-00566,Thomas Wilson,Thomas Wilson,Thomas,Wilson,thomasw@aol.com,(234) 828-3082,Berkshire Hathaway,Berkshire Hathaway,Tallahassee,Tallahassee,FL,32472,15,31,31,9532469,4.9,B,63,Website Lead,Enterprise (200+ agents),2026-08-16T13:48:14Z
CREAM-20260816-00567,Matthew Anderson,Matthew Anderson,Matthew,Anderson,matthew.anderson@outlook.com,(512) 290-6627,eXp Realty,eXp Realty,Fresno,Fresno,CA,90841,18,28,28,17942055,3.3,B,92,NAR Directory,Independent,2026-08-16T22:59:47Z
CREAM-20260816-00568,Christopher Watson,Christopher Watson,Christopher,Watson,christopher.watson@hotmail.com,(256) 670-7566,Halstead,Halstead,New Rochelle,New Rochelle,NY,12295,14,57,57,30699307,3.2,B,74,Trade Show,Enterprise (200+ agents),2026-08-16T10:21:54Z
CREAM-20260816-00569,George Howard,George Howard,George,Howard,ghoward@allentate.com,(256) 522-5830,Allen Tate,Allen Tate,Fayetteville,Fayetteville,NC,27513,11,69,69,22756691,3.4,B,86,Referral Network,Large (51-200 agents),2026-08-16T10:36:30Z
CREAM-20260816-00570,Ruth Fisher,Ruth Fisher,Ruth,Fisher,ruth_fisher@yahoo.com,(404) 375-4743,HER Realtors,HER Realtors,Dayton,Dayton,OH,44333,7,32,32,8768092,4.1,B,79,Website Lead,Mid-size (11-50 agents),2026-08-16T07:29:55Z
CREAM-20260816-00571,Justin Reed,Justin Reed,Justin,Reed,justinr@yahoo.com,(805) 498-1061,RE/MAX,RE/MAX,Pembroke Pines,Pembroke Pines,FL,32435,4,8,8,2978709,4.2,B,88,NAR Directory,Enterprise (200+ agents),2026-08-16T21:11:37Z
CREAM-20260816-00572,Bruce Hughes,Bruce Hughes,Bruce,Hughes,brucehughes@yahoo.com,(714) 818-6702,Huntington Real Estate,Huntington Real Estate,Toledo,Toledo,OH,43542,19,40,40,11823596,4.2,B,91,Facebook,Large (51-200 agents),2026-08-16T07:06:24Z
CREAM-20260816-00573,Raymond Young,Raymond Young,Raymond,Young,raymondy@icloud.com,(916) 821-5723,Coldwell Banker,Coldwell Banker,Cary,Cary,NC,28301,0,5,5,2164585,3.7,B,86,Realtor.com,Boutique (2-10 agents),2026-08-16T14:43:54Z
CREAM-20260816-00574,Shirley Mendoza,Shirley Mendoza,Shirley,Mendoza,shirley.mendoza@alliebethallman.com,(310) 758-3699,Allie Beth Allman,Allie Beth Allman,Irving,Irving,TX,78393,1,11,11,3015445,4.0,B,89,Facebook,Mid-size (11-50 agents),2026-08-16T10:57:16Z
CREAM-20260816-00575,Lauren Scott,Lauren Scott,Lauren,Scott,lauren.scott@icloud.com,(614) 365-2536,Keller Williams,Keller Williams,Fort Collins,Fort Collins,CO,80708,2,10,10,5016489,4.0,B,85,Realtor.com,Large (51-200 agents),2026-08-16T17:51:38Z
CREAM-20260816-00576,Danielle Cox,Danielle Cox,Danielle,Cox,daniellec@russelllyonsothebys.com,(212) 598-2869,Russell Lyon Sotheby's,Russell Lyon Sotheby's,Chandler,Chandler,AZ,86245,5,10,10,4978444,4.1,B,78,Facebook,Independent,2026-08-16T04:09:19Z
CREAM-20260816-00577,Keith Evans,Keith Evans,Keith,Evans,keithevans@yahoo.com,(980) 454-3785,Compass,Compass,Thornton,Thornton,CO,80906,0,4,4,1998081,4.2,B,65,MLS Database,Mid-size (11-50 agents),2026-08-16T15:44:24Z
CREAM-20260816-00578,Kenneth Sanchez,Kenneth Sanchez,Kenneth,Sanchez,ksanchez@halstead.com,(512) 273-3485,Halstead,Halstead,Albany,Albany,NY,11844,10,43,43,32982818,4.5,B,62,Trade Show,Enterprise (200+ agents),2026-08-16T02:19:41Z
CREAM-20260816-00579,Louis Myers,Louis Myers,Louis,Myers,louis_myers@outlook.com,(512) 894-9562,Coldwell Banker,Coldwell Banker,Garland,Garland,TX,75999,2,9,9,3903077,3.1,B,64,Trade Show,Independent,2026-08-16T03:02:39Z
CREAM-20260816-00580,Emily Young,Emily Young,Emily,Young,emily_young@icloud.com,(714) 986-6861,eXp Realty,eXp Realty,Glendale,Glendale,AZ,86653,4,25,25,13324111,4.6,B,65,Facebook,Independent,2026-08-16T12:50:44Z
CREAM-20260816-00581,Rebecca Peterson,Rebecca Peterson,Rebecca,Peterson,rebecca.peterson@coldwellbanker.com,(512) 260-7550,Coldwell Banker,Coldwell Banker,Arlington,Arlington,TX,77600,0,5,5,1503424,3.5,B,63,Realtor.com,Enterprise (200+ agents),2026-08-16T13:49:14Z
CREAM-20260816-00582,Lisa Bailey,Lisa Bailey,Lisa,Bailey,lisab@yahoo.com,(713) 865-4421,RE/MAX,RE/MAX,Amarillo,Amarillo,TX,79808,18,39,39,12552510,4.4,B,60,MLS Database,Boutique (2-10 agents),2026-08-16T10:29:47Z
CREAM-20260816-00583,Andrew Jackson,Andrew Jackson,Andrew,Jackson,ajackson@kellerwilliams.com,(310) 203-7199,Keller Williams,Keller Williams,Thornton,Thornton,CO,81121,25,38,38,17873379,3.6,B,85,NAR Directory,Large (51-200 agents),2026-08-16T08:53:33Z
CREAM-20260816-00584,Stephanie Smith,Stephanie Smith,Stephanie,Smith,stephaniesmith@gmail.com,(234) 693-2266,Douglas Elliman,Douglas Elliman,Yonkers,Yonkers,NY,13478,2,8,8,4398490,3.0,B,79,Cold Outreach,Large (51-200 agents),2026-08-16T10:51:24Z
CREAM-20260816-00585,Joseph Bailey,Joseph Bailey,Joseph,Bailey,jbailey@hotmail.com,(646) 722-8824,Compass,Compass,Tallahassee,Tallahassee,FL,33307,1,4,4,1395366,3.9,B,61,Brokerage Listings,Enterprise (200+ agents),2026-08-16T02:40:46Z
CREAM-20260816-00586,Kenneth Johnson,Kenneth Johnson,Kenneth,Johnson,kennethj@hotmail.com,(602) 235-3931,Berkshire Hathaway HomeServices,Berkshire Hathaway HomeServices,Anaheim,Anaheim,CA,94973,17,74,74,66184336,3.2,B,89,Facebook,Enterprise (200+ agents),2026-08-16T20:26:22Z
CREAM-20260816-00587,Ralph Mitchell,Ralph Mitchell,Ralph,Mitchell,ralphmitchell@hotmail.com,(929) 232-5440,Compass,Compass,Thornton,Thornton,CO,80605,15,59,59,27701529,4.6,B,89,Brokerage Listings,Independent,2026-08-16T09:58:32Z
CREAM-20260816-00588,Emma Kelly,Emma Kelly,Emma,Kelly,emma.kelly@hotmail.com,(512) 694-4200,eXp Realty,eXp Realty,Arvada,Arvada,CO,81317,12,47,47,20397462,3.1,B,61,NAR Directory,Large (51-200 agents),2026-08-16T07:02:38Z
CREAM-20260816-00589,John Ward,John Ward,John,Ward,johnward@icloud.com,(929) 380-4564,RE/MAX,RE/MAX,Pembroke Pines,Pembroke Pines,FL,33729,5,12,12,4286078,4.1,B,69,NAR Directory,Enterprise (200+ agents),2026-08-16T09:06:30Z
CREAM-20260816-00590,Edward Parker,Edward Parker,Edward,Parker,eparker@aol.com,(513) 547-9061,Compass,Compass,Thornton,Thornton,CO,80631,20,76,76,43426135,4.7,B,100,Cold Outreach,Large (51-200 agents),2026-08-16T01:15:16Z
CREAM-20260816-00591,Donald Long,Donald Long,Donald,Long,donaldl@yahoo.com,(334) 700-9363,Sotheby's International,Sotheby's International,Chula Vista,Chula Vista,CA,93897,4,18,18,12026375,3.2,B,87,Trade Show,Mid-size (11-50 agents),2026-08-16T15:44:08Z
CREAM-20260816-00592,Steven Sullivan,Steven Sullivan,Steven,Sullivan,stevens@aol.com,(305) 415-1940,Huntington Real Estate,Huntington Real Estate,Dayton,Dayton,OH,44813,9,27,27,8452972,3.0,B,62,Referral Network,Large (51-200 agents),2026-08-16T17:28:44Z
CREAM-20260816-00593,Dennis Anderson,Dennis Anderson,Dennis,Anderson,dennis.anderson@me.com,(212) 411-8037,Century 21,Century 21,Cape Coral,Cape Coral,FL,34252,4,23,23,10880901,4.8,B,94,Facebook,Independent,2026-08-16T06:04:05Z
CREAM-20260816-00594,Joseph Scott,Joseph Scott,Joseph,Scott,joseph_scott@yahoo.com,(916) 990-4513,Corcoran Group,Corcoran Group,Buffalo,Buffalo,NY,14532,13,39,39,31667252,4.8,B,86,Brokerage Listings,Mid-size (11-50 agents),2026-08-16T03:56:50Z
CREAM-20260816-00595,Karen Sanchez,Karen Sanchez,Karen,Sanchez,karen_sanchez@icloud.com,(916) 644-3874,Compass,Compass,Arvada,Arvada,CO,81881,12,65,65,30493751,3.1,B,63,Facebook,Large (51-200 agents),2026-08-16T12:58:26Z
CREAM-20260816-00596,Albert Ramos,Albert Ramos,Albert,Ramos,aramos@icloud.com,(214) 912-9989,Cutler Real Estate,Cutler Real Estate,Akron,Akron,OH,43900,10,70,70,13276235,4.9,B,82,Trade Show,Large (51-200 agents),2026-08-16T05:35:37Z
CREAM-20260816-00597,Philip Roberts,Philip Roberts,Philip,Roberts,philipr@hotmail.com,(513) 891-7224,HER Realtors,HER Realtors,Toledo,Toledo,OH,45471,3,15,15,3274827,4.1,B,98,Website Lead,Boutique (2-10 agents),2026-08-16T18:37:03Z
CREAM-20260816-00598,Sarah Jackson,Sarah Jackson,Sarah,Jackson,sarahj@re/max.com,(214) 961-3265,RE/MAX,RE/MAX,Fort Collins,Fort Collins,CO,80251,1,10,10,6374121,3.4,B,72,LinkedIn,Independent,2026-08-16T17:43:34Z
CREAM-20260816-00599,Eric Gonzalez,Eric Gonzalez,Eric,Gonzalez,eric.gonzalez@outlook.com,(305) 471-8197,Coldwell Banker,Coldwell Banker,Lubbock,Lubbock,TX,79319,25,61,61,25743310,3.6,B,70,Website Lead,Enterprise (200+ agents),2026-08-16T13:58:15Z
CREAM-20260816-00600,Michael Wilson,Michael Wilson,Michael,Wilson,michaelw@aol.com,(704) 996-4544,Compass,Compass,Fort Collins,Fort Collins,CO,80800,9,21,21,13905197,3.5,B,73,Realtor.com,Mid-size (11-50 agents),2026-08-16T04:18:20Z
CREAM-20260816-00601,Sarah Hughes,Sarah Hughes,Sarah,Hughes,sarahh@gmail.com,(646) 373-3512,Nest Seekers,Nest Seekers,New Rochelle,New Rochelle,NY,12219,9,37,37,27992136,3.3,B,90,Referral Network,Independent,2026-08-16T03:36:17Z
CREAM-20260816-00602,Sharon Perry,Sharon Perry,Sharon,Perry,sperry@hotmail.com,(310) 219-9934,Halstead,Halstead,New Rochelle,New Rochelle,NY,10385,9,34,34,22616946,3.8,B,88,NAR Directory,Boutique (2-10 agents),2026-08-16T01:16:27Z
CREAM-20260816-00603,Betty Williams,Betty Williams,Betty,Williams,betty_williams@aol.com,(646) 906-3096,LIV Sotheby's,LIV Sotheby's,Fort Collins,Fort Collins,CO,81414,5,22,22,9526208,3.0,B,70,MLS Database,Enterprise (200+ agents),2026-08-16T21:30:07Z
CREAM-20260816-00604,Grace Cruz,Grace Cruz,Grace,Cruz,grace.cruz@exprealty.com,(310) 932-3358,eXp Realty,eXp Realty,Winston-Salem,Winston-Salem,NC,27561,21,34,34,15401721,3.3,B,85,Facebook,Boutique (2-10 agents),2026-08-16T19:58:10Z
CREAM-20260816-00605,Amanda Green,Amanda Green,Amanda,Green,amanda.green@icloud.com,(786) 545-4423,Compass,Compass,Winston-Salem,Winston-Salem,NC,28575,0,5,5,1989839,3.9,B,72,Facebook,Large (51-200 agents),2026-08-16T11:53:38Z
CREAM-20260816-00606,Patrick King,Patrick King,Patrick,King,patrickking@me.com,(310) 655-4436,Keller Williams,Keller Williams,Dayton,Dayton,OH,43118,0,5,5,1127903,4.9,B,71,Brokerage Listings,Large (51-200 agents),2026-08-16T09:51:49Z
CREAM-20260816-00607,Lisa Sanders,Lisa Sanders,Lisa,Sanders,lisas@gmail.com,(714) 888-6844,Keller Williams,Keller Williams,Garland,Garland,TX,76294,7,22,22,7412072,4.8,B,72,Cold Outreach,Enterprise (200+ agents),2026-08-16T03:06:04Z
CREAM-20260816-00608,Justin Moore,Justin Moore,Justin,Moore,justinmoore@me.com,(602) 686-2793,Berkshire Hathaway,Berkshire Hathaway,Parma,Parma,OH,44857,20,59,59,16719790,3.6,B,92,Brokerage Listings,Large (51-200 agents),2026-08-16T02:46:07Z
CREAM-20260816-00609,Laura Martin,Laura Martin,Laura,Martin,laura.martin@coldwellbanker.com,(404) 430-1915,Coldwell Banker,Coldwell Banker,Lakewood,Lakewood,CO,81231,24,54,54,36174565,3.9,B,63,Realtor.com,Large (51-200 agents),2026-08-16T15:41:00Z
CREAM-20260816-00610,Joseph Sanders,Joseph Sanders,Joseph,Sanders,joseph.sanders@me.com,(805) 349-9584,eXp Realty,eXp Realty,Akron,Akron,OH,45772,13,44,44,10491490,3.7,B,84,Cold Outreach,Boutique (2-10 agents),2026-08-16T15:14:42Z
CREAM-20260816-00611,Betty Lewis,Betty Lewis,Betty,Lewis,betty.lewis@aol.com,(303) 253-7213,Sotheby's International,Sotheby's International,Rochester,Rochester,NY,10197,7,38,38,26417943,4.1,B,69,Referral Network,Independent,2026-08-16T15:25:19Z
CREAM-20260816-00612,Katherine Martinez,Katherine Martinez,Katherine,Martinez,katherine_martinez@icloud.com,(212) 711-7982,Keller Williams,Keller Williams,Glendale,Glendale,AZ,86497,20,25,25,9900053,3.7,B,96,MLS Database,Mid-size (11-50 agents),2026-08-16T15:07:19Z
CREAM-20260816-00613,Nicholas Brooks,Nicholas Brooks,Nicholas,Brooks,nicholasbrooks@gmail.com,(256) 538-2057,eXp Realty,eXp Realty,Tallahassee,Tallahassee,FL,33871,6,23,23,8597340,4.0,B,63,Facebook,Boutique (2-10 agents),2026-08-16T04:20:33Z
CREAM-20260816-00614,Roger Gutierrez,Roger Gutierrez,Roger,Gutierrez,rgutierrez@corcorangroup.com,(786) 213-3746,Corcoran Group,Corcoran Group,Buffalo,Buffalo,NY,14847,0,0,0,0,4.1,B,86,NAR Directory,Independent,2026-08-16T13:07:28Z
CREAM-20260816-00615,David Carter,David Carter,David,Carter,david.carter@outlook.com,(805) 559-2974,Nest Seekers,Nest Seekers,New Rochelle,New Rochelle,NY,12328,7,18,18,12293051,4.1,B,100,Cold Outreach,Boutique (2-10 agents),2026-08-16T21:42:08Z
CREAM-20260816-00616,Lisa Phillips,Lisa Phillips,Lisa,Phillips,lisa.phillips@coldwellbanker.com,(720) 225-4573,Coldwell Banker,Coldwell Banker,Lakewood,Lakewood,CO,81826,7,27,27,15333074,4.4,B,72,Realtor.com,Mid-size (11-50 agents),2026-08-16T12:53:21Z
CREAM-20260816-00617,Shirley Moore,Shirley Moore,Shirley,Moore,shirley.moore@howardhanna.com,(305) 846-7326,Howard Hanna,Howard Hanna,Cary,Cary,NC,28382,18,52,52,21731043,3.9,B,80,Realtor.com,Boutique (2-10 agents),2026-08-16T02:36:15Z
CREAM-20260816-00618,Thomas James,Thomas James,Thomas,James,thomas_james@outlook.com,(972) 748-5799,Pacific Sotheby's,Pacific Sotheby's,Stockton,Stockton,CA,90306,7,39,39,27663580,4.0,B,82,Cold Outreach,Enterprise (200+ agents),2026-08-16T10:24:20Z
CREAM-20260816-00619,Jason Perry,Jason Perry,Jason,Perry,jasonp@coldwellbanker.com,(919) 380-8003,Coldwell Banker,Coldwell Banker,Port St. Lucie,Port St. Lucie,FL,32238,1,10,10,4572875,5.0,B,86,Referral Network,Enterprise (200+ agents),2026-08-16T11:37:22Z
CREAM-20260816-00620,Catherine Richardson,Catherine Richardson,Catherine,Richardson,crichardson@icloud.com,(407) 563-1173,Berkshire Hathaway,Berkshire Hathaway,Amarillo,Amarillo,TX,77891,2,3,3,1021840,3.5,B,99,LinkedIn,Enterprise (200+ agents),2026-08-16T00:18:09Z
CREAM-20260816-00621,Angela Hughes,Angela Hughes,Angela,Hughes,ahughes@coldwellbanker.com,(310) 866-6912,Coldwell Banker,Coldwell Banker,Lakewood,Lakewood,CO,80960,0,2,2,1295902,3.7,B,93,Brokerage Listings,Independent,2026-08-16T15:25:55Z
CREAM-20260816-00622,Helen Perez,Helen Perez,Helen,Perez,hperez@coldwellbanker.com,(980) 574-6097,Coldwell Banker,Coldwell Banker,Santa Ana,Santa Ana,CA,96194,11,37,37,27184022,4.4,B,71,Referral Network,Large (51-200 agents),2026-08-16T22:33:28Z
CREAM-20260816-00623,Olivia Rodriguez,Olivia Rodriguez,Olivia,Rodriguez,olivia_rodriguez@yahoo.com,(972) 540-8926,Allie Beth Allman,Allie Beth Allman,Garland,Garland,TX,77460,2,7,7,2443759,3.6,B,100,Cold Outreach,Boutique (2-10 agents),2026-08-16T23:27:11Z
CREAM-20260816-00624,Janet Morris,Janet Morris,Janet,Morris,janetm@outlook.com,(415) 715-2649,Douglas Elliman,Douglas Elliman,Port St. Lucie,Port St. Lucie,FL,33769,3,21,21,8625266,3.7,B,91,Brokerage Listings,Enterprise (200+ agents),2026-08-16T23:37:33Z
CREAM-20260816-00625,Sandra Rivera,Sandra Rivera,Sandra,Rivera,sandrar@berkshirehathaway.com,(714) 663-7801,Berkshire Hathaway,Berkshire Hathaway,Glendale,Glendale,AZ,85429,5,24,24,7141325,3.5,B,79,NAR Directory,Mid-size (11-50 agents),2026-08-16T12:06:36Z
CREAM-20260816-00626,Mark Jackson,Mark Jackson,Mark,Jackson,markj@century21.com,(407) 516-1445,Century 21,Century 21,Port St. Lucie,Port St. Lucie,FL,33592,7,16,16,8541266,3.4,B,66,Referral Network,Enterprise (200+ agents),2026-08-16T16:43:34Z
CREAM-20260816-00627,Philip Gray,Philip Gray,Philip,Gray,pgray@aol.com,(212) 219-1053,Century 21,Century 21,Hialeah,Hialeah,FL,32904,4,19,19,8781725,4.5,B,74,Referral Network,Mid-size (11-50 agents),2026-08-16T10:29:05Z
CREAM-20260816-00628,Shirley Evans,Shirley Evans,Shirley,Evans,shirleye@exprealty.com,(919) 453-6059,eXp Realty,eXp Realty,Winston-Salem,Winston-Salem,NC,27671,3,19,19,8325408,4.6,B,94,Realtor.com,Mid-size (11-50 agents),2026-08-16T04:24:33Z
CREAM-20260816-00629,Kimberly King,Kimberly King,Kimberly,King,kimberly.king@icloud.com,(713) 271-1036,Coldwell Banker,Coldwell Banker,Chandler,Chandler,AZ,85368,2,3,3,888629,4.5,B,79,Facebook,Large (51-200 agents),2026-08-16T21:52:45Z
CREAM-20260816-00630,Ryan Rogers,Ryan Rogers,Ryan,Rogers,ryan_rogers@me.com,(404) 736-3327,Long Realty,Long Realty,Gilbert,Gilbert,AZ,85824,20,68,68,21372827,4.0,B,99,Trade Show,Large (51-200 agents),2026-08-16T06:11:20Z
CREAM-20260816-00631,Maria Watson,Maria Watson,Maria,Watson,maria.watson@icloud.com,(714) 790-4875,RE/MAX,RE/MAX,Akron,Akron,OH,43589,6,27,27,5770819,4.2,B,93,Cold Outreach,Boutique (2-10 agents),2026-08-16T08:23:20Z
CREAM-20260816-00632,Angela Bailey,Angela Bailey,Angela,Bailey,abailey@kellerwilliamsrealty.com,(980) 643-7616,Keller Williams Realty,Keller Williams Realty,Fresno,Fresno,CA,96839,5,18,18,10951866,4.7,B,97,Referral Network,Large (51-200 agents),2026-08-16T21:29:25Z
CREAM-20260816-00633,Kevin Price,Kevin Price,Kevin,Price,kprice@aol.com,(720) 540-3281,8z Real Estate,8z Real Estate,Fort Collins,Fort Collins,CO,81360,24,29,29,17452116,4.2,B,79,Cold Outreach,Mid-size (11-50 agents),2026-08-16T20:13:15Z
CREAM-20260816-00634,Donald Wilson,Donald Wilson,Donald,Wilson,donaldw@hotmail.com,(234) 360-4294,eXp Realty,eXp Realty,Hollywood,Hollywood,FL,32202,1,5,5,2000193,4.8,B,78,Brokerage Listings,Mid-size (11-50 agents),2026-08-16T21:21:21Z
CREAM-20260816-00635,Walter Castillo,Walter Castillo,Walter,Castillo,walterc@kellerwilliamsrealty.com,(805) 965-9581,Keller Williams Realty,Keller Williams Realty,Hollywood,Hollywood,FL,34938,1,3,3,1027012,4.2,B,100,Brokerage Listings,Independent,2026-08-16T22:02:41Z
CREAM-20260816-00636,Shirley Edwards,Shirley Edwards,Shirley,Edwards,shirley.edwards@me.com,(718) 711-5554,Douglas Elliman,Douglas Elliman,Syracuse,Syracuse,NY,11496,11,39,39,26660833,4.5,B,98,MLS Database,Boutique (2-10 agents),2026-08-16T15:03:14Z
CREAM-20260816-00637,Justin Chavez,Justin Chavez,Justin,Chavez,justin_chavez@hotmail.com,(214) 345-8167,Berkshire Hathaway,Berkshire Hathaway,Gilbert,Gilbert,AZ,85469,0,2,2,607477,3.4,B,67,Trade Show,Large (51-200 agents),2026-08-16T13:27:46Z
CREAM-20260816-00638,Martha Howard,Martha Howard,Martha,Howard,martha.howard@me.com,(305) 713-4429,Coldwell Banker,Coldwell Banker,Chandler,Chandler,AZ,86835,6,37,37,13240451,3.3,B,69,NAR Directory,Independent,2026-08-16T07:06:46Z
CREAM-20260816-00639,Diane Green,Diane Green,Diane,Green,diane.green@alliebethallman.com,(929) 420-6519,Allie Beth Allman,Allie Beth Allman,Lubbock,Lubbock,TX,79334,18,39,39,16722231,3.6,B,74,Cold Outreach,Enterprise (200+ agents),2026-08-16T00:09:56Z
CREAM-20260816-00640,Edward Thomas,Edward Thomas,Edward,Thomas,ethomas@aol.com,(929) 606-6656,RE/MAX,RE/MAX,Fort Collins,Fort Collins,CO,80161,0,2,2,779837,4.5,B,75,Cold Outreach,Boutique (2-10 agents),2026-08-16T16:06:24Z
CREAM-20260816-00641,Kathleen Price,Kathleen Price,Kathleen,Price,kathleen.price@aol.com,(720) 577-9991,Berkshire Hathaway,Berkshire Hathaway,Arlington,Arlington,TX,75265,13,47,47,14603355,5.0,B,88,MLS Database,Independent,2026-08-16T12:47:08Z
CREAM-20260816-00642,Kimberly Cox,Kimberly Cox,Kimberly,Cox,kimberly_cox@outlook.com,(214) 319-6366,Allie Beth Allman,Allie Beth Allman,Corpus Christi,Corpus Christi,TX,78198,0,1,1,345457,4.3,B,94,Facebook,Large (51-200 agents),2026-08-16T12:18:22Z
CREAM-20260816-00643,Richard Rivera,Richard Rivera,Richard,Rivera,richardrivera@me.com,(310) 708-9825,eXp Realty,eXp Realty,Port St. Lucie,Port St. Lucie,FL,33394,14,41,41,19539007,4.3,B,67,Referral Network,Boutique (2-10 agents),2026-08-16T12:43:39Z
CREAM-20260816-00644,Debra Torres,Debra Torres,Debra,Torres,debrat@corcorangroup.com,(786) 947-4062,Corcoran Group,Corcoran Group,Rochester,Rochester,NY,10782,20,50,50,38361069,3.1,B,65,Facebook,Mid-size (11-50 agents),2026-08-16T22:20:39Z
CREAM-20260816-00645,Pamela Wood,Pamela Wood,Pamela,Wood,pamela.wood@icloud.com,(512) 932-1568,Douglas Elliman,Douglas Elliman,Garland,Garland,TX,78601,3,11,11,2984568,4.6,B,93,Realtor.com,Boutique (2-10 agents),2026-08-16T23:35:51Z
CREAM-20260816-00646,Timothy Jackson,Timothy Jackson,Timothy,Jackson,timothyj@me.com,(415) 687-9294,Berkshire Hathaway,Berkshire Hathaway,Amarillo,Amarillo,TX,78503,18,65,65,27026555,4.0,B,67,NAR Directory,Mid-size (11-50 agents),2026-08-16T14:19:31Z
CREAM-20260816-00647,Wayne Hill,Wayne Hill,Wayne,Hill,waynehill@yahoo.com,(469) 673-3272,Berkshire Hathaway,Berkshire Hathaway,Dayton,Dayton,OH,45207,19,51,51,9827226,3.9,B,75,Facebook,Enterprise (200+ agents),2026-08-16T18:34:43Z
CREAM-20260816-00648,Patricia James,Patricia James,Patricia,James,pjames@livsothebys.com,(469) 833-9114,LIV Sotheby's,LIV Sotheby's,Lakewood,Lakewood,CO,80291,12,29,29,12339136,3.4,B,98,Cold Outreach,Large (51-200 agents),2026-08-16T15:55:07Z
CREAM-20260816-00649,Lisa Phillips,Lisa Phillips,Lisa,Phillips,lphillips@outlook.com,(334) 477-6522,Compass,Compass,Cary,Cary,NC,27415,5,25,25,8070520,3.1,B,81,LinkedIn,Boutique (2-10 agents),2026-08-16T05:21:40Z
CREAM-20260816-00650,Jessica Lopez,Jessica Lopez,Jessica,Lopez,jessica.lopez@yahoo.com,(212) 412-2289,Huntington Real Estate,Huntington Real Estate,Akron,Akron,OH,43584,3,16,16,3165673,4.1,B,65,Brokerage Listings,Independent,2026-08-16T04:50:09Z
CREAM-20260816-00651,Betty Garcia,Betty Garcia,Betty,Garcia,bettygarcia@gmail.com,(512) 423-6373,RE/MAX,RE/MAX,Lakewood,Lakewood,CO,81287,0,3,3,1965274,3.9,B,92,Website Lead,Mid-size (11-50 agents),2026-08-16T15:54:08Z
CREAM-20260816-00652,Scott James,Scott James,Scott,James,scott_james@yahoo.com,(646) 863-8493,Keller Williams,Keller Williams,Winston-Salem,Winston-Salem,NC,28620,10,37,37,10303441,3.2,B,72,Realtor.com,Large (51-200 agents),2026-08-16T12:40:56Z
CREAM-20260816-00653,Joseph Jackson,Joseph Jackson,Joseph,Jackson,josephj@yahoo.com,(214) 729-2842,RE/MAX,RE/MAX,Port St. Lucie,Port St. Lucie,FL,34593,4,17,17,8082305,4.9,B,85,Referral Network,Large (51-200 agents),2026-08-16T22:54:49Z
CREAM-20260816-00654,Jonathan Kelly,Jonathan Kelly,Jonathan,Kelly,jonathankelly@yahoo.com,(614) 558-2211,HER Realtors,HER Realtors,Dayton,Dayton,OH,45762,14,78,78,24450900,4.6,B,97,NAR Directory,Independent,2026-08-16T20:23:30Z
CREAM-20260816-00655,Kenneth King,Kenneth King,Kenneth,King,kenneth.king@outlook.com,(234) 803-9188,Compass,Compass,Hialeah,Hialeah,FL,32546,11,73,73,28702913,4.0,B,88,Realtor.com,Enterprise (200+ agents),2026-08-16T08:55:28Z
CREAM-20260816-00656,Kathleen Martinez,Kathleen Martinez,Kathleen,Martinez,kmartinez@outlook.com,(646) 850-8059,eXp Realty,eXp Realty,Dayton,Dayton,OH,43582,21,68,68,16689643,4.1,B,62,Website Lead,Boutique (2-10 agents),2026-08-16T14:13:18Z
CREAM-20260816-00657,Amanda Morris,Amanda Morris,Amanda,Morris,amorris@hotmail.com,(234) 336-7291,RE/MAX,RE/MAX,Fayetteville,Fayetteville,NC,27717,12,42,42,11839613,3.9,B,89,Brokerage Listings,Large (51-200 agents),2026-08-16T07:47:37Z
CREAM-20260816-00658,Michael Green,Michael Green,Michael,Green,michael_green@yahoo.com,(614) 692-8541,Keller Williams,Keller Williams,New Rochelle,New Rochelle,NY,13740,21,41,41,26935881,4.4,B,82,LinkedIn,Large (51-200 agents),2026-08-16T19:37:57Z
CREAM-20260816-00659,Jessica Hernandez,Jessica Hernandez,Jessica,Hernandez,jessica.hernandez@hotmail.com,(786) 881-8794,eXp Realty,eXp Realty,Chula Vista,Chula Vista,CA,94835,6,35,35,24159027,4.2,B,78,Referral Network,Large (51-200 agents),2026-08-16T11:59:03Z
CREAM-20260816-00660,Ashley Carter,Ashley Carter,Ashley,Carter,ashleyc@briggsfreemansothebys.com,(512) 643-6016,Briggs Freeman Sotheby's,Briggs Freeman Sotheby's,Corpus Christi,Corpus Christi,TX,77609,4,9,9,2294652,3.3,B,80,Trade Show,Large (51-200 agents),2026-08-16T22:52:27Z
CREAM-20260816-00661,Gregory Myers,Gregory Myers,Gregory,Myers,gregorym@gmail.com,(334) 343-8816,RE/MAX,RE/MAX,Fresno,Fresno,CA,94331,5,16,16,10850035,3.1,B,67,Facebook,Independent,2026-08-16T20:07:06Z
CREAM-20260816-00662,Christine Ramirez,Christine Ramirez,Christine,Ramirez,christineramirez@yahoo.com,(972) 972-5189,Allen Tate,Allen Tate,Durham,Durham,NC,27421,21,71,71,29906553,4.1,B,85,NAR Directory,Enterprise (200+ agents),2026-08-16T11:44:16Z
CREAM-20260816-00663,Stephen Patel,Stephen Patel,Stephen,Patel,stephen.patel@outlook.com,(720) 475-7246,Coldwell Banker,Coldwell Banker,Stockton,Stockton,CA,93954,3,14,14,13070678,4.1,B,71,NAR Directory,Independent,2026-08-16T18:48:07Z
CREAM-20260816-00664,Donald Fisher,Donald Fisher,Donald,Fisher,donald.fisher@kellerwilliamsrealty.com,(646) 949-1493,Keller Williams Realty,Keller Williams Realty,Pembroke Pines,Pembroke Pines,FL,34422,25,77,77,25723747,4.7,B,60,Cold Outreach,Independent,2026-08-16T12:55:47Z
CREAM-20260816-00665,Brenda Sanchez,Brenda Sanchez,Brenda,Sanchez,brenda.sanchez@me.com,(512) 516-2859,Huntington Real Estate,Huntington Real Estate,Dayton,Dayton,OH,45321,16,31,31,5755114,4.7,B,93,MLS Database,Large (51-200 agents),2026-08-16T04:15:39Z
CREAM-20260816-00666,Anthony Thomas,Anthony Thomas,Anthony,Thomas,anthonythomas@yahoo.com,(310) 450-3092,eXp Realty,eXp Realty,Chula Vista,Chula Vista,CA,91331,2,11,11,10268666,4.1,B,77,Website Lead,Mid-size (11-50 agents),2026-08-16T10:56:09Z
CREAM-20260816-00667,Ralph White,Ralph White,Ralph,White,rwhite@halstead.com,(916) 997-1915,Halstead,Halstead,Yonkers,Yonkers,NY,14864,2,9,9,7314138,3.9,B,87,Cold Outreach,Enterprise (200+ agents),2026-08-16T10:50:34Z
CREAM-20260816-00668,Emma Jackson,Emma Jackson,Emma,Jackson,emmaj@me.com,(334) 894-7924,Keller Williams,Keller Williams,Lakewood,Lakewood,CO,81791,0,3,3,1938936,4.3,B,74,Trade Show,Enterprise (200+ agents),2026-08-16T09:10:52Z
CREAM-20260816-00669,Jacob Nguyen,Jacob Nguyen,Jacob,Nguyen,jnguyen@icloud.com,(929) 800-3485,Coldwell Banker,Coldwell Banker,Gilbert,Gilbert,AZ,85168,5,11,11,5750780,3.3,B,71,MLS Database,Boutique (2-10 agents),2026-08-16T08:39:44Z
CREAM-20260816-00670,Ruth Wood,Ruth Wood,Ruth,Wood,rwood@gmail.com,(916) 419-5741,RE/MAX,RE/MAX,Gilbert,Gilbert,AZ,86136,4,18,18,5941657,3.0,B,64,LinkedIn,Boutique (2-10 agents),2026-08-16T19:25:26Z
CREAM-20260816-00671,Patricia Lopez,Patricia Lopez,Patricia,Lopez,patricia.lopez@yahoo.com,(404) 644-8267,Compass,Compass,Cape Coral,Cape Coral,FL,34623,9,35,35,16590000,4.7,B,65,Cold Outreach,Enterprise (200+ agents),2026-08-16T13:53:05Z
CREAM-20260816-00672,Samuel Rodriguez,Samuel Rodriguez,Samuel,Rodriguez,samuelr@me.com,(234) 565-7864,Keller Williams,Keller Williams,Thornton,Thornton,CO,81168,1,7,7,3677208,3.2,B,92,NAR Directory,Independent,2026-08-16T18:14:29Z
CREAM-20260816-00673,Barbara Smith,Barbara Smith,Barbara,Smith,barbara.smith@huntingtonrealestate.com,(469) 268-7284,Huntington Real Estate,Huntington Real Estate,Parma,Parma,OH,43653,9,40,40,7717390,3.1,B,69,Trade Show,Large (51-200 agents),2026-08-16T10:33:11Z
CREAM-20260816-00674,Jennifer Ward,Jennifer Ward,Jennifer,Ward,jenniferw@berkshirehathaway.com,(407) 263-8436,Berkshire Hathaway,Berkshire Hathaway,Port St. Lucie,Port St. Lucie,FL,33931,16,73,73,22975963,3.3,B,73,Trade Show,Large (51-200 agents),2026-08-16T09:51:59Z
CREAM-20260816-00675,Edward Rodriguez,Edward Rodriguez,Edward,Rodriguez,erodriguez@outlook.com,(646) 747-2899,Brown Harris Stevens,Brown Harris Stevens,Albany,Albany,NY,10215,0,0,0,0,3.2,B,65,LinkedIn,Boutique (2-10 agents),2026-08-16T19:08:31Z
CREAM-20260816-00676,Edward Miller,Edward Miller,Edward,Miller,edwardm@icloud.com,(512) 810-5393,Nest Seekers,Nest Seekers,Rochester,Rochester,NY,12519,7,21,21,17586763,4.2,B,86,Website Lead,Independent,2026-08-16T06:03:28Z
CREAM-20260816-00677,Amber Mitchell,Amber Mitchell,Amber,Mitchell,amitchell@berkshirehathaway.com,(714) 204-1161,Berkshire Hathaway,Berkshire Hathaway,Winston-Salem,Winston-Salem,NC,28204,24,48,48,12477848,3.6,B,97,Brokerage Listings,Enterprise (200+ agents),2026-08-16T00:28:50Z
CREAM-20260816-00678,Kevin Phillips,Kevin Phillips,Kevin,Phillips,kevinphillips@icloud.com,(919) 561-3799,Coldwell Banker,Coldwell Banker,Chula Vista,Chula Vista,CA,92364,9,19,19,16564319,3.4,B,68,Referral Network,Boutique (2-10 agents),2026-08-16T15:35:42Z
CREAM-20260816-00679,Natalie Brooks,Natalie Brooks,Natalie,Brooks,natalie_brooks@icloud.com,(234) 948-7206,Coldwell Banker,Coldwell Banker,Thornton,Thornton,CO,81974,0,0,0,0,3.3,B,83,LinkedIn,Mid-size (11-50 agents),2026-08-16T23:40:06Z
CREAM-20260816-00680,Amber Stewart,Amber Stewart,Amber,Stewart,amber.stewart@icloud.com,(512) 740-2161,Halstead,Halstead,Albany,Albany,NY,13668,0,4,4,2179713,4.7,B,95,Facebook,Large (51-200 agents),2026-08-16T03:52:40Z
CREAM-20260816-00681,Steven Wood,Steven Wood,Steven,Wood,swood@yahoo.com,(972) 586-4526,Keller Williams,Keller Williams,Arvada,Arvada,CO,81560,15,29,29,12357057,3.4,B,89,Referral Network,Large (51-200 agents),2026-08-16T00:50:56Z
CREAM-20260816-00682,Andrew Hughes,Andrew Hughes,Andrew,Hughes,andrewh@aol.com,(214) 459-1845,eXp Realty,eXp Realty,Corpus Christi,Corpus Christi,TX,78738,19,43,43,17532307,4.6,B,77,Website Lead,Large (51-200 agents),2026-08-16T01:57:58Z
CREAM-20260816-00683,John Fisher,John Fisher,John,Fisher,johnf@yahoo.com,(646) 688-9155,eXp Realty,eXp Realty,Tempe,Tempe,AZ,85669,4,12,12,4211630,4.2,B,70,Website Lead,Independent,2026-08-16T23:49:28Z
CREAM-20260816-00684,Carolyn Scott,Carolyn Scott,Carolyn,Scott,carolyns@re/max.com,(646) 295-5768,RE/MAX,RE/MAX,Irving,Irving,TX,77307,4,12,12,4339063,4.8,B,75,NAR Directory,Boutique (2-10 agents),2026-08-16T13:59:29Z
CREAM-20260816-00685,Walter Sullivan,Walter Sullivan,Walter,Sullivan,walter_sullivan@aol.com,(305) 772-2005,Douglas Elliman,Douglas Elliman,Arlington,Arlington,TX,78866,4,16,16,6738480,4.7,B,87,Brokerage Listings,Boutique (2-10 agents),2026-08-16T13:24:57Z
CREAM-20260816-00686,Amber Evans,Amber Evans,Amber,Evans,amberevans@yahoo.com,(305) 833-1538,8z Real Estate,8z Real Estate,Fort Collins,Fort Collins,CO,81393,0,1,1,708815,4.0,B,62,LinkedIn,Independent,2026-08-16T23:33:02Z
CREAM-20260816-00687,Samantha Martinez,Samantha Martinez,Samantha,Martinez,smartinez@berkshirehathawayhomeservices.com,(805) 478-6420,Berkshire Hathaway HomeServices,Berkshire Hathaway HomeServices,Anaheim,Anaheim,CA,95888,6,26,26,18291900,3.7,B,65,Cold Outreach,Mid-size (11-50 agents),2026-08-16T06:29:18Z
CREAM-20260816-00688,Alexander Miller,Alexander Miller,Alexander,Miller,alexanderm@yahoo.com,(512) 593-8100,Keller Williams,Keller Williams,Thornton,Thornton,CO,80529,5,22,22,11174962,3.5,B,79,MLS Database,Large (51-200 agents),2026-08-16T04:28:13Z
CREAM-20260816-00689,Patricia Lopez,Patricia Lopez,Patricia,Lopez,patricia_lopez@icloud.com,(646) 204-5187,8z Real Estate,8z Real Estate,Lakewood,Lakewood,CO,81311,4,21,21,10697098,3.2,B,85,LinkedIn,Boutique (2-10 agents),2026-08-16T17:32:53Z
CREAM-20260816-00690,Shirley Price,Shirley Price,Shirley,Price,shirley.price@me.com,(407) 510-3964,eXp Realty,eXp Realty,Fayetteville,Fayetteville,NC,27562,7,18,18,8034644,4.7,B,88,Cold Outreach,Enterprise (200+ agents),2026-08-16T13:41:08Z
CREAM-20260816-00691,Sarah Nelson,Sarah Nelson,Sarah,Nelson,sarahn@hotmail.com,(212) 804-3848,Keller Williams,Keller Williams,Gilbert,Gilbert,AZ,86822,15,41,41,21697924,4.7,B,69,MLS Database,Boutique (2-10 agents),2026-08-16T00:12:59Z
CREAM-20260816-00692,Laura Garcia,Laura Garcia,Laura,Garcia,laurag@icloud.com,(805) 576-9685,Coldwell Banker,Coldwell Banker,Durham,Durham,NC,28980,5,9,9,2578579,4.2,B,98,LinkedIn,Mid-size (11-50 agents),2026-08-16T06:43:58Z
CREAM-20260816-00693,Carl Parker,Carl Parker,Carl,Parker,carl_parker@aol.com,(513) 653-2999,Douglas Elliman,Douglas Elliman,Port St. Lucie,Port St. Lucie,FL,34834,0,5,5,2686259,4.1,B,100,Facebook,Mid-size (11-50 agents),2026-08-16T05:46:51Z
CREAM-20260816-00694,Bruce Peterson,Bruce Peterson,Bruce,Peterson,bpeterson@kellerwilliams.com,(256) 944-9633,Keller Williams,Keller Williams,Garland,Garland,TX,79204,3,15,15,6627474,4.8,B,83,Trade Show,Independent,2026-08-16T17:14:33Z
CREAM-20260816-00695,Mary Wilson,Mary Wilson,Mary,Wilson,mwilson@me.com,(602) 232-3713,Sotheby's International,Sotheby's International,Buffalo,Buffalo,NY,11502,2,4,4,2494418,3.7,B,85,Trade Show,Boutique (2-10 agents),2026-08-16T03:31:16Z
CREAM-20260816-00696,James Miller,James Miller,James,Miller,james.miller@icloud.com,(513) 388-4084,Coldwell Banker,Coldwell Banker,Fayetteville,Fayetteville,NC,27231,0,1,1,422826,4.3,B,97,MLS Database,Large (51-200 agents),2026-08-16T20:43:47Z
CREAM-20260816-00697,Susan Russell,Susan Russell,Susan,Russell,susan.russell@sothebysinternational.com,(212) 374-1160,Sotheby's International,Sotheby's International,Stockton,Stockton,CA,94526,3,9,9,8676970,3.1,B,93,Trade Show,Boutique (2-10 agents),2026-08-16T12:32:09Z
CREAM-20260816-00698,Andrew Coleman,Andrew Coleman,Andrew,Coleman,andrewcoleman@yahoo.com,(916) 987-9755,Coldwell Banker,Coldwell Banker,Stockton,Stockton,CA,94654,5,14,14,9653450,4.1,B,71,Trade Show,Mid-size (11-50 agents),2026-08-16T16:56:00Z
CREAM-20260816-00699,Samantha Ross,Samantha Ross,Samantha,Ross,samantha_ross@gmail.com,(404) 881-3462,Keller Williams Realty,Keller Williams Realty,Santa Ana,Santa Ana,CA,96175,4,11,11,10361500,3.3,B,100,Referral Network,Mid-size (11-50 agents),2026-08-16T10:56:50Z
CREAM-20260816-00700,Michael Roberts,Michael Roberts,Michael,Roberts,michael_roberts@yahoo.com,(513) 636-6183,Keller Williams,Keller Williams,Thornton,Thornton,CO,81772,5,9,9,4501612,4.5,B,74,Referral Network,Boutique (2-10 agents),2026-08-16T09:12:47Z
CREAM-20260816-00701,Walter Watson,Walter Watson,Walter,Watson,walterwatson@gmail.com,(513) 305-2110,Cutler Real Estate,Cutler Real Estate,Toledo,Toledo,OH,44793,13,25,25,5824459,4.8,B,62,NAR Directory,Independent,2026-08-16T06:57:29Z
CREAM-20260816-00702,Angela Alexander,Angela Alexander,Angela,Alexander,angela.alexander@exprealty.com,(720) 601-2723,eXp Realty,eXp Realty,Corpus Christi,Corpus Christi,TX,79627,4,25,25,7038994,3.2,B,70,Brokerage Listings,Boutique (2-10 agents),2026-08-16T05:11:52Z
CREAM-20260816-00703,James Mendoza,James Mendoza,James,Mendoza,jmendoza@hotmail.com,(404) 644-8330,Keller Williams,Keller Williams,Parma,Parma,OH,44175,1,6,6,1315220,4.0,B,65,Facebook,Boutique (2-10 agents),2026-08-16T21:20:40Z
CREAM-20260816-00704,Elizabeth Kim,Elizabeth Kim,Elizabeth,Kim,elizabethk@douglaselliman.com,(305) 824-4769,Douglas Elliman,Douglas Elliman,Arlington,Arlington,TX,75732,25,33,33,8538236,3.2,B,87,Website Lead,Enterprise (200+ agents),2026-08-16T10:06:33Z
CREAM-20260816-00705,Brenda Perez,Brenda Perez,Brenda,Perez,bperez@yahoo.com,(718) 466-7858,eXp Realty,eXp Realty,Thornton,Thornton,CO,81300,2,5,5,3089298,3.2,B,68,LinkedIn,Large (51-200 agents),2026-08-16T15:28:22Z
CREAM-20260816-00706,Emma Moore,Emma Moore,Emma,Moore,emmamoore@icloud.com,(919) 997-9572,Keller Williams Realty,Keller Williams Realty,Hollywood,Hollywood,FL,32267,1,10,10,4756599,3.3,B,96,NAR Directory,Boutique (2-10 agents),2026-08-16T21:21:36Z
CREAM-20260816-00707,Justin Collins,Justin Collins,Justin,Collins,jcollins@aol.com,(786) 727-2542,Compass,Compass,Chula Vista,Chula Vista,CA,96438,9,40,40,30010532,4.7,B,88,Referral Network,Large (51-200 agents),2026-08-16T10:15:45Z
CREAM-20260816-00708,Samuel Reyes,Samuel Reyes,Samuel,Reyes,sreyes@re/max.com,(512) 255-7287,RE/MAX,RE/MAX,Pembroke Pines,Pembroke Pines,FL,33697,1,6,6,2270181,3.1,B,93,Trade Show,Boutique (2-10 agents),2026-08-16T17:26:00Z
CREAM-20260816-00709,Gregory Allen,Gregory Allen,Gregory,Allen,gallen@yahoo.com,(303) 753-7518,Century 21,Century 21,Pembroke Pines,Pembroke Pines,FL,34228,24,52,52,26940313,5.0,B,73,Trade Show,Enterprise (200+ agents),2026-08-16T14:37:41Z
CREAM-20260816-00710,Aaron Mendoza,Aaron Mendoza,Aaron,Mendoza,aaronm@icloud.com,(614) 246-9136,eXp Realty,eXp Realty,Akron,Akron,OH,45486,21,44,44,8181417,3.1,B,87,MLS Database,Enterprise (200+ agents),2026-08-16T12:32:04Z
CREAM-20260816-00711,Jennifer Lopez,Jennifer Lopez,Jennifer,Lopez,jennifer_lopez@gmail.com,(786) 766-9266,RE/MAX,RE/MAX,Akron,Akron,OH,43454,17,41,41,8661288,4.4,B,73,Realtor.com,Independent,2026-08-16T02:11:31Z
CREAM-20260816-00712,Ashley Ruiz,Ashley Ruiz,Ashley,Ruiz,ashley_ruiz@icloud.com,(469) 252-8242,eXp Realty,eXp Realty,Winston-Salem,Winston-Salem,NC,27945,18,55,55,23739064,3.9,B,80,NAR Directory,Large (51-200 agents),2026-08-16T17:26:14Z
CREAM-20260816-00713,Ronald Johnson,Ronald Johnson,Ronald,Johnson,ronald.johnson@aol.com,(714) 509-2729,HER Realtors,HER Realtors,Parma,Parma,OH,45779,0,1,1,185474,3.7,B,70,Cold Outreach,Independent,2026-08-16T04:15:06Z
CREAM-20260816-00714,Roger Foster,Roger Foster,Roger,Foster,rogerfoster@icloud.com,(614) 640-6409,Halstead,Halstead,New Rochelle,New Rochelle,NY,10670,6,38,38,25337108,4.3,B,95,Cold Outreach,Boutique (2-10 agents),2026-08-16T12:27:34Z
CREAM-20260816-00715,Carolyn Watson,Carolyn Watson,Carolyn,Watson,carolynw@exprealty.com,(234) 302-3991,eXp Realty,eXp Realty,Toledo,Toledo,OH,45421,0,0,0,0,4.7,B,61,LinkedIn,Mid-size (11-50 agents),2026-08-16T11:45:57Z
CREAM-20260816-00716,Elizabeth James,Elizabeth James,Elizabeth,James,ejames@century21.com,(512) 825-1784,Century 21,Century 21,Hollywood,Hollywood,FL,32639,3,25,25,12535419,4.0,B,96,Brokerage Listings,Boutique (2-10 agents),2026-08-16T19:04:52Z
CREAM-20260816-00717,Karen Ortiz,Karen Ortiz,Karen,Ortiz,karen.ortiz@yahoo.com,(256) 994-6936,HomeSmart,HomeSmart,Glendale,Glendale,AZ,86781,11,30,30,14805478,3.8,B,86,Facebook,Independent,2026-08-16T22:52:07Z
CREAM-20260816-00718,Peter Coleman,Peter Coleman,Peter,Coleman,pcoleman@me.com,(234) 848-9982,Compass,Compass,Santa Ana,Santa Ana,CA,91940,10,52,52,47392916,3.8,B,78,MLS Database,Independent,2026-08-16T18:23:56Z
CREAM-20260816-00719,Judith Perez,Judith Perez,Judith,Perez,judithp@aol.com,(407) 220-7951,Allie Beth Allman,Allie Beth Allman,Amarillo,Amarillo,TX,76659,7,39,39,16711064,4.4,B,60,LinkedIn,Enterprise (200+ agents),2026-08-16T17:44:26Z
CREAM-20260816-00720,Megan Gutierrez,Megan Gutierrez,Megan,Gutierrez,mgutierrez@outlook.com,(512) 867-8642,Berkshire Hathaway,Berkshire Hathaway,Amarillo,Amarillo,TX,78906,24,32,32,12262565,4.6,B,84,NAR Directory,Enterprise (200+ agents),2026-08-16T15:30:00Z
CREAM-20260816-00721,Kimberly Johnson,Kimberly Johnson,Kimberly,Johnson,kimberly_johnson@icloud.com,(916) 814-5740,Brown Harris Stevens,Brown Harris Stevens,Buffalo,Buffalo,NY,10711,0,4,4,2382924,3.8,B,63,Brokerage Listings,Enterprise (200+ agents),2026-08-16T18:17:28Z
CREAM-20260816-00722,Cynthia Bailey,Cynthia Bailey,Cynthia,Bailey,cbailey@compass.com,(256) 537-3639,Compass,Compass,Thornton,Thornton,CO,81362,16,46,46,21365343,4.2,B,63,Cold Outreach,Enterprise (200+ agents),2026-08-16T02:46:06Z
CREAM-20260816-00723,Emma Brooks,Emma Brooks,Emma,Brooks,emma.brooks@hotmail.com,(786) 229-4074,Briggs Freeman Sotheby's,Briggs Freeman Sotheby's,Garland,Garland,TX,79702,5,12,12,4407962,3.1,B,76,Trade Show,Independent,2026-08-16T16:15:01Z
CREAM-20260816-00724,Jerry Alvarez,Jerry Alvarez,Jerry,Alvarez,jerry.alvarez@icloud.com,(720) 720-8864,Pacific Sotheby's,Pacific Sotheby's,Chula Vista,Chula Vista,CA,96621,4,8,8,5614400,4.8,B,92,Facebook,Mid-size (11-50 agents),2026-08-16T05:19:05Z
CREAM-20260816-00725,Kenneth Scott,Kenneth Scott,Kenneth,Scott,kscott@coldwellbanker.com,(512) 264-3702,Coldwell Banker,Coldwell Banker,Chula Vista,Chula Vista,CA,91317,2,9,9,7380484,4.4,B,87,Cold Outreach,Enterprise (200+ agents),2026-08-16T06:10:06Z
CREAM-20260816-00726,Wayne Chavez,Wayne Chavez,Wayne,Chavez,waynec@outlook.com,(602) 859-8363,Nest Seekers,Nest Seekers,Yonkers,Yonkers,NY,10152,2,7,7,5238163,3.7,B,67,MLS Database,Mid-size (11-50 agents),2026-08-16T23:57:31Z
CREAM-20260816-00727,John Bailey,John Bailey,John,Bailey,johnbailey@icloud.com,(720) 519-4893,Berkshire Hathaway,Berkshire Hathaway,Tallahassee,Tallahassee,FL,32853,3,17,17,6520639,3.0,B,97,MLS Database,Mid-size (11-50 agents),2026-08-16T11:13:18Z
CREAM-20260816-00728,Brandon Price,Brandon Price,Brandon,Price,brandon.price@aol.com,(234) 744-6790,Allie Beth Allman,Allie Beth Allman,Arlington,Arlington,TX,79236,1,12,12,4194385,4.2,B,67,NAR Directory,Large (51-200 agents),2026-08-16T04:39:26Z
CREAM-20260816-00729,Rachel Mitchell,Rachel Mitchell,Rachel,Mitchell,rachelmitchell@outlook.com,(919) 660-6469,Berkshire Hathaway,Berkshire Hathaway,Amarillo,Amarillo,TX,75699,23,64,64,17133080,3.7,B,99,Trade Show,Mid-size (11-50 agents),2026-08-16T15:27:46Z
CREAM-20260816-00730,Amanda Ramos,Amanda Ramos,Amanda,Ramos,amandar@gmail.com,(407) 992-8009,Keller Williams,Keller Williams,Buffalo,Buffalo,NY,14194,15,73,73,58575795,3.0,B,85,Facebook,Enterprise (200+ agents),2026-08-16T21:57:34Z
CREAM-20260816-00731,Patricia Fisher,Patricia Fisher,Patricia,Fisher,patricia_fisher@icloud.com,(805) 261-9841,RE/MAX,RE/MAX,Lakewood,Lakewood,CO,80796,25,45,45,18825885,5.0,B,65,Trade Show,Independent,2026-08-16T00:23:16Z
CREAM-20260816-00732,Olivia Lopez,Olivia Lopez,Olivia,Lopez,olivia_lopez@outlook.com,(919) 891-5090,Long Realty,Long Realty,Chandler,Chandler,AZ,85996,19,62,62,26574655,3.1,B,97,Trade Show,Enterprise (200+ agents),2026-08-16T11:19:13Z
CREAM-20260816-00733,Frank Peterson,Frank Peterson,Frank,Peterson,frankp@aol.com,(512) 990-5885,Berkshire Hathaway,Berkshire Hathaway,Arlington,Arlington,TX,75123,20,40,40,14140183,3.6,B,77,Referral Network,Large (51-200 agents),2026-08-16T02:19:08Z
CREAM-20260816-00734,Dennis Gutierrez,Dennis Gutierrez,Dennis,Gutierrez,dgutierrez@me.com,(602) 752-1443,eXp Realty,eXp Realty,Fayetteville,Fayetteville,NC,27219,17,64,64,22812202,3.2,B,100,Facebook,Large (51-200 agents),2026-08-16T04:55:59Z
CREAM-20260816-00735,Tyler Parker,Tyler Parker,Tyler,Parker,tyler_parker@yahoo.com,(602) 421-1413,Coldwell Banker,Coldwell Banker,Hialeah,Hialeah,FL,34665,9,40,40,16287964,4.8,B,70,Referral Network,Large (51-200 agents),2026-08-16T06:35:26Z
CREAM-20260816-00736,Albert Powell,Albert Powell,Albert,Powell,albert_powell@hotmail.com,(305) 766-5070,RE/MAX,RE/MAX,Tempe,Tempe,AZ,86427,6,36,36,13835808,5.0,B,68,Website Lead,Independent,2026-08-16T19:55:47Z
CREAM-20260816-00737,Stephanie Morgan,Stephanie Morgan,Stephanie,Morgan,smorgan@icloud.com,(303) 640-2602,Sotheby's International,Sotheby's International,Riverside,Riverside,CA,93781,8,22,22,20424279,3.3,B,87,Trade Show,Boutique (2-10 agents),2026-08-16T03:14:21Z
CREAM-20260816-00738,Tyler Wood,Tyler Wood,Tyler,Wood,tyler.wood@aol.com,(919) 550-6189,RE/MAX,RE/MAX,Cape Coral,Cape Coral,FL,33814,25,39,39,15383909,3.0,B,63,Cold Outreach,Mid-size (11-50 agents),2026-08-16T17:19:28Z
CREAM-20260816-00739,Cynthia Mendoza,Cynthia Mendoza,Cynthia,Mendoza,cynthia.mendoza@me.com,(919) 565-8510,Compass,Compass,Buffalo,Buffalo,NY,10626,17,74,74,50424506,3.6,B,84,Cold Outreach,Mid-size (11-50 agents),2026-08-16T20:57:04Z
CREAM-20260816-00740,Mary Torres,Mary Torres,Mary,Torres,mary.torres@hotmail.com,(720) 380-4263,Coldwell Banker,Coldwell Banker,Parma,Parma,OH,45645,1,9,9,2365279,3.9,B,86,Trade Show,Large (51-200 agents),2026-08-16T00:39:58Z
CREAM-20260816-00741,Paul Mitchell,Paul Mitchell,Paul,Mitchell,paulm@aol.com,(310) 705-8910,Keller Williams,Keller Williams,Tempe,Tempe,AZ,85854,11,37,37,17504192,3.4,B,80,Trade Show,Mid-size (11-50 agents),2026-08-16T15:49:39Z
CREAM-20260816-00742,Debra Green,Debra Green,Debra,Green,debragreen@yahoo.com,(234) 971-1134,Allie Beth Allman,Allie Beth Allman,Irving,Irving,TX,79280,5,21,21,9006417,3.3,B,68,Facebook,Enterprise (200+ agents),2026-08-16T15:28:32Z
CREAM-20260816-00743,Victoria Wright,Victoria Wright,Victoria,Wright,vwright@gmail.com,(929) 272-9528,Coldwell Banker,Coldwell Banker,Riverside,Riverside,CA,95396,16,27,27,16984497,3.9,B,84,NAR Directory,Independent,2026-08-16T08:32:18Z
CREAM-20260816-00744,Susan Gonzalez,Susan Gonzalez,Susan,Gonzalez,susan_gonzalez@me.com,(310) 260-8104,Allen Tate,Allen Tate,Durham,Durham,NC,28291,17,58,58,23558563,3.8,B,68,Facebook,Enterprise (200+ agents),2026-08-16T13:19:58Z
CREAM-20260816-00745,Peter Watson,Peter Watson,Peter,Watson,pwatson@sothebysinternational.com,(713) 660-6973,Sotheby's International,Sotheby's International,Buffalo,Buffalo,NY,13717,2,8,8,5731569,4.5,B,72,MLS Database,Boutique (2-10 agents),2026-08-16T11:33:14Z
CREAM-20260816-00746,Amber Cooper,Amber Cooper,Amber,Cooper,amberc@hotmail.com,(614) 776-1901,Coldwell Banker,Coldwell Banker,Tempe,Tempe,AZ,86219,4,10,10,4273345,4.2,B,73,Realtor.com,Mid-size (11-50 agents),2026-08-16T07:13:07Z
CREAM-20260816-00747,Keith Diaz,Keith Diaz,Keith,Diaz,keith.diaz@yahoo.com,(919) 275-3477,Keller Williams,Keller Williams,Gilbert,Gilbert,AZ,86517,11,42,42,20971560,3.3,B,90,Website Lead,Mid-size (11-50 agents),2026-08-16T10:59:35Z
CREAM-20260816-00748,Sarah Taylor,Sarah Taylor,Sarah,Taylor,sarah_taylor@me.com,(720) 619-4017,Allie Beth Allman,Allie Beth Allman,Arlington,Arlington,TX,79842,11,65,65,22487993,4.9,B,90,Cold Outreach,Large (51-200 agents),2026-08-16T04:08:57Z
CREAM-20260816-00749,Dorothy Edwards,Dorothy Edwards,Dorothy,Edwards,dedwards@outlook.com,(234) 695-2902,RE/MAX,RE/MAX,Lubbock,Lubbock,TX,77603,1,5,5,2177429,3.5,B,80,LinkedIn,Independent,2026-08-16T05:05:00Z
CREAM-20260816-00750,Eric Rogers,Eric Rogers,Eric,Rogers,eric.rogers@coldwellbanker.com,(404) 556-4680,Coldwell Banker,Coldwell Banker,Stockton,Stockton,CA,91606,12,26,26,20038390,3.9,B,94,MLS Database,Independent,2026-08-16T06:32:40Z
CREAM-20260816-00751,Philip Clark,Philip Clark,Philip,Clark,pclark@gmail.com,(714) 719-8916,eXp Realty,eXp Realty,Fremont,Fremont,CA,92659,1,8,8,5899649,3.2,C,69,Realtor.com,Boutique (2-10 agents),2026-08-16T06:32:40Z
CREAM-20260816-00752,Brenda Rivera,Brenda Rivera,Brenda,Rivera,brivera@gmail.com,(256) 517-3318,Coldwell Banker,Coldwell Banker,Centennial,Centennial,CO,80874,22,72,72,27935342,3.4,C,64,LinkedIn,Boutique (2-10 agents),2026-08-16T22:02:10Z
CREAM-20260816-00753,Deborah Ramos,Deborah Ramos,Deborah,Ramos,dramos@outlook.com,(972) 739-4819,Compass,Compass,Troy,Troy,NY,12536,14,49,49,30531209,3.1,C,64,Referral Network,Enterprise (200+ agents),2026-08-16T10:41:14Z
CREAM-20260816-00754,Keith Campbell,Keith Campbell,Keith,Campbell,kcampbell@yahoo.com,(214) 937-6392,Berkshire Hathaway,Berkshire Hathaway,Greenville,Greenville,NC,28648,2,12,12,4616803,3.0,C,68,Trade Show,Large (51-200 agents),2026-08-16T06:45:37Z
CREAM-20260816-00755,Margaret Clark,Margaret Clark,Margaret,Clark,margaret.clark@berkshirehathaway.com,(614) 621-3845,Berkshire Hathaway,Berkshire Hathaway,Yuma,Yuma,AZ,85341,21,45,45,21099702,3.0,C,83,LinkedIn,Boutique (2-10 agents),2026-08-16T18:46:57Z
CREAM-20260816-00756,Dennis Peterson,Dennis Peterson,Dennis,Peterson,dpeterson@kellerwilliams.com,(980) 444-3556,Keller Williams,Keller Williams,Westminster,Westminster,CO,81697,3,22,22,13266024,4.9,C,86,MLS Database,Independent,2026-08-16T14:15:46Z
CREAM-20260816-00757,Jack Howard,Jack Howard,Jack,Howard,jack.howard@homesmart.com,(513) 991-6996,HomeSmart,HomeSmart,Avondale,Avondale,AZ,86550,22,49,49,14201238,4.6,C,70,LinkedIn,Mid-size (11-50 agents),2026-08-16T18:33:12Z
CREAM-20260816-00758,Emma Kelly,Emma Kelly,Emma,Kelly,emmak@kellerwilliamsrealty.com,(234) 465-7193,Keller Williams Realty,Keller Williams Realty,Palm Bay,Palm Bay,FL,33166,2,5,5,2330537,3.7,C,80,Website Lead,Boutique (2-10 agents),2026-08-16T03:21:56Z
CREAM-20260816-00759,Patrick Campbell,Patrick Campbell,Patrick,Campbell,patrickcampbell@yahoo.com,(513) 786-9544,eXp Realty,eXp Realty,Westminster,Westminster,CO,80941,3,25,25,14321257,5.0,C,98,Facebook,Enterprise (200+ agents),2026-08-16T02:29:06Z
CREAM-20260816-00760,Heather Harris,Heather Harris,Heather,Harris,heatherh@me.com,(513) 541-6123,Douglas Elliman,Douglas Elliman,Palm Bay,Palm Bay,FL,32649,1,8,8,3224162,3.6,C,89,MLS Database,Boutique (2-10 agents),2026-08-16T09:01:02Z
CREAM-20260816-00761,Christine Peterson,Christine Peterson,Christine,Peterson,christinepeterson@aol.com,(919) 236-2337,Coldwell Banker,Coldwell Banker,Greenville,Greenville,NC,27129,0,2,2,631054,3.4,C,72,MLS Database,Large (51-200 agents),2026-08-16T19:35:56Z
CREAM-20260816-00762,Albert Gray,Albert Gray,Albert,Gray,agray@aol.com,(305) 529-9975,eXp Realty,eXp Realty,Mesquite,Mesquite,TX,76283,6,37,37,15665262,4.9,C,98,Trade Show,Boutique (2-10 agents),2026-08-16T00:53:28Z
CREAM-20260816-00763,Christopher Chavez,Christopher Chavez,Christopher,Chavez,cchavez@aol.com,(646) 227-5657,Berkshire Hathaway,Berkshire Hathaway,Youngstown,Youngstown,OH,43410,2,4,4,1230431,4.5,C,66,Facebook,Boutique (2-10 agents),2026-08-16T16:16:54Z
CREAM-20260816-00764,Albert Ramirez,Albert Ramirez,Albert,Ramirez,albertr@exprealty.com,(407) 359-2831,eXp Realty,eXp Realty,McKinney,McKinney,TX,78109,2,7,7,2244596,4.4,C,75,Website Lead,Enterprise (200+ agents),2026-08-16T10:18:28Z
CREAM-20260816-00765,Nancy Martinez,Nancy Martinez,Nancy,Martinez,nancymartinez@hotmail.com,(407) 211-3102,HER Realtors,HER Realtors,Lorain,Lorain,OH,44545,1,3,3,947200,4.3,C,71,MLS Database,Enterprise (200+ agents),2026-08-16T08:04:50Z
CREAM-20260816-00766,Kimberly Moore,Kimberly Moore,Kimberly,Moore,kimberly_moore@yahoo.com,(919) 605-1547,Coldwell Banker,Coldwell Banker,Yuma,Yuma,AZ,85706,8,17,17,4888752,4.3,C,83,MLS Database,Boutique (2-10 agents),2026-08-16T05:10:17Z
CREAM-20260816-00767,Janet Perry,Janet Perry,Janet,Perry,janet.perry@icloud.com,(512) 378-7842,eXp Realty,eXp Realty,Hamilton,Hamilton,OH,43104,24,29,29,5793710,3.6,C,88,Facebook,Large (51-200 agents),2026-08-16T00:01:05Z
CREAM-20260816-00768,Carl Gonzalez,Carl Gonzalez,Carl,Gonzalez,carlgonzalez@me.com,(512) 965-7764,Keller Williams,Keller Williams,Hamilton,Hamilton,OH,45270,19,44,44,13763851,4.5,C,66,Realtor.com,Boutique (2-10 agents),2026-08-16T21:17:55Z
CREAM-20260816-00769,Samuel Jenkins,Samuel Jenkins,Samuel,Jenkins,samuelj@aol.com,(929) 581-6628,Nest Seekers,Nest Seekers,White Plains,White Plains,NY,13709,5,9,9,5749337,3.2,C,75,Facebook,Enterprise (200+ agents),2026-08-16T12:45:15Z
CREAM-20260816-00770,Melissa Ross,Melissa Ross,Melissa,Ross,melissar@re/max.com,(334) 565-7807,RE/MAX,RE/MAX,Concord,Concord,NC,27184,10,79,79,28968928,4.4,C,81,NAR Directory,Independent,2026-08-16T12:01:48Z
CREAM-20260816-00771,Rebecca Murphy,Rebecca Murphy,Rebecca,Murphy,rebecca.murphy@compass.com,(303) 366-1441,Compass,Compass,Gainesville,Gainesville,FL,33909,0,5,5,1708567,3.5,C,76,MLS Database,Independent,2026-08-16T01:21:58Z
CREAM-20260816-00772,Larry Scott,Larry Scott,Larry,Scott,larry_scott@outlook.com,(234) 695-6619,RE/MAX,RE/MAX,Brownsville,Brownsville,TX,75248,3,13,13,3325260,4.5,C,69,MLS Database,Mid-size (11-50 agents),2026-08-16T06:39:46Z
CREAM-20260816-00773,Philip Powell,Philip Powell,Philip,Powell,philip_powell@yahoo.com,(334) 275-4646,Keller Williams,Keller Williams,Centennial,Centennial,CO,81954,19,55,55,30371384,3.4,C,79,Facebook,Boutique (2-10 agents),2026-08-16T16:26:53Z
CREAM-20260816-00774,Janet Cooper,Janet Cooper,Janet,Cooper,janet.cooper@compass.com,(512) 821-2288,Compass,Compass,Miramar,Miramar,FL,33191,3,10,10,5040094,4.7,C,84,MLS Database,Independent,2026-08-16T02:36:02Z
CREAM-20260816-00775,Megan Lee,Megan Lee,Megan,Lee,mlee@berkshirehathaway.com,(310) 391-7643,Berkshire Hathaway,Berkshire Hathaway,Coral Springs,Coral Springs,FL,32281,20,46,46,20935609,4.3,C,96,Website Lead,Mid-size (11-50 agents),2026-08-16T04:48:03Z
CREAM-20260816-00776,Mark Smith,Mark Smith,Mark,Smith,mark.smith@hotmail.com,(407) 973-3003,Coldwell Banker,Coldwell Banker,Fremont,Fremont,CA,94927,0,4,4,4174220,3.1,C,90,Facebook,Large (51-200 agents),2026-08-16T10:20:31Z
CREAM-20260816-00777,Susan Mendoza,Susan Mendoza,Susan,Mendoza,susan.mendoza@re/max.com,(805) 456-5760,RE/MAX,RE/MAX,Peoria,Peoria,AZ,85963,0,0,0,0,3.6,C,84,Referral Network,Independent,2026-08-16T19:36:10Z
CREAM-20260816-00778,Emma Brown,Emma Brown,Emma,Brown,emmab@coldwellbanker.com,(334) 494-4089,Coldwell Banker,Coldwell Banker,Youngstown,Youngstown,OH,45585,25,50,50,12130384,3.1,C,84,NAR Directory,Mid-size (11-50 agents),2026-08-16T15:23:12Z
CREAM-20260816-00779,Michael Patel,Michael Patel,Michael,Patel,mpatel@gmail.com,(720) 452-2513,Keller Williams Realty,Keller Williams Realty,Clearwater,Clearwater,FL,33566,2,7,7,3295587,3.1,C,86,Facebook,Large (51-200 agents),2026-08-16T01:06:43Z
CREAM-20260816-00780,Ronald Phillips,Ronald Phillips,Ronald,Phillips,ronaldphillips@outlook.com,(212) 327-1302,Coldwell Banker,Coldwell Banker,Greenville,Greenville,NC,27445,3,22,22,8634782,3.5,C,80,Cold Outreach,Mid-size (11-50 agents),2026-08-16T14:23:27Z
CREAM-20260816-00781,Rachel Fisher,Rachel Fisher,Rachel,Fisher,rachelfisher@aol.com,(916) 805-3530,Berkshire Hathaway,Berkshire Hathaway,Clearwater,Clearwater,FL,34251,6,34,34,10127404,3.9,C,93,Realtor.com,Enterprise (200+ agents),2026-08-16T01:40:50Z
CREAM-20260816-00782,Linda Fisher,Linda Fisher,Linda,Fisher,lindaf@icloud.com,(305) 443-1522,RE/MAX,RE/MAX,Youngstown,Youngstown,OH,43941,2,3,3,902197,3.0,C,75,Realtor.com,Independent,2026-08-16T12:56:30Z
CREAM-20260816-00783,Richard Richardson,Richard Richardson,Richard,Richardson,rrichardson@me.com,(212) 228-4968,Russell Lyon Sotheby's,Russell Lyon Sotheby's,Yuma,Yuma,AZ,86890,8,16,16,7704792,4.0,C,77,MLS Database,Mid-size (11-50 agents),2026-08-16T11:52:19Z
CREAM-20260816-00784,Diane Jimenez,Diane Jimenez,Diane,Jimenez,djimenez@icloud.com,(256) 284-8250,HomeSmart,HomeSmart,Surprise,Surprise,AZ,85731,11,36,36,15207771,3.8,C,69,Realtor.com,Large (51-200 agents),2026-08-16T19:52:41Z
CREAM-20260816-00785,Ralph Watson,Ralph Watson,Ralph,Watson,rwatson@gmail.com,(512) 231-6478,Berkshire Hathaway,Berkshire Hathaway,Wilmington,Wilmington,NC,27443,4,22,22,9615189,4.9,C,70,Referral Network,Boutique (2-10 agents),2026-08-16T23:02:37Z
CREAM-20260816-00786,Karen Roberts,Karen Roberts,Karen,Roberts,kroberts@aol.com,(614) 213-7007,Keller Williams,Keller Williams,Boulder,Boulder,CO,81702,4,20,20,12650933,3.1,C,78,Facebook,Boutique (2-10 agents),2026-08-16T17:50:09Z
CREAM-20260816-00787,Natalie Campbell,Natalie Campbell,Natalie,Campbell,natalie.campbell@compass.com,(718) 779-8768,Compass,Compass,Clearwater,Clearwater,FL,32791,4,16,16,7099279,3.1,C,76,Website Lead,Boutique (2-10 agents),2026-08-16T17:03:20Z
CREAM-20260816-00788,Jack Ross,Jack Ross,Jack,Ross,jross@icloud.com,(512) 471-5665,Pacific Sotheby's,Pacific Sotheby's,Fremont,Fremont,CA,95555,0,1,1,858108,3.7,C,94,Website Lead,Boutique (2-10 agents),2026-08-16T12:36:43Z
CREAM-20260816-00789,Patrick Bennett,Patrick Bennett,Patrick,Bennett,patrick_bennett@me.com,(720) 725-8404,Coldwell Banker,Coldwell Banker,Avondale,Avondale,AZ,86848,14,50,50,18743317,3.4,C,90,Trade Show,Independent,2026-08-16T06:55:19Z
CREAM-20260816-00790,Mark Long,Mark Long,Mark,Long,mark.long@me.com,(718) 889-2719,RE/MAX,RE/MAX,Clearwater,Clearwater,FL,34706,5,14,14,7505030,3.7,C,99,Website Lead,Enterprise (200+ agents),2026-08-16T11:22:08Z
CREAM-20260816-00791,Jeffrey Martin,Jeffrey Martin,Jeffrey,Martin,jeffreym@briggsfreemansothebys.com,(305) 503-6979,Briggs Freeman Sotheby's,Briggs Freeman Sotheby's,McAllen,McAllen,TX,77980,4,8,8,2740009,4.5,C,95,Cold Outreach,Independent,2026-08-16T15:29:57Z
CREAM-20260816-00792,Timothy Young,Timothy Young,Timothy,Young,timothyy@berkshirehathawayhomeservices.com,(512) 870-1312,Berkshire Hathaway HomeServices,Berkshire Hathaway HomeServices,Huntington Beach,Huntington Beach,CA,90217,5,22,22,20249244,3.4,C,63,LinkedIn,Mid-size (11-50 agents),2026-08-16T05:29:21Z
CREAM-20260816-00793,Danielle Rodriguez,Danielle Rodriguez,Danielle,Rodriguez,drodriguez@halstead.com,(334) 920-3525,Halstead,Halstead,Troy,Troy,NY,12169,1,11,11,6984137,4.8,C,84,Trade Show,Boutique (2-10 agents),2026-08-16T18:56:15Z
CREAM-20260816-00794,Gary Brooks,Gary Brooks,Gary,Brooks,garybrooks@icloud.com,(407) 803-1939,Huntington Real Estate,Huntington Real Estate,Youngstown,Youngstown,OH,45570,12,54,54,13149796,3.4,C,95,NAR Directory,Independent,2026-08-16T03:21:14Z
CREAM-20260816-00795,Robert Baker,Robert Baker,Robert,Baker,rbaker@aol.com,(718) 697-2499,Keller Williams,Keller Williams,Pueblo,Pueblo,CO,81183,11,25,25,16905584,5.0,C,94,MLS Database,Enterprise (200+ agents),2026-08-16T21:03:33Z
CREAM-20260816-00796,Olivia Gomez,Olivia Gomez,Olivia,Gomez,oliviagomez@gmail.com,(469) 391-4287,LIV Sotheby's,LIV Sotheby's,Westminster,Westminster,CO,81534,22,30,30,18116925,4.8,C,80,Facebook,Boutique (2-10 agents),2026-08-16T03:15:32Z
CREAM-20260816-00797,Maria Walker,Maria Walker,Maria,Walker,mariawalker@yahoo.com,(310) 333-4953,Long Realty,Long Realty,Surprise,Surprise,AZ,86238,3,13,13,4276185,4.0,C,78,Realtor.com,Large (51-200 agents),2026-08-16T03:44:47Z
CREAM-20260816-00798,Ryan Perry,Ryan Perry,Ryan,Perry,ryanp@gmail.com,(415) 530-6799,Keller Williams Realty,Keller Williams Realty,Moreno Valley,Moreno Valley,CA,91714,16,76,76,45259257,4.6,C,64,LinkedIn,Independent,2026-08-16T20:14:24Z
CREAM-20260816-00799,David Martinez,David Martinez,David,Martinez,david.martinez@kellerwilliamsrealty.com,(214) 289-8812,Keller Williams Realty,Keller Williams Realty,Moreno Valley,Moreno Valley,CA,90212,2,6,6,5755055,3.0,C,76,Trade Show,Independent,2026-08-16T20:10:47Z
CREAM-20260816-00800,Jason Murphy,Jason Murphy,Jason,Murphy,jason.murphy@me.com,(234) 537-4765,Keller Williams,Keller Williams,Avondale,Avondale,AZ,86266,2,4,4,1729800,3.3,C,67,Referral Network,Independent,2026-08-16T18:54:04Z
CREAM-20260816-00801,Charles Foster,Charles Foster,Charles,Foster,charlesf@yahoo.com,(256) 533-2395,Coldwell Banker,Coldwell Banker,Modesto,Modesto,CA,94321,5,21,21,22928439,3.5,C,70,Trade Show,Boutique (2-10 agents),2026-08-16T20:40:15Z
CREAM-20260816-00802,Nancy Perry,Nancy Perry,Nancy,Perry,nperry@berkshirehathaway.com,(334) 750-2889,Berkshire Hathaway,Berkshire Hathaway,Avondale,Avondale,AZ,85158,7,39,39,11987611,4.1,C,97,NAR Directory,Mid-size (11-50 agents),2026-08-16T06:07:39Z
CREAM-20260816-00803,Danielle Scott,Danielle Scott,Danielle,Scott,daniellescott@icloud.com,(256) 313-1571,Pacific Sotheby's,Pacific Sotheby's,Irvine,Irvine,CA,93194,10,75,75,69701872,4.5,C,63,LinkedIn,Boutique (2-10 agents),2026-08-16T16:50:08Z
CREAM-20260816-00804,Angela Thompson,Angela Thompson,Angela,Thompson,angelathompson@aol.com,(646) 528-7646,eXp Realty,eXp Realty,Pueblo,Pueblo,CO,80806,13,59,59,30891033,3.1,C,84,LinkedIn,Enterprise (200+ agents),2026-08-16T13:17:42Z
CREAM-20260816-00805,Mary Wood,Mary Wood,Mary,Wood,mary_wood@outlook.com,(334) 602-9038,8z Real Estate,8z Real Estate,Boulder,Boulder,CO,81683,0,5,5,2332403,4.6,C,61,MLS Database,Independent,2026-08-16T13:50:05Z
CREAM-20260816-00806,Carl Foster,Carl Foster,Carl,Foster,carlf@icloud.com,(234) 455-4163,Berkshire Hathaway,Berkshire Hathaway,Centennial,Centennial,CO,80361,13,72,72,37663529,4.6,C,63,LinkedIn,Large (51-200 agents),2026-08-16T11:04:55Z
CREAM-20260816-00807,Helen Rivera,Helen Rivera,Helen,Rivera,helenr@nestseekers.com,(303) 372-1596,Nest Seekers,Nest Seekers,Hempstead,Hempstead,NY,13659,5,10,10,7292809,3.0,C,97,Trade Show,Mid-size (11-50 agents),2026-08-16T09:50:45Z
CREAM-20260816-00808,Danielle Coleman,Danielle Coleman,Danielle,Coleman,dcoleman@aol.com,(704) 692-2367,Sotheby's International,Sotheby's International,Schenectady,Schenectady,NY,12306,0,2,2,1583222,4.8,C,99,Trade Show,Mid-size (11-50 agents),2026-08-16T05:55:01Z
CREAM-20260816-00809,Juan Davis,Juan Davis,Juan,Davis,juan.davis@yahoo.com,(407) 868-3170,Allie Beth Allman,Allie Beth Allman,Grand Prairie,Grand Prairie,TX,75123,5,18,18,5437594,3.7,C,100,LinkedIn,Boutique (2-10 agents),2026-08-16T02:20:58Z
CREAM-20260816-00810,John Turner,John Turner,John,Turner,jturner@re/max.com,(614) 528-8249,RE/MAX,RE/MAX,McAllen,McAllen,TX,75889,4,8,8,2986922,3.7,C,93,MLS Database,Large (51-200 agents),2026-08-16T07:38:45Z
CREAM-20260816-00811,Mary Wood,Mary Wood,Mary,Wood,mwood@icloud.com,(704) 891-9808,Keller Williams,Keller Williams,Pasadena,Pasadena,TX,75281,25,76,76,29677060,4.9,C,88,Website Lead,Independent,2026-08-16T15:10:38Z
CREAM-20260816-00812,Larry Diaz,Larry Diaz,Larry,Diaz,larry_diaz@aol.com,(704) 694-3623,Coldwell Banker,Coldwell Banker,Hamilton,Hamilton,OH,45986,4,11,11,3268093,4.1,C,75,Cold Outreach,Independent,2026-08-16T10:46:58Z
CREAM-20260816-00813,Gloria Cruz,Gloria Cruz,Gloria,Cruz,gloria.cruz@aol.com,(646) 786-3738,RE/MAX,RE/MAX,Concord,Concord,NC,28596,7,38,38,15501045,4.0,C,66,Referral Network,Independent,2026-08-16T22:57:10Z
CREAM-20260816-00814,William Thompson,William Thompson,William,Thompson,wthompson@aol.com,(980) 444-9099,Corcoran Group,Corcoran Group,Hempstead,Hempstead,NY,12539,1,11,11,6944061,4.0,C,90,Brokerage Listings,Mid-size (11-50 agents),2026-08-16T11:43:20Z
CREAM-20260816-00815,Paul Parker,Paul Parker,Paul,Parker,paulp@briggsfreemansothebys.com,(713) 807-2487,Briggs Freeman Sotheby's,Briggs Freeman Sotheby's,Brownsville,Brownsville,TX,77579,1,6,6,1828735,4.0,C,75,NAR Directory,Mid-size (11-50 agents),2026-08-16T21:40:38Z
CREAM-20260816-00816,Emma Powell,Emma Powell,Emma,Powell,epowell@outlook.com,(469) 321-7302,Keller Williams,Keller Williams,Grand Prairie,Grand Prairie,TX,78587,4,20,20,8955835,3.1,C,74,MLS Database,Mid-size (11-50 agents),2026-08-16T17:55:06Z
CREAM-20260816-00817,Frank Morales,Frank Morales,Frank,Morales,fmorales@yahoo.com,(602) 813-6813,eXp Realty,eXp Realty,Hamilton,Hamilton,OH,44386,3,8,8,2357705,4.9,C,92,Referral Network,Independent,2026-08-16T05:11:37Z
CREAM-20260816-00818,Carol Rivera,Carol Rivera,Carol,Rivera,carol_rivera@icloud.com,(916) 438-4605,8z Real Estate,8z Real Estate,Centennial,Centennial,CO,81221,9,16,16,6492380,3.5,C,82,MLS Database,Mid-size (11-50 agents),2026-08-16T13:47:34Z
CREAM-20260816-00819,John Mendoza,John Mendoza,John,Mendoza,john.mendoza@icloud.com,(714) 463-6456,Allie Beth Allman,Allie Beth Allman,Pasadena,Pasadena,TX,77289,9,32,32,9204089,3.5,C,92,Referral Network,Boutique (2-10 agents),2026-08-16T17:44:56Z
CREAM-20260816-00820,Kathleen Jenkins,Kathleen Jenkins,Kathleen,Jenkins,kathleenj@outlook.com,(303) 492-6849,Berkshire Hathaway,Berkshire Hathaway,High Point,High Point,NC,28776,11,27,27,11756529,4.0,C,94,Brokerage Listings,Large (51-200 agents),2026-08-16T18:39:17Z
CREAM-20260816-00821,Grace Walker,Grace Walker,Grace,Walker,gracew@outlook.com,(256) 595-6875,Cutler Real Estate,Cutler Real Estate,Hamilton,Hamilton,OH,44332,5,20,20,3836658,4.0,C,100,Website Lead,Enterprise (200+ agents),2026-08-16T10:10:44Z
CREAM-20260816-00822,Deborah Morales,Deborah Morales,Deborah,Morales,deborah_morales@aol.com,(415) 858-6746,Keller Williams,Keller Williams,Youngstown,Youngstown,OH,43127,0,1,1,258761,3.6,C,72,Trade Show,Enterprise (200+ agents),2026-08-16T04:18:10Z
CREAM-20260816-00823,Samuel Martinez,Samuel Martinez,Samuel,Martinez,samuelm@hotmail.com,(214) 959-9759,LIV Sotheby's,LIV Sotheby's,Boulder,Boulder,CO,80165,18,65,65,32551288,3.8,C,84,MLS Database,Large (51-200 agents),2026-08-16T11:05:38Z
CREAM-20260816-00824,Rose Turner,Rose Turner,Rose,Turner,rose.turner@me.com,(334) 921-4546,Nest Seekers,Nest Seekers,Hempstead,Hempstead,NY,14582,17,50,50,40021666,3.5,C,85,LinkedIn,Large (51-200 agents),2026-08-16T18:07:26Z
CREAM-20260816-00825,Gloria Kelly,Gloria Kelly,Gloria,Kelly,gloriakelly@gmail.com,(404) 748-3323,RE/MAX,RE/MAX,Irvine,Irvine,CA,90676,2,12,12,12683368,3.9,C,60,NAR Directory,Large (51-200 agents),2026-08-16T11:48:24Z
CREAM-20260816-00826,Thomas Gray,Thomas Gray,Thomas,Gray,tgray@re/max.com,(334) 879-1644,RE/MAX,RE/MAX,Canton,Canton,OH,45907,4,18,18,5374824,3.6,C,75,Cold Outreach,Independent,2026-08-16T11:49:48Z
CREAM-20260816-00827,Maria Peterson,Maria Peterson,Maria,Peterson,maria_peterson@outlook.com,(212) 552-7905,eXp Realty,eXp Realty,Concord,Concord,NC,28376,5,17,17,5049717,3.1,C,79,Trade Show,Mid-size (11-50 agents),2026-08-16T09:09:26Z
CREAM-20260816-00828,Betty Lee,Betty Lee,Betty,Lee,blee@briggsfreemansothebys.com,(305) 495-3877,Briggs Freeman Sotheby's,Briggs Freeman Sotheby's,Pasadena,Pasadena,TX,79679,1,7,7,2435037,3.5,C,92,Facebook,Large (51-200 agents),2026-08-16T21:26:51Z
CREAM-20260816-00829,Rebecca Reyes,Rebecca Reyes,Rebecca,Reyes,rebecca_reyes@gmail.com,(972) 761-3011,Compass,Compass,Gainesville,Gainesville,FL,34456,0,1,1,390382,3.8,C,73,Website Lead,Independent,2026-08-16T23:41:08Z
CREAM-20260816-00830,Ruth Campbell,Ruth Campbell,Ruth,Campbell,ruthcampbell@me.com,(469) 589-4542,eXp Realty,eXp Realty,McAllen,McAllen,TX,79947,22,38,38,9430616,5.0,C,99,Website Lead,Large (51-200 agents),2026-08-16T00:28:48Z
CREAM-20260816-00831,Charles Brown,Charles Brown,Charles,Brown,charles.brown@century21.com,(972) 338-5989,Century 21,Century 21,West Palm Beach,West Palm Beach,FL,33582,9,29,29,11737745,4.6,C,68,Referral Network,Independent,2026-08-16T20:11:28Z
CREAM-20260816-00832,Jonathan Chavez,Jonathan Chavez,Jonathan,Chavez,jchavez@century21.com,(704) 625-6235,Century 21,Century 21,Palm Bay,Palm Bay,FL,33645,0,5,5,2081264,3.1,C,96,NAR Directory,Boutique (2-10 agents),2026-08-16T14:25:03Z
CREAM-20260816-00833,Dorothy Sanders,Dorothy Sanders,Dorothy,Sanders,dsanders@aol.com,(919) 281-2477,HER Realtors,HER Realtors,Hamilton,Hamilton,OH,43586,24,46,46,10893434,3.1,C,100,Cold Outreach,Mid-size (11-50 agents),2026-08-16T15:31:41Z
CREAM-20260816-00834,Katherine Sanders,Katherine Sanders,Katherine,Sanders,katherine.sanders@me.com,(919) 938-6201,Russell Lyon Sotheby's,Russell Lyon Sotheby's,Peoria,Peoria,AZ,85591,4,25,25,8567840,3.4,C,70,NAR Directory,Boutique (2-10 agents),2026-08-16T04:39:44Z
CREAM-20260816-00835,Rose Alvarez,Rose Alvarez,Rose,Alvarez,ralvarez@icloud.com,(256) 434-5590,RE/MAX,RE/MAX,Youngstown,Youngstown,OH,43224,8,31,31,8286570,4.1,C,62,Website Lead,Boutique (2-10 agents),2026-08-16T01:46:38Z
CREAM-20260816-00836,Michelle Nelson,Michelle Nelson,Michelle,Nelson,michellenelson@aol.com,(407) 368-6141,RE/MAX,RE/MAX,Canton,Canton,OH,44714,4,12,12,2831852,3.6,C,87,LinkedIn,Large (51-200 agents),2026-08-16T18:46:22Z
CREAM-20260816-00837,Diane Carter,Diane Carter,Diane,Carter,diane.carter@douglaselliman.com,(718) 887-2300,Douglas Elliman,Douglas Elliman,Grand Prairie,Grand Prairie,TX,79447,11,45,45,19642229,4.7,C,99,Realtor.com,Independent,2026-08-16T07:43:05Z
CREAM-20260816-00838,Dorothy Watson,Dorothy Watson,Dorothy,Watson,dorothy.watson@yahoo.com,(512) 762-9163,eXp Realty,eXp Realty,Concord,Concord,NC,28491,9,20,20,8421397,4.6,C,100,Facebook,Boutique (2-10 agents),2026-08-16T16:07:10Z
CREAM-20260816-00839,Jonathan Jimenez,Jonathan Jimenez,Jonathan,Jimenez,jonathanjimenez@hotmail.com,(805) 803-4551,Howard Hanna,Howard Hanna,Greenville,Greenville,NC,28455,1,6,6,1501539,4.9,C,100,LinkedIn,Mid-size (11-50 agents),2026-08-16T05:15:36Z
CREAM-20260816-00840,Eric Morales,Eric Morales,Eric,Morales,emorales@aol.com,(972) 664-9006,Berkshire Hathaway HomeServices,Berkshire Hathaway HomeServices,Huntington Beach,Huntington Beach,CA,93528,23,54,54,58068423,4.6,C,68,Brokerage Listings,Enterprise (200+ agents),2026-08-16T18:11:56Z
CREAM-20260816-00841,Donna Reyes,Donna Reyes,Donna,Reyes,dreyes@aol.com,(714) 289-9546,Compass,Compass,High Point,High Point,NC,27353,19,67,67,17612305,4.8,C,64,Realtor.com,Boutique (2-10 agents),2026-08-16T16:51:01Z
CREAM-20260816-00842,Paul Patel,Paul Patel,Paul,Patel,paulp@coldwellbanker.com,(714) 298-7247,Coldwell Banker,Coldwell Banker,Youngstown,Youngstown,OH,45431,4,18,18,5682064,3.1,C,77,Trade Show,Enterprise (200+ agents),2026-08-16T23:15:41Z
CREAM-20260816-00843,Brittany Rivera,Brittany Rivera,Brittany,Rivera,brittanyrivera@aol.com,(714) 839-4632,Corcoran Group,Corcoran Group,White Plains,White Plains,NY,13340,1,6,6,3731560,3.1,C,62,MLS Database,Mid-size (11-50 agents),2026-08-16T14:55:34Z
CREAM-20260816-00844,Justin Collins,Justin Collins,Justin,Collins,justin.collins@re/max.com,(256) 947-6929,RE/MAX,RE/MAX,Wilmington,Wilmington,NC,28864,1,8,8,2861526,3.4,C,80,Realtor.com,Large (51-200 agents),2026-08-16T06:15:24Z
CREAM-20260816-00845,Amber Howard,Amber Howard,Amber,Howard,ahoward@corcorangroup.com,(214) 549-4053,Corcoran Group,Corcoran Group,Utica,Utica,NY,11495,3,23,23,18574387,4.2,C,67,MLS Database,Enterprise (200+ agents),2026-08-16T01:19:22Z
CREAM-20260816-00846,Heather Hall,Heather Hall,Heather,Hall,heather.hall@outlook.com,(512) 739-3060,Briggs Freeman Sotheby's,Briggs Freeman Sotheby's,Grand Prairie,Grand Prairie,TX,79641,0,0,0,0,5.0,C,68,Brokerage Listings,Independent,2026-08-16T02:12:46Z
CREAM-20260816-00847,Brian Fisher,Brian Fisher,Brian,Fisher,brian.fisher@aol.com,(972) 464-7603,Douglas Elliman,Douglas Elliman,Utica,Utica,NY,10236,14,29,29,23386089,4.2,C,87,Brokerage Listings,Mid-size (11-50 agents),2026-08-16T04:38:39Z
CREAM-20260816-00848,Stephen Kelly,Stephen Kelly,Stephen,Kelly,stephenk@hotmail.com,(404) 475-5927,RE/MAX,RE/MAX,Canton,Canton,OH,45262,7,24,24,5048800,3.6,C,79,Trade Show,Enterprise (200+ agents),2026-08-16T11:06:52Z
CREAM-20260816-00849,Betty Carter,Betty Carter,Betty,Carter,betty_carter@outlook.com,(972) 244-2935,RE/MAX,RE/MAX,Mesquite,Mesquite,TX,77451,5,18,18,7833297,4.3,C,79,Facebook,Enterprise (200+ agents),2026-08-16T02:48:12Z
CREAM-20260816-00850,Paul Stewart,Paul Stewart,Paul,Stewart,pauls@brownharrisstevens.com,(720) 656-9725,Brown Harris Stevens,Brown Harris Stevens,Mount Vernon,Mount Vernon,NY,13232,3,10,10,6509255,4.1,C,82,NAR Directory,Boutique (2-10 agents),2026-08-16T08:46:44Z
CREAM-20260816-00851,Deborah Chavez,Deborah Chavez,Deborah,Chavez,deborahchavez@me.com,(334) 231-3545,eXp Realty,eXp Realty,Greenville,Greenville,NC,27956,12,74,74,23772643,4.2,C,96,Referral Network,Large (51-200 agents),2026-08-16T08:13:51Z
CREAM-20260816-00852,Timothy Alexander,Timothy Alexander,Timothy,Alexander,timothy.alexander@me.com,(469) 822-9952,Keller Williams,Keller Williams,McKinney,McKinney,TX,76312,2,9,9,2691892,4.8,C,88,MLS Database,Mid-size (11-50 agents),2026-08-16T17:04:08Z
CREAM-20260816-00853,Raymond Garcia,Raymond Garcia,Raymond,Garcia,rgarcia@gmail.com,(404) 675-4556,Briggs Freeman Sotheby's,Briggs Freeman Sotheby's,McKinney,McKinney,TX,79912,4,22,22,6267460,4.6,C,80,NAR Directory,Large (51-200 agents),2026-08-16T00:17:28Z
CREAM-20260816-00854,Megan Cooper,Megan Cooper,Megan,Cooper,mcooper@hotmail.com,(980) 609-1699,Long Realty,Long Realty,Surprise,Surprise,AZ,85926,6,21,21,8719740,4.7,C,89,Brokerage Listings,Enterprise (200+ agents),2026-08-16T13:30:16Z
CREAM-20260816-00855,Judith Ramirez,Judith Ramirez,Judith,Ramirez,judith.ramirez@gmail.com,(407) 525-5208,eXp Realty,eXp Realty,Lorain,Lorain,OH,43997,2,6,6,1522438,3.2,C,73,Referral Network,Enterprise (200+ agents),2026-08-16T22:13:37Z
CREAM-20260816-00856,Donna Ramirez,Donna Ramirez,Donna,Ramirez,donna_ramirez@outlook.com,(214) 758-1128,Sotheby's International,Sotheby's International,Fremont,Fremont,CA,92578,0,2,2,1711631,3.4,C,84,Brokerage Listings,Independent,2026-08-16T17:54:55Z
CREAM-20260816-00857,Susan Gray,Susan Gray,Susan,Gray,sgray@exprealty.com,(646) 496-5278,eXp Realty,eXp Realty,Greenville,Greenville,NC,27395,4,14,14,6174103,4.9,C,100,Brokerage Listings,Independent,2026-08-16T11:10:22Z
CREAM-20260816-00858,Stephanie Cox,Stephanie Cox,Stephanie,Cox,scox@hotmail.com,(718) 300-3639,Nest Seekers,Nest Seekers,White Plains,White Plains,NY,14986,9,30,30,19906881,3.9,C,76,Trade Show,Large (51-200 agents),2026-08-16T03:42:39Z
CREAM-20260816-00859,Catherine Martin,Catherine Martin,Catherine,Martin,cmartin@kellerwilliamsrealty.com,(303) 412-3961,Keller Williams Realty,Keller Williams Realty,Huntington Beach,Huntington Beach,CA,96331,0,5,5,3912083,4.2,C,73,Realtor.com,Large (51-200 agents),2026-08-16T04:38:06Z
CREAM-20260816-00860,Amy Evans,Amy Evans,Amy,Evans,amy.evans@yahoo.com,(334) 255-5691,Compass,Compass,Schenectady,Schenectady,NY,13603,1,5,5,4121089,4.6,C,95,Website Lead,Enterprise (200+ agents),2026-08-16T23:05:24Z
CREAM-20260816-00861,Keith Russell,Keith Russell,Keith,Russell,krussell@icloud.com,(704) 352-2614,Berkshire Hathaway,Berkshire Hathaway,Miramar,Miramar,FL,34398,7,36,36,15393261,4.7,C,87,Trade Show,Mid-size (11-50 agents),2026-08-16T15:19:17Z
CREAM-20260816-00862,James Robinson,James Robinson,James,Robinson,jamesr@hotmail.com,(214) 206-1049,Coldwell Banker,Coldwell Banker,Grand Prairie,Grand Prairie,TX,76352,23,54,54,14933844,4.4,C,96,NAR Directory,Boutique (2-10 agents),2026-08-16T00:14:03Z
CREAM-20260816-00863,Natalie Myers,Natalie Myers,Natalie,Myers,natalie_myers@yahoo.com,(805) 821-6916,Berkshire Hathaway,Berkshire Hathaway,Greenville,Greenville,NC,28543,18,32,32,14067702,4.3,C,87,NAR Directory,Mid-size (11-50 agents),2026-08-16T04:43:42Z
CREAM-20260816-00864,Gary Morgan,Gary Morgan,Gary,Morgan,gary.morgan@me.com,(234) 974-1086,Compass,Compass,Schenectady,Schenectady,NY,12926,18,61,61,30309112,5.0,C,68,Trade Show,Independent,2026-08-16T18:31:04Z
CREAM-20260816-00865,Jacob Jenkins,Jacob Jenkins,Jacob,Jenkins,jacobjenkins@hotmail.com,(980) 931-7549,Coldwell Banker,Coldwell Banker,Brownsville,Brownsville,TX,79117,7,25,25,8035029,4.4,C,86,Facebook,Large (51-200 agents),2026-08-16T03:18:45Z
CREAM-20260816-00866,Martha Wilson,Martha Wilson,Martha,Wilson,martha_wilson@outlook.com,(256) 448-4607,Brown Harris Stevens,Brown Harris Stevens,White Plains,White Plains,NY,14617,3,19,19,14435446,3.9,C,74,LinkedIn,Mid-size (11-50 agents),2026-08-16T20:15:56Z
CREAM-20260816-00867,Scott Cooper,Scott Cooper,Scott,Cooper,scott_cooper@yahoo.com,(929) 995-4460,Long Realty,Long Realty,Surprise,Surprise,AZ,85568,13,42,42,17971547,3.9,C,99,Referral Network,Large (51-200 agents),2026-08-16T15:34:15Z
CREAM-20260816-00868,Dorothy Russell,Dorothy Russell,Dorothy,Russell,dorothyr@hotmail.com,(256) 612-3642,Allen Tate,Allen Tate,Wilmington,Wilmington,NC,27640,11,70,70,22018290,3.3,C,80,Website Lead,Large (51-200 agents),2026-08-16T12:32:55Z
CREAM-20260816-00869,Andrew Cox,Andrew Cox,Andrew,Cox,andrewc@hotmail.com,(916) 868-5189,Compass,Compass,High Point,High Point,NC,27282,9,21,21,6131986,4.3,C,72,Trade Show,Mid-size (11-50 agents),2026-08-16T09:17:32Z
CREAM-20260816-00870,Ronald Diaz,Ronald Diaz,Ronald,Diaz,ronalddiaz@hotmail.com,(404) 860-5651,Sotheby's International,Sotheby's International,Mount Vernon,Mount Vernon,NY,12402,7,16,16,11915695,4.0,C,88,MLS Database,Independent,2026-08-16T00:46:00Z
CREAM-20260816-00871,Alan Ramos,Alan Ramos,Alan,Ramos,alan_ramos@me.com,(718) 646-2926,Coldwell Banker,Coldwell Banker,Pueblo,Pueblo,CO,80335,11,47,47,26693243,4.1,C,97,Trade Show,Enterprise (200+ agents),2026-08-16T18:01:00Z
CREAM-20260816-00872,Gregory White,Gregory White,Gregory,White,gwhite@re/max.com,(513) 352-6107,RE/MAX,RE/MAX,Centennial,Centennial,CO,81309,9,26,26,14230796,4.7,C,87,LinkedIn,Boutique (2-10 agents),2026-08-16T01:52:50Z
CREAM-20260816-00873,Maria Martinez,Maria Martinez,Maria,Martinez,mariamartinez@hotmail.com,(513) 241-8464,Berkshire Hathaway,Berkshire Hathaway,Peoria,Peoria,AZ,86403,22,32,32,16865753,3.3,C,71,Trade Show,Independent,2026-08-16T12:27:36Z
CREAM-20260816-00874,Richard Morales,Richard Morales,Richard,Morales,richard_morales@aol.com,(805) 777-9470,Pacific Sotheby's,Pacific Sotheby's,Fontana,Fontana,CA,93248,3,23,23,16967801,4.0,C,94,Cold Outreach,Independent,2026-08-16T09:24:14Z
CREAM-20260816-00875,Julia Taylor,Julia Taylor,Julia,Taylor,juliat@berkshirehathaway.com,(646) 360-8512,Berkshire Hathaway,Berkshire Hathaway,Hamilton,Hamilton,OH,43730,10,27,27,6963321,3.3,C,86,Cold Outreach,Large (51-200 agents),2026-08-16T12:10:38Z
CREAM-20260816-00876,Brian Edwards,Brian Edwards,Brian,Edwards,briane@outlook.com,(805) 361-8643,Halstead,Halstead,Utica,Utica,NY,11757,1,4,4,2940267,4.0,C,98,Realtor.com,Boutique (2-10 agents),2026-08-16T08:34:39Z
CREAM-20260816-00877,Danielle Allen,Danielle Allen,Danielle,Allen,daniellea@gmail.com,(786) 623-6038,Compass,Compass,Schenectady,Schenectady,NY,14573,5,17,17,10920608,4.0,C,75,Cold Outreach,Boutique (2-10 agents),2026-08-16T17:38:03Z
CREAM-20260816-00878,Linda King,Linda King,Linda,King,lindak@re/max.com,(214) 775-2996,RE/MAX,RE/MAX,Hamilton,Hamilton,OH,44985,9,27,27,6295846,4.4,C,87,Referral Network,Mid-size (11-50 agents),2026-08-16T17:45:32Z
CREAM-20260816-00879,Michael Edwards,Michael Edwards,Michael,Edwards,michael.edwards@hotmail.com,(720) 283-2050,Douglas Elliman,Douglas Elliman,Schenectady,Schenectady,NY,14193,8,22,22,12945921,3.9,C,93,MLS Database,Mid-size (11-50 agents),2026-08-16T23:55:04Z
CREAM-20260816-00880,Rose Howard,Rose Howard,Rose,Howard,rhoward@yahoo.com,(212) 791-1474,Russell Lyon Sotheby's,Russell Lyon Sotheby's,Peoria,Peoria,AZ,85789,12,31,31,12376000,4.7,C,82,LinkedIn,Boutique (2-10 agents),2026-08-16T01:58:02Z
CREAM-20260816-00881,Margaret Smith,Margaret Smith,Margaret,Smith,margaretsmith@yahoo.com,(234) 761-1345,RE/MAX,RE/MAX,Wilmington,Wilmington,NC,28187,24,56,56,20495250,5.0,C,82,Facebook,Boutique (2-10 agents),2026-08-16T15:09:55Z
CREAM-20260816-00882,Kimberly Gonzalez,Kimberly Gonzalez,Kimberly,Gonzalez,kimberly.gonzalez@century21.com,(415) 892-9388,Century 21,Century 21,Gainesville,Gainesville,FL,33984,23,35,35,17884093,3.8,C,71,Facebook,Mid-size (11-50 agents),2026-08-16T05:52:52Z
CREAM-20260816-00883,Nancy Diaz,Nancy Diaz,Nancy,Diaz,ndiaz@gmail.com,(305) 881-9882,Coldwell Banker,Coldwell Banker,Modesto,Modesto,CA,96195,1,6,6,3690983,4.6,C,62,Referral Network,Independent,2026-08-16T03:27:14Z
CREAM-20260816-00884,Jeffrey Walker,Jeffrey Walker,Jeffrey,Walker,jwalker@kellerwilliams.com,(407) 311-4274,Keller Williams,Keller Williams,Avondale,Avondale,AZ,86459,2,3,3,918703,3.9,C,63,Referral Network,Enterprise (200+ agents),2026-08-16T12:34:16Z
CREAM-20260816-00885,Patricia Russell,Patricia Russell,Patricia,Russell,patricia_russell@me.com,(972) 475-7156,Compass,Compass,Wilmington,Wilmington,NC,27427,3,12,12,3137728,3.9,C,78,Facebook,Boutique (2-10 agents),2026-08-16T18:09:56Z
CREAM-20260816-00886,Jacob Smith,Jacob Smith,Jacob,Smith,jacobs@icloud.com,(256) 612-2891,Berkshire Hathaway,Berkshire Hathaway,Westminster,Westminster,CO,80536,5,15,15,9992211,4.1,C,80,LinkedIn,Enterprise (200+ agents),2026-08-16T02:58:57Z
CREAM-20260816-00887,Dennis Martin,Dennis Martin,Dennis,Martin,dennis.martin@sothebysinternational.com,(404) 682-4681,Sotheby's International,Sotheby's International,Oxnard,Oxnard,CA,90691,9,28,28,26594238,4.1,C,89,Referral Network,Mid-size (11-50 agents),2026-08-16T06:03:37Z
CREAM-20260816-00888,Katherine Bailey,Katherine Bailey,Katherine,Bailey,kbailey@yahoo.com,(929) 441-1287,Coldwell Banker,Coldwell Banker,Oxnard,Oxnard,CA,95159,12,35,35,36498408,4.9,C,80,MLS Database,Enterprise (200+ agents),2026-08-16T03:18:34Z
CREAM-20260816-00889,Amber Gutierrez,Amber Gutierrez,Amber,Gutierrez,agutierrez@sothebysinternational.com,(415) 309-3051,Sotheby's International,Sotheby's International,Huntington Beach,Huntington Beach,CA,92908,2,10,10,9946659,4.5,C,60,Trade Show,Enterprise (200+ agents),2026-08-16T07:03:38Z
CREAM-20260816-00890,Debra Wright,Debra Wright,Debra,Wright,debrawright@gmail.com,(980) 730-9190,Long Realty,Long Realty,Avondale,Avondale,AZ,86891,7,33,33,10034953,4.8,C,72,Realtor.com,Boutique (2-10 agents),2026-08-16T10:22:16Z
CREAM-20260816-00891,Melissa Taylor,Melissa Taylor,Melissa,Taylor,melissa.taylor@yahoo.com,(415) 485-7280,Russell Lyon Sotheby's,Russell Lyon Sotheby's,Peoria,Peoria,AZ,86571,2,5,5,2014450,4.8,C,84,Cold Outreach,Large (51-200 agents),2026-08-16T16:25:12Z
CREAM-20260816-00892,William Williams,William Williams,William,Williams,williamwilliams@icloud.com,(916) 374-7684,RE/MAX,RE/MAX,Grand Prairie,Grand Prairie,TX,75769,0,5,5,1977096,5.0,C,69,NAR Directory,Boutique (2-10 agents),2026-08-16T11:14:03Z
CREAM-20260816-00893,Stephen Phillips,Stephen Phillips,Stephen,Phillips,stephen.phillips@gmail.com,(310) 380-4618,RE/MAX,RE/MAX,Peoria,Peoria,AZ,85264,5,18,18,8238422,4.7,C,97,Referral Network,Enterprise (200+ agents),2026-08-16T11:43:10Z
CREAM-20260816-00894,Thomas Powell,Thomas Powell,Thomas,Powell,thomas.powell@yahoo.com,(512) 406-6599,eXp Realty,eXp Realty,Mesquite,Mesquite,TX,78337,3,24,24,6725058,3.0,C,81,Referral Network,Boutique (2-10 agents),2026-08-16T21:06:55Z
CREAM-20260816-00895,Eric Price,Eric Price,Eric,Price,eric_price@icloud.com,(786) 759-9254,Keller Williams,Keller Williams,Wilmington,Wilmington,NC,28402,23,39,39,12696220,3.6,C,66,Referral Network,Mid-size (11-50 agents),2026-08-16T09:32:29Z
CREAM-20260816-00896,Gregory Sullivan,Gregory Sullivan,Gregory,Sullivan,gregory.sullivan@cutlerrealestate.com,(214) 706-6368,Cutler Real Estate,Cutler Real Estate,Hamilton,Hamilton,OH,45407,16,56,56,10265035,4.9,C,64,Cold Outreach,Mid-size (11-50 agents),2026-08-16T09:47:51Z
CREAM-20260816-00897,Scott Sanchez,Scott Sanchez,Scott,Sanchez,ssanchez@hotmail.com,(512) 918-2352,Halstead,Halstead,Troy,Troy,NY,12720,7,38,38,24999725,3.2,C,60,Cold Outreach,Boutique (2-10 agents),2026-08-16T21:43:12Z
CREAM-20260816-00898,Amanda Patel,Amanda Patel,Amanda,Patel,amandap@kellerwilliams.com,(407) 401-2566,Keller Williams,Keller Williams,Hamilton,Hamilton,OH,45981,3,12,12,2244528,4.1,C,64,Brokerage Listings,Large (51-200 agents),2026-08-16T23:14:53Z
CREAM-20260816-00899,Philip Young,Philip Young,Philip,Young,pyoung@berkshirehathaway.com,(714) 733-2771,Berkshire Hathaway,Berkshire Hathaway,McAllen,McAllen,TX,79781,16,36,36,10260450,4.1,C,71,NAR Directory,Boutique (2-10 agents),2026-08-16T08:01:27Z
CREAM-20260816-00900,Nicole Wilson,Nicole Wilson,Nicole,Wilson,nicole.wilson@aol.com,(469) 353-5234,Briggs Freeman Sotheby's,Briggs Freeman Sotheby's,Pasadena,Pasadena,TX,78355,17,56,56,24086179,4.7,C,82,Website Lead,Independent,2026-08-16T05:50:37Z
CREAM-20260816-00901,Heather Rivera,Heather Rivera,Heather,Rivera,heather.rivera@gmail.com,(513) 813-3774,Douglas Elliman,Douglas Elliman,Coral Springs,Coral Springs,FL,33850,3,17,17,8720906,3.2,C,69,Trade Show,Boutique (2-10 agents),2026-08-16T15:03:20Z
CREAM-20260816-00902,Elizabeth Cruz,Elizabeth Cruz,Elizabeth,Cruz,elizabethc@aol.com,(980) 809-1082,Long Realty,Long Realty,Avondale,Avondale,AZ,85874,23,33,33,15196313,3.8,C,87,Website Lead,Boutique (2-10 agents),2026-08-16T01:15:30Z
CREAM-20260816-00903,Sandra Powell,Sandra Powell,Sandra,Powell,sandrap@homesmart.com,(513) 759-3929,HomeSmart,HomeSmart,Peoria,Peoria,AZ,85273,14,47,47,23706001,3.5,C,99,LinkedIn,Large (51-200 agents),2026-08-16T05:44:41Z
CREAM-20260816-00904,Michelle Kelly,Michelle Kelly,Michelle,Kelly,michellek@aol.com,(469) 588-4212,Coldwell Banker,Coldwell Banker,Surprise,Surprise,AZ,86990,14,43,43,13630752,3.1,C,100,Brokerage Listings,Boutique (2-10 agents),2026-08-16T00:08:08Z
CREAM-20260816-00905,Jack Richardson,Jack Richardson,Jack,Richardson,jack.richardson@coldwellbanker.com,(713) 696-8788,Coldwell Banker,Coldwell Banker,Peoria,Peoria,AZ,85997,18,42,42,15392963,3.6,C,76,Website Lead,Boutique (2-10 agents),2026-08-16T08:05:16Z
CREAM-20260816-00906,James Coleman,James Coleman,James,Coleman,jamesc@re/max.com,(972) 632-7617,RE/MAX,RE/MAX,Avondale,Avondale,AZ,86793,23,33,33,17303819,4.6,C,77,Realtor.com,Independent,2026-08-16T02:55:19Z
CREAM-20260816-00907,Bruce Rivera,Bruce Rivera,Bruce,Rivera,bruce_rivera@yahoo.com,(256) 758-6787,Briggs Freeman Sotheby's,Briggs Freeman Sotheby's,Mesquite,Mesquite,TX,76147,0,2,2,555298,3.7,C,84,Trade Show,Boutique (2-10 agents),2026-08-16T11:52:13Z
CREAM-20260816-00908,Melissa Williams,Melissa Williams,Melissa,Williams,melissaw@outlook.com,(929) 937-1423,RE/MAX,RE/MAX,Palm Bay,Palm Bay,FL,34749,13,27,27,9734753,3.9,C,75,Brokerage Listings,Large (51-200 agents),2026-08-16T01:15:35Z
CREAM-20260816-00909,Anthony Hughes,Anthony Hughes,Anthony,Hughes,ahughes@aol.com,(929) 789-9692,Berkshire Hathaway HomeServices,Berkshire Hathaway HomeServices,Fontana,Fontana,CA,92816,0,4,4,4383111,4.3,C,66,Brokerage Listings,Large (51-200 agents),2026-08-16T04:25:17Z
CREAM-20260816-00910,Anna Lee,Anna Lee,Anna,Lee,anna.lee@exprealty.com,(929) 680-7150,eXp Realty,eXp Realty,High Point,High Point,NC,27406,13,37,37,16360704,3.7,C,74,Realtor.com,Enterprise (200+ agents),2026-08-16T04:18:17Z
CREAM-20260816-00911,Dorothy Scott,Dorothy Scott,Dorothy,Scott,dscott@outlook.com,(805) 602-8279,Berkshire Hathaway,Berkshire Hathaway,Peoria,Peoria,AZ,85154,11,54,54,15767329,3.4,C,90,Facebook,Large (51-200 agents),2026-08-16T02:09:32Z
CREAM-20260816-00912,Justin Campbell,Justin Campbell,Justin,Campbell,justin.campbell@aol.com,(512) 361-4007,Berkshire Hathaway,Berkshire Hathaway,Youngstown,Youngstown,OH,43787,2,4,4,925942,4.5,C,95,Referral Network,Enterprise (200+ agents),2026-08-16T04:00:49Z
CREAM-20260816-00913,John Turner,John Turner,John,Turner,john.turner@gmail.com,(972) 266-7925,Cutler Real Estate,Cutler Real Estate,Canton,Canton,OH,43189,21,41,41,10532172,3.6,C,79,MLS Database,Boutique (2-10 agents),2026-08-16T12:28:34Z
CREAM-20260816-00914,Barbara Powell,Barbara Powell,Barbara,Powell,barbara.powell@kellerwilliams.com,(214) 962-3269,Keller Williams,Keller Williams,Centennial,Centennial,CO,81584,3,17,17,10647160,3.1,C,95,Cold Outreach,Enterprise (200+ agents),2026-08-16T10:55:01Z
CREAM-20260816-00915,Lawrence Carter,Lawrence Carter,Lawrence,Carter,lcarter@icloud.com,(646) 420-5720,Allen Tate,Allen Tate,Wilmington,Wilmington,NC,28358,15,41,41,14998159,3.4,C,74,MLS Database,Large (51-200 agents),2026-08-16T23:46:24Z
CREAM-20260816-00916,Brian Scott,Brian Scott,Brian,Scott,brianscott@aol.com,(713) 398-9385,RE/MAX,RE/MAX,Oxnard,Oxnard,CA,95175,4,15,15,14080776,4.6,C,75,Trade Show,Boutique (2-10 agents),2026-08-16T16:21:31Z
CREAM-20260816-00917,Melissa Bailey,Melissa Bailey,Melissa,Bailey,mbailey@homesmart.com,(718) 683-6824,HomeSmart,HomeSmart,Surprise,Surprise,AZ,85650,4,13,13,4029949,4.5,C,68,Realtor.com,Mid-size (11-50 agents),2026-08-16T11:03:44Z
CREAM-20260816-00918,Samuel Allen,Samuel Allen,Samuel,Allen,samuelallen@gmail.com,(234) 448-2861,Sotheby's International,Sotheby's International,Troy,Troy,NY,13763,5,12,12,8254808,5.0,C,76,Realtor.com,Enterprise (200+ agents),2026-08-16T18:26:43Z
CREAM-20260816-00919,Dennis Long,Dennis Long,Dennis,Long,dennislong@outlook.com,(234) 358-8131,Compass,Compass,White Plains,White Plains,NY,14202,0,0,0,0,4.1,C,85,Facebook,Boutique (2-10 agents),2026-08-16T10:03:36Z
CREAM-20260816-00920,Natalie Ruiz,Natalie Ruiz,Natalie,Ruiz,natalie.ruiz@exprealty.com,(972) 341-5051,eXp Realty,eXp Realty,Centennial,Centennial,CO,80247,0,1,1,428534,4.7,C,64,MLS Database,Independent,2026-08-16T20:14:41Z
CREAM-20260816-00921,Christopher Phillips,Christopher Phillips,Christopher,Phillips,cphillips@douglaselliman.com,(512) 906-6629,Douglas Elliman,Douglas Elliman,McKinney,McKinney,TX,79109,0,5,5,1345428,3.8,C,92,Brokerage Listings,Boutique (2-10 agents),2026-08-16T19:44:38Z
CREAM-20260816-00922,Keith Hill,Keith Hill,Keith,Hill,khill@aol.com,(614) 669-5362,Huntington Real Estate,Huntington Real Estate,Canton,Canton,OH,44720,24,51,51,15794591,3.9,C,82,Brokerage Listings,Large (51-200 agents),2026-08-16T12:50:54Z
CREAM-20260816-00923,Amber Turner,Amber Turner,Amber,Turner,ambert@aol.com,(704) 292-5902,eXp Realty,eXp Realty,Peoria,Peoria,AZ,85849,4,11,11,4149536,4.7,C,82,Realtor.com,Boutique (2-10 agents),2026-08-16T14:37:11Z
CREAM-20260816-00924,Alexander Morris,Alexander Morris,Alexander,Morris,amorris@gmail.com,(602) 555-8839,Briggs Freeman Sotheby's,Briggs Freeman Sotheby's,Pasadena,Pasadena,TX,76623,13,35,35,14408471,3.5,C,95,Realtor.com,Mid-size (11-50 agents),2026-08-16T14:51:55Z
CREAM-20260816-00925,Megan Perez,Megan Perez,Megan,Perez,meganp@aol.com,(718) 890-4672,Coldwell Banker,Coldwell Banker,Hamilton,Hamilton,OH,44837,3,17,17,4570868,3.1,C,93,Realtor.com,Mid-size (11-50 agents),2026-08-16T17:50:34Z
CREAM-20260816-00926,Nancy Turner,Nancy Turner,Nancy,Turner,nancy_turner@aol.com,(512) 348-8616,Briggs Freeman Sotheby's,Briggs Freeman Sotheby's,Mesquite,Mesquite,TX,76576,23,79,79,19506650,3.3,C,88,Website Lead,Independent,2026-08-16T09:34:19Z
CREAM-20260816-00927,Stephen Rivera,Stephen Rivera,Stephen,Rivera,stephenr@allentate.com,(415) 988-3336,Allen Tate,Allen Tate,Wilmington,Wilmington,NC,27957,12,28,28,8986673,4.1,C,87,Realtor.com,Mid-size (11-50 agents),2026-08-16T02:00:57Z
CREAM-20260816-00928,Arthur Jones,Arthur Jones,Arthur,Jones,arthur.jones@hotmail.com,(919) 549-2405,Douglas Elliman,Douglas Elliman,Mount Vernon,Mount Vernon,NY,13468,1,8,8,6399617,4.8,C,78,Website Lead,Large (51-200 agents),2026-08-16T04:35:58Z
CREAM-20260816-00929,Alexander Morgan,Alexander Morgan,Alexander,Morgan,amorgan@outlook.com,(234) 495-1504,Berkshire Hathaway HomeServices,Berkshire Hathaway HomeServices,Oxnard,Oxnard,CA,91383,4,20,20,22089466,4.1,C,79,NAR Directory,Large (51-200 agents),2026-08-16T12:01:37Z
CREAM-20260816-00930,Donna Foster,Donna Foster,Donna,Foster,donnaf@yahoo.com,(469) 951-8116,Douglas Elliman,Douglas Elliman,McKinney,McKinney,TX,77518,10,66,66,22114714,3.6,C,92,Brokerage Listings,Mid-size (11-50 agents),2026-08-16T15:36:23Z
CREAM-20260816-00931,Alexander Nelson,Alexander Nelson,Alexander,Nelson,anelson@outlook.com,(718) 275-6813,eXp Realty,eXp Realty,Palm Bay,Palm Bay,FL,34304,0,0,0,0,3.1,C,85,MLS Database,Boutique (2-10 agents),2026-08-16T11:02:39Z
CREAM-20260816-00932,Sandra Kelly,Sandra Kelly,Sandra,Kelly,sandra.kelly@re/max.com,(980) 524-9442,RE/MAX,RE/MAX,Moreno Valley,Moreno Valley,CA,91456,21,38,38,41420901,4.9,C,85,Cold Outreach,Independent,2026-08-16T11:07:07Z
CREAM-20260816-00933,Jacqueline Campbell,Jacqueline Campbell,Jacqueline,Campbell,jacquelinec@yahoo.com,(980) 637-2336,Century 21,Century 21,Clearwater,Clearwater,FL,32432,8,16,16,6260174,3.2,C,67,NAR Directory,Independent,2026-08-16T05:50:25Z
CREAM-20260816-00934,Wayne Nguyen,Wayne Nguyen,Wayne,Nguyen,wayne.nguyen@corcorangroup.com,(805) 960-5743,Corcoran Group,Corcoran Group,Hempstead,Hempstead,NY,10818,23,29,29,18686211,4.6,C,91,NAR Directory,Large (51-200 agents),2026-08-16T14:50:32Z
CREAM-20260816-00935,Kenneth Jackson,Kenneth Jackson,Kenneth,Jackson,kennethjackson@hotmail.com,(334) 244-7869,Russell Lyon Sotheby's,Russell Lyon Sotheby's,Yuma,Yuma,AZ,86870,11,53,53,19654893,4.3,C,99,Referral Network,Mid-size (11-50 agents),2026-08-16T18:44:01Z
CREAM-20260816-00936,Debra Alvarez,Debra Alvarez,Debra,Alvarez,dalvarez@coldwellbanker.com,(256) 476-9930,Coldwell Banker,Coldwell Banker,Youngstown,Youngstown,OH,45203,8,40,40,8063876,4.9,C,61,Realtor.com,Independent,2026-08-16T15:21:00Z
CREAM-20260816-00937,Aaron Cox,Aaron Cox,Aaron,Cox,aaronc@yahoo.com,(512) 641-1335,Long Realty,Long Realty,Peoria,Peoria,AZ,85546,11,38,38,16054298,4.9,C,79,Referral Network,Boutique (2-10 agents),2026-08-16T10:30:37Z
CREAM-20260816-00938,Deborah Moore,Deborah Moore,Deborah,Moore,deborahm@icloud.com,(234) 244-7403,eXp Realty,eXp Realty,Pueblo,Pueblo,CO,81239,14,79,79,56335635,4.0,C,89,Trade Show,Mid-size (11-50 agents),2026-08-16T13:13:50Z
CREAM-20260816-00939,Thomas Lewis,Thomas Lewis,Thomas,Lewis,thomas.lewis@outlook.com,(305) 988-7344,Compass,Compass,High Point,High Point,NC,27960,23,26,26,10271834,4.3,C,80,Facebook,Mid-size (11-50 agents),2026-08-16T08:31:03Z
CREAM-20260816-00940,Betty Martin,Betty Martin,Betty,Martin,bmartin@gmail.com,(919) 383-4540,Keller Williams,Keller Williams,High Point,High Point,NC,27230,1,5,5,1448923,3.1,C,67,Facebook,Large (51-200 agents),2026-08-16T07:46:52Z
CREAM-20260816-00941,Brenda Sanchez,Brenda Sanchez,Brenda,Sanchez,brenda_sanchez@hotmail.com,(404) 223-6500,Allie Beth Allman,Allie Beth Allman,Pasadena,Pasadena,TX,79224,0,1,1,382104,4.3,C,80,LinkedIn,Large (51-200 agents),2026-08-16T19:54:35Z
CREAM-20260816-00942,Arthur Gomez,Arthur Gomez,Arthur,Gomez,arthurg@icloud.com,(805) 284-3171,Compass,Compass,Schenectady,Schenectady,NY,13895,3,10,10,6671641,4.0,C,65,Facebook,Large (51-200 agents),2026-08-16T18:03:06Z
CREAM-20260816-00943,Eugene Rivera,Eugene Rivera,Eugene,Rivera,eugene.rivera@gmail.com,(305) 343-4174,Keller Williams,Keller Williams,Avondale,Avondale,AZ,86721,2,11,11,5633256,4.3,C,96,LinkedIn,Mid-size (11-50 agents),2026-08-16T14:27:42Z
CREAM-20260816-00944,Amy Garcia,Amy Garcia,Amy,Garcia,agarcia@hotmail.com,(212) 548-3940,Sotheby's International,Sotheby's International,Fontana,Fontana,CA,93724,5,20,20,19964671,4.5,C,90,Facebook,Independent,2026-08-16T04:23:19Z
CREAM-20260816-00945,Arthur Sanders,Arthur Sanders,Arthur,Sanders,arthur.sanders@exprealty.com,(614) 497-4318,eXp Realty,eXp Realty,Pasadena,Pasadena,TX,77621,4,11,11,4640016,3.1,C,70,NAR Directory,Mid-size (11-50 agents),2026-08-16T19:22:25Z
CREAM-20260816-00946,Stephanie Gonzalez,Stephanie Gonzalez,Stephanie,Gonzalez,stephanie.gonzalez@gmail.com,(469) 826-9294,Russell Lyon Sotheby's,Russell Lyon Sotheby's,Yuma,Yuma,AZ,86419,0,3,3,1457206,3.2,C,82,Trade Show,Enterprise (200+ agents),2026-08-16T10:57:42Z
CREAM-20260816-00947,Donald Hughes,Donald Hughes,Donald,Hughes,donaldhughes@me.com,(614) 999-4676,HomeSmart,HomeSmart,Yuma,Yuma,AZ,86378,2,8,8,2716331,3.7,C,69,MLS Database,Enterprise (200+ agents),2026-08-16T19:00:23Z
CREAM-20260816-00948,Rebecca Ramirez,Rebecca Ramirez,Rebecca,Ramirez,rebecca_ramirez@hotmail.com,(718) 429-5890,Russell Lyon Sotheby's,Russell Lyon Sotheby's,Peoria,Peoria,AZ,86356,15,38,38,17027185,3.3,C,75,Brokerage Listings,Independent,2026-08-16T11:08:52Z
CREAM-20260816-00949,Lauren Ramirez,Lauren Ramirez,Lauren,Ramirez,lauren_ramirez@icloud.com,(929) 767-5125,eXp Realty,eXp Realty,Fremont,Fremont,CA,96267,24,41,41,31246460,3.6,C,99,Cold Outreach,Large (51-200 agents),2026-08-16T02:23:26Z
CREAM-20260816-00950,Rose Peterson,Rose Peterson,Rose,Peterson,rose.peterson@douglaselliman.com,(334) 634-3313,Douglas Elliman,Douglas Elliman,Troy,Troy,NY,13598,0,5,5,3428477,3.2,C,84,Cold Outreach,Boutique (2-10 agents),2026-08-16T03:58:33Z
CREAM-20260816-00951,Scott Torres,Scott Torres,Scott,Torres,scottt@aol.com,(602) 817-1739,Berkshire Hathaway,Berkshire Hathaway,Canton,Canton,OH,45364,22,75,75,16637969,3.4,C,88,Brokerage Listings,Enterprise (200+ agents),2026-08-16T10:48:35Z
CREAM-20260816-00952,Danielle Collins,Danielle Collins,Danielle,Collins,daniellec@hotmail.com,(214) 265-3288,Douglas Elliman,Douglas Elliman,Troy,Troy,NY,11457,3,16,16,12470077,3.9,C,71,Realtor.com,Mid-size (11-50 agents),2026-08-16T02:11:08Z
CREAM-20260816-00953,Wayne Kelly,Wayne Kelly,Wayne,Kelly,waynek@alliebethallman.com,(602) 208-5629,Allie Beth Allman,Allie Beth Allman,Brownsville,Brownsville,TX,76772,4,11,11,4956455,4.2,C,66,Website Lead,Independent,2026-08-16T15:20:03Z
CREAM-20260816-00954,Susan Reed,Susan Reed,Susan,Reed,susanr@outlook.com,(786) 203-5437,Sotheby's International,Sotheby's International,Irvine,Irvine,CA,95212,1,6,6,3683969,4.7,C,60,Referral Network,Independent,2026-08-16T17:31:52Z
CREAM-20260816-00955,Wayne Reed,Wayne Reed,Wayne,Reed,wayner@re/max.com,(602) 424-1539,RE/MAX,RE/MAX,Pueblo,Pueblo,CO,80950,16,38,38,21828813,3.3,C,75,Realtor.com,Boutique (2-10 agents),2026-08-16T06:47:43Z
CREAM-20260816-00956,Karen Peterson,Karen Peterson,Karen,Peterson,karen_peterson@outlook.com,(512) 273-1174,Huntington Real Estate,Huntington Real Estate,Lorain,Lorain,OH,44185,0,4,4,728298,4.0,C,85,Website Lead,Enterprise (200+ agents),2026-08-16T22:32:39Z
CREAM-20260816-00957,Michael Brooks,Michael Brooks,Michael,Brooks,michaelbrooks@me.com,(469) 537-6732,HER Realtors,HER Realtors,Hamilton,Hamilton,OH,45328,1,11,11,2281359,3.9,C,60,Referral Network,Large (51-200 agents),2026-08-16T22:48:55Z
CREAM-20260816-00958,Tyler Cook,Tyler Cook,Tyler,Cook,tyler.cook@coldwellbanker.com,(310) 650-3184,Coldwell Banker,Coldwell Banker,Pasadena,Pasadena,TX,77310,15,29,29,7682393,3.4,C,73,Realtor.com,Large (51-200 agents),2026-08-16T01:05:00Z
CREAM-20260816-00959,Gary Ortiz,Gary Ortiz,Gary,Ortiz,gary_ortiz@yahoo.com,(513) 745-6073,RE/MAX,RE/MAX,McKinney,McKinney,TX,78916,24,75,75,22928239,4.9,C,96,LinkedIn,Independent,2026-08-16T16:02:44Z
CREAM-20260816-00960,Ralph Jackson,Ralph Jackson,Ralph,Jackson,rjackson@me.com,(714) 530-5129,Sotheby's International,Sotheby's International,Hempstead,Hempstead,NY,11842,23,77,77,38629558,4.6,C,82,Realtor.com,Independent,2026-08-16T06:24:23Z
CREAM-20260816-00961,Michelle Morgan,Michelle Morgan,Michelle,Morgan,michelle.morgan@icloud.com,(415) 596-9239,Berkshire Hathaway,Berkshire Hathaway,Peoria,Peoria,AZ,86450,22,56,56,23893667,3.2,C,67,NAR Directory,Enterprise (200+ agents),2026-08-16T10:23:06Z
CREAM-20260816-00962,Samantha Howard,Samantha Howard,Samantha,Howard,samantha.howard@icloud.com,(513) 841-4244,RE/MAX,RE/MAX,Miramar,Miramar,FL,32715,0,4,4,1685311,5.0,C,82,Referral Network,Independent,2026-08-16T13:33:53Z
CREAM-20260816-00963,Gloria Cook,Gloria Cook,Gloria,Cook,gloria.cook@hotmail.com,(234) 378-7872,Coldwell Banker,Coldwell Banker,Oxnard,Oxnard,CA,93473,2,10,10,9386688,4.4,C,92,Brokerage Listings,Boutique (2-10 agents),2026-08-16T11:21:19Z
CREAM-20260816-00964,Susan Flores,Susan Flores,Susan,Flores,susanf@exprealty.com,(404) 295-6124,eXp Realty,eXp Realty,Lorain,Lorain,OH,45590,24,50,50,10866857,3.0,C,78,Facebook,Large (51-200 agents),2026-08-16T03:59:20Z
CREAM-20260816-00965,Ronald Hall,Ronald Hall,Ronald,Hall,ronaldh@yahoo.com,(614) 955-1506,Coldwell Banker,Coldwell Banker,Pasadena,Pasadena,TX,77939,5,18,18,7293208,3.8,C,96,Cold Outreach,Independent,2026-08-16T12:57:33Z
CREAM-20260816-00966,Maria Morales,Maria Morales,Maria,Morales,mariam@outlook.com,(334) 454-5191,RE/MAX,RE/MAX,Lorain,Lorain,OH,43384,24,28,28,7343923,4.0,C,83,Website Lead,Enterprise (200+ agents),2026-08-16T23:12:07Z
CREAM-20260816-00967,Rose Perry,Rose Perry,Rose,Perry,rosep@gmail.com,(646) 966-8636,Pacific Sotheby's,Pacific Sotheby's,Huntington Beach,Huntington Beach,CA,90849,4,20,20,21929035,3.9,C,92,Website Lead,Enterprise (200+ agents),2026-08-16T18:21:48Z
CREAM-20260816-00968,Donna Price,Donna Price,Donna,Price,donna_price@outlook.com,(415) 814-2349,8z Real Estate,8z Real Estate,Centennial,Centennial,CO,80730,16,72,72,48590684,4.4,C,94,Facebook,Boutique (2-10 agents),2026-08-16T16:57:31Z
CREAM-20260816-00969,Brandon Gutierrez,Brandon Gutierrez,Brandon,Gutierrez,brandon_gutierrez@yahoo.com,(512) 350-3299,Sotheby's International,Sotheby's International,White Plains,White Plains,NY,13209,1,11,11,7128859,3.3,C,64,Referral Network,Mid-size (11-50 agents),2026-08-16T22:05:40Z
CREAM-20260816-00970,Donna Anderson,Donna Anderson,Donna,Anderson,danderson@outlook.com,(720) 399-2415,eXp Realty,eXp Realty,Pueblo,Pueblo,CO,80975,10,76,76,53994140,3.5,C,98,Brokerage Listings,Boutique (2-10 agents),2026-08-16T04:08:42Z
CREAM-20260816-00971,Kenneth Nguyen,Kenneth Nguyen,Kenneth,Nguyen,kennethnguyen@yahoo.com,(512) 353-7923,Berkshire Hathaway,Berkshire Hathaway,Clearwater,Clearwater,FL,32350,0,3,3,1382885,3.3,C,70,MLS Database,Independent,2026-08-16T19:18:13Z
CREAM-20260816-00972,Donna Cook,Donna Cook,Donna,Cook,donnacook@icloud.com,(614) 502-9767,Compass,Compass,Oxnard,Oxnard,CA,90886,6,26,26,20766760,4.8,C,73,LinkedIn,Boutique (2-10 agents),2026-08-16T13:19:10Z
CREAM-20260816-00973,Frank Hill,Frank Hill,Frank,Hill,frank_hill@aol.com,(714) 984-9162,Berkshire Hathaway,Berkshire Hathaway,Surprise,Surprise,AZ,85871,4,15,15,6723709,3.9,C,76,Brokerage Listings,Large (51-200 agents),2026-08-16T01:27:27Z
CREAM-20260816-00974,Grace Murphy,Grace Murphy,Grace,Murphy,gmurphy@icloud.com,(972) 673-8375,8z Real Estate,8z Real Estate,Centennial,Centennial,CO,81214,18,40,40,20770124,3.7,C,99,Realtor.com,Large (51-200 agents),2026-08-16T04:14:36Z
CREAM-20260816-00975,Elizabeth Reed,Elizabeth Reed,Elizabeth,Reed,elizabeth.reed@hotmail.com,(718) 413-4022,Keller Williams,Keller Williams,Lorain,Lorain,OH,43434,1,5,5,1374988,3.2,C,95,Trade Show,Mid-size (11-50 agents),2026-08-16T13:23:18Z
CREAM-20260816-00976,Helen Lewis,Helen Lewis,Helen,Lewis,helen.lewis@exprealty.com,(714) 903-2787,eXp Realty,eXp Realty,Mesquite,Mesquite,TX,77586,3,19,19,5718193,4.3,C,62,Brokerage Listings,Enterprise (200+ agents),2026-08-16T04:32:00Z
CREAM-20260816-00977,Raymond Walker,Raymond Walker,Raymond,Walker,raymondw@hotmail.com,(718) 385-5111,Coldwell Banker,Coldwell Banker,Pueblo,Pueblo,CO,80821,21,59,59,39681652,4.0,C,69,Website Lead,Large (51-200 agents),2026-08-16T04:27:32Z
CREAM-20260816-00978,Patricia Gomez,Patricia Gomez,Patricia,Gomez,patriciag@me.com,(980) 882-5968,HomeSmart,HomeSmart,Yuma,Yuma,AZ,86636,3,14,14,4237834,3.9,C,93,NAR Directory,Mid-size (11-50 agents),2026-08-16T12:11:16Z
CREAM-20260816-00979,Jessica James,Jessica James,Jessica,James,jessica_james@me.com,(916) 905-5210,Huntington Real Estate,Huntington Real Estate,Lorain,Lorain,OH,45786,2,9,9,1911360,4.7,C,74,Referral Network,Mid-size (11-50 agents),2026-08-16T07:01:47Z
CREAM-20260816-00980,Katherine Ramirez,Katherine Ramirez,Katherine,Ramirez,katherine_ramirez@gmail.com,(404) 836-4268,RE/MAX,RE/MAX,Yuma,Yuma,AZ,86774,1,7,7,2507364,3.4,C,66,Website Lead,Mid-size (11-50 agents),2026-08-16T04:04:20Z
CREAM-20260816-00981,Brenda Reyes,Brenda Reyes,Brenda,Reyes,brendareyes@outlook.com,(786) 358-8856,RE/MAX,RE/MAX,Boulder,Boulder,CO,81510,2,4,4,2402381,4.8,C,86,Trade Show,Boutique (2-10 agents),2026-08-16T22:52:38Z
CREAM-20260816-00982,Amber Hughes,Amber Hughes,Amber,Hughes,amberh@hotmail.com,(469) 392-9873,Berkshire Hathaway HomeServices,Berkshire Hathaway HomeServices,Fontana,Fontana,CA,93690,11,79,79,79350713,4.0,C,66,Referral Network,Boutique (2-10 agents),2026-08-16T21:32:15Z
CREAM-20260816-00983,Eric Hall,Eric Hall,Eric,Hall,erichall@outlook.com,(720) 714-4602,Coldwell Banker,Coldwell Banker,Grand Prairie,Grand Prairie,TX,78604,20,48,48,14515576,3.2,C,64,LinkedIn,Large (51-200 agents),2026-08-16T16:17:35Z
CREAM-20260816-00984,Ryan Cruz,Ryan Cruz,Ryan,Cruz,ryanc@icloud.com,(602) 499-3226,Brown Harris Stevens,Brown Harris Stevens,White Plains,White Plains,NY,11825,0,5,5,2502732,4.7,C,69,Website Lead,Enterprise (200+ agents),2026-08-16T16:39:27Z
CREAM-20260816-00985,Jacqueline Thompson,Jacqueline Thompson,Jacqueline,Thompson,jthompson@allentate.com,(929) 315-1536,Allen Tate,Allen Tate,High Point,High Point,NC,28970,3,10,10,3232817,4.6,C,69,Cold Outreach,Mid-size (11-50 agents),2026-08-16T18:45:45Z
CREAM-20260816-00986,Mary Morales,Mary Morales,Mary,Morales,mary_morales@icloud.com,(303) 669-2462,Howard Hanna,Howard Hanna,High Point,High Point,NC,28216,2,7,7,2850731,3.7,C,72,Brokerage Listings,Independent,2026-08-16T16:41:57Z
CREAM-20260816-00987,Martha Miller,Martha Miller,Martha,Miller,marthamiller@yahoo.com,(404) 597-2838,Allen Tate,Allen Tate,Greenville,Greenville,NC,27812,20,33,33,10158630,3.6,C,61,Cold Outreach,Enterprise (200+ agents),2026-08-16T07:18:24Z
CREAM-20260816-00988,Michael Foster,Michael Foster,Michael,Foster,michael_foster@yahoo.com,(718) 526-2884,RE/MAX,RE/MAX,Pueblo,Pueblo,CO,81665,1,8,8,4863592,3.0,C,63,Realtor.com,Boutique (2-10 agents),2026-08-16T20:42:10Z
CREAM-20260816-00989,Emma Hughes,Emma Hughes,Emma,Hughes,ehughes@howardhanna.com,(415) 601-1914,Howard Hanna,Howard Hanna,Wilmington,Wilmington,NC,28856,4,14,14,3922705,3.9,C,81,Realtor.com,Enterprise (200+ agents),2026-08-16T02:04:37Z
CREAM-20260816-00990,Grace Long,Grace Long,Grace,Long,gracel@exprealty.com,(720) 556-2713,eXp Realty,eXp Realty,Hamilton,Hamilton,OH,45386,7,21,21,5019088,4.7,C,66,NAR Directory,Mid-size (11-50 agents),2026-08-16T17:11:19Z
CREAM-20260816-00991,Emma Rivera,Emma Rivera,Emma,Rivera,emma.rivera@me.com,(404) 404-2854,8z Real Estate,8z Real Estate,Centennial,Centennial,CO,81359,20,53,53,33019294,3.4,C,80,Trade Show,Enterprise (200+ agents),2026-08-16T20:12:23Z
CREAM-20260816-00992,Roger Young,Roger Young,Roger,Young,roger.young@aol.com,(646) 600-8268,Compass,Compass,High Point,High Point,NC,28927,6,36,36,15701602,4.6,C,80,Trade Show,Enterprise (200+ agents),2026-08-16T07:47:37Z
CREAM-20260816-00993,Brittany Long,Brittany Long,Brittany,Long,blong@me.com,(714) 485-6760,LIV Sotheby's,LIV Sotheby's,Centennial,Centennial,CO,81537,22,32,32,17361926,3.2,C,100,Brokerage Listings,Large (51-200 agents),2026-08-16T08:22:21Z
CREAM-20260816-00994,Joseph Morgan,Joseph Morgan,Joseph,Morgan,joseph.morgan@aol.com,(212) 436-7293,Allie Beth Allman,Allie Beth Allman,Brownsville,Brownsville,TX,79256,1,6,6,1952596,5.0,C,91,Referral Network,Large (51-200 agents),2026-08-16T09:00:56Z
CREAM-20260816-00995,Walter Thomas,Walter Thomas,Walter,Thomas,walter_thomas@gmail.com,(614) 554-9219,8z Real Estate,8z Real Estate,Centennial,Centennial,CO,81321,1,9,9,4301031,3.1,C,86,Brokerage Listings,Boutique (2-10 agents),2026-08-16T19:17:57Z
CREAM-20260816-00996,Ashley Reed,Ashley Reed,Ashley,Reed,ashley.reed@me.com,(916) 790-3724,eXp Realty,eXp Realty,Youngstown,Youngstown,OH,43877,4,15,15,3860174,3.2,C,66,Referral Network,Independent,2026-08-16T18:34:23Z
CREAM-20260816-00997,Janet Gray,Janet Gray,Janet,Gray,janetg@aol.com,(310) 490-7677,Keller Williams,Keller Williams,Westminster,Westminster,CO,81735,4,13,13,6003843,4.6,C,69,LinkedIn,Large (51-200 agents),2026-08-16T15:38:51Z
CREAM-20260816-00998,Daniel Kim,Daniel Kim,Daniel,Kim,daniel.kim@hotmail.com,(214) 444-5735,Century 21,Century 21,Coral Springs,Coral Springs,FL,33899,3,8,8,2928962,4.3,C,81,NAR Directory,Large (51-200 agents),2026-08-16T19:36:43Z
CREAM-20260816-00999,Maria Wright,Maria Wright,Maria,Wright,maria.wright@kellerwilliams.com,(310) 666-4609,Keller Williams,Keller Williams,Hamilton,Hamilton,OH,44193,1,11,11,3484985,4.4,C,90,Website Lead,Large (51-200 agents),2026-08-16T08:59:44Z
CREAM-20260816-01000,Jacqueline Cooper,Jacqueline Cooper,Jacqueline,Cooper,jacqueline_cooper@me.com,(407) 892-5691,Allie Beth Allman,Allie Beth Allman,Mesquite,Mesquite,TX,76372,5,22,22,9644458,3.6,C,62,Referral Network,Boutique (2-10 agents),2026-08-16T02:25:21Z
