full_name,first_name,last_name,email,phone,brokerage,city,state,metro_area,license_number,license_state,years_experience,transactions_12mo,sales_volume,cream_fit_score,priority,priority_tier,rating,source,source_url,scraped_at
Benjamin Morales,Benjamin,Morales,benjaminmorales82@compass.com,(312) 989-9804,Zillow Premier Agent,Washington,DC,Washington,DC355841,DC,6,25,17500000,94,A,A,4.2,realtor_scraper,https://www.zillow.com/professionals/real-estate-agents/,2026-04-22T07:00:00.000000+00:00
Debra Lopez,Debra,Lopez,debra.lopez@exp.com,(585) 961-5800,Better Homes and Gardens Real Estate,Phoenix,AZ,Phoenix,AZ129427,AZ,5,30,13500000,97,A,A,3.3,realtor_scraper,https://www.remax.com/real-estate-agents,2026-04-22T07:00:00.000000+00:00
Linda Gomez,Linda,Gomez,linda_gomez@aol.com,(212) 242-3789,Better Homes and Gardens Real Estate,New York,NY,New York,NY279062,NY,8,12,10200000,78,A,A,4.6,realtor_scraper,https://www.movoto.com/real-estate-agents/,2026-04-22T07:00:00.000000+00:00
Charles Morales,Charles,Morales,cmorales@kw.com,(813) 735-3564,Berkshire Hathaway HomeServices,New York,NY,New York,NY229980,NY,5,20,17000000,78,A,A,4.9,realtor_scraper,https://www.kw.com/agent,2026-04-22T07:00:00.000000+00:00
Rachel Davis,Rachel,Davis,racheldavis22@century21.com,(608) 566-2981,Century 21,Fort Wayne,IN,Fort Wayne,IN303280,IN,3,12,2880000,73,C,C,4.1,realtor_scraper,https://www.remax.com/real-estate-agents,2026-04-22T07:00:00.000000+00:00
Ruth Miller,Ruth,Miller,millerruth@weichert.com,(215) 657-9958,JLL,Asheville,NC,Asheville,NC414473,NC,7,10,3100000,79,C,C,4.6,realtor_scraper,https://www.kw.com/agent,2026-04-22T07:00:00.000000+00:00
Samantha Jimenez,Samantha,Jimenez,samantha.jimenez@homesmart.com,(213) 287-7043,JLL,Miami,FL,Miami,FL280618,FL,7,12,4800000,88,A,A,4.8,realtor_scraper,https://www.bhhs.com/real-estate-agents,2026-04-22T07:00:00.000000+00:00
Brenda Patel,Brenda,Patel,bpatel@realtor.com,(402) 750-4875,Keller Williams,Chattanooga,TN,Chattanooga,TN831252,TN,3,8,2560000,75,C,C,4.2,realtor_scraper,https://www.zillow.com/professionals/real-estate-agents/,2026-04-22T07:00:00.000000+00:00
Samantha Peterson,Samantha,Peterson,speterson@yahoo.com,(713) 269-6592,RE/MAX,Tucson,AZ,Tucson,AZ979375,AZ,12,15,6750000,95,B,B,3.3,realtor_scraper,https://www.bhhs.com/real-estate-agents,2026-04-22T07:00:00.000000+00:00
Edward James,Edward,James,edwardjames97@century21.com,(612) 834-2625,eXp Realty,Little Rock,AR,Little Rock,AR263254,AR,2,20,3900000,85,C,C,3.8,realtor_scraper,https://www.trulia.com/real-estate-agents/,2026-04-22T07:00:00.000000+00:00
David Nelson,David,Nelson,nelsondavid@remax.com,(407) 229-2018,eXp Realty,Bend,OR,Bend,OR548770,OR,4,3,1500000,79,C,C,4.6,realtor_scraper,https://www.remax.com/real-estate-agents,2026-04-22T07:00:00.000000+00:00
Sandra Bailey,Sandra,Bailey,sandra.bailey@sothebysrealty.com,(412) 270-7781,Keller Williams,Austin,TX,Austin,TX659519,TX,6,25,8750000,96,A,A,3.3,realtor_scraper,https://www.trulia.com/real-estate-agents/,2026-04-22T07:00:00.000000+00:00
Stephanie Sanders,Stephanie,Sanders,sanders.s@yahoo.com,(575) 568-6209,Weichert Realtors,Riverside,CA,Riverside,CA457099,CA,10,45,33750000,76,B,B,4.3,realtor_scraper,https://www.coldwellbanker.com/real-estate-agents,2026-04-22T07:00:00.000000+00:00
Nicole Edwards,Nicole,Edwards,nedwards@gmail.com,(206) 496-5544,HomeSmart,Philadelphia,PA,Philadelphia,PA669892,PA,4,30,8700000,86,A,A,5.0,realtor_scraper,https://www.movoto.com/real-estate-agents/,2026-04-22T07:00:00.000000+00:00
Maria Price,Maria,Price,price.m@outlook.com,(575) 787-9870,Realty ONE Group,Birmingham,AL,Birmingham,AL702813,AL,7,10,2200000,87,B,B,3.9,realtor_scraper,https://www.realtor.com/realestateagents/,2026-04-22T07:00:00.000000+00:00
Christopher Gutierrez,Christopher,Gutierrez,christopher_gutierrez@remax.com,(410) 539-9402,Berkshire Hathaway HomeServices,Provo,UT,Provo,UT687404,UT,4,6,3000000,84,C,C,3.2,realtor_scraper,https://www.movoto.com/real-estate-agents/,2026-04-22T07:00:00.000000+00:00
Margaret Young,Margaret,Young,margaretyoung98@outlook.com,(559) 555-4116,Coldwell Banker,Dallas,TX,Dallas,TX282652,TX,10,50,17500000,81,A,A,4.5,realtor_scraper,https://www.redfin.com/real-estate-agents,2026-04-22T07:00:00.000000+00:00
Susan Mitchell,Susan,Mitchell,mitchellsusan@yahoo.com,(512) 702-4814,JPMorgan Real Estate,Rochester,NY,Rochester,NY633510,NY,3,15,12750000,81,B,B,4.4,realtor_scraper,https://www.homes.com/real-estate-agents/,2026-04-22T07:00:00.000000+00:00
Sandra Wilson,Sandra,Wilson,wilsonsandra@outlook.com,(404) 545-9959,Coldwell Banker,Winston-Salem,NC,Winston-Salem,NC193144,NC,3,8,2480000,84,C,C,3.9,realtor_scraper,https://www.homes.com/real-estate-agents/,2026-04-22T07:00:00.000000+00:00
Katherine Gutierrez,Katherine,Gutierrez,gutierrezkatherine@coldwellbanker.com,(479) 346-2585,Cushman & Wakefield,Mobile,AL,Mobile,AL114651,AL,4,10,2200000,79,C,C,4.0,realtor_scraper,https://www.zillow.com/professionals/real-estate-agents/,2026-04-22T07:00:00.000000+00:00
Margaret Morales,Margaret,Morales,margaretmorales59@outlook.com,(260) 234-1271,Century 21,San Antonio,TX,San Antonio,TX214738,TX,1,18,6300000,71,B,B,5.0,realtor_scraper,https://www.realtor.com/realestateagents/,2026-04-22T07:00:00.000000+00:00
Helen Nelson,Helen,Nelson,nelson.h@coldwellbanker.com,(334) 436-5026,Compass,New Orleans,LA,New Orleans,LA555891,LA,3,18,4140000,71,B,B,3.9,realtor_scraper,https://www.bhhs.com/real-estate-agents,2026-04-22T07:00:00.000000+00:00
Betty White,Betty,White,betty.white@sothebysrealty.com,(513) 663-2730,Sotheby's International Realty,Fayetteville,AR,Fayetteville,AR669452,AR,6,3,585000,70,C,C,4.6,realtor_scraper,https://www.remax.com/real-estate-agents,2026-04-22T07:00:00.000000+00:00
Stephen Ramos,Stephen,Ramos,stephen_ramos@gmail.com,(412) 444-6171,Better Homes and Gardens Real Estate,Cedar Rapids,IA,Cedar Rapids,IA381656,IA,1,12,2460000,68,C,C,4.9,realtor_scraper,https://www.bhhs.com/real-estate-agents,2026-04-22T07:00:00.000000+00:00
Elizabeth Peterson,Elizabeth,Peterson,peterson.e@exp.com,(970) 267-6710,Coldwell Banker,Seattle,WA,Seattle,WA958146,WA,7,35,21000000,93,A,A,3.1,realtor_scraper,https://www.bhhs.com/real-estate-agents,2026-04-22T07:00:00.000000+00:00
Charles Murphy,Charles,Murphy,murphy.c@gmail.com,(864) 636-5788,Independent Agent,Minneapolis,MN,Minneapolis,MN196532,MN,3,40,14000000,96,A,A,3.0,realtor_scraper,https://www.zillow.com/professionals/real-estate-agents/,2026-04-22T07:00:00.000000+00:00
Maria Johnson,Maria,Johnson,mjohnson@realtor.com,(719) 488-4734,Zillow Premier Agent,Jackson,MS,Jackson,MS653551,MS,2,3,540000,70,C,C,4.8,realtor_scraper,https://www.redfin.com/real-estate-agents,2026-04-22T07:00:00.000000+00:00
Cynthia Reyes,Cynthia,Reyes,reyescynthia@gmail.com,(402) 265-2347,Zillow Premier Agent,Boston,MA,Boston,MA106714,MA,8,8,5200000,78,A,A,3.1,realtor_scraper,https://www.realtor.com/realestateagents/,2026-04-22T07:00:00.000000+00:00
Raymond Richardson,Raymond,Richardson,raymondrichardson@remax.com,(214) 224-8563,HomeSmart,Winston-Salem,NC,Winston-Salem,NC252996,NC,4,15,4650000,81,C,C,4.0,realtor_scraper,https://www.kw.com/agent,2026-04-22T07:00:00.000000+00:00
Joseph Flores,Joseph,Flores,joseph_flores@outlook.com,(850) 694-6288,Sotheby's International Realty,Colorado Springs,CO,Colorado Springs,CO807197,CO,4,20,11000000,66,C,C,3.3,realtor_scraper,https://www.bhhs.com/real-estate-agents,2026-04-22T07:00:00.000000+00:00
Eric Nguyen,Eric,Nguyen,ericnguyen9@remax.com,(617) 362-3518,Zillow Premier Agent,Seattle,WA,Seattle,WA703182,WA,10,20,12000000,83,A,A,4.2,realtor_scraper,https://www.coldwellbanker.com/real-estate-agents,2026-04-22T07:00:00.000000+00:00
Jack Green,Jack,Green,green.j@weichert.com,(423) 914-3523,RE/MAX,New Orleans,LA,New Orleans,LA175857,LA,5,4,920000,63,B,B,4.4,realtor_scraper,https://www.remax.com/real-estate-agents,2026-04-22T07:00:00.000000+00:00
Benjamin Garcia,Benjamin,Garcia,garciabenjamin@compass.com,(619) 611-1553,Compass,Cincinnati,OH,Cincinnati,OH977996,OH,10,18,4500000,94,B,B,3.5,realtor_scraper,https://www.kw.com/agent,2026-04-22T07:00:00.000000+00:00
Nicholas Wright,Nicholas,Wright,nicholaswright72@gmail.com,(864) 772-3325,Berkshire Hathaway HomeServices,Houston,TX,Houston,TX393433,TX,15,30,10500000,82,A,A,4.1,realtor_scraper,https://www.trulia.com/real-estate-agents/,2026-04-22T07:00:00.000000+00:00
Eric Martin,Eric,Martin,martineric@century21.com,(541) 259-3369,ERA Real Estate,Reno,NV,Reno,NV505195,NV,5,8,3400000,83,C,C,3.2,realtor_scraper,https://www.bhhs.com/real-estate-agents,2026-04-22T07:00:00.000000+00:00
William Thomas,William,Thomas,thomaswilliam@remax.com,(816) 585-5015,Redfin,Spokane,WA,Spokane,WA759433,WA,6,15,9000000,95,C,C,4.1,realtor_scraper,https://www.realtor.com/realestateagents/,2026-04-22T07:00:00.000000+00:00
Samuel Lee,Samuel,Lee,samuellee@hotmail.com,(865) 398-2588,Weichert Realtors,Indianapolis,IN,Indianapolis,IN213030,IN,7,28,6720000,89,B,B,4.7,realtor_scraper,https://www.homes.com/real-estate-agents/,2026-04-22T07:00:00.000000+00:00
Donald Parker,Donald,Parker,donaldparker14@outlook.com,(305) 853-7938,Coldwell Banker,Los Angeles,CA,Los Angeles,CA910380,CA,12,25,18750000,99,A,A,4.9,realtor_scraper,https://www.zillow.com/professionals/real-estate-agents/,2026-04-22T07:00:00.000000+00:00
Stephanie Moore,Stephanie,Moore,stephanie_moore@homesmart.com,(816) 209-2233,Compass,Little Rock,AR,Little Rock,AR168565,AR,1,8,1560000,62,C,C,3.3,realtor_scraper,https://www.bhhs.com/real-estate-agents,2026-04-22T07:00:00.000000+00:00
Ashley Gray,Ashley,Gray,agray@gmail.com,(334) 629-1251,Local Brokerage,Madison,WI,Madison,WI880524,WI,2,6,1650000,60,C,C,4.9,realtor_scraper,https://www.homes.com/real-estate-agents/,2026-04-22T07:00:00.000000+00:00
Edward Carter,Edward,Carter,carter.e@sothebysrealty.com,(404) 665-2727,Windermere Real Estate,San Diego,CA,San Diego,CA172213,CA,7,20,15000000,96,A,A,4.2,realtor_scraper,https://www.realtor.com/realestateagents/,2026-04-22T07:00:00.000000+00:00
Patrick Ramos,Patrick,Ramos,patrickramos@gmail.com,(702) 215-7138,Redfin,Phoenix,AZ,Phoenix,AZ109184,AZ,6,25,11250000,94,A,A,3.5,realtor_scraper,https://www.remax.com/real-estate-agents,2026-04-22T07:00:00.000000+00:00
Andrew Mendoza,Andrew,Mendoza,andrewmendoza@yahoo.com,(213) 348-6345,Redfin,Phoenix,AZ,Phoenix,AZ193619,AZ,10,25,11250000,81,A,A,4.2,realtor_scraper,https://www.coldwellbanker.com/real-estate-agents,2026-04-22T07:00:00.000000+00:00
Carol James,Carol,James,carol_james@sothebysrealty.com,(503) 866-3440,eXp Realty,Tucson,AZ,Tucson,AZ726314,AZ,2,10,4500000,64,B,B,3.9,realtor_scraper,https://www.realtor.com/realestateagents/,2026-04-22T07:00:00.000000+00:00
Brenda Parker,Brenda,Parker,brendaparker69@kw.com,(575) 382-4740,Keller Williams,Detroit,MI,Detroit,MI243214,MI,4,8,2200000,67,B,B,3.3,realtor_scraper,https://www.movoto.com/real-estate-agents/,2026-04-22T07:00:00.000000+00:00
Jonathan Myers,Jonathan,Myers,jonathanmyers33@realtor.com,(215) 457-5008,Corcoran Global Living,Charleston,SC,Charleston,SC363974,SC,5,10,2900000,83,C,C,4.1,realtor_scraper,https://www.trulia.com/real-estate-agents/,2026-04-22T07:00:00.000000+00:00
Laura Ramirez,Laura,Ramirez,ramirezlaura@yahoo.com,(202) 330-2507,Compass,Atlanta,GA,Atlanta,GA963156,GA,3,20,6500000,71,A,A,3.4,realtor_scraper,https://www.coldwellbanker.com/real-estate-agents,2026-04-22T07:00:00.000000+00:00
Alexander Ross,Alexander,Ross,alexander.ross@gmail.com,(314) 732-8374,Windermere Real Estate,Minneapolis,MN,Minneapolis,MN196921,MN,6,50,17500000,94,A,A,4.8,realtor_scraper,https://www.remax.com/real-estate-agents,2026-04-22T07:00:00.000000+00:00
Ronald Davis,Ronald,Davis,ronald.davis@compass.com,(402) 782-4565,Better Homes and Gardens Real Estate,Washington,DC,Washington,DC738173,DC,12,16,11200000,94,A,A,3.5,realtor_scraper,https://www.coldwellbanker.com/real-estate-agents,2026-04-22T07:00:00.000000+00:00
Jason Adams,Jason,Adams,jadams@sothebysrealty.com,(317) 878-9556,Zillow Premier Agent,Washington,DC,Washington,DC945466,DC,8,12,8400000,90,A,A,3.7,realtor_scraper,https://www.movoto.com/real-estate-agents/,2026-04-22T07:00:00.000000+00:00
Jessica White,Jessica,White,whitejessica@exp.com,(970) 614-7778,Zillow Premier Agent,Lubbock,TX,Lubbock,TX806871,TX,5,6,2100000,61,C,C,3.7,realtor_scraper,https://www.movoto.com/real-estate-agents/,2026-04-22T07:00:00.000000+00:00
Robert Gray,Robert,Gray,robertgray@exp.com,(813) 597-2480,Better Homes and Gardens Real Estate,Washington,DC,Washington,DC263378,DC,5,20,14000000,83,A,A,4.4,realtor_scraper,https://www.movoto.com/real-estate-agents/,2026-04-22T07:00:00.000000+00:00
John Carter,John,Carter,johncarter@sothebysrealty.com,(303) 613-6165,Zillow Premier Agent,Jackson,MS,Jackson,MS507025,MS,3,10,1800000,61,C,C,4.5,realtor_scraper,https://www.kw.com/agent,2026-04-22T07:00:00.000000+00:00
Rachel Gutierrez,Rachel,Gutierrez,rachel.gutierrez@exp.com,(216) 931-9765,Corcoran Global Living,Wichita,KS,Wichita,KS635773,KS,2,15,3000000,65,C,C,3.2,realtor_scraper,https://www.coldwellbanker.com/real-estate-agents,2026-04-22T07:00:00.000000+00:00
Shirley Walker,Shirley,Walker,shirleywalker@remax.com,(208) 508-1945,eXp Realty,Phoenix,AZ,Phoenix,AZ784984,AZ,6,16,7200000,93,A,A,4.6,realtor_scraper,https://www.homes.com/real-estate-agents/,2026-04-22T07:00:00.000000+00:00
Dennis Stewart,Dennis,Stewart,dennis.stewart@exp.com,(775) 631-2979,Weichert Realtors,Charlotte,NC,Charlotte,NC886413,NC,12,12,3720000,83,B,B,4.9,realtor_scraper,https://www.homes.com/real-estate-agents/,2026-04-22T07:00:00.000000+00:00
Charles Thompson,Charles,Thompson,charles.thompson@century21.com,(951) 724-1078,United Real Estate,Houston,TX,Houston,TX481444,TX,6,12,4200000,90,A,A,4.7,realtor_scraper,https://www.trulia.com/real-estate-agents/,2026-04-22T07:00:00.000000+00:00
Anthony Hill,Anthony,Hill,hillanthony@gmail.com,(843) 542-1190,Sotheby's International Realty,San Diego,CA,San Diego,CA643498,CA,12,12,9000000,85,A,A,4.9,realtor_scraper,https://www.bhhs.com/real-estate-agents,2026-04-22T07:00:00.000000+00:00
Anna Wright,Anna,Wright,wrightanna@yahoo.com,(704) 338-3367,Berkshire Hathaway HomeServices,Cedar Rapids,IA,Cedar Rapids,IA947005,IA,3,15,3075000,72,C,C,3.6,realtor_scraper,https://www.homes.com/real-estate-agents/,2026-04-22T07:00:00.000000+00:00
James Ross,James,Ross,jamesross@homesmart.com,(575) 773-3092,Local Brokerage,Denver,CO,Denver,CO541658,CO,8,30,16500000,98,A,A,4.0,realtor_scraper,https://www.redfin.com/real-estate-agents,2026-04-22T07:00:00.000000+00:00
Samantha Davis,Samantha,Davis,davissamantha@weichert.com,(410) 726-3030,CBRE,Washington,DC,Washington,DC208867,DC,3,16,11200000,79,A,A,4.2,realtor_scraper,https://www.zillow.com/professionals/real-estate-agents/,2026-04-22T07:00:00.000000+00:00
John Campbell,John,Campbell,john_campbell@remax.com,(619) 381-1696,HomeSmart,Cincinnati,OH,Cincinnati,OH226830,OH,4,12,3000000,85,B,B,4.3,realtor_scraper,https://www.bhhs.com/real-estate-agents,2026-04-22T07:00:00.000000+00:00
Frank Nguyen,Frank,Nguyen,frank.nguyen@exp.com,(408) 762-2532,Weichert Realtors,Memphis,TN,Memphis,TN126675,TN,3,10,3200000,68,B,B,4.0,realtor_scraper,https://www.homes.com/real-estate-agents/,2026-04-22T07:00:00.000000+00:00
Justin Gonzalez,Justin,Gonzalez,jgonzalez@hotmail.com,(214) 514-1076,HomeSmart,Fort Wayne,IN,Fort Wayne,IN555130,IN,2,3,720000,67,C,C,3.5,realtor_scraper,https://www.zillow.com/professionals/real-estate-agents/,2026-04-22T07:00:00.000000+00:00
David Perez,David,Perez,perez.d@homesmart.com,(513) 334-4652,Zillow Premier Agent,Houston,TX,Houston,TX593786,TX,4,50,17500000,81,A,A,3.8,realtor_scraper,https://www.redfin.com/real-estate-agents,2026-04-22T07:00:00.000000+00:00
Cynthia Torres,Cynthia,Torres,cynthiatorres14@exp.com,(402) 493-4667,Redfin,San Diego,CA,San Diego,CA746502,CA,3,16,12000000,86,A,A,4.1,realtor_scraper,https://www.kw.com/agent,2026-04-22T07:00:00.000000+00:00
Emma Campbell,Emma,Campbell,emmacampbell18@homesmart.com,(408) 416-6933,Berkshire Hathaway HomeServices,New York,NY,New York,NY624878,NY,5,25,21250000,79,A,A,3.8,realtor_scraper,https://www.coldwellbanker.com/real-estate-agents,2026-04-22T07:00:00.000000+00:00
Ashley Hall,Ashley,Hall,ashleyhall@exp.com,(501) 770-3590,JLL,Lincoln,NE,Lincoln,NE800654,NE,1,3,690000,65,C,C,3.1,realtor_scraper,https://www.homes.com/real-estate-agents/,2026-04-22T07:00:00.000000+00:00
Jeffrey Thompson,Jeffrey,Thompson,thompsonjeffrey@aol.com,(410) 216-3560,Independent Agent,Fresno,CA,Fresno,CA376568,CA,2,35,26250000,91,B,B,3.8,realtor_scraper,https://www.remax.com/real-estate-agents,2026-04-22T07:00:00.000000+00:00
Cynthia Rodriguez,Cynthia,Rodriguez,cynthiarodriguez5@kw.com,(412) 918-1441,Century 21,Chicago,IL,Chicago,IL67901,IL,6,12,3600000,77,A,A,4.7,realtor_scraper,https://www.trulia.com/real-estate-agents/,2026-04-22T07:00:00.000000+00:00
Christopher Alvarez,Christopher,Alvarez,alvarez.c@outlook.com,(512) 416-4453,RE/MAX,Richmond,VA,Richmond,VA426517,VA,7,12,4500000,78,B,B,3.2,realtor_scraper,https://www.bhhs.com/real-estate-agents,2026-04-22T07:00:00.000000+00:00
Patrick Torres,Patrick,Torres,patrick.torres@exp.com,(319) 429-2755,ERA Real Estate,Boise,ID,Boise,ID758707,ID,2,3,1425000,79,C,C,4.1,realtor_scraper,https://www.coldwellbanker.com/real-estate-agents,2026-04-22T07:00:00.000000+00:00
Scott Foster,Scott,Foster,scott_foster@kw.com,(601) 844-5163,eXp Realty,Montgomery,AL,Montgomery,AL768681,AL,8,8,1760000,67,C,C,4.7,realtor_scraper,https://www.movoto.com/real-estate-agents/,2026-04-22T07:00:00.000000+00:00
Lisa Wood,Lisa,Wood,lisa_wood@realtor.com,(816) 259-2858,Berkshire Hathaway HomeServices,Provo,UT,Provo,UT388931,UT,3,10,5000000,66,C,C,3.1,realtor_scraper,https://www.trulia.com/real-estate-agents/,2026-04-22T07:00:00.000000+00:00
Nancy Johnson,Nancy,Johnson,njohnson@yahoo.com,(410) 961-6266,Compass,Washington,DC,Washington,DC452150,DC,15,30,21000000,85,A,A,3.3,realtor_scraper,https://www.homes.com/real-estate-agents/,2026-04-22T07:00:00.000000+00:00
Pamela Parker,Pamela,Parker,parkerpamela@weichert.com,(305) 754-9214,ERA Real Estate,Shreveport,LA,Shreveport,LA286438,LA,5,12,2760000,85,C,C,4.6,realtor_scraper,https://www.movoto.com/real-estate-agents/,2026-04-22T07:00:00.000000+00:00
Larry Kelly,Larry,Kelly,larrykelly15@coldwellbanker.com,(319) 807-8808,Windermere Real Estate,Tampa,FL,Tampa,FL945008,FL,8,28,11200000,78,B,B,5.0,realtor_scraper,https://www.zillow.com/professionals/real-estate-agents/,2026-04-22T07:00:00.000000+00:00
Alexander Evans,Alexander,Evans,evans.a@gmail.com,(719) 425-6742,JPMorgan Real Estate,Bend,OR,Bend,OR958144,OR,1,15,7500000,71,C,C,4.0,realtor_scraper,https://www.realtor.com/realestateagents/,2026-04-22T07:00:00.000000+00:00
Larry Long,Larry,Long,larry.long@gmail.com,(541) 412-4993,Weichert Realtors,Lubbock,TX,Lubbock,TX532375,TX,2,8,2800000,64,C,C,3.4,realtor_scraper,https://www.coldwellbanker.com/real-estate-agents,2026-04-22T07:00:00.000000+00:00
John Martin,John,Martin,johnmartin3@outlook.com,(513) 903-6002,Better Homes and Gardens Real Estate,Atlanta,GA,Atlanta,GA617281,GA,8,12,3900000,72,A,A,3.6,realtor_scraper,https://www.zillow.com/professionals/real-estate-agents/,2026-04-22T07:00:00.000000+00:00
Christine Stewart,Christine,Stewart,christine.stewart@compass.com,(816) 386-5694,United Real Estate,Omaha,NE,Omaha,NE401745,NE,5,10,2300000,72,B,B,4.8,realtor_scraper,https://www.movoto.com/real-estate-agents/,2026-04-22T07:00:00.000000+00:00
Christopher Ruiz,Christopher,Ruiz,ruizchristopher@aol.com,(408) 414-9178,Better Homes and Gardens Real Estate,Spokane,WA,Spokane,WA792440,WA,2,8,4800000,81,C,C,3.9,realtor_scraper,https://www.zillow.com/professionals/real-estate-agents/,2026-04-22T07:00:00.000000+00:00
Nicholas Williams,Nicholas,Williams,nwilliams@weichert.com,(318) 605-3922,Sotheby's International Realty,Austin,TX,Austin,TX326172,TX,3,40,14000000,85,A,A,4.4,realtor_scraper,https://www.bhhs.com/real-estate-agents,2026-04-22T07:00:00.000000+00:00
Joseph Edwards,Joseph,Edwards,edwards.j@realtor.com,(828) 437-7510,Sotheby's International Realty,Raleigh,NC,Raleigh,NC346892,NC,8,35,10850000,83,B,B,4.7,realtor_scraper,https://www.coldwellbanker.com/real-estate-agents,2026-04-22T07:00:00.000000+00:00
Edward Cooper,Edward,Cooper,edward_cooper@gmail.com,(505) 976-5150,Independent Agent,Minneapolis,MN,Minneapolis,MN615806,MN,8,25,8750000,80,A,A,3.5,realtor_scraper,https://www.trulia.com/real-estate-agents/,2026-04-22T07:00:00.000000+00:00
Anthony Phillips,Anthony,Phillips,phillips.a@realtor.com,(402) 526-3575,JPMorgan Real Estate,Winston-Salem,NC,Winston-Salem,NC651913,NC,3,12,3720000,79,C,C,4.0,realtor_scraper,https://www.bhhs.com/real-estate-agents,2026-04-22T07:00:00.000000+00:00
Jessica Smith,Jessica,Smith,jsmith@sothebysrealty.com,(212) 927-8687,Weichert Realtors,Charleston,SC,Charleston,SC993503,SC,4,28,8120000,81,C,C,3.2,realtor_scraper,https://www.redfin.com/real-estate-agents,2026-04-22T07:00:00.000000+00:00
Larry Hill,Larry,Hill,lhill@century21.com,(214) 219-1620,Berkshire Hathaway HomeServices,Orlando,FL,Orlando,FL978673,FL,5,28,11200000,77,B,B,3.2,realtor_scraper,https://www.movoto.com/real-estate-agents/,2026-04-22T07:00:00.000000+00:00
Jerry Hernandez,Jerry,Hernandez,jerryhernandez@outlook.com,(412) 534-9001,eXp Realty,San Antonio,TX,San Antonio,TX328815,TX,7,22,7700000,78,B,B,5.0,realtor_scraper,https://www.trulia.com/real-estate-agents/,2026-04-22T07:00:00.000000+00:00
Patricia Flores,Patricia,Flores,flores.p@kw.com,(559) 550-7576,Realty ONE Group,Tampa,FL,Tampa,FL733601,FL,4,12,4800000,60,B,B,3.7,realtor_scraper,https://www.redfin.com/real-estate-agents,2026-04-22T07:00:00.000000+00:00
Melissa Torres,Melissa,Torres,torresmelissa@aol.com,(408) 894-1496,eXp Realty,Savannah,GA,Savannah,GA731234,GA,3,20,6500000,65,C,C,3.7,realtor_scraper,https://www.redfin.com/real-estate-agents,2026-04-22T07:00:00.000000+00:00
William Martin,William,Martin,martin.w@century21.com,(479) 822-8310,Marcus & Millichap,Tampa,FL,Tampa,FL514154,FL,5,15,6000000,80,B,B,3.5,realtor_scraper,https://www.realtor.com/realestateagents/,2026-04-22T07:00:00.000000+00:00
Katherine Smith,Katherine,Smith,ksmith@kw.com,(316) 830-1010,Marcus & Millichap,Mobile,AL,Mobile,AL221818,AL,2,6,1320000,84,C,C,4.3,realtor_scraper,https://www.movoto.com/real-estate-agents/,2026-04-22T07:00:00.000000+00:00
Scott Moore,Scott,Moore,scottmoore@realtor.com,(206) 489-3314,United Real Estate,Omaha,NE,Omaha,NE411409,NE,3,45,10350000,84,B,B,4.9,realtor_scraper,https://www.remax.com/real-estate-agents,2026-04-22T07:00:00.000000+00:00
Jennifer Rodriguez,Jennifer,Rodriguez,jennifer.rodriguez@kw.com,(515) 379-4653,Independent Agent,Richmond,VA,Richmond,VA282789,VA,3,22,8250000,72,B,B,3.6,realtor_scraper,https://www.redfin.com/real-estate-agents,2026-04-22T07:00:00.000000+00:00
Dorothy Hernandez,Dorothy,Hernandez,hernandezdorothy@sothebysrealty.com,(504) 925-7852,Independent Agent,Chattanooga,TN,Chattanooga,TN690416,TN,3,20,6400000,76,C,C,4.8,realtor_scraper,https://www.remax.com/real-estate-agents,2026-04-22T07:00:00.000000+00:00
Patricia Flores,Patricia,Flores,pflores@realtor.com,(212) 311-2702,JLL,Houston,TX,Houston,TX431170,TX,15,25,8750000,89,A,A,3.6,realtor_scraper,https://www.movoto.com/real-estate-agents/,2026-04-22T07:00:00.000000+00:00
Karen Lopez,Karen,Lopez,lopez.k@century21.com,(865) 575-9433,Redfin,Charlotte,NC,Charlotte,NC113936,NC,5,4,1240000,62,B,B,3.1,realtor_scraper,https://www.zillow.com/professionals/real-estate-agents/,2026-04-22T07:00:00.000000+00:00
Samuel Rogers,Samuel,Rogers,samuel_rogers@sothebysrealty.com,(318) 257-1284,Marcus & Millichap,Pittsburgh,PA,Pittsburgh,PA457644,PA,8,8,2320000,71,B,B,4.9,realtor_scraper,https://www.movoto.com/real-estate-agents/,2026-04-22T07:00:00.000000+00:00
Joseph Collins,Joseph,Collins,josephcollins@homesmart.com,(251) 937-9998,United Real Estate,New Orleans,LA,New Orleans,LA921484,LA,10,18,4140000,73,B,B,3.3,realtor_scraper,https://www.trulia.com/real-estate-agents/,2026-04-22T07:00:00.000000+00:00
Catherine Adams,Catherine,Adams,catherine.adams@compass.com,(404) 736-5693,Weichert Realtors,Reno,NV,Reno,NV591842,NV,4,12,5100000,80,C,C,3.1,realtor_scraper,https://www.zillow.com/professionals/real-estate-agents/,2026-04-22T07:00:00.000000+00:00
Jack Castillo,Jack,Castillo,jack.castillo@kw.com,(702) 860-9349,eXp Realty,Orlando,FL,Orlando,FL771571,FL,1,28,11200000,89,B,B,4.7,realtor_scraper,https://www.trulia.com/real-estate-agents/,2026-04-22T07:00:00.000000+00:00
Jerry Lopez,Jerry,Lopez,jerrylopez@compass.com,(334) 418-5836,RE/MAX,Santa Fe,NM,Santa Fe,NM469344,NM,4,12,3300000,76,C,C,3.9,realtor_scraper,https://www.redfin.com/real-estate-agents,2026-04-22T07:00:00.000000+00:00
Susan Wood,Susan,Wood,woodsusan@homesmart.com,(970) 875-3180,United Real Estate,Portland,OR,Portland,OR130969,OR,6,20,10000000,82,A,A,3.9,realtor_scraper,https://www.remax.com/real-estate-agents,2026-04-22T07:00:00.000000+00:00
Gregory Richardson,Gregory,Richardson,gregory_richardson@kw.com,(312) 534-5332,Century 21,Phoenix,AZ,Phoenix,AZ525087,AZ,2,16,7200000,87,A,A,3.5,realtor_scraper,https://www.kw.com/agent,2026-04-22T07:00:00.000000+00:00
James Turner,James,Turner,james_turner@sothebysrealty.com,(916) 370-6983,Windermere Real Estate,Raleigh,NC,Raleigh,NC308368,NC,6,15,4650000,75,B,B,4.5,realtor_scraper,https://www.zillow.com/professionals/real-estate-agents/,2026-04-22T07:00:00.000000+00:00
Jessica Kim,Jessica,Kim,jkim@exp.com,(303) 515-5334,Marcus & Millichap,Nashville,TN,Nashville,TN492695,TN,12,40,12800000,89,A,A,3.8,realtor_scraper,https://www.zillow.com/professionals/real-estate-agents/,2026-04-22T07:00:00.000000+00:00
Daniel Ramos,Daniel,Ramos,daniel.ramos@exp.com,(719) 425-3386,RE/MAX,Nashville,TN,Nashville,TN476775,TN,6,16,5120000,86,A,A,4.6,realtor_scraper,https://www.bhhs.com/real-estate-agents,2026-04-22T07:00:00.000000+00:00
Stephanie Sanchez,Stephanie,Sanchez,ssanchez@yahoo.com,(513) 966-2713,Compass,Portland,OR,Portland,OR565120,OR,8,16,8000000,97,A,A,4.2,realtor_scraper,https://www.realtor.com/realestateagents/,2026-04-22T07:00:00.000000+00:00
Samantha Williams,Samantha,Williams,samantha.williams@coldwellbanker.com,(503) 906-8519,CBRE,Boise,ID,Boise,ID272172,ID,4,6,2850000,65,C,C,4.4,realtor_scraper,https://www.kw.com/agent,2026-04-22T07:00:00.000000+00:00
Kathleen Hill,Kathleen,Hill,kathleen.hill@exp.com,(316) 491-7019,Independent Agent,Provo,UT,Provo,UT855689,UT,2,3,1500000,68,C,C,4.2,realtor_scraper,https://www.kw.com/agent,2026-04-22T07:00:00.000000+00:00
Jacob Bennett,Jacob,Bennett,bennett.j@century21.com,(319) 427-8480,Redfin,Memphis,TN,Memphis,TN526115,TN,5,18,5760000,80,B,B,3.3,realtor_scraper,https://www.remax.com/real-estate-agents,2026-04-22T07:00:00.000000+00:00
Dennis Kim,Dennis,Kim,kim.d@coldwellbanker.com,(210) 354-9043,Corcoran Global Living,Fort Wayne,IN,Fort Wayne,IN299258,IN,8,10,2400000,87,C,C,3.8,realtor_scraper,https://www.bhhs.com/real-estate-agents,2026-04-22T07:00:00.000000+00:00
Carolyn James,Carolyn,James,jamescarolyn@homesmart.com,(410) 853-9165,Cushman & Wakefield,Chicago,IL,Chicago,IL80824,IL,5,16,4800000,88,A,A,4.7,realtor_scraper,https://www.homes.com/real-estate-agents/,2026-04-22T07:00:00.000000+00:00
Ryan Wright,Ryan,Wright,rwright@yahoo.com,(515) 815-5051,Windermere Real Estate,Tucson,AZ,Tucson,AZ980596,AZ,4,22,9900000,84,B,B,3.1,realtor_scraper,https://www.coldwellbanker.com/real-estate-agents,2026-04-22T07:00:00.000000+00:00
Frank Cook,Frank,Cook,cookfrank@remax.com,(541) 243-6137,Marcus & Millichap,Tucson,AZ,Tucson,AZ365486,AZ,3,10,4500000,84,B,B,4.9,realtor_scraper,https://www.coldwellbanker.com/real-estate-agents,2026-04-22T07:00:00.000000+00:00
Joshua Jones,Joshua,Jones,joshua.jones@century21.com,(402) 905-6252,Sotheby's International Realty,Seattle,WA,Seattle,WA183114,WA,5,35,21000000,96,A,A,3.1,realtor_scraper,https://www.remax.com/real-estate-agents,2026-04-22T07:00:00.000000+00:00
Mark Castillo,Mark,Castillo,markcastillo@weichert.com,(951) 659-8146,Keller Williams,Miami,FL,Miami,FL585467,FL,7,16,6400000,93,A,A,3.2,realtor_scraper,https://www.trulia.com/real-estate-agents/,2026-04-22T07:00:00.000000+00:00
Steven Hernandez,Steven,Hernandez,steven.hernandez@coldwellbanker.com,(575) 737-7918,Better Homes and Gardens Real Estate,San Francisco,CA,San Francisco,CA669623,CA,10,20,15000000,75,A,A,3.2,realtor_scraper,https://www.kw.com/agent,2026-04-22T07:00:00.000000+00:00
Christopher Bailey,Christopher,Bailey,christopherbailey50@homesmart.com,(602) 225-9520,JPMorgan Real Estate,Minneapolis,MN,Minneapolis,MN706480,MN,5,8,2800000,77,A,A,3.4,realtor_scraper,https://www.homes.com/real-estate-agents/,2026-04-22T07:00:00.000000+00:00
Kathleen Baker,Kathleen,Baker,bakerkathleen@compass.com,(713) 267-1971,Coldwell Banker,Louisville,KY,Louisville,KY960883,KY,2,45,10125000,74,B,B,3.5,realtor_scraper,https://www.bhhs.com/real-estate-agents,2026-04-22T07:00:00.000000+00:00
George Scott,George,Scott,scott.g@century21.com,(575) 790-2976,Century 21,Chicago,IL,Chicago,IL143567,IL,4,20,6000000,71,A,A,4.7,realtor_scraper,https://www.movoto.com/real-estate-agents/,2026-04-22T07:00:00.000000+00:00
Samantha Myers,Samantha,Myers,smyers@gmail.com,(312) 760-5806,eXp Realty,Salt Lake City,UT,Salt Lake City,UT134943,UT,4,22,11000000,70,B,B,3.6,realtor_scraper,https://www.zillow.com/professionals/real-estate-agents/,2026-04-22T07:00:00.000000+00:00
Michelle Cook,Michelle,Cook,mcook@homesmart.com,(850) 810-3164,Local Brokerage,Santa Fe,NM,Santa Fe,NM640475,NM,2,6,1650000,60,C,C,3.3,realtor_scraper,https://www.coldwellbanker.com/real-estate-agents,2026-04-22T07:00:00.000000+00:00
Patricia Collins,Patricia,Collins,patriciacollins@kw.com,(313) 337-3074,JPMorgan Real Estate,Cleveland,OH,Cleveland,OH705444,OH,4,4,1000000,73,B,B,4.3,realtor_scraper,https://www.homes.com/real-estate-agents/,2026-04-22T07:00:00.000000+00:00
Timothy Phillips,Timothy,Phillips,timothy.phillips@realtor.com,(210) 363-3013,Better Homes and Gardens Real Estate,San Francisco,CA,San Francisco,CA907628,CA,10,25,18750000,97,A,A,4.4,realtor_scraper,https://www.zillow.com/professionals/real-estate-agents/,2026-04-22T07:00:00.000000+00:00
James Cooper,James,Cooper,cooperjames@compass.com,(407) 844-6597,eXp Realty,Milwaukee,WI,Milwaukee,WI547595,WI,5,18,4950000,72,B,B,3.2,realtor_scraper,https://www.movoto.com/real-estate-agents/,2026-04-22T07:00:00.000000+00:00
Alexander Edwards,Alexander,Edwards,edwards.a@exp.com,(412) 627-6219,Weichert Realtors,Charlotte,NC,Charlotte,NC578508,NC,4,28,8680000,91,B,B,4.1,realtor_scraper,https://www.remax.com/real-estate-agents,2026-04-22T07:00:00.000000+00:00
Steven Phillips,Steven,Phillips,phillipssteven@remax.com,(316) 317-8450,Windermere Real Estate,Orlando,FL,Orlando,FL333337,FL,6,18,7200000,77,B,B,3.4,realtor_scraper,https://www.zillow.com/professionals/real-estate-agents/,2026-04-22T07:00:00.000000+00:00
Gregory Rogers,Gregory,Rogers,rogers.g@kw.com,(260) 472-8913,Coldwell Banker,Richmond,VA,Richmond,VA870056,VA,8,22,8250000,80,B,B,3.4,realtor_scraper,https://www.redfin.com/real-estate-agents,2026-04-22T07:00:00.000000+00:00
Catherine Richardson,Catherine,Richardson,catherine.richardson@compass.com,(303) 685-2508,Zillow Premier Agent,Chattanooga,TN,Chattanooga,TN798317,TN,5,10,3200000,79,C,C,3.9,realtor_scraper,https://www.realtor.com/realestateagents/,2026-04-22T07:00:00.000000+00:00
Samantha Cook,Samantha,Cook,samanthacook42@realtor.com,(816) 508-9080,HomeSmart,Miami,FL,Miami,FL542099,FL,10,20,8000000,77,A,A,3.7,realtor_scraper,https://www.kw.com/agent,2026-04-22T07:00:00.000000+00:00
Jeffrey Ruiz,Jeffrey,Ruiz,jeffreyruiz97@realtor.com,(617) 347-9606,Windermere Real Estate,St. Louis,MO,St. Louis,MO207902,MO,6,10,2600000,72,B,B,3.2,realtor_scraper,https://www.trulia.com/real-estate-agents/,2026-04-22T07:00:00.000000+00:00
Margaret Taylor,Margaret,Taylor,taylor.m@weichert.com,(515) 601-4111,Redfin,Tucson,AZ,Tucson,AZ974385,AZ,1,22,9900000,88,B,B,4.3,realtor_scraper,https://www.realtor.com/realestateagents/,2026-04-22T07:00:00.000000+00:00
Gary Hughes,Gary,Hughes,ghughes@homesmart.com,(504) 228-3019,Marcus & Millichap,Salt Lake City,UT,Salt Lake City,UT878926,UT,4,45,22500000,70,B,B,3.2,realtor_scraper,https://www.kw.com/agent,2026-04-22T07:00:00.000000+00:00
Michelle Ross,Michelle,Ross,michelleross@sothebysrealty.com,(213) 808-6540,Corcoran Global Living,Tampa,FL,Tampa,FL511080,FL,3,28,11200000,92,B,B,3.1,realtor_scraper,https://www.homes.com/real-estate-agents/,2026-04-22T07:00:00.000000+00:00
Jack Ross,Jack,Ross,rossjack@yahoo.com,(608) 291-8000,Coldwell Banker,Bend,OR,Bend,OR112576,OR,8,6,3000000,82,C,C,3.2,realtor_scraper,https://www.remax.com/real-estate-agents,2026-04-22T07:00:00.000000+00:00
Mary Smith,Mary,Smith,marysmith68@realtor.com,(513) 665-2977,Redfin,Chicago,IL,Chicago,IL663024,IL,8,60,18000000,96,A,A,3.6,realtor_scraper,https://www.kw.com/agent,2026-04-22T07:00:00.000000+00:00
Kathleen Cruz,Kathleen,Cruz,cruz.k@gmail.com,(408) 341-7498,Cushman & Wakefield,Bend,OR,Bend,OR226653,OR,1,15,7500000,85,C,C,4.6,realtor_scraper,https://www.homes.com/real-estate-agents/,2026-04-22T07:00:00.000000+00:00
Scott Clark,Scott,Clark,clark.s@outlook.com,(704) 499-6287,Independent Agent,Omaha,NE,Omaha,NE771008,NE,1,8,1840000,83,B,B,3.7,realtor_scraper,https://www.realtor.com/realestateagents/,2026-04-22T07:00:00.000000+00:00
Rebecca Phillips,Rebecca,Phillips,rebeccaphillips92@hotmail.com,(602) 466-4614,JLL,Salt Lake City,UT,Salt Lake City,UT360568,UT,5,10,5000000,72,B,B,3.6,realtor_scraper,https://www.realtor.com/realestateagents/,2026-04-22T07:00:00.000000+00:00
Brian Brooks,Brian,Brooks,brianbrooks@hotmail.com,(213) 641-3551,Cushman & Wakefield,Denver,CO,Denver,CO963665,CO,5,16,8800000,82,A,A,3.0,realtor_scraper,https://www.movoto.com/real-estate-agents/,2026-04-22T07:00:00.000000+00:00
Jack Anderson,Jack,Anderson,anderson.j@hotmail.com,(213) 871-6389,CBRE,Minneapolis,MN,Minneapolis,MN630527,MN,10,50,17500000,87,A,A,4.0,realtor_scraper,https://www.movoto.com/real-estate-agents/,2026-04-22T07:00:00.000000+00:00
Christopher Flores,Christopher,Flores,cflores@weichert.com,(614) 268-8596,Zillow Premier Agent,Salt Lake City,UT,Salt Lake City,UT487582,UT,4,12,6000000,68,B,B,4.9,realtor_scraper,https://www.redfin.com/real-estate-agents,2026-04-22T07:00:00.000000+00:00
Maria Wood,Maria,Wood,wood.m@coldwellbanker.com,(828) 337-4051,Independent Agent,Boston,MA,Boston,MA141543,MA,5,16,10400000,90,A,A,3.1,realtor_scraper,https://www.kw.com/agent,2026-04-22T07:00:00.000000+00:00
Debra Gutierrez,Debra,Gutierrez,debragutierrez53@homesmart.com,(206) 464-1971,Sotheby's International Realty,Austin,TX,Austin,TX337980,TX,10,20,7000000,90,A,A,3.7,realtor_scraper,https://www.redfin.com/real-estate-agents,2026-04-22T07:00:00.000000+00:00
John Torres,John,Torres,torres.j@realtor.com,(404) 239-5005,JLL,Fort Collins,CO,Fort Collins,CO138309,CO,1,28,15400000,72,C,C,5.0,realtor_scraper,https://www.realtor.com/realestateagents/,2026-04-22T07:00:00.000000+00:00
Amanda Carter,Amanda,Carter,amanda_carter@remax.com,(312) 391-9339,Keller Williams,Chattanooga,TN,Chattanooga,TN232100,TN,7,3,960000,83,C,C,3.6,realtor_scraper,https://www.homes.com/real-estate-agents/,2026-04-22T07:00:00.000000+00:00
George Evans,George,Evans,george_evans@hotmail.com,(515) 609-8726,CBRE,Chicago,IL,Chicago,IL641695,IL,2,16,4800000,68,A,A,4.0,realtor_scraper,https://www.realtor.com/realestateagents/,2026-04-22T07:00:00.000000+00:00
Deborah Phillips,Deborah,Phillips,phillipsdeborah@exp.com,(410) 434-8739,Compass,Denver,CO,Denver,CO598088,CO,2,20,11000000,89,A,A,4.0,realtor_scraper,https://www.kw.com/agent,2026-04-22T07:00:00.000000+00:00
Emily Mendoza,Emily,Mendoza,emily_mendoza@century21.com,(704) 477-9080,Windermere Real Estate,Dallas,TX,Dallas,TX659256,TX,7,30,10500000,82,A,A,3.7,realtor_scraper,https://www.kw.com/agent,2026-04-22T07:00:00.000000+00:00
Kimberly Ortiz,Kimberly,Ortiz,ortiz.k@sothebysrealty.com,(505) 333-8646,Weichert Realtors,Philadelphia,PA,Philadelphia,PA333789,PA,6,16,4640000,73,A,A,3.7,realtor_scraper,https://www.remax.com/real-estate-agents,2026-04-22T07:00:00.000000+00:00
Carol Morgan,Carol,Morgan,carolmorgan@gmail.com,(515) 828-4650,Compass,Kansas City,MO,Kansas City,MO354699,MO,3,10,2600000,80,B,B,4.7,realtor_scraper,https://www.trulia.com/real-estate-agents/,2026-04-22T07:00:00.000000+00:00
Lisa Carter,Lisa,Carter,lisacarter@weichert.com,(415) 748-9492,Independent Agent,Pittsburgh,PA,Pittsburgh,PA669380,PA,6,35,10150000,90,B,B,4.8,realtor_scraper,https://www.kw.com/agent,2026-04-22T07:00:00.000000+00:00
Michael Brooks,Michael,Brooks,michaelbrooks@coldwellbanker.com,(713) 698-3683,CBRE,Los Angeles,CA,Los Angeles,CA165746,CA,5,20,15000000,89,A,A,4.5,realtor_scraper,https://www.kw.com/agent,2026-04-22T07:00:00.000000+00:00
Jack Jackson,Jack,Jackson,jjackson@hotmail.com,(775) 807-3417,Keller Williams,Miami,FL,Miami,FL625275,FL,2,30,12000000,87,A,A,4.9,realtor_scraper,https://www.kw.com/agent,2026-04-22T07:00:00.000000+00:00
Kimberly Foster,Kimberly,Foster,fosterkimberly@hotmail.com,(407) 954-9639,Keller Williams,Greenville,SC,Greenville,SC232361,SC,3,20,5800000,69,C,C,4.7,realtor_scraper,https://www.realtor.com/realestateagents/,2026-04-22T07:00:00.000000+00:00
Angela Richardson,Angela,Richardson,richardson.a@weichert.com,(801) 779-8099,Sotheby's International Realty,Milwaukee,WI,Milwaukee,WI929596,WI,5,8,2200000,83,B,B,3.2,realtor_scraper,https://www.kw.com/agent,2026-04-22T07:00:00.000000+00:00
Linda Patel,Linda,Patel,patel.l@outlook.com,(716) 465-4474,Marcus & Millichap,Cincinnati,OH,Cincinnati,OH232542,OH,1,12,3000000,71,B,B,4.9,realtor_scraper,https://www.coldwellbanker.com/real-estate-agents,2026-04-22T07:00:00.000000+00:00
Raymond Mitchell,Raymond,Mitchell,raymondmitchell82@yahoo.com,(612) 261-5643,Berkshire Hathaway HomeServices,Minneapolis,MN,Minneapolis,MN842246,MN,8,60,21000000,94,A,A,4.1,realtor_scraper,https://www.kw.com/agent,2026-04-22T07:00:00.000000+00:00
George Chavez,George,Chavez,george_chavez@realtor.com,(502) 419-5440,Better Homes and Gardens Real Estate,Atlanta,GA,Atlanta,GA149496,GA,3,16,5200000,78,A,A,3.5,realtor_scraper,https://www.homes.com/real-estate-agents/,2026-04-22T07:00:00.000000+00:00
Mary Jackson,Mary,Jackson,mary_jackson@exp.com,(515) 539-3861,Compass,St. Louis,MO,St. Louis,MO749618,MO,1,12,3120000,78,B,B,4.7,realtor_scraper,https://www.realtor.com/realestateagents/,2026-04-22T07:00:00.000000+00:00
Margaret Reed,Margaret,Reed,margaretreed24@century21.com,(312) 670-8433,Keller Williams,Tampa,FL,Tampa,FL531318,FL,3,10,4000000,79,B,B,4.8,realtor_scraper,https://www.redfin.com/real-estate-agents,2026-04-22T07:00:00.000000+00:00
Edward Morales,Edward,Morales,morales.e@compass.com,(704) 876-4356,eXp Realty,San Antonio,TX,San Antonio,TX123774,TX,6,10,3500000,70,B,B,3.8,realtor_scraper,https://www.homes.com/real-estate-agents/,2026-04-22T07:00:00.000000+00:00
Timothy Perez,Timothy,Perez,pereztimothy@exp.com,(704) 532-2267,CBRE,Austin,TX,Austin,TX669268,TX,8,12,4200000,90,A,A,4.2,realtor_scraper,https://www.redfin.com/real-estate-agents,2026-04-22T07:00:00.000000+00:00
Samuel Baker,Samuel,Baker,samuelbaker@compass.com,(716) 582-9567,United Real Estate,Omaha,NE,Omaha,NE736262,NE,2,12,2760000,80,B,B,4.5,realtor_scraper,https://www.redfin.com/real-estate-agents,2026-04-22T07:00:00.000000+00:00
Cynthia Davis,Cynthia,Davis,cdavis@century21.com,(414) 717-3937,Sotheby's International Realty,San Diego,CA,San Diego,CA664195,CA,5,16,12000000,88,A,A,3.4,realtor_scraper,https://www.trulia.com/real-estate-agents/,2026-04-22T07:00:00.000000+00:00
Scott Howard,Scott,Howard,showard@weichert.com,(205) 857-7022,JLL,Chicago,IL,Chicago,IL106862,IL,5,50,15000000,96,A,A,3.7,realtor_scraper,https://www.redfin.com/real-estate-agents,2026-04-22T07:00:00.000000+00:00
Nicholas Taylor,Nicholas,Taylor,nicholastaylor@outlook.com,(912) 742-2270,Zillow Premier Agent,Minneapolis,MN,Minneapolis,MN635020,MN,7,25,8750000,90,A,A,3.2,realtor_scraper,https://www.homes.com/real-estate-agents/,2026-04-22T07:00:00.000000+00:00
Janet Edwards,Janet,Edwards,edwards.j@aol.com,(804) 453-1868,Realty ONE Group,New York,NY,New York,NY210487,NY,15,25,21250000,82,A,A,4.8,realtor_scraper,https://www.bhhs.com/real-estate-agents,2026-04-22T07:00:00.000000+00:00
Sharon Reed,Sharon,Reed,sharon_reed@weichert.com,(864) 528-6677,HomeSmart,Reno,NV,Reno,NV308968,NV,2,8,3400000,75,C,C,3.3,realtor_scraper,https://www.kw.com/agent,2026-04-22T07:00:00.000000+00:00
Charles Taylor,Charles,Taylor,charlestaylor28@gmail.com,(260) 487-7238,United Real Estate,Greenville,SC,Greenville,SC696836,SC,6,6,1740000,80,C,C,4.3,realtor_scraper,https://www.redfin.com/real-estate-agents,2026-04-22T07:00:00.000000+00:00
Margaret Long,Margaret,Long,long.m@realtor.com,(503) 385-7608,Cushman & Wakefield,Denver,CO,Denver,CO383400,CO,3,16,8800000,74,A,A,5.0,realtor_scraper,https://www.redfin.com/real-estate-agents,2026-04-22T07:00:00.000000+00:00
Amanda Robinson,Amanda,Robinson,robinsonamanda@coldwellbanker.com,(313) 844-9513,CBRE,Columbus,OH,Columbus,OH239315,OH,1,4,1000000,71,B,B,3.9,realtor_scraper,https://www.realtor.com/realestateagents/,2026-04-22T07:00:00.000000+00:00
Karen Evans,Karen,Evans,evans.k@hotmail.com,(813) 341-9183,Compass,Cleveland,OH,Cleveland,OH869896,OH,10,28,7000000,94,B,B,4.1,realtor_scraper,https://www.movoto.com/real-estate-agents/,2026-04-22T07:00:00.000000+00:00
Stephen Ruiz,Stephen,Ruiz,stephenruiz14@century21.com,(479) 531-9810,Century 21,Omaha,NE,Omaha,NE991273,NE,4,10,2300000,73,B,B,4.6,realtor_scraper,https://www.coldwellbanker.com/real-estate-agents,2026-04-22T07:00:00.000000+00:00
Christine Gray,Christine,Gray,graychristine@compass.com,(501) 336-9902,Marcus & Millichap,Miami,FL,Miami,FL771624,FL,6,25,10000000,91,A,A,4.9,realtor_scraper,https://www.kw.com/agent,2026-04-22T07:00:00.000000+00:00
Andrew White,Andrew,White,awhite@coldwellbanker.com,(479) 498-1822,Keller Williams,Asheville,NC,Asheville,NC901171,NC,2,20,6200000,87,C,C,4.9,realtor_scraper,https://www.movoto.com/real-estate-agents/,2026-04-22T07:00:00.000000+00:00
Jonathan Nguyen,Jonathan,Nguyen,nguyen.j@weichert.com,(408) 244-2009,Windermere Real Estate,Washington,DC,Washington,DC294502,DC,6,20,14000000,88,A,A,4.0,realtor_scraper,https://www.bhhs.com/real-estate-agents,2026-04-22T07:00:00.000000+00:00
Emily Bennett,Emily,Bennett,emilybennett27@yahoo.com,(520) 310-8594,Weichert Realtors,Charleston,SC,Charleston,SC627036,SC,5,20,5800000,72,C,C,4.7,realtor_scraper,https://www.homes.com/real-estate-agents/,2026-04-22T07:00:00.000000+00:00
Maria Hughes,Maria,Hughes,mhughes@coldwellbanker.com,(619) 559-2110,Zillow Premier Agent,Sacramento,CA,Sacramento,CA307201,CA,8,8,6000000,85,B,B,3.5,realtor_scraper,https://www.movoto.com/real-estate-agents/,2026-04-22T07:00:00.000000+00:00
Jacob Clark,Jacob,Clark,jacob_clark@sothebysrealty.com,(864) 237-9338,RE/MAX,Little Rock,AR,Little Rock,AR971211,AR,5,8,1560000,71,C,C,4.5,realtor_scraper,https://www.realtor.com/realestateagents/,2026-04-22T07:00:00.000000+00:00
Debra Cooper,Debra,Cooper,debracooper@century21.com,(334) 673-5383,CBRE,Cincinnati,OH,Cincinnati,OH325854,OH,1,35,8750000,79,B,B,4.4,realtor_scraper,https://www.trulia.com/real-estate-agents/,2026-04-22T07:00:00.000000+00:00
Katherine White,Katherine,White,katherinewhite94@remax.com,(559) 711-3126,Independent Agent,Montgomery,AL,Montgomery,AL657117,AL,1,28,6160000,95,C,C,3.7,realtor_scraper,https://www.trulia.com/real-estate-agents/,2026-04-22T07:00:00.000000+00:00
Nicholas Diaz,Nicholas,Diaz,nicholas_diaz@gmail.com,(585) 455-5772,Independent Agent,Dallas,TX,Dallas,TX953150,TX,3,40,14000000,82,A,A,3.1,realtor_scraper,https://www.kw.com/agent,2026-04-22T07:00:00.000000+00:00
Emily Scott,Emily,Scott,emily_scott@coldwellbanker.com,(575) 997-1038,CBRE,Chicago,IL,Chicago,IL480671,IL,10,16,4800000,98,A,A,3.9,realtor_scraper,https://www.bhhs.com/real-estate-agents,2026-04-22T07:00:00.000000+00:00
Jennifer Lopez,Jennifer,Lopez,jlopez@century21.com,(816) 738-7709,Marcus & Millichap,Chattanooga,TN,Chattanooga,TN824103,TN,1,10,3200000,60,C,C,3.2,realtor_scraper,https://www.homes.com/real-estate-agents/,2026-04-22T07:00:00.000000+00:00
Angela Young,Angela,Young,young.a@yahoo.com,(504) 377-8218,Keller Williams,Provo,UT,Provo,UT375800,UT,3,3,1500000,77,C,C,3.6,realtor_scraper,https://www.trulia.com/real-estate-agents/,2026-04-22T07:00:00.000000+00:00
Justin Diaz,Justin,Diaz,justin.diaz@sothebysrealty.com,(619) 767-7178,Independent Agent,Miami,FL,Miami,FL678189,FL,8,30,12000000,81,A,A,4.7,realtor_scraper,https://www.homes.com/real-estate-agents/,2026-04-22T07:00:00.000000+00:00
Jacob Turner,Jacob,Turner,jturner@outlook.com,(402) 909-5054,Compass,Phoenix,AZ,Phoenix,AZ544090,AZ,6,25,11250000,100,A,A,4.5,realtor_scraper,https://www.kw.com/agent,2026-04-22T07:00:00.000000+00:00
Dorothy Scott,Dorothy,Scott,dorothy.scott@remax.com,(502) 772-8527,Compass,Albuquerque,NM,Albuquerque,NM114448,NM,7,28,7700000,93,C,C,4.1,realtor_scraper,https://www.movoto.com/real-estate-agents/,2026-04-22T07:00:00.000000+00:00
Paul Clark,Paul,Clark,paulclark72@coldwellbanker.com,(515) 719-3443,Cushman & Wakefield,Houston,TX,Houston,TX925742,TX,4,40,14000000,98,A,A,4.2,realtor_scraper,https://www.coldwellbanker.com/real-estate-agents,2026-04-22T07:00:00.000000+00:00
Brandon Myers,Brandon,Myers,myers.b@realtor.com,(775) 937-5394,Redfin,Richmond,VA,Richmond,VA592620,VA,7,8,3000000,79,B,B,4.0,realtor_scraper,https://www.kw.com/agent,2026-04-22T07:00:00.000000+00:00
Rebecca Allen,Rebecca,Allen,rebecca_allen@remax.com,(423) 878-7413,Coldwell Banker,Birmingham,AL,Birmingham,AL530226,AL,5,4,880000,63,B,B,4.5,realtor_scraper,https://www.realtor.com/realestateagents/,2026-04-22T07:00:00.000000+00:00
Samuel Davis,Samuel,Davis,sdavis@yahoo.com,(214) 341-8913,Zillow Premier Agent,Charlotte,NC,Charlotte,NC989297,NC,2,10,3100000,66,B,B,3.5,realtor_scraper,https://www.trulia.com/real-estate-agents/,2026-04-22T07:00:00.000000+00:00
Ashley Allen,Ashley,Allen,ashley_allen@gmail.com,(813) 357-9610,Sotheby's International Realty,Detroit,MI,Detroit,MI693750,MI,3,22,6050000,95,B,B,4.3,realtor_scraper,https://www.trulia.com/real-estate-agents/,2026-04-22T07:00:00.000000+00:00
Sandra Gonzalez,Sandra,Gonzalez,sandragonzalez97@exp.com,(212) 219-4310,Better Homes and Gardens Real Estate,Fort Wayne,IN,Fort Wayne,IN872210,IN,3,6,1440000,68,C,C,3.4,realtor_scraper,https://www.coldwellbanker.com/real-estate-agents,2026-04-22T07:00:00.000000+00:00
Eric Kelly,Eric,Kelly,erickelly23@homesmart.com,(775) 790-9981,JPMorgan Real Estate,Winston-Salem,NC,Winston-Salem,NC545911,NC,3,10,3100000,85,C,C,3.6,realtor_scraper,https://www.remax.com/real-estate-agents,2026-04-22T07:00:00.000000+00:00
Paul Foster,Paul,Foster,foster.p@kw.com,(423) 621-9851,United Real Estate,Houston,TX,Houston,TX934856,TX,3,35,12250000,88,A,A,3.2,realtor_scraper,https://www.redfin.com/real-estate-agents,2026-04-22T07:00:00.000000+00:00
William Castillo,William,Castillo,williamcastillo41@sothebysrealty.com,(405) 689-1337,Marcus & Millichap,Salt Lake City,UT,Salt Lake City,UT536537,UT,2,10,5000000,75,B,B,4.8,realtor_scraper,https://www.zillow.com/professionals/real-estate-agents/,2026-04-22T07:00:00.000000+00:00
Amy Allen,Amy,Allen,amy_allen@kw.com,(585) 322-8752,Sotheby's International Realty,Mobile,AL,Mobile,AL222761,AL,5,12,2640000,73,C,C,3.8,realtor_scraper,https://www.homes.com/real-estate-agents/,2026-04-22T07:00:00.000000+00:00
Eric Johnson,Eric,Johnson,ericjohnson@outlook.com,(608) 786-7091,RE/MAX,New Orleans,LA,New Orleans,LA195208,LA,4,10,2300000,82,B,B,3.8,realtor_scraper,https://www.homes.com/real-estate-agents/,2026-04-22T07:00:00.000000+00:00
Stephanie Williams,Stephanie,Williams,stephanie_williams@realtor.com,(216) 501-6475,Local Brokerage,Las Vegas,NV,Las Vegas,NV703467,NV,6,8,3400000,75,B,B,4.0,realtor_scraper,https://www.bhhs.com/real-estate-agents,2026-04-22T07:00:00.000000+00:00
Shirley Martinez,Shirley,Martinez,shirley.martinez@yahoo.com,(214) 270-1439,Corcoran Global Living,San Diego,CA,San Diego,CA989131,CA,6,12,9000000,79,A,A,5.0,realtor_scraper,https://www.movoto.com/real-estate-agents/,2026-04-22T07:00:00.000000+00:00
Eric Roberts,Eric,Roberts,ericroberts90@gmail.com,(865) 891-4122,Redfin,Lincoln,NE,Lincoln,NE619757,NE,3,28,6440000,71,C,C,4.3,realtor_scraper,https://www.homes.com/real-estate-agents/,2026-04-22T07:00:00.000000+00:00
Steven Flores,Steven,Flores,sflores@compass.com,(719) 928-4429,JLL,Little Rock,AR,Little Rock,AR959872,AR,6,10,1950000,73,C,C,3.7,realtor_scraper,https://www.trulia.com/real-estate-agents/,2026-04-22T07:00:00.000000+00:00
Barbara Sanders,Barbara,Sanders,barbara.sanders@gmail.com,(319) 351-9953,Sotheby's International Realty,Cincinnati,OH,Cincinnati,OH733636,OH,3,10,2500000,85,B,B,3.8,realtor_scraper,https://www.kw.com/agent,2026-04-22T07:00:00.000000+00:00
Jonathan James,Jonathan,James,jonathan_james@weichert.com,(970) 383-7794,Windermere Real Estate,Boston,MA,Boston,MA557302,MA,6,30,19500000,81,A,A,3.1,realtor_scraper,https://www.kw.com/agent,2026-04-22T07:00:00.000000+00:00
Justin Watson,Justin,Watson,jwatson@outlook.com,(864) 264-9235,Keller Williams,Shreveport,LA,Shreveport,LA620138,LA,2,12,2760000,77,C,C,4.6,realtor_scraper,https://www.bhhs.com/real-estate-agents,2026-04-22T07:00:00.000000+00:00
Paul Ruiz,Paul,Ruiz,paul.ruiz@homesmart.com,(314) 715-9162,Independent Agent,Charlotte,NC,Charlotte,NC378693,NC,6,8,2480000,89,B,B,4.4,realtor_scraper,https://www.remax.com/real-estate-agents,2026-04-22T07:00:00.000000+00:00
Emily Diaz,Emily,Diaz,diaz.e@remax.com,(314) 994-2898,Zillow Premier Agent,Raleigh,NC,Raleigh,NC683652,NC,5,4,1240000,68,B,B,3.3,realtor_scraper,https://www.kw.com/agent,2026-04-22T07:00:00.000000+00:00
Elizabeth Nguyen,Elizabeth,Nguyen,elizabeth.nguyen@exp.com,(318) 332-9699,JLL,Los Angeles,CA,Los Angeles,CA931277,CA,8,30,22500000,96,A,A,4.8,realtor_scraper,https://www.coldwellbanker.com/real-estate-agents,2026-04-22T07:00:00.000000+00:00
Patricia Miller,Patricia,Miller,patricia.miller@sothebysrealty.com,(515) 247-1711,Berkshire Hathaway HomeServices,Houston,TX,Houston,TX862268,TX,6,8,2800000,90,A,A,3.3,realtor_scraper,https://www.homes.com/real-estate-agents/,2026-04-22T07:00:00.000000+00:00
Deborah Patel,Deborah,Patel,patel.d@exp.com,(336) 496-7379,Better Homes and Gardens Real Estate,Albuquerque,NM,Albuquerque,NM432733,NM,6,3,825000,67,C,C,3.9,realtor_scraper,https://www.remax.com/real-estate-agents,2026-04-22T07:00:00.000000+00:00
Dennis Anderson,Dennis,Anderson,anderson.d@remax.com,(312) 814-7326,Century 21,Dallas,TX,Dallas,TX849951,TX,7,40,14000000,91,A,A,3.9,realtor_scraper,https://www.zillow.com/professionals/real-estate-agents/,2026-04-22T07:00:00.000000+00:00
Karen Richardson,Karen,Richardson,krichardson@coldwellbanker.com,(316) 319-4975,Windermere Real Estate,New York,NY,New York,NY444408,NY,6,12,10200000,72,A,A,3.3,realtor_scraper,https://www.remax.com/real-estate-agents,2026-04-22T07:00:00.000000+00:00
Christine Sanders,Christine,Sanders,sanderschristine@coldwellbanker.com,(585) 791-2203,eXp Realty,New York,NY,New York,NY993128,NY,6,30,25500000,84,A,A,3.4,realtor_scraper,https://www.trulia.com/real-estate-agents/,2026-04-22T07:00:00.000000+00:00
Carol Brooks,Carol,Brooks,carolbrooks27@coldwellbanker.com,(214) 679-1078,Coldwell Banker,Tampa,FL,Tampa,FL760457,FL,6,8,3200000,73,B,B,4.2,realtor_scraper,https://www.movoto.com/real-estate-agents/,2026-04-22T07:00:00.000000+00:00
Helen Ward,Helen,Ward,hward@weichert.com,(214) 202-5779,JPMorgan Real Estate,Cedar Rapids,IA,Cedar Rapids,IA871212,IA,3,10,2050000,85,C,C,4.9,realtor_scraper,https://www.kw.com/agent,2026-04-22T07:00:00.000000+00:00
Karen Patel,Karen,Patel,karenpatel83@hotmail.com,(412) 282-4088,Marcus & Millichap,Tucson,AZ,Tucson,AZ959674,AZ,4,15,6750000,79,B,B,4.2,realtor_scraper,https://www.kw.com/agent,2026-04-22T07:00:00.000000+00:00
James Edwards,James,Edwards,edwards.j@kw.com,(410) 672-3238,CBRE,Lubbock,TX,Lubbock,TX304022,TX,3,8,2800000,62,C,C,3.0,realtor_scraper,https://www.homes.com/real-estate-agents/,2026-04-22T07:00:00.000000+00:00
David Stewart,David,Stewart,david.stewart@remax.com,(214) 606-9676,Corcoran Global Living,San Antonio,TX,San Antonio,TX480406,TX,5,8,2800000,64,B,B,3.7,realtor_scraper,https://www.zillow.com/professionals/real-estate-agents/,2026-04-22T07:00:00.000000+00:00
Patrick Gomez,Patrick,Gomez,patrickgomez@weichert.com,(864) 499-3394,Redfin,Chicago,IL,Chicago,IL144773,IL,5,50,15000000,84,A,A,3.4,realtor_scraper,https://www.homes.com/real-estate-agents/,2026-04-22T07:00:00.000000+00:00
Nancy Thomas,Nancy,Thomas,thomas.n@gmail.com,(208) 961-7000,HomeSmart,Miami,FL,Miami,FL264220,FL,7,40,16000000,91,A,A,3.1,realtor_scraper,https://www.kw.com/agent,2026-04-22T07:00:00.000000+00:00
Emma Foster,Emma,Foster,foster.e@compass.com,(408) 674-5673,Weichert Realtors,Jackson,MS,Jackson,MS560707,MS,2,3,540000,66,C,C,3.6,realtor_scraper,https://www.realtor.com/realestateagents/,2026-04-22T07:00:00.000000+00:00
Paul Flores,Paul,Flores,paulflores@sothebysrealty.com,(617) 628-7728,Zillow Premier Agent,Seattle,WA,Seattle,WA922700,WA,6,40,24000000,98,A,A,4.8,realtor_scraper,https://www.zillow.com/professionals/real-estate-agents/,2026-04-22T07:00:00.000000+00:00
Betty Jimenez,Betty,Jimenez,bjimenez@outlook.com,(804) 948-4093,United Real Estate,Chicago,IL,Chicago,IL395245,IL,8,25,7500000,84,A,A,4.2,realtor_scraper,https://www.trulia.com/real-estate-agents/,2026-04-22T07:00:00.000000+00:00
Jason Cooper,Jason,Cooper,jason_cooper@kw.com,(901) 468-9664,Marcus & Millichap,Minneapolis,MN,Minneapolis,MN433919,MN,6,8,2800000,69,A,A,3.7,realtor_scraper,https://www.coldwellbanker.com/real-estate-agents,2026-04-22T07:00:00.000000+00:00
David Ruiz,David,Ruiz,ruizdavid@outlook.com,(541) 248-7986,Better Homes and Gardens Real Estate,Jackson,MS,Jackson,MS973664,MS,2,8,1440000,77,C,C,3.1,realtor_scraper,https://www.homes.com/real-estate-agents/,2026-04-22T07:00:00.000000+00:00
Rachel Reed,Rachel,Reed,rreed@kw.com,(559) 657-4913,Cushman & Wakefield,Atlanta,GA,Atlanta,GA740440,GA,5,20,6500000,91,A,A,4.6,realtor_scraper,https://www.bhhs.com/real-estate-agents,2026-04-22T07:00:00.000000+00:00
Shirley Miller,Shirley,Miller,shirley.miller@gmail.com,(205) 274-5938,Berkshire Hathaway HomeServices,Oklahoma City,OK,Oklahoma City,OK393267,OK,3,18,3780000,81,B,B,4.7,realtor_scraper,https://www.coldwellbanker.com/real-estate-agents,2026-04-22T07:00:00.000000+00:00
Gary Rivera,Gary,Rivera,rivera.g@coldwellbanker.com,(213) 847-8734,Weichert Realtors,Tampa,FL,Tampa,FL542535,FL,2,12,4800000,79,B,B,3.7,realtor_scraper,https://www.realtor.com/realestateagents/,2026-04-22T07:00:00.000000+00:00
Linda Martinez,Linda,Martinez,martinez.l@yahoo.com,(504) 362-8927,JLL,Lubbock,TX,Lubbock,TX492731,TX,2,3,1050000,83,C,C,3.2,realtor_scraper,https://www.trulia.com/real-estate-agents/,2026-04-22T07:00:00.000000+00:00
Carol Martin,Carol,Martin,cmartin@weichert.com,(970) 824-4450,JPMorgan Real Estate,Boston,MA,Boston,MA683024,MA,5,8,5200000,79,A,A,3.2,realtor_scraper,https://www.kw.com/agent,2026-04-22T07:00:00.000000+00:00
Jacob Harris,Jacob,Harris,jacob_harris@gmail.com,(336) 702-9217,Century 21,Albuquerque,NM,Albuquerque,NM438306,NM,3,12,3300000,77,C,C,3.2,realtor_scraper,https://www.trulia.com/real-estate-agents/,2026-04-22T07:00:00.000000+00:00
Angela Foster,Angela,Foster,angela_foster@gmail.com,(614) 745-6896,Realty ONE Group,Kansas City,MO,Kansas City,MO333552,MO,7,22,5720000,91,B,B,3.2,realtor_scraper,https://www.kw.com/agent,2026-04-22T07:00:00.000000+00:00
Brian Alvarez,Brian,Alvarez,alvarez.b@coldwellbanker.com,(404) 643-1511,Compass,Lincoln,NE,Lincoln,NE299953,NE,6,10,2300000,70,C,C,3.1,realtor_scraper,https://www.movoto.com/real-estate-agents/,2026-04-22T07:00:00.000000+00:00
Deborah Torres,Deborah,Torres,deborah.torres@realtor.com,(801) 603-5017,Century 21,New York,NY,New York,NY547282,NY,5,8,6800000,84,A,A,3.7,realtor_scraper,https://www.redfin.com/real-estate-agents,2026-04-22T07:00:00.000000+00:00
Patricia Ward,Patricia,Ward,patriciaward49@sothebysrealty.com,(423) 410-8114,United Real Estate,Seattle,WA,Seattle,WA583525,WA,7,20,12000000,98,A,A,4.7,realtor_scraper,https://www.homes.com/real-estate-agents/,2026-04-22T07:00:00.000000+00:00
Joshua Sanchez,Joshua,Sanchez,sanchezjoshua@sothebysrealty.com,(319) 834-8250,Better Homes and Gardens Real Estate,Las Vegas,NV,Las Vegas,NV937923,NV,7,15,6375000,86,B,B,3.1,realtor_scraper,https://www.realtor.com/realestateagents/,2026-04-22T07:00:00.000000+00:00
Amy Phillips,Amy,Phillips,amy.phillips@exp.com,(423) 963-5793,Corcoran Global Living,Denver,CO,Denver,CO948594,CO,6,8,4400000,70,A,A,3.7,realtor_scraper,https://www.bhhs.com/real-estate-agents,2026-04-22T07:00:00.000000+00:00
Kimberly Parker,Kimberly,Parker,kimberly_parker@weichert.com,(601) 253-3982,Corcoran Global Living,Tampa,FL,Tampa,FL391806,FL,4,10,4000000,72,B,B,5.0,realtor_scraper,https://www.movoto.com/real-estate-agents/,2026-04-22T07:00:00.000000+00:00
Anthony Morgan,Anthony,Morgan,anthony.morgan@exp.com,(612) 251-5017,Corcoran Global Living,Reno,NV,Reno,NV334292,NV,5,6,2550000,73,C,C,4.2,realtor_scraper,https://www.redfin.com/real-estate-agents,2026-04-22T07:00:00.000000+00:00
Robert Wright,Robert,Wright,wrightrobert@remax.com,(404) 233-7833,Better Homes and Gardens Real Estate,Tallahassee,FL,Tallahassee,FL994672,FL,7,10,4000000,77,C,C,3.6,realtor_scraper,https://www.zillow.com/professionals/real-estate-agents/,2026-04-22T07:00:00.000000+00:00
Nicholas Phillips,Nicholas,Phillips,nphillips@homesmart.com,(414) 684-6837,RE/MAX,New Orleans,LA,New Orleans,LA319909,LA,6,22,5060000,84,B,B,4.1,realtor_scraper,https://www.redfin.com/real-estate-agents,2026-04-22T07:00:00.000000+00:00
Cynthia Johnson,Cynthia,Johnson,johnsoncynthia@hotmail.com,(410) 420-1636,JPMorgan Real Estate,Oklahoma City,OK,Oklahoma City,OK585439,OK,3,18,3780000,86,B,B,3.8,realtor_scraper,https://www.remax.com/real-estate-agents,2026-04-22T07:00:00.000000+00:00
Debra Howard,Debra,Howard,dhoward@century21.com,(520) 808-6865,United Real Estate,Indianapolis,IN,Indianapolis,IN830663,IN,2,8,1920000,76,B,B,4.5,realtor_scraper,https://www.trulia.com/real-estate-agents/,2026-04-22T07:00:00.000000+00:00
Raymond Torres,Raymond,Torres,raymond_torres@kw.com,(912) 992-8908,Redfin,San Francisco,CA,San Francisco,CA271616,CA,15,60,45000000,79,A,A,3.4,realtor_scraper,https://www.homes.com/real-estate-agents/,2026-04-22T07:00:00.000000+00:00
Eric Wood,Eric,Wood,wood.e@century21.com,(919) 674-9391,Local Brokerage,Mobile,AL,Mobile,AL182290,AL,2,8,1760000,85,C,C,4.9,realtor_scraper,https://www.bhhs.com/real-estate-agents,2026-04-22T07:00:00.000000+00:00
Edward Richardson,Edward,Richardson,edward.richardson@aol.com,(916) 250-6398,Berkshire Hathaway HomeServices,Chicago,IL,Chicago,IL889344,IL,4,25,7500000,94,A,A,3.9,realtor_scraper,https://www.zillow.com/professionals/real-estate-agents/,2026-04-22T07:00:00.000000+00:00
Jennifer Morales,Jennifer,Morales,jennifer_morales@outlook.com,(719) 731-3127,Weichert Realtors,Knoxville,TN,Knoxville,TN797547,TN,2,6,1920000,80,C,C,3.2,realtor_scraper,https://www.coldwellbanker.com/real-estate-agents,2026-04-22T07:00:00.000000+00:00
Christopher Reed,Christopher,Reed,christopher.reed@sothebysrealty.com,(916) 693-9308,Marcus & Millichap,Las Vegas,NV,Las Vegas,NV987861,NV,4,18,7650000,86,B,B,3.2,realtor_scraper,https://www.zillow.com/professionals/real-estate-agents/,2026-04-22T07:00:00.000000+00:00
Daniel Bennett,Daniel,Bennett,bennettdaniel@aol.com,(617) 345-7725,JLL,Washington,DC,Washington,DC401917,DC,5,16,11200000,68,A,A,3.0,realtor_scraper,https://www.remax.com/real-estate-agents,2026-04-22T07:00:00.000000+00:00
Andrew Roberts,Andrew,Roberts,aroberts@sothebysrealty.com,(202) 481-6403,Coldwell Banker,Pittsburgh,PA,Pittsburgh,PA564030,PA,4,12,3480000,80,B,B,4.9,realtor_scraper,https://www.kw.com/agent,2026-04-22T07:00:00.000000+00:00
Gary Ross,Gary,Ross,gary.ross@homesmart.com,(479) 297-3248,Windermere Real Estate,Denver,CO,Denver,CO710267,CO,3,30,16500000,74,A,A,4.9,realtor_scraper,https://www.zillow.com/professionals/real-estate-agents/,2026-04-22T07:00:00.000000+00:00
Deborah Lopez,Deborah,Lopez,lopez.d@homesmart.com,(512) 423-3454,Corcoran Global Living,Cincinnati,OH,Cincinnati,OH846834,OH,4,4,1000000,70,B,B,4.9,realtor_scraper,https://www.trulia.com/real-estate-agents/,2026-04-22T07:00:00.000000+00:00
Daniel Young,Daniel,Young,youngdaniel@remax.com,(208) 919-5745,Berkshire Hathaway HomeServices,Detroit,MI,Detroit,MI684947,MI,1,10,2750000,77,B,B,3.3,realtor_scraper,https://www.redfin.com/real-estate-agents,2026-04-22T07:00:00.000000+00:00
Richard Morales,Richard,Morales,richard.morales@remax.com,(520) 642-9936,Marcus & Millichap,Nashville,TN,Nashville,TN238338,TN,3,30,9600000,80,A,A,4.7,realtor_scraper,https://www.trulia.com/real-estate-agents/,2026-04-22T07:00:00.000000+00:00
Joseph Morgan,Joseph,Morgan,morganjoseph@homesmart.com,(602) 339-5355,RE/MAX,Phoenix,AZ,Phoenix,AZ867533,AZ,8,35,15750000,88,A,A,4.9,realtor_scraper,https://www.realtor.com/realestateagents/,2026-04-22T07:00:00.000000+00:00
Brandon Hughes,Brandon,Hughes,brandonhughes45@aol.com,(410) 658-2617,Century 21,San Francisco,CA,San Francisco,CA394718,CA,8,16,12000000,86,A,A,4.4,realtor_scraper,https://www.homes.com/real-estate-agents/,2026-04-22T07:00:00.000000+00:00
Gary Lewis,Gary,Lewis,glewis@kw.com,(912) 964-6200,CBRE,Los Angeles,CA,Los Angeles,CA403426,CA,8,20,15000000,87,A,A,4.5,realtor_scraper,https://www.coldwellbanker.com/real-estate-agents,2026-04-22T07:00:00.000000+00:00
Laura Torres,Laura,Torres,lauratorres@homesmart.com,(410) 464-5893,Coldwell Banker,San Francisco,CA,San Francisco,CA547064,CA,6,20,15000000,75,A,A,3.9,realtor_scraper,https://www.trulia.com/real-estate-agents/,2026-04-22T07:00:00.000000+00:00
Shirley Hall,Shirley,Hall,hall.s@kw.com,(313) 748-9080,Independent Agent,Philadelphia,PA,Philadelphia,PA749740,PA,12,20,5800000,82,A,A,3.2,realtor_scraper,https://www.homes.com/real-estate-agents/,2026-04-22T07:00:00.000000+00:00
Jason Reed,Jason,Reed,reed.j@realtor.com,(402) 496-5728,RE/MAX,Albuquerque,NM,Albuquerque,NM389479,NM,4,6,1650000,73,C,C,3.3,realtor_scraper,https://www.redfin.com/real-estate-agents,2026-04-22T07:00:00.000000+00:00
Jacob Davis,Jacob,Davis,davisjacob@aol.com,(402) 999-8797,Zillow Premier Agent,San Jose,CA,San Jose,CA725922,CA,10,30,22500000,96,A,A,4.6,realtor_scraper,https://www.movoto.com/real-estate-agents/,2026-04-22T07:00:00.000000+00:00
Kenneth Kelly,Kenneth,Kelly,kenneth_kelly@hotmail.com,(801) 531-7466,eXp Realty,Atlanta,GA,Atlanta,GA564651,GA,8,12,3900000,68,A,A,3.2,realtor_scraper,https://www.bhhs.com/real-estate-agents,2026-04-22T07:00:00.000000+00:00
Cynthia Miller,Cynthia,Miller,cmiller@exp.com,(412) 828-6467,Zillow Premier Agent,New Orleans,LA,New Orleans,LA828925,LA,10,12,2760000,87,B,B,4.9,realtor_scraper,https://www.redfin.com/real-estate-agents,2026-04-22T07:00:00.000000+00:00
Lisa Hall,Lisa,Hall,lhall@kw.com,(318) 399-7529,eXp Realty,Sacramento,CA,Sacramento,CA544321,CA,3,15,11250000,80,B,B,4.3,realtor_scraper,https://www.coldwellbanker.com/real-estate-agents,2026-04-22T07:00:00.000000+00:00
Christopher Ross,Christopher,Ross,cross@gmail.com,(619) 315-2338,Windermere Real Estate,Fayetteville,AR,Fayetteville,AR515834,AR,3,12,2340000,82,C,C,3.0,realtor_scraper,https://www.trulia.com/real-estate-agents/,2026-04-22T07:00:00.000000+00:00
Donna Phillips,Donna,Phillips,phillipsdonna@coldwellbanker.com,(402) 363-7670,JPMorgan Real Estate,Indianapolis,IN,Indianapolis,IN717177,IN,2,28,6720000,70,B,B,4.6,realtor_scraper,https://www.homes.com/real-estate-agents/,2026-04-22T07:00:00.000000+00:00
Samantha Cooper,Samantha,Cooper,samanthacooper@sothebysrealty.com,(334) 943-6068,CBRE,Milwaukee,WI,Milwaukee,WI327955,WI,5,22,6050000,78,B,B,3.4,realtor_scraper,https://www.homes.com/real-estate-agents/,2026-04-22T07:00:00.000000+00:00
Shirley Thomas,Shirley,Thomas,sthomas@realtor.com,(520) 544-9938,Realty ONE Group,Bend,OR,Bend,OR920964,OR,5,8,4000000,85,C,C,4.1,realtor_scraper,https://www.redfin.com/real-estate-agents,2026-04-22T07:00:00.000000+00:00
Angela Peterson,Angela,Peterson,apeterson@compass.com,(816) 738-6510,Berkshire Hathaway HomeServices,Cleveland,OH,Cleveland,OH262964,OH,1,18,4500000,84,B,B,4.0,realtor_scraper,https://www.realtor.com/realestateagents/,2026-04-22T07:00:00.000000+00:00
Edward Lopez,Edward,Lopez,edward_lopez@sothebysrealty.com,(319) 709-5563,Berkshire Hathaway HomeServices,New Orleans,LA,New Orleans,LA489921,LA,8,12,2760000,88,B,B,4.4,realtor_scraper,https://www.coldwellbanker.com/real-estate-agents,2026-04-22T07:00:00.000000+00:00
Laura White,Laura,White,laura_white@compass.com,(501) 941-7015,CBRE,Cincinnati,OH,Cincinnati,OH188418,OH,1,10,2500000,64,B,B,3.1,realtor_scraper,https://www.coldwellbanker.com/real-estate-agents,2026-04-22T07:00:00.000000+00:00
Angela Hill,Angela,Hill,angela.hill@realtor.com,(479) 477-7023,Corcoran Global Living,Nashville,TN,Nashville,TN453851,TN,6,60,19200000,100,A,A,4.4,realtor_scraper,https://www.coldwellbanker.com/real-estate-agents,2026-04-22T07:00:00.000000+00:00
James Murphy,James,Murphy,james.murphy@sothebysrealty.com,(575) 494-5773,CBRE,Tampa,FL,Tampa,FL860024,FL,2,18,7200000,89,B,B,3.2,realtor_scraper,https://www.trulia.com/real-estate-agents/,2026-04-22T07:00:00.000000+00:00
Samuel Ruiz,Samuel,Ruiz,samuel.ruiz@weichert.com,(312) 240-7006,United Real Estate,Louisville,KY,Louisville,KY971138,KY,7,28,6300000,99,B,B,4.4,realtor_scraper,https://www.redfin.com/real-estate-agents,2026-04-22T07:00:00.000000+00:00
Sarah Parker,Sarah,Parker,sparker@aol.com,(312) 271-8136,CBRE,Asheville,NC,Asheville,NC340862,NC,2,12,3720000,75,C,C,3.6,realtor_scraper,https://www.kw.com/agent,2026-04-22T07:00:00.000000+00:00
Helen Walker,Helen,Walker,helen.walker@realtor.com,(719) 649-3368,Keller Williams,Birmingham,AL,Birmingham,AL486984,AL,8,18,3960000,82,B,B,4.9,realtor_scraper,https://www.bhhs.com/real-estate-agents,2026-04-22T07:00:00.000000+00:00
Justin Diaz,Justin,Diaz,justin_diaz@outlook.com,(504) 580-6854,Windermere Real Estate,Tucson,AZ,Tucson,AZ782503,AZ,7,10,4500000,69,B,B,4.3,realtor_scraper,https://www.kw.com/agent,2026-04-22T07:00:00.000000+00:00
Jason Lewis,Jason,Lewis,jasonlewis18@exp.com,(512) 944-3310,Berkshire Hathaway HomeServices,Cedar Rapids,IA,Cedar Rapids,IA881880,IA,8,8,1640000,76,C,C,3.8,realtor_scraper,https://www.kw.com/agent,2026-04-22T07:00:00.000000+00:00
Michael Gonzalez,Michael,Gonzalez,mgonzalez@homesmart.com,(843) 816-5289,United Real Estate,New York,NY,New York,NY353089,NY,2,12,10200000,87,A,A,4.4,realtor_scraper,https://www.kw.com/agent,2026-04-22T07:00:00.000000+00:00
Steven Sanchez,Steven,Sanchez,steven_sanchez@aol.com,(210) 984-1616,Redfin,Omaha,NE,Omaha,NE840000,NE,1,8,1840000,80,B,B,3.4,realtor_scraper,https://www.homes.com/real-estate-agents/,2026-04-22T07:00:00.000000+00:00
Raymond Brooks,Raymond,Brooks,brooksraymond@realtor.com,(608) 297-2695,Keller Williams,Birmingham,AL,Birmingham,AL260066,AL,2,35,7700000,88,B,B,4.5,realtor_scraper,https://www.zillow.com/professionals/real-estate-agents/,2026-04-22T07:00:00.000000+00:00
Donald Baker,Donald,Baker,donald_baker@coldwellbanker.com,(509) 953-4405,Redfin,Atlanta,GA,Atlanta,GA749588,GA,4,50,16250000,84,A,A,4.3,realtor_scraper,https://www.kw.com/agent,2026-04-22T07:00:00.000000+00:00
Andrew Hall,Andrew,Hall,andrewhall@hotmail.com,(719) 805-9567,Local Brokerage,Jackson,MS,Jackson,MS387405,MS,3,6,1080000,82,C,C,3.6,realtor_scraper,https://www.homes.com/real-estate-agents/,2026-04-22T07:00:00.000000+00:00
Donna Lewis,Donna,Lewis,dlewis@coldwellbanker.com,(214) 982-8216,Marcus & Millichap,Madison,WI,Madison,WI482946,WI,3,10,2750000,79,C,C,4.9,realtor_scraper,https://www.zillow.com/professionals/real-estate-agents/,2026-04-22T07:00:00.000000+00:00
Jeffrey Ortiz,Jeffrey,Ortiz,jeffreyortiz97@hotmail.com,(407) 350-9446,Windermere Real Estate,Omaha,NE,Omaha,NE400044,NE,1,15,3450000,90,B,B,3.2,realtor_scraper,https://www.kw.com/agent,2026-04-22T07:00:00.000000+00:00
Gary Gonzalez,Gary,Gonzalez,gary.gonzalez@yahoo.com,(916) 970-7946,Marcus & Millichap,Lincoln,NE,Lincoln,NE328663,NE,6,15,3450000,90,C,C,3.6,realtor_scraper,https://www.homes.com/real-estate-agents/,2026-04-22T07:00:00.000000+00:00
Ronald Gonzalez,Ronald,Gonzalez,ronald_gonzalez@coldwellbanker.com,(313) 214-8088,Zillow Premier Agent,Phoenix,AZ,Phoenix,AZ732885,AZ,10,25,11250000,97,A,A,4.1,realtor_scraper,https://www.homes.com/real-estate-agents/,2026-04-22T07:00:00.000000+00:00
Gregory Allen,Gregory,Allen,allengregory@realtor.com,(612) 728-7936,United Real Estate,Memphis,TN,Memphis,TN162121,TN,3,10,3200000,83,B,B,3.9,realtor_scraper,https://www.realtor.com/realestateagents/,2026-04-22T07:00:00.000000+00:00
Larry Long,Larry,Long,larry.long@coldwellbanker.com,(513) 411-9135,RE/MAX,Tucson,AZ,Tucson,AZ284777,AZ,3,12,5400000,74,B,B,3.5,realtor_scraper,https://www.coldwellbanker.com/real-estate-agents,2026-04-22T07:00:00.000000+00:00
Amy Cruz,Amy,Cruz,amycruz3@remax.com,(405) 923-2932,Independent Agent,San Jose,CA,San Jose,CA138253,CA,3,35,26250000,77,A,A,4.5,realtor_scraper,https://www.zillow.com/professionals/real-estate-agents/,2026-04-22T07:00:00.000000+00:00
Richard Lopez,Richard,Lopez,richard_lopez@outlook.com,(414) 409-8952,Local Brokerage,Chicago,IL,Chicago,IL565652,IL,5,8,2400000,69,A,A,5.0,realtor_scraper,https://www.zillow.com/professionals/real-estate-agents/,2026-04-22T07:00:00.000000+00:00
John Cox,John,Cox,cox.j@aol.com,(312) 702-9041,Coldwell Banker,Dallas,TX,Dallas,TX289210,TX,10,20,7000000,87,A,A,3.0,realtor_scraper,https://www.realtor.com/realestateagents/,2026-04-22T07:00:00.000000+00:00
Joseph Castillo,Joseph,Castillo,jcastillo@kw.com,(317) 524-3260,JLL,Tampa,FL,Tampa,FL163730,FL,4,10,4000000,73,B,B,4.5,realtor_scraper,https://www.bhhs.com/real-estate-agents,2026-04-22T07:00:00.000000+00:00
Gary Davis,Gary,Davis,davisgary@compass.com,(806) 667-6986,Marcus & Millichap,Omaha,NE,Omaha,NE989339,NE,7,10,2300000,72,B,B,3.2,realtor_scraper,https://www.trulia.com/real-estate-agents/,2026-04-22T07:00:00.000000+00:00
Jeffrey Kim,Jeffrey,Kim,jeffrey.kim@hotmail.com,(336) 859-9526,Better Homes and Gardens Real Estate,Baltimore,MD,Baltimore,MD985916,MD,12,12,5100000,68,B,B,3.4,realtor_scraper,https://www.redfin.com/real-estate-agents,2026-04-22T07:00:00.000000+00:00
Daniel Murphy,Daniel,Murphy,danielmurphy@aol.com,(970) 828-4786,Marcus & Millichap,Washington,DC,Washington,DC439966,DC,7,50,35000000,89,A,A,5.0,realtor_scraper,https://www.zillow.com/professionals/real-estate-agents/,2026-04-22T07:00:00.000000+00:00
Joseph Smith,Joseph,Smith,smithjoseph@homesmart.com,(512) 702-3926,Corcoran Global Living,Milwaukee,WI,Milwaukee,WI982711,WI,10,15,4125000,85,B,B,4.3,realtor_scraper,https://www.kw.com/agent,2026-04-22T07:00:00.000000+00:00
Gregory Rogers,Gregory,Rogers,gregory.rogers@hotmail.com,(501) 302-9018,ERA Real Estate,Las Vegas,NV,Las Vegas,NV542108,NV,5,10,4250000,61,B,B,3.3,realtor_scraper,https://www.redfin.com/real-estate-agents,2026-04-22T07:00:00.000000+00:00
Brandon Davis,Brandon,Davis,bdavis@gmail.com,(515) 222-5824,Realty ONE Group,Albuquerque,NM,Albuquerque,NM840630,NM,3,15,4125000,83,C,C,3.6,realtor_scraper,https://www.movoto.com/real-estate-agents/,2026-04-22T07:00:00.000000+00:00
Kevin Peterson,Kevin,Peterson,kevin_peterson@gmail.com,(804) 630-9912,Berkshire Hathaway HomeServices,San Francisco,CA,San Francisco,CA188694,CA,4,30,22500000,87,A,A,3.6,realtor_scraper,https://www.remax.com/real-estate-agents,2026-04-22T07:00:00.000000+00:00
Amanda Lewis,Amanda,Lewis,amanda_lewis@compass.com,(951) 320-9807,ERA Real Estate,Tallahassee,FL,Tallahassee,FL166471,FL,3,8,3200000,84,C,C,3.6,realtor_scraper,https://www.zillow.com/professionals/real-estate-agents/,2026-04-22T07:00:00.000000+00:00
William Wood,William,Wood,william_wood@homesmart.com,(303) 383-6626,Cushman & Wakefield,Mobile,AL,Mobile,AL622491,AL,4,12,2640000,83,C,C,4.0,realtor_scraper,https://www.redfin.com/real-estate-agents,2026-04-22T07:00:00.000000+00:00
Paul Bennett,Paul,Bennett,bennett.p@realtor.com,(804) 330-2906,Berkshire Hathaway HomeServices,Bend,OR,Bend,OR606408,OR,1,3,1500000,63,C,C,4.7,realtor_scraper,https://www.trulia.com/real-estate-agents/,2026-04-22T07:00:00.000000+00:00
Amanda Ward,Amanda,Ward,ward.a@weichert.com,(801) 976-6591,Berkshire Hathaway HomeServices,Lubbock,TX,Lubbock,TX790021,TX,3,6,2100000,71,C,C,3.3,realtor_scraper,https://www.trulia.com/real-estate-agents/,2026-04-22T07:00:00.000000+00:00
Janet Davis,Janet,Davis,janet_davis@exp.com,(407) 862-4702,Better Homes and Gardens Real Estate,Seattle,WA,Seattle,WA556063,WA,6,50,30000000,100,A,A,4.4,realtor_scraper,https://www.coldwellbanker.com/real-estate-agents,2026-04-22T07:00:00.000000+00:00
Nicholas Lee,Nicholas,Lee,lee.n@exp.com,(912) 573-5716,ERA Real Estate,Minneapolis,MN,Minneapolis,MN335916,MN,8,8,2800000,74,A,A,4.1,realtor_scraper,https://www.remax.com/real-estate-agents,2026-04-22T07:00:00.000000+00:00
Donna Myers,Donna,Myers,donnamyers@aol.com,(951) 807-2052,Redfin,Pittsburgh,PA,Pittsburgh,PA761892,PA,4,12,3480000,84,B,B,3.0,realtor_scraper,https://www.remax.com/real-estate-agents,2026-04-22T07:00:00.000000+00:00
Mary Stewart,Mary,Stewart,mary.stewart@realtor.com,(951) 923-7897,Better Homes and Gardens Real Estate,Dallas,TX,Dallas,TX781640,TX,8,12,4200000,75,A,A,3.4,realtor_scraper,https://www.realtor.com/realestateagents/,2026-04-22T07:00:00.000000+00:00
Brian Anderson,Brian,Anderson,andersonbrian@sothebysrealty.com,(806) 558-1986,Coldwell Banker,Baltimore,MD,Baltimore,MD481405,MD,5,10,4250000,62,B,B,4.9,realtor_scraper,https://www.bhhs.com/real-estate-agents,2026-04-22T07:00:00.000000+00:00
Amanda Campbell,Amanda,Campbell,amandacampbell@homesmart.com,(615) 955-8392,Zillow Premier Agent,Los Angeles,CA,Los Angeles,CA812280,CA,2,60,45000000,80,A,A,3.1,realtor_scraper,https://www.bhhs.com/real-estate-agents,2026-04-22T07:00:00.000000+00:00
Christine Howard,Christine,Howard,christine.howard@kw.com,(407) 596-8006,Independent Agent,Minneapolis,MN,Minneapolis,MN424940,MN,15,16,5600000,84,A,A,3.0,realtor_scraper,https://www.remax.com/real-estate-agents,2026-04-22T07:00:00.000000+00:00
Ruth Reyes,Ruth,Reyes,ruth.reyes@kw.com,(208) 657-7156,Local Brokerage,Portland,OR,Portland,OR832596,OR,8,60,30000000,100,A,A,4.2,realtor_scraper,https://www.realtor.com/realestateagents/,2026-04-22T07:00:00.000000+00:00
Pamela Price,Pamela,Price,pricepamela@yahoo.com,(912) 671-1168,Better Homes and Gardens Real Estate,Austin,TX,Austin,TX503265,TX,4,35,12250000,82,A,A,4.4,realtor_scraper,https://www.zillow.com/professionals/real-estate-agents/,2026-04-22T07:00:00.000000+00:00
Elizabeth Miller,Elizabeth,Miller,elizabethmiller86@outlook.com,(408) 449-2951,eXp Realty,Fort Collins,CO,Fort Collins,CO322276,CO,3,20,11000000,69,C,C,3.2,realtor_scraper,https://www.remax.com/real-estate-agents,2026-04-22T07:00:00.000000+00:00
Linda Hall,Linda,Hall,lindahall97@yahoo.com,(702) 588-3416,CBRE,Las Vegas,NV,Las Vegas,NV740779,NV,3,18,7650000,85,B,B,3.8,realtor_scraper,https://www.coldwellbanker.com/real-estate-agents,2026-04-22T07:00:00.000000+00:00
Donald Brown,Donald,Brown,donald.brown@yahoo.com,(317) 501-3654,Marcus & Millichap,Austin,TX,Austin,TX315751,TX,6,8,2800000,79,A,A,4.5,realtor_scraper,https://www.homes.com/real-estate-agents/,2026-04-22T07:00:00.000000+00:00
James Martin,James,Martin,martin.j@century21.com,(864) 680-9876,ERA Real Estate,Riverside,CA,Riverside,CA658978,CA,3,45,33750000,93,B,B,4.1,realtor_scraper,https://www.trulia.com/real-estate-agents/,2026-04-22T07:00:00.000000+00:00
Steven Kelly,Steven,Kelly,steven.kelly@weichert.com,(513) 628-3569,Zillow Premier Agent,Minneapolis,MN,Minneapolis,MN979229,MN,8,30,10500000,100,A,A,4.3,realtor_scraper,https://www.homes.com/real-estate-agents/,2026-04-22T07:00:00.000000+00:00
Katherine Scott,Katherine,Scott,katherinescott@outlook.com,(336) 345-7587,Century 21,Portland,OR,Portland,OR680132,OR,6,35,17500000,83,A,A,3.1,realtor_scraper,https://www.redfin.com/real-estate-agents,2026-04-22T07:00:00.000000+00:00
Debra Martinez,Debra,Martinez,debramartinez@kw.com,(312) 493-8473,HomeSmart,Riverside,CA,Riverside,CA865914,CA,4,8,6000000,72,B,B,4.9,realtor_scraper,https://www.remax.com/real-estate-agents,2026-04-22T07:00:00.000000+00:00
Brian Stewart,Brian,Stewart,brianstewart@sothebysrealty.com,(404) 547-9042,Windermere Real Estate,Austin,TX,Austin,TX731873,TX,6,35,12250000,86,A,A,3.6,realtor_scraper,https://www.movoto.com/real-estate-agents/,2026-04-22T07:00:00.000000+00:00
Timothy Evans,Timothy,Evans,timothyevans@compass.com,(319) 252-8683,HomeSmart,Washington,DC,Washington,DC711628,DC,5,20,14000000,83,A,A,4.5,realtor_scraper,https://www.movoto.com/real-estate-agents/,2026-04-22T07:00:00.000000+00:00
Robert Mitchell,Robert,Mitchell,robert_mitchell@realtor.com,(415) 597-6592,JLL,Houston,TX,Houston,TX592564,TX,2,12,4200000,73,A,A,3.6,realtor_scraper,https://www.coldwellbanker.com/real-estate-agents,2026-04-22T07:00:00.000000+00:00
Benjamin Reyes,Benjamin,Reyes,reyesbenjamin@realtor.com,(412) 302-1015,RE/MAX,Houston,TX,Houston,TX280053,TX,10,20,7000000,87,A,A,5.0,realtor_scraper,https://www.redfin.com/real-estate-agents,2026-04-22T07:00:00.000000+00:00
Larry Nelson,Larry,Nelson,nelsonlarry@outlook.com,(415) 436-5330,eXp Realty,Fresno,CA,Fresno,CA633621,CA,6,8,6000000,81,B,B,4.5,realtor_scraper,https://www.homes.com/real-estate-agents/,2026-04-22T07:00:00.000000+00:00
Ruth Hernandez,Ruth,Hernandez,ruthhernandez@yahoo.com,(318) 912-9944,eXp Realty,Richmond,VA,Richmond,VA659418,VA,7,12,4500000,85,B,B,4.7,realtor_scraper,https://www.bhhs.com/real-estate-agents,2026-04-22T07:00:00.000000+00:00
Ronald White,Ronald,White,white.r@century21.com,(215) 662-2703,Cushman & Wakefield,Indianapolis,IN,Indianapolis,IN437715,IN,5,22,5280000,87,B,B,3.7,realtor_scraper,https://www.coldwellbanker.com/real-estate-agents,2026-04-22T07:00:00.000000+00:00
Steven Rivera,Steven,Rivera,stevenrivera@yahoo.com,(704) 904-2503,Coldwell Banker,Kansas City,MO,Kansas City,MO582724,MO,3,10,2600000,80,B,B,3.9,realtor_scraper,https://www.redfin.com/real-estate-agents,2026-04-22T07:00:00.000000+00:00
Ruth Ward,Ruth,Ward,wardruth@yahoo.com,(319) 531-8418,Marcus & Millichap,Minneapolis,MN,Minneapolis,MN501554,MN,8,60,21000000,81,A,A,4.5,realtor_scraper,https://www.realtor.com/realestateagents/,2026-04-22T07:00:00.000000+00:00
Mary Reyes,Mary,Reyes,reyesmary@kw.com,(775) 584-1133,United Real Estate,Miami,FL,Miami,FL420198,FL,6,30,12000000,89,A,A,4.8,realtor_scraper,https://www.homes.com/real-estate-agents/,2026-04-22T07:00:00.000000+00:00
Dorothy Moore,Dorothy,Moore,dorothy_moore@aol.com,(504) 469-9484,Realty ONE Group,Detroit,MI,Detroit,MI196208,MI,4,10,2750000,60,B,B,3.9,realtor_scraper,https://www.zillow.com/professionals/real-estate-agents/,2026-04-22T07:00:00.000000+00:00
Brenda Patel,Brenda,Patel,patelbrenda@realtor.com,(208) 553-1793,ERA Real Estate,Salt Lake City,UT,Salt Lake City,UT225918,UT,2,4,2000000,83,B,B,4.8,realtor_scraper,https://www.trulia.com/real-estate-agents/,2026-04-22T07:00:00.000000+00:00
Ashley Robinson,Ashley,Robinson,ashley_robinson@outlook.com,(501) 586-3202,Independent Agent,Wichita,KS,Wichita,KS443505,KS,4,12,2400000,81,C,C,4.6,realtor_scraper,https://www.movoto.com/real-estate-agents/,2026-04-22T07:00:00.000000+00:00
Kathleen Howard,Kathleen,Howard,kathleenhoward@kw.com,(405) 330-2128,Corcoran Global Living,Albuquerque,NM,Albuquerque,NM518857,NM,3,12,3300000,71,C,C,3.3,realtor_scraper,https://www.coldwellbanker.com/real-estate-agents,2026-04-22T07:00:00.000000+00:00
Anthony Reyes,Anthony,Reyes,areyes@weichert.com,(214) 988-8292,Independent Agent,Memphis,TN,Memphis,TN622463,TN,4,15,4800000,83,B,B,4.7,realtor_scraper,https://www.realtor.com/realestateagents/,2026-04-22T07:00:00.000000+00:00
Robert Cox,Robert,Cox,robert.cox@yahoo.com,(303) 740-4834,Coldwell Banker,Philadelphia,PA,Philadelphia,PA375885,PA,6,25,7250000,82,A,A,4.4,realtor_scraper,https://www.kw.com/agent,2026-04-22T07:00:00.000000+00:00
Jennifer Hall,Jennifer,Hall,halljennifer@yahoo.com,(801) 245-5560,Weichert Realtors,Las Vegas,NV,Las Vegas,NV341974,NV,3,12,5100000,60,B,B,3.9,realtor_scraper,https://www.bhhs.com/real-estate-agents,2026-04-22T07:00:00.000000+00:00
Susan Adams,Susan,Adams,susanadams59@century21.com,(318) 737-7895,Sotheby's International Realty,Los Angeles,CA,Los Angeles,CA142159,CA,12,30,22500000,93,A,A,4.5,realtor_scraper,https://www.zillow.com/professionals/real-estate-agents/,2026-04-22T07:00:00.000000+00:00
Ryan Reyes,Ryan,Reyes,ryan_reyes@realtor.com,(303) 577-5487,Windermere Real Estate,Detroit,MI,Detroit,MI393108,MI,7,10,2750000,67,B,B,4.9,realtor_scraper,https://www.zillow.com/professionals/real-estate-agents/,2026-04-22T07:00:00.000000+00:00
Ruth Rogers,Ruth,Rogers,ruthrogers76@compass.com,(251) 986-4248,Marcus & Millichap,Portland,OR,Portland,OR608696,OR,3,20,10000000,86,A,A,4.5,realtor_scraper,https://www.remax.com/real-estate-agents,2026-04-22T07:00:00.000000+00:00
Emma Wright,Emma,Wright,ewright@kw.com,(316) 614-8031,CBRE,Austin,TX,Austin,TX104521,TX,2,25,8750000,83,A,A,3.5,realtor_scraper,https://www.realtor.com/realestateagents/,2026-04-22T07:00:00.000000+00:00
Brian Davis,Brian,Davis,bdavis@realtor.com,(260) 516-9821,Zillow Premier Agent,New York,NY,New York,NY158546,NY,5,25,21250000,92,A,A,3.0,realtor_scraper,https://www.homes.com/real-estate-agents/,2026-04-22T07:00:00.000000+00:00
Sarah Edwards,Sarah,Edwards,edwardssarah@yahoo.com,(912) 673-5446,RE/MAX,New York,NY,New York,NY398566,NY,4,50,42500000,75,A,A,4.3,realtor_scraper,https://www.realtor.com/realestateagents/,2026-04-22T07:00:00.000000+00:00
Michelle Sanchez,Michelle,Sanchez,sanchez.m@century21.com,(719) 897-4812,Realty ONE Group,Oklahoma City,OK,Oklahoma City,OK719892,OK,6,8,1680000,71,B,B,4.3,realtor_scraper,https://www.kw.com/agent,2026-04-22T07:00:00.000000+00:00
Gregory Wright,Gregory,Wright,gregory_wright@sothebysrealty.com,(509) 966-7843,Keller Williams,Seattle,WA,Seattle,WA848960,WA,5,35,21000000,93,A,A,3.1,realtor_scraper,https://www.trulia.com/real-estate-agents/,2026-04-22T07:00:00.000000+00:00
Kevin Castillo,Kevin,Castillo,kevin_castillo@aol.com,(334) 762-1754,Sotheby's International Realty,Los Angeles,CA,Los Angeles,CA430845,CA,4,16,12000000,78,A,A,4.0,realtor_scraper,https://www.coldwellbanker.com/real-estate-agents,2026-04-22T07:00:00.000000+00:00
Timothy Nelson,Timothy,Nelson,timothy.nelson@outlook.com,(205) 483-7733,Keller Williams,Washington,DC,Washington,DC868194,DC,5,30,21000000,88,A,A,4.9,realtor_scraper,https://www.realtor.com/realestateagents/,2026-04-22T07:00:00.000000+00:00
Donald Anderson,Donald,Anderson,donald.anderson@coldwellbanker.com,(316) 984-8910,ERA Real Estate,Cincinnati,OH,Cincinnati,OH242275,OH,4,12,3000000,64,B,B,4.7,realtor_scraper,https://www.movoto.com/real-estate-agents/,2026-04-22T07:00:00.000000+00:00
Margaret Martinez,Margaret,Martinez,margaretmartinez@realtor.com,(303) 896-4042,eXp Realty,Greenville,SC,Greenville,SC538414,SC,2,8,2320000,62,C,C,3.7,realtor_scraper,https://www.redfin.com/real-estate-agents,2026-04-22T07:00:00.000000+00:00
Carol Morris,Carol,Morris,cmorris@exp.com,(970) 399-9949,Keller Williams,Portland,OR,Portland,OR222179,OR,8,40,20000000,100,A,A,3.9,realtor_scraper,https://www.movoto.com/real-estate-agents/,2026-04-22T07:00:00.000000+00:00
Charles Hughes,Charles,Hughes,hughescharles@homesmart.com,(319) 770-1590,Zillow Premier Agent,Houston,TX,Houston,TX892678,TX,5,25,8750000,98,A,A,4.4,realtor_scraper,https://www.bhhs.com/real-estate-agents,2026-04-22T07:00:00.000000+00:00
Gregory Clark,Gregory,Clark,gregoryclark@kw.com,(806) 506-8776,CBRE,Charlotte,NC,Charlotte,NC113435,NC,4,10,3100000,68,B,B,4.6,realtor_scraper,https://www.zillow.com/professionals/real-estate-agents/,2026-04-22T07:00:00.000000+00:00
Matthew Cruz,Matthew,Cruz,mcruz@coldwellbanker.com,(501) 747-8990,Berkshire Hathaway HomeServices,Cincinnati,OH,Cincinnati,OH371791,OH,5,18,4500000,85,B,B,3.5,realtor_scraper,https://www.coldwellbanker.com/real-estate-agents,2026-04-22T07:00:00.000000+00:00
Stephanie Collins,Stephanie,Collins,collins.s@weichert.com,(520) 969-1179,Corcoran Global Living,Denver,CO,Denver,CO388157,CO,5,25,13750000,84,A,A,4.1,realtor_scraper,https://www.movoto.com/real-estate-agents/,2026-04-22T07:00:00.000000+00:00
Frank Brooks,Frank,Brooks,frank.brooks@outlook.com,(313) 815-7725,HomeSmart,Reno,NV,Reno,NV643122,NV,5,6,2550000,61,C,C,3.9,realtor_scraper,https://www.bhhs.com/real-estate-agents,2026-04-22T07:00:00.000000+00:00
Shirley Reyes,Shirley,Reyes,reyesshirley@hotmail.com,(601) 282-2089,Coldwell Banker,Dallas,TX,Dallas,TX742833,TX,6,16,5600000,79,A,A,4.3,realtor_scraper,https://www.kw.com/agent,2026-04-22T07:00:00.000000+00:00
Maria Taylor,Maria,Taylor,maria.taylor@outlook.com,(319) 505-9046,Keller Williams,San Francisco,CA,San Francisco,CA525586,CA,4,30,22500000,93,A,A,4.6,realtor_scraper,https://www.remax.com/real-estate-agents,2026-04-22T07:00:00.000000+00:00
Gregory Ross,Gregory,Ross,gregoryross@weichert.com,(213) 512-3480,Corcoran Global Living,Milwaukee,WI,Milwaukee,WI474874,WI,2,18,4950000,87,B,B,3.0,realtor_scraper,https://www.bhhs.com/real-estate-agents,2026-04-22T07:00:00.000000+00:00
Betty Evans,Betty,Evans,evans.b@realtor.com,(912) 973-2998,Corcoran Global Living,San Francisco,CA,San Francisco,CA352003,CA,6,20,15000000,96,A,A,4.2,realtor_scraper,https://www.trulia.com/real-estate-agents/,2026-04-22T07:00:00.000000+00:00
Deborah Sanchez,Deborah,Sanchez,deborah.sanchez@gmail.com,(505) 433-2839,Berkshire Hathaway HomeServices,Portland,OR,Portland,OR360403,OR,2,25,12500000,91,A,A,4.6,realtor_scraper,https://www.remax.com/real-estate-agents,2026-04-22T07:00:00.000000+00:00
Michelle Allen,Michelle,Allen,michelleallen@homesmart.com,(405) 476-8121,Cushman & Wakefield,Albuquerque,NM,Albuquerque,NM250088,NM,3,6,1650000,75,C,C,3.2,realtor_scraper,https://www.trulia.com/real-estate-agents/,2026-04-22T07:00:00.000000+00:00
Ryan Wright,Ryan,Wright,ryanwright32@aol.com,(423) 952-5598,JLL,Memphis,TN,Memphis,TN688432,TN,4,8,2560000,64,B,B,3.4,realtor_scraper,https://www.kw.com/agent,2026-04-22T07:00:00.000000+00:00
John Phillips,John,Phillips,johnphillips84@coldwellbanker.com,(213) 842-4766,United Real Estate,Fayetteville,AR,Fayetteville,AR979682,AR,4,12,2340000,74,C,C,3.2,realtor_scraper,https://www.kw.com/agent,2026-04-22T07:00:00.000000+00:00
Laura Nelson,Laura,Nelson,lauranelson@homesmart.com,(208) 386-7580,Redfin,Little Rock,AR,Little Rock,AR123587,AR,5,3,585000,79,C,C,4.7,realtor_scraper,https://www.kw.com/agent,2026-04-22T07:00:00.000000+00:00
Amy Collins,Amy,Collins,amy.collins@homesmart.com,(260) 763-7930,ERA Real Estate,San Jose,CA,San Jose,CA469172,CA,7,35,26250000,80,A,A,4.1,realtor_scraper,https://www.kw.com/agent,2026-04-22T07:00:00.000000+00:00
Rachel Morgan,Rachel,Morgan,rachel.morgan@aol.com,(317) 386-3005,JLL,Fort Wayne,IN,Fort Wayne,IN692438,IN,4,8,1920000,76,C,C,4.5,realtor_scraper,https://www.zillow.com/professionals/real-estate-agents/,2026-04-22T07:00:00.000000+00:00
Ashley Smith,Ashley,Smith,smithashley@homesmart.com,(334) 437-3447,Compass,Chattanooga,TN,Chattanooga,TN396085,TN,3,12,3840000,85,C,C,4.6,realtor_scraper,https://www.kw.com/agent,2026-04-22T07:00:00.000000+00:00
Barbara Howard,Barbara,Howard,barbara_howard@kw.com,(541) 762-5190,United Real Estate,Albuquerque,NM,Albuquerque,NM265208,NM,2,8,2200000,68,C,C,4.9,realtor_scraper,https://www.zillow.com/professionals/real-estate-agents/,2026-04-22T07:00:00.000000+00:00
Frank Gonzalez,Frank,Gonzalez,fgonzalez@homesmart.com,(212) 545-2630,Windermere Real Estate,Seattle,WA,Seattle,WA898338,WA,5,60,36000000,95,A,A,3.6,realtor_scraper,https://www.bhhs.com/real-estate-agents,2026-04-22T07:00:00.000000+00:00
Brenda Watson,Brenda,Watson,watson.b@sothebysrealty.com,(501) 810-8813,Coldwell Banker,Dallas,TX,Dallas,TX885517,TX,4,30,10500000,97,A,A,4.4,realtor_scraper,https://www.redfin.com/real-estate-agents,2026-04-22T07:00:00.000000+00:00
Steven Morales,Steven,Morales,smorales@hotmail.com,(865) 620-8831,HomeSmart,Pittsburgh,PA,Pittsburgh,PA342903,PA,12,15,4350000,83,B,B,3.3,realtor_scraper,https://www.zillow.com/professionals/real-estate-agents/,2026-04-22T07:00:00.000000+00:00
Dennis Cruz,Dennis,Cruz,cruzdennis@exp.com,(509) 370-2517,ERA Real Estate,Nashville,TN,Nashville,TN819327,TN,5,30,9600000,78,A,A,3.4,realtor_scraper,https://www.realtor.com/realestateagents/,2026-04-22T07:00:00.000000+00:00
Benjamin Lopez,Benjamin,Lopez,blopez@hotmail.com,(614) 218-1646,RE/MAX,San Francisco,CA,San Francisco,CA651903,CA,15,25,18750000,98,A,A,4.6,realtor_scraper,https://www.trulia.com/real-estate-agents/,2026-04-22T07:00:00.000000+00:00
Dorothy Hernandez,Dorothy,Hernandez,dorothyhernandez@kw.com,(213) 601-9108,Cushman & Wakefield,San Francisco,CA,San Francisco,CA348882,CA,15,16,12000000,76,A,A,3.7,realtor_scraper,https://www.bhhs.com/real-estate-agents,2026-04-22T07:00:00.000000+00:00
Pamela Morris,Pamela,Morris,pmorris@homesmart.com,(216) 625-1846,ERA Real Estate,Milwaukee,WI,Milwaukee,WI935818,WI,7,45,12375000,85,B,B,3.7,realtor_scraper,https://www.coldwellbanker.com/real-estate-agents,2026-04-22T07:00:00.000000+00:00
Brenda Williams,Brenda,Williams,brenda_williams@century21.com,(336) 901-1563,HomeSmart,San Jose,CA,San Jose,CA817075,CA,8,20,15000000,77,A,A,3.5,realtor_scraper,https://www.bhhs.com/real-estate-agents,2026-04-22T07:00:00.000000+00:00
Carol Chavez,Carol,Chavez,carol_chavez@compass.com,(408) 521-2143,Realty ONE Group,Bend,OR,Bend,OR301636,OR,4,3,1500000,62,C,C,3.0,realtor_scraper,https://www.realtor.com/realestateagents/,2026-04-22T07:00:00.000000+00:00
Elizabeth Gomez,Elizabeth,Gomez,gomez.e@century21.com,(520) 219-8220,Century 21,Boise,ID,Boise,ID599518,ID,1,8,3800000,69,C,C,4.6,realtor_scraper,https://www.trulia.com/real-estate-agents/,2026-04-22T07:00:00.000000+00:00
Donna Hill,Donna,Hill,donna.hill@hotmail.com,(575) 431-4202,Compass,Mobile,AL,Mobile,AL922986,AL,3,28,6160000,74,C,C,4.8,realtor_scraper,https://www.homes.com/real-estate-agents/,2026-04-22T07:00:00.000000+00:00
Matthew Cox,Matthew,Cox,matthew.cox@coldwellbanker.com,(313) 922-8217,CBRE,Houston,TX,Houston,TX717814,TX,2,12,4200000,78,A,A,3.1,realtor_scraper,https://www.kw.com/agent,2026-04-22T07:00:00.000000+00:00
Lisa Mitchell,Lisa,Mitchell,mitchell.l@kw.com,(816) 454-1081,Century 21,Seattle,WA,Seattle,WA326907,WA,5,20,12000000,74,A,A,3.4,realtor_scraper,https://www.movoto.com/real-estate-agents/,2026-04-22T07:00:00.000000+00:00
Angela Gomez,Angela,Gomez,agomez@outlook.com,(260) 242-6075,Corcoran Global Living,Little Rock,AR,Little Rock,AR571105,AR,6,28,5460000,90,C,C,3.3,realtor_scraper,https://www.remax.com/real-estate-agents,2026-04-22T07:00:00.000000+00:00
Sharon Harris,Sharon,Harris,sharonharris51@compass.com,(865) 379-1616,Keller Williams,San Francisco,CA,San Francisco,CA595836,CA,10,35,26250000,89,A,A,4.5,realtor_scraper,https://www.trulia.com/real-estate-agents/,2026-04-22T07:00:00.000000+00:00
Timothy Johnson,Timothy,Johnson,johnson.t@kw.com,(410) 383-6157,Coldwell Banker,Nashville,TN,Nashville,TN219889,TN,15,8,2560000,71,A,A,4.0,realtor_scraper,https://www.zillow.com/professionals/real-estate-agents/,2026-04-22T07:00:00.000000+00:00
Ashley Jones,Ashley,Jones,jones.a@realtor.com,(202) 968-1235,Realty ONE Group,Kansas City,MO,Kansas City,MO819819,MO,5,12,3120000,84,B,B,3.9,realtor_scraper,https://www.trulia.com/real-estate-agents/,2026-04-22T07:00:00.000000+00:00
Jerry Evans,Jerry,Evans,jerry_evans@compass.com,(505) 724-2446,Redfin,Phoenix,AZ,Phoenix,AZ849020,AZ,5,35,15750000,80,A,A,4.6,realtor_scraper,https://www.realtor.com/realestateagents/,2026-04-22T07:00:00.000000+00:00
Pamela Rogers,Pamela,Rogers,pamela.rogers@century21.com,(303) 986-5658,RE/MAX,Milwaukee,WI,Milwaukee,WI302674,WI,5,12,3300000,80,B,B,4.6,realtor_scraper,https://www.trulia.com/real-estate-agents/,2026-04-22T07:00:00.000000+00:00
Lisa Chavez,Lisa,Chavez,lchavez@aol.com,(775) 915-7016,Local Brokerage,San Jose,CA,San Jose,CA581562,CA,5,20,15000000,77,A,A,3.9,realtor_scraper,https://www.homes.com/real-estate-agents/,2026-04-22T07:00:00.000000+00:00
Kenneth Richardson,Kenneth,Richardson,kenneth_richardson@remax.com,(208) 731-3876,Windermere Real Estate,Seattle,WA,Seattle,WA509384,WA,15,25,15000000,96,A,A,4.0,realtor_scraper,https://www.kw.com/agent,2026-04-22T07:00:00.000000+00:00
Cynthia Jackson,Cynthia,Jackson,jacksoncynthia@coldwellbanker.com,(303) 345-4295,Compass,Greenville,SC,Greenville,SC619153,SC,3,3,870000,63,C,C,4.1,realtor_scraper,https://www.movoto.com/real-estate-agents/,2026-04-22T07:00:00.000000+00:00
Maria Nguyen,Maria,Nguyen,mnguyen@compass.com,(806) 616-5992,United Real Estate,Portland,OR,Portland,OR105173,OR,6,16,8000000,87,A,A,4.1,realtor_scraper,https://www.remax.com/real-estate-agents,2026-04-22T07:00:00.000000+00:00
Carol Adams,Carol,Adams,caroladams95@outlook.com,(216) 340-8067,Compass,Mobile,AL,Mobile,AL532925,AL,3,10,2200000,68,C,C,4.5,realtor_scraper,https://www.coldwellbanker.com/real-estate-agents,2026-04-22T07:00:00.000000+00:00
Frank Smith,Frank,Smith,franksmith54@kw.com,(402) 250-7728,JPMorgan Real Estate,Philadelphia,PA,Philadelphia,PA446424,PA,6,30,8700000,100,A,A,3.8,realtor_scraper,https://www.realtor.com/realestateagents/,2026-04-22T07:00:00.000000+00:00
Raymond Miller,Raymond,Miller,rmiller@compass.com,(202) 249-3593,Independent Agent,Greenville,SC,Greenville,SC175240,SC,2,6,1740000,65,C,C,3.1,realtor_scraper,https://www.trulia.com/real-estate-agents/,2026-04-22T07:00:00.000000+00:00
James Kelly,James,Kelly,kellyjames@gmail.com,(617) 834-1981,Zillow Premier Agent,Dallas,TX,Dallas,TX449407,TX,5,25,8750000,82,A,A,3.8,realtor_scraper,https://www.realtor.com/realestateagents/,2026-04-22T07:00:00.000000+00:00
Nicole Jimenez,Nicole,Jimenez,nicolejimenez@homesmart.com,(317) 449-9176,Coldwell Banker,Memphis,TN,Memphis,TN657956,TN,7,18,5760000,78,B,B,3.4,realtor_scraper,https://www.bhhs.com/real-estate-agents,2026-04-22T07:00:00.000000+00:00
Paul Hill,Paul,Hill,paul_hill@remax.com,(816) 551-4477,Better Homes and Gardens Real Estate,Seattle,WA,Seattle,WA853960,WA,6,30,18000000,100,A,A,3.3,realtor_scraper,https://www.zillow.com/professionals/real-estate-agents/,2026-04-22T07:00:00.000000+00:00
Emma Jackson,Emma,Jackson,jacksonemma@homesmart.com,(336) 897-3564,Windermere Real Estate,Little Rock,AR,Little Rock,AR157269,AR,3,6,1170000,71,C,C,3.0,realtor_scraper,https://www.bhhs.com/real-estate-agents,2026-04-22T07:00:00.000000+00:00
Jerry Wilson,Jerry,Wilson,jerrywilson49@yahoo.com,(312) 345-6898,Keller Williams,San Jose,CA,San Jose,CA257602,CA,7,12,9000000,73,A,A,4.0,realtor_scraper,https://www.coldwellbanker.com/real-estate-agents,2026-04-22T07:00:00.000000+00:00
Ronald Morgan,Ronald,Morgan,morgan.r@kw.com,(775) 807-6273,Windermere Real Estate,Los Angeles,CA,Los Angeles,CA785332,CA,12,25,18750000,94,A,A,4.8,realtor_scraper,https://www.movoto.com/real-estate-agents/,2026-04-22T07:00:00.000000+00:00
Jacob Walker,Jacob,Walker,jwalker@realtor.com,(513) 558-3993,RE/MAX,Los Angeles,CA,Los Angeles,CA864664,CA,5,40,30000000,74,A,A,3.9,realtor_scraper,https://www.kw.com/agent,2026-04-22T07:00:00.000000+00:00
Rachel Nelson,Rachel,Nelson,rachelnelson@yahoo.com,(312) 992-7857,Cushman & Wakefield,Reno,NV,Reno,NV431023,NV,5,10,4250000,73,C,C,4.6,realtor_scraper,https://www.remax.com/real-estate-agents,2026-04-22T07:00:00.000000+00:00
Karen Cruz,Karen,Cruz,karencruz42@aol.com,(479) 511-8231,HomeSmart,Lincoln,NE,Lincoln,NE901123,NE,1,15,3450000,73,C,C,4.7,realtor_scraper,https://www.redfin.com/real-estate-agents,2026-04-22T07:00:00.000000+00:00
Charles Parker,Charles,Parker,cparker@sothebysrealty.com,(713) 765-6059,Independent Agent,Phoenix,AZ,Phoenix,AZ988133,AZ,7,60,27000000,91,A,A,4.8,realtor_scraper,https://www.realtor.com/realestateagents/,2026-04-22T07:00:00.000000+00:00
Stephen Alvarez,Stephen,Alvarez,salvarez@kw.com,(334) 303-9767,JPMorgan Real Estate,San Diego,CA,San Diego,CA997692,CA,2,12,9000000,73,A,A,3.8,realtor_scraper,https://www.coldwellbanker.com/real-estate-agents,2026-04-22T07:00:00.000000+00:00
Andrew Howard,Andrew,Howard,andrew_howard@outlook.com,(912) 367-9793,Sotheby's International Realty,Nashville,TN,Nashville,TN342733,TN,7,25,8000000,88,A,A,4.6,realtor_scraper,https://www.movoto.com/real-estate-agents/,2026-04-22T07:00:00.000000+00:00
Samuel Green,Samuel,Green,samuelgreen@hotmail.com,(775) 962-7481,Marcus & Millichap,Sacramento,CA,Sacramento,CA981447,CA,4,8,6000000,76,B,B,4.5,realtor_scraper,https://www.remax.com/real-estate-agents,2026-04-22T07:00:00.000000+00:00
Scott Brown,Scott,Brown,brownscott@homesmart.com,(504) 438-6171,Weichert Realtors,Milwaukee,WI,Milwaukee,WI851796,WI,7,4,1100000,77,B,B,4.2,realtor_scraper,https://www.redfin.com/real-estate-agents,2026-04-22T07:00:00.000000+00:00
Carol Hernandez,Carol,Hernandez,hernandez.c@sothebysrealty.com,(402) 202-9850,Coldwell Banker,Portland,OR,Portland,OR541758,OR,6,35,17500000,86,A,A,3.5,realtor_scraper,https://www.homes.com/real-estate-agents/,2026-04-22T07:00:00.000000+00:00
Betty Roberts,Betty,Roberts,bettyroberts@gmail.com,(336) 459-8111,Compass,Miami,FL,Miami,FL176605,FL,3,25,10000000,81,A,A,4.5,realtor_scraper,https://www.redfin.com/real-estate-agents,2026-04-22T07:00:00.000000+00:00
Matthew Patel,Matthew,Patel,mpatel@hotmail.com,(865) 710-5139,eXp Realty,Pittsburgh,PA,Pittsburgh,PA538513,PA,4,8,2320000,65,B,B,3.4,realtor_scraper,https://www.trulia.com/real-estate-agents/,2026-04-22T07:00:00.000000+00:00
Eric Ross,Eric,Ross,ericross82@aol.com,(318) 592-6951,JLL,Dallas,TX,Dallas,TX804075,TX,3,12,4200000,69,A,A,3.8,realtor_scraper,https://www.kw.com/agent,2026-04-22T07:00:00.000000+00:00
Sandra Hill,Sandra,Hill,shill@homesmart.com,(215) 253-9682,Weichert Realtors,Charleston,SC,Charleston,SC332071,SC,3,15,4350000,89,C,C,4.1,realtor_scraper,https://www.coldwellbanker.com/real-estate-agents,2026-04-22T07:00:00.000000+00:00
Robert Perez,Robert,Perez,robert.perez@exp.com,(216) 916-4180,JPMorgan Real Estate,Chicago,IL,Chicago,IL984777,IL,8,16,4800000,94,A,A,3.9,realtor_scraper,https://www.trulia.com/real-estate-agents/,2026-04-22T07:00:00.000000+00:00
Raymond Anderson,Raymond,Anderson,andersonraymond@exp.com,(402) 477-1769,CBRE,Las Vegas,NV,Las Vegas,NV299290,NV,8,18,7650000,84,B,B,3.0,realtor_scraper,https://www.homes.com/real-estate-agents/,2026-04-22T07:00:00.000000+00:00
Kathleen Ruiz,Kathleen,Ruiz,kathleen.ruiz@outlook.com,(212) 879-5314,Better Homes and Gardens Real Estate,Los Angeles,CA,Los Angeles,CA339702,CA,8,8,6000000,69,A,A,3.2,realtor_scraper,https://www.redfin.com/real-estate-agents,2026-04-22T07:00:00.000000+00:00
Mark Hernandez,Mark,Hernandez,markhernandez@realtor.com,(515) 285-8801,United Real Estate,Phoenix,AZ,Phoenix,AZ656940,AZ,6,16,7200000,88,A,A,4.0,realtor_scraper,https://www.movoto.com/real-estate-agents/,2026-04-22T07:00:00.000000+00:00
Christopher Martinez,Christopher,Martinez,martinez.c@realtor.com,(408) 580-6560,Cushman & Wakefield,Philadelphia,PA,Philadelphia,PA396440,PA,4,30,8700000,76,A,A,3.4,realtor_scraper,https://www.zillow.com/professionals/real-estate-agents/,2026-04-22T07:00:00.000000+00:00
Ashley Richardson,Ashley,Richardson,ashley.richardson@yahoo.com,(318) 740-4656,ERA Real Estate,Los Angeles,CA,Los Angeles,CA946263,CA,10,16,12000000,97,A,A,3.2,realtor_scraper,https://www.bhhs.com/real-estate-agents,2026-04-22T07:00:00.000000+00:00
Jennifer Williams,Jennifer,Williams,williamsjennifer@weichert.com,(970) 962-9198,eXp Realty,Tucson,AZ,Tucson,AZ982789,AZ,6,10,4500000,90,B,B,4.3,realtor_scraper,https://www.trulia.com/real-estate-agents/,2026-04-22T07:00:00.000000+00:00
Ruth Taylor,Ruth,Taylor,rtaylor@exp.com,(319) 366-6915,Compass,Omaha,NE,Omaha,NE495998,NE,2,28,6440000,80,B,B,4.5,realtor_scraper,https://www.zillow.com/professionals/real-estate-agents/,2026-04-22T07:00:00.000000+00:00
Linda Edwards,Linda,Edwards,edwards.l@exp.com,(412) 698-8999,Compass,Riverside,CA,Riverside,CA107767,CA,5,45,33750000,93,B,B,4.5,realtor_scraper,https://www.realtor.com/realestateagents/,2026-04-22T07:00:00.000000+00:00
Brenda Collins,Brenda,Collins,brenda_collins@compass.com,(716) 965-7072,United Real Estate,Cincinnati,OH,Cincinnati,OH502223,OH,3,12,3000000,66,B,B,4.4,realtor_scraper,https://www.homes.com/real-estate-agents/,2026-04-22T07:00:00.000000+00:00
Jennifer Wilson,Jennifer,Wilson,wilsonjennifer@compass.com,(305) 794-7703,Corcoran Global Living,Denver,CO,Denver,CO981594,CO,5,30,16500000,97,A,A,5.0,realtor_scraper,https://www.trulia.com/real-estate-agents/,2026-04-22T07:00:00.000000+00:00
Karen Wilson,Karen,Wilson,karenwilson56@kw.com,(336) 477-2480,United Real Estate,Seattle,WA,Seattle,WA646398,WA,5,50,30000000,92,A,A,4.9,realtor_scraper,https://www.coldwellbanker.com/real-estate-agents,2026-04-22T07:00:00.000000+00:00
Jason Wright,Jason,Wright,jwright@remax.com,(608) 549-6036,JLL,Phoenix,AZ,Phoenix,AZ252680,AZ,2,35,15750000,89,A,A,3.5,realtor_scraper,https://www.movoto.com/real-estate-agents/,2026-04-22T07:00:00.000000+00:00
William Lewis,William,Lewis,wlewis@gmail.com,(216) 858-2194,Better Homes and Gardens Real Estate,New York,NY,New York,NY888266,NY,10,20,17000000,97,A,A,4.0,realtor_scraper,https://www.trulia.com/real-estate-agents/,2026-04-22T07:00:00.000000+00:00
Rachel Cooper,Rachel,Cooper,rachelcooper75@kw.com,(504) 597-5157,Zillow Premier Agent,Seattle,WA,Seattle,WA157930,WA,2,40,24000000,98,A,A,3.1,realtor_scraper,https://www.bhhs.com/real-estate-agents,2026-04-22T07:00:00.000000+00:00
Ruth Lopez,Ruth,Lopez,ruthlopez@yahoo.com,(813) 524-9050,eXp Realty,Seattle,WA,Seattle,WA524125,WA,4,12,7200000,71,A,A,4.3,realtor_scraper,https://www.movoto.com/real-estate-agents/,2026-04-22T07:00:00.000000+00:00
Joseph Lopez,Joseph,Lopez,joseph_lopez@outlook.com,(212) 388-2170,JPMorgan Real Estate,Denver,CO,Denver,CO876577,CO,7,30,16500000,95,A,A,4.9,realtor_scraper,https://www.movoto.com/real-estate-agents/,2026-04-22T07:00:00.000000+00:00
Joseph Young,Joseph,Young,josephyoung@homesmart.com,(408) 851-7374,Sotheby's International Realty,Denver,CO,Denver,CO220596,CO,12,30,16500000,87,A,A,4.6,realtor_scraper,https://www.kw.com/agent,2026-04-22T07:00:00.000000+00:00
Brian Torres,Brian,Torres,brian.torres@exp.com,(541) 258-4895,JPMorgan Real Estate,Savannah,GA,Savannah,GA867226,GA,5,3,975000,68,C,C,4.9,realtor_scraper,https://www.redfin.com/real-estate-agents,2026-04-22T07:00:00.000000+00:00
Maria Martinez,Maria,Martinez,mariamartinez54@hotmail.com,(251) 682-6720,eXp Realty,Buffalo,NY,Buffalo,NY589351,NY,10,28,23800000,75,B,B,3.2,realtor_scraper,https://www.remax.com/real-estate-agents,2026-04-22T07:00:00.000000+00:00
Maria Johnson,Maria,Johnson,maria_johnson@homesmart.com,(806) 300-6186,Marcus & Millichap,Indianapolis,IN,Indianapolis,IN302187,IN,5,15,3600000,70,B,B,3.7,realtor_scraper,https://www.trulia.com/real-estate-agents/,2026-04-22T07:00:00.000000+00:00
Kenneth Anderson,Kenneth,Anderson,kanderson@coldwellbanker.com,(502) 359-6533,Realty ONE Group,Washington,DC,Washington,DC609133,DC,5,12,8400000,84,A,A,3.8,realtor_scraper,https://www.movoto.com/real-estate-agents/,2026-04-22T07:00:00.000000+00:00
Justin Gonzalez,Justin,Gonzalez,justingonzalez@kw.com,(402) 986-1206,CBRE,San Francisco,CA,San Francisco,CA939131,CA,6,12,9000000,90,A,A,4.7,realtor_scraper,https://www.kw.com/agent,2026-04-22T07:00:00.000000+00:00
Amanda Hill,Amanda,Hill,ahill@remax.com,(509) 975-8261,Zillow Premier Agent,Atlanta,GA,Atlanta,GA387032,GA,4,35,11375000,88,A,A,4.2,realtor_scraper,https://www.coldwellbanker.com/real-estate-agents,2026-04-22T07:00:00.000000+00:00
Frank Jackson,Frank,Jackson,frankjackson46@exp.com,(314) 984-1062,Zillow Premier Agent,Atlanta,GA,Atlanta,GA477735,GA,3,60,19500000,87,A,A,3.3,realtor_scraper,https://www.realtor.com/realestateagents/,2026-04-22T07:00:00.000000+00:00
Elizabeth Morales,Elizabeth,Morales,morales.e@coldwellbanker.com,(801) 888-4880,United Real Estate,Boston,MA,Boston,MA594941,MA,3,16,10400000,83,A,A,3.6,realtor_scraper,https://www.zillow.com/professionals/real-estate-agents/,2026-04-22T07:00:00.000000+00:00
Paul Roberts,Paul,Roberts,robertspaul@outlook.com,(313) 640-9320,Local Brokerage,Fort Wayne,IN,Fort Wayne,IN376717,IN,2,12,2880000,70,C,C,3.1,realtor_scraper,https://www.realtor.com/realestateagents/,2026-04-22T07:00:00.000000+00:00
Steven Castillo,Steven,Castillo,castillosteven@kw.com,(317) 286-2370,Better Homes and Gardens Real Estate,Washington,DC,Washington,DC979570,DC,5,30,21000000,95,A,A,4.3,realtor_scraper,https://www.realtor.com/realestateagents/,2026-04-22T07:00:00.000000+00:00
Kevin White,Kevin,White,whitekevin@outlook.com,(414) 746-7935,Local Brokerage,Charleston,SC,Charleston,SC824894,SC,4,6,1740000,81,C,C,4.7,realtor_scraper,https://www.realtor.com/realestateagents/,2026-04-22T07:00:00.000000+00:00
Scott Evans,Scott,Evans,scottevans@hotmail.com,(208) 990-6772,Realty ONE Group,Charleston,SC,Charleston,SC924740,SC,3,8,2320000,67,C,C,4.6,realtor_scraper,https://www.remax.com/real-estate-agents,2026-04-22T07:00:00.000000+00:00
Margaret Wilson,Margaret,Wilson,margaretwilson@exp.com,(559) 668-1047,Keller Williams,Austin,TX,Austin,TX190611,TX,8,25,8750000,92,A,A,4.6,realtor_scraper,https://www.remax.com/real-estate-agents,2026-04-22T07:00:00.000000+00:00
Jack Garcia,Jack,Garcia,jack.garcia@aol.com,(405) 488-2878,eXp Realty,Raleigh,NC,Raleigh,NC458900,NC,8,10,3100000,72,B,B,3.6,realtor_scraper,https://www.remax.com/real-estate-agents,2026-04-22T07:00:00.000000+00:00
Eric Edwards,Eric,Edwards,edwardseric@hotmail.com,(559) 487-2370,RE/MAX,Cedar Rapids,IA,Cedar Rapids,IA682742,IA,3,6,1230000,85,C,C,4.2,realtor_scraper,https://www.remax.com/real-estate-agents,2026-04-22T07:00:00.000000+00:00
Carolyn Lopez,Carolyn,Lopez,carolynlopez87@homesmart.com,(412) 850-4966,Sotheby's International Realty,Dallas,TX,Dallas,TX290516,TX,5,20,7000000,79,A,A,3.5,realtor_scraper,https://www.kw.com/agent,2026-04-22T07:00:00.000000+00:00
Sandra Watson,Sandra,Watson,swatson@weichert.com,(216) 306-8256,Better Homes and Gardens Real Estate,Milwaukee,WI,Milwaukee,WI334298,WI,2,12,3300000,80,B,B,3.5,realtor_scraper,https://www.trulia.com/real-estate-agents/,2026-04-22T07:00:00.000000+00:00
Anthony Carter,Anthony,Carter,anthonycarter91@weichert.com,(303) 250-9817,Compass,Columbus,OH,Columbus,OH809852,OH,8,12,3000000,68,B,B,4.0,realtor_scraper,https://www.kw.com/agent,2026-04-22T07:00:00.000000+00:00
Benjamin Ramos,Benjamin,Ramos,benjamin_ramos@exp.com,(251) 645-5676,Century 21,Dallas,TX,Dallas,TX244778,TX,5,35,12250000,95,A,A,3.7,realtor_scraper,https://www.homes.com/real-estate-agents/,2026-04-22T07:00:00.000000+00:00
Amy Martin,Amy,Martin,martin.a@exp.com,(319) 949-7972,Berkshire Hathaway HomeServices,Denver,CO,Denver,CO240800,CO,7,12,6600000,83,A,A,4.1,realtor_scraper,https://www.coldwellbanker.com/real-estate-agents,2026-04-22T07:00:00.000000+00:00
Brian Reed,Brian,Reed,brianreed@aol.com,(214) 795-1612,Berkshire Hathaway HomeServices,Las Vegas,NV,Las Vegas,NV323181,NV,3,15,6375000,83,B,B,3.5,realtor_scraper,https://www.remax.com/real-estate-agents,2026-04-22T07:00:00.000000+00:00
David Foster,David,Foster,fosterdavid@coldwellbanker.com,(202) 593-9680,JPMorgan Real Estate,Cedar Rapids,IA,Cedar Rapids,IA647359,IA,2,12,2460000,72,C,C,3.4,realtor_scraper,https://www.realtor.com/realestateagents/,2026-04-22T07:00:00.000000+00:00
Nicholas Miller,Nicholas,Miller,nicholasmiller@gmail.com,(260) 481-7348,Redfin,Boise,ID,Boise,ID459157,ID,5,8,3800000,72,C,C,4.0,realtor_scraper,https://www.remax.com/real-estate-agents,2026-04-22T07:00:00.000000+00:00
Richard Taylor,Richard,Taylor,richardtaylor@gmail.com,(215) 920-2636,RE/MAX,Houston,TX,Houston,TX820784,TX,4,30,10500000,90,A,A,4.5,realtor_scraper,https://www.redfin.com/real-estate-agents,2026-04-22T07:00:00.000000+00:00
Carol Foster,Carol,Foster,carolfoster53@kw.com,(919) 601-7690,JLL,Sacramento,CA,Sacramento,CA966773,CA,3,15,11250000,66,B,B,4.4,realtor_scraper,https://www.remax.com/real-estate-agents,2026-04-22T07:00:00.000000+00:00
Deborah Hill,Deborah,Hill,hill.d@weichert.com,(912) 866-4537,CBRE,Fayetteville,AR,Fayetteville,AR122824,AR,3,12,2340000,68,C,C,3.9,realtor_scraper,https://www.zillow.com/professionals/real-estate-agents/,2026-04-22T07:00:00.000000+00:00
Nicole Ross,Nicole,Ross,nross@coldwellbanker.com,(520) 958-3940,Weichert Realtors,Albuquerque,NM,Albuquerque,NM262696,NM,3,6,1650000,80,C,C,4.1,realtor_scraper,https://www.bhhs.com/real-estate-agents,2026-04-22T07:00:00.000000+00:00
Debra Thompson,Debra,Thompson,debrathompson17@compass.com,(501) 269-6845,Better Homes and Gardens Real Estate,San Jose,CA,San Jose,CA953799,CA,4,30,22500000,73,A,A,3.1,realtor_scraper,https://www.coldwellbanker.com/real-estate-agents,2026-04-22T07:00:00.000000+00:00
Elizabeth Walker,Elizabeth,Walker,elizabethwalker@century21.com,(916) 942-9862,JPMorgan Real Estate,Philadelphia,PA,Philadelphia,PA603647,PA,15,30,8700000,100,A,A,4.9,realtor_scraper,https://www.movoto.com/real-estate-agents/,2026-04-22T07:00:00.000000+00:00
George Moore,George,Moore,mooregeorge@sothebysrealty.com,(405) 856-3941,United Real Estate,Memphis,TN,Memphis,TN325343,TN,6,12,3840000,81,B,B,4.2,realtor_scraper,https://www.trulia.com/real-estate-agents/,2026-04-22T07:00:00.000000+00:00
Ashley Lewis,Ashley,Lewis,ashleylewis36@hotmail.com,(919) 333-8826,Century 21,Montgomery,AL,Montgomery,AL639126,AL,5,8,1760000,83,C,C,4.5,realtor_scraper,https://www.remax.com/real-estate-agents,2026-04-22T07:00:00.000000+00:00
Barbara Bailey,Barbara,Bailey,barbara_bailey@gmail.com,(585) 352-1490,Weichert Realtors,Fort Wayne,IN,Fort Wayne,IN975856,IN,1,15,3600000,77,C,C,4.8,realtor_scraper,https://www.bhhs.com/real-estate-agents,2026-04-22T07:00:00.000000+00:00
Sharon Campbell,Sharon,Campbell,sharoncampbell@exp.com,(312) 356-3555,CBRE,San Jose,CA,San Jose,CA508190,CA,6,25,18750000,93,A,A,3.0,realtor_scraper,https://www.realtor.com/realestateagents/,2026-04-22T07:00:00.000000+00:00
Amanda Scott,Amanda,Scott,amandascott92@compass.com,(215) 643-2525,United Real Estate,Pittsburgh,PA,Pittsburgh,PA878302,PA,4,22,6380000,94,B,B,3.9,realtor_scraper,https://www.kw.com/agent,2026-04-22T07:00:00.000000+00:00
Amy Richardson,Amy,Richardson,amy_richardson@outlook.com,(575) 282-3461,CBRE,Cleveland,OH,Cleveland,OH594997,OH,3,22,5500000,71,B,B,5.0,realtor_scraper,https://www.realtor.com/realestateagents/,2026-04-22T07:00:00.000000+00:00
Susan Jones,Susan,Jones,jonessusan@century21.com,(205) 729-1273,Better Homes and Gardens Real Estate,Montgomery,AL,Montgomery,AL961432,AL,5,10,2200000,62,C,C,4.2,realtor_scraper,https://www.remax.com/real-estate-agents,2026-04-22T07:00:00.000000+00:00
Edward Lewis,Edward,Lewis,lewis.e@aol.com,(850) 787-8371,Berkshire Hathaway HomeServices,Atlanta,GA,Atlanta,GA829315,GA,8,30,9750000,86,A,A,3.9,realtor_scraper,https://www.zillow.com/professionals/real-estate-agents/,2026-04-22T07:00:00.000000+00:00
Edward King,Edward,King,eking@aol.com,(251) 487-8810,JLL,Riverside,CA,Riverside,CA890981,CA,3,22,16500000,84,B,B,3.6,realtor_scraper,https://www.realtor.com/realestateagents/,2026-04-22T07:00:00.000000+00:00
Scott Miller,Scott,Miller,scott.miller@sothebysrealty.com,(916) 839-3593,Keller Williams,Kansas City,MO,Kansas City,MO218458,MO,10,10,2600000,81,B,B,3.5,realtor_scraper,https://www.kw.com/agent,2026-04-22T07:00:00.000000+00:00
Pamela Mendoza,Pamela,Mendoza,pamelamendoza72@remax.com,(509) 525-9784,eXp Realty,Atlanta,GA,Atlanta,GA444272,GA,10,25,8125000,98,A,A,3.8,realtor_scraper,https://www.remax.com/real-estate-agents,2026-04-22T07:00:00.000000+00:00
Brandon Martin,Brandon,Martin,brandonmartin@exp.com,(210) 469-6409,Century 21,Charlotte,NC,Charlotte,NC170725,NC,4,8,2480000,70,B,B,4.4,realtor_scraper,https://www.realtor.com/realestateagents/,2026-04-22T07:00:00.000000+00:00
Raymond Rogers,Raymond,Rogers,rogersraymond@homesmart.com,(402) 855-8975,Corcoran Global Living,Indianapolis,IN,Indianapolis,IN393217,IN,8,4,960000,71,B,B,3.8,realtor_scraper,https://www.homes.com/real-estate-agents/,2026-04-22T07:00:00.000000+00:00
Amanda Sanders,Amanda,Sanders,amanda.sanders@outlook.com,(901) 711-5998,Compass,Kansas City,MO,Kansas City,MO684439,MO,12,12,3120000,72,B,B,3.0,realtor_scraper,https://www.trulia.com/real-estate-agents/,2026-04-22T07:00:00.000000+00:00
Michelle Scott,Michelle,Scott,michelle.scott@weichert.com,(559) 841-9273,JLL,Fort Collins,CO,Fort Collins,CO748095,CO,2,15,8250000,85,C,C,3.5,realtor_scraper,https://www.realtor.com/realestateagents/,2026-04-22T07:00:00.000000+00:00
Debra King,Debra,King,debra.king@yahoo.com,(813) 283-5912,JPMorgan Real Estate,Austin,TX,Austin,TX701741,TX,10,8,2800000,84,A,A,4.3,realtor_scraper,https://www.homes.com/real-estate-agents/,2026-04-22T07:00:00.000000+00:00
Gary Harris,Gary,Harris,harrisgary@gmail.com,(318) 237-4039,Berkshire Hathaway HomeServices,Memphis,TN,Memphis,TN678832,TN,3,35,11200000,74,B,B,3.4,realtor_scraper,https://www.redfin.com/real-estate-agents,2026-04-22T07:00:00.000000+00:00
Jonathan Hall,Jonathan,Hall,jonathan_hall@century21.com,(512) 727-6499,Better Homes and Gardens Real Estate,Kansas City,MO,Kansas City,MO957232,MO,1,12,3120000,61,B,B,3.5,realtor_scraper,https://www.coldwellbanker.com/real-estate-agents,2026-04-22T07:00:00.000000+00:00
Steven Lewis,Steven,Lewis,steven_lewis@exp.com,(801) 528-3457,JLL,Kansas City,MO,Kansas City,MO654229,MO,2,8,2080000,82,B,B,3.5,realtor_scraper,https://www.coldwellbanker.com/real-estate-agents,2026-04-22T07:00:00.000000+00:00
John Gomez,John,Gomez,johngomez74@aol.com,(843) 392-3777,JPMorgan Real Estate,Los Angeles,CA,Los Angeles,CA111231,CA,2,20,15000000,68,A,A,3.5,realtor_scraper,https://www.trulia.com/real-estate-agents/,2026-04-22T07:00:00.000000+00:00
Jeffrey Brown,Jeffrey,Brown,brownjeffrey@remax.com,(585) 241-9272,Local Brokerage,Atlanta,GA,Atlanta,GA239833,GA,6,30,9750000,84,A,A,4.8,realtor_scraper,https://www.trulia.com/real-estate-agents/,2026-04-22T07:00:00.000000+00:00
Mark Cruz,Mark,Cruz,cruz.m@realtor.com,(865) 309-7255,Sotheby's International Realty,Los Angeles,CA,Los Angeles,CA939193,CA,5,16,12000000,90,A,A,4.4,realtor_scraper,https://www.movoto.com/real-estate-agents/,2026-04-22T07:00:00.000000+00:00
Laura Kim,Laura,Kim,laura_kim@realtor.com,(512) 759-2814,eXp Realty,Portland,OR,Portland,OR367667,OR,2,12,6000000,81,A,A,3.7,realtor_scraper,https://www.coldwellbanker.com/real-estate-agents,2026-04-22T07:00:00.000000+00:00
Donna Smith,Donna,Smith,donna_smith@aol.com,(801) 516-9911,eXp Realty,Shreveport,LA,Shreveport,LA737245,LA,7,6,1380000,83,C,C,3.9,realtor_scraper,https://www.kw.com/agent,2026-04-22T07:00:00.000000+00:00
Elizabeth Phillips,Elizabeth,Phillips,phillipselizabeth@gmail.com,(512) 835-7862,Corcoran Global Living,Rochester,NY,Rochester,NY957327,NY,6,15,12750000,76,B,B,4.6,realtor_scraper,https://www.coldwellbanker.com/real-estate-agents,2026-04-22T07:00:00.000000+00:00
Christopher Carter,Christopher,Carter,christophercarter41@hotmail.com,(813) 998-4642,Century 21,Denver,CO,Denver,CO863702,CO,10,40,22000000,94,A,A,3.7,realtor_scraper,https://www.homes.com/real-estate-agents/,2026-04-22T07:00:00.000000+00:00
Michael Jackson,Michael,Jackson,michaeljackson@homesmart.com,(404) 992-8106,JPMorgan Real Estate,Provo,UT,Provo,UT233124,UT,6,6,3000000,85,C,C,3.7,realtor_scraper,https://www.remax.com/real-estate-agents,2026-04-22T07:00:00.000000+00:00
Raymond Alvarez,Raymond,Alvarez,alvarez.r@coldwellbanker.com,(407) 325-2993,Better Homes and Gardens Real Estate,Salt Lake City,UT,Salt Lake City,UT413015,UT,5,4,2000000,66,B,B,3.7,realtor_scraper,https://www.coldwellbanker.com/real-estate-agents,2026-04-22T07:00:00.000000+00:00
Rachel Ramos,Rachel,Ramos,ramos.r@sothebysrealty.com,(702) 237-1730,Windermere Real Estate,Madison,WI,Madison,WI314428,WI,4,3,825000,84,C,C,3.1,realtor_scraper,https://www.remax.com/real-estate-agents,2026-04-22T07:00:00.000000+00:00
Kimberly Richardson,Kimberly,Richardson,krichardson@remax.com,(336) 396-1700,Redfin,Atlanta,GA,Atlanta,GA899053,GA,4,25,8125000,95,A,A,3.9,realtor_scraper,https://www.remax.com/real-estate-agents,2026-04-22T07:00:00.000000+00:00
Joseph Lopez,Joseph,Lopez,joseph.lopez@realtor.com,(602) 202-1044,Berkshire Hathaway HomeServices,Jackson,MS,Jackson,MS171618,MS,2,10,1800000,79,C,C,3.0,realtor_scraper,https://www.remax.com/real-estate-agents,2026-04-22T07:00:00.000000+00:00
Gregory Cooper,Gregory,Cooper,coopergregory@remax.com,(541) 508-4401,Windermere Real Estate,Reno,NV,Reno,NV864714,NV,1,6,2550000,78,C,C,4.2,realtor_scraper,https://www.remax.com/real-estate-agents,2026-04-22T07:00:00.000000+00:00
Emily Rodriguez,Emily,Rodriguez,emilyrodriguez@century21.com,(916) 816-9683,Realty ONE Group,Cincinnati,OH,Cincinnati,OH319909,OH,3,8,2000000,84,B,B,3.2,realtor_scraper,https://www.realtor.com/realestateagents/,2026-04-22T07:00:00.000000+00:00
Nicholas Turner,Nicholas,Turner,nicholas_turner@sothebysrealty.com,(214) 580-6864,eXp Realty,Charlotte,NC,Charlotte,NC440423,NC,1,10,3100000,74,B,B,3.7,realtor_scraper,https://www.trulia.com/real-estate-agents/,2026-04-22T07:00:00.000000+00:00
James Jimenez,James,Jimenez,jjimenez@coldwellbanker.com,(336) 838-7945,Corcoran Global Living,Oklahoma City,OK,Oklahoma City,OK299490,OK,6,12,2520000,65,B,B,4.2,realtor_scraper,https://www.bhhs.com/real-estate-agents,2026-04-22T07:00:00.000000+00:00
Patricia Bennett,Patricia,Bennett,pbennett@weichert.com,(865) 768-7088,Marcus & Millichap,Provo,UT,Provo,UT569277,UT,3,6,3000000,82,C,C,3.2,realtor_scraper,https://www.realtor.com/realestateagents/,2026-04-22T07:00:00.000000+00:00
Ryan Richardson,Ryan,Richardson,ryan.richardson@kw.com,(702) 405-2069,RE/MAX,Charlotte,NC,Charlotte,NC190500,NC,8,8,2480000,68,B,B,3.3,realtor_scraper,https://www.redfin.com/real-estate-agents,2026-04-22T07:00:00.000000+00:00
Samuel Stewart,Samuel,Stewart,stewart.s@exp.com,(713) 854-9728,Corcoran Global Living,New York,NY,New York,NY381675,NY,15,16,13600000,73,A,A,4.3,realtor_scraper,https://www.remax.com/real-estate-agents,2026-04-22T07:00:00.000000+00:00
Donna Patel,Donna,Patel,patel.d@aol.com,(702) 339-4704,Cushman & Wakefield,New York,NY,New York,NY734467,NY,15,50,42500000,100,A,A,4.4,realtor_scraper,https://www.realtor.com/realestateagents/,2026-04-22T07:00:00.000000+00:00
Debra Brooks,Debra,Brooks,debra_brooks@coldwellbanker.com,(502) 421-9462,Compass,St. Louis,MO,St. Louis,MO465210,MO,7,10,2600000,83,B,B,4.0,realtor_scraper,https://www.redfin.com/real-estate-agents,2026-04-22T07:00:00.000000+00:00
William Ramirez,William,Ramirez,william.ramirez@exp.com,(612) 641-3718,United Real Estate,Boston,MA,Boston,MA717807,MA,5,20,13000000,80,A,A,4.5,realtor_scraper,https://www.zillow.com/professionals/real-estate-agents/,2026-04-22T07:00:00.000000+00:00
Elizabeth Hall,Elizabeth,Hall,elizabethhall@kw.com,(559) 751-2632,eXp Realty,Dallas,TX,Dallas,TX203703,TX,8,25,8750000,85,A,A,3.8,realtor_scraper,https://www.coldwellbanker.com/real-estate-agents,2026-04-22T07:00:00.000000+00:00
Ashley Campbell,Ashley,Campbell,campbellashley@outlook.com,(619) 354-3609,CBRE,Dallas,TX,Dallas,TX337954,TX,6,60,21000000,87,A,A,4.5,realtor_scraper,https://www.bhhs.com/real-estate-agents,2026-04-22T07:00:00.000000+00:00
Ronald Parker,Ronald,Parker,parker.r@outlook.com,(864) 477-7161,Redfin,San Jose,CA,San Jose,CA873387,CA,7,12,9000000,77,A,A,4.5,realtor_scraper,https://www.trulia.com/real-estate-agents/,2026-04-22T07:00:00.000000+00:00
Kimberly Ramos,Kimberly,Ramos,ramos.k@outlook.com,(865) 776-5220,Keller Williams,San Diego,CA,San Diego,CA165340,CA,8,60,45000000,93,A,A,4.7,realtor_scraper,https://www.trulia.com/real-estate-agents/,2026-04-22T07:00:00.000000+00:00
Helen Williams,Helen,Williams,williams.h@yahoo.com,(559) 887-2081,Berkshire Hathaway HomeServices,Salt Lake City,UT,Salt Lake City,UT675864,UT,3,15,7500000,75,B,B,4.9,realtor_scraper,https://www.zillow.com/professionals/real-estate-agents/,2026-04-22T07:00:00.000000+00:00
Kimberly Garcia,Kimberly,Garcia,kimberly.garcia@sothebysrealty.com,(404) 862-7247,Zillow Premier Agent,Seattle,WA,Seattle,WA973017,WA,6,25,15000000,83,A,A,4.5,realtor_scraper,https://www.zillow.com/professionals/real-estate-agents/,2026-04-22T07:00:00.000000+00:00
Katherine Brooks,Katherine,Brooks,katherine_brooks@kw.com,(202) 933-2144,JPMorgan Real Estate,Minneapolis,MN,Minneapolis,MN873352,MN,5,16,5600000,82,A,A,3.1,realtor_scraper,https://www.kw.com/agent,2026-04-22T07:00:00.000000+00:00
Maria Mendoza,Maria,Mendoza,mariamendoza@yahoo.com,(505) 869-1244,Cushman & Wakefield,Tucson,AZ,Tucson,AZ450368,AZ,4,18,8100000,72,B,B,3.6,realtor_scraper,https://www.remax.com/real-estate-agents,2026-04-22T07:00:00.000000+00:00
Joshua Martinez,Joshua,Martinez,martinez.j@sothebysrealty.com,(317) 408-2391,Local Brokerage,Fayetteville,AR,Fayetteville,AR828657,AR,8,8,1560000,70,C,C,4.3,realtor_scraper,https://www.zillow.com/professionals/real-estate-agents/,2026-04-22T07:00:00.000000+00:00
George Wright,George,Wright,georgewright@century21.com,(612) 873-7194,ERA Real Estate,Portland,OR,Portland,OR262251,OR,7,16,8000000,84,A,A,3.8,realtor_scraper,https://www.coldwellbanker.com/real-estate-agents,2026-04-22T07:00:00.000000+00:00
Frank Lewis,Frank,Lewis,flewis@outlook.com,(404) 697-3249,RE/MAX,Rochester,NY,Rochester,NY508973,NY,4,18,15300000,83,B,B,4.7,realtor_scraper,https://www.bhhs.com/real-estate-agents,2026-04-22T07:00:00.000000+00:00
Amanda Reyes,Amanda,Reyes,amandareyes26@gmail.com,(864) 413-8771,Local Brokerage,Nashville,TN,Nashville,TN125602,TN,6,16,5120000,90,A,A,4.4,realtor_scraper,https://www.homes.com/real-estate-agents/,2026-04-22T07:00:00.000000+00:00
Daniel Edwards,Daniel,Edwards,daniel_edwards@realtor.com,(520) 350-8051,Better Homes and Gardens Real Estate,Spokane,WA,Spokane,WA337878,WA,1,12,7200000,70,C,C,3.4,realtor_scraper,https://www.homes.com/real-estate-agents/,2026-04-22T07:00:00.000000+00:00
Eric Sanchez,Eric,Sanchez,ericsanchez@homesmart.com,(314) 799-9032,Windermere Real Estate,Orlando,FL,Orlando,FL698421,FL,2,8,3200000,60,B,B,4.2,realtor_scraper,https://www.redfin.com/real-estate-agents,2026-04-22T07:00:00.000000+00:00
Michelle Brooks,Michelle,Brooks,brooks.m@century21.com,(213) 744-4437,eXp Realty,Kansas City,MO,Kansas City,MO628321,MO,6,10,2600000,76,B,B,4.3,realtor_scraper,https://www.homes.com/real-estate-agents/,2026-04-22T07:00:00.000000+00:00
Richard Scott,Richard,Scott,scott.r@exp.com,(602) 579-5558,Zillow Premier Agent,Raleigh,NC,Raleigh,NC379886,NC,4,18,5580000,66,B,B,4.2,realtor_scraper,https://www.bhhs.com/real-estate-agents,2026-04-22T07:00:00.000000+00:00
Susan Peterson,Susan,Peterson,speterson@hotmail.com,(404) 497-7267,Windermere Real Estate,Mobile,AL,Mobile,AL983815,AL,6,10,2200000,72,C,C,4.6,realtor_scraper,https://www.realtor.com/realestateagents/,2026-04-22T07:00:00.000000+00:00
Angela Scott,Angela,Scott,scottangela@homesmart.com,(213) 989-1749,Corcoran Global Living,Los Angeles,CA,Los Angeles,CA112331,CA,15,16,12000000,87,A,A,4.4,realtor_scraper,https://www.coldwellbanker.com/real-estate-agents,2026-04-22T07:00:00.000000+00:00
Barbara Morris,Barbara,Morris,morris.b@weichert.com,(408) 393-1525,United Real Estate,Fayetteville,AR,Fayetteville,AR542986,AR,4,20,3900000,67,C,C,4.5,realtor_scraper,https://www.remax.com/real-estate-agents,2026-04-22T07:00:00.000000+00:00
George Anderson,George,Anderson,georgeanderson@realtor.com,(260) 976-8887,ERA Real Estate,Las Vegas,NV,Las Vegas,NV311742,NV,1,4,1700000,82,B,B,3.4,realtor_scraper,https://www.realtor.com/realestateagents/,2026-04-22T07:00:00.000000+00:00
Angela Williams,Angela,Williams,angelawilliams@remax.com,(423) 213-3106,Better Homes and Gardens Real Estate,Provo,UT,Provo,UT153645,UT,7,28,14000000,84,C,C,3.4,realtor_scraper,https://www.trulia.com/real-estate-agents/,2026-04-22T07:00:00.000000+00:00
Nicole Martinez,Nicole,Martinez,nicolemartinez40@remax.com,(334) 338-4025,Cushman & Wakefield,Greenville,SC,Greenville,SC396920,SC,7,12,3480000,81,C,C,4.0,realtor_scraper,https://www.trulia.com/real-estate-agents/,2026-04-22T07:00:00.000000+00:00
Samuel Morgan,Samuel,Morgan,morgansamuel@coldwellbanker.com,(559) 376-6337,Zillow Premier Agent,Houston,TX,Houston,TX736116,TX,6,16,5600000,76,A,A,3.5,realtor_scraper,https://www.bhhs.com/real-estate-agents,2026-04-22T07:00:00.000000+00:00
Jason Martinez,Jason,Martinez,martinez.j@weichert.com,(801) 288-3406,Redfin,Boise,ID,Boise,ID825033,ID,3,8,3800000,66,C,C,4.7,realtor_scraper,https://www.trulia.com/real-estate-agents/,2026-04-22T07:00:00.000000+00:00
Stephanie Cooper,Stephanie,Cooper,stephanie_cooper@outlook.com,(260) 707-4787,Zillow Premier Agent,Cincinnati,OH,Cincinnati,OH384318,OH,6,35,8750000,96,B,B,4.2,realtor_scraper,https://www.trulia.com/real-estate-agents/,2026-04-22T07:00:00.000000+00:00
Lisa Miller,Lisa,Miller,lisamiller@yahoo.com,(206) 371-5225,Century 21,Nashville,TN,Nashville,TN308756,TN,8,8,2560000,83,A,A,3.7,realtor_scraper,https://www.coldwellbanker.com/real-estate-agents,2026-04-22T07:00:00.000000+00:00
Brandon Green,Brandon,Green,brandongreen@realtor.com,(813) 447-9254,Compass,Cincinnati,OH,Cincinnati,OH376997,OH,8,12,3000000,70,B,B,4.5,realtor_scraper,https://www.kw.com/agent,2026-04-22T07:00:00.000000+00:00
George Taylor,George,Taylor,gtaylor@hotmail.com,(210) 730-5075,Century 21,Austin,TX,Austin,TX172620,TX,4,12,4200000,85,A,A,4.6,realtor_scraper,https://www.movoto.com/real-estate-agents/,2026-04-22T07:00:00.000000+00:00
Stephanie Phillips,Stephanie,Phillips,stephanie.phillips@exp.com,(612) 653-8428,Better Homes and Gardens Real Estate,Phoenix,AZ,Phoenix,AZ734442,AZ,5,20,9000000,81,A,A,3.7,realtor_scraper,https://www.trulia.com/real-estate-agents/,2026-04-22T07:00:00.000000+00:00
Laura Lee,Laura,Lee,laura.lee@outlook.com,(704) 898-5078,Local Brokerage,New York,NY,New York,NY282314,NY,10,60,51000000,92,A,A,4.3,realtor_scraper,https://www.coldwellbanker.com/real-estate-agents,2026-04-22T07:00:00.000000+00:00
Rachel Sanchez,Rachel,Sanchez,rachel_sanchez@realtor.com,(213) 261-4570,RE/MAX,Lincoln,NE,Lincoln,NE464820,NE,5,12,2760000,63,C,C,3.1,realtor_scraper,https://www.homes.com/real-estate-agents/,2026-04-22T07:00:00.000000+00:00
Mary Flores,Mary,Flores,flores.m@hotmail.com,(215) 256-3596,ERA Real Estate,Omaha,NE,Omaha,NE204984,NE,2,12,2760000,65,B,B,3.2,realtor_scraper,https://www.kw.com/agent,2026-04-22T07:00:00.000000+00:00
Barbara Hughes,Barbara,Hughes,hughes.b@kw.com,(801) 730-9057,CBRE,Baltimore,MD,Baltimore,MD250520,MD,10,18,7650000,74,B,B,4.6,realtor_scraper,https://www.zillow.com/professionals/real-estate-agents/,2026-04-22T07:00:00.000000+00:00
Kevin Wood,Kevin,Wood,kevinwood25@weichert.com,(520) 353-3450,ERA Real Estate,Tucson,AZ,Tucson,AZ129047,AZ,2,18,8100000,86,B,B,3.8,realtor_scraper,https://www.bhhs.com/real-estate-agents,2026-04-22T07:00:00.000000+00:00
Donna Foster,Donna,Foster,dfoster@sothebysrealty.com,(402) 652-3294,Windermere Real Estate,Lubbock,TX,Lubbock,TX480367,TX,3,28,9800000,85,C,C,4.5,realtor_scraper,https://www.zillow.com/professionals/real-estate-agents/,2026-04-22T07:00:00.000000+00:00
Patricia Alvarez,Patricia,Alvarez,patriciaalvarez@compass.com,(505) 347-1090,Sotheby's International Realty,Rochester,NY,Rochester,NY517435,NY,2,8,6800000,78,B,B,4.8,realtor_scraper,https://www.coldwellbanker.com/real-estate-agents,2026-04-22T07:00:00.000000+00:00
Barbara Allen,Barbara,Allen,barbaraallen27@kw.com,(213) 519-4785,JPMorgan Real Estate,Raleigh,NC,Raleigh,NC265246,NC,4,10,3100000,76,B,B,3.2,realtor_scraper,https://www.coldwellbanker.com/real-estate-agents,2026-04-22T07:00:00.000000+00:00
Ashley Roberts,Ashley,Roberts,ashleyroberts95@outlook.com,(512) 804-4735,Better Homes and Gardens Real Estate,Nashville,TN,Nashville,TN530252,TN,5,16,5120000,77,A,A,4.7,realtor_scraper,https://www.trulia.com/real-estate-agents/,2026-04-22T07:00:00.000000+00:00
Pamela Ramos,Pamela,Ramos,pamelaramos@homesmart.com,(404) 517-1721,JLL,Lincoln,NE,Lincoln,NE651060,NE,3,10,2300000,68,C,C,3.5,realtor_scraper,https://www.redfin.com/real-estate-agents,2026-04-22T07:00:00.000000+00:00
Andrew Young,Andrew,Young,andrew.young@century21.com,(216) 533-4336,Zillow Premier Agent,Atlanta,GA,Atlanta,GA467044,GA,15,20,6500000,90,A,A,4.8,realtor_scraper,https://www.kw.com/agent,2026-04-22T07:00:00.000000+00:00
Timothy Mendoza,Timothy,Mendoza,timothymendoza8@yahoo.com,(509) 935-2193,eXp Realty,Orlando,FL,Orlando,FL286223,FL,3,10,4000000,60,B,B,3.8,realtor_scraper,https://www.movoto.com/real-estate-agents/,2026-04-22T07:00:00.000000+00:00
Ronald Watson,Ronald,Watson,ronald.watson@remax.com,(317) 946-2514,Independent Agent,Fresno,CA,Fresno,CA705834,CA,2,35,26250000,89,B,B,3.3,realtor_scraper,https://www.coldwellbanker.com/real-estate-agents,2026-04-22T07:00:00.000000+00:00
Daniel Torres,Daniel,Torres,daniel.torres@compass.com,(305) 235-3330,CBRE,Sacramento,CA,Sacramento,CA830022,CA,3,4,3000000,65,B,B,4.0,realtor_scraper,https://www.kw.com/agent,2026-04-22T07:00:00.000000+00:00
Amy Reed,Amy,Reed,amyreed@century21.com,(801) 820-8357,HomeSmart,Detroit,MI,Detroit,MI268437,MI,8,4,1100000,88,B,B,3.8,realtor_scraper,https://www.homes.com/real-estate-agents/,2026-04-22T07:00:00.000000+00:00
Emma Alvarez,Emma,Alvarez,alvarezemma@outlook.com,(317) 413-7225,Compass,Atlanta,GA,Atlanta,GA293030,GA,7,12,3900000,79,A,A,3.5,realtor_scraper,https://www.zillow.com/professionals/real-estate-agents/,2026-04-22T07:00:00.000000+00:00
Katherine Mitchell,Katherine,Mitchell,katherinemitchell@sothebysrealty.com,(806) 904-6050,Redfin,Raleigh,NC,Raleigh,NC402939,NC,7,10,3100000,72,B,B,3.6,realtor_scraper,https://www.remax.com/real-estate-agents,2026-04-22T07:00:00.000000+00:00
Robert Castillo,Robert,Castillo,robert.castillo@realtor.com,(208) 656-9996,Compass,Sacramento,CA,Sacramento,CA503732,CA,12,12,9000000,71,B,B,4.6,realtor_scraper,https://www.movoto.com/real-estate-agents/,2026-04-22T07:00:00.000000+00:00
Laura Baker,Laura,Baker,lbaker@century21.com,(614) 703-9297,Sotheby's International Realty,Atlanta,GA,Atlanta,GA985672,GA,5,35,11375000,96,A,A,4.8,realtor_scraper,https://www.redfin.com/real-estate-agents,2026-04-22T07:00:00.000000+00:00
George Lewis,George,Lewis,glewis@outlook.com,(206) 557-2198,JPMorgan Real Estate,San Diego,CA,San Diego,CA756919,CA,15,60,45000000,84,A,A,3.1,realtor_scraper,https://www.redfin.com/real-estate-agents,2026-04-22T07:00:00.000000+00:00
Charles Hernandez,Charles,Hernandez,hernandezcharles@kw.com,(260) 238-4323,Weichert Realtors,Fresno,CA,Fresno,CA702921,CA,6,10,7500000,72,B,B,4.5,realtor_scraper,https://www.realtor.com/realestateagents/,2026-04-22T07:00:00.000000+00:00
Dorothy Ruiz,Dorothy,Ruiz,dorothyruiz43@homesmart.com,(423) 509-4500,Windermere Real Estate,New York,NY,New York,NY835392,NY,5,20,17000000,92,A,A,3.2,realtor_scraper,https://www.kw.com/agent,2026-04-22T07:00:00.000000+00:00
Donna Rivera,Donna,Rivera,donnarivera63@compass.com,(602) 977-8091,eXp Realty,San Antonio,TX,San Antonio,TX548859,TX,7,4,1400000,83,B,B,3.3,realtor_scraper,https://www.homes.com/real-estate-agents/,2026-04-22T07:00:00.000000+00:00
Timothy Alvarez,Timothy,Alvarez,alvarez.t@hotmail.com,(503) 203-7717,Weichert Realtors,Atlanta,GA,Atlanta,GA947851,GA,6,30,9750000,82,A,A,3.1,realtor_scraper,https://www.coldwellbanker.com/real-estate-agents,2026-04-22T07:00:00.000000+00:00
Jerry Gonzalez,Jerry,Gonzalez,gonzalez.j@exp.com,(504) 545-3444,Coldwell Banker,Phoenix,AZ,Phoenix,AZ381182,AZ,3,25,11250000,96,A,A,3.1,realtor_scraper,https://www.movoto.com/real-estate-agents/,2026-04-22T07:00:00.000000+00:00
Cynthia Morris,Cynthia,Morris,cynthiamorris@remax.com,(317) 626-2119,Independent Agent,New York,NY,New York,NY317194,NY,3,25,21250000,98,A,A,4.5,realtor_scraper,https://www.coldwellbanker.com/real-estate-agents,2026-04-22T07:00:00.000000+00:00
Melissa Mitchell,Melissa,Mitchell,melissamitchell80@gmail.com,(850) 932-2093,United Real Estate,Madison,WI,Madison,WI694704,WI,6,3,825000,73,C,C,3.7,realtor_scraper,https://www.realtor.com/realestateagents/,2026-04-22T07:00:00.000000+00:00
Steven Cruz,Steven,Cruz,steven_cruz@kw.com,(251) 779-8025,United Real Estate,St. Louis,MO,St. Louis,MO648663,MO,1,22,5720000,86,B,B,3.1,realtor_scraper,https://www.zillow.com/professionals/real-estate-agents/,2026-04-22T07:00:00.000000+00:00
Cynthia Smith,Cynthia,Smith,cynthiasmith@aol.com,(502) 399-1152,Weichert Realtors,Cleveland,OH,Cleveland,OH904106,OH,3,28,7000000,81,B,B,3.1,realtor_scraper,https://www.remax.com/real-estate-agents,2026-04-22T07:00:00.000000+00:00
Daniel Brown,Daniel,Brown,danielbrown50@coldwellbanker.com,(336) 989-3447,Keller Williams,Minneapolis,MN,Minneapolis,MN265789,MN,6,8,2800000,76,A,A,4.4,realtor_scraper,https://www.coldwellbanker.com/real-estate-agents,2026-04-22T07:00:00.000000+00:00
Jonathan Roberts,Jonathan,Roberts,jonathan_roberts@outlook.com,(509) 454-6642,Marcus & Millichap,Minneapolis,MN,Minneapolis,MN992891,MN,7,20,7000000,91,A,A,3.3,realtor_scraper,https://www.zillow.com/professionals/real-estate-agents/,2026-04-22T07:00:00.000000+00:00
Dorothy Wright,Dorothy,Wright,wright.d@kw.com,(205) 630-8582,Redfin,Indianapolis,IN,Indianapolis,IN237426,IN,2,10,2400000,64,B,B,4.0,realtor_scraper,https://www.bhhs.com/real-estate-agents,2026-04-22T07:00:00.000000+00:00
Debra Gomez,Debra,Gomez,gomezdebra@weichert.com,(559) 206-6787,CBRE,Charlotte,NC,Charlotte,NC260072,NC,8,10,3100000,80,B,B,4.3,realtor_scraper,https://www.coldwellbanker.com/real-estate-agents,2026-04-22T07:00:00.000000+00:00
Mary Harris,Mary,Harris,maryharris@century21.com,(408) 359-3087,JLL,Columbus,OH,Columbus,OH190299,OH,10,45,11250000,96,B,B,4.0,realtor_scraper,https://www.kw.com/agent,2026-04-22T07:00:00.000000+00:00
Sarah Johnson,Sarah,Johnson,sarahjohnson71@outlook.com,(509) 919-6525,Independent Agent,Denver,CO,Denver,CO354764,CO,12,20,11000000,89,A,A,4.1,realtor_scraper,https://www.homes.com/real-estate-agents/,2026-04-22T07:00:00.000000+00:00
Steven Reyes,Steven,Reyes,reyes.s@aol.com,(202) 288-3095,HomeSmart,Provo,UT,Provo,UT422820,UT,4,20,10000000,66,C,C,4.8,realtor_scraper,https://www.remax.com/real-estate-agents,2026-04-22T07:00:00.000000+00:00
Emma Thompson,Emma,Thompson,emma.thompson@sothebysrealty.com,(813) 547-1111,RE/MAX,Chattanooga,TN,Chattanooga,TN978158,TN,4,10,3200000,68,C,C,3.4,realtor_scraper,https://www.kw.com/agent,2026-04-22T07:00:00.000000+00:00
Joseph Mendoza,Joseph,Mendoza,mendoza.j@kw.com,(415) 644-7657,Realty ONE Group,Boston,MA,Boston,MA850757,MA,6,12,7800000,77,A,A,3.3,realtor_scraper,https://www.bhhs.com/real-estate-agents,2026-04-22T07:00:00.000000+00:00
Emma Green,Emma,Green,emma.green@realtor.com,(704) 849-4170,Redfin,Boston,MA,Boston,MA875237,MA,6,16,10400000,74,A,A,5.0,realtor_scraper,https://www.remax.com/real-estate-agents,2026-04-22T07:00:00.000000+00:00
Mark White,Mark,White,mwhite@realtor.com,(713) 944-1379,eXp Realty,Miami,FL,Miami,FL859389,FL,4,30,12000000,88,A,A,4.5,realtor_scraper,https://www.bhhs.com/real-estate-agents,2026-04-22T07:00:00.000000+00:00
Jeffrey Martinez,Jeffrey,Martinez,martinez.j@sothebysrealty.com,(414) 736-5603,HomeSmart,Minneapolis,MN,Minneapolis,MN449193,MN,3,25,8750000,82,A,A,3.8,realtor_scraper,https://www.redfin.com/real-estate-agents,2026-04-22T07:00:00.000000+00:00
Timothy Lee,Timothy,Lee,timothylee80@sothebysrealty.com,(619) 512-4820,CBRE,Chicago,IL,Chicago,IL334096,IL,8,40,12000000,100,A,A,4.0,realtor_scraper,https://www.homes.com/real-estate-agents/,2026-04-22T07:00:00.000000+00:00
Karen Stewart,Karen,Stewart,karen.stewart@gmail.com,(865) 862-2800,Cushman & Wakefield,Winston-Salem,NC,Winston-Salem,NC628109,NC,1,8,2480000,62,C,C,4.1,realtor_scraper,https://www.bhhs.com/real-estate-agents,2026-04-22T07:00:00.000000+00:00
Susan Wilson,Susan,Wilson,susan_wilson@realtor.com,(864) 447-5152,Zillow Premier Agent,Des Moines,IA,Des Moines,IA881501,IA,2,20,4100000,65,C,C,3.3,realtor_scraper,https://www.homes.com/real-estate-agents/,2026-04-22T07:00:00.000000+00:00
Linda Young,Linda,Young,linda.young@sothebysrealty.com,(318) 751-8601,Better Homes and Gardens Real Estate,Louisville,KY,Louisville,KY758111,KY,4,28,6300000,84,B,B,4.8,realtor_scraper,https://www.bhhs.com/real-estate-agents,2026-04-22T07:00:00.000000+00:00
Brandon Wright,Brandon,Wright,bwright@remax.com,(901) 465-7424,Windermere Real Estate,Little Rock,AR,Little Rock,AR793809,AR,2,3,585000,72,C,C,4.4,realtor_scraper,https://www.bhhs.com/real-estate-agents,2026-04-22T07:00:00.000000+00:00
Pamela Clark,Pamela,Clark,pclark@exp.com,(801) 667-5211,Weichert Realtors,Miami,FL,Miami,FL136597,FL,8,16,6400000,76,A,A,3.8,realtor_scraper,https://www.trulia.com/real-estate-agents/,2026-04-22T07:00:00.000000+00:00
Daniel Adams,Daniel,Adams,adams.d@remax.com,(414) 955-8012,Compass,Miami,FL,Miami,FL969939,FL,3,20,8000000,86,A,A,3.7,realtor_scraper,https://www.coldwellbanker.com/real-estate-agents,2026-04-22T07:00:00.000000+00:00
Carol Kim,Carol,Kim,carol_kim@homesmart.com,(864) 946-4736,Coldwell Banker,Knoxville,TN,Knoxville,TN125074,TN,1,8,2560000,83,C,C,4.5,realtor_scraper,https://www.realtor.com/realestateagents/,2026-04-22T07:00:00.000000+00:00
Sarah Rodriguez,Sarah,Rodriguez,sarah_rodriguez@yahoo.com,(513) 673-9213,Redfin,New York,NY,New York,NY430794,NY,15,25,21250000,88,A,A,4.2,realtor_scraper,https://www.realtor.com/realestateagents/,2026-04-22T07:00:00.000000+00:00
Anthony Williams,Anthony,Williams,awilliams@coldwellbanker.com,(601) 594-4584,JPMorgan Real Estate,Des Moines,IA,Des Moines,IA620439,IA,2,6,1230000,69,C,C,4.8,realtor_scraper,https://www.remax.com/real-estate-agents,2026-04-22T07:00:00.000000+00:00
Laura Edwards,Laura,Edwards,lauraedwards@aol.com,(313) 904-7240,Keller Williams,Tucson,AZ,Tucson,AZ501753,AZ,12,4,1800000,87,B,B,4.7,realtor_scraper,https://www.coldwellbanker.com/real-estate-agents,2026-04-22T07:00:00.000000+00:00
Jessica Gutierrez,Jessica,Gutierrez,jessicagutierrez18@coldwellbanker.com,(901) 501-3618,JPMorgan Real Estate,Chicago,IL,Chicago,IL334549,IL,8,40,12000000,97,A,A,3.6,realtor_scraper,https://www.homes.com/real-estate-agents/,2026-04-22T07:00:00.000000+00:00
Nicole Cooper,Nicole,Cooper,ncooper@hotmail.com,(303) 465-7103,Windermere Real Estate,Indianapolis,IN,Indianapolis,IN468821,IN,8,10,2400000,78,B,B,4.0,realtor_scraper,https://www.kw.com/agent,2026-04-22T07:00:00.000000+00:00
Emma Nguyen,Emma,Nguyen,emma_nguyen@weichert.com,(334) 336-5924,Corcoran Global Living,Fayetteville,AR,Fayetteville,AR224124,AR,4,6,1170000,66,C,C,3.2,realtor_scraper,https://www.coldwellbanker.com/real-estate-agents,2026-04-22T07:00:00.000000+00:00
Emily Ramirez,Emily,Ramirez,emily_ramirez@century21.com,(713) 684-3372,eXp Realty,Houston,TX,Houston,TX167029,TX,3,8,2800000,83,A,A,4.3,realtor_scraper,https://www.bhhs.com/real-estate-agents,2026-04-22T07:00:00.000000+00:00
Christine Sanders,Christine,Sanders,sanders.c@weichert.com,(214) 980-5283,Sotheby's International Realty,Savannah,GA,Savannah,GA715873,GA,8,10,3250000,82,C,C,3.2,realtor_scraper,https://www.movoto.com/real-estate-agents/,2026-04-22T07:00:00.000000+00:00
Samuel King,Samuel,King,kingsamuel@century21.com,(407) 511-6976,Independent Agent,Santa Fe,NM,Santa Fe,NM364639,NM,6,6,1650000,77,C,C,3.5,realtor_scraper,https://www.coldwellbanker.com/real-estate-agents,2026-04-22T07:00:00.000000+00:00
Ryan Adams,Ryan,Adams,radams@hotmail.com,(213) 292-1570,eXp Realty,Denver,CO,Denver,CO398076,CO,8,12,6600000,75,A,A,4.2,realtor_scraper,https://www.redfin.com/real-estate-agents,2026-04-22T07:00:00.000000+00:00
Carolyn Alvarez,Carolyn,Alvarez,carolyn_alvarez@century21.com,(916) 247-8221,Better Homes and Gardens Real Estate,Provo,UT,Provo,UT626058,UT,2,6,3000000,63,C,C,4.2,realtor_scraper,https://www.remax.com/real-estate-agents,2026-04-22T07:00:00.000000+00:00
Scott Peterson,Scott,Peterson,peterson.s@hotmail.com,(414) 247-4605,Better Homes and Gardens Real Estate,Washington,DC,Washington,DC507720,DC,7,16,11200000,81,A,A,3.9,realtor_scraper,https://www.realtor.com/realestateagents/,2026-04-22T07:00:00.000000+00:00
Nicholas Wilson,Nicholas,Wilson,wilson.n@remax.com,(865) 236-5536,Marcus & Millichap,Atlanta,GA,Atlanta,GA816231,GA,10,20,6500000,74,A,A,4.2,realtor_scraper,https://www.movoto.com/real-estate-agents/,2026-04-22T07:00:00.000000+00:00
Ryan Patel,Ryan,Patel,ryan.patel@remax.com,(334) 652-4139,Century 21,Austin,TX,Austin,TX569791,TX,3,12,4200000,84,A,A,3.9,realtor_scraper,https://www.realtor.com/realestateagents/,2026-04-22T07:00:00.000000+00:00
Deborah Martinez,Deborah,Martinez,deborah_martinez@sothebysrealty.com,(520) 558-9333,eXp Realty,San Diego,CA,San Diego,CA209548,CA,12,30,22500000,92,A,A,4.8,realtor_scraper,https://www.redfin.com/real-estate-agents,2026-04-22T07:00:00.000000+00:00
Karen Sanders,Karen,Sanders,sanders.k@hotmail.com,(912) 374-4230,Independent Agent,Boston,MA,Boston,MA110179,MA,15,20,13000000,73,A,A,4.5,realtor_scraper,https://www.movoto.com/real-estate-agents/,2026-04-22T07:00:00.000000+00:00
Katherine Cox,Katherine,Cox,katherine.cox@compass.com,(850) 317-7620,Redfin,Columbus,OH,Columbus,OH611536,OH,5,12,3000000,71,B,B,3.0,realtor_scraper,https://www.redfin.com/real-estate-agents,2026-04-22T07:00:00.000000+00:00
Donald Alvarez,Donald,Alvarez,donald_alvarez@gmail.com,(303) 555-3819,Cushman & Wakefield,Phoenix,AZ,Phoenix,AZ350097,AZ,6,25,11250000,90,A,A,4.3,realtor_scraper,https://www.bhhs.com/real-estate-agents,2026-04-22T07:00:00.000000+00:00
Margaret Green,Margaret,Green,margaretgreen@aol.com,(210) 302-9483,Keller Williams,New Orleans,LA,New Orleans,LA165165,LA,4,15,3450000,79,B,B,4.2,realtor_scraper,https://www.kw.com/agent,2026-04-22T07:00:00.000000+00:00
Gregory Peterson,Gregory,Peterson,petersongregory@sothebysrealty.com,(407) 247-1107,Keller Williams,Boston,MA,Boston,MA265246,MA,8,16,10400000,79,A,A,4.3,realtor_scraper,https://www.realtor.com/realestateagents/,2026-04-22T07:00:00.000000+00:00
Robert Taylor,Robert,Taylor,robert_taylor@outlook.com,(951) 957-6290,Local Brokerage,Orlando,FL,Orlando,FL245528,FL,3,18,7200000,81,B,B,3.8,realtor_scraper,https://www.realtor.com/realestateagents/,2026-04-22T07:00:00.000000+00:00
Mary Morris,Mary,Morris,mary.morris@weichert.com,(916) 219-7683,Zillow Premier Agent,Las Vegas,NV,Las Vegas,NV844409,NV,8,8,3400000,87,B,B,3.2,realtor_scraper,https://www.trulia.com/real-estate-agents/,2026-04-22T07:00:00.000000+00:00
Betty Hernandez,Betty,Hernandez,betty_hernandez@exp.com,(407) 231-3345,Sotheby's International Realty,New Orleans,LA,New Orleans,LA459415,LA,4,8,1840000,81,B,B,3.5,realtor_scraper,https://www.coldwellbanker.com/real-estate-agents,2026-04-22T07:00:00.000000+00:00
Joseph Hernandez,Joseph,Hernandez,jhernandez@hotmail.com,(813) 278-7935,Realty ONE Group,Winston-Salem,NC,Winston-Salem,NC185130,NC,3,8,2480000,79,C,C,4.6,realtor_scraper,https://www.trulia.com/real-estate-agents/,2026-04-22T07:00:00.000000+00:00
Emily Cruz,Emily,Cruz,cruz.e@exp.com,(816) 934-2167,JPMorgan Real Estate,Milwaukee,WI,Milwaukee,WI637921,WI,2,10,2750000,62,B,B,4.8,realtor_scraper,https://www.homes.com/real-estate-agents/,2026-04-22T07:00:00.000000+00:00
Susan Cruz,Susan,Cruz,scruz@coldwellbanker.com,(901) 715-2950,Local Brokerage,Mobile,AL,Mobile,AL310527,AL,5,3,660000,69,C,C,3.1,realtor_scraper,https://www.homes.com/real-estate-agents/,2026-04-22T07:00:00.000000+00:00
Cynthia Collins,Cynthia,Collins,collinscynthia@kw.com,(479) 263-6567,RE/MAX,Pittsburgh,PA,Pittsburgh,PA893888,PA,12,4,1160000,84,B,B,4.5,realtor_scraper,https://www.realtor.com/realestateagents/,2026-04-22T07:00:00.000000+00:00
Cynthia Thomas,Cynthia,Thomas,cthomas@coldwellbanker.com,(414) 453-4504,CBRE,Des Moines,IA,Des Moines,IA975518,IA,4,6,1230000,81,C,C,4.4,realtor_scraper,https://www.redfin.com/real-estate-agents,2026-04-22T07:00:00.000000+00:00
Patricia Mitchell,Patricia,Mitchell,pmitchell@outlook.com,(423) 527-6407,Corcoran Global Living,Riverside,CA,Riverside,CA173979,CA,12,12,9000000,69,B,B,4.1,realtor_scraper,https://www.homes.com/real-estate-agents/,2026-04-22T07:00:00.000000+00:00
Steven Ruiz,Steven,Ruiz,ruizsteven@gmail.com,(816) 713-2399,Corcoran Global Living,Columbus,OH,Columbus,OH261497,OH,2,8,2000000,66,B,B,5.0,realtor_scraper,https://www.redfin.com/real-estate-agents,2026-04-22T07:00:00.000000+00:00
Janet Garcia,Janet,Garcia,jgarcia@homesmart.com,(864) 365-4414,Sotheby's International Realty,San Francisco,CA,San Francisco,CA468489,CA,6,20,15000000,82,A,A,4.2,realtor_scraper,https://www.homes.com/real-estate-agents/,2026-04-22T07:00:00.000000+00:00
George Reyes,George,Reyes,reyes.g@yahoo.com,(408) 248-7743,Weichert Realtors,Dallas,TX,Dallas,TX601193,TX,7,40,14000000,99,A,A,3.9,realtor_scraper,https://www.homes.com/real-estate-agents/,2026-04-22T07:00:00.000000+00:00
Mary Brooks,Mary,Brooks,brooksmary@outlook.com,(260) 313-4169,Century 21,Columbus,OH,Columbus,OH403394,OH,4,4,1000000,82,B,B,3.4,realtor_scraper,https://www.bhhs.com/real-estate-agents,2026-04-22T07:00:00.000000+00:00
Samantha Turner,Samantha,Turner,samanthaturner68@gmail.com,(559) 455-4944,Corcoran Global Living,Nashville,TN,Nashville,TN272679,TN,6,35,11200000,86,A,A,4.7,realtor_scraper,https://www.trulia.com/real-estate-agents/,2026-04-22T07:00:00.000000+00:00
Pamela Johnson,Pamela,Johnson,johnson.p@weichert.com,(612) 589-9726,Redfin,Oklahoma City,OK,Oklahoma City,OK216045,OK,1,8,1680000,62,B,B,4.6,realtor_scraper,https://www.zillow.com/professionals/real-estate-agents/,2026-04-22T07:00:00.000000+00:00
Barbara Davis,Barbara,Davis,davis.b@coldwellbanker.com,(318) 295-7027,Windermere Real Estate,Denver,CO,Denver,CO342955,CO,3,60,33000000,96,A,A,4.0,realtor_scraper,https://www.homes.com/real-estate-agents/,2026-04-22T07:00:00.000000+00:00
Joshua Baker,Joshua,Baker,joshua_baker@coldwellbanker.com,(303) 962-3695,Realty ONE Group,Spokane,WA,Spokane,WA151706,WA,5,6,3600000,65,C,C,3.8,realtor_scraper,https://www.remax.com/real-estate-agents,2026-04-22T07:00:00.000000+00:00
Larry Kelly,Larry,Kelly,larrykelly18@gmail.com,(215) 389-6937,Compass,Milwaukee,WI,Milwaukee,WI537243,WI,3,12,3300000,82,B,B,3.5,realtor_scraper,https://www.kw.com/agent,2026-04-22T07:00:00.000000+00:00
Christopher Ortiz,Christopher,Ortiz,christopherortiz12@aol.com,(614) 680-7173,Windermere Real Estate,Charleston,SC,Charleston,SC896600,SC,5,8,2320000,73,C,C,3.5,realtor_scraper,https://www.remax.com/real-estate-agents,2026-04-22T07:00:00.000000+00:00
Jeffrey Bailey,Jeffrey,Bailey,jeffrey.bailey@century21.com,(716) 759-4225,Marcus & Millichap,Orlando,FL,Orlando,FL265575,FL,2,10,4000000,77,B,B,4.5,realtor_scraper,https://www.redfin.com/real-estate-agents,2026-04-22T07:00:00.000000+00:00
Sharon Lopez,Sharon,Lopez,lopezsharon@aol.com,(719) 276-5270,Zillow Premier Agent,Riverside,CA,Riverside,CA485978,CA,3,8,6000000,70,B,B,3.9,realtor_scraper,https://www.homes.com/real-estate-agents/,2026-04-22T07:00:00.000000+00:00
Charles Cook,Charles,Cook,charlescook@compass.com,(865) 521-1018,Independent Agent,Boston,MA,Boston,MA908424,MA,8,12,7800000,80,A,A,4.2,realtor_scraper,https://www.redfin.com/real-estate-agents,2026-04-22T07:00:00.000000+00:00
Lisa Collins,Lisa,Collins,lisacollins@coldwellbanker.com,(617) 669-3714,Cushman & Wakefield,Denver,CO,Denver,CO427302,CO,7,20,11000000,94,A,A,3.2,realtor_scraper,https://www.zillow.com/professionals/real-estate-agents/,2026-04-22T07:00:00.000000+00:00
Larry Robinson,Larry,Robinson,robinson.l@aol.com,(713) 991-6332,JLL,Madison,WI,Madison,WI599886,WI,1,8,2200000,83,C,C,4.1,realtor_scraper,https://www.zillow.com/professionals/real-estate-agents/,2026-04-22T07:00:00.000000+00:00
Larry Bailey,Larry,Bailey,bailey.l@kw.com,(213) 747-8326,Zillow Premier Agent,Winston-Salem,NC,Winston-Salem,NC799398,NC,8,15,4650000,79,C,C,3.9,realtor_scraper,https://www.realtor.com/realestateagents/,2026-04-22T07:00:00.000000+00:00
Dorothy Young,Dorothy,Young,young.d@outlook.com,(515) 459-2556,Weichert Realtors,Bend,OR,Bend,OR775706,OR,5,6,3000000,62,C,C,4.5,realtor_scraper,https://www.movoto.com/real-estate-agents/,2026-04-22T07:00:00.000000+00:00
John Garcia,John,Garcia,john.garcia@gmail.com,(801) 322-6716,RE/MAX,Las Vegas,NV,Las Vegas,NV736784,NV,4,15,6375000,81,B,B,4.3,realtor_scraper,https://www.remax.com/real-estate-agents,2026-04-22T07:00:00.000000+00:00
Linda Gray,Linda,Gray,gray.l@coldwellbanker.com,(415) 445-2621,Keller Williams,San Jose,CA,San Jose,CA337667,CA,2,16,12000000,72,A,A,3.2,realtor_scraper,https://www.movoto.com/real-estate-agents/,2026-04-22T07:00:00.000000+00:00
Charles Cooper,Charles,Cooper,charlescooper28@hotmail.com,(617) 580-6679,Independent Agent,Dallas,TX,Dallas,TX525385,TX,4,50,17500000,83,A,A,3.7,realtor_scraper,https://www.remax.com/real-estate-agents,2026-04-22T07:00:00.000000+00:00
Samuel Robinson,Samuel,Robinson,samuelrobinson93@outlook.com,(775) 742-8813,Keller Williams,Atlanta,GA,Atlanta,GA408759,GA,6,50,16250000,94,A,A,3.9,realtor_scraper,https://www.kw.com/agent,2026-04-22T07:00:00.000000+00:00
Andrew Carter,Andrew,Carter,acarter@outlook.com,(214) 457-9943,RE/MAX,Sacramento,CA,Sacramento,CA268317,CA,3,12,9000000,76,B,B,4.7,realtor_scraper,https://www.redfin.com/real-estate-agents,2026-04-22T07:00:00.000000+00:00
Patricia Hernandez,Patricia,Hernandez,hernandez.p@outlook.com,(205) 226-7828,ERA Real Estate,Boston,MA,Boston,MA542341,MA,6,16,10400000,82,A,A,4.5,realtor_scraper,https://www.coldwellbanker.com/real-estate-agents,2026-04-22T07:00:00.000000+00:00
Shirley Gray,Shirley,Gray,sgray@hotmail.com,(334) 663-5203,Marcus & Millichap,Columbus,OH,Columbus,OH924219,OH,2,8,2000000,75,B,B,4.0,realtor_scraper,https://www.redfin.com/real-estate-agents,2026-04-22T07:00:00.000000+00:00
Larry Green,Larry,Green,larrygreen@yahoo.com,(608) 212-4267,JPMorgan Real Estate,Miami,FL,Miami,FL287762,FL,15,60,24000000,100,A,A,4.9,realtor_scraper,https://www.coldwellbanker.com/real-estate-agents,2026-04-22T07:00:00.000000+00:00
Nancy Mendoza,Nancy,Mendoza,nancymendoza90@gmail.com,(504) 306-6169,Weichert Realtors,Shreveport,LA,Shreveport,LA499616,LA,1,20,4600000,85,C,C,4.2,realtor_scraper,https://www.movoto.com/real-estate-agents/,2026-04-22T07:00:00.000000+00:00
Benjamin Martin,Benjamin,Martin,martinbenjamin@yahoo.com,(575) 284-8406,Corcoran Global Living,Bend,OR,Bend,OR626604,OR,3,28,14000000,82,C,C,3.8,realtor_scraper,https://www.kw.com/agent,2026-04-22T07:00:00.000000+00:00
Frank Jackson,Frank,Jackson,jackson.f@realtor.com,(520) 438-8897,Zillow Premier Agent,Nashville,TN,Nashville,TN595636,TN,6,16,5120000,96,A,A,5.0,realtor_scraper,https://www.bhhs.com/real-estate-agents,2026-04-22T07:00:00.000000+00:00
Barbara Rodriguez,Barbara,Rodriguez,barbararodriguez76@compass.com,(334) 776-5438,eXp Realty,Omaha,NE,Omaha,NE551360,NE,1,8,1840000,71,B,B,3.3,realtor_scraper,https://www.realtor.com/realestateagents/,2026-04-22T07:00:00.000000+00:00
Sandra Wood,Sandra,Wood,sandrawood95@aol.com,(602) 456-8359,Windermere Real Estate,Houston,TX,Houston,TX992629,TX,6,40,14000000,92,A,A,5.0,realtor_scraper,https://www.redfin.com/real-estate-agents,2026-04-22T07:00:00.000000+00:00
Jeffrey Rodriguez,Jeffrey,Rodriguez,jeffrey.rodriguez@yahoo.com,(716) 886-2800,JLL,Oklahoma City,OK,Oklahoma City,OK921438,OK,3,15,3150000,66,B,B,4.9,realtor_scraper,https://www.movoto.com/real-estate-agents/,2026-04-22T07:00:00.000000+00:00
Samantha Bennett,Samantha,Bennett,samantha_bennett@weichert.com,(619) 507-6755,Century 21,San Jose,CA,San Jose,CA979445,CA,6,35,26250000,87,A,A,4.4,realtor_scraper,https://www.movoto.com/real-estate-agents/,2026-04-22T07:00:00.000000+00:00
Nicole Foster,Nicole,Foster,nicole.foster@century21.com,(602) 272-8346,HomeSmart,San Jose,CA,San Jose,CA621564,CA,4,16,12000000,80,A,A,4.3,realtor_scraper,https://www.movoto.com/real-estate-agents/,2026-04-22T07:00:00.000000+00:00
Robert Gonzalez,Robert,Gonzalez,robertgonzalez36@coldwellbanker.com,(213) 659-9404,CBRE,Columbus,OH,Columbus,OH593271,OH,7,15,3750000,82,B,B,4.3,realtor_scraper,https://www.redfin.com/real-estate-agents,2026-04-22T07:00:00.000000+00:00
Brenda Evans,Brenda,Evans,brenda.evans@aol.com,(405) 941-2882,Corcoran Global Living,Jackson,MS,Jackson,MS910335,MS,3,3,540000,69,C,C,3.4,realtor_scraper,https://www.zillow.com/professionals/real-estate-agents/,2026-04-22T07:00:00.000000+00:00
Jerry James,Jerry,James,jerry_james@remax.com,(215) 883-9472,Corcoran Global Living,San Jose,CA,San Jose,CA442996,CA,15,20,15000000,78,A,A,3.5,realtor_scraper,https://www.movoto.com/real-estate-agents/,2026-04-22T07:00:00.000000+00:00
Pamela Baker,Pamela,Baker,pamelabaker60@coldwellbanker.com,(312) 263-6627,Compass,Memphis,TN,Memphis,TN487320,TN,4,12,3840000,84,B,B,3.2,realtor_scraper,https://www.bhhs.com/real-estate-agents,2026-04-22T07:00:00.000000+00:00
Richard Martin,Richard,Martin,richardmartin8@exp.com,(916) 439-9066,Local Brokerage,Indianapolis,IN,Indianapolis,IN423971,IN,4,8,1920000,77,B,B,3.1,realtor_scraper,https://www.movoto.com/real-estate-agents/,2026-04-22T07:00:00.000000+00:00
Joshua Cook,Joshua,Cook,joshua_cook@gmail.com,(479) 404-8078,Keller Williams,Austin,TX,Austin,TX853898,TX,5,20,7000000,69,A,A,4.6,realtor_scraper,https://www.realtor.com/realestateagents/,2026-04-22T07:00:00.000000+00:00
Jeffrey Scott,Jeffrey,Scott,jeffreyscott@outlook.com,(775) 830-6746,Corcoran Global Living,Richmond,VA,Richmond,VA247908,VA,10,35,13125000,89,B,B,3.3,realtor_scraper,https://www.realtor.com/realestateagents/,2026-04-22T07:00:00.000000+00:00
Joshua Anderson,Joshua,Anderson,joshua_anderson@compass.com,(912) 870-2134,United Real Estate,Buffalo,NY,Buffalo,NY246548,NY,5,18,15300000,68,B,B,3.0,realtor_scraper,https://www.redfin.com/real-estate-agents,2026-04-22T07:00:00.000000+00:00
Nicholas Anderson,Nicholas,Anderson,andersonnicholas@kw.com,(541) 250-4701,Corcoran Global Living,Santa Fe,NM,Santa Fe,NM774338,NM,7,15,4125000,72,C,C,3.1,realtor_scraper,https://www.homes.com/real-estate-agents/,2026-04-22T07:00:00.000000+00:00
Ashley Stewart,Ashley,Stewart,astewart@realtor.com,(205) 782-3883,RE/MAX,Cleveland,OH,Cleveland,OH846407,OH,1,18,4500000,69,B,B,4.0,realtor_scraper,https://www.bhhs.com/real-estate-agents,2026-04-22T07:00:00.000000+00:00
Brenda Richardson,Brenda,Richardson,brichardson@yahoo.com,(575) 648-2927,Marcus & Millichap,Richmond,VA,Richmond,VA260297,VA,3,22,8250000,87,B,B,4.8,realtor_scraper,https://www.remax.com/real-estate-agents,2026-04-22T07:00:00.000000+00:00
Paul Cooper,Paul,Cooper,pcooper@gmail.com,(215) 761-5236,Redfin,Tampa,FL,Tampa,FL504578,FL,2,15,6000000,87,B,B,3.7,realtor_scraper,https://www.redfin.com/real-estate-agents,2026-04-22T07:00:00.000000+00:00
Steven Adams,Steven,Adams,sadams@century21.com,(850) 935-8922,Corcoran Global Living,San Jose,CA,San Jose,CA301833,CA,5,16,12000000,69,A,A,4.5,realtor_scraper,https://www.trulia.com/real-estate-agents/,2026-04-22T07:00:00.000000+00:00
Emma Adams,Emma,Adams,emma_adams@kw.com,(414) 873-4624,Marcus & Millichap,San Jose,CA,San Jose,CA141170,CA,6,30,22500000,86,A,A,3.9,realtor_scraper,https://www.zillow.com/professionals/real-estate-agents/,2026-04-22T07:00:00.000000+00:00
Raymond Watson,Raymond,Watson,watsonraymond@gmail.com,(318) 549-3381,Zillow Premier Agent,Minneapolis,MN,Minneapolis,MN999639,MN,2,12,4200000,83,A,A,3.6,realtor_scraper,https://www.kw.com/agent,2026-04-22T07:00:00.000000+00:00
Michael Rogers,Michael,Rogers,michaelrogers@hotmail.com,(336) 413-3049,ERA Real Estate,Philadelphia,PA,Philadelphia,PA292787,PA,7,20,5800000,98,A,A,4.4,realtor_scraper,https://www.homes.com/real-estate-agents/,2026-04-22T07:00:00.000000+00:00
Jessica Price,Jessica,Price,pricejessica@aol.com,(205) 287-3009,Century 21,Los Angeles,CA,Los Angeles,CA172526,CA,7,40,30000000,90,A,A,5.0,realtor_scraper,https://www.kw.com/agent,2026-04-22T07:00:00.000000+00:00
Raymond Carter,Raymond,Carter,carterraymond@remax.com,(260) 591-7771,Keller Williams,Chattanooga,TN,Chattanooga,TN579138,TN,4,12,3840000,73,C,C,3.4,realtor_scraper,https://www.redfin.com/real-estate-agents,2026-04-22T07:00:00.000000+00:00
Susan Allen,Susan,Allen,allen.s@compass.com,(901) 311-8852,HomeSmart,Indianapolis,IN,Indianapolis,IN197729,IN,3,10,2400000,83,B,B,3.1,realtor_scraper,https://www.realtor.com/realestateagents/,2026-04-22T07:00:00.000000+00:00
Jacob Perez,Jacob,Perez,jacob_perez@century21.com,(520) 538-1981,JPMorgan Real Estate,Jackson,MS,Jackson,MS617891,MS,2,3,540000,81,C,C,4.1,realtor_scraper,https://www.movoto.com/real-estate-agents/,2026-04-22T07:00:00.000000+00:00
Kathleen Cruz,Kathleen,Cruz,kathleen_cruz@remax.com,(314) 961-7428,Realty ONE Group,St. Louis,MO,St. Louis,MO322579,MO,4,15,3900000,86,B,B,4.4,realtor_scraper,https://www.zillow.com/professionals/real-estate-agents/,2026-04-22T07:00:00.000000+00:00
Daniel Sanchez,Daniel,Sanchez,danielsanchez@century21.com,(205) 369-2861,Century 21,Knoxville,TN,Knoxville,TN791250,TN,5,6,1920000,65,C,C,5.0,realtor_scraper,https://www.trulia.com/real-estate-agents/,2026-04-22T07:00:00.000000+00:00
Cynthia Cook,Cynthia,Cook,ccook@hotmail.com,(402) 270-7239,Zillow Premier Agent,Cedar Rapids,IA,Cedar Rapids,IA725557,IA,4,12,2460000,71,C,C,4.3,realtor_scraper,https://www.realtor.com/realestateagents/,2026-04-22T07:00:00.000000+00:00
Steven Phillips,Steven,Phillips,stevenphillips@remax.com,(541) 384-8391,CBRE,New York,NY,New York,NY423543,NY,4,25,21250000,97,A,A,4.5,realtor_scraper,https://www.zillow.com/professionals/real-estate-agents/,2026-04-22T07:00:00.000000+00:00
Amanda Ward,Amanda,Ward,award@compass.com,(614) 887-3720,CBRE,Dallas,TX,Dallas,TX670710,TX,12,35,12250000,88,A,A,3.8,realtor_scraper,https://www.redfin.com/real-estate-agents,2026-04-22T07:00:00.000000+00:00
Sharon Gutierrez,Sharon,Gutierrez,sharon_gutierrez@outlook.com,(314) 819-1408,Century 21,Salt Lake City,UT,Salt Lake City,UT553182,UT,7,4,2000000,76,B,B,4.9,realtor_scraper,https://www.realtor.com/realestateagents/,2026-04-22T07:00:00.000000+00:00
Justin Mitchell,Justin,Mitchell,justin_mitchell@homesmart.com,(412) 362-9781,Local Brokerage,Richmond,VA,Richmond,VA331295,VA,12,15,5625000,70,B,B,4.3,realtor_scraper,https://www.coldwellbanker.com/real-estate-agents,2026-04-22T07:00:00.000000+00:00
James Jackson,James,Jackson,jacksonjames@gmail.com,(617) 652-1083,Keller Williams,Washington,DC,Washington,DC324881,DC,7,20,14000000,74,A,A,4.3,realtor_scraper,https://www.bhhs.com/real-estate-agents,2026-04-22T07:00:00.000000+00:00
Justin Lopez,Justin,Lopez,justin.lopez@century21.com,(212) 238-9744,RE/MAX,Tampa,FL,Tampa,FL582559,FL,3,8,3200000,65,B,B,3.0,realtor_scraper,https://www.remax.com/real-estate-agents,2026-04-22T07:00:00.000000+00:00
Deborah Hernandez,Deborah,Hernandez,deborah_hernandez@kw.com,(608) 747-7874,JLL,Fresno,CA,Fresno,CA366834,CA,2,28,21000000,72,B,B,3.6,realtor_scraper,https://www.remax.com/real-estate-agents,2026-04-22T07:00:00.000000+00:00
Amy Flores,Amy,Flores,amy.flores@century21.com,(601) 809-9810,Sotheby's International Realty,Fresno,CA,Fresno,CA153436,CA,8,15,11250000,88,B,B,4.2,realtor_scraper,https://www.redfin.com/real-estate-agents,2026-04-22T07:00:00.000000+00:00
Emily Brown,Emily,Brown,emily.brown@sothebysrealty.com,(719) 421-8458,HomeSmart,Omaha,NE,Omaha,NE148888,NE,1,45,10350000,72,B,B,3.8,realtor_scraper,https://www.redfin.com/real-estate-agents,2026-04-22T07:00:00.000000+00:00
Richard Roberts,Richard,Roberts,rroberts@aol.com,(512) 332-7941,Independent Agent,Las Vegas,NV,Las Vegas,NV624940,NV,1,4,1700000,84,B,B,3.9,realtor_scraper,https://www.movoto.com/real-estate-agents/,2026-04-22T07:00:00.000000+00:00
Scott Peterson,Scott,Peterson,scottpeterson20@hotmail.com,(305) 640-5373,JLL,Little Rock,AR,Little Rock,AR319145,AR,4,3,585000,66,C,C,4.7,realtor_scraper,https://www.zillow.com/professionals/real-estate-agents/,2026-04-22T07:00:00.000000+00:00
Dorothy Parker,Dorothy,Parker,parker.d@hotmail.com,(260) 378-1417,RE/MAX,Boston,MA,Boston,MA350656,MA,4,20,13000000,80,A,A,4.0,realtor_scraper,https://www.bhhs.com/real-estate-agents,2026-04-22T07:00:00.000000+00:00
Sharon Wood,Sharon,Wood,sharonwood53@hotmail.com,(408) 785-9216,JLL,Greenville,SC,Greenville,SC446400,SC,2,6,1740000,80,C,C,4.5,realtor_scraper,https://www.zillow.com/professionals/real-estate-agents/,2026-04-22T07:00:00.000000+00:00
Timothy Diaz,Timothy,Diaz,timothy_diaz@century21.com,(828) 857-5413,Local Brokerage,Reno,NV,Reno,NV332646,NV,3,6,2550000,65,C,C,3.2,realtor_scraper,https://www.kw.com/agent,2026-04-22T07:00:00.000000+00:00
Stephanie Long,Stephanie,Long,stephanie_long@kw.com,(408) 279-9476,eXp Realty,Birmingham,AL,Birmingham,AL605344,AL,6,10,2200000,71,B,B,4.8,realtor_scraper,https://www.zillow.com/professionals/real-estate-agents/,2026-04-22T07:00:00.000000+00:00
Thomas Baker,Thomas,Baker,baker.t@remax.com,(402) 854-3492,Redfin,Philadelphia,PA,Philadelphia,PA587258,PA,3,35,10150000,93,A,A,4.4,realtor_scraper,https://www.realtor.com/realestateagents/,2026-04-22T07:00:00.000000+00:00
Christine Clark,Christine,Clark,christine_clark@exp.com,(412) 590-7337,HomeSmart,Phoenix,AZ,Phoenix,AZ541744,AZ,6,20,9000000,98,A,A,3.9,realtor_scraper,https://www.realtor.com/realestateagents/,2026-04-22T07:00:00.000000+00:00
Susan Cruz,Susan,Cruz,susancruz57@century21.com,(414) 516-6546,Zillow Premier Agent,Milwaukee,WI,Milwaukee,WI503413,WI,10,28,7700000,82,B,B,4.5,realtor_scraper,https://www.redfin.com/real-estate-agents,2026-04-22T07:00:00.000000+00:00
Janet Clark,Janet,Clark,janetclark@exp.com,(612) 837-5428,Sotheby's International Realty,Salt Lake City,UT,Salt Lake City,UT921394,UT,7,18,9000000,92,B,B,4.5,realtor_scraper,https://www.redfin.com/real-estate-agents,2026-04-22T07:00:00.000000+00:00
Richard Jimenez,Richard,Jimenez,rjimenez@coldwellbanker.com,(215) 839-8606,Weichert Realtors,Winston-Salem,NC,Winston-Salem,NC929761,NC,2,15,4650000,75,C,C,3.3,realtor_scraper,https://www.homes.com/real-estate-agents/,2026-04-22T07:00:00.000000+00:00
Timothy Richardson,Timothy,Richardson,richardsontimothy@hotmail.com,(608) 361-5452,Local Brokerage,Des Moines,IA,Des Moines,IA773326,IA,2,3,615000,61,C,C,3.5,realtor_scraper,https://www.homes.com/real-estate-agents/,2026-04-22T07:00:00.000000+00:00
Elizabeth Baker,Elizabeth,Baker,baker.e@yahoo.com,(501) 667-3206,Better Homes and Gardens Real Estate,Columbus,OH,Columbus,OH760246,OH,3,22,5500000,78,B,B,4.8,realtor_scraper,https://www.remax.com/real-estate-agents,2026-04-22T07:00:00.000000+00:00
Kevin Long,Kevin,Long,longkevin@coldwellbanker.com,(515) 822-9279,Keller Williams,Philadelphia,PA,Philadelphia,PA934493,PA,4,16,4640000,82,A,A,3.2,realtor_scraper,https://www.trulia.com/real-estate-agents/,2026-04-22T07:00:00.000000+00:00
Barbara Lewis,Barbara,Lewis,blewis@yahoo.com,(205) 234-7896,HomeSmart,Salt Lake City,UT,Salt Lake City,UT197051,UT,2,45,22500000,82,B,B,3.7,realtor_scraper,https://www.homes.com/real-estate-agents/,2026-04-22T07:00:00.000000+00:00
Catherine Myers,Catherine,Myers,catherinemyers35@realtor.com,(509) 474-9765,JPMorgan Real Estate,Spokane,WA,Spokane,WA471184,WA,3,28,16800000,91,C,C,5.0,realtor_scraper,https://www.coldwellbanker.com/real-estate-agents,2026-04-22T07:00:00.000000+00:00
Larry Kelly,Larry,Kelly,kelly.l@aol.com,(970) 220-4062,Redfin,Fresno,CA,Fresno,CA154218,CA,2,18,13500000,68,B,B,3.2,realtor_scraper,https://www.homes.com/real-estate-agents/,2026-04-22T07:00:00.000000+00:00
Samuel Sanders,Samuel,Sanders,samuelsanders@exp.com,(614) 300-1544,JLL,Austin,TX,Austin,TX681397,TX,4,20,7000000,75,A,A,4.5,realtor_scraper,https://www.zillow.com/professionals/real-estate-agents/,2026-04-22T07:00:00.000000+00:00
Jacob Carter,Jacob,Carter,jacobcarter34@exp.com,(612) 429-8818,Compass,Fort Collins,CO,Fort Collins,CO630944,CO,2,8,4400000,71,C,C,4.9,realtor_scraper,https://www.coldwellbanker.com/real-estate-agents,2026-04-22T07:00:00.000000+00:00
Ruth Diaz,Ruth,Diaz,ruth_diaz@coldwellbanker.com,(509) 493-9433,Windermere Real Estate,Los Angeles,CA,Los Angeles,CA933808,CA,3,25,18750000,83,A,A,4.0,realtor_scraper,https://www.remax.com/real-estate-agents,2026-04-22T07:00:00.000000+00:00
Nicholas Allen,Nicholas,Allen,allennicholas@hotmail.com,(608) 606-8882,eXp Realty,Knoxville,TN,Knoxville,TN250385,TN,7,10,3200000,72,C,C,4.4,realtor_scraper,https://www.coldwellbanker.com/real-estate-agents,2026-04-22T07:00:00.000000+00:00
Sandra Edwards,Sandra,Edwards,edwards.s@remax.com,(901) 983-1200,Cushman & Wakefield,Houston,TX,Houston,TX917861,TX,12,35,12250000,91,A,A,3.5,realtor_scraper,https://www.movoto.com/real-estate-agents/,2026-04-22T07:00:00.000000+00:00
Samuel Parker,Samuel,Parker,samuelparker@gmail.com,(520) 569-9240,Corcoran Global Living,Kansas City,MO,Kansas City,MO588278,MO,6,8,2080000,68,B,B,4.3,realtor_scraper,https://www.redfin.com/real-estate-agents,2026-04-22T07:00:00.000000+00:00
Samuel Johnson,Samuel,Johnson,samuel.johnson@kw.com,(479) 577-9465,Keller Williams,Oklahoma City,OK,Oklahoma City,OK536026,OK,8,18,3780000,77,B,B,3.5,realtor_scraper,https://www.redfin.com/real-estate-agents,2026-04-22T07:00:00.000000+00:00
Maria Hill,Maria,Hill,hill.m@compass.com,(318) 523-8330,Windermere Real Estate,Los Angeles,CA,Los Angeles,CA933298,CA,6,20,15000000,89,A,A,4.0,realtor_scraper,https://www.homes.com/real-estate-agents/,2026-04-22T07:00:00.000000+00:00
Jacob Hughes,Jacob,Hughes,jhughes@remax.com,(951) 544-1881,CBRE,Atlanta,GA,Atlanta,GA102076,GA,5,25,8125000,78,A,A,3.0,realtor_scraper,https://www.movoto.com/real-estate-agents/,2026-04-22T07:00:00.000000+00:00
Carolyn Mitchell,Carolyn,Mitchell,mitchellcarolyn@compass.com,(614) 571-3750,Compass,Portland,OR,Portland,OR794164,OR,6,30,15000000,96,A,A,3.0,realtor_scraper,https://www.remax.com/real-estate-agents,2026-04-22T07:00:00.000000+00:00
Ryan Patel,Ryan,Patel,ryan.patel@kw.com,(410) 840-5532,Marcus & Millichap,Portland,OR,Portland,OR842789,OR,3,16,8000000,91,A,A,4.9,realtor_scraper,https://www.kw.com/agent,2026-04-22T07:00:00.000000+00:00
Robert Clark,Robert,Clark,robertclark@outlook.com,(513) 863-6560,Redfin,Miami,FL,Miami,FL981550,FL,12,30,12000000,78,A,A,4.3,realtor_scraper,https://www.movoto.com/real-estate-agents/,2026-04-22T07:00:00.000000+00:00
Shirley Allen,Shirley,Allen,sallen@hotmail.com,(423) 913-9327,Weichert Realtors,Nashville,TN,Nashville,TN377087,TN,7,25,8000000,82,A,A,5.0,realtor_scraper,https://www.kw.com/agent,2026-04-22T07:00:00.000000+00:00
Debra Thompson,Debra,Thompson,dthompson@weichert.com,(520) 866-4690,Zillow Premier Agent,Los Angeles,CA,Los Angeles,CA452841,CA,6,16,12000000,89,A,A,4.5,realtor_scraper,https://www.coldwellbanker.com/real-estate-agents,2026-04-22T07:00:00.000000+00:00
Anna Richardson,Anna,Richardson,richardsonanna@sothebysrealty.com,(702) 986-6941,Compass,Chicago,IL,Chicago,IL734802,IL,15,16,4800000,95,A,A,4.2,realtor_scraper,https://www.coldwellbanker.com/real-estate-agents,2026-04-22T07:00:00.000000+00:00
Catherine Adams,Catherine,Adams,catherine_adams@exp.com,(402) 964-4754,Marcus & Millichap,Atlanta,GA,Atlanta,GA334258,GA,6,8,2600000,81,A,A,3.1,realtor_scraper,https://www.redfin.com/real-estate-agents,2026-04-22T07:00:00.000000+00:00
Brian Smith,Brian,Smith,briansmith@exp.com,(316) 554-9353,Sotheby's International Realty,Fresno,CA,Fresno,CA266141,CA,3,4,3000000,73,B,B,3.7,realtor_scraper,https://www.bhhs.com/real-estate-agents,2026-04-22T07:00:00.000000+00:00
Maria Garcia,Maria,Garcia,garciamaria@hotmail.com,(505) 403-2146,Cushman & Wakefield,Fort Wayne,IN,Fort Wayne,IN932336,IN,3,10,2400000,82,C,C,3.9,realtor_scraper,https://www.kw.com/agent,2026-04-22T07:00:00.000000+00:00
Lisa Evans,Lisa,Evans,evans.l@kw.com,(206) 628-6135,Redfin,Tucson,AZ,Tucson,AZ656351,AZ,1,15,6750000,73,B,B,4.9,realtor_scraper,https://www.bhhs.com/real-estate-agents,2026-04-22T07:00:00.000000+00:00
Andrew King,Andrew,King,andrewking@sothebysrealty.com,(316) 916-1272,Cushman & Wakefield,Indianapolis,IN,Indianapolis,IN417383,IN,6,8,1920000,68,B,B,3.5,realtor_scraper,https://www.realtor.com/realestateagents/,2026-04-22T07:00:00.000000+00:00
Ryan Thompson,Ryan,Thompson,ryan_thompson@compass.com,(806) 658-6282,Sotheby's International Realty,Spokane,WA,Spokane,WA338676,WA,4,10,6000000,84,C,C,3.9,realtor_scraper,https://www.trulia.com/real-estate-agents/,2026-04-22T07:00:00.000000+00:00
Jessica Kelly,Jessica,Kelly,kelly.j@homesmart.com,(213) 545-6521,Independent Agent,Seattle,WA,Seattle,WA613614,WA,6,20,12000000,85,A,A,3.2,realtor_scraper,https://www.kw.com/agent,2026-04-22T07:00:00.000000+00:00
Carolyn Rodriguez,Carolyn,Rodriguez,carolyn.rodriguez@compass.com,(312) 237-7727,JLL,Cleveland,OH,Cleveland,OH289295,OH,8,10,2500000,75,B,B,3.5,realtor_scraper,https://www.zillow.com/professionals/real-estate-agents/,2026-04-22T07:00:00.000000+00:00
Debra Roberts,Debra,Roberts,debra_roberts@realtor.com,(318) 352-6663,RE/MAX,Rochester,NY,Rochester,NY581222,NY,7,4,3400000,78,B,B,4.6,realtor_scraper,https://www.homes.com/real-estate-agents/,2026-04-22T07:00:00.000000+00:00
Shirley Rodriguez,Shirley,Rodriguez,rodriguez.s@weichert.com,(559) 289-4692,Keller Williams,Knoxville,TN,Knoxville,TN650155,TN,2,8,2560000,67,C,C,4.3,realtor_scraper,https://www.bhhs.com/real-estate-agents,2026-04-22T07:00:00.000000+00:00
Ryan Long,Ryan,Long,longryan@compass.com,(212) 639-9164,Sotheby's International Realty,San Francisco,CA,San Francisco,CA388117,CA,8,16,12000000,98,A,A,4.8,realtor_scraper,https://www.kw.com/agent,2026-04-22T07:00:00.000000+00:00
Matthew Williams,Matthew,Williams,williams.m@homesmart.com,(850) 581-9128,Independent Agent,Seattle,WA,Seattle,WA585248,WA,4,25,15000000,92,A,A,3.4,realtor_scraper,https://www.homes.com/real-estate-agents/,2026-04-22T07:00:00.000000+00:00
Linda Cruz,Linda,Cruz,linda.cruz@homesmart.com,(608) 776-8495,ERA Real Estate,Boston,MA,Boston,MA442622,MA,3,35,22750000,86,A,A,3.8,realtor_scraper,https://www.kw.com/agent,2026-04-22T07:00:00.000000+00:00
Benjamin Perez,Benjamin,Perez,perez.b@sothebysrealty.com,(864) 566-6775,ERA Real Estate,Atlanta,GA,Atlanta,GA602429,GA,7,25,8125000,91,A,A,5.0,realtor_scraper,https://www.zillow.com/professionals/real-estate-agents/,2026-04-22T07:00:00.000000+00:00
William Parker,William,Parker,williamparker@century21.com,(816) 230-8617,Better Homes and Gardens Real Estate,Austin,TX,Austin,TX465814,TX,10,8,2800000,86,A,A,4.5,realtor_scraper,https://www.kw.com/agent,2026-04-22T07:00:00.000000+00:00
Sarah Flores,Sarah,Flores,sflores@compass.com,(316) 576-2088,Keller Williams,Cincinnati,OH,Cincinnati,OH302867,OH,5,8,2000000,63,B,B,4.8,realtor_scraper,https://www.movoto.com/real-estate-agents/,2026-04-22T07:00:00.000000+00:00
Christopher Mitchell,Christopher,Mitchell,christophermitchell@homesmart.com,(843) 205-7559,Coldwell Banker,New York,NY,New York,NY544996,NY,15,50,42500000,95,A,A,3.0,realtor_scraper,https://www.coldwellbanker.com/real-estate-agents,2026-04-22T07:00:00.000000+00:00
Ronald White,Ronald,White,ronald.white@gmail.com,(503) 227-8045,Cushman & Wakefield,Dallas,TX,Dallas,TX995656,TX,4,50,17500000,92,A,A,3.1,realtor_scraper,https://www.redfin.com/real-estate-agents,2026-04-22T07:00:00.000000+00:00
Katherine Robinson,Katherine,Robinson,katherinerobinson57@homesmart.com,(319) 585-5862,CBRE,Philadelphia,PA,Philadelphia,PA710273,PA,6,30,8700000,80,A,A,3.3,realtor_scraper,https://www.bhhs.com/real-estate-agents,2026-04-22T07:00:00.000000+00:00
Christopher Cooper,Christopher,Cooper,christopher.cooper@remax.com,(916) 916-5888,Century 21,Pittsburgh,PA,Pittsburgh,PA384935,PA,8,12,3480000,84,B,B,4.4,realtor_scraper,https://www.kw.com/agent,2026-04-22T07:00:00.000000+00:00
Pamela Nguyen,Pamela,Nguyen,nguyenpamela@coldwellbanker.com,(319) 213-9910,Better Homes and Gardens Real Estate,Santa Fe,NM,Santa Fe,NM248816,NM,5,20,5500000,68,C,C,3.7,realtor_scraper,https://www.kw.com/agent,2026-04-22T07:00:00.000000+00:00
Michelle Reyes,Michelle,Reyes,michelle.reyes@remax.com,(513) 842-7150,ERA Real Estate,Wichita,KS,Wichita,KS149888,KS,8,8,1600000,65,C,C,3.5,realtor_scraper,https://www.zillow.com/professionals/real-estate-agents/,2026-04-22T07:00:00.000000+00:00
Benjamin Hall,Benjamin,Hall,benjamin_hall@coldwellbanker.com,(319) 433-4567,Keller Williams,Dallas,TX,Dallas,TX765904,TX,10,35,12250000,100,A,A,3.1,realtor_scraper,https://www.redfin.com/real-estate-agents,2026-04-22T07:00:00.000000+00:00
Dennis Brooks,Dennis,Brooks,dennisbrooks@homesmart.com,(313) 609-5620,Compass,Miami,FL,Miami,FL224841,FL,7,40,16000000,91,A,A,4.8,realtor_scraper,https://www.remax.com/real-estate-agents,2026-04-22T07:00:00.000000+00:00
Carol Cox,Carol,Cox,carolcox6@gmail.com,(515) 881-4885,Century 21,Birmingham,AL,Birmingham,AL869874,AL,5,10,2200000,80,B,B,3.4,realtor_scraper,https://www.trulia.com/real-estate-agents/,2026-04-22T07:00:00.000000+00:00
Jack Hill,Jack,Hill,jackhill53@remax.com,(212) 370-6506,eXp Realty,Asheville,NC,Asheville,NC644115,NC,3,8,2480000,77,C,C,4.2,realtor_scraper,https://www.homes.com/real-estate-agents/,2026-04-22T07:00:00.000000+00:00
Robert Morales,Robert,Morales,moralesrobert@weichert.com,(515) 831-5036,Better Homes and Gardens Real Estate,Tucson,AZ,Tucson,AZ115415,AZ,3,4,1800000,69,B,B,3.3,realtor_scraper,https://www.zillow.com/professionals/real-estate-agents/,2026-04-22T07:00:00.000000+00:00
Deborah Sanders,Deborah,Sanders,deborahsanders@aol.com,(614) 646-5634,Redfin,Charlotte,NC,Charlotte,NC607826,NC,4,45,13950000,92,B,B,4.6,realtor_scraper,https://www.homes.com/real-estate-agents/,2026-04-22T07:00:00.000000+00:00
Rebecca Miller,Rebecca,Miller,rebecca_miller@exp.com,(801) 347-6611,United Real Estate,San Antonio,TX,San Antonio,TX990684,TX,4,22,7700000,85,B,B,4.4,realtor_scraper,https://www.zillow.com/professionals/real-estate-agents/,2026-04-22T07:00:00.000000+00:00
Jerry Mitchell,Jerry,Mitchell,jerrymitchell41@realtor.com,(614) 916-2343,Berkshire Hathaway HomeServices,Omaha,NE,Omaha,NE650759,NE,5,15,3450000,70,B,B,3.8,realtor_scraper,https://www.coldwellbanker.com/real-estate-agents,2026-04-22T07:00:00.000000+00:00
Carolyn Turner,Carolyn,Turner,carolyn.turner@outlook.com,(951) 386-5131,JLL,Milwaukee,WI,Milwaukee,WI809650,WI,5,18,4950000,90,B,B,4.9,realtor_scraper,https://www.redfin.com/real-estate-agents,2026-04-22T07:00:00.000000+00:00
Maria Roberts,Maria,Roberts,mroberts@outlook.com,(608) 985-1543,Local Brokerage,Portland,OR,Portland,OR116198,OR,4,20,10000000,80,A,A,4.9,realtor_scraper,https://www.bhhs.com/real-estate-agents,2026-04-22T07:00:00.000000+00:00
Michael Richardson,Michael,Richardson,richardsonmichael@aol.com,(513) 992-8512,Local Brokerage,Miami,FL,Miami,FL723595,FL,6,50,20000000,87,A,A,4.5,realtor_scraper,https://www.bhhs.com/real-estate-agents,2026-04-22T07:00:00.000000+00:00
Rebecca Green,Rebecca,Green,green.r@outlook.com,(541) 558-8307,RE/MAX,Phoenix,AZ,Phoenix,AZ833438,AZ,3,16,7200000,93,A,A,4.3,realtor_scraper,https://www.coldwellbanker.com/real-estate-agents,2026-04-22T07:00:00.000000+00:00
Michelle Reed,Michelle,Reed,michelle.reed@coldwellbanker.com,(501) 816-4909,Better Homes and Gardens Real Estate,Fort Collins,CO,Fort Collins,CO557199,CO,5,6,3300000,70,C,C,3.3,realtor_scraper,https://www.redfin.com/real-estate-agents,2026-04-22T07:00:00.000000+00:00
Dorothy Cooper,Dorothy,Cooper,cooperdorothy@sothebysrealty.com,(414) 944-8354,Marcus & Millichap,San Antonio,TX,San Antonio,TX969754,TX,10,45,15750000,84,B,B,4.6,realtor_scraper,https://www.coldwellbanker.com/real-estate-agents,2026-04-22T07:00:00.000000+00:00
Joseph Perez,Joseph,Perez,joseph_perez@coldwellbanker.com,(916) 886-6324,Cushman & Wakefield,Las Vegas,NV,Las Vegas,NV985188,NV,1,35,14875000,94,B,B,5.0,realtor_scraper,https://www.bhhs.com/real-estate-agents,2026-04-22T07:00:00.000000+00:00
Betty Baker,Betty,Baker,bettybaker17@exp.com,(608) 424-9090,Independent Agent,Chicago,IL,Chicago,IL159743,IL,7,35,10500000,87,A,A,3.7,realtor_scraper,https://www.kw.com/agent,2026-04-22T07:00:00.000000+00:00
Alexander Watson,Alexander,Watson,watson.a@outlook.com,(804) 619-1642,Redfin,Oklahoma City,OK,Oklahoma City,OK699155,OK,6,15,3150000,77,B,B,3.2,realtor_scraper,https://www.movoto.com/real-estate-agents/,2026-04-22T07:00:00.000000+00:00
Dorothy Alvarez,Dorothy,Alvarez,dalvarez@sothebysrealty.com,(410) 283-7234,Corcoran Global Living,Nashville,TN,Nashville,TN956848,TN,4,16,5120000,68,A,A,3.1,realtor_scraper,https://www.redfin.com/real-estate-agents,2026-04-22T07:00:00.000000+00:00
Karen Rodriguez,Karen,Rodriguez,krodriguez@sothebysrealty.com,(318) 438-8193,Berkshire Hathaway HomeServices,Montgomery,AL,Montgomery,AL649087,AL,2,28,6160000,88,C,C,4.5,realtor_scraper,https://www.movoto.com/real-estate-agents/,2026-04-22T07:00:00.000000+00:00
James Perez,James,Perez,jamesperez@sothebysrealty.com,(415) 608-8443,Independent Agent,San Diego,CA,San Diego,CA415199,CA,3,40,30000000,77,A,A,4.2,realtor_scraper,https://www.remax.com/real-estate-agents,2026-04-22T07:00:00.000000+00:00
Stephanie Foster,Stephanie,Foster,stephanie_foster@hotmail.com,(312) 531-5000,Berkshire Hathaway HomeServices,San Diego,CA,San Diego,CA221549,CA,5,35,26250000,86,A,A,4.8,realtor_scraper,https://www.kw.com/agent,2026-04-22T07:00:00.000000+00:00
Samuel Murphy,Samuel,Murphy,samuelmurphy@exp.com,(850) 263-7565,Realty ONE Group,Mobile,AL,Mobile,AL792075,AL,2,15,3300000,81,C,C,4.8,realtor_scraper,https://www.redfin.com/real-estate-agents,2026-04-22T07:00:00.000000+00:00
George Cook,George,Cook,cookgeorge@aol.com,(843) 452-5435,Coldwell Banker,Austin,TX,Austin,TX381806,TX,2,60,21000000,83,A,A,4.3,realtor_scraper,https://www.movoto.com/real-estate-agents/,2026-04-22T07:00:00.000000+00:00
Gary Cox,Gary,Cox,garycox@coldwellbanker.com,(313) 539-2716,Realty ONE Group,Sacramento,CA,Sacramento,CA267407,CA,5,45,33750000,78,B,B,4.6,realtor_scraper,https://www.movoto.com/real-estate-agents/,2026-04-22T07:00:00.000000+00:00
Emma Mendoza,Emma,Mendoza,emendoza@sothebysrealty.com,(251) 308-4822,Sotheby's International Realty,Detroit,MI,Detroit,MI170763,MI,5,12,3300000,71,B,B,3.5,realtor_scraper,https://www.movoto.com/real-estate-agents/,2026-04-22T07:00:00.000000+00:00
Raymond Ortiz,Raymond,Ortiz,raymond.ortiz@homesmart.com,(702) 517-5980,Compass,Colorado Springs,CO,Colorado Springs,CO915413,CO,8,12,6600000,74,C,C,3.4,realtor_scraper,https://www.redfin.com/real-estate-agents,2026-04-22T07:00:00.000000+00:00
Katherine Stewart,Katherine,Stewart,katherinestewart33@hotmail.com,(585) 432-9463,Windermere Real Estate,Tallahassee,FL,Tallahassee,FL601384,FL,3,6,2400000,75,C,C,4.5,realtor_scraper,https://www.remax.com/real-estate-agents,2026-04-22T07:00:00.000000+00:00
Timothy Ross,Timothy,Ross,ross.t@sothebysrealty.com,(716) 309-2661,Corcoran Global Living,Lincoln,NE,Lincoln,NE249260,NE,2,28,6440000,82,C,C,4.7,realtor_scraper,https://www.bhhs.com/real-estate-agents,2026-04-22T07:00:00.000000+00:00
Emma Kim,Emma,Kim,kim.e@compass.com,(916) 904-4944,Berkshire Hathaway HomeServices,Tallahassee,FL,Tallahassee,FL574081,FL,2,3,1200000,80,C,C,4.3,realtor_scraper,https://www.remax.com/real-estate-agents,2026-04-22T07:00:00.000000+00:00
Ruth Adams,Ruth,Adams,radams@gmail.com,(316) 414-7493,Century 21,Washington,DC,Washington,DC291800,DC,6,35,24500000,80,A,A,4.9,realtor_scraper,https://www.bhhs.com/real-estate-agents,2026-04-22T07:00:00.000000+00:00
Margaret Richardson,Margaret,Richardson,mrichardson@sothebysrealty.com,(804) 497-4861,Coldwell Banker,Miami,FL,Miami,FL238156,FL,12,20,8000000,94,A,A,3.7,realtor_scraper,https://www.homes.com/real-estate-agents/,2026-04-22T07:00:00.000000+00:00
Dorothy Phillips,Dorothy,Phillips,dorothyphillips@compass.com,(407) 776-3779,Better Homes and Gardens Real Estate,Reno,NV,Reno,NV123864,NV,2,6,2550000,63,C,C,3.5,realtor_scraper,https://www.remax.com/real-estate-agents,2026-04-22T07:00:00.000000+00:00
Sarah Chavez,Sarah,Chavez,schavez@yahoo.com,(205) 682-3932,Local Brokerage,Lincoln,NE,Lincoln,NE459184,NE,6,10,2300000,88,C,C,4.1,realtor_scraper,https://www.redfin.com/real-estate-agents,2026-04-22T07:00:00.000000+00:00
Dorothy Cruz,Dorothy,Cruz,dorothycruz@sothebysrealty.com,(704) 267-9312,Local Brokerage,Las Vegas,NV,Las Vegas,NV568206,NV,7,15,6375000,90,B,B,4.7,realtor_scraper,https://www.homes.com/real-estate-agents/,2026-04-22T07:00:00.000000+00:00
Gregory Ruiz,Gregory,Ruiz,ruiz.g@exp.com,(515) 383-4328,Cushman & Wakefield,San Jose,CA,San Jose,CA580303,CA,4,25,18750000,88,A,A,4.3,realtor_scraper,https://www.redfin.com/real-estate-agents,2026-04-22T07:00:00.000000+00:00
Joseph Hernandez,Joseph,Hernandez,josephhernandez@realtor.com,(412) 896-1776,RE/MAX,Minneapolis,MN,Minneapolis,MN739789,MN,8,40,14000000,89,A,A,3.6,realtor_scraper,https://www.kw.com/agent,2026-04-22T07:00:00.000000+00:00
David Jones,David,Jones,davidjones70@homesmart.com,(408) 708-8290,Zillow Premier Agent,Nashville,TN,Nashville,TN424489,TN,10,60,19200000,81,A,A,3.2,realtor_scraper,https://www.movoto.com/real-estate-agents/,2026-04-22T07:00:00.000000+00:00
Patricia Perez,Patricia,Perez,patricia_perez@century21.com,(702) 235-9328,Independent Agent,Omaha,NE,Omaha,NE769263,NE,2,4,920000,64,B,B,3.1,realtor_scraper,https://www.remax.com/real-estate-agents,2026-04-22T07:00:00.000000+00:00
Michelle Price,Michelle,Price,michelle_price@aol.com,(806) 865-6033,Marcus & Millichap,Mobile,AL,Mobile,AL329140,AL,8,10,2200000,86,C,C,4.6,realtor_scraper,https://www.redfin.com/real-estate-agents,2026-04-22T07:00:00.000000+00:00
Jeffrey Young,Jeffrey,Young,young.j@aol.com,(713) 491-5653,JLL,Chicago,IL,Chicago,IL545386,IL,3,20,6000000,77,A,A,3.3,realtor_scraper,https://www.movoto.com/real-estate-agents/,2026-04-22T07:00:00.000000+00:00
Kimberly Allen,Kimberly,Allen,allen.k@homesmart.com,(215) 480-2679,Cushman & Wakefield,Memphis,TN,Memphis,TN104777,TN,5,8,2560000,76,B,B,3.7,realtor_scraper,https://www.remax.com/real-estate-agents,2026-04-22T07:00:00.000000+00:00
Carol Patel,Carol,Patel,carolpatel24@hotmail.com,(619) 896-8589,Century 21,Oklahoma City,OK,Oklahoma City,OK920718,OK,2,15,3150000,83,B,B,4.5,realtor_scraper,https://www.bhhs.com/real-estate-agents,2026-04-22T07:00:00.000000+00:00
Jack Wilson,Jack,Wilson,jack.wilson@hotmail.com,(412) 231-8684,Keller Williams,Atlanta,GA,Atlanta,GA104423,GA,10,16,5200000,90,A,A,4.2,realtor_scraper,https://www.zillow.com/professionals/real-estate-agents/,2026-04-22T07:00:00.000000+00:00
Timothy Castillo,Timothy,Castillo,timothy.castillo@remax.com,(216) 561-6878,Marcus & Millichap,Boise,ID,Boise,ID164358,ID,2,6,2850000,70,C,C,3.5,realtor_scraper,https://www.bhhs.com/real-estate-agents,2026-04-22T07:00:00.000000+00:00
Ashley Hill,Ashley,Hill,ashley_hill@remax.com,(503) 837-1014,Coldwell Banker,Bend,OR,Bend,OR429228,OR,4,6,3000000,76,C,C,4.1,realtor_scraper,https://www.remax.com/real-estate-agents,2026-04-22T07:00:00.000000+00:00
Mary Sanders,Mary,Sanders,sanders.m@outlook.com,(704) 962-5221,RE/MAX,Las Vegas,NV,Las Vegas,NV238245,NV,5,18,7650000,84,B,B,3.1,realtor_scraper,https://www.zillow.com/professionals/real-estate-agents/,2026-04-22T07:00:00.000000+00:00
Maria Green,Maria,Green,greenmaria@sothebysrealty.com,(828) 780-3042,CBRE,San Francisco,CA,San Francisco,CA327801,CA,3,35,26250000,98,A,A,3.9,realtor_scraper,https://www.zillow.com/professionals/real-estate-agents/,2026-04-22T07:00:00.000000+00:00
Ashley Ramos,Ashley,Ramos,ashley_ramos@century21.com,(402) 621-6041,Weichert Realtors,Miami,FL,Miami,FL431830,FL,10,20,8000000,82,A,A,4.5,realtor_scraper,https://www.bhhs.com/real-estate-agents,2026-04-22T07:00:00.000000+00:00
Rachel Nelson,Rachel,Nelson,rachel.nelson@aol.com,(505) 789-2811,HomeSmart,Miami,FL,Miami,FL110148,FL,7,16,6400000,76,A,A,4.9,realtor_scraper,https://www.realtor.com/realestateagents/,2026-04-22T07:00:00.000000+00:00
Jessica Flores,Jessica,Flores,floresjessica@aol.com,(313) 361-6482,Independent Agent,Tallahassee,FL,Tallahassee,FL443426,FL,7,10,4000000,88,C,C,3.1,realtor_scraper,https://www.trulia.com/real-estate-agents/,2026-04-22T07:00:00.000000+00:00
Daniel Ross,Daniel,Ross,ross.d@exp.com,(504) 699-2148,Weichert Realtors,Seattle,WA,Seattle,WA652992,WA,15,16,9600000,82,A,A,3.9,realtor_scraper,https://www.homes.com/real-estate-agents/,2026-04-22T07:00:00.000000+00:00
Helen Davis,Helen,Davis,helendavis42@yahoo.com,(415) 392-4019,Zillow Premier Agent,Portland,OR,Portland,OR310272,OR,2,25,12500000,98,A,A,3.6,realtor_scraper,https://www.realtor.com/realestateagents/,2026-04-22T07:00:00.000000+00:00
Sarah Miller,Sarah,Miller,sarahmiller@aol.com,(502) 538-2395,Century 21,Pittsburgh,PA,Pittsburgh,PA615266,PA,5,28,8120000,93,B,B,4.2,realtor_scraper,https://www.coldwellbanker.com/real-estate-agents,2026-04-22T07:00:00.000000+00:00
Catherine Edwards,Catherine,Edwards,edwards.c@sothebysrealty.com,(316) 474-8000,Realty ONE Group,Columbus,OH,Columbus,OH541203,OH,4,10,2500000,62,B,B,3.5,realtor_scraper,https://www.realtor.com/realestateagents/,2026-04-22T07:00:00.000000+00:00
Margaret Ortiz,Margaret,Ortiz,margaretortiz13@outlook.com,(813) 225-8399,Better Homes and Gardens Real Estate,Santa Fe,NM,Santa Fe,NM292126,NM,6,6,1650000,76,C,C,4.7,realtor_scraper,https://www.zillow.com/professionals/real-estate-agents/,2026-04-22T07:00:00.000000+00:00
Ryan Johnson,Ryan,Johnson,ryan.johnson@weichert.com,(214) 403-8295,RE/MAX,Buffalo,NY,Buffalo,NY579028,NY,1,10,8500000,72,B,B,3.5,realtor_scraper,https://www.bhhs.com/real-estate-agents,2026-04-22T07:00:00.000000+00:00
Elizabeth Ramirez,Elizabeth,Ramirez,eramirez@sothebysrealty.com,(216) 478-6796,Sotheby's International Realty,Dallas,TX,Dallas,TX368347,TX,2,30,10500000,74,A,A,3.5,realtor_scraper,https://www.remax.com/real-estate-agents,2026-04-22T07:00:00.000000+00:00
Michael Watson,Michael,Watson,mwatson@exp.com,(404) 331-4927,Cushman & Wakefield,New York,NY,New York,NY953891,NY,7,50,42500000,99,A,A,4.4,realtor_scraper,https://www.remax.com/real-estate-agents,2026-04-22T07:00:00.000000+00:00
Nicole Ward,Nicole,Ward,nward@compass.com,(319) 954-8245,Weichert Realtors,Seattle,WA,Seattle,WA284015,WA,8,20,12000000,96,A,A,3.7,realtor_scraper,https://www.zillow.com/professionals/real-estate-agents/,2026-04-22T07:00:00.000000+00:00
Laura Sanders,Laura,Sanders,sanderslaura@weichert.com,(575) 951-7794,United Real Estate,Jackson,MS,Jackson,MS487678,MS,1,6,1080000,77,C,C,4.4,realtor_scraper,https://www.kw.com/agent,2026-04-22T07:00:00.000000+00:00
Timothy Flores,Timothy,Flores,florestimothy@compass.com,(916) 278-6602,Windermere Real Estate,San Francisco,CA,San Francisco,CA337993,CA,6,50,37500000,86,A,A,4.5,realtor_scraper,https://www.redfin.com/real-estate-agents,2026-04-22T07:00:00.000000+00:00
Paul Carter,Paul,Carter,carter.p@weichert.com,(312) 556-1422,Redfin,Richmond,VA,Richmond,VA379598,VA,6,8,3000000,86,B,B,4.2,realtor_scraper,https://www.redfin.com/real-estate-agents,2026-04-22T07:00:00.000000+00:00
Margaret Ortiz,Margaret,Ortiz,ortizmargaret@compass.com,(213) 595-6454,eXp Realty,Riverside,CA,Riverside,CA606797,CA,1,10,7500000,73,B,B,5.0,realtor_scraper,https://www.movoto.com/real-estate-agents/,2026-04-22T07:00:00.000000+00:00
Richard Alvarez,Richard,Alvarez,richard_alvarez@exp.com,(423) 549-4641,Windermere Real Estate,Atlanta,GA,Atlanta,GA676045,GA,6,25,8125000,93,A,A,3.4,realtor_scraper,https://www.homes.com/real-estate-agents/,2026-04-22T07:00:00.000000+00:00
Stephen Adams,Stephen,Adams,stephen.adams@sothebysrealty.com,(402) 966-2859,Sotheby's International Realty,Lubbock,TX,Lubbock,TX534560,TX,3,10,3500000,82,C,C,3.8,realtor_scraper,https://www.bhhs.com/real-estate-agents,2026-04-22T07:00:00.000000+00:00
Catherine Martin,Catherine,Martin,catherinemartin@hotmail.com,(912) 758-7747,Cushman & Wakefield,Oklahoma City,OK,Oklahoma City,OK224949,OK,12,45,9450000,75,B,B,3.2,realtor_scraper,https://www.kw.com/agent,2026-04-22T07:00:00.000000+00:00
Angela Torres,Angela,Torres,atorres@kw.com,(313) 631-6637,Zillow Premier Agent,Omaha,NE,Omaha,NE215119,NE,3,15,3450000,68,B,B,4.8,realtor_scraper,https://www.coldwellbanker.com/real-estate-agents,2026-04-22T07:00:00.000000+00:00
Maria Martin,Maria,Martin,maria.martin@hotmail.com,(423) 852-3433,RE/MAX,Milwaukee,WI,Milwaukee,WI371173,WI,7,8,2200000,76,B,B,3.0,realtor_scraper,https://www.remax.com/real-estate-agents,2026-04-22T07:00:00.000000+00:00
Carolyn Cruz,Carolyn,Cruz,carolyn_cruz@exp.com,(801) 661-6093,Berkshire Hathaway HomeServices,Dallas,TX,Dallas,TX484039,TX,4,25,8750000,87,A,A,5.0,realtor_scraper,https://www.kw.com/agent,2026-04-22T07:00:00.000000+00:00
Dorothy Myers,Dorothy,Myers,myers.d@realtor.com,(503) 857-1468,Weichert Realtors,Pittsburgh,PA,Pittsburgh,PA671996,PA,6,4,1160000,82,B,B,4.8,realtor_scraper,https://www.kw.com/agent,2026-04-22T07:00:00.000000+00:00
Emily Brooks,Emily,Brooks,emilybrooks90@weichert.com,(843) 817-1959,Redfin,St. Louis,MO,St. Louis,MO691594,MO,10,8,2080000,71,B,B,4.1,realtor_scraper,https://www.realtor.com/realestateagents/,2026-04-22T07:00:00.000000+00:00
James Parker,James,Parker,jamesparker@aol.com,(318) 934-1918,Zillow Premier Agent,Birmingham,AL,Birmingham,AL602023,AL,7,10,2200000,72,B,B,4.4,realtor_scraper,https://www.redfin.com/real-estate-agents,2026-04-22T07:00:00.000000+00:00
Justin Wilson,Justin,Wilson,justin.wilson@hotmail.com,(801) 270-1952,Sotheby's International Realty,Phoenix,AZ,Phoenix,AZ670861,AZ,8,40,18000000,85,A,A,4.1,realtor_scraper,https://www.remax.com/real-estate-agents,2026-04-22T07:00:00.000000+00:00
Ashley Stewart,Ashley,Stewart,ashley.stewart@sothebysrealty.com,(314) 943-7383,Independent Agent,Sacramento,CA,Sacramento,CA940604,CA,6,28,21000000,97,B,B,3.6,realtor_scraper,https://www.trulia.com/real-estate-agents/,2026-04-22T07:00:00.000000+00:00
Steven Hill,Steven,Hill,stevenhill@realtor.com,(601) 726-7186,HomeSmart,Jackson,MS,Jackson,MS523780,MS,3,10,1800000,85,C,C,4.9,realtor_scraper,https://www.bhhs.com/real-estate-agents,2026-04-22T07:00:00.000000+00:00
Michelle Miller,Michelle,Miller,mmiller@weichert.com,(901) 621-9765,RE/MAX,Colorado Springs,CO,Colorado Springs,CO797118,CO,6,3,1650000,71,C,C,3.8,realtor_scraper,https://www.homes.com/real-estate-agents/,2026-04-22T07:00:00.000000+00:00
Joshua Lopez,Joshua,Lopez,joshua.lopez@outlook.com,(213) 611-8031,Zillow Premier Agent,Detroit,MI,Detroit,MI903320,MI,3,15,4125000,70,B,B,4.7,realtor_scraper,https://www.trulia.com/real-estate-agents/,2026-04-22T07:00:00.000000+00:00
Emma Torres,Emma,Torres,emmatorres@kw.com,(404) 975-9848,Marcus & Millichap,Cincinnati,OH,Cincinnati,OH317148,OH,5,10,2500000,76,B,B,3.6,realtor_scraper,https://www.homes.com/real-estate-agents/,2026-04-22T07:00:00.000000+00:00
Sharon Smith,Sharon,Smith,sharonsmith54@kw.com,(213) 979-7846,Compass,Atlanta,GA,Atlanta,GA813820,GA,10,30,9750000,83,A,A,3.6,realtor_scraper,https://www.movoto.com/real-estate-agents/,2026-04-22T07:00:00.000000+00:00
Dorothy Ross,Dorothy,Ross,dorothyross57@compass.com,(716) 367-2236,Compass,Lubbock,TX,Lubbock,TX905333,TX,1,10,3500000,66,C,C,4.1,realtor_scraper,https://www.realtor.com/realestateagents/,2026-04-22T07:00:00.000000+00:00
Jack Green,Jack,Green,green.j@compass.com,(402) 586-8628,Redfin,Santa Fe,NM,Santa Fe,NM216444,NM,2,12,3300000,63,C,C,3.7,realtor_scraper,https://www.realtor.com/realestateagents/,2026-04-22T07:00:00.000000+00:00
Thomas Martin,Thomas,Martin,thomas_martin@outlook.com,(912) 313-6761,Redfin,Tallahassee,FL,Tallahassee,FL414619,FL,5,8,3200000,70,C,C,4.6,realtor_scraper,https://www.zillow.com/professionals/real-estate-agents/,2026-04-22T07:00:00.000000+00:00
Gary Green,Gary,Green,garygreen@yahoo.com,(334) 842-1375,JLL,Milwaukee,WI,Milwaukee,WI976163,WI,1,4,1100000,64,B,B,4.5,realtor_scraper,https://www.homes.com/real-estate-agents/,2026-04-22T07:00:00.000000+00:00
Sarah Gray,Sarah,Gray,graysarah@exp.com,(801) 559-9184,Sotheby's International Realty,Lincoln,NE,Lincoln,NE319765,NE,2,8,1840000,82,C,C,4.3,realtor_scraper,https://www.movoto.com/real-estate-agents/,2026-04-22T07:00:00.000000+00:00
Samuel Peterson,Samuel,Peterson,speterson@coldwellbanker.com,(415) 396-1820,Marcus & Millichap,Salt Lake City,UT,Salt Lake City,UT241679,UT,2,15,7500000,73,B,B,4.1,realtor_scraper,https://www.movoto.com/real-estate-agents/,2026-04-22T07:00:00.000000+00:00
Melissa Baker,Melissa,Baker,melissabaker83@hotmail.com,(206) 804-6560,Cushman & Wakefield,Los Angeles,CA,Los Angeles,CA891686,CA,4,20,15000000,73,A,A,3.2,realtor_scraper,https://www.bhhs.com/real-estate-agents,2026-04-22T07:00:00.000000+00:00
Donald Nguyen,Donald,Nguyen,nguyen.d@remax.com,(213) 972-6376,Marcus & Millichap,Fayetteville,AR,Fayetteville,AR255014,AR,1,8,1560000,69,C,C,4.5,realtor_scraper,https://www.redfin.com/real-estate-agents,2026-04-22T07:00:00.000000+00:00
Dennis Cooper,Dennis,Cooper,dennis_cooper@remax.com,(251) 271-1360,ERA Real Estate,Philadelphia,PA,Philadelphia,PA934162,PA,6,40,11600000,88,A,A,4.8,realtor_scraper,https://www.redfin.com/real-estate-agents,2026-04-22T07:00:00.000000+00:00
Ruth Gray,Ruth,Gray,rgray@exp.com,(864) 962-4975,United Real Estate,Seattle,WA,Seattle,WA947561,WA,8,25,15000000,83,A,A,3.5,realtor_scraper,https://www.remax.com/real-estate-agents,2026-04-22T07:00:00.000000+00:00
Debra Collins,Debra,Collins,debra_collins@coldwellbanker.com,(317) 415-6757,JPMorgan Real Estate,Kansas City,MO,Kansas City,MO957235,MO,8,12,3120000,74,B,B,3.4,realtor_scraper,https://www.realtor.com/realestateagents/,2026-04-22T07:00:00.000000+00:00
Jerry Allen,Jerry,Allen,jallen@homesmart.com,(850) 900-8417,Cushman & Wakefield,Baltimore,MD,Baltimore,MD564926,MD,5,18,7650000,67,B,B,3.9,realtor_scraper,https://www.homes.com/real-estate-agents/,2026-04-22T07:00:00.000000+00:00
Patrick Thompson,Patrick,Thompson,patrickthompson@coldwellbanker.com,(702) 294-9691,Local Brokerage,Charlotte,NC,Charlotte,NC714381,NC,6,12,3720000,83,B,B,3.8,realtor_scraper,https://www.kw.com/agent,2026-04-22T07:00:00.000000+00:00
Michael Roberts,Michael,Roberts,mroberts@gmail.com,(828) 302-3733,CBRE,Savannah,GA,Savannah,GA932846,GA,1,8,2600000,83,C,C,4.9,realtor_scraper,https://www.zillow.com/professionals/real-estate-agents/,2026-04-22T07:00:00.000000+00:00
James Perez,James,Perez,jamesperez24@gmail.com,(608) 799-8150,JLL,St. Louis,MO,St. Louis,MO552928,MO,3,10,2600000,63,B,B,3.1,realtor_scraper,https://www.redfin.com/real-estate-agents,2026-04-22T07:00:00.000000+00:00
David Morgan,David,Morgan,david_morgan@exp.com,(216) 897-6311,Independent Agent,Jackson,MS,Jackson,MS230374,MS,2,6,1080000,67,C,C,3.8,realtor_scraper,https://www.homes.com/real-estate-agents/,2026-04-22T07:00:00.000000+00:00
William Martin,William,Martin,william.martin@exp.com,(901) 889-9995,Local Brokerage,San Diego,CA,San Diego,CA955364,CA,7,25,18750000,91,A,A,3.8,realtor_scraper,https://www.kw.com/agent,2026-04-22T07:00:00.000000+00:00
Richard Baker,Richard,Baker,baker.r@realtor.com,(612) 909-1112,Better Homes and Gardens Real Estate,Richmond,VA,Richmond,VA958757,VA,2,22,8250000,77,B,B,3.4,realtor_scraper,https://www.movoto.com/real-estate-agents/,2026-04-22T07:00:00.000000+00:00
Susan Cruz,Susan,Cruz,susancruz8@exp.com,(614) 423-9636,Compass,Dallas,TX,Dallas,TX510404,TX,6,20,7000000,97,A,A,3.3,realtor_scraper,https://www.bhhs.com/real-estate-agents,2026-04-22T07:00:00.000000+00:00
Carol Bennett,Carol,Bennett,carol_bennett@gmail.com,(215) 641-5955,Cushman & Wakefield,Baltimore,MD,Baltimore,MD412111,MD,4,45,19125000,80,B,B,4.3,realtor_scraper,https://www.remax.com/real-estate-agents,2026-04-22T07:00:00.000000+00:00
Mark Campbell,Mark,Campbell,mark_campbell@outlook.com,(719) 254-2489,Windermere Real Estate,St. Louis,MO,St. Louis,MO375746,MO,10,45,11700000,96,B,B,3.9,realtor_scraper,https://www.redfin.com/real-estate-agents,2026-04-22T07:00:00.000000+00:00
Emma Campbell,Emma,Campbell,campbell.e@aol.com,(415) 845-2511,Redfin,Austin,TX,Austin,TX438848,TX,8,12,4200000,78,A,A,4.6,realtor_scraper,https://www.realtor.com/realestateagents/,2026-04-22T07:00:00.000000+00:00
Kevin James,Kevin,James,kevin_james@weichert.com,(864) 326-9419,United Real Estate,Buffalo,NY,Buffalo,NY317015,NY,4,15,12750000,68,B,B,4.6,realtor_scraper,https://www.zillow.com/professionals/real-estate-agents/,2026-04-22T07:00:00.000000+00:00
Betty Robinson,Betty,Robinson,bettyrobinson@gmail.com,(716) 366-4702,Independent Agent,Baltimore,MD,Baltimore,MD214564,MD,5,45,19125000,87,B,B,4.8,realtor_scraper,https://www.zillow.com/professionals/real-estate-agents/,2026-04-22T07:00:00.000000+00:00
Barbara Miller,Barbara,Miller,millerbarbara@compass.com,(402) 968-4346,Corcoran Global Living,Wichita,KS,Wichita,KS281148,KS,2,8,1600000,66,C,C,4.0,realtor_scraper,https://www.coldwellbanker.com/real-estate-agents,2026-04-22T07:00:00.000000+00:00
Stephanie Patel,Stephanie,Patel,patelstephanie@yahoo.com,(512) 646-8723,Weichert Realtors,Cincinnati,OH,Cincinnati,OH614740,OH,4,18,4500000,67,B,B,3.3,realtor_scraper,https://www.trulia.com/real-estate-agents/,2026-04-22T07:00:00.000000+00:00
Anna King,Anna,King,annaking@realtor.com,(318) 610-5374,Cushman & Wakefield,Tampa,FL,Tampa,FL120731,FL,3,18,7200000,86,B,B,4.4,realtor_scraper,https://www.homes.com/real-estate-agents/,2026-04-22T07:00:00.000000+00:00
Donna Miller,Donna,Miller,miller.d@gmail.com,(602) 540-9494,Century 21,Rochester,NY,Rochester,NY434211,NY,4,35,29750000,86,B,B,4.6,realtor_scraper,https://www.coldwellbanker.com/real-estate-agents,2026-04-22T07:00:00.000000+00:00
Betty Bennett,Betty,Bennett,bettybennett41@gmail.com,(314) 516-1154,Keller Williams,Nashville,TN,Nashville,TN983927,TN,7,35,11200000,100,A,A,4.9,realtor_scraper,https://www.zillow.com/professionals/real-estate-agents/,2026-04-22T07:00:00.000000+00:00
Kenneth Myers,Kenneth,Myers,kennethmyers58@century21.com,(316) 408-8079,Better Homes and Gardens Real Estate,San Jose,CA,San Jose,CA565292,CA,4,12,9000000,64,A,A,4.6,realtor_scraper,https://www.redfin.com/real-estate-agents,2026-04-22T07:00:00.000000+00:00
Mark Thompson,Mark,Thompson,thompson.m@sothebysrealty.com,(509) 249-3357,United Real Estate,Washington,DC,Washington,DC668205,DC,8,50,35000000,92,A,A,4.2,realtor_scraper,https://www.zillow.com/professionals/real-estate-agents/,2026-04-22T07:00:00.000000+00:00
Joshua Hernandez,Joshua,Hernandez,jhernandez@hotmail.com,(515) 774-2407,Realty ONE Group,Fort Wayne,IN,Fort Wayne,IN498110,IN,2,3,720000,68,C,C,3.9,realtor_scraper,https://www.remax.com/real-estate-agents,2026-04-22T07:00:00.000000+00:00
Mary Chavez,Mary,Chavez,chavezmary@yahoo.com,(212) 966-3771,HomeSmart,Tucson,AZ,Tucson,AZ267845,AZ,8,28,12600000,78,B,B,4.6,realtor_scraper,https://www.coldwellbanker.com/real-estate-agents,2026-04-22T07:00:00.000000+00:00
Deborah Gutierrez,Deborah,Gutierrez,gutierrezdeborah@sothebysrealty.com,(617) 481-7137,ERA Real Estate,Indianapolis,IN,Indianapolis,IN789560,IN,7,15,3600000,74,B,B,4.8,realtor_scraper,https://www.kw.com/agent,2026-04-22T07:00:00.000000+00:00
Gregory Hughes,Gregory,Hughes,gregoryhughes@coldwellbanker.com,(412) 470-4278,Compass,Las Vegas,NV,Las Vegas,NV378698,NV,4,4,1700000,80,B,B,4.7,realtor_scraper,https://www.remax.com/real-estate-agents,2026-04-22T07:00:00.000000+00:00
Pamela Nguyen,Pamela,Nguyen,pamela_nguyen@homesmart.com,(336) 376-7951,Windermere Real Estate,Des Moines,IA,Des Moines,IA445120,IA,1,3,615000,74,C,C,4.9,realtor_scraper,https://www.kw.com/agent,2026-04-22T07:00:00.000000+00:00
Joshua Davis,Joshua,Davis,davisjoshua@homesmart.com,(408) 484-5374,United Real Estate,New Orleans,LA,New Orleans,LA397954,LA,6,22,5060000,80,B,B,3.6,realtor_scraper,https://www.remax.com/real-estate-agents,2026-04-22T07:00:00.000000+00:00
Justin Foster,Justin,Foster,jfoster@weichert.com,(828) 838-5221,eXp Realty,Tallahassee,FL,Tallahassee,FL248204,FL,8,10,4000000,80,C,C,3.5,realtor_scraper,https://www.remax.com/real-estate-agents,2026-04-22T07:00:00.000000+00:00
Ruth Walker,Ruth,Walker,ruthwalker92@weichert.com,(205) 613-4018,Redfin,San Francisco,CA,San Francisco,CA655870,CA,6,16,12000000,94,A,A,3.5,realtor_scraper,https://www.bhhs.com/real-estate-agents,2026-04-22T07:00:00.000000+00:00
Nicholas Bennett,Nicholas,Bennett,nicholas_bennett@coldwellbanker.com,(520) 663-7729,Realty ONE Group,Pittsburgh,PA,Pittsburgh,PA974548,PA,3,28,8120000,89,B,B,3.2,realtor_scraper,https://www.movoto.com/real-estate-agents/,2026-04-22T07:00:00.000000+00:00
Nicholas Anderson,Nicholas,Anderson,nicholas_anderson@weichert.com,(412) 783-2297,Corcoran Global Living,St. Louis,MO,St. Louis,MO606640,MO,5,8,2080000,60,B,B,3.6,realtor_scraper,https://www.bhhs.com/real-estate-agents,2026-04-22T07:00:00.000000+00:00
Patricia Carter,Patricia,Carter,patricia.carter@exp.com,(509) 361-2556,Windermere Real Estate,Winston-Salem,NC,Winston-Salem,NC578490,NC,1,15,4650000,77,C,C,3.5,realtor_scraper,https://www.kw.com/agent,2026-04-22T07:00:00.000000+00:00
Rachel Campbell,Rachel,Campbell,rachelcampbell17@exp.com,(206) 305-9993,RE/MAX,Miami,FL,Miami,FL763129,FL,12,30,12000000,87,A,A,4.9,realtor_scraper,https://www.movoto.com/real-estate-agents/,2026-04-22T07:00:00.000000+00:00
Nicole Cook,Nicole,Cook,cooknicole@realtor.com,(804) 466-3384,Redfin,Detroit,MI,Detroit,MI334140,MI,12,10,2750000,87,B,B,3.1,realtor_scraper,https://www.zillow.com/professionals/real-estate-agents/,2026-04-22T07:00:00.000000+00:00
Timothy Reed,Timothy,Reed,reedtimothy@realtor.com,(559) 737-7944,Coldwell Banker,Santa Fe,NM,Santa Fe,NM165953,NM,7,10,2750000,80,C,C,3.4,realtor_scraper,https://www.realtor.com/realestateagents/,2026-04-22T07:00:00.000000+00:00
Shirley Myers,Shirley,Myers,myers.s@weichert.com,(716) 954-2436,Keller Williams,Minneapolis,MN,Minneapolis,MN755831,MN,5,40,14000000,77,A,A,3.9,realtor_scraper,https://www.bhhs.com/real-estate-agents,2026-04-22T07:00:00.000000+00:00
Ruth Nelson,Ruth,Nelson,ruth.nelson@compass.com,(205) 507-4230,Corcoran Global Living,Charleston,SC,Charleston,SC352292,SC,3,10,2900000,79,C,C,3.3,realtor_scraper,https://www.homes.com/real-estate-agents/,2026-04-22T07:00:00.000000+00:00
Michael Sanchez,Michael,Sanchez,michael.sanchez@sothebysrealty.com,(575) 840-5879,Independent Agent,Milwaukee,WI,Milwaukee,WI958994,WI,1,4,1100000,68,B,B,3.2,realtor_scraper,https://www.redfin.com/real-estate-agents,2026-04-22T07:00:00.000000+00:00
Jason Perez,Jason,Perez,jason_perez@aol.com,(901) 524-8384,Keller Williams,Nashville,TN,Nashville,TN202404,TN,4,25,8000000,80,A,A,4.4,realtor_scraper,https://www.bhhs.com/real-estate-agents,2026-04-22T07:00:00.000000+00:00
Sarah Cox,Sarah,Cox,scox@realtor.com,(702) 796-3968,Cushman & Wakefield,Dallas,TX,Dallas,TX761485,TX,6,50,17500000,97,A,A,3.4,realtor_scraper,https://www.remax.com/real-estate-agents,2026-04-22T07:00:00.000000+00:00
Mark Roberts,Mark,Roberts,mark.roberts@hotmail.com,(319) 258-1046,JPMorgan Real Estate,Winston-Salem,NC,Winston-Salem,NC778855,NC,4,12,3720000,82,C,C,4.1,realtor_scraper,https://www.zillow.com/professionals/real-estate-agents/,2026-04-22T07:00:00.000000+00:00
Patricia Bennett,Patricia,Bennett,patriciabennett5@hotmail.com,(806) 273-7466,Local Brokerage,Colorado Springs,CO,Colorado Springs,CO422075,CO,3,10,5500000,74,C,C,3.4,realtor_scraper,https://www.homes.com/real-estate-agents/,2026-04-22T07:00:00.000000+00:00
Patrick Reyes,Patrick,Reyes,patrickreyes91@century21.com,(317) 859-6485,HomeSmart,Tucson,AZ,Tucson,AZ656062,AZ,2,12,5400000,69,B,B,3.4,realtor_scraper,https://www.kw.com/agent,2026-04-22T07:00:00.000000+00:00
Lisa Johnson,Lisa,Johnson,johnson.l@gmail.com,(520) 480-9813,Sotheby's International Realty,Reno,NV,Reno,NV970252,NV,3,3,1275000,74,C,C,3.4,realtor_scraper,https://www.trulia.com/real-estate-agents/,2026-04-22T07:00:00.000000+00:00
Ryan Hill,Ryan,Hill,ryanhill88@homesmart.com,(865) 864-3394,Berkshire Hathaway HomeServices,Montgomery,AL,Montgomery,AL191199,AL,2,6,1320000,71,C,C,4.5,realtor_scraper,https://www.zillow.com/professionals/real-estate-agents/,2026-04-22T07:00:00.000000+00:00
Donna Kim,Donna,Kim,donnakim@yahoo.com,(843) 938-4331,RE/MAX,Denver,CO,Denver,CO321426,CO,3,20,11000000,89,A,A,4.9,realtor_scraper,https://www.kw.com/agent,2026-04-22T07:00:00.000000+00:00
Donna Phillips,Donna,Phillips,phillipsdonna@coldwellbanker.com,(541) 727-7462,Weichert Realtors,Milwaukee,WI,Milwaukee,WI535961,WI,5,15,4125000,87,B,B,3.5,realtor_scraper,https://www.homes.com/real-estate-agents/,2026-04-22T07:00:00.000000+00:00
Mary Ross,Mary,Ross,mross@coldwellbanker.com,(719) 912-6175,Independent Agent,Richmond,VA,Richmond,VA849788,VA,3,35,13125000,76,B,B,3.2,realtor_scraper,https://www.kw.com/agent,2026-04-22T07:00:00.000000+00:00
Robert Foster,Robert,Foster,fosterrobert@remax.com,(305) 887-2904,Berkshire Hathaway HomeServices,Santa Fe,NM,Santa Fe,NM944357,NM,2,10,2750000,74,C,C,3.3,realtor_scraper,https://www.remax.com/real-estate-agents,2026-04-22T07:00:00.000000+00:00
Andrew Jackson,Andrew,Jackson,jackson.a@exp.com,(314) 999-8107,eXp Realty,Oklahoma City,OK,Oklahoma City,OK826143,OK,6,18,3780000,86,B,B,4.4,realtor_scraper,https://www.trulia.com/real-estate-agents/,2026-04-22T07:00:00.000000+00:00
Brian Parker,Brian,Parker,bparker@century21.com,(813) 790-8253,Century 21,Boston,MA,Boston,MA207601,MA,3,16,10400000,72,A,A,3.0,realtor_scraper,https://www.redfin.com/real-estate-agents,2026-04-22T07:00:00.000000+00:00
Laura Harris,Laura,Harris,lharris@realtor.com,(202) 228-1570,CBRE,Boise,ID,Boise,ID395783,ID,7,8,3800000,66,C,C,4.0,realtor_scraper,https://www.kw.com/agent,2026-04-22T07:00:00.000000+00:00
Mary Taylor,Mary,Taylor,marytaylor58@gmail.com,(205) 365-6793,CBRE,San Francisco,CA,San Francisco,CA722809,CA,12,25,18750000,87,A,A,4.0,realtor_scraper,https://www.homes.com/real-estate-agents/,2026-04-22T07:00:00.000000+00:00
Cynthia Jackson,Cynthia,Jackson,cynthia_jackson@aol.com,(216) 509-9043,Weichert Realtors,Winston-Salem,NC,Winston-Salem,NC311338,NC,2,12,3720000,66,C,C,4.0,realtor_scraper,https://www.kw.com/agent,2026-04-22T07:00:00.000000+00:00
Patrick Robinson,Patrick,Robinson,patrick.robinson@kw.com,(716) 245-4122,Redfin,Minneapolis,MN,Minneapolis,MN173033,MN,10,35,12250000,100,A,A,4.0,realtor_scraper,https://www.zillow.com/professionals/real-estate-agents/,2026-04-22T07:00:00.000000+00:00
Dennis Alvarez,Dennis,Alvarez,dennis.alvarez@compass.com,(407) 355-5258,Weichert Realtors,Nashville,TN,Nashville,TN153081,TN,10,60,19200000,95,A,A,4.9,realtor_scraper,https://www.bhhs.com/real-estate-agents,2026-04-22T07:00:00.000000+00:00
Justin Reed,Justin,Reed,jreed@exp.com,(919) 860-4602,Better Homes and Gardens Real Estate,Philadelphia,PA,Philadelphia,PA260496,PA,12,20,5800000,77,A,A,4.1,realtor_scraper,https://www.movoto.com/real-estate-agents/,2026-04-22T07:00:00.000000+00:00
Edward Myers,Edward,Myers,edwardmyers@exp.com,(423) 591-1009,Corcoran Global Living,San Francisco,CA,San Francisco,CA422178,CA,5,30,22500000,94,A,A,3.4,realtor_scraper,https://www.zillow.com/professionals/real-estate-agents/,2026-04-22T07:00:00.000000+00:00
Dennis Miller,Dennis,Miller,dennis.miller@weichert.com,(816) 505-2474,eXp Realty,San Jose,CA,San Jose,CA578270,CA,15,35,26250000,80,A,A,3.6,realtor_scraper,https://www.kw.com/agent,2026-04-22T07:00:00.000000+00:00
Helen Castillo,Helen,Castillo,castillo.h@realtor.com,(410) 394-3128,Century 21,Pittsburgh,PA,Pittsburgh,PA149865,PA,2,35,10150000,86,B,B,3.8,realtor_scraper,https://www.realtor.com/realestateagents/,2026-04-22T07:00:00.000000+00:00
Stephanie Kelly,Stephanie,Kelly,stephaniekelly75@coldwellbanker.com,(316) 882-4945,United Real Estate,Dallas,TX,Dallas,TX888051,TX,6,20,7000000,96,A,A,4.4,realtor_scraper,https://www.zillow.com/professionals/real-estate-agents/,2026-04-22T07:00:00.000000+00:00
Brian Lee,Brian,Lee,lee.b@compass.com,(919) 994-3722,Realty ONE Group,Milwaukee,WI,Milwaukee,WI155187,WI,3,18,4950000,75,B,B,3.1,realtor_scraper,https://www.zillow.com/professionals/real-estate-agents/,2026-04-22T07:00:00.000000+00:00
Brenda Parker,Brenda,Parker,brendaparker47@weichert.com,(202) 617-7520,Sotheby's International Realty,Reno,NV,Reno,NV966999,NV,3,6,2550000,75,C,C,4.4,realtor_scraper,https://www.kw.com/agent,2026-04-22T07:00:00.000000+00:00
Carol Castillo,Carol,Castillo,carolcastillo92@aol.com,(615) 510-5228,Redfin,Boston,MA,Boston,MA783963,MA,4,35,22750000,93,A,A,3.3,realtor_scraper,https://www.trulia.com/real-estate-agents/,2026-04-22T07:00:00.000000+00:00
Jennifer Roberts,Jennifer,Roberts,roberts.j@hotmail.com,(509) 975-5872,Weichert Realtors,San Jose,CA,San Jose,CA590315,CA,7,8,6000000,80,A,A,3.2,realtor_scraper,https://www.remax.com/real-estate-agents,2026-04-22T07:00:00.000000+00:00
Linda Rogers,Linda,Rogers,lrogers@kw.com,(843) 904-3090,United Real Estate,Fort Collins,CO,Fort Collins,CO958565,CO,2,10,5500000,70,C,C,4.3,realtor_scraper,https://www.kw.com/agent,2026-04-22T07:00:00.000000+00:00
Richard Cox,Richard,Cox,richard_cox@realtor.com,(916) 442-5320,Zillow Premier Agent,Charleston,SC,Charleston,SC436612,SC,7,20,5800000,76,C,C,3.5,realtor_scraper,https://www.kw.com/agent,2026-04-22T07:00:00.000000+00:00
Nicole Foster,Nicole,Foster,nicole.foster@yahoo.com,(213) 916-9289,Local Brokerage,Provo,UT,Provo,UT811153,UT,4,6,3000000,77,C,C,5.0,realtor_scraper,https://www.kw.com/agent,2026-04-22T07:00:00.000000+00:00
Ashley Taylor,Ashley,Taylor,ashley_taylor@remax.com,(319) 217-4395,JPMorgan Real Estate,Philadelphia,PA,Philadelphia,PA191979,PA,3,50,14500000,93,A,A,3.1,realtor_scraper,https://www.kw.com/agent,2026-04-22T07:00:00.000000+00:00
Margaret Cooper,Margaret,Cooper,margaretcooper7@kw.com,(775) 237-6542,Zillow Premier Agent,Chicago,IL,Chicago,IL800186,IL,4,25,7500000,77,A,A,4.9,realtor_scraper,https://www.realtor.com/realestateagents/,2026-04-22T07:00:00.000000+00:00
Maria Green,Maria,Green,maria_green@hotmail.com,(213) 505-9663,Independent Agent,Birmingham,AL,Birmingham,AL965008,AL,1,10,2200000,63,B,B,4.1,realtor_scraper,https://www.bhhs.com/real-estate-agents,2026-04-22T07:00:00.000000+00:00
Joseph Edwards,Joseph,Edwards,edwards.j@yahoo.com,(515) 974-7537,Keller Williams,Memphis,TN,Memphis,TN725522,TN,3,35,11200000,89,B,B,3.8,realtor_scraper,https://www.trulia.com/real-estate-agents/,2026-04-22T07:00:00.000000+00:00
Jeffrey Hill,Jeffrey,Hill,hilljeffrey@yahoo.com,(215) 549-3366,Century 21,Savannah,GA,Savannah,GA377106,GA,1,8,2600000,62,C,C,3.4,realtor_scraper,https://www.zillow.com/professionals/real-estate-agents/,2026-04-22T07:00:00.000000+00:00
Lisa Ramirez,Lisa,Ramirez,lisa.ramirez@compass.com,(317) 897-2476,JPMorgan Real Estate,Detroit,MI,Detroit,MI483210,MI,4,22,6050000,90,B,B,3.3,realtor_scraper,https://www.homes.com/real-estate-agents/,2026-04-22T07:00:00.000000+00:00
Kathleen Perez,Kathleen,Perez,kathleenperez37@aol.com,(520) 211-1318,Century 21,Detroit,MI,Detroit,MI807623,MI,12,4,1100000,82,B,B,4.8,realtor_scraper,https://www.trulia.com/real-estate-agents/,2026-04-22T07:00:00.000000+00:00
Gary Martinez,Gary,Martinez,gary_martinez@compass.com,(713) 815-4476,CBRE,San Francisco,CA,San Francisco,CA772706,CA,7,12,9000000,76,A,A,3.5,realtor_scraper,https://www.redfin.com/real-estate-agents,2026-04-22T07:00:00.000000+00:00
Brandon Morris,Brandon,Morris,brandonmorris1@outlook.com,(775) 761-6667,Berkshire Hathaway HomeServices,Austin,TX,Austin,TX314030,TX,5,20,7000000,73,A,A,4.1,realtor_scraper,https://www.remax.com/real-estate-agents,2026-04-22T07:00:00.000000+00:00
Pamela Ortiz,Pamela,Ortiz,pamela.ortiz@weichert.com,(216) 328-1482,Local Brokerage,Los Angeles,CA,Los Angeles,CA103555,CA,2,12,9000000,71,A,A,3.1,realtor_scraper,https://www.realtor.com/realestateagents/,2026-04-22T07:00:00.000000+00:00
Cynthia Torres,Cynthia,Torres,ctorres@hotmail.com,(702) 520-3977,eXp Realty,Washington,DC,Washington,DC336509,DC,10,25,17500000,80,A,A,3.8,realtor_scraper,https://www.redfin.com/real-estate-agents,2026-04-22T07:00:00.000000+00:00
Anna Miller,Anna,Miller,miller.a@sothebysrealty.com,(850) 395-7858,Berkshire Hathaway HomeServices,Chicago,IL,Chicago,IL510946,IL,6,12,3600000,83,A,A,3.1,realtor_scraper,https://www.realtor.com/realestateagents/,2026-04-22T07:00:00.000000+00:00
Ruth Harris,Ruth,Harris,ruthharris25@homesmart.com,(405) 503-8341,Compass,New Orleans,LA,New Orleans,LA351501,LA,6,22,5060000,99,B,B,4.6,realtor_scraper,https://www.coldwellbanker.com/real-estate-agents,2026-04-22T07:00:00.000000+00:00
Jerry Lopez,Jerry,Lopez,jlopez@compass.com,(813) 451-2414,Marcus & Millichap,Fresno,CA,Fresno,CA785376,CA,2,15,11250000,66,B,B,4.7,realtor_scraper,https://www.trulia.com/real-estate-agents/,2026-04-22T07:00:00.000000+00:00
Richard Gutierrez,Richard,Gutierrez,richard_gutierrez@remax.com,(804) 505-2597,Independent Agent,Jackson,MS,Jackson,MS267833,MS,4,8,1440000,60,C,C,4.0,realtor_scraper,https://www.zillow.com/professionals/real-estate-agents/,2026-04-22T07:00:00.000000+00:00
John Brown,John,Brown,johnbrown3@compass.com,(512) 533-2216,Coldwell Banker,New Orleans,LA,New Orleans,LA133294,LA,2,45,10350000,75,B,B,4.8,realtor_scraper,https://www.coldwellbanker.com/real-estate-agents,2026-04-22T07:00:00.000000+00:00
George Wilson,George,Wilson,wilson.g@realtor.com,(615) 560-3268,Windermere Real Estate,New York,NY,New York,NY521713,NY,8,35,29750000,93,A,A,3.8,realtor_scraper,https://www.realtor.com/realestateagents/,2026-04-22T07:00:00.000000+00:00
Nancy Gray,Nancy,Gray,graynancy@century21.com,(503) 752-3446,Marcus & Millichap,Washington,DC,Washington,DC473227,DC,4,30,21000000,91,A,A,3.2,realtor_scraper,https://www.realtor.com/realestateagents/,2026-04-22T07:00:00.000000+00:00
Angela Williams,Angela,Williams,williams.a@remax.com,(319) 421-4891,Century 21,Indianapolis,IN,Indianapolis,IN561857,IN,2,8,1920000,77,B,B,4.7,realtor_scraper,https://www.redfin.com/real-estate-agents,2026-04-22T07:00:00.000000+00:00
Dorothy Jackson,Dorothy,Jackson,djackson@realtor.com,(970) 931-3572,Marcus & Millichap,Philadelphia,PA,Philadelphia,PA181769,PA,8,35,10150000,92,A,A,3.9,realtor_scraper,https://www.movoto.com/real-estate-agents/,2026-04-22T07:00:00.000000+00:00
Timothy Edwards,Timothy,Edwards,timothyedwards12@yahoo.com,(205) 625-3730,Cushman & Wakefield,Dallas,TX,Dallas,TX474918,TX,3,20,7000000,88,A,A,4.1,realtor_scraper,https://www.bhhs.com/real-estate-agents,2026-04-22T07:00:00.000000+00:00
Emily Martinez,Emily,Martinez,martinez.e@yahoo.com,(615) 453-6165,Local Brokerage,Raleigh,NC,Raleigh,NC275123,NC,7,22,6820000,100,B,B,3.3,realtor_scraper,https://www.realtor.com/realestateagents/,2026-04-22T07:00:00.000000+00:00
Ruth Cox,Ruth,Cox,ruthcox@outlook.com,(216) 621-3375,Keller Williams,Little Rock,AR,Little Rock,AR487416,AR,5,8,1560000,83,C,C,4.7,realtor_scraper,https://www.remax.com/real-estate-agents,2026-04-22T07:00:00.000000+00:00
Kathleen Carter,Kathleen,Carter,carterkathleen@yahoo.com,(402) 941-2149,CBRE,Cedar Rapids,IA,Cedar Rapids,IA867513,IA,4,8,1640000,61,C,C,4.7,realtor_scraper,https://www.coldwellbanker.com/real-estate-agents,2026-04-22T07:00:00.000000+00:00
Linda Hill,Linda,Hill,lhill@sothebysrealty.com,(601) 609-9107,Windermere Real Estate,Los Angeles,CA,Los Angeles,CA423946,CA,3,16,12000000,68,A,A,4.7,realtor_scraper,https://www.coldwellbanker.com/real-estate-agents,2026-04-22T07:00:00.000000+00:00
Nicole Evans,Nicole,Evans,nicoleevans3@homesmart.com,(503) 490-7253,CBRE,Seattle,WA,Seattle,WA898862,WA,8,20,12000000,92,A,A,4.8,realtor_scraper,https://www.bhhs.com/real-estate-agents,2026-04-22T07:00:00.000000+00:00
Andrew Taylor,Andrew,Taylor,andrewtaylor81@century21.com,(312) 955-3763,Sotheby's International Realty,Birmingham,AL,Birmingham,AL827668,AL,5,28,6160000,92,B,B,3.6,realtor_scraper,https://www.zillow.com/professionals/real-estate-agents/,2026-04-22T07:00:00.000000+00:00
Linda Castillo,Linda,Castillo,lindacastillo@remax.com,(509) 854-2208,RE/MAX,Cleveland,OH,Cleveland,OH653623,OH,3,18,4500000,68,B,B,3.1,realtor_scraper,https://www.redfin.com/real-estate-agents,2026-04-22T07:00:00.000000+00:00
Dorothy Harris,Dorothy,Harris,dharris@compass.com,(316) 210-8942,Corcoran Global Living,Lincoln,NE,Lincoln,NE203207,NE,5,12,2760000,71,C,C,4.3,realtor_scraper,https://www.remax.com/real-estate-agents,2026-04-22T07:00:00.000000+00:00
Elizabeth Mitchell,Elizabeth,Mitchell,emitchell@remax.com,(864) 799-2314,Berkshire Hathaway HomeServices,Chattanooga,TN,Chattanooga,TN489617,TN,7,8,2560000,77,C,C,4.0,realtor_scraper,https://www.remax.com/real-estate-agents,2026-04-22T07:00:00.000000+00:00
John Wood,John,Wood,jwood@century21.com,(402) 794-9511,Cushman & Wakefield,Jackson,MS,Jackson,MS261429,MS,4,15,2700000,86,C,C,4.3,realtor_scraper,https://www.redfin.com/real-estate-agents,2026-04-22T07:00:00.000000+00:00
Samantha Alvarez,Samantha,Alvarez,samantha.alvarez@outlook.com,(828) 527-9237,ERA Real Estate,Cleveland,OH,Cleveland,OH464687,OH,1,12,3000000,70,B,B,4.2,realtor_scraper,https://www.trulia.com/real-estate-agents/,2026-04-22T07:00:00.000000+00:00
Timothy Adams,Timothy,Adams,adamstimothy@kw.com,(404) 525-7022,Weichert Realtors,Sacramento,CA,Sacramento,CA250128,CA,6,4,3000000,86,B,B,3.9,realtor_scraper,https://www.trulia.com/real-estate-agents/,2026-04-22T07:00:00.000000+00:00
Janet Stewart,Janet,Stewart,jstewart@yahoo.com,(214) 482-6786,Better Homes and Gardens Real Estate,Des Moines,IA,Des Moines,IA890411,IA,5,20,4100000,83,C,C,3.5,realtor_scraper,https://www.trulia.com/real-estate-agents/,2026-04-22T07:00:00.000000+00:00
Stephen Carter,Stephen,Carter,carterstephen@yahoo.com,(312) 955-2953,Berkshire Hathaway HomeServices,Oklahoma City,OK,Oklahoma City,OK159499,OK,8,4,840000,75,B,B,3.2,realtor_scraper,https://www.realtor.com/realestateagents/,2026-04-22T07:00:00.000000+00:00
Lisa Reed,Lisa,Reed,lisareed10@compass.com,(559) 928-1918,RE/MAX,Provo,UT,Provo,UT547053,UT,3,6,3000000,62,C,C,3.2,realtor_scraper,https://www.trulia.com/real-estate-agents/,2026-04-22T07:00:00.000000+00:00
Emily Cook,Emily,Cook,emily.cook@kw.com,(415) 424-4200,Weichert Realtors,Tampa,FL,Tampa,FL273053,FL,7,18,7200000,77,B,B,4.1,realtor_scraper,https://www.coldwellbanker.com/real-estate-agents,2026-04-22T07:00:00.000000+00:00
Jonathan Patel,Jonathan,Patel,jonathanpatel18@kw.com,(813) 248-1065,ERA Real Estate,Cleveland,OH,Cleveland,OH585714,OH,7,15,3750000,82,B,B,4.7,realtor_scraper,https://www.realtor.com/realestateagents/,2026-04-22T07:00:00.000000+00:00
Elizabeth Harris,Elizabeth,Harris,harris.e@kw.com,(901) 937-4458,United Real Estate,Raleigh,NC,Raleigh,NC258207,NC,8,12,3720000,79,B,B,3.7,realtor_scraper,https://www.coldwellbanker.com/real-estate-agents,2026-04-22T07:00:00.000000+00:00
Mary Mitchell,Mary,Mitchell,mitchellmary@century21.com,(415) 938-2656,ERA Real Estate,Cedar Rapids,IA,Cedar Rapids,IA773790,IA,5,10,2050000,68,C,C,4.9,realtor_scraper,https://www.redfin.com/real-estate-agents,2026-04-22T07:00:00.000000+00:00
Michelle Moore,Michelle,Moore,michellemoore33@weichert.com,(513) 319-9422,CBRE,Minneapolis,MN,Minneapolis,MN505496,MN,7,8,2800000,68,A,A,4.0,realtor_scraper,https://www.bhhs.com/real-estate-agents,2026-04-22T07:00:00.000000+00:00
Lisa Lee,Lisa,Lee,lisa_lee@homesmart.com,(559) 862-7539,Windermere Real Estate,San Diego,CA,San Diego,CA102677,CA,7,20,15000000,83,A,A,3.1,realtor_scraper,https://www.coldwellbanker.com/real-estate-agents,2026-04-22T07:00:00.000000+00:00
Cynthia Lopez,Cynthia,Lopez,cynthia.lopez@hotmail.com,(336) 347-7439,United Real Estate,Kansas City,MO,Kansas City,MO563679,MO,4,8,2080000,75,B,B,4.3,realtor_scraper,https://www.bhhs.com/real-estate-agents,2026-04-22T07:00:00.000000+00:00
Elizabeth Patel,Elizabeth,Patel,elizabeth.patel@hotmail.com,(614) 883-8417,Berkshire Hathaway HomeServices,Chattanooga,TN,Chattanooga,TN354004,TN,2,3,960000,62,C,C,4.7,realtor_scraper,https://www.kw.com/agent,2026-04-22T07:00:00.000000+00:00
Kenneth Cooper,Kenneth,Cooper,cooperkenneth@aol.com,(504) 548-8388,Cushman & Wakefield,San Antonio,TX,San Antonio,TX324560,TX,3,8,2800000,80,B,B,3.4,realtor_scraper,https://www.coldwellbanker.com/real-estate-agents,2026-04-22T07:00:00.000000+00:00
Timothy Howard,Timothy,Howard,timothy_howard@realtor.com,(704) 254-3373,JLL,St. Louis,MO,St. Louis,MO673362,MO,2,15,3900000,65,B,B,3.7,realtor_scraper,https://www.movoto.com/real-estate-agents/,2026-04-22T07:00:00.000000+00:00
Amy Torres,Amy,Torres,amytorres@aol.com,(260) 209-6928,Windermere Real Estate,Minneapolis,MN,Minneapolis,MN246444,MN,15,16,5600000,73,A,A,4.7,realtor_scraper,https://www.bhhs.com/real-estate-agents,2026-04-22T07:00:00.000000+00:00
Barbara Clark,Barbara,Clark,clarkbarbara@hotmail.com,(713) 955-6120,Windermere Real Estate,Reno,NV,Reno,NV627943,NV,2,8,3400000,61,C,C,4.2,realtor_scraper,https://www.coldwellbanker.com/real-estate-agents,2026-04-22T07:00:00.000000+00:00
Gary Ortiz,Gary,Ortiz,gortiz@aol.com,(541) 735-5231,CBRE,Little Rock,AR,Little Rock,AR410656,AR,3,3,585000,62,C,C,3.1,realtor_scraper,https://www.zillow.com/professionals/real-estate-agents/,2026-04-22T07:00:00.000000+00:00
Patrick Cruz,Patrick,Cruz,pcruz@remax.com,(404) 762-5441,Cushman & Wakefield,Riverside,CA,Riverside,CA692721,CA,12,10,7500000,71,B,B,4.0,realtor_scraper,https://www.redfin.com/real-estate-agents,2026-04-22T07:00:00.000000+00:00
George Gutierrez,George,Gutierrez,gutierrez.g@weichert.com,(215) 750-4943,Corcoran Global Living,Sacramento,CA,Sacramento,CA117121,CA,4,12,9000000,70,B,B,3.3,realtor_scraper,https://www.bhhs.com/real-estate-agents,2026-04-22T07:00:00.000000+00:00
Angela Myers,Angela,Myers,myersangela@hotmail.com,(316) 855-6152,Compass,Oklahoma City,OK,Oklahoma City,OK480040,OK,4,4,840000,71,B,B,3.7,realtor_scraper,https://www.movoto.com/real-estate-agents/,2026-04-22T07:00:00.000000+00:00
Angela Watson,Angela,Watson,angelawatson@outlook.com,(951) 237-3046,Sotheby's International Realty,Detroit,MI,Detroit,MI434131,MI,2,12,3300000,62,B,B,4.0,realtor_scraper,https://www.homes.com/real-estate-agents/,2026-04-22T07:00:00.000000+00:00
Melissa Bailey,Melissa,Bailey,melissabailey44@exp.com,(405) 450-9806,Better Homes and Gardens Real Estate,Rochester,NY,Rochester,NY158236,NY,5,12,10200000,75,B,B,4.5,realtor_scraper,https://www.bhhs.com/real-estate-agents,2026-04-22T07:00:00.000000+00:00
Amanda Anderson,Amanda,Anderson,amandaanderson@yahoo.com,(513) 333-2946,HomeSmart,Richmond,VA,Richmond,VA235820,VA,2,15,5625000,79,B,B,4.9,realtor_scraper,https://www.homes.com/real-estate-agents/,2026-04-22T07:00:00.000000+00:00
Susan Anderson,Susan,Anderson,susananderson@outlook.com,(716) 264-3594,Coldwell Banker,Omaha,NE,Omaha,NE501749,NE,10,12,2760000,90,B,B,4.3,realtor_scraper,https://www.redfin.com/real-estate-agents,2026-04-22T07:00:00.000000+00:00
Timothy Morgan,Timothy,Morgan,timothymorgan@coldwellbanker.com,(206) 805-3261,ERA Real Estate,Bend,OR,Bend,OR170401,OR,4,8,4000000,69,C,C,4.8,realtor_scraper,https://www.coldwellbanker.com/real-estate-agents,2026-04-22T07:00:00.000000+00:00
Emily Baker,Emily,Baker,emilybaker39@sothebysrealty.com,(828) 273-6635,Windermere Real Estate,Las Vegas,NV,Las Vegas,NV458684,NV,5,4,1700000,61,B,B,4.4,realtor_scraper,https://www.movoto.com/real-estate-agents/,2026-04-22T07:00:00.000000+00:00
Debra Gutierrez,Debra,Gutierrez,dgutierrez@weichert.com,(585) 748-6190,Corcoran Global Living,San Francisco,CA,San Francisco,CA816636,CA,5,40,30000000,82,A,A,4.5,realtor_scraper,https://www.realtor.com/realestateagents/,2026-04-22T07:00:00.000000+00:00
Emma Morales,Emma,Morales,emmamorales7@remax.com,(505) 286-3869,CBRE,Asheville,NC,Asheville,NC104509,NC,6,6,1860000,76,C,C,4.5,realtor_scraper,https://www.movoto.com/real-estate-agents/,2026-04-22T07:00:00.000000+00:00
James Nelson,James,Nelson,jnelson@century21.com,(208) 595-2355,ERA Real Estate,San Francisco,CA,San Francisco,CA187477,CA,3,35,26250000,88,A,A,4.1,realtor_scraper,https://www.zillow.com/professionals/real-estate-agents/,2026-04-22T07:00:00.000000+00:00
Sharon Turner,Sharon,Turner,sturner@aol.com,(402) 577-1765,Keller Williams,Savannah,GA,Savannah,GA980903,GA,8,8,2600000,73,C,C,4.7,realtor_scraper,https://www.bhhs.com/real-estate-agents,2026-04-22T07:00:00.000000+00:00
Brenda Rivera,Brenda,Rivera,brenda_rivera@homesmart.com,(617) 216-8657,Windermere Real Estate,Houston,TX,Houston,TX759716,TX,7,25,8750000,100,A,A,4.3,realtor_scraper,https://www.coldwellbanker.com/real-estate-agents,2026-04-22T07:00:00.000000+00:00
Betty Jackson,Betty,Jackson,bjackson@coldwellbanker.com,(612) 750-4872,Coldwell Banker,San Antonio,TX,San Antonio,TX336208,TX,7,22,7700000,75,B,B,4.0,realtor_scraper,https://www.realtor.com/realestateagents/,2026-04-22T07:00:00.000000+00:00
Angela Martin,Angela,Martin,angelamartin@weichert.com,(713) 754-7006,Cushman & Wakefield,Chicago,IL,Chicago,IL174181,IL,6,20,6000000,79,A,A,3.8,realtor_scraper,https://www.zillow.com/professionals/real-estate-agents/,2026-04-22T07:00:00.000000+00:00
Ashley Wilson,Ashley,Wilson,wilsonashley@exp.com,(317) 612-9995,Better Homes and Gardens Real Estate,Fayetteville,AR,Fayetteville,AR103639,AR,4,10,1950000,80,C,C,4.1,realtor_scraper,https://www.zillow.com/professionals/real-estate-agents/,2026-04-22T07:00:00.000000+00:00
John Hall,John,Hall,hall.j@sothebysrealty.com,(843) 493-6469,United Real Estate,Denver,CO,Denver,CO998213,CO,10,50,27500000,90,A,A,4.6,realtor_scraper,https://www.redfin.com/real-estate-agents,2026-04-22T07:00:00.000000+00:00
Rachel Murphy,Rachel,Murphy,rachelmurphy21@homesmart.com,(479) 363-6552,Windermere Real Estate,San Jose,CA,San Jose,CA426432,CA,4,12,9000000,78,A,A,3.5,realtor_scraper,https://www.remax.com/real-estate-agents,2026-04-22T07:00:00.000000+00:00
Donald Jones,Donald,Jones,donaldjones@aol.com,(916) 597-1695,Century 21,Omaha,NE,Omaha,NE765458,NE,6,15,3450000,89,B,B,4.2,realtor_scraper,https://www.homes.com/real-estate-agents/,2026-04-22T07:00:00.000000+00:00
Kenneth Gutierrez,Kenneth,Gutierrez,kennethgutierrez@exp.com,(479) 953-9056,Sotheby's International Realty,Orlando,FL,Orlando,FL698111,FL,6,15,6000000,83,B,B,3.0,realtor_scraper,https://www.movoto.com/real-estate-agents/,2026-04-22T07:00:00.000000+00:00
Sharon Wright,Sharon,Wright,wright.s@coldwellbanker.com,(901) 428-6258,Berkshire Hathaway HomeServices,Charlotte,NC,Charlotte,NC133093,NC,5,15,4650000,73,B,B,3.7,realtor_scraper,https://www.remax.com/real-estate-agents,2026-04-22T07:00:00.000000+00:00
Maria Reyes,Maria,Reyes,reyes.m@yahoo.com,(919) 212-7720,CBRE,Boston,MA,Boston,MA219947,MA,12,30,19500000,100,A,A,4.3,realtor_scraper,https://www.remax.com/real-estate-agents,2026-04-22T07:00:00.000000+00:00
Jonathan Campbell,Jonathan,Campbell,jonathancampbell@yahoo.com,(801) 440-5293,Corcoran Global Living,Atlanta,GA,Atlanta,GA280941,GA,6,30,9750000,90,A,A,4.1,realtor_scraper,https://www.homes.com/real-estate-agents/,2026-04-22T07:00:00.000000+00:00
Steven Harris,Steven,Harris,sharris@yahoo.com,(916) 323-3381,Independent Agent,Atlanta,GA,Atlanta,GA846313,GA,8,20,6500000,92,A,A,3.5,realtor_scraper,https://www.movoto.com/real-estate-agents/,2026-04-22T07:00:00.000000+00:00
Raymond Morris,Raymond,Morris,raymond_morris@century21.com,(410) 887-5472,ERA Real Estate,Columbus,OH,Columbus,OH982253,OH,6,12,3000000,68,B,B,3.9,realtor_scraper,https://www.realtor.com/realestateagents/,2026-04-22T07:00:00.000000+00:00
Samuel Flores,Samuel,Flores,sflores@exp.com,(713) 341-8726,Corcoran Global Living,Indianapolis,IN,Indianapolis,IN488375,IN,8,15,3600000,90,B,B,4.7,realtor_scraper,https://www.realtor.com/realestateagents/,2026-04-22T07:00:00.000000+00:00
Janet Hall,Janet,Hall,janet_hall@remax.com,(719) 306-8795,Coldwell Banker,Cedar Rapids,IA,Cedar Rapids,IA152190,IA,4,15,3075000,81,C,C,4.5,realtor_scraper,https://www.redfin.com/real-estate-agents,2026-04-22T07:00:00.000000+00:00
John Price,John,Price,john_price@kw.com,(619) 767-5757,Better Homes and Gardens Real Estate,Los Angeles,CA,Los Angeles,CA888282,CA,6,20,15000000,89,A,A,3.2,realtor_scraper,https://www.remax.com/real-estate-agents,2026-04-22T07:00:00.000000+00:00
Christopher Edwards,Christopher,Edwards,edwards.c@gmail.com,(585) 443-2237,Weichert Realtors,Houston,TX,Houston,TX808054,TX,5,40,14000000,74,A,A,4.6,realtor_scraper,https://www.remax.com/real-estate-agents,2026-04-22T07:00:00.000000+00:00
Cynthia Perez,Cynthia,Perez,cynthiaperez@remax.com,(503) 600-4435,Berkshire Hathaway HomeServices,San Jose,CA,San Jose,CA746136,CA,2,16,12000000,80,A,A,4.2,realtor_scraper,https://www.realtor.com/realestateagents/,2026-04-22T07:00:00.000000+00:00
Jerry Ward,Jerry,Ward,jward@kw.com,(912) 717-3966,Coldwell Banker,Richmond,VA,Richmond,VA552014,VA,4,45,16875000,86,B,B,4.0,realtor_scraper,https://www.kw.com/agent,2026-04-22T07:00:00.000000+00:00
Jonathan Ross,Jonathan,Ross,jonathanross23@yahoo.com,(559) 405-1268,Marcus & Millichap,Birmingham,AL,Birmingham,AL453974,AL,4,10,2200000,85,B,B,3.9,realtor_scraper,https://www.bhhs.com/real-estate-agents,2026-04-22T07:00:00.000000+00:00
Jennifer Nelson,Jennifer,Nelson,jennifernelson34@hotmail.com,(405) 710-1621,RE/MAX,Shreveport,LA,Shreveport,LA433553,LA,3,6,1380000,78,C,C,3.9,realtor_scraper,https://www.realtor.com/realestateagents/,2026-04-22T07:00:00.000000+00:00
Barbara Stewart,Barbara,Stewart,barbara.stewart@outlook.com,(305) 648-6869,Better Homes and Gardens Real Estate,Little Rock,AR,Little Rock,AR506263,AR,2,6,1170000,74,C,C,3.4,realtor_scraper,https://www.realtor.com/realestateagents/,2026-04-22T07:00:00.000000+00:00
Daniel Evans,Daniel,Evans,evansdaniel@century21.com,(619) 523-3137,Sotheby's International Realty,Washington,DC,Washington,DC700300,DC,6,25,17500000,87,A,A,3.9,realtor_scraper,https://www.bhhs.com/real-estate-agents,2026-04-22T07:00:00.000000+00:00
Deborah Anderson,Deborah,Anderson,deborah.anderson@homesmart.com,(775) 738-6647,Sotheby's International Realty,Houston,TX,Houston,TX958353,TX,2,40,14000000,73,A,A,4.7,realtor_scraper,https://www.homes.com/real-estate-agents/,2026-04-22T07:00:00.000000+00:00
Linda Kim,Linda,Kim,lindakim@kw.com,(617) 225-9979,JPMorgan Real Estate,Little Rock,AR,Little Rock,AR802563,AR,4,6,1170000,68,C,C,4.7,realtor_scraper,https://www.trulia.com/real-estate-agents/,2026-04-22T07:00:00.000000+00:00
Gregory Torres,Gregory,Torres,torres.g@weichert.com,(405) 385-7360,Weichert Realtors,Provo,UT,Provo,UT240858,UT,8,3,1500000,75,C,C,3.5,realtor_scraper,https://www.kw.com/agent,2026-04-22T07:00:00.000000+00:00
Betty Johnson,Betty,Johnson,betty.johnson@outlook.com,(816) 258-1350,Compass,Jackson,MS,Jackson,MS103149,MS,8,20,3600000,79,C,C,4.1,realtor_scraper,https://www.zillow.com/professionals/real-estate-agents/,2026-04-22T07:00:00.000000+00:00
Kimberly Williams,Kimberly,Williams,kwilliams@kw.com,(970) 315-5213,Keller Williams,Houston,TX,Houston,TX180418,TX,4,20,7000000,84,A,A,4.5,realtor_scraper,https://www.redfin.com/real-estate-agents,2026-04-22T07:00:00.000000+00:00
Edward Gutierrez,Edward,Gutierrez,egutierrez@remax.com,(213) 412-2945,ERA Real Estate,Dallas,TX,Dallas,TX160104,TX,5,16,5600000,75,A,A,3.9,realtor_scraper,https://www.movoto.com/real-estate-agents/,2026-04-22T07:00:00.000000+00:00
Lisa Lopez,Lisa,Lopez,lopezlisa@hotmail.com,(402) 850-4721,Berkshire Hathaway HomeServices,Oklahoma City,OK,Oklahoma City,OK788184,OK,3,4,840000,61,B,B,3.3,realtor_scraper,https://www.trulia.com/real-estate-agents/,2026-04-22T07:00:00.000000+00:00
Deborah Walker,Deborah,Walker,deborah.walker@century21.com,(414) 775-9872,Marcus & Millichap,Buffalo,NY,Buffalo,NY862701,NY,4,12,10200000,77,B,B,4.4,realtor_scraper,https://www.remax.com/real-estate-agents,2026-04-22T07:00:00.000000+00:00
Brandon Watson,Brandon,Watson,brandonwatson@realtor.com,(504) 941-1923,Marcus & Millichap,Cincinnati,OH,Cincinnati,OH146999,OH,8,18,4500000,80,B,B,4.8,realtor_scraper,https://www.homes.com/real-estate-agents/,2026-04-22T07:00:00.000000+00:00
Samantha Hernandez,Samantha,Hernandez,hernandez.s@homesmart.com,(702) 728-1310,RE/MAX,Greenville,SC,Greenville,SC431181,SC,4,10,2900000,77,C,C,3.1,realtor_scraper,https://www.movoto.com/real-estate-agents/,2026-04-22T07:00:00.000000+00:00
Elizabeth Johnson,Elizabeth,Johnson,elizabethjohnson@sothebysrealty.com,(901) 483-1649,JPMorgan Real Estate,Orlando,FL,Orlando,FL481860,FL,3,4,1600000,72,B,B,4.5,realtor_scraper,https://www.trulia.com/real-estate-agents/,2026-04-22T07:00:00.000000+00:00
Emma Long,Emma,Long,longemma@realtor.com,(804) 201-2938,Better Homes and Gardens Real Estate,Charlotte,NC,Charlotte,NC901258,NC,4,10,3100000,80,B,B,3.7,realtor_scraper,https://www.kw.com/agent,2026-04-22T07:00:00.000000+00:00
Betty Sanchez,Betty,Sanchez,sanchezbetty@homesmart.com,(402) 244-7832,Marcus & Millichap,Los Angeles,CA,Los Angeles,CA597505,CA,4,8,6000000,72,A,A,4.5,realtor_scraper,https://www.trulia.com/real-estate-agents/,2026-04-22T07:00:00.000000+00:00
Brandon Castillo,Brandon,Castillo,brandon.castillo@hotmail.com,(816) 787-9739,Century 21,Chicago,IL,Chicago,IL113904,IL,5,50,15000000,74,A,A,4.9,realtor_scraper,https://www.realtor.com/realestateagents/,2026-04-22T07:00:00.000000+00:00
Ruth Adams,Ruth,Adams,adamsruth@kw.com,(408) 219-6498,Berkshire Hathaway HomeServices,Spokane,WA,Spokane,WA959812,WA,1,12,7200000,72,C,C,3.4,realtor_scraper,https://www.redfin.com/real-estate-agents,2026-04-22T07:00:00.000000+00:00
Nicholas Jackson,Nicholas,Jackson,nicholas.jackson@outlook.com,(202) 856-5716,United Real Estate,Los Angeles,CA,Los Angeles,CA524955,CA,6,12,9000000,72,A,A,3.1,realtor_scraper,https://www.movoto.com/real-estate-agents/,2026-04-22T07:00:00.000000+00:00
James Miller,James,Miller,millerjames@homesmart.com,(515) 716-4893,Sotheby's International Realty,Sacramento,CA,Sacramento,CA804061,CA,4,10,7500000,66,B,B,3.3,realtor_scraper,https://www.homes.com/real-estate-agents/,2026-04-22T07:00:00.000000+00:00
Dorothy Jimenez,Dorothy,Jimenez,jimenez.d@exp.com,(317) 818-6654,Cushman & Wakefield,Richmond,VA,Richmond,VA893207,VA,4,4,1500000,73,B,B,3.1,realtor_scraper,https://www.trulia.com/real-estate-agents/,2026-04-22T07:00:00.000000+00:00
Margaret Cruz,Margaret,Cruz,margaretcruz26@hotmail.com,(716) 564-1739,Marcus & Millichap,New Orleans,LA,New Orleans,LA648155,LA,8,10,2300000,86,B,B,4.7,realtor_scraper,https://www.homes.com/real-estate-agents/,2026-04-22T07:00:00.000000+00:00
Emma Ramirez,Emma,Ramirez,emmaramirez58@outlook.com,(806) 366-8872,Compass,Charleston,SC,Charleston,SC203543,SC,5,15,4350000,88,C,C,3.6,realtor_scraper,https://www.realtor.com/realestateagents/,2026-04-22T07:00:00.000000+00:00
Carolyn Morgan,Carolyn,Morgan,carolynmorgan@remax.com,(850) 894-2036,Redfin,Los Angeles,CA,Los Angeles,CA799817,CA,7,16,12000000,76,A,A,3.1,realtor_scraper,https://www.homes.com/real-estate-agents/,2026-04-22T07:00:00.000000+00:00
Mary Price,Mary,Price,price.m@realtor.com,(318) 528-2494,Windermere Real Estate,Nashville,TN,Nashville,TN465231,TN,10,8,2560000,81,A,A,3.7,realtor_scraper,https://www.remax.com/real-estate-agents,2026-04-22T07:00:00.000000+00:00
Andrew Edwards,Andrew,Edwards,andrewedwards@weichert.com,(615) 356-2190,ERA Real Estate,Baltimore,MD,Baltimore,MD733059,MD,7,4,1700000,80,B,B,3.1,realtor_scraper,https://www.remax.com/real-estate-agents,2026-04-22T07:00:00.000000+00:00
Laura Foster,Laura,Foster,laurafoster11@realtor.com,(801) 924-4257,Zillow Premier Agent,San Francisco,CA,San Francisco,CA892308,CA,7,25,18750000,99,A,A,3.1,realtor_scraper,https://www.bhhs.com/real-estate-agents,2026-04-22T07:00:00.000000+00:00
Stephanie Perez,Stephanie,Perez,stephanieperez32@coldwellbanker.com,(843) 884-2553,Century 21,Rochester,NY,Rochester,NY811070,NY,8,12,10200000,67,B,B,4.6,realtor_scraper,https://www.zillow.com/professionals/real-estate-agents/,2026-04-22T07:00:00.000000+00:00
Larry Brooks,Larry,Brooks,larrybrooks@compass.com,(512) 262-8839,Marcus & Millichap,Chicago,IL,Chicago,IL664713,IL,4,25,7500000,75,A,A,3.5,realtor_scraper,https://www.zillow.com/professionals/real-estate-agents/,2026-04-22T07:00:00.000000+00:00
Susan Robinson,Susan,Robinson,robinson.s@homesmart.com,(541) 392-8977,Marcus & Millichap,New Orleans,LA,New Orleans,LA803037,LA,5,8,1840000,72,B,B,4.7,realtor_scraper,https://www.movoto.com/real-estate-agents/,2026-04-22T07:00:00.000000+00:00
