id,full_name,name,first_name,last_name,email,phone,brokerage,company,metro_area,city,state,zip,years_experience,transactions_12mo,transactions_last_year,sales_volume,rating,priority,cream_fit_score,source,brokerage_size,scraped_at
CREAM-20261004-00001,Donna Lewis,Donna Lewis,Donna,Lewis,donnalewis@gmail.com,(720) 852-9379,Berkshire Hathaway,Berkshire Hathaway,Aurora,Aurora,CO,81480,2,4,4,2018751,4.7,A,84,Trade Show,Large (51-200 agents),2026-10-04T02:12:37Z
CREAM-20261004-00002,Natalie Hernandez,Natalie Hernandez,Natalie,Hernandez,natalieh@compass.com,(718) 671-2498,Compass,Compass,Jacksonville,Jacksonville,FL,32961,16,37,37,17881534,3.0,A,88,MLS Database,Large (51-200 agents),2026-10-04T11:05:52Z
CREAM-20261004-00003,Laura Peterson,Laura Peterson,Laura,Peterson,laura_peterson@hotmail.com,(704) 828-2207,Keller Williams,Keller Williams,Greensboro,Greensboro,NC,28227,10,63,63,26479090,3.3,A,87,Referral Network,Independent,2026-10-04T20:23:48Z
CREAM-20261004-00004,Wayne Alvarez,Wayne Alvarez,Wayne,Alvarez,waynealvarez@outlook.com,(646) 858-2666,RE/MAX,RE/MAX,Greensboro,Greensboro,NC,27706,21,40,40,18189252,4.4,A,92,Trade Show,Boutique (2-10 agents),2026-10-04T15:10:08Z
CREAM-20261004-00005,Gloria Brooks,Gloria Brooks,Gloria,Brooks,gloriab@me.com,(234) 823-2486,RE/MAX,RE/MAX,San Diego,San Diego,CA,93942,19,45,45,28637127,4.1,A,66,Brokerage Listings,Independent,2026-10-04T23:41:44Z
CREAM-20261004-00006,Julia Peterson,Julia Peterson,Julia,Peterson,juliapeterson@me.com,(256) 402-9665,Compass,Compass,Aurora,Aurora,CO,81822,9,30,30,20882019,5.0,A,67,Realtor.com,Boutique (2-10 agents),2026-10-04T19:43:33Z
CREAM-20261004-00007,Jonathan Ross,Jonathan Ross,Jonathan,Ross,jonathanross@me.com,(214) 302-8600,Keller Williams Realty,Keller Williams Realty,Orlando,Orlando,FL,34849,2,7,7,3069318,4.3,A,62,Cold Outreach,Large (51-200 agents),2026-10-04T22:04:22Z
CREAM-20261004-00008,Kimberly Kim,Kimberly Kim,Kimberly,Kim,kimberlyk@coldwellbanker.com,(512) 233-7880,Coldwell Banker,Coldwell Banker,Cleveland,Cleveland,OH,44257,19,30,30,5571012,3.9,A,73,Facebook,Independent,2026-10-04T00:44:47Z
CREAM-20261004-00009,Katherine Anderson,Katherine Anderson,Katherine,Anderson,katherine.anderson@aol.com,(512) 774-7333,Russell Lyon Sotheby's,Russell Lyon Sotheby's,Scottsdale,Scottsdale,AZ,85966,21,73,73,31288960,4.7,A,94,Cold Outreach,Large (51-200 agents),2026-10-04T19:13:00Z
CREAM-20261004-00010,Paul Turner,Paul Turner,Paul,Turner,paulturner@yahoo.com,(919) 537-9320,Keller Williams,Keller Williams,Phoenix,Phoenix,AZ,86750,9,23,23,7558118,3.9,A,74,LinkedIn,Large (51-200 agents),2026-10-04T16:22:30Z
CREAM-20261004-00011,Donald Mitchell,Donald Mitchell,Donald,Mitchell,dmitchell@icloud.com,(713) 250-2175,RE/MAX,RE/MAX,Tucson,Tucson,AZ,86307,4,9,9,2652322,3.8,A,90,Cold Outreach,Boutique (2-10 agents),2026-10-04T20:25:59Z
CREAM-20261004-00012,Justin Taylor,Justin Taylor,Justin,Taylor,justint@outlook.com,(303) 874-3932,Halstead,Halstead,Queens,Queens,NY,13666,25,79,79,38170072,3.1,A,73,Cold Outreach,Independent,2026-10-04T08:10:22Z
CREAM-20261004-00013,Lisa Long,Lisa Long,Lisa,Long,lisal@yahoo.com,(305) 446-8283,HomeSmart,HomeSmart,Mesa,Mesa,AZ,85370,4,24,24,12565285,4.5,A,71,Cold Outreach,Independent,2026-10-04T05:59:32Z
CREAM-20261004-00014,Deborah Cox,Deborah Cox,Deborah,Cox,deborah.cox@douglaselliman.com,(212) 804-5364,Douglas Elliman,Douglas Elliman,Austin,Austin,TX,75260,8,36,36,15567554,4.0,A,65,Website Lead,Independent,2026-10-04T01:11:22Z
CREAM-20261004-00015,Stephen Roberts,Stephen Roberts,Stephen,Roberts,stephen.roberts@kellerwilliams.com,(713) 522-8862,Keller Williams,Keller Williams,Charlotte,Charlotte,NC,27799,5,14,14,5814861,4.6,A,82,Trade Show,Independent,2026-10-04T06:57:47Z
CREAM-20261004-00016,Karen Garcia,Karen Garcia,Karen,Garcia,karen.garcia@re/max.com,(713) 686-5446,RE/MAX,RE/MAX,Tampa,Tampa,FL,33407,4,12,12,5955852,4.4,A,83,MLS Database,Enterprise (200+ agents),2026-10-04T06:15:39Z
CREAM-20261004-00017,Philip Scott,Philip Scott,Philip,Scott,philip_scott@outlook.com,(310) 477-7122,RE/MAX,RE/MAX,Denver,Denver,CO,80160,6,26,26,10346584,5.0,A,87,Cold Outreach,Boutique (2-10 agents),2026-10-04T11:47:00Z
CREAM-20261004-00018,Ronald Davis,Ronald Davis,Ronald,Davis,rdavis@coldwellbanker.com,(713) 540-2782,Coldwell Banker,Coldwell Banker,Oakland,Oakland,CA,94320,16,30,30,24617271,3.5,A,95,Facebook,Boutique (2-10 agents),2026-10-04T05:42:51Z
CREAM-20261004-00019,Shirley Phillips,Shirley Phillips,Shirley,Phillips,shirleyp@yahoo.com,(334) 356-9169,Coldwell Banker,Coldwell Banker,Phoenix,Phoenix,AZ,86953,0,2,2,719418,3.1,A,62,Trade Show,Large (51-200 agents),2026-10-04T09:57:09Z
CREAM-20261004-00020,Jack Rodriguez,Jack Rodriguez,Jack,Rodriguez,jack.rodriguez@icloud.com,(718) 403-9083,eXp Realty,eXp Realty,Phoenix,Phoenix,AZ,86662,2,3,3,1055015,4.4,A,67,LinkedIn,Large (51-200 agents),2026-10-04T07:50:29Z
CREAM-20261004-00021,Martha Morris,Martha Morris,Martha,Morris,martha.morris@re/max.com,(334) 263-9151,RE/MAX,RE/MAX,Raleigh,Raleigh,NC,28180,3,8,8,3037937,3.3,A,86,NAR Directory,Boutique (2-10 agents),2026-10-04T19:48:57Z
CREAM-20261004-00022,Thomas Alexander,Thomas Alexander,Thomas,Alexander,talexander@compass.com,(718) 428-2881,Compass,Compass,Long Beach,Long Beach,CA,96115,1,7,7,6630021,4.6,A,74,Facebook,Large (51-200 agents),2026-10-04T05:32:37Z
CREAM-20261004-00023,Shirley Chavez,Shirley Chavez,Shirley,Chavez,shirleyc@hotmail.com,(415) 991-1420,RE/MAX,RE/MAX,Colorado Springs,Colorado Springs,CO,81459,14,34,34,19126784,3.4,A,65,Referral Network,Boutique (2-10 agents),2026-10-04T21:52:19Z
CREAM-20261004-00024,Ronald Baker,Ronald Baker,Ronald,Baker,ronald.baker@berkshirehathawayhomeservices.com,(646) 648-1357,Berkshire Hathaway HomeServices,Berkshire Hathaway HomeServices,Long Beach,Long Beach,CA,90357,25,71,71,58063012,3.2,A,81,Website Lead,Enterprise (200+ agents),2026-10-04T00:12:37Z
CREAM-20261004-00025,Sarah Kim,Sarah Kim,Sarah,Kim,sarah_kim@outlook.com,(415) 710-2726,RE/MAX,RE/MAX,Columbus,Columbus,OH,45495,7,30,30,5358961,4.6,A,66,Referral Network,Enterprise (200+ agents),2026-10-04T10:06:28Z
CREAM-20261004-00026,Kenneth Hughes,Kenneth Hughes,Kenneth,Hughes,khughes@icloud.com,(916) 479-7190,eXp Realty,eXp Realty,Cincinnati,Cincinnati,OH,44673,9,15,15,2831562,3.7,A,73,Trade Show,Independent,2026-10-04T10:59:53Z
CREAM-20261004-00027,Megan Williams,Megan Williams,Megan,Williams,meganw@kellerwilliams.com,(980) 847-1583,Keller Williams,Keller Williams,Aurora,Aurora,CO,80536,7,27,27,16187729,3.6,A,84,Website Lead,Large (51-200 agents),2026-10-04T13:30:02Z
CREAM-20261004-00028,Patrick Green,Patrick Green,Patrick,Green,patrickg@gmail.com,(704) 708-6667,Briggs Freeman Sotheby's,Briggs Freeman Sotheby's,El Paso,El Paso,TX,78853,19,34,34,10316941,4.9,A,94,Referral Network,Enterprise (200+ agents),2026-10-04T07:10:55Z
CREAM-20261004-00029,Carol Moore,Carol Moore,Carol,Moore,carolmoore@icloud.com,(407) 880-6786,Berkshire Hathaway,Berkshire Hathaway,Tucson,Tucson,AZ,85238,1,8,8,3365086,4.1,A,85,Facebook,Enterprise (200+ agents),2026-10-04T02:43:44Z
CREAM-20261004-00030,Mary Ramos,Mary Ramos,Mary,Ramos,mary.ramos@icloud.com,(704) 913-7084,Compass,Compass,Colorado Springs,Colorado Springs,CO,81212,12,33,33,19955297,4.0,A,78,NAR Directory,Enterprise (200+ agents),2026-10-04T13:14:54Z
CREAM-20261004-00031,Matthew Price,Matthew Price,Matthew,Price,matthew_price@icloud.com,(646) 392-9869,Compass,Compass,Manhattan,Manhattan,NY,10936,3,13,13,9207389,3.8,A,78,NAR Directory,Large (51-200 agents),2026-10-04T13:22:21Z
CREAM-20261004-00032,Jason Jackson,Jason Jackson,Jason,Jackson,jasonj@hotmail.com,(805) 679-7097,Brown Harris Stevens,Brown Harris Stevens,New York City,New York City,NY,13499,17,37,37,29071530,5.0,A,90,LinkedIn,Independent,2026-10-04T23:13:59Z
CREAM-20261004-00033,Emma Sanders,Emma Sanders,Emma,Sanders,emmas@gmail.com,(972) 450-4021,Keller Williams,Keller Williams,Greensboro,Greensboro,NC,27380,14,79,79,19915474,4.1,A,95,Referral Network,Mid-size (11-50 agents),2026-10-04T00:07:01Z
CREAM-20261004-00034,Jeffrey Rogers,Jeffrey Rogers,Jeffrey,Rogers,jeffrey_rogers@aol.com,(614) 359-8218,RE/MAX,RE/MAX,Columbus,Columbus,OH,45762,0,5,5,997232,3.7,A,63,Website Lead,Boutique (2-10 agents),2026-10-04T06:35:47Z
CREAM-20261004-00035,Stephen Cruz,Stephen Cruz,Stephen,Cruz,stephenc@outlook.com,(713) 665-3498,Keller Williams Realty,Keller Williams Realty,Long Beach,Long Beach,CA,93934,2,10,10,9253050,3.8,A,84,Website Lead,Mid-size (11-50 agents),2026-10-04T08:25:17Z
CREAM-20261004-00036,Ryan Howard,Ryan Howard,Ryan,Howard,ryanhoward@yahoo.com,(234) 833-9033,Compass,Compass,Raleigh,Raleigh,NC,27294,11,33,33,14652680,4.4,A,87,MLS Database,Boutique (2-10 agents),2026-10-04T02:05:42Z
CREAM-20261004-00037,Martha Davis,Martha Davis,Martha,Davis,martha_davis@outlook.com,(234) 875-3729,Keller Williams,Keller Williams,Greensboro,Greensboro,NC,28678,4,21,21,9045021,4.6,A,77,Realtor.com,Boutique (2-10 agents),2026-10-04T03:54:23Z
CREAM-20261004-00038,Ronald Lewis,Ronald Lewis,Ronald,Lewis,ronaldl@aol.com,(234) 742-5530,Keller Williams,Keller Williams,Aurora,Aurora,CO,81292,3,9,9,6397651,4.6,A,73,Facebook,Boutique (2-10 agents),2026-10-04T12:29:06Z
CREAM-20261004-00039,Christopher Patel,Christopher Patel,Christopher,Patel,christopher.patel@me.com,(714) 938-8647,RE/MAX,RE/MAX,Cincinnati,Cincinnati,OH,45831,13,44,44,10236618,4.9,A,80,Referral Network,Enterprise (200+ agents),2026-10-04T02:01:39Z
CREAM-20261004-00040,Lawrence Thompson,Lawrence Thompson,Lawrence,Thompson,lawrence.thompson@exprealty.com,(256) 700-5792,eXp Realty,eXp Realty,Cleveland,Cleveland,OH,44666,21,77,77,15788281,3.1,A,76,Referral Network,Boutique (2-10 agents),2026-10-04T02:20:51Z
CREAM-20261004-00041,Nicholas Morales,Nicholas Morales,Nicholas,Morales,nmorales@yahoo.com,(713) 261-7313,Douglas Elliman,Douglas Elliman,Queens,Queens,NY,14457,15,26,26,15256235,4.1,A,90,NAR Directory,Large (51-200 agents),2026-10-04T03:24:35Z
CREAM-20261004-00042,Emma Brown,Emma Brown,Emma,Brown,emmabrown@hotmail.com,(929) 299-9758,Corcoran Group,Corcoran Group,Queens,Queens,NY,11382,2,10,10,6802974,3.1,A,94,LinkedIn,Mid-size (11-50 agents),2026-10-04T00:44:03Z
CREAM-20261004-00043,Rose Sanchez,Rose Sanchez,Rose,Sanchez,rose.sanchez@re/max.com,(929) 938-3681,RE/MAX,RE/MAX,Phoenix,Phoenix,AZ,86432,4,9,9,3184249,4.5,A,89,Brokerage Listings,Mid-size (11-50 agents),2026-10-04T02:38:37Z
CREAM-20261004-00044,Samuel Wright,Samuel Wright,Samuel,Wright,samuelwright@gmail.com,(805) 219-4971,RE/MAX,RE/MAX,San Francisco,San Francisco,CA,96794,5,13,13,12977412,3.9,A,86,Realtor.com,Enterprise (200+ agents),2026-10-04T02:38:13Z
CREAM-20261004-00045,Albert Flores,Albert Flores,Albert,Flores,albertflores@hotmail.com,(646) 280-3310,Pacific Sotheby's,Pacific Sotheby's,Oakland,Oakland,CA,96455,5,17,17,10774557,3.1,A,82,Cold Outreach,Large (51-200 agents),2026-10-04T05:21:50Z
CREAM-20261004-00046,Catherine Anderson,Catherine Anderson,Catherine,Anderson,catherinea@kellerwilliams.com,(805) 367-5958,Keller Williams,Keller Williams,Columbus,Columbus,OH,45770,1,10,10,2676930,4.0,A,94,LinkedIn,Independent,2026-10-04T00:37:28Z
CREAM-20261004-00047,David Long,David Long,David,Long,david_long@hotmail.com,(256) 524-8463,Coldwell Banker,Coldwell Banker,Miami,Miami,FL,34143,14,60,60,18223631,3.9,A,88,Facebook,Independent,2026-10-04T00:22:02Z
CREAM-20261004-00048,Donna Chavez,Donna Chavez,Donna,Chavez,donnac@exprealty.com,(469) 483-2476,eXp Realty,eXp Realty,Oakland,Oakland,CA,91691,5,8,8,6070098,3.4,A,94,Realtor.com,Independent,2026-10-04T02:00:26Z
CREAM-20261004-00049,Natalie Collins,Natalie Collins,Natalie,Collins,ncollins@halstead.com,(614) 340-9082,Halstead,Halstead,Staten Island,Staten Island,NY,12433,12,34,34,27351003,3.4,A,98,Website Lead,Mid-size (11-50 agents),2026-10-04T14:42:05Z
CREAM-20261004-00050,Keith Fisher,Keith Fisher,Keith,Fisher,keith.fisher@berkshirehathaway.com,(614) 545-9277,Berkshire Hathaway,Berkshire Hathaway,San Antonio,San Antonio,TX,77343,10,48,48,13075680,3.4,A,67,NAR Directory,Independent,2026-10-04T20:16:41Z
CREAM-20261004-00051,Ronald White,Ronald White,Ronald,White,rwhite@coldwellbanker.com,(919) 864-2771,Coldwell Banker,Coldwell Banker,Colorado Springs,Colorado Springs,CO,81330,17,51,51,20890358,3.0,A,61,Realtor.com,Boutique (2-10 agents),2026-10-04T00:59:37Z
CREAM-20261004-00052,Mary King,Mary King,Mary,King,mary.king@exprealty.com,(980) 419-2523,eXp Realty,eXp Realty,Cincinnati,Cincinnati,OH,43519,4,9,9,1577477,3.7,A,75,Cold Outreach,Large (51-200 agents),2026-10-04T06:45:59Z
CREAM-20261004-00053,Brandon White,Brandon White,Brandon,White,brandonwhite@me.com,(512) 737-7034,Berkshire Hathaway,Berkshire Hathaway,Scottsdale,Scottsdale,AZ,85978,13,71,71,24861694,3.1,A,66,MLS Database,Large (51-200 agents),2026-10-04T01:06:54Z
CREAM-20261004-00054,Gloria Perry,Gloria Perry,Gloria,Perry,gloria_perry@outlook.com,(720) 395-8391,HER Realtors,HER Realtors,Cleveland,Cleveland,OH,45685,5,18,18,3463199,3.5,A,83,LinkedIn,Large (51-200 agents),2026-10-04T07:19:46Z
CREAM-20261004-00055,Wayne Nelson,Wayne Nelson,Wayne,Nelson,wnelson@compass.com,(512) 396-7481,Compass,Compass,Miami,Miami,FL,32104,4,23,23,11214806,3.4,A,100,LinkedIn,Large (51-200 agents),2026-10-04T19:42:46Z
CREAM-20261004-00056,Keith Evans,Keith Evans,Keith,Evans,keithe@compass.com,(720) 973-1909,Compass,Compass,New York City,New York City,NY,12967,16,55,55,44880045,4.6,A,98,Referral Network,Large (51-200 agents),2026-10-04T02:02:11Z
CREAM-20261004-00057,Jason King,Jason King,Jason,King,jking@aol.com,(805) 975-1431,Howard Hanna,Howard Hanna,Raleigh,Raleigh,NC,28136,3,22,22,5528924,3.1,A,68,Website Lead,Mid-size (11-50 agents),2026-10-04T21:30:49Z
CREAM-20261004-00058,Brittany Morgan,Brittany Morgan,Brittany,Morgan,brittany.morgan@sothebysinternational.com,(919) 923-9965,Sotheby's International,Sotheby's International,San Jose,San Jose,CA,96144,15,56,56,34054519,4.0,A,84,Cold Outreach,Large (51-200 agents),2026-10-04T16:24:39Z
CREAM-20261004-00059,Sandra Castillo,Sandra Castillo,Sandra,Castillo,scastillo@me.com,(786) 265-8217,Keller Williams,Keller Williams,Raleigh,Raleigh,NC,27378,2,7,7,2734449,4.1,A,98,Referral Network,Boutique (2-10 agents),2026-10-04T04:47:45Z
CREAM-20261004-00060,Cynthia Davis,Cynthia Davis,Cynthia,Davis,cynthia_davis@hotmail.com,(714) 412-1352,Compass,Compass,Sacramento,Sacramento,CA,90741,4,16,16,14790302,4.0,A,88,Website Lead,Mid-size (11-50 agents),2026-10-04T15:27:33Z
CREAM-20261004-00061,Raymond Turner,Raymond Turner,Raymond,Turner,raymond.turner@hotmail.com,(929) 787-1646,Compass,Compass,Long Beach,Long Beach,CA,91575,3,19,19,20531146,3.6,A,95,LinkedIn,Mid-size (11-50 agents),2026-10-04T12:50:28Z
CREAM-20261004-00062,Margaret Cooper,Margaret Cooper,Margaret,Cooper,margaret.cooper@me.com,(234) 584-2979,RE/MAX,RE/MAX,Mesa,Mesa,AZ,85318,1,10,10,5165633,3.3,A,99,MLS Database,Mid-size (11-50 agents),2026-10-04T05:57:42Z
CREAM-20261004-00063,Peter Stewart,Peter Stewart,Peter,Stewart,peter.stewart@coldwellbanker.com,(512) 341-8732,Coldwell Banker,Coldwell Banker,Sacramento,Sacramento,CA,91728,5,14,14,12578053,4.8,A,79,Trade Show,Boutique (2-10 agents),2026-10-04T04:44:45Z
CREAM-20261004-00064,Amy Wright,Amy Wright,Amy,Wright,amyw@pacificsothebys.com,(512) 560-3387,Pacific Sotheby's,Pacific Sotheby's,San Jose,San Jose,CA,96745,0,4,4,3128542,4.3,A,96,Website Lead,Independent,2026-10-04T04:55:23Z
CREAM-20261004-00065,Shirley Jackson,Shirley Jackson,Shirley,Jackson,shirley.jackson@berkshirehathaway.com,(704) 948-4499,Berkshire Hathaway,Berkshire Hathaway,San Antonio,San Antonio,TX,79149,5,16,16,4800127,4.1,A,82,Trade Show,Independent,2026-10-04T12:06:56Z
CREAM-20261004-00066,Danielle Evans,Danielle Evans,Danielle,Evans,danielle_evans@hotmail.com,(718) 332-7189,Briggs Freeman Sotheby's,Briggs Freeman Sotheby's,Houston,Houston,TX,78644,9,29,29,10817180,4.2,A,70,NAR Directory,Enterprise (200+ agents),2026-10-04T16:19:46Z
CREAM-20261004-00067,Martha Chavez,Martha Chavez,Martha,Chavez,marthac@coldwellbanker.com,(614) 295-6949,Coldwell Banker,Coldwell Banker,Sacramento,Sacramento,CA,93868,5,25,25,24996380,3.6,A,78,NAR Directory,Independent,2026-10-04T01:51:54Z
CREAM-20261004-00068,Christine Mitchell,Christine Mitchell,Christine,Mitchell,christine_mitchell@yahoo.com,(415) 336-4859,RE/MAX,RE/MAX,Jacksonville,Jacksonville,FL,32471,9,20,20,7088550,3.5,A,100,Website Lead,Boutique (2-10 agents),2026-10-04T23:10:27Z
CREAM-20261004-00069,Benjamin Reed,Benjamin Reed,Benjamin,Reed,breed@gmail.com,(919) 593-4618,Douglas Elliman,Douglas Elliman,Staten Island,Staten Island,NY,13556,22,53,53,25884757,3.2,A,74,Realtor.com,Boutique (2-10 agents),2026-10-04T16:44:17Z
CREAM-20261004-00070,Aaron Flores,Aaron Flores,Aaron,Flores,aaronf@hotmail.com,(704) 362-6266,Russell Lyon Sotheby's,Russell Lyon Sotheby's,Mesa,Mesa,AZ,86811,22,38,38,19649295,3.6,A,77,Trade Show,Large (51-200 agents),2026-10-04T18:19:23Z
CREAM-20261004-00071,Kimberly Perez,Kimberly Perez,Kimberly,Perez,kimberly_perez@hotmail.com,(916) 434-1162,Berkshire Hathaway,Berkshire Hathaway,Orlando,Orlando,FL,34596,15,54,54,25958302,3.3,A,78,LinkedIn,Enterprise (200+ agents),2026-10-04T21:23:22Z
CREAM-20261004-00072,Michael Torres,Michael Torres,Michael,Torres,mtorres@me.com,(704) 749-3244,Sotheby's International,Sotheby's International,Oakland,Oakland,CA,90518,1,3,3,2837561,4.1,A,64,Brokerage Listings,Mid-size (11-50 agents),2026-10-04T19:54:20Z
CREAM-20261004-00073,Tyler Brown,Tyler Brown,Tyler,Brown,tylerbrown@outlook.com,(512) 497-2438,Coldwell Banker,Coldwell Banker,Dallas,Dallas,TX,77414,20,33,33,9400678,4.9,A,70,Referral Network,Large (51-200 agents),2026-10-04T16:20:38Z
CREAM-20261004-00074,Ryan Moore,Ryan Moore,Ryan,Moore,ryanmoore@hotmail.com,(512) 643-8533,Corcoran Group,Corcoran Group,Staten Island,Staten Island,NY,13474,10,34,34,28032775,4.6,A,70,MLS Database,Enterprise (200+ agents),2026-10-04T22:57:14Z
CREAM-20261004-00075,Carol Cooper,Carol Cooper,Carol,Cooper,carol.cooper@outlook.com,(972) 234-2009,Corcoran Group,Corcoran Group,Manhattan,Manhattan,NY,12201,4,15,15,9557688,3.8,A,69,MLS Database,Mid-size (11-50 agents),2026-10-04T12:12:15Z
CREAM-20261004-00076,Amy Harris,Amy Harris,Amy,Harris,amyh@icloud.com,(310) 943-4387,Keller Williams Realty,Keller Williams Realty,St. Petersburg,St. Petersburg,FL,33209,1,4,4,1813889,4.5,A,93,Realtor.com,Mid-size (11-50 agents),2026-10-04T20:17:47Z
CREAM-20261004-00077,Cynthia Patel,Cynthia Patel,Cynthia,Patel,cynthia_patel@yahoo.com,(714) 835-4460,Berkshire Hathaway,Berkshire Hathaway,Raleigh,Raleigh,NC,27440,21,26,26,10720025,4.7,A,83,Brokerage Listings,Boutique (2-10 agents),2026-10-04T10:25:45Z
CREAM-20261004-00078,Brenda Williams,Brenda Williams,Brenda,Williams,brendawilliams@yahoo.com,(256) 293-1578,Compass,Compass,Aurora,Aurora,CO,80232,25,77,77,43877118,4.7,A,68,MLS Database,Large (51-200 agents),2026-10-04T08:16:21Z
CREAM-20261004-00079,Betty Diaz,Betty Diaz,Betty,Diaz,bdiaz@gmail.com,(310) 483-9695,Allen Tate,Allen Tate,Greensboro,Greensboro,NC,28831,5,24,24,6730156,3.5,A,64,LinkedIn,Mid-size (11-50 agents),2026-10-04T11:54:39Z
CREAM-20261004-00080,Charles White,Charles White,Charles,White,charlesw@kellerwilliams.com,(718) 911-6749,Keller Williams,Keller Williams,Tucson,Tucson,AZ,85426,23,77,77,23130542,3.3,A,87,Realtor.com,Large (51-200 agents),2026-10-04T15:21:21Z
CREAM-20261004-00081,Raymond Clark,Raymond Clark,Raymond,Clark,raymond_clark@gmail.com,(614) 611-5017,HomeSmart,HomeSmart,Phoenix,Phoenix,AZ,85503,20,45,45,21079380,4.4,A,65,NAR Directory,Large (51-200 agents),2026-10-04T10:38:46Z
CREAM-20261004-00082,Joseph Allen,Joseph Allen,Joseph,Allen,jallen@outlook.com,(305) 218-6104,Coldwell Banker,Coldwell Banker,Mesa,Mesa,AZ,86391,17,50,50,25910316,4.1,A,93,Realtor.com,Enterprise (200+ agents),2026-10-04T01:32:09Z
CREAM-20261004-00083,Justin Russell,Justin Russell,Justin,Russell,jrussell@kellerwilliams.com,(718) 765-1662,Keller Williams,Keller Williams,Fort Worth,Fort Worth,TX,75190,14,55,55,24306012,3.9,A,97,Trade Show,Large (51-200 agents),2026-10-04T20:43:28Z
CREAM-20261004-00084,Martha Ruiz,Martha Ruiz,Martha,Ruiz,martha.ruiz@sothebysinternational.com,(602) 516-7787,Sotheby's International,Sotheby's International,San Francisco,San Francisco,CA,91543,15,67,67,58097282,4.5,A,61,MLS Database,Mid-size (11-50 agents),2026-10-04T17:32:34Z
CREAM-20261004-00085,Alan Ortiz,Alan Ortiz,Alan,Ortiz,alano@yahoo.com,(407) 982-3682,Compass,Compass,Denver,Denver,CO,80949,2,6,6,2463081,4.2,A,87,NAR Directory,Independent,2026-10-04T21:56:57Z
CREAM-20261004-00086,Emma Brown,Emma Brown,Emma,Brown,emma.brown@re/max.com,(713) 746-2861,RE/MAX,RE/MAX,Scottsdale,Scottsdale,AZ,85224,12,45,45,14184380,4.5,A,74,Trade Show,Enterprise (200+ agents),2026-10-04T11:45:41Z
CREAM-20261004-00087,Christine Kim,Christine Kim,Christine,Kim,christinekim@gmail.com,(512) 222-4324,eXp Realty,eXp Realty,Columbus,Columbus,OH,45754,2,4,4,806785,3.4,A,79,MLS Database,Boutique (2-10 agents),2026-10-04T01:03:49Z
CREAM-20261004-00088,Mary Anderson,Mary Anderson,Mary,Anderson,marya@me.com,(614) 346-4705,Compass,Compass,Miami,Miami,FL,34889,3,25,25,11269827,3.6,A,67,Facebook,Boutique (2-10 agents),2026-10-04T01:30:38Z
CREAM-20261004-00089,Steven Perez,Steven Perez,Steven,Perez,sperez@hotmail.com,(720) 336-6427,Halstead,Halstead,Brooklyn,Brooklyn,NY,13393,19,60,60,48685248,3.9,A,99,Brokerage Listings,Independent,2026-10-04T06:32:56Z
CREAM-20261004-00090,Gregory Nguyen,Gregory Nguyen,Gregory,Nguyen,gnguyen@hotmail.com,(512) 774-1538,LIV Sotheby's,LIV Sotheby's,Colorado Springs,Colorado Springs,CO,80548,2,12,12,7893407,4.5,A,83,Realtor.com,Large (51-200 agents),2026-10-04T15:17:03Z
CREAM-20261004-00091,Emily Garcia,Emily Garcia,Emily,Garcia,emily_garcia@aol.com,(805) 407-4355,Berkshire Hathaway,Berkshire Hathaway,Houston,Houston,TX,77322,10,29,29,9843248,5.0,A,77,Trade Show,Independent,2026-10-04T21:06:19Z
CREAM-20261004-00092,Pamela Miller,Pamela Miller,Pamela,Miller,pamela.miller@kellerwilliams.com,(234) 592-3802,Keller Williams,Keller Williams,Colorado Springs,Colorado Springs,CO,80148,10,26,26,15248036,3.8,A,78,Facebook,Enterprise (200+ agents),2026-10-04T02:00:32Z
CREAM-20261004-00093,Michelle Carter,Michelle Carter,Michelle,Carter,michelle_carter@icloud.com,(234) 342-7296,eXp Realty,eXp Realty,Fort Worth,Fort Worth,TX,78333,12,55,55,19581540,4.7,A,92,LinkedIn,Independent,2026-10-04T06:36:17Z
CREAM-20261004-00094,Linda Alvarez,Linda Alvarez,Linda,Alvarez,lindaa@compass.com,(713) 870-8207,Compass,Compass,Aurora,Aurora,CO,81732,2,3,3,1458645,4.6,A,74,Facebook,Mid-size (11-50 agents),2026-10-04T10:21:52Z
CREAM-20261004-00095,Carolyn Perez,Carolyn Perez,Carolyn,Perez,carolyn.perez@aol.com,(212) 455-1687,Russell Lyon Sotheby's,Russell Lyon Sotheby's,Phoenix,Phoenix,AZ,86467,1,7,7,3667143,4.6,A,98,NAR Directory,Boutique (2-10 agents),2026-10-04T01:18:09Z
CREAM-20261004-00096,Charles Mendoza,Charles Mendoza,Charles,Mendoza,cmendoza@icloud.com,(212) 866-7594,Douglas Elliman,Douglas Elliman,Brooklyn,Brooklyn,NY,13453,11,65,65,34272730,3.3,A,75,LinkedIn,Mid-size (11-50 agents),2026-10-04T04:01:18Z
CREAM-20261004-00097,Gloria Jackson,Gloria Jackson,Gloria,Jackson,gloriaj@aol.com,(404) 697-7326,8z Real Estate,8z Real Estate,Aurora,Aurora,CO,81255,4,11,11,4726028,4.3,A,66,Brokerage Listings,Enterprise (200+ agents),2026-10-04T10:58:11Z
CREAM-20261004-00098,Stephen Howard,Stephen Howard,Stephen,Howard,showard@aol.com,(256) 427-5000,HER Realtors,HER Realtors,Columbus,Columbus,OH,44318,8,20,20,5552077,4.6,A,73,NAR Directory,Enterprise (200+ agents),2026-10-04T02:17:56Z
CREAM-20261004-00099,Linda Cooper,Linda Cooper,Linda,Cooper,linda.cooper@hotmail.com,(512) 550-4365,RE/MAX,RE/MAX,Scottsdale,Scottsdale,AZ,86563,1,7,7,2893666,3.1,A,92,Cold Outreach,Boutique (2-10 agents),2026-10-04T22:39:21Z
CREAM-20261004-00100,Jerry Cooper,Jerry Cooper,Jerry,Cooper,jerry.cooper@berkshirehathaway.com,(718) 548-6970,Berkshire Hathaway,Berkshire Hathaway,Miami,Miami,FL,33749,3,14,14,6630156,4.2,A,77,Cold Outreach,Mid-size (11-50 agents),2026-10-04T14:46:45Z
CREAM-20261004-00101,Michelle Nelson,Michelle Nelson,Michelle,Nelson,mnelson@hotmail.com,(919) 892-9048,Howard Hanna,Howard Hanna,Greensboro,Greensboro,NC,27762,5,17,17,4473656,3.6,A,64,Website Lead,Large (51-200 agents),2026-10-04T03:00:46Z
CREAM-20261004-00102,Kevin Mitchell,Kevin Mitchell,Kevin,Mitchell,kevin.mitchell@gmail.com,(214) 497-8199,RE/MAX,RE/MAX,Charlotte,Charlotte,NC,27450,21,38,38,13550385,3.6,A,72,Realtor.com,Large (51-200 agents),2026-10-04T17:55:20Z
CREAM-20261004-00103,Joseph Scott,Joseph Scott,Joseph,Scott,joseph.scott@yahoo.com,(234) 920-6315,eXp Realty,eXp Realty,San Antonio,San Antonio,TX,75475,5,11,11,4054259,4.4,A,82,LinkedIn,Large (51-200 agents),2026-10-04T16:15:09Z
CREAM-20261004-00104,Margaret Davis,Margaret Davis,Margaret,Davis,margaretdavis@me.com,(234) 370-3616,eXp Realty,eXp Realty,El Paso,El Paso,TX,79715,3,17,17,6026205,3.7,A,96,MLS Database,Enterprise (200+ agents),2026-10-04T22:48:10Z
CREAM-20261004-00105,Nicole Kelly,Nicole Kelly,Nicole,Kelly,nicole_kelly@yahoo.com,(256) 611-1940,HER Realtors,HER Realtors,Cleveland,Cleveland,OH,43545,0,5,5,1266380,4.3,A,72,Facebook,Independent,2026-10-04T11:46:46Z
CREAM-20261004-00106,Susan Mitchell,Susan Mitchell,Susan,Mitchell,smitchell@icloud.com,(334) 752-9562,Douglas Elliman,Douglas Elliman,Fort Lauderdale,Fort Lauderdale,FL,32973,2,10,10,4370778,3.7,A,64,MLS Database,Enterprise (200+ agents),2026-10-04T12:47:31Z
CREAM-20261004-00107,Brian Johnson,Brian Johnson,Brian,Johnson,bjohnson@cutlerrealestate.com,(646) 338-9866,Cutler Real Estate,Cutler Real Estate,Columbus,Columbus,OH,45244,11,25,25,5102186,3.0,A,91,MLS Database,Large (51-200 agents),2026-10-04T20:57:28Z
CREAM-20261004-00108,Jacqueline Evans,Jacqueline Evans,Jacqueline,Evans,jacquelineevans@outlook.com,(916) 209-7687,eXp Realty,eXp Realty,Cincinnati,Cincinnati,OH,43362,3,11,11,2502786,3.5,A,89,MLS Database,Mid-size (11-50 agents),2026-10-04T19:05:39Z
CREAM-20261004-00109,Ronald Diaz,Ronald Diaz,Ronald,Diaz,ronald_diaz@outlook.com,(407) 923-1779,Coldwell Banker,Coldwell Banker,Miami,Miami,FL,34703,25,59,59,21329004,4.1,A,78,Brokerage Listings,Large (51-200 agents),2026-10-04T00:11:27Z
CREAM-20261004-00110,Debra Alexander,Debra Alexander,Debra,Alexander,dalexander@kellerwilliamsrealty.com,(512) 630-8675,Keller Williams Realty,Keller Williams Realty,Orlando,Orlando,FL,33659,3,8,8,3838507,4.7,A,77,NAR Directory,Boutique (2-10 agents),2026-10-04T08:34:39Z
CREAM-20261004-00111,Natalie Alvarez,Natalie Alvarez,Natalie,Alvarez,nataliealvarez@yahoo.com,(512) 892-6370,Coldwell Banker,Coldwell Banker,Phoenix,Phoenix,AZ,85145,24,34,34,17190617,4.6,A,68,Realtor.com,Large (51-200 agents),2026-10-04T10:41:41Z
CREAM-20261004-00112,Kenneth Russell,Kenneth Russell,Kenneth,Russell,kennethrussell@hotmail.com,(256) 770-5382,HomeSmart,HomeSmart,Phoenix,Phoenix,AZ,85844,23,52,52,27449408,3.2,A,79,Referral Network,Large (51-200 agents),2026-10-04T05:45:09Z
CREAM-20261004-00113,Stephen Young,Stephen Young,Stephen,Young,stephen.young@berkshirehathaway.com,(713) 937-1906,Berkshire Hathaway,Berkshire Hathaway,Phoenix,Phoenix,AZ,85884,2,11,11,5456104,4.3,A,67,Realtor.com,Independent,2026-10-04T03:43:11Z
CREAM-20261004-00114,John Phillips,John Phillips,John,Phillips,john_phillips@icloud.com,(714) 967-7763,Douglas Elliman,Douglas Elliman,Fort Worth,Fort Worth,TX,75581,4,25,25,10154863,3.3,A,62,NAR Directory,Mid-size (11-50 agents),2026-10-04T13:22:19Z
CREAM-20261004-00115,Maria Adams,Maria Adams,Maria,Adams,madams@berkshirehathaway.com,(214) 220-6866,Berkshire Hathaway,Berkshire Hathaway,Houston,Houston,TX,75777,2,6,6,2172542,4.5,A,96,Realtor.com,Boutique (2-10 agents),2026-10-04T13:00:18Z
CREAM-20261004-00116,Sharon Price,Sharon Price,Sharon,Price,sprice@me.com,(469) 537-8010,HER Realtors,HER Realtors,Columbus,Columbus,OH,44275,11,78,78,23733081,4.2,A,100,Cold Outreach,Independent,2026-10-04T17:23:11Z
CREAM-20261004-00117,Amy Mendoza,Amy Mendoza,Amy,Mendoza,amendoza@icloud.com,(980) 761-9299,Corcoran Group,Corcoran Group,Manhattan,Manhattan,NY,10130,4,12,12,6382820,4.4,A,74,Realtor.com,Mid-size (11-50 agents),2026-10-04T22:08:50Z
CREAM-20261004-00118,Grace Alvarez,Grace Alvarez,Grace,Alvarez,grace_alvarez@yahoo.com,(714) 767-3851,Coldwell Banker,Coldwell Banker,Dallas,Dallas,TX,78773,3,21,21,8194940,3.2,A,98,LinkedIn,Enterprise (200+ agents),2026-10-04T07:19:06Z
CREAM-20261004-00119,Amy Phillips,Amy Phillips,Amy,Phillips,amyphillips@hotmail.com,(704) 586-1712,Berkshire Hathaway,Berkshire Hathaway,Mesa,Mesa,AZ,85452,20,41,41,15427663,3.1,A,63,Trade Show,Boutique (2-10 agents),2026-10-04T21:49:48Z
CREAM-20261004-00120,Michael Diaz,Michael Diaz,Michael,Diaz,mdiaz@gmail.com,(929) 693-1702,Compass,Compass,Fort Lauderdale,Fort Lauderdale,FL,34221,4,9,9,4077471,4.1,A,65,NAR Directory,Independent,2026-10-04T17:04:42Z
CREAM-20261004-00121,Joshua Powell,Joshua Powell,Joshua,Powell,joshua_powell@icloud.com,(919) 760-6644,Berkshire Hathaway,Berkshire Hathaway,Orlando,Orlando,FL,34556,7,22,22,6697663,4.9,A,73,NAR Directory,Large (51-200 agents),2026-10-04T06:02:50Z
CREAM-20261004-00122,Gloria Gomez,Gloria Gomez,Gloria,Gomez,gloriag@hotmail.com,(720) 827-4552,Keller Williams,Keller Williams,Scottsdale,Scottsdale,AZ,85218,5,23,23,11924281,3.3,A,90,Trade Show,Enterprise (200+ agents),2026-10-04T09:07:45Z
CREAM-20261004-00123,Scott Smith,Scott Smith,Scott,Smith,ssmith@exprealty.com,(303) 894-7943,eXp Realty,eXp Realty,Aurora,Aurora,CO,81114,23,42,42,22417496,5.0,A,78,Brokerage Listings,Independent,2026-10-04T03:47:05Z
CREAM-20261004-00124,Ralph King,Ralph King,Ralph,King,rking@outlook.com,(805) 210-7844,eXp Realty,eXp Realty,Colorado Springs,Colorado Springs,CO,80613,15,52,52,32376996,3.1,A,78,Referral Network,Boutique (2-10 agents),2026-10-04T19:21:03Z
CREAM-20261004-00125,Peter Perez,Peter Perez,Peter,Perez,peter_perez@hotmail.com,(512) 208-1038,Berkshire Hathaway,Berkshire Hathaway,Orlando,Orlando,FL,32121,5,25,25,12306158,3.1,A,69,Facebook,Boutique (2-10 agents),2026-10-04T04:55:41Z
CREAM-20261004-00126,Jessica Watson,Jessica Watson,Jessica,Watson,jessicaw@outlook.com,(310) 896-2839,Keller Williams,Keller Williams,Brooklyn,Brooklyn,NY,14472,11,44,44,32283295,4.7,A,86,Facebook,Mid-size (11-50 agents),2026-10-04T04:01:07Z
CREAM-20261004-00127,Heather Young,Heather Young,Heather,Young,heather.young@icloud.com,(720) 751-7877,eXp Realty,eXp Realty,Mesa,Mesa,AZ,85173,3,9,9,4202217,3.2,A,73,Trade Show,Enterprise (200+ agents),2026-10-04T02:12:54Z
CREAM-20261004-00128,Grace Diaz,Grace Diaz,Grace,Diaz,grace_diaz@hotmail.com,(916) 948-3405,Corcoran Group,Corcoran Group,Bronx,Bronx,NY,13665,19,77,77,35204444,4.5,A,61,Website Lead,Large (51-200 agents),2026-10-04T22:36:13Z
CREAM-20261004-00129,Patrick Young,Patrick Young,Patrick,Young,patrick.young@berkshirehathaway.com,(305) 480-7659,Berkshire Hathaway,Berkshire Hathaway,Mesa,Mesa,AZ,86976,21,62,62,26123239,4.5,A,71,NAR Directory,Mid-size (11-50 agents),2026-10-04T09:10:04Z
CREAM-20261004-00130,Bruce Morales,Bruce Morales,Bruce,Morales,brucem@aol.com,(512) 445-3204,RE/MAX,RE/MAX,Miami,Miami,FL,32594,0,5,5,1666814,3.2,A,84,Facebook,Independent,2026-10-04T04:28:16Z
CREAM-20261004-00131,Amber Cox,Amber Cox,Amber,Cox,acox@hotmail.com,(614) 776-9007,Allie Beth Allman,Allie Beth Allman,Houston,Houston,TX,78303,0,4,4,996971,4.0,A,85,Cold Outreach,Independent,2026-10-04T19:20:06Z
CREAM-20261004-00132,Maria Stewart,Maria Stewart,Maria,Stewart,mariastewart@yahoo.com,(646) 390-3379,Brown Harris Stevens,Brown Harris Stevens,Bronx,Bronx,NY,13250,1,6,6,2767099,4.4,A,61,LinkedIn,Boutique (2-10 agents),2026-10-04T19:31:57Z
CREAM-20261004-00133,Ronald Rodriguez,Ronald Rodriguez,Ronald,Rodriguez,ronald.rodriguez@yahoo.com,(334) 347-9643,Century 21,Century 21,Orlando,Orlando,FL,32304,1,7,7,2694568,4.6,A,60,LinkedIn,Large (51-200 agents),2026-10-04T01:48:49Z
CREAM-20261004-00134,Ronald Cook,Ronald Cook,Ronald,Cook,ronaldcook@me.com,(614) 329-9981,Keller Williams,Keller Williams,Brooklyn,Brooklyn,NY,14490,4,21,21,12412404,4.9,A,60,Website Lead,Boutique (2-10 agents),2026-10-04T06:13:00Z
CREAM-20261004-00135,Margaret Anderson,Margaret Anderson,Margaret,Anderson,margareta@me.com,(512) 379-2245,Berkshire Hathaway,Berkshire Hathaway,Austin,Austin,TX,77781,3,24,24,6208026,3.0,A,97,LinkedIn,Mid-size (11-50 agents),2026-10-04T13:13:00Z
CREAM-20261004-00136,Alexander Nelson,Alexander Nelson,Alexander,Nelson,anelson@yahoo.com,(305) 738-6724,8z Real Estate,8z Real Estate,Denver,Denver,CO,80154,2,4,4,2544054,3.2,A,89,LinkedIn,Large (51-200 agents),2026-10-04T10:30:04Z
CREAM-20261004-00137,Andrew Kelly,Andrew Kelly,Andrew,Kelly,akelly@hotmail.com,(415) 784-7716,Coldwell Banker,Coldwell Banker,San Jose,San Jose,CA,96781,10,49,49,44231634,3.8,A,81,Brokerage Listings,Independent,2026-10-04T07:38:30Z
CREAM-20261004-00138,Ronald Castillo,Ronald Castillo,Ronald,Castillo,ronald.castillo@aol.com,(713) 458-7335,Berkshire Hathaway,Berkshire Hathaway,Colorado Springs,Colorado Springs,CO,81491,1,4,4,1803015,3.2,A,96,MLS Database,Mid-size (11-50 agents),2026-10-04T14:20:56Z
CREAM-20261004-00139,Rebecca Brown,Rebecca Brown,Rebecca,Brown,rebecca_brown@aol.com,(646) 850-6479,eXp Realty,eXp Realty,Dallas,Dallas,TX,75214,8,33,33,14455642,4.6,A,79,Trade Show,Large (51-200 agents),2026-10-04T22:36:45Z
CREAM-20261004-00140,Roger Stewart,Roger Stewart,Roger,Stewart,rogers@icloud.com,(407) 465-6583,Allie Beth Allman,Allie Beth Allman,Houston,Houston,TX,77154,9,38,38,15024828,4.5,A,100,Realtor.com,Independent,2026-10-04T17:58:17Z
CREAM-20261004-00141,Linda Richardson,Linda Richardson,Linda,Richardson,lindar@yahoo.com,(786) 378-7602,Huntington Real Estate,Huntington Real Estate,Cincinnati,Cincinnati,OH,45555,5,21,21,6548686,4.6,A,67,Trade Show,Boutique (2-10 agents),2026-10-04T14:09:56Z
CREAM-20261004-00142,Victoria Powell,Victoria Powell,Victoria,Powell,victoriap@hotmail.com,(512) 246-2040,Keller Williams,Keller Williams,San Antonio,San Antonio,TX,76274,25,79,79,34365206,4.8,A,60,Realtor.com,Large (51-200 agents),2026-10-04T05:53:33Z
CREAM-20261004-00143,Debra King,Debra King,Debra,King,debra.king@aol.com,(713) 552-5507,Compass,Compass,Greensboro,Greensboro,NC,28576,18,76,76,24495630,3.4,A,98,Website Lead,Mid-size (11-50 agents),2026-10-04T02:51:00Z
CREAM-20261004-00144,Nancy Long,Nancy Long,Nancy,Long,nancylong@aol.com,(212) 692-3034,Keller Williams,Keller Williams,Mesa,Mesa,AZ,86255,24,62,62,29664220,4.7,A,78,Website Lead,Large (51-200 agents),2026-10-04T15:17:54Z
CREAM-20261004-00145,Natalie Johnson,Natalie Johnson,Natalie,Johnson,natalie.johnson@century21.com,(334) 426-3419,Century 21,Century 21,Fort Lauderdale,Fort Lauderdale,FL,33594,9,17,17,5593724,3.1,A,67,NAR Directory,Boutique (2-10 agents),2026-10-04T18:38:00Z
CREAM-20261004-00146,Nicole Morgan,Nicole Morgan,Nicole,Morgan,nicole_morgan@hotmail.com,(415) 274-6875,Compass,Compass,Staten Island,Staten Island,NY,10423,3,9,9,7561287,3.5,A,90,Website Lead,Large (51-200 agents),2026-10-04T14:38:30Z
CREAM-20261004-00147,Amy Diaz,Amy Diaz,Amy,Diaz,amyd@alliebethallman.com,(916) 642-2753,Allie Beth Allman,Allie Beth Allman,Fort Worth,Fort Worth,TX,75328,3,25,25,7797747,3.1,A,72,Brokerage Listings,Enterprise (200+ agents),2026-10-04T14:44:28Z
CREAM-20261004-00148,Alexander Ross,Alexander Ross,Alexander,Ross,alexanderr@outlook.com,(646) 413-9662,Brown Harris Stevens,Brown Harris Stevens,New York City,New York City,NY,14112,19,67,67,36429677,4.1,A,68,Facebook,Large (51-200 agents),2026-10-04T06:52:51Z
CREAM-20261004-00149,Angela Cox,Angela Cox,Angela,Cox,angelac@re/max.com,(256) 212-1370,RE/MAX,RE/MAX,St. Petersburg,St. Petersburg,FL,32150,1,10,10,4433668,3.1,A,96,Referral Network,Mid-size (11-50 agents),2026-10-04T00:44:01Z
CREAM-20261004-00150,Ralph Rogers,Ralph Rogers,Ralph,Rogers,ralphrogers@me.com,(303) 690-3424,Halstead,Halstead,Bronx,Bronx,NY,12156,4,25,25,12256445,3.8,A,90,Website Lead,Independent,2026-10-04T23:18:30Z
CREAM-20261004-00151,Rebecca Russell,Rebecca Russell,Rebecca,Russell,rebecca.russell@coldwellbanker.com,(512) 240-7425,Coldwell Banker,Coldwell Banker,Houston,Houston,TX,77883,9,35,35,12518691,4.1,A,91,LinkedIn,Large (51-200 agents),2026-10-04T21:39:45Z
CREAM-20261004-00152,Betty Young,Betty Young,Betty,Young,bettyy@longrealty.com,(786) 473-4675,Long Realty,Long Realty,Phoenix,Phoenix,AZ,86340,0,4,4,1509098,3.2,A,62,Facebook,Boutique (2-10 agents),2026-10-04T04:32:36Z
CREAM-20261004-00153,Carol Wright,Carol Wright,Carol,Wright,cwright@compass.com,(234) 290-8350,Compass,Compass,Greensboro,Greensboro,NC,27756,2,5,5,1362520,3.2,A,69,Trade Show,Enterprise (200+ agents),2026-10-04T11:15:38Z
CREAM-20261004-00154,Jacob Ramos,Jacob Ramos,Jacob,Ramos,jacobr@re/max.com,(404) 973-6123,RE/MAX,RE/MAX,San Jose,San Jose,CA,90727,10,30,30,21490117,4.6,A,73,Brokerage Listings,Boutique (2-10 agents),2026-10-04T13:20:50Z
CREAM-20261004-00155,Matthew Kim,Matthew Kim,Matthew,Kim,matthew.kim@aol.com,(720) 613-7944,Keller Williams,Keller Williams,Denver,Denver,CO,81663,2,4,4,2353336,4.3,A,77,Referral Network,Mid-size (11-50 agents),2026-10-04T12:19:20Z
CREAM-20261004-00156,Jacob Jenkins,Jacob Jenkins,Jacob,Jenkins,jjenkins@exprealty.com,(256) 243-3696,eXp Realty,eXp Realty,Phoenix,Phoenix,AZ,86972,4,22,22,6346101,4.7,A,77,Facebook,Mid-size (11-50 agents),2026-10-04T19:59:46Z
CREAM-20261004-00157,Kenneth Price,Kenneth Price,Kenneth,Price,kenneth.price@briggsfreemansothebys.com,(305) 365-5521,Briggs Freeman Sotheby's,Briggs Freeman Sotheby's,El Paso,El Paso,TX,76405,23,33,33,12755087,4.3,A,66,Brokerage Listings,Large (51-200 agents),2026-10-04T11:33:34Z
CREAM-20261004-00158,Karen Sullivan,Karen Sullivan,Karen,Sullivan,karensullivan@me.com,(919) 948-7872,eXp Realty,eXp Realty,Dallas,Dallas,TX,79758,13,29,29,9324598,3.3,A,86,Website Lead,Boutique (2-10 agents),2026-10-04T09:22:48Z
CREAM-20261004-00159,Raymond Patel,Raymond Patel,Raymond,Patel,rpatel@re/max.com,(919) 948-4792,RE/MAX,RE/MAX,Raleigh,Raleigh,NC,27778,15,50,50,13789537,4.5,A,77,Realtor.com,Large (51-200 agents),2026-10-04T17:38:38Z
CREAM-20261004-00160,Aaron Walker,Aaron Walker,Aaron,Walker,aaron_walker@aol.com,(303) 767-5760,eXp Realty,eXp Realty,Austin,Austin,TX,75286,2,10,10,2762547,3.9,A,65,Brokerage Listings,Independent,2026-10-04T20:10:29Z
CREAM-20261004-00161,Brandon King,Brandon King,Brandon,King,brandon.king@outlook.com,(407) 264-3940,eXp Realty,eXp Realty,Scottsdale,Scottsdale,AZ,85734,16,39,39,18554256,4.9,A,84,LinkedIn,Enterprise (200+ agents),2026-10-04T23:30:25Z
CREAM-20261004-00162,Christopher Jenkins,Christopher Jenkins,Christopher,Jenkins,christopher.jenkins@yahoo.com,(310) 406-6899,Berkshire Hathaway,Berkshire Hathaway,Cincinnati,Cincinnati,OH,43731,24,70,70,17781888,3.8,A,92,Website Lead,Mid-size (11-50 agents),2026-10-04T18:11:15Z
CREAM-20261004-00163,Ruth Lewis,Ruth Lewis,Ruth,Lewis,ruth_lewis@gmail.com,(334) 662-6123,Huntington Real Estate,Huntington Real Estate,Columbus,Columbus,OH,43536,3,8,8,1937004,4.1,A,76,Facebook,Enterprise (200+ agents),2026-10-04T19:56:06Z
CREAM-20261004-00164,Gary Young,Gary Young,Gary,Young,gary.young@icloud.com,(513) 679-1917,Coldwell Banker,Coldwell Banker,Greensboro,Greensboro,NC,28625,12,39,39,10420739,4.2,A,79,Realtor.com,Independent,2026-10-04T17:24:24Z
CREAM-20261004-00165,Emily Bennett,Emily Bennett,Emily,Bennett,emily.bennett@yahoo.com,(646) 719-2225,Brown Harris Stevens,Brown Harris Stevens,New York City,New York City,NY,13220,23,52,52,28199856,3.0,A,96,Trade Show,Mid-size (11-50 agents),2026-10-04T01:33:12Z
CREAM-20261004-00166,Dennis Gutierrez,Dennis Gutierrez,Dennis,Gutierrez,dennis.gutierrez@douglaselliman.com,(916) 889-9857,Douglas Elliman,Douglas Elliman,New York City,New York City,NY,13685,10,42,42,22743728,4.9,A,89,Realtor.com,Enterprise (200+ agents),2026-10-04T12:11:30Z
CREAM-20261004-00167,Martha Coleman,Martha Coleman,Martha,Coleman,mcoleman@corcorangroup.com,(212) 443-8344,Corcoran Group,Corcoran Group,Staten Island,Staten Island,NY,12304,18,51,51,35273287,4.3,A,88,Website Lead,Large (51-200 agents),2026-10-04T21:35:13Z
CREAM-20261004-00168,Barbara Powell,Barbara Powell,Barbara,Powell,barbara.powell@icloud.com,(234) 232-4189,Coldwell Banker,Coldwell Banker,Dallas,Dallas,TX,79354,2,5,5,1933276,4.9,A,99,LinkedIn,Enterprise (200+ agents),2026-10-04T00:14:48Z
CREAM-20261004-00169,Carol Gray,Carol Gray,Carol,Gray,carol.gray@yahoo.com,(714) 216-5999,Berkshire Hathaway,Berkshire Hathaway,Denver,Denver,CO,80888,12,31,31,17999979,3.8,A,63,LinkedIn,Enterprise (200+ agents),2026-10-04T08:24:00Z
CREAM-20261004-00170,Larry Lopez,Larry Lopez,Larry,Lopez,larry.lopez@howardhanna.com,(234) 763-2504,Howard Hanna,Howard Hanna,Raleigh,Raleigh,NC,27768,25,32,32,12350123,4.9,A,95,Realtor.com,Large (51-200 agents),2026-10-04T21:21:38Z
CREAM-20261004-00171,Debra King,Debra King,Debra,King,debrak@re/max.com,(602) 989-5983,RE/MAX,RE/MAX,Long Beach,Long Beach,CA,95889,24,52,52,34771428,3.5,A,88,Referral Network,Enterprise (200+ agents),2026-10-04T01:44:47Z
CREAM-20261004-00172,Dorothy Powell,Dorothy Powell,Dorothy,Powell,dorothy.powell@yahoo.com,(714) 870-1114,Coldwell Banker,Coldwell Banker,San Jose,San Jose,CA,96519,10,42,42,36424590,4.9,A,90,Referral Network,Independent,2026-10-04T12:59:11Z
CREAM-20261004-00173,Arthur Collins,Arthur Collins,Arthur,Collins,arthurcollins@aol.com,(614) 273-3638,Allen Tate,Allen Tate,Raleigh,Raleigh,NC,28184,2,8,8,2897226,4.2,A,70,Trade Show,Boutique (2-10 agents),2026-10-04T06:47:25Z
CREAM-20261004-00174,Heather Ross,Heather Ross,Heather,Ross,hross@yahoo.com,(805) 792-2579,eXp Realty,eXp Realty,Austin,Austin,TX,78220,13,65,65,19867096,3.7,A,72,NAR Directory,Independent,2026-10-04T04:02:06Z
CREAM-20261004-00175,Judith Reed,Judith Reed,Judith,Reed,judithr@icloud.com,(646) 585-5536,Berkshire Hathaway,Berkshire Hathaway,Colorado Springs,Colorado Springs,CO,81590,4,9,9,4454130,4.2,A,99,Brokerage Listings,Enterprise (200+ agents),2026-10-04T07:50:09Z
CREAM-20261004-00176,Jerry Martinez,Jerry Martinez,Jerry,Martinez,jerry.martinez@outlook.com,(212) 776-3515,Cutler Real Estate,Cutler Real Estate,Cleveland,Cleveland,OH,45279,10,48,48,14325527,4.3,A,98,Cold Outreach,Independent,2026-10-04T00:52:50Z
CREAM-20261004-00177,Keith Sanders,Keith Sanders,Keith,Sanders,ksanders@aol.com,(469) 975-2551,RE/MAX,RE/MAX,Jacksonville,Jacksonville,FL,33847,23,32,32,13258704,3.9,A,73,LinkedIn,Independent,2026-10-04T09:51:15Z
CREAM-20261004-00178,Jacob Gray,Jacob Gray,Jacob,Gray,jacobgray@yahoo.com,(513) 811-3121,Keller Williams Realty,Keller Williams Realty,Miami,Miami,FL,34680,1,12,12,5771833,4.2,A,96,Facebook,Large (51-200 agents),2026-10-04T06:48:30Z
CREAM-20261004-00179,Cynthia Coleman,Cynthia Coleman,Cynthia,Coleman,cynthia.coleman@alliebethallman.com,(212) 719-4942,Allie Beth Allman,Allie Beth Allman,Dallas,Dallas,TX,77498,3,21,21,5340153,3.3,A,94,Cold Outreach,Boutique (2-10 agents),2026-10-04T05:43:25Z
CREAM-20261004-00180,Timothy Perry,Timothy Perry,Timothy,Perry,timothy.perry@exprealty.com,(805) 604-9687,eXp Realty,eXp Realty,Scottsdale,Scottsdale,AZ,85154,16,53,53,17581748,4.5,A,62,Referral Network,Boutique (2-10 agents),2026-10-04T08:39:19Z
CREAM-20261004-00181,Aaron Turner,Aaron Turner,Aaron,Turner,aaronturner@yahoo.com,(805) 554-3155,Century 21,Century 21,St. Petersburg,St. Petersburg,FL,33730,9,38,38,15552014,3.4,A,69,NAR Directory,Boutique (2-10 agents),2026-10-04T19:07:11Z
CREAM-20261004-00182,Robert Brown,Robert Brown,Robert,Brown,robertb@homesmart.com,(720) 908-2540,HomeSmart,HomeSmart,Tucson,Tucson,AZ,85759,1,9,9,3217214,3.5,A,98,Referral Network,Boutique (2-10 agents),2026-10-04T20:20:21Z
CREAM-20261004-00183,Daniel Cooper,Daniel Cooper,Daniel,Cooper,danielc@aol.com,(469) 782-2311,Keller Williams,Keller Williams,Columbus,Columbus,OH,43510,1,6,6,1462621,4.2,A,95,MLS Database,Mid-size (11-50 agents),2026-10-04T12:37:32Z
CREAM-20261004-00184,Kathleen Jimenez,Kathleen Jimenez,Kathleen,Jimenez,kathleenj@icloud.com,(407) 837-1226,eXp Realty,eXp Realty,Fort Worth,Fort Worth,TX,78947,25,55,55,23366727,3.8,A,96,Trade Show,Large (51-200 agents),2026-10-04T22:13:10Z
CREAM-20261004-00185,Kimberly Long,Kimberly Long,Kimberly,Long,kimberlyl@yahoo.com,(415) 999-5635,Compass,Compass,Charlotte,Charlotte,NC,27433,0,3,3,892500,3.7,A,100,Brokerage Listings,Mid-size (11-50 agents),2026-10-04T14:13:23Z
CREAM-20261004-00186,Scott Wright,Scott Wright,Scott,Wright,swright@coldwellbanker.com,(303) 313-1645,Coldwell Banker,Coldwell Banker,Phoenix,Phoenix,AZ,85346,2,11,11,3632768,3.2,A,93,Trade Show,Large (51-200 agents),2026-10-04T04:33:41Z
CREAM-20261004-00187,Donald Sanders,Donald Sanders,Donald,Sanders,donald.sanders@aol.com,(256) 294-3161,Nest Seekers,Nest Seekers,Bronx,Bronx,NY,10794,11,61,61,42288300,4.6,A,60,LinkedIn,Independent,2026-10-04T18:55:24Z
CREAM-20261004-00188,Angela Ruiz,Angela Ruiz,Angela,Ruiz,aruiz@aol.com,(602) 799-3843,Allie Beth Allman,Allie Beth Allman,Dallas,Dallas,TX,75324,6,20,20,8962590,3.8,A,86,Facebook,Large (51-200 agents),2026-10-04T12:10:09Z
CREAM-20261004-00189,Nicholas Bailey,Nicholas Bailey,Nicholas,Bailey,nicholas.bailey@berkshirehathaway.com,(614) 264-7496,Berkshire Hathaway,Berkshire Hathaway,Scottsdale,Scottsdale,AZ,86222,4,23,23,9000116,4.4,A,77,Website Lead,Mid-size (11-50 agents),2026-10-04T04:18:00Z
CREAM-20261004-00190,Aaron Jenkins,Aaron Jenkins,Aaron,Jenkins,aaron.jenkins@gmail.com,(256) 714-8586,Compass,Compass,San Francisco,San Francisco,CA,94823,13,66,66,65859267,3.0,A,87,Referral Network,Independent,2026-10-04T15:45:53Z
CREAM-20261004-00191,Susan Hall,Susan Hall,Susan,Hall,susan_hall@icloud.com,(305) 621-3907,Cutler Real Estate,Cutler Real Estate,Columbus,Columbus,OH,45747,2,7,7,1247100,4.2,A,66,Cold Outreach,Boutique (2-10 agents),2026-10-04T16:04:53Z
CREAM-20261004-00192,Dorothy Rodriguez,Dorothy Rodriguez,Dorothy,Rodriguez,dorothyr@gmail.com,(404) 662-6276,RE/MAX,RE/MAX,Cincinnati,Cincinnati,OH,44961,5,10,10,1841970,4.5,A,86,Brokerage Listings,Mid-size (11-50 agents),2026-10-04T18:57:36Z
CREAM-20261004-00193,Carolyn Kelly,Carolyn Kelly,Carolyn,Kelly,carolyn_kelly@gmail.com,(512) 207-7211,Coldwell Banker,Coldwell Banker,Cleveland,Cleveland,OH,44182,3,16,16,4188040,3.3,A,61,NAR Directory,Enterprise (200+ agents),2026-10-04T08:00:54Z
CREAM-20261004-00194,Jack Turner,Jack Turner,Jack,Turner,jack.turner@exprealty.com,(704) 713-2232,eXp Realty,eXp Realty,San Francisco,San Francisco,CA,96539,20,37,37,35705282,3.5,A,64,Cold Outreach,Boutique (2-10 agents),2026-10-04T18:45:16Z
CREAM-20261004-00195,Patrick Moore,Patrick Moore,Patrick,Moore,patrick.moore@outlook.com,(256) 377-1240,Douglas Elliman,Douglas Elliman,Orlando,Orlando,FL,32152,3,25,25,9463326,5.0,A,86,Referral Network,Mid-size (11-50 agents),2026-10-04T01:58:10Z
CREAM-20261004-00196,Barbara Martinez,Barbara Martinez,Barbara,Martinez,bmartinez@exprealty.com,(513) 840-5376,eXp Realty,eXp Realty,Austin,Austin,TX,79221,11,73,73,23374462,4.1,A,73,LinkedIn,Mid-size (11-50 agents),2026-10-04T22:08:58Z
CREAM-20261004-00197,Gloria Nelson,Gloria Nelson,Gloria,Nelson,glorian@kellerwilliams.com,(234) 288-9376,Keller Williams,Keller Williams,Cleveland,Cleveland,OH,43631,21,32,32,8061754,3.6,A,84,Brokerage Listings,Boutique (2-10 agents),2026-10-04T14:03:04Z
CREAM-20261004-00198,Timothy Sanchez,Timothy Sanchez,Timothy,Sanchez,timothys@re/max.com,(916) 604-4201,RE/MAX,RE/MAX,Mesa,Mesa,AZ,85387,6,19,19,8110635,3.1,A,73,LinkedIn,Boutique (2-10 agents),2026-10-04T16:44:18Z
CREAM-20261004-00199,Judith Gonzalez,Judith Gonzalez,Judith,Gonzalez,judithg@me.com,(404) 577-4085,Berkshire Hathaway,Berkshire Hathaway,Jacksonville,Jacksonville,FL,34303,2,5,5,2435042,3.4,A,78,Website Lead,Enterprise (200+ agents),2026-10-04T19:46:08Z
CREAM-20261004-00200,Timothy Stewart,Timothy Stewart,Timothy,Stewart,timothystewart@outlook.com,(415) 923-3948,RE/MAX,RE/MAX,Houston,Houston,TX,79484,20,77,77,31447194,4.5,A,95,MLS Database,Independent,2026-10-04T23:43:07Z
CREAM-20261004-00201,Emma Morris,Emma Morris,Emma,Morris,emmam@compass.com,(919) 839-1974,Compass,Compass,New York City,New York City,NY,11533,13,31,31,15510408,3.4,A,86,MLS Database,Independent,2026-10-04T10:51:53Z
CREAM-20261004-00202,Jessica Diaz,Jessica Diaz,Jessica,Diaz,jessicadiaz@outlook.com,(805) 398-7700,RE/MAX,RE/MAX,Aurora,Aurora,CO,80893,9,31,31,20307948,3.1,A,66,Cold Outreach,Large (51-200 agents),2026-10-04T20:11:12Z
CREAM-20261004-00203,Frank Hernandez,Frank Hernandez,Frank,Hernandez,frankhernandez@me.com,(713) 209-2722,eXp Realty,eXp Realty,Cleveland,Cleveland,OH,45179,5,14,14,3346696,3.7,A,62,Facebook,Boutique (2-10 agents),2026-10-04T00:33:02Z
CREAM-20261004-00204,Nicole Russell,Nicole Russell,Nicole,Russell,nicoler@yahoo.com,(512) 806-6983,RE/MAX,RE/MAX,Miami,Miami,FL,34800,3,9,9,3774613,4.0,A,70,Referral Network,Enterprise (200+ agents),2026-10-04T22:02:28Z
CREAM-20261004-00205,Emma Miller,Emma Miller,Emma,Miller,emma.miller@nestseekers.com,(334) 922-3757,Nest Seekers,Nest Seekers,Brooklyn,Brooklyn,NY,12926,14,62,62,30707004,3.9,A,91,LinkedIn,Large (51-200 agents),2026-10-04T06:27:37Z
CREAM-20261004-00206,Patrick Torres,Patrick Torres,Patrick,Torres,ptorres@gmail.com,(919) 514-1843,Keller Williams,Keller Williams,Colorado Springs,Colorado Springs,CO,80167,3,20,20,8386635,3.3,A,75,Brokerage Listings,Boutique (2-10 agents),2026-10-04T11:08:14Z
CREAM-20261004-00207,Patrick Thomas,Patrick Thomas,Patrick,Thomas,patrick.thomas@coldwellbanker.com,(212) 503-9448,Coldwell Banker,Coldwell Banker,Houston,Houston,TX,75787,1,5,5,1513140,4.3,A,62,NAR Directory,Boutique (2-10 agents),2026-10-04T09:30:06Z
CREAM-20261004-00208,Michelle Ortiz,Michelle Ortiz,Michelle,Ortiz,mortiz@compass.com,(407) 297-1202,Compass,Compass,Bronx,Bronx,NY,14388,1,7,7,3653575,3.6,A,74,NAR Directory,Mid-size (11-50 agents),2026-10-04T10:39:15Z
CREAM-20261004-00209,Christine Moore,Christine Moore,Christine,Moore,christinemoore@icloud.com,(513) 842-3918,Pacific Sotheby's,Pacific Sotheby's,Long Beach,Long Beach,CA,93754,1,10,10,7468564,3.8,A,77,Cold Outreach,Boutique (2-10 agents),2026-10-04T05:44:30Z
CREAM-20261004-00210,Rose Reyes,Rose Reyes,Rose,Reyes,rreyes@hotmail.com,(234) 970-8040,Cutler Real Estate,Cutler Real Estate,Cincinnati,Cincinnati,OH,43491,3,20,20,5248991,4.0,A,99,NAR Directory,Mid-size (11-50 agents),2026-10-04T20:06:12Z
CREAM-20261004-00211,Jacqueline Morgan,Jacqueline Morgan,Jacqueline,Morgan,jacquelinemorgan@me.com,(404) 547-1299,Huntington Real Estate,Huntington Real Estate,Cincinnati,Cincinnati,OH,45100,9,40,40,8054490,4.0,A,99,NAR Directory,Enterprise (200+ agents),2026-10-04T02:44:44Z
CREAM-20261004-00212,John Hughes,John Hughes,John,Hughes,jhughes@compass.com,(916) 218-1459,Compass,Compass,Jacksonville,Jacksonville,FL,34960,5,19,19,9147518,3.4,A,99,NAR Directory,Mid-size (11-50 agents),2026-10-04T04:11:22Z
CREAM-20261004-00213,Paul Ramos,Paul Ramos,Paul,Ramos,paul.ramos@me.com,(469) 951-7731,Allie Beth Allman,Allie Beth Allman,Houston,Houston,TX,78675,4,18,18,4980218,4.5,A,81,Brokerage Listings,Enterprise (200+ agents),2026-10-04T01:56:35Z
CREAM-20261004-00214,Benjamin Scott,Benjamin Scott,Benjamin,Scott,benjamin.scott@gmail.com,(404) 420-9760,Coldwell Banker,Coldwell Banker,San Jose,San Jose,CA,94638,6,40,40,41106814,3.3,A,73,Realtor.com,Boutique (2-10 agents),2026-10-04T23:44:10Z
CREAM-20261004-00215,Louis Hall,Louis Hall,Louis,Hall,louishall@aol.com,(310) 614-3496,Briggs Freeman Sotheby's,Briggs Freeman Sotheby's,Fort Worth,Fort Worth,TX,77739,2,12,12,3161465,4.0,A,75,NAR Directory,Boutique (2-10 agents),2026-10-04T08:17:50Z
CREAM-20261004-00216,Carl Morris,Carl Morris,Carl,Morris,cmorris@re/max.com,(602) 282-4929,RE/MAX,RE/MAX,Aurora,Aurora,CO,81824,19,55,55,36603598,4.5,A,63,NAR Directory,Boutique (2-10 agents),2026-10-04T13:42:25Z
CREAM-20261004-00217,Susan Allen,Susan Allen,Susan,Allen,susan.allen@aol.com,(980) 750-8431,8z Real Estate,8z Real Estate,Aurora,Aurora,CO,80945,3,23,23,15507182,3.3,A,66,Website Lead,Mid-size (11-50 agents),2026-10-04T06:10:06Z
CREAM-20261004-00218,Aaron Bailey,Aaron Bailey,Aaron,Bailey,aaron.bailey@hotmail.com,(646) 756-5136,RE/MAX,RE/MAX,Colorado Springs,Colorado Springs,CO,81694,4,18,18,12751101,4.2,A,78,NAR Directory,Mid-size (11-50 agents),2026-10-04T22:37:50Z
CREAM-20261004-00219,Daniel Scott,Daniel Scott,Daniel,Scott,daniel_scott@hotmail.com,(469) 955-5843,Berkshire Hathaway,Berkshire Hathaway,Jacksonville,Jacksonville,FL,32251,5,21,21,11297705,3.1,A,78,Facebook,Independent,2026-10-04T05:21:52Z
CREAM-20261004-00220,Paul Miller,Paul Miller,Paul,Miller,paul.miller@yahoo.com,(513) 672-4687,eXp Realty,eXp Realty,Denver,Denver,CO,81944,11,56,56,23230219,3.4,A,89,Facebook,Large (51-200 agents),2026-10-04T04:37:46Z
CREAM-20261004-00221,Jacob Smith,Jacob Smith,Jacob,Smith,jacob_smith@yahoo.com,(786) 591-1315,Compass,Compass,Denver,Denver,CO,81411,0,5,5,2532719,5.0,A,72,Brokerage Listings,Independent,2026-10-04T08:08:40Z
CREAM-20261004-00222,Dorothy Coleman,Dorothy Coleman,Dorothy,Coleman,dorothyc@russelllyonsothebys.com,(916) 561-3394,Russell Lyon Sotheby's,Russell Lyon Sotheby's,Phoenix,Phoenix,AZ,86484,5,14,14,5060961,3.1,A,83,Realtor.com,Enterprise (200+ agents),2026-10-04T21:11:02Z
CREAM-20261004-00223,Andrew Williams,Andrew Williams,Andrew,Williams,andrew_williams@yahoo.com,(512) 275-5138,8z Real Estate,8z Real Estate,Colorado Springs,Colorado Springs,CO,81195,3,23,23,10582549,3.9,A,69,Facebook,Boutique (2-10 agents),2026-10-04T19:23:35Z
CREAM-20261004-00224,Scott Roberts,Scott Roberts,Scott,Roberts,scott_roberts@icloud.com,(602) 516-6343,RE/MAX,RE/MAX,Mesa,Mesa,AZ,86412,15,66,66,19267283,4.0,A,83,NAR Directory,Boutique (2-10 agents),2026-10-04T01:03:38Z
CREAM-20261004-00225,Brittany Wright,Brittany Wright,Brittany,Wright,bwright@gmail.com,(513) 523-7057,eXp Realty,eXp Realty,Denver,Denver,CO,80652,3,17,17,10049993,3.3,A,89,Website Lead,Large (51-200 agents),2026-10-04T06:09:31Z
CREAM-20261004-00226,Philip Jackson,Philip Jackson,Philip,Jackson,philip.jackson@kellerwilliams.com,(980) 594-4791,Keller Williams,Keller Williams,Manhattan,Manhattan,NY,13579,2,6,6,3794585,3.6,A,97,Website Lead,Mid-size (11-50 agents),2026-10-04T02:44:58Z
CREAM-20261004-00227,Timothy Anderson,Timothy Anderson,Timothy,Anderson,timothy.anderson@gmail.com,(929) 817-4701,Coldwell Banker,Coldwell Banker,Tampa,Tampa,FL,32419,0,5,5,2690180,4.6,A,83,Website Lead,Large (51-200 agents),2026-10-04T02:53:43Z
CREAM-20261004-00228,Amy Cook,Amy Cook,Amy,Cook,amy_cook@aol.com,(469) 675-5453,HER Realtors,HER Realtors,Columbus,Columbus,OH,44437,22,41,41,10726194,4.2,A,99,Brokerage Listings,Large (51-200 agents),2026-10-04T23:46:03Z
CREAM-20261004-00229,Lauren Sullivan,Lauren Sullivan,Lauren,Sullivan,lauren.sullivan@kellerwilliamsrealty.com,(404) 319-1949,Keller Williams Realty,Keller Williams Realty,Los Angeles,Los Angeles,CA,95153,23,36,36,31907428,3.4,A,74,Cold Outreach,Large (51-200 agents),2026-10-04T06:30:19Z
CREAM-20261004-00230,Julia Reed,Julia Reed,Julia,Reed,juliar@coldwellbanker.com,(916) 726-8337,Coldwell Banker,Coldwell Banker,Scottsdale,Scottsdale,AZ,86739,20,74,74,34458700,3.8,A,88,Brokerage Listings,Boutique (2-10 agents),2026-10-04T09:24:52Z
CREAM-20261004-00231,Larry Powell,Larry Powell,Larry,Powell,larryp@corcorangroup.com,(805) 486-8822,Corcoran Group,Corcoran Group,Queens,Queens,NY,12243,5,15,15,11848568,4.3,A,80,Realtor.com,Large (51-200 agents),2026-10-04T06:02:25Z
CREAM-20261004-00232,Michelle Sullivan,Michelle Sullivan,Michelle,Sullivan,msullivan@yahoo.com,(334) 756-7944,Coldwell Banker,Coldwell Banker,Mesa,Mesa,AZ,86907,6,35,35,18327328,4.6,A,90,Referral Network,Enterprise (200+ agents),2026-10-04T01:29:40Z
CREAM-20261004-00233,Lauren Diaz,Lauren Diaz,Lauren,Diaz,lauren.diaz@gmail.com,(916) 507-5371,Keller Williams Realty,Keller Williams Realty,Orlando,Orlando,FL,33892,3,13,13,5743825,3.8,A,93,Referral Network,Large (51-200 agents),2026-10-04T10:01:39Z
CREAM-20261004-00234,Robert King,Robert King,Robert,King,robert.king@douglaselliman.com,(234) 977-3830,Douglas Elliman,Douglas Elliman,Dallas,Dallas,TX,79914,24,60,60,21813396,4.9,A,86,Realtor.com,Mid-size (11-50 agents),2026-10-04T11:04:33Z
CREAM-20261004-00235,Frank Campbell,Frank Campbell,Frank,Campbell,frankcampbell@me.com,(614) 281-7839,eXp Realty,eXp Realty,Phoenix,Phoenix,AZ,86540,0,5,5,2560831,3.4,A,67,MLS Database,Boutique (2-10 agents),2026-10-04T03:35:18Z
CREAM-20261004-00236,Carol Wright,Carol Wright,Carol,Wright,carol.wright@corcorangroup.com,(614) 768-8758,Corcoran Group,Corcoran Group,Staten Island,Staten Island,NY,12494,15,49,49,28965337,3.2,A,69,Referral Network,Independent,2026-10-04T00:10:13Z
CREAM-20261004-00237,Ashley Chavez,Ashley Chavez,Ashley,Chavez,ashleychavez@hotmail.com,(602) 862-1059,Nest Seekers,Nest Seekers,Brooklyn,Brooklyn,NY,10497,24,46,46,28427649,3.4,A,95,Brokerage Listings,Boutique (2-10 agents),2026-10-04T07:02:53Z
CREAM-20261004-00238,John Mitchell,John Mitchell,John,Mitchell,jmitchell@sothebysinternational.com,(646) 588-8105,Sotheby's International,Sotheby's International,Brooklyn,Brooklyn,NY,12272,2,10,10,7038190,4.8,A,65,NAR Directory,Large (51-200 agents),2026-10-04T13:29:28Z
CREAM-20261004-00239,Amy Howard,Amy Howard,Amy,Howard,amyhoward@hotmail.com,(786) 956-5193,Briggs Freeman Sotheby's,Briggs Freeman Sotheby's,Fort Worth,Fort Worth,TX,77475,24,60,60,15673317,3.6,A,61,MLS Database,Large (51-200 agents),2026-10-04T05:02:09Z
CREAM-20261004-00240,Carl Parker,Carl Parker,Carl,Parker,carlparker@aol.com,(513) 776-5615,Allie Beth Allman,Allie Beth Allman,Fort Worth,Fort Worth,TX,76302,19,41,41,15050911,3.9,A,71,Referral Network,Independent,2026-10-04T21:06:13Z
CREAM-20261004-00241,Matthew White,Matthew White,Matthew,White,mwhite@gmail.com,(980) 598-7355,Century 21,Century 21,Jacksonville,Jacksonville,FL,34198,4,13,13,7048062,3.1,A,84,Referral Network,Boutique (2-10 agents),2026-10-04T01:43:32Z
CREAM-20261004-00242,Maria Moore,Maria Moore,Maria,Moore,mariam@yahoo.com,(713) 545-4708,Sotheby's International,Sotheby's International,Brooklyn,Brooklyn,NY,10801,3,12,12,8981740,3.5,A,93,Cold Outreach,Boutique (2-10 agents),2026-10-04T22:15:45Z
CREAM-20261004-00243,Danielle Sanders,Danielle Sanders,Danielle,Sanders,daniellesanders@outlook.com,(805) 896-3929,eXp Realty,eXp Realty,Cincinnati,Cincinnati,OH,44478,8,39,39,11016710,3.2,A,86,Realtor.com,Mid-size (11-50 agents),2026-10-04T17:46:37Z
CREAM-20261004-00244,Samantha Sullivan,Samantha Sullivan,Samantha,Sullivan,samanthas@compass.com,(929) 300-3849,Compass,Compass,Orlando,Orlando,FL,32623,19,36,36,18862838,4.9,A,85,LinkedIn,Mid-size (11-50 agents),2026-10-04T13:06:36Z
CREAM-20261004-00245,Matthew Watson,Matthew Watson,Matthew,Watson,mattheww@gmail.com,(614) 854-9228,Sotheby's International,Sotheby's International,Manhattan,Manhattan,NY,14664,5,16,16,7430034,3.4,A,76,Facebook,Boutique (2-10 agents),2026-10-04T23:57:08Z
CREAM-20261004-00246,Jacob Bennett,Jacob Bennett,Jacob,Bennett,jacob.bennett@outlook.com,(602) 235-7984,Berkshire Hathaway,Berkshire Hathaway,El Paso,El Paso,TX,77771,1,3,3,1189068,3.7,A,63,LinkedIn,Boutique (2-10 agents),2026-10-04T11:20:46Z
CREAM-20261004-00247,Janet Patel,Janet Patel,Janet,Patel,janetp@gmail.com,(256) 924-2725,Sotheby's International,Sotheby's International,Los Angeles,Los Angeles,CA,90143,16,61,61,58257271,4.2,A,85,MLS Database,Enterprise (200+ agents),2026-10-04T00:25:19Z
CREAM-20261004-00248,Amanda Walker,Amanda Walker,Amanda,Walker,amanda_walker@hotmail.com,(980) 663-9546,Coldwell Banker,Coldwell Banker,Columbus,Columbus,OH,45943,7,16,16,2882391,3.6,A,96,Website Lead,Enterprise (200+ agents),2026-10-04T14:56:51Z
CREAM-20261004-00249,Deborah Martin,Deborah Martin,Deborah,Martin,deborahmartin@me.com,(513) 711-4664,eXp Realty,eXp Realty,Cincinnati,Cincinnati,OH,44650,4,20,20,5673825,3.0,A,76,Website Lead,Boutique (2-10 agents),2026-10-04T10:05:44Z
CREAM-20261004-00250,Philip Murphy,Philip Murphy,Philip,Murphy,pmurphy@icloud.com,(916) 328-7914,Berkshire Hathaway,Berkshire Hathaway,Mesa,Mesa,AZ,85859,4,13,13,4090736,4.9,A,94,Referral Network,Large (51-200 agents),2026-10-04T16:27:19Z
CREAM-20261004-00251,Rebecca Peterson,Rebecca Peterson,Rebecca,Peterson,rebecca.peterson@kellerwilliams.com,(614) 413-7409,Keller Williams,Keller Williams,Colorado Springs,Colorado Springs,CO,81647,12,34,34,20362961,3.7,A,88,Trade Show,Enterprise (200+ agents),2026-10-04T02:10:39Z
CREAM-20261004-00252,Karen Rodriguez,Karen Rodriguez,Karen,Rodriguez,karen_rodriguez@aol.com,(303) 618-1541,Huntington Real Estate,Huntington Real Estate,Cincinnati,Cincinnati,OH,43985,0,0,0,0,3.4,A,79,Referral Network,Enterprise (200+ agents),2026-10-04T13:03:36Z
CREAM-20261004-00253,Kathleen Williams,Kathleen Williams,Kathleen,Williams,kathleen_williams@gmail.com,(916) 340-6783,Coldwell Banker,Coldwell Banker,Colorado Springs,Colorado Springs,CO,81102,1,10,10,5301793,4.9,A,95,Facebook,Independent,2026-10-04T20:09:23Z
CREAM-20261004-00254,Lisa Campbell,Lisa Campbell,Lisa,Campbell,lisa.campbell@homesmart.com,(805) 769-1030,HomeSmart,HomeSmart,Tucson,Tucson,AZ,85535,2,11,11,5338681,4.9,A,89,LinkedIn,Large (51-200 agents),2026-10-04T20:51:39Z
CREAM-20261004-00255,Arthur Hall,Arthur Hall,Arthur,Hall,arthurh@outlook.com,(404) 812-9033,Halstead,Halstead,Manhattan,Manhattan,NY,12557,0,1,1,480721,3.0,A,62,Referral Network,Independent,2026-10-04T01:44:59Z
CREAM-20261004-00256,Gregory Thompson,Gregory Thompson,Gregory,Thompson,gregory.thompson@me.com,(212) 885-9372,Corcoran Group,Corcoran Group,Queens,Queens,NY,11951,24,42,42,27354463,3.9,A,80,Cold Outreach,Mid-size (11-50 agents),2026-10-04T21:36:17Z
CREAM-20261004-00257,Steven Mendoza,Steven Mendoza,Steven,Mendoza,smendoza@gmail.com,(407) 621-1817,LIV Sotheby's,LIV Sotheby's,Colorado Springs,Colorado Springs,CO,81871,24,56,56,28778152,3.7,A,96,Website Lead,Mid-size (11-50 agents),2026-10-04T20:59:14Z
CREAM-20261004-00258,Dorothy Rogers,Dorothy Rogers,Dorothy,Rogers,dorothy_rogers@icloud.com,(407) 452-9141,RE/MAX,RE/MAX,Denver,Denver,CO,81804,13,26,26,16457156,4.1,A,99,Referral Network,Large (51-200 agents),2026-10-04T12:47:22Z
CREAM-20261004-00259,Jack Morris,Jack Morris,Jack,Morris,jackmorris@hotmail.com,(415) 530-4663,Coldwell Banker,Coldwell Banker,Columbus,Columbus,OH,43165,5,16,16,3318493,3.1,A,95,Facebook,Boutique (2-10 agents),2026-10-04T10:56:19Z
CREAM-20261004-00260,Alexander Brown,Alexander Brown,Alexander,Brown,alexander.brown@me.com,(929) 658-5830,eXp Realty,eXp Realty,Cleveland,Cleveland,OH,44216,9,32,32,7268340,4.3,A,97,Facebook,Large (51-200 agents),2026-10-04T22:30:47Z
CREAM-20261004-00261,Stephanie Stewart,Stephanie Stewart,Stephanie,Stewart,stephaniestewart@gmail.com,(305) 348-8287,Berkshire Hathaway,Berkshire Hathaway,Miami,Miami,FL,34870,18,44,44,19541952,4.6,A,74,NAR Directory,Boutique (2-10 agents),2026-10-04T00:02:53Z
CREAM-20261004-00262,Melissa Wood,Melissa Wood,Melissa,Wood,melissa.wood@coldwellbanker.com,(916) 830-2824,Coldwell Banker,Coldwell Banker,Columbus,Columbus,OH,44633,7,33,33,10358350,3.6,A,93,Referral Network,Independent,2026-10-04T01:32:56Z
CREAM-20261004-00263,Sandra Davis,Sandra Davis,Sandra,Davis,sandrad@hotmail.com,(614) 780-4433,RE/MAX,RE/MAX,El Paso,El Paso,TX,77578,18,76,76,33268488,3.8,A,60,NAR Directory,Enterprise (200+ agents),2026-10-04T15:32:10Z
CREAM-20261004-00264,Tyler Peterson,Tyler Peterson,Tyler,Peterson,tylerp@hotmail.com,(310) 444-8088,LIV Sotheby's,LIV Sotheby's,Denver,Denver,CO,81641,4,19,19,9102127,4.1,A,64,Brokerage Listings,Large (51-200 agents),2026-10-04T19:00:43Z
CREAM-20261004-00265,Ashley Adams,Ashley Adams,Ashley,Adams,ashley.adams@aol.com,(718) 317-4835,eXp Realty,eXp Realty,Greensboro,Greensboro,NC,28500,19,30,30,8907843,3.9,A,70,MLS Database,Independent,2026-10-04T10:38:39Z
CREAM-20261004-00266,Benjamin Diaz,Benjamin Diaz,Benjamin,Diaz,benjamindiaz@gmail.com,(303) 286-3840,Berkshire Hathaway,Berkshire Hathaway,Denver,Denver,CO,80347,4,12,12,5243129,4.2,A,87,Realtor.com,Enterprise (200+ agents),2026-10-04T00:58:52Z
CREAM-20261004-00267,Ruth Rivera,Ruth Rivera,Ruth,Rivera,ruth_rivera@gmail.com,(415) 421-5516,Coldwell Banker,Coldwell Banker,Fort Lauderdale,Fort Lauderdale,FL,32705,1,6,6,1821434,3.2,A,90,MLS Database,Mid-size (11-50 agents),2026-10-04T19:44:53Z
CREAM-20261004-00268,Michael Gomez,Michael Gomez,Michael,Gomez,michael_gomez@hotmail.com,(919) 407-6859,Keller Williams,Keller Williams,El Paso,El Paso,TX,78458,6,22,22,9861447,4.8,A,72,Referral Network,Independent,2026-10-04T19:02:09Z
CREAM-20261004-00269,Sandra Bennett,Sandra Bennett,Sandra,Bennett,sandrab@kellerwilliams.com,(718) 882-7742,Keller Williams,Keller Williams,Cincinnati,Cincinnati,OH,43693,7,26,26,4890133,3.2,A,86,Facebook,Enterprise (200+ agents),2026-10-04T16:17:52Z
CREAM-20261004-00270,Arthur Castillo,Arthur Castillo,Arthur,Castillo,arthurc@hotmail.com,(929) 367-3790,Compass,Compass,New York City,New York City,NY,12702,25,27,27,13107029,4.4,A,94,Cold Outreach,Boutique (2-10 agents),2026-10-04T10:58:16Z
CREAM-20261004-00271,Julia Allen,Julia Allen,Julia,Allen,julia.allen@me.com,(713) 440-9345,Keller Williams Realty,Keller Williams Realty,Orlando,Orlando,FL,33287,4,17,17,7194613,3.7,A,64,Brokerage Listings,Boutique (2-10 agents),2026-10-04T14:11:11Z
CREAM-20261004-00272,Julia Rivera,Julia Rivera,Julia,Rivera,juliar@gmail.com,(234) 930-6905,Keller Williams,Keller Williams,Denver,Denver,CO,80751,15,29,29,14863607,3.1,A,62,NAR Directory,Mid-size (11-50 agents),2026-10-04T00:14:35Z
CREAM-20261004-00273,Angela Roberts,Angela Roberts,Angela,Roberts,angela_roberts@outlook.com,(303) 209-8526,eXp Realty,eXp Realty,Columbus,Columbus,OH,43739,1,4,4,911069,4.0,A,85,Referral Network,Boutique (2-10 agents),2026-10-04T01:50:55Z
CREAM-20261004-00274,Judith Carter,Judith Carter,Judith,Carter,judithc@icloud.com,(214) 656-9569,Berkshire Hathaway,Berkshire Hathaway,Mesa,Mesa,AZ,85569,3,15,15,4489732,4.6,A,76,Realtor.com,Boutique (2-10 agents),2026-10-04T02:10:26Z
CREAM-20261004-00275,Joshua Turner,Joshua Turner,Joshua,Turner,jturner@gmail.com,(602) 902-1686,Douglas Elliman,Douglas Elliman,Fort Worth,Fort Worth,TX,79161,0,1,1,295064,4.2,A,74,Website Lead,Boutique (2-10 agents),2026-10-04T01:38:32Z
CREAM-20261004-00276,Daniel Wright,Daniel Wright,Daniel,Wright,danielwright@me.com,(713) 322-6381,Keller Williams Realty,Keller Williams Realty,St. Petersburg,St. Petersburg,FL,33345,2,6,6,1772693,3.5,A,100,Cold Outreach,Mid-size (11-50 agents),2026-10-04T20:30:26Z
CREAM-20261004-00277,Jacqueline Turner,Jacqueline Turner,Jacqueline,Turner,jacquelineturner@hotmail.com,(513) 774-8728,Allen Tate,Allen Tate,Raleigh,Raleigh,NC,28905,3,24,24,9071455,3.7,A,76,Realtor.com,Boutique (2-10 agents),2026-10-04T10:44:07Z
CREAM-20261004-00278,Elizabeth Perez,Elizabeth Perez,Elizabeth,Perez,elizabethp@kellerwilliamsrealty.com,(919) 751-3236,Keller Williams Realty,Keller Williams Realty,Oakland,Oakland,CA,96428,2,9,9,9152808,4.2,A,66,MLS Database,Enterprise (200+ agents),2026-10-04T10:34:10Z
CREAM-20261004-00279,Catherine Miller,Catherine Miller,Catherine,Miller,catherine_miller@aol.com,(214) 347-1698,Compass,Compass,Charlotte,Charlotte,NC,28837,18,40,40,15182412,3.9,A,88,Referral Network,Enterprise (200+ agents),2026-10-04T08:40:40Z
CREAM-20261004-00280,Kimberly Hill,Kimberly Hill,Kimberly,Hill,kimberlyh@gmail.com,(407) 802-2959,Long Realty,Long Realty,Scottsdale,Scottsdale,AZ,85809,24,28,28,8837181,3.7,A,90,MLS Database,Independent,2026-10-04T05:42:01Z
CREAM-20261004-00281,Nicholas Harris,Nicholas Harris,Nicholas,Harris,nicholash@hotmail.com,(303) 813-4023,Berkshire Hathaway,Berkshire Hathaway,Columbus,Columbus,OH,43976,4,22,22,5886424,3.6,A,81,Trade Show,Independent,2026-10-04T17:10:41Z
CREAM-20261004-00282,Grace Morris,Grace Morris,Grace,Morris,grace.morris@halstead.com,(786) 920-2263,Halstead,Halstead,Brooklyn,Brooklyn,NY,11489,1,3,3,1466240,4.9,A,63,LinkedIn,Mid-size (11-50 agents),2026-10-04T01:12:49Z
CREAM-20261004-00283,Louis Sanders,Louis Sanders,Louis,Sanders,louis_sanders@hotmail.com,(786) 439-7559,RE/MAX,RE/MAX,St. Petersburg,St. Petersburg,FL,32754,5,16,16,7052787,3.4,A,67,Brokerage Listings,Mid-size (11-50 agents),2026-10-04T21:23:58Z
CREAM-20261004-00284,Brenda Morris,Brenda Morris,Brenda,Morris,brenda.morris@douglaselliman.com,(212) 710-9242,Douglas Elliman,Douglas Elliman,Fort Lauderdale,Fort Lauderdale,FL,32340,3,19,19,9211038,3.3,A,73,Facebook,Mid-size (11-50 agents),2026-10-04T19:09:10Z
CREAM-20261004-00285,Joseph Jenkins,Joseph Jenkins,Joseph,Jenkins,josephj@gmail.com,(713) 528-6220,Coldwell Banker,Coldwell Banker,Denver,Denver,CO,80211,14,73,73,42152915,4.0,A,67,Cold Outreach,Large (51-200 agents),2026-10-04T08:48:03Z
CREAM-20261004-00286,Frank Rivera,Frank Rivera,Frank,Rivera,frankrivera@yahoo.com,(646) 329-6942,Berkshire Hathaway,Berkshire Hathaway,Jacksonville,Jacksonville,FL,34102,8,33,33,10541320,4.8,A,65,MLS Database,Enterprise (200+ agents),2026-10-04T21:25:42Z
CREAM-20261004-00287,Scott Gomez,Scott Gomez,Scott,Gomez,scott.gomez@me.com,(972) 749-2774,Coldwell Banker,Coldwell Banker,Colorado Springs,Colorado Springs,CO,81766,13,78,78,50198148,4.1,A,85,Realtor.com,Independent,2026-10-04T21:06:20Z
CREAM-20261004-00288,Brenda Edwards,Brenda Edwards,Brenda,Edwards,brendaedwards@icloud.com,(469) 759-6764,Coldwell Banker,Coldwell Banker,Colorado Springs,Colorado Springs,CO,81702,3,10,10,4243298,3.5,A,76,Facebook,Mid-size (11-50 agents),2026-10-04T01:52:05Z
CREAM-20261004-00289,Carolyn Johnson,Carolyn Johnson,Carolyn,Johnson,cjohnson@outlook.com,(214) 914-3828,Keller Williams Realty,Keller Williams Realty,Tampa,Tampa,FL,33286,16,26,26,13704048,4.4,A,60,Facebook,Enterprise (200+ agents),2026-10-04T23:59:31Z
CREAM-20261004-00290,Deborah Chavez,Deborah Chavez,Deborah,Chavez,dchavez@me.com,(513) 764-1976,eXp Realty,eXp Realty,Charlotte,Charlotte,NC,27969,21,57,57,22139288,3.6,A,70,LinkedIn,Large (51-200 agents),2026-10-04T09:40:20Z
CREAM-20261004-00291,Amber Wilson,Amber Wilson,Amber,Wilson,awilson@berkshirehathaway.com,(718) 451-5680,Berkshire Hathaway,Berkshire Hathaway,Fort Lauderdale,Fort Lauderdale,FL,32653,7,25,25,9764100,4.6,A,82,Facebook,Large (51-200 agents),2026-10-04T01:31:23Z
CREAM-20261004-00292,Edward Hill,Edward Hill,Edward,Hill,ehill@kellerwilliams.com,(805) 209-5278,Keller Williams,Keller Williams,Mesa,Mesa,AZ,85129,16,56,56,21782860,3.5,A,93,Trade Show,Independent,2026-10-04T09:39:00Z
CREAM-20261004-00293,Steven Hughes,Steven Hughes,Steven,Hughes,steven.hughes@me.com,(718) 981-2467,Compass,Compass,Raleigh,Raleigh,NC,27753,5,24,24,9552212,3.1,A,78,Realtor.com,Boutique (2-10 agents),2026-10-04T21:11:19Z
CREAM-20261004-00294,Judith Green,Judith Green,Judith,Green,jgreen@outlook.com,(415) 997-4150,Berkshire Hathaway,Berkshire Hathaway,Charlotte,Charlotte,NC,27772,25,26,26,9489266,3.9,A,97,Facebook,Boutique (2-10 agents),2026-10-04T21:20:03Z
CREAM-20261004-00295,Michael Bennett,Michael Bennett,Michael,Bennett,mbennett@icloud.com,(714) 911-4249,Berkshire Hathaway,Berkshire Hathaway,Tucson,Tucson,AZ,86960,4,10,10,4832398,3.0,A,94,Brokerage Listings,Large (51-200 agents),2026-10-04T00:39:33Z
CREAM-20261004-00296,Kenneth Cox,Kenneth Cox,Kenneth,Cox,kcox@exprealty.com,(786) 690-4367,eXp Realty,eXp Realty,Cleveland,Cleveland,OH,43805,2,4,4,1241653,3.2,A,68,Realtor.com,Boutique (2-10 agents),2026-10-04T02:58:59Z
CREAM-20261004-00297,Alexander Lee,Alexander Lee,Alexander,Lee,alexander_lee@gmail.com,(415) 530-4395,Russell Lyon Sotheby's,Russell Lyon Sotheby's,Tucson,Tucson,AZ,86824,21,47,47,21960334,4.7,A,81,Realtor.com,Boutique (2-10 agents),2026-10-04T13:47:28Z
CREAM-20261004-00298,Brittany Kelly,Brittany Kelly,Brittany,Kelly,brittany.kelly@outlook.com,(234) 698-9429,RE/MAX,RE/MAX,Aurora,Aurora,CO,80446,3,11,11,7343454,4.8,A,98,Referral Network,Boutique (2-10 agents),2026-10-04T03:17:41Z
CREAM-20261004-00299,Jack Myers,Jack Myers,Jack,Myers,jack_myers@yahoo.com,(234) 362-5184,Cutler Real Estate,Cutler Real Estate,Columbus,Columbus,OH,44509,15,48,48,13194751,3.4,A,81,Website Lead,Mid-size (11-50 agents),2026-10-04T00:04:05Z
CREAM-20261004-00300,Andrew Russell,Andrew Russell,Andrew,Russell,arussell@re/max.com,(919) 916-3939,RE/MAX,RE/MAX,Orlando,Orlando,FL,32308,14,30,30,13955695,3.4,A,69,Realtor.com,Boutique (2-10 agents),2026-10-04T17:17:31Z
CREAM-20261004-00301,Paul Wright,Paul Wright,Paul,Wright,paul_wright@hotmail.com,(512) 538-8747,Compass,Compass,Staten Island,Staten Island,NY,13139,14,49,49,36061042,4.2,A,67,Trade Show,Independent,2026-10-04T05:32:37Z
CREAM-20261004-00302,Roger Bailey,Roger Bailey,Roger,Bailey,rbailey@icloud.com,(212) 753-8057,8z Real Estate,8z Real Estate,Denver,Denver,CO,81148,22,34,34,13931735,3.1,A,99,Realtor.com,Independent,2026-10-04T06:28:13Z
CREAM-20261004-00303,Catherine Alexander,Catherine Alexander,Catherine,Alexander,catherine.alexander@exprealty.com,(786) 352-6792,eXp Realty,eXp Realty,Greensboro,Greensboro,NC,28680,25,50,50,22608957,3.0,A,84,Cold Outreach,Independent,2026-10-04T06:31:06Z
CREAM-20261004-00304,Gloria Lee,Gloria Lee,Gloria,Lee,gloria.lee@compass.com,(614) 484-9811,Compass,Compass,San Jose,San Jose,CA,91452,0,2,2,2179157,4.6,A,74,NAR Directory,Boutique (2-10 agents),2026-10-04T00:08:37Z
CREAM-20261004-00305,Amy Jackson,Amy Jackson,Amy,Jackson,amy.jackson@hotmail.com,(415) 202-7128,Compass,Compass,Colorado Springs,Colorado Springs,CO,81160,0,5,5,1994479,3.2,A,92,Brokerage Listings,Independent,2026-10-04T23:03:11Z
CREAM-20261004-00306,Katherine Rodriguez,Katherine Rodriguez,Katherine,Rodriguez,krodriguez@icloud.com,(415) 581-8521,Berkshire Hathaway HomeServices,Berkshire Hathaway HomeServices,San Francisco,San Francisco,CA,94777,17,78,78,57193493,3.6,A,93,NAR Directory,Independent,2026-10-04T22:49:29Z
CREAM-20261004-00307,Anthony Kelly,Anthony Kelly,Anthony,Kelly,anthonyk@gmail.com,(929) 738-7930,Nest Seekers,Nest Seekers,Staten Island,Staten Island,NY,11760,23,28,28,13674288,4.5,A,66,LinkedIn,Boutique (2-10 agents),2026-10-04T12:50:58Z
CREAM-20261004-00308,George Thomas,George Thomas,George,Thomas,gthomas@kellerwilliams.com,(512) 360-1656,Keller Williams,Keller Williams,Charlotte,Charlotte,NC,27806,1,10,10,4496838,3.9,A,79,Trade Show,Large (51-200 agents),2026-10-04T01:33:20Z
CREAM-20261004-00309,Charles Perry,Charles Perry,Charles,Perry,charles.perry@exprealty.com,(415) 222-3278,eXp Realty,eXp Realty,Denver,Denver,CO,80698,1,7,7,3559986,4.0,A,81,Brokerage Listings,Mid-size (11-50 agents),2026-10-04T05:40:02Z
CREAM-20261004-00310,Nicholas Patel,Nicholas Patel,Nicholas,Patel,npatel@coldwellbanker.com,(713) 460-9682,Coldwell Banker,Coldwell Banker,St. Petersburg,St. Petersburg,FL,33441,10,65,65,22112950,3.4,A,89,Referral Network,Large (51-200 agents),2026-10-04T09:40:25Z
CREAM-20261004-00311,Alexander Howard,Alexander Howard,Alexander,Howard,alexander.howard@yahoo.com,(972) 535-7524,Compass,Compass,Brooklyn,Brooklyn,NY,13166,4,25,25,15957168,3.8,A,72,NAR Directory,Independent,2026-10-04T15:15:25Z
CREAM-20261004-00312,Rachel Russell,Rachel Russell,Rachel,Russell,rachelr@icloud.com,(256) 349-8130,Coldwell Banker,Coldwell Banker,Colorado Springs,Colorado Springs,CO,80247,4,22,22,12246014,4.9,A,88,Facebook,Enterprise (200+ agents),2026-10-04T12:21:05Z
CREAM-20261004-00313,Peter Torres,Peter Torres,Peter,Torres,petertorres@gmail.com,(234) 709-9167,Coldwell Banker,Coldwell Banker,San Antonio,San Antonio,TX,79236,17,49,49,13904928,4.7,A,95,Website Lead,Boutique (2-10 agents),2026-10-04T12:53:31Z
CREAM-20261004-00314,Olivia Long,Olivia Long,Olivia,Long,olivial@me.com,(415) 780-7517,eXp Realty,eXp Realty,Tampa,Tampa,FL,34955,0,1,1,312562,4.6,A,67,NAR Directory,Large (51-200 agents),2026-10-04T21:53:52Z
CREAM-20261004-00315,Jacob Sanchez,Jacob Sanchez,Jacob,Sanchez,jsanchez@re/max.com,(407) 297-6140,RE/MAX,RE/MAX,Tucson,Tucson,AZ,85652,22,63,63,21057539,3.2,A,60,LinkedIn,Large (51-200 agents),2026-10-04T03:14:21Z
CREAM-20261004-00316,Pamela Smith,Pamela Smith,Pamela,Smith,pamela.smith@berkshirehathawayhomeservices.com,(513) 229-1062,Berkshire Hathaway HomeServices,Berkshire Hathaway HomeServices,Oakland,Oakland,CA,91348,2,12,12,8563696,3.7,A,99,Website Lead,Enterprise (200+ agents),2026-10-04T10:02:16Z
CREAM-20261004-00317,Victoria Ortiz,Victoria Ortiz,Victoria,Ortiz,vortiz@icloud.com,(212) 401-2212,Long Realty,Long Realty,Tucson,Tucson,AZ,85584,2,3,3,1020981,4.3,A,68,Website Lead,Mid-size (11-50 agents),2026-10-04T05:00:47Z
CREAM-20261004-00318,Samuel Clark,Samuel Clark,Samuel,Clark,sclark@re/max.com,(415) 791-9762,RE/MAX,RE/MAX,Raleigh,Raleigh,NC,27904,13,48,48,17085479,3.2,A,63,Website Lead,Mid-size (11-50 agents),2026-10-04T06:23:16Z
CREAM-20261004-00319,Judith Ruiz,Judith Ruiz,Judith,Ruiz,judithr@outlook.com,(929) 426-5521,eXp Realty,eXp Realty,Denver,Denver,CO,80307,15,25,25,17558946,3.1,A,72,Trade Show,Mid-size (11-50 agents),2026-10-04T17:00:03Z
CREAM-20261004-00320,Dennis Wright,Dennis Wright,Dennis,Wright,dennis.wright@berkshirehathaway.com,(512) 467-1391,Berkshire Hathaway,Berkshire Hathaway,Greensboro,Greensboro,NC,28435,5,21,21,6506193,4.4,A,66,NAR Directory,Mid-size (11-50 agents),2026-10-04T01:56:41Z
CREAM-20261004-00321,Gary Mitchell,Gary Mitchell,Gary,Mitchell,gmitchell@me.com,(303) 866-7594,Coldwell Banker,Coldwell Banker,Houston,Houston,TX,76282,24,31,31,9311189,3.4,A,94,MLS Database,Large (51-200 agents),2026-10-04T09:59:29Z
CREAM-20261004-00322,Tyler White,Tyler White,Tyler,White,tylerw@icloud.com,(212) 746-4490,Berkshire Hathaway HomeServices,Berkshire Hathaway HomeServices,San Diego,San Diego,CA,92982,5,19,19,11773604,3.8,A,79,MLS Database,Mid-size (11-50 agents),2026-10-04T05:51:48Z
CREAM-20261004-00323,Samuel Brown,Samuel Brown,Samuel,Brown,samuelb@yahoo.com,(786) 569-5867,Keller Williams,Keller Williams,Columbus,Columbus,OH,43643,2,8,8,2595690,3.1,A,94,Website Lead,Enterprise (200+ agents),2026-10-04T14:22:58Z
CREAM-20261004-00324,Nicole Walker,Nicole Walker,Nicole,Walker,nicole_walker@outlook.com,(256) 970-5111,Douglas Elliman,Douglas Elliman,St. Petersburg,St. Petersburg,FL,34893,2,10,10,4914700,3.4,A,98,Trade Show,Independent,2026-10-04T04:14:07Z
CREAM-20261004-00325,Roger Baker,Roger Baker,Roger,Baker,roger_baker@aol.com,(602) 786-1653,eXp Realty,eXp Realty,Raleigh,Raleigh,NC,27485,22,39,39,17266376,3.5,A,72,MLS Database,Enterprise (200+ agents),2026-10-04T13:05:24Z
CREAM-20261004-00326,Larry Price,Larry Price,Larry,Price,larry_price@me.com,(256) 772-4680,Coldwell Banker,Coldwell Banker,Denver,Denver,CO,81215,17,43,43,17611112,3.5,A,76,Facebook,Boutique (2-10 agents),2026-10-04T03:02:35Z
CREAM-20261004-00327,Donna Campbell,Donna Campbell,Donna,Campbell,donna.campbell@icloud.com,(512) 510-3392,Coldwell Banker,Coldwell Banker,Colorado Springs,Colorado Springs,CO,81617,0,5,5,2310149,3.8,A,96,Trade Show,Large (51-200 agents),2026-10-04T14:44:15Z
CREAM-20261004-00328,Raymond Watson,Raymond Watson,Raymond,Watson,raymond_watson@gmail.com,(916) 299-7257,eXp Realty,eXp Realty,Cleveland,Cleveland,OH,44867,3,16,16,2936914,4.3,A,97,MLS Database,Boutique (2-10 agents),2026-10-04T15:34:27Z
CREAM-20261004-00329,Amy Walker,Amy Walker,Amy,Walker,awalker@hotmail.com,(602) 346-2672,Huntington Real Estate,Huntington Real Estate,Columbus,Columbus,OH,45360,4,25,25,4432962,4.3,A,67,Realtor.com,Mid-size (11-50 agents),2026-10-04T10:43:17Z
CREAM-20261004-00330,Frank Sullivan,Frank Sullivan,Frank,Sullivan,frank.sullivan@century21.com,(469) 778-4711,Century 21,Century 21,St. Petersburg,St. Petersburg,FL,33430,1,10,10,4153279,3.4,A,96,Realtor.com,Large (51-200 agents),2026-10-04T16:47:59Z
CREAM-20261004-00331,Christine Thompson,Christine Thompson,Christine,Thompson,cthompson@hotmail.com,(704) 748-6384,Keller Williams,Keller Williams,Tucson,Tucson,AZ,86816,3,11,11,4608699,3.7,A,99,Trade Show,Large (51-200 agents),2026-10-04T17:19:05Z
CREAM-20261004-00332,Stephanie Brooks,Stephanie Brooks,Stephanie,Brooks,stephanie.brooks@yahoo.com,(305) 204-3572,Keller Williams,Keller Williams,Raleigh,Raleigh,NC,28899,0,4,4,1524370,4.9,A,82,Referral Network,Mid-size (11-50 agents),2026-10-04T00:03:52Z
CREAM-20261004-00333,Joseph Ruiz,Joseph Ruiz,Joseph,Ruiz,joseph_ruiz@hotmail.com,(404) 265-3024,Berkshire Hathaway HomeServices,Berkshire Hathaway HomeServices,San Francisco,San Francisco,CA,93132,6,24,24,15022562,3.2,A,82,Website Lead,Enterprise (200+ agents),2026-10-04T00:47:31Z
CREAM-20261004-00334,Stephanie Turner,Stephanie Turner,Stephanie,Turner,stephanie_turner@aol.com,(305) 440-4872,Nest Seekers,Nest Seekers,Queens,Queens,NY,11170,11,44,44,20441735,3.8,A,89,Trade Show,Boutique (2-10 agents),2026-10-04T18:40:13Z
CREAM-20261004-00335,Charles Wilson,Charles Wilson,Charles,Wilson,charleswilson@me.com,(720) 953-9385,Coldwell Banker,Coldwell Banker,Phoenix,Phoenix,AZ,86384,4,21,21,8746931,4.6,A,71,Referral Network,Independent,2026-10-04T13:20:58Z
CREAM-20261004-00336,Donald Russell,Donald Russell,Donald,Russell,donald.russell@icloud.com,(303) 654-3262,Huntington Real Estate,Huntington Real Estate,Cleveland,Cleveland,OH,43338,5,20,20,5355512,4.1,A,82,Trade Show,Large (51-200 agents),2026-10-04T22:08:54Z
CREAM-20261004-00337,Shirley Kim,Shirley Kim,Shirley,Kim,skim@exprealty.com,(704) 216-7731,eXp Realty,eXp Realty,Greensboro,Greensboro,NC,27446,23,37,37,11509298,4.3,A,96,MLS Database,Mid-size (11-50 agents),2026-10-04T13:08:04Z
CREAM-20261004-00338,Nancy Stewart,Nancy Stewart,Nancy,Stewart,nancy_stewart@me.com,(720) 305-4483,eXp Realty,eXp Realty,Denver,Denver,CO,80125,25,44,44,29760479,4.9,A,79,Brokerage Listings,Mid-size (11-50 agents),2026-10-04T04:16:51Z
CREAM-20261004-00339,Rebecca Russell,Rebecca Russell,Rebecca,Russell,rebecca.russell@corcorangroup.com,(704) 357-6727,Corcoran Group,Corcoran Group,Queens,Queens,NY,10480,5,12,12,9202498,4.0,A,89,LinkedIn,Boutique (2-10 agents),2026-10-04T07:37:31Z
CREAM-20261004-00340,Margaret Jackson,Margaret Jackson,Margaret,Jackson,margaret.jackson@gmail.com,(415) 878-6580,eXp Realty,eXp Realty,St. Petersburg,St. Petersburg,FL,33817,25,63,63,23294550,3.0,A,95,Cold Outreach,Large (51-200 agents),2026-10-04T04:27:26Z
CREAM-20261004-00341,Patricia Alvarez,Patricia Alvarez,Patricia,Alvarez,palvarez@hotmail.com,(214) 257-3289,Cutler Real Estate,Cutler Real Estate,Cleveland,Cleveland,OH,43887,1,7,7,2267026,4.4,A,87,Cold Outreach,Independent,2026-10-04T21:58:39Z
CREAM-20261004-00342,Pamela Lopez,Pamela Lopez,Pamela,Lopez,pamelalopez@gmail.com,(407) 343-5005,eXp Realty,eXp Realty,Mesa,Mesa,AZ,86852,25,70,70,23625140,3.5,A,60,NAR Directory,Mid-size (11-50 agents),2026-10-04T20:53:33Z
CREAM-20261004-00343,Theresa King,Theresa King,Theresa,King,theresa.king@yahoo.com,(214) 201-9238,eXp Realty,eXp Realty,San Jose,San Jose,CA,90116,1,9,9,7857599,4.3,A,67,Facebook,Mid-size (11-50 agents),2026-10-04T20:47:50Z
CREAM-20261004-00344,Lawrence Rivera,Lawrence Rivera,Lawrence,Rivera,lawrencerivera@hotmail.com,(303) 393-5843,Corcoran Group,Corcoran Group,Brooklyn,Brooklyn,NY,13398,7,18,18,14092969,3.1,A,75,Realtor.com,Boutique (2-10 agents),2026-10-04T14:20:19Z
CREAM-20261004-00345,Shirley Parker,Shirley Parker,Shirley,Parker,shirley.parker@sothebysinternational.com,(972) 269-3708,Sotheby's International,Sotheby's International,Bronx,Bronx,NY,10834,5,11,11,8447256,3.6,A,88,MLS Database,Mid-size (11-50 agents),2026-10-04T07:07:13Z
CREAM-20261004-00346,Wayne Scott,Wayne Scott,Wayne,Scott,wscott@icloud.com,(334) 255-1454,Douglas Elliman,Douglas Elliman,Queens,Queens,NY,12677,4,25,25,13500592,3.4,A,83,Brokerage Listings,Boutique (2-10 agents),2026-10-04T14:33:38Z
CREAM-20261004-00347,Eugene Adams,Eugene Adams,Eugene,Adams,eugene_adams@outlook.com,(929) 914-9870,Keller Williams,Keller Williams,Dallas,Dallas,TX,77183,13,48,48,15118067,3.3,A,75,Website Lead,Boutique (2-10 agents),2026-10-04T02:38:10Z
CREAM-20261004-00348,Nicole Bennett,Nicole Bennett,Nicole,Bennett,nicolebennett@aol.com,(980) 377-8059,Sotheby's International,Sotheby's International,Bronx,Bronx,NY,13596,18,74,74,44130226,4.5,A,99,Cold Outreach,Enterprise (200+ agents),2026-10-04T10:03:27Z
CREAM-20261004-00349,Kimberly Walker,Kimberly Walker,Kimberly,Walker,kwalker@me.com,(720) 795-3403,Douglas Elliman,Douglas Elliman,Queens,Queens,NY,12176,1,3,3,1911945,4.8,A,78,Website Lead,Large (51-200 agents),2026-10-04T13:53:25Z
CREAM-20261004-00350,Deborah Cox,Deborah Cox,Deborah,Cox,dcox@icloud.com,(407) 877-1946,HER Realtors,HER Realtors,Columbus,Columbus,OH,43299,6,37,37,10517247,3.5,A,64,Referral Network,Large (51-200 agents),2026-10-04T01:22:47Z
CREAM-20261004-00351,Anthony Russell,Anthony Russell,Anthony,Russell,arussell@aol.com,(212) 392-6754,Compass,Compass,Jacksonville,Jacksonville,FL,34160,23,36,36,12760245,3.1,A,70,Website Lead,Boutique (2-10 agents),2026-10-04T01:51:54Z
CREAM-20261004-00352,Michael Morris,Michael Morris,Michael,Morris,michaelm@hotmail.com,(415) 910-1212,Coldwell Banker,Coldwell Banker,Cleveland,Cleveland,OH,44325,2,12,12,3426126,3.8,A,91,Trade Show,Large (51-200 agents),2026-10-04T23:13:35Z
CREAM-20261004-00353,Sandra Johnson,Sandra Johnson,Sandra,Johnson,sjohnson@icloud.com,(214) 374-5675,Nest Seekers,Nest Seekers,Bronx,Bronx,NY,12140,3,13,13,8781919,3.9,A,79,Facebook,Mid-size (11-50 agents),2026-10-04T02:41:55Z
CREAM-20261004-00354,Christine Peterson,Christine Peterson,Christine,Peterson,christinep@hotmail.com,(513) 996-7137,Douglas Elliman,Douglas Elliman,Brooklyn,Brooklyn,NY,12813,1,12,12,9531040,4.9,A,92,LinkedIn,Enterprise (200+ agents),2026-10-04T22:09:38Z
CREAM-20261004-00355,Juan Ramirez,Juan Ramirez,Juan,Ramirez,jramirez@livsothebys.com,(234) 662-3994,LIV Sotheby's,LIV Sotheby's,Colorado Springs,Colorado Springs,CO,81267,18,36,36,25379537,3.2,A,94,Facebook,Enterprise (200+ agents),2026-10-04T23:14:00Z
CREAM-20261004-00356,Ashley Bennett,Ashley Bennett,Ashley,Bennett,ashley_bennett@gmail.com,(602) 208-5040,RE/MAX,RE/MAX,Oakland,Oakland,CA,95696,14,38,38,41449981,4.7,A,95,Facebook,Boutique (2-10 agents),2026-10-04T02:12:17Z
CREAM-20261004-00357,Lawrence Bailey,Lawrence Bailey,Lawrence,Bailey,lbailey@douglaselliman.com,(919) 485-6608,Douglas Elliman,Douglas Elliman,Miami,Miami,FL,34527,19,41,41,13894664,4.6,A,99,NAR Directory,Independent,2026-10-04T13:22:42Z
CREAM-20261004-00358,Patricia Coleman,Patricia Coleman,Patricia,Coleman,patricia.coleman@icloud.com,(919) 272-4136,Coldwell Banker,Coldwell Banker,Charlotte,Charlotte,NC,28649,6,24,24,6152700,3.9,A,89,MLS Database,Enterprise (200+ agents),2026-10-04T15:05:46Z
CREAM-20261004-00359,Joshua Reyes,Joshua Reyes,Joshua,Reyes,jreyes@yahoo.com,(786) 627-3109,Sotheby's International,Sotheby's International,Los Angeles,Los Angeles,CA,91612,8,39,39,37383859,3.3,A,82,MLS Database,Boutique (2-10 agents),2026-10-04T16:15:51Z
CREAM-20261004-00360,Jessica Davis,Jessica Davis,Jessica,Davis,jessicad@huntingtonrealestate.com,(602) 855-6869,Huntington Real Estate,Huntington Real Estate,Columbus,Columbus,OH,43758,9,21,21,3724009,3.4,A,98,Brokerage Listings,Enterprise (200+ agents),2026-10-04T18:52:19Z
CREAM-20261004-00361,Jack Turner,Jack Turner,Jack,Turner,jackt@icloud.com,(512) 649-5034,Keller Williams,Keller Williams,Manhattan,Manhattan,NY,11223,4,8,8,5923914,4.5,A,70,Realtor.com,Mid-size (11-50 agents),2026-10-04T16:13:09Z
CREAM-20261004-00362,Richard Jones,Richard Jones,Richard,Jones,richard_jones@yahoo.com,(786) 550-5372,Berkshire Hathaway HomeServices,Berkshire Hathaway HomeServices,Sacramento,Sacramento,CA,93817,12,57,57,38630847,4.7,A,76,LinkedIn,Mid-size (11-50 agents),2026-10-04T12:32:21Z
CREAM-20261004-00363,Michael Gray,Michael Gray,Michael,Gray,michaelg@century21.com,(407) 749-6141,Century 21,Century 21,Miami,Miami,FL,33780,2,8,8,2661153,3.2,A,91,Brokerage Listings,Enterprise (200+ agents),2026-10-04T07:06:39Z
CREAM-20261004-00364,Gary Hernandez,Gary Hernandez,Gary,Hernandez,gary_hernandez@icloud.com,(786) 458-9519,Sotheby's International,Sotheby's International,San Francisco,San Francisco,CA,91140,10,61,61,49919983,3.2,A,65,Trade Show,Boutique (2-10 agents),2026-10-04T19:42:08Z
CREAM-20261004-00365,Bruce Bennett,Bruce Bennett,Bruce,Bennett,bbennett@re/max.com,(714) 524-4670,RE/MAX,RE/MAX,Fort Worth,Fort Worth,TX,76990,4,22,22,7359850,3.9,A,82,Cold Outreach,Boutique (2-10 agents),2026-10-04T18:02:35Z
CREAM-20261004-00366,Pamela Brown,Pamela Brown,Pamela,Brown,pbrown@outlook.com,(407) 669-8613,Sotheby's International,Sotheby's International,Los Angeles,Los Angeles,CA,93419,8,40,40,35839588,3.5,A,88,LinkedIn,Mid-size (11-50 agents),2026-10-04T14:37:25Z
CREAM-20261004-00367,Danielle Jenkins,Danielle Jenkins,Danielle,Jenkins,danielle.jenkins@coldwellbanker.com,(415) 402-2726,Coldwell Banker,Coldwell Banker,Colorado Springs,Colorado Springs,CO,80786,22,48,48,29217839,3.5,A,69,Realtor.com,Boutique (2-10 agents),2026-10-04T18:40:17Z
CREAM-20261004-00368,Eric Evans,Eric Evans,Eric,Evans,ericevans@hotmail.com,(212) 592-6610,Russell Lyon Sotheby's,Russell Lyon Sotheby's,Mesa,Mesa,AZ,85375,5,23,23,10230220,4.1,A,90,Facebook,Independent,2026-10-04T22:30:21Z
CREAM-20261004-00369,Eugene King,Eugene King,Eugene,King,eking@aol.com,(404) 605-5051,Howard Hanna,Howard Hanna,Greensboro,Greensboro,NC,28606,25,67,67,27319873,3.6,A,86,LinkedIn,Boutique (2-10 agents),2026-10-04T16:51:29Z
CREAM-20261004-00370,Charles Lewis,Charles Lewis,Charles,Lewis,charleslewis@hotmail.com,(469) 683-3173,Long Realty,Long Realty,Tucson,Tucson,AZ,85488,17,29,29,10824545,3.7,A,68,Website Lead,Enterprise (200+ agents),2026-10-04T01:59:26Z
CREAM-20261004-00371,Paul Young,Paul Young,Paul,Young,pauly@icloud.com,(310) 312-6412,Berkshire Hathaway,Berkshire Hathaway,Orlando,Orlando,FL,32450,23,58,58,27811117,4.1,A,91,Realtor.com,Independent,2026-10-04T02:00:06Z
CREAM-20261004-00372,Jacob Allen,Jacob Allen,Jacob,Allen,jacob.allen@yahoo.com,(980) 247-9811,eXp Realty,eXp Realty,Greensboro,Greensboro,NC,28523,4,12,12,3365094,4.2,A,62,MLS Database,Independent,2026-10-04T07:44:25Z
CREAM-20261004-00373,Gregory Miller,Gregory Miller,Gregory,Miller,gmiller@re/max.com,(214) 340-6890,RE/MAX,RE/MAX,Houston,Houston,TX,77208,2,6,6,1808663,4.8,A,65,LinkedIn,Mid-size (11-50 agents),2026-10-04T09:12:03Z
CREAM-20261004-00374,Paul Lewis,Paul Lewis,Paul,Lewis,paullewis@yahoo.com,(614) 479-7051,eXp Realty,eXp Realty,San Antonio,San Antonio,TX,79107,2,4,4,1575485,3.6,A,99,Website Lead,Boutique (2-10 agents),2026-10-04T05:07:21Z
CREAM-20261004-00375,Peter Rivera,Peter Rivera,Peter,Rivera,privera@gmail.com,(334) 783-2017,Keller Williams,Keller Williams,Denver,Denver,CO,80991,5,23,23,10481035,4.0,A,74,Facebook,Boutique (2-10 agents),2026-10-04T20:59:56Z
CREAM-20261004-00376,Margaret Bailey,Margaret Bailey,Margaret,Bailey,margaretb@huntingtonrealestate.com,(513) 763-1562,Huntington Real Estate,Huntington Real Estate,Cleveland,Cleveland,OH,45133,20,46,46,14198141,4.8,A,77,Brokerage Listings,Mid-size (11-50 agents),2026-10-04T02:09:02Z
CREAM-20261004-00377,Jeffrey Peterson,Jeffrey Peterson,Jeffrey,Peterson,jpeterson@kellerwilliams.com,(513) 709-6412,Keller Williams,Keller Williams,Aurora,Aurora,CO,81483,24,40,40,16413801,4.5,A,94,Website Lead,Enterprise (200+ agents),2026-10-04T11:05:47Z
CREAM-20261004-00378,Peter Nelson,Peter Nelson,Peter,Nelson,peter.nelson@kellerwilliams.com,(334) 473-9661,Keller Williams,Keller Williams,Greensboro,Greensboro,NC,27932,22,62,62,25469303,4.6,A,97,Website Lead,Enterprise (200+ agents),2026-10-04T17:09:31Z
CREAM-20261004-00379,Anthony Reed,Anthony Reed,Anthony,Reed,anthony_reed@outlook.com,(980) 552-7973,Douglas Elliman,Douglas Elliman,New York City,New York City,NY,10298,11,44,44,24025514,3.9,A,70,NAR Directory,Enterprise (200+ agents),2026-10-04T22:19:26Z
CREAM-20261004-00380,Carol Myers,Carol Myers,Carol,Myers,cmyers@yahoo.com,(786) 593-8949,Berkshire Hathaway,Berkshire Hathaway,Miami,Miami,FL,34204,3,13,13,4549691,3.5,A,99,MLS Database,Large (51-200 agents),2026-10-04T05:28:53Z
CREAM-20261004-00381,Donna Price,Donna Price,Donna,Price,donnap@exprealty.com,(212) 441-4746,eXp Realty,eXp Realty,Austin,Austin,TX,75191,0,1,1,249255,4.4,A,71,Trade Show,Boutique (2-10 agents),2026-10-04T15:32:34Z
CREAM-20261004-00382,Ryan White,Ryan White,Ryan,White,ryan.white@berkshirehathaway.com,(303) 541-9914,Berkshire Hathaway,Berkshire Hathaway,Cincinnati,Cincinnati,OH,45207,5,19,19,4253074,4.9,A,92,Brokerage Listings,Mid-size (11-50 agents),2026-10-04T10:10:05Z
CREAM-20261004-00383,Rose Nelson,Rose Nelson,Rose,Nelson,rose.nelson@re/max.com,(714) 734-6279,RE/MAX,RE/MAX,Cincinnati,Cincinnati,OH,45390,22,75,75,17985222,4.3,A,72,Trade Show,Boutique (2-10 agents),2026-10-04T10:30:43Z
CREAM-20261004-00384,Eric Collins,Eric Collins,Eric,Collins,ericc@me.com,(334) 815-6667,Coldwell Banker,Coldwell Banker,Greensboro,Greensboro,NC,28229,0,2,2,838284,4.0,A,87,Referral Network,Mid-size (11-50 agents),2026-10-04T11:31:38Z
CREAM-20261004-00385,Scott Moore,Scott Moore,Scott,Moore,smoore@icloud.com,(980) 231-9341,Coldwell Banker,Coldwell Banker,Tampa,Tampa,FL,33649,5,13,13,4725764,4.1,A,69,Realtor.com,Enterprise (200+ agents),2026-10-04T23:50:36Z
CREAM-20261004-00386,Albert Cruz,Albert Cruz,Albert,Cruz,albert.cruz@compass.com,(212) 349-6701,Compass,Compass,Denver,Denver,CO,81827,20,51,51,25865781,3.2,A,91,Trade Show,Mid-size (11-50 agents),2026-10-04T10:14:24Z
CREAM-20261004-00387,Albert Gomez,Albert Gomez,Albert,Gomez,albertg@exprealty.com,(512) 827-6552,eXp Realty,eXp Realty,Tampa,Tampa,FL,32363,1,11,11,3989129,4.5,A,77,Referral Network,Mid-size (11-50 agents),2026-10-04T18:30:56Z
CREAM-20261004-00388,Samantha Bennett,Samantha Bennett,Samantha,Bennett,samantha_bennett@hotmail.com,(972) 916-2884,Long Realty,Long Realty,Scottsdale,Scottsdale,AZ,86769,4,17,17,6797919,4.4,A,65,Cold Outreach,Large (51-200 agents),2026-10-04T16:59:44Z
CREAM-20261004-00389,Thomas Miller,Thomas Miller,Thomas,Miller,thomas_miller@outlook.com,(786) 471-4689,Keller Williams,Keller Williams,Aurora,Aurora,CO,80133,1,9,9,3508491,3.7,A,86,Brokerage Listings,Large (51-200 agents),2026-10-04T17:33:20Z
CREAM-20261004-00390,Charles Hall,Charles Hall,Charles,Hall,charlesh@aol.com,(305) 499-4843,Keller Williams Realty,Keller Williams Realty,Tampa,Tampa,FL,32528,25,29,29,9921730,3.1,A,64,Website Lead,Independent,2026-10-04T10:24:45Z
CREAM-20261004-00391,Emily Martin,Emily Martin,Emily,Martin,emily_martin@hotmail.com,(980) 645-4314,Coldwell Banker,Coldwell Banker,Raleigh,Raleigh,NC,27198,11,64,64,28876883,4.3,A,63,Realtor.com,Mid-size (11-50 agents),2026-10-04T05:48:09Z
CREAM-20261004-00392,Angela Patel,Angela Patel,Angela,Patel,angelap@longrealty.com,(713) 900-7317,Long Realty,Long Realty,Tucson,Tucson,AZ,85535,10,72,72,25707123,4.5,A,71,Facebook,Enterprise (200+ agents),2026-10-04T03:30:22Z
CREAM-20261004-00393,Juan Diaz,Juan Diaz,Juan,Diaz,jdiaz@gmail.com,(512) 452-7620,Keller Williams,Keller Williams,Columbus,Columbus,OH,45650,19,50,50,11365217,4.1,A,95,Trade Show,Boutique (2-10 agents),2026-10-04T04:20:38Z
CREAM-20261004-00394,William Price,William Price,William,Price,wprice@hotmail.com,(980) 739-3782,Berkshire Hathaway,Berkshire Hathaway,Phoenix,Phoenix,AZ,86844,4,25,25,13310057,4.8,A,90,NAR Directory,Mid-size (11-50 agents),2026-10-04T17:59:39Z
CREAM-20261004-00395,Heather Nguyen,Heather Nguyen,Heather,Nguyen,heather_nguyen@me.com,(407) 965-6755,Keller Williams Realty,Keller Williams Realty,San Jose,San Jose,CA,92509,1,12,12,12271366,4.8,A,73,MLS Database,Large (51-200 agents),2026-10-04T19:10:20Z
CREAM-20261004-00396,Sandra Rogers,Sandra Rogers,Sandra,Rogers,sandra.rogers@berkshirehathaway.com,(334) 491-5129,Berkshire Hathaway,Berkshire Hathaway,Orlando,Orlando,FL,33497,2,8,8,2410859,4.9,A,83,LinkedIn,Boutique (2-10 agents),2026-10-04T22:04:20Z
CREAM-20261004-00397,Linda Ramos,Linda Ramos,Linda,Ramos,lindaramos@yahoo.com,(713) 810-9048,Berkshire Hathaway,Berkshire Hathaway,Jacksonville,Jacksonville,FL,33334,6,28,28,10487724,3.2,A,70,NAR Directory,Independent,2026-10-04T22:16:34Z
CREAM-20261004-00398,Karen Jenkins,Karen Jenkins,Karen,Jenkins,kjenkins@re/max.com,(786) 998-9936,RE/MAX,RE/MAX,Scottsdale,Scottsdale,AZ,85433,4,21,21,8762657,4.3,A,61,Facebook,Enterprise (200+ agents),2026-10-04T07:36:54Z
CREAM-20261004-00399,Albert Evans,Albert Evans,Albert,Evans,albert.evans@aol.com,(256) 859-1269,Compass,Compass,Charlotte,Charlotte,NC,27508,1,12,12,4572242,4.7,A,66,Trade Show,Boutique (2-10 agents),2026-10-04T03:32:25Z
CREAM-20261004-00400,Justin Jenkins,Justin Jenkins,Justin,Jenkins,jjenkins@coldwellbanker.com,(919) 850-8934,Coldwell Banker,Coldwell Banker,Tucson,Tucson,AZ,86797,19,40,40,16283612,3.9,A,92,Trade Show,Boutique (2-10 agents),2026-10-04T06:50:39Z
CREAM-20261004-00401,Lisa Ross,Lisa Ross,Lisa,Ross,lisa_ross@hotmail.com,(972) 533-2541,Nest Seekers,Nest Seekers,Syracuse,Syracuse,NY,13167,18,49,49,36478870,4.7,B,68,Website Lead,Enterprise (200+ agents),2026-10-04T14:06:50Z
CREAM-20261004-00402,Kenneth Diaz,Kenneth Diaz,Kenneth,Diaz,kenneth.diaz@aol.com,(212) 513-1796,RE/MAX,RE/MAX,Anaheim,Anaheim,CA,95192,10,29,29,28979007,3.4,B,66,Trade Show,Independent,2026-10-04T13:46:59Z
CREAM-20261004-00403,Anthony Walker,Anthony Walker,Anthony,Walker,anthony.walker@me.com,(310) 437-2768,Keller Williams Realty,Keller Williams Realty,Bakersfield,Bakersfield,CA,90543,1,10,10,10477445,3.6,B,89,Referral Network,Mid-size (11-50 agents),2026-10-04T17:28:43Z
CREAM-20261004-00404,Heather Mendoza,Heather Mendoza,Heather,Mendoza,heather.mendoza@icloud.com,(714) 247-8897,Huntington Real Estate,Huntington Real Estate,Toledo,Toledo,OH,44471,14,71,71,20674092,3.9,B,100,Cold Outreach,Mid-size (11-50 agents),2026-10-04T00:09:14Z
CREAM-20261004-00405,Shirley Rogers,Shirley Rogers,Shirley,Rogers,srogers@berkshirehathaway.com,(919) 680-5910,Berkshire Hathaway,Berkshire Hathaway,Lubbock,Lubbock,TX,77283,4,15,15,5892516,4.0,B,96,NAR Directory,Large (51-200 agents),2026-10-04T11:38:10Z
CREAM-20261004-00406,Daniel Thomas,Daniel Thomas,Daniel,Thomas,daniel.thomas@icloud.com,(718) 273-1426,Berkshire Hathaway HomeServices,Berkshire Hathaway HomeServices,Bakersfield,Bakersfield,CA,90476,17,32,32,35178642,4.9,B,69,Referral Network,Mid-size (11-50 agents),2026-10-04T02:05:40Z
CREAM-20261004-00407,Samuel Cox,Samuel Cox,Samuel,Cox,scox@gmail.com,(646) 330-3901,Coldwell Banker,Coldwell Banker,Winston-Salem,Winston-Salem,NC,28836,11,74,74,22255229,3.7,B,83,NAR Directory,Large (51-200 agents),2026-10-04T14:55:37Z
CREAM-20261004-00408,Eugene Coleman,Eugene Coleman,Eugene,Coleman,eugenecoleman@outlook.com,(469) 319-8416,RE/MAX,RE/MAX,Chula Vista,Chula Vista,CA,95940,24,49,49,32189282,5.0,B,88,Trade Show,Enterprise (200+ agents),2026-10-04T06:39:15Z
CREAM-20261004-00409,Angela Jenkins,Angela Jenkins,Angela,Jenkins,angela_jenkins@yahoo.com,(646) 209-6762,Keller Williams,Keller Williams,Thornton,Thornton,CO,80447,4,19,19,9175357,3.9,B,69,Website Lead,Large (51-200 agents),2026-10-04T08:04:04Z
CREAM-20261004-00410,Patricia Hernandez,Patricia Hernandez,Patricia,Hernandez,patricia_hernandez@hotmail.com,(234) 720-5986,Coldwell Banker,Coldwell Banker,Irving,Irving,TX,76472,14,50,50,17905987,3.8,B,79,NAR Directory,Boutique (2-10 agents),2026-10-04T13:12:43Z
CREAM-20261004-00411,Theresa Coleman,Theresa Coleman,Theresa,Coleman,theresac@me.com,(404) 267-5918,Berkshire Hathaway,Berkshire Hathaway,Corpus Christi,Corpus Christi,TX,76342,1,8,8,3509455,3.6,B,80,MLS Database,Enterprise (200+ agents),2026-10-04T14:53:44Z
CREAM-20261004-00412,James Nelson,James Nelson,James,Nelson,jamesnelson@gmail.com,(512) 975-1021,Compass,Compass,Durham,Durham,NC,28456,12,43,43,11247266,3.4,B,87,Brokerage Listings,Enterprise (200+ agents),2026-10-04T18:16:19Z
CREAM-20261004-00413,Alan Brown,Alan Brown,Alan,Brown,alan.brown@aol.com,(916) 482-6690,Pacific Sotheby's,Pacific Sotheby's,Stockton,Stockton,CA,90490,24,48,48,51224721,4.1,B,71,Brokerage Listings,Independent,2026-10-04T01:31:55Z
CREAM-20261004-00414,Deborah Myers,Deborah Myers,Deborah,Myers,deborah_myers@me.com,(980) 490-3805,Berkshire Hathaway,Berkshire Hathaway,Arlington,Arlington,TX,79950,4,10,10,4428659,4.9,B,98,Website Lead,Boutique (2-10 agents),2026-10-04T10:00:11Z
CREAM-20261004-00415,Pamela Bailey,Pamela Bailey,Pamela,Bailey,pbailey@icloud.com,(714) 513-7715,Nest Seekers,Nest Seekers,New Rochelle,New Rochelle,NY,10617,3,15,15,8657798,3.5,B,67,LinkedIn,Independent,2026-10-04T19:30:08Z
CREAM-20261004-00416,Carol Johnson,Carol Johnson,Carol,Johnson,cjohnson@outlook.com,(720) 855-4430,RE/MAX,RE/MAX,Cary,Cary,NC,28628,2,6,6,2592557,3.7,B,100,MLS Database,Boutique (2-10 agents),2026-10-04T14:28:59Z
CREAM-20261004-00417,Carol Miller,Carol Miller,Carol,Miller,cmiller@exprealty.com,(212) 855-2480,eXp Realty,eXp Realty,Fort Collins,Fort Collins,CO,80220,16,31,31,12256677,3.1,B,64,Website Lead,Mid-size (11-50 agents),2026-10-04T18:21:53Z
CREAM-20261004-00418,Lawrence King,Lawrence King,Lawrence,King,lking@kellerwilliams.com,(234) 284-5539,Keller Williams,Keller Williams,Cary,Cary,NC,28600,7,15,15,5636467,3.0,B,86,Realtor.com,Mid-size (11-50 agents),2026-10-04T02:39:41Z
CREAM-20261004-00419,Wayne Powell,Wayne Powell,Wayne,Powell,wayne.powell@outlook.com,(512) 783-3738,Compass,Compass,Syracuse,Syracuse,NY,10416,9,17,17,9723833,4.8,B,72,Referral Network,Independent,2026-10-04T08:19:11Z
CREAM-20261004-00420,Emily Taylor,Emily Taylor,Emily,Taylor,emilyt@huntingtonrealestate.com,(919) 895-9567,Huntington Real Estate,Huntington Real Estate,Dayton,Dayton,OH,45454,10,47,47,9364250,3.8,B,81,Brokerage Listings,Boutique (2-10 agents),2026-10-04T00:06:30Z
CREAM-20261004-00421,Samuel Wilson,Samuel Wilson,Samuel,Wilson,swilson@briggsfreemansothebys.com,(214) 208-8870,Briggs Freeman Sotheby's,Briggs Freeman Sotheby's,Lubbock,Lubbock,TX,75993,16,53,53,13069601,4.8,B,71,Referral Network,Mid-size (11-50 agents),2026-10-04T07:50:13Z
CREAM-20261004-00422,Kimberly Stewart,Kimberly Stewart,Kimberly,Stewart,kimberlystewart@me.com,(805) 354-2356,Berkshire Hathaway HomeServices,Berkshire Hathaway HomeServices,Chula Vista,Chula Vista,CA,96585,17,39,39,30229379,3.7,B,85,Website Lead,Boutique (2-10 agents),2026-10-04T14:12:31Z
CREAM-20261004-00423,Charles Gonzalez,Charles Gonzalez,Charles,Gonzalez,charles_gonzalez@icloud.com,(929) 526-9094,Coldwell Banker,Coldwell Banker,Garland,Garland,TX,76566,8,22,22,7664354,3.4,B,70,MLS Database,Independent,2026-10-04T09:07:56Z
CREAM-20261004-00424,Frank White,Frank White,Frank,White,frank_white@outlook.com,(334) 235-2731,eXp Realty,eXp Realty,Arlington,Arlington,TX,78638,1,5,5,2236459,3.1,B,71,MLS Database,Mid-size (11-50 agents),2026-10-04T02:41:55Z
CREAM-20261004-00425,Philip Gray,Philip Gray,Philip,Gray,philip.gray@sothebysinternational.com,(919) 665-8325,Sotheby's International,Sotheby's International,Chula Vista,Chula Vista,CA,93448,4,13,13,12616221,4.2,B,90,Facebook,Boutique (2-10 agents),2026-10-04T12:37:36Z
CREAM-20261004-00426,Brenda Lopez,Brenda Lopez,Brenda,Lopez,brendalopez@outlook.com,(512) 950-4811,Berkshire Hathaway,Berkshire Hathaway,Fayetteville,Fayetteville,NC,28263,15,29,29,10317259,3.3,B,63,Brokerage Listings,Mid-size (11-50 agents),2026-10-04T10:30:12Z
CREAM-20261004-00427,Susan Perez,Susan Perez,Susan,Perez,sperez@nestseekers.com,(929) 793-8533,Nest Seekers,Nest Seekers,Syracuse,Syracuse,NY,10159,3,25,25,19987635,4.1,B,72,Website Lead,Large (51-200 agents),2026-10-04T08:38:45Z
CREAM-20261004-00428,Christopher Thomas,Christopher Thomas,Christopher,Thomas,christopherthomas@aol.com,(234) 682-8131,Halstead,Halstead,Albany,Albany,NY,11204,4,15,15,11172264,3.8,B,81,Website Lead,Independent,2026-10-04T09:44:26Z
CREAM-20261004-00429,Eugene Cox,Eugene Cox,Eugene,Cox,ecox@aol.com,(256) 702-2922,Berkshire Hathaway,Berkshire Hathaway,Fayetteville,Fayetteville,NC,28727,22,32,32,12157374,3.5,B,95,Trade Show,Large (51-200 agents),2026-10-04T12:22:22Z
CREAM-20261004-00430,Martha Kelly,Martha Kelly,Martha,Kelly,martha.kelly@aol.com,(212) 817-9958,Allen Tate,Allen Tate,Fayetteville,Fayetteville,NC,28149,3,20,20,8055164,3.8,B,77,Facebook,Large (51-200 agents),2026-10-04T16:20:29Z
CREAM-20261004-00431,Betty Price,Betty Price,Betty,Price,betty.price@cutlerrealestate.com,(334) 899-9295,Cutler Real Estate,Cutler Real Estate,Dayton,Dayton,OH,43266,0,3,3,716226,3.5,B,96,Brokerage Listings,Large (51-200 agents),2026-10-04T07:19:36Z
CREAM-20261004-00432,Daniel Reyes,Daniel Reyes,Daniel,Reyes,danielreyes@icloud.com,(334) 728-5542,Halstead,Halstead,Syracuse,Syracuse,NY,11222,13,39,39,31419002,3.7,B,61,MLS Database,Boutique (2-10 agents),2026-10-04T08:54:18Z
CREAM-20261004-00433,Juan Mendoza,Juan Mendoza,Juan,Mendoza,jmendoza@briggsfreemansothebys.com,(404) 977-7070,Briggs Freeman Sotheby's,Briggs Freeman Sotheby's,Arlington,Arlington,TX,79409,4,25,25,9991125,4.8,B,91,NAR Directory,Mid-size (11-50 agents),2026-10-04T02:08:38Z
CREAM-20261004-00434,Patricia Wilson,Patricia Wilson,Patricia,Wilson,patricia.wilson@hotmail.com,(212) 522-7808,Berkshire Hathaway,Berkshire Hathaway,Akron,Akron,OH,43302,1,9,9,1786465,4.9,B,85,NAR Directory,Large (51-200 agents),2026-10-04T16:06:04Z
CREAM-20261004-00435,Ashley Chavez,Ashley Chavez,Ashley,Chavez,ashleychavez@yahoo.com,(404) 617-1226,Compass,Compass,Fort Collins,Fort Collins,CO,80664,2,6,6,4123385,4.7,B,62,Facebook,Boutique (2-10 agents),2026-10-04T15:22:10Z
CREAM-20261004-00436,Joseph Parker,Joseph Parker,Joseph,Parker,joseph.parker@kellerwilliams.com,(786) 791-8039,Keller Williams,Keller Williams,Winston-Salem,Winston-Salem,NC,27687,4,15,15,4197191,3.4,B,97,Facebook,Mid-size (11-50 agents),2026-10-04T16:41:08Z
CREAM-20261004-00437,Laura Alvarez,Laura Alvarez,Laura,Alvarez,lauraa@me.com,(720) 952-1007,Berkshire Hathaway,Berkshire Hathaway,Garland,Garland,TX,79687,9,32,32,10667892,3.1,B,91,Trade Show,Mid-size (11-50 agents),2026-10-04T18:43:11Z
CREAM-20261004-00438,Juan Campbell,Juan Campbell,Juan,Campbell,juan.campbell@compass.com,(805) 481-5269,Compass,Compass,Buffalo,Buffalo,NY,10118,6,22,22,12887779,3.1,B,98,MLS Database,Boutique (2-10 agents),2026-10-04T11:26:40Z
CREAM-20261004-00439,Patricia Thomas,Patricia Thomas,Patricia,Thomas,patricia.thomas@kellerwilliams.com,(305) 658-3421,Keller Williams,Keller Williams,Toledo,Toledo,OH,45257,20,69,69,16863412,4.9,B,71,Website Lead,Mid-size (11-50 agents),2026-10-04T03:43:15Z
CREAM-20261004-00440,Samuel Russell,Samuel Russell,Samuel,Russell,srussell@icloud.com,(513) 486-8510,Berkshire Hathaway,Berkshire Hathaway,Lakewood,Lakewood,CO,81822,5,17,17,8037851,4.6,B,96,Brokerage Listings,Large (51-200 agents),2026-10-04T22:47:58Z
CREAM-20261004-00441,Paul Carter,Paul Carter,Paul,Carter,paul.carter@gmail.com,(980) 274-8829,Corcoran Group,Corcoran Group,Buffalo,Buffalo,NY,14348,23,53,53,41675043,3.5,B,96,LinkedIn,Mid-size (11-50 agents),2026-10-04T02:31:05Z
CREAM-20261004-00442,Justin Brown,Justin Brown,Justin,Brown,jbrown@icloud.com,(704) 993-5075,eXp Realty,eXp Realty,Tempe,Tempe,AZ,85655,5,13,13,5349324,3.7,B,65,Cold Outreach,Enterprise (200+ agents),2026-10-04T03:38:00Z
CREAM-20261004-00443,Rose Thompson,Rose Thompson,Rose,Thompson,rthompson@icloud.com,(713) 897-7143,Compass,Compass,Durham,Durham,NC,27650,0,5,5,1458025,3.7,B,65,Facebook,Independent,2026-10-04T20:46:59Z
CREAM-20261004-00444,Jeffrey Castillo,Jeffrey Castillo,Jeffrey,Castillo,jeffrey.castillo@aol.com,(212) 637-5601,RE/MAX,RE/MAX,Pembroke Pines,Pembroke Pines,FL,32161,3,9,9,3900597,4.4,B,80,Brokerage Listings,Independent,2026-10-04T00:35:56Z
CREAM-20261004-00445,Linda Ward,Linda Ward,Linda,Ward,lindaward@me.com,(404) 748-5400,Nest Seekers,Nest Seekers,Yonkers,Yonkers,NY,13707,20,32,32,22447458,3.8,B,70,MLS Database,Independent,2026-10-04T02:41:15Z
CREAM-20261004-00446,Alexander Williams,Alexander Williams,Alexander,Williams,alexander.williams@yahoo.com,(512) 666-4266,Keller Williams,Keller Williams,Tempe,Tempe,AZ,86771,24,29,29,9964891,3.9,B,75,Realtor.com,Mid-size (11-50 agents),2026-10-04T18:05:09Z
CREAM-20261004-00447,Alexander Ward,Alexander Ward,Alexander,Ward,award@livsothebys.com,(512) 764-7033,LIV Sotheby's,LIV Sotheby's,Arvada,Arvada,CO,81120,1,8,8,5457924,4.1,B,99,Referral Network,Boutique (2-10 agents),2026-10-04T21:38:22Z
CREAM-20261004-00448,Pamela Murphy,Pamela Murphy,Pamela,Murphy,pamelamurphy@aol.com,(305) 331-3501,Long Realty,Long Realty,Tempe,Tempe,AZ,86204,22,30,30,11069338,4.4,B,66,NAR Directory,Mid-size (11-50 agents),2026-10-04T15:41:26Z
CREAM-20261004-00449,Peter Price,Peter Price,Peter,Price,peter.price@re/max.com,(256) 510-9482,RE/MAX,RE/MAX,Cary,Cary,NC,27984,0,4,4,1378639,3.0,B,97,NAR Directory,Mid-size (11-50 agents),2026-10-04T12:42:16Z
CREAM-20261004-00450,Patricia Peterson,Patricia Peterson,Patricia,Peterson,ppeterson@re/max.com,(980) 731-1747,RE/MAX,RE/MAX,Riverside,Riverside,CA,91478,22,46,46,33717749,3.3,B,79,Website Lead,Mid-size (11-50 agents),2026-10-04T05:39:21Z
CREAM-20261004-00451,Juan Russell,Juan Russell,Juan,Russell,juanr@me.com,(805) 754-4292,Keller Williams,Keller Williams,Chandler,Chandler,AZ,85805,17,29,29,9735686,4.8,B,72,Facebook,Boutique (2-10 agents),2026-10-04T03:08:42Z
CREAM-20261004-00452,Laura Jenkins,Laura Jenkins,Laura,Jenkins,lauraj@icloud.com,(720) 394-2781,Sotheby's International,Sotheby's International,Rochester,Rochester,NY,11114,4,15,15,10886560,3.6,B,84,Website Lead,Boutique (2-10 agents),2026-10-04T11:01:58Z
CREAM-20261004-00453,Edward Hall,Edward Hall,Edward,Hall,edward_hall@hotmail.com,(919) 361-9992,Corcoran Group,Corcoran Group,Albany,Albany,NY,11865,3,17,17,12958037,4.7,B,91,Trade Show,Boutique (2-10 agents),2026-10-04T23:33:04Z
CREAM-20261004-00454,Justin Stewart,Justin Stewart,Justin,Stewart,justins@icloud.com,(972) 782-6693,Keller Williams Realty,Keller Williams Realty,Chula Vista,Chula Vista,CA,90823,5,21,21,19782240,4.8,B,95,MLS Database,Mid-size (11-50 agents),2026-10-04T04:34:46Z
CREAM-20261004-00455,Margaret Murphy,Margaret Murphy,Margaret,Murphy,margaret_murphy@outlook.com,(234) 612-9298,Berkshire Hathaway,Berkshire Hathaway,Parma,Parma,OH,45594,14,52,52,15162886,3.4,B,92,MLS Database,Large (51-200 agents),2026-10-04T10:41:42Z
CREAM-20261004-00456,Emily Green,Emily Green,Emily,Green,emilyg@re/max.com,(646) 399-2217,RE/MAX,RE/MAX,Gilbert,Gilbert,AZ,86895,11,32,32,16875101,3.5,B,83,Facebook,Mid-size (11-50 agents),2026-10-04T17:30:46Z
CREAM-20261004-00457,Nicholas Thompson,Nicholas Thompson,Nicholas,Thompson,nicholast@gmail.com,(214) 771-9210,Berkshire Hathaway,Berkshire Hathaway,Thornton,Thornton,CO,80820,10,46,46,25556591,4.2,B,62,Trade Show,Boutique (2-10 agents),2026-10-04T23:35:55Z
CREAM-20261004-00458,Louis Thompson,Louis Thompson,Louis,Thompson,louist@kellerwilliamsrealty.com,(513) 929-3807,Keller Williams Realty,Keller Williams Realty,Anaheim,Anaheim,CA,92172,7,25,25,27452208,4.2,B,72,Realtor.com,Independent,2026-10-04T13:51:38Z
CREAM-20261004-00459,Kathleen Martin,Kathleen Martin,Kathleen,Martin,kathleen.martin@yahoo.com,(919) 837-5390,HomeSmart,HomeSmart,Chandler,Chandler,AZ,86496,24,53,53,27688705,4.3,B,70,LinkedIn,Enterprise (200+ agents),2026-10-04T22:32:48Z
CREAM-20261004-00460,Raymond Sullivan,Raymond Sullivan,Raymond,Sullivan,raymond.sullivan@exprealty.com,(256) 919-4006,eXp Realty,eXp Realty,Durham,Durham,NC,27397,13,68,68,17287735,3.3,B,85,Trade Show,Mid-size (11-50 agents),2026-10-04T03:14:33Z
CREAM-20261004-00461,Stephanie Turner,Stephanie Turner,Stephanie,Turner,stephanieturner@yahoo.com,(415) 690-9351,Sotheby's International,Sotheby's International,Rochester,Rochester,NY,13139,3,15,15,12505901,4.0,B,76,NAR Directory,Independent,2026-10-04T11:52:06Z
CREAM-20261004-00462,Cynthia Mendoza,Cynthia Mendoza,Cynthia,Mendoza,cynthia_mendoza@icloud.com,(234) 720-8585,Compass,Compass,Thornton,Thornton,CO,80566,10,63,63,41320282,3.2,B,91,NAR Directory,Large (51-200 agents),2026-10-04T01:23:30Z
CREAM-20261004-00463,James Watson,James Watson,James,Watson,jwatson@hotmail.com,(980) 353-5441,Berkshire Hathaway,Berkshire Hathaway,Winston-Salem,Winston-Salem,NC,28993,9,20,20,8392070,3.4,B,86,Trade Show,Boutique (2-10 agents),2026-10-04T00:52:03Z
CREAM-20261004-00464,Patrick Rivera,Patrick Rivera,Patrick,Rivera,privera@gmail.com,(805) 653-9238,eXp Realty,eXp Realty,Pembroke Pines,Pembroke Pines,FL,33954,16,69,69,36348154,4.6,B,61,Facebook,Independent,2026-10-04T20:40:20Z
CREAM-20261004-00465,Arthur Nguyen,Arthur Nguyen,Arthur,Nguyen,arthurnguyen@gmail.com,(256) 593-7954,RE/MAX,RE/MAX,Gilbert,Gilbert,AZ,85769,1,6,6,2391333,3.1,B,75,Website Lead,Enterprise (200+ agents),2026-10-04T03:34:34Z
CREAM-20261004-00466,Anna Wright,Anna Wright,Anna,Wright,anna.wright@kellerwilliams.com,(310) 310-2263,Keller Williams,Keller Williams,Cary,Cary,NC,27778,4,22,22,9618959,4.9,B,97,Trade Show,Independent,2026-10-04T12:27:02Z
CREAM-20261004-00467,Stephanie Mitchell,Stephanie Mitchell,Stephanie,Mitchell,stephanie_mitchell@gmail.com,(512) 439-1834,Cutler Real Estate,Cutler Real Estate,Dayton,Dayton,OH,43529,2,5,5,1333695,3.0,B,72,Trade Show,Independent,2026-10-04T13:57:02Z
CREAM-20261004-00468,Albert Peterson,Albert Peterson,Albert,Peterson,albertp@outlook.com,(718) 936-7988,Berkshire Hathaway,Berkshire Hathaway,Parma,Parma,OH,43576,21,80,80,20218450,4.5,B,88,Website Lead,Independent,2026-10-04T09:11:01Z
CREAM-20261004-00469,Andrew Smith,Andrew Smith,Andrew,Smith,andrew.smith@kellerwilliams.com,(916) 468-8305,Keller Williams,Keller Williams,Irving,Irving,TX,76832,5,13,13,5780321,3.4,B,76,Website Lead,Enterprise (200+ agents),2026-10-04T07:34:02Z
CREAM-20261004-00470,Aaron Perry,Aaron Perry,Aaron,Perry,aaronperry@gmail.com,(212) 795-6832,Allen Tate,Allen Tate,Cary,Cary,NC,27922,11,30,30,12551270,4.1,B,96,Brokerage Listings,Mid-size (11-50 agents),2026-10-04T11:32:44Z
CREAM-20261004-00471,Jonathan Mendoza,Jonathan Mendoza,Jonathan,Mendoza,jonathanm@coldwellbanker.com,(305) 801-5785,Coldwell Banker,Coldwell Banker,Port St. Lucie,Port St. Lucie,FL,34733,22,51,51,22567862,4.7,B,72,NAR Directory,Boutique (2-10 agents),2026-10-04T19:15:07Z
CREAM-20261004-00472,Tyler Ramos,Tyler Ramos,Tyler,Ramos,tyler.ramos@kellerwilliams.com,(614) 489-6929,Keller Williams,Keller Williams,Lubbock,Lubbock,TX,75789,7,30,30,12796893,4.0,B,83,Cold Outreach,Mid-size (11-50 agents),2026-10-04T03:05:50Z
CREAM-20261004-00473,Albert Robinson,Albert Robinson,Albert,Robinson,albertrobinson@outlook.com,(513) 831-3031,Berkshire Hathaway,Berkshire Hathaway,Winston-Salem,Winston-Salem,NC,27414,20,33,33,12649835,4.0,B,76,Facebook,Mid-size (11-50 agents),2026-10-04T22:38:32Z
CREAM-20261004-00474,Daniel Myers,Daniel Myers,Daniel,Myers,dmyers@aol.com,(407) 336-7391,Berkshire Hathaway,Berkshire Hathaway,Arlington,Arlington,TX,76391,0,1,1,304341,4.0,B,69,LinkedIn,Independent,2026-10-04T03:22:18Z
CREAM-20261004-00475,Albert Adams,Albert Adams,Albert,Adams,albert_adams@me.com,(980) 538-2512,Coldwell Banker,Coldwell Banker,Garland,Garland,TX,79508,4,18,18,6447602,4.2,B,77,Realtor.com,Independent,2026-10-04T03:52:46Z
CREAM-20261004-00476,Jack Brooks,Jack Brooks,Jack,Brooks,jbrooks@outlook.com,(916) 648-1933,Pacific Sotheby's,Pacific Sotheby's,Fresno,Fresno,CA,94161,25,51,51,49078059,4.7,B,78,Website Lead,Large (51-200 agents),2026-10-04T05:22:01Z
CREAM-20261004-00477,Helen Cruz,Helen Cruz,Helen,Cruz,helenc@kellerwilliams.com,(714) 391-2040,Keller Williams,Keller Williams,Chandler,Chandler,AZ,85782,21,75,75,31901118,4.6,B,89,Trade Show,Independent,2026-10-04T02:12:33Z
CREAM-20261004-00478,John Perry,John Perry,John,Perry,jperry@aol.com,(256) 459-8581,Coldwell Banker,Coldwell Banker,Fort Collins,Fort Collins,CO,81334,2,12,12,8206952,4.7,B,61,Facebook,Large (51-200 agents),2026-10-04T07:45:27Z
CREAM-20261004-00479,Jack Flores,Jack Flores,Jack,Flores,jack.flores@gmail.com,(305) 848-3657,Compass,Compass,Fresno,Fresno,CA,91111,17,46,46,48976242,4.8,B,74,MLS Database,Independent,2026-10-04T01:42:41Z
CREAM-20261004-00480,Jeffrey Perez,Jeffrey Perez,Jeffrey,Perez,jperez@aol.com,(212) 695-3417,Nest Seekers,Nest Seekers,New Rochelle,New Rochelle,NY,10627,0,0,0,0,4.7,B,82,Website Lead,Independent,2026-10-04T04:00:42Z
CREAM-20261004-00481,Jonathan Coleman,Jonathan Coleman,Jonathan,Coleman,jonathancoleman@icloud.com,(310) 322-8931,eXp Realty,eXp Realty,Parma,Parma,OH,45508,16,49,49,10118614,3.9,B,95,Brokerage Listings,Large (51-200 agents),2026-10-04T21:47:57Z
CREAM-20261004-00482,Susan Ramirez,Susan Ramirez,Susan,Ramirez,sramirez@gmail.com,(404) 722-8671,Keller Williams,Keller Williams,Akron,Akron,OH,43145,2,6,6,1370742,3.1,B,100,LinkedIn,Mid-size (11-50 agents),2026-10-04T15:58:34Z
CREAM-20261004-00483,Steven Cook,Steven Cook,Steven,Cook,stevencook@icloud.com,(646) 320-3289,RE/MAX,RE/MAX,Cary,Cary,NC,28880,17,67,67,24700863,4.5,B,96,Trade Show,Boutique (2-10 agents),2026-10-04T19:38:12Z
CREAM-20261004-00484,Victoria Baker,Victoria Baker,Victoria,Baker,victoria_baker@me.com,(713) 258-1435,Keller Williams,Keller Williams,Lakewood,Lakewood,CO,80216,17,53,53,28188499,4.7,B,92,Cold Outreach,Independent,2026-10-04T14:37:38Z
CREAM-20261004-00485,Danielle Martinez,Danielle Martinez,Danielle,Martinez,daniellemartinez@outlook.com,(334) 347-8288,Keller Williams Realty,Keller Williams Realty,Hialeah,Hialeah,FL,34790,17,35,35,15052210,3.9,B,88,MLS Database,Large (51-200 agents),2026-10-04T17:51:31Z
CREAM-20261004-00486,Christine Miller,Christine Miller,Christine,Miller,cmiller@me.com,(407) 973-4119,Keller Williams,Keller Williams,Arlington,Arlington,TX,78552,23,59,59,18131680,3.2,B,65,LinkedIn,Enterprise (200+ agents),2026-10-04T01:55:04Z
CREAM-20261004-00487,Kevin Reed,Kevin Reed,Kevin,Reed,kevin_reed@gmail.com,(310) 980-5995,Brown Harris Stevens,Brown Harris Stevens,Buffalo,Buffalo,NY,12327,9,19,19,12352841,4.5,B,87,Cold Outreach,Independent,2026-10-04T23:40:14Z
CREAM-20261004-00488,Mary Gutierrez,Mary Gutierrez,Mary,Gutierrez,mgutierrez@coldwellbanker.com,(214) 968-9219,Coldwell Banker,Coldwell Banker,Port St. Lucie,Port St. Lucie,FL,34952,20,43,43,14633088,3.3,B,68,MLS Database,Mid-size (11-50 agents),2026-10-04T13:45:49Z
CREAM-20261004-00489,Stephanie Roberts,Stephanie Roberts,Stephanie,Roberts,stephanie.roberts@gmail.com,(303) 939-5899,RE/MAX,RE/MAX,Garland,Garland,TX,77655,25,72,72,26251715,4.9,B,80,Referral Network,Mid-size (11-50 agents),2026-10-04T17:03:15Z
CREAM-20261004-00490,Brenda Collins,Brenda Collins,Brenda,Collins,brendac@outlook.com,(718) 445-9893,Coldwell Banker,Coldwell Banker,Amarillo,Amarillo,TX,76128,1,11,11,3982752,3.9,B,81,NAR Directory,Independent,2026-10-04T19:14:41Z
CREAM-20261004-00491,Betty Scott,Betty Scott,Betty,Scott,betty.scott@aol.com,(256) 535-4995,Halstead,Halstead,Syracuse,Syracuse,NY,12454,20,48,48,31141740,4.0,B,86,Brokerage Listings,Large (51-200 agents),2026-10-04T13:43:28Z
CREAM-20261004-00492,Victoria Carter,Victoria Carter,Victoria,Carter,victoria_carter@icloud.com,(714) 566-1794,Long Realty,Long Realty,Tempe,Tempe,AZ,85603,0,3,3,950739,4.2,B,86,MLS Database,Large (51-200 agents),2026-10-04T07:36:17Z
CREAM-20261004-00493,Samuel Powell,Samuel Powell,Samuel,Powell,samuelp@yahoo.com,(916) 236-8702,Keller Williams,Keller Williams,Gilbert,Gilbert,AZ,85414,5,24,24,12476736,4.9,B,64,Realtor.com,Boutique (2-10 agents),2026-10-04T02:59:44Z
CREAM-20261004-00494,Judith Allen,Judith Allen,Judith,Allen,judith_allen@icloud.com,(614) 825-9246,Keller Williams,Keller Williams,Dayton,Dayton,OH,44959,15,75,75,14045833,4.6,B,70,Realtor.com,Large (51-200 agents),2026-10-04T21:18:35Z
CREAM-20261004-00495,Kimberly Cooper,Kimberly Cooper,Kimberly,Cooper,kcooper@aol.com,(305) 911-4884,Keller Williams,Keller Williams,Lakewood,Lakewood,CO,81633,0,4,4,2603090,4.1,B,60,Referral Network,Enterprise (200+ agents),2026-10-04T05:04:19Z
CREAM-20261004-00496,Arthur Torres,Arthur Torres,Arthur,Torres,arthurt@hotmail.com,(214) 250-6761,eXp Realty,eXp Realty,Arlington,Arlington,TX,78141,2,3,3,1300780,4.9,B,67,Cold Outreach,Enterprise (200+ agents),2026-10-04T23:47:19Z
CREAM-20261004-00497,Cynthia Alvarez,Cynthia Alvarez,Cynthia,Alvarez,cynthiaa@exprealty.com,(713) 410-3364,eXp Realty,eXp Realty,Chandler,Chandler,AZ,86973,4,17,17,5769364,3.6,B,62,MLS Database,Mid-size (11-50 agents),2026-10-04T07:05:06Z
CREAM-20261004-00498,Joseph Myers,Joseph Myers,Joseph,Myers,joseph.myers@kellerwilliams.com,(646) 258-5451,Keller Williams,Keller Williams,Chandler,Chandler,AZ,86656,16,44,44,21692856,4.6,B,71,MLS Database,Enterprise (200+ agents),2026-10-04T05:29:44Z
CREAM-20261004-00499,Ashley Perez,Ashley Perez,Ashley,Perez,aperez@gmail.com,(214) 561-9600,Berkshire Hathaway,Berkshire Hathaway,Corpus Christi,Corpus Christi,TX,79114,8,20,20,6311863,3.8,B,84,Website Lead,Large (51-200 agents),2026-10-04T10:45:50Z
CREAM-20261004-00500,Debra Evans,Debra Evans,Debra,Evans,debra.evans@yahoo.com,(704) 475-3336,HomeSmart,HomeSmart,Chandler,Chandler,AZ,85601,19,28,28,14768405,4.0,B,86,Website Lead,Independent,2026-10-04T21:44:24Z
CREAM-20261004-00501,Jacob Cruz,Jacob Cruz,Jacob,Cruz,jacob.cruz@berkshirehathaway.com,(646) 385-1451,Berkshire Hathaway,Berkshire Hathaway,Pembroke Pines,Pembroke Pines,FL,33410,5,13,13,5853420,4.0,B,68,Trade Show,Enterprise (200+ agents),2026-10-04T03:10:07Z
CREAM-20261004-00502,Robert Williams,Robert Williams,Robert,Williams,robert.williams@exprealty.com,(513) 526-2467,eXp Realty,eXp Realty,Fort Collins,Fort Collins,CO,80902,25,74,74,40841246,3.3,B,91,Brokerage Listings,Large (51-200 agents),2026-10-04T07:26:20Z
CREAM-20261004-00503,David Flores,David Flores,David,Flores,david.flores@me.com,(303) 314-1512,RE/MAX,RE/MAX,Cary,Cary,NC,28142,1,5,5,1287392,3.4,B,99,Facebook,Independent,2026-10-04T09:11:46Z
CREAM-20261004-00504,Brandon Foster,Brandon Foster,Brandon,Foster,bfoster@hotmail.com,(415) 841-7051,Coldwell Banker,Coldwell Banker,Cary,Cary,NC,28550,15,68,68,19260773,3.9,B,64,NAR Directory,Independent,2026-10-04T05:51:52Z
CREAM-20261004-00505,Olivia Bennett,Olivia Bennett,Olivia,Bennett,obennett@kellerwilliamsrealty.com,(334) 670-3358,Keller Williams Realty,Keller Williams Realty,Pembroke Pines,Pembroke Pines,FL,34779,2,12,12,4367005,3.7,B,99,Website Lead,Mid-size (11-50 agents),2026-10-04T06:27:53Z
CREAM-20261004-00506,Danielle Howard,Danielle Howard,Danielle,Howard,dhoward@kellerwilliams.com,(602) 255-2937,Keller Williams,Keller Williams,Fayetteville,Fayetteville,NC,27526,2,8,8,2161057,5.0,B,97,MLS Database,Mid-size (11-50 agents),2026-10-04T15:12:52Z
CREAM-20261004-00507,Steven Bennett,Steven Bennett,Steven,Bennett,sbennett@coldwellbanker.com,(972) 743-8277,Coldwell Banker,Coldwell Banker,Durham,Durham,NC,28557,23,32,32,8039763,4.4,B,93,Referral Network,Enterprise (200+ agents),2026-10-04T04:44:56Z
CREAM-20261004-00508,Roger Howard,Roger Howard,Roger,Howard,rhoward@yahoo.com,(714) 421-6727,Keller Williams,Keller Williams,Amarillo,Amarillo,TX,75625,2,10,10,3794305,4.8,B,63,MLS Database,Enterprise (200+ agents),2026-10-04T05:51:09Z
CREAM-20261004-00509,Steven Rogers,Steven Rogers,Steven,Rogers,steven.rogers@hotmail.com,(334) 808-5331,HomeSmart,HomeSmart,Tempe,Tempe,AZ,86247,0,3,3,911709,4.9,B,96,Website Lead,Mid-size (11-50 agents),2026-10-04T05:51:20Z
CREAM-20261004-00510,Anna Long,Anna Long,Anna,Long,along@berkshirehathawayhomeservices.com,(305) 421-6005,Berkshire Hathaway HomeServices,Berkshire Hathaway HomeServices,Santa Ana,Santa Ana,CA,93626,22,39,39,35184396,5.0,B,70,Brokerage Listings,Independent,2026-10-04T16:21:39Z
CREAM-20261004-00511,Justin Kelly,Justin Kelly,Justin,Kelly,jkelly@exprealty.com,(720) 706-6527,eXp Realty,eXp Realty,Port St. Lucie,Port St. Lucie,FL,33161,5,24,24,8997769,5.0,B,86,Cold Outreach,Large (51-200 agents),2026-10-04T19:16:17Z
CREAM-20261004-00512,Carolyn Nelson,Carolyn Nelson,Carolyn,Nelson,carolyn_nelson@gmail.com,(786) 433-3237,RE/MAX,RE/MAX,Tallahassee,Tallahassee,FL,32602,12,66,66,28190846,3.6,B,98,MLS Database,Large (51-200 agents),2026-10-04T11:10:19Z
CREAM-20261004-00513,Nicole Adams,Nicole Adams,Nicole,Adams,nicole_adams@hotmail.com,(602) 287-5273,Keller Williams,Keller Williams,Parma,Parma,OH,43863,12,73,73,20924244,3.8,B,90,Realtor.com,Independent,2026-10-04T11:29:53Z
CREAM-20261004-00514,Barbara Stewart,Barbara Stewart,Barbara,Stewart,barbaras@kellerwilliams.com,(614) 657-4691,Keller Williams,Keller Williams,Cary,Cary,NC,27727,4,13,13,4737616,4.1,B,99,Trade Show,Large (51-200 agents),2026-10-04T17:25:44Z
CREAM-20261004-00515,David Perry,David Perry,David,Perry,david_perry@aol.com,(305) 745-3206,eXp Realty,eXp Realty,Irving,Irving,TX,75319,25,63,63,18745137,3.8,B,79,Referral Network,Boutique (2-10 agents),2026-10-04T06:46:41Z
CREAM-20261004-00516,Margaret Cox,Margaret Cox,Margaret,Cox,margaretc@gmail.com,(929) 839-9770,eXp Realty,eXp Realty,Tallahassee,Tallahassee,FL,34416,0,2,2,764511,4.1,B,88,Referral Network,Mid-size (11-50 agents),2026-10-04T16:25:00Z
CREAM-20261004-00517,Martha Bennett,Martha Bennett,Martha,Bennett,martha.bennett@halstead.com,(714) 798-8158,Halstead,Halstead,Yonkers,Yonkers,NY,10223,8,40,40,27620169,4.4,B,66,Realtor.com,Boutique (2-10 agents),2026-10-04T00:30:33Z
CREAM-20261004-00518,Joshua Miller,Joshua Miller,Joshua,Miller,joshua_miller@me.com,(805) 272-1418,eXp Realty,eXp Realty,Parma,Parma,OH,45544,0,2,2,555147,4.0,B,80,Website Lead,Boutique (2-10 agents),2026-10-04T13:52:45Z
CREAM-20261004-00519,Olivia Chavez,Olivia Chavez,Olivia,Chavez,olivia_chavez@aol.com,(256) 770-6309,Sotheby's International,Sotheby's International,Fresno,Fresno,CA,91318,3,24,24,24230173,4.2,B,62,Website Lead,Independent,2026-10-04T21:37:53Z
CREAM-20261004-00520,Martha Martinez,Martha Martinez,Martha,Martinez,mmartinez@aol.com,(214) 353-6652,Keller Williams,Keller Williams,Fayetteville,Fayetteville,NC,27622,21,78,78,27479997,4.9,B,99,Facebook,Enterprise (200+ agents),2026-10-04T06:21:19Z
CREAM-20261004-00521,Sarah Sullivan,Sarah Sullivan,Sarah,Sullivan,sarah.sullivan@nestseekers.com,(310) 639-9402,Nest Seekers,Nest Seekers,New Rochelle,New Rochelle,NY,13240,11,77,77,64862454,4.7,B,90,NAR Directory,Boutique (2-10 agents),2026-10-04T13:13:36Z
CREAM-20261004-00522,Pamela Nelson,Pamela Nelson,Pamela,Nelson,pamela.nelson@aol.com,(234) 444-6141,Coldwell Banker,Coldwell Banker,Arvada,Arvada,CO,81251,25,60,60,34582042,3.9,B,65,Brokerage Listings,Large (51-200 agents),2026-10-04T21:27:25Z
CREAM-20261004-00523,Danielle Reed,Danielle Reed,Danielle,Reed,dreed@icloud.com,(415) 403-2746,Pacific Sotheby's,Pacific Sotheby's,Stockton,Stockton,CA,93172,20,29,29,27560957,3.4,B,71,Facebook,Independent,2026-10-04T11:18:51Z
CREAM-20261004-00524,Lawrence Jimenez,Lawrence Jimenez,Lawrence,Jimenez,lawrence.jimenez@outlook.com,(929) 519-3391,eXp Realty,eXp Realty,Fayetteville,Fayetteville,NC,28899,4,22,22,9618202,4.7,B,62,NAR Directory,Enterprise (200+ agents),2026-10-04T22:27:39Z
CREAM-20261004-00525,Carl Young,Carl Young,Carl,Young,carl_young@hotmail.com,(404) 946-8701,RE/MAX,RE/MAX,Fresno,Fresno,CA,91364,12,34,34,27981601,3.9,B,93,Website Lead,Independent,2026-10-04T02:53:16Z
CREAM-20261004-00526,Julia Cook,Julia Cook,Julia,Cook,juliac@exprealty.com,(720) 412-1240,eXp Realty,eXp Realty,Chandler,Chandler,AZ,85561,13,34,34,17863969,4.3,B,89,Trade Show,Large (51-200 agents),2026-10-04T23:18:55Z
CREAM-20261004-00527,Carl Walker,Carl Walker,Carl,Walker,carl_walker@outlook.com,(513) 342-5412,eXp Realty,eXp Realty,Tallahassee,Tallahassee,FL,33443,0,2,2,930236,4.7,B,86,Cold Outreach,Independent,2026-10-04T12:14:29Z
CREAM-20261004-00528,Carol Ross,Carol Ross,Carol,Ross,carol.ross@icloud.com,(512) 229-5001,Brown Harris Stevens,Brown Harris Stevens,Yonkers,Yonkers,NY,14525,3,23,23,19221826,5.0,B,100,Cold Outreach,Mid-size (11-50 agents),2026-10-04T00:05:50Z
CREAM-20261004-00529,Timothy Peterson,Timothy Peterson,Timothy,Peterson,timothypeterson@hotmail.com,(469) 561-5196,Coldwell Banker,Coldwell Banker,Chandler,Chandler,AZ,85356,2,5,5,2631608,4.3,B,98,Cold Outreach,Boutique (2-10 agents),2026-10-04T07:55:24Z
CREAM-20261004-00530,Kevin Alexander,Kevin Alexander,Kevin,Alexander,kevinalexander@aol.com,(614) 605-2186,Corcoran Group,Corcoran Group,Buffalo,Buffalo,NY,10803,1,8,8,5619990,4.5,B,84,NAR Directory,Independent,2026-10-04T00:53:03Z
CREAM-20261004-00531,Richard Ramos,Richard Ramos,Richard,Ramos,rramos@icloud.com,(980) 541-8823,Douglas Elliman,Douglas Elliman,Hialeah,Hialeah,FL,33135,3,21,21,8172964,3.4,B,98,MLS Database,Large (51-200 agents),2026-10-04T10:19:07Z
CREAM-20261004-00532,Jason Richardson,Jason Richardson,Jason,Richardson,jasonrichardson@outlook.com,(972) 522-8028,Compass,Compass,Durham,Durham,NC,27407,4,25,25,10544235,3.9,B,94,LinkedIn,Independent,2026-10-04T06:43:21Z
CREAM-20261004-00533,Theresa Rivera,Theresa Rivera,Theresa,Rivera,trivera@homesmart.com,(310) 724-1630,HomeSmart,HomeSmart,Glendale,Glendale,AZ,86978,6,40,40,12668129,4.4,B,86,Trade Show,Boutique (2-10 agents),2026-10-04T10:07:21Z
CREAM-20261004-00534,Jason Coleman,Jason Coleman,Jason,Coleman,jason.coleman@icloud.com,(334) 895-2859,eXp Realty,eXp Realty,Arlington,Arlington,TX,77590,18,62,62,28208134,3.3,B,87,Brokerage Listings,Independent,2026-10-04T03:50:13Z
CREAM-20261004-00535,Brian Peterson,Brian Peterson,Brian,Peterson,brianpeterson@me.com,(513) 725-3811,HomeSmart,HomeSmart,Chandler,Chandler,AZ,85582,2,3,3,1035039,4.2,B,70,Referral Network,Boutique (2-10 agents),2026-10-04T15:43:46Z
CREAM-20261004-00536,Paul Sullivan,Paul Sullivan,Paul,Sullivan,paulsullivan@aol.com,(212) 658-4524,Compass,Compass,Arvada,Arvada,CO,80820,5,13,13,5989719,3.7,B,76,Brokerage Listings,Enterprise (200+ agents),2026-10-04T08:29:15Z
CREAM-20261004-00537,Carolyn Alexander,Carolyn Alexander,Carolyn,Alexander,carolynalexander@hotmail.com,(513) 672-8119,Russell Lyon Sotheby's,Russell Lyon Sotheby's,Chandler,Chandler,AZ,86316,1,3,3,1564936,3.7,B,91,Realtor.com,Large (51-200 agents),2026-10-04T16:05:33Z
CREAM-20261004-00538,Justin Williams,Justin Williams,Justin,Williams,justinwilliams@hotmail.com,(704) 234-2901,Halstead,Halstead,Buffalo,Buffalo,NY,11901,19,67,67,48193449,3.9,B,63,Facebook,Large (51-200 agents),2026-10-04T18:44:33Z
CREAM-20261004-00539,Matthew Diaz,Matthew Diaz,Matthew,Diaz,matthewd@me.com,(415) 928-5253,Douglas Elliman,Douglas Elliman,Corpus Christi,Corpus Christi,TX,79632,4,9,9,2288146,3.8,B,69,Trade Show,Mid-size (11-50 agents),2026-10-04T05:39:13Z
CREAM-20261004-00540,Ashley Hernandez,Ashley Hernandez,Ashley,Hernandez,ashley_hernandez@hotmail.com,(513) 263-7158,RE/MAX,RE/MAX,Parma,Parma,OH,43953,14,27,27,8310614,4.1,B,62,NAR Directory,Independent,2026-10-04T06:00:04Z
CREAM-20261004-00541,Brian Turner,Brian Turner,Brian,Turner,briant@yahoo.com,(303) 244-3658,Compass,Compass,Yonkers,Yonkers,NY,12435,2,9,9,6381283,3.9,B,78,Website Lead,Large (51-200 agents),2026-10-04T05:32:40Z
CREAM-20261004-00542,Brian Taylor,Brian Taylor,Brian,Taylor,briant@coldwellbanker.com,(512) 709-2561,Coldwell Banker,Coldwell Banker,Akron,Akron,OH,44328,25,73,73,16526287,4.9,B,82,Referral Network,Boutique (2-10 agents),2026-10-04T17:04:46Z
CREAM-20261004-00543,Patrick Mitchell,Patrick Mitchell,Patrick,Mitchell,patrickmitchell@me.com,(704) 349-6189,Briggs Freeman Sotheby's,Briggs Freeman Sotheby's,Arlington,Arlington,TX,78656,13,60,60,24520101,3.0,B,66,Cold Outreach,Independent,2026-10-04T08:10:53Z
CREAM-20261004-00544,Danielle Allen,Danielle Allen,Danielle,Allen,danielle.allen@pacificsothebys.com,(786) 494-1176,Pacific Sotheby's,Pacific Sotheby's,Riverside,Riverside,CA,92644,14,56,56,44404788,3.3,B,68,Website Lead,Enterprise (200+ agents),2026-10-04T11:24:02Z
CREAM-20261004-00545,Janet Ortiz,Janet Ortiz,Janet,Ortiz,janeto@me.com,(713) 954-9207,Huntington Real Estate,Huntington Real Estate,Parma,Parma,OH,45777,4,19,19,5479677,4.0,B,87,LinkedIn,Independent,2026-10-04T20:31:50Z
CREAM-20261004-00546,Katherine Wright,Katherine Wright,Katherine,Wright,katherine.wright@aol.com,(614) 422-2562,Coldwell Banker,Coldwell Banker,Stockton,Stockton,CA,93140,22,58,58,45690481,3.1,B,93,Realtor.com,Boutique (2-10 agents),2026-10-04T08:13:00Z
CREAM-20261004-00547,Sharon Jenkins,Sharon Jenkins,Sharon,Jenkins,sharonj@me.com,(786) 907-6342,Douglas Elliman,Douglas Elliman,Syracuse,Syracuse,NY,10179,6,40,40,24310892,4.6,B,88,Realtor.com,Mid-size (11-50 agents),2026-10-04T13:22:10Z
CREAM-20261004-00548,Arthur Chavez,Arthur Chavez,Arthur,Chavez,achavez@hotmail.com,(646) 876-5932,eXp Realty,eXp Realty,Hollywood,Hollywood,FL,34288,2,4,4,1399798,5.0,B,89,Trade Show,Boutique (2-10 agents),2026-10-04T09:57:42Z
CREAM-20261004-00549,Angela Torres,Angela Torres,Angela,Torres,angelat@kellerwilliamsrealty.com,(980) 286-3007,Keller Williams Realty,Keller Williams Realty,Hialeah,Hialeah,FL,33555,24,35,35,18815030,3.5,B,78,LinkedIn,Boutique (2-10 agents),2026-10-04T18:43:53Z
CREAM-20261004-00550,Jeffrey Lopez,Jeffrey Lopez,Jeffrey,Lopez,jeffrey.lopez@aol.com,(415) 651-9825,Compass,Compass,Stockton,Stockton,CA,94243,1,12,12,13255921,4.6,B,69,NAR Directory,Large (51-200 agents),2026-10-04T04:38:23Z
CREAM-20261004-00551,Ralph Martin,Ralph Martin,Ralph,Martin,rmartin@aol.com,(916) 899-4447,Russell Lyon Sotheby's,Russell Lyon Sotheby's,Chandler,Chandler,AZ,85914,16,58,58,20103413,3.8,B,75,Website Lead,Enterprise (200+ agents),2026-10-04T15:10:54Z
CREAM-20261004-00552,Aaron Brown,Aaron Brown,Aaron,Brown,aaron.brown@kellerwilliams.com,(404) 279-4035,Keller Williams,Keller Williams,Akron,Akron,OH,45512,5,20,20,5103565,4.8,B,91,Facebook,Boutique (2-10 agents),2026-10-04T16:39:18Z
CREAM-20261004-00553,Ruth Morris,Ruth Morris,Ruth,Morris,ruth.morris@kellerwilliams.com,(646) 624-5734,Keller Williams,Keller Williams,Durham,Durham,NC,28195,10,70,70,28405545,3.0,B,76,Cold Outreach,Mid-size (11-50 agents),2026-10-04T14:08:22Z
CREAM-20261004-00554,Margaret Nelson,Margaret Nelson,Margaret,Nelson,margaret.nelson@kellerwilliamsrealty.com,(415) 658-3392,Keller Williams Realty,Keller Williams Realty,Riverside,Riverside,CA,92128,15,25,25,22763893,3.9,B,70,NAR Directory,Boutique (2-10 agents),2026-10-04T00:11:04Z
CREAM-20261004-00555,Debra White,Debra White,Debra,White,debra_white@gmail.com,(404) 429-9985,RE/MAX,RE/MAX,Lakewood,Lakewood,CO,80447,3,8,8,3627190,3.6,B,78,NAR Directory,Independent,2026-10-04T06:42:20Z
CREAM-20261004-00556,Nicole Clark,Nicole Clark,Nicole,Clark,nicole.clark@century21.com,(602) 546-1538,Century 21,Century 21,Hollywood,Hollywood,FL,32934,12,56,56,24750426,4.9,B,96,Cold Outreach,Large (51-200 agents),2026-10-04T13:54:34Z
CREAM-20261004-00557,Jason Bennett,Jason Bennett,Jason,Bennett,jason.bennett@compass.com,(720) 900-4793,Compass,Compass,Durham,Durham,NC,28325,10,40,40,11284646,3.8,B,71,Cold Outreach,Large (51-200 agents),2026-10-04T12:43:13Z
CREAM-20261004-00558,Carl Clark,Carl Clark,Carl,Clark,carlc@re/max.com,(234) 414-9682,RE/MAX,RE/MAX,Cape Coral,Cape Coral,FL,32824,0,0,0,0,3.3,B,82,Cold Outreach,Enterprise (200+ agents),2026-10-04T05:19:01Z
CREAM-20261004-00559,Angela Ward,Angela Ward,Angela,Ward,award@kellerwilliams.com,(919) 315-8604,Keller Williams,Keller Williams,Fayetteville,Fayetteville,NC,27410,7,27,27,11111445,4.6,B,74,Referral Network,Mid-size (11-50 agents),2026-10-04T15:38:04Z
CREAM-20261004-00560,Cynthia Richardson,Cynthia Richardson,Cynthia,Richardson,crichardson@hotmail.com,(310) 886-7186,Coldwell Banker,Coldwell Banker,Cary,Cary,NC,27802,5,8,8,2013722,4.1,B,71,Website Lead,Mid-size (11-50 agents),2026-10-04T17:54:49Z
CREAM-20261004-00561,John Sullivan,John Sullivan,John,Sullivan,jsullivan@outlook.com,(469) 368-3100,eXp Realty,eXp Realty,Thornton,Thornton,CO,81517,0,4,4,2820188,3.3,B,62,Facebook,Large (51-200 agents),2026-10-04T19:36:38Z
CREAM-20261004-00562,Roger Ward,Roger Ward,Roger,Ward,roger_ward@icloud.com,(646) 347-8745,Coldwell Banker,Coldwell Banker,Hollywood,Hollywood,FL,32989,1,8,8,4094667,4.3,B,99,Cold Outreach,Independent,2026-10-04T23:00:22Z
CREAM-20261004-00563,Victoria Allen,Victoria Allen,Victoria,Allen,vallen@yahoo.com,(805) 345-5149,RE/MAX,RE/MAX,Garland,Garland,TX,79222,23,72,72,28982393,4.6,B,98,MLS Database,Boutique (2-10 agents),2026-10-04T20:11:33Z
CREAM-20261004-00564,Ashley Carter,Ashley Carter,Ashley,Carter,ashley.carter@corcorangroup.com,(305) 438-7005,Corcoran Group,Corcoran Group,New Rochelle,New Rochelle,NY,10311,23,31,31,25404917,3.3,B,66,Brokerage Listings,Independent,2026-10-04T22:05:42Z
CREAM-20261004-00565,Raymond Clark,Raymond Clark,Raymond,Clark,raymondclark@aol.com,(614) 234-1008,Berkshire Hathaway,Berkshire Hathaway,Parma,Parma,OH,44455,5,24,24,6447485,3.9,B,63,Brokerage Listings,Independent,2026-10-04T07:30:57Z
CREAM-20261004-00566,Alan Ramos,Alan Ramos,Alan,Ramos,alanr@alliebethallman.com,(805) 547-4548,Allie Beth Allman,Allie Beth Allman,Corpus Christi,Corpus Christi,TX,77883,11,68,68,25027630,3.0,B,60,Cold Outreach,Boutique (2-10 agents),2026-10-04T21:12:09Z
CREAM-20261004-00567,Heather Baker,Heather Baker,Heather,Baker,hbaker@kellerwilliams.com,(786) 629-8138,Keller Williams,Keller Williams,Fayetteville,Fayetteville,NC,28538,14,39,39,11056891,4.5,B,91,LinkedIn,Large (51-200 agents),2026-10-04T04:42:42Z
CREAM-20261004-00568,Lauren Kelly,Lauren Kelly,Lauren,Kelly,lauren_kelly@hotmail.com,(310) 586-7549,Cutler Real Estate,Cutler Real Estate,Akron,Akron,OH,44191,1,11,11,2021113,4.4,B,97,NAR Directory,Large (51-200 agents),2026-10-04T00:16:21Z
CREAM-20261004-00569,Arthur Martin,Arthur Martin,Arthur,Martin,arthurmartin@yahoo.com,(980) 697-7583,Keller Williams,Keller Williams,Parma,Parma,OH,43955,4,18,18,4009381,4.2,B,78,Facebook,Large (51-200 agents),2026-10-04T14:04:39Z
CREAM-20261004-00570,Theresa Watson,Theresa Watson,Theresa,Watson,theresaw@me.com,(972) 237-4363,Coldwell Banker,Coldwell Banker,Arvada,Arvada,CO,81225,6,28,28,18318806,3.4,B,90,Trade Show,Mid-size (11-50 agents),2026-10-04T20:48:18Z
CREAM-20261004-00571,Laura Cook,Laura Cook,Laura,Cook,laura.cook@aol.com,(303) 540-2168,Coldwell Banker,Coldwell Banker,Parma,Parma,OH,43357,2,10,10,2868740,3.9,B,70,Realtor.com,Mid-size (11-50 agents),2026-10-04T18:04:39Z
CREAM-20261004-00572,Heather Anderson,Heather Anderson,Heather,Anderson,handerson@berkshirehathaway.com,(718) 323-9745,Berkshire Hathaway,Berkshire Hathaway,Corpus Christi,Corpus Christi,TX,78572,4,13,13,5660076,4.2,B,76,MLS Database,Independent,2026-10-04T20:50:07Z
CREAM-20261004-00573,Wayne Phillips,Wayne Phillips,Wayne,Phillips,waynep@outlook.com,(303) 335-6162,Berkshire Hathaway HomeServices,Berkshire Hathaway HomeServices,Bakersfield,Bakersfield,CA,90779,23,59,59,47756319,4.9,B,82,Referral Network,Enterprise (200+ agents),2026-10-04T02:04:47Z
CREAM-20261004-00574,Gregory Thomas,Gregory Thomas,Gregory,Thomas,gregory.thomas@outlook.com,(718) 825-9152,Douglas Elliman,Douglas Elliman,New Rochelle,New Rochelle,NY,11361,24,50,50,35040999,3.3,B,99,Website Lead,Independent,2026-10-04T15:19:54Z
CREAM-20261004-00575,Arthur Castillo,Arthur Castillo,Arthur,Castillo,arthurc@re/max.com,(212) 313-6773,RE/MAX,RE/MAX,Akron,Akron,OH,44416,0,2,2,476302,4.6,B,63,MLS Database,Mid-size (11-50 agents),2026-10-04T03:22:47Z
CREAM-20261004-00576,James Castillo,James Castillo,James,Castillo,jamescastillo@aol.com,(704) 408-1371,Coldwell Banker,Coldwell Banker,Akron,Akron,OH,45480,3,13,13,2463682,4.6,B,86,Website Lead,Independent,2026-10-04T01:42:34Z
CREAM-20261004-00577,Ruth Williams,Ruth Williams,Ruth,Williams,ruthw@outlook.com,(214) 669-4029,Coldwell Banker,Coldwell Banker,Glendale,Glendale,AZ,86867,25,51,51,16917207,3.9,B,77,LinkedIn,Large (51-200 agents),2026-10-04T18:31:02Z
CREAM-20261004-00578,Donald Diaz,Donald Diaz,Donald,Diaz,donaldd@howardhanna.com,(234) 549-6548,Howard Hanna,Howard Hanna,Cary,Cary,NC,27384,20,52,52,16473177,3.5,B,76,Website Lead,Independent,2026-10-04T16:00:02Z
CREAM-20261004-00579,Shirley Adams,Shirley Adams,Shirley,Adams,shirley.adams@icloud.com,(512) 892-1461,Pacific Sotheby's,Pacific Sotheby's,Stockton,Stockton,CA,95754,13,37,37,31787690,4.5,B,95,Website Lead,Independent,2026-10-04T22:03:34Z
CREAM-20261004-00580,Carolyn Lee,Carolyn Lee,Carolyn,Lee,clee@longrealty.com,(916) 200-1649,Long Realty,Long Realty,Chandler,Chandler,AZ,86558,4,20,20,7134524,5.0,B,62,Referral Network,Boutique (2-10 agents),2026-10-04T02:37:13Z
CREAM-20261004-00581,Ashley Chavez,Ashley Chavez,Ashley,Chavez,achavez@gmail.com,(786) 317-5818,Coldwell Banker,Coldwell Banker,Arvada,Arvada,CO,81335,4,14,14,7856143,3.7,B,88,LinkedIn,Mid-size (11-50 agents),2026-10-04T14:20:49Z
CREAM-20261004-00582,Julia White,Julia White,Julia,White,juliawhite@me.com,(980) 830-2500,Coldwell Banker,Coldwell Banker,Hialeah,Hialeah,FL,32736,9,32,32,15932756,4.1,B,76,Facebook,Independent,2026-10-04T22:15:51Z
CREAM-20261004-00583,Gary Gomez,Gary Gomez,Gary,Gomez,gary.gomez@exprealty.com,(714) 858-1408,eXp Realty,eXp Realty,Anaheim,Anaheim,CA,95472,21,53,53,40430564,4.0,B,85,Brokerage Listings,Enterprise (200+ agents),2026-10-04T11:33:00Z
CREAM-20261004-00584,Helen Lee,Helen Lee,Helen,Lee,helen_lee@icloud.com,(919) 600-6210,Howard Hanna,Howard Hanna,Winston-Salem,Winston-Salem,NC,28729,5,21,21,6721350,3.4,B,77,Brokerage Listings,Boutique (2-10 agents),2026-10-04T03:19:01Z
CREAM-20261004-00585,Melissa Ward,Melissa Ward,Melissa,Ward,mward@aol.com,(646) 313-1865,Sotheby's International,Sotheby's International,Stockton,Stockton,CA,92280,25,61,61,58847450,4.6,B,63,Referral Network,Boutique (2-10 agents),2026-10-04T03:51:42Z
CREAM-20261004-00586,Michelle Carter,Michelle Carter,Michelle,Carter,michellecarter@outlook.com,(919) 789-7557,Douglas Elliman,Douglas Elliman,Cape Coral,Cape Coral,FL,34352,5,20,20,7468379,3.2,B,74,Website Lead,Enterprise (200+ agents),2026-10-04T03:19:13Z
CREAM-20261004-00587,Jason Davis,Jason Davis,Jason,Davis,jasond@sothebysinternational.com,(614) 767-8548,Sotheby's International,Sotheby's International,Chula Vista,Chula Vista,CA,90233,5,22,22,14359644,4.3,B,70,LinkedIn,Large (51-200 agents),2026-10-04T18:12:18Z
CREAM-20261004-00588,Natalie Martin,Natalie Martin,Natalie,Martin,nmartin@icloud.com,(404) 844-5720,Coldwell Banker,Coldwell Banker,Winston-Salem,Winston-Salem,NC,27942,0,0,0,0,3.2,B,95,Brokerage Listings,Large (51-200 agents),2026-10-04T02:50:57Z
CREAM-20261004-00589,Christopher Torres,Christopher Torres,Christopher,Torres,christophertorres@icloud.com,(614) 436-2535,RE/MAX,RE/MAX,Chula Vista,Chula Vista,CA,91768,3,21,21,18853387,4.5,B,80,MLS Database,Boutique (2-10 agents),2026-10-04T16:20:44Z
CREAM-20261004-00590,Roger Adams,Roger Adams,Roger,Adams,radams@aol.com,(212) 510-1172,Keller Williams,Keller Williams,Glendale,Glendale,AZ,86848,20,50,50,25529746,3.5,B,74,Facebook,Mid-size (11-50 agents),2026-10-04T01:13:08Z
CREAM-20261004-00591,Mary Fisher,Mary Fisher,Mary,Fisher,mary_fisher@aol.com,(256) 553-7742,Compass,Compass,Chula Vista,Chula Vista,CA,91426,24,54,54,40535911,4.7,B,68,Trade Show,Large (51-200 agents),2026-10-04T05:13:58Z
CREAM-20261004-00592,Carolyn Jones,Carolyn Jones,Carolyn,Jones,carolynj@icloud.com,(980) 832-4884,Berkshire Hathaway,Berkshire Hathaway,Glendale,Glendale,AZ,86436,2,10,10,4187044,3.5,B,89,LinkedIn,Boutique (2-10 agents),2026-10-04T17:54:10Z
CREAM-20261004-00593,Joseph Fisher,Joseph Fisher,Joseph,Fisher,jfisher@outlook.com,(720) 283-8376,Berkshire Hathaway,Berkshire Hathaway,Corpus Christi,Corpus Christi,TX,76333,9,33,33,8424282,3.3,B,83,NAR Directory,Enterprise (200+ agents),2026-10-04T06:02:31Z
CREAM-20261004-00594,Steven Peterson,Steven Peterson,Steven,Peterson,stevenp@gmail.com,(310) 696-9319,Century 21,Century 21,Port St. Lucie,Port St. Lucie,FL,32364,1,10,10,3181068,4.3,B,93,LinkedIn,Large (51-200 agents),2026-10-04T01:11:49Z
CREAM-20261004-00595,Heather Rogers,Heather Rogers,Heather,Rogers,heatherr@berkshirehathaway.com,(214) 938-9923,Berkshire Hathaway,Berkshire Hathaway,Port St. Lucie,Port St. Lucie,FL,32917,11,25,25,12010951,4.6,B,71,Realtor.com,Mid-size (11-50 agents),2026-10-04T10:31:17Z
CREAM-20261004-00596,Amy Harris,Amy Harris,Amy,Harris,amyh@alliebethallman.com,(718) 285-5907,Allie Beth Allman,Allie Beth Allman,Lubbock,Lubbock,TX,78124,20,30,30,8081458,5.0,B,97,LinkedIn,Mid-size (11-50 agents),2026-10-04T09:44:17Z
CREAM-20261004-00597,Martha Fisher,Martha Fisher,Martha,Fisher,marthaf@hotmail.com,(407) 716-8443,eXp Realty,eXp Realty,Durham,Durham,NC,28629,24,77,77,29405111,3.7,B,86,MLS Database,Enterprise (200+ agents),2026-10-04T20:26:25Z
CREAM-20261004-00598,Jack Turner,Jack Turner,Jack,Turner,jackt@gmail.com,(718) 951-7708,Keller Williams,Keller Williams,Amarillo,Amarillo,TX,78630,20,55,55,17047614,3.7,B,90,Trade Show,Boutique (2-10 agents),2026-10-04T00:35:22Z
CREAM-20261004-00599,Debra Anderson,Debra Anderson,Debra,Anderson,danderson@outlook.com,(303) 375-8302,Coldwell Banker,Coldwell Banker,Chandler,Chandler,AZ,86347,1,6,6,2943475,4.7,B,90,Realtor.com,Boutique (2-10 agents),2026-10-04T21:03:28Z
CREAM-20261004-00600,Robert Cooper,Robert Cooper,Robert,Cooper,robert_cooper@icloud.com,(512) 498-9940,Briggs Freeman Sotheby's,Briggs Freeman Sotheby's,Arlington,Arlington,TX,77811,0,3,3,994560,3.2,B,97,Brokerage Listings,Large (51-200 agents),2026-10-04T08:18:42Z
CREAM-20261004-00601,Olivia Harris,Olivia Harris,Olivia,Harris,oharris@douglaselliman.com,(720) 209-5321,Douglas Elliman,Douglas Elliman,Buffalo,Buffalo,NY,10175,5,22,22,17387076,3.9,B,95,Facebook,Mid-size (11-50 agents),2026-10-04T05:44:43Z
CREAM-20261004-00602,Jessica Jenkins,Jessica Jenkins,Jessica,Jenkins,jessica.jenkins@yahoo.com,(305) 575-9364,Keller Williams,Keller Williams,Winston-Salem,Winston-Salem,NC,28868,1,10,10,3454738,3.0,B,83,Referral Network,Independent,2026-10-04T17:25:27Z
CREAM-20261004-00603,Michael Cooper,Michael Cooper,Michael,Cooper,michael.cooper@homesmart.com,(718) 380-2797,HomeSmart,HomeSmart,Gilbert,Gilbert,AZ,85572,5,20,20,7859868,4.3,B,95,MLS Database,Large (51-200 agents),2026-10-04T20:47:27Z
CREAM-20261004-00604,Daniel Reyes,Daniel Reyes,Daniel,Reyes,danielr@outlook.com,(646) 329-8534,Berkshire Hathaway,Berkshire Hathaway,Hollywood,Hollywood,FL,34505,4,12,12,4227385,3.5,B,83,Facebook,Enterprise (200+ agents),2026-10-04T03:39:42Z
CREAM-20261004-00605,Natalie Alvarez,Natalie Alvarez,Natalie,Alvarez,nataliealvarez@outlook.com,(469) 974-8811,Berkshire Hathaway,Berkshire Hathaway,Durham,Durham,NC,27629,25,52,52,17285604,3.7,B,88,Trade Show,Large (51-200 agents),2026-10-04T01:22:07Z
CREAM-20261004-00606,Anthony Long,Anthony Long,Anthony,Long,along@yahoo.com,(805) 294-4959,Keller Williams Realty,Keller Williams Realty,Riverside,Riverside,CA,96430,14,25,25,24615816,3.5,B,78,Cold Outreach,Mid-size (11-50 agents),2026-10-04T23:30:29Z
CREAM-20261004-00607,Catherine Brooks,Catherine Brooks,Catherine,Brooks,catherine.brooks@berkshirehathaway.com,(646) 652-8754,Berkshire Hathaway,Berkshire Hathaway,Cape Coral,Cape Coral,FL,33600,24,31,31,11829988,4.8,B,68,Realtor.com,Boutique (2-10 agents),2026-10-04T16:08:14Z
CREAM-20261004-00608,Mark Long,Mark Long,Mark,Long,markl@outlook.com,(469) 277-9279,Brown Harris Stevens,Brown Harris Stevens,Yonkers,Yonkers,NY,14594,1,10,10,6083855,4.6,B,79,Trade Show,Large (51-200 agents),2026-10-04T14:05:45Z
CREAM-20261004-00609,Danielle Lopez,Danielle Lopez,Danielle,Lopez,daniellelopez@aol.com,(718) 983-1680,eXp Realty,eXp Realty,Hollywood,Hollywood,FL,33819,21,52,52,16184076,3.9,B,83,Cold Outreach,Boutique (2-10 agents),2026-10-04T02:54:48Z
CREAM-20261004-00610,Brandon Bennett,Brandon Bennett,Brandon,Bennett,bbennett@aol.com,(404) 962-1799,Allen Tate,Allen Tate,Cary,Cary,NC,28319,4,21,21,7640131,4.5,B,94,MLS Database,Enterprise (200+ agents),2026-10-04T07:42:56Z
CREAM-20261004-00611,Christine Rivera,Christine Rivera,Christine,Rivera,christine_rivera@aol.com,(704) 475-9178,eXp Realty,eXp Realty,Riverside,Riverside,CA,94867,24,35,35,34964599,3.2,B,86,Cold Outreach,Boutique (2-10 agents),2026-10-04T18:23:09Z
CREAM-20261004-00612,Megan Bennett,Megan Bennett,Megan,Bennett,megan_bennett@gmail.com,(404) 644-4006,Berkshire Hathaway,Berkshire Hathaway,Lubbock,Lubbock,TX,75597,23,60,60,21141803,3.4,B,82,LinkedIn,Large (51-200 agents),2026-10-04T21:48:03Z
CREAM-20261004-00613,Gregory Cox,Gregory Cox,Gregory,Cox,gregory_cox@aol.com,(404) 268-4405,Allie Beth Allman,Allie Beth Allman,Irving,Irving,TX,78916,1,11,11,4823734,4.8,B,97,Referral Network,Boutique (2-10 agents),2026-10-04T04:25:42Z
CREAM-20261004-00614,Gary Turner,Gary Turner,Gary,Turner,gturner@compass.com,(512) 801-4367,Compass,Compass,Lakewood,Lakewood,CO,81501,3,18,18,10552952,4.3,B,69,Cold Outreach,Boutique (2-10 agents),2026-10-04T22:31:48Z
CREAM-20261004-00615,Alan Patel,Alan Patel,Alan,Patel,apatel@aol.com,(310) 574-7925,RE/MAX,RE/MAX,Pembroke Pines,Pembroke Pines,FL,33930,2,12,12,5442741,3.2,B,64,Cold Outreach,Boutique (2-10 agents),2026-10-04T10:51:41Z
CREAM-20261004-00616,Joseph Anderson,Joseph Anderson,Joseph,Anderson,josepha@icloud.com,(305) 637-5906,eXp Realty,eXp Realty,Chula Vista,Chula Vista,CA,96958,4,11,11,9314079,4.8,B,67,Realtor.com,Independent,2026-10-04T10:35:03Z
CREAM-20261004-00617,Ralph Baker,Ralph Baker,Ralph,Baker,ralphb@compass.com,(512) 470-2815,Compass,Compass,Santa Ana,Santa Ana,CA,95803,12,51,51,30834085,3.7,B,63,LinkedIn,Independent,2026-10-04T03:58:18Z
CREAM-20261004-00618,Rose Sanchez,Rose Sanchez,Rose,Sanchez,rosesanchez@yahoo.com,(646) 542-1440,Allen Tate,Allen Tate,Winston-Salem,Winston-Salem,NC,27930,16,78,78,34620747,3.6,B,93,Referral Network,Mid-size (11-50 agents),2026-10-04T12:41:55Z
CREAM-20261004-00619,Kevin Young,Kevin Young,Kevin,Young,kevin.young@yahoo.com,(234) 420-3595,RE/MAX,RE/MAX,Winston-Salem,Winston-Salem,NC,28157,18,73,73,20178699,4.4,B,71,Trade Show,Boutique (2-10 agents),2026-10-04T20:12:08Z
CREAM-20261004-00620,Bruce Hughes,Bruce Hughes,Bruce,Hughes,bruceh@gmail.com,(212) 300-2690,Pacific Sotheby's,Pacific Sotheby's,Chula Vista,Chula Vista,CA,90414,19,34,34,20364833,3.4,B,83,MLS Database,Boutique (2-10 agents),2026-10-04T17:50:43Z
CREAM-20261004-00621,Kevin Harris,Kevin Harris,Kevin,Harris,kharris@exprealty.com,(305) 612-9053,eXp Realty,eXp Realty,Cape Coral,Cape Coral,FL,34112,12,76,76,23595158,3.3,B,94,LinkedIn,Mid-size (11-50 agents),2026-10-04T22:55:06Z
CREAM-20261004-00622,Barbara Young,Barbara Young,Barbara,Young,barbarayoung@hotmail.com,(972) 556-2436,HomeSmart,HomeSmart,Glendale,Glendale,AZ,86345,10,40,40,12033580,4.5,B,97,NAR Directory,Enterprise (200+ agents),2026-10-04T17:27:45Z
CREAM-20261004-00623,Ryan Rivera,Ryan Rivera,Ryan,Rivera,ryanr@kellerwilliams.com,(919) 753-9464,Keller Williams,Keller Williams,Glendale,Glendale,AZ,86105,15,35,35,18310552,3.1,B,96,MLS Database,Mid-size (11-50 agents),2026-10-04T17:43:59Z
CREAM-20261004-00624,Laura Hughes,Laura Hughes,Laura,Hughes,laura_hughes@outlook.com,(929) 528-9794,RE/MAX,RE/MAX,Tempe,Tempe,AZ,86387,0,2,2,879771,4.9,B,85,Brokerage Listings,Independent,2026-10-04T05:02:48Z
CREAM-20261004-00625,Cynthia Watson,Cynthia Watson,Cynthia,Watson,cynthia.watson@aol.com,(602) 242-2154,eXp Realty,eXp Realty,Port St. Lucie,Port St. Lucie,FL,33460,19,80,80,41010401,5.0,B,67,Realtor.com,Enterprise (200+ agents),2026-10-04T08:56:46Z
CREAM-20261004-00626,Betty Jimenez,Betty Jimenez,Betty,Jimenez,betty_jimenez@gmail.com,(646) 614-7692,eXp Realty,eXp Realty,Chandler,Chandler,AZ,85643,25,65,65,26905956,3.2,B,69,Brokerage Listings,Independent,2026-10-04T22:27:20Z
CREAM-20261004-00627,Louis Patel,Louis Patel,Louis,Patel,louis_patel@hotmail.com,(805) 489-5669,Compass,Compass,Hollywood,Hollywood,FL,34156,18,78,78,38709096,3.9,B,86,Trade Show,Mid-size (11-50 agents),2026-10-04T05:53:54Z
CREAM-20261004-00628,Steven Ramos,Steven Ramos,Steven,Ramos,stevenramos@aol.com,(646) 227-4656,Compass,Compass,Thornton,Thornton,CO,80457,25,56,56,28883594,3.3,B,97,MLS Database,Boutique (2-10 agents),2026-10-04T21:52:23Z
CREAM-20261004-00629,Susan King,Susan King,Susan,King,susan_king@icloud.com,(512) 497-9140,Berkshire Hathaway,Berkshire Hathaway,Lakewood,Lakewood,CO,80787,12,76,76,53892682,4.7,B,84,Referral Network,Large (51-200 agents),2026-10-04T06:00:15Z
CREAM-20261004-00630,Joshua Ortiz,Joshua Ortiz,Joshua,Ortiz,joshuaortiz@icloud.com,(513) 694-1063,Pacific Sotheby's,Pacific Sotheby's,Stockton,Stockton,CA,90445,15,64,64,56829307,3.8,B,67,Referral Network,Independent,2026-10-04T23:38:51Z
CREAM-20261004-00631,Jack Diaz,Jack Diaz,Jack,Diaz,jdiaz@yahoo.com,(334) 537-1051,Berkshire Hathaway,Berkshire Hathaway,Cape Coral,Cape Coral,FL,32394,21,70,70,27985572,4.5,B,74,NAR Directory,Independent,2026-10-04T18:51:13Z
CREAM-20261004-00632,Jeffrey Watson,Jeffrey Watson,Jeffrey,Watson,jeffreyw@gmail.com,(805) 631-2643,Berkshire Hathaway HomeServices,Berkshire Hathaway HomeServices,Anaheim,Anaheim,CA,96517,4,20,20,15105962,3.3,B,86,Brokerage Listings,Independent,2026-10-04T10:56:28Z
CREAM-20261004-00633,Nicholas Martin,Nicholas Martin,Nicholas,Martin,nicholasm@aol.com,(512) 666-8490,Berkshire Hathaway,Berkshire Hathaway,Thornton,Thornton,CO,80974,4,24,24,11296045,4.7,B,95,Trade Show,Boutique (2-10 agents),2026-10-04T17:57:14Z
CREAM-20261004-00634,Sandra Powell,Sandra Powell,Sandra,Powell,sandra.powell@pacificsothebys.com,(334) 465-9778,Pacific Sotheby's,Pacific Sotheby's,Santa Ana,Santa Ana,CA,90596,14,58,58,39067229,4.5,B,74,Referral Network,Enterprise (200+ agents),2026-10-04T16:17:27Z
CREAM-20261004-00635,Gary Davis,Gary Davis,Gary,Davis,garydavis@icloud.com,(714) 294-8333,Keller Williams Realty,Keller Williams Realty,Hollywood,Hollywood,FL,33876,17,28,28,15037750,4.6,B,68,MLS Database,Independent,2026-10-04T11:52:56Z
CREAM-20261004-00636,Samantha Alexander,Samantha Alexander,Samantha,Alexander,samantha.alexander@hotmail.com,(404) 218-4975,Long Realty,Long Realty,Chandler,Chandler,AZ,86435,7,33,33,11804053,4.8,B,71,Brokerage Listings,Boutique (2-10 agents),2026-10-04T06:20:33Z
CREAM-20261004-00637,Eric Edwards,Eric Edwards,Eric,Edwards,eedwards@gmail.com,(919) 232-7226,Keller Williams,Keller Williams,Parma,Parma,OH,44964,20,77,77,19728362,4.1,B,96,Website Lead,Mid-size (11-50 agents),2026-10-04T22:10:32Z
CREAM-20261004-00638,Charles Diaz,Charles Diaz,Charles,Diaz,charlesd@corcorangroup.com,(334) 832-3478,Corcoran Group,Corcoran Group,New Rochelle,New Rochelle,NY,11745,24,57,57,28969108,3.9,B,63,LinkedIn,Mid-size (11-50 agents),2026-10-04T22:36:13Z
CREAM-20261004-00639,Kimberly Rogers,Kimberly Rogers,Kimberly,Rogers,kimberlyr@hotmail.com,(214) 545-3460,Keller Williams Realty,Keller Williams Realty,Port St. Lucie,Port St. Lucie,FL,34317,2,6,6,2248415,4.4,B,94,MLS Database,Enterprise (200+ agents),2026-10-04T20:17:10Z
CREAM-20261004-00640,Gloria Price,Gloria Price,Gloria,Price,gprice@coldwellbanker.com,(614) 283-9139,Coldwell Banker,Coldwell Banker,Santa Ana,Santa Ana,CA,91811,1,11,11,11083659,4.8,B,70,MLS Database,Enterprise (200+ agents),2026-10-04T07:37:46Z
CREAM-20261004-00641,Lauren Gray,Lauren Gray,Lauren,Gray,lgray@me.com,(805) 684-7329,Brown Harris Stevens,Brown Harris Stevens,New Rochelle,New Rochelle,NY,11541,0,1,1,621761,3.7,B,79,NAR Directory,Boutique (2-10 agents),2026-10-04T10:25:36Z
CREAM-20261004-00642,Juan Allen,Juan Allen,Juan,Allen,jallen@berkshirehathaway.com,(334) 634-3558,Berkshire Hathaway,Berkshire Hathaway,Amarillo,Amarillo,TX,77974,16,70,70,27365685,4.3,B,67,Trade Show,Enterprise (200+ agents),2026-10-04T05:14:53Z
CREAM-20261004-00643,Pamela Sanders,Pamela Sanders,Pamela,Sanders,pamela.sanders@kellerwilliams.com,(404) 549-7842,Keller Williams,Keller Williams,Cary,Cary,NC,28143,21,80,80,33332212,3.5,B,95,Cold Outreach,Independent,2026-10-04T20:14:04Z
CREAM-20261004-00644,Dennis Myers,Dennis Myers,Dennis,Myers,dennis_myers@outlook.com,(512) 681-2214,Nest Seekers,Nest Seekers,New Rochelle,New Rochelle,NY,11143,0,0,0,0,3.1,B,97,MLS Database,Enterprise (200+ agents),2026-10-04T05:33:28Z
CREAM-20261004-00645,Kenneth Thompson,Kenneth Thompson,Kenneth,Thompson,kenneth.thompson@gmail.com,(513) 434-7367,Coldwell Banker,Coldwell Banker,Hollywood,Hollywood,FL,32632,23,63,63,28356207,3.8,B,72,Brokerage Listings,Mid-size (11-50 agents),2026-10-04T16:30:22Z
CREAM-20261004-00646,Sharon Flores,Sharon Flores,Sharon,Flores,sflores@exprealty.com,(303) 834-4655,eXp Realty,eXp Realty,Bakersfield,Bakersfield,CA,94270,11,57,57,39636816,4.5,B,87,Website Lead,Mid-size (11-50 agents),2026-10-04T21:46:51Z
CREAM-20261004-00647,Amber Collins,Amber Collins,Amber,Collins,amberc@hotmail.com,(714) 272-6425,Douglas Elliman,Douglas Elliman,New Rochelle,New Rochelle,NY,12158,0,3,3,1376278,4.0,B,64,LinkedIn,Mid-size (11-50 agents),2026-10-04T12:26:09Z
CREAM-20261004-00648,Edward Sullivan,Edward Sullivan,Edward,Sullivan,edwardsullivan@me.com,(469) 410-9256,Coldwell Banker,Coldwell Banker,Cary,Cary,NC,28916,4,13,13,3656846,4.0,B,96,LinkedIn,Enterprise (200+ agents),2026-10-04T02:58:58Z
CREAM-20261004-00649,Charles Wilson,Charles Wilson,Charles,Wilson,charlesw@re/max.com,(720) 911-5674,RE/MAX,RE/MAX,Dayton,Dayton,OH,45858,0,5,5,1039821,4.5,B,71,MLS Database,Large (51-200 agents),2026-10-04T06:31:36Z
CREAM-20261004-00650,Maria Nguyen,Maria Nguyen,Maria,Nguyen,maria.nguyen@yahoo.com,(512) 991-7300,eXp Realty,eXp Realty,Dayton,Dayton,OH,44893,13,56,56,12446576,4.0,B,70,Referral Network,Enterprise (200+ agents),2026-10-04T07:30:44Z
CREAM-20261004-00651,Kimberly Lopez,Kimberly Lopez,Kimberly,Lopez,klopez@gmail.com,(214) 264-8755,eXp Realty,eXp Realty,Irving,Irving,TX,76843,9,36,36,14088588,3.5,B,81,LinkedIn,Independent,2026-10-04T00:30:33Z
CREAM-20261004-00652,Tyler Peterson,Tyler Peterson,Tyler,Peterson,tyler.peterson@exprealty.com,(713) 244-8205,eXp Realty,eXp Realty,Hialeah,Hialeah,FL,34184,2,11,11,3941472,4.4,B,71,Website Lead,Independent,2026-10-04T18:36:44Z
CREAM-20261004-00653,Amber Thompson,Amber Thompson,Amber,Thompson,ambert@nestseekers.com,(469) 669-2001,Nest Seekers,Nest Seekers,Yonkers,Yonkers,NY,11819,5,18,18,13874385,4.2,B,71,NAR Directory,Independent,2026-10-04T18:46:24Z
CREAM-20261004-00654,Nancy Young,Nancy Young,Nancy,Young,nyoung@kellerwilliamsrealty.com,(512) 553-1333,Keller Williams Realty,Keller Williams Realty,Port St. Lucie,Port St. Lucie,FL,33383,4,16,16,5380398,3.7,B,80,MLS Database,Enterprise (200+ agents),2026-10-04T23:44:00Z
CREAM-20261004-00655,Nicole Carter,Nicole Carter,Nicole,Carter,nicole_carter@outlook.com,(929) 975-8053,RE/MAX,RE/MAX,Cary,Cary,NC,28656,16,67,67,28315129,3.6,B,86,MLS Database,Enterprise (200+ agents),2026-10-04T22:36:21Z
CREAM-20261004-00656,Donna Lopez,Donna Lopez,Donna,Lopez,dlopez@outlook.com,(972) 797-9283,Long Realty,Long Realty,Glendale,Glendale,AZ,85614,16,76,76,39536999,3.9,B,63,MLS Database,Enterprise (200+ agents),2026-10-04T07:34:26Z
CREAM-20261004-00657,Wayne Hernandez,Wayne Hernandez,Wayne,Hernandez,wayne_hernandez@yahoo.com,(972) 639-4831,Berkshire Hathaway HomeServices,Berkshire Hathaway HomeServices,Bakersfield,Bakersfield,CA,91522,1,3,3,2126977,4.0,B,60,Realtor.com,Independent,2026-10-04T03:57:23Z
CREAM-20261004-00658,Brenda Gray,Brenda Gray,Brenda,Gray,brendag@corcorangroup.com,(303) 217-6078,Corcoran Group,Corcoran Group,Syracuse,Syracuse,NY,11643,0,0,0,0,3.1,B,87,Facebook,Enterprise (200+ agents),2026-10-04T01:22:30Z
CREAM-20261004-00659,Mary Sanchez,Mary Sanchez,Mary,Sanchez,mary.sanchez@hotmail.com,(305) 724-6744,Berkshire Hathaway HomeServices,Berkshire Hathaway HomeServices,Santa Ana,Santa Ana,CA,91499,14,78,78,78008579,4.0,B,87,Realtor.com,Independent,2026-10-04T13:08:38Z
CREAM-20261004-00660,Karen Alexander,Karen Alexander,Karen,Alexander,karen.alexander@icloud.com,(714) 661-3670,Pacific Sotheby's,Pacific Sotheby's,Santa Ana,Santa Ana,CA,94770,6,37,37,24499901,4.4,B,90,Facebook,Mid-size (11-50 agents),2026-10-04T08:06:22Z
CREAM-20261004-00661,Justin Hughes,Justin Hughes,Justin,Hughes,jhughes@hotmail.com,(720) 583-7965,Coldwell Banker,Coldwell Banker,Arvada,Arvada,CO,81738,5,15,15,9964424,3.1,B,62,Realtor.com,Large (51-200 agents),2026-10-04T15:17:00Z
CREAM-20261004-00662,Pamela Long,Pamela Long,Pamela,Long,pamelal@8zrealestate.com,(916) 229-3284,8z Real Estate,8z Real Estate,Lakewood,Lakewood,CO,81403,6,28,28,16732450,4.2,B,79,MLS Database,Independent,2026-10-04T12:33:27Z
CREAM-20261004-00663,Kathleen Perry,Kathleen Perry,Kathleen,Perry,kathleenp@icloud.com,(919) 652-2606,Compass,Compass,Thornton,Thornton,CO,80348,5,24,24,12923879,3.0,B,94,Realtor.com,Large (51-200 agents),2026-10-04T04:28:12Z
CREAM-20261004-00664,Gloria Roberts,Gloria Roberts,Gloria,Roberts,gloria_roberts@me.com,(916) 314-6962,Douglas Elliman,Douglas Elliman,Hialeah,Hialeah,FL,34859,2,12,12,5388640,3.1,B,97,LinkedIn,Mid-size (11-50 agents),2026-10-04T04:30:57Z
CREAM-20261004-00665,Steven Jackson,Steven Jackson,Steven,Jackson,stevenj@berkshirehathaway.com,(972) 878-1665,Berkshire Hathaway,Berkshire Hathaway,Thornton,Thornton,CO,80224,9,18,18,8666147,4.2,B,68,Facebook,Enterprise (200+ agents),2026-10-04T15:47:07Z
CREAM-20261004-00666,Juan Rivera,Juan Rivera,Juan,Rivera,juan_rivera@hotmail.com,(404) 462-9859,eXp Realty,eXp Realty,Winston-Salem,Winston-Salem,NC,28444,4,24,24,10386919,3.7,B,78,MLS Database,Enterprise (200+ agents),2026-10-04T06:40:34Z
CREAM-20261004-00667,Laura Powell,Laura Powell,Laura,Powell,laurap@gmail.com,(972) 936-8072,Berkshire Hathaway,Berkshire Hathaway,Glendale,Glendale,AZ,85952,2,6,6,3005304,4.8,B,86,Website Lead,Large (51-200 agents),2026-10-04T06:22:29Z
CREAM-20261004-00668,Charles Evans,Charles Evans,Charles,Evans,charles.evans@coldwellbanker.com,(713) 334-2160,Coldwell Banker,Coldwell Banker,Gilbert,Gilbert,AZ,85745,1,10,10,5109876,3.4,B,77,MLS Database,Mid-size (11-50 agents),2026-10-04T19:25:56Z
CREAM-20261004-00669,Amber Rodriguez,Amber Rodriguez,Amber,Rodriguez,amber.rodriguez@outlook.com,(980) 617-5929,RE/MAX,RE/MAX,Chula Vista,Chula Vista,CA,90148,2,11,11,11909740,3.5,B,90,Facebook,Enterprise (200+ agents),2026-10-04T08:15:24Z
CREAM-20261004-00670,Olivia Adams,Olivia Adams,Olivia,Adams,oadams@berkshirehathaway.com,(786) 687-6130,Berkshire Hathaway,Berkshire Hathaway,Toledo,Toledo,OH,45986,3,24,24,7682064,3.0,B,100,LinkedIn,Boutique (2-10 agents),2026-10-04T21:27:06Z
CREAM-20261004-00671,Louis Fisher,Louis Fisher,Louis,Fisher,lfisher@re/max.com,(512) 847-6007,RE/MAX,RE/MAX,Pembroke Pines,Pembroke Pines,FL,34266,22,70,70,32519093,4.6,B,83,Brokerage Listings,Mid-size (11-50 agents),2026-10-04T05:37:19Z
CREAM-20261004-00672,Amanda Rodriguez,Amanda Rodriguez,Amanda,Rodriguez,amanda.rodriguez@icloud.com,(980) 310-4773,Keller Williams Realty,Keller Williams Realty,Chula Vista,Chula Vista,CA,92695,22,40,40,32679373,3.0,B,99,LinkedIn,Mid-size (11-50 agents),2026-10-04T21:13:48Z
CREAM-20261004-00673,Paul Perez,Paul Perez,Paul,Perez,pperez@douglaselliman.com,(404) 653-7690,Douglas Elliman,Douglas Elliman,Tallahassee,Tallahassee,FL,32799,0,3,3,1394981,3.4,B,79,NAR Directory,Enterprise (200+ agents),2026-10-04T08:54:59Z
CREAM-20261004-00674,Kevin Jenkins,Kevin Jenkins,Kevin,Jenkins,kjenkins@berkshirehathaway.com,(713) 879-4415,Berkshire Hathaway,Berkshire Hathaway,Thornton,Thornton,CO,81925,18,58,58,25967706,4.7,B,89,Brokerage Listings,Independent,2026-10-04T01:39:51Z
CREAM-20261004-00675,Michael Mendoza,Michael Mendoza,Michael,Mendoza,michael.mendoza@hotmail.com,(407) 260-7352,RE/MAX,RE/MAX,Irving,Irving,TX,75553,14,69,69,23735085,3.4,B,96,Cold Outreach,Large (51-200 agents),2026-10-04T06:37:04Z
CREAM-20261004-00676,Robert Harris,Robert Harris,Robert,Harris,robertharris@me.com,(714) 918-8721,Douglas Elliman,Douglas Elliman,Pembroke Pines,Pembroke Pines,FL,34146,3,14,14,5056264,4.4,B,100,Website Lead,Boutique (2-10 agents),2026-10-04T05:01:44Z
CREAM-20261004-00677,Eugene Johnson,Eugene Johnson,Eugene,Johnson,eugenej@berkshirehathaway.com,(404) 335-9355,Berkshire Hathaway,Berkshire Hathaway,Winston-Salem,Winston-Salem,NC,28886,23,30,30,12978181,3.3,B,99,NAR Directory,Large (51-200 agents),2026-10-04T21:35:32Z
CREAM-20261004-00678,Sandra Ramirez,Sandra Ramirez,Sandra,Ramirez,sandraramirez@hotmail.com,(212) 853-1263,Keller Williams,Keller Williams,Chandler,Chandler,AZ,86543,0,5,5,2422850,4.4,B,92,Realtor.com,Large (51-200 agents),2026-10-04T19:08:32Z
CREAM-20261004-00679,Christine Cook,Christine Cook,Christine,Cook,ccook@me.com,(404) 767-2448,Allie Beth Allman,Allie Beth Allman,Arlington,Arlington,TX,79804,1,3,3,1194803,5.0,B,72,Brokerage Listings,Independent,2026-10-04T00:22:12Z
CREAM-20261004-00680,Deborah Young,Deborah Young,Deborah,Young,dyoung@hotmail.com,(805) 770-2265,Keller Williams,Keller Williams,Dayton,Dayton,OH,44551,19,67,67,21233824,4.7,B,97,NAR Directory,Large (51-200 agents),2026-10-04T06:11:46Z
CREAM-20261004-00681,Rose Gomez,Rose Gomez,Rose,Gomez,rgomez@exprealty.com,(972) 725-3015,eXp Realty,eXp Realty,Glendale,Glendale,AZ,85731,3,17,17,6966600,4.3,B,76,Cold Outreach,Mid-size (11-50 agents),2026-10-04T03:28:30Z
CREAM-20261004-00682,Edward Gomez,Edward Gomez,Edward,Gomez,egomez@me.com,(646) 631-9914,Berkshire Hathaway,Berkshire Hathaway,Chandler,Chandler,AZ,86732,17,52,52,15162284,4.1,B,80,Referral Network,Independent,2026-10-04T06:19:52Z
CREAM-20261004-00683,Rose Jenkins,Rose Jenkins,Rose,Jenkins,rosej@huntingtonrealestate.com,(805) 739-2210,Huntington Real Estate,Huntington Real Estate,Toledo,Toledo,OH,45403,12,58,58,10501647,4.5,B,77,Website Lead,Enterprise (200+ agents),2026-10-04T00:22:06Z
CREAM-20261004-00684,Melissa Coleman,Melissa Coleman,Melissa,Coleman,mcoleman@icloud.com,(415) 831-4510,Keller Williams Realty,Keller Williams Realty,Fresno,Fresno,CA,93266,5,13,13,8830973,4.0,B,82,Realtor.com,Enterprise (200+ agents),2026-10-04T13:32:03Z
CREAM-20261004-00685,William Roberts,William Roberts,William,Roberts,wroberts@gmail.com,(256) 539-7979,Berkshire Hathaway,Berkshire Hathaway,Akron,Akron,OH,45938,13,65,65,17668739,4.8,B,62,Website Lead,Boutique (2-10 agents),2026-10-04T16:54:36Z
CREAM-20261004-00686,Olivia Gray,Olivia Gray,Olivia,Gray,oliviag@coldwellbanker.com,(305) 831-7613,Coldwell Banker,Coldwell Banker,Thornton,Thornton,CO,80906,5,22,22,10072623,4.3,B,89,Realtor.com,Independent,2026-10-04T11:09:17Z
CREAM-20261004-00687,Maria Morgan,Maria Morgan,Maria,Morgan,mariamorgan@me.com,(234) 220-1123,Brown Harris Stevens,Brown Harris Stevens,Syracuse,Syracuse,NY,14849,0,3,3,1457416,3.5,B,65,Cold Outreach,Large (51-200 agents),2026-10-04T07:25:33Z
CREAM-20261004-00688,Emma Morales,Emma Morales,Emma,Morales,emma.morales@berkshirehathaway.com,(805) 517-3834,Berkshire Hathaway,Berkshire Hathaway,Tempe,Tempe,AZ,86686,3,12,12,4307282,3.5,B,80,Brokerage Listings,Independent,2026-10-04T14:56:09Z
CREAM-20261004-00689,Alexander Thomas,Alexander Thomas,Alexander,Thomas,alexander_thomas@me.com,(980) 548-3744,Keller Williams,Keller Williams,Albany,Albany,NY,13238,23,65,65,38935768,4.1,B,100,Referral Network,Boutique (2-10 agents),2026-10-04T21:56:59Z
CREAM-20261004-00690,Kimberly Robinson,Kimberly Robinson,Kimberly,Robinson,krobinson@exprealty.com,(614) 379-2893,eXp Realty,eXp Realty,Fayetteville,Fayetteville,NC,28914,19,51,51,21345742,3.5,B,94,NAR Directory,Mid-size (11-50 agents),2026-10-04T11:26:05Z
CREAM-20261004-00691,Jack Perez,Jack Perez,Jack,Perez,jackp@hotmail.com,(614) 276-7000,RE/MAX,RE/MAX,Pembroke Pines,Pembroke Pines,FL,34317,5,23,23,7375489,3.2,B,65,Facebook,Independent,2026-10-04T13:33:21Z
CREAM-20261004-00692,Brenda Hernandez,Brenda Hernandez,Brenda,Hernandez,bhernandez@outlook.com,(469) 230-5147,HomeSmart,HomeSmart,Chandler,Chandler,AZ,85311,2,3,3,1316549,3.6,B,99,Facebook,Large (51-200 agents),2026-10-04T03:00:33Z
CREAM-20261004-00693,Nicholas Robinson,Nicholas Robinson,Nicholas,Robinson,nicholasrobinson@hotmail.com,(919) 283-7494,eXp Realty,eXp Realty,Dayton,Dayton,OH,45892,23,71,71,13098791,3.3,B,66,Trade Show,Mid-size (11-50 agents),2026-10-04T17:46:57Z
CREAM-20261004-00694,Albert Mendoza,Albert Mendoza,Albert,Mendoza,albert.mendoza@sothebysinternational.com,(713) 925-8648,Sotheby's International,Sotheby's International,Riverside,Riverside,CA,90916,16,77,77,84020722,3.2,B,93,Referral Network,Independent,2026-10-04T21:25:27Z
CREAM-20261004-00695,Bruce Gutierrez,Bruce Gutierrez,Bruce,Gutierrez,bruceg@aol.com,(713) 526-7643,Sotheby's International,Sotheby's International,Bakersfield,Bakersfield,CA,94105,9,23,23,18319069,3.9,B,90,Realtor.com,Mid-size (11-50 agents),2026-10-04T17:25:09Z
CREAM-20261004-00696,Shirley Adams,Shirley Adams,Shirley,Adams,shirley.adams@hotmail.com,(919) 380-7625,8z Real Estate,8z Real Estate,Lakewood,Lakewood,CO,81654,9,16,16,6560353,3.6,B,81,Realtor.com,Independent,2026-10-04T17:58:35Z
CREAM-20261004-00697,Juan Patel,Juan Patel,Juan,Patel,juanp@gmail.com,(513) 694-1195,HER Realtors,HER Realtors,Parma,Parma,OH,45513,0,3,3,815009,4.2,B,63,MLS Database,Boutique (2-10 agents),2026-10-04T03:23:27Z
CREAM-20261004-00698,Thomas Mitchell,Thomas Mitchell,Thomas,Mitchell,thomasm@aol.com,(512) 902-8068,RE/MAX,RE/MAX,Chula Vista,Chula Vista,CA,93143,3,24,24,21025092,4.7,B,92,NAR Directory,Enterprise (200+ agents),2026-10-04T18:07:15Z
CREAM-20261004-00699,Walter Perry,Walter Perry,Walter,Perry,walterperry@yahoo.com,(310) 695-9492,eXp Realty,eXp Realty,Winston-Salem,Winston-Salem,NC,27284,23,48,48,18110129,4.4,B,89,MLS Database,Large (51-200 agents),2026-10-04T06:29:19Z
CREAM-20261004-00700,Rebecca Garcia,Rebecca Garcia,Rebecca,Garcia,rebeccagarcia@hotmail.com,(614) 688-9274,RE/MAX,RE/MAX,Irving,Irving,TX,75638,19,64,64,17971727,4.6,B,85,Cold Outreach,Enterprise (200+ agents),2026-10-04T19:29:04Z
CREAM-20261004-00701,Sarah Chavez,Sarah Chavez,Sarah,Chavez,sarah_chavez@outlook.com,(972) 720-4200,eXp Realty,eXp Realty,Fayetteville,Fayetteville,NC,27386,18,31,31,11585564,4.4,B,77,LinkedIn,Large (51-200 agents),2026-10-04T13:40:53Z
CREAM-20261004-00702,Laura Alvarez,Laura Alvarez,Laura,Alvarez,lalvarez@aol.com,(212) 848-5876,Coldwell Banker,Coldwell Banker,Arlington,Arlington,TX,75905,7,38,38,15575837,3.9,B,63,NAR Directory,Independent,2026-10-04T22:35:57Z
CREAM-20261004-00703,Jerry Lee,Jerry Lee,Jerry,Lee,jerryl@kellerwilliamsrealty.com,(929) 762-4313,Keller Williams Realty,Keller Williams Realty,Port St. Lucie,Port St. Lucie,FL,34887,2,8,8,3734371,3.7,B,68,Website Lead,Boutique (2-10 agents),2026-10-04T15:36:46Z
CREAM-20261004-00704,Aaron Jenkins,Aaron Jenkins,Aaron,Jenkins,aaronjenkins@aol.com,(786) 981-3198,Compass,Compass,Syracuse,Syracuse,NY,14520,8,39,39,27159365,4.9,B,69,Brokerage Listings,Independent,2026-10-04T07:53:19Z
CREAM-20261004-00705,Walter Baker,Walter Baker,Walter,Baker,walter.baker@berkshirehathaway.com,(614) 591-2386,Berkshire Hathaway,Berkshire Hathaway,Hialeah,Hialeah,FL,34778,4,18,18,7105909,3.6,B,96,Trade Show,Independent,2026-10-04T09:45:42Z
CREAM-20261004-00706,Bruce Jimenez,Bruce Jimenez,Bruce,Jimenez,bruce_jimenez@outlook.com,(310) 326-4082,Keller Williams Realty,Keller Williams Realty,Port St. Lucie,Port St. Lucie,FL,32347,6,24,24,11520096,4.2,B,99,Realtor.com,Mid-size (11-50 agents),2026-10-04T22:24:26Z
CREAM-20261004-00707,Eric Sanders,Eric Sanders,Eric,Sanders,erics@exprealty.com,(305) 843-9436,eXp Realty,eXp Realty,Winston-Salem,Winston-Salem,NC,27680,10,50,50,21343940,3.3,B,86,Website Lead,Boutique (2-10 agents),2026-10-04T15:20:48Z
CREAM-20261004-00708,Mary Alvarez,Mary Alvarez,Mary,Alvarez,malvarez@longrealty.com,(214) 617-5240,Long Realty,Long Realty,Gilbert,Gilbert,AZ,86333,18,36,36,11723756,4.3,B,60,Trade Show,Independent,2026-10-04T03:58:56Z
CREAM-20261004-00709,Charles Rogers,Charles Rogers,Charles,Rogers,charles.rogers@gmail.com,(513) 207-6607,Coldwell Banker,Coldwell Banker,Riverside,Riverside,CA,91506,23,40,40,37924861,4.3,B,70,LinkedIn,Boutique (2-10 agents),2026-10-04T18:57:14Z
CREAM-20261004-00710,Frank Cruz,Frank Cruz,Frank,Cruz,frank_cruz@yahoo.com,(614) 504-2107,Berkshire Hathaway,Berkshire Hathaway,Fayetteville,Fayetteville,NC,27261,1,6,6,1940952,3.8,B,94,NAR Directory,Large (51-200 agents),2026-10-04T17:26:04Z
CREAM-20261004-00711,Carolyn Clark,Carolyn Clark,Carolyn,Clark,carolyn.clark@gmail.com,(718) 781-1796,Century 21,Century 21,Pembroke Pines,Pembroke Pines,FL,34950,1,6,6,2120499,4.8,B,96,Realtor.com,Independent,2026-10-04T22:42:40Z
CREAM-20261004-00712,Ronald Lee,Ronald Lee,Ronald,Lee,rlee@aol.com,(303) 338-9522,Berkshire Hathaway HomeServices,Berkshire Hathaway HomeServices,Bakersfield,Bakersfield,CA,91903,2,4,4,2759318,4.8,B,92,MLS Database,Boutique (2-10 agents),2026-10-04T01:22:03Z
CREAM-20261004-00713,Anthony Roberts,Anthony Roberts,Anthony,Roberts,anthony_roberts@gmail.com,(214) 992-7191,Keller Williams,Keller Williams,Winston-Salem,Winston-Salem,NC,27916,5,20,20,6613323,3.7,B,62,NAR Directory,Boutique (2-10 agents),2026-10-04T15:49:07Z
CREAM-20261004-00714,Wayne Flores,Wayne Flores,Wayne,Flores,wflores@me.com,(714) 814-5015,Douglas Elliman,Douglas Elliman,Albany,Albany,NY,14196,2,7,7,3950412,4.5,B,83,Website Lead,Mid-size (11-50 agents),2026-10-04T07:51:06Z
CREAM-20261004-00715,Patrick Thomas,Patrick Thomas,Patrick,Thomas,pthomas@douglaselliman.com,(256) 977-7737,Douglas Elliman,Douglas Elliman,Tallahassee,Tallahassee,FL,34892,13,30,30,14619989,5.0,B,75,Realtor.com,Mid-size (11-50 agents),2026-10-04T03:23:34Z
CREAM-20261004-00716,Michael Richardson,Michael Richardson,Michael,Richardson,michaelrichardson@outlook.com,(602) 356-3849,RE/MAX,RE/MAX,Arvada,Arvada,CO,80161,5,17,17,8483648,3.2,B,83,Cold Outreach,Enterprise (200+ agents),2026-10-04T23:00:11Z
CREAM-20261004-00717,Emily Kelly,Emily Kelly,Emily,Kelly,ekelly@exprealty.com,(234) 316-6861,eXp Realty,eXp Realty,Thornton,Thornton,CO,80477,15,31,31,19286677,4.2,B,94,Facebook,Independent,2026-10-04T18:36:32Z
CREAM-20261004-00718,Donald Miller,Donald Miller,Donald,Miller,donaldmiller@yahoo.com,(614) 651-1235,RE/MAX,RE/MAX,Irving,Irving,TX,78816,2,9,9,3218768,3.6,B,71,Realtor.com,Large (51-200 agents),2026-10-04T02:13:49Z
CREAM-20261004-00719,Aaron Myers,Aaron Myers,Aaron,Myers,aaronm@yahoo.com,(786) 607-6161,eXp Realty,eXp Realty,Port St. Lucie,Port St. Lucie,FL,34539,2,9,9,3373947,3.8,B,86,Cold Outreach,Mid-size (11-50 agents),2026-10-04T01:08:35Z
CREAM-20261004-00720,Dorothy Jackson,Dorothy Jackson,Dorothy,Jackson,dorothy_jackson@yahoo.com,(469) 841-9332,Sotheby's International,Sotheby's International,Bakersfield,Bakersfield,CA,90195,24,76,76,62105673,4.4,B,76,Cold Outreach,Large (51-200 agents),2026-10-04T05:49:01Z
CREAM-20261004-00721,Elizabeth Morgan,Elizabeth Morgan,Elizabeth,Morgan,elizabethm@russelllyonsothebys.com,(512) 324-5927,Russell Lyon Sotheby's,Russell Lyon Sotheby's,Gilbert,Gilbert,AZ,86752,0,1,1,495281,3.7,B,95,Brokerage Listings,Boutique (2-10 agents),2026-10-04T18:38:52Z
CREAM-20261004-00722,Timothy Ross,Timothy Ross,Timothy,Ross,tross@howardhanna.com,(305) 286-4070,Howard Hanna,Howard Hanna,Fayetteville,Fayetteville,NC,28791,25,48,48,12115434,4.6,B,71,MLS Database,Enterprise (200+ agents),2026-10-04T04:12:08Z
CREAM-20261004-00723,Barbara Ortiz,Barbara Ortiz,Barbara,Ortiz,barbarao@aol.com,(305) 519-6397,HomeSmart,HomeSmart,Glendale,Glendale,AZ,86247,21,35,35,15153481,3.2,B,71,Facebook,Boutique (2-10 agents),2026-10-04T05:18:01Z
CREAM-20261004-00724,Amber Ortiz,Amber Ortiz,Amber,Ortiz,amber_ortiz@icloud.com,(713) 467-3650,Berkshire Hathaway,Berkshire Hathaway,Arvada,Arvada,CO,80541,12,44,44,23530925,3.0,B,63,Website Lead,Independent,2026-10-04T15:47:34Z
CREAM-20261004-00725,Mary Garcia,Mary Garcia,Mary,Garcia,mary_garcia@outlook.com,(469) 948-4258,Compass,Compass,Buffalo,Buffalo,NY,11861,3,13,13,10083175,4.6,B,75,Trade Show,Mid-size (11-50 agents),2026-10-04T19:26:42Z
CREAM-20261004-00726,Raymond Peterson,Raymond Peterson,Raymond,Peterson,raymondp@8zrealestate.com,(916) 583-4609,8z Real Estate,8z Real Estate,Arvada,Arvada,CO,80437,0,2,2,1209741,3.6,B,66,Referral Network,Enterprise (200+ agents),2026-10-04T03:39:39Z
CREAM-20261004-00727,Richard Wood,Richard Wood,Richard,Wood,richard_wood@hotmail.com,(704) 365-3310,Douglas Elliman,Douglas Elliman,Yonkers,Yonkers,NY,10233,4,13,13,9608972,3.5,B,75,NAR Directory,Independent,2026-10-04T15:11:25Z
CREAM-20261004-00728,Aaron Howard,Aaron Howard,Aaron,Howard,aaronh@compass.com,(212) 405-5026,Compass,Compass,Cape Coral,Cape Coral,FL,34520,23,73,73,34758841,4.7,B,84,Cold Outreach,Boutique (2-10 agents),2026-10-04T04:04:50Z
CREAM-20261004-00729,Brenda Thompson,Brenda Thompson,Brenda,Thompson,brenda.thompson@me.com,(334) 208-6175,Berkshire Hathaway HomeServices,Berkshire Hathaway HomeServices,Riverside,Riverside,CA,90253,0,5,5,5190458,4.3,B,93,Realtor.com,Enterprise (200+ agents),2026-10-04T08:53:34Z
CREAM-20261004-00730,Sarah Price,Sarah Price,Sarah,Price,sarahp@aol.com,(714) 255-6336,RE/MAX,RE/MAX,Dayton,Dayton,OH,44160,4,14,14,4406048,4.4,B,63,Cold Outreach,Enterprise (200+ agents),2026-10-04T19:58:40Z
CREAM-20261004-00731,Angela Murphy,Angela Murphy,Angela,Murphy,amurphy@exprealty.com,(404) 831-7451,eXp Realty,eXp Realty,Anaheim,Anaheim,CA,93668,11,58,58,41422255,3.6,B,66,Website Lead,Independent,2026-10-04T14:45:00Z
CREAM-20261004-00732,Charles Brooks,Charles Brooks,Charles,Brooks,cbrooks@exprealty.com,(334) 326-6074,eXp Realty,eXp Realty,Dayton,Dayton,OH,45849,0,2,2,409399,3.5,B,61,Facebook,Independent,2026-10-04T09:48:02Z
CREAM-20261004-00733,Julia Morgan,Julia Morgan,Julia,Morgan,juliam@coldwellbanker.com,(303) 437-2341,Coldwell Banker,Coldwell Banker,Dayton,Dayton,OH,44198,12,51,51,13679464,3.7,B,71,Facebook,Large (51-200 agents),2026-10-04T19:33:21Z
CREAM-20261004-00734,Carolyn Jenkins,Carolyn Jenkins,Carolyn,Jenkins,carolyn.jenkins@hotmail.com,(415) 979-3318,Keller Williams,Keller Williams,Fayetteville,Fayetteville,NC,28109,12,53,53,14327572,3.2,B,90,Referral Network,Boutique (2-10 agents),2026-10-04T03:33:44Z
CREAM-20261004-00735,Nancy Torres,Nancy Torres,Nancy,Torres,nancy_torres@hotmail.com,(513) 796-1026,Coldwell Banker,Coldwell Banker,Amarillo,Amarillo,TX,79326,1,10,10,3620364,4.3,B,84,Realtor.com,Independent,2026-10-04T21:45:22Z
CREAM-20261004-00736,Aaron Thompson,Aaron Thompson,Aaron,Thompson,aaron.thompson@berkshirehathawayhomeservices.com,(786) 301-1463,Berkshire Hathaway HomeServices,Berkshire Hathaway HomeServices,Riverside,Riverside,CA,92916,22,29,29,19808945,4.5,B,80,Realtor.com,Mid-size (11-50 agents),2026-10-04T21:25:38Z
CREAM-20261004-00737,Donald Foster,Donald Foster,Donald,Foster,donaldfoster@outlook.com,(614) 625-3545,Howard Hanna,Howard Hanna,Winston-Salem,Winston-Salem,NC,27124,3,13,13,5834466,3.5,B,61,Brokerage Listings,Enterprise (200+ agents),2026-10-04T23:20:02Z
CREAM-20261004-00738,Sarah Chavez,Sarah Chavez,Sarah,Chavez,sarah.chavez@exprealty.com,(720) 667-3701,eXp Realty,eXp Realty,Chula Vista,Chula Vista,CA,93857,10,68,68,52298598,3.1,B,74,LinkedIn,Independent,2026-10-04T06:58:53Z
CREAM-20261004-00739,Amber Morris,Amber Morris,Amber,Morris,amorris@howardhanna.com,(256) 307-1829,Howard Hanna,Howard Hanna,Fayetteville,Fayetteville,NC,28366,1,5,5,1508358,4.2,B,99,MLS Database,Mid-size (11-50 agents),2026-10-04T09:51:25Z
CREAM-20261004-00740,Janet Phillips,Janet Phillips,Janet,Phillips,janetp@exprealty.com,(919) 392-3536,eXp Realty,eXp Realty,Thornton,Thornton,CO,80348,3,13,13,9198059,5.0,B,80,Facebook,Independent,2026-10-04T10:28:27Z
CREAM-20261004-00741,Karen Ramos,Karen Ramos,Karen,Ramos,kramos@hotmail.com,(916) 336-1744,8z Real Estate,8z Real Estate,Fort Collins,Fort Collins,CO,81974,0,5,5,3460225,4.3,B,99,Cold Outreach,Enterprise (200+ agents),2026-10-04T16:21:06Z
CREAM-20261004-00742,Cynthia Lee,Cynthia Lee,Cynthia,Lee,cynthial@re/max.com,(404) 582-5633,RE/MAX,RE/MAX,Cary,Cary,NC,28816,12,79,79,20397122,4.9,B,68,Cold Outreach,Large (51-200 agents),2026-10-04T00:22:33Z
CREAM-20261004-00743,Carol Clark,Carol Clark,Carol,Clark,carolc@outlook.com,(469) 937-8391,Keller Williams,Keller Williams,Durham,Durham,NC,28711,1,4,4,1724110,4.7,B,62,NAR Directory,Mid-size (11-50 agents),2026-10-04T04:55:17Z
CREAM-20261004-00744,Keith Ramos,Keith Ramos,Keith,Ramos,kramos@yahoo.com,(805) 320-6027,RE/MAX,RE/MAX,Amarillo,Amarillo,TX,75602,3,23,23,9518686,3.5,B,80,Realtor.com,Enterprise (200+ agents),2026-10-04T06:54:50Z
CREAM-20261004-00745,Cynthia Ortiz,Cynthia Ortiz,Cynthia,Ortiz,cortiz@icloud.com,(919) 965-4104,Keller Williams,Keller Williams,Akron,Akron,OH,45997,5,10,10,2777340,4.5,B,98,Brokerage Listings,Enterprise (200+ agents),2026-10-04T07:15:04Z
CREAM-20261004-00746,Gary Chavez,Gary Chavez,Gary,Chavez,garyc@douglaselliman.com,(310) 549-4852,Douglas Elliman,Douglas Elliman,New Rochelle,New Rochelle,NY,10609,6,36,36,21510874,4.7,B,62,Website Lead,Large (51-200 agents),2026-10-04T21:44:38Z
CREAM-20261004-00747,Samantha Hernandez,Samantha Hernandez,Samantha,Hernandez,samanthah@yahoo.com,(713) 228-8502,Coldwell Banker,Coldwell Banker,Chula Vista,Chula Vista,CA,93960,1,6,6,4603243,3.4,B,96,Referral Network,Boutique (2-10 agents),2026-10-04T01:45:59Z
CREAM-20261004-00748,Philip Smith,Philip Smith,Philip,Smith,philipsmith@icloud.com,(916) 645-5774,Century 21,Century 21,Pembroke Pines,Pembroke Pines,FL,32936,5,10,10,4180155,3.8,B,86,Realtor.com,Enterprise (200+ agents),2026-10-04T03:45:57Z
CREAM-20261004-00749,Emily Stewart,Emily Stewart,Emily,Stewart,estewart@douglaselliman.com,(614) 313-2719,Douglas Elliman,Douglas Elliman,Albany,Albany,NY,14674,7,19,19,13794431,4.3,B,66,Trade Show,Mid-size (11-50 agents),2026-10-04T00:46:33Z
CREAM-20261004-00750,Andrew Moore,Andrew Moore,Andrew,Moore,andrew_moore@me.com,(334) 941-4317,Century 21,Century 21,Tallahassee,Tallahassee,FL,34396,23,57,57,26626412,3.2,B,86,Referral Network,Mid-size (11-50 agents),2026-10-04T02:04:47Z
CREAM-20261004-00751,Donna Howard,Donna Howard,Donna,Howard,donnahoward@me.com,(303) 284-8706,eXp Realty,eXp Realty,Palm Bay,Palm Bay,FL,32452,9,35,35,16235270,3.9,C,78,Facebook,Enterprise (200+ agents),2026-10-04T09:57:30Z
CREAM-20261004-00752,Michael Cooper,Michael Cooper,Michael,Cooper,michael_cooper@outlook.com,(614) 449-1285,Corcoran Group,Corcoran Group,Hempstead,Hempstead,NY,12892,4,20,20,9914940,3.6,C,70,Brokerage Listings,Mid-size (11-50 agents),2026-10-04T22:24:33Z
CREAM-20261004-00753,Samantha Jenkins,Samantha Jenkins,Samantha,Jenkins,samanthajenkins@gmail.com,(303) 320-1732,eXp Realty,eXp Realty,McAllen,McAllen,TX,75788,5,8,8,2881885,3.7,C,96,Referral Network,Mid-size (11-50 agents),2026-10-04T13:25:51Z
CREAM-20261004-00754,Robert Thompson,Robert Thompson,Robert,Thompson,robert_thompson@me.com,(513) 913-4390,Berkshire Hathaway,Berkshire Hathaway,Westminster,Westminster,CO,81581,14,53,53,25113039,3.7,C,62,Brokerage Listings,Independent,2026-10-04T09:18:26Z
CREAM-20261004-00755,Karen Sullivan,Karen Sullivan,Karen,Sullivan,karen.sullivan@kellerwilliams.com,(972) 850-4796,Keller Williams,Keller Williams,Lorain,Lorain,OH,44626,5,14,14,4318912,4.6,C,71,Realtor.com,Independent,2026-10-04T16:50:41Z
CREAM-20261004-00756,Diane Garcia,Diane Garcia,Diane,Garcia,dianeg@coldwellbanker.com,(646) 361-3589,Coldwell Banker,Coldwell Banker,Pasadena,Pasadena,TX,76640,1,6,6,2254524,3.5,C,84,Facebook,Large (51-200 agents),2026-10-04T22:11:24Z
CREAM-20261004-00757,Bruce Scott,Bruce Scott,Bruce,Scott,bruce.scott@me.com,(310) 757-1668,Sotheby's International,Sotheby's International,Irvine,Irvine,CA,90645,21,68,68,67818821,4.4,C,86,Website Lead,Boutique (2-10 agents),2026-10-04T22:24:24Z
CREAM-20261004-00758,Jessica Ross,Jessica Ross,Jessica,Ross,jessica.ross@livsothebys.com,(305) 670-8853,LIV Sotheby's,LIV Sotheby's,Pueblo,Pueblo,CO,80425,1,6,6,2328833,4.9,C,89,MLS Database,Independent,2026-10-04T06:02:16Z
CREAM-20261004-00759,Stephanie Allen,Stephanie Allen,Stephanie,Allen,stephanie_allen@gmail.com,(310) 748-6382,Berkshire Hathaway,Berkshire Hathaway,Concord,Concord,NC,27496,24,60,60,22287983,4.8,C,100,Realtor.com,Boutique (2-10 agents),2026-10-04T16:33:09Z
CREAM-20261004-00760,Gary Clark,Gary Clark,Gary,Clark,gclark@exprealty.com,(303) 369-2175,eXp Realty,eXp Realty,Lorain,Lorain,OH,44668,2,11,11,2470694,4.8,C,74,MLS Database,Boutique (2-10 agents),2026-10-04T22:39:52Z
CREAM-20261004-00761,Donald Perry,Donald Perry,Donald,Perry,donald.perry@re/max.com,(916) 361-4243,RE/MAX,RE/MAX,Hamilton,Hamilton,OH,43661,4,11,11,2533553,4.9,C,97,Website Lead,Independent,2026-10-04T08:51:57Z
CREAM-20261004-00762,Philip Gutierrez,Philip Gutierrez,Philip,Gutierrez,pgutierrez@exprealty.com,(602) 724-5320,eXp Realty,eXp Realty,West Palm Beach,West Palm Beach,FL,33729,3,14,14,6831124,3.5,C,65,Website Lead,Mid-size (11-50 agents),2026-10-04T08:30:21Z
CREAM-20261004-00763,Brittany Green,Brittany Green,Brittany,Green,bgreen@yahoo.com,(512) 835-1869,Brown Harris Stevens,Brown Harris Stevens,Hempstead,Hempstead,NY,11361,5,25,25,15683942,3.7,C,94,Facebook,Mid-size (11-50 agents),2026-10-04T05:08:19Z
CREAM-20261004-00764,Maria Bailey,Maria Bailey,Maria,Bailey,mariabailey@outlook.com,(234) 968-4118,Berkshire Hathaway HomeServices,Berkshire Hathaway HomeServices,Irvine,Irvine,CA,90269,18,29,29,22861242,3.9,C,66,MLS Database,Enterprise (200+ agents),2026-10-04T12:29:15Z
CREAM-20261004-00765,Kimberly Foster,Kimberly Foster,Kimberly,Foster,kimberly_foster@outlook.com,(256) 251-2998,Compass,Compass,Irvine,Irvine,CA,94644,17,25,25,24537332,4.0,C,82,Referral Network,Boutique (2-10 agents),2026-10-04T05:26:31Z
CREAM-20261004-00766,Kenneth Turner,Kenneth Turner,Kenneth,Turner,kenneth.turner@gmail.com,(720) 300-2084,eXp Realty,eXp Realty,Pueblo,Pueblo,CO,81114,1,10,10,4942955,3.5,C,74,LinkedIn,Boutique (2-10 agents),2026-10-04T21:42:59Z
CREAM-20261004-00767,Peter Evans,Peter Evans,Peter,Evans,peter.evans@hotmail.com,(469) 768-3772,RE/MAX,RE/MAX,Brownsville,Brownsville,TX,78365,1,9,9,3076411,4.1,C,72,Cold Outreach,Large (51-200 agents),2026-10-04T20:48:45Z
CREAM-20261004-00768,Melissa Turner,Melissa Turner,Melissa,Turner,melissa_turner@hotmail.com,(212) 732-5788,Cutler Real Estate,Cutler Real Estate,Lorain,Lorain,OH,44492,4,17,17,5236164,3.4,C,75,NAR Directory,Independent,2026-10-04T15:25:40Z
CREAM-20261004-00769,Nicole Hall,Nicole Hall,Nicole,Hall,nicolehall@outlook.com,(720) 254-2351,Sotheby's International,Sotheby's International,Fontana,Fontana,CA,90676,2,6,6,4673091,5.0,C,100,NAR Directory,Mid-size (11-50 agents),2026-10-04T16:42:49Z
CREAM-20261004-00770,Wayne Thompson,Wayne Thompson,Wayne,Thompson,wayne.thompson@berkshirehathaway.com,(713) 477-6277,Berkshire Hathaway,Berkshire Hathaway,Peoria,Peoria,AZ,85548,19,80,80,41879032,3.8,C,74,LinkedIn,Mid-size (11-50 agents),2026-10-04T19:56:54Z
CREAM-20261004-00771,Tyler Watson,Tyler Watson,Tyler,Watson,tyler_watson@gmail.com,(714) 647-3111,Pacific Sotheby's,Pacific Sotheby's,Fremont,Fremont,CA,92893,3,10,10,10526392,4.8,C,81,LinkedIn,Mid-size (11-50 agents),2026-10-04T07:55:48Z
CREAM-20261004-00772,Stephanie Hughes,Stephanie Hughes,Stephanie,Hughes,shughes@aol.com,(718) 702-7276,Sotheby's International,Sotheby's International,White Plains,White Plains,NY,12310,2,3,3,1672458,3.9,C,100,Website Lead,Boutique (2-10 agents),2026-10-04T06:21:00Z
CREAM-20261004-00773,Brenda Diaz,Brenda Diaz,Brenda,Diaz,brenda_diaz@outlook.com,(714) 369-6191,Compass,Compass,Troy,Troy,NY,11335,1,3,3,2328982,4.8,C,88,Brokerage Listings,Independent,2026-10-04T23:52:02Z
CREAM-20261004-00774,Louis Long,Louis Long,Louis,Long,louislong@outlook.com,(303) 749-7055,Brown Harris Stevens,Brown Harris Stevens,Schenectady,Schenectady,NY,10738,2,11,11,9005173,3.8,C,83,Website Lead,Mid-size (11-50 agents),2026-10-04T05:59:44Z
CREAM-20261004-00775,Steven Castillo,Steven Castillo,Steven,Castillo,steven.castillo@icloud.com,(919) 747-4990,RE/MAX,RE/MAX,Palm Bay,Palm Bay,FL,32271,1,6,6,2835586,3.6,C,64,NAR Directory,Mid-size (11-50 agents),2026-10-04T18:05:05Z
CREAM-20261004-00776,Rose Jimenez,Rose Jimenez,Rose,Jimenez,rjimenez@aol.com,(713) 974-2989,Berkshire Hathaway,Berkshire Hathaway,Yuma,Yuma,AZ,86520,9,17,17,8462992,5.0,C,94,Realtor.com,Independent,2026-10-04T14:09:36Z
CREAM-20261004-00777,Debra Gonzalez,Debra Gonzalez,Debra,Gonzalez,debragonzalez@me.com,(602) 474-8392,Compass,Compass,Troy,Troy,NY,11399,2,3,3,1456058,3.8,C,61,MLS Database,Mid-size (11-50 agents),2026-10-04T16:43:39Z
CREAM-20261004-00778,Heather Price,Heather Price,Heather,Price,heatherp@douglaselliman.com,(305) 809-3822,Douglas Elliman,Douglas Elliman,McAllen,McAllen,TX,78362,4,22,22,9233882,3.8,C,64,Facebook,Large (51-200 agents),2026-10-04T09:28:49Z
CREAM-20261004-00779,Joshua Moore,Joshua Moore,Joshua,Moore,joshuam@yahoo.com,(234) 362-3806,Halstead,Halstead,Hempstead,Hempstead,NY,11633,25,43,43,30348692,3.4,C,69,Trade Show,Enterprise (200+ agents),2026-10-04T01:06:40Z
CREAM-20261004-00780,Victoria Brooks,Victoria Brooks,Victoria,Brooks,victoria.brooks@me.com,(720) 258-9356,RE/MAX,RE/MAX,Pueblo,Pueblo,CO,81634,4,18,18,12498551,3.6,C,84,Website Lead,Large (51-200 agents),2026-10-04T16:07:40Z
CREAM-20261004-00781,Jason Torres,Jason Torres,Jason,Torres,jtorres@icloud.com,(256) 803-1092,Sotheby's International,Sotheby's International,White Plains,White Plains,NY,11794,21,74,74,41077472,4.6,C,79,NAR Directory,Mid-size (11-50 agents),2026-10-04T13:11:48Z
CREAM-20261004-00782,Michael Collins,Michael Collins,Michael,Collins,michaelcollins@aol.com,(234) 990-6860,Coldwell Banker,Coldwell Banker,High Point,High Point,NC,27104,1,10,10,3920552,3.6,C,79,LinkedIn,Enterprise (200+ agents),2026-10-04T16:40:55Z
CREAM-20261004-00783,Justin Hill,Justin Hill,Justin,Hill,justin.hill@icloud.com,(212) 997-4449,Sotheby's International,Sotheby's International,Modesto,Modesto,CA,90391,5,23,23,23108683,3.8,C,96,Facebook,Independent,2026-10-04T09:10:01Z
CREAM-20261004-00784,Julia Rodriguez,Julia Rodriguez,Julia,Rodriguez,juliarodriguez@hotmail.com,(407) 578-3947,Berkshire Hathaway,Berkshire Hathaway,Greenville,Greenville,NC,27909,17,79,79,29117490,3.7,C,93,MLS Database,Mid-size (11-50 agents),2026-10-04T04:13:07Z
CREAM-20261004-00785,Shirley White,Shirley White,Shirley,White,shirley.white@coldwellbanker.com,(305) 922-7815,Coldwell Banker,Coldwell Banker,Pasadena,Pasadena,TX,78713,0,5,5,1801547,4.3,C,92,LinkedIn,Enterprise (200+ agents),2026-10-04T04:48:10Z
CREAM-20261004-00786,Jacqueline Jackson,Jacqueline Jackson,Jacqueline,Jackson,jjackson@pacificsothebys.com,(916) 933-8413,Pacific Sotheby's,Pacific Sotheby's,Irvine,Irvine,CA,94571,11,68,68,71657855,4.3,C,65,NAR Directory,Boutique (2-10 agents),2026-10-04T15:06:12Z
CREAM-20261004-00787,Pamela Foster,Pamela Foster,Pamela,Foster,pamela_foster@aol.com,(916) 308-4195,Keller Williams,Keller Williams,Hamilton,Hamilton,OH,43440,17,46,46,9376220,4.9,C,60,NAR Directory,Boutique (2-10 agents),2026-10-04T05:29:54Z
CREAM-20261004-00788,Robert Gomez,Robert Gomez,Robert,Gomez,robert.gomez@aol.com,(916) 494-3001,Century 21,Century 21,Coral Springs,Coral Springs,FL,34462,6,31,31,11435046,4.2,C,72,Referral Network,Independent,2026-10-04T20:04:24Z
CREAM-20261004-00789,Anna Hill,Anna Hill,Anna,Hill,annahill@icloud.com,(602) 830-2857,Nest Seekers,Nest Seekers,Schenectady,Schenectady,NY,10249,4,19,19,14756142,3.9,C,99,NAR Directory,Enterprise (200+ agents),2026-10-04T17:07:04Z
CREAM-20261004-00790,Kimberly Richardson,Kimberly Richardson,Kimberly,Richardson,kimberly.richardson@re/max.com,(972) 242-5821,RE/MAX,RE/MAX,Moreno Valley,Moreno Valley,CA,95858,1,11,11,8854937,3.6,C,92,NAR Directory,Independent,2026-10-04T09:53:58Z
CREAM-20261004-00791,Edward Campbell,Edward Campbell,Edward,Campbell,ecampbell@outlook.com,(469) 792-7286,Douglas Elliman,Douglas Elliman,Gainesville,Gainesville,FL,34347,6,17,17,8528147,4.3,C,67,Brokerage Listings,Enterprise (200+ agents),2026-10-04T19:37:46Z
CREAM-20261004-00792,Jeffrey Collins,Jeffrey Collins,Jeffrey,Collins,jeffrey.collins@hotmail.com,(212) 385-3668,Keller Williams,Keller Williams,High Point,High Point,NC,27699,1,12,12,5142743,4.5,C,94,Website Lead,Boutique (2-10 agents),2026-10-04T21:26:13Z
CREAM-20261004-00793,Helen Coleman,Helen Coleman,Helen,Coleman,hcoleman@hotmail.com,(972) 571-3687,Coldwell Banker,Coldwell Banker,Westminster,Westminster,CO,80608,2,10,10,6733105,3.4,C,78,Brokerage Listings,Mid-size (11-50 agents),2026-10-04T18:19:58Z
CREAM-20261004-00794,Maria Bennett,Maria Bennett,Maria,Bennett,mariab@me.com,(805) 687-6265,Pacific Sotheby's,Pacific Sotheby's,Fremont,Fremont,CA,95277,14,44,44,43136863,3.0,C,93,NAR Directory,Boutique (2-10 agents),2026-10-04T06:35:43Z
CREAM-20261004-00795,Juan Robinson,Juan Robinson,Juan,Robinson,juanrobinson@gmail.com,(972) 331-1284,Pacific Sotheby's,Pacific Sotheby's,Oxnard,Oxnard,CA,94460,0,5,5,4915790,4.6,C,71,Website Lead,Mid-size (11-50 agents),2026-10-04T15:02:23Z
CREAM-20261004-00796,William Edwards,William Edwards,William,Edwards,wedwards@exprealty.com,(614) 293-2023,eXp Realty,eXp Realty,West Palm Beach,West Palm Beach,FL,33540,16,52,52,18958622,4.6,C,60,NAR Directory,Boutique (2-10 agents),2026-10-04T13:58:44Z
CREAM-20261004-00797,Tyler Nelson,Tyler Nelson,Tyler,Nelson,tyler_nelson@icloud.com,(916) 393-6082,Allen Tate,Allen Tate,Concord,Concord,NC,28610,19,28,28,10404121,3.2,C,93,Trade Show,Boutique (2-10 agents),2026-10-04T21:31:49Z
CREAM-20261004-00798,Gary Cox,Gary Cox,Gary,Cox,garyc@alliebethallman.com,(305) 309-3916,Allie Beth Allman,Allie Beth Allman,Pasadena,Pasadena,TX,78348,0,5,5,1525590,4.6,C,87,Referral Network,Independent,2026-10-04T02:13:11Z
CREAM-20261004-00799,Steven Coleman,Steven Coleman,Steven,Coleman,steven.coleman@yahoo.com,(646) 555-9476,Coldwell Banker,Coldwell Banker,Yuma,Yuma,AZ,85630,15,57,57,18321061,3.2,C,96,Trade Show,Enterprise (200+ agents),2026-10-04T14:20:08Z
CREAM-20261004-00800,Amanda Richardson,Amanda Richardson,Amanda,Richardson,amandar@aol.com,(929) 455-9563,Brown Harris Stevens,Brown Harris Stevens,Hempstead,Hempstead,NY,10944,13,59,59,32531750,4.5,C,90,Trade Show,Large (51-200 agents),2026-10-04T11:03:20Z
CREAM-20261004-00801,Christopher Brown,Christopher Brown,Christopher,Brown,christopher.brown@gmail.com,(469) 856-4685,Coldwell Banker,Coldwell Banker,Surprise,Surprise,AZ,85264,2,10,10,3633502,4.3,C,97,Cold Outreach,Enterprise (200+ agents),2026-10-04T23:26:40Z
CREAM-20261004-00802,Christopher Lee,Christopher Lee,Christopher,Lee,christopherl@gmail.com,(718) 742-3982,LIV Sotheby's,LIV Sotheby's,Boulder,Boulder,CO,81989,22,32,32,18886529,4.4,C,85,Referral Network,Boutique (2-10 agents),2026-10-04T02:59:11Z
CREAM-20261004-00803,Richard Nguyen,Richard Nguyen,Richard,Nguyen,richardnguyen@aol.com,(212) 748-7180,eXp Realty,eXp Realty,Fontana,Fontana,CA,92822,17,79,79,71007760,4.8,C,91,MLS Database,Enterprise (200+ agents),2026-10-04T05:10:14Z
CREAM-20261004-00804,Gary Nelson,Gary Nelson,Gary,Nelson,gnelson@exprealty.com,(407) 437-4828,eXp Realty,eXp Realty,Clearwater,Clearwater,FL,33180,22,28,28,14541278,4.3,C,62,Website Lead,Independent,2026-10-04T16:15:17Z
CREAM-20261004-00805,Theresa Cook,Theresa Cook,Theresa,Cook,theresacook@yahoo.com,(786) 799-3917,Douglas Elliman,Douglas Elliman,Gainesville,Gainesville,FL,32723,0,5,5,2564852,4.5,C,96,Website Lead,Mid-size (11-50 agents),2026-10-04T18:40:40Z
CREAM-20261004-00806,Samuel Hall,Samuel Hall,Samuel,Hall,shall@exprealty.com,(980) 575-4603,eXp Realty,eXp Realty,Youngstown,Youngstown,OH,45298,25,40,40,11277610,3.5,C,91,Website Lead,Enterprise (200+ agents),2026-10-04T20:30:13Z
CREAM-20261004-00807,Donald Gomez,Donald Gomez,Donald,Gomez,donald_gomez@me.com,(214) 820-3967,8z Real Estate,8z Real Estate,Westminster,Westminster,CO,80964,14,57,57,22104834,3.3,C,78,Realtor.com,Mid-size (11-50 agents),2026-10-04T13:23:03Z
CREAM-20261004-00808,Melissa Hernandez,Melissa Hernandez,Melissa,Hernandez,melissahernandez@icloud.com,(212) 712-2034,RE/MAX,RE/MAX,Hamilton,Hamilton,OH,45379,0,5,5,1326984,3.7,C,69,NAR Directory,Large (51-200 agents),2026-10-04T11:10:40Z
CREAM-20261004-00809,Betty Reyes,Betty Reyes,Betty,Reyes,betty_reyes@icloud.com,(602) 481-6698,Douglas Elliman,Douglas Elliman,McAllen,McAllen,TX,77592,3,18,18,6334245,3.5,C,100,NAR Directory,Boutique (2-10 agents),2026-10-04T11:11:43Z
CREAM-20261004-00810,Betty Fisher,Betty Fisher,Betty,Fisher,betty.fisher@compass.com,(256) 616-5049,Compass,Compass,Westminster,Westminster,CO,81240,4,19,19,9434242,4.6,C,87,Facebook,Enterprise (200+ agents),2026-10-04T02:05:58Z
CREAM-20261004-00811,John Richardson,John Richardson,John,Richardson,jrichardson@kellerwilliams.com,(310) 514-2839,Keller Williams,Keller Williams,Pueblo,Pueblo,CO,81425,3,19,19,12952495,4.3,C,64,LinkedIn,Independent,2026-10-04T07:50:16Z
CREAM-20261004-00812,Judith Bailey,Judith Bailey,Judith,Bailey,jbailey@coldwellbanker.com,(212) 282-8164,Coldwell Banker,Coldwell Banker,Moreno Valley,Moreno Valley,CA,93312,0,2,2,1377121,4.2,C,94,Cold Outreach,Enterprise (200+ agents),2026-10-04T03:31:43Z
CREAM-20261004-00813,Rachel Gomez,Rachel Gomez,Rachel,Gomez,rachel.gomez@outlook.com,(614) 516-1798,Coldwell Banker,Coldwell Banker,Mesquite,Mesquite,TX,77293,16,40,40,18009039,4.5,C,68,Cold Outreach,Independent,2026-10-04T18:56:47Z
CREAM-20261004-00814,Jonathan Collins,Jonathan Collins,Jonathan,Collins,jonathan.collins@outlook.com,(404) 762-5850,Keller Williams,Keller Williams,Mesquite,Mesquite,TX,79508,2,5,5,2121700,3.3,C,67,Facebook,Mid-size (11-50 agents),2026-10-04T21:31:26Z
CREAM-20261004-00815,Jason Ward,Jason Ward,Jason,Ward,jasonw@herrealtors.com,(704) 767-3330,HER Realtors,HER Realtors,Canton,Canton,OH,45546,8,29,29,8876848,4.1,C,67,Facebook,Boutique (2-10 agents),2026-10-04T20:49:03Z
CREAM-20261004-00816,John Chavez,John Chavez,John,Chavez,john.chavez@kellerwilliamsrealty.com,(646) 383-6352,Keller Williams Realty,Keller Williams Realty,Irvine,Irvine,CA,95380,12,56,56,46199991,4.2,C,67,Brokerage Listings,Enterprise (200+ agents),2026-10-04T21:29:35Z
CREAM-20261004-00817,Donna Kelly,Donna Kelly,Donna,Kelly,dkelly@kellerwilliams.com,(404) 829-1270,Keller Williams,Keller Williams,Concord,Concord,NC,27286,0,4,4,1039091,4.2,C,60,Facebook,Independent,2026-10-04T04:37:16Z
CREAM-20261004-00818,Steven Morris,Steven Morris,Steven,Morris,stevenmorris@hotmail.com,(415) 461-2224,Compass,Compass,Wilmington,Wilmington,NC,28391,6,39,39,9628156,3.6,C,84,Referral Network,Mid-size (11-50 agents),2026-10-04T08:25:22Z
CREAM-20261004-00819,Larry Smith,Larry Smith,Larry,Smith,larrysmith@outlook.com,(305) 414-1745,Coldwell Banker,Coldwell Banker,Clearwater,Clearwater,FL,33850,25,51,51,19897971,4.7,C,99,Facebook,Large (51-200 agents),2026-10-04T15:56:21Z
CREAM-20261004-00820,Angela Smith,Angela Smith,Angela,Smith,asmith@outlook.com,(212) 388-8556,Keller Williams,Keller Williams,Grand Prairie,Grand Prairie,TX,77585,1,12,12,4732450,4.5,C,80,MLS Database,Large (51-200 agents),2026-10-04T12:21:00Z
CREAM-20261004-00821,Martha Lewis,Martha Lewis,Martha,Lewis,marthal@century21.com,(929) 349-6454,Century 21,Century 21,Clearwater,Clearwater,FL,32872,2,10,10,4984407,4.2,C,83,Cold Outreach,Mid-size (11-50 agents),2026-10-04T21:44:19Z
CREAM-20261004-00822,Scott Ruiz,Scott Ruiz,Scott,Ruiz,sruiz@livsothebys.com,(512) 336-7689,LIV Sotheby's,LIV Sotheby's,Boulder,Boulder,CO,81532,9,28,28,18183800,3.9,C,75,Website Lead,Independent,2026-10-04T05:43:54Z
CREAM-20261004-00823,Sandra Clark,Sandra Clark,Sandra,Clark,sandra.clark@alliebethallman.com,(602) 534-5377,Allie Beth Allman,Allie Beth Allman,Grand Prairie,Grand Prairie,TX,77832,15,71,71,25943956,3.1,C,93,Brokerage Listings,Independent,2026-10-04T10:44:41Z
CREAM-20261004-00824,Stephen Phillips,Stephen Phillips,Stephen,Phillips,stephenphillips@yahoo.com,(310) 667-4257,Corcoran Group,Corcoran Group,Troy,Troy,NY,10569,1,7,7,3757735,3.7,C,97,Website Lead,Large (51-200 agents),2026-10-04T17:40:44Z
CREAM-20261004-00825,Nancy Jackson,Nancy Jackson,Nancy,Jackson,nancy.jackson@yahoo.com,(714) 855-5633,Russell Lyon Sotheby's,Russell Lyon Sotheby's,Surprise,Surprise,AZ,85116,7,22,22,6783846,3.7,C,84,Realtor.com,Enterprise (200+ agents),2026-10-04T17:31:16Z
CREAM-20261004-00826,Margaret Rogers,Margaret Rogers,Margaret,Rogers,mrogers@compass.com,(513) 405-3410,Compass,Compass,Fremont,Fremont,CA,95565,22,71,71,63754968,4.5,C,75,Referral Network,Boutique (2-10 agents),2026-10-04T02:31:10Z
CREAM-20261004-00827,Walter Torres,Walter Torres,Walter,Torres,walter.torres@gmail.com,(718) 226-2107,Berkshire Hathaway HomeServices,Berkshire Hathaway HomeServices,Fontana,Fontana,CA,96542,18,63,63,41257894,5.0,C,61,Trade Show,Boutique (2-10 agents),2026-10-04T14:14:41Z
CREAM-20261004-00828,Lauren Long,Lauren Long,Lauren,Long,laurenl@coldwellbanker.com,(972) 229-7097,Coldwell Banker,Coldwell Banker,Surprise,Surprise,AZ,86402,1,11,11,5553493,3.5,C,73,Brokerage Listings,Independent,2026-10-04T23:56:09Z
CREAM-20261004-00829,Victoria Anderson,Victoria Anderson,Victoria,Anderson,vanderson@aol.com,(334) 278-9018,Coldwell Banker,Coldwell Banker,Greenville,Greenville,NC,27489,4,13,13,4902617,4.3,C,68,Referral Network,Boutique (2-10 agents),2026-10-04T21:09:33Z
CREAM-20261004-00830,Anna White,Anna White,Anna,White,annaw@hotmail.com,(718) 302-7412,Berkshire Hathaway,Berkshire Hathaway,Greenville,Greenville,NC,28687,11,65,65,21101024,3.6,C,75,Cold Outreach,Boutique (2-10 agents),2026-10-04T07:07:22Z
CREAM-20261004-00831,Roger Taylor,Roger Taylor,Roger,Taylor,rogert@longrealty.com,(972) 330-3412,Long Realty,Long Realty,Surprise,Surprise,AZ,85473,11,46,46,21951646,4.3,C,82,NAR Directory,Independent,2026-10-04T20:15:21Z
CREAM-20261004-00832,William Wright,William Wright,William,Wright,william_wright@hotmail.com,(303) 224-5261,Coldwell Banker,Coldwell Banker,Concord,Concord,NC,28634,19,56,56,16301273,4.0,C,78,Facebook,Enterprise (200+ agents),2026-10-04T00:51:50Z
CREAM-20261004-00833,Amy Morris,Amy Morris,Amy,Morris,amy_morris@gmail.com,(407) 731-7372,Sotheby's International,Sotheby's International,Mount Vernon,Mount Vernon,NY,11383,16,27,27,22583578,4.7,C,78,Cold Outreach,Enterprise (200+ agents),2026-10-04T14:48:09Z
CREAM-20261004-00834,Cynthia Wood,Cynthia Wood,Cynthia,Wood,cynthia.wood@icloud.com,(929) 644-1578,Nest Seekers,Nest Seekers,Hempstead,Hempstead,NY,12168,0,3,3,2132857,4.5,C,82,Referral Network,Boutique (2-10 agents),2026-10-04T13:20:05Z
CREAM-20261004-00835,Nancy White,Nancy White,Nancy,White,nancy_white@outlook.com,(929) 588-4438,Compass,Compass,Greenville,Greenville,NC,28224,7,39,39,16404192,3.6,C,99,Brokerage Listings,Boutique (2-10 agents),2026-10-04T18:54:48Z
CREAM-20261004-00836,Brandon Thompson,Brandon Thompson,Brandon,Thompson,brandon_thompson@me.com,(407) 722-5600,eXp Realty,eXp Realty,Gainesville,Gainesville,FL,34552,1,11,11,4885088,4.9,C,85,Website Lead,Boutique (2-10 agents),2026-10-04T23:08:04Z
CREAM-20261004-00837,Rose Richardson,Rose Richardson,Rose,Richardson,roser@homesmart.com,(256) 324-6970,HomeSmart,HomeSmart,Peoria,Peoria,AZ,86508,18,73,73,34102744,4.6,C,79,MLS Database,Independent,2026-10-04T21:36:55Z
CREAM-20261004-00838,Barbara Fisher,Barbara Fisher,Barbara,Fisher,barbara.fisher@exprealty.com,(919) 261-6743,eXp Realty,eXp Realty,Centennial,Centennial,CO,80162,1,10,10,4441580,4.5,C,62,NAR Directory,Mid-size (11-50 agents),2026-10-04T14:57:03Z
CREAM-20261004-00839,Judith Cruz,Judith Cruz,Judith,Cruz,judithcruz@icloud.com,(334) 456-7838,Corcoran Group,Corcoran Group,Troy,Troy,NY,10325,1,6,6,2891886,5.0,C,88,MLS Database,Large (51-200 agents),2026-10-04T06:45:57Z
CREAM-20261004-00840,Ashley Phillips,Ashley Phillips,Ashley,Phillips,ashleyphillips@me.com,(513) 560-9051,Berkshire Hathaway HomeServices,Berkshire Hathaway HomeServices,Irvine,Irvine,CA,92197,1,12,12,9793791,3.1,C,71,Referral Network,Enterprise (200+ agents),2026-10-04T08:33:38Z
CREAM-20261004-00841,Robert White,Robert White,Robert,White,robertwhite@yahoo.com,(720) 626-3302,eXp Realty,eXp Realty,Youngstown,Youngstown,OH,44755,5,12,12,3858661,4.7,C,93,Realtor.com,Independent,2026-10-04T17:14:53Z
CREAM-20261004-00842,Ruth Harris,Ruth Harris,Ruth,Harris,rharris@alliebethallman.com,(929) 288-2180,Allie Beth Allman,Allie Beth Allman,Mesquite,Mesquite,TX,75938,0,3,3,1339489,3.3,C,61,Realtor.com,Large (51-200 agents),2026-10-04T12:16:31Z
CREAM-20261004-00843,Danielle Wood,Danielle Wood,Danielle,Wood,daniellew@brownharrisstevens.com,(469) 500-7592,Brown Harris Stevens,Brown Harris Stevens,Schenectady,Schenectady,NY,10363,3,24,24,18378125,4.7,C,67,Facebook,Independent,2026-10-04T00:44:29Z
CREAM-20261004-00844,Betty Perez,Betty Perez,Betty,Perez,betty_perez@gmail.com,(407) 535-9135,Briggs Freeman Sotheby's,Briggs Freeman Sotheby's,Pasadena,Pasadena,TX,75757,24,65,65,16446649,3.5,C,67,Referral Network,Boutique (2-10 agents),2026-10-04T04:18:24Z
CREAM-20261004-00845,Eugene Ramos,Eugene Ramos,Eugene,Ramos,eugene.ramos@aol.com,(212) 618-3317,Coldwell Banker,Coldwell Banker,Westminster,Westminster,CO,80525,21,30,30,16022850,4.4,C,93,Facebook,Large (51-200 agents),2026-10-04T16:12:12Z
CREAM-20261004-00846,Alexander Peterson,Alexander Peterson,Alexander,Peterson,alexander_peterson@aol.com,(929) 628-5675,RE/MAX,RE/MAX,McAllen,McAllen,TX,75576,1,7,7,3110400,3.9,C,73,Referral Network,Boutique (2-10 agents),2026-10-04T05:49:42Z
CREAM-20261004-00847,Philip Collins,Philip Collins,Philip,Collins,philip.collins@aol.com,(512) 956-2347,Keller Williams,Keller Williams,Concord,Concord,NC,27273,5,24,24,9311901,4.2,C,73,Website Lead,Large (51-200 agents),2026-10-04T13:56:47Z
CREAM-20261004-00848,Thomas Nelson,Thomas Nelson,Thomas,Nelson,thomasn@allentate.com,(614) 479-2773,Allen Tate,Allen Tate,Concord,Concord,NC,27292,3,9,9,3699906,4.9,C,61,NAR Directory,Independent,2026-10-04T05:08:41Z
CREAM-20261004-00849,Brandon Lopez,Brandon Lopez,Brandon,Lopez,blopez@icloud.com,(972) 269-5021,Halstead,Halstead,Utica,Utica,NY,12916,2,6,6,3767592,4.7,C,98,NAR Directory,Mid-size (11-50 agents),2026-10-04T19:00:06Z
CREAM-20261004-00850,Keith Alexander,Keith Alexander,Keith,Alexander,kalexander@hotmail.com,(919) 673-7596,Allie Beth Allman,Allie Beth Allman,Brownsville,Brownsville,TX,77645,22,76,76,33059698,3.2,C,78,Realtor.com,Enterprise (200+ agents),2026-10-04T23:09:27Z
CREAM-20261004-00851,Jonathan Ortiz,Jonathan Ortiz,Jonathan,Ortiz,jonathano@re/max.com,(805) 801-1339,RE/MAX,RE/MAX,Lorain,Lorain,OH,44666,6,34,34,10437272,4.3,C,87,Realtor.com,Independent,2026-10-04T03:16:23Z
CREAM-20261004-00852,Anna Howard,Anna Howard,Anna,Howard,ahoward@gmail.com,(334) 396-9029,Nest Seekers,Nest Seekers,Utica,Utica,NY,13749,14,76,76,46419558,4.3,C,71,Brokerage Listings,Independent,2026-10-04T14:59:18Z
CREAM-20261004-00853,Eric Powell,Eric Powell,Eric,Powell,eric.powell@yahoo.com,(469) 700-5722,Coldwell Banker,Coldwell Banker,Miramar,Miramar,FL,32826,2,7,7,3360055,4.1,C,66,Brokerage Listings,Independent,2026-10-04T04:57:42Z
CREAM-20261004-00854,Albert Torres,Albert Torres,Albert,Torres,alberttorres@me.com,(407) 284-9216,Allie Beth Allman,Allie Beth Allman,Grand Prairie,Grand Prairie,TX,76760,14,48,48,14320448,4.6,C,79,Trade Show,Independent,2026-10-04T12:32:53Z
CREAM-20261004-00855,Keith Gonzalez,Keith Gonzalez,Keith,Gonzalez,keith_gonzalez@icloud.com,(786) 826-6307,Sotheby's International,Sotheby's International,Fontana,Fontana,CA,93275,6,31,31,28023515,3.2,C,71,MLS Database,Mid-size (11-50 agents),2026-10-04T16:27:47Z
CREAM-20261004-00856,Susan Baker,Susan Baker,Susan,Baker,susan_baker@gmail.com,(407) 540-5856,Long Realty,Long Realty,Surprise,Surprise,AZ,86596,5,18,18,7574075,4.1,C,78,Brokerage Listings,Independent,2026-10-04T17:05:38Z
CREAM-20261004-00857,Wayne Phillips,Wayne Phillips,Wayne,Phillips,waynephillips@gmail.com,(805) 561-1550,Brown Harris Stevens,Brown Harris Stevens,White Plains,White Plains,NY,12217,3,19,19,12615129,4.6,C,90,Website Lead,Mid-size (11-50 agents),2026-10-04T07:28:02Z
CREAM-20261004-00858,Richard Allen,Richard Allen,Richard,Allen,rallen@re/max.com,(334) 397-4980,RE/MAX,RE/MAX,Modesto,Modesto,CA,94290,1,9,9,8635779,4.9,C,73,Referral Network,Large (51-200 agents),2026-10-04T00:49:11Z
CREAM-20261004-00859,Karen Rodriguez,Karen Rodriguez,Karen,Rodriguez,karenrodriguez@gmail.com,(916) 818-7280,RE/MAX,RE/MAX,Greenville,Greenville,NC,27807,2,8,8,2329752,3.8,C,74,Brokerage Listings,Boutique (2-10 agents),2026-10-04T13:51:20Z
CREAM-20261004-00860,Sharon Adams,Sharon Adams,Sharon,Adams,sharon.adams@compass.com,(234) 335-6108,Compass,Compass,Fremont,Fremont,CA,91120,3,22,22,23784639,3.5,C,96,MLS Database,Boutique (2-10 agents),2026-10-04T18:26:20Z
CREAM-20261004-00861,Nancy Robinson,Nancy Robinson,Nancy,Robinson,nancy_robinson@icloud.com,(646) 654-5848,Allen Tate,Allen Tate,Concord,Concord,NC,27725,15,61,61,27354252,4.8,C,74,Realtor.com,Mid-size (11-50 agents),2026-10-04T05:16:07Z
CREAM-20261004-00862,Lisa Ramos,Lisa Ramos,Lisa,Ramos,lramos@douglaselliman.com,(805) 759-5129,Douglas Elliman,Douglas Elliman,Palm Bay,Palm Bay,FL,32771,17,33,33,12101801,3.8,C,79,Brokerage Listings,Mid-size (11-50 agents),2026-10-04T22:20:46Z
CREAM-20261004-00863,Natalie Sullivan,Natalie Sullivan,Natalie,Sullivan,natalie.sullivan@outlook.com,(469) 330-8932,Nest Seekers,Nest Seekers,Mount Vernon,Mount Vernon,NY,14907,23,26,26,20483926,4.4,C,84,Website Lead,Mid-size (11-50 agents),2026-10-04T05:02:50Z
CREAM-20261004-00864,Lawrence Foster,Lawrence Foster,Lawrence,Foster,lawrence.foster@icloud.com,(704) 242-1266,Berkshire Hathaway,Berkshire Hathaway,Peoria,Peoria,AZ,85319,14,47,47,19571193,3.7,C,83,Website Lead,Independent,2026-10-04T09:24:08Z
CREAM-20261004-00865,Anna Flores,Anna Flores,Anna,Flores,aflores@hotmail.com,(980) 909-9394,Huntington Real Estate,Huntington Real Estate,Hamilton,Hamilton,OH,44146,3,13,13,4183547,4.2,C,91,MLS Database,Enterprise (200+ agents),2026-10-04T14:31:20Z
CREAM-20261004-00866,Sandra Evans,Sandra Evans,Sandra,Evans,sandrae@exprealty.com,(919) 614-4685,eXp Realty,eXp Realty,Wilmington,Wilmington,NC,27190,2,9,9,3015847,4.2,C,75,MLS Database,Boutique (2-10 agents),2026-10-04T04:46:09Z
CREAM-20261004-00867,Diane Stewart,Diane Stewart,Diane,Stewart,dstewart@outlook.com,(310) 256-4820,Coldwell Banker,Coldwell Banker,Palm Bay,Palm Bay,FL,34975,5,25,25,12438140,3.4,C,76,Facebook,Large (51-200 agents),2026-10-04T10:26:28Z
CREAM-20261004-00868,Albert Walker,Albert Walker,Albert,Walker,albert_walker@hotmail.com,(614) 975-1170,Coldwell Banker,Coldwell Banker,Peoria,Peoria,AZ,86680,3,23,23,8034966,4.5,C,64,Referral Network,Mid-size (11-50 agents),2026-10-04T10:58:03Z
CREAM-20261004-00869,Brian Allen,Brian Allen,Brian,Allen,brian_allen@yahoo.com,(919) 435-5867,Berkshire Hathaway,Berkshire Hathaway,Hamilton,Hamilton,OH,43474,2,8,8,2101621,4.3,C,85,Referral Network,Mid-size (11-50 agents),2026-10-04T03:33:23Z
CREAM-20261004-00870,Ashley Allen,Ashley Allen,Ashley,Allen,ashley_allen@me.com,(929) 483-8914,8z Real Estate,8z Real Estate,Centennial,Centennial,CO,81190,0,4,4,2432361,4.2,C,73,Facebook,Independent,2026-10-04T19:55:58Z
CREAM-20261004-00871,Nancy Ruiz,Nancy Ruiz,Nancy,Ruiz,nancy_ruiz@icloud.com,(704) 613-4895,HER Realtors,HER Realtors,Youngstown,Youngstown,OH,45958,9,27,27,7064825,4.7,C,60,Facebook,Mid-size (11-50 agents),2026-10-04T00:53:15Z
CREAM-20261004-00872,Charles Thompson,Charles Thompson,Charles,Thompson,charlest@coldwellbanker.com,(718) 862-2330,Coldwell Banker,Coldwell Banker,Peoria,Peoria,AZ,85393,0,0,0,0,3.1,C,75,Trade Show,Large (51-200 agents),2026-10-04T10:28:29Z
CREAM-20261004-00873,Barbara Mitchell,Barbara Mitchell,Barbara,Mitchell,barbara_mitchell@outlook.com,(786) 455-4348,HER Realtors,HER Realtors,Youngstown,Youngstown,OH,45676,20,43,43,10485394,4.0,C,94,Brokerage Listings,Independent,2026-10-04T08:17:32Z
CREAM-20261004-00874,Jessica Parker,Jessica Parker,Jessica,Parker,jessicap@gmail.com,(512) 828-8581,Coldwell Banker,Coldwell Banker,High Point,High Point,NC,27500,1,10,10,4152068,4.8,C,78,Website Lead,Enterprise (200+ agents),2026-10-04T15:00:09Z
CREAM-20261004-00875,Judith Anderson,Judith Anderson,Judith,Anderson,judith.anderson@nestseekers.com,(214) 537-7749,Nest Seekers,Nest Seekers,White Plains,White Plains,NY,10760,1,10,10,6114411,3.3,C,78,Facebook,Independent,2026-10-04T15:08:57Z
CREAM-20261004-00876,Megan Ramos,Megan Ramos,Megan,Ramos,meganramos@me.com,(713) 696-7405,Huntington Real Estate,Huntington Real Estate,Hamilton,Hamilton,OH,45122,7,17,17,4228851,4.7,C,66,Trade Show,Enterprise (200+ agents),2026-10-04T05:36:42Z
CREAM-20261004-00877,Wayne Ramirez,Wayne Ramirez,Wayne,Ramirez,wramirez@longrealty.com,(513) 286-2226,Long Realty,Long Realty,Yuma,Yuma,AZ,86536,17,73,73,35682128,3.2,C,99,MLS Database,Mid-size (11-50 agents),2026-10-04T03:10:53Z
CREAM-20261004-00878,Peter Cook,Peter Cook,Peter,Cook,pcook@outlook.com,(704) 250-1941,Howard Hanna,Howard Hanna,High Point,High Point,NC,27325,4,12,12,3481782,3.7,C,85,Website Lead,Enterprise (200+ agents),2026-10-04T04:09:23Z
CREAM-20261004-00879,Mark Nelson,Mark Nelson,Mark,Nelson,mark.nelson@yahoo.com,(714) 857-7137,Berkshire Hathaway HomeServices,Berkshire Hathaway HomeServices,Huntington Beach,Huntington Beach,CA,92873,18,33,33,28947148,4.4,C,96,Website Lead,Large (51-200 agents),2026-10-04T18:47:03Z
CREAM-20261004-00880,Raymond Parker,Raymond Parker,Raymond,Parker,raymond.parker@me.com,(916) 837-7735,Coldwell Banker,Coldwell Banker,Miramar,Miramar,FL,32456,11,62,62,33596296,4.4,C,96,Brokerage Listings,Enterprise (200+ agents),2026-10-04T18:52:46Z
CREAM-20261004-00881,Amy Price,Amy Price,Amy,Price,amyp@yahoo.com,(513) 675-8554,Keller Williams,Keller Williams,Lorain,Lorain,OH,44460,0,2,2,609111,3.0,C,76,MLS Database,Large (51-200 agents),2026-10-04T23:30:55Z
CREAM-20261004-00882,Amber Cook,Amber Cook,Amber,Cook,amber.cook@douglaselliman.com,(234) 954-4008,Douglas Elliman,Douglas Elliman,Hempstead,Hempstead,NY,13761,1,5,5,2450746,3.5,C,72,Trade Show,Independent,2026-10-04T02:11:39Z
CREAM-20261004-00883,Ruth Davis,Ruth Davis,Ruth,Davis,ruthdavis@icloud.com,(919) 795-4824,HER Realtors,HER Realtors,Youngstown,Youngstown,OH,43480,4,13,13,3907438,4.5,C,94,Brokerage Listings,Enterprise (200+ agents),2026-10-04T18:00:42Z
CREAM-20261004-00884,George Rodriguez,George Rodriguez,George,Rodriguez,george.rodriguez@outlook.com,(786) 288-4404,eXp Realty,eXp Realty,West Palm Beach,West Palm Beach,FL,33374,9,40,40,11885971,3.9,C,71,Realtor.com,Large (51-200 agents),2026-10-04T01:04:02Z
CREAM-20261004-00885,Justin Phillips,Justin Phillips,Justin,Phillips,justinp@aol.com,(469) 261-8068,LIV Sotheby's,LIV Sotheby's,Pueblo,Pueblo,CO,80381,5,25,25,15668441,3.3,C,68,Realtor.com,Independent,2026-10-04T11:25:10Z
CREAM-20261004-00886,Katherine Ward,Katherine Ward,Katherine,Ward,kward@hotmail.com,(513) 517-7194,Berkshire Hathaway,Berkshire Hathaway,Canton,Canton,OH,44412,11,43,43,12958043,3.7,C,86,Facebook,Boutique (2-10 agents),2026-10-04T03:51:03Z
CREAM-20261004-00887,Stephen Miller,Stephen Miller,Stephen,Miller,stephenm@me.com,(929) 830-3638,Keller Williams,Keller Williams,Wilmington,Wilmington,NC,27806,18,36,36,9866841,3.7,C,100,Brokerage Listings,Boutique (2-10 agents),2026-10-04T08:15:30Z
CREAM-20261004-00888,John Hall,John Hall,John,Hall,john.hall@icloud.com,(512) 860-1669,Pacific Sotheby's,Pacific Sotheby's,Huntington Beach,Huntington Beach,CA,90316,5,18,18,13699130,4.5,C,72,Cold Outreach,Independent,2026-10-04T02:05:08Z
CREAM-20261004-00889,Joseph Morales,Joseph Morales,Joseph,Morales,jmorales@yahoo.com,(980) 588-9033,Berkshire Hathaway,Berkshire Hathaway,Grand Prairie,Grand Prairie,TX,78234,2,5,5,1260458,4.0,C,80,Website Lead,Independent,2026-10-04T07:45:45Z
CREAM-20261004-00890,Daniel Gonzalez,Daniel Gonzalez,Daniel,Gonzalez,daniel.gonzalez@berkshirehathaway.com,(713) 830-6251,Berkshire Hathaway,Berkshire Hathaway,McAllen,McAllen,TX,76428,7,18,18,5622269,3.3,C,74,Realtor.com,Independent,2026-10-04T09:16:27Z
CREAM-20261004-00891,Gary Perez,Gary Perez,Gary,Perez,gary_perez@aol.com,(805) 460-2704,8z Real Estate,8z Real Estate,Westminster,Westminster,CO,81712,5,18,18,8438942,4.6,C,79,Website Lead,Independent,2026-10-04T10:32:56Z
CREAM-20261004-00892,Scott Carter,Scott Carter,Scott,Carter,scott_carter@gmail.com,(919) 301-6704,Keller Williams,Keller Williams,Yuma,Yuma,AZ,85574,16,45,45,13459459,4.2,C,64,NAR Directory,Independent,2026-10-04T09:23:34Z
CREAM-20261004-00893,Dorothy Torres,Dorothy Torres,Dorothy,Torres,dorothytorres@outlook.com,(334) 391-6003,Coldwell Banker,Coldwell Banker,Avondale,Avondale,AZ,86745,2,6,6,2157771,3.9,C,85,Facebook,Independent,2026-10-04T17:26:56Z
CREAM-20261004-00894,Nicole Ross,Nicole Ross,Nicole,Ross,nicoleross@me.com,(469) 493-7242,RE/MAX,RE/MAX,Concord,Concord,NC,27243,25,32,32,11915201,4.8,C,61,Website Lead,Enterprise (200+ agents),2026-10-04T14:43:06Z
CREAM-20261004-00895,Benjamin Myers,Benjamin Myers,Benjamin,Myers,benjamin.myers@yahoo.com,(305) 334-7230,Keller Williams,Keller Williams,Boulder,Boulder,CO,80175,4,12,12,6821350,4.6,C,99,Facebook,Enterprise (200+ agents),2026-10-04T15:50:16Z
CREAM-20261004-00896,Samantha Sanchez,Samantha Sanchez,Samantha,Sanchez,samantha.sanchez@century21.com,(212) 298-5792,Century 21,Century 21,Coral Springs,Coral Springs,FL,32125,2,12,12,4705509,4.1,C,98,Brokerage Listings,Large (51-200 agents),2026-10-04T02:12:58Z
CREAM-20261004-00897,Betty Ortiz,Betty Ortiz,Betty,Ortiz,betty_ortiz@gmail.com,(469) 395-3004,eXp Realty,eXp Realty,Modesto,Modesto,CA,91380,12,60,60,42835401,3.7,C,80,Facebook,Large (51-200 agents),2026-10-04T18:50:41Z
CREAM-20261004-00898,Jason Carter,Jason Carter,Jason,Carter,jason.carter@compass.com,(212) 225-8682,Compass,Compass,Fontana,Fontana,CA,90664,16,28,28,30662491,3.9,C,62,Cold Outreach,Independent,2026-10-04T01:23:07Z
CREAM-20261004-00899,Catherine Coleman,Catherine Coleman,Catherine,Coleman,catherine.coleman@outlook.com,(646) 233-2253,RE/MAX,RE/MAX,Coral Springs,Coral Springs,FL,33828,0,4,4,2008448,4.0,C,95,Website Lead,Large (51-200 agents),2026-10-04T01:09:41Z
CREAM-20261004-00900,Samuel Harris,Samuel Harris,Samuel,Harris,sharris@yahoo.com,(919) 317-1045,Compass,Compass,Boulder,Boulder,CO,80704,21,42,42,24874964,4.9,C,98,Referral Network,Independent,2026-10-04T04:40:30Z
CREAM-20261004-00901,Albert Brown,Albert Brown,Albert,Brown,abrown@kellerwilliamsrealty.com,(310) 311-9654,Keller Williams Realty,Keller Williams Realty,Modesto,Modesto,CA,90634,5,19,19,15523631,3.6,C,85,Referral Network,Independent,2026-10-04T08:53:01Z
CREAM-20261004-00902,Brenda Brown,Brenda Brown,Brenda,Brown,brendabrown@yahoo.com,(929) 302-2042,Berkshire Hathaway,Berkshire Hathaway,Grand Prairie,Grand Prairie,TX,78283,16,55,55,23249148,3.3,C,68,MLS Database,Enterprise (200+ agents),2026-10-04T18:59:41Z
CREAM-20261004-00903,Louis Brooks,Louis Brooks,Louis,Brooks,louis.brooks@aol.com,(512) 269-2938,eXp Realty,eXp Realty,Lorain,Lorain,OH,43425,1,4,4,800985,3.8,C,81,Referral Network,Mid-size (11-50 agents),2026-10-04T05:43:23Z
CREAM-20261004-00904,Sharon Hill,Sharon Hill,Sharon,Hill,sharon_hill@icloud.com,(602) 846-6538,Coldwell Banker,Coldwell Banker,West Palm Beach,West Palm Beach,FL,34149,5,15,15,6685383,4.7,C,91,LinkedIn,Boutique (2-10 agents),2026-10-04T12:02:23Z
CREAM-20261004-00905,Ashley Alvarez,Ashley Alvarez,Ashley,Alvarez,aalvarez@homesmart.com,(972) 274-9611,HomeSmart,HomeSmart,Yuma,Yuma,AZ,86112,20,80,80,41062121,5.0,C,66,Realtor.com,Large (51-200 agents),2026-10-04T15:31:30Z
CREAM-20261004-00906,David Anderson,David Anderson,David,Anderson,david_anderson@icloud.com,(415) 210-7509,eXp Realty,eXp Realty,Youngstown,Youngstown,OH,43496,5,25,25,6945594,3.7,C,94,LinkedIn,Mid-size (11-50 agents),2026-10-04T21:32:57Z
CREAM-20261004-00907,Dennis Adams,Dennis Adams,Dennis,Adams,dennis.adams@aol.com,(256) 737-1405,Keller Williams Realty,Keller Williams Realty,Coral Springs,Coral Springs,FL,32284,6,38,38,15821897,3.1,C,96,NAR Directory,Boutique (2-10 agents),2026-10-04T06:45:32Z
CREAM-20261004-00908,Jessica Flores,Jessica Flores,Jessica,Flores,jessicaflores@gmail.com,(929) 694-5830,Corcoran Group,Corcoran Group,Troy,Troy,NY,10814,3,22,22,14428594,3.2,C,80,Facebook,Independent,2026-10-04T21:52:10Z
CREAM-20261004-00909,Victoria Martinez,Victoria Martinez,Victoria,Martinez,vmartinez@me.com,(469) 432-4045,eXp Realty,eXp Realty,Gainesville,Gainesville,FL,32918,23,80,80,25922909,3.1,C,72,Referral Network,Mid-size (11-50 agents),2026-10-04T13:28:37Z
CREAM-20261004-00910,Joshua Gomez,Joshua Gomez,Joshua,Gomez,joshuag@yahoo.com,(256) 990-1702,Keller Williams,Keller Williams,Yuma,Yuma,AZ,85718,11,64,64,32215008,3.7,C,84,Brokerage Listings,Large (51-200 agents),2026-10-04T11:13:21Z
CREAM-20261004-00911,Nancy Myers,Nancy Myers,Nancy,Myers,nancy_myers@hotmail.com,(415) 561-2713,RE/MAX,RE/MAX,Huntington Beach,Huntington Beach,CA,93332,2,4,4,3133485,3.0,C,61,Referral Network,Enterprise (200+ agents),2026-10-04T15:55:37Z
CREAM-20261004-00912,Martha Nelson,Martha Nelson,Martha,Nelson,martha.nelson@icloud.com,(256) 221-5086,Compass,Compass,White Plains,White Plains,NY,11230,5,17,17,11962988,4.3,C,72,Cold Outreach,Mid-size (11-50 agents),2026-10-04T17:10:07Z
CREAM-20261004-00913,David Nguyen,David Nguyen,David,Nguyen,davidn@homesmart.com,(469) 954-3516,HomeSmart,HomeSmart,Surprise,Surprise,AZ,85822,13,73,73,28412286,3.9,C,62,MLS Database,Independent,2026-10-04T12:15:26Z
CREAM-20261004-00914,Raymond Kelly,Raymond Kelly,Raymond,Kelly,raymond.kelly@hotmail.com,(512) 895-1915,Keller Williams,Keller Williams,Hamilton,Hamilton,OH,45728,3,24,24,5203863,3.7,C,80,Cold Outreach,Mid-size (11-50 agents),2026-10-04T15:32:39Z
CREAM-20261004-00915,Raymond Jimenez,Raymond Jimenez,Raymond,Jimenez,raymondj@compass.com,(929) 445-8356,Compass,Compass,Mount Vernon,Mount Vernon,NY,12520,2,8,8,6173803,4.6,C,97,Trade Show,Enterprise (200+ agents),2026-10-04T00:10:44Z
CREAM-20261004-00916,Samuel Taylor,Samuel Taylor,Samuel,Taylor,samuel.taylor@russelllyonsothebys.com,(972) 843-3631,Russell Lyon Sotheby's,Russell Lyon Sotheby's,Avondale,Avondale,AZ,86105,25,61,61,26170995,3.3,C,71,Cold Outreach,Mid-size (11-50 agents),2026-10-04T20:45:46Z
CREAM-20261004-00917,David Rogers,David Rogers,David,Rogers,davidrogers@yahoo.com,(720) 718-8270,Compass,Compass,Miramar,Miramar,FL,33931,5,19,19,8884566,3.4,C,96,Facebook,Independent,2026-10-04T23:57:02Z
CREAM-20261004-00918,Nicholas Thompson,Nicholas Thompson,Nicholas,Thompson,nicholasthompson@yahoo.com,(305) 972-9458,Keller Williams,Keller Williams,Surprise,Surprise,AZ,85403,6,34,34,15309803,4.9,C,63,Referral Network,Independent,2026-10-04T16:05:27Z
CREAM-20261004-00919,Rebecca Parker,Rebecca Parker,Rebecca,Parker,rebeccap@compass.com,(212) 583-1417,Compass,Compass,Clearwater,Clearwater,FL,32971,7,35,35,10386835,4.0,C,80,Facebook,Independent,2026-10-04T17:39:26Z
CREAM-20261004-00920,Nicholas Clark,Nicholas Clark,Nicholas,Clark,nicholas.clark@aol.com,(512) 247-8151,Berkshire Hathaway,Berkshire Hathaway,High Point,High Point,NC,27530,0,0,0,0,4.4,C,92,MLS Database,Enterprise (200+ agents),2026-10-04T13:16:06Z
CREAM-20261004-00921,Nicholas Lewis,Nicholas Lewis,Nicholas,Lewis,nlewis@hotmail.com,(713) 864-5813,eXp Realty,eXp Realty,Surprise,Surprise,AZ,85133,13,28,28,8855479,3.3,C,84,MLS Database,Mid-size (11-50 agents),2026-10-04T19:51:17Z
CREAM-20261004-00922,Walter Garcia,Walter Garcia,Walter,Garcia,walter_garcia@icloud.com,(646) 250-8066,Berkshire Hathaway,Berkshire Hathaway,Lorain,Lorain,OH,44276,0,5,5,1048946,4.6,C,73,LinkedIn,Enterprise (200+ agents),2026-10-04T06:42:49Z
CREAM-20261004-00923,Donald Roberts,Donald Roberts,Donald,Roberts,donaldroberts@outlook.com,(234) 606-8146,Keller Williams,Keller Williams,Wilmington,Wilmington,NC,27586,0,2,2,742677,3.4,C,95,Trade Show,Independent,2026-10-04T23:00:05Z
CREAM-20261004-00924,John Kelly,John Kelly,John,Kelly,john.kelly@yahoo.com,(415) 383-8009,Compass,Compass,Concord,Concord,NC,27440,8,32,32,13345928,3.4,C,62,MLS Database,Mid-size (11-50 agents),2026-10-04T04:33:56Z
CREAM-20261004-00925,Margaret Morales,Margaret Morales,Margaret,Morales,margaretm@hotmail.com,(334) 364-5786,RE/MAX,RE/MAX,McAllen,McAllen,TX,76256,7,25,25,6629297,4.9,C,60,Realtor.com,Independent,2026-10-04T07:15:31Z
CREAM-20261004-00926,Judith Anderson,Judith Anderson,Judith,Anderson,juditha@aol.com,(512) 682-9653,Coldwell Banker,Coldwell Banker,Peoria,Peoria,AZ,85907,0,0,0,0,3.1,C,86,Cold Outreach,Boutique (2-10 agents),2026-10-04T23:06:26Z
CREAM-20261004-00927,Julia Roberts,Julia Roberts,Julia,Roberts,juliaroberts@icloud.com,(704) 897-2273,HomeSmart,HomeSmart,Avondale,Avondale,AZ,86580,21,77,77,23385842,3.8,C,85,Trade Show,Enterprise (200+ agents),2026-10-04T22:53:38Z
CREAM-20261004-00928,Cynthia Chavez,Cynthia Chavez,Cynthia,Chavez,cynthia.chavez@hotmail.com,(614) 674-4861,8z Real Estate,8z Real Estate,Pueblo,Pueblo,CO,80560,4,9,9,6085084,4.7,C,95,Facebook,Boutique (2-10 agents),2026-10-04T05:39:04Z
CREAM-20261004-00929,Gloria Allen,Gloria Allen,Gloria,Allen,gloriaa@berkshirehathaway.com,(512) 475-4290,Berkshire Hathaway,Berkshire Hathaway,Coral Springs,Coral Springs,FL,34839,18,36,36,10864021,4.1,C,98,Brokerage Listings,Large (51-200 agents),2026-10-04T19:02:06Z
CREAM-20261004-00930,Andrew Richardson,Andrew Richardson,Andrew,Richardson,andrewr@icloud.com,(234) 687-8688,Sotheby's International,Sotheby's International,Fontana,Fontana,CA,93785,5,24,24,16810003,4.8,C,78,Cold Outreach,Boutique (2-10 agents),2026-10-04T02:27:59Z
CREAM-20261004-00931,Jacqueline Lee,Jacqueline Lee,Jacqueline,Lee,jlee@outlook.com,(720) 675-1330,Berkshire Hathaway,Berkshire Hathaway,Boulder,Boulder,CO,81501,4,15,15,8463980,3.8,C,91,LinkedIn,Mid-size (11-50 agents),2026-10-04T23:45:44Z
CREAM-20261004-00932,Amber Martinez,Amber Martinez,Amber,Martinez,amartinez@me.com,(407) 777-8771,Berkshire Hathaway,Berkshire Hathaway,Greenville,Greenville,NC,27640,10,75,75,20113389,3.3,C,74,NAR Directory,Independent,2026-10-04T07:01:48Z
CREAM-20261004-00933,Amy Alexander,Amy Alexander,Amy,Alexander,amy_alexander@icloud.com,(704) 560-6342,Douglas Elliman,Douglas Elliman,West Palm Beach,West Palm Beach,FL,34602,0,0,0,0,4.5,C,100,Cold Outreach,Enterprise (200+ agents),2026-10-04T05:14:33Z
CREAM-20261004-00934,Emma Morales,Emma Morales,Emma,Morales,emorales@huntingtonrealestate.com,(919) 513-5754,Huntington Real Estate,Huntington Real Estate,Lorain,Lorain,OH,45239,3,22,22,5663123,3.8,C,92,MLS Database,Boutique (2-10 agents),2026-10-04T04:01:33Z
CREAM-20261004-00935,Sandra Carter,Sandra Carter,Sandra,Carter,scarter@livsothebys.com,(214) 248-9647,LIV Sotheby's,LIV Sotheby's,Pueblo,Pueblo,CO,81569,5,16,16,7831908,3.6,C,84,Referral Network,Large (51-200 agents),2026-10-04T04:02:28Z
CREAM-20261004-00936,Sandra Peterson,Sandra Peterson,Sandra,Peterson,sandra.peterson@gmail.com,(720) 634-8468,Halstead,Halstead,Utica,Utica,NY,11175,14,78,78,60673127,4.3,C,67,Referral Network,Independent,2026-10-04T23:27:24Z
CREAM-20261004-00937,Angela Robinson,Angela Robinson,Angela,Robinson,angelar@kellerwilliams.com,(512) 273-3094,Keller Williams,Keller Williams,Lorain,Lorain,OH,45978,1,8,8,2218901,5.0,C,73,Trade Show,Mid-size (11-50 agents),2026-10-04T07:24:48Z
CREAM-20261004-00938,Emma Alvarez,Emma Alvarez,Emma,Alvarez,emma_alvarez@outlook.com,(214) 920-6289,RE/MAX,RE/MAX,Boulder,Boulder,CO,80568,12,60,60,35308360,4.3,C,99,Realtor.com,Boutique (2-10 agents),2026-10-04T04:35:04Z
CREAM-20261004-00939,Eugene Mendoza,Eugene Mendoza,Eugene,Mendoza,eugene.mendoza@outlook.com,(718) 336-8791,Sotheby's International,Sotheby's International,Modesto,Modesto,CA,93185,10,41,41,31298016,3.1,C,96,Referral Network,Independent,2026-10-04T06:10:08Z
CREAM-20261004-00940,Nancy Hall,Nancy Hall,Nancy,Hall,nhall@livsothebys.com,(713) 868-6054,LIV Sotheby's,LIV Sotheby's,Pueblo,Pueblo,CO,80971,1,7,7,2974635,4.0,C,73,MLS Database,Independent,2026-10-04T18:19:14Z
CREAM-20261004-00941,William Davis,William Davis,William,Davis,william.davis@coldwellbanker.com,(614) 979-9024,Coldwell Banker,Coldwell Banker,West Palm Beach,West Palm Beach,FL,32755,24,78,78,32232201,3.4,C,63,Facebook,Boutique (2-10 agents),2026-10-04T20:50:47Z
CREAM-20261004-00942,Melissa Torres,Melissa Torres,Melissa,Torres,melissat@yahoo.com,(512) 921-6481,Allie Beth Allman,Allie Beth Allman,Mesquite,Mesquite,TX,76356,1,8,8,3011623,3.0,C,73,Trade Show,Independent,2026-10-04T03:23:58Z
CREAM-20261004-00943,Kimberly Patel,Kimberly Patel,Kimberly,Patel,kimberlypatel@icloud.com,(303) 371-8911,Coldwell Banker,Coldwell Banker,Boulder,Boulder,CO,80856,2,7,7,4174760,3.2,C,93,Trade Show,Enterprise (200+ agents),2026-10-04T09:18:57Z
CREAM-20261004-00944,Susan Allen,Susan Allen,Susan,Allen,sallen@hotmail.com,(614) 552-3475,eXp Realty,eXp Realty,Irvine,Irvine,CA,90951,10,70,70,74670670,3.1,C,90,LinkedIn,Large (51-200 agents),2026-10-04T11:59:41Z
CREAM-20261004-00945,Laura Phillips,Laura Phillips,Laura,Phillips,lauraphillips@yahoo.com,(718) 309-2637,eXp Realty,eXp Realty,Yuma,Yuma,AZ,85833,11,59,59,29727343,3.5,C,65,Cold Outreach,Independent,2026-10-04T11:33:17Z
CREAM-20261004-00946,Charles Walker,Charles Walker,Charles,Walker,charles.walker@aol.com,(713) 416-9188,Long Realty,Long Realty,Avondale,Avondale,AZ,85493,8,25,25,9159285,4.5,C,61,LinkedIn,Mid-size (11-50 agents),2026-10-04T10:41:30Z
CREAM-20261004-00947,Kathleen Garcia,Kathleen Garcia,Kathleen,Garcia,kathleeng@outlook.com,(512) 733-1536,eXp Realty,eXp Realty,Pueblo,Pueblo,CO,80477,22,41,41,19769160,4.1,C,85,Website Lead,Enterprise (200+ agents),2026-10-04T10:40:32Z
CREAM-20261004-00948,Kevin Morris,Kevin Morris,Kevin,Morris,kevinmorris@yahoo.com,(614) 294-1828,RE/MAX,RE/MAX,Avondale,Avondale,AZ,86826,9,15,15,7820678,3.5,C,77,Website Lead,Boutique (2-10 agents),2026-10-04T23:34:52Z
CREAM-20261004-00949,Benjamin Evans,Benjamin Evans,Benjamin,Evans,benjamin.evans@me.com,(512) 535-2857,RE/MAX,RE/MAX,Concord,Concord,NC,27844,0,0,0,0,4.6,C,71,Brokerage Listings,Mid-size (11-50 agents),2026-10-04T07:01:45Z
CREAM-20261004-00950,David Evans,David Evans,David,Evans,david_evans@outlook.com,(786) 797-4057,Coldwell Banker,Coldwell Banker,Youngstown,Youngstown,OH,43873,6,29,29,5835495,4.7,C,100,LinkedIn,Independent,2026-10-04T04:34:13Z
CREAM-20261004-00951,Alan Roberts,Alan Roberts,Alan,Roberts,alanr@corcorangroup.com,(980) 302-4803,Corcoran Group,Corcoran Group,Troy,Troy,NY,14339,0,5,5,4155765,4.8,C,99,Realtor.com,Independent,2026-10-04T19:32:39Z
CREAM-20261004-00952,Scott Stewart,Scott Stewart,Scott,Stewart,sstewart@gmail.com,(929) 206-6070,Brown Harris Stevens,Brown Harris Stevens,Mount Vernon,Mount Vernon,NY,11378,10,46,46,37061035,3.1,C,98,Referral Network,Independent,2026-10-04T00:28:59Z
CREAM-20261004-00953,Michael Myers,Michael Myers,Michael,Myers,mmyers@yahoo.com,(786) 754-9858,Huntington Real Estate,Huntington Real Estate,Youngstown,Youngstown,OH,44885,17,35,35,6680169,3.9,C,87,Trade Show,Independent,2026-10-04T05:05:49Z
CREAM-20261004-00954,Scott Russell,Scott Russell,Scott,Russell,scott.russell@hotmail.com,(718) 290-4622,Cutler Real Estate,Cutler Real Estate,Youngstown,Youngstown,OH,45263,25,75,75,22170129,3.2,C,82,Trade Show,Enterprise (200+ agents),2026-10-04T10:47:17Z
CREAM-20261004-00955,Jessica Alvarez,Jessica Alvarez,Jessica,Alvarez,jalvarez@hotmail.com,(469) 977-2678,Coldwell Banker,Coldwell Banker,Palm Bay,Palm Bay,FL,34798,5,19,19,9059604,3.5,C,96,LinkedIn,Mid-size (11-50 agents),2026-10-04T00:10:39Z
CREAM-20261004-00956,Christopher Turner,Christopher Turner,Christopher,Turner,christopherturner@icloud.com,(704) 817-1073,Berkshire Hathaway,Berkshire Hathaway,Westminster,Westminster,CO,81255,2,3,3,1765974,3.8,C,84,Trade Show,Independent,2026-10-04T15:41:19Z
CREAM-20261004-00957,Victoria Torres,Victoria Torres,Victoria,Torres,victoria_torres@icloud.com,(415) 276-8193,Keller Williams,Keller Williams,Yuma,Yuma,AZ,85699,5,16,16,6078572,3.2,C,82,Cold Outreach,Boutique (2-10 agents),2026-10-04T22:11:20Z
CREAM-20261004-00958,Julia Peterson,Julia Peterson,Julia,Peterson,juliap@hotmail.com,(916) 425-1543,Keller Williams Realty,Keller Williams Realty,Moreno Valley,Moreno Valley,CA,92101,5,13,13,10701084,3.4,C,100,Facebook,Enterprise (200+ agents),2026-10-04T23:29:48Z
CREAM-20261004-00959,Scott Rogers,Scott Rogers,Scott,Rogers,scottr@century21.com,(718) 561-8637,Century 21,Century 21,Miramar,Miramar,FL,34981,3,17,17,5879904,3.0,C,67,Website Lead,Boutique (2-10 agents),2026-10-04T17:34:15Z
CREAM-20261004-00960,Jonathan Ross,Jonathan Ross,Jonathan,Ross,jonathan_ross@yahoo.com,(212) 435-5332,8z Real Estate,8z Real Estate,Pueblo,Pueblo,CO,81276,1,12,12,8239493,4.8,C,85,Realtor.com,Enterprise (200+ agents),2026-10-04T03:18:10Z
CREAM-20261004-00961,Debra Diaz,Debra Diaz,Debra,Diaz,debradiaz@outlook.com,(704) 565-4529,Keller Williams,Keller Williams,Hamilton,Hamilton,OH,44614,14,80,80,22528582,3.2,C,99,Brokerage Listings,Boutique (2-10 agents),2026-10-04T21:51:13Z
CREAM-20261004-00962,Kevin Perry,Kevin Perry,Kevin,Perry,kevinp@hotmail.com,(614) 276-1641,Coldwell Banker,Coldwell Banker,Palm Bay,Palm Bay,FL,33482,3,13,13,6178378,4.6,C,95,Trade Show,Boutique (2-10 agents),2026-10-04T00:22:02Z
CREAM-20261004-00963,Angela Castillo,Angela Castillo,Angela,Castillo,angela.castillo@me.com,(805) 989-9503,Halstead,Halstead,Hempstead,Hempstead,NY,11848,22,57,57,29006958,5.0,C,72,Facebook,Enterprise (200+ agents),2026-10-04T14:24:16Z
CREAM-20261004-00964,Justin Mitchell,Justin Mitchell,Justin,Mitchell,jmitchell@yahoo.com,(513) 370-4110,Berkshire Hathaway,Berkshire Hathaway,Gainesville,Gainesville,FL,32297,4,9,9,2733401,3.6,C,73,Realtor.com,Mid-size (11-50 agents),2026-10-04T15:10:12Z
CREAM-20261004-00965,Grace Wilson,Grace Wilson,Grace,Wilson,gwilson@gmail.com,(214) 658-9557,Coldwell Banker,Coldwell Banker,Fremont,Fremont,CA,91158,10,28,28,22739522,4.1,C,75,Website Lead,Mid-size (11-50 agents),2026-10-04T13:26:21Z
CREAM-20261004-00966,Emily Edwards,Emily Edwards,Emily,Edwards,emily_edwards@hotmail.com,(602) 242-1756,RE/MAX,RE/MAX,Boulder,Boulder,CO,80973,2,4,4,1726626,3.1,C,95,NAR Directory,Large (51-200 agents),2026-10-04T12:12:13Z
CREAM-20261004-00967,Ralph Ross,Ralph Ross,Ralph,Ross,ralph.ross@aol.com,(916) 621-4472,Huntington Real Estate,Huntington Real Estate,Youngstown,Youngstown,OH,44999,5,11,11,2909575,3.9,C,87,NAR Directory,Mid-size (11-50 agents),2026-10-04T21:49:41Z
CREAM-20261004-00968,Keith Reyes,Keith Reyes,Keith,Reyes,keith_reyes@gmail.com,(646) 630-5798,Nest Seekers,Nest Seekers,Troy,Troy,NY,12398,3,18,18,11787807,4.2,C,97,Cold Outreach,Boutique (2-10 agents),2026-10-04T00:05:18Z
CREAM-20261004-00969,Carol Walker,Carol Walker,Carol,Walker,carol.walker@hotmail.com,(310) 472-5452,Coldwell Banker,Coldwell Banker,Clearwater,Clearwater,FL,33132,5,22,22,7483221,3.3,C,60,Cold Outreach,Boutique (2-10 agents),2026-10-04T18:37:07Z
CREAM-20261004-00970,Matthew Morales,Matthew Morales,Matthew,Morales,mmorales@icloud.com,(714) 337-4123,Huntington Real Estate,Huntington Real Estate,Hamilton,Hamilton,OH,43431,3,8,8,2220422,4.4,C,83,Facebook,Boutique (2-10 agents),2026-10-04T16:50:27Z
CREAM-20261004-00971,Katherine Rogers,Katherine Rogers,Katherine,Rogers,katherinerogers@outlook.com,(415) 318-5546,eXp Realty,eXp Realty,Concord,Concord,NC,28597,13,78,78,21534289,5.0,C,93,Referral Network,Enterprise (200+ agents),2026-10-04T19:58:03Z
CREAM-20261004-00972,Peter Young,Peter Young,Peter,Young,peter_young@aol.com,(919) 467-5919,Cutler Real Estate,Cutler Real Estate,Youngstown,Youngstown,OH,43453,3,8,8,2495764,3.3,C,84,Realtor.com,Large (51-200 agents),2026-10-04T07:09:39Z
CREAM-20261004-00973,Raymond Bennett,Raymond Bennett,Raymond,Bennett,raymond.bennett@yahoo.com,(512) 368-5935,eXp Realty,eXp Realty,Yuma,Yuma,AZ,86403,4,9,9,4277808,5.0,C,72,MLS Database,Boutique (2-10 agents),2026-10-04T03:42:06Z
CREAM-20261004-00974,Emily Coleman,Emily Coleman,Emily,Coleman,emily.coleman@aol.com,(980) 864-4448,Coldwell Banker,Coldwell Banker,Peoria,Peoria,AZ,86283,24,34,34,11066768,4.1,C,97,Cold Outreach,Boutique (2-10 agents),2026-10-04T08:21:19Z
CREAM-20261004-00975,Gary Price,Gary Price,Gary,Price,gary.price@gmail.com,(310) 832-8422,Nest Seekers,Nest Seekers,Schenectady,Schenectady,NY,12391,1,10,10,8284771,3.8,C,75,Brokerage Listings,Independent,2026-10-04T20:37:10Z
CREAM-20261004-00976,Raymond Alvarez,Raymond Alvarez,Raymond,Alvarez,raymonda@berkshirehathaway.com,(714) 624-1380,Berkshire Hathaway,Berkshire Hathaway,Miramar,Miramar,FL,33329,19,75,75,35641404,4.3,C,89,LinkedIn,Mid-size (11-50 agents),2026-10-04T10:38:38Z
CREAM-20261004-00977,Susan Perry,Susan Perry,Susan,Perry,susanp@aol.com,(704) 658-8801,Pacific Sotheby's,Pacific Sotheby's,Moreno Valley,Moreno Valley,CA,92900,18,46,46,48581929,4.5,C,93,Cold Outreach,Boutique (2-10 agents),2026-10-04T04:55:51Z
CREAM-20261004-00978,Brittany Lee,Brittany Lee,Brittany,Lee,brittany.lee@me.com,(303) 296-4864,Douglas Elliman,Douglas Elliman,White Plains,White Plains,NY,13248,18,44,44,25487446,4.2,C,75,Realtor.com,Independent,2026-10-04T06:29:36Z
CREAM-20261004-00979,John Johnson,John Johnson,John,Johnson,john.johnson@me.com,(805) 428-4868,Compass,Compass,Troy,Troy,NY,10916,7,34,34,25510929,3.2,C,79,NAR Directory,Mid-size (11-50 agents),2026-10-04T07:31:39Z
CREAM-20261004-00980,Rose Brown,Rose Brown,Rose,Brown,roseb@aol.com,(805) 707-4757,LIV Sotheby's,LIV Sotheby's,Centennial,Centennial,CO,81965,14,77,77,49007752,3.1,C,80,Referral Network,Independent,2026-10-04T00:41:09Z
CREAM-20261004-00981,Wayne Mendoza,Wayne Mendoza,Wayne,Mendoza,wayne_mendoza@yahoo.com,(256) 833-2946,RE/MAX,RE/MAX,Hamilton,Hamilton,OH,44190,17,62,62,19916521,4.0,C,85,MLS Database,Boutique (2-10 agents),2026-10-04T21:07:19Z
CREAM-20261004-00982,Albert Kelly,Albert Kelly,Albert,Kelly,albertkelly@hotmail.com,(972) 239-9270,Douglas Elliman,Douglas Elliman,White Plains,White Plains,NY,12690,13,32,32,19964365,4.0,C,68,Referral Network,Independent,2026-10-04T08:58:57Z
CREAM-20261004-00983,Jerry Reyes,Jerry Reyes,Jerry,Reyes,jerry.reyes@kellerwilliams.com,(916) 860-8015,Keller Williams,Keller Williams,Avondale,Avondale,AZ,86749,13,63,63,25980888,3.4,C,64,NAR Directory,Independent,2026-10-04T06:36:46Z
CREAM-20261004-00984,Gloria Richardson,Gloria Richardson,Gloria,Richardson,gloria_richardson@me.com,(713) 201-9938,HomeSmart,HomeSmart,Surprise,Surprise,AZ,86972,5,17,17,5407744,3.7,C,70,Facebook,Boutique (2-10 agents),2026-10-04T23:35:00Z
CREAM-20261004-00985,Arthur Green,Arthur Green,Arthur,Green,agreen@me.com,(704) 209-1285,Coldwell Banker,Coldwell Banker,Mesquite,Mesquite,TX,78397,2,4,4,1298844,4.2,C,89,Cold Outreach,Large (51-200 agents),2026-10-04T14:27:52Z
CREAM-20261004-00986,Timothy Harris,Timothy Harris,Timothy,Harris,timothyh@sothebysinternational.com,(919) 681-4718,Sotheby's International,Sotheby's International,Fontana,Fontana,CA,90968,23,72,72,66763503,5.0,C,80,Cold Outreach,Large (51-200 agents),2026-10-04T15:07:03Z
CREAM-20261004-00987,Angela Walker,Angela Walker,Angela,Walker,angela_walker@icloud.com,(602) 342-7560,Compass,Compass,Gainesville,Gainesville,FL,34114,9,25,25,13329225,3.5,C,84,Facebook,Enterprise (200+ agents),2026-10-04T15:19:40Z
CREAM-20261004-00988,Samuel Stewart,Samuel Stewart,Samuel,Stewart,samuel_stewart@aol.com,(334) 507-9679,Long Realty,Long Realty,Yuma,Yuma,AZ,86614,15,37,37,18821278,3.6,C,74,Website Lead,Enterprise (200+ agents),2026-10-04T03:36:26Z
CREAM-20261004-00989,Jonathan Price,Jonathan Price,Jonathan,Price,jonathan.price@aol.com,(512) 583-8126,eXp Realty,eXp Realty,High Point,High Point,NC,28791,0,1,1,342008,4.5,C,61,Trade Show,Large (51-200 agents),2026-10-04T16:27:20Z
CREAM-20261004-00990,Sandra Hill,Sandra Hill,Sandra,Hill,sandra.hill@hotmail.com,(404) 740-5813,Sotheby's International,Sotheby's International,Mount Vernon,Mount Vernon,NY,13871,7,21,21,10814876,4.3,C,73,NAR Directory,Large (51-200 agents),2026-10-04T15:13:38Z
CREAM-20261004-00991,Laura Rodriguez,Laura Rodriguez,Laura,Rodriguez,laurar@halstead.com,(513) 707-7516,Halstead,Halstead,Utica,Utica,NY,10394,5,16,16,7833454,3.1,C,78,LinkedIn,Large (51-200 agents),2026-10-04T17:00:19Z
CREAM-20261004-00992,Janet Cox,Janet Cox,Janet,Cox,janetc@kellerwilliams.com,(256) 565-3546,Keller Williams,Keller Williams,Pueblo,Pueblo,CO,81565,21,35,35,14124368,3.3,C,89,Cold Outreach,Independent,2026-10-04T12:18:41Z
CREAM-20261004-00993,Cynthia Patel,Cynthia Patel,Cynthia,Patel,cynthiapatel@aol.com,(214) 742-3259,Compass,Compass,Clearwater,Clearwater,FL,33455,3,13,13,6805458,4.6,C,71,Website Lead,Large (51-200 agents),2026-10-04T16:28:29Z
CREAM-20261004-00994,Barbara Nguyen,Barbara Nguyen,Barbara,Nguyen,barbaran@halstead.com,(929) 976-8501,Halstead,Halstead,Troy,Troy,NY,12843,4,18,18,10824935,3.5,C,99,Brokerage Listings,Large (51-200 agents),2026-10-04T20:45:32Z
CREAM-20261004-00995,Louis Lee,Louis Lee,Louis,Lee,louis.lee@aol.com,(512) 581-9211,Coldwell Banker,Coldwell Banker,Moreno Valley,Moreno Valley,CA,94625,5,8,8,7193903,3.3,C,67,NAR Directory,Enterprise (200+ agents),2026-10-04T05:37:17Z
CREAM-20261004-00996,Andrew Reyes,Andrew Reyes,Andrew,Reyes,andrewreyes@icloud.com,(602) 498-5750,RE/MAX,RE/MAX,Canton,Canton,OH,45764,4,17,17,4865474,3.8,C,66,MLS Database,Large (51-200 agents),2026-10-04T15:54:28Z
CREAM-20261004-00997,Carolyn Flores,Carolyn Flores,Carolyn,Flores,carolynf@icloud.com,(256) 340-3006,Compass,Compass,Coral Springs,Coral Springs,FL,32449,12,68,68,25947789,3.4,C,90,Realtor.com,Independent,2026-10-04T05:42:10Z
CREAM-20261004-00998,Sandra Wilson,Sandra Wilson,Sandra,Wilson,sandrawilson@me.com,(713) 216-6150,Berkshire Hathaway,Berkshire Hathaway,Concord,Concord,NC,27803,22,30,30,13100983,3.4,C,66,Cold Outreach,Large (51-200 agents),2026-10-04T17:11:14Z
CREAM-20261004-00999,Judith Patel,Judith Patel,Judith,Patel,judithp@longrealty.com,(512) 319-7177,Long Realty,Long Realty,Peoria,Peoria,AZ,85417,15,58,58,22408901,4.6,C,89,Website Lead,Boutique (2-10 agents),2026-10-04T05:10:32Z
CREAM-20261004-01000,Elizabeth Ward,Elizabeth Ward,Elizabeth,Ward,elizabethw@icloud.com,(334) 579-1924,Briggs Freeman Sotheby's,Briggs Freeman Sotheby's,Mesquite,Mesquite,TX,78833,3,25,25,7152855,4.9,C,81,Cold Outreach,Boutique (2-10 agents),2026-10-04T11:41:12Z
