id,full_name,name,first_name,last_name,email,phone,brokerage,company,metro_area,city,state,zip,years_experience,transactions_12mo,transactions_last_year,sales_volume,rating,priority,cream_fit_score,source,brokerage_size,scraped_at
CREAM-20260907-00001,Patricia Sullivan,Patricia Sullivan,Patricia,Sullivan,patricias@kellerwilliams.com,(713) 709-4191,Keller Williams,Keller Williams,El Paso,El Paso,TX,75647,5,8,8,2748636,3.5,A,95,Trade Show,Large (51-200 agents),2026-09-07T23:36:52Z
CREAM-20260907-00002,Jessica Williams,Jessica Williams,Jessica,Williams,jessicaw@hotmail.com,(646) 249-6821,Douglas Elliman,Douglas Elliman,St. Petersburg,St. Petersburg,FL,33126,0,2,2,728005,3.9,A,91,Referral Network,Enterprise (200+ agents),2026-09-07T00:08:38Z
CREAM-20260907-00003,Ralph Cox,Ralph Cox,Ralph,Cox,ralphcox@hotmail.com,(614) 390-8894,eXp Realty,eXp Realty,Tucson,Tucson,AZ,85602,4,25,25,8084132,4.3,A,85,LinkedIn,Mid-size (11-50 agents),2026-09-07T08:29:58Z
CREAM-20260907-00004,Alan Morgan,Alan Morgan,Alan,Morgan,alan.morgan@gmail.com,(310) 454-7062,RE/MAX,RE/MAX,Long Beach,Long Beach,CA,90918,2,12,12,11539496,5.0,A,86,Cold Outreach,Boutique (2-10 agents),2026-09-07T07:49:32Z
CREAM-20260907-00005,Catherine Scott,Catherine Scott,Catherine,Scott,catherinescott@outlook.com,(714) 218-5716,Coldwell Banker,Coldwell Banker,Colorado Springs,Colorado Springs,CO,81592,2,10,10,5462087,3.7,A,93,Realtor.com,Large (51-200 agents),2026-09-07T05:10:24Z
CREAM-20260907-00006,Tyler Jimenez,Tyler Jimenez,Tyler,Jimenez,tylerj@century21.com,(512) 257-2545,Century 21,Century 21,Miami,Miami,FL,32956,13,65,65,29496446,4.5,A,89,MLS Database,Boutique (2-10 agents),2026-09-07T00:53:11Z
CREAM-20260907-00007,Nicole Carter,Nicole Carter,Nicole,Carter,ncarter@aol.com,(919) 267-1457,Russell Lyon Sotheby's,Russell Lyon Sotheby's,Tucson,Tucson,AZ,86984,0,3,3,1255776,3.8,A,67,Trade Show,Mid-size (11-50 agents),2026-09-07T04:43:39Z
CREAM-20260907-00008,Stephen Campbell,Stephen Campbell,Stephen,Campbell,stephen_campbell@icloud.com,(310) 739-3399,Berkshire Hathaway,Berkshire Hathaway,Aurora,Aurora,CO,81852,10,72,72,32979042,3.1,A,82,Brokerage Listings,Large (51-200 agents),2026-09-07T21:05:47Z
CREAM-20260907-00009,Judith Wood,Judith Wood,Judith,Wood,judith_wood@hotmail.com,(713) 832-9589,Berkshire Hathaway,Berkshire Hathaway,Cincinnati,Cincinnati,OH,44310,1,10,10,2232362,3.1,A,64,LinkedIn,Mid-size (11-50 agents),2026-09-07T03:34:09Z
CREAM-20260907-00010,Victoria Brown,Victoria Brown,Victoria,Brown,victoria.brown@me.com,(929) 408-5877,Howard Hanna,Howard Hanna,Raleigh,Raleigh,NC,28378,6,39,39,16029347,3.2,A,75,LinkedIn,Enterprise (200+ agents),2026-09-07T18:45:32Z
CREAM-20260907-00011,Keith Wood,Keith Wood,Keith,Wood,kwood@icloud.com,(256) 834-9533,Huntington Real Estate,Huntington Real Estate,Columbus,Columbus,OH,44950,15,65,65,21019327,3.6,A,79,Facebook,Large (51-200 agents),2026-09-07T10:12:12Z
CREAM-20260907-00012,Juan Cruz,Juan Cruz,Juan,Cruz,juanc@icloud.com,(713) 378-2431,Pacific Sotheby's,Pacific Sotheby's,San Jose,San Jose,CA,94219,2,3,3,2677078,4.4,A,95,LinkedIn,Mid-size (11-50 agents),2026-09-07T05:38:00Z
CREAM-20260907-00013,Keith Richardson,Keith Richardson,Keith,Richardson,keith.richardson@hotmail.com,(614) 876-6839,Keller Williams,Keller Williams,Raleigh,Raleigh,NC,27395,8,32,32,9478248,3.2,A,67,Referral Network,Boutique (2-10 agents),2026-09-07T01:05:35Z
CREAM-20260907-00014,Kimberly Brown,Kimberly Brown,Kimberly,Brown,kimberly.brown@exprealty.com,(646) 627-6623,eXp Realty,eXp Realty,Dallas,Dallas,TX,76549,4,22,22,6529146,4.4,A,95,Referral Network,Mid-size (11-50 agents),2026-09-07T14:02:26Z
CREAM-20260907-00015,Christine Smith,Christine Smith,Christine,Smith,csmith@coldwellbanker.com,(303) 330-9663,Coldwell Banker,Coldwell Banker,Fort Lauderdale,Fort Lauderdale,FL,34438,4,9,9,4375129,3.6,A,73,Realtor.com,Large (51-200 agents),2026-09-07T04:45:20Z
CREAM-20260907-00016,Karen Ward,Karen Ward,Karen,Ward,karenward@gmail.com,(214) 740-4351,Keller Williams,Keller Williams,Denver,Denver,CO,80350,16,40,40,23996268,3.4,A,79,Brokerage Listings,Enterprise (200+ agents),2026-09-07T10:42:28Z
CREAM-20260907-00017,Brenda Sanchez,Brenda Sanchez,Brenda,Sanchez,brenda_sanchez@outlook.com,(704) 712-6711,Berkshire Hathaway HomeServices,Berkshire Hathaway HomeServices,San Diego,San Diego,CA,91538,13,42,42,44148759,3.1,A,62,Trade Show,Mid-size (11-50 agents),2026-09-07T01:43:37Z
CREAM-20260907-00018,Ruth Rodriguez,Ruth Rodriguez,Ruth,Rodriguez,ruthrodriguez@icloud.com,(713) 676-1595,Keller Williams,Keller Williams,Austin,Austin,TX,78507,21,80,80,26200926,3.7,A,83,MLS Database,Independent,2026-09-07T01:52:27Z
CREAM-20260907-00019,Carolyn Hernandez,Carolyn Hernandez,Carolyn,Hernandez,carolynh@yahoo.com,(415) 685-7535,8z Real Estate,8z Real Estate,Aurora,Aurora,CO,80517,2,3,3,1293439,3.6,A,63,Cold Outreach,Boutique (2-10 agents),2026-09-07T17:59:22Z
CREAM-20260907-00020,Linda Coleman,Linda Coleman,Linda,Coleman,lindac@gmail.com,(513) 332-1671,Briggs Freeman Sotheby's,Briggs Freeman Sotheby's,San Antonio,San Antonio,TX,78998,25,69,69,30610080,4.6,A,69,Trade Show,Enterprise (200+ agents),2026-09-07T04:39:18Z
CREAM-20260907-00021,Jason Clark,Jason Clark,Jason,Clark,jclark@compass.com,(786) 686-3129,Compass,Compass,Charlotte,Charlotte,NC,27996,14,76,76,20303215,4.8,A,71,Brokerage Listings,Large (51-200 agents),2026-09-07T14:52:46Z
CREAM-20260907-00022,Christine Sanchez,Christine Sanchez,Christine,Sanchez,christines@corcorangroup.com,(334) 889-1197,Corcoran Group,Corcoran Group,Bronx,Bronx,NY,10343,3,22,22,13353623,4.6,A,77,Referral Network,Independent,2026-09-07T07:00:21Z
CREAM-20260907-00023,Dennis Ramirez,Dennis Ramirez,Dennis,Ramirez,dramirez@gmail.com,(805) 551-2591,Coldwell Banker,Coldwell Banker,Phoenix,Phoenix,AZ,86677,4,24,24,10320933,4.6,A,92,Website Lead,Mid-size (11-50 agents),2026-09-07T02:47:18Z
CREAM-20260907-00024,Jack Garcia,Jack Garcia,Jack,Garcia,jack_garcia@me.com,(256) 873-9413,RE/MAX,RE/MAX,Sacramento,Sacramento,CA,90791,4,10,10,10270035,4.7,A,70,Referral Network,Enterprise (200+ agents),2026-09-07T12:08:40Z
CREAM-20260907-00025,Benjamin Anderson,Benjamin Anderson,Benjamin,Anderson,benjamin_anderson@outlook.com,(602) 965-5942,Douglas Elliman,Douglas Elliman,Jacksonville,Jacksonville,FL,33564,14,44,44,12993920,3.2,A,94,Brokerage Listings,Boutique (2-10 agents),2026-09-07T08:51:03Z
CREAM-20260907-00026,Patricia Diaz,Patricia Diaz,Patricia,Diaz,patricia.diaz@aol.com,(786) 225-9619,Century 21,Century 21,Tampa,Tampa,FL,33900,4,8,8,2742963,4.1,A,88,Facebook,Enterprise (200+ agents),2026-09-07T15:30:11Z
CREAM-20260907-00027,Frank Howard,Frank Howard,Frank,Howard,frank_howard@yahoo.com,(980) 542-5758,Sotheby's International,Sotheby's International,Los Angeles,Los Angeles,CA,94977,1,11,11,7597562,4.3,A,95,LinkedIn,Boutique (2-10 agents),2026-09-07T21:05:51Z
CREAM-20260907-00028,Joshua Brown,Joshua Brown,Joshua,Brown,jbrown@me.com,(980) 791-8128,Long Realty,Long Realty,Phoenix,Phoenix,AZ,86126,22,59,59,21200204,4.1,A,66,Brokerage Listings,Large (51-200 agents),2026-09-07T16:15:46Z
CREAM-20260907-00029,Steven Ruiz,Steven Ruiz,Steven,Ruiz,steven.ruiz@me.com,(234) 610-6831,Sotheby's International,Sotheby's International,San Jose,San Jose,CA,93841,1,10,10,10658891,3.2,A,67,LinkedIn,Large (51-200 agents),2026-09-07T16:22:16Z
CREAM-20260907-00030,Brenda Rivera,Brenda Rivera,Brenda,Rivera,brendarivera@hotmail.com,(212) 247-9516,Coldwell Banker,Coldwell Banker,Orlando,Orlando,FL,33740,19,74,74,32642682,4.5,A,72,Website Lead,Large (51-200 agents),2026-09-07T21:14:16Z
CREAM-20260907-00031,Frank Fisher,Frank Fisher,Frank,Fisher,frank.fisher@allentate.com,(718) 598-9395,Allen Tate,Allen Tate,Raleigh,Raleigh,NC,28402,5,22,22,6827270,4.1,A,98,Realtor.com,Mid-size (11-50 agents),2026-09-07T22:18:19Z
CREAM-20260907-00032,Debra Alvarez,Debra Alvarez,Debra,Alvarez,debra_alvarez@aol.com,(256) 409-9761,RE/MAX,RE/MAX,Raleigh,Raleigh,NC,27170,20,42,42,15318495,3.6,A,64,NAR Directory,Mid-size (11-50 agents),2026-09-07T21:01:40Z
CREAM-20260907-00033,Betty Wilson,Betty Wilson,Betty,Wilson,betty.wilson@hotmail.com,(305) 463-7698,Allen Tate,Allen Tate,Charlotte,Charlotte,NC,27201,4,20,20,7627984,3.2,A,76,Website Lead,Boutique (2-10 agents),2026-09-07T00:53:55Z
CREAM-20260907-00034,Ralph Wood,Ralph Wood,Ralph,Wood,rwood@gmail.com,(512) 318-9640,eXp Realty,eXp Realty,San Antonio,San Antonio,TX,77713,3,10,10,3849004,3.2,A,77,Brokerage Listings,Mid-size (11-50 agents),2026-09-07T14:11:03Z
CREAM-20260907-00035,Philip Hill,Philip Hill,Philip,Hill,phill@icloud.com,(980) 710-9794,Berkshire Hathaway,Berkshire Hathaway,Orlando,Orlando,FL,34625,5,23,23,8689114,4.9,A,81,Realtor.com,Boutique (2-10 agents),2026-09-07T14:57:20Z
CREAM-20260907-00036,Eugene Reyes,Eugene Reyes,Eugene,Reyes,eugene.reyes@aol.com,(310) 279-3742,RE/MAX,RE/MAX,Jacksonville,Jacksonville,FL,34654,9,24,24,8131886,3.6,A,87,Facebook,Mid-size (11-50 agents),2026-09-07T08:24:21Z
CREAM-20260907-00037,Betty Johnson,Betty Johnson,Betty,Johnson,bettyj@hotmail.com,(512) 661-9564,Keller Williams Realty,Keller Williams Realty,Fort Lauderdale,Fort Lauderdale,FL,33706,4,22,22,10821429,4.2,A,72,NAR Directory,Independent,2026-09-07T18:16:01Z
CREAM-20260907-00038,Deborah Carter,Deborah Carter,Deborah,Carter,dcarter@aol.com,(713) 873-3939,Briggs Freeman Sotheby's,Briggs Freeman Sotheby's,Dallas,Dallas,TX,76304,1,10,10,2837337,3.6,A,77,NAR Directory,Large (51-200 agents),2026-09-07T11:25:24Z
CREAM-20260907-00039,Eric Ortiz,Eric Ortiz,Eric,Ortiz,erico@me.com,(334) 972-5614,Sotheby's International,Sotheby's International,Bronx,Bronx,NY,11355,14,55,55,45895015,5.0,A,85,Facebook,Boutique (2-10 agents),2026-09-07T20:09:30Z
CREAM-20260907-00040,Emma Gray,Emma Gray,Emma,Gray,egray@outlook.com,(234) 794-5766,Compass,Compass,Colorado Springs,Colorado Springs,CO,81773,0,5,5,3153521,3.4,A,87,Realtor.com,Independent,2026-09-07T14:45:56Z
CREAM-20260907-00041,Jessica Jackson,Jessica Jackson,Jessica,Jackson,jjackson@8zrealestate.com,(404) 541-2518,8z Real Estate,8z Real Estate,Denver,Denver,CO,81395,4,20,20,11071008,4.5,A,76,LinkedIn,Boutique (2-10 agents),2026-09-07T05:33:12Z
CREAM-20260907-00042,Deborah Hall,Deborah Hall,Deborah,Hall,dhall@re/max.com,(602) 225-3146,RE/MAX,RE/MAX,Colorado Springs,Colorado Springs,CO,80594,10,71,71,41533962,4.9,A,88,Cold Outreach,Boutique (2-10 agents),2026-09-07T11:32:59Z
CREAM-20260907-00043,Jack Morales,Jack Morales,Jack,Morales,jmorales@berkshirehathaway.com,(916) 582-3799,Berkshire Hathaway,Berkshire Hathaway,Charlotte,Charlotte,NC,27618,6,19,19,6174148,3.5,A,70,Cold Outreach,Mid-size (11-50 agents),2026-09-07T17:04:57Z
CREAM-20260907-00044,Gloria Bailey,Gloria Bailey,Gloria,Bailey,gbailey@briggsfreemansothebys.com,(929) 803-6627,Briggs Freeman Sotheby's,Briggs Freeman Sotheby's,Houston,Houston,TX,78515,2,5,5,2245009,4.5,A,94,Trade Show,Independent,2026-09-07T22:38:20Z
CREAM-20260907-00045,Amy Gray,Amy Gray,Amy,Gray,amy_gray@yahoo.com,(602) 626-4628,Berkshire Hathaway,Berkshire Hathaway,Raleigh,Raleigh,NC,27576,25,66,66,22641313,3.9,A,60,NAR Directory,Mid-size (11-50 agents),2026-09-07T10:10:10Z
CREAM-20260907-00046,Jonathan Rivera,Jonathan Rivera,Jonathan,Rivera,jonathanr@aol.com,(310) 812-4841,eXp Realty,eXp Realty,Columbus,Columbus,OH,44956,5,19,19,5807330,4.5,A,82,Trade Show,Enterprise (200+ agents),2026-09-07T14:09:51Z
CREAM-20260907-00047,Melissa Morris,Melissa Morris,Melissa,Morris,mmorris@livsothebys.com,(929) 452-3336,LIV Sotheby's,LIV Sotheby's,Denver,Denver,CO,80798,21,52,52,37129738,4.2,A,93,Brokerage Listings,Boutique (2-10 agents),2026-09-07T09:20:35Z
CREAM-20260907-00048,Thomas King,Thomas King,Thomas,King,tking@yahoo.com,(972) 742-9910,Coldwell Banker,Coldwell Banker,Colorado Springs,Colorado Springs,CO,80646,25,69,69,29788740,3.1,A,83,Realtor.com,Independent,2026-09-07T10:12:56Z
CREAM-20260907-00049,Tyler Lewis,Tyler Lewis,Tyler,Lewis,tyler.lewis@berkshirehathaway.com,(614) 793-1910,Berkshire Hathaway,Berkshire Hathaway,Scottsdale,Scottsdale,AZ,85325,12,40,40,14208514,4.9,A,74,LinkedIn,Large (51-200 agents),2026-09-07T19:48:02Z
CREAM-20260907-00050,Catherine Lee,Catherine Lee,Catherine,Lee,clee@hotmail.com,(929) 566-9756,Sotheby's International,Sotheby's International,San Jose,San Jose,CA,90211,0,5,5,5427300,4.1,A,96,NAR Directory,Boutique (2-10 agents),2026-09-07T13:57:37Z
CREAM-20260907-00051,Theresa Bennett,Theresa Bennett,Theresa,Bennett,theresab@gmail.com,(805) 485-7354,Century 21,Century 21,Jacksonville,Jacksonville,FL,32717,15,72,72,39267355,3.2,A,79,Realtor.com,Mid-size (11-50 agents),2026-09-07T19:19:05Z
CREAM-20260907-00052,Barbara Martinez,Barbara Martinez,Barbara,Martinez,barbaramartinez@gmail.com,(256) 538-7943,Allie Beth Allman,Allie Beth Allman,San Antonio,San Antonio,TX,79327,3,11,11,3160748,4.9,A,87,LinkedIn,Enterprise (200+ agents),2026-09-07T16:12:24Z
CREAM-20260907-00053,Larry Gomez,Larry Gomez,Larry,Gomez,larry.gomez@hotmail.com,(310) 384-7830,Russell Lyon Sotheby's,Russell Lyon Sotheby's,Phoenix,Phoenix,AZ,86793,7,23,23,9783006,3.9,A,66,LinkedIn,Boutique (2-10 agents),2026-09-07T20:44:12Z
CREAM-20260907-00054,Susan Ross,Susan Ross,Susan,Ross,sross@outlook.com,(919) 954-3005,Compass,Compass,Raleigh,Raleigh,NC,27902,5,16,16,4552494,4.7,A,95,Website Lead,Independent,2026-09-07T17:22:07Z
CREAM-20260907-00055,Samuel Hughes,Samuel Hughes,Samuel,Hughes,shughes@re/max.com,(310) 275-1695,RE/MAX,RE/MAX,Scottsdale,Scottsdale,AZ,86258,16,52,52,24886476,3.1,A,93,Referral Network,Large (51-200 agents),2026-09-07T11:49:40Z
CREAM-20260907-00056,Gloria Flores,Gloria Flores,Gloria,Flores,gloriaf@aol.com,(303) 800-1295,Briggs Freeman Sotheby's,Briggs Freeman Sotheby's,Fort Worth,Fort Worth,TX,77687,1,8,8,2332910,3.4,A,87,Website Lead,Independent,2026-09-07T14:49:09Z
CREAM-20260907-00057,Elizabeth Stewart,Elizabeth Stewart,Elizabeth,Stewart,elizabethstewart@outlook.com,(972) 750-6063,Cutler Real Estate,Cutler Real Estate,Columbus,Columbus,OH,44254,1,9,9,2217990,3.9,A,61,Facebook,Enterprise (200+ agents),2026-09-07T16:08:41Z
CREAM-20260907-00058,Amber Alexander,Amber Alexander,Amber,Alexander,aalexander@yahoo.com,(512) 860-1342,Coldwell Banker,Coldwell Banker,Scottsdale,Scottsdale,AZ,86737,17,35,35,10828892,3.3,A,62,NAR Directory,Large (51-200 agents),2026-09-07T10:35:27Z
CREAM-20260907-00059,Jennifer Wright,Jennifer Wright,Jennifer,Wright,jennifer.wright@icloud.com,(214) 323-5486,Allen Tate,Allen Tate,Charlotte,Charlotte,NC,27896,1,9,9,3968534,4.5,A,65,Trade Show,Mid-size (11-50 agents),2026-09-07T03:59:07Z
CREAM-20260907-00060,Jeffrey Mendoza,Jeffrey Mendoza,Jeffrey,Mendoza,jeffrey.mendoza@berkshirehathaway.com,(513) 567-4747,Berkshire Hathaway,Berkshire Hathaway,Miami,Miami,FL,34764,0,2,2,975410,3.0,A,79,Website Lead,Enterprise (200+ agents),2026-09-07T10:20:35Z
CREAM-20260907-00061,Justin Jones,Justin Jones,Justin,Jones,justin.jones@outlook.com,(980) 820-3196,Keller Williams Realty,Keller Williams Realty,Sacramento,Sacramento,CA,94325,5,14,14,11164134,3.7,A,72,Trade Show,Independent,2026-09-07T21:24:32Z
CREAM-20260907-00062,Samantha Watson,Samantha Watson,Samantha,Watson,samantha.watson@outlook.com,(720) 217-8200,eXp Realty,eXp Realty,Greensboro,Greensboro,NC,27165,0,2,2,670705,5.0,A,83,NAR Directory,Mid-size (11-50 agents),2026-09-07T13:09:23Z
CREAM-20260907-00063,Donald Jimenez,Donald Jimenez,Donald,Jimenez,donaldj@icloud.com,(713) 786-8573,Coldwell Banker,Coldwell Banker,Charlotte,Charlotte,NC,28248,21,45,45,16514656,4.8,A,83,MLS Database,Mid-size (11-50 agents),2026-09-07T03:08:13Z
CREAM-20260907-00064,Eric Allen,Eric Allen,Eric,Allen,ericallen@me.com,(972) 271-5341,Sotheby's International,Sotheby's International,Manhattan,Manhattan,NY,13287,16,57,57,34239274,4.6,A,84,Facebook,Large (51-200 agents),2026-09-07T14:58:55Z
CREAM-20260907-00065,Eric Martin,Eric Martin,Eric,Martin,ericm@kellerwilliams.com,(646) 845-8520,Keller Williams,Keller Williams,Raleigh,Raleigh,NC,27828,3,17,17,5755448,4.9,A,93,MLS Database,Boutique (2-10 agents),2026-09-07T16:20:50Z
CREAM-20260907-00066,Alan Hernandez,Alan Hernandez,Alan,Hernandez,alan.hernandez@century21.com,(916) 712-4283,Century 21,Century 21,Jacksonville,Jacksonville,FL,32654,19,51,51,21181953,3.7,A,86,MLS Database,Independent,2026-09-07T17:28:34Z
CREAM-20260907-00067,James Campbell,James Campbell,James,Campbell,jamesc@aol.com,(407) 903-6035,eXp Realty,eXp Realty,Long Beach,Long Beach,CA,96357,24,47,47,40596863,3.7,A,75,Trade Show,Enterprise (200+ agents),2026-09-07T10:11:36Z
CREAM-20260907-00068,Pamela Wright,Pamela Wright,Pamela,Wright,pamela_wright@yahoo.com,(256) 831-3339,Coldwell Banker,Coldwell Banker,Columbus,Columbus,OH,45910,20,71,71,15356393,3.3,A,75,Trade Show,Enterprise (200+ agents),2026-09-07T12:25:07Z
CREAM-20260907-00069,Paul Rivera,Paul Rivera,Paul,Rivera,paul.rivera@icloud.com,(646) 581-4338,Allen Tate,Allen Tate,Charlotte,Charlotte,NC,27870,14,30,30,8852228,4.0,A,84,Facebook,Enterprise (200+ agents),2026-09-07T16:01:23Z
CREAM-20260907-00070,Deborah Roberts,Deborah Roberts,Deborah,Roberts,deborahroberts@aol.com,(256) 818-7011,Brown Harris Stevens,Brown Harris Stevens,Brooklyn,Brooklyn,NY,14271,2,9,9,6501103,3.5,A,91,LinkedIn,Enterprise (200+ agents),2026-09-07T05:36:20Z
CREAM-20260907-00071,Gary Clark,Gary Clark,Gary,Clark,gary.clark@yahoo.com,(310) 932-9293,Russell Lyon Sotheby's,Russell Lyon Sotheby's,Mesa,Mesa,AZ,85632,1,8,8,2983477,4.0,A,98,Trade Show,Large (51-200 agents),2026-09-07T07:38:29Z
CREAM-20260907-00072,Dorothy Parker,Dorothy Parker,Dorothy,Parker,dparker@livsothebys.com,(212) 462-8701,LIV Sotheby's,LIV Sotheby's,Aurora,Aurora,CO,81883,3,21,21,14956609,4.1,A,93,Cold Outreach,Independent,2026-09-07T07:21:35Z
CREAM-20260907-00073,Arthur Taylor,Arthur Taylor,Arthur,Taylor,arthur.taylor@yahoo.com,(303) 332-2755,Douglas Elliman,Douglas Elliman,Fort Worth,Fort Worth,TX,78509,1,6,6,1513887,5.0,A,74,Referral Network,Large (51-200 agents),2026-09-07T01:16:43Z
CREAM-20260907-00074,Carolyn Campbell,Carolyn Campbell,Carolyn,Campbell,ccampbell@coldwellbanker.com,(919) 586-4138,Coldwell Banker,Coldwell Banker,Dallas,Dallas,TX,76541,5,25,25,8451074,4.6,A,73,Referral Network,Large (51-200 agents),2026-09-07T17:36:01Z
CREAM-20260907-00075,Jacob Nguyen,Jacob Nguyen,Jacob,Nguyen,jnguyen@icloud.com,(415) 519-4321,Berkshire Hathaway,Berkshire Hathaway,Houston,Houston,TX,78325,24,43,43,16961283,4.7,A,71,Realtor.com,Enterprise (200+ agents),2026-09-07T08:46:24Z
CREAM-20260907-00076,Michael Perry,Michael Perry,Michael,Perry,michaelperry@icloud.com,(972) 475-6263,Douglas Elliman,Douglas Elliman,Brooklyn,Brooklyn,NY,13151,8,18,18,12478235,3.6,A,80,Referral Network,Enterprise (200+ agents),2026-09-07T12:42:13Z
CREAM-20260907-00077,Christine Edwards,Christine Edwards,Christine,Edwards,christine.edwards@compass.com,(512) 958-7132,Compass,Compass,Denver,Denver,CO,80800,10,56,56,25673365,4.7,A,81,Facebook,Mid-size (11-50 agents),2026-09-07T03:52:07Z
CREAM-20260907-00078,Helen Taylor,Helen Taylor,Helen,Taylor,helen_taylor@aol.com,(980) 476-2698,Briggs Freeman Sotheby's,Briggs Freeman Sotheby's,El Paso,El Paso,TX,77869,16,32,32,10410479,4.6,A,77,Realtor.com,Enterprise (200+ agents),2026-09-07T14:43:32Z
CREAM-20260907-00079,Samantha Perry,Samantha Perry,Samantha,Perry,sperry@exprealty.com,(714) 728-8649,eXp Realty,eXp Realty,Scottsdale,Scottsdale,AZ,85359,18,71,71,30558685,3.7,A,84,Trade Show,Large (51-200 agents),2026-09-07T23:33:01Z
CREAM-20260907-00080,Helen Robinson,Helen Robinson,Helen,Robinson,helenrobinson@hotmail.com,(786) 564-1570,Halstead,Halstead,Brooklyn,Brooklyn,NY,12158,14,30,30,20480463,4.5,A,88,Facebook,Enterprise (200+ agents),2026-09-07T06:10:44Z
CREAM-20260907-00081,Mark Stewart,Mark Stewart,Mark,Stewart,marks@re/max.com,(212) 860-5752,RE/MAX,RE/MAX,Houston,Houston,TX,78503,16,57,57,14850626,4.6,A,70,LinkedIn,Boutique (2-10 agents),2026-09-07T03:09:20Z
CREAM-20260907-00082,Grace Peterson,Grace Peterson,Grace,Peterson,gpeterson@outlook.com,(713) 749-1776,HomeSmart,HomeSmart,Scottsdale,Scottsdale,AZ,86539,5,10,10,3556996,4.2,A,68,LinkedIn,Mid-size (11-50 agents),2026-09-07T19:39:33Z
CREAM-20260907-00083,Jonathan Walker,Jonathan Walker,Jonathan,Walker,jonathanw@kellerwilliams.com,(916) 436-3341,Keller Williams,Keller Williams,Phoenix,Phoenix,AZ,86455,3,21,21,8276440,3.4,A,84,LinkedIn,Mid-size (11-50 agents),2026-09-07T17:56:39Z
CREAM-20260907-00084,Stephanie Rodriguez,Stephanie Rodriguez,Stephanie,Rodriguez,stephanier@yahoo.com,(972) 637-3084,RE/MAX,RE/MAX,San Francisco,San Francisco,CA,91901,14,44,44,30455577,4.1,A,67,Cold Outreach,Large (51-200 agents),2026-09-07T10:41:21Z
CREAM-20260907-00085,Bruce Parker,Bruce Parker,Bruce,Parker,bruce.parker@exprealty.com,(512) 984-6863,eXp Realty,eXp Realty,Phoenix,Phoenix,AZ,85100,0,0,0,0,3.5,A,73,Website Lead,Boutique (2-10 agents),2026-09-07T05:41:57Z
CREAM-20260907-00086,Judith Reyes,Judith Reyes,Judith,Reyes,judith_reyes@gmail.com,(407) 251-8392,eXp Realty,eXp Realty,Columbus,Columbus,OH,43352,2,7,7,1743238,3.8,A,97,NAR Directory,Boutique (2-10 agents),2026-09-07T21:09:04Z
CREAM-20260907-00087,Melissa Morris,Melissa Morris,Melissa,Morris,melissa.morris@icloud.com,(646) 460-4429,Keller Williams,Keller Williams,Austin,Austin,TX,79975,7,27,27,9462812,3.9,A,68,LinkedIn,Boutique (2-10 agents),2026-09-07T01:21:21Z
CREAM-20260907-00088,Gregory Rivera,Gregory Rivera,Gregory,Rivera,gregory.rivera@outlook.com,(303) 352-6234,RE/MAX,RE/MAX,Phoenix,Phoenix,AZ,85814,21,77,77,38254553,4.3,A,91,Trade Show,Independent,2026-09-07T12:05:59Z
CREAM-20260907-00089,Kevin Evans,Kevin Evans,Kevin,Evans,kevinevans@icloud.com,(602) 567-3957,HomeSmart,HomeSmart,Tucson,Tucson,AZ,86783,3,15,15,7335625,4.2,A,84,NAR Directory,Enterprise (200+ agents),2026-09-07T18:21:03Z
CREAM-20260907-00090,Eric Ruiz,Eric Ruiz,Eric,Ruiz,eric.ruiz@coldwellbanker.com,(407) 443-5861,Coldwell Banker,Coldwell Banker,Cleveland,Cleveland,OH,44900,0,4,4,1229493,4.4,A,99,Realtor.com,Large (51-200 agents),2026-09-07T17:08:11Z
CREAM-20260907-00091,Samantha Coleman,Samantha Coleman,Samantha,Coleman,samantha_coleman@icloud.com,(972) 687-7263,HER Realtors,HER Realtors,Cleveland,Cleveland,OH,43158,0,2,2,473025,3.9,A,60,NAR Directory,Large (51-200 agents),2026-09-07T12:57:51Z
CREAM-20260907-00092,Walter Martinez,Walter Martinez,Walter,Martinez,walterm@hotmail.com,(404) 246-3708,LIV Sotheby's,LIV Sotheby's,Colorado Springs,Colorado Springs,CO,80894,0,3,3,1574341,4.5,A,84,Cold Outreach,Enterprise (200+ agents),2026-09-07T08:46:10Z
CREAM-20260907-00093,Margaret Jenkins,Margaret Jenkins,Margaret,Jenkins,margaret.jenkins@hotmail.com,(212) 987-4289,Keller Williams Realty,Keller Williams Realty,Miami,Miami,FL,34580,24,64,64,34729678,4.8,A,91,Realtor.com,Mid-size (11-50 agents),2026-09-07T07:27:58Z
CREAM-20260907-00094,Anna White,Anna White,Anna,White,annaw@hotmail.com,(256) 849-7439,eXp Realty,eXp Realty,Charlotte,Charlotte,NC,28387,15,62,62,18783624,3.6,A,70,Trade Show,Mid-size (11-50 agents),2026-09-07T13:25:52Z
CREAM-20260907-00095,Dennis Wright,Dennis Wright,Dennis,Wright,dennisw@allentate.com,(646) 373-6422,Allen Tate,Allen Tate,Raleigh,Raleigh,NC,27832,4,25,25,8398570,4.9,A,90,Realtor.com,Enterprise (200+ agents),2026-09-07T23:39:12Z
CREAM-20260907-00096,Theresa Garcia,Theresa Garcia,Theresa,Garcia,theresag@yahoo.com,(310) 254-9138,RE/MAX,RE/MAX,Cincinnati,Cincinnati,OH,43347,3,10,10,1922933,3.0,A,66,LinkedIn,Boutique (2-10 agents),2026-09-07T02:44:13Z
CREAM-20260907-00097,Benjamin Price,Benjamin Price,Benjamin,Price,benjaminp@aol.com,(704) 280-2652,Nest Seekers,Nest Seekers,Brooklyn,Brooklyn,NY,13584,22,33,33,21866044,3.4,A,70,Trade Show,Enterprise (200+ agents),2026-09-07T08:59:21Z
CREAM-20260907-00098,Donna Cox,Donna Cox,Donna,Cox,donnac@sothebysinternational.com,(614) 820-8311,Sotheby's International,Sotheby's International,Staten Island,Staten Island,NY,14529,4,14,14,7845939,3.9,A,79,Facebook,Independent,2026-09-07T12:05:41Z
CREAM-20260907-00099,Natalie Hall,Natalie Hall,Natalie,Hall,nhall@hotmail.com,(602) 223-7013,Coldwell Banker,Coldwell Banker,Oakland,Oakland,CA,94147,8,29,29,23237903,3.3,A,66,Facebook,Large (51-200 agents),2026-09-07T10:51:59Z
CREAM-20260907-00100,Amanda Wood,Amanda Wood,Amanda,Wood,amandaw@aol.com,(214) 314-3972,Allen Tate,Allen Tate,Raleigh,Raleigh,NC,27962,15,66,66,27545324,3.8,A,82,LinkedIn,Mid-size (11-50 agents),2026-09-07T10:15:37Z
CREAM-20260907-00101,Martha Edwards,Martha Edwards,Martha,Edwards,martha.edwards@aol.com,(718) 558-5852,Berkshire Hathaway,Berkshire Hathaway,Houston,Houston,TX,77237,3,17,17,4322117,4.0,A,97,MLS Database,Enterprise (200+ agents),2026-09-07T01:33:56Z
CREAM-20260907-00102,Charles Nelson,Charles Nelson,Charles,Nelson,charlesn@hotmail.com,(234) 616-9012,Keller Williams,Keller Williams,Greensboro,Greensboro,NC,27771,1,11,11,4964639,5.0,A,87,Realtor.com,Mid-size (11-50 agents),2026-09-07T13:33:08Z
CREAM-20260907-00103,Alexander Wright,Alexander Wright,Alexander,Wright,alexander_wright@gmail.com,(310) 664-7257,Coldwell Banker,Coldwell Banker,Colorado Springs,Colorado Springs,CO,81766,4,9,9,3883639,4.6,A,92,NAR Directory,Independent,2026-09-07T09:40:15Z
CREAM-20260907-00104,Kevin Johnson,Kevin Johnson,Kevin,Johnson,kevin.johnson@exprealty.com,(980) 279-3569,eXp Realty,eXp Realty,Greensboro,Greensboro,NC,27637,21,71,71,21993012,3.5,A,86,Realtor.com,Boutique (2-10 agents),2026-09-07T00:10:26Z
CREAM-20260907-00105,Jack Patel,Jack Patel,Jack,Patel,jackpatel@aol.com,(256) 636-4800,Pacific Sotheby's,Pacific Sotheby's,Los Angeles,Los Angeles,CA,94520,21,62,62,57977843,4.4,A,92,LinkedIn,Mid-size (11-50 agents),2026-09-07T09:17:13Z
CREAM-20260907-00106,Bruce Garcia,Bruce Garcia,Bruce,Garcia,bruce.garcia@hotmail.com,(404) 823-5446,Keller Williams,Keller Williams,New York City,New York City,NY,12851,1,7,7,3793159,4.4,A,61,NAR Directory,Large (51-200 agents),2026-09-07T12:44:05Z
CREAM-20260907-00107,Carl Flores,Carl Flores,Carl,Flores,carlf@gmail.com,(972) 416-5593,RE/MAX,RE/MAX,Mesa,Mesa,AZ,86964,10,45,45,13968626,4.6,A,78,Realtor.com,Mid-size (11-50 agents),2026-09-07T05:19:52Z
CREAM-20260907-00108,Elizabeth Ruiz,Elizabeth Ruiz,Elizabeth,Ruiz,eruiz@icloud.com,(614) 662-1299,Berkshire Hathaway,Berkshire Hathaway,Denver,Denver,CO,81303,4,14,14,9500460,4.2,A,72,Cold Outreach,Enterprise (200+ agents),2026-09-07T16:27:14Z
CREAM-20260907-00109,Keith Long,Keith Long,Keith,Long,keithl@compass.com,(646) 912-2997,Compass,Compass,Brooklyn,Brooklyn,NY,11774,5,20,20,10638419,3.2,A,88,Facebook,Mid-size (11-50 agents),2026-09-07T20:20:16Z
CREAM-20260907-00110,Raymond King,Raymond King,Raymond,King,rking@compass.com,(512) 362-1441,Compass,Compass,Manhattan,Manhattan,NY,14589,13,46,46,25726129,3.7,A,65,Trade Show,Large (51-200 agents),2026-09-07T20:48:33Z
CREAM-20260907-00111,Gregory Bennett,Gregory Bennett,Gregory,Bennett,gbennett@livsothebys.com,(212) 540-7285,LIV Sotheby's,LIV Sotheby's,Colorado Springs,Colorado Springs,CO,81743,11,77,77,48313422,3.8,A,67,Trade Show,Boutique (2-10 agents),2026-09-07T20:54:58Z
CREAM-20260907-00112,Cynthia Price,Cynthia Price,Cynthia,Price,cynthiaprice@icloud.com,(234) 254-1371,eXp Realty,eXp Realty,Columbus,Columbus,OH,45100,2,4,4,1172385,4.8,A,76,Brokerage Listings,Enterprise (200+ agents),2026-09-07T20:10:54Z
CREAM-20260907-00113,Pamela Price,Pamela Price,Pamela,Price,pamela_price@gmail.com,(714) 997-4798,HomeSmart,HomeSmart,Scottsdale,Scottsdale,AZ,85479,4,15,15,4489009,3.1,A,90,NAR Directory,Large (51-200 agents),2026-09-07T17:45:25Z
CREAM-20260907-00114,Jonathan King,Jonathan King,Jonathan,King,jonathanking@me.com,(805) 412-3992,eXp Realty,eXp Realty,Colorado Springs,Colorado Springs,CO,81148,5,16,16,8384790,4.2,A,62,Facebook,Large (51-200 agents),2026-09-07T01:19:47Z
CREAM-20260907-00115,Mark Martinez,Mark Martinez,Mark,Martinez,mark_martinez@me.com,(469) 778-2778,Coldwell Banker,Coldwell Banker,San Antonio,San Antonio,TX,76504,0,5,5,2262142,3.5,A,72,MLS Database,Enterprise (200+ agents),2026-09-07T15:47:10Z
CREAM-20260907-00116,Juan Ruiz,Juan Ruiz,Juan,Ruiz,juan.ruiz@berkshirehathaway.com,(212) 610-8694,Berkshire Hathaway,Berkshire Hathaway,Columbus,Columbus,OH,45298,23,47,47,10359318,4.0,A,95,Facebook,Independent,2026-09-07T00:56:10Z
CREAM-20260907-00117,Margaret Wood,Margaret Wood,Margaret,Wood,margaret.wood@gmail.com,(720) 698-7980,Douglas Elliman,Douglas Elliman,Austin,Austin,TX,78973,15,72,72,25204867,4.7,A,100,MLS Database,Boutique (2-10 agents),2026-09-07T05:32:10Z
CREAM-20260907-00118,Jack Brooks,Jack Brooks,Jack,Brooks,jack.brooks@hotmail.com,(303) 494-1134,Nest Seekers,Nest Seekers,New York City,New York City,NY,14224,2,11,11,6192171,4.4,A,77,Realtor.com,Independent,2026-09-07T19:16:34Z
CREAM-20260907-00119,Peter Ramos,Peter Ramos,Peter,Ramos,peterr@exprealty.com,(919) 356-2909,eXp Realty,eXp Realty,Long Beach,Long Beach,CA,93269,22,78,78,67850691,4.8,A,63,Referral Network,Large (51-200 agents),2026-09-07T18:24:38Z
CREAM-20260907-00120,Michelle Myers,Michelle Myers,Michelle,Myers,michellem@berkshirehathaway.com,(714) 748-6325,Berkshire Hathaway,Berkshire Hathaway,Raleigh,Raleigh,NC,28642,11,58,58,16793111,3.2,A,96,NAR Directory,Independent,2026-09-07T09:04:17Z
CREAM-20260907-00121,Scott Brown,Scott Brown,Scott,Brown,sbrown@yahoo.com,(614) 995-8955,Brown Harris Stevens,Brown Harris Stevens,Staten Island,Staten Island,NY,13977,2,9,9,4264799,3.7,A,75,MLS Database,Large (51-200 agents),2026-09-07T23:44:29Z
CREAM-20260907-00122,Christopher Green,Christopher Green,Christopher,Green,christophergreen@gmail.com,(214) 845-1097,Berkshire Hathaway,Berkshire Hathaway,Orlando,Orlando,FL,34550,5,19,19,10159166,3.2,A,80,Referral Network,Large (51-200 agents),2026-09-07T17:50:29Z
CREAM-20260907-00123,Carolyn Howard,Carolyn Howard,Carolyn,Howard,carolyn.howard@kellerwilliams.com,(646) 601-8088,Keller Williams,Keller Williams,Greensboro,Greensboro,NC,28557,16,42,42,19015656,3.4,A,81,LinkedIn,Independent,2026-09-07T09:45:18Z
CREAM-20260907-00124,Kevin Scott,Kevin Scott,Kevin,Scott,kevinscott@hotmail.com,(614) 705-5306,eXp Realty,eXp Realty,Denver,Denver,CO,80645,5,17,17,11830421,5.0,A,97,Realtor.com,Mid-size (11-50 agents),2026-09-07T19:21:08Z
CREAM-20260907-00125,Richard Perez,Richard Perez,Richard,Perez,richard.perez@halstead.com,(720) 426-9097,Halstead,Halstead,Bronx,Bronx,NY,14735,18,60,60,28251005,3.8,A,91,LinkedIn,Boutique (2-10 agents),2026-09-07T01:37:10Z
CREAM-20260907-00126,Arthur Howard,Arthur Howard,Arthur,Howard,arthur_howard@gmail.com,(214) 311-1194,Keller Williams,Keller Williams,Denver,Denver,CO,80303,4,18,18,7826629,3.5,A,93,Trade Show,Independent,2026-09-07T09:49:55Z
CREAM-20260907-00127,Sharon Green,Sharon Green,Sharon,Green,sharon.green@outlook.com,(512) 375-9396,Keller Williams,Keller Williams,Colorado Springs,Colorado Springs,CO,80925,15,32,32,18379130,3.7,A,63,LinkedIn,Mid-size (11-50 agents),2026-09-07T00:18:53Z
CREAM-20260907-00128,Maria Castillo,Maria Castillo,Maria,Castillo,mcastillo@aol.com,(404) 945-5305,8z Real Estate,8z Real Estate,Aurora,Aurora,CO,80497,5,16,16,9384076,4.8,A,81,Cold Outreach,Independent,2026-09-07T15:29:56Z
CREAM-20260907-00129,Sarah Diaz,Sarah Diaz,Sarah,Diaz,sdiaz@hotmail.com,(404) 204-1544,Allen Tate,Allen Tate,Charlotte,Charlotte,NC,28695,25,66,66,27001579,3.1,A,97,LinkedIn,Large (51-200 agents),2026-09-07T19:56:07Z
CREAM-20260907-00130,David Cruz,David Cruz,David,Cruz,dcruz@me.com,(704) 999-1268,Berkshire Hathaway,Berkshire Hathaway,Aurora,Aurora,CO,81124,9,33,33,14625084,4.6,A,74,LinkedIn,Mid-size (11-50 agents),2026-09-07T21:36:29Z
CREAM-20260907-00131,Pamela Sullivan,Pamela Sullivan,Pamela,Sullivan,pamela.sullivan@century21.com,(602) 251-7354,Century 21,Century 21,Miami,Miami,FL,33962,20,30,30,14168176,3.2,A,83,Brokerage Listings,Large (51-200 agents),2026-09-07T01:45:45Z
CREAM-20260907-00132,Karen Kim,Karen Kim,Karen,Kim,karen.kim@gmail.com,(929) 660-8087,Keller Williams,Keller Williams,Raleigh,Raleigh,NC,28384,23,66,66,28356723,4.9,A,66,LinkedIn,Large (51-200 agents),2026-09-07T06:03:20Z
CREAM-20260907-00133,George Carter,George Carter,George,Carter,georgec@compass.com,(980) 727-8217,Compass,Compass,Manhattan,Manhattan,NY,14239,0,3,3,1880125,3.0,A,86,NAR Directory,Independent,2026-09-07T17:10:48Z
CREAM-20260907-00134,Gregory Patel,Gregory Patel,Gregory,Patel,gregory_patel@hotmail.com,(972) 394-7932,Keller Williams,Keller Williams,Raleigh,Raleigh,NC,28270,23,37,37,10618874,3.5,A,72,Cold Outreach,Independent,2026-09-07T23:31:14Z
CREAM-20260907-00135,Jessica Cooper,Jessica Cooper,Jessica,Cooper,jessicac@kellerwilliams.com,(714) 303-3587,Keller Williams,Keller Williams,Denver,Denver,CO,81763,17,56,56,36452303,4.4,A,67,MLS Database,Large (51-200 agents),2026-09-07T15:16:56Z
CREAM-20260907-00136,Arthur Hughes,Arthur Hughes,Arthur,Hughes,arthur_hughes@hotmail.com,(916) 766-9356,Berkshire Hathaway,Berkshire Hathaway,Cincinnati,Cincinnati,OH,44857,5,23,23,6956382,3.4,A,93,Website Lead,Independent,2026-09-07T23:04:26Z
CREAM-20260907-00137,Matthew Ramos,Matthew Ramos,Matthew,Ramos,matthew_ramos@outlook.com,(602) 240-2780,Long Realty,Long Realty,Mesa,Mesa,AZ,85554,3,25,25,9620571,4.0,A,79,Realtor.com,Large (51-200 agents),2026-09-07T16:05:07Z
CREAM-20260907-00138,Donald Baker,Donald Baker,Donald,Baker,dbaker@hotmail.com,(786) 256-9512,LIV Sotheby's,LIV Sotheby's,Denver,Denver,CO,81261,1,11,11,5751038,4.5,A,86,Cold Outreach,Independent,2026-09-07T08:20:42Z
CREAM-20260907-00139,Rachel Carter,Rachel Carter,Rachel,Carter,rachelc@coldwellbanker.com,(919) 719-9295,Coldwell Banker,Coldwell Banker,St. Petersburg,St. Petersburg,FL,32761,16,25,25,10893312,5.0,A,65,LinkedIn,Large (51-200 agents),2026-09-07T01:30:04Z
CREAM-20260907-00140,Christopher Ramos,Christopher Ramos,Christopher,Ramos,cramos@coldwellbanker.com,(720) 649-1542,Coldwell Banker,Coldwell Banker,Cleveland,Cleveland,OH,44944,5,11,11,3285450,3.5,A,65,Trade Show,Mid-size (11-50 agents),2026-09-07T14:22:09Z
CREAM-20260907-00141,Nancy Sullivan,Nancy Sullivan,Nancy,Sullivan,nancy.sullivan@compass.com,(602) 504-9533,Compass,Compass,Charlotte,Charlotte,NC,27642,18,67,67,20694540,3.0,A,75,Realtor.com,Enterprise (200+ agents),2026-09-07T16:03:30Z
CREAM-20260907-00142,Rose Baker,Rose Baker,Rose,Baker,roseb@outlook.com,(469) 870-9728,Cutler Real Estate,Cutler Real Estate,Cincinnati,Cincinnati,OH,45634,4,18,18,4638142,3.5,A,77,Brokerage Listings,Independent,2026-09-07T06:55:56Z
CREAM-20260907-00143,Theresa Johnson,Theresa Johnson,Theresa,Johnson,tjohnson@outlook.com,(919) 591-8059,Brown Harris Stevens,Brown Harris Stevens,New York City,New York City,NY,10280,16,34,34,15772023,4.1,A,67,Website Lead,Independent,2026-09-07T03:10:44Z
CREAM-20260907-00144,Eugene Phillips,Eugene Phillips,Eugene,Phillips,eugenep@huntingtonrealestate.com,(919) 462-9211,Huntington Real Estate,Huntington Real Estate,Cincinnati,Cincinnati,OH,44238,15,54,54,9955935,4.8,A,77,Brokerage Listings,Enterprise (200+ agents),2026-09-07T15:41:26Z
CREAM-20260907-00145,Diane Brown,Diane Brown,Diane,Brown,dianeb@icloud.com,(972) 210-9232,Briggs Freeman Sotheby's,Briggs Freeman Sotheby's,San Antonio,San Antonio,TX,77465,8,19,19,7265193,4.6,A,90,LinkedIn,Large (51-200 agents),2026-09-07T08:19:44Z
CREAM-20260907-00146,Donna Johnson,Donna Johnson,Donna,Johnson,donnaj@outlook.com,(407) 955-6358,Allen Tate,Allen Tate,Charlotte,Charlotte,NC,28560,5,21,21,5349705,3.1,A,85,Brokerage Listings,Independent,2026-09-07T19:27:00Z
CREAM-20260907-00147,Rebecca Cox,Rebecca Cox,Rebecca,Cox,rebecca_cox@me.com,(407) 485-3158,RE/MAX,RE/MAX,Charlotte,Charlotte,NC,27894,1,5,5,1415752,4.5,A,84,Facebook,Large (51-200 agents),2026-09-07T14:09:09Z
CREAM-20260907-00148,Gary Sanchez,Gary Sanchez,Gary,Sanchez,garys@gmail.com,(919) 281-2577,Russell Lyon Sotheby's,Russell Lyon Sotheby's,Phoenix,Phoenix,AZ,86194,12,44,44,22867645,3.7,A,93,MLS Database,Boutique (2-10 agents),2026-09-07T15:33:17Z
CREAM-20260907-00149,Betty Diaz,Betty Diaz,Betty,Diaz,bdiaz@aol.com,(407) 743-5479,Berkshire Hathaway,Berkshire Hathaway,Phoenix,Phoenix,AZ,86350,17,28,28,14683409,4.6,A,96,Referral Network,Enterprise (200+ agents),2026-09-07T05:50:57Z
CREAM-20260907-00150,Brenda Thomas,Brenda Thomas,Brenda,Thomas,brendat@icloud.com,(614) 733-3585,Douglas Elliman,Douglas Elliman,Queens,Queens,NY,10383,4,16,16,11377804,3.6,A,95,Realtor.com,Independent,2026-09-07T15:07:59Z
CREAM-20260907-00151,Emma Edwards,Emma Edwards,Emma,Edwards,emma.edwards@re/max.com,(713) 416-4341,RE/MAX,RE/MAX,Denver,Denver,CO,81737,22,69,69,41982318,4.6,A,98,NAR Directory,Enterprise (200+ agents),2026-09-07T15:10:16Z
CREAM-20260907-00152,Patricia Cooper,Patricia Cooper,Patricia,Cooper,patricia.cooper@sothebysinternational.com,(234) 299-1988,Sotheby's International,Sotheby's International,New York City,New York City,NY,11684,5,19,19,12461733,3.1,A,97,Referral Network,Enterprise (200+ agents),2026-09-07T08:56:11Z
CREAM-20260907-00153,Louis Long,Louis Long,Louis,Long,louislong@yahoo.com,(704) 239-7018,eXp Realty,eXp Realty,Raleigh,Raleigh,NC,27264,24,73,73,20975856,4.5,A,68,LinkedIn,Independent,2026-09-07T06:24:05Z
CREAM-20260907-00154,Megan Reyes,Megan Reyes,Megan,Reyes,megan_reyes@outlook.com,(513) 645-1733,eXp Realty,eXp Realty,Tucson,Tucson,AZ,86114,5,21,21,8989115,3.2,A,92,Website Lead,Boutique (2-10 agents),2026-09-07T23:40:31Z
CREAM-20260907-00155,Barbara Cox,Barbara Cox,Barbara,Cox,barbara.cox@exprealty.com,(415) 876-4408,eXp Realty,eXp Realty,Cleveland,Cleveland,OH,45802,14,27,27,7587779,3.0,A,61,Website Lead,Independent,2026-09-07T17:55:04Z
CREAM-20260907-00156,Catherine Sanchez,Catherine Sanchez,Catherine,Sanchez,catherinesanchez@icloud.com,(929) 665-7748,RE/MAX,RE/MAX,Aurora,Aurora,CO,80674,22,60,60,35485974,4.7,A,88,Facebook,Boutique (2-10 agents),2026-09-07T16:03:42Z
CREAM-20260907-00157,Lauren Russell,Lauren Russell,Lauren,Russell,lauren.russell@longrealty.com,(720) 579-6371,Long Realty,Long Realty,Tucson,Tucson,AZ,85386,0,4,4,2032973,3.2,A,82,Trade Show,Independent,2026-09-07T17:38:51Z
CREAM-20260907-00158,Lauren Clark,Lauren Clark,Lauren,Clark,laurenclark@me.com,(805) 904-3346,Berkshire Hathaway,Berkshire Hathaway,Aurora,Aurora,CO,81924,22,47,47,26137840,4.8,A,74,Cold Outreach,Large (51-200 agents),2026-09-07T02:02:06Z
CREAM-20260907-00159,William Patel,William Patel,William,Patel,william_patel@aol.com,(512) 851-8800,Coldwell Banker,Coldwell Banker,El Paso,El Paso,TX,78701,25,75,75,33059671,4.9,A,63,Realtor.com,Mid-size (11-50 agents),2026-09-07T11:39:03Z
CREAM-20260907-00160,Lauren Adams,Lauren Adams,Lauren,Adams,laurena@aol.com,(919) 687-8451,Berkshire Hathaway,Berkshire Hathaway,Dallas,Dallas,TX,78969,23,61,61,27685268,3.2,A,61,Facebook,Boutique (2-10 agents),2026-09-07T14:16:06Z
CREAM-20260907-00161,James Alvarez,James Alvarez,James,Alvarez,jalvarez@russelllyonsothebys.com,(404) 674-9653,Russell Lyon Sotheby's,Russell Lyon Sotheby's,Tucson,Tucson,AZ,85709,2,10,10,3394615,3.7,A,78,Trade Show,Mid-size (11-50 agents),2026-09-07T15:14:56Z
CREAM-20260907-00162,Martha Hughes,Martha Hughes,Martha,Hughes,mhughes@compass.com,(805) 821-4273,Compass,Compass,Staten Island,Staten Island,NY,11475,12,71,71,58286142,4.8,A,87,Trade Show,Independent,2026-09-07T19:40:15Z
CREAM-20260907-00163,Sandra Sanchez,Sandra Sanchez,Sandra,Sanchez,sandra_sanchez@yahoo.com,(407) 875-9485,Coldwell Banker,Coldwell Banker,Aurora,Aurora,CO,81893,5,21,21,14960128,3.2,A,71,Website Lead,Independent,2026-09-07T04:48:14Z
CREAM-20260907-00164,Jason Gonzalez,Jason Gonzalez,Jason,Gonzalez,jasong@icloud.com,(646) 597-2478,Century 21,Century 21,Fort Lauderdale,Fort Lauderdale,FL,33194,4,9,9,4667944,4.2,A,93,MLS Database,Boutique (2-10 agents),2026-09-07T21:03:17Z
CREAM-20260907-00165,Maria Ramos,Maria Ramos,Maria,Ramos,maria.ramos@outlook.com,(720) 864-8158,eXp Realty,eXp Realty,Scottsdale,Scottsdale,AZ,86995,22,48,48,17568447,3.2,A,68,Cold Outreach,Large (51-200 agents),2026-09-07T17:07:36Z
CREAM-20260907-00166,Melissa Thompson,Melissa Thompson,Melissa,Thompson,melissathompson@gmail.com,(919) 560-7087,Coldwell Banker,Coldwell Banker,San Antonio,San Antonio,TX,76127,11,74,74,26460661,3.7,A,98,NAR Directory,Enterprise (200+ agents),2026-09-07T11:00:12Z
CREAM-20260907-00167,Rachel Morris,Rachel Morris,Rachel,Morris,rmorris@yahoo.com,(334) 797-6509,Halstead,Halstead,New York City,New York City,NY,12941,2,9,9,6345183,4.5,A,61,Realtor.com,Mid-size (11-50 agents),2026-09-07T06:12:52Z
CREAM-20260907-00168,Karen Martin,Karen Martin,Karen,Martin,karenm@berkshirehathaway.com,(916) 306-6529,Berkshire Hathaway,Berkshire Hathaway,Columbus,Columbus,OH,43250,18,55,55,13691289,3.6,A,97,Realtor.com,Large (51-200 agents),2026-09-07T20:57:26Z
CREAM-20260907-00169,Ryan Lopez,Ryan Lopez,Ryan,Lopez,ryan.lopez@kellerwilliams.com,(303) 805-5144,Keller Williams,Keller Williams,Fort Worth,Fort Worth,TX,75935,1,11,11,2849821,4.6,A,71,MLS Database,Independent,2026-09-07T05:46:00Z
CREAM-20260907-00170,Anthony Richardson,Anthony Richardson,Anthony,Richardson,anthonyrichardson@outlook.com,(415) 756-5305,Sotheby's International,Sotheby's International,Oakland,Oakland,CA,96161,0,5,5,4672339,3.3,A,73,Referral Network,Enterprise (200+ agents),2026-09-07T06:36:50Z
CREAM-20260907-00171,Kathleen Sullivan,Kathleen Sullivan,Kathleen,Sullivan,kathleens@coldwellbanker.com,(212) 522-8188,Coldwell Banker,Coldwell Banker,Scottsdale,Scottsdale,AZ,85755,4,9,9,3093754,4.8,A,79,Trade Show,Large (51-200 agents),2026-09-07T21:37:09Z
CREAM-20260907-00172,Michelle Roberts,Michelle Roberts,Michelle,Roberts,michelleroberts@outlook.com,(805) 551-3003,eXp Realty,eXp Realty,San Jose,San Jose,CA,92179,0,5,5,3374034,4.1,A,93,Trade Show,Independent,2026-09-07T02:13:58Z
CREAM-20260907-00173,Christopher Price,Christopher Price,Christopher,Price,christopherp@compass.com,(602) 218-1512,Compass,Compass,Colorado Springs,Colorado Springs,CO,80913,15,46,46,19280474,4.6,A,68,MLS Database,Independent,2026-09-07T07:49:47Z
CREAM-20260907-00174,Robert Rivera,Robert Rivera,Robert,Rivera,robert.rivera@me.com,(404) 979-1156,Nest Seekers,Nest Seekers,Bronx,Bronx,NY,11158,18,47,47,32289829,4.0,A,70,LinkedIn,Independent,2026-09-07T17:50:25Z
CREAM-20260907-00175,Melissa Mendoza,Melissa Mendoza,Melissa,Mendoza,melissa.mendoza@gmail.com,(256) 437-2464,Coldwell Banker,Coldwell Banker,Jacksonville,Jacksonville,FL,34334,7,20,20,10136920,4.2,A,68,LinkedIn,Mid-size (11-50 agents),2026-09-07T09:59:01Z
CREAM-20260907-00176,Mark Kelly,Mark Kelly,Mark,Kelly,markkelly@aol.com,(303) 756-1280,Coldwell Banker,Coldwell Banker,San Diego,San Diego,CA,93161,12,46,46,34871322,3.6,A,63,MLS Database,Enterprise (200+ agents),2026-09-07T17:31:38Z
CREAM-20260907-00177,Victoria Kelly,Victoria Kelly,Victoria,Kelly,victoriak@outlook.com,(805) 991-7105,Keller Williams Realty,Keller Williams Realty,Jacksonville,Jacksonville,FL,34291,15,63,63,24811350,4.8,A,87,NAR Directory,Boutique (2-10 agents),2026-09-07T19:46:46Z
CREAM-20260907-00178,Larry Adams,Larry Adams,Larry,Adams,larryadams@outlook.com,(916) 900-5720,Sotheby's International,Sotheby's International,Staten Island,Staten Island,NY,10600,3,8,8,6115209,5.0,A,96,Facebook,Mid-size (11-50 agents),2026-09-07T00:57:20Z
CREAM-20260907-00179,Anna Parker,Anna Parker,Anna,Parker,aparker@re/max.com,(614) 966-3980,RE/MAX,RE/MAX,Tampa,Tampa,FL,34113,12,37,37,15868746,3.3,A,90,LinkedIn,Independent,2026-09-07T08:18:55Z
CREAM-20260907-00180,Susan Cook,Susan Cook,Susan,Cook,susan_cook@hotmail.com,(714) 765-5573,Huntington Real Estate,Huntington Real Estate,Columbus,Columbus,OH,45445,24,39,39,10309708,3.3,A,79,NAR Directory,Boutique (2-10 agents),2026-09-07T11:16:01Z
CREAM-20260907-00181,William Harris,William Harris,William,Harris,williamharris@yahoo.com,(929) 585-5540,Cutler Real Estate,Cutler Real Estate,Cleveland,Cleveland,OH,45431,5,11,11,2048285,3.3,A,61,Realtor.com,Large (51-200 agents),2026-09-07T17:34:35Z
CREAM-20260907-00182,Olivia Brown,Olivia Brown,Olivia,Brown,olivia.brown@gmail.com,(786) 348-2591,Pacific Sotheby's,Pacific Sotheby's,Oakland,Oakland,CA,91807,19,34,34,34994495,4.5,A,62,Referral Network,Enterprise (200+ agents),2026-09-07T01:52:56Z
CREAM-20260907-00183,Ronald Brown,Ronald Brown,Ronald,Brown,ronald_brown@me.com,(929) 317-7397,Berkshire Hathaway,Berkshire Hathaway,San Antonio,San Antonio,TX,78966,24,39,39,16308714,4.0,A,70,Website Lead,Large (51-200 agents),2026-09-07T17:35:04Z
CREAM-20260907-00184,Judith Alvarez,Judith Alvarez,Judith,Alvarez,judithalvarez@outlook.com,(805) 463-6107,eXp Realty,eXp Realty,Scottsdale,Scottsdale,AZ,85122,2,9,9,4462122,4.3,A,78,Brokerage Listings,Independent,2026-09-07T02:54:02Z
CREAM-20260907-00185,Nancy Gomez,Nancy Gomez,Nancy,Gomez,ngomez@re/max.com,(614) 821-3129,RE/MAX,RE/MAX,El Paso,El Paso,TX,79658,25,59,59,16527817,4.4,A,63,Brokerage Listings,Independent,2026-09-07T07:13:13Z
CREAM-20260907-00186,Edward Wood,Edward Wood,Edward,Wood,ewood@alliebethallman.com,(980) 500-2823,Allie Beth Allman,Allie Beth Allman,Dallas,Dallas,TX,77473,1,9,9,2769734,4.0,A,66,Brokerage Listings,Enterprise (200+ agents),2026-09-07T05:20:24Z
CREAM-20260907-00187,Janet Harris,Janet Harris,Janet,Harris,janeth@outlook.com,(972) 573-1585,RE/MAX,RE/MAX,Greensboro,Greensboro,NC,28446,5,12,12,5430464,3.8,A,63,Brokerage Listings,Mid-size (11-50 agents),2026-09-07T23:57:58Z
CREAM-20260907-00188,Olivia Martin,Olivia Martin,Olivia,Martin,omartin@kellerwilliams.com,(305) 922-5243,Keller Williams,Keller Williams,Charlotte,Charlotte,NC,28834,24,35,35,9032229,3.5,A,66,Website Lead,Enterprise (200+ agents),2026-09-07T02:11:15Z
CREAM-20260907-00189,Robert Mendoza,Robert Mendoza,Robert,Mendoza,robert.mendoza@icloud.com,(512) 863-9186,Compass,Compass,Bronx,Bronx,NY,12836,1,6,6,3977730,3.1,A,89,Cold Outreach,Enterprise (200+ agents),2026-09-07T04:47:01Z
CREAM-20260907-00190,Jack Edwards,Jack Edwards,Jack,Edwards,jedwards@coldwellbanker.com,(214) 455-9295,Coldwell Banker,Coldwell Banker,Cincinnati,Cincinnati,OH,43176,20,76,76,20040997,4.9,A,77,Brokerage Listings,Large (51-200 agents),2026-09-07T15:57:03Z
CREAM-20260907-00191,Dorothy Murphy,Dorothy Murphy,Dorothy,Murphy,dmurphy@gmail.com,(256) 498-3033,RE/MAX,RE/MAX,St. Petersburg,St. Petersburg,FL,33413,1,7,7,2792959,3.1,A,60,LinkedIn,Independent,2026-09-07T11:36:48Z
CREAM-20260907-00192,Charles Myers,Charles Myers,Charles,Myers,charles.myers@gmail.com,(718) 401-6869,Allen Tate,Allen Tate,Charlotte,Charlotte,NC,27138,3,12,12,4076207,3.5,A,91,MLS Database,Independent,2026-09-07T06:31:05Z
CREAM-20260907-00193,Stephen Russell,Stephen Russell,Stephen,Russell,stephenrussell@me.com,(469) 214-9754,Keller Williams,Keller Williams,Mesa,Mesa,AZ,85174,21,79,79,25520651,4.6,A,90,Brokerage Listings,Mid-size (11-50 agents),2026-09-07T07:05:53Z
CREAM-20260907-00194,Ralph Walker,Ralph Walker,Ralph,Walker,rwalker@berkshirehathaway.com,(805) 999-8143,Berkshire Hathaway,Berkshire Hathaway,Miami,Miami,FL,34532,1,11,11,3320594,3.3,A,96,Cold Outreach,Independent,2026-09-07T12:04:55Z
CREAM-20260907-00195,Shirley Long,Shirley Long,Shirley,Long,shirleyl@icloud.com,(704) 969-1902,Long Realty,Long Realty,Mesa,Mesa,AZ,85444,19,46,46,23764149,3.8,A,72,Cold Outreach,Independent,2026-09-07T02:49:49Z
CREAM-20260907-00196,Jerry Ruiz,Jerry Ruiz,Jerry,Ruiz,jruiz@berkshirehathaway.com,(212) 425-7104,Berkshire Hathaway,Berkshire Hathaway,Fort Worth,Fort Worth,TX,77298,18,29,29,11846836,4.3,A,85,MLS Database,Mid-size (11-50 agents),2026-09-07T14:19:35Z
CREAM-20260907-00197,Lisa Robinson,Lisa Robinson,Lisa,Robinson,lisar@coldwellbanker.com,(646) 802-7995,Coldwell Banker,Coldwell Banker,Fort Lauderdale,Fort Lauderdale,FL,32358,25,42,42,19861149,4.2,A,88,Brokerage Listings,Boutique (2-10 agents),2026-09-07T02:16:21Z
CREAM-20260907-00198,Eugene Rogers,Eugene Rogers,Eugene,Rogers,eugene.rogers@hotmail.com,(303) 833-8715,eXp Realty,eXp Realty,Raleigh,Raleigh,NC,28392,12,76,76,31135364,3.5,A,86,Facebook,Large (51-200 agents),2026-09-07T18:42:27Z
CREAM-20260907-00199,Gloria Carter,Gloria Carter,Gloria,Carter,gloria.carter@halstead.com,(212) 367-6293,Halstead,Halstead,Bronx,Bronx,NY,11675,5,11,11,7606896,4.5,A,67,NAR Directory,Boutique (2-10 agents),2026-09-07T16:54:12Z
CREAM-20260907-00200,Benjamin Castillo,Benjamin Castillo,Benjamin,Castillo,bcastillo@hotmail.com,(718) 875-1103,HER Realtors,HER Realtors,Cleveland,Cleveland,OH,43518,4,12,12,3767758,4.7,A,62,Brokerage Listings,Enterprise (200+ agents),2026-09-07T18:21:51Z
CREAM-20260907-00201,Daniel Perry,Daniel Perry,Daniel,Perry,danielperry@icloud.com,(713) 322-9788,Coldwell Banker,Coldwell Banker,St. Petersburg,St. Petersburg,FL,34962,23,48,48,25240384,4.5,A,64,Website Lead,Boutique (2-10 agents),2026-09-07T12:43:53Z
CREAM-20260907-00202,Ralph Carter,Ralph Carter,Ralph,Carter,ralph.carter@pacificsothebys.com,(614) 768-3249,Pacific Sotheby's,Pacific Sotheby's,Los Angeles,Los Angeles,CA,95512,4,11,11,11981557,3.4,A,92,MLS Database,Mid-size (11-50 agents),2026-09-07T04:20:52Z
CREAM-20260907-00203,Maria Reed,Maria Reed,Maria,Reed,mariar@outlook.com,(469) 413-4566,Huntington Real Estate,Huntington Real Estate,Columbus,Columbus,OH,44750,0,0,0,0,3.4,A,82,MLS Database,Enterprise (200+ agents),2026-09-07T11:59:57Z
CREAM-20260907-00204,Kenneth Taylor,Kenneth Taylor,Kenneth,Taylor,kennethtaylor@icloud.com,(407) 929-1473,Keller Williams,Keller Williams,Charlotte,Charlotte,NC,27283,6,19,19,5260804,4.3,A,62,Realtor.com,Independent,2026-09-07T01:37:55Z
CREAM-20260907-00205,Debra Nguyen,Debra Nguyen,Debra,Nguyen,debra.nguyen@hotmail.com,(469) 460-1056,Coldwell Banker,Coldwell Banker,Sacramento,Sacramento,CA,90913,19,63,63,49843754,4.1,A,66,Brokerage Listings,Boutique (2-10 agents),2026-09-07T22:36:38Z
CREAM-20260907-00206,Juan Moore,Juan Moore,Juan,Moore,juanm@berkshirehathaway.com,(513) 611-1169,Berkshire Hathaway,Berkshire Hathaway,Colorado Springs,Colorado Springs,CO,80908,8,17,17,11338340,4.2,A,66,Facebook,Mid-size (11-50 agents),2026-09-07T06:35:38Z
CREAM-20260907-00207,Barbara Jenkins,Barbara Jenkins,Barbara,Jenkins,bjenkins@berkshirehathaway.com,(646) 246-1706,Berkshire Hathaway,Berkshire Hathaway,Greensboro,Greensboro,NC,28820,20,54,54,17836303,4.1,A,97,NAR Directory,Boutique (2-10 agents),2026-09-07T04:14:35Z
CREAM-20260907-00208,Sarah Castillo,Sarah Castillo,Sarah,Castillo,sarah.castillo@coldwellbanker.com,(919) 982-1257,Coldwell Banker,Coldwell Banker,San Jose,San Jose,CA,94881,2,11,11,9967484,3.9,A,76,Trade Show,Enterprise (200+ agents),2026-09-07T17:39:47Z
CREAM-20260907-00209,Victoria Mendoza,Victoria Mendoza,Victoria,Mendoza,victoriamendoza@outlook.com,(929) 251-2502,Cutler Real Estate,Cutler Real Estate,Cleveland,Cleveland,OH,45808,4,15,15,2916166,4.1,A,93,Trade Show,Boutique (2-10 agents),2026-09-07T15:20:54Z
CREAM-20260907-00210,Nancy Diaz,Nancy Diaz,Nancy,Diaz,nancy.diaz@compass.com,(303) 691-5698,Compass,Compass,Aurora,Aurora,CO,81101,13,56,56,35341047,3.6,A,70,NAR Directory,Enterprise (200+ agents),2026-09-07T18:38:23Z
CREAM-20260907-00211,Catherine Coleman,Catherine Coleman,Catherine,Coleman,catherinec@alliebethallman.com,(310) 586-3452,Allie Beth Allman,Allie Beth Allman,Fort Worth,Fort Worth,TX,75572,14,48,48,14468221,3.7,A,91,MLS Database,Mid-size (11-50 agents),2026-09-07T10:41:24Z
CREAM-20260907-00212,Megan Moore,Megan Moore,Megan,Moore,meganm@me.com,(929) 872-4869,RE/MAX,RE/MAX,Sacramento,Sacramento,CA,91532,4,18,18,19554491,4.0,A,87,Cold Outreach,Large (51-200 agents),2026-09-07T08:52:36Z
CREAM-20260907-00213,Daniel Sanders,Daniel Sanders,Daniel,Sanders,daniel.sanders@coldwellbanker.com,(214) 843-3858,Coldwell Banker,Coldwell Banker,Mesa,Mesa,AZ,86856,13,72,72,34077661,4.6,A,71,NAR Directory,Independent,2026-09-07T17:01:09Z
CREAM-20260907-00214,Kathleen Moore,Kathleen Moore,Kathleen,Moore,kathleen.moore@icloud.com,(310) 371-4450,Brown Harris Stevens,Brown Harris Stevens,Bronx,Bronx,NY,14547,6,19,19,12859619,3.7,A,62,Brokerage Listings,Independent,2026-09-07T15:52:33Z
CREAM-20260907-00215,Gary Scott,Gary Scott,Gary,Scott,garys@aol.com,(234) 273-3716,eXp Realty,eXp Realty,San Diego,San Diego,CA,96383,13,44,44,42671291,3.4,A,80,Realtor.com,Independent,2026-09-07T10:51:40Z
CREAM-20260907-00216,Alan Brown,Alan Brown,Alan,Brown,alanb@gmail.com,(310) 235-1525,Douglas Elliman,Douglas Elliman,Staten Island,Staten Island,NY,14895,3,13,13,6110209,3.8,A,94,Trade Show,Large (51-200 agents),2026-09-07T23:38:13Z
CREAM-20260907-00217,Rose Powell,Rose Powell,Rose,Powell,rosepowell@gmail.com,(805) 348-5248,Compass,Compass,Tampa,Tampa,FL,32221,9,23,23,10118785,3.9,A,97,Referral Network,Mid-size (11-50 agents),2026-09-07T16:44:51Z
CREAM-20260907-00218,Rebecca Green,Rebecca Green,Rebecca,Green,rgreen@hotmail.com,(512) 932-6867,RE/MAX,RE/MAX,Greensboro,Greensboro,NC,27247,20,46,46,17612778,4.2,A,94,MLS Database,Mid-size (11-50 agents),2026-09-07T20:31:53Z
CREAM-20260907-00219,Martha Edwards,Martha Edwards,Martha,Edwards,medwards@compass.com,(980) 550-5846,Compass,Compass,St. Petersburg,St. Petersburg,FL,33506,0,4,4,1211065,3.4,A,67,Cold Outreach,Enterprise (200+ agents),2026-09-07T06:36:19Z
CREAM-20260907-00220,Gloria Hall,Gloria Hall,Gloria,Hall,ghall@outlook.com,(916) 625-6859,Coldwell Banker,Coldwell Banker,Aurora,Aurora,CO,81263,11,60,60,38283401,3.4,A,92,Referral Network,Mid-size (11-50 agents),2026-09-07T23:26:39Z
CREAM-20260907-00221,Natalie Richardson,Natalie Richardson,Natalie,Richardson,nrichardson@aol.com,(704) 398-7045,HER Realtors,HER Realtors,Cincinnati,Cincinnati,OH,45737,11,50,50,8941209,4.1,A,64,Referral Network,Mid-size (11-50 agents),2026-09-07T03:20:14Z
CREAM-20260907-00222,Gary Morales,Gary Morales,Gary,Morales,garym@berkshirehathaway.com,(919) 972-7065,Berkshire Hathaway,Berkshire Hathaway,Cincinnati,Cincinnati,OH,45514,9,34,34,10047360,3.8,A,78,Facebook,Mid-size (11-50 agents),2026-09-07T05:54:25Z
CREAM-20260907-00223,Justin Jones,Justin Jones,Justin,Jones,justin.jones@aol.com,(512) 592-3948,Coldwell Banker,Coldwell Banker,Colorado Springs,Colorado Springs,CO,80160,9,18,18,10868513,4.2,A,87,Website Lead,Boutique (2-10 agents),2026-09-07T11:06:52Z
CREAM-20260907-00224,Tyler Kim,Tyler Kim,Tyler,Kim,tyler.kim@yahoo.com,(404) 431-9351,Keller Williams,Keller Williams,Raleigh,Raleigh,NC,27300,2,9,9,3935109,3.0,A,94,Cold Outreach,Boutique (2-10 agents),2026-09-07T04:26:47Z
CREAM-20260907-00225,Sharon Evans,Sharon Evans,Sharon,Evans,sharonevans@gmail.com,(415) 826-7944,eXp Realty,eXp Realty,San Jose,San Jose,CA,92953,0,5,5,3709095,4.0,A,79,Website Lead,Boutique (2-10 agents),2026-09-07T11:36:19Z
CREAM-20260907-00226,Alan Morgan,Alan Morgan,Alan,Morgan,alanmorgan@aol.com,(310) 926-8234,Berkshire Hathaway,Berkshire Hathaway,Raleigh,Raleigh,NC,28349,1,3,3,1305650,4.8,A,90,Trade Show,Large (51-200 agents),2026-09-07T22:52:27Z
CREAM-20260907-00227,Peter Morales,Peter Morales,Peter,Morales,peter_morales@aol.com,(805) 221-2799,eXp Realty,eXp Realty,Scottsdale,Scottsdale,AZ,85485,3,13,13,6898011,3.4,A,80,Trade Show,Boutique (2-10 agents),2026-09-07T23:20:27Z
CREAM-20260907-00228,Ashley Garcia,Ashley Garcia,Ashley,Garcia,ashley.garcia@coldwellbanker.com,(415) 491-3812,Coldwell Banker,Coldwell Banker,Dallas,Dallas,TX,79148,24,67,67,16594780,4.1,A,80,Facebook,Independent,2026-09-07T04:49:34Z
CREAM-20260907-00229,Nicole Perry,Nicole Perry,Nicole,Perry,nicole.perry@hotmail.com,(714) 483-7382,eXp Realty,eXp Realty,Columbus,Columbus,OH,44698,15,61,61,12253009,3.1,A,100,Realtor.com,Large (51-200 agents),2026-09-07T01:54:34Z
CREAM-20260907-00230,Gloria Collins,Gloria Collins,Gloria,Collins,gloriacollins@icloud.com,(718) 457-7016,Compass,Compass,Greensboro,Greensboro,NC,27607,5,20,20,5786676,3.2,A,89,LinkedIn,Mid-size (11-50 agents),2026-09-07T22:45:56Z
CREAM-20260907-00231,Martha Fisher,Martha Fisher,Martha,Fisher,mfisher@hotmail.com,(310) 298-7829,RE/MAX,RE/MAX,Greensboro,Greensboro,NC,27510,15,41,41,10536416,3.3,A,60,Website Lead,Mid-size (11-50 agents),2026-09-07T00:52:40Z
CREAM-20260907-00232,Joseph Price,Joseph Price,Joseph,Price,joseph_price@outlook.com,(469) 587-2197,RE/MAX,RE/MAX,Cincinnati,Cincinnati,OH,45681,1,10,10,1863703,3.7,A,71,Brokerage Listings,Boutique (2-10 agents),2026-09-07T06:41:54Z
CREAM-20260907-00233,Gloria Rogers,Gloria Rogers,Gloria,Rogers,grogers@berkshirehathaway.com,(646) 545-9832,Berkshire Hathaway,Berkshire Hathaway,Mesa,Mesa,AZ,86337,9,20,20,7314101,4.8,A,78,Brokerage Listings,Independent,2026-09-07T18:46:01Z
CREAM-20260907-00234,Jennifer Hall,Jennifer Hall,Jennifer,Hall,jenniferhall@outlook.com,(704) 821-8211,Berkshire Hathaway,Berkshire Hathaway,Mesa,Mesa,AZ,85641,4,12,12,5867879,3.3,A,82,Trade Show,Independent,2026-09-07T22:52:07Z
CREAM-20260907-00235,Megan Torres,Megan Torres,Megan,Torres,megan_torres@me.com,(513) 904-2029,Briggs Freeman Sotheby's,Briggs Freeman Sotheby's,Houston,Houston,TX,78439,17,78,78,23386992,4.7,A,95,LinkedIn,Boutique (2-10 agents),2026-09-07T19:20:18Z
CREAM-20260907-00236,Daniel Mendoza,Daniel Mendoza,Daniel,Mendoza,dmendoza@icloud.com,(720) 897-4178,Keller Williams Realty,Keller Williams Realty,Sacramento,Sacramento,CA,95290,19,72,72,76273432,3.7,A,86,MLS Database,Large (51-200 agents),2026-09-07T19:56:48Z
CREAM-20260907-00237,John Nelson,John Nelson,John,Nelson,john_nelson@gmail.com,(718) 245-1594,Berkshire Hathaway,Berkshire Hathaway,Tampa,Tampa,FL,34708,3,24,24,11413613,4.7,A,76,Trade Show,Large (51-200 agents),2026-09-07T01:03:50Z
CREAM-20260907-00238,Donald Johnson,Donald Johnson,Donald,Johnson,donald_johnson@me.com,(469) 825-1580,Compass,Compass,San Diego,San Diego,CA,94286,9,21,21,14826728,4.0,A,84,NAR Directory,Large (51-200 agents),2026-09-07T12:41:39Z
CREAM-20260907-00239,Wayne Wright,Wayne Wright,Wayne,Wright,waynew@nestseekers.com,(714) 305-7075,Nest Seekers,Nest Seekers,Queens,Queens,NY,14761,1,10,10,4911727,4.8,A,66,Website Lead,Boutique (2-10 agents),2026-09-07T22:52:22Z
CREAM-20260907-00240,Heather Jenkins,Heather Jenkins,Heather,Jenkins,heatherj@hotmail.com,(972) 735-3146,8z Real Estate,8z Real Estate,Colorado Springs,Colorado Springs,CO,80399,25,63,63,31138888,3.1,A,65,Trade Show,Independent,2026-09-07T04:31:41Z
CREAM-20260907-00241,Robert Fisher,Robert Fisher,Robert,Fisher,rfisher@exprealty.com,(805) 726-8176,eXp Realty,eXp Realty,Miami,Miami,FL,32504,7,29,29,15701306,3.8,A,74,Realtor.com,Mid-size (11-50 agents),2026-09-07T06:58:10Z
CREAM-20260907-00242,Karen Smith,Karen Smith,Karen,Smith,karen.smith@me.com,(614) 866-9165,Keller Williams,Keller Williams,Greensboro,Greensboro,NC,28330,23,27,27,9472090,4.2,A,64,Brokerage Listings,Mid-size (11-50 agents),2026-09-07T00:53:56Z
CREAM-20260907-00243,Matthew Sanchez,Matthew Sanchez,Matthew,Sanchez,matthew.sanchez@kellerwilliams.com,(214) 436-6483,Keller Williams,Keller Williams,El Paso,El Paso,TX,78529,14,39,39,13983429,3.6,A,89,Facebook,Mid-size (11-50 agents),2026-09-07T21:59:44Z
CREAM-20260907-00244,Linda Nguyen,Linda Nguyen,Linda,Nguyen,linda_nguyen@gmail.com,(404) 240-1254,HER Realtors,HER Realtors,Cincinnati,Cincinnati,OH,43626,15,65,65,16563906,4.0,A,70,Trade Show,Large (51-200 agents),2026-09-07T18:29:20Z
CREAM-20260907-00245,Melissa Young,Melissa Young,Melissa,Young,melissayoung@gmail.com,(256) 738-1967,RE/MAX,RE/MAX,Charlotte,Charlotte,NC,28551,5,13,13,3773245,3.7,A,63,Trade Show,Independent,2026-09-07T20:52:09Z
CREAM-20260907-00246,Natalie Ramos,Natalie Ramos,Natalie,Ramos,nramos@aol.com,(720) 785-8994,Coldwell Banker,Coldwell Banker,Mesa,Mesa,AZ,85615,0,2,2,988890,3.4,A,76,LinkedIn,Large (51-200 agents),2026-09-07T12:48:10Z
CREAM-20260907-00247,Eric Cooper,Eric Cooper,Eric,Cooper,ericc@outlook.com,(602) 322-5050,Coldwell Banker,Coldwell Banker,Tucson,Tucson,AZ,86723,13,32,32,12234762,3.1,A,87,Realtor.com,Mid-size (11-50 agents),2026-09-07T06:11:17Z
CREAM-20260907-00248,Michael Perez,Michael Perez,Michael,Perez,mperez@outlook.com,(415) 687-9498,RE/MAX,RE/MAX,St. Petersburg,St. Petersburg,FL,32439,22,66,66,29521067,3.6,A,84,Referral Network,Large (51-200 agents),2026-09-07T22:05:31Z
CREAM-20260907-00249,Louis Sanders,Louis Sanders,Louis,Sanders,louiss@kellerwilliams.com,(972) 979-3488,Keller Williams,Keller Williams,Charlotte,Charlotte,NC,27870,3,22,22,5748507,4.9,A,69,LinkedIn,Large (51-200 agents),2026-09-07T06:37:43Z
CREAM-20260907-00250,Ronald Gutierrez,Ronald Gutierrez,Ronald,Gutierrez,ronald.gutierrez@me.com,(720) 946-6470,HomeSmart,HomeSmart,Phoenix,Phoenix,AZ,85669,18,65,65,25518682,4.6,A,91,MLS Database,Boutique (2-10 agents),2026-09-07T20:24:35Z
CREAM-20260907-00251,Laura Wilson,Laura Wilson,Laura,Wilson,laurawilson@me.com,(916) 983-9819,RE/MAX,RE/MAX,Dallas,Dallas,TX,77743,5,9,9,3011107,4.5,A,95,Realtor.com,Boutique (2-10 agents),2026-09-07T18:30:13Z
CREAM-20260907-00252,Alexander Edwards,Alexander Edwards,Alexander,Edwards,alexanderedwards@outlook.com,(786) 242-1774,Berkshire Hathaway,Berkshire Hathaway,Columbus,Columbus,OH,43127,4,9,9,2750499,4.0,A,65,Trade Show,Enterprise (200+ agents),2026-09-07T08:09:37Z
CREAM-20260907-00253,Susan Martinez,Susan Martinez,Susan,Martinez,susan.martinez@exprealty.com,(469) 440-1716,eXp Realty,eXp Realty,San Jose,San Jose,CA,96327,24,53,53,38793421,4.5,A,60,Referral Network,Boutique (2-10 agents),2026-09-07T01:21:16Z
CREAM-20260907-00254,Nancy White,Nancy White,Nancy,White,nancyw@re/max.com,(805) 557-4794,RE/MAX,RE/MAX,Mesa,Mesa,AZ,85954,3,23,23,9479920,3.6,A,96,Cold Outreach,Independent,2026-09-07T00:45:18Z
CREAM-20260907-00255,Linda Jimenez,Linda Jimenez,Linda,Jimenez,linda_jimenez@yahoo.com,(718) 749-7599,Berkshire Hathaway,Berkshire Hathaway,Jacksonville,Jacksonville,FL,32546,1,8,8,3398368,4.9,A,77,Trade Show,Independent,2026-09-07T14:03:13Z
CREAM-20260907-00256,Louis Sullivan,Louis Sullivan,Louis,Sullivan,lsullivan@kellerwilliams.com,(469) 843-8567,Keller Williams,Keller Williams,Denver,Denver,CO,81820,0,1,1,470630,3.7,A,97,Brokerage Listings,Boutique (2-10 agents),2026-09-07T06:46:05Z
CREAM-20260907-00257,Nancy Stewart,Nancy Stewart,Nancy,Stewart,nancy_stewart@hotmail.com,(614) 870-2324,Berkshire Hathaway,Berkshire Hathaway,Raleigh,Raleigh,NC,27443,0,4,4,1447432,3.4,A,77,LinkedIn,Boutique (2-10 agents),2026-09-07T08:59:01Z
CREAM-20260907-00258,Angela Kim,Angela Kim,Angela,Kim,angela.kim@kellerwilliams.com,(415) 306-8015,Keller Williams,Keller Williams,Dallas,Dallas,TX,78200,4,14,14,4457990,4.2,A,84,MLS Database,Large (51-200 agents),2026-09-07T11:36:20Z
CREAM-20260907-00259,Scott Martinez,Scott Martinez,Scott,Martinez,smartinez@yahoo.com,(614) 621-2122,Compass,Compass,Long Beach,Long Beach,CA,92206,5,13,13,14200567,4.2,A,96,Facebook,Large (51-200 agents),2026-09-07T19:04:23Z
CREAM-20260907-00260,Cynthia Hall,Cynthia Hall,Cynthia,Hall,cynthia.hall@outlook.com,(646) 434-6463,Douglas Elliman,Douglas Elliman,Orlando,Orlando,FL,34171,15,36,36,16745906,4.7,A,68,Facebook,Large (51-200 agents),2026-09-07T23:21:32Z
CREAM-20260907-00261,William Hill,William Hill,William,Hill,william.hill@alliebethallman.com,(310) 496-4715,Allie Beth Allman,Allie Beth Allman,El Paso,El Paso,TX,77963,3,22,22,6945057,3.1,A,89,Realtor.com,Large (51-200 agents),2026-09-07T07:26:57Z
CREAM-20260907-00262,Michael Campbell,Michael Campbell,Michael,Campbell,michaelc@outlook.com,(704) 500-5482,Nest Seekers,Nest Seekers,New York City,New York City,NY,10200,0,0,0,0,3.0,A,95,Trade Show,Boutique (2-10 agents),2026-09-07T07:07:41Z
CREAM-20260907-00263,Nicholas Morales,Nicholas Morales,Nicholas,Morales,nicholasm@aol.com,(310) 267-2608,Coldwell Banker,Coldwell Banker,Columbus,Columbus,OH,44339,0,4,4,1247103,4.2,A,76,Realtor.com,Enterprise (200+ agents),2026-09-07T03:46:36Z
CREAM-20260907-00264,Olivia Harris,Olivia Harris,Olivia,Harris,oharris@compass.com,(919) 979-8438,Compass,Compass,Aurora,Aurora,CO,80507,14,50,50,28951312,3.6,A,88,Referral Network,Large (51-200 agents),2026-09-07T13:31:22Z
CREAM-20260907-00265,Scott Jimenez,Scott Jimenez,Scott,Jimenez,scott_jimenez@me.com,(334) 877-4964,RE/MAX,RE/MAX,Denver,Denver,CO,80528,6,32,32,14602568,3.4,A,60,LinkedIn,Enterprise (200+ agents),2026-09-07T17:06:05Z
CREAM-20260907-00266,Catherine Anderson,Catherine Anderson,Catherine,Anderson,catherine.anderson@coldwellbanker.com,(704) 980-6139,Coldwell Banker,Coldwell Banker,Columbus,Columbus,OH,43135,2,4,4,866752,3.9,A,93,MLS Database,Boutique (2-10 agents),2026-09-07T20:51:33Z
CREAM-20260907-00267,Bruce Jones,Bruce Jones,Bruce,Jones,bruce_jones@me.com,(786) 636-7288,Coldwell Banker,Coldwell Banker,San Antonio,San Antonio,TX,76865,3,18,18,4526965,4.1,A,66,Cold Outreach,Large (51-200 agents),2026-09-07T10:01:57Z
CREAM-20260907-00268,Albert Young,Albert Young,Albert,Young,albert_young@aol.com,(513) 715-1872,HomeSmart,HomeSmart,Mesa,Mesa,AZ,85734,4,18,18,7302754,4.6,A,85,Website Lead,Independent,2026-09-07T07:18:00Z
CREAM-20260907-00269,Benjamin Taylor,Benjamin Taylor,Benjamin,Taylor,benjamin_taylor@outlook.com,(614) 874-7653,Coldwell Banker,Coldwell Banker,Colorado Springs,Colorado Springs,CO,81306,15,28,28,11981185,3.8,A,85,Trade Show,Boutique (2-10 agents),2026-09-07T18:37:40Z
CREAM-20260907-00270,Gregory Thompson,Gregory Thompson,Gregory,Thompson,gthompson@hotmail.com,(919) 839-9097,LIV Sotheby's,LIV Sotheby's,Denver,Denver,CO,80524,7,37,37,25332692,4.2,A,99,Facebook,Large (51-200 agents),2026-09-07T11:23:16Z
CREAM-20260907-00271,Raymond White,Raymond White,Raymond,White,raymondwhite@gmail.com,(214) 397-5119,Halstead,Halstead,Queens,Queens,NY,10102,5,12,12,8472595,3.5,A,67,LinkedIn,Independent,2026-09-07T16:34:59Z
CREAM-20260907-00272,Danielle Allen,Danielle Allen,Danielle,Allen,danielle.allen@yahoo.com,(234) 896-4664,eXp Realty,eXp Realty,Fort Worth,Fort Worth,TX,76619,3,11,11,2922655,4.9,A,66,MLS Database,Boutique (2-10 agents),2026-09-07T11:47:19Z
CREAM-20260907-00273,Laura Ortiz,Laura Ortiz,Laura,Ortiz,lauraortiz@icloud.com,(303) 826-4681,Keller Williams,Keller Williams,Tucson,Tucson,AZ,86477,18,78,78,29664981,4.9,A,74,Brokerage Listings,Mid-size (11-50 agents),2026-09-07T15:43:13Z
CREAM-20260907-00274,Kimberly Foster,Kimberly Foster,Kimberly,Foster,kimberly.foster@briggsfreemansothebys.com,(972) 241-2049,Briggs Freeman Sotheby's,Briggs Freeman Sotheby's,Austin,Austin,TX,78613,4,15,15,3698365,3.8,A,92,LinkedIn,Mid-size (11-50 agents),2026-09-07T08:39:14Z
CREAM-20260907-00275,Melissa Jones,Melissa Jones,Melissa,Jones,melissa.jones@exprealty.com,(234) 942-5273,eXp Realty,eXp Realty,Tampa,Tampa,FL,32343,4,20,20,6651425,3.9,A,99,MLS Database,Enterprise (200+ agents),2026-09-07T03:02:24Z
CREAM-20260907-00276,Dorothy Powell,Dorothy Powell,Dorothy,Powell,dpowell@coldwellbanker.com,(513) 258-8550,Coldwell Banker,Coldwell Banker,Long Beach,Long Beach,CA,92671,6,15,15,16171168,3.1,A,73,Realtor.com,Large (51-200 agents),2026-09-07T19:25:16Z
CREAM-20260907-00277,Pamela Anderson,Pamela Anderson,Pamela,Anderson,pamela.anderson@howardhanna.com,(916) 807-1888,Howard Hanna,Howard Hanna,Charlotte,Charlotte,NC,28643,2,7,7,2143220,3.6,A,93,NAR Directory,Mid-size (11-50 agents),2026-09-07T00:21:05Z
CREAM-20260907-00278,Jacob Alvarez,Jacob Alvarez,Jacob,Alvarez,jacoba@aol.com,(614) 410-4778,Keller Williams,Keller Williams,Scottsdale,Scottsdale,AZ,85534,11,77,77,27489558,3.4,A,81,LinkedIn,Enterprise (200+ agents),2026-09-07T23:18:23Z
CREAM-20260907-00279,Danielle Sanchez,Danielle Sanchez,Danielle,Sanchez,danielles@re/max.com,(713) 220-4537,RE/MAX,RE/MAX,Denver,Denver,CO,81160,1,3,3,1802793,4.7,A,86,MLS Database,Mid-size (11-50 agents),2026-09-07T07:22:40Z
CREAM-20260907-00280,Andrew Gonzalez,Andrew Gonzalez,Andrew,Gonzalez,andrewgonzalez@outlook.com,(602) 916-4852,Compass,Compass,Oakland,Oakland,CA,95961,14,40,40,32151377,4.1,A,71,Website Lead,Large (51-200 agents),2026-09-07T18:16:30Z
CREAM-20260907-00281,Joseph Baker,Joseph Baker,Joseph,Baker,joseph.baker@gmail.com,(980) 505-8921,RE/MAX,RE/MAX,El Paso,El Paso,TX,75786,15,66,66,22921770,3.2,A,62,Brokerage Listings,Enterprise (200+ agents),2026-09-07T06:41:31Z
CREAM-20260907-00282,Walter Thompson,Walter Thompson,Walter,Thompson,walter.thompson@hotmail.com,(786) 598-4680,eXp Realty,eXp Realty,Colorado Springs,Colorado Springs,CO,80424,4,8,8,3892321,4.7,A,87,Facebook,Independent,2026-09-07T15:44:21Z
CREAM-20260907-00283,Richard Nguyen,Richard Nguyen,Richard,Nguyen,richardn@compass.com,(415) 992-6295,Compass,Compass,Los Angeles,Los Angeles,CA,90299,23,37,37,27619141,4.3,A,99,Brokerage Listings,Independent,2026-09-07T11:06:36Z
CREAM-20260907-00284,Victoria Ward,Victoria Ward,Victoria,Ward,vward@yahoo.com,(512) 697-9879,HER Realtors,HER Realtors,Cleveland,Cleveland,OH,44762,1,5,5,1250163,4.9,A,68,Brokerage Listings,Enterprise (200+ agents),2026-09-07T04:34:35Z
CREAM-20260907-00285,Martha Patel,Martha Patel,Martha,Patel,martha.patel@icloud.com,(256) 422-6952,Berkshire Hathaway,Berkshire Hathaway,Raleigh,Raleigh,NC,28936,22,33,33,12803731,5.0,A,60,Referral Network,Mid-size (11-50 agents),2026-09-07T06:20:06Z
CREAM-20260907-00286,Brittany Anderson,Brittany Anderson,Brittany,Anderson,brittanya@me.com,(512) 861-5859,Sotheby's International,Sotheby's International,Queens,Queens,NY,11791,10,67,67,34316498,3.3,A,73,NAR Directory,Large (51-200 agents),2026-09-07T15:00:18Z
CREAM-20260907-00287,Sharon Carter,Sharon Carter,Sharon,Carter,scarter@compass.com,(256) 358-3475,Compass,Compass,Staten Island,Staten Island,NY,14866,1,9,9,5395002,3.4,A,61,MLS Database,Enterprise (200+ agents),2026-09-07T18:30:13Z
CREAM-20260907-00288,Amanda Perez,Amanda Perez,Amanda,Perez,amandap@hotmail.com,(713) 465-9217,Coldwell Banker,Coldwell Banker,Oakland,Oakland,CA,96895,9,25,25,26359475,4.8,A,66,Brokerage Listings,Mid-size (11-50 agents),2026-09-07T03:25:02Z
CREAM-20260907-00289,Nicholas Gray,Nicholas Gray,Nicholas,Gray,nicholasg@yahoo.com,(805) 321-6833,Keller Williams Realty,Keller Williams Realty,Oakland,Oakland,CA,93739,19,52,52,39548809,3.2,A,71,LinkedIn,Independent,2026-09-07T10:22:47Z
CREAM-20260907-00290,Amy Ortiz,Amy Ortiz,Amy,Ortiz,amyortiz@hotmail.com,(646) 701-3747,Compass,Compass,Los Angeles,Los Angeles,CA,90575,3,25,25,16395469,3.3,A,80,Facebook,Boutique (2-10 agents),2026-09-07T02:26:15Z
CREAM-20260907-00291,Arthur Nguyen,Arthur Nguyen,Arthur,Nguyen,anguyen@berkshirehathaway.com,(212) 940-1397,Berkshire Hathaway,Berkshire Hathaway,Tucson,Tucson,AZ,86596,15,63,63,23269513,4.7,A,97,MLS Database,Independent,2026-09-07T02:39:46Z
CREAM-20260907-00292,Philip Morgan,Philip Morgan,Philip,Morgan,philip.morgan@berkshirehathawayhomeservices.com,(513) 633-6241,Berkshire Hathaway HomeServices,Berkshire Hathaway HomeServices,San Jose,San Jose,CA,95273,4,14,14,10722112,3.5,A,90,Cold Outreach,Boutique (2-10 agents),2026-09-07T13:07:49Z
CREAM-20260907-00293,Samantha Martinez,Samantha Martinez,Samantha,Martinez,samantha.martinez@yahoo.com,(214) 219-8247,Long Realty,Long Realty,Scottsdale,Scottsdale,AZ,86768,0,1,1,416815,4.4,A,73,Brokerage Listings,Enterprise (200+ agents),2026-09-07T11:00:43Z
CREAM-20260907-00294,Eric Foster,Eric Foster,Eric,Foster,eric_foster@me.com,(303) 694-9021,RE/MAX,RE/MAX,Phoenix,Phoenix,AZ,85965,1,4,4,1218332,4.1,A,86,MLS Database,Large (51-200 agents),2026-09-07T20:56:33Z
CREAM-20260907-00295,Juan Martinez,Juan Martinez,Juan,Martinez,juanmartinez@gmail.com,(929) 857-3677,Coldwell Banker,Coldwell Banker,St. Petersburg,St. Petersburg,FL,33290,5,24,24,12050068,3.2,A,68,Referral Network,Enterprise (200+ agents),2026-09-07T09:46:00Z
CREAM-20260907-00296,Olivia Chavez,Olivia Chavez,Olivia,Chavez,oliviachavez@icloud.com,(512) 516-9627,Berkshire Hathaway,Berkshire Hathaway,Greensboro,Greensboro,NC,28168,5,22,22,7096979,4.5,A,99,Cold Outreach,Large (51-200 agents),2026-09-07T04:23:46Z
CREAM-20260907-00297,Stephanie Coleman,Stephanie Coleman,Stephanie,Coleman,stephaniec@sothebysinternational.com,(513) 533-7909,Sotheby's International,Sotheby's International,San Francisco,San Francisco,CA,92612,4,16,16,14060221,3.2,A,70,Trade Show,Large (51-200 agents),2026-09-07T08:56:25Z
CREAM-20260907-00298,Frank Perry,Frank Perry,Frank,Perry,frank.perry@icloud.com,(614) 279-4521,Coldwell Banker,Coldwell Banker,Columbus,Columbus,OH,45990,25,40,40,8692123,4.8,A,96,Cold Outreach,Enterprise (200+ agents),2026-09-07T20:59:41Z
CREAM-20260907-00299,Shirley Wilson,Shirley Wilson,Shirley,Wilson,shirleyw@exprealty.com,(407) 574-5914,eXp Realty,eXp Realty,Fort Lauderdale,Fort Lauderdale,FL,34158,19,57,57,23647462,4.4,A,70,Referral Network,Large (51-200 agents),2026-09-07T17:55:07Z
CREAM-20260907-00300,Roger Kelly,Roger Kelly,Roger,Kelly,roger.kelly@icloud.com,(469) 576-8884,Halstead,Halstead,New York City,New York City,NY,10658,20,80,80,52275239,4.7,A,76,Cold Outreach,Large (51-200 agents),2026-09-07T12:41:18Z
CREAM-20260907-00301,Joseph Anderson,Joseph Anderson,Joseph,Anderson,josephanderson@outlook.com,(720) 223-2590,RE/MAX,RE/MAX,Cincinnati,Cincinnati,OH,43540,12,51,51,15447809,4.7,A,98,Cold Outreach,Mid-size (11-50 agents),2026-09-07T20:31:53Z
CREAM-20260907-00302,Megan Allen,Megan Allen,Megan,Allen,mallen@outlook.com,(929) 539-9858,eXp Realty,eXp Realty,Denver,Denver,CO,81689,10,26,26,14378181,4.3,A,94,Referral Network,Mid-size (11-50 agents),2026-09-07T15:41:34Z
CREAM-20260907-00303,Samantha Chavez,Samantha Chavez,Samantha,Chavez,samantha.chavez@herrealtors.com,(256) 328-8959,HER Realtors,HER Realtors,Cleveland,Cleveland,OH,43546,4,16,16,5149148,3.5,A,92,LinkedIn,Large (51-200 agents),2026-09-07T16:13:36Z
CREAM-20260907-00304,Emily Long,Emily Long,Emily,Long,emilyl@aol.com,(786) 277-2942,Keller Williams,Keller Williams,Denver,Denver,CO,80975,0,5,5,2323724,3.2,A,99,Trade Show,Boutique (2-10 agents),2026-09-07T17:34:15Z
CREAM-20260907-00305,Diane Kim,Diane Kim,Diane,Kim,diane.kim@me.com,(980) 956-7342,Huntington Real Estate,Huntington Real Estate,Cincinnati,Cincinnati,OH,44771,25,58,58,13692762,4.4,A,72,NAR Directory,Mid-size (11-50 agents),2026-09-07T11:59:53Z
CREAM-20260907-00306,Benjamin Cruz,Benjamin Cruz,Benjamin,Cruz,benjamin.cruz@exprealty.com,(714) 499-2121,eXp Realty,eXp Realty,Denver,Denver,CO,81364,1,7,7,4895753,4.5,A,85,MLS Database,Large (51-200 agents),2026-09-07T16:41:15Z
CREAM-20260907-00307,Grace Coleman,Grace Coleman,Grace,Coleman,gracec@icloud.com,(212) 815-8235,Coldwell Banker,Coldwell Banker,San Antonio,San Antonio,TX,79918,0,2,2,879715,3.7,A,87,Website Lead,Enterprise (200+ agents),2026-09-07T09:08:16Z
CREAM-20260907-00308,Ralph Taylor,Ralph Taylor,Ralph,Taylor,rtaylor@compass.com,(310) 255-8209,Compass,Compass,Denver,Denver,CO,81563,1,9,9,4010052,3.2,A,95,Referral Network,Mid-size (11-50 agents),2026-09-07T06:14:26Z
CREAM-20260907-00309,Nicholas Lewis,Nicholas Lewis,Nicholas,Lewis,nlewis@hotmail.com,(513) 927-9859,RE/MAX,RE/MAX,Oakland,Oakland,CA,90695,18,58,58,37862866,4.9,A,98,Trade Show,Enterprise (200+ agents),2026-09-07T04:04:26Z
CREAM-20260907-00310,Sarah Martin,Sarah Martin,Sarah,Martin,smartin@aol.com,(916) 622-9406,RE/MAX,RE/MAX,Denver,Denver,CO,80666,3,9,9,4990926,4.3,A,81,Referral Network,Large (51-200 agents),2026-09-07T02:04:35Z
CREAM-20260907-00311,Susan Wright,Susan Wright,Susan,Wright,susan.wright@aol.com,(415) 652-9651,Halstead,Halstead,Manhattan,Manhattan,NY,14466,11,66,66,31311615,4.7,A,62,Realtor.com,Large (51-200 agents),2026-09-07T16:36:48Z
CREAM-20260907-00312,Nicole Alvarez,Nicole Alvarez,Nicole,Alvarez,nicolealvarez@hotmail.com,(512) 229-4424,RE/MAX,RE/MAX,San Francisco,San Francisco,CA,92397,24,27,27,20317251,4.2,A,71,MLS Database,Independent,2026-09-07T12:56:39Z
CREAM-20260907-00313,Judith Murphy,Judith Murphy,Judith,Murphy,judith.murphy@aol.com,(614) 798-1118,Halstead,Halstead,Bronx,Bronx,NY,12435,5,15,15,10575855,3.7,A,60,LinkedIn,Mid-size (11-50 agents),2026-09-07T15:45:54Z
CREAM-20260907-00314,James Rodriguez,James Rodriguez,James,Rodriguez,james_rodriguez@yahoo.com,(415) 874-5115,Compass,Compass,Greensboro,Greensboro,NC,28598,0,0,0,0,4.4,A,96,Facebook,Large (51-200 agents),2026-09-07T21:00:53Z
CREAM-20260907-00315,Rachel Wilson,Rachel Wilson,Rachel,Wilson,rachel_wilson@icloud.com,(212) 574-2312,HER Realtors,HER Realtors,Cincinnati,Cincinnati,OH,44304,10,71,71,19879871,3.2,A,96,Realtor.com,Mid-size (11-50 agents),2026-09-07T13:20:53Z
CREAM-20260907-00316,Ralph Brooks,Ralph Brooks,Ralph,Brooks,rbrooks@aol.com,(234) 619-1594,eXp Realty,eXp Realty,Greensboro,Greensboro,NC,28536,24,65,65,16911395,4.7,A,67,LinkedIn,Enterprise (200+ agents),2026-09-07T08:30:17Z
CREAM-20260907-00317,Brian Green,Brian Green,Brian,Green,bgreen@me.com,(303) 395-2319,8z Real Estate,8z Real Estate,Colorado Springs,Colorado Springs,CO,80718,8,37,37,26395334,3.6,A,84,Website Lead,Large (51-200 agents),2026-09-07T11:40:21Z
CREAM-20260907-00318,Lisa Roberts,Lisa Roberts,Lisa,Roberts,lroberts@icloud.com,(469) 912-9948,Berkshire Hathaway,Berkshire Hathaway,Charlotte,Charlotte,NC,28928,16,57,57,14576523,3.3,A,88,Website Lead,Large (51-200 agents),2026-09-07T06:35:08Z
CREAM-20260907-00319,Gloria Sullivan,Gloria Sullivan,Gloria,Sullivan,glorias@kellerwilliamsrealty.com,(212) 576-6994,Keller Williams Realty,Keller Williams Realty,Oakland,Oakland,CA,92297,16,42,42,26383898,3.1,A,72,Brokerage Listings,Large (51-200 agents),2026-09-07T04:49:31Z
CREAM-20260907-00320,Grace Adams,Grace Adams,Grace,Adams,gracea@berkshirehathawayhomeservices.com,(786) 476-5077,Berkshire Hathaway HomeServices,Berkshire Hathaway HomeServices,San Francisco,San Francisco,CA,96740,0,5,5,5449213,4.7,A,73,Cold Outreach,Boutique (2-10 agents),2026-09-07T20:20:17Z
CREAM-20260907-00321,Joseph Gonzalez,Joseph Gonzalez,Joseph,Gonzalez,josephg@icloud.com,(614) 579-7042,Keller Williams,Keller Williams,Cleveland,Cleveland,OH,43700,4,14,14,2833904,4.6,A,82,Facebook,Independent,2026-09-07T14:24:50Z
CREAM-20260907-00322,Olivia Phillips,Olivia Phillips,Olivia,Phillips,ophillips@nestseekers.com,(512) 534-5731,Nest Seekers,Nest Seekers,Bronx,Bronx,NY,10484,23,38,38,27556877,4.3,A,76,NAR Directory,Independent,2026-09-07T09:37:26Z
CREAM-20260907-00323,Linda Cruz,Linda Cruz,Linda,Cruz,linda_cruz@me.com,(310) 306-5965,Keller Williams,Keller Williams,Charlotte,Charlotte,NC,27736,18,60,60,23564314,3.7,A,60,MLS Database,Enterprise (200+ agents),2026-09-07T06:23:27Z
CREAM-20260907-00324,Karen Thompson,Karen Thompson,Karen,Thompson,kthompson@compass.com,(805) 219-3091,Compass,Compass,Staten Island,Staten Island,NY,12314,4,12,12,8886844,4.8,A,99,Referral Network,Mid-size (11-50 agents),2026-09-07T13:18:46Z
CREAM-20260907-00325,Keith Nelson,Keith Nelson,Keith,Nelson,keith.nelson@aol.com,(334) 389-9308,Coldwell Banker,Coldwell Banker,Denver,Denver,CO,80959,7,34,34,23313128,4.4,A,60,Referral Network,Boutique (2-10 agents),2026-09-07T09:51:07Z
CREAM-20260907-00326,Emma Lewis,Emma Lewis,Emma,Lewis,emma.lewis@me.com,(718) 547-6661,Berkshire Hathaway,Berkshire Hathaway,Cleveland,Cleveland,OH,44274,17,63,63,14267877,4.6,A,71,Cold Outreach,Independent,2026-09-07T13:59:38Z
CREAM-20260907-00327,Daniel Ramos,Daniel Ramos,Daniel,Ramos,danielr@kellerwilliams.com,(714) 565-7693,Keller Williams,Keller Williams,Greensboro,Greensboro,NC,28570,16,52,52,16678104,3.5,A,70,Brokerage Listings,Mid-size (11-50 agents),2026-09-07T05:06:15Z
CREAM-20260907-00328,John Ramos,John Ramos,John,Ramos,john_ramos@hotmail.com,(919) 773-7888,Brown Harris Stevens,Brown Harris Stevens,Manhattan,Manhattan,NY,13812,20,77,77,49326244,4.8,A,91,Facebook,Boutique (2-10 agents),2026-09-07T08:44:53Z
CREAM-20260907-00329,Kimberly Jimenez,Kimberly Jimenez,Kimberly,Jimenez,kimberlyjimenez@hotmail.com,(614) 368-7612,Douglas Elliman,Douglas Elliman,Dallas,Dallas,TX,77237,5,9,9,2323678,3.3,A,87,Website Lead,Enterprise (200+ agents),2026-09-07T20:51:49Z
CREAM-20260907-00330,Mark Murphy,Mark Murphy,Mark,Murphy,markm@yahoo.com,(718) 593-6818,eXp Realty,eXp Realty,San Jose,San Jose,CA,92540,2,11,11,8212507,5.0,A,73,LinkedIn,Boutique (2-10 agents),2026-09-07T09:29:16Z
CREAM-20260907-00331,Frank Martin,Frank Martin,Frank,Martin,frankm@coldwellbanker.com,(212) 349-7659,Coldwell Banker,Coldwell Banker,Sacramento,Sacramento,CA,95169,25,69,69,61285527,4.1,A,91,LinkedIn,Boutique (2-10 agents),2026-09-07T23:29:56Z
CREAM-20260907-00332,Frank Gutierrez,Frank Gutierrez,Frank,Gutierrez,fgutierrez@hotmail.com,(305) 876-5656,Russell Lyon Sotheby's,Russell Lyon Sotheby's,Tucson,Tucson,AZ,85970,12,76,76,22952335,4.7,A,95,Website Lead,Mid-size (11-50 agents),2026-09-07T05:37:46Z
CREAM-20260907-00333,Ruth Cooper,Ruth Cooper,Ruth,Cooper,ruthcooper@outlook.com,(714) 880-4633,Brown Harris Stevens,Brown Harris Stevens,Manhattan,Manhattan,NY,14790,8,18,18,12698377,4.9,A,97,NAR Directory,Enterprise (200+ agents),2026-09-07T19:39:54Z
CREAM-20260907-00334,Mary Phillips,Mary Phillips,Mary,Phillips,mary.phillips@yahoo.com,(929) 770-6813,eXp Realty,eXp Realty,Aurora,Aurora,CO,81540,0,3,3,1904736,3.3,A,78,Brokerage Listings,Large (51-200 agents),2026-09-07T00:15:04Z
CREAM-20260907-00335,Barbara Torres,Barbara Torres,Barbara,Torres,barbara_torres@me.com,(513) 874-5160,Keller Williams,Keller Williams,Raleigh,Raleigh,NC,28804,5,15,15,5121433,3.8,A,96,LinkedIn,Independent,2026-09-07T09:02:44Z
CREAM-20260907-00336,Tyler Turner,Tyler Turner,Tyler,Turner,tylerturner@yahoo.com,(720) 372-2850,Coldwell Banker,Coldwell Banker,Denver,Denver,CO,81110,3,10,10,6390622,3.5,A,75,Referral Network,Boutique (2-10 agents),2026-09-07T07:19:42Z
CREAM-20260907-00337,Melissa Mendoza,Melissa Mendoza,Melissa,Mendoza,melissa.mendoza@coldwellbanker.com,(805) 388-8320,Coldwell Banker,Coldwell Banker,San Diego,San Diego,CA,95181,12,70,70,45248476,4.3,A,87,Referral Network,Boutique (2-10 agents),2026-09-07T15:48:38Z
CREAM-20260907-00338,Edward Jackson,Edward Jackson,Edward,Jackson,edward.jackson@yahoo.com,(704) 793-1122,Coldwell Banker,Coldwell Banker,San Francisco,San Francisco,CA,94829,23,44,44,42768011,3.1,A,72,Referral Network,Enterprise (200+ agents),2026-09-07T00:23:59Z
CREAM-20260907-00339,Katherine Jenkins,Katherine Jenkins,Katherine,Jenkins,katherinejenkins@me.com,(513) 940-4579,RE/MAX,RE/MAX,Sacramento,Sacramento,CA,91588,25,67,67,62390798,3.4,A,98,Website Lead,Large (51-200 agents),2026-09-07T02:57:40Z
CREAM-20260907-00340,Karen Roberts,Karen Roberts,Karen,Roberts,karenr@me.com,(256) 448-4671,Compass,Compass,Denver,Denver,CO,80983,2,3,3,1792496,3.1,A,100,Brokerage Listings,Independent,2026-09-07T07:35:02Z
CREAM-20260907-00341,Joshua Chavez,Joshua Chavez,Joshua,Chavez,joshua.chavez@re/max.com,(234) 739-1645,RE/MAX,RE/MAX,Phoenix,Phoenix,AZ,85941,5,12,12,5163964,4.4,A,78,Realtor.com,Independent,2026-09-07T14:57:05Z
CREAM-20260907-00342,Edward Young,Edward Young,Edward,Young,eyoung@gmail.com,(512) 594-9822,Russell Lyon Sotheby's,Russell Lyon Sotheby's,Scottsdale,Scottsdale,AZ,85151,3,11,11,4823490,4.5,A,67,Realtor.com,Boutique (2-10 agents),2026-09-07T03:42:34Z
CREAM-20260907-00343,Deborah Ross,Deborah Ross,Deborah,Ross,deborahross@hotmail.com,(512) 424-8796,Nest Seekers,Nest Seekers,New York City,New York City,NY,14918,14,49,49,34003836,3.0,A,98,LinkedIn,Boutique (2-10 agents),2026-09-07T15:19:30Z
CREAM-20260907-00344,Donna Powell,Donna Powell,Donna,Powell,donnapowell@yahoo.com,(212) 492-7501,Brown Harris Stevens,Brown Harris Stevens,Queens,Queens,NY,14875,4,14,14,11161664,4.0,A,84,Referral Network,Mid-size (11-50 agents),2026-09-07T17:37:47Z
CREAM-20260907-00345,Patricia Reed,Patricia Reed,Patricia,Reed,patriciar@icloud.com,(972) 309-5381,Keller Williams Realty,Keller Williams Realty,Oakland,Oakland,CA,91250,2,7,7,7718120,4.2,A,80,Realtor.com,Enterprise (200+ agents),2026-09-07T02:40:54Z
CREAM-20260907-00346,Jeffrey Thompson,Jeffrey Thompson,Jeffrey,Thompson,jthompson@icloud.com,(646) 994-8269,RE/MAX,RE/MAX,Long Beach,Long Beach,CA,94563,0,5,5,3524181,4.4,A,99,NAR Directory,Mid-size (11-50 agents),2026-09-07T01:22:45Z
CREAM-20260907-00347,Donald Hughes,Donald Hughes,Donald,Hughes,donald.hughes@re/max.com,(713) 987-9039,RE/MAX,RE/MAX,Colorado Springs,Colorado Springs,CO,80569,9,19,19,10274887,3.5,A,73,LinkedIn,Large (51-200 agents),2026-09-07T18:15:21Z
CREAM-20260907-00348,Theresa Baker,Theresa Baker,Theresa,Baker,theresab@icloud.com,(980) 492-8238,RE/MAX,RE/MAX,Orlando,Orlando,FL,34100,7,19,19,9124528,4.6,A,90,MLS Database,Boutique (2-10 agents),2026-09-07T09:42:14Z
CREAM-20260907-00349,Mary Howard,Mary Howard,Mary,Howard,mary_howard@yahoo.com,(310) 959-5162,Coldwell Banker,Coldwell Banker,San Diego,San Diego,CA,96557,24,58,58,58694711,4.9,A,74,MLS Database,Boutique (2-10 agents),2026-09-07T08:19:29Z
CREAM-20260907-00350,Ronald Long,Ronald Long,Ronald,Long,ronaldlong@icloud.com,(916) 313-1605,Coldwell Banker,Coldwell Banker,Mesa,Mesa,AZ,85263,3,14,14,7136022,4.5,A,82,Realtor.com,Boutique (2-10 agents),2026-09-07T21:49:55Z
CREAM-20260907-00351,Jeffrey Turner,Jeffrey Turner,Jeffrey,Turner,jeffreyturner@me.com,(919) 410-6997,Nest Seekers,Nest Seekers,New York City,New York City,NY,14606,12,42,42,22177523,3.9,A,81,Referral Network,Mid-size (11-50 agents),2026-09-07T17:19:46Z
CREAM-20260907-00352,Diane Hill,Diane Hill,Diane,Hill,diane.hill@icloud.com,(980) 572-5515,Berkshire Hathaway,Berkshire Hathaway,Charlotte,Charlotte,NC,28715,6,26,26,8290970,3.1,A,69,Trade Show,Mid-size (11-50 agents),2026-09-07T07:31:50Z
CREAM-20260907-00353,Matthew Mendoza,Matthew Mendoza,Matthew,Mendoza,matthew_mendoza@gmail.com,(614) 797-7070,eXp Realty,eXp Realty,Phoenix,Phoenix,AZ,85231,22,37,37,11068238,4.0,A,96,Referral Network,Boutique (2-10 agents),2026-09-07T16:21:21Z
CREAM-20260907-00354,Julia Carter,Julia Carter,Julia,Carter,julia.carter@icloud.com,(714) 292-6555,Sotheby's International,Sotheby's International,New York City,New York City,NY,10125,4,24,24,16554915,3.7,A,89,Referral Network,Independent,2026-09-07T18:16:54Z
CREAM-20260907-00355,Kevin Young,Kevin Young,Kevin,Young,kyoung@hotmail.com,(713) 254-1252,Berkshire Hathaway HomeServices,Berkshire Hathaway HomeServices,San Jose,San Jose,CA,92920,25,53,53,40438018,3.5,A,79,Cold Outreach,Independent,2026-09-07T04:12:12Z
CREAM-20260907-00356,Sandra Phillips,Sandra Phillips,Sandra,Phillips,sphillips@kellerwilliams.com,(704) 723-8251,Keller Williams,Keller Williams,Scottsdale,Scottsdale,AZ,85565,22,32,32,15374138,4.0,A,88,Facebook,Enterprise (200+ agents),2026-09-07T13:08:40Z
CREAM-20260907-00357,Matthew Morales,Matthew Morales,Matthew,Morales,mmorales@icloud.com,(916) 907-4050,Keller Williams,Keller Williams,Manhattan,Manhattan,NY,14232,5,13,13,8587989,3.6,A,62,Brokerage Listings,Independent,2026-09-07T03:01:35Z
CREAM-20260907-00358,Patricia Nelson,Patricia Nelson,Patricia,Nelson,patricia.nelson@exprealty.com,(310) 641-3321,eXp Realty,eXp Realty,Raleigh,Raleigh,NC,27975,12,40,40,13195739,4.3,A,100,Cold Outreach,Boutique (2-10 agents),2026-09-07T02:17:15Z
CREAM-20260907-00359,Julia Bennett,Julia Bennett,Julia,Bennett,jbennett@gmail.com,(469) 247-9843,Coldwell Banker,Coldwell Banker,Austin,Austin,TX,75975,4,8,8,3307478,4.8,A,82,Cold Outreach,Large (51-200 agents),2026-09-07T23:52:57Z
CREAM-20260907-00360,Frank Parker,Frank Parker,Frank,Parker,frank_parker@aol.com,(704) 963-3539,LIV Sotheby's,LIV Sotheby's,Aurora,Aurora,CO,81415,3,9,9,3687863,3.7,A,92,Facebook,Large (51-200 agents),2026-09-07T00:44:10Z
CREAM-20260907-00361,Aaron Hill,Aaron Hill,Aaron,Hill,aaronhill@aol.com,(212) 443-4101,Sotheby's International,Sotheby's International,Manhattan,Manhattan,NY,12523,7,22,22,13599546,3.6,A,98,MLS Database,Mid-size (11-50 agents),2026-09-07T01:13:11Z
CREAM-20260907-00362,Mary Watson,Mary Watson,Mary,Watson,mary.watson@gmail.com,(407) 248-7878,8z Real Estate,8z Real Estate,Aurora,Aurora,CO,80963,2,12,12,6853947,3.0,A,95,Facebook,Boutique (2-10 agents),2026-09-07T16:54:11Z
CREAM-20260907-00363,Eugene Parker,Eugene Parker,Eugene,Parker,eugene_parker@yahoo.com,(310) 360-1836,Coldwell Banker,Coldwell Banker,San Francisco,San Francisco,CA,95531,23,49,49,53115486,4.1,A,80,MLS Database,Independent,2026-09-07T12:09:59Z
CREAM-20260907-00364,Louis Sanders,Louis Sanders,Louis,Sanders,louiss@icloud.com,(713) 549-7770,Compass,Compass,Aurora,Aurora,CO,81184,1,9,9,3775661,3.4,A,93,Website Lead,Boutique (2-10 agents),2026-09-07T00:47:25Z
CREAM-20260907-00365,Nicholas Morales,Nicholas Morales,Nicholas,Morales,nicholasmorales@aol.com,(234) 944-5780,Berkshire Hathaway,Berkshire Hathaway,Cincinnati,Cincinnati,OH,44433,3,12,12,3081042,4.0,A,60,Facebook,Mid-size (11-50 agents),2026-09-07T08:59:53Z
CREAM-20260907-00366,Karen Cox,Karen Cox,Karen,Cox,karen.cox@russelllyonsothebys.com,(786) 999-3539,Russell Lyon Sotheby's,Russell Lyon Sotheby's,Phoenix,Phoenix,AZ,86340,3,19,19,7683368,3.1,A,67,MLS Database,Independent,2026-09-07T07:59:15Z
CREAM-20260907-00367,Joseph Thompson,Joseph Thompson,Joseph,Thompson,josepht@gmail.com,(334) 755-3485,Russell Lyon Sotheby's,Russell Lyon Sotheby's,Scottsdale,Scottsdale,AZ,86591,4,17,17,5497845,4.3,A,82,Realtor.com,Independent,2026-09-07T18:10:46Z
CREAM-20260907-00368,Elizabeth Allen,Elizabeth Allen,Elizabeth,Allen,elizabeth.allen@yahoo.com,(303) 718-3968,Berkshire Hathaway,Berkshire Hathaway,Orlando,Orlando,FL,34684,1,10,10,4100216,3.7,A,74,Trade Show,Mid-size (11-50 agents),2026-09-07T18:34:19Z
CREAM-20260907-00369,Lauren Rogers,Lauren Rogers,Lauren,Rogers,lauren.rogers@outlook.com,(704) 373-4568,Compass,Compass,Denver,Denver,CO,81913,13,41,41,25448130,4.9,A,79,LinkedIn,Boutique (2-10 agents),2026-09-07T07:19:26Z
CREAM-20260907-00370,Kimberly Martinez,Kimberly Martinez,Kimberly,Martinez,kimberlym@kellerwilliams.com,(256) 809-1157,Keller Williams,Keller Williams,Fort Worth,Fort Worth,TX,76371,6,31,31,13847271,4.5,A,97,Facebook,Independent,2026-09-07T07:51:22Z
CREAM-20260907-00371,Donna Ruiz,Donna Ruiz,Donna,Ruiz,donna.ruiz@exprealty.com,(972) 333-7173,eXp Realty,eXp Realty,Raleigh,Raleigh,NC,28695,17,70,70,30598123,4.8,A,69,Cold Outreach,Boutique (2-10 agents),2026-09-07T21:13:48Z
CREAM-20260907-00372,Theresa Taylor,Theresa Taylor,Theresa,Taylor,ttaylor@re/max.com,(305) 307-2735,RE/MAX,RE/MAX,Long Beach,Long Beach,CA,91470,0,2,2,1222208,3.5,A,73,Website Lead,Mid-size (11-50 agents),2026-09-07T19:54:25Z
CREAM-20260907-00373,Mark Smith,Mark Smith,Mark,Smith,mark_smith@yahoo.com,(415) 418-6500,eXp Realty,eXp Realty,Fort Worth,Fort Worth,TX,78520,15,79,79,27476921,4.8,A,89,NAR Directory,Boutique (2-10 agents),2026-09-07T13:25:34Z
CREAM-20260907-00374,Matthew Allen,Matthew Allen,Matthew,Allen,mallen@yahoo.com,(334) 573-8609,HER Realtors,HER Realtors,Cincinnati,Cincinnati,OH,43798,1,12,12,3829573,4.6,A,99,Realtor.com,Mid-size (11-50 agents),2026-09-07T08:47:06Z
CREAM-20260907-00375,Daniel Thompson,Daniel Thompson,Daniel,Thompson,danielt@exprealty.com,(919) 848-3158,eXp Realty,eXp Realty,Colorado Springs,Colorado Springs,CO,81986,2,5,5,2694686,4.7,A,72,Realtor.com,Large (51-200 agents),2026-09-07T11:39:16Z
CREAM-20260907-00376,Carol Mitchell,Carol Mitchell,Carol,Mitchell,carol.mitchell@outlook.com,(234) 571-9409,eXp Realty,eXp Realty,Phoenix,Phoenix,AZ,86172,2,12,12,4542661,3.6,A,92,NAR Directory,Enterprise (200+ agents),2026-09-07T23:20:47Z
CREAM-20260907-00377,Danielle Hill,Danielle Hill,Danielle,Hill,danielle.hill@brownharrisstevens.com,(720) 762-4042,Brown Harris Stevens,Brown Harris Stevens,Manhattan,Manhattan,NY,12312,5,23,23,18106155,3.8,A,85,Website Lead,Independent,2026-09-07T10:17:38Z
CREAM-20260907-00378,Rose Perry,Rose Perry,Rose,Perry,roseperry@icloud.com,(805) 954-4445,RE/MAX,RE/MAX,Denver,Denver,CO,80664,0,3,3,1482332,3.1,A,64,Brokerage Listings,Enterprise (200+ agents),2026-09-07T09:32:29Z
CREAM-20260907-00379,David Ross,David Ross,David,Ross,david_ross@outlook.com,(614) 717-2111,Briggs Freeman Sotheby's,Briggs Freeman Sotheby's,San Antonio,San Antonio,TX,78141,1,5,5,1554810,3.0,A,62,LinkedIn,Large (51-200 agents),2026-09-07T17:14:50Z
CREAM-20260907-00380,Amy Gutierrez,Amy Gutierrez,Amy,Gutierrez,amygutierrez@outlook.com,(704) 629-2521,Halstead,Halstead,New York City,New York City,NY,13368,25,77,77,57499443,4.2,A,85,Cold Outreach,Mid-size (11-50 agents),2026-09-07T14:24:33Z
CREAM-20260907-00381,Laura Hall,Laura Hall,Laura,Hall,lhall@coldwellbanker.com,(786) 209-6476,Coldwell Banker,Coldwell Banker,Tampa,Tampa,FL,33861,5,10,10,3050936,3.7,A,65,Brokerage Listings,Independent,2026-09-07T07:00:53Z
CREAM-20260907-00382,Melissa Jackson,Melissa Jackson,Melissa,Jackson,melissaj@hotmail.com,(404) 240-8918,Compass,Compass,Brooklyn,Brooklyn,NY,12494,2,7,7,5841067,3.8,A,79,Realtor.com,Enterprise (200+ agents),2026-09-07T02:28:47Z
CREAM-20260907-00383,Arthur Rogers,Arthur Rogers,Arthur,Rogers,arthur.rogers@coldwellbanker.com,(704) 516-1089,Coldwell Banker,Coldwell Banker,San Francisco,San Francisco,CA,96348,3,23,23,18254076,4.8,A,92,Cold Outreach,Boutique (2-10 agents),2026-09-07T20:50:45Z
CREAM-20260907-00384,Heather Jackson,Heather Jackson,Heather,Jackson,hjackson@gmail.com,(713) 547-3156,Allen Tate,Allen Tate,Greensboro,Greensboro,NC,27257,0,1,1,340753,4.8,A,91,Facebook,Boutique (2-10 agents),2026-09-07T02:24:49Z
CREAM-20260907-00385,Patricia Diaz,Patricia Diaz,Patricia,Diaz,pdiaz@yahoo.com,(234) 841-1636,eXp Realty,eXp Realty,Orlando,Orlando,FL,32710,22,29,29,8639164,3.8,A,100,LinkedIn,Boutique (2-10 agents),2026-09-07T08:47:14Z
CREAM-20260907-00386,Jerry Cooper,Jerry Cooper,Jerry,Cooper,jerrycooper@outlook.com,(704) 592-5737,RE/MAX,RE/MAX,Tucson,Tucson,AZ,86812,17,52,52,27695418,3.6,A,68,NAR Directory,Independent,2026-09-07T11:55:29Z
CREAM-20260907-00387,Eric Mitchell,Eric Mitchell,Eric,Mitchell,eric_mitchell@yahoo.com,(602) 516-9624,Keller Williams Realty,Keller Williams Realty,Long Beach,Long Beach,CA,91144,7,26,26,19379219,4.8,A,64,Facebook,Mid-size (11-50 agents),2026-09-07T13:14:42Z
CREAM-20260907-00388,Patrick Collins,Patrick Collins,Patrick,Collins,pcollins@me.com,(646) 326-5677,Nest Seekers,Nest Seekers,Queens,Queens,NY,12728,16,31,31,15939059,4.7,A,92,Trade Show,Boutique (2-10 agents),2026-09-07T21:42:31Z
CREAM-20260907-00389,Angela Thomas,Angela Thomas,Angela,Thomas,athomas@coldwellbanker.com,(305) 910-6992,Coldwell Banker,Coldwell Banker,St. Petersburg,St. Petersburg,FL,33573,5,23,23,12544208,4.1,A,84,Realtor.com,Independent,2026-09-07T17:12:04Z
CREAM-20260907-00390,Catherine Watson,Catherine Watson,Catherine,Watson,catherinew@yahoo.com,(212) 603-7724,Compass,Compass,Manhattan,Manhattan,NY,11949,1,4,4,1905010,3.9,A,93,Referral Network,Mid-size (11-50 agents),2026-09-07T06:52:10Z
CREAM-20260907-00391,Diane Fisher,Diane Fisher,Diane,Fisher,dfisher@yahoo.com,(512) 554-3191,Keller Williams,Keller Williams,Raleigh,Raleigh,NC,27900,1,12,12,4113734,4.1,A,71,Facebook,Independent,2026-09-07T07:25:22Z
CREAM-20260907-00392,Gloria Campbell,Gloria Campbell,Gloria,Campbell,gloria.campbell@howardhanna.com,(916) 986-1569,Howard Hanna,Howard Hanna,Greensboro,Greensboro,NC,28988,9,18,18,5904763,5.0,A,71,MLS Database,Enterprise (200+ agents),2026-09-07T23:19:56Z
CREAM-20260907-00393,Sarah Allen,Sarah Allen,Sarah,Allen,sarah_allen@aol.com,(646) 289-2841,Keller Williams Realty,Keller Williams Realty,Jacksonville,Jacksonville,FL,33942,12,69,69,36269451,3.6,A,95,NAR Directory,Mid-size (11-50 agents),2026-09-07T08:55:07Z
CREAM-20260907-00394,Richard Martinez,Richard Martinez,Richard,Martinez,richardm@outlook.com,(713) 423-9138,RE/MAX,RE/MAX,Oakland,Oakland,CA,94282,23,27,27,20176540,3.3,A,94,Brokerage Listings,Large (51-200 agents),2026-09-07T15:27:16Z
CREAM-20260907-00395,Samuel Nguyen,Samuel Nguyen,Samuel,Nguyen,samueln@exprealty.com,(614) 788-7636,eXp Realty,eXp Realty,Colorado Springs,Colorado Springs,CO,80500,24,54,54,25958393,3.3,A,87,Website Lead,Mid-size (11-50 agents),2026-09-07T04:56:21Z
CREAM-20260907-00396,Nicole Wilson,Nicole Wilson,Nicole,Wilson,nicole_wilson@gmail.com,(310) 933-6705,RE/MAX,RE/MAX,Cincinnati,Cincinnati,OH,45987,3,10,10,2270777,3.2,A,97,Referral Network,Boutique (2-10 agents),2026-09-07T05:33:14Z
CREAM-20260907-00397,Sarah Allen,Sarah Allen,Sarah,Allen,sallen@exprealty.com,(512) 386-8498,eXp Realty,eXp Realty,Aurora,Aurora,CO,80430,1,11,11,5167789,3.8,A,71,Website Lead,Mid-size (11-50 agents),2026-09-07T23:48:30Z
CREAM-20260907-00398,Edward Peterson,Edward Peterson,Edward,Peterson,edwardpeterson@gmail.com,(602) 654-8420,Keller Williams,Keller Williams,Austin,Austin,TX,75275,15,37,37,15299567,4.8,A,69,Brokerage Listings,Large (51-200 agents),2026-09-07T23:39:07Z
CREAM-20260907-00399,Scott Walker,Scott Walker,Scott,Walker,swalker@douglaselliman.com,(407) 821-1913,Douglas Elliman,Douglas Elliman,Queens,Queens,NY,11694,11,64,64,48379559,3.9,A,71,Referral Network,Boutique (2-10 agents),2026-09-07T23:24:06Z
CREAM-20260907-00400,Keith Stewart,Keith Stewart,Keith,Stewart,keiths@hotmail.com,(713) 651-6764,Brown Harris Stevens,Brown Harris Stevens,Queens,Queens,NY,11136,24,27,27,12399887,3.5,A,92,LinkedIn,Boutique (2-10 agents),2026-09-07T06:51:30Z
CREAM-20260907-00401,Paul Kim,Paul Kim,Paul,Kim,paul_kim@icloud.com,(646) 732-8339,RE/MAX,RE/MAX,Anaheim,Anaheim,CA,92887,2,4,4,2403916,3.1,B,73,Referral Network,Large (51-200 agents),2026-09-07T01:44:03Z
CREAM-20260907-00402,Andrew Hall,Andrew Hall,Andrew,Hall,andrewh@nestseekers.com,(407) 929-2848,Nest Seekers,Nest Seekers,Rochester,Rochester,NY,11471,3,24,24,18789674,4.2,B,62,Website Lead,Enterprise (200+ agents),2026-09-07T17:57:44Z
CREAM-20260907-00403,Katherine Sanders,Katherine Sanders,Katherine,Sanders,ksanders@berkshirehathaway.com,(714) 803-1104,Berkshire Hathaway,Berkshire Hathaway,Glendale,Glendale,AZ,85980,5,16,16,5063091,3.1,B,64,NAR Directory,Enterprise (200+ agents),2026-09-07T21:13:15Z
CREAM-20260907-00404,Daniel Sanchez,Daniel Sanchez,Daniel,Sanchez,daniels@compass.com,(714) 864-1928,Compass,Compass,Chula Vista,Chula Vista,CA,96305,3,12,12,8267143,3.8,B,62,Brokerage Listings,Mid-size (11-50 agents),2026-09-07T19:21:19Z
CREAM-20260907-00405,Debra Morgan,Debra Morgan,Debra,Morgan,debra.morgan@outlook.com,(334) 389-9366,Berkshire Hathaway,Berkshire Hathaway,Glendale,Glendale,AZ,86791,13,64,64,26077062,3.2,B,63,LinkedIn,Boutique (2-10 agents),2026-09-07T17:43:43Z
CREAM-20260907-00406,Justin Jones,Justin Jones,Justin,Jones,justinj@icloud.com,(704) 987-4034,Compass,Compass,Chula Vista,Chula Vista,CA,95566,10,28,28,25699322,3.7,B,82,Website Lead,Boutique (2-10 agents),2026-09-07T22:38:09Z
CREAM-20260907-00407,David Gonzalez,David Gonzalez,David,Gonzalez,davidg@8zrealestate.com,(407) 958-8679,8z Real Estate,8z Real Estate,Lakewood,Lakewood,CO,80826,4,8,8,4002288,4.7,B,65,MLS Database,Boutique (2-10 agents),2026-09-07T20:11:01Z
CREAM-20260907-00408,Eugene Martinez,Eugene Martinez,Eugene,Martinez,eugene.martinez@halstead.com,(234) 789-3850,Halstead,Halstead,Buffalo,Buffalo,NY,12721,4,14,14,8398700,3.7,B,78,Website Lead,Enterprise (200+ agents),2026-09-07T18:04:26Z
CREAM-20260907-00409,Gary Alvarez,Gary Alvarez,Gary,Alvarez,garya@yahoo.com,(305) 596-1341,eXp Realty,eXp Realty,Cary,Cary,NC,28397,3,18,18,7078635,4.0,B,78,Realtor.com,Large (51-200 agents),2026-09-07T16:09:59Z
CREAM-20260907-00410,Carolyn Rivera,Carolyn Rivera,Carolyn,Rivera,carolyn.rivera@huntingtonrealestate.com,(234) 406-8426,Huntington Real Estate,Huntington Real Estate,Akron,Akron,OH,43330,9,26,26,5270634,3.5,B,82,Cold Outreach,Large (51-200 agents),2026-09-07T01:05:25Z
CREAM-20260907-00411,Joshua Wright,Joshua Wright,Joshua,Wright,joshua_wright@outlook.com,(718) 895-2575,Keller Williams,Keller Williams,Glendale,Glendale,AZ,85184,19,41,41,20246484,3.9,B,84,LinkedIn,Independent,2026-09-07T22:15:56Z
CREAM-20260907-00412,Victoria Carter,Victoria Carter,Victoria,Carter,vcarter@coldwellbanker.com,(646) 499-1527,Coldwell Banker,Coldwell Banker,Corpus Christi,Corpus Christi,TX,75677,0,2,2,799316,3.8,B,75,LinkedIn,Enterprise (200+ agents),2026-09-07T21:18:26Z
CREAM-20260907-00413,Julia Peterson,Julia Peterson,Julia,Peterson,julia_peterson@outlook.com,(334) 240-4348,Cutler Real Estate,Cutler Real Estate,Parma,Parma,OH,45544,0,5,5,1090873,3.3,B,73,Facebook,Enterprise (200+ agents),2026-09-07T23:16:30Z
CREAM-20260907-00414,Lawrence Myers,Lawrence Myers,Lawrence,Myers,lawrence.myers@gmail.com,(415) 766-1667,Allen Tate,Allen Tate,Fayetteville,Fayetteville,NC,28362,25,68,68,28604397,4.2,B,63,Referral Network,Mid-size (11-50 agents),2026-09-07T02:17:25Z
CREAM-20260907-00415,Cynthia Davis,Cynthia Davis,Cynthia,Davis,cdavis@icloud.com,(916) 466-5363,Halstead,Halstead,Syracuse,Syracuse,NY,12935,9,21,21,14248705,5.0,B,63,Referral Network,Mid-size (11-50 agents),2026-09-07T17:44:07Z
CREAM-20260907-00416,Steven Lewis,Steven Lewis,Steven,Lewis,stevenl@aol.com,(972) 245-4724,Sotheby's International,Sotheby's International,Anaheim,Anaheim,CA,92686,5,22,22,18115167,3.4,B,94,Website Lead,Mid-size (11-50 agents),2026-09-07T11:41:58Z
CREAM-20260907-00417,Carl Martinez,Carl Martinez,Carl,Martinez,carlm@aol.com,(713) 427-4759,RE/MAX,RE/MAX,Hialeah,Hialeah,FL,33844,2,7,7,3081390,3.7,B,92,Cold Outreach,Boutique (2-10 agents),2026-09-07T01:56:40Z
CREAM-20260907-00418,Christine Jenkins,Christine Jenkins,Christine,Jenkins,christinejenkins@gmail.com,(407) 844-3513,Halstead,Halstead,Rochester,Rochester,NY,12952,3,16,16,7839736,4.4,B,91,Referral Network,Boutique (2-10 agents),2026-09-07T16:22:08Z
CREAM-20260907-00419,Louis Watson,Louis Watson,Louis,Watson,louis.watson@outlook.com,(646) 487-9928,eXp Realty,eXp Realty,Parma,Parma,OH,44979,4,12,12,3358315,4.3,B,93,NAR Directory,Mid-size (11-50 agents),2026-09-07T12:31:02Z
CREAM-20260907-00420,Cynthia Ward,Cynthia Ward,Cynthia,Ward,cynthiaw@yahoo.com,(646) 968-7918,Berkshire Hathaway,Berkshire Hathaway,Hollywood,Hollywood,FL,33756,4,25,25,11008311,3.2,B,91,Website Lead,Large (51-200 agents),2026-09-07T04:41:40Z
CREAM-20260907-00421,Helen Phillips,Helen Phillips,Helen,Phillips,helen.phillips@outlook.com,(980) 485-3621,Long Realty,Long Realty,Glendale,Glendale,AZ,86883,2,10,10,2891006,4.8,B,98,MLS Database,Enterprise (200+ agents),2026-09-07T02:26:35Z
CREAM-20260907-00422,Emma Williams,Emma Williams,Emma,Williams,ewilliams@icloud.com,(234) 660-4753,Coldwell Banker,Coldwell Banker,Pembroke Pines,Pembroke Pines,FL,34866,7,17,17,7864806,3.3,B,90,Website Lead,Large (51-200 agents),2026-09-07T20:29:42Z
CREAM-20260907-00423,Catherine Martinez,Catherine Martinez,Catherine,Martinez,catherinem@exprealty.com,(334) 638-9069,eXp Realty,eXp Realty,Arvada,Arvada,CO,81963,11,33,33,14980129,4.7,B,85,NAR Directory,Large (51-200 agents),2026-09-07T11:29:49Z
CREAM-20260907-00424,Rebecca Gomez,Rebecca Gomez,Rebecca,Gomez,rebeccag@nestseekers.com,(646) 760-1257,Nest Seekers,Nest Seekers,New Rochelle,New Rochelle,NY,14729,0,3,3,1711596,3.3,B,79,Realtor.com,Enterprise (200+ agents),2026-09-07T12:35:49Z
CREAM-20260907-00425,Nicholas Smith,Nicholas Smith,Nicholas,Smith,nicholas_smith@outlook.com,(714) 237-8102,Coldwell Banker,Coldwell Banker,Parma,Parma,OH,44353,18,71,71,21736643,3.2,B,99,NAR Directory,Enterprise (200+ agents),2026-09-07T00:39:23Z
CREAM-20260907-00426,Samantha Collins,Samantha Collins,Samantha,Collins,samanthac@coldwellbanker.com,(469) 830-5182,Coldwell Banker,Coldwell Banker,Dayton,Dayton,OH,45315,16,68,68,19144680,4.7,B,86,Realtor.com,Mid-size (11-50 agents),2026-09-07T20:37:01Z
CREAM-20260907-00427,Barbara Parker,Barbara Parker,Barbara,Parker,barbara_parker@icloud.com,(980) 902-6618,Berkshire Hathaway,Berkshire Hathaway,Durham,Durham,NC,28234,5,22,22,5525685,4.2,B,70,Referral Network,Independent,2026-09-07T00:02:51Z
CREAM-20260907-00428,Brian Perry,Brian Perry,Brian,Perry,brianp@icloud.com,(614) 265-2448,Coldwell Banker,Coldwell Banker,Hollywood,Hollywood,FL,32130,0,3,3,1558810,4.3,B,68,Website Lead,Large (51-200 agents),2026-09-07T03:39:47Z
CREAM-20260907-00429,Margaret Reed,Margaret Reed,Margaret,Reed,mreed@me.com,(407) 246-8640,eXp Realty,eXp Realty,Dayton,Dayton,OH,45844,5,14,14,2855602,4.3,B,85,Realtor.com,Large (51-200 agents),2026-09-07T00:17:21Z
CREAM-20260907-00430,Daniel Mendoza,Daniel Mendoza,Daniel,Mendoza,daniel.mendoza@briggsfreemansothebys.com,(334) 300-5793,Briggs Freeman Sotheby's,Briggs Freeman Sotheby's,Lubbock,Lubbock,TX,76371,5,18,18,5760547,4.5,B,86,Realtor.com,Large (51-200 agents),2026-09-07T09:03:03Z
CREAM-20260907-00431,Brian Patel,Brian Patel,Brian,Patel,brian.patel@yahoo.com,(214) 612-8266,HER Realtors,HER Realtors,Toledo,Toledo,OH,43881,24,70,70,15319170,4.0,B,60,MLS Database,Large (51-200 agents),2026-09-07T13:24:30Z
CREAM-20260907-00432,Elizabeth Evans,Elizabeth Evans,Elizabeth,Evans,elizabeth.evans@douglaselliman.com,(404) 304-3396,Douglas Elliman,Douglas Elliman,Hollywood,Hollywood,FL,32622,9,25,25,10713636,3.2,B,81,Cold Outreach,Large (51-200 agents),2026-09-07T13:35:32Z
CREAM-20260907-00433,Eugene Sanders,Eugene Sanders,Eugene,Sanders,eugene.sanders@outlook.com,(212) 406-4124,Russell Lyon Sotheby's,Russell Lyon Sotheby's,Tempe,Tempe,AZ,85617,0,4,4,1855938,3.5,B,91,Facebook,Boutique (2-10 agents),2026-09-07T02:04:55Z
CREAM-20260907-00434,Nicole Stewart,Nicole Stewart,Nicole,Stewart,nicoles@exprealty.com,(415) 360-4851,eXp Realty,eXp Realty,Riverside,Riverside,CA,96140,1,12,12,12136819,3.5,B,73,Brokerage Listings,Mid-size (11-50 agents),2026-09-07T20:12:16Z
CREAM-20260907-00435,Roger Nelson,Roger Nelson,Roger,Nelson,rogern@coldwellbanker.com,(720) 656-4216,Coldwell Banker,Coldwell Banker,Cary,Cary,NC,27165,1,7,7,1905500,4.3,B,76,Brokerage Listings,Enterprise (200+ agents),2026-09-07T09:17:16Z
CREAM-20260907-00436,Danielle Evans,Danielle Evans,Danielle,Evans,daniellee@outlook.com,(713) 632-6054,Coldwell Banker,Coldwell Banker,Fresno,Fresno,CA,93655,3,10,10,6127931,4.8,B,79,MLS Database,Enterprise (200+ agents),2026-09-07T21:19:39Z
CREAM-20260907-00437,Jessica Cook,Jessica Cook,Jessica,Cook,jessicacook@outlook.com,(602) 332-9408,Douglas Elliman,Douglas Elliman,Port St. Lucie,Port St. Lucie,FL,33536,13,27,27,14470121,3.8,B,60,LinkedIn,Independent,2026-09-07T19:02:52Z
CREAM-20260907-00438,Gloria Sanchez,Gloria Sanchez,Gloria,Sanchez,gloria.sanchez@me.com,(916) 600-4347,eXp Realty,eXp Realty,Tallahassee,Tallahassee,FL,32798,1,3,3,1463257,4.1,B,94,Realtor.com,Independent,2026-09-07T21:01:56Z
CREAM-20260907-00439,Lisa Jones,Lisa Jones,Lisa,Jones,lisajones@aol.com,(916) 902-9648,Corcoran Group,Corcoran Group,Albany,Albany,NY,13568,10,38,38,25613000,5.0,B,71,NAR Directory,Mid-size (11-50 agents),2026-09-07T00:07:51Z
CREAM-20260907-00440,Juan Carter,Juan Carter,Juan,Carter,jcarter@gmail.com,(407) 462-7047,Berkshire Hathaway,Berkshire Hathaway,Lakewood,Lakewood,CO,80919,12,63,63,27060026,3.9,B,81,NAR Directory,Large (51-200 agents),2026-09-07T22:44:15Z
CREAM-20260907-00441,Brittany Cook,Brittany Cook,Brittany,Cook,brittany.cook@icloud.com,(334) 632-3107,8z Real Estate,8z Real Estate,Fort Collins,Fort Collins,CO,80154,6,18,18,11594242,4.9,B,96,Referral Network,Boutique (2-10 agents),2026-09-07T10:36:39Z
CREAM-20260907-00442,Dennis Morales,Dennis Morales,Dennis,Morales,dennis.morales@outlook.com,(512) 241-9461,RE/MAX,RE/MAX,Durham,Durham,NC,27920,13,30,30,8307713,4.7,B,65,Realtor.com,Independent,2026-09-07T08:25:57Z
CREAM-20260907-00443,Angela Cox,Angela Cox,Angela,Cox,angela.cox@aol.com,(305) 258-5630,Berkshire Hathaway,Berkshire Hathaway,Cary,Cary,NC,28629,2,3,3,1147591,3.0,B,64,Facebook,Independent,2026-09-07T19:34:15Z
CREAM-20260907-00444,Bruce Flores,Bruce Flores,Bruce,Flores,bflores@howardhanna.com,(512) 568-3475,Howard Hanna,Howard Hanna,Fayetteville,Fayetteville,NC,28801,2,10,10,3896932,3.6,B,99,Realtor.com,Mid-size (11-50 agents),2026-09-07T10:28:20Z
CREAM-20260907-00445,Frank Ortiz,Frank Ortiz,Frank,Ortiz,frank_ortiz@aol.com,(407) 611-7675,Allie Beth Allman,Allie Beth Allman,Garland,Garland,TX,75712,8,22,22,6116128,3.8,B,67,Trade Show,Enterprise (200+ agents),2026-09-07T23:56:41Z
CREAM-20260907-00446,Betty Long,Betty Long,Betty,Long,betty.long@hotmail.com,(786) 260-5956,Cutler Real Estate,Cutler Real Estate,Akron,Akron,OH,43118,1,10,10,3022007,4.8,B,84,Facebook,Enterprise (200+ agents),2026-09-07T13:36:44Z
CREAM-20260907-00447,Sandra Sanders,Sandra Sanders,Sandra,Sanders,sandras@outlook.com,(718) 695-2213,Long Realty,Long Realty,Gilbert,Gilbert,AZ,85584,20,76,76,37159014,3.5,B,92,NAR Directory,Mid-size (11-50 agents),2026-09-07T18:51:34Z
CREAM-20260907-00448,Eric Cooper,Eric Cooper,Eric,Cooper,ericcooper@me.com,(512) 697-1949,Cutler Real Estate,Cutler Real Estate,Toledo,Toledo,OH,45291,5,23,23,4773351,4.1,B,64,Trade Show,Mid-size (11-50 agents),2026-09-07T12:18:50Z
CREAM-20260907-00449,Timothy Russell,Timothy Russell,Timothy,Russell,timothyr@yahoo.com,(407) 710-7397,Century 21,Century 21,Hollywood,Hollywood,FL,33872,12,26,26,9930090,3.4,B,83,MLS Database,Large (51-200 agents),2026-09-07T20:11:53Z
CREAM-20260907-00450,Jack Scott,Jack Scott,Jack,Scott,jack_scott@outlook.com,(972) 702-4556,Keller Williams,Keller Williams,Lubbock,Lubbock,TX,76551,8,38,38,13358313,4.7,B,94,NAR Directory,Mid-size (11-50 agents),2026-09-07T20:18:16Z
CREAM-20260907-00451,Tyler Moore,Tyler Moore,Tyler,Moore,tylerm@homesmart.com,(303) 632-5898,HomeSmart,HomeSmart,Gilbert,Gilbert,AZ,85981,19,49,49,22378805,3.5,B,78,NAR Directory,Independent,2026-09-07T13:05:42Z
CREAM-20260907-00452,Samantha Price,Samantha Price,Samantha,Price,samanthaprice@outlook.com,(602) 469-3734,Berkshire Hathaway,Berkshire Hathaway,Akron,Akron,OH,44997,6,39,39,12326770,3.5,B,96,Trade Show,Independent,2026-09-07T00:03:04Z
CREAM-20260907-00453,Martha Wood,Martha Wood,Martha,Wood,martha.wood@berkshirehathawayhomeservices.com,(334) 746-7745,Berkshire Hathaway HomeServices,Berkshire Hathaway HomeServices,Bakersfield,Bakersfield,CA,92740,23,39,39,32689423,3.6,B,77,Trade Show,Large (51-200 agents),2026-09-07T12:45:59Z
CREAM-20260907-00454,Charles Phillips,Charles Phillips,Charles,Phillips,charlesp@gmail.com,(303) 479-6660,RE/MAX,RE/MAX,Garland,Garland,TX,79788,2,11,11,4887177,3.0,B,86,Realtor.com,Enterprise (200+ agents),2026-09-07T01:16:45Z
CREAM-20260907-00455,Shirley Jenkins,Shirley Jenkins,Shirley,Jenkins,shirleyj@kellerwilliams.com,(305) 946-7535,Keller Williams,Keller Williams,Akron,Akron,OH,45995,5,19,19,4575838,3.6,B,89,Facebook,Mid-size (11-50 agents),2026-09-07T13:45:18Z
CREAM-20260907-00456,Nicholas Thomas,Nicholas Thomas,Nicholas,Thomas,nicholas.thomas@hotmail.com,(720) 409-2758,Keller Williams,Keller Williams,Arvada,Arvada,CO,81732,12,31,31,20664981,3.7,B,91,Website Lead,Independent,2026-09-07T09:48:19Z
CREAM-20260907-00457,Nancy Long,Nancy Long,Nancy,Long,nancyl@yahoo.com,(602) 902-1887,Douglas Elliman,Douglas Elliman,Albany,Albany,NY,11276,17,70,70,44785563,3.1,B,100,Referral Network,Enterprise (200+ agents),2026-09-07T19:51:47Z
CREAM-20260907-00458,Benjamin Coleman,Benjamin Coleman,Benjamin,Coleman,bcoleman@berkshirehathaway.com,(720) 653-9803,Berkshire Hathaway,Berkshire Hathaway,Tempe,Tempe,AZ,86695,1,9,9,2956387,4.1,B,61,NAR Directory,Independent,2026-09-07T04:57:31Z
CREAM-20260907-00459,Elizabeth Russell,Elizabeth Russell,Elizabeth,Russell,elizabethr@aol.com,(980) 854-6117,Coldwell Banker,Coldwell Banker,Fort Collins,Fort Collins,CO,81207,0,2,2,982555,3.3,B,71,Trade Show,Enterprise (200+ agents),2026-09-07T22:27:43Z
CREAM-20260907-00460,Theresa Carter,Theresa Carter,Theresa,Carter,theresac@outlook.com,(929) 254-4819,Long Realty,Long Realty,Glendale,Glendale,AZ,85513,5,25,25,10165939,4.6,B,68,LinkedIn,Independent,2026-09-07T05:20:59Z
CREAM-20260907-00461,Jessica Reyes,Jessica Reyes,Jessica,Reyes,jessicar@hotmail.com,(404) 850-1070,Compass,Compass,Tallahassee,Tallahassee,FL,32475,15,59,59,22677130,4.1,B,63,LinkedIn,Large (51-200 agents),2026-09-07T19:28:33Z
CREAM-20260907-00462,Anna Watson,Anna Watson,Anna,Watson,annaw@berkshirehathaway.com,(469) 396-7201,Berkshire Hathaway,Berkshire Hathaway,Cape Coral,Cape Coral,FL,34767,2,7,7,2882075,4.8,B,79,MLS Database,Boutique (2-10 agents),2026-09-07T02:08:16Z
CREAM-20260907-00463,Larry Wilson,Larry Wilson,Larry,Wilson,larry.wilson@me.com,(972) 615-2683,RE/MAX,RE/MAX,Glendale,Glendale,AZ,86817,3,8,8,2587347,4.6,B,72,Facebook,Large (51-200 agents),2026-09-07T08:07:55Z
CREAM-20260907-00464,Dennis Jones,Dennis Jones,Dennis,Jones,dennis.jones@gmail.com,(234) 320-1371,Coldwell Banker,Coldwell Banker,Hollywood,Hollywood,FL,32110,4,24,24,12558061,4.6,B,70,Brokerage Listings,Independent,2026-09-07T09:33:04Z
CREAM-20260907-00465,Raymond Ward,Raymond Ward,Raymond,Ward,raymondward@gmail.com,(614) 668-4633,Keller Williams Realty,Keller Williams Realty,Stockton,Stockton,CA,91422,2,10,10,9656743,3.7,B,82,Website Lead,Mid-size (11-50 agents),2026-09-07T20:16:29Z
CREAM-20260907-00466,Kevin Ward,Kevin Ward,Kevin,Ward,kevin.ward@homesmart.com,(212) 326-9075,HomeSmart,HomeSmart,Tempe,Tempe,AZ,85763,2,6,6,1935128,4.8,B,77,Referral Network,Boutique (2-10 agents),2026-09-07T06:25:46Z
CREAM-20260907-00467,Ashley Cook,Ashley Cook,Ashley,Cook,ashley.cook@re/max.com,(614) 631-3573,RE/MAX,RE/MAX,Chandler,Chandler,AZ,86589,3,22,22,10834261,3.8,B,91,NAR Directory,Large (51-200 agents),2026-09-07T01:48:05Z
CREAM-20260907-00468,Matthew Robinson,Matthew Robinson,Matthew,Robinson,matthewrobinson@icloud.com,(303) 879-6219,Keller Williams Realty,Keller Williams Realty,Stockton,Stockton,CA,93220,2,6,6,4892825,4.1,B,92,Trade Show,Mid-size (11-50 agents),2026-09-07T08:37:43Z
CREAM-20260907-00469,Emily Thompson,Emily Thompson,Emily,Thompson,emilyt@hotmail.com,(980) 440-5038,Allen Tate,Allen Tate,Cary,Cary,NC,27127,14,74,74,23747999,4.4,B,80,Referral Network,Independent,2026-09-07T14:50:24Z
CREAM-20260907-00470,Joseph Robinson,Joseph Robinson,Joseph,Robinson,joseph_robinson@icloud.com,(256) 983-4453,Russell Lyon Sotheby's,Russell Lyon Sotheby's,Tempe,Tempe,AZ,86245,16,26,26,12280758,4.2,B,97,Brokerage Listings,Large (51-200 agents),2026-09-07T07:47:22Z
CREAM-20260907-00471,Linda Edwards,Linda Edwards,Linda,Edwards,linda.edwards@kellerwilliams.com,(334) 899-1539,Keller Williams,Keller Williams,Toledo,Toledo,OH,44654,9,28,28,7554882,4.7,B,80,Website Lead,Large (51-200 agents),2026-09-07T16:15:11Z
CREAM-20260907-00472,Anthony Gutierrez,Anthony Gutierrez,Anthony,Gutierrez,anthony_gutierrez@icloud.com,(234) 201-8275,Huntington Real Estate,Huntington Real Estate,Toledo,Toledo,OH,45791,1,6,6,1274452,3.6,B,62,Trade Show,Mid-size (11-50 agents),2026-09-07T19:26:55Z
CREAM-20260907-00473,Christine Jackson,Christine Jackson,Christine,Jackson,cjackson@berkshirehathaway.com,(805) 901-3698,Berkshire Hathaway,Berkshire Hathaway,Fort Collins,Fort Collins,CO,81115,1,8,8,4495160,3.2,B,66,Facebook,Large (51-200 agents),2026-09-07T14:09:49Z
CREAM-20260907-00474,Shirley Cooper,Shirley Cooper,Shirley,Cooper,shirley.cooper@gmail.com,(212) 971-2863,Douglas Elliman,Douglas Elliman,Arlington,Arlington,TX,78391,0,5,5,2061044,3.9,B,73,Website Lead,Mid-size (11-50 agents),2026-09-07T10:47:15Z
CREAM-20260907-00475,Timothy Sanders,Timothy Sanders,Timothy,Sanders,timothys@kellerwilliams.com,(234) 283-6792,Keller Williams,Keller Williams,Arvada,Arvada,CO,80395,4,13,13,9253115,3.2,B,85,Facebook,Enterprise (200+ agents),2026-09-07T04:36:06Z
CREAM-20260907-00476,Martha Ruiz,Martha Ruiz,Martha,Ruiz,mruiz@yahoo.com,(212) 851-2152,Cutler Real Estate,Cutler Real Estate,Dayton,Dayton,OH,45374,0,5,5,1470818,4.3,B,89,Facebook,Boutique (2-10 agents),2026-09-07T21:59:15Z
CREAM-20260907-00477,Justin Bailey,Justin Bailey,Justin,Bailey,justin_bailey@gmail.com,(713) 668-6210,Douglas Elliman,Douglas Elliman,Garland,Garland,TX,76745,4,20,20,5626749,4.7,B,71,Cold Outreach,Mid-size (11-50 agents),2026-09-07T13:38:58Z
CREAM-20260907-00478,Brenda Flores,Brenda Flores,Brenda,Flores,bflores@icloud.com,(972) 600-7108,eXp Realty,eXp Realty,Glendale,Glendale,AZ,86960,3,9,9,4196010,4.0,B,71,Facebook,Mid-size (11-50 agents),2026-09-07T10:13:49Z
CREAM-20260907-00479,Mark Ramirez,Mark Ramirez,Mark,Ramirez,mark_ramirez@icloud.com,(512) 211-1732,RE/MAX,RE/MAX,Bakersfield,Bakersfield,CA,93713,18,59,59,64493665,4.2,B,66,Trade Show,Independent,2026-09-07T03:47:25Z
CREAM-20260907-00480,Kevin Jenkins,Kevin Jenkins,Kevin,Jenkins,kevin_jenkins@aol.com,(407) 469-1592,Keller Williams,Keller Williams,Albany,Albany,NY,11275,1,6,6,4516042,4.7,B,68,Cold Outreach,Mid-size (11-50 agents),2026-09-07T13:27:06Z
CREAM-20260907-00481,Wayne Baker,Wayne Baker,Wayne,Baker,wayne.baker@kellerwilliams.com,(646) 477-7165,Keller Williams,Keller Williams,Arvada,Arvada,CO,81789,10,60,60,33280901,3.1,B,71,LinkedIn,Mid-size (11-50 agents),2026-09-07T15:31:24Z
CREAM-20260907-00482,Edward Gutierrez,Edward Gutierrez,Edward,Gutierrez,egutierrez@icloud.com,(334) 539-4223,Coldwell Banker,Coldwell Banker,Pembroke Pines,Pembroke Pines,FL,32447,16,71,71,37052399,4.2,B,62,Website Lead,Large (51-200 agents),2026-09-07T04:46:46Z
CREAM-20260907-00483,Rose Hill,Rose Hill,Rose,Hill,rhill@outlook.com,(929) 912-8587,Nest Seekers,Nest Seekers,Rochester,Rochester,NY,11590,15,74,74,62043017,5.0,B,70,NAR Directory,Boutique (2-10 agents),2026-09-07T11:29:33Z
CREAM-20260907-00484,Amanda Jones,Amanda Jones,Amanda,Jones,amandajones@gmail.com,(602) 510-4996,Douglas Elliman,Douglas Elliman,Tallahassee,Tallahassee,FL,33965,19,42,42,22895421,3.2,B,61,Brokerage Listings,Boutique (2-10 agents),2026-09-07T13:24:05Z
CREAM-20260907-00485,Jeffrey Wood,Jeffrey Wood,Jeffrey,Wood,jwood@icloud.com,(407) 692-2169,Corcoran Group,Corcoran Group,Rochester,Rochester,NY,10889,3,17,17,7948737,4.8,B,65,LinkedIn,Enterprise (200+ agents),2026-09-07T03:34:44Z
CREAM-20260907-00486,Donald Myers,Donald Myers,Donald,Myers,donald.myers@outlook.com,(310) 249-8213,Sotheby's International,Sotheby's International,Riverside,Riverside,CA,92311,0,3,3,3051179,3.3,B,85,Trade Show,Large (51-200 agents),2026-09-07T13:21:14Z
CREAM-20260907-00487,Michelle Rogers,Michelle Rogers,Michelle,Rogers,micheller@gmail.com,(214) 229-5290,eXp Realty,eXp Realty,Lubbock,Lubbock,TX,79312,22,39,39,16391348,4.8,B,94,MLS Database,Large (51-200 agents),2026-09-07T10:25:30Z
CREAM-20260907-00488,Alan Gutierrez,Alan Gutierrez,Alan,Gutierrez,alan_gutierrez@yahoo.com,(212) 335-2137,Keller Williams,Keller Williams,Dayton,Dayton,OH,45140,11,46,46,10999341,4.1,B,72,Website Lead,Independent,2026-09-07T08:35:30Z
CREAM-20260907-00489,Ralph Gray,Ralph Gray,Ralph,Gray,ralphg@aol.com,(972) 934-7855,RE/MAX,RE/MAX,Durham,Durham,NC,27345,14,47,47,16905890,4.1,B,93,LinkedIn,Boutique (2-10 agents),2026-09-07T16:37:08Z
CREAM-20260907-00490,Aaron Rogers,Aaron Rogers,Aaron,Rogers,arogers@icloud.com,(305) 321-7308,Coldwell Banker,Coldwell Banker,Thornton,Thornton,CO,81622,3,25,25,16194495,4.4,B,67,MLS Database,Enterprise (200+ agents),2026-09-07T10:26:18Z
CREAM-20260907-00491,Stephen King,Stephen King,Stephen,King,sking@icloud.com,(512) 282-1570,Sotheby's International,Sotheby's International,Syracuse,Syracuse,NY,10529,16,72,72,36025000,3.7,B,71,Facebook,Mid-size (11-50 agents),2026-09-07T19:06:01Z
CREAM-20260907-00492,Eugene Peterson,Eugene Peterson,Eugene,Peterson,eugene_peterson@yahoo.com,(303) 856-2838,Keller Williams,Keller Williams,Cary,Cary,NC,27772,0,0,0,0,4.2,B,63,Website Lead,Independent,2026-09-07T21:40:19Z
CREAM-20260907-00493,Heather Mitchell,Heather Mitchell,Heather,Mitchell,heathermitchell@icloud.com,(469) 316-3585,Douglas Elliman,Douglas Elliman,Cape Coral,Cape Coral,FL,34336,23,45,45,18867468,4.1,B,98,Website Lead,Large (51-200 agents),2026-09-07T09:35:57Z
CREAM-20260907-00494,Jason Evans,Jason Evans,Jason,Evans,jason.evans@berkshirehathaway.com,(469) 250-2022,Berkshire Hathaway,Berkshire Hathaway,Toledo,Toledo,OH,45102,15,65,65,20919056,4.5,B,92,MLS Database,Large (51-200 agents),2026-09-07T12:03:32Z
CREAM-20260907-00495,Robert Ramirez,Robert Ramirez,Robert,Ramirez,robertr@yahoo.com,(614) 558-9060,Century 21,Century 21,Pembroke Pines,Pembroke Pines,FL,34903,16,44,44,17855384,4.0,B,74,NAR Directory,Enterprise (200+ agents),2026-09-07T08:00:29Z
CREAM-20260907-00496,Stephen Hall,Stephen Hall,Stephen,Hall,stephen.hall@outlook.com,(919) 440-8925,Keller Williams,Keller Williams,Glendale,Glendale,AZ,86844,5,14,14,4573167,4.6,B,99,Website Lead,Enterprise (200+ agents),2026-09-07T04:24:28Z
CREAM-20260907-00497,Amy Chavez,Amy Chavez,Amy,Chavez,amy.chavez@re/max.com,(404) 844-2613,RE/MAX,RE/MAX,Cary,Cary,NC,28104,14,64,64,22148255,3.8,B,80,Facebook,Mid-size (11-50 agents),2026-09-07T09:04:34Z
CREAM-20260907-00498,Joseph King,Joseph King,Joseph,King,jking@me.com,(786) 734-1157,Keller Williams,Keller Williams,Thornton,Thornton,CO,81901,14,72,72,51075843,4.4,B,74,Facebook,Mid-size (11-50 agents),2026-09-07T08:42:43Z
CREAM-20260907-00499,Olivia Nelson,Olivia Nelson,Olivia,Nelson,olivia.nelson@coldwellbanker.com,(980) 749-2609,Coldwell Banker,Coldwell Banker,Cape Coral,Cape Coral,FL,33369,6,24,24,10969274,4.3,B,97,MLS Database,Independent,2026-09-07T14:08:56Z
CREAM-20260907-00500,Angela Murphy,Angela Murphy,Angela,Murphy,angelam@compass.com,(919) 507-3269,Compass,Compass,Bakersfield,Bakersfield,CA,91547,23,74,74,80476329,4.1,B,99,Facebook,Large (51-200 agents),2026-09-07T01:17:17Z
CREAM-20260907-00501,Christopher Rogers,Christopher Rogers,Christopher,Rogers,christopherrogers@me.com,(334) 425-5132,HER Realtors,HER Realtors,Toledo,Toledo,OH,44233,5,11,11,2572609,3.4,B,83,LinkedIn,Enterprise (200+ agents),2026-09-07T09:55:23Z
CREAM-20260907-00502,Samuel Coleman,Samuel Coleman,Samuel,Coleman,samuelc@icloud.com,(704) 601-4822,Briggs Freeman Sotheby's,Briggs Freeman Sotheby's,Arlington,Arlington,TX,75619,12,69,69,29705294,3.1,B,61,Facebook,Enterprise (200+ agents),2026-09-07T04:08:19Z
CREAM-20260907-00503,Stephanie Davis,Stephanie Davis,Stephanie,Davis,stephanied@yahoo.com,(718) 525-3299,RE/MAX,RE/MAX,Winston-Salem,Winston-Salem,NC,28958,1,7,7,1826410,3.2,B,67,Website Lead,Mid-size (11-50 agents),2026-09-07T05:44:18Z
CREAM-20260907-00504,Kathleen Miller,Kathleen Miller,Kathleen,Miller,kmiller@me.com,(305) 238-1226,eXp Realty,eXp Realty,Cary,Cary,NC,27501,6,40,40,10691767,4.1,B,86,Realtor.com,Boutique (2-10 agents),2026-09-07T16:43:06Z
CREAM-20260907-00505,Jeffrey Cox,Jeffrey Cox,Jeffrey,Cox,jeffreyc@gmail.com,(256) 685-5421,eXp Realty,eXp Realty,Stockton,Stockton,CA,91919,5,16,16,15003849,4.4,B,80,Referral Network,Boutique (2-10 agents),2026-09-07T10:22:35Z
CREAM-20260907-00506,Roger Parker,Roger Parker,Roger,Parker,rogerparker@me.com,(704) 430-7435,Douglas Elliman,Douglas Elliman,Cape Coral,Cape Coral,FL,34850,16,47,47,19126827,4.3,B,75,Cold Outreach,Mid-size (11-50 agents),2026-09-07T18:07:41Z
CREAM-20260907-00507,Maria Campbell,Maria Campbell,Maria,Campbell,maria.campbell@me.com,(334) 663-9318,RE/MAX,RE/MAX,Tallahassee,Tallahassee,FL,32301,2,3,3,1227340,4.1,B,74,Facebook,Enterprise (200+ agents),2026-09-07T03:56:34Z
CREAM-20260907-00508,Catherine Adams,Catherine Adams,Catherine,Adams,cadams@me.com,(614) 471-3504,Keller Williams,Keller Williams,Rochester,Rochester,NY,11461,17,48,48,33942309,4.0,B,87,Trade Show,Boutique (2-10 agents),2026-09-07T03:32:18Z
CREAM-20260907-00509,Julia Mendoza,Julia Mendoza,Julia,Mendoza,julia_mendoza@me.com,(720) 890-1920,Compass,Compass,Yonkers,Yonkers,NY,11606,4,22,22,10686447,4.6,B,61,Brokerage Listings,Large (51-200 agents),2026-09-07T01:06:18Z
CREAM-20260907-00510,Jonathan White,Jonathan White,Jonathan,White,jonathan.white@yahoo.com,(718) 330-7458,RE/MAX,RE/MAX,Chandler,Chandler,AZ,85286,0,3,3,1140803,4.6,B,84,Referral Network,Independent,2026-09-07T00:58:05Z
CREAM-20260907-00511,David Flores,David Flores,David,Flores,david_flores@aol.com,(602) 548-9627,Berkshire Hathaway,Berkshire Hathaway,Tempe,Tempe,AZ,86772,18,70,70,35796504,3.1,B,70,Brokerage Listings,Mid-size (11-50 agents),2026-09-07T01:33:34Z
CREAM-20260907-00512,Mary Davis,Mary Davis,Mary,Davis,mdavis@aol.com,(469) 503-4855,eXp Realty,eXp Realty,Tempe,Tempe,AZ,85751,11,51,51,16212186,3.8,B,61,Brokerage Listings,Large (51-200 agents),2026-09-07T23:22:53Z
CREAM-20260907-00513,Nicholas Nelson,Nicholas Nelson,Nicholas,Nelson,nicholas.nelson@aol.com,(212) 848-6145,Keller Williams,Keller Williams,Glendale,Glendale,AZ,85425,11,71,71,24454951,4.0,B,75,Facebook,Enterprise (200+ agents),2026-09-07T08:59:59Z
CREAM-20260907-00514,Ryan Taylor,Ryan Taylor,Ryan,Taylor,ryan.taylor@exprealty.com,(469) 887-6089,eXp Realty,eXp Realty,Lakewood,Lakewood,CO,81113,16,31,31,20893022,4.4,B,81,Realtor.com,Enterprise (200+ agents),2026-09-07T13:15:04Z
CREAM-20260907-00515,Brian Jones,Brian Jones,Brian,Jones,brian_jones@hotmail.com,(415) 341-7167,Brown Harris Stevens,Brown Harris Stevens,Yonkers,Yonkers,NY,10697,4,20,20,11836270,3.8,B,89,Brokerage Listings,Mid-size (11-50 agents),2026-09-07T06:01:38Z
CREAM-20260907-00516,Betty Ross,Betty Ross,Betty,Ross,betty_ross@outlook.com,(415) 578-7794,Compass,Compass,Albany,Albany,NY,10370,23,47,47,29181848,3.9,B,73,LinkedIn,Mid-size (11-50 agents),2026-09-07T22:04:27Z
CREAM-20260907-00517,Jacqueline Nguyen,Jacqueline Nguyen,Jacqueline,Nguyen,jacqueline.nguyen@icloud.com,(805) 504-8452,Nest Seekers,Nest Seekers,Buffalo,Buffalo,NY,14962,7,40,40,20530410,3.5,B,87,LinkedIn,Enterprise (200+ agents),2026-09-07T16:55:31Z
CREAM-20260907-00518,Gloria Lopez,Gloria Lopez,Gloria,Lopez,gloria.lopez@re/max.com,(234) 870-3417,RE/MAX,RE/MAX,Arvada,Arvada,CO,81749,13,61,61,24021668,4.7,B,65,Facebook,Mid-size (11-50 agents),2026-09-07T20:45:51Z
CREAM-20260907-00519,Rebecca Carter,Rebecca Carter,Rebecca,Carter,rebeccacarter@icloud.com,(714) 865-7639,Compass,Compass,Riverside,Riverside,CA,90352,25,37,37,38151516,4.0,B,97,LinkedIn,Boutique (2-10 agents),2026-09-07T20:43:32Z
CREAM-20260907-00520,Stephen Alvarez,Stephen Alvarez,Stephen,Alvarez,stephen_alvarez@outlook.com,(646) 905-2386,Coldwell Banker,Coldwell Banker,Santa Ana,Santa Ana,CA,95578,11,45,45,49075427,3.3,B,88,Realtor.com,Large (51-200 agents),2026-09-07T06:39:04Z
CREAM-20260907-00521,Jacqueline Lee,Jacqueline Lee,Jacqueline,Lee,jlee@cutlerrealestate.com,(602) 264-5999,Cutler Real Estate,Cutler Real Estate,Toledo,Toledo,OH,45687,5,23,23,6741111,5.0,B,77,Facebook,Boutique (2-10 agents),2026-09-07T19:50:50Z
CREAM-20260907-00522,Shirley Miller,Shirley Miller,Shirley,Miller,shirleym@yahoo.com,(805) 586-2012,Nest Seekers,Nest Seekers,New Rochelle,New Rochelle,NY,13260,0,0,0,0,4.8,B,71,Cold Outreach,Large (51-200 agents),2026-09-07T14:48:18Z
CREAM-20260907-00523,Steven Walker,Steven Walker,Steven,Walker,steven_walker@outlook.com,(714) 984-8045,Allen Tate,Allen Tate,Winston-Salem,Winston-Salem,NC,27579,0,2,2,813470,4.2,B,95,Trade Show,Large (51-200 agents),2026-09-07T18:49:57Z
CREAM-20260907-00524,Juan Clark,Juan Clark,Juan,Clark,juan.clark@herrealtors.com,(512) 380-9669,HER Realtors,HER Realtors,Toledo,Toledo,OH,43356,8,23,23,7121016,3.8,B,74,NAR Directory,Boutique (2-10 agents),2026-09-07T07:45:24Z
CREAM-20260907-00525,Barbara Morales,Barbara Morales,Barbara,Morales,barbara_morales@gmail.com,(980) 528-1939,Corcoran Group,Corcoran Group,Yonkers,Yonkers,NY,10267,1,12,12,6536319,4.3,B,76,Website Lead,Enterprise (200+ agents),2026-09-07T20:48:59Z
CREAM-20260907-00526,Martha Richardson,Martha Richardson,Martha,Richardson,martha_richardson@me.com,(646) 544-6886,RE/MAX,RE/MAX,Toledo,Toledo,OH,45205,5,13,13,3620813,3.2,B,72,LinkedIn,Mid-size (11-50 agents),2026-09-07T14:50:38Z
CREAM-20260907-00527,Jacob Kim,Jacob Kim,Jacob,Kim,jacob.kim@kellerwilliamsrealty.com,(415) 526-4300,Keller Williams Realty,Keller Williams Realty,Chula Vista,Chula Vista,CA,94342,0,1,1,598182,3.0,B,90,Trade Show,Independent,2026-09-07T19:37:48Z
CREAM-20260907-00528,Thomas Wood,Thomas Wood,Thomas,Wood,thomasw@aol.com,(919) 283-3969,eXp Realty,eXp Realty,Tempe,Tempe,AZ,86871,16,41,41,15158777,4.0,B,80,Trade Show,Mid-size (11-50 agents),2026-09-07T21:07:06Z
CREAM-20260907-00529,Brian Jackson,Brian Jackson,Brian,Jackson,brian.jackson@outlook.com,(512) 520-3089,Halstead,Halstead,Rochester,Rochester,NY,12324,3,25,25,20043635,3.2,B,70,Realtor.com,Large (51-200 agents),2026-09-07T12:16:36Z
CREAM-20260907-00530,Larry Taylor,Larry Taylor,Larry,Taylor,ltaylor@hotmail.com,(919) 800-5958,Sotheby's International,Sotheby's International,Syracuse,Syracuse,NY,10370,6,23,23,12998253,3.9,B,79,Trade Show,Boutique (2-10 agents),2026-09-07T06:31:25Z
CREAM-20260907-00531,Ashley Morgan,Ashley Morgan,Ashley,Morgan,amorgan@gmail.com,(646) 671-3571,Douglas Elliman,Douglas Elliman,Buffalo,Buffalo,NY,14370,15,57,57,29489072,4.2,B,98,MLS Database,Mid-size (11-50 agents),2026-09-07T21:38:18Z
CREAM-20260907-00532,Philip Alvarez,Philip Alvarez,Philip,Alvarez,philip_alvarez@aol.com,(972) 253-2067,HER Realtors,HER Realtors,Akron,Akron,OH,44946,4,18,18,3321285,3.4,B,94,MLS Database,Enterprise (200+ agents),2026-09-07T22:49:03Z
CREAM-20260907-00533,Eric Hall,Eric Hall,Eric,Hall,ehall@hotmail.com,(602) 504-8954,eXp Realty,eXp Realty,Chula Vista,Chula Vista,CA,91980,3,14,14,13984917,3.2,B,76,MLS Database,Independent,2026-09-07T23:59:20Z
CREAM-20260907-00534,Bruce Alexander,Bruce Alexander,Bruce,Alexander,brucea@pacificsothebys.com,(234) 801-8766,Pacific Sotheby's,Pacific Sotheby's,Anaheim,Anaheim,CA,92207,5,16,16,15624815,3.5,B,83,Trade Show,Boutique (2-10 agents),2026-09-07T21:32:17Z
CREAM-20260907-00535,Julia Evans,Julia Evans,Julia,Evans,julia_evans@me.com,(916) 798-8603,Coldwell Banker,Coldwell Banker,Cape Coral,Cape Coral,FL,32292,5,17,17,7551891,3.2,B,64,Trade Show,Enterprise (200+ agents),2026-09-07T09:14:10Z
CREAM-20260907-00536,Diane Wright,Diane Wright,Diane,Wright,diane.wright@gmail.com,(704) 844-4469,Huntington Real Estate,Huntington Real Estate,Akron,Akron,OH,43852,7,26,26,6595385,4.6,B,68,NAR Directory,Independent,2026-09-07T00:01:20Z
CREAM-20260907-00537,Jerry Powell,Jerry Powell,Jerry,Powell,jerry_powell@gmail.com,(404) 235-7574,Sotheby's International,Sotheby's International,Bakersfield,Bakersfield,CA,95941,23,41,41,44236600,3.3,B,62,Referral Network,Mid-size (11-50 agents),2026-09-07T18:27:17Z
CREAM-20260907-00538,Maria Rodriguez,Maria Rodriguez,Maria,Rodriguez,mariarodriguez@yahoo.com,(602) 416-3168,Coldwell Banker,Coldwell Banker,Port St. Lucie,Port St. Lucie,FL,33982,5,16,16,4827531,3.2,B,73,Cold Outreach,Independent,2026-09-07T09:16:07Z
CREAM-20260907-00539,William Hall,William Hall,William,Hall,williamhall@yahoo.com,(919) 217-8501,Briggs Freeman Sotheby's,Briggs Freeman Sotheby's,Corpus Christi,Corpus Christi,TX,76435,11,67,67,25598921,4.7,B,66,Website Lead,Independent,2026-09-07T13:40:44Z
CREAM-20260907-00540,Lauren Johnson,Lauren Johnson,Lauren,Johnson,lauren.johnson@icloud.com,(303) 337-6128,Allie Beth Allman,Allie Beth Allman,Arlington,Arlington,TX,76812,23,77,77,32319426,4.1,B,68,Website Lead,Large (51-200 agents),2026-09-07T08:21:43Z
CREAM-20260907-00541,Betty Kelly,Betty Kelly,Betty,Kelly,betty.kelly@icloud.com,(602) 227-6237,Compass,Compass,Pembroke Pines,Pembroke Pines,FL,33714,4,8,8,3776262,3.2,B,84,Brokerage Listings,Large (51-200 agents),2026-09-07T06:07:53Z
CREAM-20260907-00542,Elizabeth Jackson,Elizabeth Jackson,Elizabeth,Jackson,elizabethj@gmail.com,(704) 550-4221,Keller Williams,Keller Williams,Cary,Cary,NC,27150,2,5,5,1985440,4.3,B,93,MLS Database,Boutique (2-10 agents),2026-09-07T15:03:57Z
CREAM-20260907-00543,Peter Sanchez,Peter Sanchez,Peter,Sanchez,petersanchez@aol.com,(704) 828-9359,eXp Realty,eXp Realty,Arlington,Arlington,TX,78654,4,11,11,3274393,4.0,B,84,Brokerage Listings,Enterprise (200+ agents),2026-09-07T11:35:50Z
CREAM-20260907-00544,Betty Cox,Betty Cox,Betty,Cox,betty_cox@gmail.com,(256) 262-6677,Berkshire Hathaway,Berkshire Hathaway,Tallahassee,Tallahassee,FL,33389,8,27,27,12160286,4.3,B,69,Trade Show,Boutique (2-10 agents),2026-09-07T13:54:56Z
CREAM-20260907-00545,Jacqueline Martinez,Jacqueline Martinez,Jacqueline,Martinez,jacquelinemartinez@yahoo.com,(407) 814-8582,Compass,Compass,Rochester,Rochester,NY,14840,16,53,53,32759297,3.3,B,99,Trade Show,Large (51-200 agents),2026-09-07T11:13:09Z
CREAM-20260907-00546,Frank Wright,Frank Wright,Frank,Wright,frank.wright@icloud.com,(512) 752-9346,Coldwell Banker,Coldwell Banker,Fresno,Fresno,CA,92298,1,7,7,6069202,3.8,B,74,Brokerage Listings,Large (51-200 agents),2026-09-07T09:14:12Z
CREAM-20260907-00547,Grace Lee,Grace Lee,Grace,Lee,grace.lee@gmail.com,(469) 587-8158,Douglas Elliman,Douglas Elliman,Corpus Christi,Corpus Christi,TX,79895,9,26,26,9599237,4.5,B,75,MLS Database,Mid-size (11-50 agents),2026-09-07T06:49:48Z
CREAM-20260907-00548,Justin Smith,Justin Smith,Justin,Smith,justin.smith@yahoo.com,(305) 863-5817,Douglas Elliman,Douglas Elliman,Tallahassee,Tallahassee,FL,32264,8,25,25,7966961,3.2,B,73,Referral Network,Mid-size (11-50 agents),2026-09-07T05:07:22Z
CREAM-20260907-00549,Theresa Perry,Theresa Perry,Theresa,Perry,theresa_perry@gmail.com,(718) 788-5267,eXp Realty,eXp Realty,Tallahassee,Tallahassee,FL,34522,14,37,37,18728411,3.5,B,66,Facebook,Large (51-200 agents),2026-09-07T08:44:51Z
CREAM-20260907-00550,Olivia Gonzalez,Olivia Gonzalez,Olivia,Gonzalez,oliviagonzalez@me.com,(303) 905-1170,Keller Williams Realty,Keller Williams Realty,Bakersfield,Bakersfield,CA,90718,6,27,27,19539115,4.2,B,79,Trade Show,Independent,2026-09-07T04:08:18Z
CREAM-20260907-00551,Jonathan Martinez,Jonathan Martinez,Jonathan,Martinez,jonathanm@exprealty.com,(805) 431-5685,eXp Realty,eXp Realty,Cary,Cary,NC,28983,5,14,14,6151302,4.1,B,76,Referral Network,Mid-size (11-50 agents),2026-09-07T07:54:36Z
CREAM-20260907-00552,Amanda Martinez,Amanda Martinez,Amanda,Martinez,amanda.martinez@re/max.com,(614) 790-3414,RE/MAX,RE/MAX,Dayton,Dayton,OH,43917,5,12,12,3578657,4.1,B,79,Website Lead,Enterprise (200+ agents),2026-09-07T08:30:17Z
CREAM-20260907-00553,Daniel Cox,Daniel Cox,Daniel,Cox,danielcox@icloud.com,(469) 343-6259,Douglas Elliman,Douglas Elliman,Hialeah,Hialeah,FL,34799,14,73,73,33800519,4.3,B,75,Referral Network,Mid-size (11-50 agents),2026-09-07T00:07:39Z
CREAM-20260907-00554,Tyler Howard,Tyler Howard,Tyler,Howard,tyler.howard@brownharrisstevens.com,(415) 407-8509,Brown Harris Stevens,Brown Harris Stevens,Albany,Albany,NY,11477,21,31,31,25072855,4.1,B,78,MLS Database,Independent,2026-09-07T20:38:22Z
CREAM-20260907-00555,Lisa Jenkins,Lisa Jenkins,Lisa,Jenkins,lisa.jenkins@hotmail.com,(512) 900-3714,Corcoran Group,Corcoran Group,Albany,Albany,NY,13229,19,65,65,30668660,3.9,B,87,Cold Outreach,Enterprise (200+ agents),2026-09-07T10:47:42Z
CREAM-20260907-00556,Donald Martin,Donald Martin,Donald,Martin,donald_martin@icloud.com,(234) 892-4490,Compass,Compass,Fayetteville,Fayetteville,NC,27129,1,12,12,3773940,4.0,B,94,Cold Outreach,Large (51-200 agents),2026-09-07T09:57:54Z
CREAM-20260907-00557,Nancy Fisher,Nancy Fisher,Nancy,Fisher,nfisher@aol.com,(512) 960-4615,Berkshire Hathaway,Berkshire Hathaway,Garland,Garland,TX,79729,2,11,11,3060777,4.8,B,79,Facebook,Independent,2026-09-07T19:36:37Z
CREAM-20260907-00558,Tyler Jackson,Tyler Jackson,Tyler,Jackson,tylerj@coldwellbanker.com,(305) 277-9960,Coldwell Banker,Coldwell Banker,Amarillo,Amarillo,TX,76763,5,8,8,3637532,3.3,B,72,Facebook,Large (51-200 agents),2026-09-07T08:08:11Z
CREAM-20260907-00559,Jennifer Russell,Jennifer Russell,Jennifer,Russell,jrussell@outlook.com,(513) 408-1663,Compass,Compass,Fort Collins,Fort Collins,CO,81621,6,20,20,9016729,4.7,B,91,NAR Directory,Independent,2026-09-07T19:48:54Z
CREAM-20260907-00560,Diane Walker,Diane Walker,Diane,Walker,diane.walker@re/max.com,(786) 762-9531,RE/MAX,RE/MAX,Arvada,Arvada,CO,81694,12,75,75,29613188,3.8,B,65,MLS Database,Mid-size (11-50 agents),2026-09-07T02:35:40Z
CREAM-20260907-00561,Joshua Torres,Joshua Torres,Joshua,Torres,joshua.torres@allentate.com,(704) 829-4124,Allen Tate,Allen Tate,Fayetteville,Fayetteville,NC,28274,4,20,20,7823454,3.4,B,81,Brokerage Listings,Enterprise (200+ agents),2026-09-07T11:12:44Z
CREAM-20260907-00562,Angela Sanders,Angela Sanders,Angela,Sanders,asanders@gmail.com,(303) 658-2409,Nest Seekers,Nest Seekers,Yonkers,Yonkers,NY,14408,4,19,19,14719596,3.4,B,73,Website Lead,Boutique (2-10 agents),2026-09-07T10:41:17Z
CREAM-20260907-00563,Grace Morales,Grace Morales,Grace,Morales,grace_morales@gmail.com,(704) 296-2056,Coldwell Banker,Coldwell Banker,Lakewood,Lakewood,CO,81208,17,35,35,24107217,4.5,B,91,Website Lead,Boutique (2-10 agents),2026-09-07T13:39:12Z
CREAM-20260907-00564,Justin Long,Justin Long,Justin,Long,justin.long@outlook.com,(714) 223-7283,Keller Williams,Keller Williams,Durham,Durham,NC,28960,0,5,5,2169895,4.1,B,82,Referral Network,Large (51-200 agents),2026-09-07T01:18:29Z
CREAM-20260907-00565,Justin Alexander,Justin Alexander,Justin,Alexander,justina@aol.com,(303) 836-9914,Allen Tate,Allen Tate,Durham,Durham,NC,27330,5,14,14,5415912,3.6,B,84,Referral Network,Mid-size (11-50 agents),2026-09-07T05:12:55Z
CREAM-20260907-00566,Robert Morales,Robert Morales,Robert,Morales,robert.morales@outlook.com,(718) 803-7128,Coldwell Banker,Coldwell Banker,Akron,Akron,OH,45275,6,21,21,4284018,4.8,B,71,Website Lead,Large (51-200 agents),2026-09-07T22:12:34Z
CREAM-20260907-00567,Sandra Brown,Sandra Brown,Sandra,Brown,sandra.brown@century21.com,(805) 370-8042,Century 21,Century 21,Tallahassee,Tallahassee,FL,33672,0,5,5,2270382,4.0,B,97,Trade Show,Large (51-200 agents),2026-09-07T14:21:53Z
CREAM-20260907-00568,Jacob Powell,Jacob Powell,Jacob,Powell,jpowell@kellerwilliamsrealty.com,(407) 385-3916,Keller Williams Realty,Keller Williams Realty,Pembroke Pines,Pembroke Pines,FL,32445,0,1,1,461587,3.9,B,80,Trade Show,Large (51-200 agents),2026-09-07T18:33:07Z
CREAM-20260907-00569,Carl Scott,Carl Scott,Carl,Scott,carl_scott@hotmail.com,(334) 203-1408,Douglas Elliman,Douglas Elliman,Hialeah,Hialeah,FL,32996,3,12,12,5268401,3.1,B,81,Realtor.com,Boutique (2-10 agents),2026-09-07T16:03:40Z
CREAM-20260907-00570,Dorothy Watson,Dorothy Watson,Dorothy,Watson,dorothyw@hotmail.com,(714) 956-7932,Berkshire Hathaway,Berkshire Hathaway,Cary,Cary,NC,28393,5,13,13,5749745,3.2,B,82,LinkedIn,Mid-size (11-50 agents),2026-09-07T09:30:56Z
CREAM-20260907-00571,Angela Thompson,Angela Thompson,Angela,Thompson,angelat@me.com,(234) 739-6753,Berkshire Hathaway,Berkshire Hathaway,Thornton,Thornton,CO,80864,0,0,0,0,3.4,B,67,Cold Outreach,Enterprise (200+ agents),2026-09-07T11:06:33Z
CREAM-20260907-00572,Dorothy Thomas,Dorothy Thomas,Dorothy,Thomas,dorothyt@kellerwilliams.com,(718) 971-5245,Keller Williams,Keller Williams,Corpus Christi,Corpus Christi,TX,76151,2,9,9,2815550,3.7,B,80,LinkedIn,Large (51-200 agents),2026-09-07T22:01:14Z
CREAM-20260907-00573,Justin Perry,Justin Perry,Justin,Perry,justin_perry@icloud.com,(720) 450-8960,Huntington Real Estate,Huntington Real Estate,Parma,Parma,OH,45400,1,3,3,931444,3.6,B,81,Facebook,Boutique (2-10 agents),2026-09-07T22:50:37Z
CREAM-20260907-00574,Patricia Reed,Patricia Reed,Patricia,Reed,patriciar@aol.com,(305) 740-1517,Douglas Elliman,Douglas Elliman,Lubbock,Lubbock,TX,77751,23,74,74,32377508,4.0,B,64,Realtor.com,Mid-size (11-50 agents),2026-09-07T17:53:45Z
CREAM-20260907-00575,Michelle Ortiz,Michelle Ortiz,Michelle,Ortiz,michelleo@outlook.com,(305) 514-9664,Keller Williams,Keller Williams,Parma,Parma,OH,44591,18,79,79,22031010,3.5,B,73,Trade Show,Mid-size (11-50 agents),2026-09-07T17:07:36Z
CREAM-20260907-00576,Mary Russell,Mary Russell,Mary,Russell,mrussell@kellerwilliamsrealty.com,(704) 648-5578,Keller Williams Realty,Keller Williams Realty,Santa Ana,Santa Ana,CA,95656,5,24,24,20316592,4.6,B,69,Website Lead,Boutique (2-10 agents),2026-09-07T21:20:02Z
CREAM-20260907-00577,Lisa Sanders,Lisa Sanders,Lisa,Sanders,lisa.sanders@aol.com,(929) 882-1233,Compass,Compass,Durham,Durham,NC,27835,1,3,3,1229393,4.4,B,60,Brokerage Listings,Large (51-200 agents),2026-09-07T02:56:21Z
CREAM-20260907-00578,Tyler Gonzalez,Tyler Gonzalez,Tyler,Gonzalez,tylerg@icloud.com,(972) 433-7020,RE/MAX,RE/MAX,Arlington,Arlington,TX,75517,11,50,50,15522155,4.3,B,61,NAR Directory,Enterprise (200+ agents),2026-09-07T07:12:07Z
CREAM-20260907-00579,Elizabeth Wright,Elizabeth Wright,Elizabeth,Wright,ewright@outlook.com,(714) 812-8020,HER Realtors,HER Realtors,Dayton,Dayton,OH,45616,4,19,19,3864189,4.4,B,75,Referral Network,Boutique (2-10 agents),2026-09-07T09:33:53Z
CREAM-20260907-00580,Nicole Bennett,Nicole Bennett,Nicole,Bennett,nicole.bennett@coldwellbanker.com,(704) 277-1716,Coldwell Banker,Coldwell Banker,Arlington,Arlington,TX,75683,20,40,40,10483298,4.7,B,99,Facebook,Enterprise (200+ agents),2026-09-07T22:57:37Z
CREAM-20260907-00581,Stephanie Gray,Stephanie Gray,Stephanie,Gray,stephanie.gray@coldwellbanker.com,(929) 839-6177,Coldwell Banker,Coldwell Banker,Anaheim,Anaheim,CA,92509,14,26,26,20560955,3.4,B,83,NAR Directory,Mid-size (11-50 agents),2026-09-07T18:36:04Z
CREAM-20260907-00582,Brenda Bailey,Brenda Bailey,Brenda,Bailey,brenda.bailey@hotmail.com,(415) 903-3280,RE/MAX,RE/MAX,Cary,Cary,NC,27332,0,0,0,0,3.9,B,72,Brokerage Listings,Boutique (2-10 agents),2026-09-07T13:34:17Z
CREAM-20260907-00583,Theresa King,Theresa King,Theresa,King,theresa_king@icloud.com,(305) 667-7061,Coldwell Banker,Coldwell Banker,Irving,Irving,TX,77429,12,43,43,18442008,3.9,B,84,LinkedIn,Enterprise (200+ agents),2026-09-07T15:34:05Z
CREAM-20260907-00584,Carol Hill,Carol Hill,Carol,Hill,carolhill@gmail.com,(805) 267-6616,8z Real Estate,8z Real Estate,Lakewood,Lakewood,CO,81601,11,49,49,34721488,3.1,B,100,Brokerage Listings,Boutique (2-10 agents),2026-09-07T14:41:03Z
CREAM-20260907-00585,Brittany Rivera,Brittany Rivera,Brittany,Rivera,brittany.rivera@re/max.com,(718) 515-2512,RE/MAX,RE/MAX,Tempe,Tempe,AZ,86636,8,35,35,12894972,4.1,B,91,Referral Network,Independent,2026-09-07T08:43:54Z
CREAM-20260907-00586,Christopher Roberts,Christopher Roberts,Christopher,Roberts,christopher_roberts@me.com,(713) 711-8522,Berkshire Hathaway,Berkshire Hathaway,Toledo,Toledo,OH,44543,8,36,36,6919511,3.8,B,68,Facebook,Boutique (2-10 agents),2026-09-07T13:26:38Z
CREAM-20260907-00587,Brittany Kelly,Brittany Kelly,Brittany,Kelly,brittanykelly@outlook.com,(234) 718-8419,RE/MAX,RE/MAX,Amarillo,Amarillo,TX,77716,2,3,3,953743,4.3,B,79,Trade Show,Large (51-200 agents),2026-09-07T01:06:43Z
CREAM-20260907-00588,Thomas Nelson,Thomas Nelson,Thomas,Nelson,tnelson@berkshirehathaway.com,(646) 857-8130,Berkshire Hathaway,Berkshire Hathaway,Durham,Durham,NC,28966,24,45,45,13851936,3.3,B,88,Trade Show,Boutique (2-10 agents),2026-09-07T00:24:39Z
CREAM-20260907-00589,Cynthia Rogers,Cynthia Rogers,Cynthia,Rogers,cynthia.rogers@hotmail.com,(718) 411-2144,RE/MAX,RE/MAX,Lakewood,Lakewood,CO,81266,17,25,25,15456099,4.5,B,74,Cold Outreach,Independent,2026-09-07T19:10:58Z
CREAM-20260907-00590,Amanda Ward,Amanda Ward,Amanda,Ward,amandaw@douglaselliman.com,(714) 687-2541,Douglas Elliman,Douglas Elliman,Tallahassee,Tallahassee,FL,33637,3,25,25,9010242,4.8,B,68,Realtor.com,Enterprise (200+ agents),2026-09-07T02:32:19Z
CREAM-20260907-00591,Raymond Cooper,Raymond Cooper,Raymond,Cooper,rcooper@hotmail.com,(602) 389-2130,HER Realtors,HER Realtors,Akron,Akron,OH,43134,0,4,4,902312,3.6,B,96,Facebook,Mid-size (11-50 agents),2026-09-07T23:31:05Z
CREAM-20260907-00592,Nicholas Brown,Nicholas Brown,Nicholas,Brown,nicholasb@aol.com,(212) 551-1674,eXp Realty,eXp Realty,Dayton,Dayton,OH,44683,0,3,3,762971,4.3,B,99,Referral Network,Mid-size (11-50 agents),2026-09-07T04:54:05Z
CREAM-20260907-00593,Cynthia Diaz,Cynthia Diaz,Cynthia,Diaz,cynthia.diaz@alliebethallman.com,(310) 662-6511,Allie Beth Allman,Allie Beth Allman,Amarillo,Amarillo,TX,75719,2,7,7,1933077,3.5,B,61,Cold Outreach,Boutique (2-10 agents),2026-09-07T16:33:00Z
CREAM-20260907-00594,Jacqueline Reed,Jacqueline Reed,Jacqueline,Reed,jacquelinereed@icloud.com,(805) 215-6352,RE/MAX,RE/MAX,Akron,Akron,OH,45271,0,2,2,639079,4.3,B,62,Website Lead,Boutique (2-10 agents),2026-09-07T10:01:33Z
CREAM-20260907-00595,Alan Ramos,Alan Ramos,Alan,Ramos,alanramos@aol.com,(786) 602-1628,Keller Williams,Keller Williams,Garland,Garland,TX,78883,16,78,78,22193257,3.5,B,100,Referral Network,Boutique (2-10 agents),2026-09-07T09:01:11Z
CREAM-20260907-00596,Dorothy Carter,Dorothy Carter,Dorothy,Carter,dorothy_carter@yahoo.com,(256) 745-8018,Nest Seekers,Nest Seekers,Buffalo,Buffalo,NY,13309,7,32,32,25240652,3.5,B,64,Referral Network,Enterprise (200+ agents),2026-09-07T17:37:31Z
CREAM-20260907-00597,Karen Morales,Karen Morales,Karen,Morales,karen_morales@icloud.com,(646) 852-7554,Berkshire Hathaway,Berkshire Hathaway,Toledo,Toledo,OH,45979,0,3,3,874600,3.1,B,80,Referral Network,Independent,2026-09-07T20:43:59Z
CREAM-20260907-00598,Ronald Bennett,Ronald Bennett,Ronald,Bennett,ronaldbennett@icloud.com,(513) 708-1956,Pacific Sotheby's,Pacific Sotheby's,Chula Vista,Chula Vista,CA,91148,24,25,25,21995223,3.7,B,92,Cold Outreach,Boutique (2-10 agents),2026-09-07T00:31:09Z
CREAM-20260907-00599,Timothy Adams,Timothy Adams,Timothy,Adams,tadams@kellerwilliams.com,(212) 773-5527,Keller Williams,Keller Williams,Cary,Cary,NC,27668,4,21,21,8600504,3.7,B,94,Cold Outreach,Large (51-200 agents),2026-09-07T18:14:50Z
CREAM-20260907-00600,Jason Rogers,Jason Rogers,Jason,Rogers,jason.rogers@outlook.com,(919) 223-8783,Compass,Compass,Yonkers,Yonkers,NY,11487,5,19,19,10852921,4.1,B,67,Realtor.com,Large (51-200 agents),2026-09-07T00:20:02Z
CREAM-20260907-00601,Brenda Cooper,Brenda Cooper,Brenda,Cooper,brenda.cooper@compass.com,(916) 965-8220,Compass,Compass,Durham,Durham,NC,27663,9,21,21,6293073,4.5,B,90,Realtor.com,Mid-size (11-50 agents),2026-09-07T02:09:17Z
CREAM-20260907-00602,Dennis Williams,Dennis Williams,Dennis,Williams,dennis_williams@hotmail.com,(929) 685-5410,Long Realty,Long Realty,Tempe,Tempe,AZ,86246,14,52,52,15875128,4.0,B,96,Trade Show,Mid-size (11-50 agents),2026-09-07T17:47:44Z
CREAM-20260907-00603,Tyler Patel,Tyler Patel,Tyler,Patel,tylerp@yahoo.com,(704) 778-8989,Compass,Compass,Bakersfield,Bakersfield,CA,93208,0,1,1,972881,3.3,B,67,Facebook,Mid-size (11-50 agents),2026-09-07T02:37:49Z
CREAM-20260907-00604,Martha Richardson,Martha Richardson,Martha,Richardson,marthar@icloud.com,(980) 767-1974,Allie Beth Allman,Allie Beth Allman,Amarillo,Amarillo,TX,79998,23,43,43,19340684,4.6,B,88,Referral Network,Boutique (2-10 agents),2026-09-07T08:49:13Z
CREAM-20260907-00605,Amber Perry,Amber Perry,Amber,Perry,amberp@halstead.com,(929) 519-6860,Halstead,Halstead,Albany,Albany,NY,11390,3,12,12,9301370,3.9,B,100,Referral Network,Independent,2026-09-07T21:23:10Z
CREAM-20260907-00606,Jeffrey Davis,Jeffrey Davis,Jeffrey,Davis,jeffreyd@outlook.com,(704) 483-5917,Compass,Compass,Lakewood,Lakewood,CO,80981,10,66,66,45610593,4.6,B,95,Trade Show,Independent,2026-09-07T10:20:10Z
CREAM-20260907-00607,Wayne Long,Wayne Long,Wayne,Long,wayne.long@exprealty.com,(720) 509-8530,eXp Realty,eXp Realty,Irving,Irving,TX,77540,3,18,18,7686137,4.8,B,99,MLS Database,Independent,2026-09-07T12:28:03Z
CREAM-20260907-00608,Walter Ramos,Walter Ramos,Walter,Ramos,walter_ramos@yahoo.com,(805) 521-6400,Compass,Compass,Port St. Lucie,Port St. Lucie,FL,32948,16,77,77,30506716,3.5,B,76,Referral Network,Mid-size (11-50 agents),2026-09-07T02:43:52Z
CREAM-20260907-00609,Jerry White,Jerry White,Jerry,White,jwhite@alliebethallman.com,(602) 349-1411,Allie Beth Allman,Allie Beth Allman,Garland,Garland,TX,76715,22,62,62,15839921,4.1,B,75,Trade Show,Large (51-200 agents),2026-09-07T05:01:30Z
CREAM-20260907-00610,Thomas Campbell,Thomas Campbell,Thomas,Campbell,thomasc@exprealty.com,(256) 801-3614,eXp Realty,eXp Realty,Glendale,Glendale,AZ,85912,5,8,8,3317564,3.9,B,94,Referral Network,Mid-size (11-50 agents),2026-09-07T09:43:45Z
CREAM-20260907-00611,Jeffrey Perez,Jeffrey Perez,Jeffrey,Perez,jeffreyp@me.com,(212) 450-2451,Coldwell Banker,Coldwell Banker,Dayton,Dayton,OH,45802,1,12,12,2551042,4.6,B,83,Facebook,Enterprise (200+ agents),2026-09-07T00:46:34Z
CREAM-20260907-00612,Amy Thompson,Amy Thompson,Amy,Thompson,amy.thompson@hotmail.com,(212) 915-7878,Allen Tate,Allen Tate,Cary,Cary,NC,27880,5,13,13,4879188,3.8,B,91,LinkedIn,Independent,2026-09-07T06:24:15Z
CREAM-20260907-00613,Matthew Johnson,Matthew Johnson,Matthew,Johnson,matthew_johnson@outlook.com,(704) 920-2760,Coldwell Banker,Coldwell Banker,Cape Coral,Cape Coral,FL,32881,3,9,9,3630845,3.2,B,70,MLS Database,Large (51-200 agents),2026-09-07T09:59:07Z
CREAM-20260907-00614,David Russell,David Russell,David,Russell,david_russell@hotmail.com,(303) 891-9596,Keller Williams,Keller Williams,Syracuse,Syracuse,NY,12702,22,72,72,35789113,3.4,B,77,Trade Show,Boutique (2-10 agents),2026-09-07T13:03:35Z
CREAM-20260907-00615,Donna Sanchez,Donna Sanchez,Donna,Sanchez,donnasanchez@aol.com,(972) 953-5203,RE/MAX,RE/MAX,Toledo,Toledo,OH,43366,0,0,0,0,4.4,B,72,Website Lead,Large (51-200 agents),2026-09-07T05:26:22Z
CREAM-20260907-00616,Olivia Jimenez,Olivia Jimenez,Olivia,Jimenez,ojimenez@exprealty.com,(303) 589-1293,eXp Realty,eXp Realty,Stockton,Stockton,CA,95960,25,38,38,38001179,3.4,B,100,LinkedIn,Enterprise (200+ agents),2026-09-07T23:49:04Z
CREAM-20260907-00617,Nancy Gutierrez,Nancy Gutierrez,Nancy,Gutierrez,nancygutierrez@yahoo.com,(614) 770-3069,eXp Realty,eXp Realty,Gilbert,Gilbert,AZ,85510,2,5,5,1616156,3.7,B,88,Website Lead,Mid-size (11-50 agents),2026-09-07T18:36:43Z
CREAM-20260907-00618,Benjamin Ross,Benjamin Ross,Benjamin,Ross,benjamin_ross@me.com,(234) 587-5789,Douglas Elliman,Douglas Elliman,Syracuse,Syracuse,NY,13518,1,4,4,2150953,4.2,B,93,Website Lead,Large (51-200 agents),2026-09-07T15:54:19Z
CREAM-20260907-00619,Joseph Brown,Joseph Brown,Joseph,Brown,joseph_brown@gmail.com,(512) 520-1734,RE/MAX,RE/MAX,Parma,Parma,OH,44110,19,45,45,9779127,4.9,B,83,Facebook,Mid-size (11-50 agents),2026-09-07T06:33:07Z
CREAM-20260907-00620,Martha Jimenez,Martha Jimenez,Martha,Jimenez,marthajimenez@gmail.com,(919) 950-2774,Compass,Compass,Hollywood,Hollywood,FL,32877,21,50,50,23716016,4.5,B,86,LinkedIn,Large (51-200 agents),2026-09-07T16:12:47Z
CREAM-20260907-00621,Peter Cox,Peter Cox,Peter,Cox,peterc@gmail.com,(212) 806-5072,Allie Beth Allman,Allie Beth Allman,Lubbock,Lubbock,TX,77493,24,77,77,34231047,3.1,B,87,Facebook,Large (51-200 agents),2026-09-07T10:28:26Z
CREAM-20260907-00622,Linda Ramos,Linda Ramos,Linda,Ramos,lindaramos@me.com,(415) 360-7554,Keller Williams,Keller Williams,Glendale,Glendale,AZ,86556,25,64,64,29823247,3.3,B,67,Cold Outreach,Large (51-200 agents),2026-09-07T19:49:49Z
CREAM-20260907-00623,Stephanie Cox,Stephanie Cox,Stephanie,Cox,scox@alliebethallman.com,(303) 795-3243,Allie Beth Allman,Allie Beth Allman,Garland,Garland,TX,76133,16,42,42,10468947,4.0,B,81,Brokerage Listings,Mid-size (11-50 agents),2026-09-07T19:49:33Z
CREAM-20260907-00624,Rebecca Lewis,Rebecca Lewis,Rebecca,Lewis,rebecca.lewis@cutlerrealestate.com,(713) 615-1919,Cutler Real Estate,Cutler Real Estate,Parma,Parma,OH,45517,0,4,4,835476,3.4,B,86,Trade Show,Mid-size (11-50 agents),2026-09-07T15:05:27Z
CREAM-20260907-00625,Edward Wood,Edward Wood,Edward,Wood,edwardwood@me.com,(916) 397-9042,Coldwell Banker,Coldwell Banker,Toledo,Toledo,OH,43951,10,73,73,21251027,4.4,B,71,Brokerage Listings,Large (51-200 agents),2026-09-07T23:01:41Z
CREAM-20260907-00626,James Cook,James Cook,James,Cook,jcook@gmail.com,(980) 466-6945,HER Realtors,HER Realtors,Parma,Parma,OH,43198,4,12,12,3037671,4.4,B,96,MLS Database,Enterprise (200+ agents),2026-09-07T03:03:04Z
CREAM-20260907-00627,Brian Sanchez,Brian Sanchez,Brian,Sanchez,brians@aol.com,(212) 456-9982,Howard Hanna,Howard Hanna,Durham,Durham,NC,28311,1,12,12,4067426,4.3,B,79,Brokerage Listings,Enterprise (200+ agents),2026-09-07T00:33:39Z
CREAM-20260907-00628,Joshua Brown,Joshua Brown,Joshua,Brown,joshuabrown@yahoo.com,(972) 393-4827,8z Real Estate,8z Real Estate,Fort Collins,Fort Collins,CO,80223,1,6,6,2866520,4.0,B,90,NAR Directory,Large (51-200 agents),2026-09-07T20:16:55Z
CREAM-20260907-00629,Ruth Perry,Ruth Perry,Ruth,Perry,rperry@gmail.com,(718) 567-2378,RE/MAX,RE/MAX,Parma,Parma,OH,45601,1,9,9,2058333,4.4,B,71,Facebook,Mid-size (11-50 agents),2026-09-07T18:24:39Z
CREAM-20260907-00630,Kimberly Foster,Kimberly Foster,Kimberly,Foster,kimberly_foster@gmail.com,(212) 501-6981,Berkshire Hathaway,Berkshire Hathaway,Tempe,Tempe,AZ,86127,22,48,48,22910046,3.2,B,88,Website Lead,Mid-size (11-50 agents),2026-09-07T14:21:18Z
CREAM-20260907-00631,Nicole Gutierrez,Nicole Gutierrez,Nicole,Gutierrez,nicoleg@me.com,(919) 398-6015,Berkshire Hathaway,Berkshire Hathaway,Fayetteville,Fayetteville,NC,28111,1,5,5,1245076,4.0,B,74,Facebook,Large (51-200 agents),2026-09-07T00:04:09Z
CREAM-20260907-00632,Rebecca Bailey,Rebecca Bailey,Rebecca,Bailey,rbailey@compass.com,(713) 542-1666,Compass,Compass,Santa Ana,Santa Ana,CA,90755,5,17,17,13731415,3.6,B,81,Website Lead,Boutique (2-10 agents),2026-09-07T10:02:48Z
CREAM-20260907-00633,Debra Watson,Debra Watson,Debra,Watson,dwatson@re/max.com,(212) 959-4310,RE/MAX,RE/MAX,Amarillo,Amarillo,TX,75571,0,2,2,607816,3.3,B,83,Trade Show,Independent,2026-09-07T15:17:41Z
CREAM-20260907-00634,William Adams,William Adams,William,Adams,williamadams@aol.com,(512) 395-2460,Berkshire Hathaway,Berkshire Hathaway,Winston-Salem,Winston-Salem,NC,28158,14,28,28,9992780,4.3,B,78,MLS Database,Large (51-200 agents),2026-09-07T14:06:38Z
CREAM-20260907-00635,Juan Price,Juan Price,Juan,Price,juanp@howardhanna.com,(786) 444-6789,Howard Hanna,Howard Hanna,Cary,Cary,NC,28866,3,11,11,2972497,4.3,B,87,Trade Show,Enterprise (200+ agents),2026-09-07T17:26:35Z
CREAM-20260907-00636,Julia Foster,Julia Foster,Julia,Foster,julia.foster@coldwellbanker.com,(646) 220-4248,Coldwell Banker,Coldwell Banker,Akron,Akron,OH,45655,0,0,0,0,3.2,B,79,Website Lead,Mid-size (11-50 agents),2026-09-07T14:05:38Z
CREAM-20260907-00637,Betty Thompson,Betty Thompson,Betty,Thompson,bthompson@allentate.com,(415) 946-6237,Allen Tate,Allen Tate,Winston-Salem,Winston-Salem,NC,28317,18,65,65,16991964,3.6,B,81,Referral Network,Enterprise (200+ agents),2026-09-07T10:01:49Z
CREAM-20260907-00638,Daniel Sanders,Daniel Sanders,Daniel,Sanders,danielsanders@icloud.com,(212) 388-1291,Coldwell Banker,Coldwell Banker,Gilbert,Gilbert,AZ,86397,8,26,26,10590947,4.1,B,64,Trade Show,Independent,2026-09-07T10:38:17Z
CREAM-20260907-00639,Matthew Ross,Matthew Ross,Matthew,Ross,matthew.ross@douglaselliman.com,(407) 477-3601,Douglas Elliman,Douglas Elliman,Irving,Irving,TX,75622,8,27,27,9311969,4.9,B,68,Cold Outreach,Boutique (2-10 agents),2026-09-07T16:32:20Z
CREAM-20260907-00640,Kimberly Cooper,Kimberly Cooper,Kimberly,Cooper,kimberly_cooper@outlook.com,(234) 298-1494,Howard Hanna,Howard Hanna,Winston-Salem,Winston-Salem,NC,27868,4,14,14,5004412,4.9,B,69,NAR Directory,Enterprise (200+ agents),2026-09-07T06:41:15Z
CREAM-20260907-00641,Patricia Lewis,Patricia Lewis,Patricia,Lewis,plewis@hotmail.com,(256) 821-7407,Allen Tate,Allen Tate,Winston-Salem,Winston-Salem,NC,28300,0,1,1,323945,4.3,B,89,Website Lead,Large (51-200 agents),2026-09-07T05:34:25Z
CREAM-20260907-00642,Angela Morales,Angela Morales,Angela,Morales,angela.morales@yahoo.com,(404) 589-5618,Coldwell Banker,Coldwell Banker,Chandler,Chandler,AZ,86363,13,52,52,19601254,4.8,B,92,MLS Database,Independent,2026-09-07T16:35:34Z
CREAM-20260907-00643,Amber Green,Amber Green,Amber,Green,amber_green@me.com,(415) 886-5140,Compass,Compass,Fayetteville,Fayetteville,NC,28498,11,43,43,14980779,4.5,B,98,Facebook,Large (51-200 agents),2026-09-07T17:13:01Z
CREAM-20260907-00644,Kevin Wilson,Kevin Wilson,Kevin,Wilson,kevin.wilson@yahoo.com,(404) 904-4824,Halstead,Halstead,Yonkers,Yonkers,NY,14473,5,15,15,8809164,3.1,B,62,NAR Directory,Large (51-200 agents),2026-09-07T11:19:10Z
CREAM-20260907-00645,Melissa Stewart,Melissa Stewart,Melissa,Stewart,melissa_stewart@hotmail.com,(805) 444-7947,Pacific Sotheby's,Pacific Sotheby's,Anaheim,Anaheim,CA,90323,4,14,14,14501017,4.4,B,96,Cold Outreach,Mid-size (11-50 agents),2026-09-07T12:10:18Z
CREAM-20260907-00646,Amy Collins,Amy Collins,Amy,Collins,amyc@yahoo.com,(404) 285-5792,8z Real Estate,8z Real Estate,Arvada,Arvada,CO,81525,16,46,46,24565762,4.8,B,77,Brokerage Listings,Enterprise (200+ agents),2026-09-07T18:12:26Z
CREAM-20260907-00647,Amanda Gonzalez,Amanda Gonzalez,Amanda,Gonzalez,amandag@icloud.com,(714) 786-3283,Compass,Compass,Cary,Cary,NC,27181,22,31,31,9389931,5.0,B,78,Website Lead,Independent,2026-09-07T00:38:50Z
CREAM-20260907-00648,Amber Wright,Amber Wright,Amber,Wright,amber_wright@icloud.com,(310) 371-2045,Berkshire Hathaway,Berkshire Hathaway,Gilbert,Gilbert,AZ,86725,16,60,60,20010791,5.0,B,94,Referral Network,Enterprise (200+ agents),2026-09-07T07:18:39Z
CREAM-20260907-00649,Anthony Thompson,Anthony Thompson,Anthony,Thompson,anthonythompson@icloud.com,(980) 321-4318,Keller Williams Realty,Keller Williams Realty,Tallahassee,Tallahassee,FL,32604,17,76,76,38457044,3.6,B,82,NAR Directory,Independent,2026-09-07T21:33:04Z
CREAM-20260907-00650,Ralph Robinson,Ralph Robinson,Ralph,Robinson,rrobinson@outlook.com,(303) 578-5763,Pacific Sotheby's,Pacific Sotheby's,Chula Vista,Chula Vista,CA,95337,7,31,31,33605255,3.8,B,94,Brokerage Listings,Mid-size (11-50 agents),2026-09-07T13:58:55Z
CREAM-20260907-00651,Amber Mendoza,Amber Mendoza,Amber,Mendoza,amber.mendoza@brownharrisstevens.com,(404) 201-3181,Brown Harris Stevens,Brown Harris Stevens,Yonkers,Yonkers,NY,14810,11,30,30,16361460,3.2,B,64,Referral Network,Enterprise (200+ agents),2026-09-07T00:04:46Z
CREAM-20260907-00652,Keith Collins,Keith Collins,Keith,Collins,keith.collins@gmail.com,(919) 379-9238,Douglas Elliman,Douglas Elliman,Yonkers,Yonkers,NY,12670,5,20,20,14581284,4.7,B,98,Trade Show,Mid-size (11-50 agents),2026-09-07T23:20:03Z
CREAM-20260907-00653,Jonathan Cruz,Jonathan Cruz,Jonathan,Cruz,jcruz@douglaselliman.com,(513) 607-8664,Douglas Elliman,Douglas Elliman,Buffalo,Buffalo,NY,14560,11,78,78,51273648,4.0,B,87,Facebook,Enterprise (200+ agents),2026-09-07T23:38:04Z
CREAM-20260907-00654,Theresa Cruz,Theresa Cruz,Theresa,Cruz,tcruz@aol.com,(310) 485-3160,Berkshire Hathaway,Berkshire Hathaway,Hollywood,Hollywood,FL,32337,3,11,11,3671278,4.0,B,79,Facebook,Boutique (2-10 agents),2026-09-07T20:39:46Z
CREAM-20260907-00655,Jacob Chavez,Jacob Chavez,Jacob,Chavez,jacob_chavez@me.com,(469) 770-8678,Coldwell Banker,Coldwell Banker,Fayetteville,Fayetteville,NC,27503,2,11,11,4211220,4.4,B,83,LinkedIn,Independent,2026-09-07T18:22:54Z
CREAM-20260907-00656,Katherine Murphy,Katherine Murphy,Katherine,Murphy,katherine_murphy@gmail.com,(713) 542-3453,8z Real Estate,8z Real Estate,Lakewood,Lakewood,CO,81415,3,16,16,8531774,3.6,B,100,MLS Database,Large (51-200 agents),2026-09-07T04:54:49Z
CREAM-20260907-00657,Nancy Hernandez,Nancy Hernandez,Nancy,Hernandez,nhernandez@outlook.com,(916) 365-1442,Berkshire Hathaway,Berkshire Hathaway,Arlington,Arlington,TX,76523,18,62,62,17303398,3.2,B,81,Trade Show,Mid-size (11-50 agents),2026-09-07T21:30:40Z
CREAM-20260907-00658,Theresa Rivera,Theresa Rivera,Theresa,Rivera,theresarivera@yahoo.com,(404) 760-5138,Berkshire Hathaway,Berkshire Hathaway,Lubbock,Lubbock,TX,76399,4,23,23,7149003,3.5,B,70,Referral Network,Boutique (2-10 agents),2026-09-07T19:07:27Z
CREAM-20260907-00659,Debra Cooper,Debra Cooper,Debra,Cooper,debra.cooper@kellerwilliams.com,(513) 624-7073,Keller Williams,Keller Williams,Lubbock,Lubbock,TX,77734,14,78,78,30293627,3.4,B,75,Trade Show,Independent,2026-09-07T00:25:16Z
CREAM-20260907-00660,Margaret Perry,Margaret Perry,Margaret,Perry,margaretp@yahoo.com,(512) 492-2883,Douglas Elliman,Douglas Elliman,Hialeah,Hialeah,FL,33437,24,50,50,20548205,4.2,B,60,Brokerage Listings,Large (51-200 agents),2026-09-07T08:11:41Z
CREAM-20260907-00661,Aaron Anderson,Aaron Anderson,Aaron,Anderson,aarona@me.com,(469) 539-1534,eXp Realty,eXp Realty,Irving,Irving,TX,78606,6,23,23,6528636,4.6,B,91,NAR Directory,Boutique (2-10 agents),2026-09-07T00:59:23Z
CREAM-20260907-00662,Katherine King,Katherine King,Katherine,King,katherine_king@gmail.com,(919) 809-3418,Douglas Elliman,Douglas Elliman,New Rochelle,New Rochelle,NY,12429,5,23,23,11151006,4.9,B,65,Realtor.com,Large (51-200 agents),2026-09-07T11:58:27Z
CREAM-20260907-00663,Kevin Parker,Kevin Parker,Kevin,Parker,kevinparker@outlook.com,(512) 314-1971,Briggs Freeman Sotheby's,Briggs Freeman Sotheby's,Amarillo,Amarillo,TX,77479,10,41,41,10064955,3.7,B,93,Referral Network,Enterprise (200+ agents),2026-09-07T03:25:59Z
CREAM-20260907-00664,Carl Perry,Carl Perry,Carl,Perry,carlperry@yahoo.com,(919) 360-2394,Keller Williams,Keller Williams,Cary,Cary,NC,28502,15,51,51,21410015,4.2,B,83,Trade Show,Mid-size (11-50 agents),2026-09-07T06:39:22Z
CREAM-20260907-00665,Catherine Torres,Catherine Torres,Catherine,Torres,catherinet@icloud.com,(720) 606-6099,Berkshire Hathaway,Berkshire Hathaway,Dayton,Dayton,OH,45750,1,3,3,970967,3.3,B,62,Brokerage Listings,Mid-size (11-50 agents),2026-09-07T08:18:43Z
CREAM-20260907-00666,Juan Price,Juan Price,Juan,Price,juanprice@outlook.com,(972) 582-3896,Coldwell Banker,Coldwell Banker,Port St. Lucie,Port St. Lucie,FL,32926,10,30,30,9676908,4.2,B,79,NAR Directory,Enterprise (200+ agents),2026-09-07T23:04:15Z
CREAM-20260907-00667,Mary Clark,Mary Clark,Mary,Clark,mary_clark@aol.com,(310) 756-4084,Allen Tate,Allen Tate,Durham,Durham,NC,27133,0,1,1,346330,3.5,B,90,Website Lead,Enterprise (200+ agents),2026-09-07T15:19:15Z
CREAM-20260907-00668,Jonathan Howard,Jonathan Howard,Jonathan,Howard,jonathan.howard@icloud.com,(646) 679-2665,Nest Seekers,Nest Seekers,New Rochelle,New Rochelle,NY,10409,9,31,31,15635999,3.2,B,84,Cold Outreach,Enterprise (200+ agents),2026-09-07T03:06:16Z
CREAM-20260907-00669,Anna Baker,Anna Baker,Anna,Baker,annab@kellerwilliams.com,(614) 760-9123,Keller Williams,Keller Williams,Irving,Irving,TX,75246,15,60,60,25859335,4.7,B,89,MLS Database,Mid-size (11-50 agents),2026-09-07T18:35:17Z
CREAM-20260907-00670,Brenda Chavez,Brenda Chavez,Brenda,Chavez,brendac@halstead.com,(714) 419-2861,Halstead,Halstead,Syracuse,Syracuse,NY,14194,4,12,12,8284975,3.6,B,60,Brokerage Listings,Boutique (2-10 agents),2026-09-07T12:21:07Z
CREAM-20260907-00671,Margaret Garcia,Margaret Garcia,Margaret,Garcia,margaretg@berkshirehathaway.com,(704) 434-9197,Berkshire Hathaway,Berkshire Hathaway,Gilbert,Gilbert,AZ,86744,5,10,10,5010869,4.5,B,86,Website Lead,Mid-size (11-50 agents),2026-09-07T13:20:28Z
CREAM-20260907-00672,Roger Collins,Roger Collins,Roger,Collins,rcollins@re/max.com,(512) 449-2864,RE/MAX,RE/MAX,Arlington,Arlington,TX,79275,9,29,29,10494484,3.4,B,65,Facebook,Mid-size (11-50 agents),2026-09-07T13:57:34Z
CREAM-20260907-00673,Benjamin Green,Benjamin Green,Benjamin,Green,benjamin.green@aol.com,(303) 653-2607,Berkshire Hathaway,Berkshire Hathaway,Toledo,Toledo,OH,43892,0,3,3,885317,3.8,B,79,Cold Outreach,Large (51-200 agents),2026-09-07T15:38:50Z
CREAM-20260907-00674,Ruth Ortiz,Ruth Ortiz,Ruth,Ortiz,ruth.ortiz@icloud.com,(234) 624-2235,Berkshire Hathaway,Berkshire Hathaway,Gilbert,Gilbert,AZ,85279,5,22,22,11096443,3.8,B,94,Brokerage Listings,Boutique (2-10 agents),2026-09-07T00:57:24Z
CREAM-20260907-00675,George Ramirez,George Ramirez,George,Ramirez,georger@hotmail.com,(786) 702-6475,Keller Williams Realty,Keller Williams Realty,Port St. Lucie,Port St. Lucie,FL,33964,23,25,25,12588826,3.8,B,82,Realtor.com,Enterprise (200+ agents),2026-09-07T07:00:33Z
CREAM-20260907-00676,Paul Gray,Paul Gray,Paul,Gray,pgray@aol.com,(512) 523-9346,8z Real Estate,8z Real Estate,Fort Collins,Fort Collins,CO,81509,1,4,4,2749843,3.8,B,81,MLS Database,Independent,2026-09-07T00:26:23Z
CREAM-20260907-00677,Lisa Miller,Lisa Miller,Lisa,Miller,lisamiller@yahoo.com,(972) 893-4080,Berkshire Hathaway,Berkshire Hathaway,Parma,Parma,OH,43530,13,57,57,14332890,4.5,B,62,Referral Network,Mid-size (11-50 agents),2026-09-07T04:23:44Z
CREAM-20260907-00678,Frank Long,Frank Long,Frank,Long,flong@me.com,(303) 221-8635,RE/MAX,RE/MAX,Anaheim,Anaheim,CA,91128,14,25,25,21219279,4.0,B,89,Referral Network,Independent,2026-09-07T18:48:14Z
CREAM-20260907-00679,Elizabeth Parker,Elizabeth Parker,Elizabeth,Parker,elizabethp@icloud.com,(212) 325-7539,Douglas Elliman,Douglas Elliman,Lubbock,Lubbock,TX,75911,1,12,12,3236693,4.5,B,81,Referral Network,Boutique (2-10 agents),2026-09-07T06:54:27Z
CREAM-20260907-00680,Matthew Edwards,Matthew Edwards,Matthew,Edwards,matthew.edwards@hotmail.com,(212) 945-4623,eXp Realty,eXp Realty,Durham,Durham,NC,27454,3,15,15,4802378,4.5,B,62,MLS Database,Large (51-200 agents),2026-09-07T10:27:35Z
CREAM-20260907-00681,Katherine Ramos,Katherine Ramos,Katherine,Ramos,katheriner@aol.com,(512) 737-8380,Keller Williams Realty,Keller Williams Realty,Hialeah,Hialeah,FL,32706,25,78,78,30665012,4.8,B,64,Referral Network,Boutique (2-10 agents),2026-09-07T23:10:10Z
CREAM-20260907-00682,Scott Perez,Scott Perez,Scott,Perez,scott_perez@gmail.com,(980) 533-3237,Huntington Real Estate,Huntington Real Estate,Akron,Akron,OH,44282,0,2,2,438241,4.7,B,86,Website Lead,Mid-size (11-50 agents),2026-09-07T08:37:36Z
CREAM-20260907-00683,Anna Flores,Anna Flores,Anna,Flores,annaf@berkshirehathaway.com,(713) 550-4331,Berkshire Hathaway,Berkshire Hathaway,Amarillo,Amarillo,TX,75432,4,15,15,4712216,3.4,B,94,Realtor.com,Independent,2026-09-07T22:49:41Z
CREAM-20260907-00684,George Ramos,George Ramos,George,Ramos,georger@outlook.com,(256) 619-8798,eXp Realty,eXp Realty,Cary,Cary,NC,28696,2,7,7,2509720,5.0,B,82,Cold Outreach,Independent,2026-09-07T23:11:42Z
CREAM-20260907-00685,Jacqueline Thompson,Jacqueline Thompson,Jacqueline,Thompson,jthompson@gmail.com,(303) 870-4966,Briggs Freeman Sotheby's,Briggs Freeman Sotheby's,Arlington,Arlington,TX,75454,9,27,27,11808500,3.9,B,98,LinkedIn,Independent,2026-09-07T15:08:13Z
CREAM-20260907-00686,Emma Walker,Emma Walker,Emma,Walker,emmaw@coldwellbanker.com,(513) 403-4098,Coldwell Banker,Coldwell Banker,Lubbock,Lubbock,TX,77100,13,78,78,24412470,3.3,B,93,Brokerage Listings,Boutique (2-10 agents),2026-09-07T00:29:15Z
CREAM-20260907-00687,Larry Smith,Larry Smith,Larry,Smith,larrysmith@me.com,(415) 480-7331,Berkshire Hathaway,Berkshire Hathaway,Arlington,Arlington,TX,76926,9,36,36,16373059,4.6,B,65,Cold Outreach,Large (51-200 agents),2026-09-07T01:19:37Z
CREAM-20260907-00688,Eugene Garcia,Eugene Garcia,Eugene,Garcia,eugene_garcia@hotmail.com,(513) 557-8440,Nest Seekers,Nest Seekers,Yonkers,Yonkers,NY,10496,21,37,37,30621032,4.4,B,65,LinkedIn,Independent,2026-09-07T05:02:27Z
CREAM-20260907-00689,Lauren Powell,Lauren Powell,Lauren,Powell,lauren.powell@icloud.com,(407) 975-4349,Douglas Elliman,Douglas Elliman,Yonkers,Yonkers,NY,13640,24,48,48,24892968,4.9,B,82,Brokerage Listings,Mid-size (11-50 agents),2026-09-07T10:22:26Z
CREAM-20260907-00690,Stephen Ruiz,Stephen Ruiz,Stephen,Ruiz,stephenruiz@yahoo.com,(980) 688-7695,Berkshire Hathaway,Berkshire Hathaway,Dayton,Dayton,OH,45154,21,63,63,14395828,4.9,B,92,Cold Outreach,Independent,2026-09-07T10:11:36Z
CREAM-20260907-00691,Natalie Scott,Natalie Scott,Natalie,Scott,natalie.scott@yahoo.com,(614) 515-7163,Cutler Real Estate,Cutler Real Estate,Dayton,Dayton,OH,44364,3,16,16,3346550,3.7,B,70,Cold Outreach,Mid-size (11-50 agents),2026-09-07T16:44:10Z
CREAM-20260907-00692,Arthur Smith,Arthur Smith,Arthur,Smith,arthurs@berkshirehathaway.com,(718) 320-2311,Berkshire Hathaway,Berkshire Hathaway,Port St. Lucie,Port St. Lucie,FL,34786,5,13,13,5942176,4.3,B,91,MLS Database,Enterprise (200+ agents),2026-09-07T19:32:11Z
CREAM-20260907-00693,Michelle Morris,Michelle Morris,Michelle,Morris,mmorris@me.com,(512) 901-7522,Compass,Compass,Stockton,Stockton,CA,93948,7,31,31,29240493,4.9,B,89,Realtor.com,Enterprise (200+ agents),2026-09-07T11:07:57Z
CREAM-20260907-00694,Amanda King,Amanda King,Amanda,King,amanda.king@hotmail.com,(310) 956-7257,Keller Williams Realty,Keller Williams Realty,Chula Vista,Chula Vista,CA,93843,2,5,5,3726395,4.9,B,91,Website Lead,Enterprise (200+ agents),2026-09-07T02:54:32Z
CREAM-20260907-00695,Jeffrey Smith,Jeffrey Smith,Jeffrey,Smith,jeffrey_smith@yahoo.com,(513) 516-6245,Allen Tate,Allen Tate,Fayetteville,Fayetteville,NC,28395,23,45,45,12998651,3.6,B,94,NAR Directory,Boutique (2-10 agents),2026-09-07T02:35:28Z
CREAM-20260907-00696,Alan Campbell,Alan Campbell,Alan,Campbell,alancampbell@hotmail.com,(805) 430-3605,Keller Williams,Keller Williams,Akron,Akron,OH,44403,1,10,10,3147816,3.3,B,89,LinkedIn,Independent,2026-09-07T15:00:29Z
CREAM-20260907-00697,Janet Thomas,Janet Thomas,Janet,Thomas,jthomas@outlook.com,(512) 723-3328,Keller Williams,Keller Williams,Arlington,Arlington,TX,78593,20,71,71,24831390,3.8,B,84,NAR Directory,Large (51-200 agents),2026-09-07T12:27:54Z
CREAM-20260907-00698,Christine Parker,Christine Parker,Christine,Parker,christine.parker@gmail.com,(310) 966-4856,Long Realty,Long Realty,Chandler,Chandler,AZ,86233,1,12,12,6113142,3.4,B,88,Referral Network,Independent,2026-09-07T03:09:19Z
CREAM-20260907-00699,James Murphy,James Murphy,James,Murphy,jmurphy@aol.com,(786) 830-3534,Keller Williams,Keller Williams,Toledo,Toledo,OH,45896,8,30,30,6980289,4.7,B,70,Trade Show,Mid-size (11-50 agents),2026-09-07T23:31:04Z
CREAM-20260907-00700,Janet Evans,Janet Evans,Janet,Evans,janete@douglaselliman.com,(256) 879-1644,Douglas Elliman,Douglas Elliman,Pembroke Pines,Pembroke Pines,FL,34129,15,55,55,24155725,4.4,B,84,Website Lead,Enterprise (200+ agents),2026-09-07T00:25:17Z
CREAM-20260907-00701,Timothy Smith,Timothy Smith,Timothy,Smith,tsmith@allentate.com,(234) 431-6561,Allen Tate,Allen Tate,Fayetteville,Fayetteville,NC,28887,2,10,10,3500268,3.9,B,72,NAR Directory,Mid-size (11-50 agents),2026-09-07T18:36:30Z
CREAM-20260907-00702,Julia Lee,Julia Lee,Julia,Lee,julia_lee@yahoo.com,(310) 570-9984,Compass,Compass,Stockton,Stockton,CA,91327,21,38,38,23315107,4.0,B,75,Website Lead,Boutique (2-10 agents),2026-09-07T01:47:06Z
CREAM-20260907-00703,Heather Alexander,Heather Alexander,Heather,Alexander,halexander@aol.com,(718) 900-1648,Douglas Elliman,Douglas Elliman,Buffalo,Buffalo,NY,14995,22,67,67,44752806,5.0,B,95,Facebook,Enterprise (200+ agents),2026-09-07T00:01:51Z
CREAM-20260907-00704,Janet Jimenez,Janet Jimenez,Janet,Jimenez,jjimenez@aol.com,(718) 360-7718,Century 21,Century 21,Pembroke Pines,Pembroke Pines,FL,33821,22,67,67,25091179,4.4,B,69,Referral Network,Enterprise (200+ agents),2026-09-07T19:39:32Z
CREAM-20260907-00705,Robert Fisher,Robert Fisher,Robert,Fisher,rfisher@icloud.com,(646) 738-8401,Allen Tate,Allen Tate,Cary,Cary,NC,28757,6,40,40,15444703,4.0,B,96,MLS Database,Enterprise (200+ agents),2026-09-07T13:12:01Z
CREAM-20260907-00706,Emily Turner,Emily Turner,Emily,Turner,eturner@re/max.com,(214) 920-4746,RE/MAX,RE/MAX,Corpus Christi,Corpus Christi,TX,79464,4,17,17,7376116,4.1,B,67,MLS Database,Boutique (2-10 agents),2026-09-07T04:24:06Z
CREAM-20260907-00707,Helen Hernandez,Helen Hernandez,Helen,Hernandez,helenh@gmail.com,(415) 788-4922,Brown Harris Stevens,Brown Harris Stevens,Yonkers,Yonkers,NY,14354,10,80,80,40712819,3.2,B,63,Realtor.com,Independent,2026-09-07T19:48:50Z
CREAM-20260907-00708,Deborah Sanchez,Deborah Sanchez,Deborah,Sanchez,deborah.sanchez@re/max.com,(212) 594-7461,RE/MAX,RE/MAX,Tallahassee,Tallahassee,FL,32672,16,78,78,33471640,3.2,B,81,Trade Show,Enterprise (200+ agents),2026-09-07T13:33:14Z
CREAM-20260907-00709,Charles Young,Charles Young,Charles,Young,charles.young@kellerwilliams.com,(720) 413-9308,Keller Williams,Keller Williams,Rochester,Rochester,NY,12585,15,44,44,34217899,4.9,B,67,Brokerage Listings,Boutique (2-10 agents),2026-09-07T06:08:22Z
CREAM-20260907-00710,Andrew Kelly,Andrew Kelly,Andrew,Kelly,andrewk@gmail.com,(407) 337-9402,eXp Realty,eXp Realty,Thornton,Thornton,CO,81107,13,47,47,18327421,3.4,B,97,Brokerage Listings,Enterprise (200+ agents),2026-09-07T00:40:06Z
CREAM-20260907-00711,Frank Clark,Frank Clark,Frank,Clark,frankc@gmail.com,(404) 937-2700,Cutler Real Estate,Cutler Real Estate,Akron,Akron,OH,43314,13,67,67,16883670,3.7,B,66,Referral Network,Independent,2026-09-07T10:10:49Z
CREAM-20260907-00712,Rebecca Baker,Rebecca Baker,Rebecca,Baker,rebeccab@outlook.com,(404) 690-2243,Berkshire Hathaway HomeServices,Berkshire Hathaway HomeServices,Santa Ana,Santa Ana,CA,90550,14,29,29,22028833,4.7,B,80,Realtor.com,Independent,2026-09-07T15:53:06Z
CREAM-20260907-00713,Heather Allen,Heather Allen,Heather,Allen,heathera@aol.com,(303) 661-7515,Coldwell Banker,Coldwell Banker,Hialeah,Hialeah,FL,33705,7,18,18,7206614,4.8,B,64,MLS Database,Enterprise (200+ agents),2026-09-07T15:22:03Z
CREAM-20260907-00714,Matthew Gomez,Matthew Gomez,Matthew,Gomez,matthew.gomez@coldwellbanker.com,(980) 308-2799,Coldwell Banker,Coldwell Banker,Parma,Parma,OH,43721,2,6,6,1818487,4.7,B,89,NAR Directory,Boutique (2-10 agents),2026-09-07T19:16:45Z
CREAM-20260907-00715,Grace Hughes,Grace Hughes,Grace,Hughes,grace.hughes@hotmail.com,(310) 474-3152,eXp Realty,eXp Realty,Cape Coral,Cape Coral,FL,33730,1,11,11,3357066,3.4,B,72,Trade Show,Mid-size (11-50 agents),2026-09-07T22:28:57Z
CREAM-20260907-00716,Carol Nguyen,Carol Nguyen,Carol,Nguyen,caroln@hotmail.com,(720) 835-6713,Coldwell Banker,Coldwell Banker,Thornton,Thornton,CO,81953,23,43,43,20633760,3.9,B,63,MLS Database,Mid-size (11-50 agents),2026-09-07T05:46:17Z
CREAM-20260907-00717,Eugene Collins,Eugene Collins,Eugene,Collins,eugene_collins@gmail.com,(916) 691-3208,Howard Hanna,Howard Hanna,Durham,Durham,NC,28710,6,19,19,5879826,4.1,B,75,LinkedIn,Mid-size (11-50 agents),2026-09-07T19:16:45Z
CREAM-20260907-00718,John Jackson,John Jackson,John,Jackson,johnj@yahoo.com,(404) 639-4361,eXp Realty,eXp Realty,Gilbert,Gilbert,AZ,85815,10,66,66,26170587,4.7,B,63,MLS Database,Large (51-200 agents),2026-09-07T05:48:16Z
CREAM-20260907-00719,Raymond Lewis,Raymond Lewis,Raymond,Lewis,raymond.lewis@hotmail.com,(214) 626-3191,Keller Williams,Keller Williams,Fayetteville,Fayetteville,NC,28690,25,78,78,29748583,3.9,B,93,Website Lead,Enterprise (200+ agents),2026-09-07T14:57:43Z
CREAM-20260907-00720,Susan Long,Susan Long,Susan,Long,susan_long@hotmail.com,(512) 395-6195,Compass,Compass,Buffalo,Buffalo,NY,14862,7,20,20,10366839,4.8,B,94,NAR Directory,Large (51-200 agents),2026-09-07T11:10:31Z
CREAM-20260907-00721,Justin Evans,Justin Evans,Justin,Evans,jevans@hotmail.com,(469) 710-4461,Howard Hanna,Howard Hanna,Durham,Durham,NC,27268,17,40,40,12378817,3.7,B,94,NAR Directory,Large (51-200 agents),2026-09-07T23:07:58Z
CREAM-20260907-00722,Margaret Stewart,Margaret Stewart,Margaret,Stewart,mstewart@kellerwilliams.com,(713) 498-2556,Keller Williams,Keller Williams,Fayetteville,Fayetteville,NC,27488,21,66,66,28810630,3.5,B,78,Realtor.com,Enterprise (200+ agents),2026-09-07T11:49:35Z
CREAM-20260907-00723,Edward Cook,Edward Cook,Edward,Cook,edwardc@nestseekers.com,(404) 424-4143,Nest Seekers,Nest Seekers,Buffalo,Buffalo,NY,12203,5,14,14,8159619,4.3,B,79,Facebook,Independent,2026-09-07T07:30:38Z
CREAM-20260907-00724,Donald Bennett,Donald Bennett,Donald,Bennett,donald.bennett@gmail.com,(334) 273-2953,Coldwell Banker,Coldwell Banker,Dayton,Dayton,OH,43965,15,71,71,19056159,4.5,B,91,NAR Directory,Enterprise (200+ agents),2026-09-07T01:46:35Z
CREAM-20260907-00725,Sandra Gray,Sandra Gray,Sandra,Gray,sandrag@hotmail.com,(212) 658-8996,RE/MAX,RE/MAX,Port St. Lucie,Port St. Lucie,FL,33200,19,61,61,19938975,4.7,B,63,NAR Directory,Boutique (2-10 agents),2026-09-07T16:44:44Z
CREAM-20260907-00726,Aaron Brooks,Aaron Brooks,Aaron,Brooks,aaron.brooks@kellerwilliams.com,(805) 378-8757,Keller Williams,Keller Williams,Corpus Christi,Corpus Christi,TX,78933,1,9,9,2418294,4.9,B,82,MLS Database,Mid-size (11-50 agents),2026-09-07T17:11:22Z
CREAM-20260907-00727,Rachel Wilson,Rachel Wilson,Rachel,Wilson,rachelw@coldwellbanker.com,(714) 854-5477,Coldwell Banker,Coldwell Banker,Winston-Salem,Winston-Salem,NC,28441,0,5,5,1809315,3.8,B,68,Website Lead,Mid-size (11-50 agents),2026-09-07T05:57:48Z
CREAM-20260907-00728,Peter Miller,Peter Miller,Peter,Miller,peter_miller@aol.com,(303) 530-3537,Berkshire Hathaway,Berkshire Hathaway,Amarillo,Amarillo,TX,77832,2,6,6,2105137,3.9,B,77,MLS Database,Mid-size (11-50 agents),2026-09-07T03:03:11Z
CREAM-20260907-00729,George Reyes,George Reyes,George,Reyes,greyes@coldwellbanker.com,(646) 642-1151,Coldwell Banker,Coldwell Banker,Anaheim,Anaheim,CA,92872,19,32,32,33864179,3.8,B,74,Cold Outreach,Boutique (2-10 agents),2026-09-07T05:41:29Z
CREAM-20260907-00730,Tyler Jones,Tyler Jones,Tyler,Jones,tjones@yahoo.com,(713) 794-2200,Nest Seekers,Nest Seekers,Albany,Albany,NY,12415,1,9,9,6827245,3.5,B,92,MLS Database,Boutique (2-10 agents),2026-09-07T10:11:56Z
CREAM-20260907-00731,Gregory Lee,Gregory Lee,Gregory,Lee,gregory.lee@coldwellbanker.com,(305) 909-8271,Coldwell Banker,Coldwell Banker,Chandler,Chandler,AZ,85820,2,4,4,1152532,4.7,B,61,LinkedIn,Enterprise (200+ agents),2026-09-07T07:07:43Z
CREAM-20260907-00732,Elizabeth Baker,Elizabeth Baker,Elizabeth,Baker,elizabeth.baker@kellerwilliams.com,(513) 315-8983,Keller Williams,Keller Williams,Syracuse,Syracuse,NY,14819,15,68,68,49388423,4.4,B,81,Brokerage Listings,Large (51-200 agents),2026-09-07T23:49:39Z
CREAM-20260907-00733,Robert Sanders,Robert Sanders,Robert,Sanders,robertsanders@me.com,(805) 797-3787,Briggs Freeman Sotheby's,Briggs Freeman Sotheby's,Amarillo,Amarillo,TX,78824,13,29,29,8832054,4.5,B,71,Referral Network,Enterprise (200+ agents),2026-09-07T16:32:04Z
CREAM-20260907-00734,Sandra Roberts,Sandra Roberts,Sandra,Roberts,sandraroberts@me.com,(256) 669-9585,RE/MAX,RE/MAX,Cary,Cary,NC,28510,3,19,19,6390828,4.0,B,78,Cold Outreach,Enterprise (200+ agents),2026-09-07T11:58:41Z
CREAM-20260907-00735,Joshua Cooper,Joshua Cooper,Joshua,Cooper,joshua_cooper@hotmail.com,(919) 254-1870,eXp Realty,eXp Realty,Cape Coral,Cape Coral,FL,34649,0,5,5,1594175,4.4,B,87,Trade Show,Independent,2026-09-07T16:01:43Z
CREAM-20260907-00736,Brittany Davis,Brittany Davis,Brittany,Davis,brittanyd@huntingtonrealestate.com,(310) 837-7209,Huntington Real Estate,Huntington Real Estate,Dayton,Dayton,OH,45284,2,11,11,2666106,4.2,B,85,MLS Database,Boutique (2-10 agents),2026-09-07T08:25:29Z
CREAM-20260907-00737,Betty Torres,Betty Torres,Betty,Torres,betty.torres@hotmail.com,(980) 543-8138,HER Realtors,HER Realtors,Toledo,Toledo,OH,44652,8,39,39,8139148,3.9,B,70,Website Lead,Boutique (2-10 agents),2026-09-07T06:26:58Z
CREAM-20260907-00738,Jeffrey Cooper,Jeffrey Cooper,Jeffrey,Cooper,jeffrey.cooper@yahoo.com,(305) 446-1014,Coldwell Banker,Coldwell Banker,Anaheim,Anaheim,CA,90485,18,76,76,50869734,4.5,B,91,MLS Database,Independent,2026-09-07T05:43:50Z
CREAM-20260907-00739,Janet Flores,Janet Flores,Janet,Flores,janetf@8zrealestate.com,(919) 641-8022,8z Real Estate,8z Real Estate,Fort Collins,Fort Collins,CO,80347,4,23,23,16166896,3.7,B,93,NAR Directory,Mid-size (11-50 agents),2026-09-07T16:50:03Z
CREAM-20260907-00740,Brenda Taylor,Brenda Taylor,Brenda,Taylor,brendat@briggsfreemansothebys.com,(916) 904-3361,Briggs Freeman Sotheby's,Briggs Freeman Sotheby's,Amarillo,Amarillo,TX,78737,12,38,38,12564161,3.6,B,66,LinkedIn,Enterprise (200+ agents),2026-09-07T18:59:37Z
CREAM-20260907-00741,James Richardson,James Richardson,James,Richardson,jamesr@pacificsothebys.com,(407) 620-9500,Pacific Sotheby's,Pacific Sotheby's,Stockton,Stockton,CA,95795,23,42,42,34144158,4.4,B,84,Referral Network,Enterprise (200+ agents),2026-09-07T10:00:42Z
CREAM-20260907-00742,Julia Taylor,Julia Taylor,Julia,Taylor,juliat@compass.com,(512) 744-8106,Compass,Compass,Lakewood,Lakewood,CO,81221,15,67,67,30310199,4.8,B,76,MLS Database,Large (51-200 agents),2026-09-07T15:58:48Z
CREAM-20260907-00743,Peter Reed,Peter Reed,Peter,Reed,peterr@hotmail.com,(916) 774-9008,Berkshire Hathaway HomeServices,Berkshire Hathaway HomeServices,Bakersfield,Bakersfield,CA,91233,4,17,17,10840673,3.1,B,100,Website Lead,Boutique (2-10 agents),2026-09-07T05:25:06Z
CREAM-20260907-00744,Sharon Carter,Sharon Carter,Sharon,Carter,sharon.carter@re/max.com,(786) 208-8507,RE/MAX,RE/MAX,Thornton,Thornton,CO,80267,8,18,18,12276911,3.8,B,80,MLS Database,Boutique (2-10 agents),2026-09-07T09:58:59Z
CREAM-20260907-00745,Martha Gonzalez,Martha Gonzalez,Martha,Gonzalez,marthag@corcorangroup.com,(713) 286-4185,Corcoran Group,Corcoran Group,Buffalo,Buffalo,NY,14223,7,27,27,19353703,4.4,B,100,Referral Network,Mid-size (11-50 agents),2026-09-07T12:23:27Z
CREAM-20260907-00746,Pamela Alexander,Pamela Alexander,Pamela,Alexander,pamelaa@yahoo.com,(214) 840-7554,Howard Hanna,Howard Hanna,Cary,Cary,NC,27844,1,8,8,2137147,3.7,B,96,Referral Network,Large (51-200 agents),2026-09-07T09:12:08Z
CREAM-20260907-00747,Matthew Scott,Matthew Scott,Matthew,Scott,matthews@brownharrisstevens.com,(234) 786-9686,Brown Harris Stevens,Brown Harris Stevens,New Rochelle,New Rochelle,NY,14346,15,27,27,13330162,3.9,B,78,Brokerage Listings,Large (51-200 agents),2026-09-07T12:37:54Z
CREAM-20260907-00748,Ronald Wilson,Ronald Wilson,Ronald,Wilson,ronaldw@berkshirehathaway.com,(512) 378-4595,Berkshire Hathaway,Berkshire Hathaway,Thornton,Thornton,CO,80576,1,9,9,3503747,3.7,B,67,Referral Network,Independent,2026-09-07T04:40:23Z
CREAM-20260907-00749,Diane White,Diane White,Diane,White,diane_white@yahoo.com,(310) 218-7261,eXp Realty,eXp Realty,Cape Coral,Cape Coral,FL,33778,25,74,74,37625521,4.7,B,66,Realtor.com,Mid-size (11-50 agents),2026-09-07T09:59:56Z
CREAM-20260907-00750,Jennifer Reed,Jennifer Reed,Jennifer,Reed,jreed@aol.com,(602) 623-3773,Douglas Elliman,Douglas Elliman,Corpus Christi,Corpus Christi,TX,75621,3,10,10,4501019,4.9,B,82,Cold Outreach,Mid-size (11-50 agents),2026-09-07T17:26:58Z
CREAM-20260907-00751,Timothy Wilson,Timothy Wilson,Timothy,Wilson,twilson@me.com,(704) 996-4792,RE/MAX,RE/MAX,Yuma,Yuma,AZ,85868,13,66,66,22279103,3.6,C,60,MLS Database,Large (51-200 agents),2026-09-07T17:30:05Z
CREAM-20260907-00752,Carol Thompson,Carol Thompson,Carol,Thompson,carolt@outlook.com,(334) 267-4598,LIV Sotheby's,LIV Sotheby's,Centennial,Centennial,CO,80748,13,64,64,39600694,3.6,C,69,NAR Directory,Large (51-200 agents),2026-09-07T03:13:53Z
CREAM-20260907-00753,Dorothy Clark,Dorothy Clark,Dorothy,Clark,dorothyclark@icloud.com,(714) 568-4609,8z Real Estate,8z Real Estate,Westminster,Westminster,CO,81128,4,19,19,12263844,4.1,C,86,Trade Show,Independent,2026-09-07T05:08:06Z
CREAM-20260907-00754,Gloria Reed,Gloria Reed,Gloria,Reed,greed@outlook.com,(720) 330-5220,HomeSmart,HomeSmart,Avondale,Avondale,AZ,86860,0,5,5,2003362,4.6,C,82,Realtor.com,Mid-size (11-50 agents),2026-09-07T09:50:57Z
CREAM-20260907-00755,Theresa Reed,Theresa Reed,Theresa,Reed,treed@icloud.com,(704) 842-6429,Coldwell Banker,Coldwell Banker,Coral Springs,Coral Springs,FL,32389,25,74,74,22340227,4.9,C,73,Referral Network,Boutique (2-10 agents),2026-09-07T05:13:23Z
CREAM-20260907-00756,Rose Torres,Rose Torres,Rose,Torres,roset@yahoo.com,(415) 408-1933,Briggs Freeman Sotheby's,Briggs Freeman Sotheby's,Mesquite,Mesquite,TX,75302,1,11,11,4057709,3.6,C,100,Brokerage Listings,Enterprise (200+ agents),2026-09-07T04:50:56Z
CREAM-20260907-00757,Daniel Jenkins,Daniel Jenkins,Daniel,Jenkins,danielj@aol.com,(415) 785-4612,Compass,Compass,Coral Springs,Coral Springs,FL,34811,9,34,34,10929653,3.8,C,81,MLS Database,Mid-size (11-50 agents),2026-09-07T02:17:07Z
CREAM-20260907-00758,Samantha Cooper,Samantha Cooper,Samantha,Cooper,samanthacooper@outlook.com,(334) 993-4418,Coldwell Banker,Coldwell Banker,Youngstown,Youngstown,OH,45379,10,32,32,8680560,4.4,C,97,Facebook,Independent,2026-09-07T07:56:04Z
CREAM-20260907-00759,Aaron Long,Aaron Long,Aaron,Long,along@aol.com,(310) 375-1793,RE/MAX,RE/MAX,Mesquite,Mesquite,TX,76576,1,9,9,4045795,4.3,C,81,Brokerage Listings,Enterprise (200+ agents),2026-09-07T07:44:20Z
CREAM-20260907-00760,Bruce Jimenez,Bruce Jimenez,Bruce,Jimenez,bjimenez@hotmail.com,(256) 947-5950,Allen Tate,Allen Tate,Wilmington,Wilmington,NC,27706,4,13,13,4941163,3.6,C,68,Referral Network,Mid-size (11-50 agents),2026-09-07T23:43:00Z
CREAM-20260907-00761,Steven Garcia,Steven Garcia,Steven,Garcia,steven.garcia@me.com,(614) 793-1786,Compass,Compass,Troy,Troy,NY,13503,3,25,25,12065647,4.8,C,83,LinkedIn,Independent,2026-09-07T02:51:36Z
CREAM-20260907-00762,Gary Stewart,Gary Stewart,Gary,Stewart,gary_stewart@aol.com,(334) 992-7483,Keller Williams Realty,Keller Williams Realty,Gainesville,Gainesville,FL,34123,2,10,10,3172069,4.1,C,74,Cold Outreach,Enterprise (200+ agents),2026-09-07T04:09:36Z
CREAM-20260907-00763,Stephanie Stewart,Stephanie Stewart,Stephanie,Stewart,sstewart@outlook.com,(614) 956-4979,Sotheby's International,Sotheby's International,White Plains,White Plains,NY,14838,3,10,10,6419954,3.3,C,94,NAR Directory,Enterprise (200+ agents),2026-09-07T11:14:06Z
CREAM-20260907-00764,Jason Hernandez,Jason Hernandez,Jason,Hernandez,jason.hernandez@gmail.com,(469) 729-1336,eXp Realty,eXp Realty,Centennial,Centennial,CO,81659,23,75,75,53433967,4.3,C,95,LinkedIn,Boutique (2-10 agents),2026-09-07T16:36:06Z
CREAM-20260907-00765,Robert Flores,Robert Flores,Robert,Flores,robertf@coldwellbanker.com,(646) 453-5726,Coldwell Banker,Coldwell Banker,Westminster,Westminster,CO,81657,5,20,20,12787826,4.8,C,93,Cold Outreach,Large (51-200 agents),2026-09-07T15:32:17Z
CREAM-20260907-00766,John Nelson,John Nelson,John,Nelson,johnnelson@icloud.com,(646) 326-4859,Compass,Compass,Westminster,Westminster,CO,81509,3,10,10,5659201,3.7,C,85,MLS Database,Mid-size (11-50 agents),2026-09-07T21:32:32Z
CREAM-20260907-00767,Gregory Carter,Gregory Carter,Gregory,Carter,gregoryc@me.com,(718) 983-5786,Berkshire Hathaway,Berkshire Hathaway,Centennial,Centennial,CO,80745,1,8,8,3829745,4.6,C,69,Cold Outreach,Boutique (2-10 agents),2026-09-07T22:32:49Z
CREAM-20260907-00768,Scott White,Scott White,Scott,White,swhite@me.com,(714) 456-8604,Keller Williams,Keller Williams,Wilmington,Wilmington,NC,28547,7,40,40,16405890,3.9,C,92,Realtor.com,Large (51-200 agents),2026-09-07T12:24:22Z
CREAM-20260907-00769,Matthew Russell,Matthew Russell,Matthew,Russell,mrussell@livsothebys.com,(704) 273-9302,LIV Sotheby's,LIV Sotheby's,Pueblo,Pueblo,CO,80252,18,58,58,29509358,3.8,C,71,Cold Outreach,Enterprise (200+ agents),2026-09-07T19:45:34Z
CREAM-20260907-00770,Larry Campbell,Larry Campbell,Larry,Campbell,larrycampbell@aol.com,(916) 621-4346,HER Realtors,HER Realtors,Youngstown,Youngstown,OH,44916,2,5,5,1387665,3.2,C,74,Website Lead,Mid-size (11-50 agents),2026-09-07T22:16:45Z
CREAM-20260907-00771,Justin Patel,Justin Patel,Justin,Patel,justin.patel@re/max.com,(972) 546-2239,RE/MAX,RE/MAX,Wilmington,Wilmington,NC,28735,2,10,10,4046276,3.9,C,94,Trade Show,Mid-size (11-50 agents),2026-09-07T18:50:30Z
CREAM-20260907-00772,Ashley Hernandez,Ashley Hernandez,Ashley,Hernandez,ashleyh@coldwellbanker.com,(972) 904-7557,Coldwell Banker,Coldwell Banker,Centennial,Centennial,CO,80742,4,17,17,11280023,5.0,C,89,Trade Show,Independent,2026-09-07T17:37:31Z
CREAM-20260907-00773,Roger Parker,Roger Parker,Roger,Parker,roger.parker@exprealty.com,(786) 869-1535,eXp Realty,eXp Realty,Youngstown,Youngstown,OH,44465,18,60,60,13616322,3.4,C,66,Brokerage Listings,Large (51-200 agents),2026-09-07T17:19:40Z
CREAM-20260907-00774,Kenneth Clark,Kenneth Clark,Kenneth,Clark,kenneth_clark@icloud.com,(919) 430-2903,Coldwell Banker,Coldwell Banker,Westminster,Westminster,CO,81792,4,24,24,13240241,3.2,C,67,Cold Outreach,Enterprise (200+ agents),2026-09-07T14:51:23Z
CREAM-20260907-00775,Wayne Richardson,Wayne Richardson,Wayne,Richardson,wayner@gmail.com,(929) 619-3013,eXp Realty,eXp Realty,McKinney,McKinney,TX,79833,19,25,25,8768515,3.9,C,65,Brokerage Listings,Mid-size (11-50 agents),2026-09-07T03:08:59Z
CREAM-20260907-00776,Debra Rivera,Debra Rivera,Debra,Rivera,debrar@douglaselliman.com,(513) 497-5539,Douglas Elliman,Douglas Elliman,Gainesville,Gainesville,FL,32653,2,3,3,1133198,3.9,C,66,MLS Database,Enterprise (200+ agents),2026-09-07T06:32:04Z
CREAM-20260907-00777,Heather Jones,Heather Jones,Heather,Jones,heatherj@gmail.com,(303) 459-9461,eXp Realty,eXp Realty,Huntington Beach,Huntington Beach,CA,93670,4,11,11,12060549,4.0,C,94,Brokerage Listings,Mid-size (11-50 agents),2026-09-07T19:17:43Z
CREAM-20260907-00778,Jessica Stewart,Jessica Stewart,Jessica,Stewart,jessicas@yahoo.com,(407) 291-5030,Berkshire Hathaway,Berkshire Hathaway,Wilmington,Wilmington,NC,28222,14,26,26,10416244,3.8,C,73,NAR Directory,Mid-size (11-50 agents),2026-09-07T05:48:16Z
CREAM-20260907-00779,Sandra Robinson,Sandra Robinson,Sandra,Robinson,srobinson@aol.com,(212) 894-6363,RE/MAX,RE/MAX,Hamilton,Hamilton,OH,45174,16,33,33,10208907,3.6,C,76,Trade Show,Independent,2026-09-07T09:37:36Z
CREAM-20260907-00780,Jacob Wright,Jacob Wright,Jacob,Wright,jacob.wright@corcorangroup.com,(469) 305-3733,Corcoran Group,Corcoran Group,Troy,Troy,NY,14661,8,24,24,15899006,3.1,C,60,Brokerage Listings,Independent,2026-09-07T20:32:23Z
CREAM-20260907-00781,Jonathan Carter,Jonathan Carter,Jonathan,Carter,jcarter@aol.com,(415) 315-6393,Compass,Compass,Troy,Troy,NY,12511,13,42,42,27435308,3.6,C,60,Facebook,Large (51-200 agents),2026-09-07T07:58:26Z
CREAM-20260907-00782,Dennis Morgan,Dennis Morgan,Dennis,Morgan,dmorgan@icloud.com,(602) 368-3194,Keller Williams,Keller Williams,Centennial,Centennial,CO,81233,0,0,0,0,4.8,C,71,NAR Directory,Boutique (2-10 agents),2026-09-07T21:26:44Z
CREAM-20260907-00783,Louis Foster,Louis Foster,Louis,Foster,louisfoster@icloud.com,(334) 996-1024,Compass,Compass,Clearwater,Clearwater,FL,33922,2,11,11,3400795,3.3,C,72,Facebook,Independent,2026-09-07T21:09:36Z
CREAM-20260907-00784,Mary Gray,Mary Gray,Mary,Gray,mgray@berkshirehathaway.com,(805) 211-6462,Berkshire Hathaway,Berkshire Hathaway,Peoria,Peoria,AZ,85161,19,27,27,14303107,4.4,C,81,Brokerage Listings,Large (51-200 agents),2026-09-07T13:44:50Z
CREAM-20260907-00785,Olivia Johnson,Olivia Johnson,Olivia,Johnson,oliviaj@icloud.com,(404) 525-2882,HomeSmart,HomeSmart,Yuma,Yuma,AZ,86328,2,9,9,4470298,3.9,C,76,Website Lead,Large (51-200 agents),2026-09-07T22:26:18Z
CREAM-20260907-00786,Philip Evans,Philip Evans,Philip,Evans,pevans@exprealty.com,(713) 352-4086,eXp Realty,eXp Realty,Peoria,Peoria,AZ,86944,0,4,4,1440943,4.3,C,77,Realtor.com,Large (51-200 agents),2026-09-07T13:00:19Z
CREAM-20260907-00787,Kenneth Nelson,Kenneth Nelson,Kenneth,Nelson,kennethnelson@icloud.com,(614) 910-5345,Keller Williams,Keller Williams,Hempstead,Hempstead,NY,11274,11,25,25,18126693,3.3,C,61,Facebook,Enterprise (200+ agents),2026-09-07T20:29:37Z
CREAM-20260907-00788,Deborah Kelly,Deborah Kelly,Deborah,Kelly,deborah.kelly@me.com,(972) 478-1977,Century 21,Century 21,West Palm Beach,West Palm Beach,FL,33779,2,9,9,2837740,4.3,C,79,Realtor.com,Mid-size (11-50 agents),2026-09-07T08:47:36Z
CREAM-20260907-00789,Martha Perry,Martha Perry,Martha,Perry,mperry@outlook.com,(704) 413-1905,Corcoran Group,Corcoran Group,White Plains,White Plains,NY,14408,1,9,9,5732157,4.0,C,77,Realtor.com,Mid-size (11-50 agents),2026-09-07T21:49:46Z
CREAM-20260907-00790,Eric Bailey,Eric Bailey,Eric,Bailey,eric.bailey@cutlerrealestate.com,(704) 598-2123,Cutler Real Estate,Cutler Real Estate,Canton,Canton,OH,45636,0,2,2,548181,3.6,C,70,Trade Show,Large (51-200 agents),2026-09-07T14:56:32Z
CREAM-20260907-00791,Andrew Hill,Andrew Hill,Andrew,Hill,ahill@icloud.com,(718) 812-3894,eXp Realty,eXp Realty,McKinney,McKinney,TX,78929,17,46,46,16372149,3.1,C,91,Trade Show,Large (51-200 agents),2026-09-07T01:26:48Z
CREAM-20260907-00792,Emily Richardson,Emily Richardson,Emily,Richardson,emily.richardson@coldwellbanker.com,(805) 481-2911,Coldwell Banker,Coldwell Banker,Avondale,Avondale,AZ,86816,22,33,33,13067277,3.3,C,63,Realtor.com,Large (51-200 agents),2026-09-07T15:52:43Z
CREAM-20260907-00793,Jeffrey Gutierrez,Jeffrey Gutierrez,Jeffrey,Gutierrez,jeffreygutierrez@aol.com,(234) 608-8780,Century 21,Century 21,Gainesville,Gainesville,FL,33292,5,18,18,8358618,3.4,C,93,MLS Database,Independent,2026-09-07T15:10:01Z
CREAM-20260907-00794,Lisa Wright,Lisa Wright,Lisa,Wright,lisa.wright@icloud.com,(469) 793-8030,RE/MAX,RE/MAX,High Point,High Point,NC,28846,18,40,40,16198066,4.1,C,95,Website Lead,Large (51-200 agents),2026-09-07T13:07:08Z
CREAM-20260907-00795,Sharon Ruiz,Sharon Ruiz,Sharon,Ruiz,sharonr@hotmail.com,(513) 594-9577,Nest Seekers,Nest Seekers,Troy,Troy,NY,13509,8,29,29,23263353,4.1,C,67,Trade Show,Boutique (2-10 agents),2026-09-07T22:19:50Z
CREAM-20260907-00796,Benjamin Stewart,Benjamin Stewart,Benjamin,Stewart,benjamin_stewart@me.com,(305) 872-9732,eXp Realty,eXp Realty,Fremont,Fremont,CA,94436,9,31,31,30926959,3.5,C,60,MLS Database,Boutique (2-10 agents),2026-09-07T22:29:56Z
CREAM-20260907-00797,Raymond Phillips,Raymond Phillips,Raymond,Phillips,raymond.phillips@outlook.com,(919) 413-1732,HER Realtors,HER Realtors,Lorain,Lorain,OH,43205,1,9,9,2671472,4.9,C,76,Referral Network,Boutique (2-10 agents),2026-09-07T15:12:07Z
CREAM-20260907-00798,Patrick Nelson,Patrick Nelson,Patrick,Nelson,pnelson@livsothebys.com,(919) 968-8184,LIV Sotheby's,LIV Sotheby's,Pueblo,Pueblo,CO,80315,9,37,37,17026379,4.9,C,99,Cold Outreach,Mid-size (11-50 agents),2026-09-07T04:51:33Z
CREAM-20260907-00799,Ronald Cox,Ronald Cox,Ronald,Cox,ronald.cox@compass.com,(614) 745-3837,Compass,Compass,Clearwater,Clearwater,FL,34954,2,9,9,4665334,4.6,C,70,Realtor.com,Boutique (2-10 agents),2026-09-07T22:11:37Z
CREAM-20260907-00800,Katherine Ramos,Katherine Ramos,Katherine,Ramos,katherine.ramos@re/max.com,(407) 407-3338,RE/MAX,RE/MAX,Pasadena,Pasadena,TX,77282,5,14,14,5990215,3.8,C,63,Brokerage Listings,Boutique (2-10 agents),2026-09-07T03:26:27Z
CREAM-20260907-00801,Rebecca Perry,Rebecca Perry,Rebecca,Perry,rebecca_perry@me.com,(469) 606-6144,RE/MAX,RE/MAX,Yuma,Yuma,AZ,86434,4,25,25,7506737,3.4,C,69,Referral Network,Mid-size (11-50 agents),2026-09-07T00:03:45Z
CREAM-20260907-00802,Dorothy Scott,Dorothy Scott,Dorothy,Scott,dorothy_scott@yahoo.com,(713) 928-7036,Coldwell Banker,Coldwell Banker,Gainesville,Gainesville,FL,33613,14,36,36,15550169,4.3,C,60,LinkedIn,Independent,2026-09-07T15:42:38Z
CREAM-20260907-00803,Stephen Ramos,Stephen Ramos,Stephen,Ramos,sramos@icloud.com,(512) 372-9736,RE/MAX,RE/MAX,Coral Springs,Coral Springs,FL,34280,3,13,13,6652128,4.9,C,61,Cold Outreach,Mid-size (11-50 agents),2026-09-07T02:15:01Z
CREAM-20260907-00804,Carl Clark,Carl Clark,Carl,Clark,carl_clark@me.com,(704) 791-4137,Sotheby's International,Sotheby's International,Hempstead,Hempstead,NY,12927,24,39,39,22712612,4.1,C,61,Referral Network,Large (51-200 agents),2026-09-07T02:28:40Z
CREAM-20260907-00805,Thomas Jenkins,Thomas Jenkins,Thomas,Jenkins,thomas.jenkins@hotmail.com,(919) 482-7253,Russell Lyon Sotheby's,Russell Lyon Sotheby's,Surprise,Surprise,AZ,85819,3,16,16,5872651,4.3,C,66,Trade Show,Boutique (2-10 agents),2026-09-07T16:07:51Z
CREAM-20260907-00806,Timothy Martinez,Timothy Martinez,Timothy,Martinez,tmartinez@yahoo.com,(714) 559-9886,Compass,Compass,Centennial,Centennial,CO,80488,9,28,28,17667352,3.5,C,82,NAR Directory,Mid-size (11-50 agents),2026-09-07T04:58:31Z
CREAM-20260907-00807,Grace Kelly,Grace Kelly,Grace,Kelly,gkelly@re/max.com,(404) 488-3659,RE/MAX,RE/MAX,Fontana,Fontana,CA,90972,17,72,72,56644645,5.0,C,66,LinkedIn,Enterprise (200+ agents),2026-09-07T00:02:43Z
CREAM-20260907-00808,Barbara Wilson,Barbara Wilson,Barbara,Wilson,barbaraw@aol.com,(980) 927-5434,Berkshire Hathaway,Berkshire Hathaway,Greenville,Greenville,NC,28700,2,3,3,1203077,3.5,C,85,Website Lead,Enterprise (200+ agents),2026-09-07T21:43:17Z
CREAM-20260907-00809,Robert Gutierrez,Robert Gutierrez,Robert,Gutierrez,robert.gutierrez@howardhanna.com,(805) 421-9051,Howard Hanna,Howard Hanna,Wilmington,Wilmington,NC,27175,18,26,26,10591004,3.0,C,62,Cold Outreach,Mid-size (11-50 agents),2026-09-07T19:22:21Z
CREAM-20260907-00810,William Green,William Green,William,Green,williamg@kellerwilliamsrealty.com,(714) 367-7436,Keller Williams Realty,Keller Williams Realty,Coral Springs,Coral Springs,FL,32856,22,51,51,21787657,3.8,C,81,LinkedIn,Enterprise (200+ agents),2026-09-07T19:52:30Z
CREAM-20260907-00811,Grace Morris,Grace Morris,Grace,Morris,gmorris@yahoo.com,(919) 534-9091,Coldwell Banker,Coldwell Banker,Youngstown,Youngstown,OH,45503,5,16,16,3925432,4.7,C,88,NAR Directory,Enterprise (200+ agents),2026-09-07T22:23:35Z
CREAM-20260907-00812,Michael Russell,Michael Russell,Michael,Russell,mrussell@corcorangroup.com,(614) 233-6557,Corcoran Group,Corcoran Group,Hempstead,Hempstead,NY,11194,15,36,36,22622173,3.3,C,65,LinkedIn,Mid-size (11-50 agents),2026-09-07T12:41:50Z
CREAM-20260907-00813,Rebecca Howard,Rebecca Howard,Rebecca,Howard,rhoward@hotmail.com,(404) 520-7429,Coldwell Banker,Coldwell Banker,Surprise,Surprise,AZ,85701,4,16,16,8445064,3.5,C,87,Cold Outreach,Mid-size (11-50 agents),2026-09-07T22:34:00Z
CREAM-20260907-00814,Rachel Clark,Rachel Clark,Rachel,Clark,rachelc@douglaselliman.com,(714) 397-9394,Douglas Elliman,Douglas Elliman,Palm Bay,Palm Bay,FL,33437,19,58,58,22752644,4.7,C,86,Referral Network,Boutique (2-10 agents),2026-09-07T17:54:31Z
CREAM-20260907-00815,William Wood,William Wood,William,Wood,williamwood@me.com,(929) 386-4531,Berkshire Hathaway,Berkshire Hathaway,High Point,High Point,NC,27522,0,5,5,2068018,4.3,C,76,MLS Database,Boutique (2-10 agents),2026-09-07T10:02:15Z
CREAM-20260907-00816,Eric Rodriguez,Eric Rodriguez,Eric,Rodriguez,ericr@yahoo.com,(469) 714-2428,RE/MAX,RE/MAX,Pueblo,Pueblo,CO,81582,7,29,29,12222292,3.1,C,85,Cold Outreach,Boutique (2-10 agents),2026-09-07T18:06:34Z
CREAM-20260907-00817,Eugene Carter,Eugene Carter,Eugene,Carter,eugene.carter@me.com,(602) 954-9512,Allen Tate,Allen Tate,Concord,Concord,NC,28994,25,76,76,25193358,3.4,C,82,LinkedIn,Mid-size (11-50 agents),2026-09-07T07:40:58Z
CREAM-20260907-00818,Jerry Anderson,Jerry Anderson,Jerry,Anderson,jerrya@outlook.com,(256) 450-1149,Allie Beth Allman,Allie Beth Allman,McKinney,McKinney,TX,75503,5,20,20,8580246,3.3,C,66,Trade Show,Mid-size (11-50 agents),2026-09-07T22:01:49Z
CREAM-20260907-00819,Jack Bennett,Jack Bennett,Jack,Bennett,jackbennett@me.com,(718) 536-6693,Berkshire Hathaway,Berkshire Hathaway,Mesquite,Mesquite,TX,79154,0,2,2,552158,3.9,C,64,NAR Directory,Boutique (2-10 agents),2026-09-07T08:21:18Z
CREAM-20260907-00820,Barbara Perez,Barbara Perez,Barbara,Perez,barbarap@gmail.com,(404) 448-5351,Coldwell Banker,Coldwell Banker,Huntington Beach,Huntington Beach,CA,94794,21,80,80,51486211,3.7,C,81,Website Lead,Large (51-200 agents),2026-09-07T19:16:04Z
CREAM-20260907-00821,Maria Sanchez,Maria Sanchez,Maria,Sanchez,maria.sanchez@outlook.com,(407) 905-5977,8z Real Estate,8z Real Estate,Westminster,Westminster,CO,81961,8,19,19,13559593,4.5,C,99,Brokerage Listings,Mid-size (11-50 agents),2026-09-07T01:51:45Z
CREAM-20260907-00822,Aaron Garcia,Aaron Garcia,Aaron,Garcia,aarong@aol.com,(214) 909-4869,Halstead,Halstead,Schenectady,Schenectady,NY,11196,25,78,78,45563630,3.7,C,71,NAR Directory,Independent,2026-09-07T11:08:05Z
CREAM-20260907-00823,Aaron Edwards,Aaron Edwards,Aaron,Edwards,aaronedwards@icloud.com,(720) 260-2954,Keller Williams Realty,Keller Williams Realty,Oxnard,Oxnard,CA,95168,2,7,7,6963671,4.2,C,76,Referral Network,Boutique (2-10 agents),2026-09-07T11:20:23Z
CREAM-20260907-00824,Lauren Hill,Lauren Hill,Lauren,Hill,lhill@me.com,(713) 786-7051,RE/MAX,RE/MAX,Surprise,Surprise,AZ,86377,3,12,12,3544210,4.1,C,93,Cold Outreach,Enterprise (200+ agents),2026-09-07T16:05:47Z
CREAM-20260907-00825,Deborah Lewis,Deborah Lewis,Deborah,Lewis,deborahl@me.com,(469) 943-2795,Coldwell Banker,Coldwell Banker,Palm Bay,Palm Bay,FL,33436,2,11,11,4795525,4.3,C,88,MLS Database,Independent,2026-09-07T16:35:13Z
CREAM-20260907-00826,Nancy Martinez,Nancy Martinez,Nancy,Martinez,nmartinez@corcorangroup.com,(714) 877-1778,Corcoran Group,Corcoran Group,Schenectady,Schenectady,NY,11225,19,36,36,19376095,3.4,C,84,Referral Network,Independent,2026-09-07T11:04:49Z
CREAM-20260907-00827,Ruth Perry,Ruth Perry,Ruth,Perry,ruthperry@gmail.com,(512) 991-5498,Century 21,Century 21,West Palm Beach,West Palm Beach,FL,34694,2,4,4,1345062,4.3,C,60,MLS Database,Large (51-200 agents),2026-09-07T13:18:40Z
CREAM-20260907-00828,Megan Lee,Megan Lee,Megan,Lee,mlee@outlook.com,(916) 330-5112,Corcoran Group,Corcoran Group,Hempstead,Hempstead,NY,12812,4,11,11,8932265,4.2,C,76,Brokerage Listings,Large (51-200 agents),2026-09-07T12:50:36Z
CREAM-20260907-00829,Elizabeth Diaz,Elizabeth Diaz,Elizabeth,Diaz,elizabeth_diaz@aol.com,(256) 850-5998,Century 21,Century 21,Clearwater,Clearwater,FL,34568,14,38,38,13734503,4.7,C,87,MLS Database,Boutique (2-10 agents),2026-09-07T20:40:01Z
CREAM-20260907-00830,Joseph Patel,Joseph Patel,Joseph,Patel,josephpatel@yahoo.com,(929) 938-2450,Cutler Real Estate,Cutler Real Estate,Canton,Canton,OH,43598,7,28,28,9041520,3.3,C,67,NAR Directory,Boutique (2-10 agents),2026-09-07T16:37:48Z
CREAM-20260907-00831,Michael Wood,Michael Wood,Michael,Wood,michael.wood@re/max.com,(513) 453-3759,RE/MAX,RE/MAX,Surprise,Surprise,AZ,86887,24,57,57,19715834,4.7,C,97,Referral Network,Independent,2026-09-07T05:14:58Z
CREAM-20260907-00832,Raymond Russell,Raymond Russell,Raymond,Russell,raymondr@aol.com,(614) 811-6142,HomeSmart,HomeSmart,Yuma,Yuma,AZ,85308,1,4,4,1995587,4.7,C,75,Realtor.com,Boutique (2-10 agents),2026-09-07T00:22:42Z
CREAM-20260907-00833,Sharon Kelly,Sharon Kelly,Sharon,Kelly,sharon.kelly@gmail.com,(305) 994-4417,eXp Realty,eXp Realty,McAllen,McAllen,TX,79152,5,23,23,10159701,3.0,C,72,Realtor.com,Mid-size (11-50 agents),2026-09-07T01:38:45Z
CREAM-20260907-00834,Victoria Watson,Victoria Watson,Victoria,Watson,victoriaw@yahoo.com,(415) 927-5121,HER Realtors,HER Realtors,Hamilton,Hamilton,OH,44530,11,59,59,14684232,3.1,C,84,Website Lead,Large (51-200 agents),2026-09-07T05:27:43Z
CREAM-20260907-00835,Karen Gomez,Karen Gomez,Karen,Gomez,kareng@coldwellbanker.com,(415) 899-6010,Coldwell Banker,Coldwell Banker,Centennial,Centennial,CO,81687,3,23,23,10650633,3.1,C,76,Brokerage Listings,Mid-size (11-50 agents),2026-09-07T19:50:22Z
CREAM-20260907-00836,Michelle Foster,Michelle Foster,Michelle,Foster,michellef@gmail.com,(256) 496-7599,Briggs Freeman Sotheby's,Briggs Freeman Sotheby's,Grand Prairie,Grand Prairie,TX,78827,0,2,2,854974,4.5,C,83,Website Lead,Large (51-200 agents),2026-09-07T03:43:29Z
CREAM-20260907-00837,Carolyn Thomas,Carolyn Thomas,Carolyn,Thomas,carolynt@outlook.com,(415) 797-8111,Keller Williams,Keller Williams,McAllen,McAllen,TX,78275,3,11,11,4921525,3.4,C,86,MLS Database,Independent,2026-09-07T14:33:17Z
CREAM-20260907-00838,John Robinson,John Robinson,John,Robinson,johnr@outlook.com,(980) 821-7620,Berkshire Hathaway,Berkshire Hathaway,Peoria,Peoria,AZ,86135,5,15,15,5211775,4.4,C,96,Brokerage Listings,Mid-size (11-50 agents),2026-09-07T12:26:05Z
CREAM-20260907-00839,Nancy Russell,Nancy Russell,Nancy,Russell,nancyrussell@aol.com,(614) 666-2692,Cutler Real Estate,Cutler Real Estate,Hamilton,Hamilton,OH,44614,14,25,25,4625105,3.7,C,84,Trade Show,Boutique (2-10 agents),2026-09-07T12:31:22Z
CREAM-20260907-00840,Justin Foster,Justin Foster,Justin,Foster,justin.foster@outlook.com,(212) 760-2778,Nest Seekers,Nest Seekers,Utica,Utica,NY,10481,11,32,32,26081378,3.5,C,94,Website Lead,Large (51-200 agents),2026-09-07T03:29:54Z
CREAM-20260907-00841,Juan Anderson,Juan Anderson,Juan,Anderson,juananderson@icloud.com,(415) 280-9239,Keller Williams,Keller Williams,Pueblo,Pueblo,CO,81215,4,14,14,8252597,3.8,C,80,Realtor.com,Independent,2026-09-07T03:56:41Z
CREAM-20260907-00842,Rose Patel,Rose Patel,Rose,Patel,rosep@re/max.com,(786) 204-1132,RE/MAX,RE/MAX,Gainesville,Gainesville,FL,32597,9,16,16,5820100,3.6,C,72,NAR Directory,Enterprise (200+ agents),2026-09-07T14:07:35Z
CREAM-20260907-00843,Donald Gray,Donald Gray,Donald,Gray,donaldg@kellerwilliams.com,(415) 522-4684,Keller Williams,Keller Williams,Centennial,Centennial,CO,81423,21,63,63,26015726,3.1,C,96,Website Lead,Enterprise (200+ agents),2026-09-07T01:50:46Z
CREAM-20260907-00844,Maria Walker,Maria Walker,Maria,Walker,mariaw@yahoo.com,(980) 589-8151,Berkshire Hathaway,Berkshire Hathaway,Youngstown,Youngstown,OH,45271,19,51,51,13492415,4.4,C,98,Website Lead,Large (51-200 agents),2026-09-07T11:27:39Z
CREAM-20260907-00845,Deborah Kelly,Deborah Kelly,Deborah,Kelly,deborahkelly@icloud.com,(469) 563-6558,HER Realtors,HER Realtors,Youngstown,Youngstown,OH,43965,24,28,28,7636145,3.0,C,91,LinkedIn,Mid-size (11-50 agents),2026-09-07T17:10:27Z
CREAM-20260907-00846,Barbara Gray,Barbara Gray,Barbara,Gray,barbara.gray@compass.com,(234) 421-9999,Compass,Compass,Boulder,Boulder,CO,81135,0,3,3,1184704,4.0,C,82,NAR Directory,Boutique (2-10 agents),2026-09-07T15:22:29Z
CREAM-20260907-00847,Samantha Stewart,Samantha Stewart,Samantha,Stewart,samantha.stewart@gmail.com,(512) 254-2108,Cutler Real Estate,Cutler Real Estate,Canton,Canton,OH,44221,2,12,12,2612056,4.1,C,69,Referral Network,Enterprise (200+ agents),2026-09-07T21:12:12Z
CREAM-20260907-00848,Betty Lopez,Betty Lopez,Betty,Lopez,betty_lopez@yahoo.com,(234) 224-8894,eXp Realty,eXp Realty,Lorain,Lorain,OH,45790,3,15,15,3505348,4.8,C,67,Facebook,Independent,2026-09-07T17:08:51Z
CREAM-20260907-00849,William Lopez,William Lopez,William,Lopez,william.lopez@exprealty.com,(512) 402-8397,eXp Realty,eXp Realty,McAllen,McAllen,TX,76672,12,45,45,15105722,3.3,C,90,Referral Network,Large (51-200 agents),2026-09-07T00:04:10Z
CREAM-20260907-00850,Albert King,Albert King,Albert,King,albert.king@berkshirehathawayhomeservices.com,(234) 582-2156,Berkshire Hathaway HomeServices,Berkshire Hathaway HomeServices,Irvine,Irvine,CA,95836,4,9,9,8929829,4.1,C,83,Facebook,Boutique (2-10 agents),2026-09-07T22:41:33Z
CREAM-20260907-00851,Samuel Gonzalez,Samuel Gonzalez,Samuel,Gonzalez,samuelg@icloud.com,(415) 271-1636,Coldwell Banker,Coldwell Banker,Boulder,Boulder,CO,81348,4,22,22,8703272,3.5,C,94,Trade Show,Boutique (2-10 agents),2026-09-07T06:48:39Z
CREAM-20260907-00852,James Howard,James Howard,James,Howard,jamesh@aol.com,(713) 873-6833,eXp Realty,eXp Realty,Canton,Canton,OH,43144,2,10,10,2650147,3.8,C,74,Cold Outreach,Boutique (2-10 agents),2026-09-07T02:49:50Z
CREAM-20260907-00853,Walter Flores,Walter Flores,Walter,Flores,walterflores@hotmail.com,(919) 978-3546,Sotheby's International,Sotheby's International,Fontana,Fontana,CA,91442,0,2,2,1503189,3.1,C,92,Facebook,Independent,2026-09-07T20:12:02Z
CREAM-20260907-00854,Jacob Young,Jacob Young,Jacob,Young,jacob.young@coldwellbanker.com,(720) 364-9465,Coldwell Banker,Coldwell Banker,Pasadena,Pasadena,TX,77329,4,25,25,6667959,4.8,C,89,Realtor.com,Boutique (2-10 agents),2026-09-07T22:34:06Z
CREAM-20260907-00855,Wayne Williams,Wayne Williams,Wayne,Williams,wwilliams@brownharrisstevens.com,(919) 801-4223,Brown Harris Stevens,Brown Harris Stevens,Troy,Troy,NY,12993,23,43,43,34904711,3.8,C,69,Brokerage Listings,Large (51-200 agents),2026-09-07T19:48:58Z
CREAM-20260907-00856,Catherine Gutierrez,Catherine Gutierrez,Catherine,Gutierrez,catherine.gutierrez@russelllyonsothebys.com,(512) 395-8920,Russell Lyon Sotheby's,Russell Lyon Sotheby's,Avondale,Avondale,AZ,85830,1,3,3,1585434,4.5,C,93,Brokerage Listings,Large (51-200 agents),2026-09-07T02:28:13Z
CREAM-20260907-00857,Sarah Russell,Sarah Russell,Sarah,Russell,sarah_russell@icloud.com,(512) 669-8979,HER Realtors,HER Realtors,Youngstown,Youngstown,OH,45966,0,3,3,951377,4.1,C,70,Referral Network,Large (51-200 agents),2026-09-07T18:12:14Z
CREAM-20260907-00858,Helen Kim,Helen Kim,Helen,Kim,helenk@pacificsothebys.com,(704) 652-3509,Pacific Sotheby's,Pacific Sotheby's,Oxnard,Oxnard,CA,96394,19,26,26,22799090,3.3,C,64,LinkedIn,Boutique (2-10 agents),2026-09-07T10:11:51Z
CREAM-20260907-00859,Victoria Gray,Victoria Gray,Victoria,Gray,victoriagray@hotmail.com,(980) 272-7355,Coldwell Banker,Coldwell Banker,Lorain,Lorain,OH,44972,3,9,9,1816923,4.1,C,88,Website Lead,Enterprise (200+ agents),2026-09-07T18:30:29Z
CREAM-20260907-00860,Jerry Kim,Jerry Kim,Jerry,Kim,jerry.kim@icloud.com,(805) 974-5065,RE/MAX,RE/MAX,Canton,Canton,OH,44484,7,38,38,7924436,4.9,C,60,Realtor.com,Mid-size (11-50 agents),2026-09-07T09:52:59Z
CREAM-20260907-00861,Michael Hernandez,Michael Hernandez,Michael,Hernandez,michael_hernandez@me.com,(407) 545-8178,Century 21,Century 21,Gainesville,Gainesville,FL,32531,24,67,67,29328072,4.6,C,80,NAR Directory,Large (51-200 agents),2026-09-07T10:28:55Z
CREAM-20260907-00862,Tyler Gutierrez,Tyler Gutierrez,Tyler,Gutierrez,tgutierrez@homesmart.com,(469) 447-5928,HomeSmart,HomeSmart,Peoria,Peoria,AZ,86919,5,21,21,7847586,4.2,C,93,MLS Database,Independent,2026-09-07T23:38:08Z
CREAM-20260907-00863,Susan Morales,Susan Morales,Susan,Morales,smorales@yahoo.com,(513) 736-3200,Keller Williams,Keller Williams,Avondale,Avondale,AZ,86800,9,39,39,17572836,3.4,C,84,Trade Show,Mid-size (11-50 agents),2026-09-07T21:31:23Z
CREAM-20260907-00864,Jeffrey Jimenez,Jeffrey Jimenez,Jeffrey,Jimenez,jeffrey.jimenez@re/max.com,(310) 854-8615,RE/MAX,RE/MAX,Fontana,Fontana,CA,91133,8,28,28,22103978,4.5,C,68,Trade Show,Boutique (2-10 agents),2026-09-07T23:59:57Z
CREAM-20260907-00865,Mary Ramos,Mary Ramos,Mary,Ramos,mary.ramos@coldwellbanker.com,(919) 423-7166,Coldwell Banker,Coldwell Banker,Clearwater,Clearwater,FL,34425,13,49,49,18624281,4.0,C,99,Referral Network,Independent,2026-09-07T02:55:00Z
CREAM-20260907-00866,Grace Moore,Grace Moore,Grace,Moore,gracemoore@outlook.com,(929) 592-9212,HER Realtors,HER Realtors,Canton,Canton,OH,44418,5,11,11,2643105,3.6,C,81,Facebook,Mid-size (11-50 agents),2026-09-07T20:27:14Z
CREAM-20260907-00867,Rebecca Davis,Rebecca Davis,Rebecca,Davis,rebeccadavis@gmail.com,(720) 267-7612,RE/MAX,RE/MAX,Fontana,Fontana,CA,93649,24,33,33,35618447,3.6,C,60,Cold Outreach,Independent,2026-09-07T16:16:48Z
CREAM-20260907-00868,Thomas Thompson,Thomas Thompson,Thomas,Thompson,tthompson@hotmail.com,(407) 619-1052,Pacific Sotheby's,Pacific Sotheby's,Huntington Beach,Huntington Beach,CA,91885,15,44,44,34400015,4.1,C,76,Cold Outreach,Boutique (2-10 agents),2026-09-07T17:01:37Z
CREAM-20260907-00869,Betty Kim,Betty Kim,Betty,Kim,bettykim@hotmail.com,(714) 948-4579,Keller Williams,Keller Williams,High Point,High Point,NC,28865,1,8,8,3547778,4.7,C,65,Website Lead,Large (51-200 agents),2026-09-07T09:37:44Z
CREAM-20260907-00870,Martha Smith,Martha Smith,Martha,Smith,msmith@hotmail.com,(415) 683-1265,Russell Lyon Sotheby's,Russell Lyon Sotheby's,Avondale,Avondale,AZ,86777,5,18,18,8155976,4.6,C,67,Referral Network,Independent,2026-09-07T04:35:02Z
CREAM-20260907-00871,Jerry Morris,Jerry Morris,Jerry,Morris,jerrym@exprealty.com,(404) 593-8191,eXp Realty,eXp Realty,Wilmington,Wilmington,NC,28113,13,61,61,22864134,3.9,C,89,NAR Directory,Independent,2026-09-07T14:13:39Z
CREAM-20260907-00872,Lauren Collins,Lauren Collins,Lauren,Collins,laurenc@coldwellbanker.com,(305) 339-2578,Coldwell Banker,Coldwell Banker,Miramar,Miramar,FL,34157,5,14,14,7608152,3.6,C,88,Facebook,Enterprise (200+ agents),2026-09-07T23:21:01Z
CREAM-20260907-00873,Kimberly Martin,Kimberly Martin,Kimberly,Martin,kimberlym@kellerwilliams.com,(214) 244-1135,Keller Williams,Keller Williams,Pasadena,Pasadena,TX,78415,5,11,11,4853277,3.3,C,61,Website Lead,Boutique (2-10 agents),2026-09-07T02:16:32Z
CREAM-20260907-00874,Michael Mendoza,Michael Mendoza,Michael,Mendoza,michael.mendoza@brownharrisstevens.com,(972) 458-5869,Brown Harris Stevens,Brown Harris Stevens,Hempstead,Hempstead,NY,10687,5,23,23,14978833,4.4,C,79,Facebook,Enterprise (200+ agents),2026-09-07T21:09:08Z
CREAM-20260907-00875,Lauren Powell,Lauren Powell,Lauren,Powell,lpowell@kellerwilliams.com,(512) 316-9339,Keller Williams,Keller Williams,Greenville,Greenville,NC,28985,7,15,15,6302667,4.7,C,91,LinkedIn,Large (51-200 agents),2026-09-07T02:20:48Z
CREAM-20260907-00876,Lisa Anderson,Lisa Anderson,Lisa,Anderson,landerson@me.com,(929) 497-6294,HER Realtors,HER Realtors,Canton,Canton,OH,44620,17,61,61,10750870,4.8,C,66,LinkedIn,Mid-size (11-50 agents),2026-09-07T08:02:08Z
CREAM-20260907-00877,Amber Cook,Amber Cook,Amber,Cook,amberc@kellerwilliamsrealty.com,(720) 336-9582,Keller Williams Realty,Keller Williams Realty,Fontana,Fontana,CA,95963,19,56,56,41244147,4.7,C,92,NAR Directory,Mid-size (11-50 agents),2026-09-07T10:36:20Z
CREAM-20260907-00878,Nicole Cooper,Nicole Cooper,Nicole,Cooper,nicolec@kellerwilliams.com,(415) 347-6873,Keller Williams,Keller Williams,Pasadena,Pasadena,TX,77893,5,14,14,4707034,5.0,C,91,Realtor.com,Independent,2026-09-07T07:59:38Z
CREAM-20260907-00879,Janet Gray,Janet Gray,Janet,Gray,jgray@exprealty.com,(718) 794-8997,eXp Realty,eXp Realty,Pasadena,Pasadena,TX,78119,9,37,37,12979171,3.8,C,75,Trade Show,Independent,2026-09-07T01:48:58Z
CREAM-20260907-00880,Samantha Perry,Samantha Perry,Samantha,Perry,sperry@me.com,(256) 227-3589,Berkshire Hathaway,Berkshire Hathaway,Pueblo,Pueblo,CO,80277,2,5,5,2266217,3.7,C,90,MLS Database,Mid-size (11-50 agents),2026-09-07T22:35:55Z
CREAM-20260907-00881,Scott Perez,Scott Perez,Scott,Perez,scottperez@gmail.com,(714) 812-2805,Berkshire Hathaway,Berkshire Hathaway,Wilmington,Wilmington,NC,28875,5,15,15,6682279,3.0,C,79,Brokerage Listings,Large (51-200 agents),2026-09-07T16:22:58Z
CREAM-20260907-00882,Bruce King,Bruce King,Bruce,King,brucek@longrealty.com,(972) 381-7530,Long Realty,Long Realty,Avondale,Avondale,AZ,85478,0,3,3,1017504,4.1,C,85,NAR Directory,Enterprise (200+ agents),2026-09-07T10:36:42Z
CREAM-20260907-00883,Richard Miller,Richard Miller,Richard,Miller,richardmiller@gmail.com,(212) 389-5137,RE/MAX,RE/MAX,Concord,Concord,NC,28544,0,0,0,0,3.6,C,84,NAR Directory,Independent,2026-09-07T20:03:44Z
CREAM-20260907-00884,Christine Ramirez,Christine Ramirez,Christine,Ramirez,christine.ramirez@briggsfreemansothebys.com,(614) 567-1844,Briggs Freeman Sotheby's,Briggs Freeman Sotheby's,Brownsville,Brownsville,TX,79221,21,64,64,16683322,5.0,C,82,NAR Directory,Large (51-200 agents),2026-09-07T01:07:06Z
CREAM-20260907-00885,Scott Smith,Scott Smith,Scott,Smith,scottsmith@outlook.com,(512) 283-3647,Howard Hanna,Howard Hanna,Greenville,Greenville,NC,27186,18,59,59,23138642,4.0,C,61,Trade Show,Mid-size (11-50 agents),2026-09-07T00:12:55Z
CREAM-20260907-00886,David Ortiz,David Ortiz,David,Ortiz,david_ortiz@yahoo.com,(916) 305-5162,Berkshire Hathaway,Berkshire Hathaway,Centennial,Centennial,CO,81949,5,14,14,5960761,3.9,C,67,NAR Directory,Boutique (2-10 agents),2026-09-07T06:14:15Z
CREAM-20260907-00887,Sandra Myers,Sandra Myers,Sandra,Myers,smyers@aol.com,(704) 628-6160,Keller Williams,Keller Williams,Boulder,Boulder,CO,80353,10,33,33,20218797,3.7,C,81,Facebook,Boutique (2-10 agents),2026-09-07T07:56:32Z
CREAM-20260907-00888,Frank Richardson,Frank Richardson,Frank,Richardson,frank.richardson@icloud.com,(720) 830-2189,Berkshire Hathaway,Berkshire Hathaway,Youngstown,Youngstown,OH,43372,19,56,56,18040612,3.3,C,90,Referral Network,Mid-size (11-50 agents),2026-09-07T06:54:05Z
CREAM-20260907-00889,Donna Moore,Donna Moore,Donna,Moore,donnamoore@icloud.com,(310) 435-6519,HomeSmart,HomeSmart,Surprise,Surprise,AZ,85912,2,12,12,3765927,4.6,C,69,Referral Network,Independent,2026-09-07T14:39:34Z
CREAM-20260907-00890,Ronald Smith,Ronald Smith,Ronald,Smith,ronald.smith@coldwellbanker.com,(972) 214-5501,Coldwell Banker,Coldwell Banker,Yuma,Yuma,AZ,86130,0,0,0,0,3.5,C,96,Realtor.com,Independent,2026-09-07T05:31:09Z
CREAM-20260907-00891,Angela Anderson,Angela Anderson,Angela,Anderson,angelaanderson@outlook.com,(614) 877-7878,Russell Lyon Sotheby's,Russell Lyon Sotheby's,Avondale,Avondale,AZ,86272,4,17,17,7325715,3.7,C,78,Trade Show,Mid-size (11-50 agents),2026-09-07T11:11:42Z
CREAM-20260907-00892,Catherine Cruz,Catherine Cruz,Catherine,Cruz,catherinecruz@aol.com,(212) 961-8980,RE/MAX,RE/MAX,Greenville,Greenville,NC,28772,0,5,5,1768474,3.5,C,65,NAR Directory,Enterprise (200+ agents),2026-09-07T22:30:57Z
CREAM-20260907-00893,Kimberly Ruiz,Kimberly Ruiz,Kimberly,Ruiz,kimberly_ruiz@gmail.com,(404) 464-4930,eXp Realty,eXp Realty,Greenville,Greenville,NC,28333,19,62,62,20888582,4.0,C,77,Website Lead,Large (51-200 agents),2026-09-07T21:59:07Z
CREAM-20260907-00894,Jennifer Russell,Jennifer Russell,Jennifer,Russell,jenniferrussell@outlook.com,(404) 436-9711,Berkshire Hathaway,Berkshire Hathaway,Hamilton,Hamilton,OH,45910,0,1,1,234487,3.3,C,60,MLS Database,Independent,2026-09-07T07:37:03Z
CREAM-20260907-00895,Kathleen Gomez,Kathleen Gomez,Kathleen,Gomez,kathleeng@me.com,(972) 354-2972,RE/MAX,RE/MAX,Huntington Beach,Huntington Beach,CA,92556,5,13,13,11587187,3.1,C,66,Website Lead,Enterprise (200+ agents),2026-09-07T06:02:45Z
CREAM-20260907-00896,Donald Price,Donald Price,Donald,Price,donaldp@coldwellbanker.com,(718) 544-3885,Coldwell Banker,Coldwell Banker,Modesto,Modesto,CA,95370,5,8,8,4869430,3.8,C,83,Website Lead,Mid-size (11-50 agents),2026-09-07T07:08:03Z
CREAM-20260907-00897,Kevin Gray,Kevin Gray,Kevin,Gray,kevin.gray@coldwellbanker.com,(714) 794-8836,Coldwell Banker,Coldwell Banker,Greenville,Greenville,NC,27261,2,10,10,3235285,4.0,C,67,Referral Network,Boutique (2-10 agents),2026-09-07T21:59:13Z
CREAM-20260907-00898,Ruth Carter,Ruth Carter,Ruth,Carter,ruthcarter@me.com,(512) 565-8219,HomeSmart,HomeSmart,Surprise,Surprise,AZ,86394,19,37,37,11590904,3.6,C,62,Referral Network,Large (51-200 agents),2026-09-07T02:49:41Z
CREAM-20260907-00899,Edward Murphy,Edward Murphy,Edward,Murphy,edwardmurphy@icloud.com,(212) 602-9521,Sotheby's International,Sotheby's International,Schenectady,Schenectady,NY,14453,1,8,8,4959369,3.4,C,63,MLS Database,Independent,2026-09-07T14:25:56Z
CREAM-20260907-00900,Wayne Smith,Wayne Smith,Wayne,Smith,waynes@compass.com,(919) 769-4912,Compass,Compass,Mount Vernon,Mount Vernon,NY,14222,24,58,58,44203011,4.4,C,94,Brokerage Listings,Large (51-200 agents),2026-09-07T16:21:21Z
CREAM-20260907-00901,Eric Russell,Eric Russell,Eric,Russell,ericrussell@yahoo.com,(407) 642-2963,Sotheby's International,Sotheby's International,Irvine,Irvine,CA,96913,7,15,15,9359885,4.0,C,96,Facebook,Enterprise (200+ agents),2026-09-07T21:41:06Z
CREAM-20260907-00902,Jerry Mendoza,Jerry Mendoza,Jerry,Mendoza,jmendoza@yahoo.com,(407) 792-5774,Allie Beth Allman,Allie Beth Allman,Brownsville,Brownsville,TX,77920,20,29,29,10257189,3.5,C,70,Website Lead,Large (51-200 agents),2026-09-07T13:10:32Z
CREAM-20260907-00903,Lawrence Wright,Lawrence Wright,Lawrence,Wright,lwright@re/max.com,(805) 513-7448,RE/MAX,RE/MAX,Youngstown,Youngstown,OH,44416,0,0,0,0,4.4,C,66,Realtor.com,Large (51-200 agents),2026-09-07T11:44:28Z
CREAM-20260907-00904,Matthew Lee,Matthew Lee,Matthew,Lee,matthewl@exprealty.com,(929) 449-2087,eXp Realty,eXp Realty,Surprise,Surprise,AZ,85404,2,6,6,2701858,4.6,C,63,Referral Network,Independent,2026-09-07T23:16:57Z
CREAM-20260907-00905,Samuel Rogers,Samuel Rogers,Samuel,Rogers,samuelr@me.com,(303) 909-8437,Long Realty,Long Realty,Surprise,Surprise,AZ,85154,16,47,47,20719863,3.1,C,97,Website Lead,Large (51-200 agents),2026-09-07T17:03:35Z
CREAM-20260907-00906,Gregory Evans,Gregory Evans,Gregory,Evans,gevans@kellerwilliams.com,(256) 642-8832,Keller Williams,Keller Williams,Hempstead,Hempstead,NY,10612,18,76,76,44563839,3.8,C,90,Referral Network,Large (51-200 agents),2026-09-07T00:40:45Z
CREAM-20260907-00907,Richard Jenkins,Richard Jenkins,Richard,Jenkins,richardj@gmail.com,(713) 213-8468,Keller Williams,Keller Williams,McAllen,McAllen,TX,76108,17,61,61,25847422,3.4,C,89,NAR Directory,Mid-size (11-50 agents),2026-09-07T08:51:56Z
CREAM-20260907-00908,Sarah Bennett,Sarah Bennett,Sarah,Bennett,sarah.bennett@aol.com,(646) 655-3740,Keller Williams,Keller Williams,McKinney,McKinney,TX,75568,18,41,41,14432964,4.9,C,70,Website Lead,Enterprise (200+ agents),2026-09-07T03:35:43Z
CREAM-20260907-00909,Steven Cook,Steven Cook,Steven,Cook,stevenc@yahoo.com,(234) 670-8890,eXp Realty,eXp Realty,McKinney,McKinney,TX,76563,22,32,32,14149704,3.5,C,81,Facebook,Enterprise (200+ agents),2026-09-07T03:18:16Z
CREAM-20260907-00910,Christine Lewis,Christine Lewis,Christine,Lewis,christinel@outlook.com,(602) 648-2162,Berkshire Hathaway HomeServices,Berkshire Hathaway HomeServices,Fremont,Fremont,CA,92224,2,10,10,10207268,3.6,C,95,MLS Database,Boutique (2-10 agents),2026-09-07T21:48:36Z
CREAM-20260907-00911,Janet Miller,Janet Miller,Janet,Miller,janet_miller@gmail.com,(919) 227-6827,Briggs Freeman Sotheby's,Briggs Freeman Sotheby's,Grand Prairie,Grand Prairie,TX,79442,1,6,6,1746810,4.3,C,87,Facebook,Large (51-200 agents),2026-09-07T09:42:09Z
CREAM-20260907-00912,Jerry Lewis,Jerry Lewis,Jerry,Lewis,jerry_lewis@aol.com,(512) 331-9498,Keller Williams,Keller Williams,Boulder,Boulder,CO,81878,15,78,78,32701338,3.2,C,60,LinkedIn,Enterprise (200+ agents),2026-09-07T06:21:47Z
CREAM-20260907-00913,Kimberly Fisher,Kimberly Fisher,Kimberly,Fisher,kimberlyfisher@aol.com,(404) 297-3340,Berkshire Hathaway HomeServices,Berkshire Hathaway HomeServices,Moreno Valley,Moreno Valley,CA,91705,4,11,11,11008979,4.6,C,99,Referral Network,Large (51-200 agents),2026-09-07T01:48:13Z
CREAM-20260907-00914,Christine Torres,Christine Torres,Christine,Torres,christinetorres@gmail.com,(415) 286-5609,Coldwell Banker,Coldwell Banker,Yuma,Yuma,AZ,85941,6,37,37,11249108,4.7,C,71,MLS Database,Large (51-200 agents),2026-09-07T13:10:23Z
CREAM-20260907-00915,Alexander Roberts,Alexander Roberts,Alexander,Roberts,alexander.roberts@icloud.com,(469) 818-5833,Keller Williams,Keller Williams,McKinney,McKinney,TX,78666,4,13,13,3686893,4.4,C,94,Brokerage Listings,Mid-size (11-50 agents),2026-09-07T22:42:43Z
CREAM-20260907-00916,Jason Nguyen,Jason Nguyen,Jason,Nguyen,jasonn@gmail.com,(718) 930-9466,Nest Seekers,Nest Seekers,Mount Vernon,Mount Vernon,NY,12553,2,4,4,2184097,3.4,C,82,Facebook,Independent,2026-09-07T21:55:53Z
CREAM-20260907-00917,Aaron Fisher,Aaron Fisher,Aaron,Fisher,aaronf@gmail.com,(713) 786-4142,RE/MAX,RE/MAX,Grand Prairie,Grand Prairie,TX,79333,2,5,5,1700903,3.4,C,92,Brokerage Listings,Independent,2026-09-07T05:40:35Z
CREAM-20260907-00918,Michael Murphy,Michael Murphy,Michael,Murphy,michaelm@re/max.com,(786) 928-2431,RE/MAX,RE/MAX,Moreno Valley,Moreno Valley,CA,94838,12,57,57,48156619,3.6,C,65,Trade Show,Enterprise (200+ agents),2026-09-07T08:30:40Z
CREAM-20260907-00919,Donald Gomez,Donald Gomez,Donald,Gomez,donaldgomez@me.com,(415) 871-1283,Halstead,Halstead,Mount Vernon,Mount Vernon,NY,11485,1,3,3,2068381,3.7,C,92,Website Lead,Independent,2026-09-07T09:46:13Z
CREAM-20260907-00920,Anna Martinez,Anna Martinez,Anna,Martinez,anna.martinez@aol.com,(714) 319-5239,Corcoran Group,Corcoran Group,Hempstead,Hempstead,NY,11217,3,19,19,12804640,4.3,C,60,Cold Outreach,Mid-size (11-50 agents),2026-09-07T20:23:59Z
CREAM-20260907-00921,Brittany Peterson,Brittany Peterson,Brittany,Peterson,bpeterson@aol.com,(714) 208-3269,Keller Williams,Keller Williams,Pueblo,Pueblo,CO,81955,4,9,9,5565068,4.9,C,86,Website Lead,Boutique (2-10 agents),2026-09-07T00:58:12Z
CREAM-20260907-00922,Amy Bennett,Amy Bennett,Amy,Bennett,amy.bennett@re/max.com,(310) 780-5995,RE/MAX,RE/MAX,Pasadena,Pasadena,TX,77300,24,75,75,19121583,3.0,C,90,Realtor.com,Enterprise (200+ agents),2026-09-07T20:58:56Z
CREAM-20260907-00923,Edward Bennett,Edward Bennett,Edward,Bennett,edwardbennett@icloud.com,(256) 344-3784,LIV Sotheby's,LIV Sotheby's,Pueblo,Pueblo,CO,81337,6,19,19,7691397,4.7,C,69,MLS Database,Large (51-200 agents),2026-09-07T11:22:48Z
CREAM-20260907-00924,Ashley Wilson,Ashley Wilson,Ashley,Wilson,ashleywilson@hotmail.com,(310) 693-1306,Berkshire Hathaway HomeServices,Berkshire Hathaway HomeServices,Oxnard,Oxnard,CA,90640,4,18,18,15390780,3.4,C,97,Referral Network,Large (51-200 agents),2026-09-07T05:06:04Z
CREAM-20260907-00925,Eric Lewis,Eric Lewis,Eric,Lewis,ericl@yahoo.com,(972) 288-1485,RE/MAX,RE/MAX,Irvine,Irvine,CA,92135,0,2,2,1568449,5.0,C,99,LinkedIn,Independent,2026-09-07T21:57:03Z
CREAM-20260907-00926,Samantha Long,Samantha Long,Samantha,Long,samanthal@hotmail.com,(512) 859-8658,Pacific Sotheby's,Pacific Sotheby's,Irvine,Irvine,CA,95624,1,7,7,7467081,3.6,C,76,Referral Network,Independent,2026-09-07T06:21:52Z
CREAM-20260907-00927,Kimberly Taylor,Kimberly Taylor,Kimberly,Taylor,ktaylor@hotmail.com,(602) 446-8485,eXp Realty,eXp Realty,Pueblo,Pueblo,CO,81774,4,21,21,10377052,3.4,C,84,MLS Database,Mid-size (11-50 agents),2026-09-07T12:29:47Z
CREAM-20260907-00928,Catherine Adams,Catherine Adams,Catherine,Adams,catherineadams@icloud.com,(714) 540-4845,Coldwell Banker,Coldwell Banker,Pueblo,Pueblo,CO,80259,4,12,12,5386767,4.1,C,71,Facebook,Mid-size (11-50 agents),2026-09-07T10:07:48Z
CREAM-20260907-00929,Albert Reyes,Albert Reyes,Albert,Reyes,areyes@berkshirehathaway.com,(469) 299-5327,Berkshire Hathaway,Berkshire Hathaway,Pasadena,Pasadena,TX,77916,19,38,38,11116031,3.1,C,98,Realtor.com,Independent,2026-09-07T06:55:58Z
CREAM-20260907-00930,Natalie Wright,Natalie Wright,Natalie,Wright,nwright@gmail.com,(646) 822-8820,Allie Beth Allman,Allie Beth Allman,Mesquite,Mesquite,TX,76972,4,14,14,3912788,5.0,C,67,Referral Network,Large (51-200 agents),2026-09-07T22:26:47Z
CREAM-20260907-00931,Justin Bailey,Justin Bailey,Justin,Bailey,justinb@aol.com,(512) 618-2511,RE/MAX,RE/MAX,Boulder,Boulder,CO,80492,2,3,3,1300312,4.1,C,93,Brokerage Listings,Mid-size (11-50 agents),2026-09-07T22:15:41Z
CREAM-20260907-00932,Dennis Ward,Dennis Ward,Dennis,Ward,dennis.ward@yahoo.com,(310) 842-3750,Long Realty,Long Realty,Surprise,Surprise,AZ,85433,21,53,53,17825748,3.3,C,64,Brokerage Listings,Large (51-200 agents),2026-09-07T22:15:12Z
CREAM-20260907-00933,Lisa Morris,Lisa Morris,Lisa,Morris,lmorris@sothebysinternational.com,(305) 773-1748,Sotheby's International,Sotheby's International,White Plains,White Plains,NY,12645,0,0,0,0,3.1,C,65,Realtor.com,Independent,2026-09-07T05:53:30Z
CREAM-20260907-00934,Catherine Hall,Catherine Hall,Catherine,Hall,catherineh@outlook.com,(805) 716-9953,Brown Harris Stevens,Brown Harris Stevens,Troy,Troy,NY,14115,2,11,11,6759391,5.0,C,79,Facebook,Independent,2026-09-07T10:37:57Z
CREAM-20260907-00935,Nicholas Lee,Nicholas Lee,Nicholas,Lee,nicholaslee@yahoo.com,(513) 213-7785,Coldwell Banker,Coldwell Banker,Moreno Valley,Moreno Valley,CA,95593,2,4,4,3900070,3.5,C,90,Realtor.com,Large (51-200 agents),2026-09-07T17:20:49Z
CREAM-20260907-00936,Eric Alvarez,Eric Alvarez,Eric,Alvarez,eric_alvarez@aol.com,(720) 446-7850,Russell Lyon Sotheby's,Russell Lyon Sotheby's,Yuma,Yuma,AZ,86280,4,8,8,4055547,3.2,C,98,Cold Outreach,Independent,2026-09-07T11:42:53Z
CREAM-20260907-00937,Matthew Morales,Matthew Morales,Matthew,Morales,matthewmorales@me.com,(916) 565-4070,Sotheby's International,Sotheby's International,Mount Vernon,Mount Vernon,NY,13127,13,65,65,38474827,4.2,C,91,Website Lead,Mid-size (11-50 agents),2026-09-07T07:19:59Z
CREAM-20260907-00938,Janet Taylor,Janet Taylor,Janet,Taylor,janettaylor@yahoo.com,(234) 888-1581,Coldwell Banker,Coldwell Banker,Miramar,Miramar,FL,33219,2,7,7,2295364,4.3,C,64,MLS Database,Enterprise (200+ agents),2026-09-07T23:27:59Z
CREAM-20260907-00939,Gregory Edwards,Gregory Edwards,Gregory,Edwards,gregory_edwards@me.com,(512) 580-8629,Douglas Elliman,Douglas Elliman,Gainesville,Gainesville,FL,34704,12,67,67,22378472,5.0,C,83,Referral Network,Independent,2026-09-07T15:53:12Z
CREAM-20260907-00940,Walter Brown,Walter Brown,Walter,Brown,walterb@exprealty.com,(919) 459-5539,eXp Realty,eXp Realty,Greenville,Greenville,NC,28485,4,23,23,10025438,3.2,C,97,Referral Network,Enterprise (200+ agents),2026-09-07T19:43:14Z
CREAM-20260907-00941,Frank Hall,Frank Hall,Frank,Hall,fhall@douglaselliman.com,(714) 246-2650,Douglas Elliman,Douglas Elliman,Brownsville,Brownsville,TX,75171,20,63,63,20409337,4.9,C,77,NAR Directory,Mid-size (11-50 agents),2026-09-07T11:04:35Z
CREAM-20260907-00942,Dennis Martinez,Dennis Martinez,Dennis,Martinez,dennismartinez@outlook.com,(714) 935-2129,Keller Williams,Keller Williams,Pasadena,Pasadena,TX,75878,6,16,16,3991391,3.7,C,72,Referral Network,Enterprise (200+ agents),2026-09-07T17:56:06Z
CREAM-20260907-00943,Robert Martin,Robert Martin,Robert,Martin,robertm@yahoo.com,(714) 899-1742,Sotheby's International,Sotheby's International,Fontana,Fontana,CA,95774,9,26,26,24421215,4.0,C,69,NAR Directory,Mid-size (11-50 agents),2026-09-07T10:05:23Z
CREAM-20260907-00944,Anthony Morales,Anthony Morales,Anthony,Morales,anthony_morales@aol.com,(256) 210-2470,RE/MAX,RE/MAX,Surprise,Surprise,AZ,86261,5,22,22,11692359,3.1,C,98,Website Lead,Boutique (2-10 agents),2026-09-07T15:13:53Z
CREAM-20260907-00945,Jacqueline Young,Jacqueline Young,Jacqueline,Young,jacqueline_young@me.com,(212) 873-6289,Keller Williams Realty,Keller Williams Realty,Gainesville,Gainesville,FL,33135,4,11,11,5567904,4.3,C,93,Trade Show,Independent,2026-09-07T15:02:31Z
CREAM-20260907-00946,Stephanie Powell,Stephanie Powell,Stephanie,Powell,spowell@yahoo.com,(234) 239-9736,RE/MAX,RE/MAX,High Point,High Point,NC,28580,3,8,8,2416620,4.4,C,98,Referral Network,Mid-size (11-50 agents),2026-09-07T20:43:27Z
CREAM-20260907-00947,Jennifer Cruz,Jennifer Cruz,Jennifer,Cruz,jcruz@me.com,(714) 317-1484,Corcoran Group,Corcoran Group,Hempstead,Hempstead,NY,10288,18,33,33,25797324,3.3,C,70,Facebook,Boutique (2-10 agents),2026-09-07T09:33:40Z
CREAM-20260907-00948,Eric Fisher,Eric Fisher,Eric,Fisher,eric.fisher@aol.com,(303) 893-8496,Huntington Real Estate,Huntington Real Estate,Hamilton,Hamilton,OH,44112,19,50,50,15568712,3.4,C,97,Referral Network,Independent,2026-09-07T02:40:36Z
CREAM-20260907-00949,Nicholas Taylor,Nicholas Taylor,Nicholas,Taylor,nicholas.taylor@aol.com,(704) 270-5302,RE/MAX,RE/MAX,Mesquite,Mesquite,TX,78176,19,44,44,12977077,3.2,C,86,Referral Network,Large (51-200 agents),2026-09-07T10:54:48Z
CREAM-20260907-00950,Grace Bennett,Grace Bennett,Grace,Bennett,grace.bennett@icloud.com,(646) 794-2964,Keller Williams Realty,Keller Williams Realty,Moreno Valley,Moreno Valley,CA,95892,1,9,9,9549867,3.5,C,61,LinkedIn,Independent,2026-09-07T11:18:46Z
CREAM-20260907-00951,Carolyn Allen,Carolyn Allen,Carolyn,Allen,carolyn.allen@re/max.com,(972) 999-1505,RE/MAX,RE/MAX,Clearwater,Clearwater,FL,33360,0,0,0,0,4.2,C,78,Trade Show,Independent,2026-09-07T14:37:45Z
CREAM-20260907-00952,Alexander Davis,Alexander Davis,Alexander,Davis,alexander.davis@icloud.com,(602) 448-9376,Keller Williams,Keller Williams,Grand Prairie,Grand Prairie,TX,76541,5,15,15,4900782,4.7,C,66,Referral Network,Independent,2026-09-07T05:20:15Z
CREAM-20260907-00953,Gary Clark,Gary Clark,Gary,Clark,garyc@kellerwilliams.com,(407) 950-7462,Keller Williams,Keller Williams,High Point,High Point,NC,27340,16,51,51,14806222,4.4,C,100,MLS Database,Mid-size (11-50 agents),2026-09-07T18:10:40Z
CREAM-20260907-00954,Laura Nelson,Laura Nelson,Laura,Nelson,laura.nelson@me.com,(513) 552-6360,Sotheby's International,Sotheby's International,Huntington Beach,Huntington Beach,CA,90553,20,70,70,65107281,3.1,C,85,Brokerage Listings,Mid-size (11-50 agents),2026-09-07T01:13:49Z
CREAM-20260907-00955,Jack Richardson,Jack Richardson,Jack,Richardson,jackr@yahoo.com,(469) 200-8831,Corcoran Group,Corcoran Group,Hempstead,Hempstead,NY,11165,13,35,35,27262843,4.0,C,68,NAR Directory,Large (51-200 agents),2026-09-07T19:19:09Z
CREAM-20260907-00956,Mark King,Mark King,Mark,King,mking@yahoo.com,(303) 207-6773,Russell Lyon Sotheby's,Russell Lyon Sotheby's,Peoria,Peoria,AZ,85648,6,39,39,19494544,3.1,C,74,Trade Show,Enterprise (200+ agents),2026-09-07T14:20:51Z
CREAM-20260907-00957,Peter Ruiz,Peter Ruiz,Peter,Ruiz,peter.ruiz@hotmail.com,(214) 220-4877,Briggs Freeman Sotheby's,Briggs Freeman Sotheby's,Grand Prairie,Grand Prairie,TX,77558,3,23,23,8534605,4.7,C,92,Facebook,Large (51-200 agents),2026-09-07T04:22:29Z
CREAM-20260907-00958,Justin Phillips,Justin Phillips,Justin,Phillips,justin_phillips@outlook.com,(256) 952-1619,Pacific Sotheby's,Pacific Sotheby's,Modesto,Modesto,CA,90198,24,37,37,31870179,3.1,C,66,Facebook,Mid-size (11-50 agents),2026-09-07T13:49:07Z
CREAM-20260907-00959,Brittany Fisher,Brittany Fisher,Brittany,Fisher,brittany.fisher@icloud.com,(234) 941-4415,Keller Williams,Keller Williams,Pasadena,Pasadena,TX,79350,4,17,17,5802867,4.6,C,66,NAR Directory,Mid-size (11-50 agents),2026-09-07T22:41:01Z
CREAM-20260907-00960,Janet Walker,Janet Walker,Janet,Walker,janet.walker@coldwellbanker.com,(713) 499-3927,Coldwell Banker,Coldwell Banker,Pasadena,Pasadena,TX,79223,7,23,23,10272967,4.4,C,73,Realtor.com,Enterprise (200+ agents),2026-09-07T11:40:50Z
CREAM-20260907-00961,Cynthia Gomez,Cynthia Gomez,Cynthia,Gomez,cynthia_gomez@icloud.com,(602) 240-4118,Douglas Elliman,Douglas Elliman,Hempstead,Hempstead,NY,12686,5,12,12,9222526,3.6,C,75,Cold Outreach,Large (51-200 agents),2026-09-07T18:39:39Z
CREAM-20260907-00962,David Nelson,David Nelson,David,Nelson,david.nelson@kellerwilliamsrealty.com,(256) 586-2915,Keller Williams Realty,Keller Williams Realty,Palm Bay,Palm Bay,FL,32303,11,57,57,21943644,3.0,C,71,Trade Show,Mid-size (11-50 agents),2026-09-07T13:05:16Z
CREAM-20260907-00963,Brandon Cook,Brandon Cook,Brandon,Cook,brandon.cook@8zrealestate.com,(916) 635-5154,8z Real Estate,8z Real Estate,Boulder,Boulder,CO,81690,11,40,40,16893038,4.3,C,97,Cold Outreach,Mid-size (11-50 agents),2026-09-07T09:16:00Z
CREAM-20260907-00964,Raymond Wilson,Raymond Wilson,Raymond,Wilson,raymondw@exprealty.com,(407) 672-4360,eXp Realty,eXp Realty,Westminster,Westminster,CO,81151,5,17,17,9788540,3.1,C,67,Referral Network,Boutique (2-10 agents),2026-09-07T13:56:28Z
CREAM-20260907-00965,James Ortiz,James Ortiz,James,Ortiz,jamesortiz@gmail.com,(303) 800-3370,Keller Williams Realty,Keller Williams Realty,Fontana,Fontana,CA,92332,0,0,0,0,4.2,C,92,LinkedIn,Enterprise (200+ agents),2026-09-07T21:03:32Z
CREAM-20260907-00966,Alan Turner,Alan Turner,Alan,Turner,alanturner@gmail.com,(404) 891-4393,Briggs Freeman Sotheby's,Briggs Freeman Sotheby's,Pasadena,Pasadena,TX,75627,12,73,73,25787677,4.0,C,92,Trade Show,Mid-size (11-50 agents),2026-09-07T16:27:16Z
CREAM-20260907-00967,Sandra Martin,Sandra Martin,Sandra,Martin,sandra.martin@hotmail.com,(929) 230-2684,eXp Realty,eXp Realty,Brownsville,Brownsville,TX,79810,1,11,11,4620038,3.8,C,62,Website Lead,Mid-size (11-50 agents),2026-09-07T21:46:51Z
CREAM-20260907-00968,Philip Martin,Philip Martin,Philip,Martin,philipm@gmail.com,(214) 543-6760,eXp Realty,eXp Realty,Palm Bay,Palm Bay,FL,32441,6,21,21,8572031,4.1,C,89,Referral Network,Independent,2026-09-07T21:16:12Z
CREAM-20260907-00969,Michelle Stewart,Michelle Stewart,Michelle,Stewart,michellestewart@yahoo.com,(303) 459-7987,Berkshire Hathaway,Berkshire Hathaway,Mesquite,Mesquite,TX,76663,20,72,72,19669339,3.0,C,84,MLS Database,Large (51-200 agents),2026-09-07T14:15:05Z
CREAM-20260907-00970,Sharon Ramos,Sharon Ramos,Sharon,Ramos,sharon_ramos@aol.com,(303) 815-9861,Sotheby's International,Sotheby's International,Hempstead,Hempstead,NY,12316,7,38,38,31867452,3.7,C,82,Website Lead,Mid-size (11-50 agents),2026-09-07T03:21:38Z
CREAM-20260907-00971,Wayne Castillo,Wayne Castillo,Wayne,Castillo,waynec@me.com,(415) 851-7810,Century 21,Century 21,West Palm Beach,West Palm Beach,FL,32593,25,29,29,13153628,3.8,C,95,Facebook,Enterprise (200+ agents),2026-09-07T03:50:11Z
CREAM-20260907-00972,Timothy Smith,Timothy Smith,Timothy,Smith,timothy.smith@exprealty.com,(512) 225-7665,eXp Realty,eXp Realty,Westminster,Westminster,CO,80737,7,23,23,12719583,3.2,C,87,Website Lead,Independent,2026-09-07T13:38:33Z
CREAM-20260907-00973,Walter Cooper,Walter Cooper,Walter,Cooper,walter.cooper@aol.com,(214) 490-6794,Douglas Elliman,Douglas Elliman,Mount Vernon,Mount Vernon,NY,10130,19,48,48,29995103,3.3,C,68,Realtor.com,Independent,2026-09-07T15:08:01Z
CREAM-20260907-00974,Matthew Castillo,Matthew Castillo,Matthew,Castillo,matthew_castillo@aol.com,(718) 780-7735,8z Real Estate,8z Real Estate,Boulder,Boulder,CO,80129,0,3,3,2026263,4.1,C,63,Brokerage Listings,Independent,2026-09-07T18:25:09Z
CREAM-20260907-00975,Juan Jimenez,Juan Jimenez,Juan,Jimenez,jjimenez@exprealty.com,(602) 498-3512,eXp Realty,eXp Realty,Grand Prairie,Grand Prairie,TX,78640,2,8,8,2960427,3.5,C,95,Realtor.com,Boutique (2-10 agents),2026-09-07T18:52:11Z
CREAM-20260907-00976,Albert Gutierrez,Albert Gutierrez,Albert,Gutierrez,albert_gutierrez@hotmail.com,(714) 726-4296,Compass,Compass,Miramar,Miramar,FL,34294,2,6,6,2124693,3.5,C,85,Realtor.com,Enterprise (200+ agents),2026-09-07T17:01:16Z
CREAM-20260907-00977,Victoria Wood,Victoria Wood,Victoria,Wood,victoriawood@me.com,(720) 543-6762,Coldwell Banker,Coldwell Banker,McAllen,McAllen,TX,75480,3,19,19,7392825,3.2,C,78,LinkedIn,Boutique (2-10 agents),2026-09-07T08:22:05Z
CREAM-20260907-00978,Anna Gomez,Anna Gomez,Anna,Gomez,agomez@re/max.com,(512) 591-2457,RE/MAX,RE/MAX,Westminster,Westminster,CO,80568,2,6,6,3590063,3.5,C,96,Facebook,Boutique (2-10 agents),2026-09-07T14:18:44Z
CREAM-20260907-00979,Alexander King,Alexander King,Alexander,King,aking@douglaselliman.com,(512) 756-2324,Douglas Elliman,Douglas Elliman,Troy,Troy,NY,10569,21,72,72,32854805,4.9,C,91,Website Lead,Boutique (2-10 agents),2026-09-07T14:18:36Z
CREAM-20260907-00980,Kimberly Alvarez,Kimberly Alvarez,Kimberly,Alvarez,kimberlya@me.com,(256) 473-9088,Russell Lyon Sotheby's,Russell Lyon Sotheby's,Yuma,Yuma,AZ,86584,21,32,32,10502935,4.4,C,99,Realtor.com,Large (51-200 agents),2026-09-07T17:39:03Z
CREAM-20260907-00981,Victoria Mitchell,Victoria Mitchell,Victoria,Mitchell,victoriamitchell@icloud.com,(972) 642-9347,Keller Williams,Keller Williams,Avondale,Avondale,AZ,85396,22,62,62,22058215,3.8,C,87,Brokerage Listings,Mid-size (11-50 agents),2026-09-07T16:56:13Z
CREAM-20260907-00982,Timothy Taylor,Timothy Taylor,Timothy,Taylor,timothy.taylor@pacificsothebys.com,(214) 444-3077,Pacific Sotheby's,Pacific Sotheby's,Irvine,Irvine,CA,93942,1,6,6,6361468,4.5,C,64,NAR Directory,Large (51-200 agents),2026-09-07T02:43:15Z
CREAM-20260907-00983,Susan Davis,Susan Davis,Susan,Davis,sdavis@hotmail.com,(512) 374-5172,Compass,Compass,Irvine,Irvine,CA,94963,10,29,29,22154408,3.4,C,99,Website Lead,Enterprise (200+ agents),2026-09-07T17:16:49Z
CREAM-20260907-00984,Samantha Brown,Samantha Brown,Samantha,Brown,samanthabrown@icloud.com,(919) 508-7063,Berkshire Hathaway,Berkshire Hathaway,Coral Springs,Coral Springs,FL,32823,22,39,39,11620115,3.9,C,93,Trade Show,Large (51-200 agents),2026-09-07T10:51:58Z
CREAM-20260907-00985,Alexander Carter,Alexander Carter,Alexander,Carter,alexander_carter@yahoo.com,(805) 782-5930,RE/MAX,RE/MAX,Pasadena,Pasadena,TX,77610,2,12,12,4925540,3.3,C,99,Brokerage Listings,Mid-size (11-50 agents),2026-09-07T18:59:39Z
CREAM-20260907-00986,Nancy Hernandez,Nancy Hernandez,Nancy,Hernandez,nhernandez@aol.com,(714) 679-8682,Keller Williams,Keller Williams,Lorain,Lorain,OH,44200,7,18,18,3591261,3.5,C,84,Brokerage Listings,Large (51-200 agents),2026-09-07T09:56:00Z
CREAM-20260907-00987,Aaron Peterson,Aaron Peterson,Aaron,Peterson,aaronp@me.com,(305) 915-8362,Century 21,Century 21,Gainesville,Gainesville,FL,34732,11,50,50,21697395,3.7,C,82,NAR Directory,Independent,2026-09-07T09:46:59Z
CREAM-20260907-00988,Keith Morgan,Keith Morgan,Keith,Morgan,keith.morgan@re/max.com,(980) 681-8036,RE/MAX,RE/MAX,Moreno Valley,Moreno Valley,CA,95720,1,3,3,3024424,3.2,C,61,Website Lead,Enterprise (200+ agents),2026-09-07T21:50:21Z
CREAM-20260907-00989,Deborah Sanchez,Deborah Sanchez,Deborah,Sanchez,deborahs@cutlerrealestate.com,(714) 677-4522,Cutler Real Estate,Cutler Real Estate,Youngstown,Youngstown,OH,44284,23,37,37,6796792,3.1,C,96,Facebook,Mid-size (11-50 agents),2026-09-07T19:42:58Z
CREAM-20260907-00990,Brenda Watson,Brenda Watson,Brenda,Watson,brendawatson@gmail.com,(972) 628-6755,Douglas Elliman,Douglas Elliman,Coral Springs,Coral Springs,FL,34627,5,15,15,6576506,3.8,C,89,NAR Directory,Boutique (2-10 agents),2026-09-07T09:18:02Z
CREAM-20260907-00991,Stephanie Ward,Stephanie Ward,Stephanie,Ward,stephaniew@hotmail.com,(305) 513-2806,Berkshire Hathaway,Berkshire Hathaway,Clearwater,Clearwater,FL,33318,8,39,39,14576896,4.0,C,72,Realtor.com,Enterprise (200+ agents),2026-09-07T05:35:49Z
CREAM-20260907-00992,Brian Nelson,Brian Nelson,Brian,Nelson,brian.nelson@outlook.com,(469) 621-7613,Berkshire Hathaway,Berkshire Hathaway,McKinney,McKinney,TX,78876,3,12,12,3668334,3.9,C,64,NAR Directory,Independent,2026-09-07T13:44:31Z
CREAM-20260907-00993,Cynthia Torres,Cynthia Torres,Cynthia,Torres,cynthiatorres@me.com,(805) 895-9471,RE/MAX,RE/MAX,Wilmington,Wilmington,NC,27733,6,27,27,11206356,3.9,C,66,LinkedIn,Boutique (2-10 agents),2026-09-07T05:19:24Z
CREAM-20260907-00994,Janet Cox,Janet Cox,Janet,Cox,janet.cox@russelllyonsothebys.com,(513) 628-6030,Russell Lyon Sotheby's,Russell Lyon Sotheby's,Yuma,Yuma,AZ,86535,2,3,3,865476,3.2,C,73,Brokerage Listings,Boutique (2-10 agents),2026-09-07T07:36:36Z
CREAM-20260907-00995,Sarah Morgan,Sarah Morgan,Sarah,Morgan,sarahm@kellerwilliams.com,(214) 463-9453,Keller Williams,Keller Williams,Grand Prairie,Grand Prairie,TX,75190,17,34,34,10091423,4.9,C,84,Referral Network,Large (51-200 agents),2026-09-07T21:39:28Z
CREAM-20260907-00996,Alan Anderson,Alan Anderson,Alan,Anderson,alananderson@yahoo.com,(714) 794-1250,eXp Realty,eXp Realty,Fremont,Fremont,CA,94932,1,11,11,11081996,3.5,C,68,Website Lead,Large (51-200 agents),2026-09-07T10:35:00Z
CREAM-20260907-00997,Helen Anderson,Helen Anderson,Helen,Anderson,helenanderson@hotmail.com,(334) 240-9422,Allen Tate,Allen Tate,Greenville,Greenville,NC,27644,0,5,5,1736718,3.1,C,77,Realtor.com,Large (51-200 agents),2026-09-07T03:50:21Z
CREAM-20260907-00998,Tyler Wood,Tyler Wood,Tyler,Wood,twood@me.com,(469) 945-7872,Keller Williams,Keller Williams,Greenville,Greenville,NC,28876,24,58,58,20052992,4.7,C,72,Facebook,Boutique (2-10 agents),2026-09-07T22:00:31Z
CREAM-20260907-00999,Brian Mendoza,Brian Mendoza,Brian,Mendoza,brianmendoza@yahoo.com,(718) 562-5940,Keller Williams,Keller Williams,McKinney,McKinney,TX,78945,9,17,17,5145079,3.4,C,61,Realtor.com,Large (51-200 agents),2026-09-07T00:36:32Z
CREAM-20260907-01000,Alan Johnson,Alan Johnson,Alan,Johnson,alanjohnson@icloud.com,(972) 862-7550,eXp Realty,eXp Realty,Mesquite,Mesquite,TX,79450,13,72,72,19461946,4.2,C,98,Website Lead,Large (51-200 agents),2026-09-07T10:50:02Z
