id,name,email,phone,company,city,state,zip,years_experience,transactions_last_year,priority,cream_fit_score,source,scraped_at
CREAM-2026 07 13-00001,Angela Hughes,angelah@kellerwilliams.com,(720) 528-2270,Keller Williams,Greensboro,NC,27349,2,11,A,63,Brokerage Listings,2026-07-13T11:35:46Z
CREAM-2026 07 13-00002,Cynthia Davis,cynthia.davis@me.com,(714) 536-5584,Keller Williams Realty,Los Angeles,CA,93902,4,19,A,70,NAR Directory,2026-07-13T05:56:12Z
CREAM-2026 07 13-00003,Donna Gray,donnag@icloud.com,(919) 753-8665,Century 21,Orlando,FL,33245,13,76,A,61,Website Lead,2026-07-13T09:26:48Z
CREAM-2026 07 13-00004,Gary Green,ggreen@compass.com,(512) 991-9192,Compass,Oakland,CA,95438,1,12,A,75,LinkedIn,2026-07-13T22:06:04Z
CREAM-2026 07 13-00005,Karen Nguyen,karennguyen@gmail.com,(303) 788-2547,RE/MAX,San Jose,CA,93406,5,14,A,70,Referral Network,2026-07-13T02:48:48Z
CREAM-2026 07 13-00006,Carol Carter,carol_carter@icloud.com,(646) 499-3775,RE/MAX,Miami,FL,34173,3,21,A,97,Website Lead,2026-07-13T10:28:37Z
CREAM-2026 07 13-00007,Kenneth Rogers,kenneth_rogers@gmail.com,(469) 597-8975,Keller Williams,Denver,CO,80158,5,21,A,93,Brokerage Listings,2026-07-13T17:20:40Z
CREAM-2026 07 13-00008,Joseph Kim,josephk@icloud.com,(407) 710-7833,Coldwell Banker,San Diego,CA,96685,11,40,A,78,Realtor.com,2026-07-13T02:55:06Z
CREAM-2026 07 13-00009,Kevin Anderson,kanderson@outlook.com,(805) 694-4818,Compass,Charlotte,NC,27279,16,69,A,67,Trade Show,2026-07-13T14:29:46Z
CREAM-2026 07 13-00010,Laura Campbell,lcampbell@exprealty.com,(972) 225-2376,eXp Realty,Long Beach,CA,95579,2,8,A,63,LinkedIn,2026-07-13T10:08:16Z
CREAM-2026 07 13-00011,Brenda Baker,bbaker@aol.com,(214) 510-5788,Sotheby International,Bronx,NY,14287,21,69,A,76,LinkedIn,2026-07-13T15:51:53Z
CREAM-2026 07 13-00012,Ryan Morris,ryanm@yahoo.com,(614) 248-2279,Compass,Aurora,CO,80307,8,33,A,99,LinkedIn,2026-07-13T07:46:03Z
CREAM-2026 07 13-00013,Jonathan Foster,jonathanfoster@yahoo.com,(415) 617-9674,Keller Williams Realty,Miami,FL,34210,8,29,A,82,Realtor.com,2026-07-13T15:03:12Z
CREAM-2026 07 13-00014,Amanda Martin,amandam@aol.com,(303) 719-3816,RE/MAX,Jacksonville,FL,34155,1,12,A,96,Trade Show,2026-07-13T06:38:40Z
CREAM-2026 07 13-00015,Sandra Ruiz,sandra_ruiz@me.com,(646) 541-5226,Compass,Charlotte,NC,27815,17,39,A,65,Trade Show,2026-07-13T10:15:49Z
CREAM-2026 07 13-00016,Brandon Hall,brandon.hall@kellerwilliamsrealty.com,(234) 726-1994,Keller Williams Realty,San Diego,CA,93205,25,46,A,66,Trade Show,2026-07-13T05:53:32Z
CREAM-2026 07 13-00017,Mary Alvarez,malvarez@exprealty.com,(310) 747-3522,eXp Realty,El Paso,TX,79676,4,25,A,85,MLS Database,2026-07-13T07:36:19Z
CREAM-2026 07 13-00018,Anna Moore,amoore@kellerwilliamsrealty.com,(916) 307-9688,Keller Williams Realty,San Jose,CA,90527,1,10,A,72,Facebook,2026-07-13T07:34:42Z
CREAM-2026 07 13-00019,Kevin Jones,kevin.jones@gmail.com,(972) 442-6672,Keller Williams,Bronx,NY,14428,10,75,A,98,Facebook,2026-07-13T10:36:01Z
CREAM-2026 07 13-00020,Laura Ramos,lramos@nestseekers.com,(303) 728-7754,Nest Seekers,Queens,NY,13767,4,9,A,90,Facebook,2026-07-13T17:38:10Z
CREAM-2026 07 13-00021,Pamela Williams,pwilliams@gmail.com,(214) 938-3206,Keller Williams,Mesa,AZ,85676,4,16,A,72,Trade Show,2026-07-13T20:29:00Z
CREAM-2026 07 13-00022,Debra Brooks,dbrooks@aol.com,(303) 437-8616,8z Real Estate,Denver,CO,81363,6,29,A,99,MLS Database,2026-07-13T19:47:09Z
CREAM-2026 07 13-00023,Robert Bennett,robert.bennett@me.com,(929) 739-2119,Douglas Elliman,El Paso,TX,75768,12,38,A,73,Facebook,2026-07-13T13:47:55Z
CREAM-2026 07 13-00024,Patrick Ward,patrick_ward@hotmail.com,(713) 271-6399,Coldwell Banker,Cincinnati,OH,43111,4,14,A,80,NAR Directory,2026-07-13T13:24:08Z
CREAM-2026 07 13-00025,James Jenkins,james.jenkins@gmail.com,(234) 703-8569,Compass,New York City,NY,11959,17,35,A,81,Brokerage Listings,2026-07-13T05:22:54Z
CREAM-2026 07 13-00026,Robert Morgan,rmorgan@alliebethallman.com,(234) 907-4902,Allie Beth Allman,Dallas,TX,79271,18,37,A,78,Cold Outreach,2026-07-13T01:41:44Z
CREAM-2026 07 13-00027,Donald Wood,dwood@longrealty.com,(720) 254-3483,Long Realty,Phoenix,AZ,86315,22,42,A,67,NAR Directory,2026-07-13T23:25:52Z
CREAM-2026 07 13-00028,Sharon Young,syoung@icloud.com,(704) 216-9428,Berkshire Hathaway,Tucson,AZ,86942,4,20,A,67,Realtor.com,2026-07-13T14:21:38Z
CREAM-2026 07 13-00029,Susan Flores,sflores@compass.com,(234) 443-1644,Compass,Manhattan,NY,11703,4,17,A,61,Realtor.com,2026-07-13T14:59:34Z
CREAM-2026 07 13-00030,David Moore,davidm@hotmail.com,(786) 570-4499,HER Realtors,Columbus,OH,43186,25,41,A,76,Facebook,2026-07-13T19:08:41Z
CREAM-2026 07 13-00031,Frank Rivera,frank.rivera@kellerwilliams.com,(512) 467-6904,Keller Williams,New York City,NY,10641,3,25,A,61,Facebook,2026-07-13T13:10:26Z
CREAM-2026 07 13-00032,Raymond Taylor,raymondt@me.com,(646) 967-6591,Coldwell Banker,Fort Lauderdale,FL,34313,11,40,A,85,Referral Network,2026-07-13T11:28:25Z
CREAM-2026 07 13-00033,John Walker,johnw@icloud.com,(916) 700-5354,Douglas Elliman,Fort Lauderdale,FL,32308,0,2,A,71,Cold Outreach,2026-07-13T04:27:52Z
CREAM-2026 07 13-00034,Kimberly Morgan,kimberly_morgan@yahoo.com,(212) 213-3081,eXp Realty,San Antonio,TX,75502,1,8,A,74,Trade Show,2026-07-13T06:23:17Z
CREAM-2026 07 13-00035,Dorothy Brown,dorothyb@berkshirehathaway.com,(704) 685-4854,Berkshire Hathaway,Tucson,AZ,85844,19,31,A,88,MLS Database,2026-07-13T18:15:04Z
CREAM-2026 07 13-00036,Christopher Carter,christopher.carter@berkshirehathawayhomeservices.com,(714) 841-9000,Berkshire Hathaway HomeServices,San Diego,CA,90522,24,56,A,84,Referral Network,2026-07-13T12:00:48Z
CREAM-2026 07 13-00037,Michael Phillips,michael.phillips@hotmail.com,(512) 910-9997,Coldwell Banker,St. Petersburg,FL,34419,17,36,A,73,Cold Outreach,2026-07-13T08:21:29Z
CREAM-2026 07 13-00038,Aaron Wilson,aaron.wilson@yahoo.com,(513) 662-5635,Douglas Elliman,New York City,NY,12562,19,33,A,64,Facebook,2026-07-13T05:19:43Z
CREAM-2026 07 13-00039,Mark Roberts,mark.roberts@briggsfreemansotheby.com,(614) 861-3434,Briggs Freeman Sotheby,Fort Worth,TX,78335,3,18,A,72,Website Lead,2026-07-13T05:43:59Z
CREAM-2026 07 13-00040,Kenneth Richardson,kenneth_richardson@outlook.com,(212) 471-3761,Brown Harris Stevens,Staten Island,NY,13631,17,32,A,81,Cold Outreach,2026-07-13T19:44:56Z
CREAM-2026 07 13-00041,Jack Diaz,jdiaz@icloud.com,(407) 356-6907,Berkshire Hathaway,Raleigh,NC,28428,21,75,A,84,Realtor.com,2026-07-13T09:26:19Z
CREAM-2026 07 13-00042,Shirley Evans,shirleye@icloud.com,(919) 330-6076,RE/MAX,Columbus,OH,45451,15,52,A,88,LinkedIn,2026-07-13T08:13:34Z
CREAM-2026 07 13-00043,Nancy Turner,nancyturner@outlook.com,(980) 672-5732,eXp Realty,Cincinnati,OH,43254,2,3,A,64,LinkedIn,2026-07-13T13:43:14Z
CREAM-2026 07 13-00044,Anthony Castillo,anthonyc@nestseekers.com,(972) 788-5189,Nest Seekers,Bronx,NY,10623,2,11,A,96,Realtor.com,2026-07-13T08:09:22Z
CREAM-2026 07 13-00045,Gary Chavez,gary.chavez@coldwellbanker.com,(512) 694-7769,Coldwell Banker,San Francisco,CA,94148,0,1,A,90,MLS Database,2026-07-13T21:50:58Z
CREAM-2026 07 13-00046,Lisa Martin,lisa_martin@gmail.com,(303) 770-2155,Sotheby International,Manhattan,NY,13337,23,33,A,78,LinkedIn,2026-07-13T13:13:36Z
CREAM-2026 07 13-00047,Stephen Baker,sbaker@yahoo.com,(404) 297-7042,eXp Realty,Houston,TX,79789,20,59,A,73,Cold Outreach,2026-07-13T00:48:36Z
CREAM-2026 07 13-00048,Amanda Campbell,amanda_campbell@me.com,(972) 370-8136,eXp Realty,Tampa,FL,32531,0,5,A,93,Referral Network,2026-07-13T02:32:13Z
CREAM-2026 07 13-00049,Kevin Flores,kevin_flores@me.com,(305) 965-7931,Allen Tate,Charlotte,NC,27150,11,76,A,95,Facebook,2026-07-13T21:42:35Z
CREAM-2026 07 13-00050,Kenneth Perry,kenneth_perry@outlook.com,(415) 729-7201,Howard Hanna,Charlotte,NC,28752,14,71,A,61,Brokerage Listings,2026-07-13T21:00:19Z
CREAM-2026 07 13-00051,Jonathan Russell,jonathanr@outlook.com,(310) 202-9884,Berkshire Hathaway,Mesa,AZ,86853,9,33,A,72,Website Lead,2026-07-13T18:32:52Z
CREAM-2026 07 13-00052,Pamela Mitchell,pamelamitchell@me.com,(718) 363-6994,Keller Williams,Raleigh,NC,28799,7,37,A,99,Realtor.com,2026-07-13T00:13:08Z
CREAM-2026 07 13-00053,Jacob Baker,jacob_baker@me.com,(713) 621-9671,eXp Realty,San Jose,CA,90849,19,54,A,69,Brokerage Listings,2026-07-13T01:09:03Z
CREAM-2026 07 13-00054,Thomas Edwards,thomas.edwards@gmail.com,(303) 416-6759,Allie Beth Allman,Houston,TX,76584,1,11,A,100,Referral Network,2026-07-13T15:51:23Z
CREAM-2026 07 13-00055,Nancy Rivera,nancy.rivera@douglaselliman.com,(916) 290-1009,Douglas Elliman,Tampa,FL,34824,0,1,A,77,NAR Directory,2026-07-13T17:28:38Z
CREAM-2026 07 13-00056,Frank Lewis,frank.lewis@corcorangroup.com,(718) 937-5097,Corcoran Group,Bronx,NY,14478,7,30,A,97,LinkedIn,2026-07-13T16:50:08Z
CREAM-2026 07 13-00057,Donald Cox,donald_cox@yahoo.com,(919) 961-7682,Compass,Raleigh,NC,28180,1,10,A,89,Trade Show,2026-07-13T03:40:22Z
CREAM-2026 07 13-00058,Samantha Cruz,samanthac@coldwellbanker.com,(415) 609-9487,Coldwell Banker,Fort Lauderdale,FL,34997,20,55,A,71,Cold Outreach,2026-07-13T02:52:09Z
CREAM-2026 07 13-00059,Betty Mitchell,bmitchell@aol.com,(310) 372-6492,Douglas Elliman,Queens,NY,14823,2,8,A,60,Trade Show,2026-07-13T12:40:09Z
CREAM-2026 07 13-00060,Heather Parker,heather.parker@hotmail.com,(415) 934-4627,eXp Realty,Greensboro,NC,27423,3,13,A,78,Brokerage Listings,2026-07-13T05:34:44Z
CREAM-2026 07 13-00061,Raymond Jenkins,raymond.jenkins@yahoo.com,(718) 267-8278,Keller Williams,Scottsdale,AZ,85786,4,23,A,97,MLS Database,2026-07-13T06:03:25Z
CREAM-2026 07 13-00062,Rebecca Brown,rbrown@icloud.com,(713) 716-5258,LIV Sotheby,Colorado Springs,CO,80691,3,19,A,60,Cold Outreach,2026-07-13T16:31:46Z
CREAM-2026 07 13-00063,Justin Young,justin.young@re/max.com,(214) 493-8392,RE/MAX,Tucson,AZ,86671,23,30,A,73,NAR Directory,2026-07-13T05:51:08Z
CREAM-2026 07 13-00064,Frank Patel,frank_patel@yahoo.com,(334) 700-6066,eXp Realty,Greensboro,NC,27907,4,13,A,73,Realtor.com,2026-07-13T19:19:58Z
CREAM-2026 07 13-00065,Jonathan Morales,jonathanm@outlook.com,(214) 898-7466,Keller Williams Realty,Los Angeles,CA,90491,4,25,A,79,Website Lead,2026-07-13T19:30:49Z
CREAM-2026 07 13-00066,Benjamin Alvarez,balvarez@outlook.com,(513) 742-4425,Coldwell Banker,Fort Lauderdale,FL,34394,10,43,A,79,NAR Directory,2026-07-13T22:34:55Z
CREAM-2026 07 13-00067,Susan Stewart,susans@cutlerrealestate.com,(919) 370-2264,Cutler Real Estate,Columbus,OH,44807,17,56,A,81,Website Lead,2026-07-13T04:51:18Z
CREAM-2026 07 13-00068,Joshua Reyes,joshua.reyes@briggsfreemansotheby.com,(513) 239-5944,Briggs Freeman Sotheby,Austin,TX,79596,2,11,A,100,MLS Database,2026-07-13T14:09:02Z
CREAM-2026 07 13-00069,George Gray,george_gray@aol.com,(407) 432-8851,RE/MAX,Scottsdale,AZ,86437,17,77,A,70,Facebook,2026-07-13T20:34:59Z
CREAM-2026 07 13-00070,Alexander Brown,abrown@livsotheby.com,(614) 378-8857,LIV Sotheby,Colorado Springs,CO,81748,3,11,A,88,Trade Show,2026-07-13T15:31:44Z
CREAM-2026 07 13-00071,Jack Patel,jpatel@kellerwilliams.com,(713) 306-3806,Keller Williams,San Antonio,TX,79696,25,39,A,64,MLS Database,2026-07-13T11:51:47Z
CREAM-2026 07 13-00072,Christopher Mitchell,christopher.mitchell@cutlerrealestate.com,(980) 707-1067,Cutler Real Estate,Cincinnati,OH,45517,9,35,A,96,Facebook,2026-07-13T09:46:57Z
CREAM-2026 07 13-00073,Sharon Mendoza,sharonmendoza@aol.com,(512) 245-7813,Coldwell Banker,Oakland,CA,95166,1,11,A,98,MLS Database,2026-07-13T18:35:35Z
CREAM-2026 07 13-00074,Jeffrey Rivera,jeffreyr@hotmail.com,(614) 431-1965,Douglas Elliman,St. Petersburg,FL,32151,6,34,A,85,Trade Show,2026-07-13T05:56:15Z
CREAM-2026 07 13-00075,Carol Jackson,caroljackson@yahoo.com,(713) 245-9098,Century 21,Fort Lauderdale,FL,34226,12,32,A,72,LinkedIn,2026-07-13T13:18:36Z
CREAM-2026 07 13-00076,Christine Watson,cwatson@aol.com,(513) 938-2284,Berkshire Hathaway,Fort Worth,TX,76479,25,38,A,60,MLS Database,2026-07-13T19:19:34Z
CREAM-2026 07 13-00077,Angela Morgan,amorgan@hotmail.com,(512) 973-8257,Berkshire Hathaway,Tucson,AZ,85415,2,6,A,100,Trade Show,2026-07-13T20:08:21Z
CREAM-2026 07 13-00078,Gary Perez,gperez@hotmail.com,(704) 768-9028,RE/MAX,Oakland,CA,91802,17,59,A,91,Referral Network,2026-07-13T21:10:07Z
CREAM-2026 07 13-00079,Shirley Cruz,scruz@yahoo.com,(713) 868-9645,Coldwell Banker,Cincinnati,OH,44686,0,4,A,79,Website Lead,2026-07-13T13:44:02Z
CREAM-2026 07 13-00080,Catherine Howard,choward@gmail.com,(972) 376-1847,Keller Williams,San Antonio,TX,76628,0,3,A,77,Trade Show,2026-07-13T08:21:05Z
CREAM-2026 07 13-00081,Cynthia Peterson,cynthiap@gmail.com,(704) 308-2107,Brown Harris Stevens,Bronx,NY,14647,5,19,A,80,Referral Network,2026-07-13T04:03:07Z
CREAM-2026 07 13-00082,Sandra Thomas,sandra.thomas@herrealtors.com,(310) 684-1242,HER Realtors,Cleveland,OH,43811,23,42,A,98,Website Lead,2026-07-13T03:20:47Z
CREAM-2026 07 13-00083,Ashley Adams,ashley_adams@outlook.com,(602) 328-3611,Keller Williams,Queens,NY,12620,17,67,A,62,Website Lead,2026-07-13T01:34:28Z
CREAM-2026 07 13-00084,Christine Morales,christinemorales@aol.com,(305) 586-4174,Compass,Oakland,CA,94337,0,0,A,64,Referral Network,2026-07-13T11:40:13Z
CREAM-2026 07 13-00085,Nicole Miller,nicole_miller@gmail.com,(513) 844-2371,Compass,Denver,CO,81356,4,14,A,87,Website Lead,2026-07-13T00:56:35Z
CREAM-2026 07 13-00086,Donna Roberts,donnar@exprealty.com,(713) 718-1675,eXp Realty,Cleveland,OH,45575,9,37,A,64,Website Lead,2026-07-13T15:06:21Z
CREAM-2026 07 13-00087,Steven Ruiz,stevenruiz@me.com,(916) 463-8063,Berkshire Hathaway,Dallas,TX,78526,5,16,A,74,Cold Outreach,2026-07-13T06:57:44Z
CREAM-2026 07 13-00088,Kenneth Taylor,kennetht@outlook.com,(407) 237-2525,Brown Harris Stevens,Staten Island,NY,12810,4,18,A,76,MLS Database,2026-07-13T06:33:39Z
CREAM-2026 07 13-00089,Edward Cruz,edwardc@sothebyinternational.com,(704) 433-2886,Sotheby International,San Francisco,CA,96854,11,74,A,84,NAR Directory,2026-07-13T12:47:16Z
CREAM-2026 07 13-00090,Sharon Russell,sharon.russell@me.com,(713) 620-8314,Nest Seekers,New York City,NY,13552,7,30,A,95,Website Lead,2026-07-13T01:43:04Z
CREAM-2026 07 13-00091,Christine Adams,cadams@coldwellbanker.com,(602) 364-7165,Coldwell Banker,Tampa,FL,32193,5,25,A,73,Referral Network,2026-07-13T11:48:01Z
CREAM-2026 07 13-00092,Justin Martinez,justinm@briggsfreemansotheby.com,(305) 439-7878,Briggs Freeman Sotheby,San Antonio,TX,78712,4,22,A,68,Referral Network,2026-07-13T07:52:07Z
CREAM-2026 07 13-00093,Nicole Russell,nrussell@yahoo.com,(212) 349-7394,eXp Realty,Phoenix,AZ,86447,4,15,A,79,Trade Show,2026-07-13T03:33:55Z
CREAM-2026 07 13-00094,Maria Gonzalez,maria_gonzalez@icloud.com,(334) 872-6517,HER Realtors,Cleveland,OH,44363,9,31,A,91,LinkedIn,2026-07-13T17:31:44Z
CREAM-2026 07 13-00095,Maria Jimenez,maria.jimenez@compass.com,(512) 579-9622,Compass,Orlando,FL,33290,24,31,A,62,NAR Directory,2026-07-13T12:07:57Z
CREAM-2026 07 13-00096,Debra Kim,debrak@outlook.com,(602) 677-3560,Douglas Elliman,Fort Worth,TX,76347,17,60,A,97,Trade Show,2026-07-13T19:56:40Z
CREAM-2026 07 13-00097,Lisa Edwards,lisa.edwards@hotmail.com,(212) 807-2735,Coldwell Banker,St. Petersburg,FL,32251,20,34,A,98,NAR Directory,2026-07-13T17:06:41Z
CREAM-2026 07 13-00098,Eric Jackson,eric.jackson@aol.com,(305) 253-3379,Compass,Denver,CO,80879,4,16,A,77,Cold Outreach,2026-07-13T14:17:23Z
CREAM-2026 07 13-00099,Larry Cooper,lcooper@gmail.com,(929) 508-5454,Keller Williams,Brooklyn,NY,13384,5,9,A,82,LinkedIn,2026-07-13T14:12:19Z
CREAM-2026 07 13-00100,Shirley Ruiz,shirleyruiz@gmail.com,(704) 392-4818,Berkshire Hathaway HomeServices,Long Beach,CA,95869,1,7,A,83,MLS Database,2026-07-13T07:23:45Z
CREAM-2026 07 13-00101,George Smith,gsmith@hotmail.com,(980) 214-2228,HomeSmart,Mesa,AZ,85445,5,19,A,82,Realtor.com,2026-07-13T09:00:58Z
CREAM-2026 07 13-00102,Anthony Nguyen,anguyen@coldwellbanker.com,(469) 273-2322,Coldwell Banker,Orlando,FL,34275,1,11,A,80,Brokerage Listings,2026-07-13T12:12:44Z
CREAM-2026 07 13-00103,Catherine Ramos,catheriner@aol.com,(646) 258-7792,8z Real Estate,Denver,CO,81173,4,24,A,100,Trade Show,2026-07-13T09:37:26Z
CREAM-2026 07 13-00104,Barbara Rodriguez,barbarar@exprealty.com,(602) 696-5705,eXp Realty,Denver,CO,81567,3,10,A,87,LinkedIn,2026-07-13T18:02:16Z
CREAM-2026 07 13-00105,Stephen Chavez,schavez@kellerwilliams.com,(713) 209-6955,Keller Williams,Charlotte,NC,28166,5,22,A,82,Cold Outreach,2026-07-13T16:55:58Z
CREAM-2026 07 13-00106,Shirley Parker,shirley.parker@herrealtors.com,(805) 232-5619,HER Realtors,Cincinnati,OH,44875,5,19,A,87,MLS Database,2026-07-13T07:05:01Z
CREAM-2026 07 13-00107,Kevin Myers,kevinmyers@outlook.com,(919) 894-9450,eXp Realty,Raleigh,NC,27959,10,55,A,84,Cold Outreach,2026-07-13T11:18:04Z
CREAM-2026 07 13-00108,Ruth Parker,ruth.parker@hotmail.com,(980) 410-3575,Halstead,Bronx,NY,14646,3,13,A,70,LinkedIn,2026-07-13T23:48:29Z
CREAM-2026 07 13-00109,Benjamin Carter,benjamincarter@yahoo.com,(980) 661-3440,Compass,Manhattan,NY,11285,0,0,A,64,Trade Show,2026-07-13T19:11:01Z
CREAM-2026 07 13-00110,Kathleen Cooper,kcooper@aol.com,(513) 477-6155,Keller Williams,Phoenix,AZ,85130,11,38,A,68,MLS Database,2026-07-13T13:26:05Z
CREAM-2026 07 13-00111,Samuel Davis,sdavis@coldwellbanker.com,(334) 430-3240,Coldwell Banker,Columbus,OH,44916,22,30,A,83,Website Lead,2026-07-13T17:39:41Z
CREAM-2026 07 13-00112,George Wright,gwright@outlook.com,(972) 730-1297,RE/MAX,Jacksonville,FL,32609,11,53,A,73,LinkedIn,2026-07-13T22:34:40Z
CREAM-2026 07 13-00113,Eric Powell,epowell@me.com,(305) 513-6401,Keller Williams,Columbus,OH,44165,2,10,A,76,Brokerage Listings,2026-07-13T21:13:20Z
CREAM-2026 07 13-00114,Mark Baker,mbaker@outlook.com,(713) 563-1393,Allie Beth Allman,El Paso,TX,78332,9,34,A,92,MLS Database,2026-07-13T06:24:50Z
CREAM-2026 07 13-00115,Brenda Miller,brendam@coldwellbanker.com,(513) 764-1982,Coldwell Banker,Denver,CO,81580,4,13,A,97,Brokerage Listings,2026-07-13T21:20:37Z
CREAM-2026 07 13-00116,Jacob Ruiz,jacob_ruiz@icloud.com,(310) 709-1158,Keller Williams,Charlotte,NC,28720,3,14,A,88,Facebook,2026-07-13T07:30:27Z
CREAM-2026 07 13-00117,Aaron Clark,aaronclark@hotmail.com,(980) 480-3338,LIV Sotheby,Aurora,CO,80234,4,9,A,62,Cold Outreach,2026-07-13T10:43:02Z
CREAM-2026 07 13-00118,Thomas Alvarez,talvarez@compass.com,(303) 648-8496,Compass,Oakland,CA,90204,8,38,A,78,Brokerage Listings,2026-07-13T18:54:32Z
CREAM-2026 07 13-00119,Jack Robinson,jackr@outlook.com,(919) 716-3936,Compass,Charlotte,NC,27699,17,41,A,76,LinkedIn,2026-07-13T16:31:02Z
CREAM-2026 07 13-00120,Nancy Watson,nancywatson@hotmail.com,(980) 824-2293,Douglas Elliman,St. Petersburg,FL,34732,7,31,A,84,Realtor.com,2026-07-13T03:28:32Z
CREAM-2026 07 13-00121,Raymond Howard,raymondhoward@gmail.com,(713) 613-7932,Keller Williams,San Antonio,TX,79575,4,18,A,70,Brokerage Listings,2026-07-13T04:36:44Z
CREAM-2026 07 13-00122,Carol Roberts,carol.roberts@sothebyinternational.com,(303) 814-9484,Sotheby International,San Francisco,CA,96159,18,38,A,96,Facebook,2026-07-13T03:14:37Z
CREAM-2026 07 13-00123,Daniel Hill,daniel_hill@icloud.com,(919) 456-5846,Coldwell Banker,Tampa,FL,34253,6,35,A,66,Trade Show,2026-07-13T19:01:22Z
CREAM-2026 07 13-00124,Dennis Hill,dhill@outlook.com,(512) 769-2606,Keller Williams Realty,San Diego,CA,94317,0,4,A,60,MLS Database,2026-07-13T12:15:55Z
CREAM-2026 07 13-00125,Aaron Jackson,aaronjackson@aol.com,(256) 653-1648,Allen Tate,Greensboro,NC,28793,4,22,A,71,Website Lead,2026-07-13T02:31:02Z
CREAM-2026 07 13-00126,Catherine Chavez,catherinechavez@hotmail.com,(805) 444-6716,Berkshire Hathaway,Greensboro,NC,28755,2,12,A,73,Brokerage Listings,2026-07-13T02:53:40Z
CREAM-2026 07 13-00127,George Gray,george_gray@icloud.com,(614) 590-8602,Pacific Sotheby,Long Beach,CA,90758,4,25,A,71,MLS Database,2026-07-13T11:41:37Z
CREAM-2026 07 13-00128,John Flores,jflores@berkshirehathaway.com,(513) 998-4729,Berkshire Hathaway,Cincinnati,OH,43533,21,36,A,91,Referral Network,2026-07-13T01:02:50Z
CREAM-2026 07 13-00129,Mary Wood,mary.wood@gmail.com,(415) 970-2529,Brown Harris Stevens,Queens,NY,12654,24,28,A,77,Trade Show,2026-07-13T20:44:29Z
CREAM-2026 07 13-00130,Emma Price,emma_price@gmail.com,(256) 567-3816,Keller Williams,Phoenix,AZ,85391,0,1,A,95,Website Lead,2026-07-13T01:40:41Z
CREAM-2026 07 13-00131,Joseph Morris,joseph.morris@me.com,(407) 623-1163,eXp Realty,Colorado Springs,CO,80529,3,17,A,85,Facebook,2026-07-13T18:14:51Z
CREAM-2026 07 13-00132,Anna Perez,anna.perez@re/max.com,(714) 228-4350,RE/MAX,Cleveland,OH,45428,2,9,A,100,NAR Directory,2026-07-13T22:25:07Z
CREAM-2026 07 13-00133,Michael Lopez,mlopez@hotmail.com,(916) 790-8634,Keller Williams,Tucson,AZ,86389,25,61,A,75,Trade Show,2026-07-13T18:32:51Z
CREAM-2026 07 13-00134,Samantha Williams,swilliams@douglaselliman.com,(512) 566-8188,Douglas Elliman,New York City,NY,10265,5,19,A,90,Website Lead,2026-07-13T13:00:26Z
CREAM-2026 07 13-00135,Emma Jimenez,emmajimenez@outlook.com,(303) 468-5715,Keller Williams,Raleigh,NC,27355,3,21,A,61,Website Lead,2026-07-13T20:34:11Z
CREAM-2026 07 13-00136,Sarah Chavez,sarah.chavez@berkshirehathaway.com,(469) 687-1249,Berkshire Hathaway,Charlotte,NC,28488,8,30,A,90,LinkedIn,2026-07-13T13:23:41Z
CREAM-2026 07 13-00137,Kimberly Reed,kimberly.reed@corcorangroup.com,(718) 408-9661,Corcoran Group,Bronx,NY,13401,3,25,A,95,Trade Show,2026-07-13T10:51:40Z
CREAM-2026 07 13-00138,Benjamin White,benjaminwhite@hotmail.com,(214) 845-8680,Cutler Real Estate,Columbus,OH,44247,9,31,A,60,Cold Outreach,2026-07-13T09:22:02Z
CREAM-2026 07 13-00139,John Hill,jhill@yahoo.com,(980) 750-1922,Keller Williams,New York City,NY,12192,3,14,A,80,LinkedIn,2026-07-13T14:30:31Z
CREAM-2026 07 13-00140,Timothy Turner,timothyturner@icloud.com,(212) 625-1172,Berkshire Hathaway HomeServices,San Jose,CA,91277,0,5,A,92,Brokerage Listings,2026-07-13T18:16:00Z
CREAM-2026 07 13-00141,Ruth Cook,ruth.cook@icloud.com,(310) 772-8314,HER Realtors,Columbus,OH,44920,9,30,A,70,MLS Database,2026-07-13T14:21:39Z
CREAM-2026 07 13-00142,Charles Baker,cbaker@hotmail.com,(713) 926-6133,Coldwell Banker,Raleigh,NC,28225,5,23,A,95,Facebook,2026-07-13T14:09:57Z
CREAM-2026 07 13-00143,Jacob Edwards,jacobe@yahoo.com,(972) 613-2425,Century 21,Jacksonville,FL,33990,8,24,A,92,Facebook,2026-07-13T03:20:31Z
CREAM-2026 07 13-00144,Angela Clark,angelac@kellerwilliamsrealty.com,(404) 730-6159,Keller Williams Realty,Tampa,FL,33483,7,19,A,78,Website Lead,2026-07-13T21:43:02Z
CREAM-2026 07 13-00145,Alexander Taylor,alexandert@re/max.com,(303) 471-8405,RE/MAX,San Antonio,TX,77916,3,12,A,64,Brokerage Listings,2026-07-13T15:36:48Z
CREAM-2026 07 13-00146,Kevin Thompson,kevint@coldwellbanker.com,(256) 807-7021,Coldwell Banker,Columbus,OH,43437,11,55,A,86,Website Lead,2026-07-13T20:15:59Z
CREAM-2026 07 13-00147,Debra Alvarez,dalvarez@compass.com,(972) 298-4060,Compass,Bronx,NY,13955,2,5,A,78,Trade Show,2026-07-13T03:26:40Z
CREAM-2026 07 13-00148,Brenda Carter,brendac@icloud.com,(513) 496-1062,LIV Sotheby,Aurora,CO,80112,25,27,A,60,Facebook,2026-07-13T08:13:43Z
CREAM-2026 07 13-00149,Anna Torres,anna.torres@corcorangroup.com,(718) 764-7413,Corcoran Group,Staten Island,NY,14529,4,13,A,93,Realtor.com,2026-07-13T14:05:42Z
CREAM-2026 07 13-00150,Debra Bailey,debra_bailey@outlook.com,(303) 800-1677,Brown Harris Stevens,Staten Island,NY,11900,8,37,A,73,MLS Database,2026-07-13T11:36:17Z
CREAM-2026 07 13-00151,Gary King,gary.king@coldwellbanker.com,(713) 249-1067,Coldwell Banker,Tucson,AZ,86160,3,18,A,62,Website Lead,2026-07-13T16:57:59Z
CREAM-2026 07 13-00152,Justin Castillo,justincastillo@yahoo.com,(602) 331-9221,Compass,Oakland,CA,94454,17,44,A,86,LinkedIn,2026-07-13T21:01:05Z
CREAM-2026 07 13-00153,Emma Jimenez,emma_jimenez@yahoo.com,(713) 600-9626,Berkshire Hathaway,Denver,CO,80254,2,5,A,80,Brokerage Listings,2026-07-13T18:54:05Z
CREAM-2026 07 13-00154,Gregory Morgan,gregory_morgan@hotmail.com,(513) 647-8246,RE/MAX,Dallas,TX,75148,20,50,A,73,Facebook,2026-07-13T01:59:41Z
CREAM-2026 07 13-00155,Christopher Kim,christopherk@icloud.com,(303) 617-4957,Keller Williams,Aurora,CO,80485,5,22,A,80,LinkedIn,2026-07-13T23:11:40Z
CREAM-2026 07 13-00156,Charles Wood,charlesw@gmail.com,(919) 821-7765,Keller Williams,Dallas,TX,78927,2,7,A,87,Website Lead,2026-07-13T10:31:15Z
CREAM-2026 07 13-00157,Steven Rogers,stevenr@aol.com,(602) 459-6238,Nest Seekers,Bronx,NY,14596,4,15,A,96,Cold Outreach,2026-07-13T13:12:36Z
CREAM-2026 07 13-00158,Katherine Jenkins,kjenkins@berkshirehathaway.com,(720) 726-7490,Berkshire Hathaway,Cleveland,OH,45407,20,52,A,68,MLS Database,2026-07-13T18:11:20Z
CREAM-2026 07 13-00159,Laura Walker,laura_walker@gmail.com,(212) 937-8704,Keller Williams Realty,Miami,FL,32628,23,68,A,94,Referral Network,2026-07-13T18:24:41Z
CREAM-2026 07 13-00160,Thomas Taylor,thomast@exprealty.com,(713) 948-7989,eXp Realty,St. Petersburg,FL,34171,0,1,A,85,Referral Network,2026-07-13T06:41:31Z
CREAM-2026 07 13-00161,Larry Adams,ladams@hotmail.com,(714) 639-3698,RE/MAX,Scottsdale,AZ,86968,5,14,A,78,MLS Database,2026-07-13T08:14:31Z
CREAM-2026 07 13-00162,Janet Allen,janet.allen@icloud.com,(972) 449-6861,eXp Realty,Houston,TX,77298,6,31,A,83,Website Lead,2026-07-13T21:39:11Z
CREAM-2026 07 13-00163,George Walker,gwalker@compass.com,(916) 607-9912,Compass,Aurora,CO,81942,24,41,A,70,MLS Database,2026-07-13T17:57:53Z
CREAM-2026 07 13-00164,Carol Peterson,carol.peterson@kellerwilliams.com,(469) 768-7951,Keller Williams,Tucson,AZ,86878,0,1,A,84,NAR Directory,2026-07-13T14:45:20Z
CREAM-2026 07 13-00165,Pamela Ruiz,pamela.ruiz@berkshirehathaway.com,(718) 864-5182,Berkshire Hathaway,Denver,CO,80345,1,10,A,93,Cold Outreach,2026-07-13T06:48:50Z
CREAM-2026 07 13-00166,Elizabeth Anderson,elizabeth_anderson@outlook.com,(646) 968-5236,eXp Realty,San Antonio,TX,76460,5,12,A,100,Facebook,2026-07-13T02:17:40Z
CREAM-2026 07 13-00167,Helen Thomas,helenthomas@me.com,(334) 406-2539,Nest Seekers,New York City,NY,13325,1,8,A,74,Referral Network,2026-07-13T17:25:24Z
CREAM-2026 07 13-00168,Nicholas James,njames@aol.com,(305) 812-8573,Howard Hanna,Greensboro,NC,28884,25,59,A,73,Facebook,2026-07-13T20:10:26Z
CREAM-2026 07 13-00169,Ronald Perez,rperez@gmail.com,(805) 629-6626,RE/MAX,Aurora,CO,81599,0,4,A,93,Brokerage Listings,2026-07-13T22:32:03Z
CREAM-2026 07 13-00170,Jonathan Edwards,jonathanedwards@outlook.com,(972) 866-1361,Pacific Sotheby,San Jose,CA,94536,4,20,A,87,LinkedIn,2026-07-13T13:32:50Z
CREAM-2026 07 13-00171,Patricia Moore,pmoore@hotmail.com,(646) 685-5889,Coldwell Banker,Cleveland,OH,44299,13,76,A,100,LinkedIn,2026-07-13T04:14:04Z
CREAM-2026 07 13-00172,Carol Nelson,caroln@gmail.com,(303) 495-9113,Halstead,Bronx,NY,11730,24,61,A,76,Website Lead,2026-07-13T01:53:49Z
CREAM-2026 07 13-00173,Paul Watson,paulw@gmail.com,(602) 456-7698,Pacific Sotheby,Sacramento,CA,93187,17,56,A,95,Facebook,2026-07-13T15:52:23Z
CREAM-2026 07 13-00174,Daniel Long,daniell@aol.com,(720) 892-4131,Keller Williams,Cincinnati,OH,43584,1,6,A,65,LinkedIn,2026-07-13T06:37:06Z
CREAM-2026 07 13-00175,Paul Nguyen,pnguyen@hotmail.com,(713) 892-9849,RE/MAX,Miami,FL,32112,8,31,A,87,NAR Directory,2026-07-13T03:43:43Z
CREAM-2026 07 13-00176,Stephanie Powell,stephaniepowell@outlook.com,(919) 537-1498,Sotheby International,Queens,NY,10563,21,29,A,100,LinkedIn,2026-07-13T12:02:28Z
CREAM-2026 07 13-00177,Timothy Reed,treed@outlook.com,(305) 348-8619,eXp Realty,St. Petersburg,FL,34292,2,6,A,69,LinkedIn,2026-07-13T00:05:06Z
CREAM-2026 07 13-00178,Robert Jimenez,robertjimenez@outlook.com,(720) 789-8285,Compass,Colorado Springs,CO,81513,0,4,A,91,NAR Directory,2026-07-13T05:13:49Z
CREAM-2026 07 13-00179,Brian Jenkins,bjenkins@me.com,(415) 613-7855,Berkshire Hathaway,Greensboro,NC,28103,1,12,A,72,Referral Network,2026-07-13T23:36:30Z
CREAM-2026 07 13-00180,Ryan Powell,ryan_powell@me.com,(614) 415-1759,RE/MAX,Charlotte,NC,28693,0,4,A,72,Referral Network,2026-07-13T19:09:32Z
CREAM-2026 07 13-00181,Daniel Chavez,danielchavez@gmail.com,(234) 666-5721,Berkshire Hathaway,Tucson,AZ,86466,4,22,A,71,Brokerage Listings,2026-07-13T10:22:32Z
CREAM-2026 07 13-00182,Gregory Lewis,gregory_lewis@yahoo.com,(334) 832-5835,Coldwell Banker,Phoenix,AZ,85646,17,79,A,89,Facebook,2026-07-13T06:55:34Z
CREAM-2026 07 13-00183,Kimberly Ortiz,kimberly.ortiz@coldwellbanker.com,(713) 777-9271,Coldwell Banker,Oakland,CA,94871,23,30,A,89,Brokerage Listings,2026-07-13T21:58:53Z
CREAM-2026 07 13-00184,Scott Phillips,scott.phillips@outlook.com,(805) 464-7581,RE/MAX,Charlotte,NC,27131,10,69,A,78,Facebook,2026-07-13T17:03:20Z
CREAM-2026 07 13-00185,Patrick Cook,patrickc@yahoo.com,(919) 898-2142,RE/MAX,Scottsdale,AZ,86793,10,42,A,68,Brokerage Listings,2026-07-13T02:41:02Z
CREAM-2026 07 13-00186,Aaron Ross,aaron_ross@gmail.com,(916) 321-2401,Douglas Elliman,Jacksonville,FL,33966,9,32,A,85,Facebook,2026-07-13T22:45:00Z
CREAM-2026 07 13-00187,Emily Allen,emilya@icloud.com,(718) 401-9616,eXp Realty,Colorado Springs,CO,80748,4,23,A,95,Realtor.com,2026-07-13T18:14:56Z
CREAM-2026 07 13-00188,Ryan King,rking@yahoo.com,(512) 504-9246,eXp Realty,San Francisco,CA,96709,10,78,A,70,Facebook,2026-07-13T14:13:22Z
CREAM-2026 07 13-00189,Alexander Ross,alexanderross@yahoo.com,(786) 603-4208,eXp Realty,Phoenix,AZ,85589,12,39,A,97,Trade Show,2026-07-13T03:14:11Z
CREAM-2026 07 13-00190,Angela Reyes,areyes@sothebyinternational.com,(919) 915-5400,Sotheby International,San Diego,CA,95943,0,2,A,99,Trade Show,2026-07-13T06:32:34Z
CREAM-2026 07 13-00191,Robert Ross,robert.ross@gmail.com,(602) 421-2958,Keller Williams,Bronx,NY,11782,13,48,A,91,Referral Network,2026-07-13T02:10:16Z
CREAM-2026 07 13-00192,Jeffrey Edwards,jedwards@allentate.com,(720) 658-1074,Allen Tate,Charlotte,NC,27790,7,19,A,74,Realtor.com,2026-07-13T02:11:52Z
CREAM-2026 07 13-00193,Maria Ramirez,mariar@outlook.com,(980) 886-3377,Berkshire Hathaway,Cleveland,OH,43972,0,3,A,97,Realtor.com,2026-07-13T18:52:57Z
CREAM-2026 07 13-00194,Heather Cooper,heather.cooper@exprealty.com,(256) 820-8776,eXp Realty,San Antonio,TX,77904,4,20,A,73,Realtor.com,2026-07-13T09:00:53Z
CREAM-2026 07 13-00195,John Allen,johnallen@yahoo.com,(214) 827-4969,Berkshire Hathaway,Orlando,FL,32425,12,32,A,100,Cold Outreach,2026-07-13T18:53:10Z
CREAM-2026 07 13-00196,Jerry Turner,jerry.turner@kellerwilliams.com,(310) 656-3364,Keller Williams,Dallas,TX,76230,18,54,A,75,Cold Outreach,2026-07-13T17:19:07Z
CREAM-2026 07 13-00197,Laura Hill,laura.hill@exprealty.com,(256) 865-5919,eXp Realty,San Jose,CA,95395,4,19,A,74,LinkedIn,2026-07-13T06:17:12Z
CREAM-2026 07 13-00198,Amy Scott,ascott@me.com,(602) 287-3318,Halstead,Staten Island,NY,13539,1,6,A,92,Realtor.com,2026-07-13T09:40:25Z
CREAM-2026 07 13-00199,Kenneth Kim,kennethkim@me.com,(513) 415-4099,RE/MAX,Oakland,CA,91366,19,57,A,100,Facebook,2026-07-13T10:16:50Z
CREAM-2026 07 13-00200,Kathleen Smith,kathleens@hotmail.com,(407) 421-9398,eXp Realty,San Jose,CA,90992,5,23,A,73,MLS Database,2026-07-13T18:42:36Z
CREAM-2026 07 13-00201,Patricia Cruz,patricia_cruz@aol.com,(614) 258-2256,RE/MAX,Fort Worth,TX,77946,22,41,A,95,Cold Outreach,2026-07-13T21:08:09Z
CREAM-2026 07 13-00202,Lisa Taylor,lisat@icloud.com,(786) 223-6985,Keller Williams Realty,Miami,FL,32121,16,75,A,79,Realtor.com,2026-07-13T15:48:40Z
CREAM-2026 07 13-00203,Jerry Edwards,jerry_edwards@me.com,(212) 681-3469,Berkshire Hathaway HomeServices,Long Beach,CA,95489,18,77,A,69,Trade Show,2026-07-13T18:08:39Z
CREAM-2026 07 13-00204,Joshua Long,joshua.long@compass.com,(407) 215-1280,Compass,Miami,FL,33370,13,69,A,97,Trade Show,2026-07-13T09:19:53Z
CREAM-2026 07 13-00205,Susan Chavez,susanc@coldwellbanker.com,(214) 515-9367,Coldwell Banker,Greensboro,NC,28452,1,7,A,64,Realtor.com,2026-07-13T16:11:58Z
CREAM-2026 07 13-00206,Benjamin Smith,benjamin.smith@aol.com,(980) 914-4844,Keller Williams Realty,Los Angeles,CA,93349,17,72,A,65,NAR Directory,2026-07-13T03:42:27Z
CREAM-2026 07 13-00207,Richard Nguyen,rnguyen@icloud.com,(212) 942-7724,HomeSmart,Mesa,AZ,85490,0,4,A,61,Brokerage Listings,2026-07-13T22:56:00Z
CREAM-2026 07 13-00208,John Scott,jscott@aol.com,(919) 892-6100,Douglas Elliman,Bronx,NY,14366,23,50,A,87,Website Lead,2026-07-13T05:59:36Z
CREAM-2026 07 13-00209,Emily Jenkins,emily.jenkins@hotmail.com,(214) 789-8788,Coldwell Banker,Greensboro,NC,28778,17,30,A,87,Referral Network,2026-07-13T02:40:19Z
CREAM-2026 07 13-00210,Jonathan Green,jonathangreen@aol.com,(720) 944-8997,eXp Realty,Cleveland,OH,45834,21,73,A,69,MLS Database,2026-07-13T06:14:11Z
CREAM-2026 07 13-00211,Shirley Long,shirleyl@icloud.com,(334) 314-8380,Coldwell Banker,Charlotte,NC,28579,5,24,A,95,MLS Database,2026-07-13T19:10:00Z
CREAM-2026 07 13-00212,Elizabeth Perry,elizabeth.perry@icloud.com,(805) 936-5559,Coldwell Banker,Tampa,FL,33430,10,27,A,66,Realtor.com,2026-07-13T08:19:42Z
CREAM-2026 07 13-00213,Scott Castillo,scott.castillo@aol.com,(980) 371-6870,Howard Hanna,Charlotte,NC,28147,2,7,A,87,NAR Directory,2026-07-13T21:03:42Z
CREAM-2026 07 13-00214,Eric Wood,ewood@gmail.com,(919) 669-5586,eXp Realty,Raleigh,NC,28300,0,1,A,61,Realtor.com,2026-07-13T19:52:31Z
CREAM-2026 07 13-00215,Rachel Howard,rachel_howard@hotmail.com,(513) 642-7686,Russell Lyon Sotheby,Scottsdale,AZ,85392,25,76,A,73,Trade Show,2026-07-13T05:54:10Z
CREAM-2026 07 13-00216,Heather Patel,heatherp@hotmail.com,(469) 746-8572,Sotheby International,Bronx,NY,13986,21,45,A,98,Referral Network,2026-07-13T17:41:14Z
CREAM-2026 07 13-00217,Scott Miller,scott.miller@outlook.com,(718) 615-5016,Coldwell Banker,Orlando,FL,33470,11,63,A,88,MLS Database,2026-07-13T02:39:07Z
CREAM-2026 07 13-00218,Jason Foster,jasonf@outlook.com,(234) 723-1182,Berkshire Hathaway,Charlotte,NC,27671,2,4,A,65,Realtor.com,2026-07-13T14:07:54Z
CREAM-2026 07 13-00219,Karen Richardson,karen_richardson@yahoo.com,(212) 870-8887,eXp Realty,Charlotte,NC,28926,16,66,A,72,Brokerage Listings,2026-07-13T05:52:40Z
CREAM-2026 07 13-00220,Donald Brown,donaldb@gmail.com,(512) 992-5031,Coldwell Banker,Phoenix,AZ,85705,1,4,A,91,Facebook,2026-07-13T17:52:18Z
CREAM-2026 07 13-00221,Emma Wilson,emmawilson@me.com,(919) 640-9702,Berkshire Hathaway,El Paso,TX,78765,4,17,A,66,Facebook,2026-07-13T13:44:49Z
CREAM-2026 07 13-00222,Ashley Jackson,ashleyjackson@me.com,(512) 574-1574,Cutler Real Estate,Columbus,OH,44744,9,36,A,83,Facebook,2026-07-13T23:41:31Z
CREAM-2026 07 13-00223,Anna King,anna.king@douglaselliman.com,(469) 365-2036,Douglas Elliman,El Paso,TX,75423,5,24,A,73,Trade Show,2026-07-13T23:07:02Z
CREAM-2026 07 13-00224,Charles Ruiz,cruiz@allentate.com,(214) 473-5878,Allen Tate,Raleigh,NC,28125,3,20,A,68,Brokerage Listings,2026-07-13T17:09:16Z
CREAM-2026 07 13-00225,Pamela King,pking@yahoo.com,(512) 929-5140,Long Realty,Scottsdale,AZ,85874,22,71,A,66,Website Lead,2026-07-13T13:05:00Z
CREAM-2026 07 13-00226,Katherine Ross,katheriner@me.com,(334) 773-5717,LIV Sotheby,Denver,CO,81440,19,31,A,92,Realtor.com,2026-07-13T02:42:37Z
CREAM-2026 07 13-00227,Pamela Ramirez,pamela.ramirez@coldwellbanker.com,(415) 688-7223,Coldwell Banker,Columbus,OH,43440,7,17,A,98,Cold Outreach,2026-07-13T17:19:29Z
CREAM-2026 07 13-00228,Nicholas Robinson,nicholas_robinson@outlook.com,(512) 332-6635,eXp Realty,Colorado Springs,CO,80407,15,80,A,88,LinkedIn,2026-07-13T11:59:20Z
CREAM-2026 07 13-00229,Tyler Scott,tyler.scott@huntingtonrealestate.com,(714) 278-5419,Huntington Real Estate,Columbus,OH,45571,4,19,A,86,Facebook,2026-07-13T04:10:08Z
CREAM-2026 07 13-00230,Jessica Smith,jessicasmith@aol.com,(972) 939-2981,Keller Williams,Queens,NY,13867,13,60,A,80,Website Lead,2026-07-13T08:34:53Z
CREAM-2026 07 13-00231,Nicholas Howard,nhoward@gmail.com,(303) 588-5423,Corcoran Group,Staten Island,NY,13330,2,8,A,84,Facebook,2026-07-13T10:06:59Z
CREAM-2026 07 13-00232,Lisa Cox,lisa_cox@gmail.com,(407) 383-6268,HER Realtors,Cleveland,OH,45581,1,9,A,89,Brokerage Listings,2026-07-13T06:01:45Z
CREAM-2026 07 13-00233,Amanda Alvarez,amanda.alvarez@me.com,(512) 846-5267,Sotheby International,Oakland,CA,93887,5,14,A,95,Brokerage Listings,2026-07-13T09:29:11Z
CREAM-2026 07 13-00234,Stephen Edwards,stephen.edwards@gmail.com,(310) 532-1435,Douglas Elliman,Orlando,FL,32618,5,10,A,72,NAR Directory,2026-07-13T07:10:50Z
CREAM-2026 07 13-00235,Eric Castillo,eric_castillo@icloud.com,(214) 418-2681,eXp Realty,Colorado Springs,CO,80787,0,4,A,64,Brokerage Listings,2026-07-13T11:50:56Z
CREAM-2026 07 13-00236,Jack Scott,jack.scott@gmail.com,(513) 277-4794,LIV Sotheby,Aurora,CO,81817,17,62,A,80,LinkedIn,2026-07-13T17:21:28Z
CREAM-2026 07 13-00237,Timothy Johnson,timothyjohnson@yahoo.com,(512) 516-7112,8z Real Estate,Denver,CO,80356,19,53,A,60,Realtor.com,2026-07-13T12:44:17Z
CREAM-2026 07 13-00238,Emily Young,emilyy@me.com,(714) 228-2296,Berkshire Hathaway,Dallas,TX,77274,1,4,A,93,MLS Database,2026-07-13T18:47:00Z
CREAM-2026 07 13-00239,Jack Nelson,jnelson@douglaselliman.com,(512) 767-3775,Douglas Elliman,Jacksonville,FL,34170,25,32,A,72,LinkedIn,2026-07-13T05:45:45Z
CREAM-2026 07 13-00240,Michelle Cook,michelle.cook@kellerwilliamsrealty.com,(786) 766-5109,Keller Williams Realty,San Diego,CA,93477,1,10,A,66,Cold Outreach,2026-07-13T07:42:22Z
CREAM-2026 07 13-00241,Carolyn Moore,carolynm@icloud.com,(714) 820-3179,Sotheby International,San Francisco,CA,92814,3,12,A,61,Brokerage Listings,2026-07-13T00:47:09Z
CREAM-2026 07 13-00242,Barbara Lewis,blewis@me.com,(972) 706-9890,Russell Lyon Sotheby,Tucson,AZ,86818,11,68,A,96,Website Lead,2026-07-13T05:20:09Z
CREAM-2026 07 13-00243,Debra Murphy,debra.murphy@nestseekers.com,(212) 271-9013,Nest Seekers,Brooklyn,NY,12907,4,19,A,94,Brokerage Listings,2026-07-13T22:14:57Z
CREAM-2026 07 13-00244,Frank Johnson,frank.johnson@exprealty.com,(916) 976-3375,eXp Realty,Mesa,AZ,85899,1,11,A,67,Trade Show,2026-07-13T08:16:32Z
CREAM-2026 07 13-00245,Raymond Phillips,rphillips@icloud.com,(980) 491-4485,Berkshire Hathaway,Charlotte,NC,27775,5,23,A,61,NAR Directory,2026-07-13T15:41:13Z
CREAM-2026 07 13-00246,Jerry Miller,jerry_miller@outlook.com,(916) 948-2482,HomeSmart,Scottsdale,AZ,86666,22,61,A,96,Brokerage Listings,2026-07-13T15:44:15Z
CREAM-2026 07 13-00247,Betty Hall,betty_hall@hotmail.com,(512) 652-7195,eXp Realty,Tampa,FL,32942,10,48,A,96,Realtor.com,2026-07-13T11:28:07Z
CREAM-2026 07 13-00248,Maria Campbell,maria_campbell@me.com,(916) 456-6837,RE/MAX,Tampa,FL,34403,4,19,A,94,Realtor.com,2026-07-13T11:08:55Z
CREAM-2026 07 13-00249,Ronald Mitchell,rmitchell@gmail.com,(404) 843-1750,Coldwell Banker,Colorado Springs,CO,80106,3,9,A,80,Website Lead,2026-07-13T08:48:19Z
CREAM-2026 07 13-00250,Emma Lewis,emma.lewis@aol.com,(614) 322-2864,Compass,Bronx,NY,12523,17,32,A,92,LinkedIn,2026-07-13T12:51:49Z
CREAM-2026 07 13-00251,Debra Murphy,debra_murphy@icloud.com,(786) 529-8779,Berkshire Hathaway,Phoenix,AZ,85854,5,23,A,62,Cold Outreach,2026-07-13T04:50:55Z
CREAM-2026 07 13-00252,Jennifer Murphy,jenniferm@livsotheby.com,(513) 975-2677,LIV Sotheby,Denver,CO,80646,2,10,A,80,NAR Directory,2026-07-13T20:33:29Z
CREAM-2026 07 13-00253,Amanda Ortiz,amanda.ortiz@yahoo.com,(310) 214-6551,Coldwell Banker,San Diego,CA,93675,15,68,A,68,Facebook,2026-07-13T09:02:38Z
CREAM-2026 07 13-00254,Barbara Morris,barbaramorris@icloud.com,(256) 785-8296,Coldwell Banker,Greensboro,NC,27178,20,57,A,67,Cold Outreach,2026-07-13T04:36:50Z
CREAM-2026 07 13-00255,Nicole Allen,nicole.allen@cutlerrealestate.com,(602) 289-2670,Cutler Real Estate,Cleveland,OH,44315,1,10,A,68,LinkedIn,2026-07-13T04:14:34Z
CREAM-2026 07 13-00256,Benjamin Edwards,benjamine@kellerwilliamsrealty.com,(713) 645-9598,Keller Williams Realty,Long Beach,CA,95395,11,39,A,82,Trade Show,2026-07-13T17:50:19Z
CREAM-2026 07 13-00257,Ruth Wright,ruth_wright@me.com,(718) 226-3821,RE/MAX,Orlando,FL,34375,6,35,A,78,Cold Outreach,2026-07-13T05:19:43Z
CREAM-2026 07 13-00258,Jacob James,jacobjames@gmail.com,(214) 478-3913,eXp Realty,Greensboro,NC,28703,10,49,A,87,MLS Database,2026-07-13T21:12:40Z
CREAM-2026 07 13-00259,Ruth Hughes,ruth.hughes@me.com,(602) 697-9658,RE/MAX,Jacksonville,FL,32413,5,14,A,66,Website Lead,2026-07-13T11:20:52Z
CREAM-2026 07 13-00260,Jeffrey Ross,jross@hotmail.com,(512) 307-5324,Howard Hanna,Raleigh,NC,28374,2,5,A,96,Trade Show,2026-07-13T23:04:41Z
CREAM-2026 07 13-00261,Mary Collins,mary.collins@longrealty.com,(415) 827-9926,Long Realty,Phoenix,AZ,86714,14,64,A,69,Trade Show,2026-07-13T04:55:42Z
CREAM-2026 07 13-00262,Daniel Brown,danielbrown@me.com,(407) 263-4716,eXp Realty,Raleigh,NC,28256,4,10,A,79,Realtor.com,2026-07-13T09:33:51Z
CREAM-2026 07 13-00263,Laura Nguyen,lauran@outlook.com,(407) 798-5323,Compass,Tampa,FL,32166,1,3,A,64,MLS Database,2026-07-13T09:23:43Z
CREAM-2026 07 13-00264,Deborah Perry,deborahp@re/max.com,(512) 828-4823,RE/MAX,Denver,CO,81970,17,54,A,63,Realtor.com,2026-07-13T21:43:34Z
CREAM-2026 07 13-00265,Carolyn White,carolynwhite@hotmail.com,(407) 789-5118,Keller Williams Realty,Los Angeles,CA,95482,2,3,A,92,Cold Outreach,2026-07-13T06:55:53Z
CREAM-2026 07 13-00266,Jessica Smith,jessicas@re/max.com,(786) 750-2308,RE/MAX,Tucson,AZ,85384,15,51,A,70,NAR Directory,2026-07-13T16:04:42Z
CREAM-2026 07 13-00267,Emma Myers,emmam@russelllyonsotheby.com,(407) 776-7220,Russell Lyon Sotheby,Scottsdale,AZ,86513,11,80,A,87,Trade Show,2026-07-13T04:37:21Z
CREAM-2026 07 13-00268,Sandra Robinson,sandra.robinson@sothebyinternational.com,(513) 714-5643,Sotheby International,New York City,NY,12206,11,62,A,64,Website Lead,2026-07-13T16:42:43Z
CREAM-2026 07 13-00269,Kimberly Lewis,klewis@aol.com,(916) 398-6824,Cutler Real Estate,Cincinnati,OH,45966,11,65,A,95,LinkedIn,2026-07-13T20:02:46Z
CREAM-2026 07 13-00270,Emily Baker,emilybaker@icloud.com,(513) 790-2087,eXp Realty,Cleveland,OH,43717,22,31,A,96,Website Lead,2026-07-13T06:00:28Z
CREAM-2026 07 13-00271,Donald Ward,dward@yahoo.com,(786) 835-2218,Cutler Real Estate,Columbus,OH,45657,5,22,A,100,Referral Network,2026-07-13T13:44:26Z
CREAM-2026 07 13-00272,Anthony Rodriguez,anthony_rodriguez@aol.com,(786) 285-4864,RE/MAX,Charlotte,NC,27528,5,13,A,65,Cold Outreach,2026-07-13T16:51:03Z
CREAM-2026 07 13-00273,Jason Alvarez,jason_alvarez@gmail.com,(720) 288-8708,eXp Realty,St. Petersburg,FL,32385,3,17,A,63,MLS Database,2026-07-13T06:29:34Z
CREAM-2026 07 13-00274,Betty Cox,betty_cox@icloud.com,(786) 615-7098,Century 21,Tampa,FL,32837,20,40,A,91,Website Lead,2026-07-13T10:56:09Z
CREAM-2026 07 13-00275,Maria Collins,mcollins@hotmail.com,(720) 585-3489,Coldwell Banker,Fort Lauderdale,FL,34181,1,3,A,63,MLS Database,2026-07-13T23:24:42Z
CREAM-2026 07 13-00276,Kathleen Adams,kadams@brownharrisstevens.com,(602) 475-6790,Brown Harris Stevens,Bronx,NY,11137,5,16,A,85,Referral Network,2026-07-13T13:51:51Z
CREAM-2026 07 13-00277,Thomas Long,thomasl@kellerwilliams.com,(407) 867-1165,Keller Williams,Brooklyn,NY,14571,2,10,A,67,Realtor.com,2026-07-13T13:18:40Z
CREAM-2026 07 13-00278,Amy Jimenez,amy.jimenez@aol.com,(919) 369-4698,eXp Realty,Greensboro,NC,28877,4,8,A,78,Realtor.com,2026-07-13T15:50:07Z
CREAM-2026 07 13-00279,Angela Cox,angela.cox@gmail.com,(980) 767-6584,RE/MAX,Tucson,AZ,85137,18,29,A,60,Cold Outreach,2026-07-13T12:50:10Z
CREAM-2026 07 13-00280,Joseph Hill,joseph.hill@icloud.com,(972) 434-2039,Douglas Elliman,San Antonio,TX,79723,1,9,A,64,Cold Outreach,2026-07-13T15:28:26Z
CREAM-2026 07 13-00281,William Jones,williamjones@me.com,(310) 407-9908,RE/MAX,Austin,TX,76849,13,72,A,83,Website Lead,2026-07-13T04:48:24Z
CREAM-2026 07 13-00282,Nicole Baker,nicoleb@hotmail.com,(214) 763-6172,Compass,Raleigh,NC,27481,9,23,A,78,Referral Network,2026-07-13T06:09:45Z
CREAM-2026 07 13-00283,Heather Garcia,hgarcia@re/max.com,(234) 750-8172,RE/MAX,Raleigh,NC,27726,4,12,A,95,Facebook,2026-07-13T01:36:04Z
CREAM-2026 07 13-00284,Christine Harris,charris@yahoo.com,(214) 315-1864,Douglas Elliman,Tampa,FL,34192,23,27,A,76,Facebook,2026-07-13T01:28:59Z
CREAM-2026 07 13-00285,Maria Alvarez,malvarez@hotmail.com,(214) 705-7745,Keller Williams Realty,San Francisco,CA,92920,1,6,A,80,Referral Network,2026-07-13T23:26:48Z
CREAM-2026 07 13-00286,Amy Nelson,amy.nelson@re/max.com,(512) 217-3498,RE/MAX,Austin,TX,76891,12,25,A,65,Brokerage Listings,2026-07-13T17:41:06Z
CREAM-2026 07 13-00287,Steven Sanders,stevens@hotmail.com,(704) 878-9871,Douglas Elliman,Jacksonville,FL,32885,12,73,A,94,Realtor.com,2026-07-13T03:50:50Z
CREAM-2026 07 13-00288,Anthony Chavez,anthony.chavez@longrealty.com,(310) 715-7945,Long Realty,Phoenix,AZ,86801,2,4,A,74,Facebook,2026-07-13T13:47:15Z
CREAM-2026 07 13-00289,George Morales,georgem@outlook.com,(310) 261-8954,Berkshire Hathaway HomeServices,Oakland,CA,94796,2,6,A,73,Trade Show,2026-07-13T21:42:09Z
CREAM-2026 07 13-00290,Raymond Murphy,rmurphy@hotmail.com,(469) 867-7696,Douglas Elliman,San Antonio,TX,77794,2,7,A,67,Facebook,2026-07-13T02:34:40Z
CREAM-2026 07 13-00291,Justin Nguyen,jnguyen@outlook.com,(614) 361-4050,Sotheby International,Staten Island,NY,13409,15,50,A,77,NAR Directory,2026-07-13T21:30:00Z
CREAM-2026 07 13-00292,Nicholas James,nicholasjames@gmail.com,(714) 945-8432,Compass,Los Angeles,CA,96772,4,19,A,64,Realtor.com,2026-07-13T12:07:22Z
CREAM-2026 07 13-00293,Tyler Collins,tyler.collins@aol.com,(786) 721-5423,Allie Beth Allman,Fort Worth,TX,75380,21,59,A,68,Referral Network,2026-07-13T08:27:29Z
CREAM-2026 07 13-00294,Emma Smith,emmas@yahoo.com,(513) 984-5132,Compass,Manhattan,NY,10604,18,36,A,80,NAR Directory,2026-07-13T04:21:29Z
CREAM-2026 07 13-00295,Rebecca Williams,rebeccaw@berkshirehathaway.com,(407) 486-5143,Berkshire Hathaway,San Antonio,TX,77271,6,26,A,96,LinkedIn,2026-07-13T22:18:59Z
CREAM-2026 07 13-00296,Nicholas Richardson,nrichardson@aol.com,(256) 648-1230,Halstead,Staten Island,NY,12837,7,27,A,71,Referral Network,2026-07-13T00:35:59Z
CREAM-2026 07 13-00297,Patricia Mendoza,patricia.mendoza@gmail.com,(512) 360-6164,RE/MAX,Cincinnati,OH,43639,21,57,A,63,Realtor.com,2026-07-13T08:40:57Z
CREAM-2026 07 13-00298,Michelle King,mking@icloud.com,(305) 975-4452,RE/MAX,Colorado Springs,CO,80781,11,39,A,98,Trade Show,2026-07-13T16:26:09Z
CREAM-2026 07 13-00299,Christine Turner,christine.turner@russelllyonsotheby.com,(980) 937-6234,Russell Lyon Sotheby,Mesa,AZ,86965,9,40,A,78,Trade Show,2026-07-13T13:40:14Z
CREAM-2026 07 13-00300,Christine Martin,cmartin@icloud.com,(310) 670-6993,Douglas Elliman,Houston,TX,79689,24,48,A,89,LinkedIn,2026-07-13T11:00:43Z
CREAM-2026 07 13-00301,Mary Morris,mary.morris@hotmail.com,(614) 239-9989,Berkshire Hathaway HomeServices,San Diego,CA,90171,3,24,A,87,Facebook,2026-07-13T00:59:00Z
CREAM-2026 07 13-00302,Deborah Sanchez,deborahs@outlook.com,(407) 939-5956,Keller Williams Realty,Miami,FL,34519,5,16,A,87,Referral Network,2026-07-13T07:41:30Z
CREAM-2026 07 13-00303,James Johnson,jjohnson@berkshirehathaway.com,(310) 207-5727,Berkshire Hathaway,Jacksonville,FL,33142,13,64,A,76,Realtor.com,2026-07-13T19:55:33Z
CREAM-2026 07 13-00304,Kimberly Lee,kimberlyl@outlook.com,(602) 734-7106,RE/MAX,Columbus,OH,43987,5,10,A,73,Brokerage Listings,2026-07-13T05:24:01Z
CREAM-2026 07 13-00305,Angela Phillips,aphillips@re/max.com,(512) 302-1488,RE/MAX,Raleigh,NC,27847,19,57,A,66,Facebook,2026-07-13T02:16:12Z
CREAM-2026 07 13-00306,Nicole Harris,nicoleh@re/max.com,(786) 591-2119,RE/MAX,Denver,CO,80331,4,10,A,84,Referral Network,2026-07-13T11:05:07Z
CREAM-2026 07 13-00307,Ashley Johnson,ajohnson@exprealty.com,(334) 957-8952,eXp Realty,Orlando,FL,34362,10,43,A,64,Realtor.com,2026-07-13T04:39:04Z
CREAM-2026 07 13-00308,Edward Collins,ecollins@icloud.com,(305) 329-5128,Douglas Elliman,Bronx,NY,12917,19,36,A,86,MLS Database,2026-07-13T01:47:33Z
CREAM-2026 07 13-00309,Ashley Myers,ashleym@aol.com,(469) 269-9030,Pacific Sotheby,Long Beach,CA,96516,24,66,A,64,Referral Network,2026-07-13T23:24:53Z
CREAM-2026 07 13-00310,Carol Brown,carolbrown@hotmail.com,(212) 300-9694,RE/MAX,Columbus,OH,44245,1,7,A,87,Brokerage Listings,2026-07-13T21:13:17Z
CREAM-2026 07 13-00311,Charles Edwards,charlese@brownharrisstevens.com,(404) 682-3343,Brown Harris Stevens,Queens,NY,13758,0,0,A,93,Website Lead,2026-07-13T02:44:48Z
CREAM-2026 07 13-00312,Jennifer Long,jennifer_long@me.com,(720) 365-8365,Keller Williams,Charlotte,NC,28969,0,3,A,71,Trade Show,2026-07-13T09:12:52Z
CREAM-2026 07 13-00313,Benjamin Peterson,benjamin.peterson@yahoo.com,(972) 648-7855,Compass,Staten Island,NY,11939,11,60,A,60,Cold Outreach,2026-07-13T09:27:47Z
CREAM-2026 07 13-00314,Paul Gonzalez,pgonzalez@kellerwilliams.com,(256) 617-4086,Keller Williams,Colorado Springs,CO,81524,8,26,A,73,Referral Network,2026-07-13T11:38:16Z
CREAM-2026 07 13-00315,Margaret Cook,margaretcook@aol.com,(415) 629-1713,Century 21,Tampa,FL,33625,23,75,A,88,MLS Database,2026-07-13T10:23:58Z
CREAM-2026 07 13-00316,Ryan Hall,rhall@nestseekers.com,(916) 530-2449,Nest Seekers,New York City,NY,14312,0,2,A,81,Cold Outreach,2026-07-13T18:14:33Z
CREAM-2026 07 13-00317,Jack Castillo,jack.castillo@gmail.com,(929) 225-2045,Keller Williams,Queens,NY,10585,23,27,A,73,MLS Database,2026-07-13T14:19:10Z
CREAM-2026 07 13-00318,Mary Harris,maryh@herrealtors.com,(512) 703-7412,HER Realtors,Cincinnati,OH,45394,16,79,A,92,Realtor.com,2026-07-13T22:33:00Z
CREAM-2026 07 13-00319,Diane Perry,diane_perry@icloud.com,(415) 424-1705,Coldwell Banker,Fort Worth,TX,75707,13,58,A,91,Trade Show,2026-07-13T05:57:56Z
CREAM-2026 07 13-00320,Helen Wilson,helenw@kellerwilliams.com,(404) 247-3865,Keller Williams,Queens,NY,12197,17,61,A,93,LinkedIn,2026-07-13T14:59:12Z
CREAM-2026 07 13-00321,Sandra Hernandez,shernandez@aol.com,(805) 849-3937,8z Real Estate,Denver,CO,81291,1,12,A,80,Website Lead,2026-07-13T15:59:48Z
CREAM-2026 07 13-00322,Dennis Gutierrez,dennisg@yahoo.com,(513) 229-6310,Douglas Elliman,Tampa,FL,32834,2,10,A,80,LinkedIn,2026-07-13T08:29:55Z
CREAM-2026 07 13-00323,Gregory Hughes,gregoryh@gmail.com,(786) 806-9068,Coldwell Banker,San Antonio,TX,75364,23,65,A,60,NAR Directory,2026-07-13T01:00:02Z
CREAM-2026 07 13-00324,Maria Myers,maria.myers@outlook.com,(512) 539-2370,eXp Realty,Los Angeles,CA,96960,21,55,A,63,Cold Outreach,2026-07-13T20:36:01Z
CREAM-2026 07 13-00325,Pamela Moore,pamelamoore@yahoo.com,(786) 666-8608,HER Realtors,Cleveland,OH,44287,25,66,A,64,LinkedIn,2026-07-13T19:34:25Z
CREAM-2026 07 13-00326,Joshua Foster,joshuafoster@yahoo.com,(718) 605-2272,HomeSmart,Scottsdale,AZ,85798,10,26,A,83,Trade Show,2026-07-13T20:24:35Z
CREAM-2026 07 13-00327,Jack Flores,jackflores@icloud.com,(929) 926-8409,Berkshire Hathaway HomeServices,San Jose,CA,96475,13,38,A,61,NAR Directory,2026-07-13T06:35:17Z
CREAM-2026 07 13-00328,Patrick Ward,pward@icloud.com,(234) 374-7721,Coldwell Banker,Greensboro,NC,28495,23,26,A,82,Facebook,2026-07-13T18:52:11Z
CREAM-2026 07 13-00329,Maria Moore,maria.moore@outlook.com,(234) 695-1634,Compass,Bronx,NY,14304,21,69,A,95,Website Lead,2026-07-13T20:36:42Z
CREAM-2026 07 13-00330,John Watson,john_watson@gmail.com,(512) 458-9236,HER Realtors,Cincinnati,OH,44683,21,62,A,84,Website Lead,2026-07-13T13:18:53Z
CREAM-2026 07 13-00331,Larry James,larryj@icloud.com,(513) 966-7309,Berkshire Hathaway,Fort Worth,TX,77649,15,25,A,60,LinkedIn,2026-07-13T10:29:42Z
CREAM-2026 07 13-00332,Kenneth Jackson,kjackson@icloud.com,(646) 300-3872,HomeSmart,Scottsdale,AZ,86275,1,5,A,63,Cold Outreach,2026-07-13T10:53:19Z
CREAM-2026 07 13-00333,Diane Gomez,dianeg@yahoo.com,(646) 452-4833,Keller Williams,Scottsdale,AZ,85549,13,44,A,80,Trade Show,2026-07-13T21:57:48Z
CREAM-2026 07 13-00334,Catherine Long,clong@me.com,(714) 203-8130,8z Real Estate,Denver,CO,81730,10,33,A,81,LinkedIn,2026-07-13T21:30:47Z
CREAM-2026 07 13-00335,Diane Nelson,dnelson@icloud.com,(713) 514-3738,Allie Beth Allman,Fort Worth,TX,76404,6,24,A,83,LinkedIn,2026-07-13T15:45:28Z
CREAM-2026 07 13-00336,Catherine Hernandez,catherine.hernandez@kellerwilliams.com,(234) 687-5921,Keller Williams,Fort Worth,TX,76754,20,52,A,73,Referral Network,2026-07-13T09:45:52Z
CREAM-2026 07 13-00337,Gary Morales,gmorales@compass.com,(713) 676-1428,Compass,Denver,CO,81540,5,19,A,85,Cold Outreach,2026-07-13T18:35:07Z
CREAM-2026 07 13-00338,Margaret Jimenez,margaretj@huntingtonrealestate.com,(602) 890-3246,Huntington Real Estate,Cincinnati,OH,44714,16,74,A,92,Website Lead,2026-07-13T03:30:38Z
CREAM-2026 07 13-00339,Elizabeth Rivera,erivera@hotmail.com,(704) 924-4936,Berkshire Hathaway,Cleveland,OH,43788,2,7,A,90,Facebook,2026-07-13T09:05:53Z
CREAM-2026 07 13-00340,Jerry Howard,jerry.howard@corcorangroup.com,(256) 324-2501,Corcoran Group,Bronx,NY,12698,3,24,A,97,Referral Network,2026-07-13T21:10:15Z
CREAM-2026 07 13-00341,Elizabeth Johnson,elizabethj@coldwellbanker.com,(256) 542-1280,Coldwell Banker,Los Angeles,CA,93920,4,11,A,92,Trade Show,2026-07-13T05:11:23Z
CREAM-2026 07 13-00342,Benjamin Jenkins,bjenkins@yahoo.com,(415) 937-1850,eXp Realty,Denver,CO,81961,0,5,A,74,Cold Outreach,2026-07-13T13:32:36Z
CREAM-2026 07 13-00343,Andrew Nelson,andrew.nelson@yahoo.com,(919) 910-1833,Allie Beth Allman,Houston,TX,78470,10,44,A,81,Website Lead,2026-07-13T03:38:37Z
CREAM-2026 07 13-00344,Cynthia Collins,ccollins@yahoo.com,(713) 530-9115,eXp Realty,Mesa,AZ,85886,8,40,A,70,Brokerage Listings,2026-07-13T11:06:36Z
CREAM-2026 07 13-00345,Eric Richardson,eric_richardson@hotmail.com,(407) 974-9776,Coldwell Banker,San Francisco,CA,92475,7,38,A,94,Realtor.com,2026-07-13T02:30:37Z
CREAM-2026 07 13-00346,Emma Lewis,elewis@century21.com,(469) 463-2397,Century 21,Tampa,FL,32635,25,39,A,86,MLS Database,2026-07-13T20:39:14Z
CREAM-2026 07 13-00347,Matthew Sanders,msanders@aol.com,(234) 919-5107,Coldwell Banker,Mesa,AZ,85920,1,11,A,86,Facebook,2026-07-13T20:52:26Z
CREAM-2026 07 13-00348,Deborah Morris,dmorris@kellerwilliams.com,(916) 330-4705,Keller Williams,Cleveland,OH,44220,3,25,A,76,Brokerage Listings,2026-07-13T00:33:15Z
CREAM-2026 07 13-00349,Carol Brown,carolb@yahoo.com,(614) 751-8682,Keller Williams,Phoenix,AZ,86503,24,29,A,99,Referral Network,2026-07-13T21:34:18Z
CREAM-2026 07 13-00350,Mark Gonzalez,markgonzalez@hotmail.com,(713) 653-1787,eXp Realty,Fort Worth,TX,77703,3,15,A,95,MLS Database,2026-07-13T14:38:06Z
CREAM-2026 07 13-00351,James Kelly,james_kelly@yahoo.com,(415) 953-7091,RE/MAX,Mesa,AZ,85137,20,43,A,78,Website Lead,2026-07-13T05:12:11Z
CREAM-2026 07 13-00352,Paul Collins,paul_collins@yahoo.com,(469) 508-3798,Keller Williams Realty,Long Beach,CA,92395,19,75,A,87,Referral Network,2026-07-13T21:32:02Z
CREAM-2026 07 13-00353,Lisa Scott,lisa_scott@yahoo.com,(916) 754-9099,LIV Sotheby,Denver,CO,81981,15,63,A,97,Facebook,2026-07-13T01:13:23Z
CREAM-2026 07 13-00354,Matthew Castillo,matthew.castillo@me.com,(718) 904-5600,Brown Harris Stevens,Manhattan,NY,13351,12,52,A,96,Referral Network,2026-07-13T09:51:06Z
CREAM-2026 07 13-00355,Heather Ruiz,heather.ruiz@berkshirehathaway.com,(614) 766-8493,Berkshire Hathaway,Phoenix,AZ,85975,6,37,A,60,NAR Directory,2026-07-13T06:35:48Z
CREAM-2026 07 13-00356,Charles Garcia,cgarcia@me.com,(303) 735-8039,eXp Realty,Aurora,CO,81608,5,12,A,99,Brokerage Listings,2026-07-13T01:39:16Z
CREAM-2026 07 13-00357,Paul Kim,paulk@coldwellbanker.com,(786) 551-2387,Coldwell Banker,San Francisco,CA,95519,1,7,A,88,NAR Directory,2026-07-13T03:57:08Z
CREAM-2026 07 13-00358,Mary Howard,maryhoward@yahoo.com,(972) 976-9630,Coldwell Banker,Colorado Springs,CO,81123,16,40,A,75,Referral Network,2026-07-13T21:10:21Z
CREAM-2026 07 13-00359,Emily Torres,etorres@me.com,(234) 848-1170,Berkshire Hathaway,Raleigh,NC,28892,17,40,A,99,MLS Database,2026-07-13T22:43:17Z
CREAM-2026 07 13-00360,Samuel Sanchez,samuelsanchez@aol.com,(805) 785-7268,Keller Williams,New York City,NY,14875,5,12,A,86,Website Lead,2026-07-13T01:59:56Z
CREAM-2026 07 13-00361,Maria Hernandez,mariah@re/max.com,(718) 345-1622,RE/MAX,San Antonio,TX,79526,3,11,A,65,NAR Directory,2026-07-13T21:50:45Z
CREAM-2026 07 13-00362,Brandon Williams,bwilliams@yahoo.com,(919) 819-4446,Coldwell Banker,Columbus,OH,45272,10,63,A,68,Referral Network,2026-07-13T13:49:10Z
CREAM-2026 07 13-00363,Michelle Allen,michelleallen@icloud.com,(212) 726-5061,Berkshire Hathaway,Greensboro,NC,28790,2,9,A,68,Referral Network,2026-07-13T00:49:21Z
CREAM-2026 07 13-00364,Debra Torres,debra_torres@me.com,(704) 693-2200,Huntington Real Estate,Cleveland,OH,43207,4,23,A,98,LinkedIn,2026-07-13T07:36:44Z
CREAM-2026 07 13-00365,Dorothy Patel,dpatel@re/max.com,(512) 764-5152,RE/MAX,Miami,FL,32141,8,29,A,64,NAR Directory,2026-07-13T03:14:47Z
CREAM-2026 07 13-00366,Amy Cox,amyc@icloud.com,(602) 543-7204,Compass,Denver,CO,80553,4,11,A,64,NAR Directory,2026-07-13T09:52:08Z
CREAM-2026 07 13-00367,Christine Howard,choward@berkshirehathaway.com,(415) 963-2319,Berkshire Hathaway,Orlando,FL,33353,11,44,A,77,Brokerage Listings,2026-07-13T17:39:04Z
CREAM-2026 07 13-00368,Angela Brown,angelab@hotmail.com,(602) 736-1080,RE/MAX,St. Petersburg,FL,34602,23,65,A,81,Trade Show,2026-07-13T17:15:01Z
CREAM-2026 07 13-00369,Timothy Jones,timothy_jones@yahoo.com,(404) 674-1074,eXp Realty,Sacramento,CA,93483,0,5,A,65,LinkedIn,2026-07-13T14:35:20Z
CREAM-2026 07 13-00370,Nancy Phillips,nancyp@douglaselliman.com,(234) 539-7800,Douglas Elliman,San Antonio,TX,75516,5,19,A,61,Trade Show,2026-07-13T18:06:24Z
CREAM-2026 07 13-00371,Jason Mitchell,jason.mitchell@berkshirehathaway.com,(916) 432-1186,Berkshire Hathaway,Tucson,AZ,85663,4,14,A,60,Realtor.com,2026-07-13T02:06:50Z
CREAM-2026 07 13-00372,Brenda Cooper,brenda.cooper@me.com,(614) 395-9062,Briggs Freeman Sotheby,Houston,TX,76954,1,6,A,62,Cold Outreach,2026-07-13T05:46:33Z
CREAM-2026 07 13-00373,Kenneth Alvarez,kalvarez@aol.com,(303) 768-8164,Berkshire Hathaway,Tucson,AZ,85201,23,61,A,77,Brokerage Listings,2026-07-13T01:09:42Z
CREAM-2026 07 13-00374,Jerry Jenkins,jerryj@aol.com,(646) 292-6517,Keller Williams,New York City,NY,12849,2,8,A,90,MLS Database,2026-07-13T11:34:57Z
CREAM-2026 07 13-00375,Jeffrey Martin,jeffrey_martin@hotmail.com,(513) 447-7660,Berkshire Hathaway,Columbus,OH,43226,2,8,A,71,Cold Outreach,2026-07-13T05:39:54Z
CREAM-2026 07 13-00376,Kathleen Bennett,kathleen_bennett@gmail.com,(513) 862-6336,Compass,Colorado Springs,CO,81435,4,12,A,61,MLS Database,2026-07-13T00:52:24Z
CREAM-2026 07 13-00377,Emma Wilson,ewilson@aol.com,(310) 782-2807,eXp Realty,Oakland,CA,96249,5,9,A,80,Realtor.com,2026-07-13T02:56:37Z
CREAM-2026 07 13-00378,Linda Hall,lindah@hotmail.com,(407) 532-5681,Coldwell Banker,Fort Lauderdale,FL,34557,8,31,A,61,Facebook,2026-07-13T15:28:28Z
CREAM-2026 07 13-00379,Amanda Taylor,amandat@outlook.com,(234) 672-4883,Berkshire Hathaway,Austin,TX,78893,10,26,A,63,Trade Show,2026-07-13T15:04:53Z
CREAM-2026 07 13-00380,Kimberly Ruiz,kruiz@yahoo.com,(646) 356-5248,Coldwell Banker,Sacramento,CA,94807,3,24,A,74,LinkedIn,2026-07-13T15:53:47Z
CREAM-2026 07 13-00381,Ryan Thompson,ryan.thompson@icloud.com,(805) 238-1354,Compass,Colorado Springs,CO,81789,0,5,A,64,Facebook,2026-07-13T15:39:59Z
CREAM-2026 07 13-00382,Kevin Lee,kevinlee@yahoo.com,(786) 879-1284,eXp Realty,Dallas,TX,75623,9,36,A,71,NAR Directory,2026-07-13T04:12:40Z
CREAM-2026 07 13-00383,Deborah Foster,dfoster@me.com,(972) 590-3057,eXp Realty,Columbus,OH,44599,0,3,A,77,LinkedIn,2026-07-13T13:51:34Z
CREAM-2026 07 13-00384,Aaron Allen,aaronallen@icloud.com,(646) 202-1956,Compass,Los Angeles,CA,92948,2,10,A,72,Facebook,2026-07-13T16:00:30Z
CREAM-2026 07 13-00385,Patricia Sanchez,psanchez@icloud.com,(415) 318-2857,Keller Williams,Aurora,CO,81152,3,20,A,91,Realtor.com,2026-07-13T01:21:32Z
CREAM-2026 07 13-00386,Kimberly Smith,kimberlysmith@aol.com,(713) 276-4101,Halstead,Queens,NY,11667,15,49,A,60,Realtor.com,2026-07-13T12:19:13Z
CREAM-2026 07 13-00387,Mary Long,marylong@me.com,(512) 361-4241,eXp Realty,Denver,CO,81832,2,9,A,82,Referral Network,2026-07-13T05:34:25Z
CREAM-2026 07 13-00388,Daniel Bailey,dbailey@exprealty.com,(415) 474-7090,eXp Realty,Cleveland,OH,45848,13,48,A,69,Brokerage Listings,2026-07-13T07:51:42Z
CREAM-2026 07 13-00389,Amy Wood,amywood@aol.com,(916) 946-4518,RE/MAX,Sacramento,CA,91525,13,31,A,61,NAR Directory,2026-07-13T03:49:36Z
CREAM-2026 07 13-00390,Margaret Morris,margaret.morris@gmail.com,(720) 743-2603,Berkshire Hathaway,Dallas,TX,77201,6,36,A,96,Facebook,2026-07-13T10:51:49Z
CREAM-2026 07 13-00391,Stephen Allen,stephen.allen@coldwellbanker.com,(234) 288-5926,Coldwell Banker,Colorado Springs,CO,81777,6,33,A,85,LinkedIn,2026-07-13T01:04:25Z
CREAM-2026 07 13-00392,Maria Williams,maria_williams@icloud.com,(334) 510-3207,Howard Hanna,Raleigh,NC,28651,5,25,A,74,Realtor.com,2026-07-13T22:47:57Z
CREAM-2026 07 13-00393,Samuel Cruz,samuel.cruz@aol.com,(704) 648-8235,Berkshire Hathaway,Tampa,FL,34779,20,35,A,85,Cold Outreach,2026-07-13T09:18:30Z
CREAM-2026 07 13-00394,David Thompson,dthompson@me.com,(720) 638-7489,eXp Realty,Raleigh,NC,27488,6,18,A,77,Referral Network,2026-07-13T19:29:40Z
CREAM-2026 07 13-00395,Edward Moore,emoore@me.com,(602) 234-9371,Sotheby International,Bronx,NY,10473,14,31,A,73,Realtor.com,2026-07-13T16:42:02Z
CREAM-2026 07 13-00396,George Moore,georgem@gmail.com,(415) 289-6922,Century 21,St. Petersburg,FL,33546,4,22,A,77,Facebook,2026-07-13T19:02:43Z
CREAM-2026 07 13-00397,Paul Morales,paulm@livsotheby.com,(714) 537-7517,LIV Sotheby,Denver,CO,81414,8,29,A,68,Website Lead,2026-07-13T20:30:43Z
CREAM-2026 07 13-00398,Samuel King,samuel.king@kellerwilliams.com,(404) 779-3202,Keller Williams,Charlotte,NC,27486,10,48,A,87,NAR Directory,2026-07-13T23:14:46Z
CREAM-2026 07 13-00399,Patrick Brown,patrickbrown@yahoo.com,(980) 989-5688,RE/MAX,Fort Lauderdale,FL,34887,9,33,A,83,Trade Show,2026-07-13T08:27:48Z
CREAM-2026 07 13-00400,Tyler Williams,tylerw@alliebethallman.com,(916) 698-4993,Allie Beth Allman,Dallas,TX,76335,3,15,A,67,Trade Show,2026-07-13T18:59:29Z
CREAM-2026 07 13-00401,Jerry Sanchez,jerrys@compass.com,(916) 270-1646,Compass,Tallahassee,FL,32235,9,20,B,71,Realtor.com,2026-07-13T06:55:55Z
CREAM-2026 07 13-00402,Larry Watson,larry_watson@icloud.com,(919) 905-1263,Allie Beth Allman,Corpus Christi,TX,79950,7,30,B,60,Realtor.com,2026-07-13T05:44:35Z
CREAM-2026 07 13-00403,Mary Flores,maryflores@outlook.com,(980) 611-2178,Douglas Elliman,Albany,NY,11651,9,31,B,62,Brokerage Listings,2026-07-13T20:36:42Z
CREAM-2026 07 13-00404,Gregory Edwards,gregory.edwards@aol.com,(404) 383-4130,Nest Seekers,Rochester,NY,13246,4,22,B,93,Brokerage Listings,2026-07-13T13:15:10Z
CREAM-2026 07 13-00405,Jerry Russell,jerry.russell@exprealty.com,(512) 336-7046,eXp Realty,Garland,TX,79827,24,52,B,76,Cold Outreach,2026-07-13T03:21:55Z
CREAM-2026 07 13-00406,Maria Nguyen,maria.nguyen@halstead.com,(919) 458-7782,Halstead,Syracuse,NY,10841,5,23,B,60,Cold Outreach,2026-07-13T15:31:37Z
CREAM-2026 07 13-00407,Janet Evans,janet.evans@kellerwilliams.com,(512) 955-4288,Keller Williams,Durham,NC,28299,15,59,B,90,LinkedIn,2026-07-13T08:00:03Z
CREAM-2026 07 13-00408,Dorothy Brown,dorothy_brown@icloud.com,(407) 777-6487,Compass,Durham,NC,27447,14,34,B,96,LinkedIn,2026-07-13T03:27:40Z
CREAM-2026 07 13-00409,Catherine Price,catherinep@pacificsotheby.com,(929) 988-3749,Pacific Sotheby,Bakersfield,CA,92435,20,67,B,97,Website Lead,2026-07-13T20:39:12Z
CREAM-2026 07 13-00410,Brian Wilson,brianw@gmail.com,(512) 760-8338,Coldwell Banker,Durham,NC,27624,4,21,B,85,Brokerage Listings,2026-07-13T05:22:22Z
CREAM-2026 07 13-00411,Linda Smith,lsmith@gmail.com,(786) 726-9875,Keller Williams,Thornton,CO,80678,2,9,B,66,NAR Directory,2026-07-13T10:31:30Z
CREAM-2026 07 13-00412,Robert Jimenez,rjimenez@gmail.com,(786) 792-9710,Keller Williams,Fayetteville,NC,27587,22,74,B,81,NAR Directory,2026-07-13T00:44:05Z
CREAM-2026 07 13-00413,Raymond Martinez,raymond.martinez@me.com,(704) 404-8256,Coldwell Banker,Port St. Lucie,FL,34694,8,20,B,96,Referral Network,2026-07-13T07:48:53Z
CREAM-2026 07 13-00414,Helen Nelson,hnelson@coldwellbanker.com,(212) 862-9734,Coldwell Banker,Port St. Lucie,FL,34600,4,13,B,92,NAR Directory,2026-07-13T14:10:04Z
CREAM-2026 07 13-00415,Brandon Perez,brandon.perez@icloud.com,(602) 936-6817,RE/MAX,Anaheim,CA,95568,4,22,B,64,Realtor.com,2026-07-13T15:28:27Z
CREAM-2026 07 13-00416,Eric Evans,eric_evans@outlook.com,(310) 810-9390,eXp Realty,Anaheim,CA,90883,0,0,B,97,Facebook,2026-07-13T16:59:18Z
CREAM-2026 07 13-00417,Daniel King,daniel.king@gmail.com,(310) 602-7162,Berkshire Hathaway,Hialeah,FL,33437,8,26,B,94,Realtor.com,2026-07-13T06:52:46Z
CREAM-2026 07 13-00418,Gregory Diaz,gdiaz@hotmail.com,(614) 240-5154,Keller Williams,Akron,OH,43698,2,4,B,86,Trade Show,2026-07-13T21:29:49Z
CREAM-2026 07 13-00419,Anna Gomez,annag@hotmail.com,(256) 871-2817,Century 21,Hollywood,FL,33988,2,4,B,97,Referral Network,2026-07-13T12:14:24Z
CREAM-2026 07 13-00420,Kimberly Mitchell,kmitchell@berkshirehathawayhomeservices.com,(980) 854-3888,Berkshire Hathaway HomeServices,Fresno,CA,91370,7,25,B,91,Cold Outreach,2026-07-13T03:06:40Z
CREAM-2026 07 13-00421,Elizabeth Ramos,elizabeth_ramos@aol.com,(234) 837-8088,Compass,Cape Coral,FL,32573,2,8,B,98,Brokerage Listings,2026-07-13T14:00:50Z
CREAM-2026 07 13-00422,Samantha Ward,samantha_ward@outlook.com,(786) 372-5915,Howard Hanna,Cary,NC,28388,5,19,B,64,Facebook,2026-07-13T06:01:55Z
CREAM-2026 07 13-00423,Gary Gomez,garyg@howardhanna.com,(234) 547-7539,Howard Hanna,Durham,NC,27484,13,51,B,63,NAR Directory,2026-07-13T05:52:47Z
CREAM-2026 07 13-00424,Shirley Hernandez,shirleyhernandez@me.com,(614) 756-8888,Berkshire Hathaway,Dayton,OH,44804,1,3,B,96,Cold Outreach,2026-07-13T13:04:23Z
CREAM-2026 07 13-00425,Carol Parker,carol.parker@century21.com,(713) 837-3441,Century 21,Hollywood,FL,34371,13,64,B,86,Realtor.com,2026-07-13T07:12:39Z
CREAM-2026 07 13-00426,Rachel Cook,rachelcook@yahoo.com,(646) 350-1454,Russell Lyon Sotheby,Gilbert,AZ,85679,18,62,B,78,Website Lead,2026-07-13T02:27:28Z
CREAM-2026 07 13-00427,Frank Gray,frankgray@gmail.com,(512) 948-8304,RE/MAX,Fort Collins,CO,81758,7,34,B,75,Cold Outreach,2026-07-13T17:37:57Z
CREAM-2026 07 13-00428,Jonathan Kelly,jkelly@corcorangroup.com,(720) 839-1011,Corcoran Group,Albany,NY,10925,11,73,B,78,Trade Show,2026-07-13T04:49:19Z
CREAM-2026 07 13-00429,Mary Brown,mary_brown@outlook.com,(512) 739-7096,Keller Williams,Glendale,AZ,85213,4,19,B,72,Realtor.com,2026-07-13T06:01:58Z
CREAM-2026 07 13-00430,Debra Morgan,debramorgan@hotmail.com,(407) 853-9003,Huntington Real Estate,Parma,OH,45960,5,17,B,87,Realtor.com,2026-07-13T13:44:03Z
CREAM-2026 07 13-00431,William Bennett,william_bennett@outlook.com,(512) 512-8379,Berkshire Hathaway HomeServices,Fresno,CA,91767,24,60,B,100,Trade Show,2026-07-13T20:54:48Z
CREAM-2026 07 13-00432,Frank Green,frankgreen@me.com,(805) 662-4192,Berkshire Hathaway,Fort Collins,CO,81973,24,70,B,85,Cold Outreach,2026-07-13T20:25:42Z
CREAM-2026 07 13-00433,Jennifer Rogers,jenniferr@icloud.com,(713) 399-7206,RE/MAX,Parma,OH,43627,1,8,B,85,Realtor.com,2026-07-13T18:20:20Z
CREAM-2026 07 13-00434,Angela Jenkins,angela.jenkins@yahoo.com,(929) 977-5269,Long Realty,Tempe,AZ,86338,7,18,B,92,Brokerage Listings,2026-07-13T15:05:59Z
CREAM-2026 07 13-00435,Mark Evans,marke@outlook.com,(469) 708-9540,8z Real Estate,Lakewood,CO,81233,18,48,B,93,Website Lead,2026-07-13T06:47:55Z
CREAM-2026 07 13-00436,Eric Lopez,elopez@icloud.com,(713) 540-2143,Berkshire Hathaway,Akron,OH,44266,18,62,B,82,Trade Show,2026-07-13T10:01:50Z
CREAM-2026 07 13-00437,Dorothy Chavez,dorothy.chavez@me.com,(303) 466-3090,eXp Realty,Fayetteville,NC,27850,8,20,B,61,MLS Database,2026-07-13T06:15:42Z
CREAM-2026 07 13-00438,Amy Bennett,amybennett@aol.com,(303) 971-5839,RE/MAX,Cary,NC,27308,8,36,B,66,NAR Directory,2026-07-13T11:48:49Z
CREAM-2026 07 13-00439,Margaret King,margaretking@gmail.com,(334) 309-9368,Keller Williams,Toledo,OH,44544,21,42,B,85,Cold Outreach,2026-07-13T07:56:51Z
CREAM-2026 07 13-00440,George Cox,georgecox@gmail.com,(404) 634-1009,Allie Beth Allman,Arlington,TX,78496,25,47,B,92,NAR Directory,2026-07-13T02:10:04Z
CREAM-2026 07 13-00441,Carolyn Reed,carolyn.reed@yahoo.com,(929) 740-8135,RE/MAX,Chandler,AZ,86140,14,38,B,91,Facebook,2026-07-13T10:32:37Z
CREAM-2026 07 13-00442,Scott Powell,scottpowell@yahoo.com,(805) 991-8467,eXp Realty,Port St. Lucie,FL,34393,4,22,B,95,Website Lead,2026-07-13T23:23:05Z
CREAM-2026 07 13-00443,Scott Green,scottgreen@aol.com,(919) 943-4292,Pacific Sotheby,Anaheim,CA,95545,18,76,B,82,NAR Directory,2026-07-13T09:36:04Z
CREAM-2026 07 13-00444,Amy Perez,amy.perez@yahoo.com,(513) 335-5748,eXp Realty,Corpus Christi,TX,78892,14,72,B,67,Trade Show,2026-07-13T07:09:11Z
CREAM-2026 07 13-00445,Brandon Kelly,bkelly@sothebyinternational.com,(214) 613-1587,Sotheby International,Rochester,NY,13534,1,4,B,71,Realtor.com,2026-07-13T19:03:21Z
CREAM-2026 07 13-00446,Daniel Patel,danielpatel@gmail.com,(805) 766-7481,Allie Beth Allman,Corpus Christi,TX,79720,0,0,B,62,Website Lead,2026-07-13T10:39:03Z
CREAM-2026 07 13-00447,Shirley Johnson,shirley.johnson@coldwellbanker.com,(415) 641-8973,Coldwell Banker,Akron,OH,45438,25,55,B,69,Website Lead,2026-07-13T12:25:09Z
CREAM-2026 07 13-00448,Samuel White,samuel.white@coldwellbanker.com,(713) 699-9080,Coldwell Banker,Chandler,AZ,85532,9,29,B,73,Referral Network,2026-07-13T03:49:08Z
CREAM-2026 07 13-00449,Samuel Clark,samuelclark@yahoo.com,(310) 464-1570,eXp Realty,Garland,TX,77977,0,2,B,88,Brokerage Listings,2026-07-13T14:05:06Z
CREAM-2026 07 13-00450,Kenneth Turner,kturner@icloud.com,(212) 218-8953,Keller Williams,Chandler,AZ,85120,0,4,B,68,Cold Outreach,2026-07-13T07:37:17Z
CREAM-2026 07 13-00451,Robert Kim,robertkim@outlook.com,(512) 507-9767,Sotheby International,Anaheim,CA,90784,14,35,B,94,NAR Directory,2026-07-13T08:18:45Z
CREAM-2026 07 13-00452,Joseph Long,jlong@gmail.com,(805) 990-9630,Howard Hanna,Cary,NC,27794,19,52,B,78,NAR Directory,2026-07-13T16:22:48Z
CREAM-2026 07 13-00453,Anna Foster,annafoster@yahoo.com,(614) 447-5367,Compass,Yonkers,NY,13431,16,54,B,91,Facebook,2026-07-13T04:08:41Z
CREAM-2026 07 13-00454,Catherine Wood,catherinew@outlook.com,(713) 671-4246,RE/MAX,Amarillo,TX,75549,22,29,B,88,Referral Network,2026-07-13T11:01:35Z
CREAM-2026 07 13-00455,Shirley Gonzalez,sgonzalez@exprealty.com,(929) 263-6766,eXp Realty,Santa Ana,CA,96693,9,37,B,78,MLS Database,2026-07-13T16:42:24Z
CREAM-2026 07 13-00456,Kenneth King,kenneth.king@aol.com,(214) 790-7877,Coldwell Banker,Arvada,CO,81526,0,2,B,60,LinkedIn,2026-07-13T15:30:34Z
CREAM-2026 07 13-00457,Anthony Watson,awatson@berkshirehathaway.com,(614) 385-3597,Berkshire Hathaway,Tallahassee,FL,33249,11,57,B,87,Referral Network,2026-07-13T17:55:24Z
CREAM-2026 07 13-00458,Donald Nguyen,donald_nguyen@me.com,(972) 734-9493,Coldwell Banker,Tempe,AZ,86530,3,21,B,91,MLS Database,2026-07-13T15:55:15Z
CREAM-2026 07 13-00459,Aaron Green,aaron.green@kellerwilliams.com,(310) 448-8982,Keller Williams,Arvada,CO,80312,2,3,B,88,Referral Network,2026-07-13T08:54:24Z
CREAM-2026 07 13-00460,Brandon Campbell,brandonc@re/max.com,(214) 327-8885,RE/MAX,Thornton,CO,80231,20,59,B,81,Trade Show,2026-07-13T05:11:58Z
CREAM-2026 07 13-00461,Margaret Watson,margaret.watson@outlook.com,(214) 522-5874,Berkshire Hathaway,Fayetteville,NC,28314,5,9,B,86,LinkedIn,2026-07-13T13:14:29Z
CREAM-2026 07 13-00462,Christopher Brown,christopherbrown@me.com,(469) 542-5208,Briggs Freeman Sotheby,Corpus Christi,TX,75206,4,22,B,64,NAR Directory,2026-07-13T13:31:45Z
CREAM-2026 07 13-00463,Mary Morris,marymorris@aol.com,(614) 358-5279,RE/MAX,Arlington,TX,78478,7,34,B,85,LinkedIn,2026-07-13T19:41:26Z
CREAM-2026 07 13-00464,Jacob Harris,jacob.harris@gmail.com,(310) 496-9833,Allen Tate,Cary,NC,27463,14,43,B,73,Trade Show,2026-07-13T02:52:39Z
CREAM-2026 07 13-00465,Catherine Stewart,catherine_stewart@hotmail.com,(646) 269-1532,Huntington Real Estate,Toledo,OH,44565,11,55,B,63,Realtor.com,2026-07-13T08:47:39Z
CREAM-2026 07 13-00466,Larry Peterson,lpeterson@aol.com,(714) 482-9164,LIV Sotheby,Arvada,CO,81658,16,30,B,67,Brokerage Listings,2026-07-13T08:24:46Z
CREAM-2026 07 13-00467,David Hall,dhall@outlook.com,(214) 289-1802,HER Realtors,Toledo,OH,44297,12,50,B,68,NAR Directory,2026-07-13T16:09:20Z
CREAM-2026 07 13-00468,Paul Cooper,paulc@exprealty.com,(919) 769-9445,eXp Realty,Gilbert,AZ,86250,18,79,B,86,Website Lead,2026-07-13T02:05:58Z
CREAM-2026 07 13-00469,Kimberly Peterson,kimberlypeterson@me.com,(310) 369-3067,Coldwell Banker,Dayton,OH,45261,0,1,B,62,Website Lead,2026-07-13T15:55:02Z
CREAM-2026 07 13-00470,Jessica Ruiz,jessicar@me.com,(512) 516-6811,Keller Williams Realty,Pembroke Pines,FL,34207,21,30,B,71,LinkedIn,2026-07-13T10:56:33Z
CREAM-2026 07 13-00471,Brenda Patel,brendapatel@outlook.com,(513) 654-7644,Russell Lyon Sotheby,Tempe,AZ,85668,14,37,B,75,LinkedIn,2026-07-13T16:13:11Z
CREAM-2026 07 13-00472,Emma Phillips,emma.phillips@nestseekers.com,(415) 890-1511,Nest Seekers,New Rochelle,NY,14880,17,36,B,82,NAR Directory,2026-07-13T15:23:40Z
CREAM-2026 07 13-00473,Melissa Wood,mwood@berkshirehathaway.com,(214) 401-7126,Berkshire Hathaway,Glendale,AZ,85335,13,50,B,68,Brokerage Listings,2026-07-13T03:39:58Z
CREAM-2026 07 13-00474,Rachel Martin,rachel.martin@aol.com,(513) 692-1218,RE/MAX,Pembroke Pines,FL,34258,2,4,B,64,Referral Network,2026-07-13T20:55:41Z
CREAM-2026 07 13-00475,Debra Cruz,dcruz@huntingtonrealestate.com,(614) 564-3846,Huntington Real Estate,Toledo,OH,44625,0,5,B,98,Trade Show,2026-07-13T09:56:32Z
CREAM-2026 07 13-00476,Frank Price,fprice@briggsfreemansotheby.com,(310) 550-2373,Briggs Freeman Sotheby,Irving,TX,79279,0,4,B,77,Facebook,2026-07-13T21:43:41Z
CREAM-2026 07 13-00477,Tyler Cruz,tcruz@icloud.com,(334) 815-1813,Keller Williams,Glendale,AZ,85890,3,17,B,100,NAR Directory,2026-07-13T17:37:08Z
CREAM-2026 07 13-00478,Edward Morgan,emorgan@coldwellbanker.com,(512) 336-1327,Coldwell Banker,Parma,OH,43763,2,5,B,61,Trade Show,2026-07-13T22:24:15Z
CREAM-2026 07 13-00479,Samantha Gray,samanthag@me.com,(786) 408-9879,RE/MAX,Gilbert,AZ,85637,3,22,B,99,Trade Show,2026-07-13T07:21:42Z
CREAM-2026 07 13-00480,Dennis Scott,denniss@yahoo.com,(720) 953-5067,Coldwell Banker,Chandler,AZ,85223,22,50,B,74,Trade Show,2026-07-13T22:13:50Z
CREAM-2026 07 13-00481,Cynthia Scott,cynthias@gmail.com,(929) 728-6051,Berkshire Hathaway,Thornton,CO,81694,4,13,B,85,Referral Network,2026-07-13T07:19:21Z
CREAM-2026 07 13-00482,Amanda Brooks,amandab@gmail.com,(469) 219-9565,8z Real Estate,Thornton,CO,81757,18,79,B,90,LinkedIn,2026-07-13T01:49:00Z
CREAM-2026 07 13-00483,Stephen Powell,spowell@exprealty.com,(404) 830-8792,eXp Realty,Chandler,AZ,86341,13,62,B,70,Facebook,2026-07-13T03:06:06Z
CREAM-2026 07 13-00484,Jessica Cooper,jessicac@aol.com,(720) 681-2095,Keller Williams,Chandler,AZ,86149,17,36,B,82,Cold Outreach,2026-07-13T22:33:12Z
CREAM-2026 07 13-00485,Donald Lewis,donaldlewis@outlook.com,(646) 991-7367,LIV Sotheby,Arvada,CO,80952,3,20,B,69,Cold Outreach,2026-07-13T14:50:16Z
CREAM-2026 07 13-00486,Sandra Baker,sandrabaker@gmail.com,(919) 593-1546,Coldwell Banker,Winston-Salem,NC,27265,20,69,B,96,Realtor.com,2026-07-13T10:22:15Z
CREAM-2026 07 13-00487,Amanda Stewart,amanda_stewart@hotmail.com,(334) 390-9926,HER Realtors,Dayton,OH,44934,0,4,B,93,Brokerage Listings,2026-07-13T12:31:08Z
CREAM-2026 07 13-00488,Susan Jimenez,sjimenez@sothebyinternational.com,(786) 592-4625,Sotheby International,Bakersfield,CA,91406,4,21,B,70,Facebook,2026-07-13T09:12:00Z
CREAM-2026 07 13-00489,Brenda Garcia,brendagarcia@aol.com,(602) 216-3307,Cutler Real Estate,Akron,OH,45732,3,21,B,71,MLS Database,2026-07-13T09:51:44Z
CREAM-2026 07 13-00490,Michelle King,michellek@exprealty.com,(310) 271-8274,eXp Realty,Corpus Christi,TX,79226,0,1,B,81,Trade Show,2026-07-13T00:12:23Z
CREAM-2026 07 13-00491,Patricia Hernandez,patricia.hernandez@gmail.com,(334) 323-9853,Pacific Sotheby,Santa Ana,CA,92783,1,8,B,98,Cold Outreach,2026-07-13T18:01:58Z
CREAM-2026 07 13-00492,Nancy Jackson,nancy_jackson@outlook.com,(704) 657-1161,Huntington Real Estate,Akron,OH,44102,2,6,B,99,NAR Directory,2026-07-13T16:39:32Z
CREAM-2026 07 13-00493,Debra White,debra.white@re/max.com,(919) 269-1143,RE/MAX,Amarillo,TX,78703,13,75,B,76,Trade Show,2026-07-13T21:18:22Z
CREAM-2026 07 13-00494,Cynthia Wright,cynthia.wright@me.com,(980) 262-5483,RE/MAX,Gilbert,AZ,85438,0,2,B,90,Referral Network,2026-07-13T11:10:48Z
CREAM-2026 07 13-00495,Brian White,brian.white@berkshirehathaway.com,(972) 774-5327,Berkshire Hathaway,Toledo,OH,45133,4,10,B,95,Brokerage Listings,2026-07-13T07:52:35Z
CREAM-2026 07 13-00496,Christopher Cook,christopherc@aol.com,(602) 747-8811,Keller Williams,Cary,NC,27646,9,23,B,65,MLS Database,2026-07-13T07:32:07Z
CREAM-2026 07 13-00497,Deborah Parker,deborah.parker@icloud.com,(646) 355-7596,HomeSmart,Glendale,AZ,85537,23,62,B,67,Facebook,2026-07-13T00:47:15Z
CREAM-2026 07 13-00498,Donna Murphy,donnam@coldwellbanker.com,(646) 656-4505,Coldwell Banker,Chandler,AZ,85597,2,12,B,93,Website Lead,2026-07-13T12:13:11Z
CREAM-2026 07 13-00499,Sandra Gonzalez,sandra_gonzalez@me.com,(305) 539-3704,Compass,Rochester,NY,14127,6,24,B,70,Brokerage Listings,2026-07-13T08:44:13Z
CREAM-2026 07 13-00500,Anthony Ramirez,anthony_ramirez@hotmail.com,(929) 958-5880,Coldwell Banker,Toledo,OH,43681,9,27,B,72,MLS Database,2026-07-13T16:26:40Z
CREAM-2026 07 13-00501,Stephanie Lopez,stephaniel@yahoo.com,(334) 403-9252,Keller Williams,Gilbert,AZ,86326,0,3,B,81,Trade Show,2026-07-13T23:15:59Z
CREAM-2026 07 13-00502,Rebecca Foster,rebeccaf@aol.com,(916) 459-5269,Nest Seekers,New Rochelle,NY,13684,1,6,B,74,Cold Outreach,2026-07-13T00:42:36Z
CREAM-2026 07 13-00503,Dennis Morales,dmorales@compass.com,(212) 881-2719,Compass,Winston-Salem,NC,28680,2,3,B,70,Cold Outreach,2026-07-13T19:28:50Z
CREAM-2026 07 13-00504,George Cooper,george_cooper@aol.com,(972) 335-2419,Allie Beth Allman,Irving,TX,76364,1,6,B,79,Cold Outreach,2026-07-13T05:56:18Z
CREAM-2026 07 13-00505,Sharon Richardson,sharonrichardson@gmail.com,(713) 463-4801,RE/MAX,Parma,OH,43107,10,29,B,99,Realtor.com,2026-07-13T10:06:33Z
CREAM-2026 07 13-00506,Frank Castillo,fcastillo@gmail.com,(786) 646-2864,Compass,Yonkers,NY,13190,4,24,B,80,MLS Database,2026-07-13T23:51:38Z
CREAM-2026 07 13-00507,Janet Jenkins,janetj@outlook.com,(404) 907-3124,RE/MAX,Lakewood,CO,80929,0,5,B,84,Realtor.com,2026-07-13T19:19:34Z
CREAM-2026 07 13-00508,Maria Gutierrez,mgutierrez@century21.com,(234) 471-2565,Century 21,Tallahassee,FL,33211,5,21,B,100,MLS Database,2026-07-13T08:25:29Z
CREAM-2026 07 13-00509,Debra Garcia,debragarcia@hotmail.com,(310) 696-1582,LIV Sotheby,Fort Collins,CO,80140,3,9,B,75,NAR Directory,2026-07-13T12:00:22Z
CREAM-2026 07 13-00510,Michael Torres,michael_torres@gmail.com,(310) 559-5465,Briggs Freeman Sotheby,Amarillo,TX,76625,1,12,B,64,Brokerage Listings,2026-07-13T05:26:32Z
CREAM-2026 07 13-00511,Jack Castillo,jackcastillo@me.com,(407) 387-2154,Berkshire Hathaway,Lakewood,CO,81183,3,10,B,99,LinkedIn,2026-07-13T16:59:22Z
CREAM-2026 07 13-00512,Debra Rodriguez,debra.rodriguez@russelllyonsotheby.com,(512) 793-6488,Russell Lyon Sotheby,Glendale,AZ,85577,12,45,B,90,NAR Directory,2026-07-13T03:51:00Z
CREAM-2026 07 13-00513,Pamela Walker,pamelaw@briggsfreemansotheby.com,(415) 221-1129,Briggs Freeman Sotheby,Lubbock,TX,76790,24,79,B,100,Trade Show,2026-07-13T08:44:45Z
CREAM-2026 07 13-00514,Cynthia Chavez,cynthia_chavez@gmail.com,(646) 648-4374,Berkshire Hathaway,Tempe,AZ,85180,22,75,B,78,Trade Show,2026-07-13T01:30:47Z
CREAM-2026 07 13-00515,Linda Williams,lindawilliams@me.com,(980) 224-4252,Keller Williams Realty,Pembroke Pines,FL,33491,20,50,B,63,Facebook,2026-07-13T02:38:44Z
CREAM-2026 07 13-00516,Sharon Nguyen,sharon.nguyen@kellerwilliamsrealty.com,(720) 861-8140,Keller Williams Realty,Port St. Lucie,FL,32354,3,23,B,72,Facebook,2026-07-13T21:04:55Z
CREAM-2026 07 13-00517,Frank Lopez,frankl@coldwellbanker.com,(469) 247-7605,Coldwell Banker,Riverside,CA,93375,2,3,B,82,MLS Database,2026-07-13T13:03:52Z
CREAM-2026 07 13-00518,Christopher Powell,christopherp@kellerwilliams.com,(929) 485-8230,Keller Williams,Arvada,CO,81114,11,75,B,65,Cold Outreach,2026-07-13T10:37:33Z
CREAM-2026 07 13-00519,Jonathan Phillips,jphillips@homesmart.com,(972) 478-9903,HomeSmart,Chandler,AZ,86617,4,9,B,79,Cold Outreach,2026-07-13T13:41:34Z
CREAM-2026 07 13-00520,Amy Moore,amoore@yahoo.com,(214) 538-2667,eXp Realty,Stockton,CA,92644,5,11,B,97,LinkedIn,2026-07-13T16:50:13Z
CREAM-2026 07 13-00521,Mary Miller,mmiller@icloud.com,(646) 605-8103,HER Realtors,Akron,OH,43474,1,11,B,88,MLS Database,2026-07-13T22:20:12Z
CREAM-2026 07 13-00522,Raymond Myers,rmyers@icloud.com,(310) 315-7548,Berkshire Hathaway,Toledo,OH,44528,0,4,B,64,NAR Directory,2026-07-13T02:04:36Z
CREAM-2026 07 13-00523,Gregory Robinson,gregory.robinson@exprealty.com,(512) 211-8032,eXp Realty,Hialeah,FL,34394,5,18,B,88,Cold Outreach,2026-07-13T19:41:36Z
CREAM-2026 07 13-00524,Cynthia Ruiz,cruiz@douglaselliman.com,(714) 244-7876,Douglas Elliman,Tallahassee,FL,34883,5,13,B,69,Cold Outreach,2026-07-13T19:34:56Z
CREAM-2026 07 13-00525,Sandra Perez,sperez@aol.com,(234) 525-6477,RE/MAX,Glendale,AZ,86597,17,45,B,71,MLS Database,2026-07-13T17:41:24Z
CREAM-2026 07 13-00526,William Ramos,williamramos@me.com,(713) 847-5816,LIV Sotheby,Fort Collins,CO,80274,18,34,B,78,Cold Outreach,2026-07-13T04:31:53Z
CREAM-2026 07 13-00527,Ruth Ruiz,ruthruiz@gmail.com,(513) 602-7557,RE/MAX,Thornton,CO,80737,20,37,B,62,Website Lead,2026-07-13T13:49:36Z
CREAM-2026 07 13-00528,Ronald Long,ronald.long@coldwellbanker.com,(714) 435-7820,Coldwell Banker,Durham,NC,27334,19,60,B,75,Referral Network,2026-07-13T06:35:36Z
CREAM-2026 07 13-00529,Scott Flores,scottf@hotmail.com,(512) 543-5240,Russell Lyon Sotheby,Glendale,AZ,86773,5,13,B,82,LinkedIn,2026-07-13T18:04:30Z
CREAM-2026 07 13-00530,Brian Martin,brian.martin@re/max.com,(310) 846-4636,RE/MAX,Cary,NC,28403,3,17,B,76,Brokerage Listings,2026-07-13T03:50:02Z
CREAM-2026 07 13-00531,Angela King,angelak@me.com,(919) 467-2088,Keller Williams,Thornton,CO,81744,24,58,B,74,Website Lead,2026-07-13T02:44:51Z
CREAM-2026 07 13-00532,Patrick Mitchell,patrick_mitchell@aol.com,(602) 333-7269,Sotheby International,Syracuse,NY,14830,19,70,B,97,Website Lead,2026-07-13T06:30:13Z
CREAM-2026 07 13-00533,Dennis Bennett,dbennett@me.com,(718) 648-2824,Keller Williams,Fayetteville,NC,27885,4,19,B,83,Brokerage Listings,2026-07-13T12:59:26Z
CREAM-2026 07 13-00534,Kevin Sanders,kevins@hotmail.com,(214) 737-6520,Douglas Elliman,New Rochelle,NY,12209,10,78,B,75,Realtor.com,2026-07-13T02:34:37Z
CREAM-2026 07 13-00535,Nicole Hernandez,nicoleh@gmail.com,(805) 613-4845,Compass,Hollywood,FL,33155,1,9,B,66,Facebook,2026-07-13T19:50:00Z
CREAM-2026 07 13-00536,Kenneth Jenkins,kennethj@re/max.com,(919) 749-8786,RE/MAX,Arvada,CO,80154,23,40,B,89,Website Lead,2026-07-13T23:27:24Z
CREAM-2026 07 13-00537,Jonathan Sanchez,jsanchez@exprealty.com,(646) 680-2529,eXp Realty,Toledo,OH,44756,5,15,B,75,Facebook,2026-07-13T05:41:04Z
CREAM-2026 07 13-00538,Diane Clark,dianeclark@hotmail.com,(602) 867-1933,Halstead,Syracuse,NY,13713,22,60,B,90,Cold Outreach,2026-07-13T20:56:32Z
CREAM-2026 07 13-00539,Tyler Diaz,tylerdiaz@yahoo.com,(713) 291-8775,Briggs Freeman Sotheby,Irving,TX,75900,23,73,B,77,MLS Database,2026-07-13T21:34:45Z
CREAM-2026 07 13-00540,Melissa Wood,mwood@hotmail.com,(786) 839-7305,Keller Williams,Dayton,OH,45285,3,8,B,100,Cold Outreach,2026-07-13T02:10:45Z
CREAM-2026 07 13-00541,Heather Hill,heather_hill@outlook.com,(512) 272-7217,HER Realtors,Toledo,OH,45306,6,40,B,73,Facebook,2026-07-13T03:16:03Z
CREAM-2026 07 13-00542,Donald Perez,donaldp@yahoo.com,(303) 553-8237,eXp Realty,Chandler,AZ,86966,20,46,B,72,Facebook,2026-07-13T18:27:58Z
CREAM-2026 07 13-00543,Sarah Miller,smiller@exprealty.com,(602) 862-3373,eXp Realty,Thornton,CO,81326,20,70,B,92,Realtor.com,2026-07-13T19:29:17Z
CREAM-2026 07 13-00544,Jeffrey Ward,jeffreyw@gmail.com,(714) 681-6120,Douglas Elliman,Rochester,NY,11400,10,49,B,78,LinkedIn,2026-07-13T01:13:39Z
CREAM-2026 07 13-00545,Ruth Edwards,ruth_edwards@gmail.com,(714) 282-6875,eXp Realty,Akron,OH,43953,24,38,B,96,Referral Network,2026-07-13T17:12:43Z
CREAM-2026 07 13-00546,Nancy Anderson,nancy.anderson@sothebyinternational.com,(404) 715-2887,Sotheby International,Rochester,NY,12616,21,48,B,96,Website Lead,2026-07-13T09:51:06Z
CREAM-2026 07 13-00547,Stephanie Ward,stephanieward@icloud.com,(310) 917-5928,Russell Lyon Sotheby,Chandler,AZ,86151,0,3,B,87,Cold Outreach,2026-07-13T21:55:53Z
CREAM-2026 07 13-00548,Nicole Sanchez,nsanchez@berkshirehathaway.com,(980) 524-2326,Berkshire Hathaway,Lakewood,CO,80289,8,22,B,80,NAR Directory,2026-07-13T22:29:55Z
CREAM-2026 07 13-00549,Ryan Edwards,redwards@aol.com,(929) 391-4811,Keller Williams,Arvada,CO,80509,6,29,B,78,LinkedIn,2026-07-13T15:04:26Z
CREAM-2026 07 13-00550,Matthew Brooks,matthewbrooks@outlook.com,(305) 495-6248,Sotheby International,Albany,NY,12700,15,46,B,78,LinkedIn,2026-07-13T19:06:58Z
CREAM-2026 07 13-00551,George Kelly,george_kelly@yahoo.com,(415) 685-4729,eXp Realty,Fort Collins,CO,80646,5,11,B,64,Facebook,2026-07-13T23:46:58Z
CREAM-2026 07 13-00552,Jacob Long,jacobl@hotmail.com,(334) 712-6095,Compass,Arvada,CO,81438,1,8,B,86,NAR Directory,2026-07-13T16:11:16Z
CREAM-2026 07 13-00553,Thomas Moore,thomasmoore@yahoo.com,(704) 409-3798,eXp Realty,Winston-Salem,NC,27129,8,26,B,82,MLS Database,2026-07-13T04:38:14Z
CREAM-2026 07 13-00554,Carol Reed,carol_reed@yahoo.com,(972) 420-4127,Compass,Buffalo,NY,12172,4,14,B,97,Realtor.com,2026-07-13T15:24:50Z
CREAM-2026 07 13-00555,Tyler Parker,tyler.parker@briggsfreemansotheby.com,(805) 484-6964,Briggs Freeman Sotheby,Amarillo,TX,76240,9,39,B,97,Realtor.com,2026-07-13T10:13:16Z
CREAM-2026 07 13-00556,Robert Torres,rtorres@gmail.com,(469) 585-9110,Keller Williams,Chandler,AZ,85732,12,69,B,89,MLS Database,2026-07-13T23:49:25Z
CREAM-2026 07 13-00557,Raymond Sanders,raymondsanders@hotmail.com,(916) 681-6335,RE/MAX,Corpus Christi,TX,79645,14,52,B,74,Website Lead,2026-07-13T16:12:52Z
CREAM-2026 07 13-00558,Jason Jackson,jjackson@me.com,(786) 214-9063,HomeSmart,Glendale,AZ,86937,4,24,B,67,Website Lead,2026-07-13T07:22:20Z
CREAM-2026 07 13-00559,Edward Ramirez,edward_ramirez@icloud.com,(334) 907-1877,Nest Seekers,Rochester,NY,12221,3,12,B,84,Realtor.com,2026-07-13T08:09:41Z
CREAM-2026 07 13-00560,John Price,jprice@icloud.com,(512) 573-2116,8z Real Estate,Fort Collins,CO,80739,1,5,B,86,Referral Network,2026-07-13T11:06:57Z
CREAM-2026 07 13-00561,Shirley Flores,shirley.flores@outlook.com,(305) 561-7054,RE/MAX,Anaheim,CA,95978,1,12,B,68,Facebook,2026-07-13T09:41:25Z
CREAM-2026 07 13-00562,Ashley Collins,ashleyc@coldwellbanker.com,(234) 567-7095,Coldwell Banker,Glendale,AZ,86232,10,25,B,89,Facebook,2026-07-13T19:44:36Z
CREAM-2026 07 13-00563,Samantha Reed,sreed@hotmail.com,(305) 560-2762,Nest Seekers,Buffalo,NY,11410,15,61,B,89,Cold Outreach,2026-07-13T12:58:34Z
CREAM-2026 07 13-00564,Tyler Harris,tyler.harris@icloud.com,(916) 599-1437,Howard Hanna,Durham,NC,28355,5,10,B,72,Brokerage Listings,2026-07-13T18:12:21Z
CREAM-2026 07 13-00565,Jeffrey Brown,jeffrey.brown@gmail.com,(214) 828-3382,Berkshire Hathaway,Akron,OH,45588,4,13,B,65,NAR Directory,2026-07-13T13:31:30Z
CREAM-2026 07 13-00566,Emma Jones,emmaj@me.com,(916) 623-9514,Berkshire Hathaway,Irving,TX,76230,19,41,B,80,Referral Network,2026-07-13T22:05:59Z
CREAM-2026 07 13-00567,Betty White,betty_white@hotmail.com,(916) 577-1990,Keller Williams Realty,Hialeah,FL,34984,3,22,B,62,Realtor.com,2026-07-13T20:20:03Z
CREAM-2026 07 13-00568,Edward Hughes,edward.hughes@coldwellbanker.com,(310) 752-7762,Coldwell Banker,Irving,TX,77791,17,78,B,69,Brokerage Listings,2026-07-13T01:49:08Z
CREAM-2026 07 13-00569,Nancy Hill,nancyhill@me.com,(929) 884-2699,Halstead,Buffalo,NY,10541,21,41,B,71,Realtor.com,2026-07-13T03:54:40Z
CREAM-2026 07 13-00570,Nicholas Wright,nicholas.wright@outlook.com,(929) 399-4387,Huntington Real Estate,Parma,OH,44253,22,68,B,100,Trade Show,2026-07-13T07:55:17Z
CREAM-2026 07 13-00571,Jason Hill,jasonh@gmail.com,(980) 608-3247,HER Realtors,Dayton,OH,45902,19,64,B,88,Referral Network,2026-07-13T22:32:10Z
CREAM-2026 07 13-00572,George Turner,gturner@compass.com,(469) 669-7722,Compass,Bakersfield,CA,90882,3,10,B,84,Trade Show,2026-07-13T14:46:43Z
CREAM-2026 07 13-00573,Patricia Sanchez,psanchez@gmail.com,(980) 948-1631,Coldwell Banker,Arvada,CO,81988,2,6,B,85,Brokerage Listings,2026-07-13T10:31:29Z
CREAM-2026 07 13-00574,Dennis Turner,dennist@yahoo.com,(646) 520-2968,Berkshire Hathaway,Glendale,AZ,86860,4,14,B,64,Website Lead,2026-07-13T02:06:17Z
CREAM-2026 07 13-00575,Carol Robinson,carol_robinson@icloud.com,(972) 327-9362,Compass,Anaheim,CA,96611,1,9,B,74,Facebook,2026-07-13T09:57:45Z
CREAM-2026 07 13-00576,Patricia Hughes,phughes@compass.com,(916) 713-9995,Compass,Hialeah,FL,32483,2,9,B,89,Realtor.com,2026-07-13T18:24:15Z
CREAM-2026 07 13-00577,Angela Reyes,angelareyes@hotmail.com,(305) 460-4566,RE/MAX,Santa Ana,CA,93294,23,27,B,100,Trade Show,2026-07-13T10:19:50Z
CREAM-2026 07 13-00578,Rachel Jackson,rjackson@outlook.com,(512) 871-1587,Berkshire Hathaway,Hollywood,FL,34439,3,17,B,71,Website Lead,2026-07-13T04:45:03Z
CREAM-2026 07 13-00579,Jennifer Ross,jross@icloud.com,(512) 359-8268,Keller Williams,Parma,OH,45951,0,0,B,70,MLS Database,2026-07-13T15:58:12Z
CREAM-2026 07 13-00580,Stephanie Long,stephanie_long@hotmail.com,(720) 952-7204,Douglas Elliman,Hialeah,FL,32711,0,0,B,87,Facebook,2026-07-13T18:52:43Z
CREAM-2026 07 13-00581,Brenda Reyes,brenda.reyes@re/max.com,(469) 209-4627,RE/MAX,Thornton,CO,81385,13,75,B,93,Brokerage Listings,2026-07-13T14:54:40Z
CREAM-2026 07 13-00582,Samuel Jimenez,samuel.jimenez@outlook.com,(972) 632-4305,Berkshire Hathaway,Lakewood,CO,81938,11,42,B,98,Brokerage Listings,2026-07-13T09:51:25Z
CREAM-2026 07 13-00583,George Kelly,gkelly@howardhanna.com,(415) 502-5766,Howard Hanna,Fayetteville,NC,27588,0,4,B,74,LinkedIn,2026-07-13T03:34:47Z
CREAM-2026 07 13-00584,Deborah Perry,dperry@icloud.com,(602) 490-6221,eXp Realty,Thornton,CO,80435,12,37,B,95,LinkedIn,2026-07-13T21:29:10Z
CREAM-2026 07 13-00585,Christine Ramos,christineramos@me.com,(469) 871-5315,Coldwell Banker,Glendale,AZ,86452,18,41,B,65,Website Lead,2026-07-13T00:50:54Z
CREAM-2026 07 13-00586,Jennifer Gomez,jennifer.gomez@gmail.com,(415) 495-1521,Compass,Rochester,NY,12448,5,24,B,83,Facebook,2026-07-13T11:07:58Z
CREAM-2026 07 13-00587,Rebecca Stewart,rebecca_stewart@hotmail.com,(646) 643-1867,Compass,Hialeah,FL,34502,5,23,B,80,Brokerage Listings,2026-07-13T22:06:52Z
CREAM-2026 07 13-00588,Stephen Richardson,stephen.richardson@gmail.com,(334) 600-6286,Coldwell Banker,Chandler,AZ,85340,10,27,B,89,Referral Network,2026-07-13T20:46:12Z
CREAM-2026 07 13-00589,Diane Rivera,drivera@kellerwilliams.com,(720) 907-8332,Keller Williams,Cary,NC,28716,4,22,B,83,Referral Network,2026-07-13T19:58:55Z
CREAM-2026 07 13-00590,Paul Davis,paul.davis@icloud.com,(713) 615-5722,HER Realtors,Parma,OH,43335,12,42,B,92,Realtor.com,2026-07-13T12:37:12Z
CREAM-2026 07 13-00591,Paul Perry,paul_perry@icloud.com,(303) 904-2112,Coldwell Banker,Cape Coral,FL,32124,5,21,B,67,LinkedIn,2026-07-13T04:02:30Z
CREAM-2026 07 13-00592,Donald Sanchez,dsanchez@yahoo.com,(256) 809-9788,RE/MAX,Gilbert,AZ,86462,4,16,B,86,Cold Outreach,2026-07-13T05:16:57Z
CREAM-2026 07 13-00593,Janet Ross,janet.ross@aol.com,(303) 544-4118,RE/MAX,Winston-Salem,NC,27146,1,12,B,80,MLS Database,2026-07-13T22:16:18Z
CREAM-2026 07 13-00594,Susan Price,susanprice@outlook.com,(720) 954-7152,Keller Williams,Dayton,OH,44790,5,19,B,72,Brokerage Listings,2026-07-13T13:27:34Z
CREAM-2026 07 13-00595,Dorothy Brown,dorothyb@me.com,(513) 997-9753,HER Realtors,Toledo,OH,45307,10,59,B,75,Website Lead,2026-07-13T00:33:11Z
CREAM-2026 07 13-00596,Stephanie Martin,stephaniemartin@icloud.com,(305) 427-8100,eXp Realty,Tallahassee,FL,34639,0,1,B,90,Cold Outreach,2026-07-13T01:38:25Z
CREAM-2026 07 13-00597,Dorothy Richardson,dorothyrichardson@outlook.com,(714) 937-6194,HomeSmart,Tempe,AZ,86446,1,10,B,96,Trade Show,2026-07-13T05:17:10Z
CREAM-2026 07 13-00598,Sharon Ortiz,sharono@berkshirehathaway.com,(718) 226-1166,Berkshire Hathaway,Fayetteville,NC,28583,8,37,B,92,Realtor.com,2026-07-13T00:55:07Z
CREAM-2026 07 13-00599,Edward Lopez,edward.lopez@me.com,(469) 549-2605,Keller Williams,Akron,OH,45196,21,41,B,67,Cold Outreach,2026-07-13T03:53:18Z
CREAM-2026 07 13-00600,Heather Cook,heathercook@hotmail.com,(334) 783-1689,Coldwell Banker,Amarillo,TX,76824,2,3,B,94,LinkedIn,2026-07-13T20:36:06Z
CREAM-2026 07 13-00601,Ryan Peterson,ryanp@nestseekers.com,(513) 264-2618,Nest Seekers,Yonkers,NY,10181,6,24,B,77,Referral Network,2026-07-13T08:11:09Z
CREAM-2026 07 13-00602,Elizabeth Hughes,elizabeth.hughes@outlook.com,(415) 257-7346,Coldwell Banker,Cary,NC,27674,25,46,B,97,Referral Network,2026-07-13T05:01:14Z
CREAM-2026 07 13-00603,Lisa Watson,lisaw@me.com,(720) 745-9577,Compass,Rochester,NY,11767,16,33,B,93,Facebook,2026-07-13T23:37:11Z
CREAM-2026 07 13-00604,Steven Carter,stevencarter@aol.com,(614) 386-3153,Coldwell Banker,Glendale,AZ,85947,22,73,B,98,MLS Database,2026-07-13T04:42:37Z
CREAM-2026 07 13-00605,Karen Wilson,karenw@icloud.com,(929) 467-7040,Keller Williams,Amarillo,TX,77401,3,9,B,62,Brokerage Listings,2026-07-13T20:21:41Z
CREAM-2026 07 13-00606,Alexander Lopez,alexanderlopez@hotmail.com,(513) 357-8671,Keller Williams,Parma,OH,44538,22,41,B,78,Brokerage Listings,2026-07-13T09:35:02Z
CREAM-2026 07 13-00607,Heather Collins,heather.collins@berkshirehathaway.com,(404) 361-7077,Berkshire Hathaway,Arvada,CO,80539,1,12,B,88,Brokerage Listings,2026-07-13T07:16:21Z
CREAM-2026 07 13-00608,Pamela Jimenez,pamelaj@exprealty.com,(303) 863-8526,eXp Realty,Toledo,OH,43845,5,16,B,80,MLS Database,2026-07-13T10:11:26Z
CREAM-2026 07 13-00609,Amanda Hall,ahall@gmail.com,(469) 521-1275,RE/MAX,Gilbert,AZ,85839,4,10,B,76,Website Lead,2026-07-13T01:12:18Z
CREAM-2026 07 13-00610,Nicholas Davis,nicholasdavis@gmail.com,(704) 809-7436,Coldwell Banker,Dayton,OH,43697,15,34,B,94,MLS Database,2026-07-13T13:23:10Z
CREAM-2026 07 13-00611,John Morris,johnm@aol.com,(786) 734-4947,Compass,Thornton,CO,81624,21,51,B,97,MLS Database,2026-07-13T06:47:27Z
CREAM-2026 07 13-00612,Kimberly Green,kimberly.green@yahoo.com,(310) 361-9151,Coldwell Banker,Bakersfield,CA,91349,18,66,B,80,LinkedIn,2026-07-13T08:21:35Z
CREAM-2026 07 13-00613,Jennifer Davis,jennifer.davis@icloud.com,(916) 487-1337,RE/MAX,Hialeah,FL,32104,24,48,B,96,Trade Show,2026-07-13T12:11:38Z
CREAM-2026 07 13-00614,Anna Sanchez,anna.sanchez@exprealty.com,(916) 267-3039,eXp Realty,Arvada,CO,81148,6,29,B,82,Brokerage Listings,2026-07-13T04:25:13Z
CREAM-2026 07 13-00615,Gary Lopez,gary_lopez@aol.com,(720) 269-8874,Douglas Elliman,Irving,TX,75134,3,17,B,87,LinkedIn,2026-07-13T21:44:53Z
CREAM-2026 07 13-00616,Thomas Kim,thomask@me.com,(602) 460-6428,Nest Seekers,Yonkers,NY,13981,0,4,B,69,Brokerage Listings,2026-07-13T16:25:20Z
CREAM-2026 07 13-00617,Carolyn Moore,carolynmoore@hotmail.com,(212) 268-1812,Briggs Freeman Sotheby,Garland,TX,79568,19,29,B,76,MLS Database,2026-07-13T18:15:57Z
CREAM-2026 07 13-00618,Jason Campbell,jcampbell@allentate.com,(513) 460-2492,Allen Tate,Cary,NC,28438,2,12,B,78,Brokerage Listings,2026-07-13T08:38:02Z
CREAM-2026 07 13-00619,Linda Lopez,llopez@compass.com,(718) 841-3019,Compass,Cary,NC,28598,5,18,B,92,Trade Show,2026-07-13T02:37:28Z
CREAM-2026 07 13-00620,Nicholas Kelly,nicholaskelly@outlook.com,(972) 822-9845,Coldwell Banker,Akron,OH,44257,2,11,B,93,LinkedIn,2026-07-13T10:10:08Z
CREAM-2026 07 13-00621,Debra Russell,debrar@aol.com,(407) 374-8088,Douglas Elliman,Pembroke Pines,FL,34771,9,17,B,84,Cold Outreach,2026-07-13T17:47:41Z
CREAM-2026 07 13-00622,Kevin Foster,kevinf@aol.com,(512) 739-5946,Coldwell Banker,Fayetteville,NC,27856,1,10,B,83,Referral Network,2026-07-13T01:18:44Z
CREAM-2026 07 13-00623,Timothy Mitchell,tmitchell@re/max.com,(305) 317-5659,RE/MAX,Irving,TX,76422,4,21,B,71,Realtor.com,2026-07-13T06:39:51Z
CREAM-2026 07 13-00624,Christine Bailey,christine_bailey@aol.com,(303) 928-4793,Keller Williams,Corpus Christi,TX,79718,2,11,B,90,Facebook,2026-07-13T22:13:14Z
CREAM-2026 07 13-00625,Benjamin Cox,benjamincox@outlook.com,(614) 931-7460,Berkshire Hathaway,Hialeah,FL,34955,2,6,B,100,Cold Outreach,2026-07-13T18:23:57Z
CREAM-2026 07 13-00626,Larry Thomas,larry_thomas@me.com,(303) 922-2029,Halstead,Rochester,NY,13926,21,78,B,65,LinkedIn,2026-07-13T07:52:18Z
CREAM-2026 07 13-00627,Joseph Davis,josephdavis@icloud.com,(415) 394-6839,Allen Tate,Cary,NC,28477,24,62,B,99,Cold Outreach,2026-07-13T16:19:56Z
CREAM-2026 07 13-00628,Jerry Rodriguez,jerry.rodriguez@hotmail.com,(303) 570-9267,eXp Realty,Toledo,OH,45237,4,9,B,85,Website Lead,2026-07-13T01:47:59Z
CREAM-2026 07 13-00629,Jennifer Richardson,jennifer.richardson@gmail.com,(512) 688-1621,Nest Seekers,New Rochelle,NY,11585,0,3,B,82,Facebook,2026-07-13T11:24:01Z
CREAM-2026 07 13-00630,Ryan Ross,ryanr@cutlerrealestate.com,(919) 928-4146,Cutler Real Estate,Akron,OH,44240,4,24,B,76,Trade Show,2026-07-13T07:26:05Z
CREAM-2026 07 13-00631,Gregory Harris,gharris@aol.com,(469) 907-7462,eXp Realty,Lubbock,TX,75684,0,4,B,98,LinkedIn,2026-07-13T16:54:34Z
CREAM-2026 07 13-00632,Alexander Wood,awood@exprealty.com,(720) 846-3828,eXp Realty,Dayton,OH,45610,16,62,B,86,Brokerage Listings,2026-07-13T20:34:01Z
CREAM-2026 07 13-00633,Pamela Richardson,pamela.richardson@aol.com,(512) 885-1853,RE/MAX,Fresno,CA,91589,9,27,B,91,Trade Show,2026-07-13T20:16:42Z
CREAM-2026 07 13-00634,Joshua Kelly,joshuak@hotmail.com,(646) 320-7254,Corcoran Group,Albany,NY,10761,19,46,B,82,Website Lead,2026-07-13T00:33:41Z
CREAM-2026 07 13-00635,Donna Martin,dmartin@sothebyinternational.com,(916) 255-7702,Sotheby International,Syracuse,NY,10534,5,20,B,73,LinkedIn,2026-07-13T21:27:26Z
CREAM-2026 07 13-00636,Lisa Nguyen,lisa.nguyen@yahoo.com,(786) 232-4852,Keller Williams,Fayetteville,NC,27515,5,15,B,75,Trade Show,2026-07-13T15:06:42Z
CREAM-2026 07 13-00637,Patricia Green,patriciagreen@icloud.com,(234) 341-3075,Berkshire Hathaway,Glendale,AZ,86813,0,5,B,77,Realtor.com,2026-07-13T16:27:10Z
CREAM-2026 07 13-00638,Deborah Rodriguez,deborahr@kellerwilliamsrealty.com,(256) 974-1464,Keller Williams Realty,Hollywood,FL,34486,23,32,B,66,Realtor.com,2026-07-13T22:45:37Z
CREAM-2026 07 13-00639,Donald Hernandez,dhernandez@re/max.com,(718) 250-6378,RE/MAX,Winston-Salem,NC,28261,24,43,B,97,Trade Show,2026-07-13T12:55:44Z
CREAM-2026 07 13-00640,Jessica Campbell,jcampbell@re/max.com,(256) 869-9544,RE/MAX,Parma,OH,43768,2,9,B,74,Brokerage Listings,2026-07-13T11:54:07Z
CREAM-2026 07 13-00641,Joshua Flores,joshuaf@aol.com,(602) 915-9142,Huntington Real Estate,Parma,OH,45339,4,16,B,60,NAR Directory,2026-07-13T15:22:36Z
CREAM-2026 07 13-00642,Linda Walker,lindaw@berkshirehathawayhomeservices.com,(972) 298-5554,Berkshire Hathaway HomeServices,Santa Ana,CA,91642,2,10,B,90,Cold Outreach,2026-07-13T20:30:33Z
CREAM-2026 07 13-00643,Susan Richardson,susanrichardson@yahoo.com,(720) 976-7093,Compass,Arvada,CO,80152,2,4,B,77,Referral Network,2026-07-13T23:40:09Z
CREAM-2026 07 13-00644,Andrew Cox,acox@kellerwilliams.com,(786) 653-3654,Keller Williams,Dayton,OH,43751,17,71,B,63,Referral Network,2026-07-13T05:19:35Z
CREAM-2026 07 13-00645,Karen Harris,karenharris@icloud.com,(469) 219-6281,Huntington Real Estate,Akron,OH,43556,14,35,B,79,LinkedIn,2026-07-13T19:46:29Z
CREAM-2026 07 13-00646,Daniel Carter,danielc@gmail.com,(334) 207-5899,Berkshire Hathaway,Glendale,AZ,85966,0,1,B,73,Trade Show,2026-07-13T01:46:14Z
CREAM-2026 07 13-00647,Amy Kelly,amy.kelly@yahoo.com,(714) 602-4140,Pacific Sotheby,Anaheim,CA,96497,20,51,B,76,Cold Outreach,2026-07-13T16:43:34Z
CREAM-2026 07 13-00648,Patricia Patel,patriciap@allentate.com,(646) 314-7265,Allen Tate,Fayetteville,NC,28787,24,65,B,77,Brokerage Listings,2026-07-13T03:00:37Z
CREAM-2026 07 13-00649,Steven Thomas,stevent@icloud.com,(972) 676-2572,Brown Harris Stevens,Rochester,NY,13966,19,36,B,100,Website Lead,2026-07-13T19:50:08Z
CREAM-2026 07 13-00650,Dorothy Carter,dorothy.carter@gmail.com,(513) 869-7920,Century 21,Cape Coral,FL,32451,2,11,B,95,NAR Directory,2026-07-13T19:56:21Z
CREAM-2026 07 13-00651,Christopher Roberts,christopher.roberts@re/max.com,(212) 756-8662,RE/MAX,Pembroke Pines,FL,32516,10,43,B,61,NAR Directory,2026-07-13T12:55:44Z
CREAM-2026 07 13-00652,Barbara Parker,barbarap@gmail.com,(916) 291-7101,eXp Realty,Fayetteville,NC,28342,0,0,B,86,Website Lead,2026-07-13T20:22:00Z
CREAM-2026 07 13-00653,Steven James,steven.james@kellerwilliams.com,(256) 441-5400,Keller Williams,Parma,OH,45854,2,11,B,83,Facebook,2026-07-13T11:03:02Z
CREAM-2026 07 13-00654,Nancy Cruz,nancy.cruz@huntingtonrealestate.com,(214) 556-2646,Huntington Real Estate,Toledo,OH,44947,5,11,B,80,Cold Outreach,2026-07-13T08:31:28Z
CREAM-2026 07 13-00655,Kimberly Young,kimberly.young@yahoo.com,(310) 420-8766,Briggs Freeman Sotheby,Amarillo,TX,78922,11,46,B,64,MLS Database,2026-07-13T16:35:36Z
CREAM-2026 07 13-00656,Sarah Turner,sturner@corcorangroup.com,(212) 855-8854,Corcoran Group,Syracuse,NY,12673,12,50,B,100,NAR Directory,2026-07-13T20:58:22Z
CREAM-2026 07 13-00657,Carolyn Harris,carolyn_harris@yahoo.com,(310) 380-2917,Coldwell Banker,Arlington,TX,79953,1,5,B,72,LinkedIn,2026-07-13T10:58:55Z
CREAM-2026 07 13-00658,Debra Chavez,debrachavez@icloud.com,(704) 676-5146,Berkshire Hathaway,Durham,NC,28409,15,32,B,99,MLS Database,2026-07-13T14:19:50Z
CREAM-2026 07 13-00659,Richard Jenkins,richardj@hotmail.com,(646) 752-9684,Russell Lyon Sotheby,Tempe,AZ,85865,17,56,B,60,Realtor.com,2026-07-13T11:54:46Z
CREAM-2026 07 13-00660,Jessica Russell,jessica_russell@aol.com,(212) 420-2214,RE/MAX,Fayetteville,NC,28512,15,48,B,79,Referral Network,2026-07-13T10:19:10Z
CREAM-2026 07 13-00661,Edward King,edwardking@yahoo.com,(303) 202-2910,RE/MAX,Gilbert,AZ,85289,17,67,B,83,Website Lead,2026-07-13T19:52:06Z
CREAM-2026 07 13-00662,Jason Ortiz,jasonortiz@yahoo.com,(916) 281-9004,Compass,Fresno,CA,93167,3,8,B,86,Brokerage Listings,2026-07-13T12:14:18Z
CREAM-2026 07 13-00663,Amanda Flores,amanda.flores@aol.com,(786) 846-3277,Coldwell Banker,Winston-Salem,NC,28905,1,5,B,90,LinkedIn,2026-07-13T21:30:25Z
CREAM-2026 07 13-00664,Anthony Anderson,anthony_anderson@icloud.com,(415) 788-5566,HER Realtors,Akron,OH,45507,11,65,B,77,LinkedIn,2026-07-13T02:29:37Z
CREAM-2026 07 13-00665,Cynthia Ortiz,cortiz@hotmail.com,(469) 247-2651,LIV Sotheby,Thornton,CO,80274,12,36,B,89,Realtor.com,2026-07-13T03:45:20Z
CREAM-2026 07 13-00666,Heather Moore,heatherm@outlook.com,(415) 590-8364,Berkshire Hathaway,Corpus Christi,TX,77673,3,17,B,86,NAR Directory,2026-07-13T09:12:47Z
CREAM-2026 07 13-00667,Lisa Carter,lisac@exprealty.com,(214) 465-7923,eXp Realty,Parma,OH,43347,24,62,B,81,Trade Show,2026-07-13T21:18:21Z
CREAM-2026 07 13-00668,Barbara Flores,barbara.flores@coldwellbanker.com,(713) 914-8030,Coldwell Banker,Anaheim,CA,90694,0,1,B,83,Cold Outreach,2026-07-13T02:01:44Z
CREAM-2026 07 13-00669,Pamela Reyes,pamela.reyes@aol.com,(919) 523-5796,Keller Williams Realty,Fresno,CA,95115,1,11,B,86,Facebook,2026-07-13T16:04:57Z
CREAM-2026 07 13-00670,Stephanie Mendoza,stephaniem@gmail.com,(602) 502-9924,RE/MAX,Durham,NC,27276,6,31,B,65,Brokerage Listings,2026-07-13T13:38:35Z
CREAM-2026 07 13-00671,Stephen Mitchell,stephenmitchell@aol.com,(919) 558-7443,Brown Harris Stevens,Yonkers,NY,13482,23,77,B,79,Cold Outreach,2026-07-13T07:58:45Z
CREAM-2026 07 13-00672,Stephen Brown,stephenbrown@me.com,(469) 693-7539,Berkshire Hathaway,Tallahassee,FL,33874,1,3,B,89,Referral Network,2026-07-13T01:32:44Z
CREAM-2026 07 13-00673,Melissa Flores,melissa_flores@yahoo.com,(614) 865-4827,Coldwell Banker,Corpus Christi,TX,77817,2,4,B,62,Trade Show,2026-07-13T19:41:19Z
CREAM-2026 07 13-00674,Steven Wright,steven.wright@gmail.com,(929) 938-2560,HomeSmart,Glendale,AZ,85721,1,5,B,74,Referral Network,2026-07-13T05:20:31Z
CREAM-2026 07 13-00675,Jeffrey Hall,jeffrey.hall@coldwellbanker.com,(929) 374-7005,Coldwell Banker,Gilbert,AZ,85336,0,3,B,65,MLS Database,2026-07-13T22:34:33Z
CREAM-2026 07 13-00676,Anthony Martinez,anthonym@outlook.com,(805) 424-2492,Keller Williams,Thornton,CO,81404,5,10,B,66,MLS Database,2026-07-13T21:31:54Z
CREAM-2026 07 13-00677,Paul Myers,paul_myers@outlook.com,(720) 398-6576,eXp Realty,Tallahassee,FL,34486,2,4,B,87,Referral Network,2026-07-13T06:31:13Z
CREAM-2026 07 13-00678,Thomas Wilson,twilson@aol.com,(646) 898-6593,Berkshire Hathaway,Hollywood,FL,32161,5,22,B,65,Facebook,2026-07-13T12:42:47Z
CREAM-2026 07 13-00679,John Johnson,jjohnson@yahoo.com,(212) 235-2163,Berkshire Hathaway,Tempe,AZ,85907,13,68,B,89,Referral Network,2026-07-13T18:26:14Z
CREAM-2026 07 13-00680,Patrick Ramirez,patrickr@yahoo.com,(614) 288-7446,Howard Hanna,Fayetteville,NC,27989,11,46,B,71,Realtor.com,2026-07-13T14:02:01Z
CREAM-2026 07 13-00681,Sharon Patel,spatel@outlook.com,(513) 826-2354,Sotheby International,Rochester,NY,12109,17,75,B,69,Trade Show,2026-07-13T08:14:47Z
CREAM-2026 07 13-00682,Gregory Patel,gregory.patel@herrealtors.com,(234) 539-9671,HER Realtors,Akron,OH,45255,4,9,B,90,Referral Network,2026-07-13T00:11:27Z
CREAM-2026 07 13-00683,Patricia Gonzalez,patriciag@gmail.com,(407) 457-7209,RE/MAX,Cape Coral,FL,33526,6,35,B,67,Website Lead,2026-07-13T16:05:54Z
CREAM-2026 07 13-00684,George Brooks,georgeb@icloud.com,(310) 538-9555,Compass,Cape Coral,FL,33877,2,4,B,88,Cold Outreach,2026-07-13T04:14:26Z
CREAM-2026 07 13-00685,Sandra Harris,sandra_harris@gmail.com,(805) 289-3874,Brown Harris Stevens,Rochester,NY,12874,1,4,B,79,Realtor.com,2026-07-13T00:25:08Z
CREAM-2026 07 13-00686,Nancy Thomas,nancy.thomas@aol.com,(256) 787-8868,Berkshire Hathaway,Akron,OH,44558,18,52,B,99,Trade Show,2026-07-13T15:22:11Z
CREAM-2026 07 13-00687,Christine Powell,christine.powell@nestseekers.com,(614) 979-4534,Nest Seekers,Rochester,NY,13928,21,29,B,67,Trade Show,2026-07-13T12:11:46Z
CREAM-2026 07 13-00688,Patricia Lee,plee@aol.com,(714) 352-6430,Corcoran Group,Albany,NY,12160,12,73,B,65,Website Lead,2026-07-13T03:30:19Z
CREAM-2026 07 13-00689,Elizabeth Ramos,elizabethr@gmail.com,(256) 251-3349,Coldwell Banker,Glendale,AZ,85401,15,56,B,91,Realtor.com,2026-07-13T00:50:28Z
CREAM-2026 07 13-00690,Katherine Richardson,krichardson@hotmail.com,(512) 220-3887,Berkshire Hathaway,Corpus Christi,TX,77158,15,38,B,86,Brokerage Listings,2026-07-13T07:34:14Z
CREAM-2026 07 13-00691,Amanda Ramirez,aramirez@aol.com,(919) 471-1664,Howard Hanna,Fayetteville,NC,27485,5,9,B,93,LinkedIn,2026-07-13T12:05:49Z
CREAM-2026 07 13-00692,Sarah Cox,sarah.cox@aol.com,(919) 455-1742,Berkshire Hathaway,Corpus Christi,TX,79437,7,22,B,87,Referral Network,2026-07-13T02:53:26Z
CREAM-2026 07 13-00693,Stephanie Robinson,stephanie.robinson@gmail.com,(805) 258-2845,Berkshire Hathaway,Port St. Lucie,FL,33239,8,17,B,97,Facebook,2026-07-13T21:34:57Z
CREAM-2026 07 13-00694,Angela Campbell,angela_campbell@yahoo.com,(212) 625-8574,Nest Seekers,Yonkers,NY,12380,15,70,B,66,Realtor.com,2026-07-13T20:04:02Z
CREAM-2026 07 13-00695,Emma Cruz,emma.cruz@icloud.com,(805) 285-3546,Coldwell Banker,Pembroke Pines,FL,32148,3,19,B,62,Trade Show,2026-07-13T21:02:43Z
CREAM-2026 07 13-00696,Tyler Gonzalez,tylergonzalez@aol.com,(256) 783-2060,Keller Williams,Arlington,TX,75306,13,80,B,63,Cold Outreach,2026-07-13T06:34:51Z
CREAM-2026 07 13-00697,Alexander Gutierrez,alexanderg@aol.com,(310) 428-8883,Berkshire Hathaway HomeServices,Bakersfield,CA,92689,2,9,B,89,Trade Show,2026-07-13T01:50:12Z
CREAM-2026 07 13-00698,Samuel Smith,ssmith@outlook.com,(980) 784-6912,Briggs Freeman Sotheby,Irving,TX,78673,0,5,B,76,Referral Network,2026-07-13T06:17:12Z
CREAM-2026 07 13-00699,Emma Robinson,emmarobinson@hotmail.com,(919) 850-8205,Long Realty,Chandler,AZ,86544,21,31,B,90,LinkedIn,2026-07-13T14:06:13Z
CREAM-2026 07 13-00700,Brandon Nelson,brandon.nelson@gmail.com,(415) 693-7656,eXp Realty,Lakewood,CO,80299,4,23,B,83,LinkedIn,2026-07-13T23:47:00Z
CREAM-2026 07 13-00701,Brian Lewis,brianl@outlook.com,(720) 794-6639,Coldwell Banker,Riverside,CA,91105,0,0,B,67,NAR Directory,2026-07-13T01:21:13Z
CREAM-2026 07 13-00702,Anna Martinez,annam@gmail.com,(512) 211-1894,Keller Williams Realty,Bakersfield,CA,92983,5,14,B,63,Cold Outreach,2026-07-13T15:52:12Z
CREAM-2026 07 13-00703,Stephanie Taylor,staylor@outlook.com,(513) 227-6177,Nest Seekers,New Rochelle,NY,13152,8,28,B,61,Realtor.com,2026-07-13T02:18:19Z
CREAM-2026 07 13-00704,Steven Watson,steven.watson@douglaselliman.com,(303) 480-2132,Douglas Elliman,Syracuse,NY,14427,20,28,B,93,Brokerage Listings,2026-07-13T14:19:36Z
CREAM-2026 07 13-00705,Aaron Martinez,amartinez@exprealty.com,(407) 418-4695,eXp Realty,Akron,OH,44886,1,10,B,90,Facebook,2026-07-13T10:28:18Z
CREAM-2026 07 13-00706,Laura Kelly,lkelly@berkshirehathaway.com,(256) 423-1460,Berkshire Hathaway,Fayetteville,NC,28191,5,8,B,90,Facebook,2026-07-13T13:49:21Z
CREAM-2026 07 13-00707,Alexander Ortiz,alexander.ortiz@aol.com,(212) 862-6487,eXp Realty,Tempe,AZ,85616,17,78,B,66,Trade Show,2026-07-13T09:52:39Z
CREAM-2026 07 13-00708,Dennis Long,dennislong@gmail.com,(980) 473-4970,Allen Tate,Cary,NC,28309,22,46,B,61,Referral Network,2026-07-13T18:18:11Z
CREAM-2026 07 13-00709,Brenda Gutierrez,brenda.gutierrez@longrealty.com,(714) 655-3204,Long Realty,Gilbert,AZ,85725,21,77,B,66,MLS Database,2026-07-13T06:31:12Z
CREAM-2026 07 13-00710,Sharon Collins,sharoncollins@yahoo.com,(646) 686-3422,Nest Seekers,Syracuse,NY,12671,23,62,B,99,Referral Network,2026-07-13T17:05:32Z
CREAM-2026 07 13-00711,Nicholas Rivera,nicholasr@me.com,(646) 527-5805,Russell Lyon Sotheby,Glendale,AZ,86406,5,18,B,85,LinkedIn,2026-07-13T13:38:59Z
CREAM-2026 07 13-00712,Daniel Rivera,daniel.rivera@outlook.com,(305) 901-7260,LIV Sotheby,Fort Collins,CO,80855,25,43,B,99,Brokerage Listings,2026-07-13T16:55:58Z
CREAM-2026 07 13-00713,Andrew Gonzalez,andrew.gonzalez@coldwellbanker.com,(786) 296-7271,Coldwell Banker,Port St. Lucie,FL,34986,16,37,B,88,Referral Network,2026-07-13T20:42:03Z
CREAM-2026 07 13-00714,Larry Flores,lflores@aol.com,(980) 471-5537,Compass,Bakersfield,CA,92843,7,33,B,94,Facebook,2026-07-13T06:49:30Z
CREAM-2026 07 13-00715,Paul Taylor,paul_taylor@hotmail.com,(916) 728-2377,Coldwell Banker,Durham,NC,28410,21,46,B,93,Brokerage Listings,2026-07-13T16:28:34Z
CREAM-2026 07 13-00716,Michael Phillips,michaelp@allentate.com,(334) 358-6423,Allen Tate,Cary,NC,28902,24,70,B,97,Realtor.com,2026-07-13T06:34:30Z
CREAM-2026 07 13-00717,Sandra Rivera,srivera@outlook.com,(805) 936-2095,Berkshire Hathaway,Thornton,CO,81459,5,14,B,81,Trade Show,2026-07-13T09:23:55Z
CREAM-2026 07 13-00718,Cynthia Diaz,cynthia.diaz@coldwellbanker.com,(602) 956-6548,Coldwell Banker,Akron,OH,44115,22,31,B,91,Website Lead,2026-07-13T05:52:33Z
CREAM-2026 07 13-00719,Richard Torres,rtorres@outlook.com,(234) 391-4491,Huntington Real Estate,Parma,OH,43288,6,32,B,98,Trade Show,2026-07-13T01:36:27Z
CREAM-2026 07 13-00720,William Rodriguez,williamrodriguez@icloud.com,(713) 387-7541,RE/MAX,Dayton,OH,43563,1,3,B,82,LinkedIn,2026-07-13T01:32:32Z
CREAM-2026 07 13-00721,Matthew Evans,matthew.evans@hotmail.com,(469) 569-9760,Nest Seekers,Rochester,NY,10444,2,6,B,76,Referral Network,2026-07-13T17:08:52Z
CREAM-2026 07 13-00722,Karen Price,karenp@century21.com,(415) 474-6747,Century 21,Port St. Lucie,FL,34627,1,9,B,100,MLS Database,2026-07-13T11:38:08Z
CREAM-2026 07 13-00723,Pamela Wood,pamela_wood@yahoo.com,(256) 408-9576,Berkshire Hathaway,Pembroke Pines,FL,32878,1,10,B,87,MLS Database,2026-07-13T07:16:04Z
CREAM-2026 07 13-00724,Emily Morgan,emilym@berkshirehathaway.com,(512) 945-1070,Berkshire Hathaway,Dayton,OH,43188,4,15,B,90,Trade Show,2026-07-13T03:32:32Z
CREAM-2026 07 13-00725,Samantha Perry,samanthaperry@gmail.com,(786) 256-6055,RE/MAX,Thornton,CO,80489,8,40,B,77,Trade Show,2026-07-13T07:09:39Z
CREAM-2026 07 13-00726,Carol Perry,carolp@sothebyinternational.com,(415) 297-6425,Sotheby International,New Rochelle,NY,13112,5,18,B,66,Cold Outreach,2026-07-13T07:21:13Z
CREAM-2026 07 13-00727,Christopher Ross,christopher_ross@me.com,(980) 439-2637,Cutler Real Estate,Parma,OH,43662,8,23,B,77,Facebook,2026-07-13T10:55:14Z
CREAM-2026 07 13-00728,Emily Hall,emilyhall@gmail.com,(513) 268-8051,LIV Sotheby,Arvada,CO,81405,3,17,B,76,Referral Network,2026-07-13T19:55:41Z
CREAM-2026 07 13-00729,Edward Lopez,edwardl@outlook.com,(234) 286-4574,Keller Williams,Tempe,AZ,86954,5,15,B,63,Cold Outreach,2026-07-13T01:10:55Z
CREAM-2026 07 13-00730,Gary Morales,gary.morales@brownharrisstevens.com,(512) 988-3338,Brown Harris Stevens,Yonkers,NY,14659,2,10,B,92,Realtor.com,2026-07-13T09:00:27Z
CREAM-2026 07 13-00731,Katherine Russell,katherine.russell@coldwellbanker.com,(512) 758-1077,Coldwell Banker,Arlington,TX,77287,23,46,B,81,MLS Database,2026-07-13T19:22:01Z
CREAM-2026 07 13-00732,Frank Morris,frank.morris@compass.com,(469) 206-4321,Compass,Durham,NC,27933,1,9,B,94,Trade Show,2026-07-13T21:52:59Z
CREAM-2026 07 13-00733,Angela Nelson,angelan@hotmail.com,(305) 505-1411,eXp Realty,Bakersfield,CA,93704,5,8,B,70,Trade Show,2026-07-13T10:21:08Z
CREAM-2026 07 13-00734,Michelle Morgan,michellem@homesmart.com,(786) 594-4911,HomeSmart,Tempe,AZ,85304,6,18,B,62,MLS Database,2026-07-13T15:05:08Z
CREAM-2026 07 13-00735,Amy Bennett,amybennett@outlook.com,(256) 413-8335,RE/MAX,Winston-Salem,NC,28367,1,11,B,65,Facebook,2026-07-13T10:10:46Z
CREAM-2026 07 13-00736,Dennis Flores,dennisf@me.com,(310) 479-5150,eXp Realty,Fresno,CA,93320,1,9,B,62,NAR Directory,2026-07-13T06:14:37Z
CREAM-2026 07 13-00737,Nicholas Stewart,nstewart@herrealtors.com,(407) 936-4972,HER Realtors,Dayton,OH,44616,4,22,B,88,Facebook,2026-07-13T09:09:18Z
CREAM-2026 07 13-00738,Samantha Robinson,samantha_robinson@me.com,(512) 807-2106,Compass,Durham,NC,28942,21,74,B,82,Brokerage Listings,2026-07-13T01:19:17Z
CREAM-2026 07 13-00739,Mary King,mary.king@aol.com,(415) 469-9794,Douglas Elliman,Hollywood,FL,33641,20,43,B,62,NAR Directory,2026-07-13T12:42:50Z
CREAM-2026 07 13-00740,Joseph Ramos,josephr@berkshirehathaway.com,(512) 613-9419,Berkshire Hathaway,Fayetteville,NC,28882,1,9,B,74,Brokerage Listings,2026-07-13T06:40:31Z
CREAM-2026 07 13-00741,Carol Gomez,carol_gomez@hotmail.com,(713) 424-3649,Coldwell Banker,Lakewood,CO,80839,0,2,B,87,Trade Show,2026-07-13T16:31:03Z
CREAM-2026 07 13-00742,Christopher Collins,christopherc@coldwellbanker.com,(512) 769-9713,Coldwell Banker,Fayetteville,NC,28363,11,55,B,99,Cold Outreach,2026-07-13T05:40:50Z
CREAM-2026 07 13-00743,Sandra Foster,sandra_foster@me.com,(972) 850-3658,Coldwell Banker,Parma,OH,45111,9,33,B,66,Referral Network,2026-07-13T02:02:10Z
CREAM-2026 07 13-00744,Donna Martin,dmartin@coldwellbanker.com,(786) 599-8631,Coldwell Banker,Corpus Christi,TX,77581,18,53,B,64,Brokerage Listings,2026-07-13T12:18:00Z
CREAM-2026 07 13-00745,Edward Torres,edwardt@berkshirehathaway.com,(805) 283-5103,Berkshire Hathaway,Arlington,TX,79981,24,80,B,89,Referral Network,2026-07-13T12:16:04Z
CREAM-2026 07 13-00746,Brian King,brian_king@me.com,(614) 270-8023,RE/MAX,Glendale,AZ,86279,5,25,B,95,Facebook,2026-07-13T19:36:55Z
CREAM-2026 07 13-00747,Gregory Lewis,gregory_lewis@hotmail.com,(334) 721-9947,Douglas Elliman,Port St. Lucie,FL,34397,0,1,B,76,Facebook,2026-07-13T18:38:47Z
CREAM-2026 07 13-00748,Jessica Jones,jessica.jones@gmail.com,(602) 582-5799,Keller Williams,Arlington,TX,79556,2,6,B,87,Realtor.com,2026-07-13T19:12:37Z
CREAM-2026 07 13-00749,Stephen Mendoza,smendoza@hotmail.com,(614) 371-1942,Keller Williams Realty,Hollywood,FL,33807,17,61,B,96,Brokerage Listings,2026-07-13T01:45:25Z
CREAM-2026 07 13-00750,Pamela Gutierrez,pamela.gutierrez@aol.com,(614) 624-6280,Douglas Elliman,Irving,TX,77896,1,5,B,97,NAR Directory,2026-07-13T07:49:10Z
CREAM-2026 07 13-00751,Laura Campbell,laura.campbell@outlook.com,(972) 619-1146,Berkshire Hathaway,Pasadena,TX,78389,1,7,C,92,NAR Directory,2026-07-13T21:06:11Z
CREAM-2026 07 13-00752,Patrick Bailey,pbailey@me.com,(980) 283-8005,RE/MAX,Concord,NC,27961,24,56,C,91,Trade Show,2026-07-13T13:28:06Z
CREAM-2026 07 13-00753,Pamela Morales,pamelam@re/max.com,(720) 955-6002,RE/MAX,Pueblo,CO,80120,23,78,C,85,Brokerage Listings,2026-07-13T08:28:00Z
CREAM-2026 07 13-00754,Steven Phillips,stevenp@kellerwilliams.com,(980) 532-5015,Keller Williams,Youngstown,OH,45332,1,11,C,99,Facebook,2026-07-13T23:54:19Z
CREAM-2026 07 13-00755,Mary Smith,marys@re/max.com,(512) 559-3515,RE/MAX,Boulder,CO,80991,19,64,C,82,Referral Network,2026-07-13T20:00:27Z
CREAM-2026 07 13-00756,Brandon Stewart,brandon_stewart@gmail.com,(512) 249-9964,RE/MAX,Greenville,NC,27766,8,36,C,73,Cold Outreach,2026-07-13T23:04:13Z
CREAM-2026 07 13-00757,Pamela Hernandez,pamelah@re/max.com,(512) 716-4940,RE/MAX,High Point,NC,27491,3,11,C,78,LinkedIn,2026-07-13T07:16:09Z
CREAM-2026 07 13-00758,Richard Richardson,richard_richardson@yahoo.com,(303) 983-5615,Cutler Real Estate,Hamilton,OH,43295,0,5,C,77,Facebook,2026-07-13T20:28:03Z
CREAM-2026 07 13-00759,Brenda Johnson,brenda_johnson@hotmail.com,(512) 707-7671,Coldwell Banker,McAllen,TX,75855,10,47,C,73,Brokerage Listings,2026-07-13T20:12:04Z
CREAM-2026 07 13-00760,Raymond Young,raymondy@me.com,(305) 744-1523,eXp Realty,Wilmington,NC,27329,24,72,C,78,NAR Directory,2026-07-13T11:17:01Z
CREAM-2026 07 13-00761,Debra Cruz,debracruz@icloud.com,(718) 610-5809,Allie Beth Allman,Grand Prairie,TX,76815,3,18,C,87,Brokerage Listings,2026-07-13T04:56:28Z
CREAM-2026 07 13-00762,Mary Cruz,mary_cruz@me.com,(256) 303-4441,Berkshire Hathaway,Surprise,AZ,85249,15,68,C,85,Referral Network,2026-07-13T09:26:32Z
CREAM-2026 07 13-00763,Larry Foster,lfoster@yahoo.com,(916) 898-1220,Coldwell Banker,Lorain,OH,45328,5,21,C,62,Brokerage Listings,2026-07-13T05:02:45Z
CREAM-2026 07 13-00764,Christopher Johnson,christopherjohnson@gmail.com,(980) 643-4381,Compass,White Plains,NY,14748,5,8,C,63,Referral Network,2026-07-13T07:08:59Z
CREAM-2026 07 13-00765,Aaron King,aaronk@longrealty.com,(980) 982-4038,Long Realty,Peoria,AZ,86345,23,43,C,72,Facebook,2026-07-13T23:55:34Z
CREAM-2026 07 13-00766,Carolyn Cook,carolyncook@aol.com,(646) 453-3936,Berkshire Hathaway,West Palm Beach,FL,34245,2,12,C,96,Brokerage Listings,2026-07-13T03:43:35Z
CREAM-2026 07 13-00767,David Jenkins,david.jenkins@me.com,(704) 569-4028,Allen Tate,High Point,NC,27836,10,31,C,71,Website Lead,2026-07-13T10:43:46Z
CREAM-2026 07 13-00768,Helen Reed,hreed@aol.com,(415) 828-8110,eXp Realty,Boulder,CO,80297,3,12,C,77,Realtor.com,2026-07-13T02:32:00Z
CREAM-2026 07 13-00769,Timothy Morgan,tmorgan@aol.com,(513) 719-9008,RE/MAX,Greenville,NC,28554,20,34,C,98,Trade Show,2026-07-13T02:48:00Z
CREAM-2026 07 13-00770,Frank Lopez,frankl@outlook.com,(919) 725-6198,RE/MAX,Avondale,AZ,86422,5,24,C,67,Referral Network,2026-07-13T06:22:30Z
CREAM-2026 07 13-00771,Lisa Edwards,lisa.edwards@icloud.com,(334) 932-9211,Keller Williams,Pasadena,TX,75648,1,7,C,74,Facebook,2026-07-13T12:36:57Z
CREAM-2026 07 13-00772,Angela Campbell,angela.campbell@exprealty.com,(305) 707-8897,eXp Realty,Concord,NC,28639,5,15,C,84,Brokerage Listings,2026-07-13T18:44:39Z
CREAM-2026 07 13-00773,Brian Edwards,bedwards@re/max.com,(713) 478-8918,RE/MAX,Canton,OH,44557,23,47,C,99,Referral Network,2026-07-13T10:53:04Z
CREAM-2026 07 13-00774,Donna Nelson,dnelson@gmail.com,(404) 709-6316,eXp Realty,Westminster,CO,80494,9,17,C,82,Referral Network,2026-07-13T07:43:05Z
CREAM-2026 07 13-00775,Joshua Gonzalez,jgonzalez@icloud.com,(614) 485-2172,Allen Tate,Greenville,NC,27205,23,78,C,77,Website Lead,2026-07-13T10:11:11Z
CREAM-2026 07 13-00776,Larry Flores,larryf@gmail.com,(303) 984-9238,Berkshire Hathaway,Canton,OH,43328,22,80,C,85,LinkedIn,2026-07-13T14:02:56Z
CREAM-2026 07 13-00777,Frank Foster,frankfoster@yahoo.com,(972) 754-7283,Keller Williams,Avondale,AZ,86975,4,20,C,64,Website Lead,2026-07-13T21:38:08Z
CREAM-2026 07 13-00778,Paul Baker,paulbaker@icloud.com,(614) 252-3125,Berkshire Hathaway,Wilmington,NC,28635,0,2,C,97,Facebook,2026-07-13T20:37:07Z
CREAM-2026 07 13-00779,George Young,gyoung@hotmail.com,(805) 644-8462,Coldwell Banker,Greenville,NC,28322,4,22,C,86,Website Lead,2026-07-13T00:45:40Z
CREAM-2026 07 13-00780,Linda King,lindaking@icloud.com,(713) 469-4491,Keller Williams,Pasadena,TX,78936,6,36,C,81,Facebook,2026-07-13T19:48:05Z
CREAM-2026 07 13-00781,Ashley Bennett,ashleyb@aol.com,(786) 704-9780,Keller Williams Realty,West Palm Beach,FL,33474,1,10,C,68,MLS Database,2026-07-13T19:37:28Z
CREAM-2026 07 13-00782,Kathleen Hughes,kathleen_hughes@yahoo.com,(305) 934-4876,Coldwell Banker,Peoria,AZ,85960,18,58,C,76,NAR Directory,2026-07-13T18:20:05Z
CREAM-2026 07 13-00783,Catherine Morales,cmorales@outlook.com,(214) 721-1078,Sotheby International,Modesto,CA,96162,5,11,C,80,Cold Outreach,2026-07-13T07:36:12Z
CREAM-2026 07 13-00784,Benjamin Murphy,benjamin.murphy@me.com,(512) 858-1829,Coldwell Banker,Clearwater,FL,32590,25,54,C,80,Brokerage Listings,2026-07-13T04:15:15Z
CREAM-2026 07 13-00785,Jack Cook,jack.cook@yahoo.com,(513) 524-5256,HomeSmart,Yuma,AZ,86576,4,14,C,89,Cold Outreach,2026-07-13T04:40:03Z
CREAM-2026 07 13-00786,Carol Gonzalez,cgonzalez@coldwellbanker.com,(512) 573-5896,Coldwell Banker,Gainesville,FL,34783,0,4,C,87,Cold Outreach,2026-07-13T17:08:19Z
CREAM-2026 07 13-00787,Anna Phillips,aphillips@kellerwilliams.com,(512) 931-2898,Keller Williams,Mesquite,TX,79377,4,15,C,87,MLS Database,2026-07-13T04:42:01Z
CREAM-2026 07 13-00788,David Jackson,davidjackson@outlook.com,(469) 901-2087,RE/MAX,Miramar,FL,32715,3,8,C,76,MLS Database,2026-07-13T07:30:49Z
CREAM-2026 07 13-00789,Anna Sanders,annasanders@hotmail.com,(980) 320-4107,eXp Realty,Palm Bay,FL,34392,5,17,C,82,Facebook,2026-07-13T07:35:29Z
CREAM-2026 07 13-00790,Patricia Cooper,pcooper@douglaselliman.com,(602) 393-7478,Douglas Elliman,Mesquite,TX,79805,1,11,C,61,Brokerage Listings,2026-07-13T17:29:45Z
CREAM-2026 07 13-00791,Pamela Patel,pamelap@gmail.com,(614) 354-2521,Coldwell Banker,Peoria,AZ,85810,6,39,C,61,Facebook,2026-07-13T04:52:40Z
CREAM-2026 07 13-00792,Anna Mitchell,annam@hotmail.com,(234) 242-8226,Keller Williams Realty,Fremont,CA,96350,10,75,C,87,Trade Show,2026-07-13T15:40:06Z
CREAM-2026 07 13-00793,David Ross,davidr@kellerwilliams.com,(980) 664-6052,Keller Williams,Avondale,AZ,85576,25,46,C,92,MLS Database,2026-07-13T19:45:53Z
CREAM-2026 07 13-00794,Maria Cruz,mariac@outlook.com,(980) 343-3650,Compass,Westminster,CO,81262,1,7,C,75,LinkedIn,2026-07-13T01:21:33Z
CREAM-2026 07 13-00795,Deborah Cox,deborahcox@hotmail.com,(720) 878-5636,Coldwell Banker,Brownsville,TX,77910,0,1,C,65,Referral Network,2026-07-13T05:08:54Z
CREAM-2026 07 13-00796,Carolyn Gomez,carolyngomez@aol.com,(404) 858-5028,Keller Williams,Wilmington,NC,27677,23,73,C,66,Cold Outreach,2026-07-13T19:48:40Z
CREAM-2026 07 13-00797,Nicholas Carter,nicholasc@aol.com,(972) 813-3059,Douglas Elliman,McKinney,TX,75763,2,4,C,100,MLS Database,2026-07-13T23:28:40Z
CREAM-2026 07 13-00798,Thomas King,thomas.king@icloud.com,(404) 483-3407,eXp Realty,Pueblo,CO,80255,4,24,C,77,Referral Network,2026-07-13T06:50:08Z
CREAM-2026 07 13-00799,Michael Bailey,michaelb@compass.com,(646) 947-2622,Compass,Modesto,CA,92175,2,12,C,76,Cold Outreach,2026-07-13T02:12:37Z
CREAM-2026 07 13-00800,Larry Russell,lrussell@aol.com,(720) 540-7489,Sotheby International,Troy,NY,11201,0,3,C,80,Brokerage Listings,2026-07-13T10:09:10Z
CREAM-2026 07 13-00801,Ronald Bailey,ronald.bailey@gmail.com,(919) 734-2863,Allen Tate,Greenville,NC,28321,0,3,C,85,Realtor.com,2026-07-13T17:50:02Z
CREAM-2026 07 13-00802,Joshua Castillo,joshua_castillo@me.com,(786) 880-6610,RE/MAX,Coral Springs,FL,32669,4,13,C,82,Brokerage Listings,2026-07-13T12:44:39Z
CREAM-2026 07 13-00803,Heather Gonzalez,hgonzalez@longrealty.com,(602) 928-1619,Long Realty,Avondale,AZ,86941,3,15,C,84,Brokerage Listings,2026-07-13T18:00:38Z
CREAM-2026 07 13-00804,Frank Gonzalez,frank_gonzalez@hotmail.com,(972) 899-2001,Russell Lyon Sotheby,Peoria,AZ,85258,13,29,C,77,Realtor.com,2026-07-13T01:49:08Z
CREAM-2026 07 13-00805,Donna Anderson,donnaanderson@outlook.com,(303) 985-9857,Cutler Real Estate,Lorain,OH,43884,13,70,C,71,Website Lead,2026-07-13T04:27:31Z
CREAM-2026 07 13-00806,Jennifer Diaz,jenniferdiaz@aol.com,(720) 785-2943,HomeSmart,Surprise,AZ,86132,20,37,C,72,Brokerage Listings,2026-07-13T10:16:01Z
CREAM-2026 07 13-00807,Donna Brooks,donna_brooks@yahoo.com,(805) 812-1908,Keller Williams,Yuma,AZ,85463,4,22,C,72,Realtor.com,2026-07-13T11:52:00Z
CREAM-2026 07 13-00808,Laura Gomez,lgomez@compass.com,(214) 868-9029,Compass,Greenville,NC,28760,3,13,C,90,LinkedIn,2026-07-13T22:51:32Z
CREAM-2026 07 13-00809,Kevin Hughes,kevin_hughes@me.com,(720) 738-4153,Douglas Elliman,Grand Prairie,TX,78756,0,5,C,99,Cold Outreach,2026-07-13T15:23:05Z
CREAM-2026 07 13-00810,William Turner,wturner@aol.com,(512) 559-9640,Keller Williams,Wilmington,NC,27381,5,23,C,66,Trade Show,2026-07-13T13:27:43Z
CREAM-2026 07 13-00811,Anna Garcia,annag@berkshirehathawayhomeservices.com,(786) 466-1270,Berkshire Hathaway HomeServices,Irvine,CA,94572,17,40,C,62,Trade Show,2026-07-13T19:42:34Z
CREAM-2026 07 13-00812,Ryan Jenkins,rjenkins@coldwellbanker.com,(234) 756-1247,Coldwell Banker,Concord,NC,27646,22,53,C,60,Realtor.com,2026-07-13T15:42:12Z
CREAM-2026 07 13-00813,Gregory Perry,gregory.perry@me.com,(305) 501-4038,Coldwell Banker,Centennial,CO,80558,12,27,C,74,Referral Network,2026-07-13T05:44:41Z
CREAM-2026 07 13-00814,Amanda Hill,ahill@me.com,(404) 858-2674,Cutler Real Estate,Hamilton,OH,43639,2,8,C,100,Realtor.com,2026-07-13T15:08:08Z
CREAM-2026 07 13-00815,Daniel Mitchell,dmitchell@berkshirehathaway.com,(805) 846-7047,Berkshire Hathaway,Lorain,OH,43458,0,0,C,86,Cold Outreach,2026-07-13T04:16:40Z
CREAM-2026 07 13-00816,Nancy Bennett,nbennett@re/max.com,(919) 554-1585,RE/MAX,Avondale,AZ,86440,5,16,C,79,Website Lead,2026-07-13T00:31:53Z
CREAM-2026 07 13-00817,Deborah Rodriguez,deborah.rodriguez@exprealty.com,(310) 951-2947,eXp Realty,Pueblo,CO,81760,4,17,C,88,Website Lead,2026-07-13T01:35:43Z
CREAM-2026 07 13-00818,Deborah Young,deborahy@coldwellbanker.com,(720) 872-3164,Coldwell Banker,Wilmington,NC,28936,4,19,C,87,Website Lead,2026-07-13T16:54:53Z
CREAM-2026 07 13-00819,Eric Kim,eric.kim@outlook.com,(512) 659-3178,RE/MAX,Hamilton,OH,44987,4,24,C,91,Realtor.com,2026-07-13T22:49:00Z
CREAM-2026 07 13-00820,Barbara Morales,bmorales@me.com,(212) 596-3669,eXp Realty,Avondale,AZ,86271,22,47,C,91,Brokerage Listings,2026-07-13T15:56:58Z
CREAM-2026 07 13-00821,Carolyn Young,cyoung@me.com,(919) 905-5768,RE/MAX,Moreno Valley,CA,90771,16,44,C,70,Facebook,2026-07-13T01:15:04Z
CREAM-2026 07 13-00822,Larry Williams,lwilliams@kellerwilliams.com,(305) 341-9083,Keller Williams,Wilmington,NC,27995,0,5,C,97,Website Lead,2026-07-13T11:12:31Z
CREAM-2026 07 13-00823,Scott Thomas,scottt@berkshirehathaway.com,(469) 870-8928,Berkshire Hathaway,Pueblo,CO,81822,10,49,C,80,LinkedIn,2026-07-13T07:11:42Z
CREAM-2026 07 13-00824,Jack Ramirez,jack.ramirez@kellerwilliams.com,(713) 274-2975,Keller Williams,Mount Vernon,NY,12168,0,2,C,81,MLS Database,2026-07-13T23:10:49Z
CREAM-2026 07 13-00825,Eric Roberts,eroberts@gmail.com,(415) 658-9683,Compass,Coral Springs,FL,33405,20,57,C,69,Brokerage Listings,2026-07-13T11:49:57Z
CREAM-2026 07 13-00826,Edward Bennett,edwardb@me.com,(303) 805-6228,eXp Realty,Greenville,NC,28293,17,51,C,96,Trade Show,2026-07-13T22:26:11Z
CREAM-2026 07 13-00827,Jacob Murphy,jacobm@coldwellbanker.com,(718) 549-1843,Coldwell Banker,McAllen,TX,75776,14,78,C,76,Realtor.com,2026-07-13T00:07:30Z
CREAM-2026 07 13-00828,Jonathan Peterson,jonathan_peterson@aol.com,(919) 895-8987,RE/MAX,Pueblo,CO,81283,5,14,C,88,Facebook,2026-07-13T00:17:31Z
CREAM-2026 07 13-00829,Joshua Roberts,joshua.roberts@re/max.com,(234) 887-8989,RE/MAX,Oxnard,CA,92412,9,40,C,86,Realtor.com,2026-07-13T19:12:01Z
CREAM-2026 07 13-00830,Stephanie Sanders,stephanie_sanders@outlook.com,(256) 921-8902,Berkshire Hathaway,High Point,NC,27746,19,80,C,85,Realtor.com,2026-07-13T20:10:17Z
CREAM-2026 07 13-00831,Matthew Cook,mcook@re/max.com,(234) 708-2649,RE/MAX,Centennial,CO,80468,11,51,C,75,Facebook,2026-07-13T21:11:12Z
CREAM-2026 07 13-00832,Elizabeth Jenkins,elizabeth.jenkins@sothebyinternational.com,(407) 475-7695,Sotheby International,Schenectady,NY,10375,15,54,C,93,NAR Directory,2026-07-13T21:59:44Z
CREAM-2026 07 13-00833,Justin King,justin.king@compass.com,(303) 550-9893,Compass,Modesto,CA,92790,15,43,C,64,NAR Directory,2026-07-13T08:45:29Z
CREAM-2026 07 13-00834,Aaron Johnson,aaron.johnson@aol.com,(972) 247-3833,HER Realtors,Youngstown,OH,43884,19,45,C,83,Trade Show,2026-07-13T19:34:20Z
CREAM-2026 07 13-00835,Betty Thomas,bettyt@gmail.com,(404) 567-7196,RE/MAX,McAllen,TX,76124,6,39,C,96,Realtor.com,2026-07-13T18:04:54Z
CREAM-2026 07 13-00836,Shirley Garcia,shirley.garcia@icloud.com,(303) 820-3405,Douglas Elliman,Pasadena,TX,78412,21,75,C,92,MLS Database,2026-07-13T02:57:29Z
CREAM-2026 07 13-00837,Donald Hill,dhill@briggsfreemansotheby.com,(415) 279-6797,Briggs Freeman Sotheby,Grand Prairie,TX,75296,4,15,C,92,Trade Show,2026-07-13T20:48:03Z
CREAM-2026 07 13-00838,Carolyn Mitchell,cmitchell@yahoo.com,(234) 563-3682,Berkshire Hathaway HomeServices,Moreno Valley,CA,93159,1,5,C,78,Referral Network,2026-07-13T13:16:24Z
CREAM-2026 07 13-00839,Robert Jones,robertj@exprealty.com,(256) 215-7766,eXp Realty,Modesto,CA,91183,12,31,C,97,NAR Directory,2026-07-13T10:24:07Z
CREAM-2026 07 13-00840,Dennis Campbell,dennis.campbell@compass.com,(407) 432-6874,Compass,Centennial,CO,80775,4,22,C,97,LinkedIn,2026-07-13T23:19:12Z
CREAM-2026 07 13-00841,Katherine Watson,katherinewatson@icloud.com,(704) 566-7942,Coldwell Banker,Yuma,AZ,86259,19,54,C,95,Referral Network,2026-07-13T11:38:29Z
CREAM-2026 07 13-00842,Daniel Clark,danielc@coldwellbanker.com,(646) 700-8494,Coldwell Banker,Palm Bay,FL,32445,5,10,C,81,Website Lead,2026-07-13T09:58:53Z
CREAM-2026 07 13-00843,Mark Mitchell,mmitchell@hotmail.com,(214) 647-3351,Douglas Elliman,Mesquite,TX,76995,14,25,C,63,LinkedIn,2026-07-13T09:42:46Z
CREAM-2026 07 13-00844,Cynthia Williams,cynthiaw@icloud.com,(404) 657-7646,eXp Realty,Greenville,NC,27833,4,19,C,80,NAR Directory,2026-07-13T09:37:00Z
CREAM-2026 07 13-00845,Kevin Rodriguez,kevinrodriguez@gmail.com,(415) 623-5663,HomeSmart,Peoria,AZ,85265,17,75,C,72,Trade Show,2026-07-13T18:42:48Z
CREAM-2026 07 13-00846,Jessica Kelly,jessicakelly@aol.com,(469) 383-4452,Sotheby International,Troy,NY,13166,8,25,C,75,Website Lead,2026-07-13T03:18:25Z
CREAM-2026 07 13-00847,Donald Mendoza,donald_mendoza@aol.com,(404) 239-7673,RE/MAX,Grand Prairie,TX,75908,3,21,C,85,Cold Outreach,2026-07-13T07:17:55Z
CREAM-2026 07 13-00848,Jennifer Gray,jennifer.gray@icloud.com,(212) 508-9531,Halstead,Troy,NY,14493,23,61,C,91,Realtor.com,2026-07-13T00:42:54Z
CREAM-2026 07 13-00849,Kimberly Watson,kimberlywatson@hotmail.com,(256) 824-5521,eXp Realty,Lorain,OH,43118,2,5,C,74,Referral Network,2026-07-13T05:15:47Z
CREAM-2026 07 13-00850,Laura Walker,laura.walker@icloud.com,(305) 548-6186,Cutler Real Estate,Youngstown,OH,43660,2,3,C,73,Realtor.com,2026-07-13T13:05:17Z
CREAM-2026 07 13-00851,Samantha Ortiz,samantha.ortiz@aol.com,(303) 256-8763,HER Realtors,Youngstown,OH,44225,5,14,C,67,Website Lead,2026-07-13T08:37:54Z
CREAM-2026 07 13-00852,Stephen Davis,stephendavis@yahoo.com,(303) 463-2422,Coldwell Banker,High Point,NC,27838,1,11,C,78,MLS Database,2026-07-13T07:54:30Z
CREAM-2026 07 13-00853,Anna Roberts,anna.roberts@berkshirehathaway.com,(212) 737-6358,Berkshire Hathaway,Gainesville,FL,32265,0,2,C,64,Trade Show,2026-07-13T11:39:18Z
CREAM-2026 07 13-00854,Gary Cruz,garyc@hotmail.com,(513) 521-6244,Berkshire Hathaway,Wilmington,NC,27949,1,11,C,81,Brokerage Listings,2026-07-13T22:06:39Z
CREAM-2026 07 13-00855,Elizabeth Phillips,elizabeth.phillips@icloud.com,(512) 840-4401,RE/MAX,Fremont,CA,96942,5,25,C,94,LinkedIn,2026-07-13T17:19:38Z
CREAM-2026 07 13-00856,Melissa Brooks,mbrooks@yahoo.com,(919) 740-7287,Berkshire Hathaway,Clearwater,FL,32960,4,23,C,77,NAR Directory,2026-07-13T06:16:54Z
CREAM-2026 07 13-00857,Kimberly Miller,kimberlym@hotmail.com,(212) 877-6364,RE/MAX,Canton,OH,43865,7,40,C,71,Website Lead,2026-07-13T06:46:18Z
CREAM-2026 07 13-00858,Katherine Hernandez,katherine.hernandez@coldwellbanker.com,(614) 572-4571,Coldwell Banker,Fremont,CA,95903,14,70,C,86,Realtor.com,2026-07-13T07:19:55Z
CREAM-2026 07 13-00859,Frank Carter,fcarter@hotmail.com,(805) 768-3198,Cutler Real Estate,Youngstown,OH,44482,10,59,C,63,Realtor.com,2026-07-13T20:27:31Z
CREAM-2026 07 13-00860,Sarah White,sarah.white@hotmail.com,(303) 487-3369,Allen Tate,High Point,NC,27165,2,5,C,60,Realtor.com,2026-07-13T06:35:52Z
CREAM-2026 07 13-00861,Lisa Green,lisa.green@icloud.com,(718) 539-2304,Brown Harris Stevens,Hempstead,NY,14901,2,11,C,74,MLS Database,2026-07-13T09:18:34Z
CREAM-2026 07 13-00862,Steven Taylor,steven_taylor@me.com,(303) 320-5255,Corcoran Group,Utica,NY,10339,3,12,C,87,LinkedIn,2026-07-13T01:32:23Z
CREAM-2026 07 13-00863,Jonathan Stewart,jonathan_stewart@aol.com,(916) 716-4755,eXp Realty,Oxnard,CA,90144,2,7,C,66,Realtor.com,2026-07-13T16:43:51Z
CREAM-2026 07 13-00864,Gregory White,gregory.white@outlook.com,(720) 887-4131,RE/MAX,Centennial,CO,81515,2,11,C,100,LinkedIn,2026-07-13T02:03:10Z
CREAM-2026 07 13-00865,Ronald Murphy,ronaldm@icloud.com,(786) 918-4154,Huntington Real Estate,Youngstown,OH,44828,3,16,C,84,Cold Outreach,2026-07-13T18:41:40Z
CREAM-2026 07 13-00866,Katherine Moore,katherinemoore@aol.com,(256) 951-9099,RE/MAX,Lorain,OH,44556,0,0,C,75,Cold Outreach,2026-07-13T02:24:43Z
CREAM-2026 07 13-00867,Tyler Young,tyoung@coldwellbanker.com,(714) 464-2169,Coldwell Banker,Youngstown,OH,44116,24,39,C,61,Trade Show,2026-07-13T09:43:34Z
CREAM-2026 07 13-00868,Kathleen Powell,kathleen.powell@sothebyinternational.com,(303) 758-7308,Sotheby International,Hempstead,NY,13452,5,13,C,64,Referral Network,2026-07-13T18:41:57Z
CREAM-2026 07 13-00869,Michael Murphy,michaelm@outlook.com,(718) 913-5123,eXp Realty,McAllen,TX,77246,3,25,C,62,Referral Network,2026-07-13T17:48:11Z
CREAM-2026 07 13-00870,Pamela James,pamelaj@aol.com,(916) 945-2828,eXp Realty,Peoria,AZ,85148,0,3,C,92,Website Lead,2026-07-13T22:49:38Z
CREAM-2026 07 13-00871,John Lee,johnl@gmail.com,(334) 636-2761,Keller Williams,Troy,NY,11494,2,3,C,67,Referral Network,2026-07-13T23:11:22Z
CREAM-2026 07 13-00872,Larry Ortiz,larryo@yahoo.com,(234) 257-7015,Russell Lyon Sotheby,Avondale,AZ,85414,5,20,C,62,Facebook,2026-07-13T23:15:50Z
CREAM-2026 07 13-00873,Eric Hill,eric.hill@icloud.com,(305) 355-9955,Berkshire Hathaway,Gainesville,FL,33919,1,8,C,66,Brokerage Listings,2026-07-13T04:35:08Z
CREAM-2026 07 13-00874,Dennis Thompson,dennis.thompson@sothebyinternational.com,(415) 791-4441,Sotheby International,Fontana,CA,94671,17,45,C,84,MLS Database,2026-07-13T02:51:41Z
CREAM-2026 07 13-00875,Pamela Diaz,pdiaz@outlook.com,(919) 881-9882,eXp Realty,Coral Springs,FL,33533,4,17,C,82,Website Lead,2026-07-13T06:27:59Z
CREAM-2026 07 13-00876,Nancy King,nancyk@me.com,(334) 416-3975,eXp Realty,Avondale,AZ,85495,2,10,C,67,Website Lead,2026-07-13T21:32:00Z
CREAM-2026 07 13-00877,Kenneth Murphy,kennethm@me.com,(303) 964-4848,Berkshire Hathaway,Centennial,CO,80118,15,48,C,94,Facebook,2026-07-13T00:07:21Z
CREAM-2026 07 13-00878,Emily Martin,emily.martin@me.com,(714) 878-5754,Compass,Mount Vernon,NY,12769,13,66,C,85,NAR Directory,2026-07-13T11:15:46Z
CREAM-2026 07 13-00879,Betty King,betty.king@me.com,(713) 241-4836,Keller Williams Realty,Modesto,CA,95907,3,20,C,78,LinkedIn,2026-07-13T22:52:18Z
CREAM-2026 07 13-00880,David Campbell,david.campbell@hotmail.com,(805) 825-9628,eXp Realty,Canton,OH,45118,24,39,C,88,NAR Directory,2026-07-13T20:01:07Z
CREAM-2026 07 13-00881,Alexander Anderson,aanderson@8zrealestate.com,(972) 289-7753,8z Real Estate,Westminster,CO,80474,13,64,C,63,Referral Network,2026-07-13T14:11:29Z
CREAM-2026 07 13-00882,Eric Evans,eric_evans@yahoo.com,(916) 741-9966,Douglas Elliman,McAllen,TX,79499,6,21,C,96,Referral Network,2026-07-13T01:35:23Z
CREAM-2026 07 13-00883,Mary Ramos,maryramos@hotmail.com,(916) 306-8230,HomeSmart,Surprise,AZ,85298,17,73,C,100,Cold Outreach,2026-07-13T17:08:02Z
CREAM-2026 07 13-00884,Timothy Smith,timothy.smith@yahoo.com,(310) 990-8524,Coldwell Banker,Fontana,CA,96407,4,8,C,62,Referral Network,2026-07-13T15:32:58Z
CREAM-2026 07 13-00885,Andrew Bennett,andrewbennett@yahoo.com,(310) 927-6595,Berkshire Hathaway,Grand Prairie,TX,79827,2,4,C,87,Trade Show,2026-07-13T02:21:02Z
CREAM-2026 07 13-00886,Gary Scott,gscott@huntingtonrealestate.com,(256) 578-5200,Huntington Real Estate,Youngstown,OH,45136,2,8,C,87,NAR Directory,2026-07-13T02:35:30Z
CREAM-2026 07 13-00887,Karen Cruz,karen_cruz@hotmail.com,(513) 311-3782,Berkshire Hathaway,Brownsville,TX,79306,9,30,C,65,Trade Show,2026-07-13T11:02:53Z
CREAM-2026 07 13-00888,Patricia Wood,pwood@brownharrisstevens.com,(980) 310-4478,Brown Harris Stevens,Utica,NY,14192,6,31,C,62,Website Lead,2026-07-13T06:22:32Z
CREAM-2026 07 13-00889,Jacob Sanders,jacob.sanders@outlook.com,(714) 767-6590,Long Realty,Peoria,AZ,86401,4,8,C,90,Brokerage Listings,2026-07-13T23:11:50Z
CREAM-2026 07 13-00890,Gregory Hernandez,gregory_hernandez@aol.com,(972) 485-9325,Allie Beth Allman,McAllen,TX,75291,0,3,C,75,Facebook,2026-07-13T00:43:35Z
CREAM-2026 07 13-00891,Carolyn Reed,carolynreed@yahoo.com,(704) 281-5527,Coldwell Banker,Pasadena,TX,76134,0,4,C,62,Realtor.com,2026-07-13T13:50:49Z
CREAM-2026 07 13-00892,Stephanie Myers,smyers@hotmail.com,(720) 552-2610,Berkshire Hathaway HomeServices,Modesto,CA,94175,5,15,C,88,Website Lead,2026-07-13T05:22:12Z
CREAM-2026 07 13-00893,Robert Kelly,robertkelly@gmail.com,(404) 818-9135,8z Real Estate,Westminster,CO,80602,8,39,C,86,LinkedIn,2026-07-13T08:18:17Z
CREAM-2026 07 13-00894,Angela Ruiz,angelar@allentate.com,(919) 897-6365,Allen Tate,Greenville,NC,28664,18,32,C,77,Referral Network,2026-07-13T14:04:43Z
CREAM-2026 07 13-00895,Nancy Cooper,nancy.cooper@yahoo.com,(334) 240-8300,Russell Lyon Sotheby,Surprise,AZ,86823,5,19,C,82,NAR Directory,2026-07-13T13:14:12Z
CREAM-2026 07 13-00896,Janet Reyes,jreyes@exprealty.com,(718) 836-6928,eXp Realty,Hamilton,OH,43197,17,31,C,60,Facebook,2026-07-13T02:08:28Z
CREAM-2026 07 13-00897,Angela Garcia,angela.garcia@kellerwilliams.com,(916) 709-6830,Keller Williams,Centennial,CO,80584,1,3,C,88,Website Lead,2026-07-13T23:22:35Z
CREAM-2026 07 13-00898,Michael Scott,michaelscott@gmail.com,(310) 262-7902,Douglas Elliman,West Palm Beach,FL,32889,3,15,C,66,LinkedIn,2026-07-13T00:24:22Z
CREAM-2026 07 13-00899,Ruth Anderson,ruth.anderson@kellerwilliams.com,(929) 399-9355,Keller Williams,Pueblo,CO,80441,12,34,C,69,Cold Outreach,2026-07-13T00:22:55Z
CREAM-2026 07 13-00900,Jeffrey Hill,jeffrey_hill@gmail.com,(646) 684-8171,Keller Williams,Hempstead,NY,14280,15,31,C,63,MLS Database,2026-07-13T14:07:15Z
CREAM-2026 07 13-00901,Larry Anderson,larry.anderson@outlook.com,(972) 622-8357,eXp Realty,Grand Prairie,TX,77129,25,28,C,95,Realtor.com,2026-07-13T08:20:10Z
CREAM-2026 07 13-00902,Jonathan Baker,jonathan.baker@icloud.com,(310) 486-1539,eXp Realty,Clearwater,FL,34242,15,67,C,95,Facebook,2026-07-13T12:02:10Z
CREAM-2026 07 13-00903,Mary Jenkins,mjenkins@icloud.com,(234) 361-3196,Briggs Freeman Sotheby,McKinney,TX,79698,5,22,C,75,Referral Network,2026-07-13T16:09:00Z
CREAM-2026 07 13-00904,Patricia Harris,patriciah@nestseekers.com,(513) 718-8576,Nest Seekers,Schenectady,NY,13157,9,15,C,78,MLS Database,2026-07-13T00:33:23Z
CREAM-2026 07 13-00905,Joshua Perez,joshua_perez@hotmail.com,(407) 458-9760,RE/MAX,Canton,OH,45101,2,12,C,72,Facebook,2026-07-13T14:30:57Z
CREAM-2026 07 13-00906,Joseph Ward,joseph.ward@brownharrisstevens.com,(404) 690-2484,Brown Harris Stevens,White Plains,NY,12642,13,73,C,72,NAR Directory,2026-07-13T01:11:18Z
CREAM-2026 07 13-00907,Emma Jenkins,emma.jenkins@icloud.com,(704) 699-2536,Berkshire Hathaway,Pasadena,TX,79863,6,21,C,91,Referral Network,2026-07-13T14:39:04Z
CREAM-2026 07 13-00908,Thomas Brooks,tbrooks@kellerwilliams.com,(310) 235-9815,Keller Williams,White Plains,NY,11228,19,45,C,67,LinkedIn,2026-07-13T08:49:44Z
CREAM-2026 07 13-00909,Linda Taylor,ltaylor@outlook.com,(720) 549-8586,Compass,Boulder,CO,80747,7,15,C,62,Referral Network,2026-07-13T08:05:49Z
CREAM-2026 07 13-00910,Sarah Martin,sarahmartin@outlook.com,(614) 640-3668,LIV Sotheby,Westminster,CO,80451,1,9,C,81,Referral Network,2026-07-13T15:46:17Z
CREAM-2026 07 13-00911,Steven Anderson,stevena@halstead.com,(513) 483-5471,Halstead,Utica,NY,11626,5,20,C,79,LinkedIn,2026-07-13T07:09:28Z
CREAM-2026 07 13-00912,Melissa Carter,mcarter@compass.com,(469) 491-6250,Compass,Mount Vernon,NY,14205,5,11,C,74,Referral Network,2026-07-13T13:20:43Z
CREAM-2026 07 13-00913,Michael Garcia,mgarcia@yahoo.com,(404) 548-2713,eXp Realty,Peoria,AZ,86748,17,57,C,87,LinkedIn,2026-07-13T13:00:06Z
CREAM-2026 07 13-00914,Aaron Rivera,aaronr@douglaselliman.com,(972) 692-3227,Douglas Elliman,Clearwater,FL,32684,7,39,C,90,Trade Show,2026-07-13T19:31:11Z
CREAM-2026 07 13-00915,Elizabeth Foster,elizabeth.foster@berkshirehathawayhomeservices.com,(714) 638-4409,Berkshire Hathaway HomeServices,Oxnard,CA,95614,2,8,C,60,NAR Directory,2026-07-13T07:46:53Z
CREAM-2026 07 13-00916,Carolyn Ross,carolyn.ross@gmail.com,(704) 388-7147,eXp Realty,Palm Bay,FL,33491,25,44,C,84,LinkedIn,2026-07-13T21:39:10Z
CREAM-2026 07 13-00917,Patricia Cox,pcox@icloud.com,(720) 341-1833,eXp Realty,Hamilton,OH,43158,0,4,C,77,Referral Network,2026-07-13T18:37:18Z
CREAM-2026 07 13-00918,Ruth James,ruthj@me.com,(929) 963-5661,Keller Williams Realty,Palm Bay,FL,34901,17,61,C,93,LinkedIn,2026-07-13T00:55:42Z
CREAM-2026 07 13-00919,Emily Smith,esmith@gmail.com,(646) 573-5812,Berkshire Hathaway HomeServices,Fontana,CA,96415,3,24,C,80,Facebook,2026-07-13T01:59:23Z
CREAM-2026 07 13-00920,Matthew Hernandez,mhernandez@kellerwilliamsrealty.com,(212) 392-7457,Keller Williams Realty,Clearwater,FL,34117,4,12,C,90,NAR Directory,2026-07-13T17:04:38Z
CREAM-2026 07 13-00921,Amanda Rivera,amandar@outlook.com,(646) 819-2597,Coldwell Banker,Wilmington,NC,27337,1,11,C,89,LinkedIn,2026-07-13T14:19:33Z
CREAM-2026 07 13-00922,Ashley Anderson,ashley.anderson@me.com,(805) 935-8201,Coldwell Banker,Surprise,AZ,85946,9,31,C,73,Realtor.com,2026-07-13T04:51:57Z
CREAM-2026 07 13-00923,Scott Cooper,scottc@icloud.com,(305) 424-9661,Century 21,West Palm Beach,FL,32269,5,13,C,65,Realtor.com,2026-07-13T17:03:09Z
CREAM-2026 07 13-00924,Jacob Thompson,jacobthompson@me.com,(256) 778-2434,Berkshire Hathaway,Pueblo,CO,81639,16,39,C,60,LinkedIn,2026-07-13T09:02:47Z
CREAM-2026 07 13-00925,Jack Brooks,jack_brooks@outlook.com,(720) 620-8799,RE/MAX,Coral Springs,FL,32692,15,59,C,62,Cold Outreach,2026-07-13T19:14:21Z
CREAM-2026 07 13-00926,Ruth Evans,ruthe@me.com,(513) 399-1198,Compass,Boulder,CO,80923,21,71,C,72,Referral Network,2026-07-13T21:49:59Z
CREAM-2026 07 13-00927,Kevin Stewart,kevin.stewart@livsotheby.com,(980) 763-3609,LIV Sotheby,Centennial,CO,80603,0,5,C,88,Referral Network,2026-07-13T02:15:03Z
CREAM-2026 07 13-00928,Pamela Robinson,pamela_robinson@gmail.com,(212) 459-8439,Coldwell Banker,Grand Prairie,TX,75943,16,30,C,67,Referral Network,2026-07-13T20:05:03Z
CREAM-2026 07 13-00929,Timothy Alvarez,timothy.alvarez@hotmail.com,(256) 366-6856,Berkshire Hathaway,Avondale,AZ,86178,9,29,C,74,Brokerage Listings,2026-07-13T11:32:00Z
CREAM-2026 07 13-00930,Maria Williams,mariaw@berkshirehathaway.com,(234) 442-8721,Berkshire Hathaway,Westminster,CO,81354,0,5,C,67,Facebook,2026-07-13T22:58:57Z
CREAM-2026 07 13-00931,Nancy Jones,njones@yahoo.com,(310) 904-9427,eXp Realty,Lorain,OH,45399,17,28,C,94,NAR Directory,2026-07-13T22:15:16Z
CREAM-2026 07 13-00932,Jacob Morales,jacobm@berkshirehathaway.com,(718) 693-6417,Berkshire Hathaway,Wilmington,NC,27557,5,14,C,88,Referral Network,2026-07-13T10:02:36Z
CREAM-2026 07 13-00933,Frank Walker,fwalker@aol.com,(714) 615-6483,Berkshire Hathaway,Canton,OH,43441,18,48,C,82,Website Lead,2026-07-13T11:47:28Z
CREAM-2026 07 13-00934,Patricia Taylor,ptaylor@compass.com,(512) 972-6113,Compass,Miramar,FL,32592,2,10,C,77,Referral Network,2026-07-13T00:23:11Z
CREAM-2026 07 13-00935,Diane Harris,diane.harris@kellerwilliamsrealty.com,(929) 218-3091,Keller Williams Realty,Irvine,CA,92909,24,68,C,78,Website Lead,2026-07-13T14:57:20Z
CREAM-2026 07 13-00936,Justin Thomas,justin.thomas@hotmail.com,(980) 358-9541,Coldwell Banker,Pueblo,CO,80652,2,3,C,85,Cold Outreach,2026-07-13T03:27:06Z
CREAM-2026 07 13-00937,Stephen Gutierrez,stepheng@allentate.com,(415) 252-7696,Allen Tate,Wilmington,NC,28720,4,22,C,72,Brokerage Listings,2026-07-13T20:53:42Z
CREAM-2026 07 13-00938,Rebecca Cruz,rcruz@berkshirehathaway.com,(786) 788-6176,Berkshire Hathaway,Grand Prairie,TX,78197,0,3,C,65,Referral Network,2026-07-13T15:35:08Z
CREAM-2026 07 13-00939,Deborah Perez,deborah_perez@gmail.com,(234) 234-5027,Nest Seekers,Utica,NY,11463,10,66,C,86,MLS Database,2026-07-13T17:56:22Z
CREAM-2026 07 13-00940,Thomas Ramirez,thomasr@me.com,(713) 231-2015,Sotheby International,Modesto,CA,91688,20,31,C,100,LinkedIn,2026-07-13T03:02:51Z
CREAM-2026 07 13-00941,Robert Perry,robertp@gmail.com,(704) 861-6291,RE/MAX,McAllen,TX,79700,4,16,C,61,Trade Show,2026-07-13T03:13:35Z
CREAM-2026 07 13-00942,Mark Cook,markc@8zrealestate.com,(916) 527-8095,8z Real Estate,Pueblo,CO,81371,3,14,C,86,Realtor.com,2026-07-13T09:44:00Z
CREAM-2026 07 13-00943,Shirley Wright,swright@coldwellbanker.com,(720) 965-2566,Coldwell Banker,Concord,NC,28850,3,24,C,76,Trade Show,2026-07-13T00:13:22Z
CREAM-2026 07 13-00944,Edward Parker,eparker@me.com,(234) 641-4528,eXp Realty,Pasadena,TX,75438,5,24,C,70,Referral Network,2026-07-13T07:03:26Z
CREAM-2026 07 13-00945,Thomas Roberts,thomasr@icloud.com,(919) 724-1553,Keller Williams,Greenville,NC,27197,5,10,C,73,Cold Outreach,2026-07-13T02:28:37Z
CREAM-2026 07 13-00946,Emma Sanders,emma.sanders@compass.com,(469) 488-5532,Compass,Modesto,CA,92665,0,0,C,72,Website Lead,2026-07-13T09:51:30Z
CREAM-2026 07 13-00947,Samuel Scott,sscott@me.com,(256) 506-8435,eXp Realty,Greenville,NC,28574,1,11,C,68,Brokerage Listings,2026-07-13T08:59:00Z
CREAM-2026 07 13-00948,Carol Mendoza,carol.mendoza@yahoo.com,(713) 814-1719,Coldwell Banker,Boulder,CO,80597,1,8,C,81,Cold Outreach,2026-07-13T17:17:41Z
CREAM-2026 07 13-00949,Emma Flores,eflores@outlook.com,(805) 530-5639,8z Real Estate,Boulder,CO,80761,11,52,C,86,Website Lead,2026-07-13T12:35:51Z
CREAM-2026 07 13-00950,Pamela Allen,pamela_allen@outlook.com,(713) 796-7549,Brown Harris Stevens,White Plains,NY,11604,0,4,C,92,Referral Network,2026-07-13T17:24:40Z
CREAM-2026 07 13-00951,Maria Ramos,mariar@hotmail.com,(704) 789-4122,LIV Sotheby,Centennial,CO,81845,7,37,C,96,Brokerage Listings,2026-07-13T14:18:32Z
CREAM-2026 07 13-00952,Eric Gomez,ericg@icloud.com,(303) 606-1336,Keller Williams,High Point,NC,27271,1,4,C,100,Facebook,2026-07-13T04:03:49Z
CREAM-2026 07 13-00953,Dennis Sanchez,dsanchez@yahoo.com,(602) 205-9740,eXp Realty,Grand Prairie,TX,77525,2,5,C,83,Facebook,2026-07-13T15:34:48Z
CREAM-2026 07 13-00954,Helen Scott,hscott@coldwellbanker.com,(919) 242-2046,Coldwell Banker,Brownsville,TX,76252,4,14,C,66,LinkedIn,2026-07-13T19:10:02Z
CREAM-2026 07 13-00955,Carol Reed,carol.reed@hotmail.com,(714) 585-6813,Berkshire Hathaway,McAllen,TX,79138,21,55,C,92,Referral Network,2026-07-13T00:22:21Z
CREAM-2026 07 13-00956,Amanda Murphy,amurphy@hotmail.com,(469) 346-2061,Brown Harris Stevens,Schenectady,NY,10309,2,11,C,76,Realtor.com,2026-07-13T08:08:35Z
CREAM-2026 07 13-00957,Michael Jones,michael.jones@hotmail.com,(646) 470-5492,Keller Williams Realty,Miramar,FL,34384,15,59,C,81,Facebook,2026-07-13T21:06:52Z
CREAM-2026 07 13-00958,Amanda Long,amandal@re/max.com,(407) 887-5433,RE/MAX,Canton,OH,45653,24,72,C,67,NAR Directory,2026-07-13T13:23:25Z
CREAM-2026 07 13-00959,Lisa Moore,lisam@hotmail.com,(916) 216-9355,Coldwell Banker,Moreno Valley,CA,94427,5,18,C,88,Trade Show,2026-07-13T21:46:24Z
CREAM-2026 07 13-00960,Kimberly Morris,kimberly.morris@aol.com,(929) 391-2281,Keller Williams,Centennial,CO,81588,4,24,C,93,LinkedIn,2026-07-13T05:32:06Z
CREAM-2026 07 13-00961,Patricia Long,patricial@yahoo.com,(614) 632-7825,RE/MAX,Youngstown,OH,44623,1,7,C,95,Facebook,2026-07-13T17:56:23Z
CREAM-2026 07 13-00962,Samantha Perry,samanthap@gmail.com,(415) 494-3063,eXp Realty,Centennial,CO,80716,0,0,C,60,MLS Database,2026-07-13T04:07:06Z
CREAM-2026 07 13-00963,Christopher Phillips,christopher.phillips@yahoo.com,(646) 395-3396,Compass,Clearwater,FL,32382,24,53,C,65,Referral Network,2026-07-13T05:35:53Z
CREAM-2026 07 13-00964,Barbara Kim,barbarakim@gmail.com,(720) 902-7741,Allen Tate,Wilmington,NC,28488,24,76,C,91,Cold Outreach,2026-07-13T11:03:09Z
CREAM-2026 07 13-00965,Patrick Reed,patrickr@exprealty.com,(718) 561-8090,eXp Realty,Greenville,NC,28637,3,13,C,62,Brokerage Listings,2026-07-13T11:10:28Z
CREAM-2026 07 13-00966,Jacob Cook,jacob_cook@hotmail.com,(805) 991-1235,Coldwell Banker,Peoria,AZ,86543,24,54,C,87,MLS Database,2026-07-13T10:13:45Z
CREAM-2026 07 13-00967,Jerry Ruiz,jruiz@hotmail.com,(929) 306-7095,LIV Sotheby,Boulder,CO,80259,10,35,C,75,Facebook,2026-07-13T01:30:21Z
CREAM-2026 07 13-00968,Larry Patel,lpatel@icloud.com,(972) 975-6798,Compass,West Palm Beach,FL,34375,2,11,C,70,Website Lead,2026-07-13T02:41:36Z
CREAM-2026 07 13-00969,Janet Wilson,janetwilson@me.com,(234) 293-8192,Compass,Centennial,CO,81862,11,45,C,66,MLS Database,2026-07-13T20:10:36Z
CREAM-2026 07 13-00970,Emma White,emma.white@kellerwilliamsrealty.com,(214) 747-7106,Keller Williams Realty,Clearwater,FL,34209,18,73,C,66,LinkedIn,2026-07-13T08:30:23Z
CREAM-2026 07 13-00971,Linda White,linda.white@kellerwilliams.com,(704) 256-8220,Keller Williams,High Point,NC,27828,17,76,C,96,Referral Network,2026-07-13T14:38:48Z
CREAM-2026 07 13-00972,Brenda Murphy,brendamurphy@me.com,(469) 516-4716,Douglas Elliman,Pasadena,TX,75134,1,7,C,96,Facebook,2026-07-13T16:25:37Z
CREAM-2026 07 13-00973,Donald Watson,dwatson@aol.com,(404) 409-6683,Douglas Elliman,Schenectady,NY,13225,3,10,C,64,NAR Directory,2026-07-13T15:20:32Z
CREAM-2026 07 13-00974,Amy Torres,atorres@me.com,(303) 793-8096,Coldwell Banker,Canton,OH,44101,0,2,C,87,NAR Directory,2026-07-13T15:54:22Z
CREAM-2026 07 13-00975,Emily Flores,eflores@icloud.com,(512) 645-8073,RE/MAX,Concord,NC,27784,25,40,C,94,Cold Outreach,2026-07-13T15:55:41Z
CREAM-2026 07 13-00976,Lisa Mitchell,lmitchell@yahoo.com,(415) 330-8307,Keller Williams,Canton,OH,45895,3,11,C,71,Brokerage Listings,2026-07-13T10:12:52Z
CREAM-2026 07 13-00977,Aaron Cruz,acruz@aol.com,(718) 628-2762,eXp Realty,Pueblo,CO,80815,10,66,C,87,Facebook,2026-07-13T23:11:41Z
CREAM-2026 07 13-00978,Gary Adams,gadams@re/max.com,(713) 351-3681,RE/MAX,Peoria,AZ,85203,23,36,C,84,Facebook,2026-07-13T03:58:20Z
CREAM-2026 07 13-00979,Ryan Allen,ryana@longrealty.com,(256) 589-7671,Long Realty,Avondale,AZ,85203,17,58,C,70,LinkedIn,2026-07-13T23:13:22Z
CREAM-2026 07 13-00980,Frank Rogers,frank.rogers@coldwellbanker.com,(469) 913-9617,Coldwell Banker,Fremont,CA,92311,2,12,C,83,Website Lead,2026-07-13T12:28:29Z
CREAM-2026 07 13-00981,Dorothy Flores,dflores@yahoo.com,(303) 302-1559,Coldwell Banker,Irvine,CA,92374,21,68,C,80,Trade Show,2026-07-13T16:35:08Z
CREAM-2026 07 13-00982,Jennifer Bailey,jenniferb@gmail.com,(513) 205-1687,Keller Williams,Avondale,AZ,85545,5,16,C,87,LinkedIn,2026-07-13T12:30:34Z
CREAM-2026 07 13-00983,Joseph Flores,joseph_flores@outlook.com,(805) 713-2903,Halstead,Troy,NY,10726,6,35,C,71,Cold Outreach,2026-07-13T19:18:14Z
CREAM-2026 07 13-00984,Shirley Jackson,shirleyjackson@aol.com,(310) 427-8804,Coldwell Banker,Pasadena,TX,78582,25,43,C,91,NAR Directory,2026-07-13T07:21:12Z
CREAM-2026 07 13-00985,Timothy Richardson,timothyrichardson@me.com,(334) 814-9063,Compass,Moreno Valley,CA,95975,7,28,C,77,Realtor.com,2026-07-13T04:33:53Z
CREAM-2026 07 13-00986,Barbara Scott,barbara_scott@yahoo.com,(786) 936-3313,Coldwell Banker,Palm Bay,FL,33301,23,60,C,80,Facebook,2026-07-13T07:58:56Z
CREAM-2026 07 13-00987,Jack Hughes,jackhughes@yahoo.com,(929) 709-2421,RE/MAX,Concord,NC,27131,11,75,C,63,Website Lead,2026-07-13T19:25:15Z
CREAM-2026 07 13-00988,George Torres,george_torres@outlook.com,(720) 269-8064,RE/MAX,Peoria,AZ,85902,6,21,C,65,Trade Show,2026-07-13T05:39:32Z
CREAM-2026 07 13-00989,Angela Allen,aallen@aol.com,(214) 505-7792,Douglas Elliman,Mount Vernon,NY,12198,3,11,C,60,NAR Directory,2026-07-13T05:48:34Z
CREAM-2026 07 13-00990,Edward Gutierrez,edward.gutierrez@berkshirehathaway.com,(512) 790-4110,Berkshire Hathaway,Peoria,AZ,86584,1,8,C,73,LinkedIn,2026-07-13T09:15:43Z
CREAM-2026 07 13-00991,Aaron Williams,aaron.williams@exprealty.com,(334) 781-9281,eXp Realty,Peoria,AZ,86533,1,12,C,77,Brokerage Listings,2026-07-13T20:06:59Z
CREAM-2026 07 13-00992,Paul Watson,paul.watson@me.com,(929) 420-7099,Sotheby International,Fontana,CA,96740,5,17,C,75,Trade Show,2026-07-13T12:31:55Z
CREAM-2026 07 13-00993,Carol Myers,carolm@outlook.com,(786) 667-3885,Coldwell Banker,Lorain,OH,44302,15,80,C,86,MLS Database,2026-07-13T12:24:28Z
CREAM-2026 07 13-00994,Jonathan Thompson,jonathant@icloud.com,(614) 450-3355,Berkshire Hathaway,Miramar,FL,32835,4,22,C,92,Realtor.com,2026-07-13T19:29:26Z
CREAM-2026 07 13-00995,Patricia Walker,patricia.walker@re/max.com,(303) 457-1700,RE/MAX,Centennial,CO,80423,16,57,C,73,Brokerage Listings,2026-07-13T17:22:25Z
CREAM-2026 07 13-00996,Ryan Flores,ryanf@gmail.com,(646) 280-3767,Howard Hanna,Greenville,NC,28565,1,8,C,81,Realtor.com,2026-07-13T12:30:42Z
CREAM-2026 07 13-00997,Samuel Peterson,samuelpeterson@gmail.com,(214) 686-6826,RE/MAX,Grand Prairie,TX,77579,2,3,C,71,Trade Show,2026-07-13T10:08:20Z
CREAM-2026 07 13-00998,Samuel Chavez,samuelc@icloud.com,(310) 394-6736,RE/MAX,High Point,NC,27154,5,8,C,92,Trade Show,2026-07-13T13:04:43Z
CREAM-2026 07 13-00999,Elizabeth Williams,ewilliams@outlook.com,(415) 450-1805,eXp Realty,Hamilton,OH,43804,4,24,C,80,Realtor.com,2026-07-13T05:11:17Z
CREAM-2026 07 13-01000,Margaret Morgan,margaret_morgan@gmail.com,(714) 483-9908,Allen Tate,Concord,NC,27450,16,65,C,99,MLS Database,2026-07-13T04:01:12Z
