id,full_name,name,first_name,last_name,email,phone,brokerage,company,metro_area,city,state,zip,years_experience,transactions_12mo,transactions_last_year,sales_volume,rating,priority,cream_fit_score,source,brokerage_size,scraped_at
CREAM-20261008-00001,Kevin Green,Kevin Green,Kevin,Green,kgreen@compass.com,(404) 549-6949,Compass,Compass,Aurora,Aurora,CO,81568,0,1,1,609283,3.6,A,68,Referral Network,Mid-size (11-50 agents),2026-10-08T22:55:43Z
CREAM-20261008-00002,Lawrence Edwards,Lawrence Edwards,Lawrence,Edwards,ledwards@outlook.com,(718) 611-5220,Long Realty,Long Realty,Mesa,Mesa,AZ,85708,0,1,1,415443,3.3,A,70,Cold Outreach,Independent,2026-10-08T16:15:24Z
CREAM-20261008-00003,Katherine Turner,Katherine Turner,Katherine,Turner,katherinet@icloud.com,(334) 914-7385,Coldwell Banker,Coldwell Banker,Greensboro,Greensboro,NC,28476,3,8,8,3017840,3.0,A,96,Referral Network,Boutique (2-10 agents),2026-10-08T01:52:03Z
CREAM-20261008-00004,Rebecca Harris,Rebecca Harris,Rebecca,Harris,rebeccah@yahoo.com,(713) 934-9447,Long Realty,Long Realty,Tucson,Tucson,AZ,86671,16,80,80,26849066,4.9,A,93,NAR Directory,Large (51-200 agents),2026-10-08T02:33:29Z
CREAM-20261008-00005,Thomas Rodriguez,Thomas Rodriguez,Thomas,Rodriguez,trodriguez@longrealty.com,(614) 515-1964,Long Realty,Long Realty,Mesa,Mesa,AZ,85249,4,9,9,4564463,3.9,A,89,Referral Network,Enterprise (200+ agents),2026-10-08T16:58:55Z
CREAM-20261008-00006,Philip Perry,Philip Perry,Philip,Perry,philip_perry@icloud.com,(469) 475-7125,Long Realty,Long Realty,Tucson,Tucson,AZ,86243,13,64,64,18953283,3.4,A,79,Website Lead,Large (51-200 agents),2026-10-08T14:09:45Z
CREAM-20261008-00007,Laura Mitchell,Laura Mitchell,Laura,Mitchell,lauram@gmail.com,(916) 539-4552,Compass,Compass,Aurora,Aurora,CO,81171,0,5,5,2869593,3.4,A,99,Website Lead,Boutique (2-10 agents),2026-10-08T17:25:58Z
CREAM-20261008-00008,Rose Martinez,Rose Martinez,Rose,Martinez,rmartinez@coldwellbanker.com,(513) 671-8109,Coldwell Banker,Coldwell Banker,Long Beach,Long Beach,CA,95684,1,9,9,7926248,3.4,A,60,Brokerage Listings,Boutique (2-10 agents),2026-10-08T10:26:23Z
CREAM-20261008-00009,Brenda Richardson,Brenda Richardson,Brenda,Richardson,brichardson@aol.com,(469) 256-7280,Coldwell Banker,Coldwell Banker,Mesa,Mesa,AZ,85469,3,14,14,5952822,4.6,A,89,Referral Network,Enterprise (200+ agents),2026-10-08T15:59:13Z
CREAM-20261008-00010,Walter Ward,Walter Ward,Walter,Ward,walter_ward@outlook.com,(407) 975-1488,Compass,Compass,Staten Island,Staten Island,NY,10404,18,56,56,44285349,4.5,A,88,Website Lead,Large (51-200 agents),2026-10-08T17:13:54Z
CREAM-20261008-00011,Natalie Alvarez,Natalie Alvarez,Natalie,Alvarez,nalvarez@herrealtors.com,(704) 854-9907,HER Realtors,HER Realtors,Cincinnati,Cincinnati,OH,43558,22,71,71,22452518,3.0,A,73,Referral Network,Independent,2026-10-08T12:38:19Z
CREAM-20261008-00012,Pamela Alvarez,Pamela Alvarez,Pamela,Alvarez,pamelaa@yahoo.com,(919) 234-6007,Berkshire Hathaway,Berkshire Hathaway,Denver,Denver,CO,80538,24,41,41,18113491,4.8,A,92,Referral Network,Large (51-200 agents),2026-10-08T03:35:44Z
CREAM-20261008-00013,Christopher Edwards,Christopher Edwards,Christopher,Edwards,christopher.edwards@aol.com,(256) 439-5546,Keller Williams,Keller Williams,Greensboro,Greensboro,NC,28272,8,27,27,9539336,3.3,A,65,Brokerage Listings,Large (51-200 agents),2026-10-08T22:00:29Z
CREAM-20261008-00014,Sandra Campbell,Sandra Campbell,Sandra,Campbell,sandra_campbell@icloud.com,(212) 221-6425,eXp Realty,eXp Realty,Cincinnati,Cincinnati,OH,45151,1,6,6,1128509,4.4,A,60,Brokerage Listings,Independent,2026-10-08T17:58:38Z
CREAM-20261008-00015,Kevin Cooper,Kevin Cooper,Kevin,Cooper,kevin_cooper@aol.com,(805) 276-5180,Coldwell Banker,Coldwell Banker,El Paso,El Paso,TX,78270,11,45,45,12393544,4.9,A,84,Realtor.com,Mid-size (11-50 agents),2026-10-08T08:40:07Z
CREAM-20261008-00016,Nicole Gutierrez,Nicole Gutierrez,Nicole,Gutierrez,ngutierrez@outlook.com,(786) 524-5556,Halstead,Halstead,Bronx,Bronx,NY,13744,25,72,72,40428229,3.2,A,67,NAR Directory,Boutique (2-10 agents),2026-10-08T23:31:41Z
CREAM-20261008-00017,Christopher Torres,Christopher Torres,Christopher,Torres,christophertorres@me.com,(512) 951-4280,8z Real Estate,8z Real Estate,Aurora,Aurora,CO,81140,22,54,54,28440954,4.4,A,62,Realtor.com,Large (51-200 agents),2026-10-08T08:27:49Z
CREAM-20261008-00018,Ronald Hall,Ronald Hall,Ronald,Hall,ronaldhall@yahoo.com,(714) 606-2892,8z Real Estate,8z Real Estate,Denver,Denver,CO,80602,21,73,73,35096788,3.6,A,92,Realtor.com,Boutique (2-10 agents),2026-10-08T22:15:23Z
CREAM-20261008-00019,Judith Torres,Judith Torres,Judith,Torres,judith_torres@hotmail.com,(919) 468-9082,Berkshire Hathaway,Berkshire Hathaway,Colorado Springs,Colorado Springs,CO,80655,3,22,22,8889637,3.4,A,64,Trade Show,Enterprise (200+ agents),2026-10-08T14:10:03Z
CREAM-20261008-00020,Eugene Adams,Eugene Adams,Eugene,Adams,eugeneadams@outlook.com,(415) 984-8017,Compass,Compass,Fort Lauderdale,Fort Lauderdale,FL,33525,18,67,67,28977389,4.8,A,62,Cold Outreach,Enterprise (200+ agents),2026-10-08T04:18:31Z
CREAM-20261008-00021,Philip Carter,Philip Carter,Philip,Carter,philipc@gmail.com,(929) 522-2840,RE/MAX,RE/MAX,Oakland,Oakland,CA,93263,3,19,19,14665826,4.6,A,79,Referral Network,Boutique (2-10 agents),2026-10-08T18:08:53Z
CREAM-20261008-00022,Susan Thomas,Susan Thomas,Susan,Thomas,susanthomas@icloud.com,(305) 720-2880,Allen Tate,Allen Tate,Raleigh,Raleigh,NC,28704,22,27,27,6809532,4.8,A,85,LinkedIn,Independent,2026-10-08T22:20:21Z
CREAM-20261008-00023,Christine Jimenez,Christine Jimenez,Christine,Jimenez,christinejimenez@hotmail.com,(972) 862-1220,Cutler Real Estate,Cutler Real Estate,Columbus,Columbus,OH,45820,10,59,59,16718138,4.3,A,93,MLS Database,Large (51-200 agents),2026-10-08T23:16:15Z
CREAM-20261008-00024,Stephanie Hall,Stephanie Hall,Stephanie,Hall,stephanie.hall@exprealty.com,(602) 242-9753,eXp Realty,eXp Realty,San Francisco,San Francisco,CA,91282,2,8,8,7875989,4.3,A,94,Website Lead,Mid-size (11-50 agents),2026-10-08T12:14:23Z
CREAM-20261008-00025,Jennifer Chavez,Jennifer Chavez,Jennifer,Chavez,jennifer.chavez@outlook.com,(415) 728-6717,Berkshire Hathaway,Berkshire Hathaway,Cincinnati,Cincinnati,OH,44790,12,44,44,8860132,4.8,A,100,Website Lead,Enterprise (200+ agents),2026-10-08T20:19:53Z
CREAM-20261008-00026,Edward Powell,Edward Powell,Edward,Powell,epowell@exprealty.com,(919) 621-5654,eXp Realty,eXp Realty,Cleveland,Cleveland,OH,43389,2,6,6,1164876,4.5,A,91,Brokerage Listings,Large (51-200 agents),2026-10-08T08:42:52Z
CREAM-20261008-00027,Jack Stewart,Jack Stewart,Jack,Stewart,jack.stewart@hotmail.com,(234) 502-2706,Coldwell Banker,Coldwell Banker,Greensboro,Greensboro,NC,27481,6,29,29,7936512,4.5,A,67,Cold Outreach,Mid-size (11-50 agents),2026-10-08T07:06:31Z
CREAM-20261008-00028,Eric Ramos,Eric Ramos,Eric,Ramos,ericr@icloud.com,(404) 775-3584,eXp Realty,eXp Realty,Mesa,Mesa,AZ,85903,1,12,12,6155301,4.9,A,77,MLS Database,Mid-size (11-50 agents),2026-10-08T08:58:52Z
CREAM-20261008-00029,Emily Flores,Emily Flores,Emily,Flores,emilyf@icloud.com,(720) 234-2285,Nest Seekers,Nest Seekers,Queens,Queens,NY,10807,24,58,58,33726436,4.9,A,71,Referral Network,Mid-size (11-50 agents),2026-10-08T01:39:35Z
CREAM-20261008-00030,Janet Cooper,Janet Cooper,Janet,Cooper,janetcooper@outlook.com,(786) 969-9244,Berkshire Hathaway,Berkshire Hathaway,Tucson,Tucson,AZ,85699,8,32,32,15849895,4.2,A,90,Referral Network,Mid-size (11-50 agents),2026-10-08T01:26:31Z
CREAM-20261008-00031,Albert Cook,Albert Cook,Albert,Cook,albert.cook@herrealtors.com,(256) 697-9811,HER Realtors,HER Realtors,Cincinnati,Cincinnati,OH,44193,18,35,35,6970265,4.9,A,95,Facebook,Enterprise (200+ agents),2026-10-08T06:53:02Z
CREAM-20261008-00032,Stephanie Murphy,Stephanie Murphy,Stephanie,Murphy,stephanie.murphy@me.com,(805) 639-3137,eXp Realty,eXp Realty,Dallas,Dallas,TX,78426,6,16,16,6046436,4.7,A,96,LinkedIn,Enterprise (200+ agents),2026-10-08T20:43:52Z
CREAM-20261008-00033,Tyler Brown,Tyler Brown,Tyler,Brown,tylerb@outlook.com,(303) 436-8780,Berkshire Hathaway,Berkshire Hathaway,Scottsdale,Scottsdale,AZ,85954,20,37,37,14481417,3.1,A,70,Cold Outreach,Large (51-200 agents),2026-10-08T14:19:16Z
CREAM-20261008-00034,Michael King,Michael King,Michael,King,michaelking@aol.com,(334) 520-6097,Berkshire Hathaway HomeServices,Berkshire Hathaway HomeServices,Oakland,Oakland,CA,94263,5,11,11,11224258,3.8,A,87,Cold Outreach,Large (51-200 agents),2026-10-08T08:49:18Z
CREAM-20261008-00035,Katherine Powell,Katherine Powell,Katherine,Powell,katherine.powell@hotmail.com,(214) 210-5325,Coldwell Banker,Coldwell Banker,Phoenix,Phoenix,AZ,86686,4,16,16,5823662,4.4,A,85,Referral Network,Independent,2026-10-08T22:38:49Z
CREAM-20261008-00036,Brenda Hall,Brenda Hall,Brenda,Hall,bhall@hotmail.com,(303) 775-8898,Berkshire Hathaway,Berkshire Hathaway,Aurora,Aurora,CO,81988,20,31,31,17198281,3.9,A,63,NAR Directory,Independent,2026-10-08T18:39:58Z
CREAM-20261008-00037,Linda Chavez,Linda Chavez,Linda,Chavez,lindachavez@gmail.com,(602) 356-8301,eXp Realty,eXp Realty,Raleigh,Raleigh,NC,27667,1,12,12,4936985,4.8,A,68,Facebook,Enterprise (200+ agents),2026-10-08T07:40:49Z
CREAM-20261008-00038,Joseph Flores,Joseph Flores,Joseph,Flores,jflores@outlook.com,(919) 229-3718,Russell Lyon Sotheby's,Russell Lyon Sotheby's,Mesa,Mesa,AZ,86527,2,11,11,3802298,3.4,A,94,Trade Show,Mid-size (11-50 agents),2026-10-08T21:19:54Z
CREAM-20261008-00039,Emma Lopez,Emma Lopez,Emma,Lopez,elopez@re/max.com,(305) 277-6738,RE/MAX,RE/MAX,Scottsdale,Scottsdale,AZ,85849,14,61,61,32015757,4.5,A,91,Cold Outreach,Boutique (2-10 agents),2026-10-08T15:22:16Z
CREAM-20261008-00040,Jessica Ramirez,Jessica Ramirez,Jessica,Ramirez,jessicaramirez@outlook.com,(512) 791-7492,Briggs Freeman Sotheby's,Briggs Freeman Sotheby's,San Antonio,San Antonio,TX,78902,5,14,14,3726846,3.6,A,71,MLS Database,Large (51-200 agents),2026-10-08T09:11:11Z
CREAM-20261008-00041,Gloria Cox,Gloria Cox,Gloria,Cox,gloria_cox@me.com,(646) 520-3674,eXp Realty,eXp Realty,Charlotte,Charlotte,NC,27861,18,28,28,11711866,4.5,A,98,MLS Database,Large (51-200 agents),2026-10-08T13:04:21Z
CREAM-20261008-00042,Heather Jimenez,Heather Jimenez,Heather,Jimenez,hjimenez@huntingtonrealestate.com,(407) 341-3325,Huntington Real Estate,Huntington Real Estate,Columbus,Columbus,OH,45410,3,21,21,4501282,3.1,A,98,Cold Outreach,Boutique (2-10 agents),2026-10-08T00:15:11Z
CREAM-20261008-00043,Patricia King,Patricia King,Patricia,King,patricia.king@hotmail.com,(214) 765-1416,Berkshire Hathaway,Berkshire Hathaway,Phoenix,Phoenix,AZ,85165,14,63,63,32282746,3.2,A,78,Realtor.com,Boutique (2-10 agents),2026-10-08T05:30:26Z
CREAM-20261008-00044,Donna Martinez,Donna Martinez,Donna,Martinez,donna_martinez@yahoo.com,(713) 768-3763,eXp Realty,eXp Realty,Mesa,Mesa,AZ,86437,5,23,23,10326546,4.5,A,95,Trade Show,Independent,2026-10-08T15:09:03Z
CREAM-20261008-00045,Jason Thomas,Jason Thomas,Jason,Thomas,jasont@8zrealestate.com,(916) 461-7106,8z Real Estate,8z Real Estate,Aurora,Aurora,CO,81355,3,22,22,9122093,4.0,A,84,NAR Directory,Independent,2026-10-08T00:55:39Z
CREAM-20261008-00046,George Sanders,George Sanders,George,Sanders,georgesanders@aol.com,(469) 395-9614,Berkshire Hathaway,Berkshire Hathaway,Scottsdale,Scottsdale,AZ,86754,0,3,3,1305563,3.5,A,76,Trade Show,Independent,2026-10-08T05:36:21Z
CREAM-20261008-00047,Karen Scott,Karen Scott,Karen,Scott,kscott@outlook.com,(704) 834-5974,Russell Lyon Sotheby's,Russell Lyon Sotheby's,Mesa,Mesa,AZ,86572,4,9,9,4408331,4.9,A,73,Website Lead,Boutique (2-10 agents),2026-10-08T20:17:16Z
CREAM-20261008-00048,Ralph Price,Ralph Price,Ralph,Price,ralph_price@hotmail.com,(614) 537-2404,Coldwell Banker,Coldwell Banker,Denver,Denver,CO,81522,4,14,14,7241645,3.7,A,75,NAR Directory,Enterprise (200+ agents),2026-10-08T15:07:10Z
CREAM-20261008-00049,Melissa Mitchell,Melissa Mitchell,Melissa,Mitchell,melissa.mitchell@century21.com,(404) 745-8501,Century 21,Century 21,St. Petersburg,St. Petersburg,FL,34176,14,77,77,32011732,4.1,A,65,Website Lead,Mid-size (11-50 agents),2026-10-08T05:21:31Z
CREAM-20261008-00050,Mary Sanchez,Mary Sanchez,Mary,Sanchez,msanchez@gmail.com,(714) 631-7255,Compass,Compass,San Francisco,San Francisco,CA,93821,3,18,18,16133234,4.5,A,69,Cold Outreach,Large (51-200 agents),2026-10-08T04:00:12Z
CREAM-20261008-00051,Gary Bailey,Gary Bailey,Gary,Bailey,gary.bailey@hotmail.com,(404) 230-8401,Russell Lyon Sotheby's,Russell Lyon Sotheby's,Mesa,Mesa,AZ,86673,1,7,7,3357636,3.2,A,91,MLS Database,Large (51-200 agents),2026-10-08T14:42:34Z
CREAM-20261008-00052,John Wright,John Wright,John,Wright,johnw@aol.com,(305) 720-4824,Allie Beth Allman,Allie Beth Allman,Fort Worth,Fort Worth,TX,78319,7,39,39,11865195,3.7,A,64,Website Lead,Boutique (2-10 agents),2026-10-08T01:00:32Z
CREAM-20261008-00053,Heather Brown,Heather Brown,Heather,Brown,heather.brown@longrealty.com,(469) 594-5038,Long Realty,Long Realty,Phoenix,Phoenix,AZ,86468,5,12,12,4450246,4.3,A,61,Website Lead,Boutique (2-10 agents),2026-10-08T18:22:30Z
CREAM-20261008-00054,Ronald Jimenez,Ronald Jimenez,Ronald,Jimenez,ronald_jimenez@me.com,(415) 207-4723,RE/MAX,RE/MAX,Charlotte,Charlotte,NC,27471,5,16,16,5928394,3.4,A,94,NAR Directory,Independent,2026-10-08T22:28:20Z
CREAM-20261008-00055,Lawrence Edwards,Lawrence Edwards,Lawrence,Edwards,lawrencee@me.com,(919) 281-4349,eXp Realty,eXp Realty,San Antonio,San Antonio,TX,75675,2,9,9,3549253,4.8,A,60,Trade Show,Independent,2026-10-08T06:34:35Z
CREAM-20261008-00056,Debra Gutierrez,Debra Gutierrez,Debra,Gutierrez,debra.gutierrez@hotmail.com,(512) 829-1707,Coldwell Banker,Coldwell Banker,Phoenix,Phoenix,AZ,85110,13,53,53,15603939,4.3,A,77,LinkedIn,Large (51-200 agents),2026-10-08T03:56:00Z
CREAM-20261008-00057,Ashley Gray,Ashley Gray,Ashley,Gray,ashleygray@aol.com,(720) 570-7501,Coldwell Banker,Coldwell Banker,Orlando,Orlando,FL,33890,16,37,37,13376367,4.2,A,86,LinkedIn,Independent,2026-10-08T16:47:06Z
CREAM-20261008-00058,Donald Walker,Donald Walker,Donald,Walker,donaldw@hotmail.com,(305) 326-6434,eXp Realty,eXp Realty,Columbus,Columbus,OH,45852,22,67,67,20112329,3.0,A,77,Trade Show,Large (51-200 agents),2026-10-08T14:51:35Z
CREAM-20261008-00059,Margaret Nguyen,Margaret Nguyen,Margaret,Nguyen,margaretn@me.com,(980) 336-8282,Long Realty,Long Realty,Scottsdale,Scottsdale,AZ,86954,16,40,40,16440587,5.0,A,89,Brokerage Listings,Independent,2026-10-08T17:46:51Z
CREAM-20261008-00060,Louis Robinson,Louis Robinson,Louis,Robinson,lrobinson@re/max.com,(214) 671-3552,RE/MAX,RE/MAX,San Diego,San Diego,CA,92711,0,5,5,3658383,4.3,A,71,LinkedIn,Independent,2026-10-08T05:24:42Z
CREAM-20261008-00061,Donald Carter,Donald Carter,Donald,Carter,donald_carter@me.com,(512) 349-5020,Allen Tate,Allen Tate,Greensboro,Greensboro,NC,27174,2,10,10,2499972,4.0,A,69,Referral Network,Boutique (2-10 agents),2026-10-08T09:57:59Z
CREAM-20261008-00062,Raymond Gutierrez,Raymond Gutierrez,Raymond,Gutierrez,raymond.gutierrez@century21.com,(303) 763-9661,Century 21,Century 21,Jacksonville,Jacksonville,FL,34971,3,11,11,5849906,3.6,A,84,NAR Directory,Large (51-200 agents),2026-10-08T01:37:58Z
CREAM-20261008-00063,Robert Nelson,Robert Nelson,Robert,Nelson,robertn@me.com,(256) 922-6227,eXp Realty,eXp Realty,Cincinnati,Cincinnati,OH,44698,1,9,9,2249575,4.2,A,96,Trade Show,Mid-size (11-50 agents),2026-10-08T19:19:48Z
CREAM-20261008-00064,Brittany Ross,Brittany Ross,Brittany,Ross,brittanyr@gmail.com,(929) 455-9813,Allie Beth Allman,Allie Beth Allman,Austin,Austin,TX,76479,12,44,44,14877779,3.6,A,97,Cold Outreach,Independent,2026-10-08T19:18:45Z
CREAM-20261008-00065,Juan Myers,Juan Myers,Juan,Myers,juanm@hotmail.com,(212) 971-8239,eXp Realty,eXp Realty,Colorado Springs,Colorado Springs,CO,80746,0,2,2,1360745,3.5,A,88,Website Lead,Large (51-200 agents),2026-10-08T12:37:58Z
CREAM-20261008-00066,Louis Chavez,Louis Chavez,Louis,Chavez,louis.chavez@compass.com,(256) 722-7983,Compass,Compass,Charlotte,Charlotte,NC,27309,5,20,20,9083549,3.4,A,80,Facebook,Independent,2026-10-08T14:06:50Z
CREAM-20261008-00067,Carolyn Myers,Carolyn Myers,Carolyn,Myers,carolynmyers@aol.com,(786) 932-5251,Douglas Elliman,Douglas Elliman,Manhattan,Manhattan,NY,10240,9,18,18,11618443,3.4,A,81,NAR Directory,Mid-size (11-50 agents),2026-10-08T09:05:12Z
CREAM-20261008-00068,Angela Scott,Angela Scott,Angela,Scott,angelascott@aol.com,(980) 703-5894,RE/MAX,RE/MAX,Raleigh,Raleigh,NC,27956,2,5,5,2253802,4.5,A,98,Brokerage Listings,Independent,2026-10-08T03:39:22Z
CREAM-20261008-00069,Mark Adams,Mark Adams,Mark,Adams,madams@aol.com,(602) 358-6719,Berkshire Hathaway HomeServices,Berkshire Hathaway HomeServices,Sacramento,Sacramento,CA,90340,6,32,32,19132290,4.8,A,87,Trade Show,Mid-size (11-50 agents),2026-10-08T13:17:37Z
CREAM-20261008-00070,Benjamin Lee,Benjamin Lee,Benjamin,Lee,benjamin.lee@yahoo.com,(919) 812-8300,eXp Realty,eXp Realty,Houston,Houston,TX,77958,22,75,75,32697178,4.5,A,84,MLS Database,Independent,2026-10-08T05:06:29Z
CREAM-20261008-00071,Rebecca Cook,Rebecca Cook,Rebecca,Cook,rebeccac@hotmail.com,(513) 446-9808,Keller Williams,Keller Williams,Denver,Denver,CO,81293,9,16,16,7921665,3.7,A,71,NAR Directory,Mid-size (11-50 agents),2026-10-08T19:16:27Z
CREAM-20261008-00072,Jennifer Richardson,Jennifer Richardson,Jennifer,Richardson,jennifer_richardson@aol.com,(415) 433-1465,Halstead,Halstead,Manhattan,Manhattan,NY,12742,14,76,76,48901766,3.5,A,89,Realtor.com,Independent,2026-10-08T09:49:27Z
CREAM-20261008-00073,Emma Baker,Emma Baker,Emma,Baker,emma.baker@aol.com,(704) 506-2795,eXp Realty,eXp Realty,Greensboro,Greensboro,NC,28692,1,9,9,3457701,3.3,A,89,Facebook,Enterprise (200+ agents),2026-10-08T19:09:23Z
CREAM-20261008-00074,Ryan Cox,Ryan Cox,Ryan,Cox,ryan.cox@gmail.com,(469) 923-6199,Compass,Compass,Colorado Springs,Colorado Springs,CO,80180,1,6,6,3842174,4.5,A,74,Facebook,Boutique (2-10 agents),2026-10-08T18:47:51Z
CREAM-20261008-00075,Carolyn Baker,Carolyn Baker,Carolyn,Baker,carolyn.baker@re/max.com,(256) 909-1621,RE/MAX,RE/MAX,Raleigh,Raleigh,NC,28955,3,20,20,6648952,3.0,A,63,LinkedIn,Independent,2026-10-08T19:53:50Z
CREAM-20261008-00076,Barbara Martinez,Barbara Martinez,Barbara,Martinez,barbaramartinez@gmail.com,(919) 743-4607,Berkshire Hathaway,Berkshire Hathaway,Mesa,Mesa,AZ,85586,8,16,16,5468632,4.7,A,60,Website Lead,Mid-size (11-50 agents),2026-10-08T03:37:40Z
CREAM-20261008-00077,Lauren Young,Lauren Young,Lauren,Young,laurenyoung@me.com,(805) 926-8287,Keller Williams,Keller Williams,Cincinnati,Cincinnati,OH,45218,24,25,25,5322763,5.0,A,83,Cold Outreach,Mid-size (11-50 agents),2026-10-08T09:57:21Z
CREAM-20261008-00078,James Sullivan,James Sullivan,James,Sullivan,jsullivan@me.com,(256) 549-4786,Berkshire Hathaway,Berkshire Hathaway,Charlotte,Charlotte,NC,28831,22,28,28,9785382,3.2,A,93,Realtor.com,Enterprise (200+ agents),2026-10-08T17:47:10Z
CREAM-20261008-00079,Judith Reyes,Judith Reyes,Judith,Reyes,judith.reyes@briggsfreemansothebys.com,(919) 275-8301,Briggs Freeman Sotheby's,Briggs Freeman Sotheby's,Dallas,Dallas,TX,77610,1,8,8,2684126,3.7,A,92,MLS Database,Mid-size (11-50 agents),2026-10-08T18:40:49Z
CREAM-20261008-00080,Carol Lewis,Carol Lewis,Carol,Lewis,caroll@kellerwilliams.com,(972) 757-7445,Keller Williams,Keller Williams,Mesa,Mesa,AZ,85118,5,15,15,6914754,4.9,A,75,LinkedIn,Independent,2026-10-08T01:36:14Z
CREAM-20261008-00081,Stephen Turner,Stephen Turner,Stephen,Turner,stephen.turner@outlook.com,(212) 413-3407,8z Real Estate,8z Real Estate,Colorado Springs,Colorado Springs,CO,80396,9,38,38,16667833,4.9,A,65,Cold Outreach,Mid-size (11-50 agents),2026-10-08T19:28:40Z
CREAM-20261008-00082,Megan Collins,Megan Collins,Megan,Collins,mcollins@gmail.com,(718) 494-3781,Douglas Elliman,Douglas Elliman,Dallas,Dallas,TX,78192,22,59,59,16770183,4.0,A,75,Trade Show,Enterprise (200+ agents),2026-10-08T03:05:33Z
CREAM-20261008-00083,Laura Baker,Laura Baker,Laura,Baker,laura.baker@cutlerrealestate.com,(916) 533-5199,Cutler Real Estate,Cutler Real Estate,Columbus,Columbus,OH,44514,18,50,50,15437571,3.4,A,84,MLS Database,Independent,2026-10-08T06:07:37Z
CREAM-20261008-00084,Nancy Kelly,Nancy Kelly,Nancy,Kelly,nancy.kelly@outlook.com,(234) 365-8169,Allen Tate,Allen Tate,Raleigh,Raleigh,NC,27532,15,76,76,32922131,4.3,A,72,Referral Network,Mid-size (11-50 agents),2026-10-08T07:15:09Z
CREAM-20261008-00085,Jack Jimenez,Jack Jimenez,Jack,Jimenez,jack.jimenez@gmail.com,(972) 527-8489,Sotheby's International,Sotheby's International,Sacramento,Sacramento,CA,90636,20,61,61,44338531,4.7,A,89,NAR Directory,Independent,2026-10-08T02:00:30Z
CREAM-20261008-00086,Kimberly Ramirez,Kimberly Ramirez,Kimberly,Ramirez,kimberly.ramirez@hotmail.com,(469) 808-1515,eXp Realty,eXp Realty,Colorado Springs,Colorado Springs,CO,81696,25,74,74,34903314,3.9,A,99,Trade Show,Independent,2026-10-08T02:12:00Z
CREAM-20261008-00087,Danielle Jimenez,Danielle Jimenez,Danielle,Jimenez,daniellej@allentate.com,(415) 880-7632,Allen Tate,Allen Tate,Raleigh,Raleigh,NC,27330,1,8,8,2238787,3.5,A,70,MLS Database,Mid-size (11-50 agents),2026-10-08T05:34:40Z
CREAM-20261008-00088,William Alexander,William Alexander,William,Alexander,walexander@kellerwilliamsrealty.com,(718) 618-1145,Keller Williams Realty,Keller Williams Realty,San Francisco,San Francisco,CA,96476,19,65,65,55221267,4.7,A,98,MLS Database,Mid-size (11-50 agents),2026-10-08T15:36:18Z
CREAM-20261008-00089,Ruth Diaz,Ruth Diaz,Ruth,Diaz,rdiaz@icloud.com,(512) 250-4709,Coldwell Banker,Coldwell Banker,Aurora,Aurora,CO,80628,0,4,4,2399926,3.3,A,89,Realtor.com,Enterprise (200+ agents),2026-10-08T22:14:46Z
CREAM-20261008-00090,Wayne Sanchez,Wayne Sanchez,Wayne,Sanchez,wayne.sanchez@aol.com,(512) 797-3349,Cutler Real Estate,Cutler Real Estate,Columbus,Columbus,OH,43750,14,31,31,7455702,4.5,A,76,Brokerage Listings,Boutique (2-10 agents),2026-10-08T10:47:42Z
CREAM-20261008-00091,Laura Richardson,Laura Richardson,Laura,Richardson,laura.richardson@aol.com,(713) 539-3708,Huntington Real Estate,Huntington Real Estate,Cincinnati,Cincinnati,OH,44278,21,43,43,13249944,3.9,A,61,Cold Outreach,Boutique (2-10 agents),2026-10-08T10:21:54Z
CREAM-20261008-00092,Kenneth Sanchez,Kenneth Sanchez,Kenneth,Sanchez,kenneth.sanchez@outlook.com,(919) 517-1080,Berkshire Hathaway,Berkshire Hathaway,Phoenix,Phoenix,AZ,86974,3,9,9,4787728,3.7,A,99,Trade Show,Independent,2026-10-08T21:45:22Z
CREAM-20261008-00093,Emma Morgan,Emma Morgan,Emma,Morgan,emmam@exprealty.com,(303) 337-1014,eXp Realty,eXp Realty,Columbus,Columbus,OH,45916,17,66,66,20235740,4.8,A,94,Cold Outreach,Mid-size (11-50 agents),2026-10-08T19:04:42Z
CREAM-20261008-00094,Samuel Martin,Samuel Martin,Samuel,Martin,samuelm@compass.com,(714) 964-2242,Compass,Compass,San Francisco,San Francisco,CA,93515,0,4,4,3302417,4.1,A,85,NAR Directory,Independent,2026-10-08T10:20:06Z
CREAM-20261008-00095,Matthew Hughes,Matthew Hughes,Matthew,Hughes,matthewhughes@gmail.com,(513) 225-2848,RE/MAX,RE/MAX,Sacramento,Sacramento,CA,96887,12,26,26,27962745,4.7,A,62,NAR Directory,Independent,2026-10-08T12:39:23Z
CREAM-20261008-00096,Emily Rodriguez,Emily Rodriguez,Emily,Rodriguez,erodriguez@outlook.com,(714) 977-2700,Allie Beth Allman,Allie Beth Allman,El Paso,El Paso,TX,77687,2,10,10,3852447,4.5,A,62,LinkedIn,Mid-size (11-50 agents),2026-10-08T21:20:11Z
CREAM-20261008-00097,Aaron Garcia,Aaron Garcia,Aaron,Garcia,aaron.garcia@hotmail.com,(786) 992-3408,Coldwell Banker,Coldwell Banker,Sacramento,Sacramento,CA,91466,19,64,64,68077220,4.6,A,76,NAR Directory,Boutique (2-10 agents),2026-10-08T02:14:03Z
CREAM-20261008-00098,Ruth Torres,Ruth Torres,Ruth,Torres,rutht@aol.com,(786) 729-5893,Corcoran Group,Corcoran Group,New York City,New York City,NY,11771,1,12,12,9280361,3.6,A,60,Trade Show,Large (51-200 agents),2026-10-08T02:19:34Z
CREAM-20261008-00099,Ryan Martinez,Ryan Martinez,Ryan,Martinez,ryanm@outlook.com,(929) 396-4078,RE/MAX,RE/MAX,Tampa,Tampa,FL,34193,5,14,14,4231042,4.7,A,86,Brokerage Listings,Independent,2026-10-08T09:07:24Z
CREAM-20261008-00100,Thomas Green,Thomas Green,Thomas,Green,tgreen@hotmail.com,(469) 769-4084,Coldwell Banker,Coldwell Banker,San Francisco,San Francisco,CA,93543,14,62,62,58018666,4.5,A,81,Cold Outreach,Mid-size (11-50 agents),2026-10-08T11:11:25Z
CREAM-20261008-00101,Louis Gray,Louis Gray,Louis,Gray,louisg@century21.com,(256) 303-5858,Century 21,Century 21,Jacksonville,Jacksonville,FL,33293,5,15,15,6972677,3.4,A,95,Trade Show,Large (51-200 agents),2026-10-08T12:44:53Z
CREAM-20261008-00102,Patrick Murphy,Patrick Murphy,Patrick,Murphy,patrickm@me.com,(714) 695-7211,Sotheby's International,Sotheby's International,Los Angeles,Los Angeles,CA,93615,5,10,10,9780615,3.8,A,100,Website Lead,Boutique (2-10 agents),2026-10-08T12:31:38Z
CREAM-20261008-00103,Brian Diaz,Brian Diaz,Brian,Diaz,brian.diaz@hotmail.com,(614) 323-6357,Keller Williams,Keller Williams,Bronx,Bronx,NY,11207,4,10,10,5926843,3.5,A,81,Referral Network,Mid-size (11-50 agents),2026-10-08T08:24:43Z
CREAM-20261008-00104,Ashley Taylor,Ashley Taylor,Ashley,Taylor,ataylor@coldwellbanker.com,(303) 552-1804,Coldwell Banker,Coldwell Banker,Denver,Denver,CO,81703,4,20,20,9785805,4.1,A,71,Trade Show,Large (51-200 agents),2026-10-08T21:26:50Z
CREAM-20261008-00105,Judith King,Judith King,Judith,King,judith_king@outlook.com,(469) 961-3762,HER Realtors,HER Realtors,Cleveland,Cleveland,OH,44298,12,28,28,5122268,4.8,A,81,Realtor.com,Mid-size (11-50 agents),2026-10-08T14:28:48Z
CREAM-20261008-00106,James Gonzalez,James Gonzalez,James,Gonzalez,jamesgonzalez@icloud.com,(714) 228-9973,RE/MAX,RE/MAX,Los Angeles,Los Angeles,CA,95670,1,7,7,4834799,3.7,A,69,MLS Database,Boutique (2-10 agents),2026-10-08T03:08:42Z
CREAM-20261008-00107,Cynthia Wright,Cynthia Wright,Cynthia,Wright,cynthia_wright@me.com,(305) 728-6505,Berkshire Hathaway,Berkshire Hathaway,Tucson,Tucson,AZ,85494,4,9,9,4276118,5.0,A,73,MLS Database,Independent,2026-10-08T02:18:06Z
CREAM-20261008-00108,Nicole Chavez,Nicole Chavez,Nicole,Chavez,nchavez@coldwellbanker.com,(404) 500-6991,Coldwell Banker,Coldwell Banker,Raleigh,Raleigh,NC,28693,4,8,8,3486613,4.1,A,87,Referral Network,Mid-size (11-50 agents),2026-10-08T18:43:27Z
CREAM-20261008-00109,Bruce Garcia,Bruce Garcia,Bruce,Garcia,bruce.garcia@outlook.com,(407) 821-7604,Cutler Real Estate,Cutler Real Estate,Cleveland,Cleveland,OH,44159,4,22,22,5740937,4.1,A,79,Brokerage Listings,Boutique (2-10 agents),2026-10-08T11:19:55Z
CREAM-20261008-00110,Amy Allen,Amy Allen,Amy,Allen,amy.allen@halstead.com,(256) 500-9274,Halstead,Halstead,Staten Island,Staten Island,NY,14729,6,18,18,11551620,3.2,A,71,LinkedIn,Enterprise (200+ agents),2026-10-08T12:55:04Z
CREAM-20261008-00111,Linda Long,Linda Long,Linda,Long,linda.long@icloud.com,(805) 597-6133,Compass,Compass,Los Angeles,Los Angeles,CA,95897,6,21,21,20737109,3.8,A,86,NAR Directory,Mid-size (11-50 agents),2026-10-08T04:46:45Z
CREAM-20261008-00112,George Ramos,George Ramos,George,Ramos,gramos@kellerwilliams.com,(713) 220-5439,Keller Williams,Keller Williams,Charlotte,Charlotte,NC,27962,19,61,61,17620449,3.4,A,80,Referral Network,Large (51-200 agents),2026-10-08T21:23:23Z
CREAM-20261008-00113,Thomas Smith,Thomas Smith,Thomas,Smith,thomas_smith@outlook.com,(407) 353-4254,RE/MAX,RE/MAX,Los Angeles,Los Angeles,CA,94668,0,5,5,4159086,3.3,A,97,Trade Show,Mid-size (11-50 agents),2026-10-08T06:53:07Z
CREAM-20261008-00114,Eugene Torres,Eugene Torres,Eugene,Torres,eugene.torres@allentate.com,(720) 613-7269,Allen Tate,Allen Tate,Raleigh,Raleigh,NC,28142,2,8,8,2661451,3.3,A,77,Website Lead,Enterprise (200+ agents),2026-10-08T22:01:27Z
CREAM-20261008-00115,Sharon Gonzalez,Sharon Gonzalez,Sharon,Gonzalez,sharong@yahoo.com,(718) 297-5161,Long Realty,Long Realty,Phoenix,Phoenix,AZ,85767,2,6,6,2934754,4.4,A,89,Referral Network,Boutique (2-10 agents),2026-10-08T11:09:34Z
CREAM-20261008-00116,Olivia Patel,Olivia Patel,Olivia,Patel,oliviapatel@gmail.com,(303) 560-4992,Allen Tate,Allen Tate,Charlotte,Charlotte,NC,28136,13,80,80,26992467,3.6,A,86,Cold Outreach,Mid-size (11-50 agents),2026-10-08T02:47:06Z
CREAM-20261008-00117,Martha Chavez,Martha Chavez,Martha,Chavez,mchavez@cutlerrealestate.com,(303) 224-7144,Cutler Real Estate,Cutler Real Estate,Cleveland,Cleveland,OH,44768,12,53,53,10254590,3.9,A,86,Cold Outreach,Enterprise (200+ agents),2026-10-08T17:14:08Z
CREAM-20261008-00118,Stephanie Alvarez,Stephanie Alvarez,Stephanie,Alvarez,stephaniea@me.com,(929) 929-4655,Berkshire Hathaway,Berkshire Hathaway,Cleveland,Cleveland,OH,43213,19,76,76,16588147,3.1,A,73,Cold Outreach,Independent,2026-10-08T01:29:58Z
CREAM-20261008-00119,Judith Ruiz,Judith Ruiz,Judith,Ruiz,judithruiz@icloud.com,(513) 450-6851,Coldwell Banker,Coldwell Banker,Denver,Denver,CO,81263,21,77,77,31737850,4.3,A,89,Website Lead,Independent,2026-10-08T06:34:22Z
CREAM-20261008-00120,Bruce Thompson,Bruce Thompson,Bruce,Thompson,brucethompson@outlook.com,(916) 644-9399,RE/MAX,RE/MAX,Jacksonville,Jacksonville,FL,32304,3,13,13,4969174,4.1,A,89,Facebook,Boutique (2-10 agents),2026-10-08T18:44:00Z
CREAM-20261008-00121,Alexander Jenkins,Alexander Jenkins,Alexander,Jenkins,alexanderj@berkshirehathaway.com,(212) 420-8011,Berkshire Hathaway,Berkshire Hathaway,Tampa,Tampa,FL,32845,17,56,56,21375799,3.9,A,98,Referral Network,Boutique (2-10 agents),2026-10-08T18:24:16Z
CREAM-20261008-00122,Donna Carter,Donna Carter,Donna,Carter,donnac@briggsfreemansothebys.com,(256) 929-7128,Briggs Freeman Sotheby's,Briggs Freeman Sotheby's,Fort Worth,Fort Worth,TX,77681,4,14,14,4696100,4.2,A,96,MLS Database,Independent,2026-10-08T18:31:16Z
CREAM-20261008-00123,Angela Reyes,Angela Reyes,Angela,Reyes,areyes@douglaselliman.com,(512) 378-9296,Douglas Elliman,Douglas Elliman,Houston,Houston,TX,78349,18,57,57,21314319,3.3,A,64,Trade Show,Large (51-200 agents),2026-10-08T01:35:59Z
CREAM-20261008-00124,Judith Mitchell,Judith Mitchell,Judith,Mitchell,judithm@me.com,(415) 391-2590,RE/MAX,RE/MAX,Phoenix,Phoenix,AZ,86660,5,12,12,4555736,3.4,A,61,LinkedIn,Enterprise (200+ agents),2026-10-08T00:43:53Z
CREAM-20261008-00125,Joseph Robinson,Joseph Robinson,Joseph,Robinson,joseph.robinson@coldwellbanker.com,(407) 872-8164,Coldwell Banker,Coldwell Banker,Raleigh,Raleigh,NC,28436,20,50,50,19805269,4.4,A,73,Referral Network,Mid-size (11-50 agents),2026-10-08T02:15:06Z
CREAM-20261008-00126,Gary Reed,Gary Reed,Gary,Reed,gary.reed@yahoo.com,(234) 603-4074,Keller Williams Realty,Keller Williams Realty,Orlando,Orlando,FL,33812,21,37,37,11509375,3.0,A,96,MLS Database,Large (51-200 agents),2026-10-08T23:31:49Z
CREAM-20261008-00127,Albert Hall,Albert Hall,Albert,Hall,ahall@compass.com,(407) 854-9387,Compass,Compass,Sacramento,Sacramento,CA,92119,6,19,19,14326115,4.0,A,99,LinkedIn,Enterprise (200+ agents),2026-10-08T06:46:33Z
CREAM-20261008-00128,Benjamin Gray,Benjamin Gray,Benjamin,Gray,benjamingray@outlook.com,(512) 783-4310,eXp Realty,eXp Realty,San Francisco,San Francisco,CA,95962,3,12,12,9833587,4.0,A,86,Trade Show,Enterprise (200+ agents),2026-10-08T13:56:37Z
CREAM-20261008-00129,Rose Williams,Rose Williams,Rose,Williams,rosewilliams@aol.com,(980) 731-6090,Pacific Sotheby's,Pacific Sotheby's,San Francisco,San Francisco,CA,95445,23,36,36,35746248,4.9,A,62,Website Lead,Independent,2026-10-08T20:23:51Z
CREAM-20261008-00130,Victoria Bennett,Victoria Bennett,Victoria,Bennett,victoria.bennett@me.com,(469) 851-9929,eXp Realty,eXp Realty,Colorado Springs,Colorado Springs,CO,81617,13,54,54,27991046,3.1,A,92,NAR Directory,Mid-size (11-50 agents),2026-10-08T04:13:23Z
CREAM-20261008-00131,Melissa Richardson,Melissa Richardson,Melissa,Richardson,melissa.richardson@exprealty.com,(980) 706-8086,eXp Realty,eXp Realty,San Jose,San Jose,CA,94451,1,9,9,6096917,3.4,A,69,Cold Outreach,Large (51-200 agents),2026-10-08T23:16:01Z
CREAM-20261008-00132,Judith Cruz,Judith Cruz,Judith,Cruz,jcruz@coldwellbanker.com,(512) 764-5814,Coldwell Banker,Coldwell Banker,Greensboro,Greensboro,NC,27497,9,22,22,5861968,3.2,A,76,Realtor.com,Independent,2026-10-08T11:35:10Z
CREAM-20261008-00133,Keith Alvarez,Keith Alvarez,Keith,Alvarez,kalvarez@gmail.com,(720) 320-1389,Cutler Real Estate,Cutler Real Estate,Cleveland,Cleveland,OH,45673,1,6,6,1860093,3.1,A,97,Website Lead,Independent,2026-10-08T22:21:37Z
CREAM-20261008-00134,Martha Phillips,Martha Phillips,Martha,Phillips,martha.phillips@gmail.com,(234) 426-4774,Berkshire Hathaway,Berkshire Hathaway,Houston,Houston,TX,75374,1,6,6,2541880,4.6,A,68,Facebook,Large (51-200 agents),2026-10-08T08:47:07Z
CREAM-20261008-00135,Robert Cruz,Robert Cruz,Robert,Cruz,robertcruz@yahoo.com,(512) 411-1819,Cutler Real Estate,Cutler Real Estate,Cleveland,Cleveland,OH,45558,2,8,8,2278151,4.6,A,64,Referral Network,Large (51-200 agents),2026-10-08T04:48:14Z
CREAM-20261008-00136,Ruth Lee,Ruth Lee,Ruth,Lee,ruthl@berkshirehathaway.com,(512) 530-9572,Berkshire Hathaway,Berkshire Hathaway,Scottsdale,Scottsdale,AZ,86951,2,6,6,1916716,4.2,A,78,Facebook,Independent,2026-10-08T18:12:57Z
CREAM-20261008-00137,Juan Moore,Juan Moore,Juan,Moore,juanmoore@icloud.com,(415) 232-5152,Coldwell Banker,Coldwell Banker,Cincinnati,Cincinnati,OH,45619,5,8,8,2343363,3.4,A,72,Trade Show,Independent,2026-10-08T14:44:57Z
CREAM-20261008-00138,Jack Peterson,Jack Peterson,Jack,Peterson,jack.peterson@berkshirehathawayhomeservices.com,(305) 655-6437,Berkshire Hathaway HomeServices,Berkshire Hathaway HomeServices,Los Angeles,Los Angeles,CA,95815,3,20,20,18598395,3.5,A,80,Website Lead,Boutique (2-10 agents),2026-10-08T08:08:52Z
CREAM-20261008-00139,Sandra Brown,Sandra Brown,Sandra,Brown,sandrab@icloud.com,(469) 842-3516,Douglas Elliman,Douglas Elliman,Dallas,Dallas,TX,79823,6,29,29,7938384,4.2,A,80,Brokerage Listings,Mid-size (11-50 agents),2026-10-08T20:30:48Z
CREAM-20261008-00140,Melissa Moore,Melissa Moore,Melissa,Moore,melissa.moore@berkshirehathaway.com,(212) 396-5082,Berkshire Hathaway,Berkshire Hathaway,Phoenix,Phoenix,AZ,85985,0,4,4,2131393,3.2,A,96,Cold Outreach,Large (51-200 agents),2026-10-08T23:50:37Z
CREAM-20261008-00141,Robert Ramirez,Robert Ramirez,Robert,Ramirez,robert_ramirez@me.com,(513) 209-5045,Keller Williams Realty,Keller Williams Realty,Los Angeles,Los Angeles,CA,92248,3,21,21,14768591,4.7,A,86,LinkedIn,Mid-size (11-50 agents),2026-10-08T00:09:18Z
CREAM-20261008-00142,Debra Johnson,Debra Johnson,Debra,Johnson,debra_johnson@aol.com,(929) 389-7025,Compass,Compass,Tampa,Tampa,FL,33365,19,53,53,25387230,4.2,A,90,Website Lead,Enterprise (200+ agents),2026-10-08T04:23:27Z
CREAM-20261008-00143,Charles Ramos,Charles Ramos,Charles,Ramos,cramos@aol.com,(404) 573-9424,8z Real Estate,8z Real Estate,Denver,Denver,CO,80930,22,71,71,39320115,4.6,A,76,Cold Outreach,Independent,2026-10-08T00:58:59Z
CREAM-20261008-00144,Samuel Foster,Samuel Foster,Samuel,Foster,samuelf@me.com,(512) 755-7180,Berkshire Hathaway,Berkshire Hathaway,Scottsdale,Scottsdale,AZ,86235,12,34,34,17938374,4.6,A,77,Cold Outreach,Large (51-200 agents),2026-10-08T23:06:01Z
CREAM-20261008-00145,John Mitchell,John Mitchell,John,Mitchell,johnmitchell@outlook.com,(310) 967-3069,RE/MAX,RE/MAX,Tucson,Tucson,AZ,85134,12,43,43,21550987,3.9,A,75,Facebook,Mid-size (11-50 agents),2026-10-08T16:07:57Z
CREAM-20261008-00146,Patricia Ramirez,Patricia Ramirez,Patricia,Ramirez,pramirez@yahoo.com,(929) 547-2927,Coldwell Banker,Coldwell Banker,Fort Worth,Fort Worth,TX,76242,3,10,10,2547315,3.7,A,79,Facebook,Mid-size (11-50 agents),2026-10-08T10:19:55Z
CREAM-20261008-00147,Peter Walker,Peter Walker,Peter,Walker,peter.walker@me.com,(415) 384-9907,eXp Realty,eXp Realty,Phoenix,Phoenix,AZ,85138,1,3,3,1215029,4.7,A,74,MLS Database,Independent,2026-10-08T07:42:47Z
CREAM-20261008-00148,Debra King,Debra King,Debra,King,debrak@me.com,(718) 218-6556,RE/MAX,RE/MAX,Fort Lauderdale,Fort Lauderdale,FL,33201,4,16,16,5268881,4.4,A,80,Trade Show,Boutique (2-10 agents),2026-10-08T09:29:03Z
CREAM-20261008-00149,Raymond Stewart,Raymond Stewart,Raymond,Stewart,rstewart@russelllyonsothebys.com,(512) 738-9601,Russell Lyon Sotheby's,Russell Lyon Sotheby's,Tucson,Tucson,AZ,86766,15,71,71,24189671,3.4,A,77,Brokerage Listings,Enterprise (200+ agents),2026-10-08T21:17:27Z
CREAM-20261008-00150,Aaron King,Aaron King,Aaron,King,aaron.king@me.com,(415) 532-8656,Pacific Sotheby's,Pacific Sotheby's,Sacramento,Sacramento,CA,95595,22,48,48,35835434,4.3,A,67,Realtor.com,Independent,2026-10-08T00:37:59Z
CREAM-20261008-00151,Dennis Hughes,Dennis Hughes,Dennis,Hughes,dhughes@outlook.com,(704) 796-4840,Keller Williams Realty,Keller Williams Realty,Miami,Miami,FL,33754,5,9,9,3507958,3.1,A,95,Cold Outreach,Boutique (2-10 agents),2026-10-08T02:48:00Z
CREAM-20261008-00152,Amy Stewart,Amy Stewart,Amy,Stewart,astewart@hotmail.com,(303) 530-6932,eXp Realty,eXp Realty,Columbus,Columbus,OH,45612,13,39,39,9508544,4.5,A,94,Cold Outreach,Mid-size (11-50 agents),2026-10-08T08:50:41Z
CREAM-20261008-00153,Brenda Anderson,Brenda Anderson,Brenda,Anderson,brendaa@yahoo.com,(404) 292-9102,Coldwell Banker,Coldwell Banker,Tucson,Tucson,AZ,85582,5,19,19,5929890,3.6,A,76,Website Lead,Independent,2026-10-08T21:55:59Z
CREAM-20261008-00154,Kevin Clark,Kevin Clark,Kevin,Clark,kevinclark@yahoo.com,(407) 414-3209,Compass,Compass,Los Angeles,Los Angeles,CA,93137,4,9,9,5395805,4.8,A,64,Trade Show,Independent,2026-10-08T07:58:32Z
CREAM-20261008-00155,Donna Howard,Donna Howard,Donna,Howard,donna.howard@icloud.com,(303) 478-2731,RE/MAX,RE/MAX,Houston,Houston,TX,77387,2,10,10,3888956,3.0,A,96,Referral Network,Mid-size (11-50 agents),2026-10-08T04:42:33Z
CREAM-20261008-00156,Linda Davis,Linda Davis,Linda,Davis,lindad@aol.com,(512) 690-8174,Compass,Compass,San Jose,San Jose,CA,96776,24,43,43,44201936,4.0,A,66,Facebook,Mid-size (11-50 agents),2026-10-08T04:55:58Z
CREAM-20261008-00157,John Robinson,John Robinson,John,Robinson,jrobinson@hotmail.com,(214) 872-4479,eXp Realty,eXp Realty,Denver,Denver,CO,81261,2,3,3,1471825,4.6,A,82,LinkedIn,Independent,2026-10-08T04:52:31Z
CREAM-20261008-00158,Alan Young,Alan Young,Alan,Young,alan.young@re/max.com,(786) 781-1286,RE/MAX,RE/MAX,Oakland,Oakland,CA,95832,2,6,6,4206871,4.2,A,80,Facebook,Mid-size (11-50 agents),2026-10-08T15:22:37Z
CREAM-20261008-00159,Kevin Taylor,Kevin Taylor,Kevin,Taylor,kevin.taylor@icloud.com,(805) 509-3367,Douglas Elliman,Douglas Elliman,Miami,Miami,FL,34636,18,53,53,18349542,4.8,A,62,LinkedIn,Large (51-200 agents),2026-10-08T12:17:59Z
CREAM-20261008-00160,Dorothy Ruiz,Dorothy Ruiz,Dorothy,Ruiz,druiz@coldwellbanker.com,(786) 844-8576,Coldwell Banker,Coldwell Banker,Raleigh,Raleigh,NC,27240,23,35,35,10326067,4.4,A,84,Realtor.com,Enterprise (200+ agents),2026-10-08T00:16:03Z
CREAM-20261008-00161,Donald Sanders,Donald Sanders,Donald,Sanders,donald_sanders@aol.com,(704) 580-4528,Russell Lyon Sotheby's,Russell Lyon Sotheby's,Scottsdale,Scottsdale,AZ,86513,0,2,2,676193,4.9,A,88,LinkedIn,Mid-size (11-50 agents),2026-10-08T19:48:53Z
CREAM-20261008-00162,Ashley Alvarez,Ashley Alvarez,Ashley,Alvarez,ashley_alvarez@gmail.com,(469) 319-4781,Coldwell Banker,Coldwell Banker,San Jose,San Jose,CA,92383,2,8,8,4774988,4.0,A,86,NAR Directory,Mid-size (11-50 agents),2026-10-08T15:12:35Z
CREAM-20261008-00163,Barbara Wright,Barbara Wright,Barbara,Wright,barbara_wright@yahoo.com,(714) 642-9411,Compass,Compass,New York City,New York City,NY,12709,4,25,25,18150636,3.3,A,63,Referral Network,Mid-size (11-50 agents),2026-10-08T12:47:31Z
CREAM-20261008-00164,Andrew Coleman,Andrew Coleman,Andrew,Coleman,andrew_coleman@outlook.com,(310) 755-8963,eXp Realty,eXp Realty,Aurora,Aurora,CO,81166,23,64,64,37566636,4.6,A,82,Trade Show,Mid-size (11-50 agents),2026-10-08T03:58:46Z
CREAM-20261008-00165,Dorothy Ward,Dorothy Ward,Dorothy,Ward,dward@aol.com,(805) 762-3320,Keller Williams,Keller Williams,Phoenix,Phoenix,AZ,85769,4,20,20,7329928,4.0,A,75,Cold Outreach,Enterprise (200+ agents),2026-10-08T19:43:59Z
CREAM-20261008-00166,Megan Howard,Megan Howard,Megan,Howard,megan.howard@aol.com,(407) 983-6059,Compass,Compass,Manhattan,Manhattan,NY,13931,0,1,1,814678,4.9,A,98,Cold Outreach,Large (51-200 agents),2026-10-08T14:31:11Z
CREAM-20261008-00167,Nicholas Johnson,Nicholas Johnson,Nicholas,Johnson,nicholas.johnson@aol.com,(234) 950-5165,Corcoran Group,Corcoran Group,New York City,New York City,NY,11221,2,8,8,5283684,3.9,A,63,Facebook,Boutique (2-10 agents),2026-10-08T02:20:56Z
CREAM-20261008-00168,Ralph Ward,Ralph Ward,Ralph,Ward,ralph.ward@re/max.com,(305) 356-8332,RE/MAX,RE/MAX,Colorado Springs,Colorado Springs,CO,81806,11,59,59,29467644,4.0,A,66,Referral Network,Boutique (2-10 agents),2026-10-08T06:51:51Z
CREAM-20261008-00169,Larry Lee,Larry Lee,Larry,Lee,larrylee@outlook.com,(234) 911-6348,eXp Realty,eXp Realty,Cleveland,Cleveland,OH,43412,19,54,54,15566493,3.4,A,95,Trade Show,Enterprise (200+ agents),2026-10-08T21:00:17Z
CREAM-20261008-00170,Daniel Gutierrez,Daniel Gutierrez,Daniel,Gutierrez,daniel_gutierrez@hotmail.com,(972) 653-5669,Briggs Freeman Sotheby's,Briggs Freeman Sotheby's,El Paso,El Paso,TX,77910,1,4,4,1546886,4.4,A,98,Trade Show,Mid-size (11-50 agents),2026-10-08T02:22:00Z
CREAM-20261008-00171,Ruth Brooks,Ruth Brooks,Ruth,Brooks,ruthb@gmail.com,(646) 278-2331,eXp Realty,eXp Realty,Los Angeles,Los Angeles,CA,95118,21,42,42,30496685,4.4,A,60,Cold Outreach,Independent,2026-10-08T02:02:31Z
CREAM-20261008-00172,Donna Hill,Donna Hill,Donna,Hill,donnah@re/max.com,(786) 362-9010,RE/MAX,RE/MAX,Scottsdale,Scottsdale,AZ,86588,7,30,30,13968910,4.1,A,66,LinkedIn,Enterprise (200+ agents),2026-10-08T06:09:20Z
CREAM-20261008-00173,Kevin Ruiz,Kevin Ruiz,Kevin,Ruiz,kruiz@compass.com,(513) 921-2582,Compass,Compass,Aurora,Aurora,CO,81320,10,52,52,32907263,4.7,A,87,Website Lead,Boutique (2-10 agents),2026-10-08T13:41:26Z
CREAM-20261008-00174,Carol Patel,Carol Patel,Carol,Patel,carolp@icloud.com,(256) 671-3561,RE/MAX,RE/MAX,Houston,Houston,TX,79372,3,13,13,5759729,4.7,A,62,NAR Directory,Independent,2026-10-08T09:37:22Z
CREAM-20261008-00175,Susan Sullivan,Susan Sullivan,Susan,Sullivan,ssullivan@aol.com,(972) 663-2726,LIV Sotheby's,LIV Sotheby's,Colorado Springs,Colorado Springs,CO,80977,19,78,78,43178777,4.5,A,69,LinkedIn,Enterprise (200+ agents),2026-10-08T09:34:04Z
CREAM-20261008-00176,Amy Lopez,Amy Lopez,Amy,Lopez,amylopez@hotmail.com,(310) 514-2320,Pacific Sotheby's,Pacific Sotheby's,Sacramento,Sacramento,CA,90880,0,3,3,2396244,3.4,A,83,Website Lead,Independent,2026-10-08T07:35:39Z
CREAM-20261008-00177,Robert Mitchell,Robert Mitchell,Robert,Mitchell,robert.mitchell@outlook.com,(234) 316-1584,Coldwell Banker,Coldwell Banker,Cincinnati,Cincinnati,OH,45461,13,58,58,17148668,3.9,A,88,LinkedIn,Independent,2026-10-08T15:54:35Z
CREAM-20261008-00178,Roger Robinson,Roger Robinson,Roger,Robinson,rogerrobinson@aol.com,(214) 698-6936,Brown Harris Stevens,Brown Harris Stevens,Staten Island,Staten Island,NY,12811,18,39,39,24083025,4.4,A,67,Cold Outreach,Mid-size (11-50 agents),2026-10-08T22:15:58Z
CREAM-20261008-00179,Sandra Perry,Sandra Perry,Sandra,Perry,sandrap@yahoo.com,(234) 430-5647,Berkshire Hathaway,Berkshire Hathaway,Fort Lauderdale,Fort Lauderdale,FL,34560,20,71,71,21574786,3.5,A,81,Website Lead,Independent,2026-10-08T14:38:24Z
CREAM-20261008-00180,Larry Evans,Larry Evans,Larry,Evans,levans@exprealty.com,(305) 508-8999,eXp Realty,eXp Realty,Tucson,Tucson,AZ,85231,23,55,55,22642679,3.2,A,87,Facebook,Mid-size (11-50 agents),2026-10-08T18:15:26Z
CREAM-20261008-00181,Carol Scott,Carol Scott,Carol,Scott,carol.scott@yahoo.com,(407) 460-4390,Huntington Real Estate,Huntington Real Estate,Cleveland,Cleveland,OH,45889,2,3,3,800092,4.4,A,72,Realtor.com,Mid-size (11-50 agents),2026-10-08T02:21:49Z
CREAM-20261008-00182,Justin Torres,Justin Torres,Justin,Torres,justin.torres@outlook.com,(714) 412-4727,Berkshire Hathaway HomeServices,Berkshire Hathaway HomeServices,Long Beach,Long Beach,CA,94635,3,22,22,19711052,3.1,A,95,Website Lead,Mid-size (11-50 agents),2026-10-08T07:00:38Z
CREAM-20261008-00183,Rose Harris,Rose Harris,Rose,Harris,rose.harris@aol.com,(718) 746-2981,Keller Williams,Keller Williams,Bronx,Bronx,NY,12938,5,13,13,8755250,4.1,A,81,Cold Outreach,Large (51-200 agents),2026-10-08T15:52:29Z
CREAM-20261008-00184,Philip Adams,Philip Adams,Philip,Adams,philip.adams@exprealty.com,(786) 571-1289,eXp Realty,eXp Realty,Denver,Denver,CO,80357,5,11,11,6812504,3.3,A,65,Cold Outreach,Mid-size (11-50 agents),2026-10-08T19:41:01Z
CREAM-20261008-00185,Jonathan Gomez,Jonathan Gomez,Jonathan,Gomez,jgomez@sothebysinternational.com,(646) 205-9952,Sotheby's International,Sotheby's International,San Francisco,San Francisco,CA,92398,4,14,14,14209702,4.3,A,76,Trade Show,Independent,2026-10-08T12:23:25Z
CREAM-20261008-00186,Raymond Peterson,Raymond Peterson,Raymond,Peterson,raymondp@icloud.com,(713) 490-9782,Keller Williams,Keller Williams,Scottsdale,Scottsdale,AZ,86830,4,20,20,8465792,4.5,A,89,NAR Directory,Enterprise (200+ agents),2026-10-08T22:21:52Z
CREAM-20261008-00187,George Diaz,George Diaz,George,Diaz,george.diaz@yahoo.com,(718) 459-2828,HomeSmart,HomeSmart,Mesa,Mesa,AZ,85981,1,7,7,2042310,3.3,A,92,LinkedIn,Boutique (2-10 agents),2026-10-08T18:00:15Z
CREAM-20261008-00188,Betty Jenkins,Betty Jenkins,Betty,Jenkins,betty.jenkins@corcorangroup.com,(310) 489-6170,Corcoran Group,Corcoran Group,Queens,Queens,NY,10799,9,28,28,21113594,3.8,A,66,Realtor.com,Independent,2026-10-08T11:17:42Z
CREAM-20261008-00189,Dorothy Patel,Dorothy Patel,Dorothy,Patel,dorothyp@re/max.com,(415) 444-1770,RE/MAX,RE/MAX,San Diego,San Diego,CA,91802,15,56,56,35735312,5.0,A,69,NAR Directory,Independent,2026-10-08T09:07:47Z
CREAM-20261008-00190,Donna Peterson,Donna Peterson,Donna,Peterson,donna_peterson@yahoo.com,(404) 671-9297,Century 21,Century 21,Orlando,Orlando,FL,34964,0,1,1,539345,3.3,A,71,Trade Show,Independent,2026-10-08T06:46:24Z
CREAM-20261008-00191,Linda Peterson,Linda Peterson,Linda,Peterson,linda_peterson@hotmail.com,(212) 895-9372,RE/MAX,RE/MAX,Colorado Springs,Colorado Springs,CO,81330,15,28,28,15326929,3.2,A,64,Referral Network,Independent,2026-10-08T21:53:00Z
CREAM-20261008-00192,Melissa Allen,Melissa Allen,Melissa,Allen,melissaallen@aol.com,(305) 305-6250,Douglas Elliman,Douglas Elliman,Orlando,Orlando,FL,33666,2,9,9,2764578,4.9,A,82,MLS Database,Mid-size (11-50 agents),2026-10-08T15:20:58Z
CREAM-20261008-00193,Mark Cox,Mark Cox,Mark,Cox,mark_cox@me.com,(513) 676-2850,RE/MAX,RE/MAX,Colorado Springs,Colorado Springs,CO,80874,25,44,44,25827964,3.3,A,79,Website Lead,Boutique (2-10 agents),2026-10-08T04:08:44Z
CREAM-20261008-00194,Mary Gomez,Mary Gomez,Mary,Gomez,mary_gomez@hotmail.com,(602) 552-4709,Briggs Freeman Sotheby's,Briggs Freeman Sotheby's,El Paso,El Paso,TX,77185,2,5,5,1638327,3.6,A,79,Facebook,Mid-size (11-50 agents),2026-10-08T17:22:47Z
CREAM-20261008-00195,George Nelson,George Nelson,George,Nelson,gnelson@outlook.com,(919) 565-5283,Compass,Compass,Miami,Miami,FL,32116,0,0,0,0,3.4,A,74,Trade Show,Large (51-200 agents),2026-10-08T15:45:17Z
CREAM-20261008-00196,William Fisher,William Fisher,William,Fisher,william.fisher@outlook.com,(214) 714-6632,eXp Realty,eXp Realty,Phoenix,Phoenix,AZ,85495,5,22,22,9821073,4.1,A,85,Cold Outreach,Large (51-200 agents),2026-10-08T18:16:51Z
CREAM-20261008-00197,Donald Lopez,Donald Lopez,Donald,Lopez,donald_lopez@aol.com,(415) 608-8710,Sotheby's International,Sotheby's International,Staten Island,Staten Island,NY,13480,12,58,58,35059457,3.5,A,84,Brokerage Listings,Large (51-200 agents),2026-10-08T19:36:55Z
CREAM-20261008-00198,Brandon Thompson,Brandon Thompson,Brandon,Thompson,brandont@coldwellbanker.com,(404) 668-3655,Coldwell Banker,Coldwell Banker,San Francisco,San Francisco,CA,90281,5,24,24,15479353,4.6,A,89,Realtor.com,Enterprise (200+ agents),2026-10-08T17:08:12Z
CREAM-20261008-00199,Jonathan Moore,Jonathan Moore,Jonathan,Moore,jmoore@aol.com,(310) 361-3219,Allen Tate,Allen Tate,Charlotte,Charlotte,NC,28525,12,48,48,21458237,3.4,A,84,MLS Database,Independent,2026-10-08T22:02:13Z
CREAM-20261008-00200,Gloria Ortiz,Gloria Ortiz,Gloria,Ortiz,gloria.ortiz@compass.com,(512) 759-5405,Compass,Compass,Denver,Denver,CO,81887,9,35,35,24965562,4.9,A,76,NAR Directory,Boutique (2-10 agents),2026-10-08T14:09:29Z
CREAM-20261008-00201,Donna Hill,Donna Hill,Donna,Hill,dhill@coldwellbanker.com,(713) 251-9406,Coldwell Banker,Coldwell Banker,Dallas,Dallas,TX,75975,21,77,77,27432276,4.3,A,99,Realtor.com,Enterprise (200+ agents),2026-10-08T01:53:07Z
CREAM-20261008-00202,Michael Davis,Michael Davis,Michael,Davis,michaeld@aol.com,(714) 412-2239,Coldwell Banker,Coldwell Banker,Tampa,Tampa,FL,32885,7,24,24,11709292,3.8,A,85,Referral Network,Large (51-200 agents),2026-10-08T23:10:13Z
CREAM-20261008-00203,Amber Gutierrez,Amber Gutierrez,Amber,Gutierrez,amberg@coldwellbanker.com,(646) 376-7440,Coldwell Banker,Coldwell Banker,Houston,Houston,TX,75242,1,8,8,2581814,4.3,A,65,Realtor.com,Independent,2026-10-08T18:39:23Z
CREAM-20261008-00204,Timothy Martinez,Timothy Martinez,Timothy,Martinez,timothymartinez@outlook.com,(214) 967-3820,Howard Hanna,Howard Hanna,Charlotte,Charlotte,NC,27439,1,10,10,3664844,3.6,A,66,NAR Directory,Mid-size (11-50 agents),2026-10-08T13:13:33Z
CREAM-20261008-00205,Emma Jackson,Emma Jackson,Emma,Jackson,ejackson@gmail.com,(512) 231-5511,Allie Beth Allman,Allie Beth Allman,San Antonio,San Antonio,TX,77727,0,0,0,0,3.2,A,61,Facebook,Mid-size (11-50 agents),2026-10-08T05:18:56Z
CREAM-20261008-00206,Robert Howard,Robert Howard,Robert,Howard,robert.howard@briggsfreemansothebys.com,(513) 491-9709,Briggs Freeman Sotheby's,Briggs Freeman Sotheby's,El Paso,El Paso,TX,77436,16,74,74,22485557,4.6,A,86,MLS Database,Mid-size (11-50 agents),2026-10-08T18:22:57Z
CREAM-20261008-00207,Gary Wright,Gary Wright,Gary,Wright,gwright@yahoo.com,(602) 882-6925,Coldwell Banker,Coldwell Banker,Charlotte,Charlotte,NC,27927,1,9,9,2222399,4.4,A,78,Brokerage Listings,Large (51-200 agents),2026-10-08T03:21:30Z
CREAM-20261008-00208,Raymond King,Raymond King,Raymond,King,raymondking@aol.com,(310) 905-3693,Keller Williams,Keller Williams,Fort Worth,Fort Worth,TX,77335,11,79,79,29198488,4.3,A,95,LinkedIn,Enterprise (200+ agents),2026-10-08T21:21:27Z
CREAM-20261008-00209,Sarah Myers,Sarah Myers,Sarah,Myers,sarahm@gmail.com,(919) 550-4194,Keller Williams,Keller Williams,Dallas,Dallas,TX,76893,22,26,26,7905947,4.8,A,100,Brokerage Listings,Boutique (2-10 agents),2026-10-08T10:33:24Z
CREAM-20261008-00210,Ralph Rivera,Ralph Rivera,Ralph,Rivera,ralph.rivera@compass.com,(234) 425-5729,Compass,Compass,Charlotte,Charlotte,NC,28697,24,61,61,24630161,3.7,A,73,Facebook,Mid-size (11-50 agents),2026-10-08T22:09:13Z
CREAM-20261008-00211,Katherine Taylor,Katherine Taylor,Katherine,Taylor,katherine_taylor@aol.com,(305) 911-4132,RE/MAX,RE/MAX,St. Petersburg,St. Petersburg,FL,32596,1,4,4,2065134,4.6,A,90,MLS Database,Enterprise (200+ agents),2026-10-08T02:56:58Z
CREAM-20261008-00212,Philip Evans,Philip Evans,Philip,Evans,philip_evans@gmail.com,(929) 725-5528,Douglas Elliman,Douglas Elliman,Fort Lauderdale,Fort Lauderdale,FL,32409,4,20,20,6058791,4.3,A,67,LinkedIn,Mid-size (11-50 agents),2026-10-08T11:27:58Z
CREAM-20261008-00213,Nancy Perez,Nancy Perez,Nancy,Perez,nancy.perez@compass.com,(602) 994-9061,Compass,Compass,Denver,Denver,CO,80143,1,7,7,4089591,4.0,A,100,Website Lead,Boutique (2-10 agents),2026-10-08T13:00:14Z
CREAM-20261008-00214,Brian Ward,Brian Ward,Brian,Ward,brian.ward@kellerwilliamsrealty.com,(972) 825-8832,Keller Williams Realty,Keller Williams Realty,Jacksonville,Jacksonville,FL,34929,5,15,15,7544254,3.5,A,61,Referral Network,Large (51-200 agents),2026-10-08T05:23:55Z
CREAM-20261008-00215,Mark Thompson,Mark Thompson,Mark,Thompson,mark_thompson@hotmail.com,(972) 912-2615,Compass,Compass,Miami,Miami,FL,34387,3,21,21,6844463,3.1,A,69,Trade Show,Large (51-200 agents),2026-10-08T12:39:08Z
CREAM-20261008-00216,Frank Stewart,Frank Stewart,Frank,Stewart,frank_stewart@aol.com,(513) 644-7349,Corcoran Group,Corcoran Group,Staten Island,Staten Island,NY,13364,12,64,64,47121054,4.5,A,95,NAR Directory,Large (51-200 agents),2026-10-08T21:42:01Z
CREAM-20261008-00217,Rachel Anderson,Rachel Anderson,Rachel,Anderson,rachelanderson@gmail.com,(212) 990-2772,eXp Realty,eXp Realty,Columbus,Columbus,OH,45334,3,21,21,3766669,3.2,A,86,NAR Directory,Enterprise (200+ agents),2026-10-08T06:18:43Z
CREAM-20261008-00218,Dorothy Murphy,Dorothy Murphy,Dorothy,Murphy,dorothy.murphy@yahoo.com,(714) 444-5820,Briggs Freeman Sotheby's,Briggs Freeman Sotheby's,Houston,Houston,TX,78508,1,6,6,1481869,3.9,A,66,Referral Network,Mid-size (11-50 agents),2026-10-08T15:47:04Z
CREAM-20261008-00219,Benjamin Morris,Benjamin Morris,Benjamin,Morris,bmorris@allentate.com,(614) 771-7898,Allen Tate,Allen Tate,Charlotte,Charlotte,NC,27472,14,34,34,12618486,4.0,A,93,LinkedIn,Mid-size (11-50 agents),2026-10-08T00:43:42Z
CREAM-20261008-00220,Donald Smith,Donald Smith,Donald,Smith,dsmith@outlook.com,(212) 722-6354,8z Real Estate,8z Real Estate,Colorado Springs,Colorado Springs,CO,80558,5,15,15,10649422,4.8,A,89,MLS Database,Large (51-200 agents),2026-10-08T11:12:49Z
CREAM-20261008-00221,Kevin Campbell,Kevin Campbell,Kevin,Campbell,kevinc@coldwellbanker.com,(805) 407-1402,Coldwell Banker,Coldwell Banker,Cleveland,Cleveland,OH,43693,1,11,11,2303630,4.6,A,92,Facebook,Independent,2026-10-08T16:41:52Z
CREAM-20261008-00222,Helen Adams,Helen Adams,Helen,Adams,hadams@yahoo.com,(310) 276-7676,Brown Harris Stevens,Brown Harris Stevens,Staten Island,Staten Island,NY,13487,0,3,3,2323603,3.9,A,83,Facebook,Enterprise (200+ agents),2026-10-08T01:43:21Z
CREAM-20261008-00223,Gloria Morgan,Gloria Morgan,Gloria,Morgan,gmorgan@hotmail.com,(713) 669-4927,Pacific Sotheby's,Pacific Sotheby's,San Francisco,San Francisco,CA,96249,20,59,59,48379683,4.7,A,61,Facebook,Boutique (2-10 agents),2026-10-08T12:35:26Z
CREAM-20261008-00224,Arthur Taylor,Arthur Taylor,Arthur,Taylor,ataylor@outlook.com,(646) 612-3412,Pacific Sotheby's,Pacific Sotheby's,Los Angeles,Los Angeles,CA,92630,22,40,40,39292196,4.7,A,79,Facebook,Large (51-200 agents),2026-10-08T21:07:01Z
CREAM-20261008-00225,Kevin Jenkins,Kevin Jenkins,Kevin,Jenkins,kevinj@kellerwilliamsrealty.com,(303) 309-3302,Keller Williams Realty,Keller Williams Realty,Sacramento,Sacramento,CA,96647,1,7,7,6235775,3.1,A,95,Referral Network,Independent,2026-10-08T07:10:50Z
CREAM-20261008-00226,Jacqueline Chavez,Jacqueline Chavez,Jacqueline,Chavez,jchavez@hotmail.com,(919) 450-5237,LIV Sotheby's,LIV Sotheby's,Denver,Denver,CO,81446,4,12,12,7360606,3.5,A,64,Realtor.com,Independent,2026-10-08T19:39:45Z
CREAM-20261008-00227,Mary Baker,Mary Baker,Mary,Baker,maryb@berkshirehathaway.com,(614) 973-3379,Berkshire Hathaway,Berkshire Hathaway,Raleigh,Raleigh,NC,27328,12,72,72,32567665,4.4,A,61,Facebook,Independent,2026-10-08T01:37:10Z
CREAM-20261008-00228,Katherine Reyes,Katherine Reyes,Katherine,Reyes,katheriner@alliebethallman.com,(234) 781-8422,Allie Beth Allman,Allie Beth Allman,Dallas,Dallas,TX,78656,9,30,30,12873033,3.1,A,99,Cold Outreach,Mid-size (11-50 agents),2026-10-08T21:56:50Z
CREAM-20261008-00229,Jennifer Bailey,Jennifer Bailey,Jennifer,Bailey,jenniferbailey@me.com,(980) 659-9277,Briggs Freeman Sotheby's,Briggs Freeman Sotheby's,El Paso,El Paso,TX,78867,13,58,58,20674752,4.6,A,97,Cold Outreach,Boutique (2-10 agents),2026-10-08T03:28:51Z
CREAM-20261008-00230,George Flores,George Flores,George,Flores,gflores@outlook.com,(602) 391-5236,Sotheby's International,Sotheby's International,San Diego,San Diego,CA,95979,22,57,57,37481779,3.0,A,69,Trade Show,Enterprise (200+ agents),2026-10-08T20:00:37Z
CREAM-20261008-00231,Martha Reyes,Martha Reyes,Martha,Reyes,martha_reyes@outlook.com,(404) 574-5721,Compass,Compass,St. Petersburg,St. Petersburg,FL,34170,14,75,75,22738564,4.8,A,62,Facebook,Independent,2026-10-08T19:59:46Z
CREAM-20261008-00232,Deborah Cox,Deborah Cox,Deborah,Cox,deborahc@re/max.com,(305) 784-1312,RE/MAX,RE/MAX,Columbus,Columbus,OH,43284,2,10,10,2908685,3.7,A,98,LinkedIn,Large (51-200 agents),2026-10-08T06:54:07Z
CREAM-20261008-00233,Pamela Bennett,Pamela Bennett,Pamela,Bennett,pamela.bennett@aol.com,(334) 761-6228,Berkshire Hathaway,Berkshire Hathaway,Greensboro,Greensboro,NC,28628,5,13,13,5447644,4.7,A,63,Realtor.com,Mid-size (11-50 agents),2026-10-08T06:24:38Z
CREAM-20261008-00234,Ralph Roberts,Ralph Roberts,Ralph,Roberts,ralph.roberts@outlook.com,(407) 737-3826,Berkshire Hathaway,Berkshire Hathaway,Charlotte,Charlotte,NC,27199,0,3,3,1173398,4.1,A,65,Brokerage Listings,Boutique (2-10 agents),2026-10-08T17:13:31Z
CREAM-20261008-00235,Sandra Flores,Sandra Flores,Sandra,Flores,sandraf@huntingtonrealestate.com,(646) 243-1651,Huntington Real Estate,Huntington Real Estate,Cleveland,Cleveland,OH,43759,18,32,32,6284353,3.7,A,82,Brokerage Listings,Mid-size (11-50 agents),2026-10-08T05:43:59Z
CREAM-20261008-00236,William Thomas,William Thomas,William,Thomas,williamt@yahoo.com,(513) 431-6126,Brown Harris Stevens,Brown Harris Stevens,Bronx,Bronx,NY,12501,13,39,39,26799162,4.3,A,98,Website Lead,Independent,2026-10-08T07:20:40Z
CREAM-20261008-00237,Dennis Stewart,Dennis Stewart,Dennis,Stewart,dennis.stewart@compass.com,(713) 815-2249,Compass,Compass,Aurora,Aurora,CO,80710,12,49,49,31991657,4.6,A,97,Realtor.com,Mid-size (11-50 agents),2026-10-08T18:51:22Z
CREAM-20261008-00238,Sandra Long,Sandra Long,Sandra,Long,sandral@outlook.com,(334) 241-8517,Coldwell Banker,Coldwell Banker,Raleigh,Raleigh,NC,27529,11,62,62,18803247,3.4,A,95,LinkedIn,Boutique (2-10 agents),2026-10-08T02:27:37Z
CREAM-20261008-00239,Rose Carter,Rose Carter,Rose,Carter,rosec@gmail.com,(980) 998-8195,Keller Williams Realty,Keller Williams Realty,Oakland,Oakland,CA,96834,3,14,14,10397148,4.6,A,71,Facebook,Boutique (2-10 agents),2026-10-08T18:07:22Z
CREAM-20261008-00240,Julia King,Julia King,Julia,King,julia_king@outlook.com,(713) 265-6331,Keller Williams,Keller Williams,Charlotte,Charlotte,NC,27680,20,75,75,30913877,4.8,A,91,Facebook,Large (51-200 agents),2026-10-08T16:39:54Z
CREAM-20261008-00241,Karen Anderson,Karen Anderson,Karen,Anderson,karenanderson@icloud.com,(919) 757-4187,RE/MAX,RE/MAX,Colorado Springs,Colorado Springs,CO,80636,3,17,17,8437981,3.5,A,65,NAR Directory,Boutique (2-10 agents),2026-10-08T07:15:46Z
CREAM-20261008-00242,Sandra Long,Sandra Long,Sandra,Long,sandral@icloud.com,(404) 585-8210,Coldwell Banker,Coldwell Banker,Fort Worth,Fort Worth,TX,75555,3,8,8,3616768,4.7,A,68,Brokerage Listings,Independent,2026-10-08T10:02:15Z
CREAM-20261008-00243,Rachel Cooper,Rachel Cooper,Rachel,Cooper,rcooper@compass.com,(614) 349-3880,Compass,Compass,Denver,Denver,CO,81427,25,64,64,36886334,3.8,A,95,LinkedIn,Independent,2026-10-08T02:06:14Z
CREAM-20261008-00244,Andrew Coleman,Andrew Coleman,Andrew,Coleman,andrew_coleman@hotmail.com,(713) 370-8291,Coldwell Banker,Coldwell Banker,Mesa,Mesa,AZ,86994,5,21,21,9540513,3.6,A,74,Brokerage Listings,Independent,2026-10-08T11:11:54Z
CREAM-20261008-00245,Michael Alvarez,Michael Alvarez,Michael,Alvarez,malvarez@me.com,(919) 688-5202,Brown Harris Stevens,Brown Harris Stevens,Queens,Queens,NY,14278,4,19,19,15352430,4.1,A,90,Cold Outreach,Mid-size (11-50 agents),2026-10-08T07:03:56Z
CREAM-20261008-00246,Aaron Anderson,Aaron Anderson,Aaron,Anderson,aaron.anderson@outlook.com,(602) 214-9399,Berkshire Hathaway,Berkshire Hathaway,Greensboro,Greensboro,NC,27105,2,11,11,3011637,4.1,A,81,Facebook,Large (51-200 agents),2026-10-08T09:23:07Z
CREAM-20261008-00247,Gloria Powell,Gloria Powell,Gloria,Powell,gpowell@exprealty.com,(718) 952-8126,eXp Realty,eXp Realty,Cleveland,Cleveland,OH,45302,19,38,38,6960865,4.1,A,83,MLS Database,Large (51-200 agents),2026-10-08T14:22:30Z
CREAM-20261008-00248,Stephanie Wood,Stephanie Wood,Stephanie,Wood,swood@kellerwilliams.com,(234) 578-6473,Keller Williams,Keller Williams,Aurora,Aurora,CO,80842,22,37,37,22480482,4.2,A,93,NAR Directory,Mid-size (11-50 agents),2026-10-08T08:14:53Z
CREAM-20261008-00249,Joshua Thompson,Joshua Thompson,Joshua,Thompson,joshua_thompson@outlook.com,(720) 266-9716,Berkshire Hathaway,Berkshire Hathaway,Cincinnati,Cincinnati,OH,44272,23,60,60,17772404,3.3,A,75,MLS Database,Independent,2026-10-08T14:43:22Z
CREAM-20261008-00250,Maria Wood,Maria Wood,Maria,Wood,mariaw@compass.com,(980) 469-4337,Compass,Compass,Raleigh,Raleigh,NC,27627,20,36,36,13723272,4.1,A,100,NAR Directory,Mid-size (11-50 agents),2026-10-08T12:40:19Z
CREAM-20261008-00251,Elizabeth Anderson,Elizabeth Anderson,Elizabeth,Anderson,elizabeth.anderson@me.com,(714) 539-8878,Compass,Compass,Fort Lauderdale,Fort Lauderdale,FL,34492,15,72,72,38258967,3.7,A,70,Brokerage Listings,Boutique (2-10 agents),2026-10-08T00:17:18Z
CREAM-20261008-00252,Janet Gonzalez,Janet Gonzalez,Janet,Gonzalez,jgonzalez@longrealty.com,(404) 292-2452,Long Realty,Long Realty,Mesa,Mesa,AZ,86832,23,50,50,16791149,4.5,A,90,MLS Database,Large (51-200 agents),2026-10-08T19:08:28Z
CREAM-20261008-00253,Brenda Johnson,Brenda Johnson,Brenda,Johnson,bjohnson@me.com,(334) 625-2726,Keller Williams,Keller Williams,Manhattan,Manhattan,NY,11453,5,15,15,10629283,3.2,A,77,Referral Network,Large (51-200 agents),2026-10-08T06:21:14Z
CREAM-20261008-00254,Pamela Miller,Pamela Miller,Pamela,Miller,pamela.miller@exprealty.com,(513) 606-2060,eXp Realty,eXp Realty,El Paso,El Paso,TX,77586,3,22,22,7218621,4.7,A,100,LinkedIn,Large (51-200 agents),2026-10-08T21:09:53Z
CREAM-20261008-00255,Alexander Flores,Alexander Flores,Alexander,Flores,alexander_flores@hotmail.com,(704) 734-5985,Compass,Compass,Greensboro,Greensboro,NC,27828,1,5,5,1504337,4.0,A,81,Trade Show,Large (51-200 agents),2026-10-08T14:04:45Z
CREAM-20261008-00256,Brittany Robinson,Brittany Robinson,Brittany,Robinson,brittany.robinson@me.com,(646) 589-2105,Keller Williams,Keller Williams,Staten Island,Staten Island,NY,12113,8,32,32,25016252,3.2,A,96,Facebook,Large (51-200 agents),2026-10-08T01:12:35Z
CREAM-20261008-00257,Angela Flores,Angela Flores,Angela,Flores,aflores@aol.com,(256) 251-9253,RE/MAX,RE/MAX,San Jose,San Jose,CA,93610,5,15,15,12436736,3.6,A,97,MLS Database,Large (51-200 agents),2026-10-08T16:15:37Z
CREAM-20261008-00258,Jonathan Gutierrez,Jonathan Gutierrez,Jonathan,Gutierrez,jonathangutierrez@outlook.com,(786) 395-7828,Briggs Freeman Sotheby's,Briggs Freeman Sotheby's,El Paso,El Paso,TX,79741,22,27,27,11301812,3.5,A,60,Brokerage Listings,Boutique (2-10 agents),2026-10-08T10:00:33Z
CREAM-20261008-00259,Lisa Watson,Lisa Watson,Lisa,Watson,lisaw@berkshirehathaway.com,(614) 654-7489,Berkshire Hathaway,Berkshire Hathaway,Greensboro,Greensboro,NC,27332,21,62,62,27254738,3.9,A,66,Brokerage Listings,Boutique (2-10 agents),2026-10-08T19:17:49Z
CREAM-20261008-00260,Shirley Hughes,Shirley Hughes,Shirley,Hughes,shirleyh@hotmail.com,(256) 518-3959,8z Real Estate,8z Real Estate,Denver,Denver,CO,81880,3,22,22,12558982,3.5,A,70,Brokerage Listings,Independent,2026-10-08T19:43:18Z
CREAM-20261008-00261,Cynthia Russell,Cynthia Russell,Cynthia,Russell,cynthiar@nestseekers.com,(256) 619-1244,Nest Seekers,Nest Seekers,Queens,Queens,NY,13102,4,12,12,7213304,4.0,A,100,Realtor.com,Enterprise (200+ agents),2026-10-08T20:47:51Z
CREAM-20261008-00262,Megan Thompson,Megan Thompson,Megan,Thompson,mthompson@re/max.com,(602) 781-6820,RE/MAX,RE/MAX,Scottsdale,Scottsdale,AZ,85492,19,37,37,13246606,5.0,A,60,MLS Database,Independent,2026-10-08T05:35:39Z
CREAM-20261008-00263,Jonathan Cook,Jonathan Cook,Jonathan,Cook,jonathanc@yahoo.com,(305) 273-5303,Coldwell Banker,Coldwell Banker,Tampa,Tampa,FL,34248,15,51,51,21823940,4.5,A,85,LinkedIn,Boutique (2-10 agents),2026-10-08T04:19:03Z
CREAM-20261008-00264,John Gomez,John Gomez,John,Gomez,johng@me.com,(786) 389-8557,Coldwell Banker,Coldwell Banker,San Antonio,San Antonio,TX,75808,13,34,34,10194979,4.7,A,78,Brokerage Listings,Large (51-200 agents),2026-10-08T00:09:16Z
CREAM-20261008-00265,Megan Brown,Megan Brown,Megan,Brown,meganb@douglaselliman.com,(602) 502-8472,Douglas Elliman,Douglas Elliman,St. Petersburg,St. Petersburg,FL,33685,1,7,7,3590041,3.4,A,64,LinkedIn,Mid-size (11-50 agents),2026-10-08T12:48:41Z
CREAM-20261008-00266,Jonathan Hill,Jonathan Hill,Jonathan,Hill,jhill@coldwellbanker.com,(212) 617-9688,Coldwell Banker,Coldwell Banker,San Jose,San Jose,CA,92648,12,61,61,63830274,4.6,A,92,Realtor.com,Independent,2026-10-08T00:38:50Z
CREAM-20261008-00267,Ronald Smith,Ronald Smith,Ronald,Smith,ronaldsmith@me.com,(310) 747-2892,Huntington Real Estate,Huntington Real Estate,Columbus,Columbus,OH,43593,1,12,12,3486237,4.6,A,86,Website Lead,Large (51-200 agents),2026-10-08T13:06:32Z
CREAM-20261008-00268,Kevin Hernandez,Kevin Hernandez,Kevin,Hernandez,kevin.hernandez@aol.com,(334) 768-1226,Halstead,Halstead,Brooklyn,Brooklyn,NY,14709,2,3,3,1894913,4.4,A,66,Cold Outreach,Independent,2026-10-08T17:34:51Z
CREAM-20261008-00269,Steven Kelly,Steven Kelly,Steven,Kelly,stevenkelly@aol.com,(513) 735-9609,Berkshire Hathaway,Berkshire Hathaway,Columbus,Columbus,OH,44736,4,11,11,2045934,4.1,A,89,Trade Show,Boutique (2-10 agents),2026-10-08T12:20:50Z
CREAM-20261008-00270,Bruce Mitchell,Bruce Mitchell,Bruce,Mitchell,bmitchell@yahoo.com,(805) 838-3191,eXp Realty,eXp Realty,Los Angeles,Los Angeles,CA,94119,23,58,58,57563451,5.0,A,88,MLS Database,Boutique (2-10 agents),2026-10-08T23:57:20Z
CREAM-20261008-00271,Shirley Kim,Shirley Kim,Shirley,Kim,shirley.kim@yahoo.com,(214) 413-6096,Compass,Compass,Colorado Springs,Colorado Springs,CO,81969,22,37,37,25543494,4.2,A,80,Trade Show,Enterprise (200+ agents),2026-10-08T11:11:35Z
CREAM-20261008-00272,Samantha Reed,Samantha Reed,Samantha,Reed,sreed@hotmail.com,(786) 701-9258,RE/MAX,RE/MAX,Dallas,Dallas,TX,79133,13,73,73,17961901,3.1,A,90,NAR Directory,Mid-size (11-50 agents),2026-10-08T03:50:27Z
CREAM-20261008-00273,Kathleen Adams,Kathleen Adams,Kathleen,Adams,kathleenadams@aol.com,(334) 935-8277,Douglas Elliman,Douglas Elliman,Brooklyn,Brooklyn,NY,13503,3,12,12,6550478,3.5,A,75,Cold Outreach,Mid-size (11-50 agents),2026-10-08T13:24:41Z
CREAM-20261008-00274,Linda Jones,Linda Jones,Linda,Jones,lindaj@hotmail.com,(980) 848-6046,Keller Williams,Keller Williams,Aurora,Aurora,CO,80940,23,64,64,43651505,4.6,A,87,MLS Database,Mid-size (11-50 agents),2026-10-08T02:37:22Z
CREAM-20261008-00275,Tyler Smith,Tyler Smith,Tyler,Smith,tylersmith@gmail.com,(469) 823-8503,Berkshire Hathaway,Berkshire Hathaway,Cincinnati,Cincinnati,OH,43692,5,18,18,5639488,3.4,A,99,Trade Show,Large (51-200 agents),2026-10-08T12:28:41Z
CREAM-20261008-00276,Carl Rivera,Carl Rivera,Carl,Rivera,carl.rivera@coldwellbanker.com,(972) 342-7185,Coldwell Banker,Coldwell Banker,Tucson,Tucson,AZ,85431,20,45,45,20115774,4.7,A,70,Website Lead,Large (51-200 agents),2026-10-08T08:38:09Z
CREAM-20261008-00277,Daniel Garcia,Daniel Garcia,Daniel,Garcia,daniel.garcia@coldwellbanker.com,(512) 740-3398,Coldwell Banker,Coldwell Banker,Scottsdale,Scottsdale,AZ,86770,11,26,26,11784739,3.6,A,83,LinkedIn,Independent,2026-10-08T12:36:47Z
CREAM-20261008-00278,Sandra Long,Sandra Long,Sandra,Long,sandral@brownharrisstevens.com,(212) 911-9449,Brown Harris Stevens,Brown Harris Stevens,Brooklyn,Brooklyn,NY,11143,3,21,21,17684533,3.2,A,75,Referral Network,Mid-size (11-50 agents),2026-10-08T15:34:42Z
CREAM-20261008-00279,Betty Scott,Betty Scott,Betty,Scott,betty.scott@compass.com,(614) 840-3707,Compass,Compass,Jacksonville,Jacksonville,FL,33865,25,40,40,20216297,3.8,A,82,LinkedIn,Independent,2026-10-08T16:57:04Z
CREAM-20261008-00280,Kenneth Gomez,Kenneth Gomez,Kenneth,Gomez,kenneth.gomez@cutlerrealestate.com,(415) 852-3646,Cutler Real Estate,Cutler Real Estate,Cincinnati,Cincinnati,OH,45897,20,38,38,7645689,3.6,A,61,Referral Network,Independent,2026-10-08T10:52:15Z
CREAM-20261008-00281,Pamela Cook,Pamela Cook,Pamela,Cook,pamela_cook@yahoo.com,(916) 392-7752,Russell Lyon Sotheby's,Russell Lyon Sotheby's,Mesa,Mesa,AZ,85127,4,23,23,9645008,3.5,A,75,Trade Show,Boutique (2-10 agents),2026-10-08T16:04:33Z
CREAM-20261008-00282,Janet Brown,Janet Brown,Janet,Brown,janet.brown@outlook.com,(714) 230-3545,Halstead,Halstead,Bronx,Bronx,NY,14551,5,17,17,9435758,4.6,A,81,Brokerage Listings,Enterprise (200+ agents),2026-10-08T05:00:36Z
CREAM-20261008-00283,Melissa Fisher,Melissa Fisher,Melissa,Fisher,melissa.fisher@hotmail.com,(214) 363-9823,Long Realty,Long Realty,Phoenix,Phoenix,AZ,86533,11,26,26,11419898,3.7,A,62,NAR Directory,Large (51-200 agents),2026-10-08T23:49:09Z
CREAM-20261008-00284,Elizabeth Gutierrez,Elizabeth Gutierrez,Elizabeth,Gutierrez,elizabeth.gutierrez@icloud.com,(980) 877-6068,Keller Williams,Keller Williams,Aurora,Aurora,CO,81961,24,80,80,42412621,3.5,A,79,Cold Outreach,Large (51-200 agents),2026-10-08T08:17:11Z
CREAM-20261008-00285,Theresa Carter,Theresa Carter,Theresa,Carter,theresacarter@gmail.com,(513) 534-4625,LIV Sotheby's,LIV Sotheby's,Aurora,Aurora,CO,81882,3,9,9,4609570,3.1,A,80,Facebook,Boutique (2-10 agents),2026-10-08T03:22:10Z
CREAM-20261008-00286,Timothy Smith,Timothy Smith,Timothy,Smith,timothysmith@me.com,(980) 583-9374,Douglas Elliman,Douglas Elliman,New York City,New York City,NY,12588,5,18,18,9247779,3.1,A,93,Referral Network,Boutique (2-10 agents),2026-10-08T18:08:52Z
CREAM-20261008-00287,Keith Long,Keith Long,Keith,Long,keith_long@outlook.com,(718) 650-3330,Coldwell Banker,Coldwell Banker,Greensboro,Greensboro,NC,28845,2,11,11,3869673,4.8,A,68,NAR Directory,Enterprise (200+ agents),2026-10-08T05:46:31Z
CREAM-20261008-00288,Ruth Rogers,Ruth Rogers,Ruth,Rogers,ruth.rogers@outlook.com,(305) 905-7498,Berkshire Hathaway,Berkshire Hathaway,Raleigh,Raleigh,NC,27614,4,10,10,3333955,3.3,A,88,NAR Directory,Independent,2026-10-08T10:49:39Z
CREAM-20261008-00289,Amanda Jones,Amanda Jones,Amanda,Jones,amanda.jones@kellerwilliams.com,(214) 571-9490,Keller Williams,Keller Williams,El Paso,El Paso,TX,78808,12,56,56,16268557,3.7,A,92,Brokerage Listings,Enterprise (200+ agents),2026-10-08T14:43:36Z
CREAM-20261008-00290,Jessica Martin,Jessica Martin,Jessica,Martin,jessica.martin@gmail.com,(805) 282-2065,Compass,Compass,Brooklyn,Brooklyn,NY,10217,0,0,0,0,4.8,A,61,Trade Show,Boutique (2-10 agents),2026-10-08T04:00:02Z
CREAM-20261008-00291,James Gray,James Gray,James,Gray,jgray@cutlerrealestate.com,(214) 547-3232,Cutler Real Estate,Cutler Real Estate,Cincinnati,Cincinnati,OH,44986,11,61,61,18716701,4.8,A,87,Cold Outreach,Large (51-200 agents),2026-10-08T12:51:56Z
CREAM-20261008-00292,Samuel Roberts,Samuel Roberts,Samuel,Roberts,samuel_roberts@aol.com,(305) 673-9810,Coldwell Banker,Coldwell Banker,Greensboro,Greensboro,NC,27190,0,5,5,1628099,4.4,A,100,Cold Outreach,Independent,2026-10-08T03:01:38Z
CREAM-20261008-00293,Olivia Ruiz,Olivia Ruiz,Olivia,Ruiz,oliviaruiz@hotmail.com,(310) 366-8743,eXp Realty,eXp Realty,Tucson,Tucson,AZ,85776,14,75,75,30131037,4.8,A,68,Facebook,Independent,2026-10-08T01:14:16Z
CREAM-20261008-00294,Robert Collins,Robert Collins,Robert,Collins,robert_collins@icloud.com,(713) 782-2369,Compass,Compass,Fort Lauderdale,Fort Lauderdale,FL,32121,8,17,17,6731519,4.1,A,91,NAR Directory,Boutique (2-10 agents),2026-10-08T08:31:39Z
CREAM-20261008-00295,Kevin Perry,Kevin Perry,Kevin,Perry,kevin_perry@gmail.com,(234) 763-6318,eXp Realty,eXp Realty,Tampa,Tampa,FL,33448,7,26,26,12669810,4.6,A,87,Website Lead,Independent,2026-10-08T02:55:33Z
CREAM-20261008-00296,Brittany Wright,Brittany Wright,Brittany,Wright,bwright@aol.com,(704) 875-6043,HomeSmart,HomeSmart,Mesa,Mesa,AZ,86109,5,19,19,6221507,3.8,A,76,Referral Network,Mid-size (11-50 agents),2026-10-08T08:41:49Z
CREAM-20261008-00297,William Martinez,William Martinez,William,Martinez,wmartinez@allentate.com,(256) 212-7229,Allen Tate,Allen Tate,Raleigh,Raleigh,NC,28694,0,4,4,1385981,3.5,A,74,Facebook,Large (51-200 agents),2026-10-08T02:10:57Z
CREAM-20261008-00298,Jack Lewis,Jack Lewis,Jack,Lewis,jlewis@re/max.com,(415) 690-9027,RE/MAX,RE/MAX,Cincinnati,Cincinnati,OH,45460,21,47,47,14549716,4.7,A,74,Referral Network,Large (51-200 agents),2026-10-08T07:11:54Z
CREAM-20261008-00299,Arthur Davis,Arthur Davis,Arthur,Davis,adavis@gmail.com,(713) 350-4460,Berkshire Hathaway,Berkshire Hathaway,Tampa,Tampa,FL,33830,18,68,68,33333312,5.0,A,84,LinkedIn,Enterprise (200+ agents),2026-10-08T03:02:14Z
CREAM-20261008-00300,Alan Walker,Alan Walker,Alan,Walker,alanw@outlook.com,(469) 446-7782,Compass,Compass,Miami,Miami,FL,34171,13,40,40,16010074,4.0,A,74,Cold Outreach,Independent,2026-10-08T18:48:09Z
CREAM-20261008-00301,Stephen Watson,Stephen Watson,Stephen,Watson,stephenw@berkshirehathaway.com,(305) 624-5058,Berkshire Hathaway,Berkshire Hathaway,Raleigh,Raleigh,NC,27736,9,34,34,12626089,3.5,A,65,LinkedIn,Large (51-200 agents),2026-10-08T06:45:52Z
CREAM-20261008-00302,Ryan Wright,Ryan Wright,Ryan,Wright,ryanw@gmail.com,(704) 438-3296,Keller Williams Realty,Keller Williams Realty,Orlando,Orlando,FL,34908,3,10,10,4152442,4.7,A,93,Cold Outreach,Mid-size (11-50 agents),2026-10-08T01:10:49Z
CREAM-20261008-00303,Maria Coleman,Maria Coleman,Maria,Coleman,mariac@outlook.com,(212) 767-1188,eXp Realty,eXp Realty,Greensboro,Greensboro,NC,28536,3,23,23,10253668,3.1,A,88,MLS Database,Large (51-200 agents),2026-10-08T12:21:49Z
CREAM-20261008-00304,Samuel Jackson,Samuel Jackson,Samuel,Jackson,sjackson@aol.com,(919) 323-1422,eXp Realty,eXp Realty,Tucson,Tucson,AZ,86444,12,60,60,31693968,3.4,A,91,NAR Directory,Mid-size (11-50 agents),2026-10-08T15:11:29Z
CREAM-20261008-00305,Bruce Lewis,Bruce Lewis,Bruce,Lewis,brucel@alliebethallman.com,(407) 382-9048,Allie Beth Allman,Allie Beth Allman,Dallas,Dallas,TX,78302,2,9,9,4014330,4.2,A,95,NAR Directory,Mid-size (11-50 agents),2026-10-08T00:36:11Z
CREAM-20261008-00306,Ryan Rivera,Ryan Rivera,Ryan,Rivera,rrivera@icloud.com,(256) 788-4646,Douglas Elliman,Douglas Elliman,Dallas,Dallas,TX,78324,2,7,7,3171800,3.5,A,100,Facebook,Mid-size (11-50 agents),2026-10-08T04:54:08Z
CREAM-20261008-00307,Theresa Rogers,Theresa Rogers,Theresa,Rogers,theresarogers@gmail.com,(469) 346-4538,Keller Williams,Keller Williams,Colorado Springs,Colorado Springs,CO,81688,1,11,11,5915460,4.7,A,93,MLS Database,Boutique (2-10 agents),2026-10-08T06:52:09Z
CREAM-20261008-00308,Timothy Rodriguez,Timothy Rodriguez,Timothy,Rodriguez,trodriguez@hotmail.com,(512) 691-3330,Corcoran Group,Corcoran Group,Manhattan,Manhattan,NY,12587,1,3,3,2443632,4.0,A,64,Realtor.com,Mid-size (11-50 agents),2026-10-08T15:39:28Z
CREAM-20261008-00309,Elizabeth Alvarez,Elizabeth Alvarez,Elizabeth,Alvarez,elizabeth.alvarez@gmail.com,(234) 208-2760,Coldwell Banker,Coldwell Banker,Fort Worth,Fort Worth,TX,79379,19,70,70,19422842,4.8,A,96,Realtor.com,Large (51-200 agents),2026-10-08T07:03:38Z
CREAM-20261008-00310,Donald Phillips,Donald Phillips,Donald,Phillips,donald.phillips@sothebysinternational.com,(980) 441-4128,Sotheby's International,Sotheby's International,Staten Island,Staten Island,NY,12639,5,22,22,16356003,3.2,A,91,NAR Directory,Independent,2026-10-08T17:09:29Z
CREAM-20261008-00311,Emma Reyes,Emma Reyes,Emma,Reyes,ereyes@icloud.com,(513) 992-7116,HomeSmart,HomeSmart,Phoenix,Phoenix,AZ,85210,5,8,8,4111529,4.3,A,89,MLS Database,Mid-size (11-50 agents),2026-10-08T22:43:16Z
CREAM-20261008-00312,John Murphy,John Murphy,John,Murphy,john.murphy@exprealty.com,(305) 807-5807,eXp Realty,eXp Realty,Phoenix,Phoenix,AZ,85364,4,17,17,7038541,3.9,A,64,LinkedIn,Enterprise (200+ agents),2026-10-08T16:59:20Z
CREAM-20261008-00313,Andrew Cook,Andrew Cook,Andrew,Cook,andrew_cook@aol.com,(929) 464-6435,Coldwell Banker,Coldwell Banker,Greensboro,Greensboro,NC,28725,5,16,16,6831565,4.8,A,61,NAR Directory,Enterprise (200+ agents),2026-10-08T03:22:56Z
CREAM-20261008-00314,Sarah Thompson,Sarah Thompson,Sarah,Thompson,sarah_thompson@hotmail.com,(212) 759-4984,Douglas Elliman,Douglas Elliman,St. Petersburg,St. Petersburg,FL,34692,5,9,9,3813657,3.1,A,83,Facebook,Large (51-200 agents),2026-10-08T00:05:00Z
CREAM-20261008-00315,David Nelson,David Nelson,David,Nelson,dnelson@re/max.com,(212) 446-9323,RE/MAX,RE/MAX,Phoenix,Phoenix,AZ,86877,7,38,38,15028957,4.8,A,93,Cold Outreach,Large (51-200 agents),2026-10-08T14:15:48Z
CREAM-20261008-00316,Megan Price,Megan Price,Megan,Price,megan.price@kellerwilliams.com,(786) 467-1832,Keller Williams,Keller Williams,Bronx,Bronx,NY,10201,6,32,32,26961276,4.5,A,84,Cold Outreach,Independent,2026-10-08T06:55:21Z
CREAM-20261008-00317,Susan Wright,Susan Wright,Susan,Wright,susanw@aol.com,(646) 702-4882,Coldwell Banker,Coldwell Banker,Tampa,Tampa,FL,33575,4,23,23,11008405,3.7,A,84,Referral Network,Enterprise (200+ agents),2026-10-08T18:30:07Z
CREAM-20261008-00318,Kevin Coleman,Kevin Coleman,Kevin,Coleman,kevin.coleman@compass.com,(234) 748-9784,Compass,Compass,San Francisco,San Francisco,CA,90463,17,33,33,26597256,4.0,A,87,LinkedIn,Large (51-200 agents),2026-10-08T03:40:32Z
CREAM-20261008-00319,George Price,George Price,George,Price,gprice@icloud.com,(310) 485-8721,Compass,Compass,Tampa,Tampa,FL,34302,19,60,60,21588010,3.7,A,72,LinkedIn,Enterprise (200+ agents),2026-10-08T09:31:05Z
CREAM-20261008-00320,Emma White,Emma White,Emma,White,ewhite@howardhanna.com,(407) 385-7514,Howard Hanna,Howard Hanna,Charlotte,Charlotte,NC,27760,1,4,4,1633291,4.3,A,63,Realtor.com,Large (51-200 agents),2026-10-08T19:50:44Z
CREAM-20261008-00321,Lauren Ramirez,Lauren Ramirez,Lauren,Ramirez,lramirez@douglaselliman.com,(972) 858-1030,Douglas Elliman,Douglas Elliman,New York City,New York City,NY,10267,25,30,30,13722069,4.7,A,66,Website Lead,Mid-size (11-50 agents),2026-10-08T00:03:43Z
CREAM-20261008-00322,Louis Richardson,Louis Richardson,Louis,Richardson,louisr@compass.com,(415) 477-3465,Compass,Compass,Tampa,Tampa,FL,33371,3,11,11,5208417,4.2,A,87,Brokerage Listings,Independent,2026-10-08T00:47:32Z
CREAM-20261008-00323,Danielle Foster,Danielle Foster,Danielle,Foster,daniellef@kellerwilliams.com,(305) 836-6491,Keller Williams,Keller Williams,Aurora,Aurora,CO,80361,25,56,56,36339568,4.9,A,77,Realtor.com,Mid-size (11-50 agents),2026-10-08T11:50:04Z
CREAM-20261008-00324,Anna Young,Anna Young,Anna,Young,ayoung@icloud.com,(407) 256-6350,Allen Tate,Allen Tate,Raleigh,Raleigh,NC,27177,21,70,70,24965268,4.1,A,81,NAR Directory,Large (51-200 agents),2026-10-08T08:41:18Z
CREAM-20261008-00325,Kenneth Taylor,Kenneth Taylor,Kenneth,Taylor,ktaylor@hotmail.com,(972) 946-2727,Howard Hanna,Howard Hanna,Greensboro,Greensboro,NC,28755,19,26,26,6486034,3.5,A,86,Referral Network,Independent,2026-10-08T23:09:52Z
CREAM-20261008-00326,Frank Williams,Frank Williams,Frank,Williams,fwilliams@douglaselliman.com,(334) 906-6052,Douglas Elliman,Douglas Elliman,Austin,Austin,TX,78832,4,21,21,7977457,3.4,A,64,Trade Show,Boutique (2-10 agents),2026-10-08T13:21:58Z
CREAM-20261008-00327,Anna Bailey,Anna Bailey,Anna,Bailey,anna_bailey@yahoo.com,(919) 357-4651,Coldwell Banker,Coldwell Banker,Columbus,Columbus,OH,45284,4,17,17,4803923,4.0,A,66,Trade Show,Large (51-200 agents),2026-10-08T11:05:08Z
CREAM-20261008-00328,Danielle Kim,Danielle Kim,Danielle,Kim,danielle_kim@icloud.com,(786) 975-4915,Coldwell Banker,Coldwell Banker,Colorado Springs,Colorado Springs,CO,80654,4,9,9,4416724,4.3,A,70,NAR Directory,Large (51-200 agents),2026-10-08T15:06:13Z
CREAM-20261008-00329,Nicholas Diaz,Nicholas Diaz,Nicholas,Diaz,nicholas_diaz@hotmail.com,(704) 729-2671,Sotheby's International,Sotheby's International,Oakland,Oakland,CA,91477,3,23,23,23063007,3.3,A,96,LinkedIn,Enterprise (200+ agents),2026-10-08T17:30:39Z
CREAM-20261008-00330,Eric Robinson,Eric Robinson,Eric,Robinson,eric.robinson@halstead.com,(646) 388-7758,Halstead,Halstead,Staten Island,Staten Island,NY,12758,2,11,11,7725855,3.1,A,86,LinkedIn,Independent,2026-10-08T06:12:58Z
CREAM-20261008-00331,Emily Gomez,Emily Gomez,Emily,Gomez,emilygomez@hotmail.com,(404) 541-8549,Coldwell Banker,Coldwell Banker,Colorado Springs,Colorado Springs,CO,80230,5,21,21,11044625,3.2,A,98,Website Lead,Mid-size (11-50 agents),2026-10-08T20:56:49Z
CREAM-20261008-00332,Theresa Myers,Theresa Myers,Theresa,Myers,theresam@yahoo.com,(256) 830-9095,Compass,Compass,San Jose,San Jose,CA,91689,25,58,58,46445055,3.1,A,90,MLS Database,Large (51-200 agents),2026-10-08T13:07:52Z
CREAM-20261008-00333,Lauren Myers,Lauren Myers,Lauren,Myers,lmyers@icloud.com,(305) 363-7086,Howard Hanna,Howard Hanna,Charlotte,Charlotte,NC,27713,3,21,21,8876997,3.6,A,99,Website Lead,Enterprise (200+ agents),2026-10-08T00:24:58Z
CREAM-20261008-00334,Alexander Murphy,Alexander Murphy,Alexander,Murphy,alexander.murphy@hotmail.com,(704) 329-4346,Coldwell Banker,Coldwell Banker,Cleveland,Cleveland,OH,43402,0,5,5,1420383,3.3,A,97,Brokerage Listings,Independent,2026-10-08T10:44:02Z
CREAM-20261008-00335,Donna Hall,Donna Hall,Donna,Hall,dhall@re/max.com,(334) 728-7386,RE/MAX,RE/MAX,Orlando,Orlando,FL,32372,24,27,27,11410326,3.7,A,70,MLS Database,Independent,2026-10-08T22:42:26Z
CREAM-20261008-00336,Sandra Stewart,Sandra Stewart,Sandra,Stewart,sandras@yahoo.com,(512) 657-3160,RE/MAX,RE/MAX,Denver,Denver,CO,80498,15,30,30,14081233,4.0,A,92,Realtor.com,Independent,2026-10-08T08:17:50Z
CREAM-20261008-00337,Lisa Wilson,Lisa Wilson,Lisa,Wilson,lisawilson@aol.com,(234) 420-6544,Berkshire Hathaway,Berkshire Hathaway,Scottsdale,Scottsdale,AZ,85511,17,54,54,27090582,3.7,A,100,Brokerage Listings,Mid-size (11-50 agents),2026-10-08T01:14:21Z
CREAM-20261008-00338,Elizabeth Murphy,Elizabeth Murphy,Elizabeth,Murphy,elizabeth_murphy@aol.com,(310) 214-5383,Berkshire Hathaway,Berkshire Hathaway,Raleigh,Raleigh,NC,28368,20,62,62,19376360,4.3,A,66,Referral Network,Independent,2026-10-08T10:46:32Z
CREAM-20261008-00339,James Williams,James Williams,James,Williams,jamesw@compass.com,(404) 335-1345,Compass,Compass,Manhattan,Manhattan,NY,12889,8,31,31,15807209,3.4,A,74,Trade Show,Enterprise (200+ agents),2026-10-08T11:39:39Z
CREAM-20261008-00340,Kenneth Mitchell,Kenneth Mitchell,Kenneth,Mitchell,kenneth_mitchell@yahoo.com,(303) 740-7031,Halstead,Halstead,Queens,Queens,NY,11855,14,39,39,24926586,3.1,A,70,Brokerage Listings,Independent,2026-10-08T01:58:52Z
CREAM-20261008-00341,Nancy Sullivan,Nancy Sullivan,Nancy,Sullivan,nsullivan@outlook.com,(310) 786-9349,Berkshire Hathaway,Berkshire Hathaway,Mesa,Mesa,AZ,85416,0,3,3,1530969,3.6,A,60,Trade Show,Boutique (2-10 agents),2026-10-08T18:09:20Z
CREAM-20261008-00342,Karen Cox,Karen Cox,Karen,Cox,karencox@hotmail.com,(646) 910-8856,Brown Harris Stevens,Brown Harris Stevens,Bronx,Bronx,NY,13557,4,25,25,15766295,3.2,A,96,Facebook,Mid-size (11-50 agents),2026-10-08T04:21:14Z
CREAM-20261008-00343,Lisa Cox,Lisa Cox,Lisa,Cox,lisa_cox@me.com,(919) 650-3786,RE/MAX,RE/MAX,Mesa,Mesa,AZ,85971,4,19,19,7898276,4.6,A,87,Cold Outreach,Enterprise (200+ agents),2026-10-08T22:14:01Z
CREAM-20261008-00344,Brian Robinson,Brian Robinson,Brian,Robinson,brianr@me.com,(404) 791-2696,Douglas Elliman,Douglas Elliman,San Antonio,San Antonio,TX,79890,24,26,26,7724639,5.0,A,75,Referral Network,Enterprise (200+ agents),2026-10-08T20:14:22Z
CREAM-20261008-00345,Carol Myers,Carol Myers,Carol,Myers,carolmyers@hotmail.com,(713) 426-2742,Allen Tate,Allen Tate,Charlotte,Charlotte,NC,27120,0,5,5,1476289,3.3,A,62,Cold Outreach,Large (51-200 agents),2026-10-08T06:27:51Z
CREAM-20261008-00346,Olivia Cox,Olivia Cox,Olivia,Cox,oliviac@coldwellbanker.com,(916) 293-4981,Coldwell Banker,Coldwell Banker,Tucson,Tucson,AZ,85894,2,11,11,4277564,4.9,A,68,Cold Outreach,Large (51-200 agents),2026-10-08T12:33:35Z
CREAM-20261008-00347,Michelle Adams,Michelle Adams,Michelle,Adams,madams@me.com,(512) 506-1612,8z Real Estate,8z Real Estate,Denver,Denver,CO,81144,21,43,43,25669753,3.3,A,85,Referral Network,Enterprise (200+ agents),2026-10-08T18:07:58Z
CREAM-20261008-00348,Samantha Edwards,Samantha Edwards,Samantha,Edwards,sedwards@hotmail.com,(602) 205-3716,RE/MAX,RE/MAX,Raleigh,Raleigh,NC,28451,23,73,73,20227824,3.8,A,87,Facebook,Large (51-200 agents),2026-10-08T14:05:52Z
CREAM-20261008-00349,Theresa Bailey,Theresa Bailey,Theresa,Bailey,theresabailey@outlook.com,(805) 577-9883,Coldwell Banker,Coldwell Banker,Denver,Denver,CO,81631,15,36,36,22615619,3.6,A,82,Trade Show,Mid-size (11-50 agents),2026-10-08T13:51:37Z
CREAM-20261008-00350,Benjamin Davis,Benjamin Davis,Benjamin,Davis,benjamin_davis@gmail.com,(714) 422-6694,Berkshire Hathaway HomeServices,Berkshire Hathaway HomeServices,Los Angeles,Los Angeles,CA,90979,19,54,54,39212065,4.0,A,93,Realtor.com,Independent,2026-10-08T15:57:53Z
CREAM-20261008-00351,Aaron Russell,Aaron Russell,Aaron,Russell,arussell@russelllyonsothebys.com,(512) 502-9131,Russell Lyon Sotheby's,Russell Lyon Sotheby's,Scottsdale,Scottsdale,AZ,85944,13,59,59,30558917,4.4,A,98,NAR Directory,Boutique (2-10 agents),2026-10-08T22:38:32Z
CREAM-20261008-00352,Samantha Roberts,Samantha Roberts,Samantha,Roberts,samantha.roberts@aol.com,(512) 581-7347,eXp Realty,eXp Realty,Oakland,Oakland,CA,90368,22,79,79,70650959,4.9,A,82,NAR Directory,Independent,2026-10-08T23:51:21Z
CREAM-20261008-00353,Gary Coleman,Gary Coleman,Gary,Coleman,gary.coleman@icloud.com,(212) 746-6214,Allie Beth Allman,Allie Beth Allman,Austin,Austin,TX,75224,21,67,67,24428737,4.3,A,80,Cold Outreach,Mid-size (11-50 agents),2026-10-08T10:28:09Z
CREAM-20261008-00354,Michael Davis,Michael Davis,Michael,Davis,michaeldavis@hotmail.com,(929) 372-6544,Berkshire Hathaway,Berkshire Hathaway,Colorado Springs,Colorado Springs,CO,81208,0,2,2,1390618,4.8,A,100,Cold Outreach,Mid-size (11-50 agents),2026-10-08T16:42:40Z
CREAM-20261008-00355,Catherine Price,Catherine Price,Catherine,Price,catherinep@outlook.com,(334) 760-4270,Nest Seekers,Nest Seekers,Manhattan,Manhattan,NY,10522,20,39,39,31019354,4.5,A,79,Trade Show,Boutique (2-10 agents),2026-10-08T18:55:36Z
CREAM-20261008-00356,Timothy Coleman,Timothy Coleman,Timothy,Coleman,timothy_coleman@me.com,(214) 897-7465,Allie Beth Allman,Allie Beth Allman,El Paso,El Paso,TX,75277,25,38,38,14624576,4.5,A,84,NAR Directory,Independent,2026-10-08T05:15:19Z
CREAM-20261008-00357,Eric Alexander,Eric Alexander,Eric,Alexander,ealexander@outlook.com,(714) 636-8515,HER Realtors,HER Realtors,Cincinnati,Cincinnati,OH,43751,2,9,9,2390562,3.3,A,63,MLS Database,Boutique (2-10 agents),2026-10-08T13:47:47Z
CREAM-20261008-00358,Stephen Coleman,Stephen Coleman,Stephen,Coleman,stephenc@huntingtonrealestate.com,(512) 543-8195,Huntington Real Estate,Huntington Real Estate,Columbus,Columbus,OH,43776,9,17,17,5307625,4.6,A,96,Realtor.com,Large (51-200 agents),2026-10-08T18:53:13Z
CREAM-20261008-00359,Peter Collins,Peter Collins,Peter,Collins,pcollins@exprealty.com,(929) 837-1994,eXp Realty,eXp Realty,Tampa,Tampa,FL,32432,4,16,16,7435436,3.2,A,85,Brokerage Listings,Large (51-200 agents),2026-10-08T20:53:03Z
CREAM-20261008-00360,Angela Ramos,Angela Ramos,Angela,Ramos,angelar@hotmail.com,(512) 730-7504,Coldwell Banker,Coldwell Banker,Greensboro,Greensboro,NC,27841,10,70,70,26392701,3.4,A,61,MLS Database,Mid-size (11-50 agents),2026-10-08T03:57:20Z
CREAM-20261008-00361,Amanda Stewart,Amanda Stewart,Amanda,Stewart,amanda_stewart@gmail.com,(212) 345-3974,Brown Harris Stevens,Brown Harris Stevens,Queens,Queens,NY,11909,11,45,45,30206530,3.8,A,85,NAR Directory,Large (51-200 agents),2026-10-08T12:47:10Z
CREAM-20261008-00362,Kenneth Gonzalez,Kenneth Gonzalez,Kenneth,Gonzalez,kennethg@re/max.com,(602) 687-9896,RE/MAX,RE/MAX,St. Petersburg,St. Petersburg,FL,32170,14,48,48,21340827,3.0,A,73,NAR Directory,Large (51-200 agents),2026-10-08T14:30:47Z
CREAM-20261008-00363,Nancy Roberts,Nancy Roberts,Nancy,Roberts,nancy.roberts@icloud.com,(602) 864-4741,Compass,Compass,Denver,Denver,CO,80473,2,6,6,3800855,3.4,A,95,Trade Show,Mid-size (11-50 agents),2026-10-08T00:13:34Z
CREAM-20261008-00364,Sandra Reyes,Sandra Reyes,Sandra,Reyes,sandra_reyes@outlook.com,(786) 957-2969,RE/MAX,RE/MAX,San Jose,San Jose,CA,90543,1,11,11,6562836,3.6,A,64,MLS Database,Enterprise (200+ agents),2026-10-08T20:31:14Z
CREAM-20261008-00365,Melissa Bennett,Melissa Bennett,Melissa,Bennett,mbennett@hotmail.com,(916) 436-5230,Howard Hanna,Howard Hanna,Charlotte,Charlotte,NC,28851,11,46,46,20545506,3.0,A,66,LinkedIn,Large (51-200 agents),2026-10-08T23:42:03Z
CREAM-20261008-00366,Sharon Wood,Sharon Wood,Sharon,Wood,sharonw@yahoo.com,(256) 446-1530,RE/MAX,RE/MAX,Denver,Denver,CO,81969,1,11,11,6230758,3.3,A,86,Website Lead,Mid-size (11-50 agents),2026-10-08T09:28:58Z
CREAM-20261008-00367,Ashley Johnson,Ashley Johnson,Ashley,Johnson,ashley.johnson@aol.com,(602) 586-7506,Keller Williams,Keller Williams,Brooklyn,Brooklyn,NY,10951,24,75,75,46494621,3.5,A,69,Facebook,Independent,2026-10-08T04:25:41Z
CREAM-20261008-00368,Christine Cook,Christine Cook,Christine,Cook,christine_cook@yahoo.com,(404) 872-9037,RE/MAX,RE/MAX,Phoenix,Phoenix,AZ,85351,8,24,24,7129749,3.1,A,85,LinkedIn,Large (51-200 agents),2026-10-08T08:12:26Z
CREAM-20261008-00369,William Thomas,William Thomas,William,Thomas,william.thomas@howardhanna.com,(212) 266-7613,Howard Hanna,Howard Hanna,Raleigh,Raleigh,NC,28467,20,52,52,20687343,3.8,A,82,Website Lead,Independent,2026-10-08T18:13:09Z
CREAM-20261008-00370,Dorothy Hall,Dorothy Hall,Dorothy,Hall,dorothyhall@aol.com,(305) 614-7408,Coldwell Banker,Coldwell Banker,Cleveland,Cleveland,OH,45263,2,5,5,1031013,4.7,A,94,Brokerage Listings,Mid-size (11-50 agents),2026-10-08T21:30:06Z
CREAM-20261008-00371,Danielle Young,Danielle Young,Danielle,Young,danielle.young@halstead.com,(713) 203-8980,Halstead,Halstead,Staten Island,Staten Island,NY,14899,6,36,36,21405062,3.1,A,84,Trade Show,Independent,2026-10-08T04:03:56Z
CREAM-20261008-00372,Jacob Torres,Jacob Torres,Jacob,Torres,jacobtorres@outlook.com,(929) 625-3927,RE/MAX,RE/MAX,Raleigh,Raleigh,NC,28488,5,15,15,3982314,4.4,A,68,Realtor.com,Boutique (2-10 agents),2026-10-08T12:45:38Z
CREAM-20261008-00373,Debra Cook,Debra Cook,Debra,Cook,debrac@re/max.com,(720) 865-3065,RE/MAX,RE/MAX,San Antonio,San Antonio,TX,75856,21,45,45,14549651,3.4,A,97,NAR Directory,Boutique (2-10 agents),2026-10-08T02:37:36Z
CREAM-20261008-00374,Melissa Martin,Melissa Martin,Melissa,Martin,mmartin@outlook.com,(512) 988-3407,RE/MAX,RE/MAX,Long Beach,Long Beach,CA,94807,13,55,55,41870656,4.2,A,73,Referral Network,Large (51-200 agents),2026-10-08T07:51:14Z
CREAM-20261008-00375,Nicholas Wright,Nicholas Wright,Nicholas,Wright,nicholaswright@yahoo.com,(614) 414-4050,Keller Williams,Keller Williams,Cleveland,Cleveland,OH,43127,25,75,75,21306160,3.0,A,67,Cold Outreach,Mid-size (11-50 agents),2026-10-08T08:28:56Z
CREAM-20261008-00376,Larry Morris,Larry Morris,Larry,Morris,larrymorris@outlook.com,(602) 510-2223,Compass,Compass,Colorado Springs,Colorado Springs,CO,80553,0,4,4,1722495,3.5,A,98,Trade Show,Mid-size (11-50 agents),2026-10-08T05:50:05Z
CREAM-20261008-00377,Raymond Anderson,Raymond Anderson,Raymond,Anderson,randerson@herrealtors.com,(614) 575-2173,HER Realtors,HER Realtors,Cincinnati,Cincinnati,OH,45340,15,47,47,12796382,3.0,A,96,MLS Database,Enterprise (200+ agents),2026-10-08T07:52:20Z
CREAM-20261008-00378,Megan Young,Megan Young,Megan,Young,megan_young@gmail.com,(805) 287-4325,Douglas Elliman,Douglas Elliman,Miami,Miami,FL,34227,1,12,12,4796279,3.1,A,72,Facebook,Independent,2026-10-08T03:07:15Z
CREAM-20261008-00379,Victoria Morales,Victoria Morales,Victoria,Morales,vmorales@berkshirehathaway.com,(256) 266-6926,Berkshire Hathaway,Berkshire Hathaway,Charlotte,Charlotte,NC,27109,23,32,32,8378987,4.3,A,95,Cold Outreach,Large (51-200 agents),2026-10-08T08:09:56Z
CREAM-20261008-00380,Ronald Rogers,Ronald Rogers,Ronald,Rogers,ronaldrogers@hotmail.com,(805) 791-3348,Compass,Compass,Greensboro,Greensboro,NC,27232,19,40,40,17874790,3.8,A,64,Brokerage Listings,Large (51-200 agents),2026-10-08T09:12:12Z
CREAM-20261008-00381,Ruth Green,Ruth Green,Ruth,Green,ruth.green@me.com,(234) 274-8046,8z Real Estate,8z Real Estate,Colorado Springs,Colorado Springs,CO,81184,12,77,77,35933852,3.1,A,72,MLS Database,Mid-size (11-50 agents),2026-10-08T03:11:19Z
CREAM-20261008-00382,Matthew Green,Matthew Green,Matthew,Green,matthew_green@icloud.com,(786) 869-5304,eXp Realty,eXp Realty,San Francisco,San Francisco,CA,91524,21,73,73,70011485,4.2,A,79,Brokerage Listings,Mid-size (11-50 agents),2026-10-08T07:49:17Z
CREAM-20261008-00383,Eugene Campbell,Eugene Campbell,Eugene,Campbell,eugenecampbell@outlook.com,(212) 405-5894,Allen Tate,Allen Tate,Greensboro,Greensboro,NC,28742,10,34,34,9568381,4.3,A,67,Website Lead,Large (51-200 agents),2026-10-08T12:31:15Z
CREAM-20261008-00384,Deborah Stewart,Deborah Stewart,Deborah,Stewart,deborah.stewart@livsothebys.com,(919) 553-2919,LIV Sotheby's,LIV Sotheby's,Aurora,Aurora,CO,81850,0,5,5,3515400,3.6,A,91,Facebook,Independent,2026-10-08T05:32:22Z
CREAM-20261008-00385,Heather Fisher,Heather Fisher,Heather,Fisher,heatherf@cutlerrealestate.com,(310) 311-2633,Cutler Real Estate,Cutler Real Estate,Cincinnati,Cincinnati,OH,43534,8,32,32,6373390,3.6,A,91,Website Lead,Independent,2026-10-08T18:42:09Z
CREAM-20261008-00386,Lisa Nguyen,Lisa Nguyen,Lisa,Nguyen,lisanguyen@gmail.com,(929) 246-2670,Coldwell Banker,Coldwell Banker,Aurora,Aurora,CO,81133,2,5,5,2527492,4.5,A,72,Referral Network,Boutique (2-10 agents),2026-10-08T17:51:17Z
CREAM-20261008-00387,Matthew Thompson,Matthew Thompson,Matthew,Thompson,matthewt@yahoo.com,(713) 817-9743,Berkshire Hathaway,Berkshire Hathaway,Greensboro,Greensboro,NC,28729,15,44,44,19564395,4.5,A,61,LinkedIn,Large (51-200 agents),2026-10-08T04:31:28Z
CREAM-20261008-00388,Stephanie Hill,Stephanie Hill,Stephanie,Hill,shill@hotmail.com,(512) 806-4011,Berkshire Hathaway HomeServices,Berkshire Hathaway HomeServices,Sacramento,Sacramento,CA,93495,13,65,65,62861115,3.3,A,67,MLS Database,Enterprise (200+ agents),2026-10-08T04:34:42Z
CREAM-20261008-00389,Michael Howard,Michael Howard,Michael,Howard,michael_howard@me.com,(718) 989-7618,Century 21,Century 21,Jacksonville,Jacksonville,FL,33463,10,61,61,19117490,4.8,A,65,MLS Database,Large (51-200 agents),2026-10-08T18:08:17Z
CREAM-20261008-00390,Joseph Ramos,Joseph Ramos,Joseph,Ramos,jramos@me.com,(704) 648-2424,Coldwell Banker,Coldwell Banker,Houston,Houston,TX,79544,3,11,11,3657737,3.3,A,67,Referral Network,Mid-size (11-50 agents),2026-10-08T01:53:26Z
CREAM-20261008-00391,James Cooper,James Cooper,James,Cooper,james_cooper@yahoo.com,(704) 441-9075,eXp Realty,eXp Realty,Charlotte,Charlotte,NC,27482,2,11,11,3534934,3.7,A,99,MLS Database,Boutique (2-10 agents),2026-10-08T01:54:10Z
CREAM-20261008-00392,Sarah Wilson,Sarah Wilson,Sarah,Wilson,swilson@yahoo.com,(805) 597-1966,Berkshire Hathaway HomeServices,Berkshire Hathaway HomeServices,Long Beach,Long Beach,CA,95419,17,30,30,32180411,4.7,A,78,MLS Database,Large (51-200 agents),2026-10-08T18:13:28Z
CREAM-20261008-00393,Kenneth Jackson,Kenneth Jackson,Kenneth,Jackson,kenneth_jackson@gmail.com,(415) 831-4093,RE/MAX,RE/MAX,Cincinnati,Cincinnati,OH,43893,1,3,3,734894,4.5,A,79,Referral Network,Large (51-200 agents),2026-10-08T17:10:16Z
CREAM-20261008-00394,Rachel Martinez,Rachel Martinez,Rachel,Martinez,rachel.martinez@yahoo.com,(704) 490-1453,HomeSmart,HomeSmart,Tucson,Tucson,AZ,86376,1,11,11,4464072,4.9,A,90,Website Lead,Mid-size (11-50 agents),2026-10-08T09:06:48Z
CREAM-20261008-00395,Timothy Cook,Timothy Cook,Timothy,Cook,timothyc@kellerwilliamsrealty.com,(805) 551-4973,Keller Williams Realty,Keller Williams Realty,St. Petersburg,St. Petersburg,FL,34426,15,56,56,21248077,4.6,A,73,Referral Network,Boutique (2-10 agents),2026-10-08T08:51:49Z
CREAM-20261008-00396,Deborah King,Deborah King,Deborah,King,deborahk@me.com,(972) 783-9659,Keller Williams,Keller Williams,Cleveland,Cleveland,OH,45496,10,39,39,9019918,3.9,A,65,Website Lead,Boutique (2-10 agents),2026-10-08T23:15:22Z
CREAM-20261008-00397,Tyler Campbell,Tyler Campbell,Tyler,Campbell,tyler.campbell@exprealty.com,(404) 950-1653,eXp Realty,eXp Realty,Mesa,Mesa,AZ,85737,1,4,4,1545347,4.9,A,82,LinkedIn,Enterprise (200+ agents),2026-10-08T19:32:27Z
CREAM-20261008-00398,Lauren Ramirez,Lauren Ramirez,Lauren,Ramirez,lramirez@coldwellbanker.com,(714) 724-8396,Coldwell Banker,Coldwell Banker,Greensboro,Greensboro,NC,27607,18,60,60,16810965,4.0,A,84,Referral Network,Mid-size (11-50 agents),2026-10-08T09:45:54Z
CREAM-20261008-00399,Katherine Gray,Katherine Gray,Katherine,Gray,katherineg@kellerwilliamsrealty.com,(720) 416-8989,Keller Williams Realty,Keller Williams Realty,Orlando,Orlando,FL,32675,21,55,55,23127325,3.5,A,65,Cold Outreach,Boutique (2-10 agents),2026-10-08T17:10:48Z
CREAM-20261008-00400,Matthew King,Matthew King,Matthew,King,matthew_king@hotmail.com,(718) 638-5105,Coldwell Banker,Coldwell Banker,Cincinnati,Cincinnati,OH,43775,24,52,52,13824810,4.1,A,64,Facebook,Independent,2026-10-08T12:42:35Z
CREAM-20261008-00401,Brenda Bailey,Brenda Bailey,Brenda,Bailey,brendab@aol.com,(512) 339-2275,Coldwell Banker,Coldwell Banker,Winston-Salem,Winston-Salem,NC,27184,23,74,74,22501225,3.6,B,72,Referral Network,Boutique (2-10 agents),2026-10-08T04:00:43Z
CREAM-20261008-00402,Robert Scott,Robert Scott,Robert,Scott,robertscott@hotmail.com,(805) 777-2115,RE/MAX,RE/MAX,Fort Collins,Fort Collins,CO,80264,7,33,33,13892038,5.0,B,83,NAR Directory,Enterprise (200+ agents),2026-10-08T10:28:40Z
CREAM-20261008-00403,Barbara Murphy,Barbara Murphy,Barbara,Murphy,barbara_murphy@outlook.com,(972) 604-3836,Berkshire Hathaway,Berkshire Hathaway,Hialeah,Hialeah,FL,33101,5,15,15,7461278,3.3,B,79,Cold Outreach,Boutique (2-10 agents),2026-10-08T18:13:40Z
CREAM-20261008-00404,Margaret Parker,Margaret Parker,Margaret,Parker,margaret.parker@exprealty.com,(234) 885-5701,eXp Realty,eXp Realty,Anaheim,Anaheim,CA,94199,4,13,13,13956484,5.0,B,77,Website Lead,Independent,2026-10-08T07:27:00Z
CREAM-20261008-00405,Shirley Rivera,Shirley Rivera,Shirley,Rivera,shirleyr@hotmail.com,(929) 476-1581,Coldwell Banker,Coldwell Banker,Arlington,Arlington,TX,79187,17,52,52,17243400,3.3,B,69,MLS Database,Independent,2026-10-08T01:44:36Z
CREAM-20261008-00406,Brandon Richardson,Brandon Richardson,Brandon,Richardson,brandon_richardson@aol.com,(404) 576-2807,Keller Williams,Keller Williams,Thornton,Thornton,CO,80105,16,80,80,44674590,4.9,B,64,Brokerage Listings,Enterprise (200+ agents),2026-10-08T10:22:46Z
CREAM-20261008-00407,Michael Ward,Michael Ward,Michael,Ward,michaelw@hotmail.com,(602) 243-4637,RE/MAX,RE/MAX,Parma,Parma,OH,45565,23,46,46,10151955,4.2,B,93,MLS Database,Boutique (2-10 agents),2026-10-08T03:50:45Z
CREAM-20261008-00408,Margaret Chavez,Margaret Chavez,Margaret,Chavez,margaret.chavez@re/max.com,(305) 593-1692,RE/MAX,RE/MAX,Fresno,Fresno,CA,92773,4,21,21,16371951,3.8,B,79,Facebook,Enterprise (200+ agents),2026-10-08T09:33:40Z
CREAM-20261008-00409,Ashley Moore,Ashley Moore,Ashley,Moore,ashley.moore@yahoo.com,(513) 598-7270,Russell Lyon Sotheby's,Russell Lyon Sotheby's,Glendale,Glendale,AZ,86989,23,73,73,29960342,3.1,B,67,NAR Directory,Boutique (2-10 agents),2026-10-08T18:18:45Z
CREAM-20261008-00410,Brian Ortiz,Brian Ortiz,Brian,Ortiz,brian.ortiz@outlook.com,(704) 429-8019,Coldwell Banker,Coldwell Banker,Toledo,Toledo,OH,43795,0,2,2,451220,3.5,B,79,Website Lead,Boutique (2-10 agents),2026-10-08T03:46:33Z
CREAM-20261008-00411,Catherine Torres,Catherine Torres,Catherine,Torres,catherine.torres@hotmail.com,(214) 349-2420,RE/MAX,RE/MAX,Amarillo,Amarillo,TX,76210,5,15,15,6181395,3.2,B,90,MLS Database,Large (51-200 agents),2026-10-08T16:01:00Z
CREAM-20261008-00412,Gary Ross,Gary Ross,Gary,Ross,garyross@yahoo.com,(614) 835-2429,eXp Realty,eXp Realty,Stockton,Stockton,CA,93513,0,1,1,838672,3.7,B,91,Brokerage Listings,Boutique (2-10 agents),2026-10-08T10:47:14Z
CREAM-20261008-00413,Brittany Torres,Brittany Torres,Brittany,Torres,brittanyt@gmail.com,(303) 889-3311,RE/MAX,RE/MAX,Hollywood,Hollywood,FL,32630,6,37,37,11667852,4.0,B,97,Brokerage Listings,Large (51-200 agents),2026-10-08T06:15:03Z
CREAM-20261008-00414,Eric Perry,Eric Perry,Eric,Perry,eric.perry@me.com,(718) 677-9332,eXp Realty,eXp Realty,Akron,Akron,OH,43860,17,45,45,9809812,3.4,B,62,LinkedIn,Boutique (2-10 agents),2026-10-08T19:31:13Z
CREAM-20261008-00415,Larry Moore,Larry Moore,Larry,Moore,lmoore@homesmart.com,(972) 734-4410,HomeSmart,HomeSmart,Gilbert,Gilbert,AZ,85801,9,18,18,8829227,3.8,B,91,Brokerage Listings,Mid-size (11-50 agents),2026-10-08T07:26:48Z
CREAM-20261008-00416,Mark Long,Mark Long,Mark,Long,marklong@yahoo.com,(704) 890-3974,8z Real Estate,8z Real Estate,Lakewood,Lakewood,CO,80688,14,45,45,26552742,4.1,B,92,LinkedIn,Large (51-200 agents),2026-10-08T02:03:38Z
CREAM-20261008-00417,Grace Ramirez,Grace Ramirez,Grace,Ramirez,graceramirez@outlook.com,(916) 398-3035,Huntington Real Estate,Huntington Real Estate,Dayton,Dayton,OH,43122,18,44,44,9315578,3.9,B,73,NAR Directory,Large (51-200 agents),2026-10-08T23:02:09Z
CREAM-20261008-00418,Paul Cook,Paul Cook,Paul,Cook,paulc@gmail.com,(704) 566-9230,eXp Realty,eXp Realty,Arlington,Arlington,TX,76522,25,38,38,11552257,4.2,B,73,NAR Directory,Large (51-200 agents),2026-10-08T02:36:07Z
CREAM-20261008-00419,Ronald Hernandez,Ronald Hernandez,Ronald,Hernandez,ronaldh@kellerwilliamsrealty.com,(713) 432-5077,Keller Williams Realty,Keller Williams Realty,Tallahassee,Tallahassee,FL,32792,3,11,11,4729827,3.8,B,100,MLS Database,Large (51-200 agents),2026-10-08T18:35:54Z
CREAM-20261008-00420,Dorothy Ortiz,Dorothy Ortiz,Dorothy,Ortiz,dortiz@me.com,(256) 439-9791,Douglas Elliman,Douglas Elliman,Hollywood,Hollywood,FL,32953,4,24,24,10678554,3.5,B,75,Cold Outreach,Independent,2026-10-08T00:29:40Z
CREAM-20261008-00421,Paul Coleman,Paul Coleman,Paul,Coleman,paul_coleman@aol.com,(334) 262-8000,Compass,Compass,Syracuse,Syracuse,NY,14712,23,63,63,29636422,3.9,B,83,Trade Show,Mid-size (11-50 agents),2026-10-08T20:20:50Z
CREAM-20261008-00422,Katherine Sullivan,Katherine Sullivan,Katherine,Sullivan,katherine_sullivan@icloud.com,(602) 730-3917,Berkshire Hathaway,Berkshire Hathaway,Akron,Akron,OH,45228,2,4,4,1163925,4.9,B,96,Cold Outreach,Large (51-200 agents),2026-10-08T18:18:59Z
CREAM-20261008-00423,Louis Reed,Louis Reed,Louis,Reed,louisr@hotmail.com,(714) 303-1660,eXp Realty,eXp Realty,Gilbert,Gilbert,AZ,86992,7,38,38,17627143,4.3,B,76,Trade Show,Large (51-200 agents),2026-10-08T11:07:35Z
CREAM-20261008-00424,Patricia Morris,Patricia Morris,Patricia,Morris,patricia.morris@yahoo.com,(916) 406-1893,Briggs Freeman Sotheby's,Briggs Freeman Sotheby's,Arlington,Arlington,TX,75114,0,3,3,922650,4.3,B,66,MLS Database,Mid-size (11-50 agents),2026-10-08T22:49:40Z
CREAM-20261008-00425,Margaret Ruiz,Margaret Ruiz,Margaret,Ruiz,margaretruiz@me.com,(602) 518-9860,Coldwell Banker,Coldwell Banker,Dayton,Dayton,OH,44952,8,39,39,10438176,3.4,B,64,Referral Network,Mid-size (11-50 agents),2026-10-08T10:36:49Z
CREAM-20261008-00426,Anthony Jenkins,Anthony Jenkins,Anthony,Jenkins,anthony.jenkins@aol.com,(512) 296-3298,eXp Realty,eXp Realty,Tempe,Tempe,AZ,86962,5,10,10,4158729,4.6,B,70,Trade Show,Mid-size (11-50 agents),2026-10-08T05:43:44Z
CREAM-20261008-00427,Raymond Kelly,Raymond Kelly,Raymond,Kelly,raymond_kelly@yahoo.com,(303) 640-3090,Compass,Compass,Durham,Durham,NC,28410,5,18,18,7918381,4.2,B,95,Realtor.com,Enterprise (200+ agents),2026-10-08T16:48:46Z
CREAM-20261008-00428,Pamela Howard,Pamela Howard,Pamela,Howard,phoward@exprealty.com,(212) 995-1993,eXp Realty,eXp Realty,Amarillo,Amarillo,TX,75710,18,80,80,34519806,4.1,B,92,Realtor.com,Independent,2026-10-08T10:25:32Z
CREAM-20261008-00429,Natalie Gomez,Natalie Gomez,Natalie,Gomez,natalieg@icloud.com,(805) 597-5169,Douglas Elliman,Douglas Elliman,Irving,Irving,TX,78427,2,4,4,1668055,3.8,B,71,MLS Database,Enterprise (200+ agents),2026-10-08T22:55:10Z
CREAM-20261008-00430,Sandra Walker,Sandra Walker,Sandra,Walker,sandra_walker@gmail.com,(704) 733-2586,Coldwell Banker,Coldwell Banker,Thornton,Thornton,CO,81876,3,12,12,8252384,4.8,B,65,Website Lead,Boutique (2-10 agents),2026-10-08T11:14:40Z
CREAM-20261008-00431,Lauren Martinez,Lauren Martinez,Lauren,Martinez,laurenm@aol.com,(720) 787-2249,Brown Harris Stevens,Brown Harris Stevens,Rochester,Rochester,NY,11395,2,5,5,2401910,4.1,B,60,Trade Show,Independent,2026-10-08T03:28:00Z
CREAM-20261008-00432,Anthony Baker,Anthony Baker,Anthony,Baker,anthony.baker@compass.com,(256) 861-7848,Compass,Compass,Cape Coral,Cape Coral,FL,32364,3,23,23,10433356,3.2,B,80,Cold Outreach,Enterprise (200+ agents),2026-10-08T18:49:59Z
CREAM-20261008-00433,Stephanie Cruz,Stephanie Cruz,Stephanie,Cruz,stephaniecruz@gmail.com,(602) 621-6175,8z Real Estate,8z Real Estate,Arvada,Arvada,CO,80996,8,22,22,14896606,3.6,B,98,Website Lead,Large (51-200 agents),2026-10-08T15:38:19Z
CREAM-20261008-00434,Natalie Clark,Natalie Clark,Natalie,Clark,nclark@gmail.com,(303) 413-7983,Douglas Elliman,Douglas Elliman,Tallahassee,Tallahassee,FL,32286,9,37,37,13959070,3.5,B,91,MLS Database,Enterprise (200+ agents),2026-10-08T21:38:14Z
CREAM-20261008-00435,Juan Ross,Juan Ross,Juan,Ross,jross@hotmail.com,(512) 907-1555,Sotheby's International,Sotheby's International,Buffalo,Buffalo,NY,10447,5,19,19,10400046,3.8,B,74,Trade Show,Enterprise (200+ agents),2026-10-08T00:10:12Z
CREAM-20261008-00436,Sharon Moore,Sharon Moore,Sharon,Moore,smoore@aol.com,(614) 485-9696,Huntington Real Estate,Huntington Real Estate,Toledo,Toledo,OH,43648,18,76,76,13958900,3.5,B,66,NAR Directory,Enterprise (200+ agents),2026-10-08T13:09:13Z
CREAM-20261008-00437,Pamela Wright,Pamela Wright,Pamela,Wright,pamelaw@russelllyonsothebys.com,(404) 396-7990,Russell Lyon Sotheby's,Russell Lyon Sotheby's,Gilbert,Gilbert,AZ,85803,20,33,33,14707952,4.4,B,93,Facebook,Boutique (2-10 agents),2026-10-08T22:45:10Z
CREAM-20261008-00438,Amber Perry,Amber Perry,Amber,Perry,amber_perry@icloud.com,(214) 694-9223,8z Real Estate,8z Real Estate,Arvada,Arvada,CO,80883,3,9,9,4087285,3.5,B,63,LinkedIn,Boutique (2-10 agents),2026-10-08T06:18:16Z
CREAM-20261008-00439,Dorothy Hernandez,Dorothy Hernandez,Dorothy,Hernandez,dorothyh@me.com,(404) 800-4034,eXp Realty,eXp Realty,Arvada,Arvada,CO,80665,1,11,11,4278727,4.4,B,78,NAR Directory,Enterprise (200+ agents),2026-10-08T08:08:10Z
CREAM-20261008-00440,Edward Allen,Edward Allen,Edward,Allen,edwarda@icloud.com,(404) 522-1779,Brown Harris Stevens,Brown Harris Stevens,Buffalo,Buffalo,NY,12332,2,8,8,4732432,3.5,B,72,Referral Network,Boutique (2-10 agents),2026-10-08T07:25:52Z
CREAM-20261008-00441,Arthur Cook,Arthur Cook,Arthur,Cook,arthur.cook@halstead.com,(404) 250-7725,Halstead,Halstead,Yonkers,Yonkers,NY,11689,21,69,69,34811310,3.9,B,92,MLS Database,Boutique (2-10 agents),2026-10-08T20:37:38Z
CREAM-20261008-00442,Brittany Rodriguez,Brittany Rodriguez,Brittany,Rodriguez,brittanyrodriguez@gmail.com,(929) 681-9454,Compass,Compass,Fayetteville,Fayetteville,NC,28904,11,67,67,24905375,3.8,B,78,LinkedIn,Large (51-200 agents),2026-10-08T17:55:04Z
CREAM-20261008-00443,Alexander Walker,Alexander Walker,Alexander,Walker,alexander.walker@berkshirehathaway.com,(469) 955-5825,Berkshire Hathaway,Berkshire Hathaway,Corpus Christi,Corpus Christi,TX,76262,14,55,55,23916084,3.7,B,60,Brokerage Listings,Enterprise (200+ agents),2026-10-08T14:37:21Z
CREAM-20261008-00444,Emma Torres,Emma Torres,Emma,Torres,emmat@berkshirehathaway.com,(334) 389-4122,Berkshire Hathaway,Berkshire Hathaway,Garland,Garland,TX,75447,21,29,29,10663435,3.3,B,94,Realtor.com,Large (51-200 agents),2026-10-08T23:47:59Z
CREAM-20261008-00445,Theresa Flores,Theresa Flores,Theresa,Flores,theresaf@icloud.com,(256) 364-2184,Douglas Elliman,Douglas Elliman,Irving,Irving,TX,75944,4,8,8,2280446,3.9,B,97,Facebook,Enterprise (200+ agents),2026-10-08T06:56:01Z
CREAM-20261008-00446,Diane Lewis,Diane Lewis,Diane,Lewis,dlewis@yahoo.com,(415) 660-5520,Douglas Elliman,Douglas Elliman,Hialeah,Hialeah,FL,34621,3,21,21,10192550,4.4,B,100,Realtor.com,Independent,2026-10-08T23:39:53Z
CREAM-20261008-00447,Scott Davis,Scott Davis,Scott,Davis,scottdavis@me.com,(407) 371-8978,HomeSmart,HomeSmart,Gilbert,Gilbert,AZ,86237,0,4,4,1881417,4.9,B,78,Trade Show,Independent,2026-10-08T05:19:35Z
CREAM-20261008-00448,Gloria Lewis,Gloria Lewis,Gloria,Lewis,glorial@icloud.com,(602) 917-1163,Corcoran Group,Corcoran Group,Syracuse,Syracuse,NY,13624,23,37,37,23780172,4.4,B,75,Trade Show,Boutique (2-10 agents),2026-10-08T02:39:10Z
CREAM-20261008-00449,Grace Sullivan,Grace Sullivan,Grace,Sullivan,grace.sullivan@me.com,(704) 901-5216,Keller Williams,Keller Williams,Glendale,Glendale,AZ,85958,2,6,6,3176772,4.7,B,100,Realtor.com,Independent,2026-10-08T09:28:26Z
CREAM-20261008-00450,Judith Turner,Judith Turner,Judith,Turner,judith_turner@gmail.com,(919) 258-1395,Keller Williams,Keller Williams,Toledo,Toledo,OH,44872,14,56,56,11700325,4.0,B,79,LinkedIn,Boutique (2-10 agents),2026-10-08T22:00:50Z
CREAM-20261008-00451,Gregory Diaz,Gregory Diaz,Gregory,Diaz,gregory.diaz@exprealty.com,(646) 425-3574,eXp Realty,eXp Realty,Thornton,Thornton,CO,81228,12,77,77,33273635,3.7,B,80,NAR Directory,Boutique (2-10 agents),2026-10-08T03:35:59Z
CREAM-20261008-00452,Joshua Martinez,Joshua Martinez,Joshua,Martinez,joshua_martinez@icloud.com,(512) 984-6480,Berkshire Hathaway HomeServices,Berkshire Hathaway HomeServices,Santa Ana,Santa Ana,CA,90200,2,6,6,4783045,3.4,B,64,Website Lead,Enterprise (200+ agents),2026-10-08T14:57:53Z
CREAM-20261008-00453,Christine Wright,Christine Wright,Christine,Wright,cwright@compass.com,(720) 994-1998,Compass,Compass,Fayetteville,Fayetteville,NC,28800,5,10,10,3313854,3.8,B,73,LinkedIn,Mid-size (11-50 agents),2026-10-08T14:38:30Z
CREAM-20261008-00454,Jason Hughes,Jason Hughes,Jason,Hughes,jasonh@icloud.com,(805) 450-3958,Douglas Elliman,Douglas Elliman,Cape Coral,Cape Coral,FL,34957,25,75,75,30418615,4.7,B,92,Facebook,Large (51-200 agents),2026-10-08T02:47:32Z
CREAM-20261008-00455,Jacqueline Robinson,Jacqueline Robinson,Jacqueline,Robinson,jacqueliner@icloud.com,(714) 881-4234,Berkshire Hathaway,Berkshire Hathaway,Glendale,Glendale,AZ,85536,11,38,38,17111216,3.3,B,96,Brokerage Listings,Boutique (2-10 agents),2026-10-08T19:12:29Z
CREAM-20261008-00456,Stephanie Miller,Stephanie Miller,Stephanie,Miller,stephaniem@compass.com,(234) 925-7196,Compass,Compass,Durham,Durham,NC,28914,15,55,55,18632595,4.8,B,97,Referral Network,Independent,2026-10-08T01:02:40Z
CREAM-20261008-00457,Patrick Hughes,Patrick Hughes,Patrick,Hughes,phughes@me.com,(512) 321-6926,eXp Realty,eXp Realty,Durham,Durham,NC,28568,3,11,11,4761770,4.2,B,60,Realtor.com,Independent,2026-10-08T22:39:28Z
CREAM-20261008-00458,Rebecca Kelly,Rebecca Kelly,Rebecca,Kelly,rebeccakelly@yahoo.com,(980) 986-3148,RE/MAX,RE/MAX,Gilbert,Gilbert,AZ,85699,20,67,67,32540116,4.2,B,82,NAR Directory,Mid-size (11-50 agents),2026-10-08T23:29:20Z
CREAM-20261008-00459,Emily Stewart,Emily Stewart,Emily,Stewart,emily.stewart@coldwellbanker.com,(916) 781-2839,Coldwell Banker,Coldwell Banker,Pembroke Pines,Pembroke Pines,FL,33986,11,39,39,18883777,4.9,B,79,Realtor.com,Boutique (2-10 agents),2026-10-08T12:45:02Z
CREAM-20261008-00460,Anna Lopez,Anna Lopez,Anna,Lopez,anna_lopez@me.com,(786) 363-1359,Brown Harris Stevens,Brown Harris Stevens,Yonkers,Yonkers,NY,10670,5,13,13,9398799,3.1,B,65,Brokerage Listings,Mid-size (11-50 agents),2026-10-08T07:21:25Z
CREAM-20261008-00461,Gloria Mitchell,Gloria Mitchell,Gloria,Mitchell,gloria.mitchell@gmail.com,(334) 236-6506,Keller Williams Realty,Keller Williams Realty,Port St. Lucie,Port St. Lucie,FL,34328,1,7,7,2879550,4.0,B,92,Website Lead,Mid-size (11-50 agents),2026-10-08T00:39:19Z
CREAM-20261008-00462,Ralph Allen,Ralph Allen,Ralph,Allen,rallen@gmail.com,(704) 731-3956,eXp Realty,eXp Realty,Lakewood,Lakewood,CO,80484,9,28,28,19264480,4.8,B,88,Referral Network,Independent,2026-10-08T16:08:18Z
CREAM-20261008-00463,Lauren Nguyen,Lauren Nguyen,Lauren,Nguyen,laurenn@coldwellbanker.com,(469) 659-1008,Coldwell Banker,Coldwell Banker,Bakersfield,Bakersfield,CA,93341,1,3,3,2978162,3.0,B,61,MLS Database,Independent,2026-10-08T22:04:44Z
CREAM-20261008-00464,Nancy Hernandez,Nancy Hernandez,Nancy,Hernandez,nancyh@icloud.com,(404) 468-5393,Brown Harris Stevens,Brown Harris Stevens,Yonkers,Yonkers,NY,14321,8,23,23,12158151,3.5,B,71,Referral Network,Boutique (2-10 agents),2026-10-08T15:27:23Z
CREAM-20261008-00465,Kimberly Watson,Kimberly Watson,Kimberly,Watson,kimberlywatson@yahoo.com,(303) 475-1512,eXp Realty,eXp Realty,Pembroke Pines,Pembroke Pines,FL,32606,4,9,9,3484862,4.2,B,83,LinkedIn,Boutique (2-10 agents),2026-10-08T06:25:18Z
CREAM-20261008-00466,Susan Clark,Susan Clark,Susan,Clark,sclark@aol.com,(415) 248-7219,eXp Realty,eXp Realty,Arlington,Arlington,TX,75431,17,35,35,14608226,3.6,B,68,Cold Outreach,Large (51-200 agents),2026-10-08T16:15:32Z
CREAM-20261008-00467,Anthony Johnson,Anthony Johnson,Anthony,Johnson,anthony.johnson@allentate.com,(704) 685-3549,Allen Tate,Allen Tate,Cary,Cary,NC,28587,22,74,74,22784494,4.3,B,80,Website Lead,Mid-size (11-50 agents),2026-10-08T18:48:03Z
CREAM-20261008-00468,Matthew Green,Matthew Green,Matthew,Green,matthewgreen@me.com,(602) 528-4038,RE/MAX,RE/MAX,Garland,Garland,TX,78527,3,15,15,4900050,3.4,B,82,MLS Database,Mid-size (11-50 agents),2026-10-08T16:05:34Z
CREAM-20261008-00469,Barbara Gutierrez,Barbara Gutierrez,Barbara,Gutierrez,barbara_gutierrez@me.com,(305) 201-4491,Keller Williams,Keller Williams,Fayetteville,Fayetteville,NC,28224,0,5,5,1484340,4.5,B,85,MLS Database,Independent,2026-10-08T23:32:59Z
CREAM-20261008-00470,Daniel Lewis,Daniel Lewis,Daniel,Lewis,daniel_lewis@yahoo.com,(234) 841-4095,Berkshire Hathaway,Berkshire Hathaway,Durham,Durham,NC,27150,8,17,17,6187043,4.6,B,92,LinkedIn,Independent,2026-10-08T18:28:15Z
CREAM-20261008-00471,Patricia Powell,Patricia Powell,Patricia,Powell,patricia_powell@icloud.com,(713) 760-4998,Briggs Freeman Sotheby's,Briggs Freeman Sotheby's,Lubbock,Lubbock,TX,77469,2,11,11,4349921,3.9,B,69,Trade Show,Boutique (2-10 agents),2026-10-08T09:48:59Z
CREAM-20261008-00472,Donald Taylor,Donald Taylor,Donald,Taylor,dtaylor@exprealty.com,(786) 318-2424,eXp Realty,eXp Realty,Gilbert,Gilbert,AZ,86625,4,14,14,7379561,4.7,B,99,MLS Database,Enterprise (200+ agents),2026-10-08T17:08:41Z
CREAM-20261008-00473,Keith Evans,Keith Evans,Keith,Evans,keithe@hotmail.com,(786) 581-9697,Century 21,Century 21,Tallahassee,Tallahassee,FL,33989,4,15,15,7260786,4.4,B,92,Facebook,Mid-size (11-50 agents),2026-10-08T17:26:49Z
CREAM-20261008-00474,Gloria Morris,Gloria Morris,Gloria,Morris,gloriamorris@hotmail.com,(714) 976-8559,eXp Realty,eXp Realty,Durham,Durham,NC,28457,4,20,20,6174058,3.1,B,88,Trade Show,Mid-size (11-50 agents),2026-10-08T07:46:13Z
CREAM-20261008-00475,Ronald Hughes,Ronald Hughes,Ronald,Hughes,ronald_hughes@outlook.com,(714) 320-7842,Century 21,Century 21,Tallahassee,Tallahassee,FL,32606,16,65,65,28800184,4.8,B,82,Brokerage Listings,Mid-size (11-50 agents),2026-10-08T05:08:42Z
CREAM-20261008-00476,Amanda Kim,Amanda Kim,Amanda,Kim,amandakim@icloud.com,(929) 830-6885,RE/MAX,RE/MAX,Bakersfield,Bakersfield,CA,93254,2,9,9,5547658,3.4,B,72,Trade Show,Enterprise (200+ agents),2026-10-08T07:54:11Z
CREAM-20261008-00477,Eugene Diaz,Eugene Diaz,Eugene,Diaz,eugene.diaz@me.com,(972) 497-9675,HomeSmart,HomeSmart,Gilbert,Gilbert,AZ,86574,24,74,74,37514683,4.5,B,61,Website Lead,Enterprise (200+ agents),2026-10-08T10:35:03Z
CREAM-20261008-00478,David Wood,David Wood,David,Wood,david.wood@outlook.com,(234) 264-2397,Pacific Sotheby's,Pacific Sotheby's,Riverside,Riverside,CA,90836,16,66,66,63597215,4.5,B,79,Referral Network,Large (51-200 agents),2026-10-08T06:42:32Z
CREAM-20261008-00479,Angela Stewart,Angela Stewart,Angela,Stewart,angela.stewart@icloud.com,(256) 200-6002,Compass,Compass,Lakewood,Lakewood,CO,80289,11,62,62,38985292,3.4,B,80,Referral Network,Mid-size (11-50 agents),2026-10-08T13:22:05Z
CREAM-20261008-00480,Michelle Flores,Michelle Flores,Michelle,Flores,michellef@icloud.com,(614) 538-7618,eXp Realty,eXp Realty,Gilbert,Gilbert,AZ,86826,2,6,6,2313389,4.9,B,77,Brokerage Listings,Enterprise (200+ agents),2026-10-08T05:29:44Z
CREAM-20261008-00481,Elizabeth Mitchell,Elizabeth Mitchell,Elizabeth,Mitchell,elizabeth.mitchell@outlook.com,(720) 669-7821,Cutler Real Estate,Cutler Real Estate,Toledo,Toledo,OH,45850,25,69,69,17545037,4.6,B,95,NAR Directory,Mid-size (11-50 agents),2026-10-08T03:21:28Z
CREAM-20261008-00482,Bruce Long,Bruce Long,Bruce,Long,bruce_long@outlook.com,(614) 921-2532,Keller Williams,Keller Williams,Buffalo,Buffalo,NY,10607,5,18,18,12305288,3.8,B,67,Brokerage Listings,Enterprise (200+ agents),2026-10-08T23:27:52Z
CREAM-20261008-00483,Alexander Ramos,Alexander Ramos,Alexander,Ramos,alexander.ramos@outlook.com,(415) 253-2501,Keller Williams Realty,Keller Williams Realty,Cape Coral,Cape Coral,FL,34861,22,61,61,29205050,3.7,B,95,Referral Network,Enterprise (200+ agents),2026-10-08T23:36:11Z
CREAM-20261008-00484,Natalie Morris,Natalie Morris,Natalie,Morris,natalie_morris@aol.com,(602) 615-1570,eXp Realty,eXp Realty,Tempe,Tempe,AZ,85161,1,11,11,5628905,4.7,B,95,Referral Network,Large (51-200 agents),2026-10-08T21:54:52Z
CREAM-20261008-00485,Ronald Hughes,Ronald Hughes,Ronald,Hughes,ronaldhughes@icloud.com,(614) 224-9870,RE/MAX,RE/MAX,Tallahassee,Tallahassee,FL,32291,4,24,24,10888061,3.2,B,65,Cold Outreach,Boutique (2-10 agents),2026-10-08T22:51:26Z
CREAM-20261008-00486,Samantha Hughes,Samantha Hughes,Samantha,Hughes,samantha.hughes@icloud.com,(305) 731-5776,Long Realty,Long Realty,Gilbert,Gilbert,AZ,86144,2,3,3,1224184,3.9,B,76,Referral Network,Mid-size (11-50 agents),2026-10-08T11:21:24Z
CREAM-20261008-00487,Maria Price,Maria Price,Maria,Price,maria.price@aol.com,(704) 718-8739,eXp Realty,eXp Realty,Gilbert,Gilbert,AZ,86372,2,4,4,1461006,3.4,B,92,Website Lead,Boutique (2-10 agents),2026-10-08T05:19:34Z
CREAM-20261008-00488,Rachel Taylor,Rachel Taylor,Rachel,Taylor,rachel_taylor@outlook.com,(713) 392-7572,Coldwell Banker,Coldwell Banker,Dayton,Dayton,OH,45861,11,60,60,13990193,4.4,B,80,LinkedIn,Boutique (2-10 agents),2026-10-08T07:42:33Z
CREAM-20261008-00489,Deborah Reed,Deborah Reed,Deborah,Reed,deborah.reed@coldwellbanker.com,(305) 438-5554,Coldwell Banker,Coldwell Banker,Chula Vista,Chula Vista,CA,93709,15,31,31,24684436,3.3,B,95,Realtor.com,Large (51-200 agents),2026-10-08T17:03:57Z
CREAM-20261008-00490,Barbara Morris,Barbara Morris,Barbara,Morris,barbara.morris@coldwellbanker.com,(469) 763-8292,Coldwell Banker,Coldwell Banker,Pembroke Pines,Pembroke Pines,FL,32685,14,78,78,23331595,4.4,B,94,Cold Outreach,Enterprise (200+ agents),2026-10-08T22:07:46Z
CREAM-20261008-00491,Lawrence Taylor,Lawrence Taylor,Lawrence,Taylor,lawrence_taylor@icloud.com,(916) 493-4032,Douglas Elliman,Douglas Elliman,Rochester,Rochester,NY,12417,0,5,5,2879392,3.4,B,73,LinkedIn,Large (51-200 agents),2026-10-08T01:34:47Z
CREAM-20261008-00492,Rebecca Kelly,Rebecca Kelly,Rebecca,Kelly,rkelly@sothebysinternational.com,(512) 595-8508,Sotheby's International,Sotheby's International,Yonkers,Yonkers,NY,10139,4,10,10,5566452,4.9,B,87,LinkedIn,Mid-size (11-50 agents),2026-10-08T04:54:05Z
CREAM-20261008-00493,Andrew Jackson,Andrew Jackson,Andrew,Jackson,andrew.jackson@yahoo.com,(415) 664-8486,Douglas Elliman,Douglas Elliman,Tallahassee,Tallahassee,FL,33832,21,49,49,25146835,3.6,B,66,NAR Directory,Independent,2026-10-08T12:46:09Z
CREAM-20261008-00494,Jennifer Rodriguez,Jennifer Rodriguez,Jennifer,Rodriguez,jrodriguez@douglaselliman.com,(602) 849-7023,Douglas Elliman,Douglas Elliman,Garland,Garland,TX,77337,18,69,69,22671553,3.6,B,61,MLS Database,Independent,2026-10-08T02:03:25Z
CREAM-20261008-00495,Betty Campbell,Betty Campbell,Betty,Campbell,bcampbell@outlook.com,(303) 487-4089,Compass,Compass,Fort Collins,Fort Collins,CO,80333,9,25,25,9886175,3.7,B,67,Brokerage Listings,Boutique (2-10 agents),2026-10-08T05:30:13Z
CREAM-20261008-00496,Judith Reyes,Judith Reyes,Judith,Reyes,judithreyes@hotmail.com,(310) 587-8665,RE/MAX,RE/MAX,Fayetteville,Fayetteville,NC,28429,21,56,56,16286631,4.2,B,76,Realtor.com,Enterprise (200+ agents),2026-10-08T18:19:23Z
CREAM-20261008-00497,Betty Sanders,Betty Sanders,Betty,Sanders,bsanders@me.com,(334) 568-3706,Compass,Compass,Fort Collins,Fort Collins,CO,80504,1,9,9,4681355,4.2,B,65,NAR Directory,Mid-size (11-50 agents),2026-10-08T12:41:03Z
CREAM-20261008-00498,Linda Gonzalez,Linda Gonzalez,Linda,Gonzalez,lindag@me.com,(704) 749-6401,Coldwell Banker,Coldwell Banker,Thornton,Thornton,CO,80438,0,2,2,1053050,4.8,B,62,Website Lead,Large (51-200 agents),2026-10-08T03:19:08Z
CREAM-20261008-00499,Melissa Martinez,Melissa Martinez,Melissa,Martinez,melissa_martinez@yahoo.com,(469) 383-5730,Keller Williams Realty,Keller Williams Realty,Hollywood,Hollywood,FL,34929,11,73,73,24358464,3.3,B,69,MLS Database,Mid-size (11-50 agents),2026-10-08T20:02:47Z
CREAM-20261008-00500,Gloria Clark,Gloria Clark,Gloria,Clark,gloria_clark@outlook.com,(212) 619-2157,Berkshire Hathaway,Berkshire Hathaway,Hollywood,Hollywood,FL,34668,1,9,9,4558741,3.5,B,97,Trade Show,Large (51-200 agents),2026-10-08T09:53:02Z
CREAM-20261008-00501,Rebecca Foster,Rebecca Foster,Rebecca,Foster,rebeccafoster@me.com,(714) 478-4715,Berkshire Hathaway,Berkshire Hathaway,Akron,Akron,OH,45385,3,12,12,3636480,3.5,B,71,Cold Outreach,Mid-size (11-50 agents),2026-10-08T17:06:18Z
CREAM-20261008-00502,Theresa Myers,Theresa Myers,Theresa,Myers,theresamyers@aol.com,(972) 224-8004,Keller Williams Realty,Keller Williams Realty,Santa Ana,Santa Ana,CA,96902,21,71,71,58171112,4.7,B,81,NAR Directory,Enterprise (200+ agents),2026-10-08T08:23:40Z
CREAM-20261008-00503,Samuel Brown,Samuel Brown,Samuel,Brown,samuel.brown@outlook.com,(310) 805-2658,Keller Williams,Keller Williams,Buffalo,Buffalo,NY,11832,1,6,6,3117255,3.4,B,79,Cold Outreach,Boutique (2-10 agents),2026-10-08T18:54:51Z
CREAM-20261008-00504,Lauren Bennett,Lauren Bennett,Lauren,Bennett,lauren_bennett@yahoo.com,(919) 858-3469,RE/MAX,RE/MAX,Tempe,Tempe,AZ,86916,2,11,11,4955636,4.4,B,90,Facebook,Boutique (2-10 agents),2026-10-08T11:26:47Z
CREAM-20261008-00505,Ashley Wright,Ashley Wright,Ashley,Wright,ashley_wright@gmail.com,(602) 250-8070,Keller Williams Realty,Keller Williams Realty,Fresno,Fresno,CA,93196,2,8,8,5181591,4.2,B,83,MLS Database,Mid-size (11-50 agents),2026-10-08T16:20:01Z
CREAM-20261008-00506,Stephen Hill,Stephen Hill,Stephen,Hill,shill@halstead.com,(786) 646-7630,Halstead,Halstead,New Rochelle,New Rochelle,NY,11256,3,19,19,9811238,4.7,B,77,Cold Outreach,Mid-size (11-50 agents),2026-10-08T11:34:02Z
CREAM-20261008-00507,Katherine Jenkins,Katherine Jenkins,Katherine,Jenkins,katherinejenkins@gmail.com,(704) 447-2985,RE/MAX,RE/MAX,Glendale,Glendale,AZ,85823,3,15,15,7760747,3.2,B,88,LinkedIn,Large (51-200 agents),2026-10-08T19:09:52Z
CREAM-20261008-00508,Emily Ross,Emily Ross,Emily,Ross,emilyr@yahoo.com,(513) 893-6719,Allie Beth Allman,Allie Beth Allman,Arlington,Arlington,TX,77203,3,18,18,7145178,3.5,B,66,Website Lead,Enterprise (200+ agents),2026-10-08T13:47:37Z
CREAM-20261008-00509,Deborah Flores,Deborah Flores,Deborah,Flores,deborahflores@yahoo.com,(714) 468-5497,eXp Realty,eXp Realty,Durham,Durham,NC,27251,25,78,78,21230671,3.6,B,77,Website Lead,Independent,2026-10-08T15:37:50Z
CREAM-20261008-00510,Richard Russell,Richard Russell,Richard,Russell,richardr@kellerwilliams.com,(256) 717-1850,Keller Williams,Keller Williams,Albany,Albany,NY,10594,21,45,45,32005967,3.5,B,79,Website Lead,Large (51-200 agents),2026-10-08T22:10:04Z
CREAM-20261008-00511,Ryan Torres,Ryan Torres,Ryan,Torres,ryantorres@outlook.com,(310) 779-7015,Berkshire Hathaway,Berkshire Hathaway,Pembroke Pines,Pembroke Pines,FL,32787,3,20,20,9422273,3.3,B,85,Brokerage Listings,Large (51-200 agents),2026-10-08T07:35:59Z
CREAM-20261008-00512,Judith Walker,Judith Walker,Judith,Walker,judith.walker@berkshirehathaway.com,(805) 747-4874,Berkshire Hathaway,Berkshire Hathaway,Arvada,Arvada,CO,81569,13,53,53,27516584,3.5,B,99,NAR Directory,Independent,2026-10-08T08:20:09Z
CREAM-20261008-00513,Barbara Thomas,Barbara Thomas,Barbara,Thomas,barbarathomas@yahoo.com,(310) 578-3933,Coldwell Banker,Coldwell Banker,Riverside,Riverside,CA,93967,24,31,31,33497229,3.7,B,65,Brokerage Listings,Enterprise (200+ agents),2026-10-08T20:07:36Z
CREAM-20261008-00514,Diane Carter,Diane Carter,Diane,Carter,dianecarter@hotmail.com,(805) 334-5174,Corcoran Group,Corcoran Group,Rochester,Rochester,NY,11520,20,69,69,34360526,4.5,B,90,Trade Show,Boutique (2-10 agents),2026-10-08T16:47:26Z
CREAM-20261008-00515,David Gutierrez,David Gutierrez,David,Gutierrez,dgutierrez@berkshirehathaway.com,(704) 621-1409,Berkshire Hathaway,Berkshire Hathaway,Chandler,Chandler,AZ,85305,0,1,1,318868,3.8,B,81,LinkedIn,Enterprise (200+ agents),2026-10-08T08:45:00Z
CREAM-20261008-00516,Donald Long,Donald Long,Donald,Long,donaldl@coldwellbanker.com,(404) 324-4504,Coldwell Banker,Coldwell Banker,Garland,Garland,TX,75108,0,5,5,2242862,4.4,B,71,LinkedIn,Boutique (2-10 agents),2026-10-08T01:50:21Z
CREAM-20261008-00517,Wayne Perry,Wayne Perry,Wayne,Perry,wperry@re/max.com,(646) 554-3281,RE/MAX,RE/MAX,Parma,Parma,OH,44307,6,17,17,5353314,3.2,B,69,Facebook,Mid-size (11-50 agents),2026-10-08T15:23:49Z
CREAM-20261008-00518,Jerry Jimenez,Jerry Jimenez,Jerry,Jimenez,jerryjimenez@outlook.com,(972) 603-8279,RE/MAX,RE/MAX,Tallahassee,Tallahassee,FL,34628,5,24,24,8018680,3.1,B,98,Facebook,Boutique (2-10 agents),2026-10-08T09:34:44Z
CREAM-20261008-00519,Amanda Kim,Amanda Kim,Amanda,Kim,amanda.kim@berkshirehathaway.com,(303) 712-6251,Berkshire Hathaway,Berkshire Hathaway,Pembroke Pines,Pembroke Pines,FL,33533,2,9,9,4655505,4.9,B,94,Referral Network,Boutique (2-10 agents),2026-10-08T06:42:27Z
CREAM-20261008-00520,Rebecca Davis,Rebecca Davis,Rebecca,Davis,rdavis@yahoo.com,(303) 958-4258,Berkshire Hathaway,Berkshire Hathaway,Chandler,Chandler,AZ,85868,9,19,19,5849714,3.8,B,64,Brokerage Listings,Enterprise (200+ agents),2026-10-08T00:52:10Z
CREAM-20261008-00521,Olivia Taylor,Olivia Taylor,Olivia,Taylor,oliviataylor@yahoo.com,(980) 414-8248,RE/MAX,RE/MAX,Port St. Lucie,Port St. Lucie,FL,32367,5,16,16,4821487,3.4,B,64,MLS Database,Boutique (2-10 agents),2026-10-08T00:53:58Z
CREAM-20261008-00522,John Campbell,John Campbell,John,Campbell,john.campbell@gmail.com,(310) 782-8932,Berkshire Hathaway,Berkshire Hathaway,Irving,Irving,TX,76954,2,6,6,2392212,4.9,B,70,NAR Directory,Boutique (2-10 agents),2026-10-08T23:54:31Z
CREAM-20261008-00523,Jacob Edwards,Jacob Edwards,Jacob,Edwards,jedwards@re/max.com,(212) 851-4414,RE/MAX,RE/MAX,Gilbert,Gilbert,AZ,85167,8,40,40,15975133,4.0,B,94,NAR Directory,Independent,2026-10-08T10:42:13Z
CREAM-20261008-00524,Pamela Ross,Pamela Ross,Pamela,Ross,pamela_ross@outlook.com,(305) 718-3153,RE/MAX,RE/MAX,Tempe,Tempe,AZ,86639,13,72,72,27316082,3.8,B,67,Website Lead,Mid-size (11-50 agents),2026-10-08T16:34:22Z
CREAM-20261008-00525,Debra Castillo,Debra Castillo,Debra,Castillo,debrac@me.com,(919) 666-4782,Huntington Real Estate,Huntington Real Estate,Toledo,Toledo,OH,43391,4,12,12,2882779,4.4,B,93,Trade Show,Enterprise (200+ agents),2026-10-08T18:27:52Z
CREAM-20261008-00526,Dorothy Torres,Dorothy Torres,Dorothy,Torres,dorothy.torres@kellerwilliams.com,(972) 461-6639,Keller Williams,Keller Williams,Fort Collins,Fort Collins,CO,80166,2,5,5,1991409,3.4,B,81,Facebook,Large (51-200 agents),2026-10-08T06:13:45Z
CREAM-20261008-00527,Alexander Cook,Alexander Cook,Alexander,Cook,alexander_cook@yahoo.com,(334) 701-6230,Keller Williams,Keller Williams,Rochester,Rochester,NY,14394,9,26,26,19060387,4.7,B,78,Facebook,Mid-size (11-50 agents),2026-10-08T09:29:53Z
CREAM-20261008-00528,Margaret Fisher,Margaret Fisher,Margaret,Fisher,margaret.fisher@coldwellbanker.com,(805) 952-4425,Coldwell Banker,Coldwell Banker,Cary,Cary,NC,28849,24,33,33,10339461,3.8,B,68,Website Lead,Large (51-200 agents),2026-10-08T06:25:06Z
CREAM-20261008-00529,Keith Jenkins,Keith Jenkins,Keith,Jenkins,keithjenkins@hotmail.com,(303) 586-9887,Berkshire Hathaway,Berkshire Hathaway,Amarillo,Amarillo,TX,79747,18,69,69,20350490,4.8,B,87,Realtor.com,Mid-size (11-50 agents),2026-10-08T01:36:55Z
CREAM-20261008-00530,Alexander Cook,Alexander Cook,Alexander,Cook,alexander.cook@coldwellbanker.com,(713) 593-7951,Coldwell Banker,Coldwell Banker,Arvada,Arvada,CO,80198,10,63,63,28064761,3.2,B,64,MLS Database,Independent,2026-10-08T23:13:32Z
CREAM-20261008-00531,Jacqueline Stewart,Jacqueline Stewart,Jacqueline,Stewart,jstewart@berkshirehathaway.com,(805) 949-1114,Berkshire Hathaway,Berkshire Hathaway,Winston-Salem,Winston-Salem,NC,27767,5,9,9,2863162,4.7,B,85,Cold Outreach,Large (51-200 agents),2026-10-08T09:32:17Z
CREAM-20261008-00532,Elizabeth Reed,Elizabeth Reed,Elizabeth,Reed,ereed@yahoo.com,(786) 829-2187,Cutler Real Estate,Cutler Real Estate,Dayton,Dayton,OH,43792,2,9,9,2045362,3.5,B,97,MLS Database,Independent,2026-10-08T17:37:08Z
CREAM-20261008-00533,Brittany Alexander,Brittany Alexander,Brittany,Alexander,balexander@yahoo.com,(786) 783-2789,Coldwell Banker,Coldwell Banker,Thornton,Thornton,CO,80839,2,9,9,4003371,4.1,B,97,Website Lead,Enterprise (200+ agents),2026-10-08T17:14:32Z
CREAM-20261008-00534,Timothy Walker,Timothy Walker,Timothy,Walker,timothy.walker@howardhanna.com,(310) 221-3192,Howard Hanna,Howard Hanna,Winston-Salem,Winston-Salem,NC,28512,0,0,0,0,4.8,B,90,Facebook,Large (51-200 agents),2026-10-08T14:16:56Z
CREAM-20261008-00535,Joshua Lewis,Joshua Lewis,Joshua,Lewis,joshual@re/max.com,(805) 452-4206,RE/MAX,RE/MAX,Winston-Salem,Winston-Salem,NC,28504,10,44,44,18205684,3.4,B,87,Facebook,Mid-size (11-50 agents),2026-10-08T09:31:32Z
CREAM-20261008-00536,Alan Allen,Alan Allen,Alan,Allen,alanallen@aol.com,(415) 452-5076,Briggs Freeman Sotheby's,Briggs Freeman Sotheby's,Corpus Christi,Corpus Christi,TX,79198,3,24,24,8194731,4.9,B,98,LinkedIn,Mid-size (11-50 agents),2026-10-08T01:06:01Z
CREAM-20261008-00537,Deborah Clark,Deborah Clark,Deborah,Clark,deborahc@icloud.com,(786) 573-9932,Nest Seekers,Nest Seekers,Buffalo,Buffalo,NY,12659,14,38,38,31463272,4.7,B,100,Referral Network,Enterprise (200+ agents),2026-10-08T22:24:28Z
CREAM-20261008-00538,Donna Phillips,Donna Phillips,Donna,Phillips,donna_phillips@outlook.com,(718) 928-1154,Coldwell Banker,Coldwell Banker,Bakersfield,Bakersfield,CA,96828,14,41,41,34345170,4.1,B,79,Trade Show,Enterprise (200+ agents),2026-10-08T09:00:30Z
CREAM-20261008-00539,Carol Lewis,Carol Lewis,Carol,Lewis,caroll@aol.com,(646) 338-2811,Coldwell Banker,Coldwell Banker,Thornton,Thornton,CO,80301,25,29,29,13576194,3.3,B,82,MLS Database,Mid-size (11-50 agents),2026-10-08T15:25:21Z
CREAM-20261008-00540,Sandra Hill,Sandra Hill,Sandra,Hill,sandrah@kellerwilliams.com,(980) 968-4563,Keller Williams,Keller Williams,Thornton,Thornton,CO,80766,14,36,36,15733117,4.9,B,74,LinkedIn,Mid-size (11-50 agents),2026-10-08T06:55:42Z
CREAM-20261008-00541,Edward Thompson,Edward Thompson,Edward,Thompson,ethompson@exprealty.com,(704) 430-8672,eXp Realty,eXp Realty,Chula Vista,Chula Vista,CA,95664,3,24,24,25948751,4.7,B,95,Website Lead,Independent,2026-10-08T08:30:22Z
CREAM-20261008-00542,Alan Alvarez,Alan Alvarez,Alan,Alvarez,alan.alvarez@aol.com,(602) 951-8219,Keller Williams,Keller Williams,Gilbert,Gilbert,AZ,85162,5,25,25,8896301,4.4,B,95,Facebook,Boutique (2-10 agents),2026-10-08T10:14:55Z
CREAM-20261008-00543,Walter Nelson,Walter Nelson,Walter,Nelson,walternelson@gmail.com,(404) 749-4708,Coldwell Banker,Coldwell Banker,Lubbock,Lubbock,TX,79101,25,68,68,27494883,4.5,B,77,Facebook,Boutique (2-10 agents),2026-10-08T08:28:18Z
CREAM-20261008-00544,Jerry Torres,Jerry Torres,Jerry,Torres,jerryt@outlook.com,(404) 591-5777,Keller Williams,Keller Williams,Glendale,Glendale,AZ,85165,3,23,23,9425946,3.2,B,72,Referral Network,Enterprise (200+ agents),2026-10-08T07:36:08Z
CREAM-20261008-00545,Scott Robinson,Scott Robinson,Scott,Robinson,scott_robinson@aol.com,(310) 279-7385,Keller Williams,Keller Williams,Akron,Akron,OH,45399,8,35,35,6635345,4.7,B,75,Trade Show,Boutique (2-10 agents),2026-10-08T17:55:32Z
CREAM-20261008-00546,David Smith,David Smith,David,Smith,david.smith@yahoo.com,(713) 900-7952,Coldwell Banker,Coldwell Banker,Cary,Cary,NC,27350,1,10,10,3452247,4.8,B,61,MLS Database,Boutique (2-10 agents),2026-10-08T13:45:35Z
CREAM-20261008-00547,Victoria Ramirez,Victoria Ramirez,Victoria,Ramirez,victoria.ramirez@kellerwilliams.com,(404) 557-6198,Keller Williams,Keller Williams,Syracuse,Syracuse,NY,12705,4,15,15,10625993,3.8,B,75,MLS Database,Boutique (2-10 agents),2026-10-08T19:34:04Z
CREAM-20261008-00548,Benjamin Martin,Benjamin Martin,Benjamin,Martin,benjaminmartin@icloud.com,(713) 416-8876,Douglas Elliman,Douglas Elliman,Port St. Lucie,Port St. Lucie,FL,34153,25,52,52,19764681,3.8,B,63,Facebook,Enterprise (200+ agents),2026-10-08T11:04:19Z
CREAM-20261008-00549,Catherine Thompson,Catherine Thompson,Catherine,Thompson,catherine.thompson@aol.com,(614) 281-1465,Berkshire Hathaway,Berkshire Hathaway,Lakewood,Lakewood,CO,81655,13,48,48,23582614,4.0,B,62,Website Lead,Mid-size (11-50 agents),2026-10-08T09:21:51Z
CREAM-20261008-00550,Rebecca Jones,Rebecca Jones,Rebecca,Jones,rjones@aol.com,(407) 257-8639,Douglas Elliman,Douglas Elliman,Garland,Garland,TX,77351,9,27,27,7047424,4.2,B,64,Trade Show,Boutique (2-10 agents),2026-10-08T00:40:43Z
CREAM-20261008-00551,Christine Gomez,Christine Gomez,Christine,Gomez,christine.gomez@outlook.com,(786) 599-6988,HomeSmart,HomeSmart,Glendale,Glendale,AZ,86402,16,25,25,7445683,3.0,B,96,Facebook,Mid-size (11-50 agents),2026-10-08T14:24:06Z
CREAM-20261008-00552,Frank Diaz,Frank Diaz,Frank,Diaz,frankd@me.com,(929) 531-4212,Keller Williams,Keller Williams,Arlington,Arlington,TX,75632,2,8,8,3245532,3.9,B,85,MLS Database,Independent,2026-10-08T02:41:47Z
CREAM-20261008-00553,Edward Nelson,Edward Nelson,Edward,Nelson,enelson@yahoo.com,(469) 631-9976,RE/MAX,RE/MAX,Dayton,Dayton,OH,44761,4,18,18,3381164,3.5,B,93,Referral Network,Large (51-200 agents),2026-10-08T16:12:33Z
CREAM-20261008-00554,Maria Morales,Maria Morales,Maria,Morales,mmorales@coldwellbanker.com,(916) 976-6818,Coldwell Banker,Coldwell Banker,Thornton,Thornton,CO,80985,7,17,17,7216040,4.6,B,68,MLS Database,Large (51-200 agents),2026-10-08T04:36:40Z
CREAM-20261008-00555,Nicole Howard,Nicole Howard,Nicole,Howard,nicole.howard@re/max.com,(614) 807-7964,RE/MAX,RE/MAX,Gilbert,Gilbert,AZ,85346,4,24,24,9917517,3.5,B,83,LinkedIn,Mid-size (11-50 agents),2026-10-08T06:50:02Z
CREAM-20261008-00556,Keith Kim,Keith Kim,Keith,Kim,keithk@russelllyonsothebys.com,(334) 626-1305,Russell Lyon Sotheby's,Russell Lyon Sotheby's,Chandler,Chandler,AZ,86983,2,9,9,4141023,4.0,B,93,Cold Outreach,Mid-size (11-50 agents),2026-10-08T03:08:48Z
CREAM-20261008-00557,Albert Cox,Albert Cox,Albert,Cox,albertcox@outlook.com,(916) 312-2333,eXp Realty,eXp Realty,Dayton,Dayton,OH,43823,5,14,14,2643427,3.7,B,85,Facebook,Independent,2026-10-08T18:48:36Z
CREAM-20261008-00558,Amy Johnson,Amy Johnson,Amy,Johnson,ajohnson@exprealty.com,(919) 408-4130,eXp Realty,eXp Realty,Durham,Durham,NC,28420,2,10,10,4492558,4.3,B,100,LinkedIn,Boutique (2-10 agents),2026-10-08T15:14:45Z
CREAM-20261008-00559,Lauren Walker,Lauren Walker,Lauren,Walker,lwalker@yahoo.com,(214) 859-6929,RE/MAX,RE/MAX,Lakewood,Lakewood,CO,81123,0,0,0,0,3.1,B,88,LinkedIn,Mid-size (11-50 agents),2026-10-08T12:46:41Z
CREAM-20261008-00560,Nicholas Chavez,Nicholas Chavez,Nicholas,Chavez,nchavez@compass.com,(214) 758-8784,Compass,Compass,Cape Coral,Cape Coral,FL,34246,7,16,16,6356082,4.0,B,75,Cold Outreach,Large (51-200 agents),2026-10-08T07:00:38Z
CREAM-20261008-00561,Nancy Chavez,Nancy Chavez,Nancy,Chavez,nancy_chavez@gmail.com,(407) 478-9155,Sotheby's International,Sotheby's International,Syracuse,Syracuse,NY,13643,7,26,26,21319830,3.6,B,92,Brokerage Listings,Enterprise (200+ agents),2026-10-08T23:51:14Z
CREAM-20261008-00562,Thomas Turner,Thomas Turner,Thomas,Turner,thomas.turner@gmail.com,(214) 762-3230,Berkshire Hathaway,Berkshire Hathaway,Garland,Garland,TX,79714,3,12,12,4465016,3.8,B,61,LinkedIn,Enterprise (200+ agents),2026-10-08T09:24:22Z
CREAM-20261008-00563,Mark Fisher,Mark Fisher,Mark,Fisher,mark_fisher@yahoo.com,(718) 751-1797,Keller Williams Realty,Keller Williams Realty,Hialeah,Hialeah,FL,32142,23,35,35,11709794,3.4,B,94,NAR Directory,Enterprise (200+ agents),2026-10-08T03:10:35Z
CREAM-20261008-00564,Dennis Lopez,Dennis Lopez,Dennis,Lopez,dennis.lopez@me.com,(212) 675-4585,Berkshire Hathaway,Berkshire Hathaway,Fayetteville,Fayetteville,NC,27674,4,20,20,7359296,4.1,B,82,Cold Outreach,Large (51-200 agents),2026-10-08T08:17:31Z
CREAM-20261008-00565,Thomas Nguyen,Thomas Nguyen,Thomas,Nguyen,thomasnguyen@yahoo.com,(720) 877-6468,eXp Realty,eXp Realty,Port St. Lucie,Port St. Lucie,FL,32910,16,28,28,9951766,5.0,B,76,Website Lead,Mid-size (11-50 agents),2026-10-08T09:33:32Z
CREAM-20261008-00566,Heather Ruiz,Heather Ruiz,Heather,Ruiz,heatherruiz@outlook.com,(407) 222-1507,Keller Williams,Keller Williams,Arlington,Arlington,TX,79341,0,4,4,1373397,4.2,B,62,MLS Database,Large (51-200 agents),2026-10-08T21:53:41Z
CREAM-20261008-00567,Gary Moore,Gary Moore,Gary,Moore,garymoore@outlook.com,(704) 328-8821,Century 21,Century 21,Pembroke Pines,Pembroke Pines,FL,33785,5,9,9,2684198,4.4,B,66,LinkedIn,Enterprise (200+ agents),2026-10-08T21:37:15Z
CREAM-20261008-00568,Ronald Powell,Ronald Powell,Ronald,Powell,ronald_powell@hotmail.com,(415) 529-2543,Keller Williams Realty,Keller Williams Realty,Riverside,Riverside,CA,96940,10,57,57,36558588,4.6,B,60,Referral Network,Enterprise (200+ agents),2026-10-08T05:52:00Z
CREAM-20261008-00569,Albert Lopez,Albert Lopez,Albert,Lopez,albertl@coldwellbanker.com,(805) 457-3300,Coldwell Banker,Coldwell Banker,Akron,Akron,OH,43550,4,13,13,3126544,4.4,B,93,Website Lead,Enterprise (200+ agents),2026-10-08T05:36:21Z
CREAM-20261008-00570,Maria Parker,Maria Parker,Maria,Parker,maria.parker@aol.com,(512) 288-8521,Douglas Elliman,Douglas Elliman,Port St. Lucie,Port St. Lucie,FL,33698,11,73,73,35358509,3.6,B,74,Referral Network,Enterprise (200+ agents),2026-10-08T20:07:25Z
CREAM-20261008-00571,Steven Morgan,Steven Morgan,Steven,Morgan,steven_morgan@outlook.com,(407) 952-2701,Russell Lyon Sotheby's,Russell Lyon Sotheby's,Tempe,Tempe,AZ,86792,3,19,19,7936515,4.6,B,71,MLS Database,Large (51-200 agents),2026-10-08T07:49:40Z
CREAM-20261008-00572,Debra Price,Debra Price,Debra,Price,debrap@icloud.com,(713) 844-4842,Coldwell Banker,Coldwell Banker,Port St. Lucie,Port St. Lucie,FL,32392,0,0,0,0,3.4,B,66,Brokerage Listings,Mid-size (11-50 agents),2026-10-08T07:41:22Z
CREAM-20261008-00573,Amy Phillips,Amy Phillips,Amy,Phillips,aphillips@cutlerrealestate.com,(805) 926-8596,Cutler Real Estate,Cutler Real Estate,Parma,Parma,OH,44889,0,5,5,1487689,4.0,B,96,NAR Directory,Large (51-200 agents),2026-10-08T04:47:48Z
CREAM-20261008-00574,Susan Flores,Susan Flores,Susan,Flores,susanf@kellerwilliams.com,(805) 688-4592,Keller Williams,Keller Williams,Fort Collins,Fort Collins,CO,80429,10,62,62,26149912,4.0,B,76,Facebook,Independent,2026-10-08T08:23:54Z
CREAM-20261008-00575,Albert Hernandez,Albert Hernandez,Albert,Hernandez,albert.hernandez@yahoo.com,(720) 407-6514,Century 21,Century 21,Pembroke Pines,Pembroke Pines,FL,34257,18,54,54,26517308,3.9,B,76,Website Lead,Enterprise (200+ agents),2026-10-08T20:44:26Z
CREAM-20261008-00576,David Reed,David Reed,David,Reed,dreed@aol.com,(704) 523-4517,8z Real Estate,8z Real Estate,Lakewood,Lakewood,CO,80996,2,9,9,5158952,3.2,B,77,LinkedIn,Mid-size (11-50 agents),2026-10-08T21:51:49Z
CREAM-20261008-00577,Scott Brown,Scott Brown,Scott,Brown,sbrown@berkshirehathaway.com,(513) 907-4463,Berkshire Hathaway,Berkshire Hathaway,Amarillo,Amarillo,TX,79998,12,42,42,14467654,4.7,B,70,MLS Database,Boutique (2-10 agents),2026-10-08T09:12:38Z
CREAM-20261008-00578,Justin Wright,Justin Wright,Justin,Wright,justin_wright@hotmail.com,(916) 553-7045,eXp Realty,eXp Realty,Winston-Salem,Winston-Salem,NC,28784,3,23,23,9239195,3.6,B,88,MLS Database,Boutique (2-10 agents),2026-10-08T06:51:13Z
CREAM-20261008-00579,Amanda Alvarez,Amanda Alvarez,Amanda,Alvarez,aalvarez@gmail.com,(718) 588-2891,Cutler Real Estate,Cutler Real Estate,Akron,Akron,OH,44924,23,34,34,6534538,3.2,B,68,NAR Directory,Large (51-200 agents),2026-10-08T11:24:49Z
CREAM-20261008-00580,Carl Jackson,Carl Jackson,Carl,Jackson,cjackson@cutlerrealestate.com,(646) 875-6845,Cutler Real Estate,Cutler Real Estate,Parma,Parma,OH,43591,5,16,16,4446839,4.7,B,62,NAR Directory,Boutique (2-10 agents),2026-10-08T20:59:50Z
CREAM-20261008-00581,Nicholas Reyes,Nicholas Reyes,Nicholas,Reyes,nicholasreyes@gmail.com,(415) 246-4444,Keller Williams,Keller Williams,Tempe,Tempe,AZ,86953,7,21,21,6568847,3.5,B,75,Website Lead,Large (51-200 agents),2026-10-08T06:11:10Z
CREAM-20261008-00582,Daniel Morales,Daniel Morales,Daniel,Morales,daniel_morales@me.com,(513) 321-6652,Cutler Real Estate,Cutler Real Estate,Toledo,Toledo,OH,45540,0,1,1,264960,4.3,B,90,LinkedIn,Enterprise (200+ agents),2026-10-08T11:56:15Z
CREAM-20261008-00583,Emma Watson,Emma Watson,Emma,Watson,emmaw@yahoo.com,(512) 593-3550,Keller Williams,Keller Williams,Cary,Cary,NC,27228,8,32,32,12864817,4.4,B,60,Brokerage Listings,Large (51-200 agents),2026-10-08T05:41:42Z
CREAM-20261008-00584,Lawrence Nelson,Lawrence Nelson,Lawrence,Nelson,lawrence.nelson@aol.com,(805) 462-5504,Briggs Freeman Sotheby's,Briggs Freeman Sotheby's,Arlington,Arlington,TX,76236,15,79,79,20388154,3.6,B,73,Trade Show,Enterprise (200+ agents),2026-10-08T19:59:32Z
CREAM-20261008-00585,Angela Reed,Angela Reed,Angela,Reed,areed@russelllyonsothebys.com,(713) 423-5225,Russell Lyon Sotheby's,Russell Lyon Sotheby's,Tempe,Tempe,AZ,86279,13,73,73,22648947,4.7,B,87,MLS Database,Enterprise (200+ agents),2026-10-08T00:35:26Z
CREAM-20261008-00586,Patrick Russell,Patrick Russell,Patrick,Russell,patrickr@douglaselliman.com,(786) 479-5796,Douglas Elliman,Douglas Elliman,Cape Coral,Cape Coral,FL,33705,24,77,77,33476318,4.1,B,75,Brokerage Listings,Enterprise (200+ agents),2026-10-08T01:33:37Z
CREAM-20261008-00587,Ralph Taylor,Ralph Taylor,Ralph,Taylor,ralpht@outlook.com,(972) 267-7175,Keller Williams Realty,Keller Williams Realty,Chula Vista,Chula Vista,CA,93185,12,62,62,65704270,3.1,B,68,Realtor.com,Boutique (2-10 agents),2026-10-08T16:25:52Z
CREAM-20261008-00588,Donna Evans,Donna Evans,Donna,Evans,donna.evans@gmail.com,(334) 439-9462,Douglas Elliman,Douglas Elliman,Yonkers,Yonkers,NY,11378,17,58,58,29481128,4.4,B,76,Trade Show,Enterprise (200+ agents),2026-10-08T17:19:39Z
CREAM-20261008-00589,Richard Miller,Richard Miller,Richard,Miller,rmiller@sothebysinternational.com,(614) 843-7536,Sotheby's International,Sotheby's International,Buffalo,Buffalo,NY,12867,5,23,23,16397019,4.4,B,81,Realtor.com,Independent,2026-10-08T18:53:27Z
CREAM-20261008-00590,Amber Robinson,Amber Robinson,Amber,Robinson,amber_robinson@hotmail.com,(415) 316-3785,Coldwell Banker,Coldwell Banker,Fresno,Fresno,CA,94846,4,23,23,21020127,4.4,B,95,Facebook,Mid-size (11-50 agents),2026-10-08T21:01:40Z
CREAM-20261008-00591,William Reed,William Reed,William,Reed,william.reed@century21.com,(513) 326-2055,Century 21,Century 21,Hialeah,Hialeah,FL,34128,16,64,64,31598350,4.0,B,60,MLS Database,Boutique (2-10 agents),2026-10-08T02:45:41Z
CREAM-20261008-00592,Maria Collins,Maria Collins,Maria,Collins,mariacollins@outlook.com,(512) 323-6227,RE/MAX,RE/MAX,Gilbert,Gilbert,AZ,86929,0,3,3,1099008,3.0,B,62,MLS Database,Enterprise (200+ agents),2026-10-08T14:23:21Z
CREAM-20261008-00593,Julia Sanders,Julia Sanders,Julia,Sanders,julias@yahoo.com,(980) 259-2316,Century 21,Century 21,Port St. Lucie,Port St. Lucie,FL,33337,11,29,29,12897807,3.0,B,95,Trade Show,Enterprise (200+ agents),2026-10-08T12:49:01Z
CREAM-20261008-00594,Wayne Rogers,Wayne Rogers,Wayne,Rogers,wayne.rogers@re/max.com,(512) 306-8051,RE/MAX,RE/MAX,Lakewood,Lakewood,CO,80782,13,71,71,45210088,3.7,B,69,MLS Database,Independent,2026-10-08T21:39:21Z
CREAM-20261008-00595,Jack Cook,Jack Cook,Jack,Cook,jackcook@me.com,(704) 634-8015,Compass,Compass,Pembroke Pines,Pembroke Pines,FL,34162,19,47,47,14583420,3.9,B,88,MLS Database,Mid-size (11-50 agents),2026-10-08T18:43:58Z
CREAM-20261008-00596,Walter Sullivan,Walter Sullivan,Walter,Sullivan,walters@russelllyonsothebys.com,(214) 396-1833,Russell Lyon Sotheby's,Russell Lyon Sotheby's,Tempe,Tempe,AZ,85574,19,64,64,30423252,4.2,B,78,Trade Show,Large (51-200 agents),2026-10-08T02:15:05Z
CREAM-20261008-00597,Jerry Thompson,Jerry Thompson,Jerry,Thompson,jthompson@kellerwilliams.com,(404) 537-7171,Keller Williams,Keller Williams,Chandler,Chandler,AZ,85499,0,5,5,1940964,4.5,B,81,LinkedIn,Large (51-200 agents),2026-10-08T16:42:41Z
CREAM-20261008-00598,Elizabeth Myers,Elizabeth Myers,Elizabeth,Myers,elizabeth_myers@aol.com,(919) 927-9728,Long Realty,Long Realty,Glendale,Glendale,AZ,85434,1,7,7,3005999,4.6,B,84,NAR Directory,Independent,2026-10-08T13:05:19Z
CREAM-20261008-00599,Robert Young,Robert Young,Robert,Young,robert.young@aol.com,(786) 705-7703,Allie Beth Allman,Allie Beth Allman,Irving,Irving,TX,78209,1,4,4,1327747,3.7,B,95,Website Lead,Enterprise (200+ agents),2026-10-08T18:43:47Z
CREAM-20261008-00600,Jerry Rogers,Jerry Rogers,Jerry,Rogers,jrogers@kellerwilliams.com,(214) 201-3796,Keller Williams,Keller Williams,Cary,Cary,NC,28215,1,8,8,2846040,4.4,B,88,Trade Show,Enterprise (200+ agents),2026-10-08T04:20:09Z
CREAM-20261008-00601,Daniel Ramirez,Daniel Ramirez,Daniel,Ramirez,daniel_ramirez@icloud.com,(919) 696-2355,Compass,Compass,Winston-Salem,Winston-Salem,NC,27700,5,8,8,3355423,4.6,B,92,Facebook,Large (51-200 agents),2026-10-08T01:05:04Z
CREAM-20261008-00602,Heather Rivera,Heather Rivera,Heather,Rivera,heatherr@icloud.com,(234) 298-8946,Berkshire Hathaway,Berkshire Hathaway,Dayton,Dayton,OH,43121,6,39,39,12194308,4.5,B,80,Trade Show,Mid-size (11-50 agents),2026-10-08T19:23:35Z
CREAM-20261008-00603,Debra Robinson,Debra Robinson,Debra,Robinson,drobinson@icloud.com,(512) 380-5715,Keller Williams,Keller Williams,Albany,Albany,NY,14561,11,74,74,41782639,3.3,B,74,Facebook,Large (51-200 agents),2026-10-08T20:26:52Z
CREAM-20261008-00604,Rebecca Adams,Rebecca Adams,Rebecca,Adams,rebecca.adams@kellerwilliamsrealty.com,(714) 908-1440,Keller Williams Realty,Keller Williams Realty,Tallahassee,Tallahassee,FL,34587,24,26,26,10772440,4.3,B,94,Referral Network,Mid-size (11-50 agents),2026-10-08T22:43:33Z
CREAM-20261008-00605,Gary Smith,Gary Smith,Gary,Smith,garysmith@yahoo.com,(234) 237-8913,LIV Sotheby's,LIV Sotheby's,Fort Collins,Fort Collins,CO,80646,3,11,11,7784847,3.7,B,93,Trade Show,Enterprise (200+ agents),2026-10-08T12:31:01Z
CREAM-20261008-00606,Dorothy Walker,Dorothy Walker,Dorothy,Walker,dorothywalker@yahoo.com,(415) 467-1879,RE/MAX,RE/MAX,Glendale,Glendale,AZ,85166,1,7,7,2553660,3.4,B,81,Website Lead,Independent,2026-10-08T20:57:17Z
CREAM-20261008-00607,Thomas Carter,Thomas Carter,Thomas,Carter,tcarter@icloud.com,(614) 998-6526,Nest Seekers,Nest Seekers,Syracuse,Syracuse,NY,11539,1,3,3,2142316,3.2,B,99,Brokerage Listings,Independent,2026-10-08T16:34:25Z
CREAM-20261008-00608,Rebecca Miller,Rebecca Miller,Rebecca,Miller,rmiller@homesmart.com,(718) 755-1121,HomeSmart,HomeSmart,Tempe,Tempe,AZ,86629,18,35,35,16222256,3.0,B,66,Realtor.com,Boutique (2-10 agents),2026-10-08T00:24:03Z
CREAM-20261008-00609,Brian Parker,Brian Parker,Brian,Parker,brian.parker@aol.com,(805) 662-3777,Berkshire Hathaway,Berkshire Hathaway,Glendale,Glendale,AZ,85244,3,19,19,5824098,4.6,B,68,LinkedIn,Mid-size (11-50 agents),2026-10-08T13:46:18Z
CREAM-20261008-00610,Lawrence Anderson,Lawrence Anderson,Lawrence,Anderson,lawrencea@aol.com,(916) 372-1235,Keller Williams Realty,Keller Williams Realty,Anaheim,Anaheim,CA,92592,19,43,43,25615077,4.2,B,92,LinkedIn,Large (51-200 agents),2026-10-08T19:35:57Z
CREAM-20261008-00611,Elizabeth Morris,Elizabeth Morris,Elizabeth,Morris,emorris@outlook.com,(404) 769-7865,Compass,Compass,Thornton,Thornton,CO,81107,1,7,7,3049075,3.9,B,82,Facebook,Mid-size (11-50 agents),2026-10-08T03:26:49Z
CREAM-20261008-00612,David Castillo,David Castillo,David,Castillo,david_castillo@icloud.com,(415) 743-8513,RE/MAX,RE/MAX,Irving,Irving,TX,75612,5,22,22,8662164,4.5,B,90,MLS Database,Mid-size (11-50 agents),2026-10-08T08:12:28Z
CREAM-20261008-00613,Kenneth Sanders,Kenneth Sanders,Kenneth,Sanders,kenneth.sanders@exprealty.com,(646) 806-9643,eXp Realty,eXp Realty,Dayton,Dayton,OH,45756,19,70,70,22097113,4.7,B,99,NAR Directory,Mid-size (11-50 agents),2026-10-08T16:27:27Z
CREAM-20261008-00614,Danielle Lopez,Danielle Lopez,Danielle,Lopez,daniellel@icloud.com,(916) 407-1289,Cutler Real Estate,Cutler Real Estate,Parma,Parma,OH,44203,2,12,12,3134396,4.1,B,96,Facebook,Large (51-200 agents),2026-10-08T04:35:35Z
CREAM-20261008-00615,Roger Gomez,Roger Gomez,Roger,Gomez,roger.gomez@me.com,(614) 661-1894,Keller Williams Realty,Keller Williams Realty,Chula Vista,Chula Vista,CA,95750,5,21,21,13685918,4.3,B,66,MLS Database,Enterprise (200+ agents),2026-10-08T17:25:35Z
CREAM-20261008-00616,Mark Scott,Mark Scott,Mark,Scott,mscott@gmail.com,(646) 988-2661,Douglas Elliman,Douglas Elliman,Albany,Albany,NY,11153,0,3,3,1888949,3.6,B,92,Trade Show,Mid-size (11-50 agents),2026-10-08T08:30:21Z
CREAM-20261008-00617,David Torres,David Torres,David,Torres,dtorres@gmail.com,(614) 531-6919,Keller Williams,Keller Williams,Lakewood,Lakewood,CO,80234,6,25,25,12414174,3.6,B,95,MLS Database,Large (51-200 agents),2026-10-08T02:08:22Z
CREAM-20261008-00618,Katherine Hill,Katherine Hill,Katherine,Hill,khill@yahoo.com,(212) 530-3800,Nest Seekers,Nest Seekers,Yonkers,Yonkers,NY,14337,22,50,50,34974563,4.2,B,62,Brokerage Listings,Boutique (2-10 agents),2026-10-08T05:53:34Z
CREAM-20261008-00619,Jacob Jones,Jacob Jones,Jacob,Jones,jacob_jones@gmail.com,(718) 698-4446,Coldwell Banker,Coldwell Banker,Lakewood,Lakewood,CO,80356,24,68,68,40052752,4.8,B,85,Cold Outreach,Independent,2026-10-08T13:07:13Z
CREAM-20261008-00620,Cynthia Reed,Cynthia Reed,Cynthia,Reed,cynthia.reed@aol.com,(646) 415-6226,Coldwell Banker,Coldwell Banker,Dayton,Dayton,OH,44706,1,6,6,1491818,3.8,B,86,Cold Outreach,Boutique (2-10 agents),2026-10-08T16:03:57Z
CREAM-20261008-00621,Samantha Brown,Samantha Brown,Samantha,Brown,sbrown@coldwellbanker.com,(212) 995-6996,Coldwell Banker,Coldwell Banker,Thornton,Thornton,CO,80502,5,20,20,10279877,3.8,B,85,Brokerage Listings,Enterprise (200+ agents),2026-10-08T07:41:58Z
CREAM-20261008-00622,Amber Evans,Amber Evans,Amber,Evans,amberevans@icloud.com,(602) 363-4386,Coldwell Banker,Coldwell Banker,Arvada,Arvada,CO,80109,1,8,8,3406915,3.3,B,72,Cold Outreach,Mid-size (11-50 agents),2026-10-08T04:03:36Z
CREAM-20261008-00623,Keith Morgan,Keith Morgan,Keith,Morgan,kmorgan@gmail.com,(972) 404-6004,RE/MAX,RE/MAX,Cape Coral,Cape Coral,FL,32247,4,25,25,10195441,3.8,B,75,Trade Show,Independent,2026-10-08T00:39:09Z
CREAM-20261008-00624,Samantha Walker,Samantha Walker,Samantha,Walker,swalker@yahoo.com,(786) 538-3971,Berkshire Hathaway,Berkshire Hathaway,Fort Collins,Fort Collins,CO,80741,1,11,11,5374746,4.6,B,86,Realtor.com,Enterprise (200+ agents),2026-10-08T18:45:24Z
CREAM-20261008-00625,Theresa Walker,Theresa Walker,Theresa,Walker,theresawalker@aol.com,(404) 384-4335,Coldwell Banker,Coldwell Banker,Fresno,Fresno,CA,95562,4,14,14,10274582,3.3,B,96,Brokerage Listings,Independent,2026-10-08T20:10:24Z
CREAM-20261008-00626,Elizabeth Martin,Elizabeth Martin,Elizabeth,Martin,elizabethm@icloud.com,(214) 731-2662,Sotheby's International,Sotheby's International,Fresno,Fresno,CA,96799,1,3,3,2119461,3.5,B,88,NAR Directory,Enterprise (200+ agents),2026-10-08T17:37:21Z
CREAM-20261008-00627,Louis Sanchez,Louis Sanchez,Louis,Sanchez,louiss@gmail.com,(704) 674-8590,Berkshire Hathaway,Berkshire Hathaway,Irving,Irving,TX,79974,12,46,46,12904616,4.0,B,62,Facebook,Large (51-200 agents),2026-10-08T06:47:39Z
CREAM-20261008-00628,Carl Jimenez,Carl Jimenez,Carl,Jimenez,carlj@hotmail.com,(334) 226-2329,Coldwell Banker,Coldwell Banker,Cape Coral,Cape Coral,FL,33250,5,25,25,12424946,3.5,B,69,Facebook,Boutique (2-10 agents),2026-10-08T20:32:18Z
CREAM-20261008-00629,Laura Smith,Laura Smith,Laura,Smith,laura.smith@re/max.com,(714) 833-8973,RE/MAX,RE/MAX,Garland,Garland,TX,75229,4,12,12,3627512,3.0,B,67,Cold Outreach,Enterprise (200+ agents),2026-10-08T08:51:29Z
CREAM-20261008-00630,Ashley Myers,Ashley Myers,Ashley,Myers,ashleym@pacificsothebys.com,(310) 738-5780,Pacific Sotheby's,Pacific Sotheby's,Anaheim,Anaheim,CA,90884,0,3,3,2949416,4.1,B,87,Website Lead,Boutique (2-10 agents),2026-10-08T03:17:14Z
CREAM-20261008-00631,Gregory Fisher,Gregory Fisher,Gregory,Fisher,gregory.fisher@outlook.com,(786) 420-5472,Keller Williams,Keller Williams,Cary,Cary,NC,28288,10,65,65,25194471,3.5,B,88,Website Lead,Enterprise (200+ agents),2026-10-08T01:27:43Z
CREAM-20261008-00632,Timothy Lee,Timothy Lee,Timothy,Lee,timothy.lee@compass.com,(407) 866-6042,Compass,Compass,Fayetteville,Fayetteville,NC,27580,4,15,15,5282162,4.9,B,72,Facebook,Large (51-200 agents),2026-10-08T02:11:31Z
CREAM-20261008-00633,Philip Taylor,Philip Taylor,Philip,Taylor,philip.taylor@yahoo.com,(310) 236-2505,RE/MAX,RE/MAX,Port St. Lucie,Port St. Lucie,FL,33395,25,39,39,16499340,3.2,B,91,LinkedIn,Enterprise (200+ agents),2026-10-08T17:09:06Z
CREAM-20261008-00634,Arthur Allen,Arthur Allen,Arthur,Allen,arthura@gmail.com,(512) 241-3882,Brown Harris Stevens,Brown Harris Stevens,New Rochelle,New Rochelle,NY,11992,0,0,0,0,3.7,B,61,Cold Outreach,Mid-size (11-50 agents),2026-10-08T15:11:35Z
CREAM-20261008-00635,Patricia Rogers,Patricia Rogers,Patricia,Rogers,patriciar@exprealty.com,(980) 507-6718,eXp Realty,eXp Realty,Thornton,Thornton,CO,81983,10,28,28,17013166,4.5,B,64,NAR Directory,Enterprise (200+ agents),2026-10-08T14:40:30Z
CREAM-20261008-00636,Paul Price,Paul Price,Paul,Price,paul.price@russelllyonsothebys.com,(407) 874-4726,Russell Lyon Sotheby's,Russell Lyon Sotheby's,Tempe,Tempe,AZ,86346,23,46,46,20973627,3.1,B,98,MLS Database,Large (51-200 agents),2026-10-08T16:51:03Z
CREAM-20261008-00637,Mary Wilson,Mary Wilson,Mary,Wilson,marywilson@icloud.com,(407) 916-1087,eXp Realty,eXp Realty,Fayetteville,Fayetteville,NC,27386,0,3,3,935086,3.6,B,62,Brokerage Listings,Large (51-200 agents),2026-10-08T21:02:47Z
CREAM-20261008-00638,Emily Murphy,Emily Murphy,Emily,Murphy,emurphy@gmail.com,(512) 723-9743,Coldwell Banker,Coldwell Banker,Stockton,Stockton,CA,91878,17,50,50,33814701,3.5,B,89,Referral Network,Enterprise (200+ agents),2026-10-08T10:14:21Z
CREAM-20261008-00639,Jonathan Jimenez,Jonathan Jimenez,Jonathan,Jimenez,jonathan_jimenez@icloud.com,(310) 632-9838,8z Real Estate,8z Real Estate,Lakewood,Lakewood,CO,80167,20,49,49,18919576,4.3,B,77,NAR Directory,Enterprise (200+ agents),2026-10-08T10:05:40Z
CREAM-20261008-00640,Catherine Lopez,Catherine Lopez,Catherine,Lopez,clopez@yahoo.com,(305) 794-5310,Compass,Compass,Lakewood,Lakewood,CO,81638,18,74,74,40969277,4.9,B,79,MLS Database,Mid-size (11-50 agents),2026-10-08T15:25:29Z
CREAM-20261008-00641,Brenda Moore,Brenda Moore,Brenda,Moore,brendam@aol.com,(916) 598-9133,Compass,Compass,Winston-Salem,Winston-Salem,NC,28801,0,0,0,0,3.0,B,87,Website Lead,Enterprise (200+ agents),2026-10-08T21:17:42Z
CREAM-20261008-00642,Joseph Evans,Joseph Evans,Joseph,Evans,jevans@exprealty.com,(404) 257-5892,eXp Realty,eXp Realty,Cary,Cary,NC,28853,6,27,27,11189081,3.1,B,76,NAR Directory,Independent,2026-10-08T20:10:39Z
CREAM-20261008-00643,John Rogers,John Rogers,John,Rogers,johnr@me.com,(310) 557-2556,Keller Williams,Keller Williams,Arlington,Arlington,TX,76372,2,10,10,3189260,4.8,B,68,Website Lead,Boutique (2-10 agents),2026-10-08T10:09:29Z
CREAM-20261008-00644,Jessica Allen,Jessica Allen,Jessica,Allen,jessicaallen@hotmail.com,(718) 431-5523,Coldwell Banker,Coldwell Banker,Amarillo,Amarillo,TX,76175,3,10,10,3368740,3.7,B,97,Brokerage Listings,Mid-size (11-50 agents),2026-10-08T02:33:11Z
CREAM-20261008-00645,Betty Stewart,Betty Stewart,Betty,Stewart,bettys@me.com,(720) 284-1852,Compass,Compass,Yonkers,Yonkers,NY,14796,22,26,26,13883795,3.2,B,63,Cold Outreach,Large (51-200 agents),2026-10-08T16:33:36Z
CREAM-20261008-00646,David Hill,David Hill,David,Hill,davidh@icloud.com,(415) 566-5555,Compass,Compass,Hollywood,Hollywood,FL,32388,0,5,5,1720520,4.8,B,70,Brokerage Listings,Large (51-200 agents),2026-10-08T02:50:54Z
CREAM-20261008-00647,Carol Jones,Carol Jones,Carol,Jones,carolj@kellerwilliamsrealty.com,(646) 470-8868,Keller Williams Realty,Keller Williams Realty,Hollywood,Hollywood,FL,34499,16,29,29,15486578,3.0,B,67,Facebook,Enterprise (200+ agents),2026-10-08T20:00:20Z
CREAM-20261008-00648,Raymond Jimenez,Raymond Jimenez,Raymond,Jimenez,raymondjimenez@icloud.com,(334) 798-3647,Keller Williams,Keller Williams,Cary,Cary,NC,27429,16,46,46,15396089,3.2,B,92,LinkedIn,Enterprise (200+ agents),2026-10-08T00:52:47Z
CREAM-20261008-00649,Matthew Sanchez,Matthew Sanchez,Matthew,Sanchez,matthew_sanchez@me.com,(305) 418-6290,Berkshire Hathaway,Berkshire Hathaway,Garland,Garland,TX,78753,5,16,16,5099594,3.5,B,81,MLS Database,Large (51-200 agents),2026-10-08T20:08:36Z
CREAM-20261008-00650,Andrew Nguyen,Andrew Nguyen,Andrew,Nguyen,andrewn@sothebysinternational.com,(305) 665-9799,Sotheby's International,Sotheby's International,Bakersfield,Bakersfield,CA,94326,16,38,38,35893376,4.7,B,86,Cold Outreach,Large (51-200 agents),2026-10-08T04:31:39Z
CREAM-20261008-00651,Gloria Miller,Gloria Miller,Gloria,Miller,gloriamiller@aol.com,(512) 850-1006,Keller Williams,Keller Williams,Irving,Irving,TX,75988,1,6,6,2302127,4.5,B,71,Realtor.com,Boutique (2-10 agents),2026-10-08T02:51:12Z
CREAM-20261008-00652,Carolyn Mendoza,Carolyn Mendoza,Carolyn,Mendoza,cmendoza@kellerwilliams.com,(646) 857-1310,Keller Williams,Keller Williams,Arvada,Arvada,CO,81219,2,8,8,4288266,3.6,B,77,LinkedIn,Large (51-200 agents),2026-10-08T02:31:35Z
CREAM-20261008-00653,Debra Collins,Debra Collins,Debra,Collins,debra_collins@gmail.com,(234) 664-8333,Keller Williams Realty,Keller Williams Realty,Fresno,Fresno,CA,92676,4,19,19,14445326,4.4,B,83,Trade Show,Mid-size (11-50 agents),2026-10-08T20:40:11Z
CREAM-20261008-00654,Jacqueline Taylor,Jacqueline Taylor,Jacqueline,Taylor,jtaylor@me.com,(512) 556-8455,eXp Realty,eXp Realty,Lubbock,Lubbock,TX,77705,6,28,28,11192598,4.3,B,89,MLS Database,Independent,2026-10-08T15:53:37Z
CREAM-20261008-00655,Gary Scott,Gary Scott,Gary,Scott,garyscott@aol.com,(415) 445-1057,RE/MAX,RE/MAX,Gilbert,Gilbert,AZ,85563,1,10,10,5003044,3.5,B,89,MLS Database,Mid-size (11-50 agents),2026-10-08T10:38:34Z
CREAM-20261008-00656,Janet Coleman,Janet Coleman,Janet,Coleman,janet.coleman@exprealty.com,(214) 696-3549,eXp Realty,eXp Realty,Hollywood,Hollywood,FL,32765,5,22,22,7260281,4.7,B,84,Facebook,Boutique (2-10 agents),2026-10-08T20:49:36Z
CREAM-20261008-00657,Richard Brown,Richard Brown,Richard,Brown,richardb@aol.com,(415) 730-7451,Sotheby's International,Sotheby's International,Buffalo,Buffalo,NY,11635,15,38,38,27363997,4.1,B,75,Trade Show,Enterprise (200+ agents),2026-10-08T23:19:06Z
CREAM-20261008-00658,Mark Alvarez,Mark Alvarez,Mark,Alvarez,malvarez@compass.com,(929) 556-9163,Compass,Compass,Thornton,Thornton,CO,80637,7,18,18,7985320,3.8,B,62,MLS Database,Mid-size (11-50 agents),2026-10-08T23:11:44Z
CREAM-20261008-00659,Janet Diaz,Janet Diaz,Janet,Diaz,janetdiaz@aol.com,(786) 490-2019,Brown Harris Stevens,Brown Harris Stevens,Yonkers,Yonkers,NY,11731,0,5,5,2578879,3.9,B,65,MLS Database,Mid-size (11-50 agents),2026-10-08T12:02:42Z
CREAM-20261008-00660,Diane Turner,Diane Turner,Diane,Turner,diane_turner@gmail.com,(512) 268-9134,Keller Williams Realty,Keller Williams Realty,Hialeah,Hialeah,FL,32968,11,27,27,10751854,3.7,B,69,Website Lead,Boutique (2-10 agents),2026-10-08T16:00:02Z
CREAM-20261008-00661,Danielle Wood,Danielle Wood,Danielle,Wood,daniellew@berkshirehathaway.com,(513) 634-8035,Berkshire Hathaway,Berkshire Hathaway,Gilbert,Gilbert,AZ,85383,0,5,5,2557252,4.8,B,100,NAR Directory,Large (51-200 agents),2026-10-08T22:03:15Z
CREAM-20261008-00662,James White,James White,James,White,jameswhite@hotmail.com,(212) 792-5028,Coldwell Banker,Coldwell Banker,Arvada,Arvada,CO,81339,3,25,25,9996526,3.6,B,83,NAR Directory,Boutique (2-10 agents),2026-10-08T19:04:17Z
CREAM-20261008-00663,Anthony Long,Anthony Long,Anthony,Long,anthony_long@outlook.com,(310) 640-3085,RE/MAX,RE/MAX,Riverside,Riverside,CA,90115,2,5,5,3058069,4.9,B,97,Referral Network,Boutique (2-10 agents),2026-10-08T07:26:42Z
CREAM-20261008-00664,Mark Long,Mark Long,Mark,Long,markl@kellerwilliams.com,(512) 464-3265,Keller Williams,Keller Williams,Durham,Durham,NC,27321,7,39,39,11738290,3.3,B,81,Cold Outreach,Large (51-200 agents),2026-10-08T17:34:46Z
CREAM-20261008-00665,Aaron Wright,Aaron Wright,Aaron,Wright,awright@gmail.com,(212) 603-4860,Sotheby's International,Sotheby's International,Syracuse,Syracuse,NY,12852,3,18,18,11245792,3.3,B,62,LinkedIn,Independent,2026-10-08T11:22:25Z
CREAM-20261008-00666,Kevin Sanchez,Kevin Sanchez,Kevin,Sanchez,ksanchez@me.com,(646) 377-3963,Coldwell Banker,Coldwell Banker,Bakersfield,Bakersfield,CA,96405,8,40,40,37358385,3.3,B,81,Trade Show,Independent,2026-10-08T23:44:32Z
CREAM-20261008-00667,Linda Baker,Linda Baker,Linda,Baker,linda.baker@kellerwilliams.com,(404) 303-3469,Keller Williams,Keller Williams,Fort Collins,Fort Collins,CO,81796,23,75,75,41517595,4.7,B,75,Brokerage Listings,Independent,2026-10-08T03:01:25Z
CREAM-20261008-00668,Pamela Reed,Pamela Reed,Pamela,Reed,pamelar@hotmail.com,(786) 292-2925,eXp Realty,eXp Realty,Parma,Parma,OH,44692,17,32,32,6657752,4.5,B,89,NAR Directory,Independent,2026-10-08T13:59:32Z
CREAM-20261008-00669,Shirley Stewart,Shirley Stewart,Shirley,Stewart,sstewart@me.com,(916) 584-2425,Century 21,Century 21,Cape Coral,Cape Coral,FL,33429,1,12,12,4332167,4.9,B,99,Facebook,Independent,2026-10-08T19:50:35Z
CREAM-20261008-00670,Elizabeth Lee,Elizabeth Lee,Elizabeth,Lee,elee@aol.com,(786) 784-3084,Keller Williams,Keller Williams,Durham,Durham,NC,28736,5,9,9,3858849,5.0,B,88,Website Lead,Large (51-200 agents),2026-10-08T18:30:50Z
CREAM-20261008-00671,Barbara Torres,Barbara Torres,Barbara,Torres,barbara.torres@icloud.com,(980) 804-8634,HomeSmart,HomeSmart,Tempe,Tempe,AZ,85924,2,11,11,3644132,4.2,B,63,LinkedIn,Independent,2026-10-08T01:15:39Z
CREAM-20261008-00672,Elizabeth Scott,Elizabeth Scott,Elizabeth,Scott,escott@yahoo.com,(234) 816-4642,Compass,Compass,Bakersfield,Bakersfield,CA,90758,2,10,10,7818622,4.2,B,64,Trade Show,Enterprise (200+ agents),2026-10-08T16:13:09Z
CREAM-20261008-00673,Theresa Wilson,Theresa Wilson,Theresa,Wilson,theresawilson@me.com,(718) 963-8091,Nest Seekers,Nest Seekers,Buffalo,Buffalo,NY,13142,10,79,79,60560232,3.4,B,90,Brokerage Listings,Independent,2026-10-08T20:49:12Z
CREAM-20261008-00674,Christine Sanders,Christine Sanders,Christine,Sanders,csanders@gmail.com,(512) 292-9676,Compass,Compass,Hialeah,Hialeah,FL,32572,0,5,5,2478188,3.8,B,75,Cold Outreach,Large (51-200 agents),2026-10-08T12:33:13Z
CREAM-20261008-00675,Keith Rodriguez,Keith Rodriguez,Keith,Rodriguez,keithr@re/max.com,(469) 782-2447,RE/MAX,RE/MAX,Glendale,Glendale,AZ,86757,5,13,13,6580605,3.4,B,78,Trade Show,Enterprise (200+ agents),2026-10-08T22:59:30Z
CREAM-20261008-00676,Joseph Thomas,Joseph Thomas,Joseph,Thomas,jthomas@hotmail.com,(786) 871-9332,Keller Williams,Keller Williams,Cary,Cary,NC,28274,11,80,80,25953317,3.3,B,80,Brokerage Listings,Mid-size (11-50 agents),2026-10-08T06:23:50Z
CREAM-20261008-00677,Jennifer Gutierrez,Jennifer Gutierrez,Jennifer,Gutierrez,jenniferg@hotmail.com,(404) 991-2516,Compass,Compass,Durham,Durham,NC,27716,11,44,44,12359267,4.8,B,85,Referral Network,Enterprise (200+ agents),2026-10-08T16:30:00Z
CREAM-20261008-00678,Thomas Coleman,Thomas Coleman,Thomas,Coleman,tcoleman@yahoo.com,(980) 797-7769,Century 21,Century 21,Tallahassee,Tallahassee,FL,32455,18,50,50,17802647,3.4,B,63,Cold Outreach,Large (51-200 agents),2026-10-08T03:26:11Z
CREAM-20261008-00679,Emily Perez,Emily Perez,Emily,Perez,emily.perez@allentate.com,(310) 220-1416,Allen Tate,Allen Tate,Cary,Cary,NC,28664,4,18,18,5455180,4.7,B,67,MLS Database,Large (51-200 agents),2026-10-08T02:49:48Z
CREAM-20261008-00680,Karen Campbell,Karen Campbell,Karen,Campbell,karen.campbell@longrealty.com,(404) 507-4409,Long Realty,Long Realty,Gilbert,Gilbert,AZ,85947,1,5,5,2281073,4.6,B,100,Facebook,Large (51-200 agents),2026-10-08T07:36:55Z
CREAM-20261008-00681,Ronald Rodriguez,Ronald Rodriguez,Ronald,Rodriguez,ronaldr@exprealty.com,(512) 752-4416,eXp Realty,eXp Realty,Fayetteville,Fayetteville,NC,27907,21,49,49,14173671,4.6,B,75,NAR Directory,Mid-size (11-50 agents),2026-10-08T00:04:23Z
CREAM-20261008-00682,Susan Foster,Susan Foster,Susan,Foster,susanfoster@hotmail.com,(980) 797-5167,Century 21,Century 21,Pembroke Pines,Pembroke Pines,FL,34633,2,6,6,2741169,4.6,B,76,Facebook,Large (51-200 agents),2026-10-08T14:08:05Z
CREAM-20261008-00683,Wayne Wright,Wayne Wright,Wayne,Wright,wwright@kellerwilliams.com,(469) 822-1145,Keller Williams,Keller Williams,Garland,Garland,TX,78587,7,19,19,6687724,4.6,B,98,Cold Outreach,Independent,2026-10-08T13:19:37Z
CREAM-20261008-00684,Ralph Harris,Ralph Harris,Ralph,Harris,ralphharris@icloud.com,(720) 298-1088,Howard Hanna,Howard Hanna,Durham,Durham,NC,27168,3,12,12,4537889,3.3,B,92,MLS Database,Independent,2026-10-08T14:27:34Z
CREAM-20261008-00685,Emma Ortiz,Emma Ortiz,Emma,Ortiz,emma.ortiz@aol.com,(256) 807-6799,Keller Williams,Keller Williams,Cary,Cary,NC,27261,4,9,9,3974998,4.3,B,94,Facebook,Independent,2026-10-08T21:38:18Z
CREAM-20261008-00686,Ashley Martinez,Ashley Martinez,Ashley,Martinez,ashleym@me.com,(614) 524-7766,RE/MAX,RE/MAX,Glendale,Glendale,AZ,85380,3,21,21,7169331,3.7,B,89,Website Lead,Mid-size (11-50 agents),2026-10-08T07:30:20Z
CREAM-20261008-00687,Louis King,Louis King,Louis,King,lking@re/max.com,(720) 559-1497,RE/MAX,RE/MAX,Parma,Parma,OH,43651,7,15,15,4593590,4.8,B,70,Website Lead,Boutique (2-10 agents),2026-10-08T10:17:30Z
CREAM-20261008-00688,Patrick Long,Patrick Long,Patrick,Long,patrick.long@huntingtonrealestate.com,(718) 288-8667,Huntington Real Estate,Huntington Real Estate,Dayton,Dayton,OH,43156,5,22,22,7136522,3.5,B,62,Brokerage Listings,Large (51-200 agents),2026-10-08T13:11:49Z
CREAM-20261008-00689,Juan Garcia,Juan Garcia,Juan,Garcia,juan.garcia@aol.com,(513) 579-7055,Keller Williams Realty,Keller Williams Realty,Fresno,Fresno,CA,96732,8,25,25,15785124,3.5,B,95,Trade Show,Mid-size (11-50 agents),2026-10-08T23:20:36Z
CREAM-20261008-00690,Janet Rogers,Janet Rogers,Janet,Rogers,jrogers@re/max.com,(512) 411-1995,RE/MAX,RE/MAX,Tempe,Tempe,AZ,85499,22,70,70,22034978,3.9,B,85,Website Lead,Mid-size (11-50 agents),2026-10-08T08:27:57Z
CREAM-20261008-00691,Gary Walker,Gary Walker,Gary,Walker,gary.walker@me.com,(972) 246-4624,Berkshire Hathaway,Berkshire Hathaway,Lakewood,Lakewood,CO,81542,11,29,29,16165891,3.2,B,85,NAR Directory,Large (51-200 agents),2026-10-08T05:28:18Z
CREAM-20261008-00692,Timothy Stewart,Timothy Stewart,Timothy,Stewart,timothy.stewart@icloud.com,(305) 369-3443,Berkshire Hathaway,Berkshire Hathaway,Cape Coral,Cape Coral,FL,34878,14,55,55,21013423,4.9,B,62,NAR Directory,Enterprise (200+ agents),2026-10-08T18:12:45Z
CREAM-20261008-00693,Anna Howard,Anna Howard,Anna,Howard,annah@howardhanna.com,(310) 531-6423,Howard Hanna,Howard Hanna,Winston-Salem,Winston-Salem,NC,28655,0,5,5,2114314,3.5,B,81,LinkedIn,Independent,2026-10-08T14:50:49Z
CREAM-20261008-00694,Walter Perez,Walter Perez,Walter,Perez,wperez@coldwellbanker.com,(512) 514-9344,Coldwell Banker,Coldwell Banker,Hialeah,Hialeah,FL,33355,2,10,10,4347188,4.0,B,99,NAR Directory,Mid-size (11-50 agents),2026-10-08T23:51:10Z
CREAM-20261008-00695,Scott Torres,Scott Torres,Scott,Torres,storres@kellerwilliams.com,(704) 738-7279,Keller Williams,Keller Williams,Rochester,Rochester,NY,11795,10,44,44,20471570,3.4,B,97,Cold Outreach,Independent,2026-10-08T10:14:12Z
CREAM-20261008-00696,Wayne Parker,Wayne Parker,Wayne,Parker,wayne_parker@outlook.com,(407) 952-3343,LIV Sotheby's,LIV Sotheby's,Arvada,Arvada,CO,80240,1,5,5,3428444,4.6,B,73,Referral Network,Large (51-200 agents),2026-10-08T20:39:57Z
CREAM-20261008-00697,Helen Gonzalez,Helen Gonzalez,Helen,Gonzalez,heleng@hotmail.com,(646) 663-3180,RE/MAX,RE/MAX,Thornton,Thornton,CO,80801,1,8,8,4125630,4.5,B,60,NAR Directory,Mid-size (11-50 agents),2026-10-08T19:06:48Z
CREAM-20261008-00698,Jacqueline Edwards,Jacqueline Edwards,Jacqueline,Edwards,jacquelineedwards@hotmail.com,(720) 358-2879,RE/MAX,RE/MAX,Santa Ana,Santa Ana,CA,91783,8,20,20,13511141,3.3,B,96,Website Lead,Large (51-200 agents),2026-10-08T20:11:54Z
CREAM-20261008-00699,Robert Nelson,Robert Nelson,Robert,Nelson,rnelson@sothebysinternational.com,(714) 675-4103,Sotheby's International,Sotheby's International,Syracuse,Syracuse,NY,10988,23,68,68,51529124,4.9,B,85,Realtor.com,Boutique (2-10 agents),2026-10-08T18:22:31Z
CREAM-20261008-00700,Jennifer Miller,Jennifer Miller,Jennifer,Miller,jennifer_miller@aol.com,(714) 980-5090,eXp Realty,eXp Realty,Port St. Lucie,Port St. Lucie,FL,34805,21,33,33,11992505,3.7,B,79,NAR Directory,Independent,2026-10-08T06:19:11Z
CREAM-20261008-00701,Margaret Moore,Margaret Moore,Margaret,Moore,margaretm@livsothebys.com,(929) 370-3964,LIV Sotheby's,LIV Sotheby's,Thornton,Thornton,CO,81818,1,5,5,2759839,3.2,B,65,NAR Directory,Large (51-200 agents),2026-10-08T10:38:31Z
CREAM-20261008-00702,Ryan Jones,Ryan Jones,Ryan,Jones,ryanj@sothebysinternational.com,(714) 563-3353,Sotheby's International,Sotheby's International,Bakersfield,Bakersfield,CA,95107,3,22,22,19611041,3.6,B,99,Brokerage Listings,Mid-size (11-50 agents),2026-10-08T22:26:26Z
CREAM-20261008-00703,Carl Johnson,Carl Johnson,Carl,Johnson,carljohnson@outlook.com,(720) 664-7633,Sotheby's International,Sotheby's International,Riverside,Riverside,CA,93685,25,80,80,55100717,4.5,B,84,Facebook,Mid-size (11-50 agents),2026-10-08T18:44:31Z
CREAM-20261008-00704,Karen Walker,Karen Walker,Karen,Walker,karen_walker@hotmail.com,(786) 462-8261,RE/MAX,RE/MAX,Fresno,Fresno,CA,91466,0,1,1,756471,3.6,B,74,Website Lead,Mid-size (11-50 agents),2026-10-08T08:58:13Z
CREAM-20261008-00705,Mark Torres,Mark Torres,Mark,Torres,markt@yahoo.com,(980) 937-9560,Keller Williams,Keller Williams,Cary,Cary,NC,27603,1,8,8,2483950,4.7,B,82,MLS Database,Independent,2026-10-08T17:10:47Z
CREAM-20261008-00706,Gary Carter,Gary Carter,Gary,Carter,garyc@icloud.com,(404) 514-6049,RE/MAX,RE/MAX,Toledo,Toledo,OH,45943,5,17,17,3722780,4.2,B,92,LinkedIn,Large (51-200 agents),2026-10-08T21:57:09Z
CREAM-20261008-00707,Heather Harris,Heather Harris,Heather,Harris,heather.harris@me.com,(714) 358-7900,Keller Williams,Keller Williams,Chandler,Chandler,AZ,86750,7,24,24,8431703,3.4,B,73,Website Lead,Enterprise (200+ agents),2026-10-08T15:55:53Z
CREAM-20261008-00708,Joseph Wright,Joseph Wright,Joseph,Wright,joseph.wright@homesmart.com,(980) 699-6414,HomeSmart,HomeSmart,Tempe,Tempe,AZ,86445,6,19,19,7909066,4.6,B,64,Trade Show,Independent,2026-10-08T03:15:09Z
CREAM-20261008-00709,Roger Hill,Roger Hill,Roger,Hill,rhill@yahoo.com,(602) 544-3233,RE/MAX,RE/MAX,Fayetteville,Fayetteville,NC,27990,1,11,11,4502333,4.3,B,89,Facebook,Enterprise (200+ agents),2026-10-08T15:41:41Z
CREAM-20261008-00710,Nancy Alvarez,Nancy Alvarez,Nancy,Alvarez,nancy.alvarez@compass.com,(513) 213-2632,Compass,Compass,New Rochelle,New Rochelle,NY,12854,0,5,5,2399452,3.5,B,83,Trade Show,Boutique (2-10 agents),2026-10-08T01:53:40Z
CREAM-20261008-00711,Victoria Diaz,Victoria Diaz,Victoria,Diaz,victoriad@aol.com,(646) 861-2688,Coldwell Banker,Coldwell Banker,Hialeah,Hialeah,FL,33728,2,5,5,2066626,3.7,B,80,Brokerage Listings,Boutique (2-10 agents),2026-10-08T21:35:51Z
CREAM-20261008-00712,Kenneth Ramirez,Kenneth Ramirez,Kenneth,Ramirez,kramirez@allentate.com,(214) 651-6148,Allen Tate,Allen Tate,Fayetteville,Fayetteville,NC,28128,16,25,25,9206704,3.8,B,76,Cold Outreach,Independent,2026-10-08T15:43:23Z
CREAM-20261008-00713,Shirley Lopez,Shirley Lopez,Shirley,Lopez,shirleyl@douglaselliman.com,(713) 340-3824,Douglas Elliman,Douglas Elliman,Amarillo,Amarillo,TX,76540,18,56,56,17188759,3.8,B,95,Facebook,Mid-size (11-50 agents),2026-10-08T11:16:57Z
CREAM-20261008-00714,Donald Thompson,Donald Thompson,Donald,Thompson,donald_thompson@hotmail.com,(512) 755-5025,Keller Williams,Keller Williams,Dayton,Dayton,OH,45647,1,6,6,1859401,3.4,B,73,Brokerage Listings,Boutique (2-10 agents),2026-10-08T22:57:42Z
CREAM-20261008-00715,Carolyn Mendoza,Carolyn Mendoza,Carolyn,Mendoza,carolyn.mendoza@aol.com,(415) 776-5030,Berkshire Hathaway,Berkshire Hathaway,Tallahassee,Tallahassee,FL,32263,14,79,79,26020414,4.3,B,78,MLS Database,Large (51-200 agents),2026-10-08T05:14:19Z
CREAM-20261008-00716,Heather Phillips,Heather Phillips,Heather,Phillips,heather_phillips@me.com,(512) 889-2613,Allen Tate,Allen Tate,Fayetteville,Fayetteville,NC,28604,14,51,51,22874906,3.6,B,73,Realtor.com,Large (51-200 agents),2026-10-08T06:42:17Z
CREAM-20261008-00717,Susan Baker,Susan Baker,Susan,Baker,susan.baker@hotmail.com,(720) 356-4014,RE/MAX,RE/MAX,Akron,Akron,OH,44624,0,1,1,310672,4.8,B,71,NAR Directory,Mid-size (11-50 agents),2026-10-08T05:52:50Z
CREAM-20261008-00718,Megan Hall,Megan Hall,Megan,Hall,meganhall@hotmail.com,(212) 801-4973,HomeSmart,HomeSmart,Tempe,Tempe,AZ,86257,3,11,11,5228796,4.0,B,90,Brokerage Listings,Enterprise (200+ agents),2026-10-08T12:05:00Z
CREAM-20261008-00719,Robert Fisher,Robert Fisher,Robert,Fisher,robert_fisher@me.com,(234) 348-8989,Corcoran Group,Corcoran Group,Rochester,Rochester,NY,13105,3,15,15,8568496,3.4,B,77,Brokerage Listings,Independent,2026-10-08T01:42:05Z
CREAM-20261008-00720,Anthony Gonzalez,Anthony Gonzalez,Anthony,Gonzalez,anthony.gonzalez@icloud.com,(303) 341-4853,Coldwell Banker,Coldwell Banker,Amarillo,Amarillo,TX,76898,5,17,17,6834762,4.1,B,89,Brokerage Listings,Mid-size (11-50 agents),2026-10-08T09:00:37Z
CREAM-20261008-00721,Carolyn Bailey,Carolyn Bailey,Carolyn,Bailey,carolyn_bailey@outlook.com,(305) 778-5829,Compass,Compass,Fayetteville,Fayetteville,NC,27359,5,24,24,8747589,3.5,B,94,NAR Directory,Mid-size (11-50 agents),2026-10-08T18:42:24Z
CREAM-20261008-00722,Louis Anderson,Louis Anderson,Louis,Anderson,landerson@gmail.com,(805) 698-2288,Berkshire Hathaway,Berkshire Hathaway,Chandler,Chandler,AZ,86474,1,4,4,1656152,3.9,B,69,Referral Network,Mid-size (11-50 agents),2026-10-08T22:20:06Z
CREAM-20261008-00723,Dennis Brown,Dennis Brown,Dennis,Brown,dennis_brown@hotmail.com,(704) 768-4194,Sotheby's International,Sotheby's International,Riverside,Riverside,CA,90457,1,11,11,8346758,4.2,B,83,Cold Outreach,Independent,2026-10-08T06:31:30Z
CREAM-20261008-00724,Richard Robinson,Richard Robinson,Richard,Robinson,richardr@coldwellbanker.com,(512) 798-3457,Coldwell Banker,Coldwell Banker,Winston-Salem,Winston-Salem,NC,27720,13,25,25,8219505,4.2,B,94,Facebook,Boutique (2-10 agents),2026-10-08T19:40:19Z
CREAM-20261008-00725,Linda Long,Linda Long,Linda,Long,linda_long@icloud.com,(512) 852-8895,eXp Realty,eXp Realty,Garland,Garland,TX,76967,1,6,6,1751504,3.1,B,87,Website Lead,Enterprise (200+ agents),2026-10-08T23:15:35Z
CREAM-20261008-00726,Linda Miller,Linda Miller,Linda,Miller,linda.miller@corcorangroup.com,(256) 593-5595,Corcoran Group,Corcoran Group,New Rochelle,New Rochelle,NY,11968,5,11,11,6866224,4.2,B,63,Brokerage Listings,Independent,2026-10-08T11:57:38Z
CREAM-20261008-00727,Ruth Allen,Ruth Allen,Ruth,Allen,rutha@sothebysinternational.com,(214) 460-7972,Sotheby's International,Sotheby's International,Buffalo,Buffalo,NY,13373,22,58,58,44531882,3.8,B,77,MLS Database,Mid-size (11-50 agents),2026-10-08T03:19:37Z
CREAM-20261008-00728,Benjamin Ortiz,Benjamin Ortiz,Benjamin,Ortiz,benjamino@outlook.com,(404) 575-3821,Keller Williams Realty,Keller Williams Realty,Bakersfield,Bakersfield,CA,96156,20,50,50,44385041,4.5,B,67,Brokerage Listings,Large (51-200 agents),2026-10-08T18:26:45Z
CREAM-20261008-00729,Aaron Ruiz,Aaron Ruiz,Aaron,Ruiz,aruiz@coldwellbanker.com,(512) 245-9430,Coldwell Banker,Coldwell Banker,Toledo,Toledo,OH,43214,0,2,2,455016,4.3,B,93,Facebook,Boutique (2-10 agents),2026-10-08T06:23:20Z
CREAM-20261008-00730,Emily Ross,Emily Ross,Emily,Ross,eross@nestseekers.com,(646) 735-2224,Nest Seekers,Nest Seekers,Rochester,Rochester,NY,12652,1,4,4,2182620,3.2,B,90,NAR Directory,Independent,2026-10-08T21:39:47Z
CREAM-20261008-00731,Jacob Russell,Jacob Russell,Jacob,Russell,jacob_russell@aol.com,(305) 553-2708,Berkshire Hathaway,Berkshire Hathaway,Gilbert,Gilbert,AZ,85439,13,50,50,19069459,3.6,B,72,LinkedIn,Enterprise (200+ agents),2026-10-08T23:43:53Z
CREAM-20261008-00732,Charles Green,Charles Green,Charles,Green,cgreen@coldwellbanker.com,(929) 202-6396,Coldwell Banker,Coldwell Banker,Glendale,Glendale,AZ,86995,4,13,13,6803619,4.8,B,91,Realtor.com,Boutique (2-10 agents),2026-10-08T13:22:07Z
CREAM-20261008-00733,Elizabeth Ward,Elizabeth Ward,Elizabeth,Ward,eward@huntingtonrealestate.com,(919) 545-9074,Huntington Real Estate,Huntington Real Estate,Akron,Akron,OH,43112,1,12,12,2905681,4.6,B,73,Facebook,Mid-size (11-50 agents),2026-10-08T00:07:41Z
CREAM-20261008-00734,Michelle Allen,Michelle Allen,Michelle,Allen,mallen@sothebysinternational.com,(334) 403-5665,Sotheby's International,Sotheby's International,Chula Vista,Chula Vista,CA,94515,6,33,33,22968584,3.4,B,100,Cold Outreach,Enterprise (200+ agents),2026-10-08T08:47:22Z
CREAM-20261008-00735,Katherine Davis,Katherine Davis,Katherine,Davis,kdavis@re/max.com,(404) 918-5488,RE/MAX,RE/MAX,Amarillo,Amarillo,TX,78142,0,1,1,252506,4.3,B,83,NAR Directory,Independent,2026-10-08T05:23:13Z
CREAM-20261008-00736,William Price,William Price,William,Price,william.price@outlook.com,(602) 548-5025,Pacific Sotheby's,Pacific Sotheby's,Riverside,Riverside,CA,91718,0,3,3,1886945,4.4,B,61,Referral Network,Mid-size (11-50 agents),2026-10-08T14:04:44Z
CREAM-20261008-00737,Sharon Ramirez,Sharon Ramirez,Sharon,Ramirez,sramirez@icloud.com,(305) 497-4575,Keller Williams,Keller Williams,Glendale,Glendale,AZ,85694,3,22,22,8359197,4.0,B,85,Referral Network,Independent,2026-10-08T05:56:01Z
CREAM-20261008-00738,Margaret Torres,Margaret Torres,Margaret,Torres,margarett@homesmart.com,(980) 585-2035,HomeSmart,HomeSmart,Gilbert,Gilbert,AZ,85104,0,1,1,377864,3.8,B,61,Brokerage Listings,Mid-size (11-50 agents),2026-10-08T07:13:51Z
CREAM-20261008-00739,Laura Ramirez,Laura Ramirez,Laura,Ramirez,lramirez@outlook.com,(713) 823-2547,RE/MAX,RE/MAX,Toledo,Toledo,OH,45505,3,24,24,4379753,3.1,B,97,Facebook,Mid-size (11-50 agents),2026-10-08T03:17:31Z
CREAM-20261008-00740,Kimberly Kim,Kimberly Kim,Kimberly,Kim,kimberly_kim@hotmail.com,(602) 207-1937,Keller Williams,Keller Williams,Rochester,Rochester,NY,13359,12,54,54,35579413,3.9,B,97,Referral Network,Mid-size (11-50 agents),2026-10-08T04:13:01Z
CREAM-20261008-00741,Kimberly Brown,Kimberly Brown,Kimberly,Brown,kimberlyb@me.com,(214) 368-8222,Huntington Real Estate,Huntington Real Estate,Parma,Parma,OH,45413,25,31,31,8901768,4.7,B,71,MLS Database,Independent,2026-10-08T14:35:29Z
CREAM-20261008-00742,Eric Russell,Eric Russell,Eric,Russell,eric.russell@outlook.com,(614) 682-8844,Cutler Real Estate,Cutler Real Estate,Dayton,Dayton,OH,44784,5,15,15,3141256,3.3,B,78,Trade Show,Large (51-200 agents),2026-10-08T20:37:06Z
CREAM-20261008-00743,Edward Myers,Edward Myers,Edward,Myers,edward.myers@me.com,(212) 341-5881,RE/MAX,RE/MAX,Hialeah,Hialeah,FL,33353,3,14,14,6709016,3.1,B,65,Brokerage Listings,Mid-size (11-50 agents),2026-10-08T03:09:05Z
CREAM-20261008-00744,Rose White,Rose White,Rose,White,rose.white@gmail.com,(305) 547-3624,Keller Williams,Keller Williams,Albany,Albany,NY,11255,18,29,29,16398369,4.3,B,98,Realtor.com,Enterprise (200+ agents),2026-10-08T03:13:42Z
CREAM-20261008-00745,Danielle Martin,Danielle Martin,Danielle,Martin,dmartin@compass.com,(929) 945-2585,Compass,Compass,Albany,Albany,NY,10420,4,11,11,7667150,3.7,B,68,Referral Network,Mid-size (11-50 agents),2026-10-08T20:40:21Z
CREAM-20261008-00746,Louis Cooper,Louis Cooper,Louis,Cooper,louis.cooper@aol.com,(310) 803-6033,Keller Williams Realty,Keller Williams Realty,Pembroke Pines,Pembroke Pines,FL,34621,1,12,12,4822943,3.0,B,66,Brokerage Listings,Boutique (2-10 agents),2026-10-08T23:32:43Z
CREAM-20261008-00747,Kimberly Ramos,Kimberly Ramos,Kimberly,Ramos,kimberlyramos@yahoo.com,(805) 400-6345,Keller Williams,Keller Williams,Chandler,Chandler,AZ,85809,1,7,7,2146455,4.1,B,62,Brokerage Listings,Boutique (2-10 agents),2026-10-08T04:40:45Z
CREAM-20261008-00748,Katherine Powell,Katherine Powell,Katherine,Powell,katherine_powell@gmail.com,(614) 910-9715,Howard Hanna,Howard Hanna,Winston-Salem,Winston-Salem,NC,27736,10,32,32,11394070,5.0,B,63,Facebook,Independent,2026-10-08T19:44:04Z
CREAM-20261008-00749,Peter Sullivan,Peter Sullivan,Peter,Sullivan,peters@hotmail.com,(720) 798-4605,Pacific Sotheby's,Pacific Sotheby's,Chula Vista,Chula Vista,CA,94164,1,11,11,10754562,4.7,B,90,Realtor.com,Independent,2026-10-08T12:34:28Z
CREAM-20261008-00750,Bruce Peterson,Bruce Peterson,Bruce,Peterson,bruce.peterson@icloud.com,(718) 918-5299,Douglas Elliman,Douglas Elliman,Arlington,Arlington,TX,76633,3,17,17,4845023,4.4,B,85,Cold Outreach,Large (51-200 agents),2026-10-08T04:55:20Z
CREAM-20261008-00751,Brian Davis,Brian Davis,Brian,Davis,brian.davis@outlook.com,(602) 651-4649,Keller Williams,Keller Williams,Centennial,Centennial,CO,80529,5,11,11,5021350,4.9,C,92,Website Lead,Independent,2026-10-08T08:35:21Z
CREAM-20261008-00752,Raymond Mitchell,Raymond Mitchell,Raymond,Mitchell,rmitchell@yahoo.com,(646) 705-6754,Halstead,Halstead,Schenectady,Schenectady,NY,13991,4,21,21,11459471,4.1,C,91,Referral Network,Mid-size (11-50 agents),2026-10-08T17:07:53Z
CREAM-20261008-00753,Stephen Fisher,Stephen Fisher,Stephen,Fisher,sfisher@icloud.com,(916) 868-4526,RE/MAX,RE/MAX,Avondale,Avondale,AZ,85423,17,40,40,16287871,3.1,C,66,MLS Database,Enterprise (200+ agents),2026-10-08T19:59:14Z
CREAM-20261008-00754,Heather Green,Heather Green,Heather,Green,heather_green@aol.com,(310) 823-1668,Compass,Compass,Pueblo,Pueblo,CO,80530,24,71,71,40454313,4.8,C,63,Cold Outreach,Large (51-200 agents),2026-10-08T03:20:05Z
CREAM-20261008-00755,Angela Morgan,Angela Morgan,Angela,Morgan,amorgan@aol.com,(614) 400-4839,Compass,Compass,Coral Springs,Coral Springs,FL,34718,9,38,38,11390204,3.6,C,64,NAR Directory,Enterprise (200+ agents),2026-10-08T08:13:51Z
CREAM-20261008-00756,Thomas Watson,Thomas Watson,Thomas,Watson,twatson@aol.com,(972) 264-7946,RE/MAX,RE/MAX,Hamilton,Hamilton,OH,44438,3,21,21,4682795,3.3,C,64,Cold Outreach,Large (51-200 agents),2026-10-08T04:06:27Z
CREAM-20261008-00757,Jack Foster,Jack Foster,Jack,Foster,jack_foster@outlook.com,(407) 239-2750,eXp Realty,eXp Realty,Fremont,Fremont,CA,93463,0,1,1,791335,4.0,C,72,Facebook,Mid-size (11-50 agents),2026-10-08T19:35:31Z
CREAM-20261008-00758,Brandon Alvarez,Brandon Alvarez,Brandon,Alvarez,brandon.alvarez@century21.com,(407) 638-6990,Century 21,Century 21,Miramar,Miramar,FL,33902,3,25,25,12513718,3.5,C,100,Brokerage Listings,Mid-size (11-50 agents),2026-10-08T00:05:28Z
CREAM-20261008-00759,Bruce Smith,Bruce Smith,Bruce,Smith,bruce_smith@me.com,(713) 897-7259,Keller Williams,Keller Williams,Westminster,Westminster,CO,81160,19,59,59,27935275,3.7,C,76,LinkedIn,Enterprise (200+ agents),2026-10-08T22:13:40Z
CREAM-20261008-00760,Theresa Murphy,Theresa Murphy,Theresa,Murphy,theresa.murphy@herrealtors.com,(714) 833-9930,HER Realtors,HER Realtors,Hamilton,Hamilton,OH,45334,24,47,47,15069203,4.3,C,68,Website Lead,Boutique (2-10 agents),2026-10-08T08:25:13Z
CREAM-20261008-00761,Barbara Davis,Barbara Davis,Barbara,Davis,bdavis@aol.com,(720) 264-6516,Coldwell Banker,Coldwell Banker,Peoria,Peoria,AZ,86797,18,71,71,32166297,4.1,C,90,LinkedIn,Large (51-200 agents),2026-10-08T11:43:26Z
CREAM-20261008-00762,Sarah Castillo,Sarah Castillo,Sarah,Castillo,scastillo@icloud.com,(919) 669-7981,Coldwell Banker,Coldwell Banker,McAllen,McAllen,TX,77161,3,15,15,5594457,4.8,C,67,MLS Database,Mid-size (11-50 agents),2026-10-08T16:19:59Z
CREAM-20261008-00763,Rose Hernandez,Rose Hernandez,Rose,Hernandez,rose_hernandez@me.com,(786) 631-5234,eXp Realty,eXp Realty,Huntington Beach,Huntington Beach,CA,91613,0,3,3,2139904,3.5,C,88,MLS Database,Enterprise (200+ agents),2026-10-08T03:12:02Z
CREAM-20261008-00764,Ronald Young,Ronald Young,Ronald,Young,ronald.young@gmail.com,(512) 594-1128,Corcoran Group,Corcoran Group,Hempstead,Hempstead,NY,14632,2,7,7,5132137,3.5,C,71,NAR Directory,Boutique (2-10 agents),2026-10-08T15:27:16Z
CREAM-20261008-00765,Arthur Gonzalez,Arthur Gonzalez,Arthur,Gonzalez,agonzalez@douglaselliman.com,(713) 231-9157,Douglas Elliman,Douglas Elliman,Troy,Troy,NY,12977,2,7,7,5635755,4.0,C,95,Referral Network,Enterprise (200+ agents),2026-10-08T21:58:37Z
CREAM-20261008-00766,Jonathan Myers,Jonathan Myers,Jonathan,Myers,jonathanm@aol.com,(972) 654-7796,Berkshire Hathaway,Berkshire Hathaway,McAllen,McAllen,TX,76286,23,73,73,30304864,3.9,C,89,Brokerage Listings,Independent,2026-10-08T10:01:19Z
CREAM-20261008-00767,Dorothy Ortiz,Dorothy Ortiz,Dorothy,Ortiz,dorothyo@century21.com,(214) 360-5156,Century 21,Century 21,West Palm Beach,West Palm Beach,FL,33961,0,4,4,1828525,3.3,C,95,LinkedIn,Mid-size (11-50 agents),2026-10-08T08:13:57Z
CREAM-20261008-00768,Carolyn Stewart,Carolyn Stewart,Carolyn,Stewart,carolyn.stewart@hotmail.com,(919) 755-2451,8z Real Estate,8z Real Estate,Centennial,Centennial,CO,81904,22,56,56,26730049,4.8,C,70,MLS Database,Large (51-200 agents),2026-10-08T18:24:43Z
CREAM-20261008-00769,Richard Clark,Richard Clark,Richard,Clark,rclark@homesmart.com,(919) 283-3449,HomeSmart,HomeSmart,Avondale,Avondale,AZ,85826,18,56,56,25365667,3.8,C,78,Facebook,Large (51-200 agents),2026-10-08T11:29:02Z
CREAM-20261008-00770,Alexander Walker,Alexander Walker,Alexander,Walker,alexanderw@kellerwilliams.com,(602) 769-3691,Keller Williams,Keller Williams,McAllen,McAllen,TX,76182,4,24,24,8949395,3.1,C,70,Facebook,Mid-size (11-50 agents),2026-10-08T09:24:22Z
CREAM-20261008-00771,John Long,John Long,John,Long,jlong@livsothebys.com,(404) 777-6998,LIV Sotheby's,LIV Sotheby's,Centennial,Centennial,CO,80495,6,32,32,12389684,3.0,C,66,Realtor.com,Boutique (2-10 agents),2026-10-08T15:42:40Z
CREAM-20261008-00772,Jeffrey Sanders,Jeffrey Sanders,Jeffrey,Sanders,jsanders@icloud.com,(916) 591-3732,Keller Williams Realty,Keller Williams Realty,Huntington Beach,Huntington Beach,CA,92390,25,30,30,20961721,4.0,C,62,Facebook,Mid-size (11-50 agents),2026-10-08T15:59:36Z
CREAM-20261008-00773,Amber Adams,Amber Adams,Amber,Adams,ambera@livsothebys.com,(512) 613-7880,LIV Sotheby's,LIV Sotheby's,Centennial,Centennial,CO,81695,11,41,41,26703481,3.0,C,82,Website Lead,Large (51-200 agents),2026-10-08T20:35:55Z
CREAM-20261008-00774,Martha Johnson,Martha Johnson,Martha,Johnson,martha_johnson@me.com,(303) 721-8378,Coldwell Banker,Coldwell Banker,Boulder,Boulder,CO,81859,11,72,72,32346038,3.8,C,92,LinkedIn,Large (51-200 agents),2026-10-08T06:18:47Z
CREAM-20261008-00775,Jeffrey Alexander,Jeffrey Alexander,Jeffrey,Alexander,jeffreya@kellerwilliams.com,(212) 934-1349,Keller Williams,Keller Williams,Avondale,Avondale,AZ,85906,5,9,9,2810356,3.6,C,64,NAR Directory,Mid-size (11-50 agents),2026-10-08T10:22:00Z
CREAM-20261008-00776,Rachel Garcia,Rachel Garcia,Rachel,Garcia,rachel.garcia@re/max.com,(513) 495-7080,RE/MAX,RE/MAX,Pasadena,Pasadena,TX,77898,8,39,39,17388313,4.7,C,99,Brokerage Listings,Enterprise (200+ agents),2026-10-08T01:37:51Z
CREAM-20261008-00777,Lauren Cox,Lauren Cox,Lauren,Cox,laurencox@icloud.com,(512) 906-2232,Douglas Elliman,Douglas Elliman,Clearwater,Clearwater,FL,32295,1,10,10,4493085,4.8,C,97,MLS Database,Mid-size (11-50 agents),2026-10-08T01:27:55Z
CREAM-20261008-00778,Ralph Wood,Ralph Wood,Ralph,Wood,ralphw@aol.com,(212) 478-8284,Berkshire Hathaway,Berkshire Hathaway,Coral Springs,Coral Springs,FL,32643,4,8,8,2866257,3.2,C,90,Website Lead,Mid-size (11-50 agents),2026-10-08T16:58:16Z
CREAM-20261008-00779,Jessica Jimenez,Jessica Jimenez,Jessica,Jimenez,jessicaj@russelllyonsothebys.com,(512) 780-1460,Russell Lyon Sotheby's,Russell Lyon Sotheby's,Avondale,Avondale,AZ,86838,11,52,52,26103735,3.7,C,76,Referral Network,Enterprise (200+ agents),2026-10-08T09:54:52Z
CREAM-20261008-00780,Benjamin Parker,Benjamin Parker,Benjamin,Parker,benjamin_parker@gmail.com,(214) 254-3882,eXp Realty,eXp Realty,Palm Bay,Palm Bay,FL,34190,1,6,6,3231606,3.8,C,88,LinkedIn,Mid-size (11-50 agents),2026-10-08T20:51:55Z
CREAM-20261008-00781,Arthur Torres,Arthur Torres,Arthur,Torres,arthurtorres@icloud.com,(805) 813-7294,Berkshire Hathaway,Berkshire Hathaway,Surprise,Surprise,AZ,85516,3,21,21,10049030,3.5,C,64,Facebook,Large (51-200 agents),2026-10-08T09:55:46Z
CREAM-20261008-00782,Katherine Morales,Katherine Morales,Katherine,Morales,kmorales@hotmail.com,(303) 562-1721,eXp Realty,eXp Realty,Lorain,Lorain,OH,45165,5,25,25,4673783,4.3,C,79,Brokerage Listings,Large (51-200 agents),2026-10-08T12:08:04Z
CREAM-20261008-00783,Wayne Brooks,Wayne Brooks,Wayne,Brooks,wayneb@kellerwilliams.com,(972) 948-2189,Keller Williams,Keller Williams,Yuma,Yuma,AZ,85391,16,26,26,11817002,3.6,C,95,Trade Show,Enterprise (200+ agents),2026-10-08T16:30:04Z
CREAM-20261008-00784,Samuel Price,Samuel Price,Samuel,Price,sprice@me.com,(513) 886-5461,Douglas Elliman,Douglas Elliman,Palm Bay,Palm Bay,FL,32224,1,4,4,1255036,4.2,C,65,Cold Outreach,Enterprise (200+ agents),2026-10-08T12:10:45Z
CREAM-20261008-00785,Brittany Rivera,Brittany Rivera,Brittany,Rivera,brittany.rivera@hotmail.com,(916) 783-8673,Keller Williams,Keller Williams,Avondale,Avondale,AZ,85505,7,20,20,10240160,3.3,C,74,NAR Directory,Mid-size (11-50 agents),2026-10-08T03:31:38Z
CREAM-20261008-00786,Ruth Smith,Ruth Smith,Ruth,Smith,ruths@me.com,(614) 761-8248,Berkshire Hathaway,Berkshire Hathaway,Youngstown,Youngstown,OH,44391,25,54,54,9932804,3.4,C,71,Facebook,Independent,2026-10-08T15:12:59Z
CREAM-20261008-00787,Dennis Brown,Dennis Brown,Dennis,Brown,dennisb@allentate.com,(212) 409-6653,Allen Tate,Allen Tate,Wilmington,Wilmington,NC,28150,4,18,18,5786246,3.8,C,84,Cold Outreach,Independent,2026-10-08T07:02:38Z
CREAM-20261008-00788,Julia Taylor,Julia Taylor,Julia,Taylor,julia_taylor@yahoo.com,(713) 586-5815,Coldwell Banker,Coldwell Banker,Peoria,Peoria,AZ,86311,5,9,9,2680513,4.5,C,66,Referral Network,Large (51-200 agents),2026-10-08T15:12:29Z
CREAM-20261008-00789,Deborah Brooks,Deborah Brooks,Deborah,Brooks,dbrooks@aol.com,(602) 671-1070,Compass,Compass,Palm Bay,Palm Bay,FL,32206,1,11,11,4771999,3.4,C,99,Realtor.com,Large (51-200 agents),2026-10-08T03:44:00Z
CREAM-20261008-00790,Frank Reed,Frank Reed,Frank,Reed,frankr@outlook.com,(512) 856-4465,eXp Realty,eXp Realty,Westminster,Westminster,CO,80123,21,36,36,18694959,5.0,C,97,Realtor.com,Independent,2026-10-08T08:29:53Z
CREAM-20261008-00791,Ralph Cruz,Ralph Cruz,Ralph,Cruz,ralph_cruz@aol.com,(310) 817-1010,Keller Williams Realty,Keller Williams Realty,Oxnard,Oxnard,CA,90787,11,53,53,46427221,3.2,C,78,Trade Show,Mid-size (11-50 agents),2026-10-08T07:41:08Z
CREAM-20261008-00792,Stephen Foster,Stephen Foster,Stephen,Foster,stephen_foster@aol.com,(234) 273-9334,Brown Harris Stevens,Brown Harris Stevens,Hempstead,Hempstead,NY,11672,18,35,35,23327100,4.7,C,76,Cold Outreach,Enterprise (200+ agents),2026-10-08T07:47:25Z
CREAM-20261008-00793,Samuel Edwards,Samuel Edwards,Samuel,Edwards,samueledwards@icloud.com,(512) 811-2678,Huntington Real Estate,Huntington Real Estate,Canton,Canton,OH,45224,16,52,52,10488960,4.3,C,62,Realtor.com,Mid-size (11-50 agents),2026-10-08T07:21:20Z
CREAM-20261008-00794,Linda Ortiz,Linda Ortiz,Linda,Ortiz,linda.ortiz@me.com,(234) 861-8431,Century 21,Century 21,Palm Bay,Palm Bay,FL,32495,20,69,69,37478170,3.4,C,86,MLS Database,Large (51-200 agents),2026-10-08T12:41:15Z
CREAM-20261008-00795,Joseph Wilson,Joseph Wilson,Joseph,Wilson,joseph.wilson@coldwellbanker.com,(646) 383-2112,Coldwell Banker,Coldwell Banker,Canton,Canton,OH,44229,5,16,16,5006847,3.4,C,71,Website Lead,Mid-size (11-50 agents),2026-10-08T01:57:14Z
CREAM-20261008-00796,John Baker,John Baker,John,Baker,johnb@exprealty.com,(980) 712-8698,eXp Realty,eXp Realty,Oxnard,Oxnard,CA,96125,14,71,71,56948030,3.9,C,91,LinkedIn,Boutique (2-10 agents),2026-10-08T00:05:23Z
CREAM-20261008-00797,Louis Gomez,Louis Gomez,Louis,Gomez,lgomez@douglaselliman.com,(512) 200-3062,Douglas Elliman,Douglas Elliman,Mesquite,Mesquite,TX,75390,4,13,13,4264928,4.4,C,66,Website Lead,Boutique (2-10 agents),2026-10-08T23:39:15Z
CREAM-20261008-00798,Dennis Mendoza,Dennis Mendoza,Dennis,Mendoza,dmendoza@century21.com,(714) 684-2848,Century 21,Century 21,Palm Bay,Palm Bay,FL,32849,4,9,9,4830649,4.7,C,99,Website Lead,Independent,2026-10-08T00:34:48Z
CREAM-20261008-00799,Brian Harris,Brian Harris,Brian,Harris,brianharris@hotmail.com,(972) 566-8244,Coldwell Banker,Coldwell Banker,Surprise,Surprise,AZ,85892,7,30,30,11448458,4.0,C,74,MLS Database,Large (51-200 agents),2026-10-08T09:24:05Z
CREAM-20261008-00800,Brian Alvarez,Brian Alvarez,Brian,Alvarez,balvarez@sothebysinternational.com,(234) 906-6166,Sotheby's International,Sotheby's International,Irvine,Irvine,CA,96873,18,51,51,55795435,3.6,C,97,Cold Outreach,Independent,2026-10-08T18:01:35Z
CREAM-20261008-00801,Kathleen King,Kathleen King,Kathleen,King,kathleen_king@icloud.com,(704) 295-5586,Keller Williams,Keller Williams,Youngstown,Youngstown,OH,44957,25,71,71,14541599,3.0,C,76,Website Lead,Mid-size (11-50 agents),2026-10-08T16:45:38Z
CREAM-20261008-00802,Heather Mitchell,Heather Mitchell,Heather,Mitchell,heathermitchell@yahoo.com,(512) 209-7907,Berkshire Hathaway,Berkshire Hathaway,Lorain,Lorain,OH,43499,3,9,9,2134326,3.4,C,80,Facebook,Enterprise (200+ agents),2026-10-08T22:08:48Z
CREAM-20261008-00803,Jennifer Thompson,Jennifer Thompson,Jennifer,Thompson,jenniferthompson@outlook.com,(303) 587-1095,Keller Williams,Keller Williams,Avondale,Avondale,AZ,85150,12,29,29,10745098,4.8,C,96,LinkedIn,Enterprise (200+ agents),2026-10-08T11:48:18Z
CREAM-20261008-00804,Bruce Ramirez,Bruce Ramirez,Bruce,Ramirez,bruce.ramirez@gmail.com,(805) 878-4568,RE/MAX,RE/MAX,Hamilton,Hamilton,OH,44738,3,22,22,4355290,4.9,C,88,Facebook,Large (51-200 agents),2026-10-08T19:05:22Z
CREAM-20261008-00805,Patrick Jimenez,Patrick Jimenez,Patrick,Jimenez,patrickj@outlook.com,(929) 712-8925,Nest Seekers,Nest Seekers,Schenectady,Schenectady,NY,11291,5,22,22,17496338,3.7,C,99,Brokerage Listings,Independent,2026-10-08T13:57:26Z
CREAM-20261008-00806,Jessica Thomas,Jessica Thomas,Jessica,Thomas,jthomas@icloud.com,(512) 587-7883,Century 21,Century 21,West Palm Beach,West Palm Beach,FL,34979,5,17,17,5181951,4.9,C,92,Brokerage Listings,Enterprise (200+ agents),2026-10-08T07:58:12Z
CREAM-20261008-00807,Rebecca Gray,Rebecca Gray,Rebecca,Gray,rgray@yahoo.com,(334) 289-2254,Berkshire Hathaway,Berkshire Hathaway,Peoria,Peoria,AZ,86200,1,8,8,2321367,4.0,C,86,Referral Network,Large (51-200 agents),2026-10-08T11:54:33Z
CREAM-20261008-00808,Diane Bailey,Diane Bailey,Diane,Bailey,diane.bailey@hotmail.com,(614) 725-2473,Cutler Real Estate,Cutler Real Estate,Lorain,Lorain,OH,43149,19,43,43,10861590,4.5,C,86,LinkedIn,Independent,2026-10-08T07:16:01Z
CREAM-20261008-00809,Christopher Young,Christopher Young,Christopher,Young,christopher_young@icloud.com,(718) 899-5893,Huntington Real Estate,Huntington Real Estate,Canton,Canton,OH,43902,17,54,54,14587455,4.1,C,93,Website Lead,Independent,2026-10-08T22:41:52Z
CREAM-20261008-00810,Donald Campbell,Donald Campbell,Donald,Campbell,donaldc@hotmail.com,(786) 504-2106,Compass,Compass,Modesto,Modesto,CA,95723,1,10,10,8544774,4.9,C,72,LinkedIn,Large (51-200 agents),2026-10-08T07:01:37Z
CREAM-20261008-00811,Victoria Cruz,Victoria Cruz,Victoria,Cruz,vcruz@icloud.com,(512) 870-2264,8z Real Estate,8z Real Estate,Centennial,Centennial,CO,81856,13,27,27,13308503,4.9,C,78,Facebook,Enterprise (200+ agents),2026-10-08T04:59:57Z
CREAM-20261008-00812,Sharon Alvarez,Sharon Alvarez,Sharon,Alvarez,sharona@me.com,(303) 535-6564,Halstead,Halstead,Schenectady,Schenectady,NY,12526,6,40,40,27229378,3.0,C,92,MLS Database,Enterprise (200+ agents),2026-10-08T04:17:51Z
CREAM-20261008-00813,Larry Reed,Larry Reed,Larry,Reed,lreed@gmail.com,(718) 506-6359,RE/MAX,RE/MAX,Yuma,Yuma,AZ,86420,2,5,5,1764660,3.4,C,66,Brokerage Listings,Mid-size (11-50 agents),2026-10-08T01:06:35Z
CREAM-20261008-00814,Lauren Smith,Lauren Smith,Lauren,Smith,laurensmith@me.com,(415) 657-3070,Compass,Compass,Gainesville,Gainesville,FL,34105,18,49,49,20282394,4.2,C,82,LinkedIn,Enterprise (200+ agents),2026-10-08T03:28:32Z
CREAM-20261008-00815,David Castillo,David Castillo,David,Castillo,david_castillo@icloud.com,(469) 572-1638,eXp Realty,eXp Realty,Youngstown,Youngstown,OH,45548,0,4,4,1143119,4.3,C,85,MLS Database,Boutique (2-10 agents),2026-10-08T13:59:04Z
CREAM-20261008-00816,Maria Rodriguez,Maria Rodriguez,Maria,Rodriguez,maria_rodriguez@yahoo.com,(602) 810-8191,Douglas Elliman,Douglas Elliman,Schenectady,Schenectady,NY,10797,19,40,40,20436883,4.4,C,77,Brokerage Listings,Boutique (2-10 agents),2026-10-08T07:47:46Z
CREAM-20261008-00817,Maria Alexander,Maria Alexander,Maria,Alexander,mariaalexander@icloud.com,(929) 792-4722,eXp Realty,eXp Realty,Centennial,Centennial,CO,81830,6,24,24,12096100,4.8,C,88,NAR Directory,Boutique (2-10 agents),2026-10-08T00:34:34Z
CREAM-20261008-00818,Amanda Jackson,Amanda Jackson,Amanda,Jackson,amandaj@hotmail.com,(602) 364-1802,eXp Realty,eXp Realty,Clearwater,Clearwater,FL,34160,18,49,49,20853942,4.2,C,66,NAR Directory,Large (51-200 agents),2026-10-08T19:40:21Z
CREAM-20261008-00819,Stephen Hughes,Stephen Hughes,Stephen,Hughes,stephenh@exprealty.com,(305) 563-1452,eXp Realty,eXp Realty,Surprise,Surprise,AZ,85801,2,12,12,4586574,4.9,C,60,NAR Directory,Independent,2026-10-08T04:30:05Z
CREAM-20261008-00820,Jeffrey Jones,Jeffrey Jones,Jeffrey,Jones,jjones@aol.com,(704) 816-2196,Keller Williams,Keller Williams,Mount Vernon,Mount Vernon,NY,10656,4,16,16,13206985,3.2,C,91,Facebook,Independent,2026-10-08T13:51:37Z
CREAM-20261008-00821,Victoria Cooper,Victoria Cooper,Victoria,Cooper,victoria_cooper@gmail.com,(919) 723-1137,Compass,Compass,Greenville,Greenville,NC,27556,2,7,7,1733406,4.1,C,85,NAR Directory,Independent,2026-10-08T22:44:09Z
CREAM-20261008-00822,Jason Rivera,Jason Rivera,Jason,Rivera,jasonr@yahoo.com,(919) 820-5509,RE/MAX,RE/MAX,Modesto,Modesto,CA,92442,0,0,0,0,4.7,C,80,Realtor.com,Large (51-200 agents),2026-10-08T10:57:21Z
CREAM-20261008-00823,Carolyn Hall,Carolyn Hall,Carolyn,Hall,carolynhall@outlook.com,(234) 337-6621,Compass,Compass,Utica,Utica,NY,10950,24,66,66,51018694,4.0,C,79,LinkedIn,Large (51-200 agents),2026-10-08T03:09:47Z
CREAM-20261008-00824,Jeffrey Stewart,Jeffrey Stewart,Jeffrey,Stewart,jeffreystewart@yahoo.com,(919) 876-3311,eXp Realty,eXp Realty,Miramar,Miramar,FL,33655,3,20,20,9468032,3.6,C,87,Cold Outreach,Independent,2026-10-08T03:26:42Z
CREAM-20261008-00825,Gregory Cook,Gregory Cook,Gregory,Cook,gcook@re/max.com,(646) 598-7358,RE/MAX,RE/MAX,High Point,High Point,NC,28247,14,73,73,31338204,4.0,C,79,LinkedIn,Boutique (2-10 agents),2026-10-08T00:06:42Z
CREAM-20261008-00826,Raymond Jackson,Raymond Jackson,Raymond,Jackson,raymond.jackson@exprealty.com,(303) 317-9462,eXp Realty,eXp Realty,Gainesville,Gainesville,FL,34466,16,33,33,10207552,4.3,C,95,Brokerage Listings,Enterprise (200+ agents),2026-10-08T17:45:29Z
CREAM-20261008-00827,Stephen Smith,Stephen Smith,Stephen,Smith,stephen_smith@yahoo.com,(512) 447-5647,RE/MAX,RE/MAX,Pasadena,Pasadena,TX,78364,18,44,44,16428497,4.6,C,61,Referral Network,Independent,2026-10-08T02:18:55Z
CREAM-20261008-00828,Jacob Clark,Jacob Clark,Jacob,Clark,jacobc@outlook.com,(718) 629-5332,Compass,Compass,West Palm Beach,West Palm Beach,FL,33625,8,30,30,15337873,4.8,C,98,NAR Directory,Enterprise (200+ agents),2026-10-08T21:34:17Z
CREAM-20261008-00829,Karen Green,Karen Green,Karen,Green,karengreen@aol.com,(212) 663-6608,Corcoran Group,Corcoran Group,Utica,Utica,NY,13250,3,12,12,7604415,3.0,C,63,NAR Directory,Boutique (2-10 agents),2026-10-08T17:04:50Z
CREAM-20261008-00830,Alan Edwards,Alan Edwards,Alan,Edwards,alane@kellerwilliams.com,(704) 662-7827,Keller Williams,Keller Williams,McKinney,McKinney,TX,78190,4,13,13,4813317,3.5,C,98,Website Lead,Independent,2026-10-08T03:34:58Z
CREAM-20261008-00831,Judith Powell,Judith Powell,Judith,Powell,judithp@icloud.com,(404) 336-4230,HomeSmart,HomeSmart,Avondale,Avondale,AZ,86909,14,57,57,21810124,3.5,C,64,Brokerage Listings,Large (51-200 agents),2026-10-08T14:36:46Z
CREAM-20261008-00832,Emily Coleman,Emily Coleman,Emily,Coleman,emily.coleman@sothebysinternational.com,(469) 600-4337,Sotheby's International,Sotheby's International,Schenectady,Schenectady,NY,14618,23,33,33,27146446,4.4,C,90,Trade Show,Mid-size (11-50 agents),2026-10-08T17:33:54Z
CREAM-20261008-00833,Jeffrey Watson,Jeffrey Watson,Jeffrey,Watson,jwatson@me.com,(512) 345-4131,Keller Williams Realty,Keller Williams Realty,West Palm Beach,West Palm Beach,FL,33973,5,16,16,7071610,4.0,C,66,Realtor.com,Mid-size (11-50 agents),2026-10-08T05:45:37Z
CREAM-20261008-00834,Janet Thomas,Janet Thomas,Janet,Thomas,jthomas@re/max.com,(256) 721-6359,RE/MAX,RE/MAX,Oxnard,Oxnard,CA,93573,22,36,36,30893807,4.6,C,76,Facebook,Large (51-200 agents),2026-10-08T18:50:12Z
CREAM-20261008-00835,Natalie Gonzalez,Natalie Gonzalez,Natalie,Gonzalez,nataliegonzalez@yahoo.com,(256) 630-8040,Coldwell Banker,Coldwell Banker,Boulder,Boulder,CO,80661,0,1,1,469649,4.1,C,85,Cold Outreach,Independent,2026-10-08T09:19:49Z
CREAM-20261008-00836,Timothy Moore,Timothy Moore,Timothy,Moore,timothy_moore@gmail.com,(646) 365-3635,Berkshire Hathaway,Berkshire Hathaway,Lorain,Lorain,OH,43787,2,4,4,1277727,3.4,C,83,LinkedIn,Enterprise (200+ agents),2026-10-08T00:36:42Z
CREAM-20261008-00837,Margaret Torres,Margaret Torres,Margaret,Torres,margaret.torres@exprealty.com,(786) 732-8085,eXp Realty,eXp Realty,Hamilton,Hamilton,OH,44873,14,55,55,13685464,4.4,C,99,Website Lead,Enterprise (200+ agents),2026-10-08T22:09:20Z
CREAM-20261008-00838,Ronald Garcia,Ronald Garcia,Ronald,Garcia,ronaldg@exprealty.com,(310) 922-3258,eXp Realty,eXp Realty,High Point,High Point,NC,27920,21,63,63,18067354,4.5,C,68,Trade Show,Enterprise (200+ agents),2026-10-08T15:53:44Z
CREAM-20261008-00839,Barbara Powell,Barbara Powell,Barbara,Powell,bpowell@gmail.com,(512) 358-2354,Corcoran Group,Corcoran Group,White Plains,White Plains,NY,13554,13,74,74,43166804,4.9,C,79,Facebook,Mid-size (11-50 agents),2026-10-08T07:57:55Z
CREAM-20261008-00840,Nicholas Kelly,Nicholas Kelly,Nicholas,Kelly,nicholas.kelly@halstead.com,(305) 208-8235,Halstead,Halstead,Hempstead,Hempstead,NY,10798,6,18,18,8882065,3.3,C,100,Referral Network,Boutique (2-10 agents),2026-10-08T02:47:07Z
CREAM-20261008-00841,Lawrence Lee,Lawrence Lee,Lawrence,Lee,lawrence_lee@hotmail.com,(602) 823-2346,Compass,Compass,Centennial,Centennial,CO,81539,1,9,9,5124346,4.5,C,74,MLS Database,Large (51-200 agents),2026-10-08T06:38:54Z
CREAM-20261008-00842,Donald Baker,Donald Baker,Donald,Baker,donald_baker@outlook.com,(404) 401-4808,Nest Seekers,Nest Seekers,White Plains,White Plains,NY,10381,25,41,41,19389384,4.1,C,77,MLS Database,Independent,2026-10-08T20:49:35Z
CREAM-20261008-00843,James Gutierrez,James Gutierrez,James,Gutierrez,james_gutierrez@outlook.com,(234) 755-9461,Compass,Compass,Wilmington,Wilmington,NC,28216,2,6,6,2261305,4.6,C,70,NAR Directory,Enterprise (200+ agents),2026-10-08T05:04:46Z
CREAM-20261008-00844,Robert Sullivan,Robert Sullivan,Robert,Sullivan,robertsullivan@outlook.com,(303) 842-2695,eXp Realty,eXp Realty,Lorain,Lorain,OH,43740,25,47,47,12929400,4.1,C,60,Referral Network,Boutique (2-10 agents),2026-10-08T17:27:13Z
CREAM-20261008-00845,Dennis Adams,Dennis Adams,Dennis,Adams,dennisadams@yahoo.com,(786) 408-8305,Keller Williams Realty,Keller Williams Realty,Fremont,Fremont,CA,95815,14,26,26,24523623,4.8,C,88,Website Lead,Large (51-200 agents),2026-10-08T03:35:19Z
CREAM-20261008-00846,Eric Cook,Eric Cook,Eric,Cook,eric.cook@outlook.com,(713) 766-8015,Compass,Compass,Coral Springs,Coral Springs,FL,32935,4,25,25,10731626,4.6,C,97,LinkedIn,Independent,2026-10-08T13:24:43Z
CREAM-20261008-00847,Brandon Lewis,Brandon Lewis,Brandon,Lewis,blewis@yahoo.com,(972) 778-8591,eXp Realty,eXp Realty,Westminster,Westminster,CO,81477,5,10,10,6486536,4.4,C,88,Website Lead,Independent,2026-10-08T07:35:44Z
CREAM-20261008-00848,Brandon Thompson,Brandon Thompson,Brandon,Thompson,bthompson@douglaselliman.com,(602) 753-2695,Douglas Elliman,Douglas Elliman,Hempstead,Hempstead,NY,11442,17,70,70,39424625,3.1,C,91,MLS Database,Enterprise (200+ agents),2026-10-08T12:31:04Z
CREAM-20261008-00849,Charles Gutierrez,Charles Gutierrez,Charles,Gutierrez,cgutierrez@compass.com,(704) 710-4915,Compass,Compass,White Plains,White Plains,NY,12170,19,43,43,22374082,3.4,C,91,Realtor.com,Boutique (2-10 agents),2026-10-08T13:13:45Z
CREAM-20261008-00850,Jack Smith,Jack Smith,Jack,Smith,jack_smith@gmail.com,(916) 729-1323,Compass,Compass,West Palm Beach,West Palm Beach,FL,32838,5,16,16,8464425,3.5,C,69,Cold Outreach,Independent,2026-10-08T04:55:44Z
CREAM-20261008-00851,Daniel Allen,Daniel Allen,Daniel,Allen,danielallen@outlook.com,(919) 593-1321,Long Realty,Long Realty,Yuma,Yuma,AZ,86613,14,42,42,15568575,3.8,C,88,Realtor.com,Boutique (2-10 agents),2026-10-08T10:29:26Z
CREAM-20261008-00852,Deborah Rodriguez,Deborah Rodriguez,Deborah,Rodriguez,deborahr@outlook.com,(602) 245-7346,Briggs Freeman Sotheby's,Briggs Freeman Sotheby's,Grand Prairie,Grand Prairie,TX,79884,11,68,68,26896738,4.3,C,80,Website Lead,Independent,2026-10-08T10:41:37Z
CREAM-20261008-00853,Elizabeth Evans,Elizabeth Evans,Elizabeth,Evans,elizabeth.evans@aol.com,(980) 386-1599,Corcoran Group,Corcoran Group,Schenectady,Schenectady,NY,14536,3,16,16,8867935,3.6,C,91,Realtor.com,Boutique (2-10 agents),2026-10-08T21:31:13Z
CREAM-20261008-00854,Anna Smith,Anna Smith,Anna,Smith,asmith@gmail.com,(704) 355-5939,8z Real Estate,8z Real Estate,Pueblo,Pueblo,CO,80385,5,11,11,6441260,4.9,C,95,Referral Network,Independent,2026-10-08T06:07:05Z
CREAM-20261008-00855,Peter Roberts,Peter Roberts,Peter,Roberts,proberts@re/max.com,(513) 247-5215,RE/MAX,RE/MAX,Surprise,Surprise,AZ,86140,0,4,4,1462641,4.8,C,65,MLS Database,Enterprise (200+ agents),2026-10-08T11:24:52Z
CREAM-20261008-00856,Scott Ward,Scott Ward,Scott,Ward,scottw@me.com,(310) 444-4331,Berkshire Hathaway,Berkshire Hathaway,Hamilton,Hamilton,OH,43899,12,33,33,6078930,3.4,C,74,Referral Network,Independent,2026-10-08T23:54:26Z
CREAM-20261008-00857,Cynthia Perez,Cynthia Perez,Cynthia,Perez,cynthia.perez@icloud.com,(212) 824-8462,Howard Hanna,Howard Hanna,Greenville,Greenville,NC,27509,3,12,12,5020125,3.3,C,99,NAR Directory,Enterprise (200+ agents),2026-10-08T06:25:41Z
CREAM-20261008-00858,Natalie Anderson,Natalie Anderson,Natalie,Anderson,nanderson@coldwellbanker.com,(305) 971-1321,Coldwell Banker,Coldwell Banker,Greenville,Greenville,NC,27991,0,1,1,420286,4.5,C,81,Facebook,Independent,2026-10-08T09:56:57Z
CREAM-20261008-00859,Christopher Collins,Christopher Collins,Christopher,Collins,ccollins@hotmail.com,(805) 233-5152,Coldwell Banker,Coldwell Banker,Moreno Valley,Moreno Valley,CA,91471,15,61,61,36927866,3.9,C,73,Trade Show,Large (51-200 agents),2026-10-08T07:39:27Z
CREAM-20261008-00860,Wayne Sanders,Wayne Sanders,Wayne,Sanders,waynesanders@me.com,(929) 481-6829,Howard Hanna,Howard Hanna,High Point,High Point,NC,28493,14,54,54,24003674,4.6,C,93,NAR Directory,Large (51-200 agents),2026-10-08T10:33:56Z
CREAM-20261008-00861,Nicholas Lewis,Nicholas Lewis,Nicholas,Lewis,nlewis@outlook.com,(614) 870-2532,Coldwell Banker,Coldwell Banker,Coral Springs,Coral Springs,FL,32122,16,64,64,32716007,4.7,C,80,Brokerage Listings,Enterprise (200+ agents),2026-10-08T08:09:06Z
CREAM-20261008-00862,Carolyn Martinez,Carolyn Martinez,Carolyn,Martinez,carolyn.martinez@berkshirehathaway.com,(718) 885-8490,Berkshire Hathaway,Berkshire Hathaway,Pueblo,Pueblo,CO,81997,2,12,12,8568942,4.2,C,60,Website Lead,Boutique (2-10 agents),2026-10-08T12:23:53Z
CREAM-20261008-00863,Charles Perez,Charles Perez,Charles,Perez,cperez@gmail.com,(310) 362-6557,Corcoran Group,Corcoran Group,Mount Vernon,Mount Vernon,NY,14442,19,41,41,23117379,3.6,C,82,Referral Network,Mid-size (11-50 agents),2026-10-08T12:21:56Z
CREAM-20261008-00864,Alan White,Alan White,Alan,White,alan.white@compass.com,(212) 387-7218,Compass,Compass,Oxnard,Oxnard,CA,96999,4,9,9,6809297,3.6,C,82,LinkedIn,Independent,2026-10-08T05:47:50Z
CREAM-20261008-00865,Kenneth Davis,Kenneth Davis,Kenneth,Davis,kennethd@hotmail.com,(212) 709-7781,eXp Realty,eXp Realty,Brownsville,Brownsville,TX,75426,4,25,25,8179585,3.8,C,61,Brokerage Listings,Independent,2026-10-08T15:44:17Z
CREAM-20261008-00866,Michael Bailey,Michael Bailey,Michael,Bailey,michael.bailey@me.com,(407) 759-4545,Keller Williams Realty,Keller Williams Realty,Fremont,Fremont,CA,91601,4,10,10,6079111,4.2,C,60,Website Lead,Independent,2026-10-08T17:56:44Z
CREAM-20261008-00867,Brian Patel,Brian Patel,Brian,Patel,brian.patel@me.com,(713) 656-4993,Sotheby's International,Sotheby's International,Schenectady,Schenectady,NY,12856,2,6,6,2808408,4.7,C,60,Realtor.com,Mid-size (11-50 agents),2026-10-08T23:16:32Z
CREAM-20261008-00868,Debra Wood,Debra Wood,Debra,Wood,debrawood@aol.com,(805) 619-9020,Berkshire Hathaway,Berkshire Hathaway,Brownsville,Brownsville,TX,77657,3,16,16,7265009,3.9,C,72,Brokerage Listings,Large (51-200 agents),2026-10-08T10:39:24Z
CREAM-20261008-00869,Jerry Perry,Jerry Perry,Jerry,Perry,jperry@me.com,(512) 733-8443,HomeSmart,HomeSmart,Avondale,Avondale,AZ,86974,4,23,23,8916825,4.8,C,68,Realtor.com,Large (51-200 agents),2026-10-08T13:30:35Z
CREAM-20261008-00870,Samantha Gray,Samantha Gray,Samantha,Gray,samanthag@exprealty.com,(513) 702-2131,eXp Realty,eXp Realty,Pasadena,Pasadena,TX,78876,13,40,40,12547093,4.0,C,95,MLS Database,Large (51-200 agents),2026-10-08T06:37:23Z
CREAM-20261008-00871,Patrick Chavez,Patrick Chavez,Patrick,Chavez,patrick.chavez@yahoo.com,(929) 558-3204,Keller Williams,Keller Williams,Greenville,Greenville,NC,27864,2,10,10,4516328,4.7,C,64,Facebook,Enterprise (200+ agents),2026-10-08T18:52:58Z
CREAM-20261008-00872,Grace Alexander,Grace Alexander,Grace,Alexander,gracea@coldwellbanker.com,(404) 724-6079,Coldwell Banker,Coldwell Banker,Concord,Concord,NC,28809,5,19,19,6265350,3.3,C,77,Trade Show,Mid-size (11-50 agents),2026-10-08T09:06:05Z
CREAM-20261008-00873,Janet Howard,Janet Howard,Janet,Howard,janet_howard@aol.com,(305) 335-1617,Douglas Elliman,Douglas Elliman,Mount Vernon,Mount Vernon,NY,11573,7,22,22,13553246,4.6,C,81,Realtor.com,Mid-size (11-50 agents),2026-10-08T18:51:38Z
CREAM-20261008-00874,Frank Johnson,Frank Johnson,Frank,Johnson,fjohnson@berkshirehathawayhomeservices.com,(972) 696-5270,Berkshire Hathaway HomeServices,Berkshire Hathaway HomeServices,Irvine,Irvine,CA,94858,3,13,13,13914863,4.7,C,92,Cold Outreach,Enterprise (200+ agents),2026-10-08T19:25:52Z
CREAM-20261008-00875,Heather Myers,Heather Myers,Heather,Myers,heather_myers@hotmail.com,(786) 258-4179,Berkshire Hathaway,Berkshire Hathaway,Greenville,Greenville,NC,27285,0,3,3,1215800,4.0,C,77,Referral Network,Independent,2026-10-08T00:48:21Z
CREAM-20261008-00876,Walter Smith,Walter Smith,Walter,Smith,wsmith@aol.com,(714) 662-5382,Douglas Elliman,Douglas Elliman,Utica,Utica,NY,11155,7,16,16,11669943,4.2,C,70,Realtor.com,Independent,2026-10-08T21:31:49Z
CREAM-20261008-00877,Margaret Nguyen,Margaret Nguyen,Margaret,Nguyen,margaret_nguyen@gmail.com,(916) 476-6896,Coldwell Banker,Coldwell Banker,Centennial,Centennial,CO,80580,12,26,26,12997036,4.8,C,62,LinkedIn,Enterprise (200+ agents),2026-10-08T04:21:27Z
CREAM-20261008-00878,Pamela Scott,Pamela Scott,Pamela,Scott,pamelas@icloud.com,(512) 333-3030,LIV Sotheby's,LIV Sotheby's,Westminster,Westminster,CO,80795,3,25,25,10691753,3.3,C,82,NAR Directory,Enterprise (200+ agents),2026-10-08T07:13:18Z
CREAM-20261008-00879,Catherine Martin,Catherine Martin,Catherine,Martin,catherine.martin@cutlerrealestate.com,(980) 638-3398,Cutler Real Estate,Cutler Real Estate,Hamilton,Hamilton,OH,45659,9,32,32,7943484,3.7,C,75,NAR Directory,Large (51-200 agents),2026-10-08T20:20:14Z
CREAM-20261008-00880,Eugene Campbell,Eugene Campbell,Eugene,Campbell,eugenec@gmail.com,(980) 493-8432,Douglas Elliman,Douglas Elliman,Troy,Troy,NY,14448,6,35,35,18783631,3.9,C,80,Realtor.com,Enterprise (200+ agents),2026-10-08T18:20:14Z
CREAM-20261008-00881,Gary Chavez,Gary Chavez,Gary,Chavez,garychavez@aol.com,(512) 439-9516,Long Realty,Long Realty,Surprise,Surprise,AZ,85435,9,31,31,12880590,4.8,C,71,Facebook,Independent,2026-10-08T04:41:35Z
CREAM-20261008-00882,Linda Ward,Linda Ward,Linda,Ward,lward@me.com,(602) 845-3213,RE/MAX,RE/MAX,Palm Bay,Palm Bay,FL,32328,16,62,62,31609615,4.4,C,73,Realtor.com,Independent,2026-10-08T21:54:30Z
CREAM-20261008-00883,Catherine Davis,Catherine Davis,Catherine,Davis,cdavis@outlook.com,(512) 248-2081,eXp Realty,eXp Realty,Gainesville,Gainesville,FL,34144,1,7,7,2065575,4.2,C,91,NAR Directory,Large (51-200 agents),2026-10-08T13:19:25Z
CREAM-20261008-00884,Melissa Ruiz,Melissa Ruiz,Melissa,Ruiz,melissar@hotmail.com,(972) 259-5230,Compass,Compass,Huntington Beach,Huntington Beach,CA,93259,0,1,1,747137,3.2,C,77,LinkedIn,Large (51-200 agents),2026-10-08T14:08:37Z
CREAM-20261008-00885,Gregory Kim,Gregory Kim,Gregory,Kim,gregory.kim@exprealty.com,(929) 377-5384,eXp Realty,eXp Realty,West Palm Beach,West Palm Beach,FL,34500,3,23,23,8575353,4.9,C,69,Referral Network,Mid-size (11-50 agents),2026-10-08T23:13:29Z
CREAM-20261008-00886,Catherine Allen,Catherine Allen,Catherine,Allen,callen@me.com,(714) 402-3100,Huntington Real Estate,Huntington Real Estate,Canton,Canton,OH,44849,5,8,8,2490087,3.9,C,78,Brokerage Listings,Enterprise (200+ agents),2026-10-08T23:02:35Z
CREAM-20261008-00887,Lisa Fisher,Lisa Fisher,Lisa,Fisher,lfisher@icloud.com,(256) 999-1802,eXp Realty,eXp Realty,Greenville,Greenville,NC,27287,17,25,25,6588763,3.1,C,89,Trade Show,Boutique (2-10 agents),2026-10-08T04:04:18Z
CREAM-20261008-00888,Donald Ward,Donald Ward,Donald,Ward,dward@yahoo.com,(234) 290-5913,Berkshire Hathaway,Berkshire Hathaway,Avondale,Avondale,AZ,86494,17,31,31,10582672,4.3,C,63,Trade Show,Independent,2026-10-08T01:27:51Z
CREAM-20261008-00889,Olivia Miller,Olivia Miller,Olivia,Miller,omiller@longrealty.com,(805) 491-2879,Long Realty,Long Realty,Surprise,Surprise,AZ,86878,1,10,10,4886706,3.3,C,62,MLS Database,Large (51-200 agents),2026-10-08T17:01:36Z
CREAM-20261008-00890,Julia Hughes,Julia Hughes,Julia,Hughes,jhughes@century21.com,(303) 785-6328,Century 21,Century 21,Clearwater,Clearwater,FL,34676,24,61,61,26341029,4.6,C,73,MLS Database,Mid-size (11-50 agents),2026-10-08T15:00:27Z
CREAM-20261008-00891,James Chavez,James Chavez,James,Chavez,jchavez@gmail.com,(718) 886-9951,Keller Williams,Keller Williams,Surprise,Surprise,AZ,86618,3,22,22,7576881,4.7,C,68,Brokerage Listings,Mid-size (11-50 agents),2026-10-08T14:14:17Z
CREAM-20261008-00892,Ralph Hernandez,Ralph Hernandez,Ralph,Hernandez,rhernandez@icloud.com,(929) 868-2035,Keller Williams,Keller Williams,Mount Vernon,Mount Vernon,NY,13937,24,73,73,57605267,4.2,C,86,Trade Show,Large (51-200 agents),2026-10-08T13:25:10Z
CREAM-20261008-00893,Nicole Cook,Nicole Cook,Nicole,Cook,nicole.cook@me.com,(980) 910-8992,Sotheby's International,Sotheby's International,Irvine,Irvine,CA,90852,18,68,68,72911003,3.6,C,73,NAR Directory,Boutique (2-10 agents),2026-10-08T01:57:39Z
CREAM-20261008-00894,Amy Wilson,Amy Wilson,Amy,Wilson,amy_wilson@me.com,(305) 475-7986,Berkshire Hathaway,Berkshire Hathaway,Avondale,Avondale,AZ,85648,11,70,70,21029085,4.3,C,87,Trade Show,Boutique (2-10 agents),2026-10-08T03:36:08Z
CREAM-20261008-00895,Danielle Patel,Danielle Patel,Danielle,Patel,daniellep@alliebethallman.com,(786) 235-4511,Allie Beth Allman,Allie Beth Allman,Pasadena,Pasadena,TX,78280,25,49,49,18754580,3.6,C,91,Website Lead,Mid-size (11-50 agents),2026-10-08T02:50:29Z
CREAM-20261008-00896,Bruce Ward,Bruce Ward,Bruce,Ward,bruce.ward@gmail.com,(512) 468-2478,Coldwell Banker,Coldwell Banker,Coral Springs,Coral Springs,FL,32570,3,17,17,5445978,4.4,C,87,Cold Outreach,Independent,2026-10-08T09:18:59Z
CREAM-20261008-00897,Donald Reyes,Donald Reyes,Donald,Reyes,donald.reyes@compass.com,(614) 426-1763,Compass,Compass,Palm Bay,Palm Bay,FL,32170,2,12,12,4573325,3.9,C,90,Website Lead,Independent,2026-10-08T08:20:18Z
CREAM-20261008-00898,Samantha Parker,Samantha Parker,Samantha,Parker,samanthaparker@icloud.com,(704) 326-8809,8z Real Estate,8z Real Estate,Boulder,Boulder,CO,81943,7,22,22,12661416,4.4,C,93,Trade Show,Enterprise (200+ agents),2026-10-08T13:04:10Z
CREAM-20261008-00899,Mary Parker,Mary Parker,Mary,Parker,mary.parker@kellerwilliams.com,(212) 564-2402,Keller Williams,Keller Williams,Youngstown,Youngstown,OH,45678,0,0,0,0,3.3,C,98,Website Lead,Large (51-200 agents),2026-10-08T13:07:36Z
CREAM-20261008-00900,Michael Walker,Michael Walker,Michael,Walker,michael.walker@pacificsothebys.com,(614) 637-8365,Pacific Sotheby's,Pacific Sotheby's,Fremont,Fremont,CA,95352,19,64,64,56360660,4.9,C,61,Website Lead,Boutique (2-10 agents),2026-10-08T00:43:11Z
CREAM-20261008-00901,Theresa Myers,Theresa Myers,Theresa,Myers,tmyers@yahoo.com,(602) 259-2293,Huntington Real Estate,Huntington Real Estate,Lorain,Lorain,OH,45560,5,19,19,3371169,4.8,C,74,Cold Outreach,Independent,2026-10-08T18:29:49Z
CREAM-20261008-00902,Keith Ortiz,Keith Ortiz,Keith,Ortiz,keithortiz@aol.com,(929) 421-3623,Berkshire Hathaway,Berkshire Hathaway,Canton,Canton,OH,44493,11,43,43,8496235,3.1,C,64,Brokerage Listings,Large (51-200 agents),2026-10-08T06:27:44Z
CREAM-20261008-00903,Emily Castillo,Emily Castillo,Emily,Castillo,emily_castillo@aol.com,(334) 309-3698,Keller Williams,Keller Williams,Surprise,Surprise,AZ,86341,13,43,43,15082241,4.6,C,74,Realtor.com,Enterprise (200+ agents),2026-10-08T18:15:49Z
CREAM-20261008-00904,Kimberly Torres,Kimberly Torres,Kimberly,Torres,kimberlyt@kellerwilliams.com,(786) 616-5461,Keller Williams,Keller Williams,Pueblo,Pueblo,CO,81400,4,17,17,10648662,3.9,C,64,Brokerage Listings,Enterprise (200+ agents),2026-10-08T13:05:20Z
CREAM-20261008-00905,Jacqueline Lewis,Jacqueline Lewis,Jacqueline,Lewis,jacquelinel@brownharrisstevens.com,(234) 605-3605,Brown Harris Stevens,Brown Harris Stevens,White Plains,White Plains,NY,11726,0,2,2,934451,4.0,C,96,MLS Database,Large (51-200 agents),2026-10-08T19:35:49Z
CREAM-20261008-00906,Bruce Price,Bruce Price,Bruce,Price,bruceprice@gmail.com,(404) 201-8874,Coldwell Banker,Coldwell Banker,Youngstown,Youngstown,OH,44673,23,40,40,9799396,4.1,C,77,Website Lead,Independent,2026-10-08T20:06:23Z
CREAM-20261008-00907,Juan Brooks,Juan Brooks,Juan,Brooks,juanb@icloud.com,(469) 667-2779,Cutler Real Estate,Cutler Real Estate,Hamilton,Hamilton,OH,44657,4,9,9,1598185,4.9,C,100,MLS Database,Boutique (2-10 agents),2026-10-08T08:05:47Z
CREAM-20261008-00908,Theresa Mitchell,Theresa Mitchell,Theresa,Mitchell,tmitchell@gmail.com,(214) 627-2233,Long Realty,Long Realty,Yuma,Yuma,AZ,85770,11,70,70,29920141,3.5,C,68,LinkedIn,Independent,2026-10-08T21:07:14Z
CREAM-20261008-00909,Eric Long,Eric Long,Eric,Long,eric_long@yahoo.com,(303) 706-5414,Keller Williams,Keller Williams,McAllen,McAllen,TX,78366,8,28,28,11273400,3.7,C,77,LinkedIn,Large (51-200 agents),2026-10-08T00:34:53Z
CREAM-20261008-00910,Joseph Phillips,Joseph Phillips,Joseph,Phillips,josephp@coldwellbanker.com,(256) 880-2695,Coldwell Banker,Coldwell Banker,Grand Prairie,Grand Prairie,TX,75980,17,25,25,9173164,3.1,C,97,LinkedIn,Mid-size (11-50 agents),2026-10-08T08:53:06Z
CREAM-20261008-00911,Donald Lewis,Donald Lewis,Donald,Lewis,dlewis@huntingtonrealestate.com,(303) 374-4340,Huntington Real Estate,Huntington Real Estate,Hamilton,Hamilton,OH,45297,10,76,76,23470289,4.7,C,89,Trade Show,Enterprise (200+ agents),2026-10-08T12:25:00Z
CREAM-20261008-00912,Larry Castillo,Larry Castillo,Larry,Castillo,larrycastillo@yahoo.com,(310) 688-2032,Berkshire Hathaway,Berkshire Hathaway,Avondale,Avondale,AZ,85941,5,14,14,6184998,3.3,C,70,Realtor.com,Large (51-200 agents),2026-10-08T09:35:40Z
CREAM-20261008-00913,Robert Clark,Robert Clark,Robert,Clark,robertclark@hotmail.com,(929) 609-7003,Berkshire Hathaway,Berkshire Hathaway,Avondale,Avondale,AZ,85754,22,64,64,20848720,4.0,C,96,Trade Show,Boutique (2-10 agents),2026-10-08T20:22:57Z
CREAM-20261008-00914,Raymond Sanders,Raymond Sanders,Raymond,Sanders,raymonds@me.com,(614) 448-8767,Pacific Sotheby's,Pacific Sotheby's,Fontana,Fontana,CA,92635,0,3,3,3058523,4.6,C,94,Facebook,Mid-size (11-50 agents),2026-10-08T04:43:41Z
CREAM-20261008-00915,Jennifer Sullivan,Jennifer Sullivan,Jennifer,Sullivan,jennifers@douglaselliman.com,(916) 385-2340,Douglas Elliman,Douglas Elliman,McAllen,McAllen,TX,75444,21,73,73,29142097,3.1,C,77,Trade Show,Independent,2026-10-08T07:05:14Z
CREAM-20261008-00916,Sandra Moore,Sandra Moore,Sandra,Moore,sandra_moore@yahoo.com,(614) 603-4846,Howard Hanna,Howard Hanna,Greenville,Greenville,NC,27435,7,22,22,7765488,3.6,C,96,MLS Database,Large (51-200 agents),2026-10-08T15:51:56Z
CREAM-20261008-00917,Anthony Mendoza,Anthony Mendoza,Anthony,Mendoza,anthonymendoza@icloud.com,(805) 463-6672,Century 21,Century 21,Palm Bay,Palm Bay,FL,33668,9,21,21,6365547,4.3,C,100,Brokerage Listings,Large (51-200 agents),2026-10-08T15:29:05Z
CREAM-20261008-00918,Keith Sanders,Keith Sanders,Keith,Sanders,keith_sanders@hotmail.com,(713) 461-3720,Coldwell Banker,Coldwell Banker,High Point,High Point,NC,28390,0,2,2,550625,3.8,C,83,Trade Show,Large (51-200 agents),2026-10-08T18:21:51Z
CREAM-20261008-00919,Mark Hughes,Mark Hughes,Mark,Hughes,mhughes@kellerwilliams.com,(713) 236-6083,Keller Williams,Keller Williams,Greenville,Greenville,NC,28532,19,33,33,8704078,3.7,C,72,Referral Network,Independent,2026-10-08T09:17:46Z
CREAM-20261008-00920,Laura Gray,Laura Gray,Laura,Gray,lgray@yahoo.com,(972) 928-9616,LIV Sotheby's,LIV Sotheby's,Boulder,Boulder,CO,80437,9,21,21,12448793,3.7,C,60,Referral Network,Mid-size (11-50 agents),2026-10-08T07:04:25Z
CREAM-20261008-00921,Jason Howard,Jason Howard,Jason,Howard,jasonh@hotmail.com,(469) 467-6243,Brown Harris Stevens,Brown Harris Stevens,White Plains,White Plains,NY,10883,6,39,39,23878507,3.8,C,62,Website Lead,Independent,2026-10-08T09:00:40Z
CREAM-20261008-00922,Catherine Edwards,Catherine Edwards,Catherine,Edwards,catherine.edwards@icloud.com,(713) 989-8858,Berkshire Hathaway,Berkshire Hathaway,Pueblo,Pueblo,CO,80914,15,45,45,19142156,4.0,C,76,MLS Database,Independent,2026-10-08T17:54:56Z
CREAM-20261008-00923,Jeffrey Fisher,Jeffrey Fisher,Jeffrey,Fisher,jeffreyf@compass.com,(404) 764-1471,Compass,Compass,Boulder,Boulder,CO,81144,14,78,78,37270164,3.4,C,76,LinkedIn,Boutique (2-10 agents),2026-10-08T18:22:05Z
CREAM-20261008-00924,Nancy Cruz,Nancy Cruz,Nancy,Cruz,nancy_cruz@me.com,(714) 478-1373,Douglas Elliman,Douglas Elliman,Utica,Utica,NY,13120,12,59,59,34670455,4.8,C,65,MLS Database,Independent,2026-10-08T04:34:04Z
CREAM-20261008-00925,Charles Russell,Charles Russell,Charles,Russell,charles.russell@icloud.com,(214) 358-1266,Coldwell Banker,Coldwell Banker,Yuma,Yuma,AZ,85513,3,23,23,6669214,3.2,C,88,Realtor.com,Boutique (2-10 agents),2026-10-08T08:26:30Z
CREAM-20261008-00926,Patricia Bennett,Patricia Bennett,Patricia,Bennett,patriciabennett@yahoo.com,(972) 349-7269,eXp Realty,eXp Realty,Greenville,Greenville,NC,28992,9,38,38,14832481,3.8,C,99,Brokerage Listings,Enterprise (200+ agents),2026-10-08T01:55:50Z
CREAM-20261008-00927,Catherine Walker,Catherine Walker,Catherine,Walker,catherinewalker@yahoo.com,(415) 630-4975,Halstead,Halstead,White Plains,White Plains,NY,14797,16,25,25,12411389,3.6,C,88,Realtor.com,Boutique (2-10 agents),2026-10-08T21:15:24Z
CREAM-20261008-00928,Aaron Ward,Aaron Ward,Aaron,Ward,aaronward@hotmail.com,(512) 983-7800,Berkshire Hathaway,Berkshire Hathaway,Wilmington,Wilmington,NC,28106,14,75,75,29355429,3.7,C,86,NAR Directory,Enterprise (200+ agents),2026-10-08T05:36:53Z
CREAM-20261008-00929,Gloria Hernandez,Gloria Hernandez,Gloria,Hernandez,gloria.hernandez@livsothebys.com,(614) 562-3740,LIV Sotheby's,LIV Sotheby's,Pueblo,Pueblo,CO,80734,2,7,7,3526234,3.7,C,72,Referral Network,Enterprise (200+ agents),2026-10-08T22:39:31Z
CREAM-20261008-00930,Megan Stewart,Megan Stewart,Megan,Stewart,megans@kellerwilliams.com,(646) 379-4599,Keller Williams,Keller Williams,McAllen,McAllen,TX,76146,5,9,9,3580236,3.9,C,77,Cold Outreach,Mid-size (11-50 agents),2026-10-08T06:59:15Z
CREAM-20261008-00931,Cynthia Brooks,Cynthia Brooks,Cynthia,Brooks,cynthia_brooks@outlook.com,(469) 650-2787,Cutler Real Estate,Cutler Real Estate,Lorain,Lorain,OH,43287,16,25,25,7982452,3.1,C,79,Referral Network,Independent,2026-10-08T16:46:53Z
CREAM-20261008-00932,Jessica Cox,Jessica Cox,Jessica,Cox,jessica_cox@hotmail.com,(614) 843-3122,Keller Williams,Keller Williams,Utica,Utica,NY,12711,4,11,11,9232354,4.8,C,82,Website Lead,Independent,2026-10-08T14:50:01Z
CREAM-20261008-00933,Nancy Long,Nancy Long,Nancy,Long,nlong@gmail.com,(704) 835-4514,Compass,Compass,Clearwater,Clearwater,FL,34302,4,19,19,10270459,4.9,C,93,Referral Network,Large (51-200 agents),2026-10-08T01:05:58Z
CREAM-20261008-00934,Emma Reed,Emma Reed,Emma,Reed,emma.reed@hotmail.com,(718) 589-9487,Sotheby's International,Sotheby's International,Mount Vernon,Mount Vernon,NY,13691,1,8,8,4218725,4.2,C,66,Trade Show,Boutique (2-10 agents),2026-10-08T08:21:07Z
CREAM-20261008-00935,Samantha Harris,Samantha Harris,Samantha,Harris,samantha.harris@me.com,(919) 454-5838,Coldwell Banker,Coldwell Banker,Oxnard,Oxnard,CA,92869,24,69,69,53732008,3.2,C,95,NAR Directory,Mid-size (11-50 agents),2026-10-08T22:39:39Z
CREAM-20261008-00936,Janet Collins,Janet Collins,Janet,Collins,janet.collins@outlook.com,(919) 211-4577,Cutler Real Estate,Cutler Real Estate,Canton,Canton,OH,43298,4,23,23,7167181,4.9,C,70,Realtor.com,Large (51-200 agents),2026-10-08T20:02:56Z
CREAM-20261008-00937,Alexander Martin,Alexander Martin,Alexander,Martin,alexander.martin@aol.com,(614) 561-4606,Compass,Compass,Irvine,Irvine,CA,93667,23,51,51,50090655,3.0,C,96,Facebook,Mid-size (11-50 agents),2026-10-08T05:28:54Z
CREAM-20261008-00938,Brittany Ward,Brittany Ward,Brittany,Ward,brittany.ward@hotmail.com,(720) 435-5477,eXp Realty,eXp Realty,Mesquite,Mesquite,TX,79311,0,4,4,1244196,3.5,C,67,NAR Directory,Mid-size (11-50 agents),2026-10-08T00:49:27Z
CREAM-20261008-00939,Judith Smith,Judith Smith,Judith,Smith,judiths@me.com,(407) 350-5393,HomeSmart,HomeSmart,Avondale,Avondale,AZ,86974,11,45,45,20078366,3.3,C,64,Realtor.com,Enterprise (200+ agents),2026-10-08T19:36:11Z
CREAM-20261008-00940,Emily Walker,Emily Walker,Emily,Walker,emilyw@outlook.com,(646) 494-3271,Nest Seekers,Nest Seekers,Troy,Troy,NY,14322,1,11,11,7105701,3.7,C,78,Trade Show,Independent,2026-10-08T16:51:15Z
CREAM-20261008-00941,Angela Morales,Angela Morales,Angela,Morales,amorales@me.com,(404) 533-9907,RE/MAX,RE/MAX,Westminster,Westminster,CO,80832,15,55,55,32062858,4.4,C,91,Referral Network,Boutique (2-10 agents),2026-10-08T18:21:55Z
CREAM-20261008-00942,Bruce Roberts,Bruce Roberts,Bruce,Roberts,broberts@kellerwilliams.com,(469) 505-6504,Keller Williams,Keller Williams,Avondale,Avondale,AZ,86234,3,16,16,6983471,4.4,C,67,Brokerage Listings,Independent,2026-10-08T05:35:25Z
CREAM-20261008-00943,Judith Jones,Judith Jones,Judith,Jones,judithj@exprealty.com,(614) 582-8090,eXp Realty,eXp Realty,Mesquite,Mesquite,TX,79941,11,39,39,10681061,4.9,C,84,MLS Database,Mid-size (11-50 agents),2026-10-08T20:52:31Z
CREAM-20261008-00944,Daniel Phillips,Daniel Phillips,Daniel,Phillips,daniel_phillips@aol.com,(786) 862-3456,Nest Seekers,Nest Seekers,Troy,Troy,NY,11578,25,53,53,25380389,4.9,C,82,Facebook,Enterprise (200+ agents),2026-10-08T20:14:59Z
CREAM-20261008-00945,Raymond Parker,Raymond Parker,Raymond,Parker,raymondparker@aol.com,(972) 639-2410,eXp Realty,eXp Realty,Gainesville,Gainesville,FL,32779,16,51,51,19696885,4.7,C,71,Trade Show,Large (51-200 agents),2026-10-08T07:37:37Z
CREAM-20261008-00946,Keith Richardson,Keith Richardson,Keith,Richardson,keithr@aol.com,(469) 687-3958,RE/MAX,RE/MAX,Palm Bay,Palm Bay,FL,33267,2,6,6,2342475,4.9,C,79,Facebook,Large (51-200 agents),2026-10-08T15:16:32Z
CREAM-20261008-00947,David Cruz,David Cruz,David,Cruz,dcruz@aol.com,(720) 475-5601,Berkshire Hathaway,Berkshire Hathaway,Boulder,Boulder,CO,80295,2,9,9,3642639,4.4,C,94,NAR Directory,Enterprise (200+ agents),2026-10-08T05:51:31Z
CREAM-20261008-00948,Walter Sanders,Walter Sanders,Walter,Sanders,walter.sanders@icloud.com,(512) 925-7220,RE/MAX,RE/MAX,Pasadena,Pasadena,TX,75719,14,80,80,22027143,3.3,C,91,Website Lead,Large (51-200 agents),2026-10-08T09:45:56Z
CREAM-20261008-00949,Jacob Hughes,Jacob Hughes,Jacob,Hughes,jacobh@icloud.com,(334) 852-5523,LIV Sotheby's,LIV Sotheby's,Westminster,Westminster,CO,81683,20,42,42,29233452,4.7,C,91,Trade Show,Large (51-200 agents),2026-10-08T23:47:14Z
CREAM-20261008-00950,Carl Young,Carl Young,Carl,Young,carl_young@outlook.com,(512) 472-9720,Keller Williams Realty,Keller Williams Realty,Clearwater,Clearwater,FL,33436,11,40,40,14665030,3.6,C,80,MLS Database,Large (51-200 agents),2026-10-08T11:26:15Z
CREAM-20261008-00951,Timothy Smith,Timothy Smith,Timothy,Smith,timothysmith@gmail.com,(713) 340-6835,Halstead,Halstead,Utica,Utica,NY,12146,2,8,8,4779023,4.5,C,70,Referral Network,Large (51-200 agents),2026-10-08T13:48:23Z
CREAM-20261008-00952,Barbara Powell,Barbara Powell,Barbara,Powell,barbarap@re/max.com,(310) 950-2330,RE/MAX,RE/MAX,Concord,Concord,NC,28980,3,14,14,5293106,4.3,C,70,Facebook,Mid-size (11-50 agents),2026-10-08T10:48:01Z
CREAM-20261008-00953,Carl Wilson,Carl Wilson,Carl,Wilson,cwilson@coldwellbanker.com,(305) 234-4632,Coldwell Banker,Coldwell Banker,Miramar,Miramar,FL,34615,25,71,71,37314593,3.5,C,94,NAR Directory,Independent,2026-10-08T02:14:33Z
CREAM-20261008-00954,Shirley Cruz,Shirley Cruz,Shirley,Cruz,scruz@re/max.com,(334) 646-8237,RE/MAX,RE/MAX,Gainesville,Gainesville,FL,32164,3,18,18,9223132,4.2,C,86,Realtor.com,Boutique (2-10 agents),2026-10-08T08:32:00Z
CREAM-20261008-00955,Jonathan Russell,Jonathan Russell,Jonathan,Russell,jonathan.russell@coldwellbanker.com,(720) 864-7149,Coldwell Banker,Coldwell Banker,Surprise,Surprise,AZ,85292,1,9,9,2953943,3.8,C,82,LinkedIn,Large (51-200 agents),2026-10-08T21:12:40Z
CREAM-20261008-00956,Justin Martin,Justin Martin,Justin,Martin,jmartin@pacificsothebys.com,(256) 511-5131,Pacific Sotheby's,Pacific Sotheby's,Huntington Beach,Huntington Beach,CA,91805,3,22,22,20341259,4.2,C,79,LinkedIn,Enterprise (200+ agents),2026-10-08T19:30:13Z
CREAM-20261008-00957,Amy Phillips,Amy Phillips,Amy,Phillips,aphillips@outlook.com,(310) 677-2408,Keller Williams,Keller Williams,Concord,Concord,NC,27111,5,23,23,9035737,4.4,C,60,MLS Database,Large (51-200 agents),2026-10-08T12:44:12Z
CREAM-20261008-00958,Nicole Howard,Nicole Howard,Nicole,Howard,nicoleh@howardhanna.com,(805) 383-1393,Howard Hanna,Howard Hanna,Concord,Concord,NC,28761,3,19,19,6785800,4.5,C,79,NAR Directory,Large (51-200 agents),2026-10-08T06:04:20Z
CREAM-20261008-00959,Michelle Morris,Michelle Morris,Michelle,Morris,mmorris@allentate.com,(929) 307-1589,Allen Tate,Allen Tate,Wilmington,Wilmington,NC,27149,24,25,25,8882019,3.8,C,67,Facebook,Independent,2026-10-08T23:30:10Z
CREAM-20261008-00960,Ashley Alexander,Ashley Alexander,Ashley,Alexander,ashley_alexander@aol.com,(305) 931-9934,RE/MAX,RE/MAX,Pasadena,Pasadena,TX,75449,15,70,70,31002454,3.1,C,93,Referral Network,Independent,2026-10-08T04:36:31Z
CREAM-20261008-00961,Amy Martinez,Amy Martinez,Amy,Martinez,amym@yahoo.com,(704) 470-8464,Keller Williams Realty,Keller Williams Realty,Gainesville,Gainesville,FL,34318,1,4,4,1687117,3.6,C,67,Trade Show,Mid-size (11-50 agents),2026-10-08T23:22:50Z
CREAM-20261008-00962,Rebecca Smith,Rebecca Smith,Rebecca,Smith,rebecca.smith@hotmail.com,(916) 413-5090,Keller Williams,Keller Williams,Brownsville,Brownsville,TX,75200,18,62,62,16528354,4.8,C,73,MLS Database,Enterprise (200+ agents),2026-10-08T16:05:52Z
CREAM-20261008-00963,Catherine Johnson,Catherine Johnson,Catherine,Johnson,catherine.johnson@longrealty.com,(614) 625-1149,Long Realty,Long Realty,Yuma,Yuma,AZ,85440,15,38,38,14483523,4.5,C,68,Brokerage Listings,Enterprise (200+ agents),2026-10-08T01:08:08Z
CREAM-20261008-00964,Gloria Hughes,Gloria Hughes,Gloria,Hughes,gloriahughes@hotmail.com,(720) 347-3866,Keller Williams,Keller Williams,Centennial,Centennial,CO,80631,20,71,71,28581715,4.2,C,78,Website Lead,Independent,2026-10-08T23:47:16Z
CREAM-20261008-00965,Diane Jones,Diane Jones,Diane,Jones,dianej@kellerwilliamsrealty.com,(256) 806-1541,Keller Williams Realty,Keller Williams Realty,Moreno Valley,Moreno Valley,CA,92462,3,11,11,9208470,4.9,C,93,Brokerage Listings,Independent,2026-10-08T18:32:16Z
CREAM-20261008-00966,Mark Thompson,Mark Thompson,Mark,Thompson,mark.thompson@howardhanna.com,(805) 544-7640,Howard Hanna,Howard Hanna,High Point,High Point,NC,27838,24,37,37,9217132,3.8,C,71,MLS Database,Independent,2026-10-08T11:16:29Z
CREAM-20261008-00967,Gregory Morris,Gregory Morris,Gregory,Morris,gmorris@aol.com,(469) 840-7616,RE/MAX,RE/MAX,Brownsville,Brownsville,TX,78403,1,10,10,3840219,3.3,C,60,Trade Show,Mid-size (11-50 agents),2026-10-08T03:15:34Z
CREAM-20261008-00968,Sandra Watson,Sandra Watson,Sandra,Watson,swatson@yahoo.com,(303) 227-2448,eXp Realty,eXp Realty,Coral Springs,Coral Springs,FL,33803,4,12,12,6090315,4.0,C,83,Facebook,Mid-size (11-50 agents),2026-10-08T18:22:37Z
CREAM-20261008-00969,Jennifer Russell,Jennifer Russell,Jennifer,Russell,jennifer.russell@coldwellbanker.com,(720) 810-7568,Coldwell Banker,Coldwell Banker,Westminster,Westminster,CO,80604,13,74,74,50755192,3.6,C,76,Realtor.com,Enterprise (200+ agents),2026-10-08T22:45:05Z
CREAM-20261008-00970,Janet Walker,Janet Walker,Janet,Walker,janet_walker@outlook.com,(786) 911-5379,Briggs Freeman Sotheby's,Briggs Freeman Sotheby's,Brownsville,Brownsville,TX,75472,18,37,37,15730892,3.3,C,81,Website Lead,Mid-size (11-50 agents),2026-10-08T03:49:42Z
CREAM-20261008-00971,Joshua Sanders,Joshua Sanders,Joshua,Sanders,jsanders@me.com,(407) 300-4250,eXp Realty,eXp Realty,Yuma,Yuma,AZ,85436,13,58,58,16701090,3.2,C,64,Referral Network,Boutique (2-10 agents),2026-10-08T14:16:19Z
CREAM-20261008-00972,Brenda Young,Brenda Young,Brenda,Young,brenda.young@exprealty.com,(972) 249-4280,eXp Realty,eXp Realty,Coral Springs,Coral Springs,FL,34174,2,4,4,2004686,4.5,C,65,Trade Show,Independent,2026-10-08T06:30:21Z
CREAM-20261008-00973,Brenda Hill,Brenda Hill,Brenda,Hill,brenda.hill@me.com,(980) 450-9289,Brown Harris Stevens,Brown Harris Stevens,Schenectady,Schenectady,NY,12865,11,79,79,53124514,4.6,C,88,Cold Outreach,Enterprise (200+ agents),2026-10-08T05:55:45Z
CREAM-20261008-00974,Dennis Jimenez,Dennis Jimenez,Dennis,Jimenez,dennisjimenez@yahoo.com,(334) 917-1870,Russell Lyon Sotheby's,Russell Lyon Sotheby's,Surprise,Surprise,AZ,85974,21,78,78,35036780,3.7,C,79,Realtor.com,Independent,2026-10-08T09:39:30Z
CREAM-20261008-00975,Keith Thompson,Keith Thompson,Keith,Thompson,keith.thompson@kellerwilliams.com,(214) 472-9243,Keller Williams,Keller Williams,Mesquite,Mesquite,TX,77342,7,24,24,7016131,3.7,C,87,Realtor.com,Independent,2026-10-08T18:00:42Z
CREAM-20261008-00976,Amber Bailey,Amber Bailey,Amber,Bailey,amber.bailey@corcorangroup.com,(334) 365-3157,Corcoran Group,Corcoran Group,Schenectady,Schenectady,NY,14619,24,62,62,31231899,4.7,C,79,LinkedIn,Enterprise (200+ agents),2026-10-08T05:11:58Z
CREAM-20261008-00977,Larry Thomas,Larry Thomas,Larry,Thomas,larryt@yahoo.com,(718) 234-8248,Pacific Sotheby's,Pacific Sotheby's,Irvine,Irvine,CA,92818,20,73,73,70875121,3.6,C,85,Referral Network,Enterprise (200+ agents),2026-10-08T04:58:20Z
CREAM-20261008-00978,Bruce Cruz,Bruce Cruz,Bruce,Cruz,brucec@yahoo.com,(310) 215-3201,RE/MAX,RE/MAX,Oxnard,Oxnard,CA,93770,11,54,54,58164300,4.8,C,60,Trade Show,Mid-size (11-50 agents),2026-10-08T09:12:54Z
CREAM-20261008-00979,Martha Gonzalez,Martha Gonzalez,Martha,Gonzalez,martha_gonzalez@hotmail.com,(646) 825-6402,Berkshire Hathaway,Berkshire Hathaway,Youngstown,Youngstown,OH,45544,2,9,9,1649233,4.5,C,90,Facebook,Boutique (2-10 agents),2026-10-08T08:09:24Z
CREAM-20261008-00980,Michael Fisher,Michael Fisher,Michael,Fisher,mfisher@douglaselliman.com,(714) 615-1710,Douglas Elliman,Douglas Elliman,Schenectady,Schenectady,NY,14274,0,3,3,1822421,5.0,C,96,NAR Directory,Independent,2026-10-08T10:24:18Z
CREAM-20261008-00981,Eugene Kelly,Eugene Kelly,Eugene,Kelly,eugenek@coldwellbanker.com,(704) 497-8034,Coldwell Banker,Coldwell Banker,Pasadena,Pasadena,TX,75857,3,18,18,6552723,3.5,C,92,Referral Network,Boutique (2-10 agents),2026-10-08T08:16:02Z
CREAM-20261008-00982,Kenneth Robinson,Kenneth Robinson,Kenneth,Robinson,kenneth_robinson@outlook.com,(714) 542-2542,eXp Realty,eXp Realty,Modesto,Modesto,CA,95377,5,8,8,5271172,4.0,C,97,Trade Show,Enterprise (200+ agents),2026-10-08T02:17:27Z
CREAM-20261008-00983,Linda Patel,Linda Patel,Linda,Patel,lpatel@gmail.com,(512) 861-5548,Coldwell Banker,Coldwell Banker,Surprise,Surprise,AZ,85760,9,27,27,12216264,4.5,C,95,LinkedIn,Mid-size (11-50 agents),2026-10-08T14:46:36Z
CREAM-20261008-00984,Maria Adams,Maria Adams,Maria,Adams,madams@berkshirehathaway.com,(256) 737-3910,Berkshire Hathaway,Berkshire Hathaway,Avondale,Avondale,AZ,85309,19,80,80,30286250,3.3,C,73,LinkedIn,Enterprise (200+ agents),2026-10-08T13:05:12Z
CREAM-20261008-00985,Philip Ramos,Philip Ramos,Philip,Ramos,pramos@icloud.com,(305) 885-6458,Keller Williams Realty,Keller Williams Realty,Clearwater,Clearwater,FL,33779,22,30,30,12523850,4.2,C,68,LinkedIn,Enterprise (200+ agents),2026-10-08T09:43:30Z
CREAM-20261008-00986,Keith Perez,Keith Perez,Keith,Perez,keith.perez@yahoo.com,(929) 338-9632,Compass,Compass,Fremont,Fremont,CA,93360,14,34,34,22779769,4.2,C,98,Cold Outreach,Large (51-200 agents),2026-10-08T14:49:14Z
CREAM-20261008-00987,Gloria Alvarez,Gloria Alvarez,Gloria,Alvarez,gloriaa@berkshirehathawayhomeservices.com,(214) 209-8390,Berkshire Hathaway HomeServices,Berkshire Hathaway HomeServices,Oxnard,Oxnard,CA,93796,2,5,5,4906216,3.1,C,100,MLS Database,Mid-size (11-50 agents),2026-10-08T12:21:30Z
CREAM-20261008-00988,Kevin Jackson,Kevin Jackson,Kevin,Jackson,kjackson@sothebysinternational.com,(718) 642-6170,Sotheby's International,Sotheby's International,Mount Vernon,Mount Vernon,NY,12324,16,31,31,21777618,4.6,C,96,LinkedIn,Boutique (2-10 agents),2026-10-08T08:52:55Z
CREAM-20261008-00989,Megan Torres,Megan Torres,Megan,Torres,megan.torres@me.com,(234) 904-1821,RE/MAX,RE/MAX,Greenville,Greenville,NC,28741,3,16,16,6085069,3.3,C,78,LinkedIn,Boutique (2-10 agents),2026-10-08T20:11:47Z
CREAM-20261008-00990,Melissa Cook,Melissa Cook,Melissa,Cook,melissacook@me.com,(256) 902-3750,eXp Realty,eXp Realty,Wilmington,Wilmington,NC,28384,3,23,23,10025509,4.4,C,89,MLS Database,Boutique (2-10 agents),2026-10-08T04:09:11Z
CREAM-20261008-00991,Rose Stewart,Rose Stewart,Rose,Stewart,rose.stewart@homesmart.com,(513) 404-2012,HomeSmart,HomeSmart,Peoria,Peoria,AZ,86355,6,39,39,11566610,4.2,C,82,Facebook,Enterprise (200+ agents),2026-10-08T12:23:10Z
CREAM-20261008-00992,Aaron Ward,Aaron Ward,Aaron,Ward,aaronw@aol.com,(512) 637-2603,eXp Realty,eXp Realty,Brownsville,Brownsville,TX,78728,24,53,53,18490369,3.1,C,80,Referral Network,Independent,2026-10-08T01:35:38Z
CREAM-20261008-00993,Benjamin Hughes,Benjamin Hughes,Benjamin,Hughes,benjaminh@compass.com,(602) 400-4162,Compass,Compass,Hempstead,Hempstead,NY,12768,2,12,12,7205441,4.3,C,83,NAR Directory,Independent,2026-10-08T21:53:05Z
CREAM-20261008-00994,Jason Lewis,Jason Lewis,Jason,Lewis,jasonl@coldwellbanker.com,(512) 794-2530,Coldwell Banker,Coldwell Banker,Canton,Canton,OH,45415,23,70,70,13306306,3.3,C,99,Website Lead,Large (51-200 agents),2026-10-08T04:40:13Z
CREAM-20261008-00995,Christine Flores,Christine Flores,Christine,Flores,cflores@me.com,(415) 247-6553,RE/MAX,RE/MAX,Westminster,Westminster,CO,81915,0,3,3,1810446,4.8,C,79,Referral Network,Large (51-200 agents),2026-10-08T17:16:28Z
CREAM-20261008-00996,Jonathan Moore,Jonathan Moore,Jonathan,Moore,jmoore@me.com,(212) 538-2940,Coldwell Banker,Coldwell Banker,Irvine,Irvine,CA,93458,25,32,32,28007970,4.5,C,84,Brokerage Listings,Mid-size (11-50 agents),2026-10-08T16:45:10Z
CREAM-20261008-00997,Janet Ruiz,Janet Ruiz,Janet,Ruiz,jruiz@hotmail.com,(512) 366-2068,Huntington Real Estate,Huntington Real Estate,Hamilton,Hamilton,OH,45952,8,23,23,5501092,4.6,C,81,NAR Directory,Mid-size (11-50 agents),2026-10-08T12:03:03Z
CREAM-20261008-00998,Mary Jimenez,Mary Jimenez,Mary,Jimenez,mary.jimenez@homesmart.com,(512) 427-8454,HomeSmart,HomeSmart,Surprise,Surprise,AZ,85272,0,3,3,1479226,3.2,C,62,Website Lead,Large (51-200 agents),2026-10-08T17:05:49Z
CREAM-20261008-00999,Debra Peterson,Debra Peterson,Debra,Peterson,dpeterson@yahoo.com,(929) 368-7188,Nest Seekers,Nest Seekers,White Plains,White Plains,NY,12957,2,9,9,5906324,4.0,C,79,Referral Network,Mid-size (11-50 agents),2026-10-08T22:32:11Z
CREAM-20261008-01000,Anna Reed,Anna Reed,Anna,Reed,anna.reed@outlook.com,(916) 523-7379,RE/MAX,RE/MAX,High Point,High Point,NC,27372,24,74,74,24108025,3.3,C,70,MLS Database,Boutique (2-10 agents),2026-10-08T01:32:55Z
