id,full_name,name,first_name,last_name,email,phone,brokerage,company,metro_area,city,state,zip,years_experience,transactions_12mo,transactions_last_year,sales_volume,rating,priority,cream_fit_score,source,brokerage_size,scraped_at
CREAM-20260913-00001,Amber Alexander,Amber Alexander,Amber,Alexander,amberalexander@outlook.com,(972) 228-1214,RE/MAX,RE/MAX,Greensboro,Greensboro,NC,27406,6,19,19,7622913,4.5,A,65,NAR Directory,Mid-size (11-50 agents),2026-09-13T15:23:45Z
CREAM-20260913-00002,Amber Russell,Amber Russell,Amber,Russell,amberr@hotmail.com,(512) 764-7277,Compass,Compass,Bronx,Bronx,NY,14780,7,27,27,15691325,4.1,A,85,Cold Outreach,Mid-size (11-50 agents),2026-09-13T16:50:14Z
CREAM-20260913-00003,Samantha Stewart,Samantha Stewart,Samantha,Stewart,samantha_stewart@icloud.com,(256) 270-4007,RE/MAX,RE/MAX,Cincinnati,Cincinnati,OH,45661,0,2,2,403194,3.2,A,77,MLS Database,Large (51-200 agents),2026-09-13T23:46:41Z
CREAM-20260913-00004,Megan Miller,Megan Miller,Megan,Miller,meganm@re/max.com,(214) 763-2641,RE/MAX,RE/MAX,Raleigh,Raleigh,NC,27484,24,70,70,20965180,3.7,A,61,MLS Database,Large (51-200 agents),2026-09-13T23:27:53Z
CREAM-20260913-00005,Barbara Morgan,Barbara Morgan,Barbara,Morgan,bmorgan@yahoo.com,(334) 557-5168,Berkshire Hathaway,Berkshire Hathaway,Tucson,Tucson,AZ,86971,1,9,9,4506653,3.4,A,99,Website Lead,Mid-size (11-50 agents),2026-09-13T20:08:11Z
CREAM-20260913-00006,Timothy Jenkins,Timothy Jenkins,Timothy,Jenkins,timothy.jenkins@douglaselliman.com,(929) 807-3985,Douglas Elliman,Douglas Elliman,Jacksonville,Jacksonville,FL,33438,3,8,8,2372334,4.8,A,93,Facebook,Independent,2026-09-13T04:15:27Z
CREAM-20260913-00007,Alan Wright,Alan Wright,Alan,Wright,alan_wright@gmail.com,(407) 426-8772,RE/MAX,RE/MAX,Cincinnati,Cincinnati,OH,43292,13,74,74,18430281,5.0,A,80,Realtor.com,Boutique (2-10 agents),2026-09-13T23:40:58Z
CREAM-20260913-00008,Walter Lewis,Walter Lewis,Walter,Lewis,wlewis@compass.com,(212) 882-1462,Compass,Compass,Aurora,Aurora,CO,81827,11,62,62,44217181,4.4,A,83,Trade Show,Enterprise (200+ agents),2026-09-13T11:15:38Z
CREAM-20260913-00009,Peter Carter,Peter Carter,Peter,Carter,peter.carter@aol.com,(713) 295-7656,Coldwell Banker,Coldwell Banker,Greensboro,Greensboro,NC,27438,19,79,79,34249228,4.9,A,69,Facebook,Enterprise (200+ agents),2026-09-13T15:44:23Z
CREAM-20260913-00010,Raymond Robinson,Raymond Robinson,Raymond,Robinson,raymondr@exprealty.com,(256) 694-2424,eXp Realty,eXp Realty,Cincinnati,Cincinnati,OH,43668,3,10,10,2048245,4.4,A,88,Referral Network,Boutique (2-10 agents),2026-09-13T09:16:37Z
CREAM-20260913-00011,Joshua Cruz,Joshua Cruz,Joshua,Cruz,joshuac@compass.com,(713) 275-8574,Compass,Compass,Denver,Denver,CO,81176,15,50,50,29086845,4.2,A,88,LinkedIn,Boutique (2-10 agents),2026-09-13T08:03:20Z
CREAM-20260913-00012,Paul Rodriguez,Paul Rodriguez,Paul,Rodriguez,prodriguez@yahoo.com,(614) 653-9781,Berkshire Hathaway,Berkshire Hathaway,Phoenix,Phoenix,AZ,85848,17,70,70,25557013,4.0,A,81,Referral Network,Mid-size (11-50 agents),2026-09-13T20:46:34Z
CREAM-20260913-00013,Amanda Adams,Amanda Adams,Amanda,Adams,amandaadams@gmail.com,(972) 511-5378,Howard Hanna,Howard Hanna,Greensboro,Greensboro,NC,28230,1,10,10,4465950,3.0,A,60,Brokerage Listings,Mid-size (11-50 agents),2026-09-13T14:03:32Z
CREAM-20260913-00014,Aaron Lewis,Aaron Lewis,Aaron,Lewis,alewis@icloud.com,(614) 222-7368,Compass,Compass,Aurora,Aurora,CO,80124,5,13,13,7372248,4.8,A,75,Brokerage Listings,Enterprise (200+ agents),2026-09-13T21:38:15Z
CREAM-20260913-00015,David Flores,David Flores,David,Flores,davidflores@yahoo.com,(305) 222-6967,Keller Williams Realty,Keller Williams Realty,Tampa,Tampa,FL,34548,18,43,43,15162058,4.8,A,68,MLS Database,Independent,2026-09-13T02:04:37Z
CREAM-20260913-00016,Sandra Alvarez,Sandra Alvarez,Sandra,Alvarez,sandraalvarez@yahoo.com,(714) 962-6083,eXp Realty,eXp Realty,Colorado Springs,Colorado Springs,CO,80194,2,3,3,1698484,3.2,A,93,MLS Database,Mid-size (11-50 agents),2026-09-13T01:18:22Z
CREAM-20260913-00017,Philip Hill,Philip Hill,Philip,Hill,philiphill@icloud.com,(972) 483-6867,Berkshire Hathaway,Berkshire Hathaway,Cincinnati,Cincinnati,OH,43887,4,8,8,2036592,3.4,A,64,NAR Directory,Enterprise (200+ agents),2026-09-13T07:43:19Z
CREAM-20260913-00018,Nicole Harris,Nicole Harris,Nicole,Harris,nicoleharris@icloud.com,(310) 297-3522,Compass,Compass,Denver,Denver,CO,81906,14,35,35,19324526,4.3,A,80,NAR Directory,Boutique (2-10 agents),2026-09-13T18:16:41Z
CREAM-20260913-00019,Jennifer King,Jennifer King,Jennifer,King,jennifer.king@hotmail.com,(310) 490-7553,Berkshire Hathaway,Berkshire Hathaway,Aurora,Aurora,CO,81357,0,2,2,969458,5.0,A,100,Trade Show,Independent,2026-09-13T04:58:30Z
CREAM-20260913-00020,Stephen Stewart,Stephen Stewart,Stephen,Stewart,stephens@yahoo.com,(614) 784-6392,Coldwell Banker,Coldwell Banker,El Paso,El Paso,TX,77671,5,22,22,9726565,3.3,A,61,Website Lead,Boutique (2-10 agents),2026-09-13T11:01:06Z
CREAM-20260913-00021,Aaron Sanders,Aaron Sanders,Aaron,Sanders,aarons@icloud.com,(919) 471-2283,Keller Williams,Keller Williams,Charlotte,Charlotte,NC,28314,20,60,60,16229810,4.7,A,92,Referral Network,Independent,2026-09-13T11:41:49Z
CREAM-20260913-00022,Paul Davis,Paul Davis,Paul,Davis,pauld@century21.com,(512) 850-7114,Century 21,Century 21,Tampa,Tampa,FL,32907,1,8,8,3176041,3.6,A,62,Website Lead,Independent,2026-09-13T10:26:44Z
CREAM-20260913-00023,Andrew Price,Andrew Price,Andrew,Price,andrewprice@hotmail.com,(513) 398-2437,Halstead,Halstead,Brooklyn,Brooklyn,NY,13898,16,56,56,27166195,4.5,A,98,NAR Directory,Boutique (2-10 agents),2026-09-13T06:47:34Z
CREAM-20260913-00024,Thomas Ortiz,Thomas Ortiz,Thomas,Ortiz,thomaso@gmail.com,(916) 504-9255,8z Real Estate,8z Real Estate,Denver,Denver,CO,80175,2,8,8,4581386,3.2,A,84,MLS Database,Enterprise (200+ agents),2026-09-13T08:34:41Z
CREAM-20260913-00025,Samuel Cruz,Samuel Cruz,Samuel,Cruz,samuelcruz@gmail.com,(972) 286-5892,LIV Sotheby's,LIV Sotheby's,Colorado Springs,Colorado Springs,CO,81830,17,70,70,28017001,4.9,A,92,Brokerage Listings,Independent,2026-09-13T03:47:52Z
CREAM-20260913-00026,Michael Walker,Michael Walker,Michael,Walker,michael.walker@icloud.com,(404) 609-7877,Berkshire Hathaway HomeServices,Berkshire Hathaway HomeServices,Oakland,Oakland,CA,91464,2,10,10,10262957,3.6,A,69,Website Lead,Enterprise (200+ agents),2026-09-13T13:16:32Z
CREAM-20260913-00027,Carol Patel,Carol Patel,Carol,Patel,carolp@sothebysinternational.com,(212) 728-4295,Sotheby's International,Sotheby's International,New York City,New York City,NY,11751,23,54,54,30182301,4.5,A,70,NAR Directory,Large (51-200 agents),2026-09-13T00:31:49Z
CREAM-20260913-00028,Patricia Campbell,Patricia Campbell,Patricia,Campbell,pcampbell@allentate.com,(305) 773-7294,Allen Tate,Allen Tate,Raleigh,Raleigh,NC,28291,24,27,27,7702855,4.1,A,91,Realtor.com,Mid-size (11-50 agents),2026-09-13T01:01:14Z
CREAM-20260913-00029,Roger Jones,Roger Jones,Roger,Jones,rjones@gmail.com,(646) 577-8715,Keller Williams Realty,Keller Williams Realty,Fort Lauderdale,Fort Lauderdale,FL,32279,24,44,44,22245140,4.2,A,94,MLS Database,Independent,2026-09-13T08:45:30Z
CREAM-20260913-00030,Philip Smith,Philip Smith,Philip,Smith,philips@aol.com,(404) 481-2478,Compass,Compass,Denver,Denver,CO,81841,3,13,13,7388073,4.4,A,83,Realtor.com,Independent,2026-09-13T13:50:56Z
CREAM-20260913-00031,Carolyn Torres,Carolyn Torres,Carolyn,Torres,carolyn.torres@yahoo.com,(929) 553-5197,Douglas Elliman,Douglas Elliman,Houston,Houston,TX,75114,5,22,22,6961671,4.1,A,64,Cold Outreach,Enterprise (200+ agents),2026-09-13T03:51:29Z
CREAM-20260913-00032,Nicole Hernandez,Nicole Hernandez,Nicole,Hernandez,nicoleh@kellerwilliams.com,(234) 730-9965,Keller Williams,Keller Williams,Denver,Denver,CO,80442,16,61,61,34396742,4.5,A,95,Realtor.com,Independent,2026-09-13T18:52:35Z
CREAM-20260913-00033,Linda Murphy,Linda Murphy,Linda,Murphy,linda.murphy@exprealty.com,(718) 676-1349,eXp Realty,eXp Realty,Orlando,Orlando,FL,32492,11,32,32,12610558,3.4,A,61,Trade Show,Large (51-200 agents),2026-09-13T05:13:27Z
CREAM-20260913-00034,Andrew Lewis,Andrew Lewis,Andrew,Lewis,andrew_lewis@outlook.com,(916) 771-7013,Coldwell Banker,Coldwell Banker,Los Angeles,Los Angeles,CA,92373,2,11,11,11452507,4.4,A,77,Realtor.com,Mid-size (11-50 agents),2026-09-13T19:04:26Z
CREAM-20260913-00035,Alexander Reed,Alexander Reed,Alexander,Reed,alexanderreed@hotmail.com,(512) 924-3513,Compass,Compass,Aurora,Aurora,CO,80318,5,8,8,5384491,3.1,A,86,Realtor.com,Enterprise (200+ agents),2026-09-13T00:15:22Z
CREAM-20260913-00036,Lisa Nelson,Lisa Nelson,Lisa,Nelson,lisa.nelson@kellerwilliams.com,(646) 257-2956,Keller Williams,Keller Williams,Charlotte,Charlotte,NC,28562,13,37,37,15524322,4.5,A,69,Brokerage Listings,Independent,2026-09-13T10:32:50Z
CREAM-20260913-00037,Natalie Gomez,Natalie Gomez,Natalie,Gomez,natalie.gomez@yahoo.com,(704) 613-2097,Keller Williams,Keller Williams,Houston,Houston,TX,79488,19,33,33,10431996,3.0,A,86,Referral Network,Boutique (2-10 agents),2026-09-13T17:27:24Z
CREAM-20260913-00038,Carol Smith,Carol Smith,Carol,Smith,carol.smith@exprealty.com,(718) 900-3617,eXp Realty,eXp Realty,Charlotte,Charlotte,NC,28731,15,62,62,15428572,4.0,A,86,Facebook,Mid-size (11-50 agents),2026-09-13T04:22:46Z
CREAM-20260913-00039,Timothy Anderson,Timothy Anderson,Timothy,Anderson,timothya@howardhanna.com,(713) 653-2277,Howard Hanna,Howard Hanna,Raleigh,Raleigh,NC,28100,1,8,8,2425698,4.2,A,100,Brokerage Listings,Independent,2026-09-13T01:16:17Z
CREAM-20260913-00040,Deborah Morales,Deborah Morales,Deborah,Morales,deborah.morales@me.com,(305) 716-2815,eXp Realty,eXp Realty,San Diego,San Diego,CA,90888,5,20,20,20592103,3.8,A,79,LinkedIn,Independent,2026-09-13T22:11:26Z
CREAM-20260913-00041,Kimberly Williams,Kimberly Williams,Kimberly,Williams,kimberlyw@berkshirehathawayhomeservices.com,(310) 498-9974,Berkshire Hathaway HomeServices,Berkshire Hathaway HomeServices,Oakland,Oakland,CA,92737,0,5,5,4054582,4.1,A,98,Trade Show,Boutique (2-10 agents),2026-09-13T16:47:44Z
CREAM-20260913-00042,Eugene Evans,Eugene Evans,Eugene,Evans,eugene.evans@gmail.com,(407) 871-6803,Halstead,Halstead,Queens,Queens,NY,12627,3,12,12,7033752,3.1,A,91,NAR Directory,Large (51-200 agents),2026-09-13T14:46:52Z
CREAM-20260913-00043,Albert Patel,Albert Patel,Albert,Patel,albert.patel@hotmail.com,(614) 884-9522,eXp Realty,eXp Realty,Los Angeles,Los Angeles,CA,94743,8,37,37,26229405,4.7,A,92,Realtor.com,Mid-size (11-50 agents),2026-09-13T19:06:38Z
CREAM-20260913-00044,Brittany Parker,Brittany Parker,Brittany,Parker,brittany.parker@outlook.com,(980) 355-7974,RE/MAX,RE/MAX,Miami,Miami,FL,34530,2,4,4,1537926,4.7,A,69,Facebook,Large (51-200 agents),2026-09-13T18:34:55Z
CREAM-20260913-00045,Timothy Flores,Timothy Flores,Timothy,Flores,timothy_flores@yahoo.com,(602) 460-7442,Pacific Sotheby's,Pacific Sotheby's,Sacramento,Sacramento,CA,95777,1,10,10,6228370,4.6,A,66,LinkedIn,Boutique (2-10 agents),2026-09-13T19:32:07Z
CREAM-20260913-00046,Michelle Howard,Michelle Howard,Michelle,Howard,mhoward@berkshirehathaway.com,(713) 580-5910,Berkshire Hathaway,Berkshire Hathaway,Greensboro,Greensboro,NC,27527,14,53,53,23908072,3.3,A,83,Brokerage Listings,Independent,2026-09-13T07:31:12Z
CREAM-20260913-00047,Brenda Brown,Brenda Brown,Brenda,Brown,brendab@icloud.com,(919) 662-2428,Russell Lyon Sotheby's,Russell Lyon Sotheby's,Mesa,Mesa,AZ,86734,22,60,60,31339048,4.3,A,70,NAR Directory,Enterprise (200+ agents),2026-09-13T05:21:16Z
CREAM-20260913-00048,Ralph White,Ralph White,Ralph,White,ralphw@berkshirehathawayhomeservices.com,(212) 553-4683,Berkshire Hathaway HomeServices,Berkshire Hathaway HomeServices,San Diego,San Diego,CA,90907,11,49,49,31567986,3.4,A,99,Cold Outreach,Enterprise (200+ agents),2026-09-13T14:19:06Z
CREAM-20260913-00049,Ryan Ramos,Ryan Ramos,Ryan,Ramos,ryanramos@outlook.com,(303) 270-5526,Berkshire Hathaway,Berkshire Hathaway,Austin,Austin,TX,78628,4,19,19,4753849,4.3,A,92,Facebook,Large (51-200 agents),2026-09-13T10:43:59Z
CREAM-20260913-00050,Gloria Fisher,Gloria Fisher,Gloria,Fisher,gfisher@yahoo.com,(234) 316-5199,RE/MAX,RE/MAX,San Diego,San Diego,CA,91981,2,5,5,4128739,3.0,A,99,Referral Network,Mid-size (11-50 agents),2026-09-13T14:14:59Z
CREAM-20260913-00051,Eugene Murphy,Eugene Murphy,Eugene,Murphy,emurphy@sothebysinternational.com,(234) 821-5545,Sotheby's International,Sotheby's International,San Jose,San Jose,CA,95563,19,70,70,42915337,4.6,A,85,Website Lead,Large (51-200 agents),2026-09-13T23:57:51Z
CREAM-20260913-00052,Kenneth Brown,Kenneth Brown,Kenneth,Brown,kenneth.brown@icloud.com,(305) 360-4429,Nest Seekers,Nest Seekers,Bronx,Bronx,NY,10270,20,61,61,43146281,4.3,A,84,MLS Database,Independent,2026-09-13T16:48:23Z
CREAM-20260913-00053,Eugene Sanders,Eugene Sanders,Eugene,Sanders,eugenes@huntingtonrealestate.com,(404) 807-9037,Huntington Real Estate,Huntington Real Estate,Cleveland,Cleveland,OH,45290,1,5,5,1451965,4.3,A,83,Referral Network,Independent,2026-09-13T22:51:17Z
CREAM-20260913-00054,Aaron Davis,Aaron Davis,Aaron,Davis,adavis@hotmail.com,(305) 374-3201,eXp Realty,eXp Realty,Sacramento,Sacramento,CA,92848,20,78,78,50908353,3.0,A,98,Facebook,Large (51-200 agents),2026-09-13T16:40:30Z
CREAM-20260913-00055,Donald King,Donald King,Donald,King,donaldking@me.com,(415) 647-7920,Keller Williams Realty,Keller Williams Realty,San Francisco,San Francisco,CA,94667,3,14,14,14322819,3.5,A,77,Trade Show,Large (51-200 agents),2026-09-13T19:38:46Z
CREAM-20260913-00056,Stephanie Hill,Stephanie Hill,Stephanie,Hill,stephanieh@pacificsothebys.com,(513) 357-2125,Pacific Sotheby's,Pacific Sotheby's,Long Beach,Long Beach,CA,96774,3,13,13,10476160,4.8,A,81,Realtor.com,Enterprise (200+ agents),2026-09-13T19:08:33Z
CREAM-20260913-00057,Peter Miller,Peter Miller,Peter,Miller,petermiller@icloud.com,(614) 875-5856,Berkshire Hathaway HomeServices,Berkshire Hathaway HomeServices,Oakland,Oakland,CA,92640,11,33,33,29281503,3.3,A,77,Facebook,Boutique (2-10 agents),2026-09-13T18:45:17Z
CREAM-20260913-00058,David Hughes,David Hughes,David,Hughes,david_hughes@gmail.com,(805) 248-6373,Russell Lyon Sotheby's,Russell Lyon Sotheby's,Tucson,Tucson,AZ,85596,20,48,48,17067114,3.1,A,64,LinkedIn,Enterprise (200+ agents),2026-09-13T06:54:24Z
CREAM-20260913-00059,Justin Thomas,Justin Thomas,Justin,Thomas,jthomas@hotmail.com,(602) 839-2319,Keller Williams Realty,Keller Williams Realty,San Diego,San Diego,CA,95974,17,48,48,46457362,3.7,A,95,Referral Network,Mid-size (11-50 agents),2026-09-13T00:07:13Z
CREAM-20260913-00060,Michael Young,Michael Young,Michael,Young,michaely@me.com,(916) 747-5051,HER Realtors,HER Realtors,Cleveland,Cleveland,OH,43544,13,77,77,22427779,3.1,A,73,NAR Directory,Mid-size (11-50 agents),2026-09-13T14:43:50Z
CREAM-20260913-00061,William Jimenez,William Jimenez,William,Jimenez,william.jimenez@aol.com,(805) 868-6655,Douglas Elliman,Douglas Elliman,Jacksonville,Jacksonville,FL,33472,4,14,14,4850954,4.9,A,94,Website Lead,Mid-size (11-50 agents),2026-09-13T08:32:51Z
CREAM-20260913-00062,Laura Wilson,Laura Wilson,Laura,Wilson,lwilson@hotmail.com,(256) 350-2037,Keller Williams Realty,Keller Williams Realty,Orlando,Orlando,FL,33934,1,5,5,2335963,3.3,A,70,Brokerage Listings,Mid-size (11-50 agents),2026-09-13T23:29:37Z
CREAM-20260913-00063,Rebecca Campbell,Rebecca Campbell,Rebecca,Campbell,rebeccac@exprealty.com,(214) 696-7093,eXp Realty,eXp Realty,Phoenix,Phoenix,AZ,86288,2,4,4,1171506,4.1,A,61,Cold Outreach,Large (51-200 agents),2026-09-13T09:47:11Z
CREAM-20260913-00064,Mark Moore,Mark Moore,Mark,Moore,mmoore@gmail.com,(929) 790-5079,Sotheby's International,Sotheby's International,Brooklyn,Brooklyn,NY,10559,20,73,73,53960686,4.8,A,62,Trade Show,Mid-size (11-50 agents),2026-09-13T02:37:30Z
CREAM-20260913-00065,Theresa Mitchell,Theresa Mitchell,Theresa,Mitchell,theresa.mitchell@icloud.com,(919) 894-9966,Corcoran Group,Corcoran Group,Brooklyn,Brooklyn,NY,12462,0,0,0,0,3.4,A,93,LinkedIn,Boutique (2-10 agents),2026-09-13T15:28:53Z
CREAM-20260913-00066,James Powell,James Powell,James,Powell,jamesp@me.com,(805) 395-4893,Century 21,Century 21,Fort Lauderdale,Fort Lauderdale,FL,33650,0,2,2,862586,3.5,A,60,Realtor.com,Independent,2026-09-13T14:58:45Z
CREAM-20260913-00067,Ralph Robinson,Ralph Robinson,Ralph,Robinson,ralph.robinson@yahoo.com,(916) 680-7012,Keller Williams Realty,Keller Williams Realty,St. Petersburg,St. Petersburg,FL,32143,10,65,65,33604002,4.2,A,96,Cold Outreach,Large (51-200 agents),2026-09-13T12:10:21Z
CREAM-20260913-00068,Eric Perez,Eric Perez,Eric,Perez,eperez@aol.com,(646) 393-8253,Century 21,Century 21,Fort Lauderdale,Fort Lauderdale,FL,33918,5,14,14,5977187,3.3,A,82,Trade Show,Independent,2026-09-13T13:29:03Z
CREAM-20260913-00069,Anthony Brown,Anthony Brown,Anthony,Brown,anthonybrown@aol.com,(919) 496-4589,Coldwell Banker,Coldwell Banker,Austin,Austin,TX,77266,4,23,23,7757903,3.1,A,72,Facebook,Boutique (2-10 agents),2026-09-13T10:30:51Z
CREAM-20260913-00070,Amanda Gomez,Amanda Gomez,Amanda,Gomez,amandag@corcorangroup.com,(512) 760-4079,Corcoran Group,Corcoran Group,New York City,New York City,NY,12106,10,71,71,45225937,4.6,A,86,LinkedIn,Enterprise (200+ agents),2026-09-13T21:35:56Z
CREAM-20260913-00071,Carolyn Reyes,Carolyn Reyes,Carolyn,Reyes,carolynreyes@hotmail.com,(310) 909-5495,Berkshire Hathaway,Berkshire Hathaway,Aurora,Aurora,CO,81385,17,60,60,33776049,3.1,A,63,LinkedIn,Independent,2026-09-13T10:25:30Z
CREAM-20260913-00072,Margaret White,Margaret White,Margaret,White,mwhite@outlook.com,(614) 606-8686,Compass,Compass,Raleigh,Raleigh,NC,27940,25,41,41,12151874,4.0,A,94,Cold Outreach,Enterprise (200+ agents),2026-09-13T05:58:32Z
CREAM-20260913-00073,Julia Alvarez,Julia Alvarez,Julia,Alvarez,jalvarez@kellerwilliams.com,(786) 492-9039,Keller Williams,Keller Williams,New York City,New York City,NY,13120,1,10,10,5984022,4.4,A,94,Brokerage Listings,Large (51-200 agents),2026-09-13T16:25:05Z
CREAM-20260913-00074,Larry Russell,Larry Russell,Larry,Russell,larryrussell@aol.com,(212) 296-4747,Century 21,Century 21,Fort Lauderdale,Fort Lauderdale,FL,33432,18,43,43,16512276,3.8,A,81,Facebook,Boutique (2-10 agents),2026-09-13T09:14:52Z
CREAM-20260913-00075,Melissa Wright,Melissa Wright,Melissa,Wright,mwright@exprealty.com,(704) 785-8367,eXp Realty,eXp Realty,St. Petersburg,St. Petersburg,FL,32985,9,35,35,17209206,4.5,A,74,Cold Outreach,Large (51-200 agents),2026-09-13T00:26:14Z
CREAM-20260913-00076,Amber Gonzalez,Amber Gonzalez,Amber,Gonzalez,amber.gonzalez@me.com,(919) 757-9546,Halstead,Halstead,Bronx,Bronx,NY,11229,1,6,6,4632181,3.2,A,90,Trade Show,Independent,2026-09-13T09:00:41Z
CREAM-20260913-00077,Barbara Fisher,Barbara Fisher,Barbara,Fisher,barbaraf@cutlerrealestate.com,(214) 267-3422,Cutler Real Estate,Cutler Real Estate,Columbus,Columbus,OH,45764,4,12,12,2976465,3.3,A,69,Trade Show,Mid-size (11-50 agents),2026-09-13T22:24:25Z
CREAM-20260913-00078,Nancy Chavez,Nancy Chavez,Nancy,Chavez,nchavez@homesmart.com,(602) 345-9671,HomeSmart,HomeSmart,Scottsdale,Scottsdale,AZ,85915,3,8,8,3467685,3.6,A,83,Referral Network,Mid-size (11-50 agents),2026-09-13T02:24:41Z
CREAM-20260913-00079,Brittany Peterson,Brittany Peterson,Brittany,Peterson,bpeterson@allentate.com,(919) 988-9425,Allen Tate,Allen Tate,Raleigh,Raleigh,NC,27691,10,74,74,21094759,5.0,A,75,Realtor.com,Enterprise (200+ agents),2026-09-13T23:41:24Z
CREAM-20260913-00080,Arthur Green,Arthur Green,Arthur,Green,agreen@herrealtors.com,(415) 271-3027,HER Realtors,HER Realtors,Cincinnati,Cincinnati,OH,44461,16,38,38,11994303,3.0,A,90,LinkedIn,Mid-size (11-50 agents),2026-09-13T03:36:19Z
CREAM-20260913-00081,Julia Bailey,Julia Bailey,Julia,Bailey,jbailey@me.com,(310) 651-3546,Halstead,Halstead,Queens,Queens,NY,10396,1,6,6,3954247,4.7,A,61,Realtor.com,Boutique (2-10 agents),2026-09-13T21:02:05Z
CREAM-20260913-00082,Alexander Garcia,Alexander Garcia,Alexander,Garcia,agarcia@century21.com,(714) 555-8509,Century 21,Century 21,Jacksonville,Jacksonville,FL,33611,2,4,4,2108168,4.9,A,65,Referral Network,Independent,2026-09-13T07:42:19Z
CREAM-20260913-00083,Carolyn Parker,Carolyn Parker,Carolyn,Parker,carolyn.parker@gmail.com,(310) 232-2759,Douglas Elliman,Douglas Elliman,Manhattan,Manhattan,NY,13403,22,38,38,26660817,3.3,A,88,Realtor.com,Enterprise (200+ agents),2026-09-13T21:24:21Z
CREAM-20260913-00084,Amanda Walker,Amanda Walker,Amanda,Walker,amanda_walker@yahoo.com,(214) 231-4437,Huntington Real Estate,Huntington Real Estate,Columbus,Columbus,OH,44822,17,45,45,13096356,3.3,A,82,Website Lead,Large (51-200 agents),2026-09-13T21:04:10Z
CREAM-20260913-00085,Judith Alvarez,Judith Alvarez,Judith,Alvarez,juditha@yahoo.com,(614) 597-7259,Allen Tate,Allen Tate,Raleigh,Raleigh,NC,28706,1,12,12,4851376,3.2,A,92,Brokerage Listings,Boutique (2-10 agents),2026-09-13T06:47:10Z
CREAM-20260913-00086,Danielle Anderson,Danielle Anderson,Danielle,Anderson,daniellea@me.com,(256) 887-3175,eXp Realty,eXp Realty,Columbus,Columbus,OH,43369,5,10,10,2004383,4.4,A,80,Facebook,Independent,2026-09-13T18:10:19Z
CREAM-20260913-00087,Paul Jenkins,Paul Jenkins,Paul,Jenkins,paulj@exprealty.com,(305) 543-8495,eXp Realty,eXp Realty,Tampa,Tampa,FL,32731,5,8,8,2903543,4.2,A,69,Facebook,Large (51-200 agents),2026-09-13T07:20:43Z
CREAM-20260913-00088,Daniel Jimenez,Daniel Jimenez,Daniel,Jimenez,djimenez@aol.com,(305) 709-4647,Douglas Elliman,Douglas Elliman,New York City,New York City,NY,12169,2,7,7,3837219,4.1,A,98,NAR Directory,Large (51-200 agents),2026-09-13T17:45:36Z
CREAM-20260913-00089,Ralph Diaz,Ralph Diaz,Ralph,Diaz,ralph.diaz@coldwellbanker.com,(513) 791-2448,Coldwell Banker,Coldwell Banker,Phoenix,Phoenix,AZ,85460,5,14,14,5804103,4.7,A,87,NAR Directory,Boutique (2-10 agents),2026-09-13T00:28:32Z
CREAM-20260913-00090,Scott Adams,Scott Adams,Scott,Adams,sadams@hotmail.com,(805) 581-2212,Cutler Real Estate,Cutler Real Estate,Cleveland,Cleveland,OH,45644,18,45,45,9709610,5.0,A,88,LinkedIn,Large (51-200 agents),2026-09-13T06:03:22Z
CREAM-20260913-00091,Jessica Brown,Jessica Brown,Jessica,Brown,jessica_brown@yahoo.com,(704) 750-5114,Coldwell Banker,Coldwell Banker,Cincinnati,Cincinnati,OH,45175,7,19,19,5588615,4.0,A,95,Referral Network,Enterprise (200+ agents),2026-09-13T17:10:23Z
CREAM-20260913-00092,Sandra Johnson,Sandra Johnson,Sandra,Johnson,sandra_johnson@yahoo.com,(404) 815-5366,Keller Williams,Keller Williams,New York City,New York City,NY,11456,4,12,12,5497856,5.0,A,89,Brokerage Listings,Enterprise (200+ agents),2026-09-13T03:22:39Z
CREAM-20260913-00093,Laura Kelly,Laura Kelly,Laura,Kelly,laurakelly@hotmail.com,(256) 486-5442,Pacific Sotheby's,Pacific Sotheby's,Long Beach,Long Beach,CA,90526,3,18,18,18629608,4.6,A,89,LinkedIn,Enterprise (200+ agents),2026-09-13T20:06:58Z
CREAM-20260913-00094,Stephen Morales,Stephen Morales,Stephen,Morales,smorales@douglaselliman.com,(805) 606-4546,Douglas Elliman,Douglas Elliman,El Paso,El Paso,TX,77579,4,14,14,5762950,3.2,A,61,Cold Outreach,Enterprise (200+ agents),2026-09-13T02:32:25Z
CREAM-20260913-00095,Brenda Jackson,Brenda Jackson,Brenda,Jackson,brendaj@aol.com,(713) 520-6234,Keller Williams,Keller Williams,Staten Island,Staten Island,NY,14184,1,3,3,2353722,3.8,A,86,Trade Show,Enterprise (200+ agents),2026-09-13T15:49:57Z
CREAM-20260913-00096,Martha Fisher,Martha Fisher,Martha,Fisher,marthaf@gmail.com,(404) 831-4690,Howard Hanna,Howard Hanna,Raleigh,Raleigh,NC,28384,12,34,34,10465713,4.1,A,86,Trade Show,Independent,2026-09-13T13:16:20Z
CREAM-20260913-00097,Catherine Wilson,Catherine Wilson,Catherine,Wilson,catherine.wilson@homesmart.com,(704) 566-4517,HomeSmart,HomeSmart,Mesa,Mesa,AZ,85639,4,17,17,7511492,4.1,A,68,Referral Network,Large (51-200 agents),2026-09-13T18:40:37Z
CREAM-20260913-00098,Karen Martin,Karen Martin,Karen,Martin,karen.martin@icloud.com,(404) 444-5106,eXp Realty,eXp Realty,Cincinnati,Cincinnati,OH,43729,16,58,58,16703241,3.7,A,80,Brokerage Listings,Mid-size (11-50 agents),2026-09-13T00:11:00Z
CREAM-20260913-00099,Sharon Jones,Sharon Jones,Sharon,Jones,sjones@gmail.com,(929) 795-4108,Russell Lyon Sotheby's,Russell Lyon Sotheby's,Mesa,Mesa,AZ,85877,4,23,23,9376540,3.6,A,70,Cold Outreach,Independent,2026-09-13T23:00:30Z
CREAM-20260913-00100,Theresa Lopez,Theresa Lopez,Theresa,Lopez,theresa_lopez@outlook.com,(714) 891-1332,Keller Williams,Keller Williams,Colorado Springs,Colorado Springs,CO,81917,1,12,12,4753781,4.2,A,85,Referral Network,Enterprise (200+ agents),2026-09-13T13:50:58Z
CREAM-20260913-00101,Alan Collins,Alan Collins,Alan,Collins,alan_collins@outlook.com,(646) 718-1959,Compass,Compass,Queens,Queens,NY,13872,22,64,64,50236435,4.0,A,85,Referral Network,Mid-size (11-50 agents),2026-09-13T19:04:51Z
CREAM-20260913-00102,Janet Chavez,Janet Chavez,Janet,Chavez,jchavez@hotmail.com,(512) 396-9341,LIV Sotheby's,LIV Sotheby's,Aurora,Aurora,CO,81777,16,65,65,30759936,3.6,A,71,Cold Outreach,Mid-size (11-50 agents),2026-09-13T07:33:39Z
CREAM-20260913-00103,Olivia Sullivan,Olivia Sullivan,Olivia,Sullivan,osullivan@kellerwilliamsrealty.com,(512) 351-1684,Keller Williams Realty,Keller Williams Realty,San Diego,San Diego,CA,90601,15,43,43,26767273,3.5,A,95,Realtor.com,Enterprise (200+ agents),2026-09-13T05:59:34Z
CREAM-20260913-00104,Amber Brooks,Amber Brooks,Amber,Brooks,amber.brooks@coldwellbanker.com,(704) 575-5983,Coldwell Banker,Coldwell Banker,Charlotte,Charlotte,NC,28276,18,68,68,26311457,3.4,A,80,Cold Outreach,Mid-size (11-50 agents),2026-09-13T10:23:56Z
CREAM-20260913-00105,Jack Long,Jack Long,Jack,Long,jacklong@outlook.com,(602) 514-6813,Halstead,Halstead,New York City,New York City,NY,11872,0,2,2,1674663,3.8,A,93,Cold Outreach,Independent,2026-09-13T16:02:32Z
CREAM-20260913-00106,Gary Nguyen,Gary Nguyen,Gary,Nguyen,gary_nguyen@outlook.com,(305) 894-1250,Coldwell Banker,Coldwell Banker,Tampa,Tampa,FL,32959,21,35,35,15242330,3.1,A,76,NAR Directory,Large (51-200 agents),2026-09-13T06:34:56Z
CREAM-20260913-00107,Cynthia Sanchez,Cynthia Sanchez,Cynthia,Sanchez,cynthiasanchez@me.com,(929) 548-2326,Keller Williams,Keller Williams,Charlotte,Charlotte,NC,27356,1,12,12,4848726,3.6,A,68,Brokerage Listings,Mid-size (11-50 agents),2026-09-13T16:42:57Z
CREAM-20260913-00108,Brandon Sanchez,Brandon Sanchez,Brandon,Sanchez,brandons@exprealty.com,(713) 666-1231,eXp Realty,eXp Realty,Cincinnati,Cincinnati,OH,43180,19,74,74,22224516,3.2,A,69,Brokerage Listings,Enterprise (200+ agents),2026-09-13T04:39:31Z
CREAM-20260913-00109,Timothy Powell,Timothy Powell,Timothy,Powell,timothypowell@aol.com,(404) 444-2624,Allie Beth Allman,Allie Beth Allman,San Antonio,San Antonio,TX,77893,6,18,18,6183186,4.8,A,66,Cold Outreach,Large (51-200 agents),2026-09-13T17:29:52Z
CREAM-20260913-00110,Louis Price,Louis Price,Louis,Price,louis.price@re/max.com,(713) 605-2055,RE/MAX,RE/MAX,Fort Worth,Fort Worth,TX,77523,3,13,13,4171659,4.2,A,69,Realtor.com,Independent,2026-09-13T08:31:15Z
CREAM-20260913-00111,Ralph Murphy,Ralph Murphy,Ralph,Murphy,ralph_murphy@icloud.com,(513) 510-6782,RE/MAX,RE/MAX,Charlotte,Charlotte,NC,28364,15,46,46,12313383,4.4,A,95,Facebook,Large (51-200 agents),2026-09-13T18:14:34Z
CREAM-20260913-00112,Nicole Clark,Nicole Clark,Nicole,Clark,nicole.clark@longrealty.com,(718) 990-9504,Long Realty,Long Realty,Tucson,Tucson,AZ,85322,3,14,14,4247710,4.1,A,81,Website Lead,Boutique (2-10 agents),2026-09-13T15:08:35Z
CREAM-20260913-00113,Cynthia Rivera,Cynthia Rivera,Cynthia,Rivera,cynthiar@icloud.com,(720) 952-3375,Berkshire Hathaway,Berkshire Hathaway,Raleigh,Raleigh,NC,28142,3,20,20,8305831,4.4,A,61,Facebook,Independent,2026-09-13T07:14:35Z
CREAM-20260913-00114,Daniel Morgan,Daniel Morgan,Daniel,Morgan,danielm@gmail.com,(929) 803-2214,Berkshire Hathaway,Berkshire Hathaway,Cincinnati,Cincinnati,OH,44708,25,71,71,15700306,3.9,A,94,NAR Directory,Mid-size (11-50 agents),2026-09-13T20:28:17Z
CREAM-20260913-00115,Megan Baker,Megan Baker,Megan,Baker,meganb@aol.com,(212) 444-9739,Pacific Sotheby's,Pacific Sotheby's,San Diego,San Diego,CA,92404,13,34,34,30400220,3.2,A,77,Facebook,Enterprise (200+ agents),2026-09-13T06:03:16Z
CREAM-20260913-00116,Sandra Collins,Sandra Collins,Sandra,Collins,sandrac@howardhanna.com,(214) 242-5476,Howard Hanna,Howard Hanna,Charlotte,Charlotte,NC,27461,19,66,66,21191870,4.1,A,79,Referral Network,Independent,2026-09-13T21:29:02Z
CREAM-20260913-00117,Steven Garcia,Steven Garcia,Steven,Garcia,steveng@re/max.com,(310) 543-3738,RE/MAX,RE/MAX,Oakland,Oakland,CA,90694,1,4,4,3223728,4.4,A,89,LinkedIn,Boutique (2-10 agents),2026-09-13T14:27:47Z
CREAM-20260913-00118,Emily Wilson,Emily Wilson,Emily,Wilson,emily.wilson@douglaselliman.com,(919) 228-4998,Douglas Elliman,Douglas Elliman,Manhattan,Manhattan,NY,10854,1,4,4,2621524,3.9,A,64,Realtor.com,Boutique (2-10 agents),2026-09-13T22:51:01Z
CREAM-20260913-00119,Joseph Murphy,Joseph Murphy,Joseph,Murphy,jmurphy@exprealty.com,(980) 401-1938,eXp Realty,eXp Realty,Colorado Springs,Colorado Springs,CO,81977,4,17,17,9139742,4.3,A,65,Facebook,Large (51-200 agents),2026-09-13T06:43:06Z
CREAM-20260913-00120,Brittany Hill,Brittany Hill,Brittany,Hill,brittany.hill@re/max.com,(614) 523-3263,RE/MAX,RE/MAX,Aurora,Aurora,CO,80522,14,38,38,14831665,4.1,A,79,Trade Show,Large (51-200 agents),2026-09-13T15:05:10Z
CREAM-20260913-00121,Nicole Diaz,Nicole Diaz,Nicole,Diaz,nicolediaz@hotmail.com,(646) 932-3253,Berkshire Hathaway,Berkshire Hathaway,Orlando,Orlando,FL,32752,2,7,7,2768350,3.8,A,91,Trade Show,Large (51-200 agents),2026-09-13T02:04:53Z
CREAM-20260913-00122,Linda Gonzalez,Linda Gonzalez,Linda,Gonzalez,lindag@gmail.com,(404) 282-4384,eXp Realty,eXp Realty,Cleveland,Cleveland,OH,45542,23,25,25,7824917,4.8,A,92,Website Lead,Boutique (2-10 agents),2026-09-13T03:56:32Z
CREAM-20260913-00123,Helen Rodriguez,Helen Rodriguez,Helen,Rodriguez,helenr@hotmail.com,(469) 624-9614,Pacific Sotheby's,Pacific Sotheby's,San Francisco,San Francisco,CA,95363,12,31,31,26606513,4.6,A,85,Trade Show,Enterprise (200+ agents),2026-09-13T20:18:11Z
CREAM-20260913-00124,Donna Moore,Donna Moore,Donna,Moore,donnamoore@yahoo.com,(513) 288-6818,Huntington Real Estate,Huntington Real Estate,Columbus,Columbus,OH,44157,24,66,66,13546687,3.9,A,80,Realtor.com,Large (51-200 agents),2026-09-13T08:41:03Z
CREAM-20260913-00125,Sarah Cruz,Sarah Cruz,Sarah,Cruz,scruz@brownharrisstevens.com,(404) 709-2019,Brown Harris Stevens,Brown Harris Stevens,Staten Island,Staten Island,NY,11217,2,6,6,4902979,3.6,A,99,Referral Network,Independent,2026-09-13T01:27:52Z
CREAM-20260913-00126,Gary Gray,Gary Gray,Gary,Gray,ggray@outlook.com,(256) 484-7806,RE/MAX,RE/MAX,Mesa,Mesa,AZ,85233,4,21,21,8112055,4.7,A,78,Realtor.com,Mid-size (11-50 agents),2026-09-13T11:14:36Z
CREAM-20260913-00127,Grace King,Grace King,Grace,King,graceking@yahoo.com,(720) 315-5814,RE/MAX,RE/MAX,Mesa,Mesa,AZ,86693,4,11,11,4782920,3.3,A,72,Realtor.com,Enterprise (200+ agents),2026-09-13T22:09:59Z
CREAM-20260913-00128,Jerry Ruiz,Jerry Ruiz,Jerry,Ruiz,jerryr@corcorangroup.com,(646) 524-5606,Corcoran Group,Corcoran Group,Bronx,Bronx,NY,13804,4,8,8,5444783,4.2,A,89,Trade Show,Enterprise (200+ agents),2026-09-13T20:25:23Z
CREAM-20260913-00129,Emily Brown,Emily Brown,Emily,Brown,emilyb@coldwellbanker.com,(602) 204-1676,Coldwell Banker,Coldwell Banker,Fort Lauderdale,Fort Lauderdale,FL,33592,8,15,15,5900884,4.6,A,94,Website Lead,Large (51-200 agents),2026-09-13T22:04:22Z
CREAM-20260913-00130,Donald Moore,Donald Moore,Donald,Moore,donaldmoore@me.com,(512) 914-3564,Briggs Freeman Sotheby's,Briggs Freeman Sotheby's,San Antonio,San Antonio,TX,77941,2,8,8,2503205,5.0,A,75,Cold Outreach,Large (51-200 agents),2026-09-13T08:12:37Z
CREAM-20260913-00131,Ryan Evans,Ryan Evans,Ryan,Evans,revans@gmail.com,(214) 926-8231,Russell Lyon Sotheby's,Russell Lyon Sotheby's,Scottsdale,Scottsdale,AZ,85658,4,13,13,6874822,3.1,A,68,Brokerage Listings,Large (51-200 agents),2026-09-13T03:57:11Z
CREAM-20260913-00132,Martha Patel,Martha Patel,Martha,Patel,marthap@coldwellbanker.com,(805) 529-5209,Coldwell Banker,Coldwell Banker,Fort Lauderdale,Fort Lauderdale,FL,33901,18,59,59,24447689,4.7,A,89,Cold Outreach,Large (51-200 agents),2026-09-13T08:13:51Z
CREAM-20260913-00133,Megan Watson,Megan Watson,Megan,Watson,megan_watson@icloud.com,(214) 314-5723,Pacific Sotheby's,Pacific Sotheby's,Oakland,Oakland,CA,93234,14,71,71,64430163,4.3,A,77,LinkedIn,Enterprise (200+ agents),2026-09-13T14:31:29Z
CREAM-20260913-00134,Emily Williams,Emily Williams,Emily,Williams,emilyw@hotmail.com,(704) 447-6374,Howard Hanna,Howard Hanna,Raleigh,Raleigh,NC,28353,10,67,67,18460676,4.1,A,92,Cold Outreach,Enterprise (200+ agents),2026-09-13T13:30:42Z
CREAM-20260913-00135,Rachel Mitchell,Rachel Mitchell,Rachel,Mitchell,rachelm@hotmail.com,(303) 816-3208,Compass,Compass,Aurora,Aurora,CO,81283,3,11,11,6617336,4.2,A,63,Cold Outreach,Independent,2026-09-13T03:19:47Z
CREAM-20260913-00136,Jessica Lopez,Jessica Lopez,Jessica,Lopez,jessical@icloud.com,(407) 239-9751,RE/MAX,RE/MAX,Colorado Springs,Colorado Springs,CO,81722,4,22,22,11010883,3.2,A,66,Brokerage Listings,Mid-size (11-50 agents),2026-09-13T01:44:18Z
CREAM-20260913-00137,Daniel Sullivan,Daniel Sullivan,Daniel,Sullivan,danielsullivan@yahoo.com,(714) 612-3533,8z Real Estate,8z Real Estate,Aurora,Aurora,CO,81370,24,40,40,18595178,3.6,A,76,NAR Directory,Mid-size (11-50 agents),2026-09-13T04:46:26Z
CREAM-20260913-00138,Catherine Brown,Catherine Brown,Catherine,Brown,catherine_brown@gmail.com,(980) 274-7506,Keller Williams,Keller Williams,Aurora,Aurora,CO,81358,21,35,35,24964349,4.4,A,72,LinkedIn,Mid-size (11-50 agents),2026-09-13T18:18:46Z
CREAM-20260913-00139,Christopher Castillo,Christopher Castillo,Christopher,Castillo,christopher_castillo@yahoo.com,(786) 694-3312,Corcoran Group,Corcoran Group,Bronx,Bronx,NY,13175,18,45,45,23057482,4.3,A,89,Brokerage Listings,Large (51-200 agents),2026-09-13T03:43:24Z
CREAM-20260913-00140,Donald Miller,Donald Miller,Donald,Miller,donald.miller@kellerwilliams.com,(980) 209-7797,Keller Williams,Keller Williams,Charlotte,Charlotte,NC,27540,21,25,25,10592307,4.2,A,93,Referral Network,Mid-size (11-50 agents),2026-09-13T20:30:46Z
CREAM-20260913-00141,John Sullivan,John Sullivan,John,Sullivan,john_sullivan@outlook.com,(704) 947-1958,Coldwell Banker,Coldwell Banker,Cleveland,Cleveland,OH,43381,11,33,33,10231020,3.9,A,83,Trade Show,Mid-size (11-50 agents),2026-09-13T23:29:49Z
CREAM-20260913-00142,Mary Ramirez,Mary Ramirez,Mary,Ramirez,mary_ramirez@hotmail.com,(980) 988-8023,Compass,Compass,Staten Island,Staten Island,NY,10342,22,77,77,49343587,4.5,A,92,MLS Database,Boutique (2-10 agents),2026-09-13T14:50:09Z
CREAM-20260913-00143,James Murphy,James Murphy,James,Murphy,jmurphy@icloud.com,(212) 578-1282,RE/MAX,RE/MAX,Raleigh,Raleigh,NC,27876,0,3,3,1316771,3.0,A,94,NAR Directory,Mid-size (11-50 agents),2026-09-13T18:16:51Z
CREAM-20260913-00144,Sharon Adams,Sharon Adams,Sharon,Adams,sharon.adams@outlook.com,(714) 226-6714,Long Realty,Long Realty,Scottsdale,Scottsdale,AZ,86207,4,17,17,7935587,3.9,A,94,MLS Database,Enterprise (200+ agents),2026-09-13T17:43:48Z
CREAM-20260913-00145,Gloria Nguyen,Gloria Nguyen,Gloria,Nguyen,gloria_nguyen@icloud.com,(334) 670-6333,RE/MAX,RE/MAX,Fort Worth,Fort Worth,TX,76286,0,5,5,1535255,3.2,A,79,Trade Show,Enterprise (200+ agents),2026-09-13T17:15:27Z
CREAM-20260913-00146,Ronald Wood,Ronald Wood,Ronald,Wood,ronald.wood@icloud.com,(714) 884-1542,Compass,Compass,New York City,New York City,NY,12167,10,64,64,49772223,3.3,A,64,Website Lead,Large (51-200 agents),2026-09-13T10:13:34Z
CREAM-20260913-00147,Christopher White,Christopher White,Christopher,White,christopher.white@aol.com,(720) 947-4418,Keller Williams Realty,Keller Williams Realty,St. Petersburg,St. Petersburg,FL,32724,3,25,25,12666023,3.5,A,90,LinkedIn,Boutique (2-10 agents),2026-09-13T18:06:36Z
CREAM-20260913-00148,Jack Ortiz,Jack Ortiz,Jack,Ortiz,jortiz@livsothebys.com,(404) 263-1937,LIV Sotheby's,LIV Sotheby's,Colorado Springs,Colorado Springs,CO,81855,17,72,72,39123395,4.2,A,84,MLS Database,Mid-size (11-50 agents),2026-09-13T08:08:23Z
CREAM-20260913-00149,Raymond Martin,Raymond Martin,Raymond,Martin,raymondm@coldwellbanker.com,(512) 220-7524,Coldwell Banker,Coldwell Banker,Cleveland,Cleveland,OH,45120,3,16,16,4782591,3.0,A,81,Cold Outreach,Independent,2026-09-13T14:44:17Z
CREAM-20260913-00150,Michael Young,Michael Young,Michael,Young,michaely@yahoo.com,(256) 612-3121,Keller Williams,Keller Williams,Colorado Springs,Colorado Springs,CO,80839,13,64,64,34569592,4.8,A,92,Brokerage Listings,Mid-size (11-50 agents),2026-09-13T12:48:30Z
CREAM-20260913-00151,Brenda Walker,Brenda Walker,Brenda,Walker,bwalker@outlook.com,(929) 454-8792,Compass,Compass,St. Petersburg,St. Petersburg,FL,33445,24,50,50,25761129,3.5,A,94,NAR Directory,Enterprise (200+ agents),2026-09-13T08:44:39Z
CREAM-20260913-00152,Philip Garcia,Philip Garcia,Philip,Garcia,philipg@icloud.com,(646) 555-3847,LIV Sotheby's,LIV Sotheby's,Denver,Denver,CO,81914,15,27,27,18289327,3.7,A,78,Trade Show,Boutique (2-10 agents),2026-09-13T05:22:07Z
CREAM-20260913-00153,Megan Gutierrez,Megan Gutierrez,Megan,Gutierrez,megan.gutierrez@coldwellbanker.com,(720) 589-5705,Coldwell Banker,Coldwell Banker,Orlando,Orlando,FL,33618,13,45,45,14675887,4.9,A,65,NAR Directory,Independent,2026-09-13T11:48:17Z
CREAM-20260913-00154,Timothy Brooks,Timothy Brooks,Timothy,Brooks,timothy.brooks@compass.com,(310) 721-5177,Compass,Compass,Denver,Denver,CO,80750,3,15,15,6878106,5.0,A,87,Referral Network,Mid-size (11-50 agents),2026-09-13T17:00:43Z
CREAM-20260913-00155,Heather Taylor,Heather Taylor,Heather,Taylor,htaylor@re/max.com,(512) 509-9866,RE/MAX,RE/MAX,Aurora,Aurora,CO,81202,9,24,24,13172915,3.2,A,61,Trade Show,Enterprise (200+ agents),2026-09-13T00:19:20Z
CREAM-20260913-00156,Julia Sanchez,Julia Sanchez,Julia,Sanchez,julias@gmail.com,(714) 284-4495,RE/MAX,RE/MAX,Colorado Springs,Colorado Springs,CO,80895,15,33,33,14278268,3.0,A,78,NAR Directory,Boutique (2-10 agents),2026-09-13T07:05:30Z
CREAM-20260913-00157,Ashley Anderson,Ashley Anderson,Ashley,Anderson,ashley.anderson@brownharrisstevens.com,(212) 609-6324,Brown Harris Stevens,Brown Harris Stevens,Bronx,Bronx,NY,14772,4,10,10,5886321,3.8,A,95,Referral Network,Large (51-200 agents),2026-09-13T05:20:28Z
CREAM-20260913-00158,Jacqueline Kelly,Jacqueline Kelly,Jacqueline,Kelly,jacquelinekelly@hotmail.com,(415) 710-9062,Nest Seekers,Nest Seekers,Brooklyn,Brooklyn,NY,14512,4,22,22,16516249,3.7,A,76,Website Lead,Large (51-200 agents),2026-09-13T15:24:56Z
CREAM-20260913-00159,Victoria Murphy,Victoria Murphy,Victoria,Murphy,victoriam@re/max.com,(407) 313-6259,RE/MAX,RE/MAX,Austin,Austin,TX,77696,14,75,75,26159600,4.9,A,62,NAR Directory,Mid-size (11-50 agents),2026-09-13T02:55:21Z
CREAM-20260913-00160,Ashley Edwards,Ashley Edwards,Ashley,Edwards,ashleyedwards@gmail.com,(256) 473-8260,Russell Lyon Sotheby's,Russell Lyon Sotheby's,Tucson,Tucson,AZ,85312,0,1,1,294411,3.2,A,97,Website Lead,Independent,2026-09-13T21:09:32Z
CREAM-20260913-00161,Laura Gutierrez,Laura Gutierrez,Laura,Gutierrez,laurag@alliebethallman.com,(916) 236-1201,Allie Beth Allman,Allie Beth Allman,Austin,Austin,TX,76632,24,70,70,28168072,3.6,A,74,MLS Database,Enterprise (200+ agents),2026-09-13T04:34:19Z
CREAM-20260913-00162,Jonathan Reyes,Jonathan Reyes,Jonathan,Reyes,jonathan.reyes@me.com,(714) 703-9721,Halstead,Halstead,Queens,Queens,NY,13312,1,8,8,3976058,3.7,A,80,Website Lead,Boutique (2-10 agents),2026-09-13T19:33:41Z
CREAM-20260913-00163,Keith Gutierrez,Keith Gutierrez,Keith,Gutierrez,keith.gutierrez@hotmail.com,(407) 530-6036,Compass,Compass,Aurora,Aurora,CO,81762,15,53,53,35114187,3.5,A,97,LinkedIn,Boutique (2-10 agents),2026-09-13T22:47:51Z
CREAM-20260913-00164,Rose Jimenez,Rose Jimenez,Rose,Jimenez,rosejimenez@me.com,(602) 654-8748,Berkshire Hathaway,Berkshire Hathaway,Phoenix,Phoenix,AZ,86496,0,1,1,432153,3.3,A,95,LinkedIn,Boutique (2-10 agents),2026-09-13T15:04:01Z
CREAM-20260913-00165,Joseph Rogers,Joseph Rogers,Joseph,Rogers,josephrogers@hotmail.com,(513) 246-4509,Coldwell Banker,Coldwell Banker,Tampa,Tampa,FL,32734,4,21,21,11055658,3.7,A,72,Trade Show,Enterprise (200+ agents),2026-09-13T18:18:40Z
CREAM-20260913-00166,Justin Richardson,Justin Richardson,Justin,Richardson,jrichardson@outlook.com,(718) 325-9452,Keller Williams,Keller Williams,Columbus,Columbus,OH,44469,10,33,33,7586390,3.7,A,88,Trade Show,Enterprise (200+ agents),2026-09-13T04:32:49Z
CREAM-20260913-00167,Anna Ward,Anna Ward,Anna,Ward,award@me.com,(718) 887-2454,Cutler Real Estate,Cutler Real Estate,Columbus,Columbus,OH,43682,5,22,22,6277572,3.3,A,100,LinkedIn,Large (51-200 agents),2026-09-13T12:44:04Z
CREAM-20260913-00168,Jason Jackson,Jason Jackson,Jason,Jackson,jasonj@century21.com,(513) 927-5934,Century 21,Century 21,Tampa,Tampa,FL,34142,5,9,9,4797957,4.5,A,91,Brokerage Listings,Independent,2026-09-13T22:17:59Z
CREAM-20260913-00169,Dorothy Evans,Dorothy Evans,Dorothy,Evans,dorothye@outlook.com,(469) 246-6002,RE/MAX,RE/MAX,Dallas,Dallas,TX,77944,7,18,18,6484593,4.9,A,68,Realtor.com,Large (51-200 agents),2026-09-13T20:28:20Z
CREAM-20260913-00170,Gloria Roberts,Gloria Roberts,Gloria,Roberts,gloria.roberts@herrealtors.com,(214) 381-3658,HER Realtors,HER Realtors,Columbus,Columbus,OH,43423,12,49,49,14108192,3.6,A,60,LinkedIn,Large (51-200 agents),2026-09-13T14:47:45Z
CREAM-20260913-00171,Angela Wood,Angela Wood,Angela,Wood,angelaw@huntingtonrealestate.com,(310) 756-9506,Huntington Real Estate,Huntington Real Estate,Columbus,Columbus,OH,43585,3,9,9,2236874,4.7,A,94,Referral Network,Independent,2026-09-13T15:41:03Z
CREAM-20260913-00172,Mary Martin,Mary Martin,Mary,Martin,mary_martin@hotmail.com,(714) 794-8916,Sotheby's International,Sotheby's International,San Diego,San Diego,CA,96257,11,39,39,25263445,3.6,A,74,Referral Network,Independent,2026-09-13T01:23:19Z
CREAM-20260913-00173,Laura Collins,Laura Collins,Laura,Collins,laura.collins@re/max.com,(256) 660-5082,RE/MAX,RE/MAX,Greensboro,Greensboro,NC,27555,3,14,14,4060396,4.9,A,93,Website Lead,Mid-size (11-50 agents),2026-09-13T06:25:41Z
CREAM-20260913-00174,Martha Jenkins,Martha Jenkins,Martha,Jenkins,martha.jenkins@hotmail.com,(614) 260-8925,Sotheby's International,Sotheby's International,Staten Island,Staten Island,NY,12968,4,13,13,7025637,4.3,A,91,LinkedIn,Independent,2026-09-13T10:57:04Z
CREAM-20260913-00175,Michael Sullivan,Michael Sullivan,Michael,Sullivan,michael_sullivan@me.com,(720) 577-8065,eXp Realty,eXp Realty,Columbus,Columbus,OH,45438,14,48,48,9060446,4.0,A,67,LinkedIn,Independent,2026-09-13T20:45:29Z
CREAM-20260913-00176,Peter Ramos,Peter Ramos,Peter,Ramos,peter.ramos@me.com,(720) 217-9485,Coldwell Banker,Coldwell Banker,Aurora,Aurora,CO,81633,14,30,30,15184428,3.6,A,71,Cold Outreach,Mid-size (11-50 agents),2026-09-13T04:42:20Z
CREAM-20260913-00177,Timothy Jones,Timothy Jones,Timothy,Jones,timothy.jones@aol.com,(718) 462-6558,RE/MAX,RE/MAX,Charlotte,Charlotte,NC,28451,24,39,39,13297504,3.0,A,92,NAR Directory,Large (51-200 agents),2026-09-13T09:53:34Z
CREAM-20260913-00178,Dennis Davis,Dennis Davis,Dennis,Davis,dennisd@coldwellbanker.com,(407) 406-1315,Coldwell Banker,Coldwell Banker,Dallas,Dallas,TX,77466,7,30,30,11289730,3.9,A,88,NAR Directory,Enterprise (200+ agents),2026-09-13T08:39:20Z
CREAM-20260913-00179,Theresa Murphy,Theresa Murphy,Theresa,Murphy,tmurphy@gmail.com,(214) 442-9236,eXp Realty,eXp Realty,Denver,Denver,CO,80563,3,12,12,5391108,4.6,A,71,Facebook,Large (51-200 agents),2026-09-13T17:56:47Z
CREAM-20260913-00180,Albert Morris,Albert Morris,Albert,Morris,albert_morris@me.com,(310) 663-2752,eXp Realty,eXp Realty,Aurora,Aurora,CO,80487,2,4,4,1978325,4.3,A,83,LinkedIn,Mid-size (11-50 agents),2026-09-13T21:05:45Z
CREAM-20260913-00181,Keith Long,Keith Long,Keith,Long,keith.long@re/max.com,(407) 847-9428,RE/MAX,RE/MAX,Denver,Denver,CO,81715,9,19,19,8092096,4.8,A,83,Cold Outreach,Boutique (2-10 agents),2026-09-13T17:32:51Z
CREAM-20260913-00182,Debra Ruiz,Debra Ruiz,Debra,Ruiz,druiz@longrealty.com,(256) 889-2471,Long Realty,Long Realty,Tucson,Tucson,AZ,86140,13,32,32,12423529,4.0,A,63,LinkedIn,Mid-size (11-50 agents),2026-09-13T21:29:15Z
CREAM-20260913-00183,Gregory Allen,Gregory Allen,Gregory,Allen,gregory.allen@gmail.com,(212) 412-5612,Compass,Compass,Denver,Denver,CO,80729,3,17,17,8007087,4.8,A,81,NAR Directory,Large (51-200 agents),2026-09-13T08:19:58Z
CREAM-20260913-00184,Lisa Martinez,Lisa Martinez,Lisa,Martinez,lisam@exprealty.com,(646) 306-1451,eXp Realty,eXp Realty,Greensboro,Greensboro,NC,28859,17,63,63,19944421,4.4,A,86,Cold Outreach,Enterprise (200+ agents),2026-09-13T08:24:30Z
CREAM-20260913-00185,Barbara King,Barbara King,Barbara,King,barbarak@sothebysinternational.com,(214) 924-1087,Sotheby's International,Sotheby's International,New York City,New York City,NY,11611,2,5,5,2827417,4.9,A,83,Brokerage Listings,Boutique (2-10 agents),2026-09-13T13:48:28Z
CREAM-20260913-00186,Nicole Cox,Nicole Cox,Nicole,Cox,nicolecox@aol.com,(407) 529-8457,Corcoran Group,Corcoran Group,Staten Island,Staten Island,NY,10687,4,11,11,6698934,3.1,A,68,LinkedIn,Independent,2026-09-13T07:20:41Z
CREAM-20260913-00187,Ronald Collins,Ronald Collins,Ronald,Collins,ronald_collins@yahoo.com,(513) 383-4631,HER Realtors,HER Realtors,Cincinnati,Cincinnati,OH,43946,15,66,66,13686772,4.0,A,78,Cold Outreach,Independent,2026-09-13T17:42:09Z
CREAM-20260913-00188,Grace Jenkins,Grace Jenkins,Grace,Jenkins,gracej@gmail.com,(929) 513-3387,Keller Williams,Keller Williams,Denver,Denver,CO,81570,25,56,56,33527146,3.9,A,91,Brokerage Listings,Large (51-200 agents),2026-09-13T13:13:56Z
CREAM-20260913-00189,Aaron Kim,Aaron Kim,Aaron,Kim,aaron_kim@me.com,(212) 950-8926,Century 21,Century 21,Miami,Miami,FL,32244,13,41,41,13067608,3.1,A,98,Trade Show,Large (51-200 agents),2026-09-13T17:15:38Z
CREAM-20260913-00190,Shirley Myers,Shirley Myers,Shirley,Myers,shirley.myers@longrealty.com,(919) 659-7674,Long Realty,Long Realty,Mesa,Mesa,AZ,85351,4,19,19,7664433,4.4,A,66,Website Lead,Boutique (2-10 agents),2026-09-13T23:40:52Z
CREAM-20260913-00191,Jacob Brown,Jacob Brown,Jacob,Brown,jacobbrown@outlook.com,(704) 211-4106,Keller Williams,Keller Williams,El Paso,El Paso,TX,77763,21,66,66,21540772,3.9,A,72,MLS Database,Mid-size (11-50 agents),2026-09-13T10:54:14Z
CREAM-20260913-00192,Patrick Price,Patrick Price,Patrick,Price,patrickp@yahoo.com,(334) 799-7649,RE/MAX,RE/MAX,Tampa,Tampa,FL,32433,0,4,4,1214171,3.5,A,82,MLS Database,Boutique (2-10 agents),2026-09-13T10:50:09Z
CREAM-20260913-00193,Jack Green,Jack Green,Jack,Green,jack.green@hotmail.com,(805) 372-8112,eXp Realty,eXp Realty,Tucson,Tucson,AZ,85722,11,74,74,33311698,3.3,A,75,Referral Network,Independent,2026-09-13T01:40:47Z
CREAM-20260913-00194,Steven Kim,Steven Kim,Steven,Kim,stevenk@icloud.com,(334) 850-3135,RE/MAX,RE/MAX,Colorado Springs,Colorado Springs,CO,80259,2,12,12,5741886,4.0,A,78,MLS Database,Large (51-200 agents),2026-09-13T02:00:19Z
CREAM-20260913-00195,Steven Williams,Steven Williams,Steven,Williams,stevenwilliams@yahoo.com,(469) 876-3605,RE/MAX,RE/MAX,Sacramento,Sacramento,CA,91865,23,46,46,37544022,4.0,A,76,Cold Outreach,Large (51-200 agents),2026-09-13T19:55:08Z
CREAM-20260913-00196,Victoria Lewis,Victoria Lewis,Victoria,Lewis,victoria_lewis@outlook.com,(704) 692-9811,eXp Realty,eXp Realty,Austin,Austin,TX,77675,15,65,65,29452849,4.3,A,89,Facebook,Independent,2026-09-13T21:59:28Z
CREAM-20260913-00197,Walter Scott,Walter Scott,Walter,Scott,walterscott@aol.com,(916) 280-2272,Corcoran Group,Corcoran Group,Manhattan,Manhattan,NY,12110,4,12,12,5920205,4.3,A,64,Brokerage Listings,Mid-size (11-50 agents),2026-09-13T03:34:59Z
CREAM-20260913-00198,Charles Ross,Charles Ross,Charles,Ross,charles_ross@gmail.com,(713) 521-4538,Nest Seekers,Nest Seekers,Brooklyn,Brooklyn,NY,11298,17,66,66,46763507,3.7,A,83,Trade Show,Large (51-200 agents),2026-09-13T03:36:52Z
CREAM-20260913-00199,Albert Adams,Albert Adams,Albert,Adams,albert_adams@me.com,(929) 509-9975,Pacific Sotheby's,Pacific Sotheby's,San Francisco,San Francisco,CA,95422,2,6,6,4412601,4.7,A,77,LinkedIn,Independent,2026-09-13T21:00:08Z
CREAM-20260913-00200,Jacob Campbell,Jacob Campbell,Jacob,Campbell,jacob.campbell@gmail.com,(513) 781-3648,HomeSmart,HomeSmart,Scottsdale,Scottsdale,AZ,85749,9,34,34,11411447,3.7,A,94,Realtor.com,Mid-size (11-50 agents),2026-09-13T21:35:22Z
CREAM-20260913-00201,Patrick Flores,Patrick Flores,Patrick,Flores,pflores@kellerwilliamsrealty.com,(415) 949-1570,Keller Williams Realty,Keller Williams Realty,Jacksonville,Jacksonville,FL,33677,0,4,4,2066942,3.9,A,95,Trade Show,Independent,2026-09-13T21:30:06Z
CREAM-20260913-00202,Mark Hernandez,Mark Hernandez,Mark,Hernandez,mhernandez@aol.com,(212) 219-1198,Berkshire Hathaway,Berkshire Hathaway,Columbus,Columbus,OH,45649,5,14,14,3702413,3.5,A,70,Referral Network,Mid-size (11-50 agents),2026-09-13T07:29:46Z
CREAM-20260913-00203,Victoria Fisher,Victoria Fisher,Victoria,Fisher,vfisher@cutlerrealestate.com,(214) 509-5810,Cutler Real Estate,Cutler Real Estate,Cincinnati,Cincinnati,OH,45267,17,43,43,9265575,4.9,A,86,MLS Database,Mid-size (11-50 agents),2026-09-13T15:56:32Z
CREAM-20260913-00204,Gary Campbell,Gary Campbell,Gary,Campbell,gary.campbell@icloud.com,(972) 995-9815,Nest Seekers,Nest Seekers,Queens,Queens,NY,11389,21,35,35,20185013,3.1,A,80,Trade Show,Enterprise (200+ agents),2026-09-13T09:25:25Z
CREAM-20260913-00205,Rachel Miller,Rachel Miller,Rachel,Miller,rachel.miller@berkshirehathaway.com,(212) 259-8661,Berkshire Hathaway,Berkshire Hathaway,Cleveland,Cleveland,OH,44244,8,19,19,5248385,3.4,A,98,MLS Database,Mid-size (11-50 agents),2026-09-13T17:47:52Z
CREAM-20260913-00206,Danielle Garcia,Danielle Garcia,Danielle,Garcia,danielle.garcia@kellerwilliams.com,(513) 541-2407,Keller Williams,Keller Williams,Raleigh,Raleigh,NC,27479,22,27,27,11850921,3.7,A,72,LinkedIn,Independent,2026-09-13T18:43:22Z
CREAM-20260913-00207,Kathleen Price,Kathleen Price,Kathleen,Price,kathleen.price@me.com,(234) 727-7235,Keller Williams,Keller Williams,Colorado Springs,Colorado Springs,CO,80330,4,24,24,12904853,3.3,A,70,Website Lead,Boutique (2-10 agents),2026-09-13T21:17:02Z
CREAM-20260913-00208,Linda Jones,Linda Jones,Linda,Jones,linda.jones@yahoo.com,(469) 928-5597,Berkshire Hathaway,Berkshire Hathaway,Miami,Miami,FL,32795,24,68,68,24588466,3.4,A,87,Facebook,Enterprise (200+ agents),2026-09-13T14:25:58Z
CREAM-20260913-00209,Eric Brooks,Eric Brooks,Eric,Brooks,ericbrooks@icloud.com,(305) 710-4925,eXp Realty,eXp Realty,Dallas,Dallas,TX,75226,2,8,8,3079542,5.0,A,91,NAR Directory,Mid-size (11-50 agents),2026-09-13T01:57:23Z
CREAM-20260913-00210,Daniel Ortiz,Daniel Ortiz,Daniel,Ortiz,daniel.ortiz@hotmail.com,(718) 698-2356,Douglas Elliman,Douglas Elliman,Austin,Austin,TX,79443,18,44,44,17161222,3.9,A,91,Referral Network,Independent,2026-09-13T05:15:01Z
CREAM-20260913-00211,Eric Gray,Eric Gray,Eric,Gray,egray@icloud.com,(614) 499-8543,Brown Harris Stevens,Brown Harris Stevens,Brooklyn,Brooklyn,NY,13478,4,23,23,17532723,3.7,A,80,Trade Show,Boutique (2-10 agents),2026-09-13T09:48:17Z
CREAM-20260913-00212,Ralph Ramirez,Ralph Ramirez,Ralph,Ramirez,ralphr@aol.com,(512) 327-1701,Sotheby's International,Sotheby's International,San Jose,San Jose,CA,92869,1,4,4,4087304,4.3,A,98,Referral Network,Independent,2026-09-13T21:22:40Z
CREAM-20260913-00213,Danielle Wood,Danielle Wood,Danielle,Wood,dwood@me.com,(714) 437-2988,Keller Williams,Keller Williams,Colorado Springs,Colorado Springs,CO,80896,7,26,26,12573997,4.6,A,68,Facebook,Enterprise (200+ agents),2026-09-13T22:27:15Z
CREAM-20260913-00214,Melissa Hall,Melissa Hall,Melissa,Hall,melissah@compass.com,(415) 417-9502,Compass,Compass,St. Petersburg,St. Petersburg,FL,34390,1,3,3,1565083,3.6,A,62,Facebook,Large (51-200 agents),2026-09-13T17:16:47Z
CREAM-20260913-00215,Jack Martin,Jack Martin,Jack,Martin,jack.martin@berkshirehathaway.com,(718) 429-3258,Berkshire Hathaway,Berkshire Hathaway,Austin,Austin,TX,78543,2,3,3,852493,3.3,A,73,LinkedIn,Independent,2026-09-13T00:05:03Z
CREAM-20260913-00216,Anthony Mitchell,Anthony Mitchell,Anthony,Mitchell,amitchell@gmail.com,(404) 383-8079,RE/MAX,RE/MAX,Denver,Denver,CO,81676,24,49,49,31592713,3.1,A,65,LinkedIn,Large (51-200 agents),2026-09-13T00:58:53Z
CREAM-20260913-00217,Matthew Martinez,Matthew Martinez,Matthew,Martinez,matthewmartinez@yahoo.com,(334) 224-8849,Compass,Compass,Denver,Denver,CO,80602,4,18,18,10934841,4.5,A,80,Website Lead,Large (51-200 agents),2026-09-13T00:22:57Z
CREAM-20260913-00218,Jerry Johnson,Jerry Johnson,Jerry,Johnson,jerryj@outlook.com,(214) 747-8839,eXp Realty,eXp Realty,Jacksonville,Jacksonville,FL,32465,5,23,23,7932889,4.4,A,79,MLS Database,Independent,2026-09-13T22:24:18Z
CREAM-20260913-00219,Jacqueline King,Jacqueline King,Jacqueline,King,jacqueline.king@outlook.com,(916) 463-9762,Coldwell Banker,Coldwell Banker,Dallas,Dallas,TX,76595,7,30,30,8456474,3.4,A,97,Facebook,Independent,2026-09-13T00:01:23Z
CREAM-20260913-00220,Edward Lee,Edward Lee,Edward,Lee,elee@icloud.com,(602) 804-6258,Berkshire Hathaway,Berkshire Hathaway,Austin,Austin,TX,77354,1,12,12,3196086,4.2,A,66,Trade Show,Enterprise (200+ agents),2026-09-13T23:30:18Z
CREAM-20260913-00221,Debra Chavez,Debra Chavez,Debra,Chavez,debrac@berkshirehathaway.com,(310) 867-7611,Berkshire Hathaway,Berkshire Hathaway,Dallas,Dallas,TX,78669,6,31,31,8138796,3.6,A,62,Referral Network,Mid-size (11-50 agents),2026-09-13T00:50:32Z
CREAM-20260913-00222,Arthur Harris,Arthur Harris,Arthur,Harris,arthur.harris@compass.com,(916) 255-9552,Compass,Compass,Los Angeles,Los Angeles,CA,94963,14,26,26,19812895,3.9,A,92,Trade Show,Large (51-200 agents),2026-09-13T08:07:47Z
CREAM-20260913-00223,Grace Sullivan,Grace Sullivan,Grace,Sullivan,gsullivan@icloud.com,(980) 690-9729,Compass,Compass,Brooklyn,Brooklyn,NY,10556,5,9,9,7460146,3.3,A,92,Referral Network,Enterprise (200+ agents),2026-09-13T01:28:56Z
CREAM-20260913-00224,Michael Lewis,Michael Lewis,Michael,Lewis,mlewis@century21.com,(415) 417-3690,Century 21,Century 21,St. Petersburg,St. Petersburg,FL,34655,21,48,48,19331404,4.2,A,89,LinkedIn,Enterprise (200+ agents),2026-09-13T19:06:23Z
CREAM-20260913-00225,Alexander Turner,Alexander Turner,Alexander,Turner,alexandert@outlook.com,(720) 772-3579,Cutler Real Estate,Cutler Real Estate,Cleveland,Cleveland,OH,44268,24,51,51,15052363,3.3,A,70,Facebook,Enterprise (200+ agents),2026-09-13T00:50:08Z
CREAM-20260913-00226,Lauren Sullivan,Lauren Sullivan,Lauren,Sullivan,laurens@berkshirehathaway.com,(704) 902-4940,Berkshire Hathaway,Berkshire Hathaway,El Paso,El Paso,TX,76334,18,26,26,9358350,3.9,A,99,Website Lead,Independent,2026-09-13T04:51:42Z
CREAM-20260913-00227,Heather Brooks,Heather Brooks,Heather,Brooks,heatherb@re/max.com,(513) 519-8654,RE/MAX,RE/MAX,Sacramento,Sacramento,CA,90324,21,69,69,61710359,4.4,A,88,Cold Outreach,Large (51-200 agents),2026-09-13T04:27:27Z
CREAM-20260913-00228,Lawrence Walker,Lawrence Walker,Lawrence,Walker,lawrencew@aol.com,(972) 780-8002,Briggs Freeman Sotheby's,Briggs Freeman Sotheby's,El Paso,El Paso,TX,79889,24,67,67,27111400,3.8,A,73,Trade Show,Large (51-200 agents),2026-09-13T06:11:19Z
CREAM-20260913-00229,Heather Ward,Heather Ward,Heather,Ward,hward@icloud.com,(980) 948-6218,Compass,Compass,Raleigh,Raleigh,NC,28816,12,73,73,33159998,4.2,A,68,Referral Network,Large (51-200 agents),2026-09-13T11:43:32Z
CREAM-20260913-00230,Joshua Collins,Joshua Collins,Joshua,Collins,joshuacollins@icloud.com,(720) 416-8205,Long Realty,Long Realty,Phoenix,Phoenix,AZ,86390,8,21,21,6672327,3.2,A,95,Website Lead,Large (51-200 agents),2026-09-13T03:22:55Z
CREAM-20260913-00231,Brian Price,Brian Price,Brian,Price,bprice@brownharrisstevens.com,(214) 449-6000,Brown Harris Stevens,Brown Harris Stevens,Queens,Queens,NY,12975,8,34,34,24164554,3.4,A,100,Trade Show,Mid-size (11-50 agents),2026-09-13T09:50:32Z
CREAM-20260913-00232,Matthew Jenkins,Matthew Jenkins,Matthew,Jenkins,mjenkins@exprealty.com,(513) 400-7736,eXp Realty,eXp Realty,Greensboro,Greensboro,NC,28210,4,24,24,9741092,3.8,A,89,Website Lead,Independent,2026-09-13T07:28:55Z
CREAM-20260913-00233,Deborah Baker,Deborah Baker,Deborah,Baker,dbaker@allentate.com,(980) 670-6469,Allen Tate,Allen Tate,Greensboro,Greensboro,NC,28937,3,18,18,7066236,4.8,A,84,LinkedIn,Mid-size (11-50 agents),2026-09-13T13:15:54Z
CREAM-20260913-00234,Sandra Coleman,Sandra Coleman,Sandra,Coleman,sandrac@outlook.com,(256) 648-3546,Coldwell Banker,Coldwell Banker,Cincinnati,Cincinnati,OH,43592,0,3,3,814498,4.8,A,70,Brokerage Listings,Independent,2026-09-13T09:34:30Z
CREAM-20260913-00235,Nancy Hughes,Nancy Hughes,Nancy,Hughes,nhughes@me.com,(929) 325-5134,Berkshire Hathaway,Berkshire Hathaway,Fort Worth,Fort Worth,TX,79387,20,34,34,10370630,3.3,A,99,Cold Outreach,Large (51-200 agents),2026-09-13T20:30:49Z
CREAM-20260913-00236,Jonathan Alvarez,Jonathan Alvarez,Jonathan,Alvarez,jalvarez@berkshirehathaway.com,(303) 312-2207,Berkshire Hathaway,Berkshire Hathaway,Greensboro,Greensboro,NC,27704,5,17,17,6061086,3.3,A,86,Cold Outreach,Enterprise (200+ agents),2026-09-13T02:23:49Z
CREAM-20260913-00237,Richard Lewis,Richard Lewis,Richard,Lewis,richard.lewis@coldwellbanker.com,(980) 909-1551,Coldwell Banker,Coldwell Banker,Denver,Denver,CO,80299,21,37,37,18808061,3.9,A,87,Website Lead,Mid-size (11-50 agents),2026-09-13T09:04:50Z
CREAM-20260913-00238,Joseph Scott,Joseph Scott,Joseph,Scott,jscott@gmail.com,(334) 917-3685,RE/MAX,RE/MAX,Mesa,Mesa,AZ,85989,6,18,18,8274070,3.0,A,97,NAR Directory,Independent,2026-09-13T20:56:13Z
CREAM-20260913-00239,Louis Gray,Louis Gray,Louis,Gray,louisgray@me.com,(513) 533-2226,Halstead,Halstead,Queens,Queens,NY,11758,6,35,35,24089554,4.4,A,78,Facebook,Boutique (2-10 agents),2026-09-13T05:30:49Z
CREAM-20260913-00240,Catherine Cook,Catherine Cook,Catherine,Cook,catherinec@gmail.com,(256) 270-5295,Cutler Real Estate,Cutler Real Estate,Cincinnati,Cincinnati,OH,44824,3,24,24,5287518,4.5,A,100,Trade Show,Mid-size (11-50 agents),2026-09-13T23:02:27Z
CREAM-20260913-00241,Jonathan Richardson,Jonathan Richardson,Jonathan,Richardson,jrichardson@gmail.com,(713) 914-6018,Coldwell Banker,Coldwell Banker,Charlotte,Charlotte,NC,28148,0,2,2,650345,4.6,A,100,MLS Database,Large (51-200 agents),2026-09-13T16:41:30Z
CREAM-20260913-00242,Ruth Myers,Ruth Myers,Ruth,Myers,ruth.myers@me.com,(713) 611-2061,Brown Harris Stevens,Brown Harris Stevens,Queens,Queens,NY,11426,2,4,4,3347428,4.8,A,89,Realtor.com,Mid-size (11-50 agents),2026-09-13T17:34:35Z
CREAM-20260913-00243,Bruce Harris,Bruce Harris,Bruce,Harris,bruceh@kellerwilliams.com,(310) 920-3880,Keller Williams,Keller Williams,Columbus,Columbus,OH,44995,8,22,22,7040610,3.8,A,60,Brokerage Listings,Large (51-200 agents),2026-09-13T02:39:15Z
CREAM-20260913-00244,Julia Foster,Julia Foster,Julia,Foster,juliafoster@aol.com,(469) 568-1837,HomeSmart,HomeSmart,Phoenix,Phoenix,AZ,85997,3,17,17,8249844,3.7,A,77,MLS Database,Large (51-200 agents),2026-09-13T22:15:00Z
CREAM-20260913-00245,Maria Peterson,Maria Peterson,Maria,Peterson,mpeterson@hotmail.com,(602) 830-7459,Huntington Real Estate,Huntington Real Estate,Cleveland,Cleveland,OH,43547,1,6,6,1656655,3.4,A,61,Cold Outreach,Mid-size (11-50 agents),2026-09-13T05:19:23Z
CREAM-20260913-00246,Joseph Flores,Joseph Flores,Joseph,Flores,josephflores@me.com,(415) 340-8726,Coldwell Banker,Coldwell Banker,Charlotte,Charlotte,NC,28409,20,56,56,23068956,3.2,A,90,Brokerage Listings,Boutique (2-10 agents),2026-09-13T21:35:10Z
CREAM-20260913-00247,Maria Kim,Maria Kim,Maria,Kim,mariakim@me.com,(786) 828-6506,Douglas Elliman,Douglas Elliman,Brooklyn,Brooklyn,NY,14167,14,27,27,18349388,3.1,A,75,NAR Directory,Large (51-200 agents),2026-09-13T07:10:47Z
CREAM-20260913-00248,Timothy Cox,Timothy Cox,Timothy,Cox,timothy_cox@icloud.com,(469) 661-6386,Sotheby's International,Sotheby's International,Manhattan,Manhattan,NY,10312,3,21,21,14750797,4.2,A,86,Trade Show,Independent,2026-09-13T18:58:56Z
CREAM-20260913-00249,Elizabeth Rivera,Elizabeth Rivera,Elizabeth,Rivera,elizabeth_rivera@gmail.com,(512) 348-6889,Briggs Freeman Sotheby's,Briggs Freeman Sotheby's,El Paso,El Paso,TX,76384,1,4,4,1183287,3.1,A,76,Realtor.com,Independent,2026-09-13T12:33:40Z
CREAM-20260913-00250,Bruce Wright,Bruce Wright,Bruce,Wright,bruce_wright@hotmail.com,(256) 529-5640,Compass,Compass,Brooklyn,Brooklyn,NY,11350,17,39,39,25834620,4.7,A,60,Realtor.com,Mid-size (11-50 agents),2026-09-13T13:35:28Z
CREAM-20260913-00251,Matthew Cook,Matthew Cook,Matthew,Cook,matthew.cook@yahoo.com,(512) 371-5670,Douglas Elliman,Douglas Elliman,El Paso,El Paso,TX,76640,22,72,72,19655663,4.4,A,83,Brokerage Listings,Enterprise (200+ agents),2026-09-13T01:25:41Z
CREAM-20260913-00252,George Chavez,George Chavez,George,Chavez,georgechavez@gmail.com,(214) 273-5943,Howard Hanna,Howard Hanna,Greensboro,Greensboro,NC,28416,3,16,16,4269722,4.2,A,83,Brokerage Listings,Mid-size (11-50 agents),2026-09-13T14:24:48Z
CREAM-20260913-00253,Theresa Bailey,Theresa Bailey,Theresa,Bailey,tbailey@russelllyonsothebys.com,(469) 659-3386,Russell Lyon Sotheby's,Russell Lyon Sotheby's,Mesa,Mesa,AZ,86871,3,21,21,7296872,3.2,A,63,Brokerage Listings,Enterprise (200+ agents),2026-09-13T15:08:49Z
CREAM-20260913-00254,Emma Bailey,Emma Bailey,Emma,Bailey,emmab@pacificsothebys.com,(407) 908-6738,Pacific Sotheby's,Pacific Sotheby's,Oakland,Oakland,CA,94379,17,42,42,39387231,4.2,A,62,Realtor.com,Enterprise (200+ agents),2026-09-13T23:48:58Z
CREAM-20260913-00255,George Alvarez,George Alvarez,George,Alvarez,george.alvarez@gmail.com,(256) 570-1292,Sotheby's International,Sotheby's International,Oakland,Oakland,CA,95932,20,71,71,61495580,4.9,A,73,Trade Show,Independent,2026-09-13T10:55:43Z
CREAM-20260913-00256,Theresa Harris,Theresa Harris,Theresa,Harris,theresa.harris@gmail.com,(972) 892-8080,RE/MAX,RE/MAX,Denver,Denver,CO,80430,10,71,71,47336706,3.0,A,74,Facebook,Independent,2026-09-13T07:02:51Z
CREAM-20260913-00257,Karen Alvarez,Karen Alvarez,Karen,Alvarez,karenalvarez@gmail.com,(303) 681-9131,Brown Harris Stevens,Brown Harris Stevens,Brooklyn,Brooklyn,NY,14129,9,38,38,30167309,4.3,A,79,Brokerage Listings,Independent,2026-09-13T12:19:57Z
CREAM-20260913-00258,Catherine Jones,Catherine Jones,Catherine,Jones,catherinej@gmail.com,(972) 598-6200,RE/MAX,RE/MAX,Mesa,Mesa,AZ,86567,16,62,62,27344446,3.9,A,95,Website Lead,Independent,2026-09-13T08:00:01Z
CREAM-20260913-00259,Ryan Harris,Ryan Harris,Ryan,Harris,ryanharris@yahoo.com,(513) 547-8791,eXp Realty,eXp Realty,San Francisco,San Francisco,CA,92901,7,15,15,10774249,3.2,A,86,Trade Show,Enterprise (200+ agents),2026-09-13T03:11:58Z
CREAM-20260913-00260,Judith Mitchell,Judith Mitchell,Judith,Mitchell,jmitchell@coldwellbanker.com,(303) 542-9320,Coldwell Banker,Coldwell Banker,Mesa,Mesa,AZ,85163,5,22,22,6495502,3.9,A,76,Referral Network,Large (51-200 agents),2026-09-13T06:33:30Z
CREAM-20260913-00261,Ralph Alexander,Ralph Alexander,Ralph,Alexander,ralexander@aol.com,(305) 236-2783,eXp Realty,eXp Realty,Fort Worth,Fort Worth,TX,75695,16,67,67,21537267,4.2,A,62,Referral Network,Large (51-200 agents),2026-09-13T13:43:40Z
CREAM-20260913-00262,Robert Gonzalez,Robert Gonzalez,Robert,Gonzalez,robert_gonzalez@icloud.com,(972) 747-9809,Berkshire Hathaway,Berkshire Hathaway,Dallas,Dallas,TX,76926,4,13,13,5531511,3.3,A,61,NAR Directory,Boutique (2-10 agents),2026-09-13T11:28:09Z
CREAM-20260913-00263,Peter Hughes,Peter Hughes,Peter,Hughes,phughes@yahoo.com,(214) 777-7991,eXp Realty,eXp Realty,San Jose,San Jose,CA,91260,4,21,21,13839145,4.1,A,77,Cold Outreach,Independent,2026-09-13T10:13:03Z
CREAM-20260913-00264,Sharon Castillo,Sharon Castillo,Sharon,Castillo,sharonc@exprealty.com,(303) 903-6802,eXp Realty,eXp Realty,Sacramento,Sacramento,CA,93546,5,21,21,15724298,4.0,A,72,Referral Network,Boutique (2-10 agents),2026-09-13T17:48:08Z
CREAM-20260913-00265,Brenda Carter,Brenda Carter,Brenda,Carter,brenda_carter@gmail.com,(718) 456-3679,Coldwell Banker,Coldwell Banker,Tucson,Tucson,AZ,86313,9,17,17,7165294,4.8,A,65,NAR Directory,Mid-size (11-50 agents),2026-09-13T00:06:07Z
CREAM-20260913-00266,Sharon Lewis,Sharon Lewis,Sharon,Lewis,sharonl@outlook.com,(972) 454-2868,Sotheby's International,Sotheby's International,Manhattan,Manhattan,NY,14801,19,71,71,38021928,3.8,A,90,MLS Database,Boutique (2-10 agents),2026-09-13T08:25:50Z
CREAM-20260913-00267,Samantha Rivera,Samantha Rivera,Samantha,Rivera,srivera@hotmail.com,(310) 548-8240,Douglas Elliman,Douglas Elliman,Queens,Queens,NY,12656,23,78,78,41533617,4.0,A,96,Brokerage Listings,Large (51-200 agents),2026-09-13T04:47:27Z
CREAM-20260913-00268,Dorothy Morales,Dorothy Morales,Dorothy,Morales,dorothy_morales@gmail.com,(303) 728-2464,Coldwell Banker,Coldwell Banker,Oakland,Oakland,CA,93368,1,6,6,6507347,3.3,A,77,Realtor.com,Large (51-200 agents),2026-09-13T07:14:30Z
CREAM-20260913-00269,Samantha Mitchell,Samantha Mitchell,Samantha,Mitchell,samantha.mitchell@berkshirehathaway.com,(256) 267-6628,Berkshire Hathaway,Berkshire Hathaway,Raleigh,Raleigh,NC,28569,23,28,28,7144653,3.2,A,99,LinkedIn,Boutique (2-10 agents),2026-09-13T15:35:50Z
CREAM-20260913-00270,Debra Moore,Debra Moore,Debra,Moore,dmoore@me.com,(980) 478-4013,Berkshire Hathaway HomeServices,Berkshire Hathaway HomeServices,Long Beach,Long Beach,CA,93496,1,12,12,11259600,3.9,A,73,Cold Outreach,Mid-size (11-50 agents),2026-09-13T20:54:04Z
CREAM-20260913-00271,Rebecca Lee,Rebecca Lee,Rebecca,Lee,rebeccal@kellerwilliams.com,(214) 721-1323,Keller Williams,Keller Williams,Queens,Queens,NY,12152,2,4,4,2977062,3.2,A,72,Brokerage Listings,Large (51-200 agents),2026-09-13T05:48:30Z
CREAM-20260913-00272,John Hall,John Hall,John,Hall,john.hall@aol.com,(415) 938-1678,Corcoran Group,Corcoran Group,Bronx,Bronx,NY,10919,3,8,8,6136640,3.5,A,78,Website Lead,Mid-size (11-50 agents),2026-09-13T02:34:49Z
CREAM-20260913-00273,Sharon Martinez,Sharon Martinez,Sharon,Martinez,smartinez@coldwellbanker.com,(512) 417-4241,Coldwell Banker,Coldwell Banker,El Paso,El Paso,TX,79541,9,40,40,15979347,5.0,A,76,MLS Database,Large (51-200 agents),2026-09-13T03:49:46Z
CREAM-20260913-00274,Mark Ruiz,Mark Ruiz,Mark,Ruiz,markr@exprealty.com,(972) 703-2978,eXp Realty,eXp Realty,Colorado Springs,Colorado Springs,CO,81243,6,36,36,21379685,4.2,A,98,Realtor.com,Enterprise (200+ agents),2026-09-13T20:24:13Z
CREAM-20260913-00275,Christine Brown,Christine Brown,Christine,Brown,christinebrown@me.com,(916) 390-6610,RE/MAX,RE/MAX,Houston,Houston,TX,75155,16,43,43,14356712,5.0,A,61,Referral Network,Mid-size (11-50 agents),2026-09-13T23:36:28Z
CREAM-20260913-00276,Brandon Smith,Brandon Smith,Brandon,Smith,brandon.smith@hotmail.com,(646) 749-6077,Pacific Sotheby's,Pacific Sotheby's,Sacramento,Sacramento,CA,96921,0,5,5,4365709,4.3,A,78,Cold Outreach,Enterprise (200+ agents),2026-09-13T04:50:39Z
CREAM-20260913-00277,Raymond Patel,Raymond Patel,Raymond,Patel,raymond.patel@gmail.com,(212) 588-8849,Russell Lyon Sotheby's,Russell Lyon Sotheby's,Scottsdale,Scottsdale,AZ,85722,5,9,9,2633524,4.6,A,84,Cold Outreach,Boutique (2-10 agents),2026-09-13T07:19:53Z
CREAM-20260913-00278,George Chavez,George Chavez,George,Chavez,george_chavez@yahoo.com,(646) 425-7547,Keller Williams Realty,Keller Williams Realty,Long Beach,Long Beach,CA,94191,0,0,0,0,3.0,A,79,Facebook,Large (51-200 agents),2026-09-13T23:18:01Z
CREAM-20260913-00279,Heather Howard,Heather Howard,Heather,Howard,heatherh@aol.com,(805) 472-6865,Berkshire Hathaway,Berkshire Hathaway,Austin,Austin,TX,78222,25,29,29,11339392,4.9,A,82,Brokerage Listings,Independent,2026-09-13T12:21:08Z
CREAM-20260913-00280,Joseph Cruz,Joseph Cruz,Joseph,Cruz,joseph.cruz@gmail.com,(234) 544-2716,Allie Beth Allman,Allie Beth Allman,Dallas,Dallas,TX,75179,2,11,11,4526351,3.8,A,83,Referral Network,Large (51-200 agents),2026-09-13T06:41:19Z
CREAM-20260913-00281,Stephanie Cox,Stephanie Cox,Stephanie,Cox,stephanie_cox@hotmail.com,(786) 457-4792,Pacific Sotheby's,Pacific Sotheby's,Los Angeles,Los Angeles,CA,91264,0,2,2,1347644,4.6,A,60,Realtor.com,Mid-size (11-50 agents),2026-09-13T03:57:02Z
CREAM-20260913-00282,Megan Roberts,Megan Roberts,Megan,Roberts,megan.roberts@sothebysinternational.com,(980) 653-3964,Sotheby's International,Sotheby's International,Manhattan,Manhattan,NY,13118,7,21,21,12415970,4.8,A,83,Referral Network,Independent,2026-09-13T07:34:05Z
CREAM-20260913-00283,Natalie Sanders,Natalie Sanders,Natalie,Sanders,natalie.sanders@aol.com,(602) 322-6015,Douglas Elliman,Douglas Elliman,Fort Worth,Fort Worth,TX,79334,2,5,5,1504458,4.5,A,96,Website Lead,Boutique (2-10 agents),2026-09-13T23:50:48Z
CREAM-20260913-00284,Gary Turner,Gary Turner,Gary,Turner,garyt@compass.com,(512) 866-5736,Compass,Compass,San Francisco,San Francisco,CA,91900,3,10,10,9785540,4.4,A,100,MLS Database,Enterprise (200+ agents),2026-09-13T13:30:02Z
CREAM-20260913-00285,Carol Ramos,Carol Ramos,Carol,Ramos,cramos@berkshirehathawayhomeservices.com,(310) 315-1385,Berkshire Hathaway HomeServices,Berkshire Hathaway HomeServices,Long Beach,Long Beach,CA,94860,3,10,10,7391157,3.8,A,91,LinkedIn,Enterprise (200+ agents),2026-09-13T18:47:22Z
CREAM-20260913-00286,Jonathan Cruz,Jonathan Cruz,Jonathan,Cruz,jonathan_cruz@outlook.com,(713) 455-9077,Coldwell Banker,Coldwell Banker,Denver,Denver,CO,80910,19,72,72,38200597,3.0,A,69,Referral Network,Independent,2026-09-13T08:31:57Z
CREAM-20260913-00287,Frank Robinson,Frank Robinson,Frank,Robinson,frobinson@herrealtors.com,(972) 994-7472,HER Realtors,HER Realtors,Cleveland,Cleveland,OH,44491,0,3,3,889936,4.1,A,87,LinkedIn,Independent,2026-09-13T22:07:55Z
CREAM-20260913-00288,Shirley Lewis,Shirley Lewis,Shirley,Lewis,slewis@re/max.com,(704) 954-9121,RE/MAX,RE/MAX,Aurora,Aurora,CO,81410,17,42,42,23559902,3.9,A,68,Brokerage Listings,Independent,2026-09-13T02:12:13Z
CREAM-20260913-00289,Amber Coleman,Amber Coleman,Amber,Coleman,amberc@me.com,(256) 484-2953,Keller Williams,Keller Williams,Manhattan,Manhattan,NY,11155,5,14,14,10723167,4.1,A,75,Facebook,Mid-size (11-50 agents),2026-09-13T11:17:55Z
CREAM-20260913-00290,Melissa Lee,Melissa Lee,Melissa,Lee,melissalee@icloud.com,(310) 461-4301,Howard Hanna,Howard Hanna,Raleigh,Raleigh,NC,27107,5,18,18,6363903,3.8,A,97,Facebook,Boutique (2-10 agents),2026-09-13T16:08:05Z
CREAM-20260913-00291,Brenda Parker,Brenda Parker,Brenda,Parker,bparker@exprealty.com,(916) 711-8484,eXp Realty,eXp Realty,Raleigh,Raleigh,NC,27198,1,6,6,2241731,4.6,A,72,Brokerage Listings,Large (51-200 agents),2026-09-13T17:59:08Z
CREAM-20260913-00292,Brandon Fisher,Brandon Fisher,Brandon,Fisher,brandonf@kellerwilliams.com,(919) 541-7222,Keller Williams,Keller Williams,Aurora,Aurora,CO,80323,9,36,36,16897745,4.9,A,87,Referral Network,Independent,2026-09-13T21:48:13Z
CREAM-20260913-00293,Emma Alexander,Emma Alexander,Emma,Alexander,emma_alexander@yahoo.com,(602) 930-2244,Douglas Elliman,Douglas Elliman,Jacksonville,Jacksonville,FL,33251,8,25,25,8546542,4.5,A,73,Cold Outreach,Enterprise (200+ agents),2026-09-13T11:27:52Z
CREAM-20260913-00294,Anna Sullivan,Anna Sullivan,Anna,Sullivan,anna.sullivan@corcorangroup.com,(720) 902-6636,Corcoran Group,Corcoran Group,New York City,New York City,NY,14890,14,29,29,21470699,4.7,A,100,Website Lead,Independent,2026-09-13T01:44:31Z
CREAM-20260913-00295,Jennifer Rodriguez,Jennifer Rodriguez,Jennifer,Rodriguez,jennifer.rodriguez@coldwellbanker.com,(256) 972-7506,Coldwell Banker,Coldwell Banker,Orlando,Orlando,FL,34604,4,18,18,6725112,4.8,A,61,Website Lead,Boutique (2-10 agents),2026-09-13T09:54:47Z
CREAM-20260913-00296,Larry Foster,Larry Foster,Larry,Foster,lfoster@coldwellbanker.com,(212) 691-8221,Coldwell Banker,Coldwell Banker,Fort Worth,Fort Worth,TX,78179,4,18,18,7124293,3.7,A,76,Brokerage Listings,Boutique (2-10 agents),2026-09-13T04:30:35Z
CREAM-20260913-00297,Kimberly Lopez,Kimberly Lopez,Kimberly,Lopez,kimberly.lopez@aol.com,(720) 491-9594,RE/MAX,RE/MAX,El Paso,El Paso,TX,79756,3,25,25,8803969,5.0,A,83,Website Lead,Boutique (2-10 agents),2026-09-13T04:20:42Z
CREAM-20260913-00298,Debra Lewis,Debra Lewis,Debra,Lewis,debral@exprealty.com,(718) 421-6059,eXp Realty,eXp Realty,Cleveland,Cleveland,OH,45276,8,40,40,8663696,3.9,A,72,Facebook,Large (51-200 agents),2026-09-13T16:37:14Z
CREAM-20260913-00299,Theresa Roberts,Theresa Roberts,Theresa,Roberts,theresaroberts@outlook.com,(512) 290-1389,Berkshire Hathaway,Berkshire Hathaway,Mesa,Mesa,AZ,86343,8,30,30,15071579,4.3,A,98,LinkedIn,Boutique (2-10 agents),2026-09-13T11:14:09Z
CREAM-20260913-00300,Brian Davis,Brian Davis,Brian,Davis,briand@icloud.com,(972) 802-9606,eXp Realty,eXp Realty,Cincinnati,Cincinnati,OH,44218,1,4,4,834267,4.5,A,69,Brokerage Listings,Boutique (2-10 agents),2026-09-13T06:59:40Z
CREAM-20260913-00301,Rachel Ross,Rachel Ross,Rachel,Ross,rachel.ross@outlook.com,(512) 243-5239,Briggs Freeman Sotheby's,Briggs Freeman Sotheby's,San Antonio,San Antonio,TX,76565,21,34,34,15384927,4.2,A,96,Realtor.com,Independent,2026-09-13T12:37:18Z
CREAM-20260913-00302,Diane Castillo,Diane Castillo,Diane,Castillo,dianecastillo@outlook.com,(212) 822-2208,Allen Tate,Allen Tate,Greensboro,Greensboro,NC,28470,4,17,17,4457775,3.4,A,96,Brokerage Listings,Mid-size (11-50 agents),2026-09-13T10:05:56Z
CREAM-20260913-00303,Lauren Gomez,Lauren Gomez,Lauren,Gomez,laureng@hotmail.com,(714) 629-2550,Douglas Elliman,Douglas Elliman,Manhattan,Manhattan,NY,11723,16,80,80,62633549,3.6,A,93,Referral Network,Boutique (2-10 agents),2026-09-13T05:22:22Z
CREAM-20260913-00304,Brian White,Brian White,Brian,White,brianwhite@me.com,(919) 249-4034,Berkshire Hathaway HomeServices,Berkshire Hathaway HomeServices,San Diego,San Diego,CA,92490,2,11,11,11651739,4.0,A,84,Referral Network,Mid-size (11-50 agents),2026-09-13T11:58:34Z
CREAM-20260913-00305,Kathleen Watson,Kathleen Watson,Kathleen,Watson,kathleenwatson@outlook.com,(512) 511-6582,Compass,Compass,Bronx,Bronx,NY,12536,20,43,43,31018125,4.2,A,95,NAR Directory,Large (51-200 agents),2026-09-13T20:30:03Z
CREAM-20260913-00306,Frank Ruiz,Frank Ruiz,Frank,Ruiz,frank.ruiz@exprealty.com,(404) 522-2102,eXp Realty,eXp Realty,San Antonio,San Antonio,TX,79286,3,16,16,6247717,5.0,A,99,Brokerage Listings,Enterprise (200+ agents),2026-09-13T10:18:30Z
CREAM-20260913-00307,Albert Myers,Albert Myers,Albert,Myers,albertmyers@hotmail.com,(704) 236-7990,Keller Williams,Keller Williams,Cincinnati,Cincinnati,OH,44178,12,64,64,11233196,3.3,A,75,Facebook,Mid-size (11-50 agents),2026-09-13T21:08:15Z
CREAM-20260913-00308,Sharon White,Sharon White,Sharon,White,sharonw@corcorangroup.com,(214) 618-5096,Corcoran Group,Corcoran Group,Brooklyn,Brooklyn,NY,10767,5,13,13,6301259,4.3,A,98,MLS Database,Large (51-200 agents),2026-09-13T23:25:05Z
CREAM-20260913-00309,Ruth Martin,Ruth Martin,Ruth,Martin,ruthmartin@aol.com,(305) 285-5895,Nest Seekers,Nest Seekers,Queens,Queens,NY,12130,0,2,2,1495280,4.2,A,65,LinkedIn,Independent,2026-09-13T04:58:41Z
CREAM-20260913-00310,Christopher Stewart,Christopher Stewart,Christopher,Stewart,cstewart@compass.com,(713) 302-9314,Compass,Compass,Bronx,Bronx,NY,10423,9,40,40,32042469,4.1,A,78,LinkedIn,Independent,2026-09-13T13:03:59Z
CREAM-20260913-00311,Helen Watson,Helen Watson,Helen,Watson,helen_watson@yahoo.com,(720) 746-4442,Keller Williams,Keller Williams,Denver,Denver,CO,81717,8,33,33,21682479,3.5,A,87,Website Lead,Boutique (2-10 agents),2026-09-13T10:27:21Z
CREAM-20260913-00312,Joshua Cox,Joshua Cox,Joshua,Cox,joshua.cox@kellerwilliams.com,(720) 676-7514,Keller Williams,Keller Williams,Colorado Springs,Colorado Springs,CO,81855,9,32,32,19057378,3.5,A,99,Brokerage Listings,Boutique (2-10 agents),2026-09-13T18:02:35Z
CREAM-20260913-00313,Stephanie Murphy,Stephanie Murphy,Stephanie,Murphy,stephaniem@allentate.com,(720) 448-5946,Allen Tate,Allen Tate,Charlotte,Charlotte,NC,28692,14,26,26,11539088,4.7,A,70,MLS Database,Boutique (2-10 agents),2026-09-13T20:24:20Z
CREAM-20260913-00314,Anthony Harris,Anthony Harris,Anthony,Harris,anthony_harris@icloud.com,(512) 965-2073,HomeSmart,HomeSmart,Phoenix,Phoenix,AZ,85720,4,11,11,3456862,3.9,A,62,Facebook,Enterprise (200+ agents),2026-09-13T07:45:06Z
CREAM-20260913-00315,Donald Lewis,Donald Lewis,Donald,Lewis,donaldl@re/max.com,(305) 565-8496,RE/MAX,RE/MAX,Colorado Springs,Colorado Springs,CO,80930,22,30,30,13776046,4.2,A,94,Referral Network,Large (51-200 agents),2026-09-13T12:14:56Z
CREAM-20260913-00316,Arthur Cooper,Arthur Cooper,Arthur,Cooper,arthurc@me.com,(310) 620-4022,Coldwell Banker,Coldwell Banker,Houston,Houston,TX,79399,8,25,25,10207546,4.6,A,68,Trade Show,Mid-size (11-50 agents),2026-09-13T14:30:45Z
CREAM-20260913-00317,Lisa Alvarez,Lisa Alvarez,Lisa,Alvarez,lalvarez@douglaselliman.com,(512) 236-1772,Douglas Elliman,Douglas Elliman,Orlando,Orlando,FL,34704,6,24,24,12387926,3.7,A,83,LinkedIn,Enterprise (200+ agents),2026-09-13T02:40:14Z
CREAM-20260913-00318,Albert Martin,Albert Martin,Albert,Martin,albert.martin@outlook.com,(469) 347-6943,RE/MAX,RE/MAX,Scottsdale,Scottsdale,AZ,86706,25,78,78,25603881,3.9,A,60,MLS Database,Boutique (2-10 agents),2026-09-13T06:02:42Z
CREAM-20260913-00319,Alan Edwards,Alan Edwards,Alan,Edwards,alane@kellerwilliamsrealty.com,(305) 860-1624,Keller Williams Realty,Keller Williams Realty,Tampa,Tampa,FL,34924,24,51,51,24415474,4.0,A,73,Brokerage Listings,Mid-size (11-50 agents),2026-09-13T06:39:22Z
CREAM-20260913-00320,Michael Ortiz,Michael Ortiz,Michael,Ortiz,mortiz@icloud.com,(972) 440-5563,Coldwell Banker,Coldwell Banker,Columbus,Columbus,OH,44891,15,70,70,20453237,4.7,A,78,Brokerage Listings,Boutique (2-10 agents),2026-09-13T06:57:27Z
CREAM-20260913-00321,Gary Davis,Gary Davis,Gary,Davis,gary.davis@kellerwilliamsrealty.com,(980) 232-7092,Keller Williams Realty,Keller Williams Realty,San Francisco,San Francisco,CA,92465,23,59,59,59851241,3.2,A,76,NAR Directory,Mid-size (11-50 agents),2026-09-13T14:02:22Z
CREAM-20260913-00322,Ryan Sullivan,Ryan Sullivan,Ryan,Sullivan,rsullivan@re/max.com,(786) 753-1807,RE/MAX,RE/MAX,Cleveland,Cleveland,OH,45683,24,30,30,9617401,3.5,A,93,Cold Outreach,Mid-size (11-50 agents),2026-09-13T02:15:04Z
CREAM-20260913-00323,Jerry Reyes,Jerry Reyes,Jerry,Reyes,jerryreyes@gmail.com,(980) 898-1806,Coldwell Banker,Coldwell Banker,San Francisco,San Francisco,CA,90149,1,12,12,9708252,3.2,A,86,Realtor.com,Mid-size (11-50 agents),2026-09-13T18:35:15Z
CREAM-20260913-00324,William Bailey,William Bailey,William,Bailey,williambailey@me.com,(919) 595-9814,Nest Seekers,Nest Seekers,Brooklyn,Brooklyn,NY,14780,5,10,10,5142586,3.4,A,86,Website Lead,Mid-size (11-50 agents),2026-09-13T09:50:27Z
CREAM-20260913-00325,Matthew Coleman,Matthew Coleman,Matthew,Coleman,mcoleman@kellerwilliams.com,(916) 553-7957,Keller Williams,Keller Williams,Austin,Austin,TX,78598,6,25,25,8388562,4.8,A,63,Website Lead,Large (51-200 agents),2026-09-13T12:24:16Z
CREAM-20260913-00326,Brian Carter,Brian Carter,Brian,Carter,briancarter@gmail.com,(415) 373-7266,Long Realty,Long Realty,Scottsdale,Scottsdale,AZ,85975,23,47,47,15183015,3.7,A,79,LinkedIn,Large (51-200 agents),2026-09-13T18:52:50Z
CREAM-20260913-00327,Alexander Lewis,Alexander Lewis,Alexander,Lewis,alexanderl@hotmail.com,(212) 403-2284,Coldwell Banker,Coldwell Banker,Raleigh,Raleigh,NC,27121,23,54,54,16522802,4.6,A,61,Trade Show,Mid-size (11-50 agents),2026-09-13T12:45:43Z
CREAM-20260913-00328,Michael Johnson,Michael Johnson,Michael,Johnson,michael.johnson@gmail.com,(972) 211-9070,eXp Realty,eXp Realty,Mesa,Mesa,AZ,86113,1,12,12,4342217,3.7,A,66,Realtor.com,Mid-size (11-50 agents),2026-09-13T00:52:19Z
CREAM-20260913-00329,Donna Martinez,Donna Martinez,Donna,Martinez,dmartinez@me.com,(602) 883-6182,Coldwell Banker,Coldwell Banker,San Antonio,San Antonio,TX,76791,0,1,1,381857,4.9,A,97,Referral Network,Enterprise (200+ agents),2026-09-13T10:13:21Z
CREAM-20260913-00330,Ryan Sanchez,Ryan Sanchez,Ryan,Sanchez,ryansanchez@yahoo.com,(310) 404-2761,Berkshire Hathaway,Berkshire Hathaway,Dallas,Dallas,TX,78171,21,73,73,24747605,4.0,A,100,NAR Directory,Boutique (2-10 agents),2026-09-13T21:02:08Z
CREAM-20260913-00331,Nicole Reed,Nicole Reed,Nicole,Reed,nicole_reed@yahoo.com,(303) 933-1090,HomeSmart,HomeSmart,Phoenix,Phoenix,AZ,86203,0,0,0,0,4.0,A,61,Cold Outreach,Enterprise (200+ agents),2026-09-13T13:25:45Z
CREAM-20260913-00332,Maria Nelson,Maria Nelson,Maria,Nelson,marianelson@aol.com,(972) 881-6564,Berkshire Hathaway,Berkshire Hathaway,Tampa,Tampa,FL,33268,1,8,8,2638716,4.5,A,69,Realtor.com,Independent,2026-09-13T21:21:18Z
CREAM-20260913-00333,Gary Wood,Gary Wood,Gary,Wood,garyw@longrealty.com,(602) 549-5687,Long Realty,Long Realty,Mesa,Mesa,AZ,86238,6,27,27,8868113,3.9,A,70,NAR Directory,Boutique (2-10 agents),2026-09-13T10:20:51Z
CREAM-20260913-00334,Lisa Jimenez,Lisa Jimenez,Lisa,Jimenez,lisa_jimenez@aol.com,(256) 416-6957,Corcoran Group,Corcoran Group,New York City,New York City,NY,14711,1,4,4,2942060,3.8,A,95,Trade Show,Enterprise (200+ agents),2026-09-13T10:21:52Z
CREAM-20260913-00335,Sarah Wilson,Sarah Wilson,Sarah,Wilson,sarahwilson@outlook.com,(929) 344-2284,Allie Beth Allman,Allie Beth Allman,Houston,Houston,TX,77742,23,58,58,17529135,4.9,A,75,Website Lead,Enterprise (200+ agents),2026-09-13T16:02:09Z
CREAM-20260913-00336,Aaron Hernandez,Aaron Hernandez,Aaron,Hernandez,ahernandez@outlook.com,(713) 912-3352,Compass,Compass,Colorado Springs,Colorado Springs,CO,81236,8,16,16,7670892,3.4,A,73,Trade Show,Mid-size (11-50 agents),2026-09-13T21:32:03Z
CREAM-20260913-00337,Matthew Alvarez,Matthew Alvarez,Matthew,Alvarez,matthew.alvarez@cutlerrealestate.com,(407) 472-7920,Cutler Real Estate,Cutler Real Estate,Cincinnati,Cincinnati,OH,45695,1,12,12,3818136,4.2,A,69,Trade Show,Enterprise (200+ agents),2026-09-13T13:44:23Z
CREAM-20260913-00338,Patricia Mitchell,Patricia Mitchell,Patricia,Mitchell,patriciam@gmail.com,(512) 931-7826,HER Realtors,HER Realtors,Cincinnati,Cincinnati,OH,43529,18,52,52,13104951,4.3,A,83,Cold Outreach,Enterprise (200+ agents),2026-09-13T14:59:55Z
CREAM-20260913-00339,Katherine Clark,Katherine Clark,Katherine,Clark,katherineclark@yahoo.com,(614) 589-2293,RE/MAX,RE/MAX,Cincinnati,Cincinnati,OH,45294,2,5,5,1070020,3.1,A,87,MLS Database,Mid-size (11-50 agents),2026-09-13T17:30:26Z
CREAM-20260913-00340,Melissa Reyes,Melissa Reyes,Melissa,Reyes,melissa.reyes@hotmail.com,(805) 291-9426,eXp Realty,eXp Realty,Greensboro,Greensboro,NC,27864,1,3,3,1099529,3.1,A,73,MLS Database,Independent,2026-09-13T13:15:36Z
CREAM-20260913-00341,Christine Lee,Christine Lee,Christine,Lee,christinel@aol.com,(720) 896-2972,RE/MAX,RE/MAX,San Jose,San Jose,CA,91886,3,16,16,15843006,4.9,A,67,Brokerage Listings,Boutique (2-10 agents),2026-09-13T17:29:32Z
CREAM-20260913-00342,Danielle Richardson,Danielle Richardson,Danielle,Richardson,danieller@compass.com,(805) 740-1834,Compass,Compass,Los Angeles,Los Angeles,CA,93714,4,13,13,8773462,4.4,A,98,Referral Network,Mid-size (11-50 agents),2026-09-13T01:05:24Z
CREAM-20260913-00343,Ruth White,Ruth White,Ruth,White,ruthw@douglaselliman.com,(305) 861-5910,Douglas Elliman,Douglas Elliman,Bronx,Bronx,NY,14372,18,53,53,44402121,4.6,A,82,Trade Show,Enterprise (200+ agents),2026-09-13T16:07:35Z
CREAM-20260913-00344,Carl Anderson,Carl Anderson,Carl,Anderson,canderson@berkshirehathawayhomeservices.com,(469) 303-8682,Berkshire Hathaway HomeServices,Berkshire Hathaway HomeServices,Los Angeles,Los Angeles,CA,93205,2,6,6,4968055,4.2,A,95,NAR Directory,Mid-size (11-50 agents),2026-09-13T11:24:52Z
CREAM-20260913-00345,Amanda Cooper,Amanda Cooper,Amanda,Cooper,amandac@berkshirehathaway.com,(415) 467-1154,Berkshire Hathaway,Berkshire Hathaway,Tucson,Tucson,AZ,85360,0,5,5,1476719,4.9,A,94,NAR Directory,Enterprise (200+ agents),2026-09-13T18:54:34Z
CREAM-20260913-00346,Angela Long,Angela Long,Angela,Long,angela_long@icloud.com,(256) 858-8908,Berkshire Hathaway,Berkshire Hathaway,Jacksonville,Jacksonville,FL,33973,1,9,9,4320569,3.2,A,68,MLS Database,Mid-size (11-50 agents),2026-09-13T05:44:40Z
CREAM-20260913-00347,Steven Alvarez,Steven Alvarez,Steven,Alvarez,steven_alvarez@aol.com,(646) 432-2170,Berkshire Hathaway HomeServices,Berkshire Hathaway HomeServices,Los Angeles,Los Angeles,CA,94263,14,76,76,65533421,4.6,A,95,Trade Show,Mid-size (11-50 agents),2026-09-13T22:22:22Z
CREAM-20260913-00348,Richard Ruiz,Richard Ruiz,Richard,Ruiz,richard_ruiz@aol.com,(602) 723-8212,Century 21,Century 21,Orlando,Orlando,FL,33477,3,17,17,6236357,3.1,A,77,LinkedIn,Independent,2026-09-13T14:37:12Z
CREAM-20260913-00349,Debra Rodriguez,Debra Rodriguez,Debra,Rodriguez,debra.rodriguez@kellerwilliams.com,(720) 313-7299,Keller Williams,Keller Williams,Raleigh,Raleigh,NC,28822,7,18,18,6502817,4.2,A,65,Trade Show,Enterprise (200+ agents),2026-09-13T17:39:25Z
CREAM-20260913-00350,Peter King,Peter King,Peter,King,peter_king@outlook.com,(234) 969-1347,Coldwell Banker,Coldwell Banker,Fort Lauderdale,Fort Lauderdale,FL,32255,2,8,8,2447616,3.8,A,88,MLS Database,Enterprise (200+ agents),2026-09-13T07:05:31Z
CREAM-20260913-00351,Joshua Watson,Joshua Watson,Joshua,Watson,joshuaw@berkshirehathaway.com,(972) 417-2808,Berkshire Hathaway,Berkshire Hathaway,El Paso,El Paso,TX,76912,10,73,73,32394183,4.9,A,89,Realtor.com,Enterprise (200+ agents),2026-09-13T00:34:44Z
CREAM-20260913-00352,Paul Thompson,Paul Thompson,Paul,Thompson,paul.thompson@icloud.com,(786) 810-7751,RE/MAX,RE/MAX,Cincinnati,Cincinnati,OH,45946,5,15,15,3843962,4.5,A,93,Realtor.com,Large (51-200 agents),2026-09-13T02:04:21Z
CREAM-20260913-00353,Karen Brooks,Karen Brooks,Karen,Brooks,karen_brooks@icloud.com,(234) 916-4719,eXp Realty,eXp Realty,Miami,Miami,FL,34247,11,36,36,13845967,4.8,A,83,Trade Show,Boutique (2-10 agents),2026-09-13T20:41:05Z
CREAM-20260913-00354,Steven Parker,Steven Parker,Steven,Parker,steven_parker@me.com,(214) 320-6233,eXp Realty,eXp Realty,Colorado Springs,Colorado Springs,CO,80131,5,23,23,9970167,3.5,A,64,Trade Show,Boutique (2-10 agents),2026-09-13T17:01:04Z
CREAM-20260913-00355,Carolyn Jimenez,Carolyn Jimenez,Carolyn,Jimenez,cjimenez@hotmail.com,(713) 245-4966,RE/MAX,RE/MAX,Houston,Houston,TX,78402,21,80,80,25206528,4.9,A,62,LinkedIn,Large (51-200 agents),2026-09-13T20:30:04Z
CREAM-20260913-00356,Judith Rivera,Judith Rivera,Judith,Rivera,judithr@aol.com,(512) 588-3120,Berkshire Hathaway HomeServices,Berkshire Hathaway HomeServices,San Jose,San Jose,CA,95962,25,54,54,43528591,4.1,A,91,Referral Network,Large (51-200 agents),2026-09-13T03:25:36Z
CREAM-20260913-00357,Eric Alvarez,Eric Alvarez,Eric,Alvarez,ealvarez@me.com,(512) 433-1898,RE/MAX,RE/MAX,Denver,Denver,CO,80213,22,43,43,28411204,4.2,A,100,Website Lead,Boutique (2-10 agents),2026-09-13T22:23:00Z
CREAM-20260913-00358,Donald Rivera,Donald Rivera,Donald,Rivera,donaldr@hotmail.com,(614) 252-8372,Russell Lyon Sotheby's,Russell Lyon Sotheby's,Mesa,Mesa,AZ,86628,1,7,7,3113796,3.2,A,81,NAR Directory,Large (51-200 agents),2026-09-13T08:34:40Z
CREAM-20260913-00359,Richard Reed,Richard Reed,Richard,Reed,richardreed@outlook.com,(305) 293-4014,Douglas Elliman,Douglas Elliman,Queens,Queens,NY,13385,24,61,61,36331063,3.7,A,91,NAR Directory,Independent,2026-09-13T13:16:26Z
CREAM-20260913-00360,Laura Flores,Laura Flores,Laura,Flores,lauraflores@gmail.com,(718) 234-9457,Brown Harris Stevens,Brown Harris Stevens,Queens,Queens,NY,13757,21,59,59,33021414,4.8,A,72,MLS Database,Independent,2026-09-13T01:54:06Z
CREAM-20260913-00361,Christopher Collins,Christopher Collins,Christopher,Collins,christopher.collins@outlook.com,(602) 805-4398,eXp Realty,eXp Realty,Colorado Springs,Colorado Springs,CO,80740,10,29,29,17322233,4.5,A,62,Realtor.com,Enterprise (200+ agents),2026-09-13T03:09:41Z
CREAM-20260913-00362,Eric Lewis,Eric Lewis,Eric,Lewis,eric.lewis@icloud.com,(305) 626-5066,Coldwell Banker,Coldwell Banker,Denver,Denver,CO,81371,0,1,1,706596,4.5,A,80,Realtor.com,Boutique (2-10 agents),2026-09-13T17:39:25Z
CREAM-20260913-00363,Julia Myers,Julia Myers,Julia,Myers,jmyers@exprealty.com,(614) 243-1646,eXp Realty,eXp Realty,Denver,Denver,CO,80148,4,12,12,7999442,4.1,A,88,NAR Directory,Mid-size (11-50 agents),2026-09-13T20:07:32Z
CREAM-20260913-00364,Aaron Nguyen,Aaron Nguyen,Aaron,Nguyen,anguyen@gmail.com,(214) 986-5668,eXp Realty,eXp Realty,Aurora,Aurora,CO,80953,3,11,11,5576750,3.4,A,86,Brokerage Listings,Independent,2026-09-13T00:10:36Z
CREAM-20260913-00365,Keith Hughes,Keith Hughes,Keith,Hughes,keith.hughes@me.com,(214) 490-8545,Huntington Real Estate,Huntington Real Estate,Columbus,Columbus,OH,45184,1,5,5,1342204,4.0,A,62,LinkedIn,Boutique (2-10 agents),2026-09-13T08:38:27Z
CREAM-20260913-00366,Eric White,Eric White,Eric,White,eric.white@douglaselliman.com,(214) 608-8803,Douglas Elliman,Douglas Elliman,New York City,New York City,NY,10777,0,1,1,574234,3.7,A,93,Brokerage Listings,Independent,2026-09-13T20:54:12Z
CREAM-20260913-00367,Joseph Robinson,Joseph Robinson,Joseph,Robinson,joseph.robinson@kellerwilliamsrealty.com,(805) 927-5518,Keller Williams Realty,Keller Williams Realty,Fort Lauderdale,Fort Lauderdale,FL,32170,17,45,45,18661295,3.6,A,79,Facebook,Enterprise (200+ agents),2026-09-13T02:03:27Z
CREAM-20260913-00368,Donna Watson,Donna Watson,Donna,Watson,donna_watson@yahoo.com,(407) 798-2891,Keller Williams,Keller Williams,San Antonio,San Antonio,TX,78253,0,4,4,1394049,4.9,A,87,Website Lead,Independent,2026-09-13T07:59:08Z
CREAM-20260913-00369,Jacob Hernandez,Jacob Hernandez,Jacob,Hernandez,jacobh@icloud.com,(513) 669-8928,8z Real Estate,8z Real Estate,Aurora,Aurora,CO,81164,5,23,23,12752974,4.5,A,97,NAR Directory,Independent,2026-09-13T08:25:23Z
CREAM-20260913-00370,Ryan Rogers,Ryan Rogers,Ryan,Rogers,ryan_rogers@me.com,(334) 956-5975,Berkshire Hathaway,Berkshire Hathaway,Tampa,Tampa,FL,33224,18,73,73,33902757,4.5,A,77,NAR Directory,Mid-size (11-50 agents),2026-09-13T11:59:48Z
CREAM-20260913-00371,Heather Miller,Heather Miller,Heather,Miller,heather.miller@hotmail.com,(916) 814-1631,RE/MAX,RE/MAX,Colorado Springs,Colorado Springs,CO,81266,5,20,20,10226180,3.4,A,65,Facebook,Mid-size (11-50 agents),2026-09-13T08:59:05Z
CREAM-20260913-00372,Charles Kelly,Charles Kelly,Charles,Kelly,charleskelly@me.com,(469) 529-4662,Coldwell Banker,Coldwell Banker,Charlotte,Charlotte,NC,27618,20,49,49,20439296,4.8,A,87,NAR Directory,Boutique (2-10 agents),2026-09-13T06:55:34Z
CREAM-20260913-00373,Philip Hernandez,Philip Hernandez,Philip,Hernandez,philiph@gmail.com,(303) 936-3566,RE/MAX,RE/MAX,Colorado Springs,Colorado Springs,CO,80619,2,7,7,4457250,4.7,A,90,Website Lead,Boutique (2-10 agents),2026-09-13T08:12:08Z
CREAM-20260913-00374,Dorothy Anderson,Dorothy Anderson,Dorothy,Anderson,dorothyanderson@icloud.com,(303) 274-2926,eXp Realty,eXp Realty,Long Beach,Long Beach,CA,91709,0,4,4,3650845,3.8,A,99,LinkedIn,Independent,2026-09-13T05:39:50Z
CREAM-20260913-00375,Melissa Chavez,Melissa Chavez,Melissa,Chavez,melissa.chavez@me.com,(919) 634-9689,LIV Sotheby's,LIV Sotheby's,Colorado Springs,Colorado Springs,CO,80187,9,37,37,19710704,3.2,A,69,Realtor.com,Enterprise (200+ agents),2026-09-13T07:46:16Z
CREAM-20260913-00376,Jacqueline Collins,Jacqueline Collins,Jacqueline,Collins,jcollins@hotmail.com,(212) 230-3623,eXp Realty,eXp Realty,Houston,Houston,TX,76380,13,36,36,16161625,3.5,A,71,LinkedIn,Mid-size (11-50 agents),2026-09-13T12:17:11Z
CREAM-20260913-00377,Lawrence Rogers,Lawrence Rogers,Lawrence,Rogers,lawrencer@kellerwilliams.com,(303) 339-7749,Keller Williams,Keller Williams,Aurora,Aurora,CO,81783,5,11,11,7300275,3.9,A,71,Facebook,Mid-size (11-50 agents),2026-09-13T00:42:04Z
CREAM-20260913-00378,Brandon Reyes,Brandon Reyes,Brandon,Reyes,brandonr@outlook.com,(929) 553-3904,Douglas Elliman,Douglas Elliman,St. Petersburg,St. Petersburg,FL,33168,7,25,25,9432744,5.0,A,61,Realtor.com,Independent,2026-09-13T18:48:23Z
CREAM-20260913-00379,Daniel Wright,Daniel Wright,Daniel,Wright,daniel.wright@icloud.com,(404) 528-3420,Sotheby's International,Sotheby's International,San Diego,San Diego,CA,90670,5,22,22,23631602,3.4,A,80,NAR Directory,Large (51-200 agents),2026-09-13T19:20:36Z
CREAM-20260913-00380,Daniel Garcia,Daniel Garcia,Daniel,Garcia,daniel.garcia@me.com,(256) 690-4753,Russell Lyon Sotheby's,Russell Lyon Sotheby's,Mesa,Mesa,AZ,86104,19,42,42,17284914,3.6,A,60,Referral Network,Large (51-200 agents),2026-09-13T14:39:52Z
CREAM-20260913-00381,Brandon Thompson,Brandon Thompson,Brandon,Thompson,bthompson@exprealty.com,(720) 688-1370,eXp Realty,eXp Realty,Colorado Springs,Colorado Springs,CO,81103,5,12,12,5427524,3.8,A,74,Realtor.com,Boutique (2-10 agents),2026-09-13T10:50:45Z
CREAM-20260913-00382,Lisa Perry,Lisa Perry,Lisa,Perry,lisaperry@aol.com,(469) 884-3727,Compass,Compass,Greensboro,Greensboro,NC,28308,5,11,11,4365875,3.5,A,98,Brokerage Listings,Enterprise (200+ agents),2026-09-13T17:58:12Z
CREAM-20260913-00383,Kenneth Sanders,Kenneth Sanders,Kenneth,Sanders,kennethsanders@gmail.com,(614) 455-7288,Coldwell Banker,Coldwell Banker,Raleigh,Raleigh,NC,27857,3,23,23,7019400,4.6,A,87,Brokerage Listings,Enterprise (200+ agents),2026-09-13T01:10:22Z
CREAM-20260913-00384,Jason Powell,Jason Powell,Jason,Powell,jason_powell@aol.com,(916) 477-4510,Berkshire Hathaway HomeServices,Berkshire Hathaway HomeServices,San Francisco,San Francisco,CA,91826,15,29,29,25213951,3.3,A,76,Realtor.com,Enterprise (200+ agents),2026-09-13T22:35:00Z
CREAM-20260913-00385,Rebecca Reed,Rebecca Reed,Rebecca,Reed,rebeccareed@aol.com,(305) 542-7109,Allie Beth Allman,Allie Beth Allman,Fort Worth,Fort Worth,TX,79248,5,13,13,4546428,4.3,A,93,Referral Network,Large (51-200 agents),2026-09-13T07:47:49Z
CREAM-20260913-00386,Anthony White,Anthony White,Anthony,White,anthonywhite@gmail.com,(512) 571-1919,Allen Tate,Allen Tate,Greensboro,Greensboro,NC,27945,2,11,11,3116908,3.1,A,88,Facebook,Mid-size (11-50 agents),2026-09-13T01:51:11Z
CREAM-20260913-00387,Kevin Flores,Kevin Flores,Kevin,Flores,kevinf@aol.com,(916) 836-2937,Keller Williams,Keller Williams,Cincinnati,Cincinnati,OH,44278,9,34,34,9397531,4.8,A,91,Realtor.com,Enterprise (200+ agents),2026-09-13T13:52:34Z
CREAM-20260913-00388,Olivia Castillo,Olivia Castillo,Olivia,Castillo,oliviacastillo@me.com,(614) 732-9218,Corcoran Group,Corcoran Group,Brooklyn,Brooklyn,NY,14251,24,38,38,17698799,4.9,A,69,Brokerage Listings,Enterprise (200+ agents),2026-09-13T13:09:13Z
CREAM-20260913-00389,Alexander Wilson,Alexander Wilson,Alexander,Wilson,awilson@me.com,(256) 638-4930,Halstead,Halstead,Bronx,Bronx,NY,12978,5,20,20,14327656,4.3,A,73,Realtor.com,Enterprise (200+ agents),2026-09-13T14:52:16Z
CREAM-20260913-00390,Anthony Kim,Anthony Kim,Anthony,Kim,anthony.kim@hotmail.com,(305) 279-9208,Sotheby's International,Sotheby's International,Bronx,Bronx,NY,12770,24,58,58,44591843,3.5,A,71,Facebook,Independent,2026-09-13T11:55:24Z
CREAM-20260913-00391,Rachel Wood,Rachel Wood,Rachel,Wood,rachelw@me.com,(305) 341-3823,Douglas Elliman,Douglas Elliman,Tampa,Tampa,FL,33937,4,16,16,6535861,4.4,A,89,Realtor.com,Enterprise (200+ agents),2026-09-13T22:46:15Z
CREAM-20260913-00392,Philip Wright,Philip Wright,Philip,Wright,philip.wright@huntingtonrealestate.com,(415) 853-4233,Huntington Real Estate,Huntington Real Estate,Cincinnati,Cincinnati,OH,44274,1,5,5,1400855,4.3,A,90,NAR Directory,Boutique (2-10 agents),2026-09-13T04:03:28Z
CREAM-20260913-00393,Bruce White,Bruce White,Bruce,White,brucew@douglaselliman.com,(614) 541-5757,Douglas Elliman,Douglas Elliman,Fort Worth,Fort Worth,TX,78657,1,4,4,1047742,4.5,A,82,Referral Network,Boutique (2-10 agents),2026-09-13T03:51:50Z
CREAM-20260913-00394,Benjamin King,Benjamin King,Benjamin,King,benjaminking@yahoo.com,(513) 431-7648,Long Realty,Long Realty,Phoenix,Phoenix,AZ,85890,0,5,5,2551688,4.4,A,73,NAR Directory,Boutique (2-10 agents),2026-09-13T01:44:48Z
CREAM-20260913-00395,Amber Bennett,Amber Bennett,Amber,Bennett,amber_bennett@outlook.com,(469) 647-6422,Compass,Compass,St. Petersburg,St. Petersburg,FL,34971,3,15,15,7056006,3.2,A,64,Cold Outreach,Independent,2026-09-13T21:16:44Z
CREAM-20260913-00396,Stephanie Torres,Stephanie Torres,Stephanie,Torres,storres@outlook.com,(512) 684-5017,eXp Realty,eXp Realty,Cincinnati,Cincinnati,OH,44200,21,37,37,10889984,3.7,A,73,Cold Outreach,Large (51-200 agents),2026-09-13T07:29:42Z
CREAM-20260913-00397,Jerry Roberts,Jerry Roberts,Jerry,Roberts,jerry.roberts@briggsfreemansothebys.com,(718) 873-1589,Briggs Freeman Sotheby's,Briggs Freeman Sotheby's,San Antonio,San Antonio,TX,76414,25,66,66,21360064,3.5,A,81,Facebook,Independent,2026-09-13T10:44:55Z
CREAM-20260913-00398,Jacob Phillips,Jacob Phillips,Jacob,Phillips,jacob.phillips@outlook.com,(929) 311-1590,Coldwell Banker,Coldwell Banker,Fort Lauderdale,Fort Lauderdale,FL,33769,3,15,15,4602480,3.9,A,91,Cold Outreach,Mid-size (11-50 agents),2026-09-13T01:17:07Z
CREAM-20260913-00399,Elizabeth Jimenez,Elizabeth Jimenez,Elizabeth,Jimenez,elizabeth_jimenez@icloud.com,(513) 872-4952,Coldwell Banker,Coldwell Banker,Colorado Springs,Colorado Springs,CO,80163,4,23,23,16310200,3.1,A,71,Trade Show,Enterprise (200+ agents),2026-09-13T13:45:49Z
CREAM-20260913-00400,Eric Clark,Eric Clark,Eric,Clark,eric_clark@outlook.com,(916) 533-6867,Coldwell Banker,Coldwell Banker,Los Angeles,Los Angeles,CA,92229,13,67,67,42577451,3.2,A,63,Cold Outreach,Enterprise (200+ agents),2026-09-13T14:48:21Z
CREAM-20260913-00401,Kathleen Jackson,Kathleen Jackson,Kathleen,Jackson,kathleenjackson@yahoo.com,(310) 792-1214,Sotheby's International,Sotheby's International,Rochester,Rochester,NY,10195,11,26,26,18017661,3.3,B,83,Trade Show,Large (51-200 agents),2026-09-13T18:30:24Z
CREAM-20260913-00402,Mark Wilson,Mark Wilson,Mark,Wilson,mwilson@me.com,(415) 695-1007,HER Realtors,HER Realtors,Parma,Parma,OH,44386,7,25,25,7567463,3.1,B,72,Cold Outreach,Large (51-200 agents),2026-09-13T07:59:52Z
CREAM-20260913-00403,Susan Lopez,Susan Lopez,Susan,Lopez,susan.lopez@icloud.com,(334) 910-6129,Keller Williams,Keller Williams,Corpus Christi,Corpus Christi,TX,79302,23,54,54,24181845,4.0,B,73,Cold Outreach,Boutique (2-10 agents),2026-09-13T02:47:28Z
CREAM-20260913-00404,Benjamin Kim,Benjamin Kim,Benjamin,Kim,benjamink@exprealty.com,(303) 246-5919,eXp Realty,eXp Realty,Pembroke Pines,Pembroke Pines,FL,34405,5,11,11,3508348,4.9,B,96,Trade Show,Enterprise (200+ agents),2026-09-13T00:06:01Z
CREAM-20260913-00405,William Adams,William Adams,William,Adams,williamadams@gmail.com,(704) 923-6899,Compass,Compass,Winston-Salem,Winston-Salem,NC,28915,20,64,64,27694010,3.7,B,76,Cold Outreach,Independent,2026-09-13T06:28:35Z
CREAM-20260913-00406,Diane Myers,Diane Myers,Diane,Myers,dianem@hotmail.com,(212) 260-4690,Brown Harris Stevens,Brown Harris Stevens,Rochester,Rochester,NY,12226,2,6,6,4552755,3.5,B,69,MLS Database,Independent,2026-09-13T22:41:55Z
CREAM-20260913-00407,Elizabeth Russell,Elizabeth Russell,Elizabeth,Russell,erussell@me.com,(713) 475-3016,Berkshire Hathaway,Berkshire Hathaway,Durham,Durham,NC,28929,3,19,19,7997234,4.8,B,72,LinkedIn,Boutique (2-10 agents),2026-09-13T03:33:52Z
CREAM-20260913-00408,Benjamin Baker,Benjamin Baker,Benjamin,Baker,benjamin_baker@aol.com,(415) 766-2871,Coldwell Banker,Coldwell Banker,Dayton,Dayton,OH,45504,17,41,41,9981146,4.4,B,77,MLS Database,Mid-size (11-50 agents),2026-09-13T10:02:18Z
CREAM-20260913-00409,Brittany Wright,Brittany Wright,Brittany,Wright,bwright@me.com,(718) 270-2176,Coldwell Banker,Coldwell Banker,Garland,Garland,TX,77414,21,74,74,29933691,4.0,B,91,Cold Outreach,Independent,2026-09-13T05:31:24Z
CREAM-20260913-00410,Stephanie Ortiz,Stephanie Ortiz,Stephanie,Ortiz,stephanieo@me.com,(646) 781-1995,Coldwell Banker,Coldwell Banker,Garland,Garland,TX,75840,14,45,45,12262041,3.6,B,98,Realtor.com,Boutique (2-10 agents),2026-09-13T17:57:53Z
CREAM-20260913-00411,Rose Collins,Rose Collins,Rose,Collins,rose_collins@outlook.com,(512) 786-9866,eXp Realty,eXp Realty,Anaheim,Anaheim,CA,95575,5,13,13,13695838,3.5,B,78,NAR Directory,Mid-size (11-50 agents),2026-09-13T15:44:50Z
CREAM-20260913-00412,Cynthia Alexander,Cynthia Alexander,Cynthia,Alexander,cynthiaa@herrealtors.com,(513) 957-4924,HER Realtors,HER Realtors,Akron,Akron,OH,44648,0,0,0,0,3.6,B,90,Facebook,Boutique (2-10 agents),2026-09-13T18:54:12Z
CREAM-20260913-00413,Sandra Williams,Sandra Williams,Sandra,Williams,sandra.williams@me.com,(972) 365-3249,RE/MAX,RE/MAX,Chandler,Chandler,AZ,86647,2,7,7,2123880,3.8,B,91,Facebook,Large (51-200 agents),2026-09-13T08:12:39Z
CREAM-20260913-00414,Jacqueline Thompson,Jacqueline Thompson,Jacqueline,Thompson,jacquelinet@exprealty.com,(614) 874-6124,eXp Realty,eXp Realty,Thornton,Thornton,CO,81955,2,8,8,3638017,4.5,B,95,NAR Directory,Large (51-200 agents),2026-09-13T21:07:59Z
CREAM-20260913-00415,Pamela Sanchez,Pamela Sanchez,Pamela,Sanchez,pamela_sanchez@yahoo.com,(513) 657-7811,Keller Williams,Keller Williams,Fort Collins,Fort Collins,CO,81503,5,13,13,8897049,3.4,B,92,Brokerage Listings,Boutique (2-10 agents),2026-09-13T19:01:09Z
CREAM-20260913-00416,Steven Ramos,Steven Ramos,Steven,Ramos,steven_ramos@hotmail.com,(303) 684-2366,Allie Beth Allman,Allie Beth Allman,Irving,Irving,TX,76891,1,3,3,1333580,4.0,B,75,Realtor.com,Mid-size (11-50 agents),2026-09-13T20:13:27Z
CREAM-20260913-00417,Ashley Wilson,Ashley Wilson,Ashley,Wilson,ashleywilson@aol.com,(714) 812-3411,RE/MAX,RE/MAX,Toledo,Toledo,OH,45712,7,40,40,10681782,3.5,B,82,Referral Network,Large (51-200 agents),2026-09-13T01:58:14Z
CREAM-20260913-00418,Roger Rodriguez,Roger Rodriguez,Roger,Rodriguez,rogerr@hotmail.com,(919) 804-3143,Keller Williams,Keller Williams,Corpus Christi,Corpus Christi,TX,79201,0,5,5,2144956,4.1,B,88,Realtor.com,Large (51-200 agents),2026-09-13T00:38:53Z
CREAM-20260913-00419,Kimberly Williams,Kimberly Williams,Kimberly,Williams,kwilliams@yahoo.com,(786) 271-3212,Coldwell Banker,Coldwell Banker,Glendale,Glendale,AZ,86298,0,5,5,1735534,3.8,B,64,Referral Network,Mid-size (11-50 agents),2026-09-13T02:43:06Z
CREAM-20260913-00420,Brian Gray,Brian Gray,Brian,Gray,briang@compass.com,(972) 788-2899,Compass,Compass,Cape Coral,Cape Coral,FL,33755,1,6,6,2279670,3.8,B,63,LinkedIn,Boutique (2-10 agents),2026-09-13T02:20:31Z
CREAM-20260913-00421,Ashley Hughes,Ashley Hughes,Ashley,Hughes,ashleyh@aol.com,(234) 587-1521,Howard Hanna,Howard Hanna,Durham,Durham,NC,27315,24,43,43,14475598,4.2,B,86,Referral Network,Enterprise (200+ agents),2026-09-13T09:03:13Z
CREAM-20260913-00422,Timothy Robinson,Timothy Robinson,Timothy,Robinson,trobinson@hotmail.com,(713) 202-2159,Corcoran Group,Corcoran Group,Syracuse,Syracuse,NY,13687,9,34,34,26680830,3.9,B,78,Website Lead,Large (51-200 agents),2026-09-13T23:46:15Z
CREAM-20260913-00423,Carolyn Turner,Carolyn Turner,Carolyn,Turner,carolynturner@hotmail.com,(614) 317-5611,Allen Tate,Allen Tate,Cary,Cary,NC,28911,0,1,1,365715,3.2,B,90,Cold Outreach,Large (51-200 agents),2026-09-13T13:20:59Z
CREAM-20260913-00424,Keith Rogers,Keith Rogers,Keith,Rogers,keithrogers@yahoo.com,(919) 417-2060,Compass,Compass,Winston-Salem,Winston-Salem,NC,27420,4,9,9,2790228,3.3,B,64,Facebook,Large (51-200 agents),2026-09-13T15:38:49Z
CREAM-20260913-00425,Theresa Ortiz,Theresa Ortiz,Theresa,Ortiz,theresao@gmail.com,(919) 352-3643,Coldwell Banker,Coldwell Banker,Toledo,Toledo,OH,43431,17,42,42,11919248,4.6,B,78,Cold Outreach,Mid-size (11-50 agents),2026-09-13T22:11:36Z
CREAM-20260913-00426,Ashley Green,Ashley Green,Ashley,Green,ashley_green@me.com,(972) 280-5029,RE/MAX,RE/MAX,Amarillo,Amarillo,TX,79904,0,4,4,1014717,3.9,B,71,Trade Show,Large (51-200 agents),2026-09-13T10:39:42Z
CREAM-20260913-00427,Patrick Campbell,Patrick Campbell,Patrick,Campbell,patrick_campbell@aol.com,(212) 279-1477,Berkshire Hathaway,Berkshire Hathaway,Glendale,Glendale,AZ,86363,3,19,19,8651604,3.4,B,95,Website Lead,Independent,2026-09-13T10:03:52Z
CREAM-20260913-00428,Samantha Green,Samantha Green,Samantha,Green,samantha.green@herrealtors.com,(404) 817-9265,HER Realtors,HER Realtors,Dayton,Dayton,OH,44856,1,5,5,1091303,4.4,B,72,Trade Show,Enterprise (200+ agents),2026-09-13T11:36:57Z
CREAM-20260913-00429,Matthew Rodriguez,Matthew Rodriguez,Matthew,Rodriguez,matthewr@icloud.com,(720) 799-4874,8z Real Estate,8z Real Estate,Arvada,Arvada,CO,80441,9,27,27,13007544,3.4,B,62,LinkedIn,Independent,2026-09-13T16:36:27Z
CREAM-20260913-00430,Nicole Alexander,Nicole Alexander,Nicole,Alexander,nicolealexander@me.com,(303) 719-9322,Coldwell Banker,Coldwell Banker,Winston-Salem,Winston-Salem,NC,28738,22,80,80,31316717,4.6,B,96,NAR Directory,Enterprise (200+ agents),2026-09-13T09:14:48Z
CREAM-20260913-00431,David Rivera,David Rivera,David,Rivera,david.rivera@icloud.com,(602) 733-1784,Coldwell Banker,Coldwell Banker,Gilbert,Gilbert,AZ,86768,16,39,39,19014033,3.1,B,71,Referral Network,Enterprise (200+ agents),2026-09-13T20:04:26Z
CREAM-20260913-00432,Heather Green,Heather Green,Heather,Green,heatherg@gmail.com,(602) 685-3641,Howard Hanna,Howard Hanna,Cary,Cary,NC,28893,17,70,70,25683640,4.2,B,72,Referral Network,Mid-size (11-50 agents),2026-09-13T21:51:45Z
CREAM-20260913-00433,Judith Morales,Judith Morales,Judith,Morales,judith_morales@icloud.com,(469) 460-7531,Douglas Elliman,Douglas Elliman,Buffalo,Buffalo,NY,10615,12,44,44,36655480,3.3,B,72,Facebook,Boutique (2-10 agents),2026-09-13T06:25:14Z
CREAM-20260913-00434,Maria Lewis,Maria Lewis,Maria,Lewis,marial@hotmail.com,(214) 575-6665,Keller Williams,Keller Williams,Arvada,Arvada,CO,80943,0,1,1,712776,4.4,B,71,Brokerage Listings,Enterprise (200+ agents),2026-09-13T15:39:35Z
CREAM-20260913-00435,Linda Sullivan,Linda Sullivan,Linda,Sullivan,linda.sullivan@gmail.com,(614) 697-2518,Keller Williams,Keller Williams,Arlington,Arlington,TX,77127,1,6,6,1886337,4.4,B,100,Realtor.com,Large (51-200 agents),2026-09-13T01:33:41Z
CREAM-20260913-00436,Sandra Roberts,Sandra Roberts,Sandra,Roberts,sroberts@kellerwilliams.com,(929) 946-5677,Keller Williams,Keller Williams,Parma,Parma,OH,43500,4,15,15,3522412,3.9,B,100,Facebook,Large (51-200 agents),2026-09-13T22:04:12Z
CREAM-20260913-00437,Rachel Wood,Rachel Wood,Rachel,Wood,rwood@hotmail.com,(303) 749-8873,Keller Williams,Keller Williams,Chandler,Chandler,AZ,86538,13,26,26,10577244,3.6,B,80,Realtor.com,Enterprise (200+ agents),2026-09-13T09:49:26Z
CREAM-20260913-00438,Dennis Kelly,Dennis Kelly,Dennis,Kelly,dennisk@me.com,(718) 969-6056,eXp Realty,eXp Realty,Arlington,Arlington,TX,78159,2,4,4,1188768,3.2,B,74,Realtor.com,Mid-size (11-50 agents),2026-09-13T21:06:41Z
CREAM-20260913-00439,Natalie Williams,Natalie Williams,Natalie,Williams,natalie.williams@aol.com,(919) 345-1373,Compass,Compass,Thornton,Thornton,CO,80962,20,56,56,32514404,4.2,B,80,Facebook,Enterprise (200+ agents),2026-09-13T12:26:54Z
CREAM-20260913-00440,Natalie Martin,Natalie Martin,Natalie,Martin,nataliemartin@me.com,(718) 223-2356,Coldwell Banker,Coldwell Banker,Tempe,Tempe,AZ,86182,2,8,8,3803745,4.6,B,71,Trade Show,Independent,2026-09-13T06:47:18Z
CREAM-20260913-00441,Emma Mitchell,Emma Mitchell,Emma,Mitchell,emitchell@huntingtonrealestate.com,(310) 801-9494,Huntington Real Estate,Huntington Real Estate,Akron,Akron,OH,43864,2,3,3,625804,3.4,B,62,MLS Database,Enterprise (200+ agents),2026-09-13T17:14:34Z
CREAM-20260913-00442,David Ramos,David Ramos,David,Ramos,davidr@coldwellbanker.com,(929) 527-9671,Coldwell Banker,Coldwell Banker,Hialeah,Hialeah,FL,34496,2,9,9,3755762,4.3,B,69,Brokerage Listings,Large (51-200 agents),2026-09-13T14:02:11Z
CREAM-20260913-00443,James Morris,James Morris,James,Morris,james_morris@hotmail.com,(704) 632-1084,Berkshire Hathaway,Berkshire Hathaway,Parma,Parma,OH,43635,4,25,25,5197589,4.4,B,62,Brokerage Listings,Enterprise (200+ agents),2026-09-13T07:42:53Z
CREAM-20260913-00444,Timothy Foster,Timothy Foster,Timothy,Foster,timothy_foster@hotmail.com,(234) 809-8775,RE/MAX,RE/MAX,Bakersfield,Bakersfield,CA,96976,5,24,24,19546466,3.2,B,62,NAR Directory,Enterprise (200+ agents),2026-09-13T10:02:22Z
CREAM-20260913-00445,Mark Edwards,Mark Edwards,Mark,Edwards,mark.edwards@kellerwilliamsrealty.com,(407) 602-7427,Keller Williams Realty,Keller Williams Realty,Santa Ana,Santa Ana,CA,96519,5,23,23,25163339,3.9,B,80,MLS Database,Enterprise (200+ agents),2026-09-13T15:15:46Z
CREAM-20260913-00446,Joshua Bennett,Joshua Bennett,Joshua,Bennett,joshua_bennett@aol.com,(404) 521-1287,eXp Realty,eXp Realty,Hollywood,Hollywood,FL,32614,10,67,67,30036599,4.4,B,97,LinkedIn,Independent,2026-09-13T09:40:01Z
CREAM-20260913-00447,Rose Rivera,Rose Rivera,Rose,Rivera,rrivera@outlook.com,(512) 695-6600,Coldwell Banker,Coldwell Banker,Winston-Salem,Winston-Salem,NC,28813,14,46,46,14135948,4.8,B,62,Referral Network,Enterprise (200+ agents),2026-09-13T03:38:56Z
CREAM-20260913-00448,Kimberly Cook,Kimberly Cook,Kimberly,Cook,kimberly.cook@aol.com,(469) 410-4991,Coldwell Banker,Coldwell Banker,Santa Ana,Santa Ana,CA,93723,3,10,10,8608218,4.7,B,65,Trade Show,Large (51-200 agents),2026-09-13T22:18:19Z
CREAM-20260913-00449,Bruce Torres,Bruce Torres,Bruce,Torres,bruce.torres@russelllyonsothebys.com,(512) 457-4125,Russell Lyon Sotheby's,Russell Lyon Sotheby's,Gilbert,Gilbert,AZ,86223,0,1,1,508297,4.8,B,88,MLS Database,Independent,2026-09-13T05:00:19Z
CREAM-20260913-00450,Stephanie Sanders,Stephanie Sanders,Stephanie,Sanders,stephaniesanders@me.com,(602) 848-7933,Coldwell Banker,Coldwell Banker,Fayetteville,Fayetteville,NC,28406,0,3,3,1059978,3.1,B,86,Facebook,Large (51-200 agents),2026-09-13T04:53:39Z
CREAM-20260913-00451,Jack Powell,Jack Powell,Jack,Powell,jack_powell@aol.com,(602) 478-4188,Berkshire Hathaway,Berkshire Hathaway,Durham,Durham,NC,28482,22,51,51,21502117,3.7,B,78,Cold Outreach,Enterprise (200+ agents),2026-09-13T02:40:38Z
CREAM-20260913-00452,Emily Perez,Emily Perez,Emily,Perez,emilyperez@icloud.com,(720) 896-3841,Coldwell Banker,Coldwell Banker,Gilbert,Gilbert,AZ,85369,5,23,23,10524579,3.2,B,67,LinkedIn,Boutique (2-10 agents),2026-09-13T14:42:46Z
CREAM-20260913-00453,Jonathan Baker,Jonathan Baker,Jonathan,Baker,jonathan.baker@me.com,(646) 576-7054,Douglas Elliman,Douglas Elliman,Syracuse,Syracuse,NY,14496,5,11,11,7685724,4.1,B,72,Referral Network,Mid-size (11-50 agents),2026-09-13T17:47:27Z
CREAM-20260913-00454,Lauren Lee,Lauren Lee,Lauren,Lee,llee@outlook.com,(980) 442-5333,Coldwell Banker,Coldwell Banker,Hialeah,Hialeah,FL,34218,2,9,9,4162120,3.5,B,88,Brokerage Listings,Boutique (2-10 agents),2026-09-13T16:02:41Z
CREAM-20260913-00455,Jennifer Williams,Jennifer Williams,Jennifer,Williams,jennifer_williams@gmail.com,(512) 721-9292,Keller Williams,Keller Williams,Glendale,Glendale,AZ,86347,22,34,34,17276326,4.1,B,95,Realtor.com,Independent,2026-09-13T15:08:40Z
CREAM-20260913-00456,Susan Ramos,Susan Ramos,Susan,Ramos,susanr@hotmail.com,(469) 905-2174,Howard Hanna,Howard Hanna,Durham,Durham,NC,27415,4,11,11,3836926,4.0,B,78,Realtor.com,Independent,2026-09-13T16:18:23Z
CREAM-20260913-00457,Jerry Alexander,Jerry Alexander,Jerry,Alexander,jerrya@hotmail.com,(305) 852-2925,Coldwell Banker,Coldwell Banker,Tempe,Tempe,AZ,86939,16,56,56,16319127,3.0,B,100,Brokerage Listings,Boutique (2-10 agents),2026-09-13T10:03:02Z
CREAM-20260913-00458,Dorothy Howard,Dorothy Howard,Dorothy,Howard,dorothy.howard@outlook.com,(310) 324-6447,Coldwell Banker,Coldwell Banker,Dayton,Dayton,OH,44701,0,5,5,1499431,3.7,B,81,Brokerage Listings,Enterprise (200+ agents),2026-09-13T11:50:02Z
CREAM-20260913-00459,Deborah Russell,Deborah Russell,Deborah,Russell,deborah.russell@hotmail.com,(786) 322-6002,RE/MAX,RE/MAX,Arvada,Arvada,CO,81397,23,25,25,14613596,3.5,B,85,Facebook,Boutique (2-10 agents),2026-09-13T09:37:50Z
CREAM-20260913-00460,Christopher Peterson,Christopher Peterson,Christopher,Peterson,christopher.peterson@icloud.com,(512) 903-2706,RE/MAX,RE/MAX,Winston-Salem,Winston-Salem,NC,27947,19,70,70,27844357,3.9,B,85,Trade Show,Boutique (2-10 agents),2026-09-13T10:13:13Z
CREAM-20260913-00461,John Nguyen,John Nguyen,John,Nguyen,johnn@outlook.com,(234) 478-4569,Berkshire Hathaway,Berkshire Hathaway,Akron,Akron,OH,44649,13,30,30,7203505,3.8,B,94,LinkedIn,Independent,2026-09-13T04:07:46Z
CREAM-20260913-00462,Megan Hughes,Megan Hughes,Megan,Hughes,meganh@coldwellbanker.com,(972) 888-4234,Coldwell Banker,Coldwell Banker,Garland,Garland,TX,79148,19,79,79,24932934,3.6,B,60,Cold Outreach,Large (51-200 agents),2026-09-13T08:52:51Z
CREAM-20260913-00463,Juan Scott,Juan Scott,Juan,Scott,juanscott@outlook.com,(334) 313-7635,eXp Realty,eXp Realty,Garland,Garland,TX,78347,1,11,11,3950340,3.9,B,81,Brokerage Listings,Large (51-200 agents),2026-09-13T18:53:50Z
CREAM-20260913-00464,Jacqueline Jackson,Jacqueline Jackson,Jacqueline,Jackson,jjackson@icloud.com,(214) 872-5961,eXp Realty,eXp Realty,Thornton,Thornton,CO,81866,17,65,65,29518199,3.1,B,69,Cold Outreach,Mid-size (11-50 agents),2026-09-13T13:43:55Z
CREAM-20260913-00465,Jessica Martinez,Jessica Martinez,Jessica,Martinez,jessica_martinez@aol.com,(916) 581-6099,Keller Williams,Keller Williams,Fort Collins,Fort Collins,CO,81319,7,21,21,9492021,3.3,B,99,Brokerage Listings,Mid-size (11-50 agents),2026-09-13T21:58:19Z
CREAM-20260913-00466,Joseph Alexander,Joseph Alexander,Joseph,Alexander,joseph.alexander@douglaselliman.com,(305) 600-8816,Douglas Elliman,Douglas Elliman,Buffalo,Buffalo,NY,12900,1,4,4,2269987,4.8,B,94,NAR Directory,Mid-size (11-50 agents),2026-09-13T02:31:30Z
CREAM-20260913-00467,Jack Lopez,Jack Lopez,Jack,Lopez,jackl@compass.com,(303) 415-9679,Compass,Compass,Winston-Salem,Winston-Salem,NC,27117,16,29,29,8160192,4.6,B,62,Facebook,Large (51-200 agents),2026-09-13T17:28:54Z
CREAM-20260913-00468,Samantha Gray,Samantha Gray,Samantha,Gray,samanthagray@outlook.com,(513) 656-8145,eXp Realty,eXp Realty,Hollywood,Hollywood,FL,33808,10,49,49,22893255,4.2,B,74,LinkedIn,Mid-size (11-50 agents),2026-09-13T20:33:29Z
CREAM-20260913-00469,Linda Robinson,Linda Robinson,Linda,Robinson,linda.robinson@me.com,(614) 264-8016,Coldwell Banker,Coldwell Banker,Garland,Garland,TX,77999,4,13,13,3512713,3.4,B,71,Brokerage Listings,Mid-size (11-50 agents),2026-09-13T12:28:49Z
CREAM-20260913-00470,Eric Richardson,Eric Richardson,Eric,Richardson,eric_richardson@yahoo.com,(214) 895-5610,Pacific Sotheby's,Pacific Sotheby's,Riverside,Riverside,CA,91864,5,19,19,14695236,4.3,B,94,Trade Show,Boutique (2-10 agents),2026-09-13T12:39:23Z
CREAM-20260913-00471,Amanda Miller,Amanda Miller,Amanda,Miller,amiller@yahoo.com,(980) 501-6520,Sotheby's International,Sotheby's International,Albany,Albany,NY,12108,12,55,55,27365795,4.3,B,72,LinkedIn,Boutique (2-10 agents),2026-09-13T15:05:00Z
CREAM-20260913-00472,Joshua Lopez,Joshua Lopez,Joshua,Lopez,joshualopez@icloud.com,(512) 862-4968,Coldwell Banker,Coldwell Banker,Port St. Lucie,Port St. Lucie,FL,33904,15,65,65,30064094,5.0,B,95,Facebook,Large (51-200 agents),2026-09-13T00:40:39Z
CREAM-20260913-00473,Elizabeth Alvarez,Elizabeth Alvarez,Elizabeth,Alvarez,ealvarez@me.com,(469) 629-3713,Nest Seekers,Nest Seekers,New Rochelle,New Rochelle,NY,13457,15,28,28,19911249,3.2,B,68,Website Lead,Enterprise (200+ agents),2026-09-13T06:49:44Z
CREAM-20260913-00474,Brenda Morris,Brenda Morris,Brenda,Morris,bmorris@outlook.com,(919) 895-6364,Sotheby's International,Sotheby's International,Riverside,Riverside,CA,95776,6,25,25,26872345,4.4,B,96,Trade Show,Large (51-200 agents),2026-09-13T04:49:18Z
CREAM-20260913-00475,Sandra Bailey,Sandra Bailey,Sandra,Bailey,sandra.bailey@me.com,(916) 631-2368,Compass,Compass,Durham,Durham,NC,27681,4,20,20,7372191,3.5,B,81,MLS Database,Independent,2026-09-13T14:47:33Z
CREAM-20260913-00476,Kenneth Thompson,Kenneth Thompson,Kenneth,Thompson,kenneththompson@icloud.com,(305) 636-3473,RE/MAX,RE/MAX,Akron,Akron,OH,45664,9,36,36,11346991,3.0,B,62,Website Lead,Enterprise (200+ agents),2026-09-13T05:55:19Z
CREAM-20260913-00477,Bruce Miller,Bruce Miller,Bruce,Miller,bmiller@me.com,(310) 568-1128,eXp Realty,eXp Realty,Lubbock,Lubbock,TX,75111,24,37,37,10157150,3.6,B,87,Cold Outreach,Mid-size (11-50 agents),2026-09-13T04:10:27Z
CREAM-20260913-00478,Wayne Reed,Wayne Reed,Wayne,Reed,wayner@hotmail.com,(714) 680-9682,Berkshire Hathaway,Berkshire Hathaway,Parma,Parma,OH,43298,4,24,24,4819590,4.8,B,70,Cold Outreach,Boutique (2-10 agents),2026-09-13T03:13:02Z
CREAM-20260913-00479,Kimberly Sullivan,Kimberly Sullivan,Kimberly,Sullivan,kimberlys@hotmail.com,(714) 323-8541,eXp Realty,eXp Realty,Arvada,Arvada,CO,80737,2,5,5,2177564,4.3,B,73,Trade Show,Large (51-200 agents),2026-09-13T19:28:41Z
CREAM-20260913-00480,Jack Turner,Jack Turner,Jack,Turner,jackturner@yahoo.com,(513) 796-5385,eXp Realty,eXp Realty,Chandler,Chandler,AZ,86390,20,80,80,41465725,4.3,B,70,MLS Database,Independent,2026-09-13T11:52:29Z
CREAM-20260913-00481,Ronald Nelson,Ronald Nelson,Ronald,Nelson,ronald_nelson@hotmail.com,(415) 903-1229,Berkshire Hathaway,Berkshire Hathaway,Chandler,Chandler,AZ,85479,1,3,3,991610,4.1,B,77,Facebook,Boutique (2-10 agents),2026-09-13T08:02:24Z
CREAM-20260913-00482,Steven Kim,Steven Kim,Steven,Kim,stevenkim@aol.com,(602) 781-5648,RE/MAX,RE/MAX,Lakewood,Lakewood,CO,81540,1,4,4,2702446,3.8,B,93,NAR Directory,Enterprise (200+ agents),2026-09-13T00:53:59Z
CREAM-20260913-00483,Jacob White,Jacob White,Jacob,White,jacobw@yahoo.com,(407) 794-3016,eXp Realty,eXp Realty,Akron,Akron,OH,44898,5,14,14,3312548,3.3,B,100,Realtor.com,Large (51-200 agents),2026-09-13T22:58:25Z
CREAM-20260913-00484,Maria Price,Maria Price,Maria,Price,mariap@pacificsothebys.com,(916) 408-7586,Pacific Sotheby's,Pacific Sotheby's,Fresno,Fresno,CA,92647,4,25,25,26381275,4.6,B,73,NAR Directory,Large (51-200 agents),2026-09-13T07:10:28Z
CREAM-20260913-00485,Heather Flores,Heather Flores,Heather,Flores,heather.flores@berkshirehathaway.com,(646) 364-7827,Berkshire Hathaway,Berkshire Hathaway,Hialeah,Hialeah,FL,33901,0,0,0,0,4.7,B,100,LinkedIn,Enterprise (200+ agents),2026-09-13T22:30:36Z
CREAM-20260913-00486,Joseph Coleman,Joseph Coleman,Joseph,Coleman,jcoleman@coldwellbanker.com,(980) 589-5934,Coldwell Banker,Coldwell Banker,Toledo,Toledo,OH,43335,4,13,13,3512161,3.3,B,92,MLS Database,Large (51-200 agents),2026-09-13T23:16:13Z
CREAM-20260913-00487,Dorothy Lewis,Dorothy Lewis,Dorothy,Lewis,dorothy.lewis@icloud.com,(972) 512-8024,Berkshire Hathaway,Berkshire Hathaway,Lubbock,Lubbock,TX,77768,5,14,14,3849065,4.0,B,73,Website Lead,Independent,2026-09-13T06:21:29Z
CREAM-20260913-00488,Margaret Jimenez,Margaret Jimenez,Margaret,Jimenez,margaret.jimenez@me.com,(212) 740-9313,Coldwell Banker,Coldwell Banker,Akron,Akron,OH,44633,5,13,13,3399303,4.0,B,92,Facebook,Large (51-200 agents),2026-09-13T15:31:31Z
CREAM-20260913-00489,Kevin Green,Kevin Green,Kevin,Green,kevin.green@gmail.com,(512) 523-5822,eXp Realty,eXp Realty,Fayetteville,Fayetteville,NC,27196,8,28,28,8606327,4.3,B,81,Website Lead,Independent,2026-09-13T19:45:54Z
CREAM-20260913-00490,Martha Watson,Martha Watson,Martha,Watson,marthaw@gmail.com,(407) 842-2024,Keller Williams,Keller Williams,Durham,Durham,NC,27752,0,1,1,384178,3.6,B,76,NAR Directory,Mid-size (11-50 agents),2026-09-13T15:36:31Z
CREAM-20260913-00491,Stephanie Richardson,Stephanie Richardson,Stephanie,Richardson,stephanierichardson@yahoo.com,(334) 804-1497,Keller Williams,Keller Williams,Yonkers,Yonkers,NY,11150,24,79,79,54728052,3.3,B,68,Referral Network,Mid-size (11-50 agents),2026-09-13T12:44:20Z
CREAM-20260913-00492,Stephanie Turner,Stephanie Turner,Stephanie,Turner,stephaniet@hotmail.com,(916) 891-7303,eXp Realty,eXp Realty,Fresno,Fresno,CA,90158,25,71,71,48571328,3.8,B,68,Realtor.com,Mid-size (11-50 agents),2026-09-13T13:10:47Z
CREAM-20260913-00493,Lawrence Murphy,Lawrence Murphy,Lawrence,Murphy,lawrencemurphy@icloud.com,(929) 273-3470,Berkshire Hathaway,Berkshire Hathaway,Garland,Garland,TX,78661,15,30,30,7757055,4.0,B,80,Brokerage Listings,Enterprise (200+ agents),2026-09-13T11:05:22Z
CREAM-20260913-00494,Grace Jenkins,Grace Jenkins,Grace,Jenkins,gracej@yahoo.com,(512) 810-8222,Keller Williams Realty,Keller Williams Realty,Anaheim,Anaheim,CA,95239,11,36,36,25715388,4.0,B,96,Facebook,Mid-size (11-50 agents),2026-09-13T22:41:44Z
CREAM-20260913-00495,Margaret Powell,Margaret Powell,Margaret,Powell,margaretp@re/max.com,(646) 565-9283,RE/MAX,RE/MAX,Toledo,Toledo,OH,45101,2,10,10,2195088,3.6,B,95,MLS Database,Large (51-200 agents),2026-09-13T10:32:23Z
CREAM-20260913-00496,Alan Wood,Alan Wood,Alan,Wood,alanw@herrealtors.com,(646) 473-4399,HER Realtors,HER Realtors,Parma,Parma,OH,43514,22,40,40,10447002,4.7,B,82,Brokerage Listings,Mid-size (11-50 agents),2026-09-13T04:33:06Z
CREAM-20260913-00497,Carol Sanchez,Carol Sanchez,Carol,Sanchez,carol.sanchez@me.com,(334) 818-8602,RE/MAX,RE/MAX,Thornton,Thornton,CO,81198,3,9,9,3650650,4.1,B,97,Cold Outreach,Independent,2026-09-13T17:19:14Z
CREAM-20260913-00498,Brenda Chavez,Brenda Chavez,Brenda,Chavez,brenda_chavez@yahoo.com,(214) 288-1457,Keller Williams,Keller Williams,Buffalo,Buffalo,NY,12315,3,21,21,17454553,3.2,B,74,Realtor.com,Mid-size (11-50 agents),2026-09-13T23:47:18Z
CREAM-20260913-00499,James Young,James Young,James,Young,jamesy@gmail.com,(256) 332-3864,Huntington Real Estate,Huntington Real Estate,Parma,Parma,OH,43498,12,74,74,15969431,4.2,B,71,Cold Outreach,Enterprise (200+ agents),2026-09-13T05:39:25Z
CREAM-20260913-00500,Samuel Nguyen,Samuel Nguyen,Samuel,Nguyen,snguyen@berkshirehathaway.com,(805) 313-5477,Berkshire Hathaway,Berkshire Hathaway,Fort Collins,Fort Collins,CO,81994,16,79,79,48406425,4.8,B,90,MLS Database,Mid-size (11-50 agents),2026-09-13T07:54:31Z
CREAM-20260913-00501,Heather Martin,Heather Martin,Heather,Martin,hmartin@aol.com,(614) 315-6133,Berkshire Hathaway,Berkshire Hathaway,Durham,Durham,NC,27412,18,29,29,9189113,4.4,B,72,Referral Network,Enterprise (200+ agents),2026-09-13T17:21:18Z
CREAM-20260913-00502,Brittany Young,Brittany Young,Brittany,Young,brittanyy@sothebysinternational.com,(704) 515-7605,Sotheby's International,Sotheby's International,Syracuse,Syracuse,NY,13837,7,39,39,26308719,4.8,B,60,MLS Database,Independent,2026-09-13T03:04:26Z
CREAM-20260913-00503,Karen Thompson,Karen Thompson,Karen,Thompson,kthompson@yahoo.com,(916) 217-9048,eXp Realty,eXp Realty,Port St. Lucie,Port St. Lucie,FL,34774,24,62,62,26515340,4.2,B,82,Website Lead,Independent,2026-09-13T08:29:17Z
CREAM-20260913-00504,Kenneth Cruz,Kenneth Cruz,Kenneth,Cruz,kennethc@gmail.com,(212) 608-5260,Coldwell Banker,Coldwell Banker,Corpus Christi,Corpus Christi,TX,79580,17,34,34,13954466,4.2,B,73,Referral Network,Enterprise (200+ agents),2026-09-13T23:31:09Z
CREAM-20260913-00505,Jeffrey Lee,Jeffrey Lee,Jeffrey,Lee,jlee@hotmail.com,(704) 590-9100,Keller Williams,Keller Williams,Chandler,Chandler,AZ,86280,2,6,6,2392259,4.6,B,97,Trade Show,Independent,2026-09-13T09:08:01Z
CREAM-20260913-00506,Eric Taylor,Eric Taylor,Eric,Taylor,eric_taylor@hotmail.com,(415) 242-4110,Keller Williams,Keller Williams,Toledo,Toledo,OH,45428,14,73,73,22411246,4.7,B,90,Brokerage Listings,Enterprise (200+ agents),2026-09-13T01:18:27Z
CREAM-20260913-00507,Jennifer Perry,Jennifer Perry,Jennifer,Perry,jperry@gmail.com,(512) 986-6442,RE/MAX,RE/MAX,Dayton,Dayton,OH,45501,10,42,42,10784007,4.7,B,85,Realtor.com,Boutique (2-10 agents),2026-09-13T03:15:22Z
CREAM-20260913-00508,Carol Diaz,Carol Diaz,Carol,Diaz,carol_diaz@yahoo.com,(718) 923-9781,Berkshire Hathaway,Berkshire Hathaway,Port St. Lucie,Port St. Lucie,FL,33150,2,8,8,2733092,3.8,B,89,Brokerage Listings,Mid-size (11-50 agents),2026-09-13T13:35:28Z
CREAM-20260913-00509,Andrew Morgan,Andrew Morgan,Andrew,Morgan,andrew_morgan@yahoo.com,(256) 243-4133,Keller Williams,Keller Williams,Syracuse,Syracuse,NY,10162,5,10,10,4621419,3.2,B,64,NAR Directory,Mid-size (11-50 agents),2026-09-13T00:02:36Z
CREAM-20260913-00510,Emma Davis,Emma Davis,Emma,Davis,emmad@aol.com,(305) 403-6419,Berkshire Hathaway,Berkshire Hathaway,Lakewood,Lakewood,CO,81754,0,1,1,624814,3.1,B,74,Realtor.com,Independent,2026-09-13T06:04:42Z
CREAM-20260913-00511,Charles Gonzalez,Charles Gonzalez,Charles,Gonzalez,charlesgonzalez@aol.com,(469) 216-8712,Keller Williams Realty,Keller Williams Realty,Cape Coral,Cape Coral,FL,33736,5,14,14,6330887,4.8,B,65,Referral Network,Enterprise (200+ agents),2026-09-13T16:01:15Z
CREAM-20260913-00512,Jacob Moore,Jacob Moore,Jacob,Moore,jacobm@aol.com,(805) 483-2127,Berkshire Hathaway,Berkshire Hathaway,Tallahassee,Tallahassee,FL,34102,2,12,12,4248324,4.0,B,77,Referral Network,Large (51-200 agents),2026-09-13T03:55:42Z
CREAM-20260913-00513,Jacob Thompson,Jacob Thompson,Jacob,Thompson,jacob_thompson@outlook.com,(305) 408-9012,eXp Realty,eXp Realty,Glendale,Glendale,AZ,85236,16,36,36,10701272,3.9,B,91,LinkedIn,Large (51-200 agents),2026-09-13T15:06:34Z
CREAM-20260913-00514,Anna Robinson,Anna Robinson,Anna,Robinson,annar@hotmail.com,(704) 302-8467,Berkshire Hathaway HomeServices,Berkshire Hathaway HomeServices,Bakersfield,Bakersfield,CA,95426,1,11,11,9109099,4.4,B,80,Trade Show,Large (51-200 agents),2026-09-13T19:47:24Z
CREAM-20260913-00515,Catherine Robinson,Catherine Robinson,Catherine,Robinson,crobinson@yahoo.com,(256) 498-7239,Compass,Compass,Arvada,Arvada,CO,80499,21,27,27,17894498,4.3,B,80,LinkedIn,Large (51-200 agents),2026-09-13T08:13:33Z
CREAM-20260913-00516,Jack Stewart,Jack Stewart,Jack,Stewart,jack.stewart@alliebethallman.com,(469) 358-7195,Allie Beth Allman,Allie Beth Allman,Corpus Christi,Corpus Christi,TX,78703,0,0,0,0,3.4,B,72,Cold Outreach,Large (51-200 agents),2026-09-13T00:23:41Z
CREAM-20260913-00517,Kathleen Diaz,Kathleen Diaz,Kathleen,Diaz,kdiaz@douglaselliman.com,(718) 602-8319,Douglas Elliman,Douglas Elliman,Syracuse,Syracuse,NY,10703,4,21,21,12170556,4.2,B,81,Trade Show,Mid-size (11-50 agents),2026-09-13T02:59:25Z
CREAM-20260913-00518,Juan Perez,Juan Perez,Juan,Perez,juan.perez@icloud.com,(512) 690-6765,RE/MAX,RE/MAX,Gilbert,Gilbert,AZ,86546,12,77,77,22627955,3.6,B,70,MLS Database,Enterprise (200+ agents),2026-09-13T18:12:10Z
CREAM-20260913-00519,Christine Roberts,Christine Roberts,Christine,Roberts,christine.roberts@kellerwilliams.com,(469) 490-2467,Keller Williams,Keller Williams,Winston-Salem,Winston-Salem,NC,28627,1,7,7,2304790,4.6,B,60,NAR Directory,Enterprise (200+ agents),2026-09-13T05:01:30Z
CREAM-20260913-00520,Janet Morris,Janet Morris,Janet,Morris,janetm@sothebysinternational.com,(713) 623-8014,Sotheby's International,Sotheby's International,Bakersfield,Bakersfield,CA,94498,17,35,35,25099111,4.2,B,78,Facebook,Mid-size (11-50 agents),2026-09-13T00:58:13Z
CREAM-20260913-00521,Amy Cox,Amy Cox,Amy,Cox,amy.cox@outlook.com,(714) 401-2775,Compass,Compass,Hollywood,Hollywood,FL,33602,19,31,31,9876595,3.0,B,95,Brokerage Listings,Large (51-200 agents),2026-09-13T15:02:46Z
CREAM-20260913-00522,Amy Morales,Amy Morales,Amy,Morales,amymorales@hotmail.com,(234) 778-2400,Sotheby's International,Sotheby's International,New Rochelle,New Rochelle,NY,13798,5,16,16,8670423,3.2,B,83,Facebook,Large (51-200 agents),2026-09-13T01:13:07Z
CREAM-20260913-00523,Lauren Morales,Lauren Morales,Lauren,Morales,lauren.morales@me.com,(704) 538-9910,Compass,Compass,Bakersfield,Bakersfield,CA,96833,4,14,14,14495611,3.9,B,98,Facebook,Boutique (2-10 agents),2026-09-13T06:44:46Z
CREAM-20260913-00524,Steven Alexander,Steven Alexander,Steven,Alexander,salexander@outlook.com,(334) 673-9064,Halstead,Halstead,Buffalo,Buffalo,NY,11965,1,7,7,5412996,4.8,B,79,Trade Show,Enterprise (200+ agents),2026-09-13T11:11:41Z
CREAM-20260913-00525,Melissa Miller,Melissa Miller,Melissa,Miller,mmiller@compass.com,(256) 716-7908,Compass,Compass,Santa Ana,Santa Ana,CA,90675,9,27,27,29829314,4.7,B,70,Brokerage Listings,Boutique (2-10 agents),2026-09-13T14:58:23Z
CREAM-20260913-00526,Richard Chavez,Richard Chavez,Richard,Chavez,richardc@outlook.com,(303) 748-3208,Keller Williams,Keller Williams,Glendale,Glendale,AZ,86176,3,16,16,7667102,3.4,B,79,MLS Database,Boutique (2-10 agents),2026-09-13T19:44:12Z
CREAM-20260913-00527,Judith Edwards,Judith Edwards,Judith,Edwards,judithe@kellerwilliamsrealty.com,(512) 905-2296,Keller Williams Realty,Keller Williams Realty,Port St. Lucie,Port St. Lucie,FL,32888,1,5,5,2491798,4.1,B,97,Trade Show,Boutique (2-10 agents),2026-09-13T19:52:44Z
CREAM-20260913-00528,Rebecca Morales,Rebecca Morales,Rebecca,Morales,rmorales@exprealty.com,(714) 641-9477,eXp Realty,eXp Realty,Port St. Lucie,Port St. Lucie,FL,34172,20,49,49,22765910,3.4,B,92,NAR Directory,Independent,2026-09-13T04:25:30Z
CREAM-20260913-00529,Peter Hill,Peter Hill,Peter,Hill,peter.hill@outlook.com,(786) 522-5244,RE/MAX,RE/MAX,Tallahassee,Tallahassee,FL,33147,1,9,9,4273923,4.5,B,99,Referral Network,Enterprise (200+ agents),2026-09-13T02:37:20Z
CREAM-20260913-00530,Charles Perry,Charles Perry,Charles,Perry,charles.perry@aol.com,(234) 354-4968,Douglas Elliman,Douglas Elliman,Garland,Garland,TX,76794,1,9,9,3555354,4.4,B,61,Referral Network,Boutique (2-10 agents),2026-09-13T15:51:45Z
CREAM-20260913-00531,Sandra Torres,Sandra Torres,Sandra,Torres,sandrat@gmail.com,(305) 712-4688,Long Realty,Long Realty,Tempe,Tempe,AZ,85628,0,1,1,307773,4.0,B,91,MLS Database,Large (51-200 agents),2026-09-13T02:05:49Z
CREAM-20260913-00532,Charles Edwards,Charles Edwards,Charles,Edwards,charlese@gmail.com,(305) 802-5795,eXp Realty,eXp Realty,Port St. Lucie,Port St. Lucie,FL,32206,22,33,33,15313848,4.9,B,82,Referral Network,Mid-size (11-50 agents),2026-09-13T05:30:46Z
CREAM-20260913-00533,Linda Jackson,Linda Jackson,Linda,Jackson,ljackson@icloud.com,(212) 509-9616,RE/MAX,RE/MAX,Tempe,Tempe,AZ,85792,13,63,63,28248133,4.7,B,84,Trade Show,Boutique (2-10 agents),2026-09-13T11:05:47Z
CREAM-20260913-00534,Sarah King,Sarah King,Sarah,King,sarah_king@icloud.com,(713) 683-8274,Sotheby's International,Sotheby's International,Bakersfield,Bakersfield,CA,95968,1,11,11,7103135,4.2,B,97,Facebook,Large (51-200 agents),2026-09-13T13:13:05Z
CREAM-20260913-00535,Timothy Anderson,Timothy Anderson,Timothy,Anderson,timothyanderson@icloud.com,(404) 313-6422,eXp Realty,eXp Realty,Tempe,Tempe,AZ,85334,2,11,11,4171167,3.2,B,79,MLS Database,Independent,2026-09-13T09:24:19Z
CREAM-20260913-00536,Robert Carter,Robert Carter,Robert,Carter,robert_carter@aol.com,(305) 383-3927,Berkshire Hathaway,Berkshire Hathaway,Gilbert,Gilbert,AZ,85437,2,4,4,1710779,4.0,B,84,MLS Database,Enterprise (200+ agents),2026-09-13T16:41:45Z
CREAM-20260913-00537,Paul Adams,Paul Adams,Paul,Adams,paula@gmail.com,(214) 241-6121,RE/MAX,RE/MAX,Pembroke Pines,Pembroke Pines,FL,32919,2,4,4,1870116,3.6,B,97,Referral Network,Enterprise (200+ agents),2026-09-13T19:21:26Z
CREAM-20260913-00538,Benjamin Cooper,Benjamin Cooper,Benjamin,Cooper,benjaminc@exprealty.com,(305) 567-6563,eXp Realty,eXp Realty,Fort Collins,Fort Collins,CO,81102,9,21,21,11539040,4.0,B,100,Brokerage Listings,Boutique (2-10 agents),2026-09-13T19:21:26Z
CREAM-20260913-00539,Olivia Sullivan,Olivia Sullivan,Olivia,Sullivan,olivias@hotmail.com,(805) 588-1943,Douglas Elliman,Douglas Elliman,New Rochelle,New Rochelle,NY,13116,23,59,59,45005069,4.3,B,74,NAR Directory,Independent,2026-09-13T03:28:46Z
CREAM-20260913-00540,William Stewart,William Stewart,William,Stewart,william.stewart@icloud.com,(310) 750-1721,Century 21,Century 21,Hollywood,Hollywood,FL,32449,1,12,12,5935982,4.9,B,61,Trade Show,Boutique (2-10 agents),2026-09-13T05:02:48Z
CREAM-20260913-00541,Keith Kelly,Keith Kelly,Keith,Kelly,keithk@outlook.com,(980) 349-3407,Keller Williams,Keller Williams,Chandler,Chandler,AZ,86283,6,25,25,8319925,4.0,B,82,Brokerage Listings,Enterprise (200+ agents),2026-09-13T22:55:10Z
CREAM-20260913-00542,John Perry,John Perry,John,Perry,johnp@douglaselliman.com,(404) 521-4027,Douglas Elliman,Douglas Elliman,Irving,Irving,TX,78108,7,17,17,5514025,4.4,B,71,Trade Show,Boutique (2-10 agents),2026-09-13T09:08:19Z
CREAM-20260913-00543,Aaron Cruz,Aaron Cruz,Aaron,Cruz,aaron.cruz@icloud.com,(404) 657-8190,Keller Williams,Keller Williams,Glendale,Glendale,AZ,86301,3,24,24,10982243,4.8,B,64,Cold Outreach,Large (51-200 agents),2026-09-13T06:26:34Z
CREAM-20260913-00544,Melissa Richardson,Melissa Richardson,Melissa,Richardson,mrichardson@me.com,(916) 390-5141,Douglas Elliman,Douglas Elliman,Corpus Christi,Corpus Christi,TX,77321,0,2,2,551308,4.1,B,65,LinkedIn,Large (51-200 agents),2026-09-13T09:27:57Z
CREAM-20260913-00545,Kimberly Young,Kimberly Young,Kimberly,Young,kyoung@coldwellbanker.com,(704) 324-1147,Coldwell Banker,Coldwell Banker,Fayetteville,Fayetteville,NC,27166,8,31,31,10895142,4.8,B,63,Cold Outreach,Independent,2026-09-13T18:42:00Z
CREAM-20260913-00546,Louis Ruiz,Louis Ruiz,Louis,Ruiz,lruiz@berkshirehathaway.com,(714) 866-2235,Berkshire Hathaway,Berkshire Hathaway,Glendale,Glendale,AZ,86128,2,10,10,4738589,4.6,B,87,Cold Outreach,Independent,2026-09-13T23:31:05Z
CREAM-20260913-00547,Stephanie Cruz,Stephanie Cruz,Stephanie,Cruz,stephanie.cruz@exprealty.com,(720) 586-3420,eXp Realty,eXp Realty,Tempe,Tempe,AZ,85675,5,13,13,6551541,4.6,B,89,Realtor.com,Mid-size (11-50 agents),2026-09-13T18:41:55Z
CREAM-20260913-00548,Brian Myers,Brian Myers,Brian,Myers,brianm@exprealty.com,(980) 713-9949,eXp Realty,eXp Realty,Winston-Salem,Winston-Salem,NC,28588,12,65,65,22887500,3.8,B,66,MLS Database,Mid-size (11-50 agents),2026-09-13T12:44:50Z
CREAM-20260913-00549,Brittany Thompson,Brittany Thompson,Brittany,Thompson,bthompson@outlook.com,(614) 496-2502,Compass,Compass,Fresno,Fresno,CA,93182,8,33,33,32775627,3.2,B,79,Cold Outreach,Large (51-200 agents),2026-09-13T12:32:11Z
CREAM-20260913-00550,Dorothy Alvarez,Dorothy Alvarez,Dorothy,Alvarez,dorothy_alvarez@hotmail.com,(305) 724-5368,Keller Williams Realty,Keller Williams Realty,Stockton,Stockton,CA,95828,8,32,32,30300952,3.2,B,60,MLS Database,Enterprise (200+ agents),2026-09-13T23:11:49Z
CREAM-20260913-00551,Rebecca Thompson,Rebecca Thompson,Rebecca,Thompson,rebecca.thompson@gmail.com,(704) 378-8817,Long Realty,Long Realty,Chandler,Chandler,AZ,86552,3,20,20,9062215,4.7,B,60,Trade Show,Mid-size (11-50 agents),2026-09-13T07:26:04Z
CREAM-20260913-00552,Amy Gonzalez,Amy Gonzalez,Amy,Gonzalez,amyg@outlook.com,(214) 355-9957,RE/MAX,RE/MAX,Lubbock,Lubbock,TX,79959,1,4,4,1194535,4.6,B,79,Brokerage Listings,Enterprise (200+ agents),2026-09-13T08:29:49Z
CREAM-20260913-00553,Natalie Murphy,Natalie Murphy,Natalie,Murphy,nmurphy@alliebethallman.com,(214) 727-3273,Allie Beth Allman,Allie Beth Allman,Garland,Garland,TX,78489,5,8,8,1969285,3.2,B,62,Trade Show,Mid-size (11-50 agents),2026-09-13T16:19:31Z
CREAM-20260913-00554,Jeffrey Diaz,Jeffrey Diaz,Jeffrey,Diaz,jeffreydiaz@icloud.com,(512) 627-5767,eXp Realty,eXp Realty,Thornton,Thornton,CO,81236,11,63,63,43572179,4.5,B,69,Cold Outreach,Independent,2026-09-13T17:57:11Z
CREAM-20260913-00555,Philip Gonzalez,Philip Gonzalez,Philip,Gonzalez,philip_gonzalez@yahoo.com,(646) 915-5961,Brown Harris Stevens,Brown Harris Stevens,New Rochelle,New Rochelle,NY,10421,20,75,75,62185414,3.6,B,73,Brokerage Listings,Enterprise (200+ agents),2026-09-13T03:37:21Z
CREAM-20260913-00556,Debra Morales,Debra Morales,Debra,Morales,debra.morales@me.com,(646) 699-7287,Berkshire Hathaway,Berkshire Hathaway,Tallahassee,Tallahassee,FL,33816,14,36,36,16941023,3.2,B,78,Trade Show,Large (51-200 agents),2026-09-13T14:36:02Z
CREAM-20260913-00557,Amber Ortiz,Amber Ortiz,Amber,Ortiz,amberortiz@outlook.com,(718) 781-4589,Compass,Compass,Winston-Salem,Winston-Salem,NC,28275,8,15,15,6525303,3.0,B,67,Website Lead,Enterprise (200+ agents),2026-09-13T05:12:28Z
CREAM-20260913-00558,Charles Sullivan,Charles Sullivan,Charles,Sullivan,charles.sullivan@hotmail.com,(214) 885-9509,Howard Hanna,Howard Hanna,Cary,Cary,NC,28818,5,24,24,6962985,4.9,B,95,Realtor.com,Boutique (2-10 agents),2026-09-13T17:42:26Z
CREAM-20260913-00559,Laura Edwards,Laura Edwards,Laura,Edwards,laura.edwards@yahoo.com,(602) 646-2907,Compass,Compass,Riverside,Riverside,CA,95878,1,5,5,3406212,4.4,B,93,Website Lead,Mid-size (11-50 agents),2026-09-13T04:43:13Z
CREAM-20260913-00560,Alexander Young,Alexander Young,Alexander,Young,alexander_young@aol.com,(929) 767-5570,HER Realtors,HER Realtors,Dayton,Dayton,OH,45614,5,20,20,4692210,4.7,B,100,Brokerage Listings,Mid-size (11-50 agents),2026-09-13T07:01:50Z
CREAM-20260913-00561,Keith Price,Keith Price,Keith,Price,keith_price@outlook.com,(714) 425-6322,Sotheby's International,Sotheby's International,Rochester,Rochester,NY,13732,0,3,3,1963456,3.9,B,97,Facebook,Independent,2026-09-13T18:57:27Z
CREAM-20260913-00562,Martha Nguyen,Martha Nguyen,Martha,Nguyen,marthanguyen@hotmail.com,(929) 251-9888,Keller Williams Realty,Keller Williams Realty,Pembroke Pines,Pembroke Pines,FL,33603,13,33,33,14409515,4.8,B,70,Website Lead,Mid-size (11-50 agents),2026-09-13T20:26:58Z
CREAM-20260913-00563,Keith Brown,Keith Brown,Keith,Brown,keithb@me.com,(512) 920-7024,eXp Realty,eXp Realty,Riverside,Riverside,CA,95334,2,8,8,5727184,3.9,B,76,Website Lead,Enterprise (200+ agents),2026-09-13T12:35:34Z
CREAM-20260913-00564,Charles Hill,Charles Hill,Charles,Hill,charles_hill@aol.com,(404) 935-6892,Coldwell Banker,Coldwell Banker,Stockton,Stockton,CA,96809,24,60,60,37062731,4.3,B,79,Realtor.com,Enterprise (200+ agents),2026-09-13T14:30:23Z
CREAM-20260913-00565,Maria Cooper,Maria Cooper,Maria,Cooper,mariac@gmail.com,(407) 266-2144,Keller Williams,Keller Williams,Lubbock,Lubbock,TX,76476,2,9,9,2611102,4.5,B,68,Trade Show,Large (51-200 agents),2026-09-13T19:13:51Z
CREAM-20260913-00566,Nicholas Davis,Nicholas Davis,Nicholas,Davis,nicholas.davis@outlook.com,(305) 223-2909,Sotheby's International,Sotheby's International,Albany,Albany,NY,12816,11,50,50,36081769,3.8,B,92,Referral Network,Large (51-200 agents),2026-09-13T12:56:05Z
CREAM-20260913-00567,Angela Wood,Angela Wood,Angela,Wood,angelaw@gmail.com,(415) 585-8019,Briggs Freeman Sotheby's,Briggs Freeman Sotheby's,Corpus Christi,Corpus Christi,TX,76215,1,8,8,2178269,3.1,B,73,LinkedIn,Large (51-200 agents),2026-09-13T00:34:57Z
CREAM-20260913-00568,James Reyes,James Reyes,James,Reyes,james.reyes@yahoo.com,(212) 242-9129,Berkshire Hathaway,Berkshire Hathaway,Tempe,Tempe,AZ,86948,2,7,7,3077328,4.4,B,67,Cold Outreach,Enterprise (200+ agents),2026-09-13T19:52:40Z
CREAM-20260913-00569,James Brown,James Brown,James,Brown,james_brown@gmail.com,(469) 901-7431,Coldwell Banker,Coldwell Banker,Corpus Christi,Corpus Christi,TX,77665,15,49,49,17271703,4.5,B,96,Realtor.com,Independent,2026-09-13T22:27:24Z
CREAM-20260913-00570,Jason Ramos,Jason Ramos,Jason,Ramos,jramos@sothebysinternational.com,(305) 796-1941,Sotheby's International,Sotheby's International,Riverside,Riverside,CA,91761,16,73,73,78338838,4.4,B,94,MLS Database,Large (51-200 agents),2026-09-13T10:52:05Z
CREAM-20260913-00571,Philip Nelson,Philip Nelson,Philip,Nelson,pnelson@aol.com,(718) 899-8275,Allie Beth Allman,Allie Beth Allman,Lubbock,Lubbock,TX,77440,3,14,14,4845236,4.7,B,67,LinkedIn,Mid-size (11-50 agents),2026-09-13T18:20:01Z
CREAM-20260913-00572,Lisa Alexander,Lisa Alexander,Lisa,Alexander,lisa.alexander@me.com,(214) 554-5694,eXp Realty,eXp Realty,Tallahassee,Tallahassee,FL,32684,5,23,23,12474422,4.2,B,73,MLS Database,Mid-size (11-50 agents),2026-09-13T02:09:12Z
CREAM-20260913-00573,Angela Richardson,Angela Richardson,Angela,Richardson,angelarichardson@outlook.com,(713) 895-2566,Century 21,Century 21,Hialeah,Hialeah,FL,33797,4,10,10,4946503,4.8,B,97,MLS Database,Boutique (2-10 agents),2026-09-13T13:04:40Z
CREAM-20260913-00574,Juan Bailey,Juan Bailey,Juan,Bailey,jbailey@berkshirehathaway.com,(646) 614-5139,Berkshire Hathaway,Berkshire Hathaway,Garland,Garland,TX,75593,5,18,18,8053106,3.4,B,89,MLS Database,Boutique (2-10 agents),2026-09-13T23:54:16Z
CREAM-20260913-00575,Patricia Sanchez,Patricia Sanchez,Patricia,Sanchez,psanchez@me.com,(334) 856-4712,Russell Lyon Sotheby's,Russell Lyon Sotheby's,Chandler,Chandler,AZ,86675,16,32,32,16492424,4.8,B,69,Trade Show,Independent,2026-09-13T02:42:14Z
CREAM-20260913-00576,Walter Wilson,Walter Wilson,Walter,Wilson,walter.wilson@8zrealestate.com,(407) 719-5074,8z Real Estate,8z Real Estate,Arvada,Arvada,CO,81840,19,61,61,42265118,4.1,B,89,Trade Show,Mid-size (11-50 agents),2026-09-13T01:32:48Z
CREAM-20260913-00577,Jacob Cox,Jacob Cox,Jacob,Cox,jacob.cox@exprealty.com,(916) 296-5111,eXp Realty,eXp Realty,Lakewood,Lakewood,CO,80359,22,72,72,36470836,3.4,B,66,Website Lead,Enterprise (200+ agents),2026-09-13T03:41:15Z
CREAM-20260913-00578,Nicholas Hughes,Nicholas Hughes,Nicholas,Hughes,nicholas.hughes@me.com,(714) 422-8966,eXp Realty,eXp Realty,Fort Collins,Fort Collins,CO,80881,5,11,11,6420985,3.2,B,97,Brokerage Listings,Mid-size (11-50 agents),2026-09-13T11:44:46Z
CREAM-20260913-00579,Jack Myers,Jack Myers,Jack,Myers,jmyers@compass.com,(602) 671-9507,Compass,Compass,Stockton,Stockton,CA,94762,7,16,16,10325092,4.8,B,93,Cold Outreach,Mid-size (11-50 agents),2026-09-13T17:00:30Z
CREAM-20260913-00580,Daniel Bailey,Daniel Bailey,Daniel,Bailey,dbailey@aol.com,(916) 469-5548,RE/MAX,RE/MAX,Corpus Christi,Corpus Christi,TX,77346,10,64,64,28285596,3.8,B,65,Brokerage Listings,Independent,2026-09-13T22:21:04Z
CREAM-20260913-00581,Richard Long,Richard Long,Richard,Long,richardlong@outlook.com,(212) 552-7824,eXp Realty,eXp Realty,Cape Coral,Cape Coral,FL,32795,24,27,27,12421793,4.1,B,97,Referral Network,Large (51-200 agents),2026-09-13T02:36:07Z
CREAM-20260913-00582,Amanda Murphy,Amanda Murphy,Amanda,Murphy,amandam@berkshirehathawayhomeservices.com,(303) 804-3117,Berkshire Hathaway HomeServices,Berkshire Hathaway HomeServices,Chula Vista,Chula Vista,CA,94208,4,21,21,20853913,4.7,B,75,Trade Show,Enterprise (200+ agents),2026-09-13T16:59:50Z
CREAM-20260913-00583,Jacob Castillo,Jacob Castillo,Jacob,Castillo,jacobcastillo@yahoo.com,(646) 276-9187,Keller Williams Realty,Keller Williams Realty,Anaheim,Anaheim,CA,95306,1,5,5,5319051,4.9,B,74,Facebook,Independent,2026-09-13T19:56:27Z
CREAM-20260913-00584,Tyler Alexander,Tyler Alexander,Tyler,Alexander,tylera@hotmail.com,(404) 382-4631,Berkshire Hathaway HomeServices,Berkshire Hathaway HomeServices,Chula Vista,Chula Vista,CA,93698,11,38,38,41225398,4.5,B,95,Brokerage Listings,Enterprise (200+ agents),2026-09-13T12:57:21Z
CREAM-20260913-00585,Angela Chavez,Angela Chavez,Angela,Chavez,angela_chavez@aol.com,(929) 732-5497,eXp Realty,eXp Realty,Pembroke Pines,Pembroke Pines,FL,34184,17,41,41,15789016,4.4,B,66,MLS Database,Boutique (2-10 agents),2026-09-13T23:44:31Z
CREAM-20260913-00586,Anthony Patel,Anthony Patel,Anthony,Patel,anthony.patel@howardhanna.com,(614) 701-7097,Howard Hanna,Howard Hanna,Cary,Cary,NC,27372,10,38,38,9483569,3.9,B,66,NAR Directory,Mid-size (11-50 agents),2026-09-13T03:03:20Z
CREAM-20260913-00587,Pamela Hughes,Pamela Hughes,Pamela,Hughes,pamelahughes@me.com,(212) 596-9252,Douglas Elliman,Douglas Elliman,Rochester,Rochester,NY,14853,5,24,24,12236248,3.0,B,90,NAR Directory,Mid-size (11-50 agents),2026-09-13T15:51:29Z
CREAM-20260913-00588,Eugene Ramos,Eugene Ramos,Eugene,Ramos,eugene_ramos@aol.com,(334) 316-9879,Huntington Real Estate,Huntington Real Estate,Dayton,Dayton,OH,45273,2,12,12,3814250,3.8,B,77,Referral Network,Large (51-200 agents),2026-09-13T11:06:43Z
CREAM-20260913-00589,Elizabeth Coleman,Elizabeth Coleman,Elizabeth,Coleman,elizabethcoleman@gmail.com,(305) 899-7508,eXp Realty,eXp Realty,Corpus Christi,Corpus Christi,TX,76744,4,19,19,6857252,4.9,B,88,Referral Network,Boutique (2-10 agents),2026-09-13T21:43:39Z
CREAM-20260913-00590,Cynthia Baker,Cynthia Baker,Cynthia,Baker,cbaker@exprealty.com,(929) 897-1789,eXp Realty,eXp Realty,Stockton,Stockton,CA,92557,13,47,47,51315168,4.4,B,87,LinkedIn,Enterprise (200+ agents),2026-09-13T09:23:59Z
CREAM-20260913-00591,Stephen Perry,Stephen Perry,Stephen,Perry,stephen_perry@aol.com,(713) 661-2447,Allie Beth Allman,Allie Beth Allman,Lubbock,Lubbock,TX,79645,16,70,70,23385528,3.6,B,62,Trade Show,Enterprise (200+ agents),2026-09-13T08:39:15Z
CREAM-20260913-00592,Gloria Morgan,Gloria Morgan,Gloria,Morgan,gloriamorgan@yahoo.com,(602) 933-4088,Berkshire Hathaway,Berkshire Hathaway,Winston-Salem,Winston-Salem,NC,27876,1,8,8,2198341,4.4,B,70,Website Lead,Enterprise (200+ agents),2026-09-13T07:49:00Z
CREAM-20260913-00593,Brittany Brown,Brittany Brown,Brittany,Brown,brittanyb@coldwellbanker.com,(805) 974-5265,Coldwell Banker,Coldwell Banker,Santa Ana,Santa Ana,CA,95733,22,73,73,53321514,4.2,B,93,LinkedIn,Enterprise (200+ agents),2026-09-13T14:38:54Z
CREAM-20260913-00594,Philip Gutierrez,Philip Gutierrez,Philip,Gutierrez,philipg@me.com,(805) 416-7410,Sotheby's International,Sotheby's International,Buffalo,Buffalo,NY,14139,23,62,62,49568096,3.9,B,73,MLS Database,Mid-size (11-50 agents),2026-09-13T10:30:49Z
CREAM-20260913-00595,Robert Williams,Robert Williams,Robert,Williams,robertwilliams@aol.com,(646) 495-8238,eXp Realty,eXp Realty,Parma,Parma,OH,43474,3,18,18,4642401,4.8,B,91,Facebook,Large (51-200 agents),2026-09-13T10:50:57Z
CREAM-20260913-00596,Thomas Peterson,Thomas Peterson,Thomas,Peterson,thomasp@hotmail.com,(786) 977-1314,eXp Realty,eXp Realty,Garland,Garland,TX,77101,4,20,20,4985839,4.8,B,99,Realtor.com,Mid-size (11-50 agents),2026-09-13T11:55:15Z
CREAM-20260913-00597,Melissa Bailey,Melissa Bailey,Melissa,Bailey,melissa.bailey@icloud.com,(786) 563-4077,Coldwell Banker,Coldwell Banker,Lakewood,Lakewood,CO,80382,0,0,0,0,4.1,B,73,Brokerage Listings,Independent,2026-09-13T00:27:54Z
CREAM-20260913-00598,Jessica Mitchell,Jessica Mitchell,Jessica,Mitchell,jmitchell@re/max.com,(415) 905-7199,RE/MAX,RE/MAX,Garland,Garland,TX,77315,4,17,17,7673505,3.8,B,89,Cold Outreach,Independent,2026-09-13T19:06:19Z
CREAM-20260913-00599,Nicholas Alvarez,Nicholas Alvarez,Nicholas,Alvarez,nicholasa@aol.com,(469) 959-2334,RE/MAX,RE/MAX,Tallahassee,Tallahassee,FL,33239,10,27,27,11634581,4.5,B,100,Realtor.com,Enterprise (200+ agents),2026-09-13T09:07:49Z
CREAM-20260913-00600,Dennis Russell,Dennis Russell,Dennis,Russell,drussell@icloud.com,(513) 260-4967,RE/MAX,RE/MAX,Tallahassee,Tallahassee,FL,32173,0,4,4,1620001,4.0,B,99,NAR Directory,Boutique (2-10 agents),2026-09-13T00:35:47Z
CREAM-20260913-00601,Joseph Mendoza,Joseph Mendoza,Joseph,Mendoza,joseph_mendoza@me.com,(469) 591-4960,Keller Williams,Keller Williams,Chandler,Chandler,AZ,85865,5,14,14,7356116,4.5,B,60,LinkedIn,Large (51-200 agents),2026-09-13T21:11:03Z
CREAM-20260913-00602,Margaret Cooper,Margaret Cooper,Margaret,Cooper,mcooper@livsothebys.com,(646) 673-6441,LIV Sotheby's,LIV Sotheby's,Lakewood,Lakewood,CO,81703,6,29,29,11489426,3.9,B,65,Referral Network,Enterprise (200+ agents),2026-09-13T04:11:28Z
CREAM-20260913-00603,Anthony Garcia,Anthony Garcia,Anthony,Garcia,anthony.garcia@hotmail.com,(256) 928-1965,Keller Williams Realty,Keller Williams Realty,Santa Ana,Santa Ana,CA,91535,2,5,5,3409785,3.2,B,79,Cold Outreach,Independent,2026-09-13T10:08:24Z
CREAM-20260913-00604,Brian Jimenez,Brian Jimenez,Brian,Jimenez,brianj@aol.com,(305) 629-3668,Keller Williams,Keller Williams,Lakewood,Lakewood,CO,81242,3,11,11,7176946,4.9,B,83,NAR Directory,Enterprise (200+ agents),2026-09-13T05:17:18Z
CREAM-20260913-00605,Albert Ortiz,Albert Ortiz,Albert,Ortiz,alberto@livsothebys.com,(212) 502-3150,LIV Sotheby's,LIV Sotheby's,Lakewood,Lakewood,CO,81177,12,71,71,34897699,4.0,B,69,Brokerage Listings,Mid-size (11-50 agents),2026-09-13T19:25:13Z
CREAM-20260913-00606,Aaron Russell,Aaron Russell,Aaron,Russell,arussell@kellerwilliamsrealty.com,(614) 762-4620,Keller Williams Realty,Keller Williams Realty,Anaheim,Anaheim,CA,95455,18,53,53,50934493,3.8,B,76,Facebook,Independent,2026-09-13T20:39:15Z
CREAM-20260913-00607,Katherine Cruz,Katherine Cruz,Katherine,Cruz,katherine.cruz@icloud.com,(718) 239-5580,Coldwell Banker,Coldwell Banker,Fayetteville,Fayetteville,NC,28910,25,45,45,17516169,4.4,B,84,Cold Outreach,Boutique (2-10 agents),2026-09-13T05:33:09Z
CREAM-20260913-00608,Cynthia Stewart,Cynthia Stewart,Cynthia,Stewart,cynthia.stewart@yahoo.com,(404) 412-2687,Compass,Compass,Thornton,Thornton,CO,80827,0,5,5,2841905,4.1,B,71,Website Lead,Enterprise (200+ agents),2026-09-13T14:57:53Z
CREAM-20260913-00609,Juan Jones,Juan Jones,Juan,Jones,juanjones@me.com,(513) 799-5908,Keller Williams,Keller Williams,Akron,Akron,OH,45722,15,47,47,12033841,3.7,B,84,NAR Directory,Boutique (2-10 agents),2026-09-13T17:16:48Z
CREAM-20260913-00610,Megan Gomez,Megan Gomez,Megan,Gomez,megan.gomez@re/max.com,(256) 391-7653,RE/MAX,RE/MAX,Lakewood,Lakewood,CO,80100,10,77,77,41860834,3.4,B,85,MLS Database,Mid-size (11-50 agents),2026-09-13T19:34:07Z
CREAM-20260913-00611,Peter Phillips,Peter Phillips,Peter,Phillips,peter_phillips@hotmail.com,(234) 423-7943,Huntington Real Estate,Huntington Real Estate,Toledo,Toledo,OH,43676,1,4,4,765415,3.6,B,65,Website Lead,Enterprise (200+ agents),2026-09-13T23:35:28Z
CREAM-20260913-00612,Jonathan Sullivan,Jonathan Sullivan,Jonathan,Sullivan,jonathan_sullivan@gmail.com,(602) 912-9300,Compass,Compass,Hollywood,Hollywood,FL,32570,16,31,31,9235585,3.8,B,68,Brokerage Listings,Large (51-200 agents),2026-09-13T17:23:17Z
CREAM-20260913-00613,Stephanie Nelson,Stephanie Nelson,Stephanie,Nelson,stephanie.nelson@hotmail.com,(310) 571-8434,Compass,Compass,Chula Vista,Chula Vista,CA,90598,2,9,9,5700087,3.6,B,100,NAR Directory,Large (51-200 agents),2026-09-13T16:59:16Z
CREAM-20260913-00614,Benjamin Sullivan,Benjamin Sullivan,Benjamin,Sullivan,bsullivan@aol.com,(234) 523-9828,RE/MAX,RE/MAX,Fayetteville,Fayetteville,NC,27698,2,4,4,986116,3.2,B,70,Referral Network,Independent,2026-09-13T05:35:04Z
CREAM-20260913-00615,Deborah Rodriguez,Deborah Rodriguez,Deborah,Rodriguez,deborahrodriguez@gmail.com,(713) 526-6682,RE/MAX,RE/MAX,Garland,Garland,TX,79489,3,22,22,5916900,3.7,B,93,Website Lead,Boutique (2-10 agents),2026-09-13T22:29:57Z
CREAM-20260913-00616,Lauren Sanchez,Lauren Sanchez,Lauren,Sanchez,lauren_sanchez@aol.com,(720) 340-1946,Coldwell Banker,Coldwell Banker,Cape Coral,Cape Coral,FL,33164,7,32,32,17255443,3.9,B,89,Realtor.com,Enterprise (200+ agents),2026-09-13T07:27:15Z
CREAM-20260913-00617,Edward Clark,Edward Clark,Edward,Clark,edward_clark@yahoo.com,(214) 453-9265,RE/MAX,RE/MAX,Stockton,Stockton,CA,90298,19,33,33,29190497,4.0,B,79,LinkedIn,Boutique (2-10 agents),2026-09-13T01:14:18Z
CREAM-20260913-00618,Rachel Hall,Rachel Hall,Rachel,Hall,rhall@coldwellbanker.com,(704) 435-1692,Coldwell Banker,Coldwell Banker,Glendale,Glendale,AZ,85917,0,5,5,1958073,3.2,B,86,NAR Directory,Large (51-200 agents),2026-09-13T22:53:18Z
CREAM-20260913-00619,Margaret Kelly,Margaret Kelly,Margaret,Kelly,margaret.kelly@gmail.com,(512) 950-6591,eXp Realty,eXp Realty,Winston-Salem,Winston-Salem,NC,28979,23,71,71,19208952,3.0,B,97,Referral Network,Independent,2026-09-13T01:54:12Z
CREAM-20260913-00620,Megan Rogers,Megan Rogers,Megan,Rogers,megan_rogers@gmail.com,(310) 291-2825,Russell Lyon Sotheby's,Russell Lyon Sotheby's,Gilbert,Gilbert,AZ,85485,17,28,28,11989416,5.0,B,78,Realtor.com,Independent,2026-09-13T10:28:14Z
CREAM-20260913-00621,Amber Murphy,Amber Murphy,Amber,Murphy,amber.murphy@allentate.com,(805) 687-7536,Allen Tate,Allen Tate,Durham,Durham,NC,27652,16,44,44,12651271,3.6,B,82,Trade Show,Boutique (2-10 agents),2026-09-13T05:52:45Z
CREAM-20260913-00622,Albert Ramirez,Albert Ramirez,Albert,Ramirez,albert.ramirez@berkshirehathaway.com,(704) 868-6484,Berkshire Hathaway,Berkshire Hathaway,Amarillo,Amarillo,TX,75220,4,8,8,3551107,3.0,B,89,MLS Database,Independent,2026-09-13T14:45:08Z
CREAM-20260913-00623,Diane Rodriguez,Diane Rodriguez,Diane,Rodriguez,drodriguez@nestseekers.com,(714) 474-9508,Nest Seekers,Nest Seekers,Rochester,Rochester,NY,14154,3,20,20,10834991,3.2,B,77,LinkedIn,Enterprise (200+ agents),2026-09-13T14:22:26Z
CREAM-20260913-00624,Jason Patel,Jason Patel,Jason,Patel,jpatel@exprealty.com,(614) 222-6008,eXp Realty,eXp Realty,Fresno,Fresno,CA,92565,1,8,8,7099590,4.6,B,76,Brokerage Listings,Independent,2026-09-13T04:32:41Z
CREAM-20260913-00625,Amber Alvarez,Amber Alvarez,Amber,Alvarez,aalvarez@aol.com,(713) 871-3348,Nest Seekers,Nest Seekers,Syracuse,Syracuse,NY,13937,22,55,55,27674705,3.1,B,90,Facebook,Enterprise (200+ agents),2026-09-13T02:19:53Z
CREAM-20260913-00626,Robert Nelson,Robert Nelson,Robert,Nelson,robertn@gmail.com,(256) 663-7862,eXp Realty,eXp Realty,Toledo,Toledo,OH,44951,17,59,59,16510249,3.2,B,84,Realtor.com,Independent,2026-09-13T10:49:01Z
CREAM-20260913-00627,Diane Sullivan,Diane Sullivan,Diane,Sullivan,dianesullivan@icloud.com,(407) 384-2051,Century 21,Century 21,Pembroke Pines,Pembroke Pines,FL,33831,20,59,59,23660593,3.2,B,64,Facebook,Independent,2026-09-13T06:37:24Z
CREAM-20260913-00628,Lawrence Carter,Lawrence Carter,Lawrence,Carter,lcarter@berkshirehathaway.com,(646) 923-2587,Berkshire Hathaway,Berkshire Hathaway,Toledo,Toledo,OH,44607,9,29,29,8480689,3.3,B,65,Cold Outreach,Independent,2026-09-13T02:50:52Z
CREAM-20260913-00629,Helen Morgan,Helen Morgan,Helen,Morgan,helenm@me.com,(602) 992-4436,Briggs Freeman Sotheby's,Briggs Freeman Sotheby's,Irving,Irving,TX,79812,4,24,24,9127284,4.4,B,69,Facebook,Independent,2026-09-13T10:31:31Z
CREAM-20260913-00630,Jason Fisher,Jason Fisher,Jason,Fisher,jfisher@icloud.com,(916) 287-9219,Douglas Elliman,Douglas Elliman,Arlington,Arlington,TX,78859,2,8,8,2913428,3.7,B,92,LinkedIn,Boutique (2-10 agents),2026-09-13T06:29:01Z
CREAM-20260913-00631,Paul Johnson,Paul Johnson,Paul,Johnson,paul.johnson@re/max.com,(704) 828-3750,RE/MAX,RE/MAX,Dayton,Dayton,OH,44393,4,22,22,6176189,3.5,B,80,Trade Show,Large (51-200 agents),2026-09-13T07:16:45Z
CREAM-20260913-00632,Samuel Mitchell,Samuel Mitchell,Samuel,Mitchell,samuel_mitchell@icloud.com,(512) 620-2912,Corcoran Group,Corcoran Group,Rochester,Rochester,NY,12702,5,24,24,17947271,3.4,B,72,Facebook,Boutique (2-10 agents),2026-09-13T19:16:39Z
CREAM-20260913-00633,Carolyn Gutierrez,Carolyn Gutierrez,Carolyn,Gutierrez,carolyn.gutierrez@kellerwilliams.com,(714) 847-1778,Keller Williams,Keller Williams,Winston-Salem,Winston-Salem,NC,27952,14,42,42,15263106,4.8,B,81,Website Lead,Mid-size (11-50 agents),2026-09-13T00:19:12Z
CREAM-20260913-00634,Dorothy Hill,Dorothy Hill,Dorothy,Hill,dorothyh@compass.com,(718) 587-1265,Compass,Compass,Stockton,Stockton,CA,91441,4,13,13,11226533,4.1,B,77,Website Lead,Boutique (2-10 agents),2026-09-13T08:39:42Z
CREAM-20260913-00635,Carol Powell,Carol Powell,Carol,Powell,carol.powell@berkshirehathawayhomeservices.com,(310) 705-8093,Berkshire Hathaway HomeServices,Berkshire Hathaway HomeServices,Chula Vista,Chula Vista,CA,91169,10,75,75,58455785,3.1,B,98,Realtor.com,Independent,2026-09-13T00:41:01Z
CREAM-20260913-00636,Joseph Peterson,Joseph Peterson,Joseph,Peterson,josephpeterson@yahoo.com,(704) 912-4957,RE/MAX,RE/MAX,Glendale,Glendale,AZ,85645,3,19,19,8287974,3.2,B,76,MLS Database,Mid-size (11-50 agents),2026-09-13T05:51:52Z
CREAM-20260913-00637,Steven Foster,Steven Foster,Steven,Foster,stevenfoster@hotmail.com,(415) 282-8752,Keller Williams,Keller Williams,Winston-Salem,Winston-Salem,NC,28662,24,74,74,24909591,3.9,B,98,LinkedIn,Large (51-200 agents),2026-09-13T17:29:19Z
CREAM-20260913-00638,Keith Myers,Keith Myers,Keith,Myers,kmyers@aol.com,(407) 447-5175,Coldwell Banker,Coldwell Banker,Stockton,Stockton,CA,90646,6,38,38,35940886,3.3,B,86,MLS Database,Independent,2026-09-13T13:59:59Z
CREAM-20260913-00639,Melissa Gutierrez,Melissa Gutierrez,Melissa,Gutierrez,mgutierrez@hotmail.com,(256) 641-9415,Berkshire Hathaway,Berkshire Hathaway,Parma,Parma,OH,44680,19,40,40,7761979,3.8,B,87,Brokerage Listings,Boutique (2-10 agents),2026-09-13T19:14:53Z
CREAM-20260913-00640,Matthew Smith,Matthew Smith,Matthew,Smith,matthew_smith@me.com,(646) 990-7542,eXp Realty,eXp Realty,Chula Vista,Chula Vista,CA,95740,3,9,9,9563761,4.7,B,99,Cold Outreach,Boutique (2-10 agents),2026-09-13T13:06:22Z
CREAM-20260913-00641,Carol Anderson,Carol Anderson,Carol,Anderson,carolanderson@yahoo.com,(234) 399-6355,Keller Williams,Keller Williams,Cary,Cary,NC,28895,21,65,65,17246125,4.2,B,71,Trade Show,Boutique (2-10 agents),2026-09-13T06:38:30Z
CREAM-20260913-00642,Laura Lee,Laura Lee,Laura,Lee,llee@exprealty.com,(512) 893-6786,eXp Realty,eXp Realty,Stockton,Stockton,CA,95952,19,26,26,28376117,4.4,B,89,Cold Outreach,Boutique (2-10 agents),2026-09-13T18:46:21Z
CREAM-20260913-00643,Scott Fisher,Scott Fisher,Scott,Fisher,scottf@icloud.com,(469) 935-9585,Russell Lyon Sotheby's,Russell Lyon Sotheby's,Glendale,Glendale,AZ,86400,1,10,10,5003391,4.3,B,91,MLS Database,Boutique (2-10 agents),2026-09-13T18:52:50Z
CREAM-20260913-00644,Barbara Howard,Barbara Howard,Barbara,Howard,barbara_howard@me.com,(256) 214-4308,Coldwell Banker,Coldwell Banker,Durham,Durham,NC,27801,11,42,42,15120587,3.6,B,76,Facebook,Large (51-200 agents),2026-09-13T09:43:19Z
CREAM-20260913-00645,Eric Long,Eric Long,Eric,Long,ericlong@icloud.com,(214) 411-1981,RE/MAX,RE/MAX,Dayton,Dayton,OH,43340,5,9,9,2520745,3.8,B,67,NAR Directory,Large (51-200 agents),2026-09-13T13:03:58Z
CREAM-20260913-00646,Michelle Garcia,Michelle Garcia,Michelle,Garcia,michelle.garcia@gmail.com,(713) 369-6898,Halstead,Halstead,Syracuse,Syracuse,NY,13627,15,52,52,29339096,3.8,B,84,Facebook,Boutique (2-10 agents),2026-09-13T12:53:53Z
CREAM-20260913-00647,Ryan Green,Ryan Green,Ryan,Green,ryan_green@hotmail.com,(704) 292-9062,Coldwell Banker,Coldwell Banker,Fresno,Fresno,CA,92897,1,7,7,5371801,3.2,B,88,LinkedIn,Independent,2026-09-13T11:12:21Z
CREAM-20260913-00648,Bruce Alvarez,Bruce Alvarez,Bruce,Alvarez,brucea@kellerwilliamsrealty.com,(234) 556-1433,Keller Williams Realty,Keller Williams Realty,Tallahassee,Tallahassee,FL,34165,12,71,71,31215764,3.1,B,91,Cold Outreach,Boutique (2-10 agents),2026-09-13T06:02:30Z
CREAM-20260913-00649,Richard Bennett,Richard Bennett,Richard,Bennett,richardbennett@me.com,(415) 482-5529,RE/MAX,RE/MAX,Fayetteville,Fayetteville,NC,27473,21,27,27,6805829,3.0,B,94,Brokerage Listings,Enterprise (200+ agents),2026-09-13T19:15:11Z
CREAM-20260913-00650,Kathleen Roberts,Kathleen Roberts,Kathleen,Roberts,kathleen.roberts@re/max.com,(407) 384-9929,RE/MAX,RE/MAX,Arvada,Arvada,CO,80241,4,15,15,8177556,3.2,B,65,Website Lead,Large (51-200 agents),2026-09-13T17:33:41Z
CREAM-20260913-00651,Edward Gomez,Edward Gomez,Edward,Gomez,egomez@hotmail.com,(980) 675-4217,Sotheby's International,Sotheby's International,Anaheim,Anaheim,CA,95207,0,0,0,0,4.3,B,74,LinkedIn,Enterprise (200+ agents),2026-09-13T19:27:58Z
CREAM-20260913-00652,Stephanie King,Stephanie King,Stephanie,King,stephanieking@icloud.com,(404) 260-3493,RE/MAX,RE/MAX,Dayton,Dayton,OH,45144,0,3,3,858071,3.8,B,65,Trade Show,Large (51-200 agents),2026-09-13T03:37:53Z
CREAM-20260913-00653,Anna Lopez,Anna Lopez,Anna,Lopez,annalopez@icloud.com,(214) 799-4713,RE/MAX,RE/MAX,Thornton,Thornton,CO,80698,16,72,72,41722391,3.7,B,96,NAR Directory,Enterprise (200+ agents),2026-09-13T21:38:41Z
CREAM-20260913-00654,Thomas Mendoza,Thomas Mendoza,Thomas,Mendoza,thomasmendoza@outlook.com,(713) 462-8092,eXp Realty,eXp Realty,Glendale,Glendale,AZ,86978,0,0,0,0,4.0,B,78,Referral Network,Enterprise (200+ agents),2026-09-13T02:05:46Z
CREAM-20260913-00655,Theresa Scott,Theresa Scott,Theresa,Scott,tscott@gmail.com,(512) 221-8622,RE/MAX,RE/MAX,Hollywood,Hollywood,FL,33309,12,78,78,36607329,3.3,B,77,Brokerage Listings,Enterprise (200+ agents),2026-09-13T21:30:55Z
CREAM-20260913-00656,Emily Brooks,Emily Brooks,Emily,Brooks,emilyb@coldwellbanker.com,(415) 293-3193,Coldwell Banker,Coldwell Banker,Gilbert,Gilbert,AZ,85590,4,23,23,10388048,4.8,B,69,Facebook,Mid-size (11-50 agents),2026-09-13T05:15:33Z
CREAM-20260913-00657,Scott Stewart,Scott Stewart,Scott,Stewart,scott_stewart@gmail.com,(916) 817-8808,Coldwell Banker,Coldwell Banker,Hialeah,Hialeah,FL,32628,14,45,45,18360248,3.1,B,89,Facebook,Mid-size (11-50 agents),2026-09-13T15:01:44Z
CREAM-20260913-00658,Michelle Evans,Michelle Evans,Michelle,Evans,mevans@kellerwilliams.com,(310) 378-5116,Keller Williams,Keller Williams,Parma,Parma,OH,43951,11,30,30,5392447,3.1,B,73,MLS Database,Enterprise (200+ agents),2026-09-13T15:22:20Z
CREAM-20260913-00659,Kathleen Lee,Kathleen Lee,Kathleen,Lee,kathleen.lee@kellerwilliams.com,(303) 921-1846,Keller Williams,Keller Williams,Winston-Salem,Winston-Salem,NC,28565,12,26,26,10400538,3.7,B,80,Trade Show,Large (51-200 agents),2026-09-13T16:19:02Z
CREAM-20260913-00660,Alan Cox,Alan Cox,Alan,Cox,alan.cox@pacificsothebys.com,(805) 474-1592,Pacific Sotheby's,Pacific Sotheby's,Bakersfield,Bakersfield,CA,96384,2,3,3,2129363,3.5,B,70,MLS Database,Independent,2026-09-13T01:55:32Z
CREAM-20260913-00661,Karen Lewis,Karen Lewis,Karen,Lewis,klewis@aol.com,(919) 643-6521,Coldwell Banker,Coldwell Banker,Pembroke Pines,Pembroke Pines,FL,33806,2,3,3,903051,5.0,B,65,Brokerage Listings,Large (51-200 agents),2026-09-13T05:37:45Z
CREAM-20260913-00662,Heather Jackson,Heather Jackson,Heather,Jackson,heatherj@yahoo.com,(415) 561-7186,Keller Williams,Keller Williams,Durham,Durham,NC,28901,17,57,57,14751365,4.1,B,64,LinkedIn,Boutique (2-10 agents),2026-09-13T11:41:09Z
CREAM-20260913-00663,Katherine Hernandez,Katherine Hernandez,Katherine,Hernandez,khernandez@icloud.com,(916) 810-5529,Allen Tate,Allen Tate,Durham,Durham,NC,27332,17,32,32,9099597,4.0,B,83,Brokerage Listings,Boutique (2-10 agents),2026-09-13T08:20:05Z
CREAM-20260913-00664,Martha Cooper,Martha Cooper,Martha,Cooper,marthac@kellerwilliams.com,(805) 925-6024,Keller Williams,Keller Williams,Glendale,Glendale,AZ,85551,4,23,23,12091741,3.1,B,94,NAR Directory,Enterprise (200+ agents),2026-09-13T18:10:48Z
CREAM-20260913-00665,Robert Watson,Robert Watson,Robert,Watson,robertwatson@aol.com,(305) 644-3608,Coldwell Banker,Coldwell Banker,Irving,Irving,TX,75415,1,10,10,3908464,3.6,B,98,Facebook,Boutique (2-10 agents),2026-09-13T13:23:38Z
CREAM-20260913-00666,Daniel Hill,Daniel Hill,Daniel,Hill,danielh@icloud.com,(512) 534-6627,RE/MAX,RE/MAX,Irving,Irving,TX,78276,24,42,42,18903265,3.2,B,62,Website Lead,Mid-size (11-50 agents),2026-09-13T05:23:33Z
CREAM-20260913-00667,Sharon Reyes,Sharon Reyes,Sharon,Reyes,sharon.reyes@berkshirehathaway.com,(305) 770-1650,Berkshire Hathaway,Berkshire Hathaway,Akron,Akron,OH,43165,22,42,42,13536107,4.3,B,74,Referral Network,Mid-size (11-50 agents),2026-09-13T02:15:51Z
CREAM-20260913-00668,Brandon Smith,Brandon Smith,Brandon,Smith,bsmith@icloud.com,(704) 273-5506,Compass,Compass,Pembroke Pines,Pembroke Pines,FL,34320,0,1,1,307586,4.5,B,90,Facebook,Boutique (2-10 agents),2026-09-13T10:24:40Z
CREAM-20260913-00669,Debra Morales,Debra Morales,Debra,Morales,debra.morales@brownharrisstevens.com,(972) 758-6733,Brown Harris Stevens,Brown Harris Stevens,Albany,Albany,NY,10408,1,6,6,4655958,4.6,B,100,Cold Outreach,Enterprise (200+ agents),2026-09-13T11:22:58Z
CREAM-20260913-00670,Peter Jenkins,Peter Jenkins,Peter,Jenkins,peterj@yahoo.com,(646) 291-8107,Douglas Elliman,Douglas Elliman,Syracuse,Syracuse,NY,14370,0,1,1,669287,4.9,B,67,NAR Directory,Enterprise (200+ agents),2026-09-13T22:00:39Z
CREAM-20260913-00671,Olivia Fisher,Olivia Fisher,Olivia,Fisher,oliviaf@yahoo.com,(303) 901-6657,Keller Williams Realty,Keller Williams Realty,Stockton,Stockton,CA,96835,0,5,5,3561673,3.1,B,65,Brokerage Listings,Enterprise (200+ agents),2026-09-13T11:45:25Z
CREAM-20260913-00672,Jack Lewis,Jack Lewis,Jack,Lewis,jack.lewis@douglaselliman.com,(718) 782-3587,Douglas Elliman,Douglas Elliman,Lubbock,Lubbock,TX,78700,12,32,32,9781384,4.4,B,65,NAR Directory,Boutique (2-10 agents),2026-09-13T00:28:03Z
CREAM-20260913-00673,Lauren Williams,Lauren Williams,Lauren,Williams,laurenwilliams@icloud.com,(646) 567-2560,Keller Williams,Keller Williams,Toledo,Toledo,OH,45887,23,66,66,13638853,4.1,B,88,Brokerage Listings,Enterprise (200+ agents),2026-09-13T04:22:28Z
CREAM-20260913-00674,Bruce Cox,Bruce Cox,Bruce,Cox,bruce_cox@outlook.com,(786) 648-7938,RE/MAX,RE/MAX,Amarillo,Amarillo,TX,78811,1,5,5,2024751,3.1,B,72,MLS Database,Large (51-200 agents),2026-09-13T16:46:44Z
CREAM-20260913-00675,Victoria Long,Victoria Long,Victoria,Long,victoria.long@re/max.com,(929) 457-6561,RE/MAX,RE/MAX,Arlington,Arlington,TX,79715,3,24,24,8064718,3.3,B,65,Facebook,Independent,2026-09-13T03:50:40Z
CREAM-20260913-00676,Shirley Nelson,Shirley Nelson,Shirley,Nelson,shirley_nelson@aol.com,(805) 262-6040,RE/MAX,RE/MAX,Lakewood,Lakewood,CO,80581,4,15,15,6251688,3.4,B,87,Cold Outreach,Enterprise (200+ agents),2026-09-13T13:49:37Z
CREAM-20260913-00677,Frank Ramos,Frank Ramos,Frank,Ramos,frankramos@aol.com,(614) 372-7751,Keller Williams Realty,Keller Williams Realty,Port St. Lucie,Port St. Lucie,FL,34606,14,58,58,31002123,5.0,B,63,Cold Outreach,Boutique (2-10 agents),2026-09-13T03:47:19Z
CREAM-20260913-00678,Albert Brooks,Albert Brooks,Albert,Brooks,albert.brooks@yahoo.com,(919) 882-7863,Coldwell Banker,Coldwell Banker,Fayetteville,Fayetteville,NC,27413,1,5,5,1829348,4.1,B,65,Referral Network,Independent,2026-09-13T13:22:51Z
CREAM-20260913-00679,Joseph Clark,Joseph Clark,Joseph,Clark,jclark@aol.com,(720) 209-9245,Sotheby's International,Sotheby's International,Fresno,Fresno,CA,92136,14,60,60,59522302,3.5,B,83,LinkedIn,Mid-size (11-50 agents),2026-09-13T07:02:52Z
CREAM-20260913-00680,Arthur Miller,Arthur Miller,Arthur,Miller,arthurmiller@hotmail.com,(614) 804-3167,Keller Williams,Keller Williams,Irving,Irving,TX,77325,13,58,58,23287326,3.6,B,87,LinkedIn,Large (51-200 agents),2026-09-13T19:56:52Z
CREAM-20260913-00681,Deborah Reed,Deborah Reed,Deborah,Reed,deborahreed@gmail.com,(718) 235-2931,Berkshire Hathaway,Berkshire Hathaway,Cary,Cary,NC,28305,4,21,21,7319093,4.4,B,73,Cold Outreach,Mid-size (11-50 agents),2026-09-13T14:34:41Z
CREAM-20260913-00682,Shirley Green,Shirley Green,Shirley,Green,shirley_green@aol.com,(972) 819-1778,Huntington Real Estate,Huntington Real Estate,Parma,Parma,OH,45498,3,21,21,5410705,4.0,B,98,MLS Database,Large (51-200 agents),2026-09-13T03:43:25Z
CREAM-20260913-00683,Donald Perry,Donald Perry,Donald,Perry,donaldp@icloud.com,(718) 552-5235,Compass,Compass,Bakersfield,Bakersfield,CA,94558,1,6,6,5847879,5.0,B,94,Realtor.com,Large (51-200 agents),2026-09-13T12:11:31Z
CREAM-20260913-00684,Nicole Wilson,Nicole Wilson,Nicole,Wilson,nicole.wilson@icloud.com,(334) 233-4851,Keller Williams Realty,Keller Williams Realty,Cape Coral,Cape Coral,FL,34699,18,39,39,18322454,4.5,B,73,Cold Outreach,Boutique (2-10 agents),2026-09-13T05:46:33Z
CREAM-20260913-00685,Barbara Russell,Barbara Russell,Barbara,Russell,barbara.russell@me.com,(512) 349-6892,Allen Tate,Allen Tate,Durham,Durham,NC,27403,16,36,36,13070559,3.7,B,86,MLS Database,Enterprise (200+ agents),2026-09-13T07:08:19Z
CREAM-20260913-00686,Diane Edwards,Diane Edwards,Diane,Edwards,dianeedwards@aol.com,(916) 533-2723,Coldwell Banker,Coldwell Banker,Riverside,Riverside,CA,95673,17,29,29,31362673,3.4,B,66,MLS Database,Mid-size (11-50 agents),2026-09-13T20:50:33Z
CREAM-20260913-00687,Kimberly Myers,Kimberly Myers,Kimberly,Myers,kimberly_myers@aol.com,(512) 285-9632,Halstead,Halstead,Rochester,Rochester,NY,10266,5,12,12,6438664,4.7,B,77,Facebook,Independent,2026-09-13T13:31:48Z
CREAM-20260913-00688,Gloria Morris,Gloria Morris,Gloria,Morris,gloria_morris@aol.com,(404) 303-4167,Douglas Elliman,Douglas Elliman,Irving,Irving,TX,79370,22,46,46,13117694,3.4,B,82,MLS Database,Independent,2026-09-13T22:10:29Z
CREAM-20260913-00689,Frank Brooks,Frank Brooks,Frank,Brooks,frank_brooks@icloud.com,(407) 202-5044,Berkshire Hathaway,Berkshire Hathaway,Tallahassee,Tallahassee,FL,32148,12,55,55,27976089,3.6,B,64,Referral Network,Enterprise (200+ agents),2026-09-13T17:07:39Z
CREAM-20260913-00690,Jacqueline Roberts,Jacqueline Roberts,Jacqueline,Roberts,jroberts@compass.com,(602) 583-4118,Compass,Compass,Lakewood,Lakewood,CO,80380,0,5,5,3165408,3.4,B,81,Realtor.com,Large (51-200 agents),2026-09-13T05:02:08Z
CREAM-20260913-00691,Eric Howard,Eric Howard,Eric,Howard,erich@coldwellbanker.com,(919) 614-2080,Coldwell Banker,Coldwell Banker,Arlington,Arlington,TX,77796,9,20,20,8347520,4.0,B,78,Cold Outreach,Independent,2026-09-13T13:21:53Z
CREAM-20260913-00692,Carolyn Cox,Carolyn Cox,Carolyn,Cox,carolyn.cox@outlook.com,(303) 830-8481,Keller Williams,Keller Williams,Cary,Cary,NC,28131,8,31,31,7628704,3.2,B,64,Realtor.com,Boutique (2-10 agents),2026-09-13T14:22:36Z
CREAM-20260913-00693,Raymond Lewis,Raymond Lewis,Raymond,Lewis,raymond.lewis@yahoo.com,(404) 280-8576,eXp Realty,eXp Realty,Corpus Christi,Corpus Christi,TX,77767,1,12,12,4953550,4.2,B,95,Website Lead,Enterprise (200+ agents),2026-09-13T18:19:15Z
CREAM-20260913-00694,Lauren Perry,Lauren Perry,Lauren,Perry,lperry@compass.com,(720) 242-3101,Compass,Compass,Fort Collins,Fort Collins,CO,81871,13,34,34,23890646,4.0,B,79,Facebook,Independent,2026-09-13T14:16:52Z
CREAM-20260913-00695,Betty Thomas,Betty Thomas,Betty,Thomas,bettyt@kellerwilliams.com,(512) 905-9660,Keller Williams,Keller Williams,Albany,Albany,NY,11255,2,4,4,3215240,4.0,B,86,NAR Directory,Boutique (2-10 agents),2026-09-13T09:05:43Z
CREAM-20260913-00696,Margaret Adams,Margaret Adams,Margaret,Adams,margareta@kellerwilliams.com,(256) 763-3273,Keller Williams,Keller Williams,Cary,Cary,NC,28246,4,15,15,4560899,4.0,B,79,Brokerage Listings,Independent,2026-09-13T08:58:19Z
CREAM-20260913-00697,Jonathan Patel,Jonathan Patel,Jonathan,Patel,jonathan.patel@me.com,(713) 948-5651,eXp Realty,eXp Realty,Dayton,Dayton,OH,45601,5,10,10,2951567,4.4,B,72,Realtor.com,Mid-size (11-50 agents),2026-09-13T00:35:51Z
CREAM-20260913-00698,Juan Anderson,Juan Anderson,Juan,Anderson,janderson@icloud.com,(704) 287-1987,Compass,Compass,Pembroke Pines,Pembroke Pines,FL,32512,2,3,3,1566958,3.3,B,97,MLS Database,Independent,2026-09-13T00:33:14Z
CREAM-20260913-00699,Arthur Lee,Arthur Lee,Arthur,Lee,alee@kellerwilliams.com,(718) 820-2953,Keller Williams,Keller Williams,Syracuse,Syracuse,NY,11681,3,9,9,7307947,3.4,B,96,Trade Show,Large (51-200 agents),2026-09-13T16:20:31Z
CREAM-20260913-00700,Amanda Anderson,Amanda Anderson,Amanda,Anderson,aanderson@icloud.com,(512) 949-4051,Compass,Compass,Tallahassee,Tallahassee,FL,34546,4,18,18,7296888,4.7,B,90,Cold Outreach,Independent,2026-09-13T10:25:47Z
CREAM-20260913-00701,Nancy Jackson,Nancy Jackson,Nancy,Jackson,nancy_jackson@outlook.com,(415) 817-1064,HomeSmart,HomeSmart,Tempe,Tempe,AZ,85254,5,19,19,7717975,4.5,B,73,Cold Outreach,Large (51-200 agents),2026-09-13T06:21:53Z
CREAM-20260913-00702,Katherine Morris,Katherine Morris,Katherine,Morris,katherine.morris@outlook.com,(713) 814-6591,Compass,Compass,Durham,Durham,NC,27200,3,14,14,5005800,4.5,B,69,Realtor.com,Mid-size (11-50 agents),2026-09-13T08:23:56Z
CREAM-20260913-00703,Jacqueline Reyes,Jacqueline Reyes,Jacqueline,Reyes,jreyes@hotmail.com,(614) 860-8153,Keller Williams,Keller Williams,Dayton,Dayton,OH,43172,14,39,39,9441279,4.5,B,71,Brokerage Listings,Mid-size (11-50 agents),2026-09-13T03:37:14Z
CREAM-20260913-00704,Lauren Kelly,Lauren Kelly,Lauren,Kelly,lkelly@hotmail.com,(303) 766-2242,Keller Williams,Keller Williams,Tempe,Tempe,AZ,85490,21,31,31,9735200,3.5,B,96,Realtor.com,Large (51-200 agents),2026-09-13T19:54:34Z
CREAM-20260913-00705,Jerry Myers,Jerry Myers,Jerry,Myers,jerry.myers@century21.com,(720) 928-6825,Century 21,Century 21,Cape Coral,Cape Coral,FL,34780,3,19,19,6762587,3.1,B,74,Cold Outreach,Enterprise (200+ agents),2026-09-13T18:17:41Z
CREAM-20260913-00706,Rose Adams,Rose Adams,Rose,Adams,roseadams@icloud.com,(415) 440-4023,eXp Realty,eXp Realty,Gilbert,Gilbert,AZ,85934,23,49,49,15053263,3.0,B,76,Referral Network,Boutique (2-10 agents),2026-09-13T01:47:33Z
CREAM-20260913-00707,Philip Chavez,Philip Chavez,Philip,Chavez,philip.chavez@re/max.com,(614) 316-6406,RE/MAX,RE/MAX,Garland,Garland,TX,77398,4,22,22,6197331,3.7,B,70,Referral Network,Large (51-200 agents),2026-09-13T10:47:26Z
CREAM-20260913-00708,Brenda Parker,Brenda Parker,Brenda,Parker,brendap@icloud.com,(718) 871-5700,Berkshire Hathaway,Berkshire Hathaway,Chandler,Chandler,AZ,85798,16,59,59,20340444,4.5,B,68,Brokerage Listings,Large (51-200 agents),2026-09-13T11:31:03Z
CREAM-20260913-00709,Maria Reed,Maria Reed,Maria,Reed,maria_reed@outlook.com,(305) 478-8598,Berkshire Hathaway,Berkshire Hathaway,Glendale,Glendale,AZ,86374,5,18,18,7215306,3.9,B,95,Referral Network,Enterprise (200+ agents),2026-09-13T17:16:00Z
CREAM-20260913-00710,Helen Torres,Helen Torres,Helen,Torres,htorres@sothebysinternational.com,(602) 871-8065,Sotheby's International,Sotheby's International,Syracuse,Syracuse,NY,11648,15,72,72,55594395,3.8,B,75,Facebook,Large (51-200 agents),2026-09-13T06:17:37Z
CREAM-20260913-00711,Betty Parker,Betty Parker,Betty,Parker,bparker@exprealty.com,(234) 293-1877,eXp Realty,eXp Realty,Glendale,Glendale,AZ,85432,4,16,16,6243669,5.0,B,60,Website Lead,Boutique (2-10 agents),2026-09-13T23:41:25Z
CREAM-20260913-00712,Rachel Harris,Rachel Harris,Rachel,Harris,rachel.harris@sothebysinternational.com,(805) 887-6519,Sotheby's International,Sotheby's International,Bakersfield,Bakersfield,CA,92275,24,30,30,22578514,4.3,B,65,Realtor.com,Boutique (2-10 agents),2026-09-13T04:10:37Z
CREAM-20260913-00713,Brenda Peterson,Brenda Peterson,Brenda,Peterson,brenda.peterson@coldwellbanker.com,(334) 461-9281,Coldwell Banker,Coldwell Banker,Gilbert,Gilbert,AZ,86191,2,5,5,1553057,4.6,B,60,Cold Outreach,Large (51-200 agents),2026-09-13T21:42:34Z
CREAM-20260913-00714,Gloria Morales,Gloria Morales,Gloria,Morales,gloriam@icloud.com,(646) 319-9981,Howard Hanna,Howard Hanna,Winston-Salem,Winston-Salem,NC,28181,22,78,78,21386559,4.5,B,69,Realtor.com,Large (51-200 agents),2026-09-13T04:20:22Z
CREAM-20260913-00715,Carolyn Myers,Carolyn Myers,Carolyn,Myers,carolynm@aol.com,(404) 741-3545,Keller Williams,Keller Williams,Lakewood,Lakewood,CO,80945,1,3,3,1507740,4.3,B,68,LinkedIn,Independent,2026-09-13T10:45:59Z
CREAM-20260913-00716,Diane Gonzalez,Diane Gonzalez,Diane,Gonzalez,dianeg@outlook.com,(720) 946-2678,RE/MAX,RE/MAX,Chandler,Chandler,AZ,85713,7,18,18,7156496,3.7,B,62,NAR Directory,Independent,2026-09-13T01:46:37Z
CREAM-20260913-00717,Eugene Sullivan,Eugene Sullivan,Eugene,Sullivan,esullivan@berkshirehathaway.com,(713) 485-5987,Berkshire Hathaway,Berkshire Hathaway,Dayton,Dayton,OH,45994,10,41,41,9295678,4.5,B,76,Referral Network,Enterprise (200+ agents),2026-09-13T14:59:22Z
CREAM-20260913-00718,Alexander Williams,Alexander Williams,Alexander,Williams,alexanderwilliams@me.com,(786) 371-7678,Compass,Compass,Pembroke Pines,Pembroke Pines,FL,32694,11,52,52,26360657,3.5,B,72,Trade Show,Boutique (2-10 agents),2026-09-13T04:47:26Z
CREAM-20260913-00719,Lawrence Powell,Lawrence Powell,Lawrence,Powell,lawrencepowell@gmail.com,(720) 656-9414,Berkshire Hathaway HomeServices,Berkshire Hathaway HomeServices,Stockton,Stockton,CA,91145,5,23,23,19882499,3.4,B,69,Brokerage Listings,Large (51-200 agents),2026-09-13T05:09:10Z
CREAM-20260913-00720,Timothy Allen,Timothy Allen,Timothy,Allen,timothy_allen@yahoo.com,(407) 208-5837,Keller Williams,Keller Williams,Amarillo,Amarillo,TX,77882,20,37,37,12500623,4.8,B,85,Referral Network,Mid-size (11-50 agents),2026-09-13T21:37:20Z
CREAM-20260913-00721,Kevin Kelly,Kevin Kelly,Kevin,Kelly,kevin.kelly@gmail.com,(212) 959-9419,RE/MAX,RE/MAX,Tallahassee,Tallahassee,FL,32496,9,24,24,10790484,4.8,B,80,Brokerage Listings,Mid-size (11-50 agents),2026-09-13T18:27:28Z
CREAM-20260913-00722,Sandra Perez,Sandra Perez,Sandra,Perez,sperez@aol.com,(786) 934-9964,Nest Seekers,Nest Seekers,Buffalo,Buffalo,NY,11466,9,40,40,24889831,4.9,B,98,Trade Show,Enterprise (200+ agents),2026-09-13T11:11:53Z
CREAM-20260913-00723,Carol Robinson,Carol Robinson,Carol,Robinson,carol_robinson@icloud.com,(310) 666-6516,eXp Realty,eXp Realty,Fort Collins,Fort Collins,CO,80466,0,1,1,620197,3.2,B,88,NAR Directory,Mid-size (11-50 agents),2026-09-13T21:18:04Z
CREAM-20260913-00724,Laura Murphy,Laura Murphy,Laura,Murphy,laura_murphy@aol.com,(929) 974-5501,Douglas Elliman,Douglas Elliman,Cape Coral,Cape Coral,FL,33729,0,1,1,522679,3.2,B,82,NAR Directory,Large (51-200 agents),2026-09-13T18:14:42Z
CREAM-20260913-00725,Laura Stewart,Laura Stewart,Laura,Stewart,lstewart@halstead.com,(720) 486-9675,Halstead,Halstead,Yonkers,Yonkers,NY,13530,3,21,21,15663581,4.3,B,73,Brokerage Listings,Enterprise (200+ agents),2026-09-13T07:45:33Z
CREAM-20260913-00726,Richard Parker,Richard Parker,Richard,Parker,richardparker@aol.com,(720) 803-1837,Compass,Compass,Buffalo,Buffalo,NY,13423,10,37,37,19238901,4.3,B,79,Website Lead,Mid-size (11-50 agents),2026-09-13T02:20:10Z
CREAM-20260913-00727,Nicholas Gutierrez,Nicholas Gutierrez,Nicholas,Gutierrez,nicholasgutierrez@gmail.com,(404) 544-8030,Century 21,Century 21,Port St. Lucie,Port St. Lucie,FL,32475,6,37,37,11350833,3.5,B,70,Cold Outreach,Large (51-200 agents),2026-09-13T00:26:35Z
CREAM-20260913-00728,Jennifer Lee,Jennifer Lee,Jennifer,Lee,jennifer.lee@berkshirehathaway.com,(310) 228-4365,Berkshire Hathaway,Berkshire Hathaway,Port St. Lucie,Port St. Lucie,FL,32142,13,68,68,29442422,3.5,B,61,Website Lead,Enterprise (200+ agents),2026-09-13T14:20:36Z
CREAM-20260913-00729,Tyler Sanchez,Tyler Sanchez,Tyler,Sanchez,tyler_sanchez@outlook.com,(512) 940-9720,Keller Williams,Keller Williams,Buffalo,Buffalo,NY,10156,4,12,12,8287540,4.4,B,65,Realtor.com,Mid-size (11-50 agents),2026-09-13T00:50:01Z
CREAM-20260913-00730,Edward Garcia,Edward Garcia,Edward,Garcia,edward.garcia@halstead.com,(805) 755-9955,Halstead,Halstead,Yonkers,Yonkers,NY,10261,5,9,9,7071893,4.3,B,98,Referral Network,Enterprise (200+ agents),2026-09-13T19:44:21Z
CREAM-20260913-00731,Wayne Myers,Wayne Myers,Wayne,Myers,wmyers@icloud.com,(415) 385-6969,Coldwell Banker,Coldwell Banker,Glendale,Glendale,AZ,86608,12,66,66,31292935,4.8,B,60,Realtor.com,Independent,2026-09-13T00:35:28Z
CREAM-20260913-00732,Sarah Mitchell,Sarah Mitchell,Sarah,Mitchell,sarah_mitchell@gmail.com,(513) 559-9239,Compass,Compass,Thornton,Thornton,CO,80128,18,32,32,19978849,3.9,B,76,LinkedIn,Boutique (2-10 agents),2026-09-13T23:12:20Z
CREAM-20260913-00733,Ashley Robinson,Ashley Robinson,Ashley,Robinson,ashleyrobinson@outlook.com,(602) 510-5292,Keller Williams Realty,Keller Williams Realty,Hollywood,Hollywood,FL,34275,5,15,15,7776140,5.0,B,76,LinkedIn,Enterprise (200+ agents),2026-09-13T21:46:49Z
CREAM-20260913-00734,Margaret Kelly,Margaret Kelly,Margaret,Kelly,margaret_kelly@me.com,(310) 760-7795,Compass,Compass,Cary,Cary,NC,28590,1,9,9,3306531,3.9,B,71,Trade Show,Boutique (2-10 agents),2026-09-13T21:23:35Z
CREAM-20260913-00735,Jason Green,Jason Green,Jason,Green,jasong@coldwellbanker.com,(234) 924-4787,Coldwell Banker,Coldwell Banker,Dayton,Dayton,OH,44357,3,18,18,3850342,4.9,B,66,Cold Outreach,Enterprise (200+ agents),2026-09-13T22:15:48Z
CREAM-20260913-00736,Scott Sanders,Scott Sanders,Scott,Sanders,scotts@outlook.com,(404) 698-6088,Keller Williams,Keller Williams,Tempe,Tempe,AZ,85336,15,54,54,22884704,4.4,B,77,Realtor.com,Independent,2026-09-13T19:52:27Z
CREAM-20260913-00737,Jacqueline Wood,Jacqueline Wood,Jacqueline,Wood,jacquelinewood@outlook.com,(212) 770-9470,RE/MAX,RE/MAX,Winston-Salem,Winston-Salem,NC,27124,5,11,11,3415156,5.0,B,80,Facebook,Mid-size (11-50 agents),2026-09-13T00:46:46Z
CREAM-20260913-00738,Kevin Collins,Kevin Collins,Kevin,Collins,kevinc@outlook.com,(212) 967-1255,RE/MAX,RE/MAX,Cape Coral,Cape Coral,FL,32622,24,46,46,18255983,3.8,B,90,Realtor.com,Independent,2026-09-13T02:52:14Z
CREAM-20260913-00739,Susan Powell,Susan Powell,Susan,Powell,susanpowell@outlook.com,(786) 944-2153,Berkshire Hathaway HomeServices,Berkshire Hathaway HomeServices,Bakersfield,Bakersfield,CA,90821,19,66,66,72671987,4.7,B,63,Realtor.com,Large (51-200 agents),2026-09-13T21:00:43Z
CREAM-20260913-00740,David Howard,David Howard,David,Howard,david.howard@aol.com,(919) 818-4974,Brown Harris Stevens,Brown Harris Stevens,New Rochelle,New Rochelle,NY,11717,4,22,22,18108916,4.8,B,93,Cold Outreach,Independent,2026-09-13T16:40:54Z
CREAM-20260913-00741,Katherine Morgan,Katherine Morgan,Katherine,Morgan,katherinem@compass.com,(415) 358-2899,Compass,Compass,Tallahassee,Tallahassee,FL,32637,14,38,38,17983250,3.5,B,95,Trade Show,Mid-size (11-50 agents),2026-09-13T22:14:58Z
CREAM-20260913-00742,Patrick Perez,Patrick Perez,Patrick,Perez,patrickp@coldwellbanker.com,(916) 287-9881,Coldwell Banker,Coldwell Banker,Thornton,Thornton,CO,80234,16,25,25,17692203,4.2,B,74,NAR Directory,Boutique (2-10 agents),2026-09-13T19:47:06Z
CREAM-20260913-00743,Ralph Alexander,Ralph Alexander,Ralph,Alexander,ralpha@8zrealestate.com,(714) 828-8659,8z Real Estate,8z Real Estate,Fort Collins,Fort Collins,CO,80720,2,10,10,6759863,3.1,B,93,Brokerage Listings,Enterprise (200+ agents),2026-09-13T07:30:00Z
CREAM-20260913-00744,Gloria Cox,Gloria Cox,Gloria,Cox,gcox@hotmail.com,(404) 490-2011,Coldwell Banker,Coldwell Banker,Cary,Cary,NC,28904,24,50,50,22039854,3.6,B,78,Trade Show,Boutique (2-10 agents),2026-09-13T12:16:58Z
CREAM-20260913-00745,Brian Jimenez,Brian Jimenez,Brian,Jimenez,bjimenez@outlook.com,(714) 208-8999,Century 21,Century 21,Pembroke Pines,Pembroke Pines,FL,33319,1,12,12,6520932,4.6,B,86,LinkedIn,Boutique (2-10 agents),2026-09-13T14:36:03Z
CREAM-20260913-00746,Carl Sanders,Carl Sanders,Carl,Sanders,csanders@gmail.com,(214) 350-1476,Keller Williams,Keller Williams,Thornton,Thornton,CO,80184,0,2,2,984678,3.3,B,99,Realtor.com,Large (51-200 agents),2026-09-13T15:18:38Z
CREAM-20260913-00747,Joshua Cruz,Joshua Cruz,Joshua,Cruz,joshua.cruz@yahoo.com,(310) 614-3726,eXp Realty,eXp Realty,Winston-Salem,Winston-Salem,NC,28542,0,5,5,1407975,3.2,B,72,MLS Database,Large (51-200 agents),2026-09-13T08:10:49Z
CREAM-20260913-00748,Nicholas Hernandez,Nicholas Hernandez,Nicholas,Hernandez,nicholas.hernandez@outlook.com,(919) 553-7923,Douglas Elliman,Douglas Elliman,Albany,Albany,NY,11953,12,49,49,39436951,3.5,B,94,Website Lead,Large (51-200 agents),2026-09-13T09:15:04Z
CREAM-20260913-00749,Thomas White,Thomas White,Thomas,White,thomasw@gmail.com,(415) 585-2820,Compass,Compass,Durham,Durham,NC,28771,5,21,21,8741918,3.7,B,93,NAR Directory,Large (51-200 agents),2026-09-13T20:56:48Z
CREAM-20260913-00750,Scott Murphy,Scott Murphy,Scott,Murphy,scottm@kellerwilliams.com,(614) 316-5326,Keller Williams,Keller Williams,Gilbert,Gilbert,AZ,85913,19,64,64,32010111,4.8,B,93,Trade Show,Independent,2026-09-13T18:28:21Z
CREAM-20260913-00751,Michelle Hernandez,Michelle Hernandez,Michelle,Hernandez,michelleh@kellerwilliamsrealty.com,(404) 878-7894,Keller Williams Realty,Keller Williams Realty,Fremont,Fremont,CA,90760,2,11,11,11152399,4.5,C,80,Cold Outreach,Enterprise (200+ agents),2026-09-13T09:27:02Z
CREAM-20260913-00752,Pamela Foster,Pamela Foster,Pamela,Foster,pamelafoster@aol.com,(805) 668-7843,Berkshire Hathaway,Berkshire Hathaway,Avondale,Avondale,AZ,85165,5,10,10,4295692,3.1,C,61,Website Lead,Independent,2026-09-13T02:55:14Z
CREAM-20260913-00753,Benjamin Long,Benjamin Long,Benjamin,Long,benjamin.long@me.com,(614) 785-4098,Keller Williams,Keller Williams,Boulder,Boulder,CO,80532,8,32,32,17240763,3.7,C,80,Brokerage Listings,Mid-size (11-50 agents),2026-09-13T10:54:16Z
CREAM-20260913-00754,Steven Hill,Steven Hill,Steven,Hill,stevenh@coldwellbanker.com,(919) 743-2896,Coldwell Banker,Coldwell Banker,Gainesville,Gainesville,FL,34782,0,5,5,2712790,5.0,C,98,Facebook,Large (51-200 agents),2026-09-13T17:47:31Z
CREAM-20260913-00755,Kenneth Ross,Kenneth Ross,Kenneth,Ross,kenneth_ross@gmail.com,(303) 341-7817,Coldwell Banker,Coldwell Banker,Gainesville,Gainesville,FL,32401,0,1,1,516627,4.7,C,94,Realtor.com,Boutique (2-10 agents),2026-09-13T01:22:29Z
CREAM-20260913-00756,Joshua Nguyen,Joshua Nguyen,Joshua,Nguyen,joshuan@hotmail.com,(234) 866-8879,Howard Hanna,Howard Hanna,Greenville,Greenville,NC,28329,0,1,1,265732,4.8,C,99,Referral Network,Independent,2026-09-13T05:02:00Z
CREAM-20260913-00757,Emily Jenkins,Emily Jenkins,Emily,Jenkins,emily.jenkins@hotmail.com,(980) 901-3127,Russell Lyon Sotheby's,Russell Lyon Sotheby's,Surprise,Surprise,AZ,85892,2,11,11,4522824,4.4,C,81,Brokerage Listings,Enterprise (200+ agents),2026-09-13T03:33:26Z
CREAM-20260913-00758,George Green,George Green,George,Green,george.green@outlook.com,(303) 987-6634,Compass,Compass,High Point,High Point,NC,28958,5,11,11,3706856,4.5,C,64,Realtor.com,Independent,2026-09-13T14:54:29Z
CREAM-20260913-00759,Gloria Wood,Gloria Wood,Gloria,Wood,gloria.wood@gmail.com,(916) 341-3700,eXp Realty,eXp Realty,Irvine,Irvine,CA,92621,1,7,7,6920406,4.3,C,84,Website Lead,Large (51-200 agents),2026-09-13T08:06:38Z
CREAM-20260913-00760,Carl Taylor,Carl Taylor,Carl,Taylor,carlt@exprealty.com,(929) 687-8122,eXp Realty,eXp Realty,Peoria,Peoria,AZ,86398,9,33,33,12732667,4.6,C,79,Cold Outreach,Mid-size (11-50 agents),2026-09-13T06:22:24Z
CREAM-20260913-00761,Barbara Hill,Barbara Hill,Barbara,Hill,bhill@me.com,(512) 341-2466,Keller Williams,Keller Williams,Mesquite,Mesquite,TX,79145,2,3,3,1283496,3.7,C,73,NAR Directory,Boutique (2-10 agents),2026-09-13T08:28:51Z
CREAM-20260913-00762,Pamela Carter,Pamela Carter,Pamela,Carter,pamelac@exprealty.com,(919) 826-2283,eXp Realty,eXp Realty,Westminster,Westminster,CO,81998,13,54,54,33747917,3.7,C,92,Realtor.com,Independent,2026-09-13T23:27:57Z
CREAM-20260913-00763,Wayne Ortiz,Wayne Ortiz,Wayne,Ortiz,wortiz@kellerwilliams.com,(469) 345-2443,Keller Williams,Keller Williams,Peoria,Peoria,AZ,86641,4,21,21,8178358,3.9,C,60,Realtor.com,Independent,2026-09-13T00:37:23Z
CREAM-20260913-00764,Betty Howard,Betty Howard,Betty,Howard,bettyhoward@gmail.com,(614) 759-8082,LIV Sotheby's,LIV Sotheby's,Centennial,Centennial,CO,81295,3,10,10,5969187,3.2,C,97,Website Lead,Independent,2026-09-13T02:04:48Z
CREAM-20260913-00765,Mary Williams,Mary Williams,Mary,Williams,mwilliams@outlook.com,(214) 373-4898,Coldwell Banker,Coldwell Banker,Hamilton,Hamilton,OH,45350,10,49,49,9527964,5.0,C,64,Website Lead,Independent,2026-09-13T18:13:49Z
CREAM-20260913-00766,James Campbell,James Campbell,James,Campbell,jamesc@gmail.com,(980) 294-5058,Allen Tate,Allen Tate,Greenville,Greenville,NC,28179,18,64,64,16332469,4.2,C,75,Facebook,Mid-size (11-50 agents),2026-09-13T23:19:35Z
CREAM-20260913-00767,Arthur Allen,Arthur Allen,Arthur,Allen,aallen@nestseekers.com,(513) 901-2543,Nest Seekers,Nest Seekers,Schenectady,Schenectady,NY,11900,1,12,12,9796871,4.4,C,98,Referral Network,Enterprise (200+ agents),2026-09-13T05:37:04Z
CREAM-20260913-00768,Janet Ramirez,Janet Ramirez,Janet,Ramirez,janetr@me.com,(305) 493-1510,Berkshire Hathaway,Berkshire Hathaway,Brownsville,Brownsville,TX,77784,0,2,2,565128,4.9,C,62,Cold Outreach,Independent,2026-09-13T07:48:48Z
CREAM-20260913-00769,Alexander Ward,Alexander Ward,Alexander,Ward,alexander.ward@me.com,(704) 922-5432,Cutler Real Estate,Cutler Real Estate,Lorain,Lorain,OH,45647,16,37,37,10750420,3.3,C,88,LinkedIn,Enterprise (200+ agents),2026-09-13T20:10:20Z
CREAM-20260913-00770,John Lopez,John Lopez,John,Lopez,john.lopez@yahoo.com,(407) 737-9684,Berkshire Hathaway,Berkshire Hathaway,Wilmington,Wilmington,NC,27411,0,3,3,983801,4.7,C,75,LinkedIn,Enterprise (200+ agents),2026-09-13T17:21:39Z
CREAM-20260913-00771,James Garcia,James Garcia,James,Garcia,jamesgarcia@gmail.com,(602) 343-1889,RE/MAX,RE/MAX,Mesquite,Mesquite,TX,78852,2,3,3,1325691,4.4,C,82,MLS Database,Independent,2026-09-13T18:39:19Z
CREAM-20260913-00772,Judith Gomez,Judith Gomez,Judith,Gomez,judithgomez@me.com,(334) 979-9886,RE/MAX,RE/MAX,Miramar,Miramar,FL,33904,16,50,50,18447569,3.4,C,88,Facebook,Enterprise (200+ agents),2026-09-13T00:39:57Z
CREAM-20260913-00773,Thomas Taylor,Thomas Taylor,Thomas,Taylor,thomas.taylor@re/max.com,(513) 848-6884,RE/MAX,RE/MAX,Gainesville,Gainesville,FL,33390,21,62,62,32725983,3.6,C,89,Trade Show,Independent,2026-09-13T16:21:35Z
CREAM-20260913-00774,Eric Mitchell,Eric Mitchell,Eric,Mitchell,ericm@kellerwilliams.com,(310) 399-1559,Keller Williams,Keller Williams,Utica,Utica,NY,12639,23,74,74,61912882,3.8,C,92,Website Lead,Large (51-200 agents),2026-09-13T18:52:01Z
CREAM-20260913-00775,Michael Hernandez,Michael Hernandez,Michael,Hernandez,michaelh@douglaselliman.com,(614) 756-8736,Douglas Elliman,Douglas Elliman,West Palm Beach,West Palm Beach,FL,32286,10,65,65,32341050,3.7,C,62,LinkedIn,Large (51-200 agents),2026-09-13T18:46:10Z
CREAM-20260913-00776,Richard Castillo,Richard Castillo,Richard,Castillo,richard.castillo@coldwellbanker.com,(407) 669-6727,Coldwell Banker,Coldwell Banker,Concord,Concord,NC,27947,14,27,27,7166689,3.5,C,63,LinkedIn,Large (51-200 agents),2026-09-13T14:12:49Z
CREAM-20260913-00777,Benjamin Coleman,Benjamin Coleman,Benjamin,Coleman,bcoleman@gmail.com,(614) 699-5461,RE/MAX,RE/MAX,West Palm Beach,West Palm Beach,FL,34624,2,5,5,2721088,3.2,C,97,Cold Outreach,Enterprise (200+ agents),2026-09-13T10:09:09Z
CREAM-20260913-00778,Cynthia Alexander,Cynthia Alexander,Cynthia,Alexander,cynthia.alexander@gmail.com,(469) 802-6327,RE/MAX,RE/MAX,Brownsville,Brownsville,TX,77782,5,21,21,6229186,4.8,C,82,Facebook,Boutique (2-10 agents),2026-09-13T04:49:53Z
CREAM-20260913-00779,Walter Scott,Walter Scott,Walter,Scott,walter.scott@gmail.com,(415) 780-3024,Compass,Compass,Centennial,Centennial,CO,81272,8,37,37,26251497,3.7,C,61,Trade Show,Independent,2026-09-13T22:59:04Z
CREAM-20260913-00780,Patrick Morgan,Patrick Morgan,Patrick,Morgan,pmorgan@aol.com,(212) 923-5136,Russell Lyon Sotheby's,Russell Lyon Sotheby's,Avondale,Avondale,AZ,85436,12,57,57,26927170,4.2,C,73,MLS Database,Mid-size (11-50 agents),2026-09-13T18:10:01Z
CREAM-20260913-00781,William Johnson,William Johnson,William,Johnson,williamjohnson@outlook.com,(513) 382-2670,Compass,Compass,Coral Springs,Coral Springs,FL,32368,3,13,13,5549448,4.8,C,81,Trade Show,Enterprise (200+ agents),2026-09-13T22:32:51Z
CREAM-20260913-00782,Shirley Bailey,Shirley Bailey,Shirley,Bailey,sbailey@icloud.com,(513) 281-8507,Berkshire Hathaway,Berkshire Hathaway,Westminster,Westminster,CO,81324,5,15,15,6278920,3.9,C,74,Trade Show,Enterprise (200+ agents),2026-09-13T03:28:02Z
CREAM-20260913-00783,Sarah Fisher,Sarah Fisher,Sarah,Fisher,sarah.fisher@coldwellbanker.com,(718) 502-1745,Coldwell Banker,Coldwell Banker,McKinney,McKinney,TX,75202,25,25,25,9102076,3.5,C,73,Referral Network,Large (51-200 agents),2026-09-13T12:24:07Z
CREAM-20260913-00784,Helen Anderson,Helen Anderson,Helen,Anderson,helen.anderson@briggsfreemansothebys.com,(334) 799-2252,Briggs Freeman Sotheby's,Briggs Freeman Sotheby's,Grand Prairie,Grand Prairie,TX,78160,4,16,16,5163367,4.7,C,79,Trade Show,Mid-size (11-50 agents),2026-09-13T05:47:57Z
CREAM-20260913-00785,Sharon Miller,Sharon Miller,Sharon,Miller,sharonm@outlook.com,(614) 383-1513,Sotheby's International,Sotheby's International,Modesto,Modesto,CA,96971,3,14,14,10878856,3.6,C,68,Trade Show,Mid-size (11-50 agents),2026-09-13T22:10:24Z
CREAM-20260913-00786,Julia Price,Julia Price,Julia,Price,julia_price@me.com,(980) 844-2470,Coldwell Banker,Coldwell Banker,Pueblo,Pueblo,CO,81216,7,21,21,13324832,4.9,C,88,Website Lead,Independent,2026-09-13T00:08:30Z
CREAM-20260913-00787,Lisa Sanders,Lisa Sanders,Lisa,Sanders,lisas@hotmail.com,(305) 663-9352,Long Realty,Long Realty,Yuma,Yuma,AZ,85590,2,7,7,2565133,4.8,C,84,Website Lead,Enterprise (200+ agents),2026-09-13T12:13:23Z
CREAM-20260913-00788,Amy Hill,Amy Hill,Amy,Hill,amy.hill@aol.com,(305) 300-1677,Compass,Compass,White Plains,White Plains,NY,10844,0,3,3,1754909,3.9,C,72,MLS Database,Mid-size (11-50 agents),2026-09-13T08:41:03Z
CREAM-20260913-00789,Nicholas Alexander,Nicholas Alexander,Nicholas,Alexander,nicholasalexander@icloud.com,(512) 971-4598,Douglas Elliman,Douglas Elliman,Palm Bay,Palm Bay,FL,33628,4,12,12,3868588,4.1,C,92,Brokerage Listings,Large (51-200 agents),2026-09-13T22:57:46Z
CREAM-20260913-00790,Gary Brooks,Gary Brooks,Gary,Brooks,gary_brooks@me.com,(404) 264-6028,Douglas Elliman,Douglas Elliman,Brownsville,Brownsville,TX,77212,18,33,33,14337913,3.6,C,70,Facebook,Boutique (2-10 agents),2026-09-13T02:45:52Z
CREAM-20260913-00791,Gregory Allen,Gregory Allen,Gregory,Allen,gallen@icloud.com,(646) 446-2606,Coldwell Banker,Coldwell Banker,Lorain,Lorain,OH,45144,24,60,60,11895278,3.5,C,78,Cold Outreach,Independent,2026-09-13T06:52:49Z
CREAM-20260913-00792,Kenneth Scott,Kenneth Scott,Kenneth,Scott,kenneth.scott@outlook.com,(916) 875-9959,RE/MAX,RE/MAX,Greenville,Greenville,NC,27868,19,45,45,20241861,5.0,C,73,Cold Outreach,Enterprise (200+ agents),2026-09-13T09:10:44Z
CREAM-20260913-00793,Scott Wilson,Scott Wilson,Scott,Wilson,swilson@icloud.com,(602) 473-2552,Berkshire Hathaway,Berkshire Hathaway,Pueblo,Pueblo,CO,80733,0,3,3,1512142,3.0,C,73,Cold Outreach,Large (51-200 agents),2026-09-13T02:11:00Z
CREAM-20260913-00794,Gary Brown,Gary Brown,Gary,Brown,garyb@coldwellbanker.com,(512) 804-6342,Coldwell Banker,Coldwell Banker,Palm Bay,Palm Bay,FL,34350,1,10,10,3889803,5.0,C,88,Cold Outreach,Boutique (2-10 agents),2026-09-13T19:05:11Z
CREAM-20260913-00795,Laura Anderson,Laura Anderson,Laura,Anderson,lauraanderson@gmail.com,(234) 400-6859,Coldwell Banker,Coldwell Banker,Centennial,Centennial,CO,81599,3,24,24,11128984,4.8,C,90,Brokerage Listings,Large (51-200 agents),2026-09-13T22:18:04Z
CREAM-20260913-00796,Amanda Smith,Amanda Smith,Amanda,Smith,amandasmith@gmail.com,(602) 807-2865,8z Real Estate,8z Real Estate,Boulder,Boulder,CO,81941,7,30,30,14088099,4.7,C,77,LinkedIn,Boutique (2-10 agents),2026-09-13T06:51:50Z
CREAM-20260913-00797,Anna Jackson,Anna Jackson,Anna,Jackson,annaj@icloud.com,(718) 760-6878,Keller Williams,Keller Williams,Mount Vernon,Mount Vernon,NY,12209,7,24,24,19751833,4.8,C,93,LinkedIn,Large (51-200 agents),2026-09-13T03:56:04Z
CREAM-20260913-00798,Daniel Long,Daniel Long,Daniel,Long,daniell@hotmail.com,(980) 202-9465,Allen Tate,Allen Tate,Concord,Concord,NC,28443,1,11,11,3912689,4.6,C,71,Brokerage Listings,Mid-size (11-50 agents),2026-09-13T04:55:33Z
CREAM-20260913-00799,Diane Stewart,Diane Stewart,Diane,Stewart,dianestewart@me.com,(718) 626-8695,Coldwell Banker,Coldwell Banker,West Palm Beach,West Palm Beach,FL,34505,5,16,16,8635501,3.9,C,68,Website Lead,Enterprise (200+ agents),2026-09-13T06:58:07Z
CREAM-20260913-00800,Jeffrey Powell,Jeffrey Powell,Jeffrey,Powell,jeffrey.powell@douglaselliman.com,(714) 235-6754,Douglas Elliman,Douglas Elliman,McAllen,McAllen,TX,75285,0,4,4,1163488,3.9,C,73,Trade Show,Large (51-200 agents),2026-09-13T03:12:08Z
CREAM-20260913-00801,Natalie Stewart,Natalie Stewart,Natalie,Stewart,nstewart@kellerwilliams.com,(404) 887-3401,Keller Williams,Keller Williams,Pueblo,Pueblo,CO,80159,22,28,28,13399767,3.8,C,82,Trade Show,Enterprise (200+ agents),2026-09-13T14:29:09Z
CREAM-20260913-00802,Jeffrey Diaz,Jeffrey Diaz,Jeffrey,Diaz,jeffrey_diaz@aol.com,(972) 767-4743,Douglas Elliman,Douglas Elliman,Palm Bay,Palm Bay,FL,32628,0,1,1,444555,5.0,C,89,Brokerage Listings,Large (51-200 agents),2026-09-13T05:17:33Z
CREAM-20260913-00803,Samantha Ramos,Samantha Ramos,Samantha,Ramos,samantha_ramos@outlook.com,(234) 362-4913,RE/MAX,RE/MAX,High Point,High Point,NC,27733,17,72,72,32078252,3.5,C,88,Referral Network,Large (51-200 agents),2026-09-13T03:54:46Z
CREAM-20260913-00804,Catherine Bennett,Catherine Bennett,Catherine,Bennett,catherine_bennett@icloud.com,(916) 585-2782,RE/MAX,RE/MAX,Lorain,Lorain,OH,43827,5,14,14,3583615,4.0,C,64,Facebook,Boutique (2-10 agents),2026-09-13T20:03:24Z
CREAM-20260913-00805,Jack Garcia,Jack Garcia,Jack,Garcia,jack.garcia@homesmart.com,(714) 364-8016,HomeSmart,HomeSmart,Surprise,Surprise,AZ,86336,12,63,63,32634684,4.9,C,70,Cold Outreach,Boutique (2-10 agents),2026-09-13T10:21:14Z
CREAM-20260913-00806,Kenneth Thomas,Kenneth Thomas,Kenneth,Thomas,kenneththomas@icloud.com,(614) 386-5727,RE/MAX,RE/MAX,West Palm Beach,West Palm Beach,FL,34280,1,5,5,2480969,3.7,C,79,LinkedIn,Boutique (2-10 agents),2026-09-13T15:58:43Z
CREAM-20260913-00807,Anna Torres,Anna Torres,Anna,Torres,anna_torres@yahoo.com,(303) 555-4230,Sotheby's International,Sotheby's International,Hempstead,Hempstead,NY,14321,3,11,11,5091811,4.0,C,99,Brokerage Listings,Independent,2026-09-13T21:29:40Z
CREAM-20260913-00808,Aaron Wright,Aaron Wright,Aaron,Wright,aaronw@icloud.com,(334) 516-6494,eXp Realty,eXp Realty,Fontana,Fontana,CA,91221,0,1,1,868266,3.4,C,95,LinkedIn,Boutique (2-10 agents),2026-09-13T22:09:28Z
CREAM-20260913-00809,Margaret Martin,Margaret Martin,Margaret,Martin,mmartin@re/max.com,(972) 865-2377,RE/MAX,RE/MAX,Greenville,Greenville,NC,27979,25,76,76,25451854,4.8,C,83,Realtor.com,Large (51-200 agents),2026-09-13T12:28:29Z
CREAM-20260913-00810,Maria Wilson,Maria Wilson,Maria,Wilson,mariaw@gmail.com,(256) 903-3083,Compass,Compass,Schenectady,Schenectady,NY,13780,14,38,38,26671904,4.7,C,84,Cold Outreach,Mid-size (11-50 agents),2026-09-13T12:02:19Z
CREAM-20260913-00811,Elizabeth Mitchell,Elizabeth Mitchell,Elizabeth,Mitchell,emitchell@gmail.com,(234) 632-9789,Keller Williams,Keller Williams,Wilmington,Wilmington,NC,28878,18,64,64,26444613,3.9,C,98,Referral Network,Boutique (2-10 agents),2026-09-13T17:54:17Z
CREAM-20260913-00812,Gloria Stewart,Gloria Stewart,Gloria,Stewart,gloria.stewart@kellerwilliamsrealty.com,(214) 998-9889,Keller Williams Realty,Keller Williams Realty,West Palm Beach,West Palm Beach,FL,33254,0,0,0,0,4.6,C,90,LinkedIn,Independent,2026-09-13T22:52:32Z
CREAM-20260913-00813,Danielle Harris,Danielle Harris,Danielle,Harris,danielle.harris@me.com,(512) 590-9683,Berkshire Hathaway,Berkshire Hathaway,Brownsville,Brownsville,TX,77147,19,73,73,24448844,4.6,C,89,Cold Outreach,Enterprise (200+ agents),2026-09-13T00:06:02Z
CREAM-20260913-00814,Peter Sullivan,Peter Sullivan,Peter,Sullivan,petersullivan@aol.com,(919) 217-2071,Coldwell Banker,Coldwell Banker,Huntington Beach,Huntington Beach,CA,90933,4,11,11,11661450,4.2,C,82,LinkedIn,Independent,2026-09-13T08:09:02Z
CREAM-20260913-00815,Grace Patel,Grace Patel,Grace,Patel,gracepatel@me.com,(805) 972-9782,Compass,Compass,Miramar,Miramar,FL,33682,5,17,17,9199450,3.9,C,74,Referral Network,Boutique (2-10 agents),2026-09-13T03:48:35Z
CREAM-20260913-00816,Grace Walker,Grace Walker,Grace,Walker,gwalker@outlook.com,(805) 259-6785,Coldwell Banker,Coldwell Banker,Pueblo,Pueblo,CO,81608,3,20,20,8194440,3.2,C,72,Referral Network,Boutique (2-10 agents),2026-09-13T08:40:24Z
CREAM-20260913-00817,Eric Cruz,Eric Cruz,Eric,Cruz,ecruz@gmail.com,(646) 725-5702,Allen Tate,Allen Tate,Concord,Concord,NC,27365,3,8,8,2348876,4.4,C,75,NAR Directory,Enterprise (200+ agents),2026-09-13T14:21:49Z
CREAM-20260913-00818,Arthur Torres,Arthur Torres,Arthur,Torres,arthur_torres@outlook.com,(256) 373-4574,Keller Williams,Keller Williams,Youngstown,Youngstown,OH,45347,4,17,17,3526613,3.1,C,75,Referral Network,Boutique (2-10 agents),2026-09-13T15:57:20Z
CREAM-20260913-00819,Gloria Howard,Gloria Howard,Gloria,Howard,ghoward@icloud.com,(310) 820-7432,RE/MAX,RE/MAX,Palm Bay,Palm Bay,FL,33231,21,68,68,26134520,4.7,C,74,Website Lead,Independent,2026-09-13T23:19:05Z
CREAM-20260913-00820,Kenneth Powell,Kenneth Powell,Kenneth,Powell,kenneth.powell@outlook.com,(720) 292-1119,Keller Williams,Keller Williams,Westminster,Westminster,CO,80934,12,80,80,44083812,4.5,C,90,Facebook,Independent,2026-09-13T03:14:32Z
CREAM-20260913-00821,Olivia Adams,Olivia Adams,Olivia,Adams,olivia.adams@me.com,(720) 574-3596,Douglas Elliman,Douglas Elliman,Mesquite,Mesquite,TX,77153,24,52,52,21365623,4.6,C,74,Referral Network,Boutique (2-10 agents),2026-09-13T01:35:55Z
CREAM-20260913-00822,Grace Hernandez,Grace Hernandez,Grace,Hernandez,grace.hernandez@howardhanna.com,(805) 478-7951,Howard Hanna,Howard Hanna,Wilmington,Wilmington,NC,27108,1,11,11,2794648,4.9,C,61,Realtor.com,Mid-size (11-50 agents),2026-09-13T04:48:54Z
CREAM-20260913-00823,Kevin Torres,Kevin Torres,Kevin,Torres,ktorres@yahoo.com,(212) 622-7731,Howard Hanna,Howard Hanna,High Point,High Point,NC,27843,4,21,21,9262047,3.0,C,60,MLS Database,Independent,2026-09-13T22:56:06Z
CREAM-20260913-00824,Angela Anderson,Angela Anderson,Angela,Anderson,aanderson@hotmail.com,(713) 268-4778,Douglas Elliman,Douglas Elliman,Coral Springs,Coral Springs,FL,33136,17,71,71,31601214,3.1,C,87,NAR Directory,Independent,2026-09-13T13:17:14Z
CREAM-20260913-00825,Stephen Cook,Stephen Cook,Stephen,Cook,stephencook@aol.com,(513) 489-9934,Keller Williams,Keller Williams,Yuma,Yuma,AZ,85587,22,67,67,26754084,4.4,C,78,Referral Network,Enterprise (200+ agents),2026-09-13T10:35:11Z
CREAM-20260913-00826,Christine Cooper,Christine Cooper,Christine,Cooper,ccooper@exprealty.com,(256) 965-3313,eXp Realty,eXp Realty,Huntington Beach,Huntington Beach,CA,96239,4,15,15,13420482,4.9,C,94,Trade Show,Mid-size (11-50 agents),2026-09-13T15:19:55Z
CREAM-20260913-00827,Stephen Brown,Stephen Brown,Stephen,Brown,sbrown@re/max.com,(212) 252-1562,RE/MAX,RE/MAX,Huntington Beach,Huntington Beach,CA,90427,3,21,21,14712018,3.1,C,61,Cold Outreach,Boutique (2-10 agents),2026-09-13T03:26:28Z
CREAM-20260913-00828,Sharon Cook,Sharon Cook,Sharon,Cook,sharon_cook@yahoo.com,(212) 967-6828,Compass,Compass,White Plains,White Plains,NY,10851,2,4,4,2554567,4.7,C,62,Cold Outreach,Enterprise (200+ agents),2026-09-13T02:52:43Z
CREAM-20260913-00829,Jerry Rodriguez,Jerry Rodriguez,Jerry,Rodriguez,jrodriguez@me.com,(714) 740-5426,Keller Williams,Keller Williams,Greenville,Greenville,NC,27335,2,3,3,1195836,3.3,C,60,Realtor.com,Enterprise (200+ agents),2026-09-13T17:09:43Z
CREAM-20260913-00830,Eugene Anderson,Eugene Anderson,Eugene,Anderson,eugeneanderson@yahoo.com,(303) 325-9889,Keller Williams Realty,Keller Williams Realty,Modesto,Modesto,CA,95926,19,79,79,52645586,4.6,C,72,Trade Show,Enterprise (200+ agents),2026-09-13T19:22:09Z
CREAM-20260913-00831,Thomas Patel,Thomas Patel,Thomas,Patel,thomaspatel@outlook.com,(602) 787-7286,Corcoran Group,Corcoran Group,Utica,Utica,NY,14705,1,9,9,6201698,3.1,C,73,Realtor.com,Boutique (2-10 agents),2026-09-13T16:05:31Z
CREAM-20260913-00832,Lawrence Richardson,Lawrence Richardson,Lawrence,Richardson,lawrence_richardson@gmail.com,(214) 844-7126,LIV Sotheby's,LIV Sotheby's,Boulder,Boulder,CO,80318,7,23,23,14828723,4.1,C,76,Facebook,Independent,2026-09-13T02:08:26Z
CREAM-20260913-00833,Ryan Reed,Ryan Reed,Ryan,Reed,ryanr@russelllyonsothebys.com,(718) 254-9270,Russell Lyon Sotheby's,Russell Lyon Sotheby's,Peoria,Peoria,AZ,85641,0,1,1,423045,3.7,C,93,Facebook,Boutique (2-10 agents),2026-09-13T06:27:24Z
CREAM-20260913-00834,Jacqueline Cruz,Jacqueline Cruz,Jacqueline,Cruz,jacqueline.cruz@hotmail.com,(305) 553-4279,Keller Williams,Keller Williams,Centennial,Centennial,CO,81799,19,72,72,30418275,4.9,C,63,Brokerage Listings,Large (51-200 agents),2026-09-13T10:58:27Z
CREAM-20260913-00835,Cynthia Parker,Cynthia Parker,Cynthia,Parker,cynthiap@yahoo.com,(718) 437-8956,LIV Sotheby's,LIV Sotheby's,Pueblo,Pueblo,CO,80639,1,4,4,1903425,4.9,C,80,Brokerage Listings,Independent,2026-09-13T19:57:10Z
CREAM-20260913-00836,Peter Allen,Peter Allen,Peter,Allen,petera@8zrealestate.com,(786) 604-9071,8z Real Estate,8z Real Estate,Centennial,Centennial,CO,81968,0,4,4,1943447,4.6,C,79,Brokerage Listings,Independent,2026-09-13T18:37:47Z
CREAM-20260913-00837,Keith Turner,Keith Turner,Keith,Turner,keith.turner@aol.com,(786) 624-9382,Allen Tate,Allen Tate,Greenville,Greenville,NC,27924,2,10,10,3925679,3.4,C,62,Trade Show,Enterprise (200+ agents),2026-09-13T17:06:50Z
CREAM-20260913-00838,Karen Wright,Karen Wright,Karen,Wright,karen_wright@aol.com,(214) 398-2168,RE/MAX,RE/MAX,Fremont,Fremont,CA,96294,2,6,6,6074233,3.3,C,74,Referral Network,Enterprise (200+ agents),2026-09-13T16:04:54Z
CREAM-20260913-00839,Matthew Reed,Matthew Reed,Matthew,Reed,matthew.reed@hotmail.com,(512) 211-7346,Howard Hanna,Howard Hanna,Concord,Concord,NC,28245,19,37,37,15246044,4.3,C,79,Realtor.com,Mid-size (11-50 agents),2026-09-13T21:36:08Z
CREAM-20260913-00840,Cynthia Sanders,Cynthia Sanders,Cynthia,Sanders,cynthia.sanders@russelllyonsothebys.com,(404) 580-3688,Russell Lyon Sotheby's,Russell Lyon Sotheby's,Avondale,Avondale,AZ,85720,13,33,33,12970140,4.6,C,63,MLS Database,Mid-size (11-50 agents),2026-09-13T15:00:18Z
CREAM-20260913-00841,Jonathan Kelly,Jonathan Kelly,Jonathan,Kelly,jkelly@coldwellbanker.com,(512) 823-7218,Coldwell Banker,Coldwell Banker,Huntington Beach,Huntington Beach,CA,96233,5,18,18,11148973,3.8,C,68,Realtor.com,Boutique (2-10 agents),2026-09-13T12:05:22Z
CREAM-20260913-00842,George Smith,George Smith,George,Smith,gsmith@gmail.com,(704) 767-3407,Allie Beth Allman,Allie Beth Allman,Brownsville,Brownsville,TX,77481,22,58,58,21405667,4.2,C,100,Cold Outreach,Boutique (2-10 agents),2026-09-13T11:20:16Z
CREAM-20260913-00843,Larry Peterson,Larry Peterson,Larry,Peterson,larrypeterson@hotmail.com,(512) 234-8356,eXp Realty,eXp Realty,Wilmington,Wilmington,NC,27297,21,41,41,18177593,4.8,C,79,Realtor.com,Boutique (2-10 agents),2026-09-13T20:32:46Z
CREAM-20260913-00844,Theresa Mitchell,Theresa Mitchell,Theresa,Mitchell,theresam@me.com,(704) 533-5866,Coldwell Banker,Coldwell Banker,Huntington Beach,Huntington Beach,CA,91761,1,11,11,10416260,4.4,C,69,Website Lead,Large (51-200 agents),2026-09-13T12:53:50Z
CREAM-20260913-00845,Tyler Foster,Tyler Foster,Tyler,Foster,tylerf@hotmail.com,(929) 845-8111,Pacific Sotheby's,Pacific Sotheby's,Irvine,Irvine,CA,95869,1,8,8,7857724,4.7,C,94,Facebook,Large (51-200 agents),2026-09-13T07:30:48Z
CREAM-20260913-00846,Margaret Evans,Margaret Evans,Margaret,Evans,margarete@homesmart.com,(415) 650-8324,HomeSmart,HomeSmart,Peoria,Peoria,AZ,85308,9,15,15,7229630,4.4,C,81,NAR Directory,Enterprise (200+ agents),2026-09-13T06:43:48Z
CREAM-20260913-00847,Arthur Ruiz,Arthur Ruiz,Arthur,Ruiz,arthurr@longrealty.com,(786) 254-3000,Long Realty,Long Realty,Avondale,Avondale,AZ,86505,24,36,36,10587084,3.4,C,95,LinkedIn,Enterprise (200+ agents),2026-09-13T08:39:20Z
CREAM-20260913-00848,Tyler Turner,Tyler Turner,Tyler,Turner,tyler_turner@me.com,(303) 218-2985,eXp Realty,eXp Realty,Pueblo,Pueblo,CO,80953,1,6,6,3954571,4.2,C,80,LinkedIn,Mid-size (11-50 agents),2026-09-13T13:25:29Z
CREAM-20260913-00849,Joshua Young,Joshua Young,Joshua,Young,joshuay@hotmail.com,(407) 203-7387,LIV Sotheby's,LIV Sotheby's,Westminster,Westminster,CO,81443,4,12,12,6374776,4.4,C,68,Referral Network,Independent,2026-09-13T01:15:01Z
CREAM-20260913-00850,Jennifer Sanders,Jennifer Sanders,Jennifer,Sanders,jennifer.sanders@compass.com,(469) 362-7104,Compass,Compass,Westminster,Westminster,CO,80579,2,7,7,3325028,4.9,C,77,NAR Directory,Mid-size (11-50 agents),2026-09-13T17:43:37Z
CREAM-20260913-00851,Kenneth Sanders,Kenneth Sanders,Kenneth,Sanders,kennethsanders@outlook.com,(980) 792-8402,Pacific Sotheby's,Pacific Sotheby's,Fremont,Fremont,CA,91139,21,47,47,34987229,3.1,C,75,Realtor.com,Large (51-200 agents),2026-09-13T22:56:50Z
CREAM-20260913-00852,Megan Wright,Megan Wright,Megan,Wright,meganw@gmail.com,(214) 454-9784,Berkshire Hathaway,Berkshire Hathaway,High Point,High Point,NC,27704,22,55,55,22327140,3.6,C,99,Website Lead,Enterprise (200+ agents),2026-09-13T00:12:12Z
CREAM-20260913-00853,Paul Sullivan,Paul Sullivan,Paul,Sullivan,pauls@livsothebys.com,(786) 220-6104,LIV Sotheby's,LIV Sotheby's,Pueblo,Pueblo,CO,80411,0,4,4,1952061,3.6,C,85,Website Lead,Independent,2026-09-13T10:16:44Z
CREAM-20260913-00854,Rose Moore,Rose Moore,Rose,Moore,rosem@berkshirehathawayhomeservices.com,(512) 357-5254,Berkshire Hathaway HomeServices,Berkshire Hathaway HomeServices,Oxnard,Oxnard,CA,91290,1,4,4,3838471,3.8,C,87,Referral Network,Mid-size (11-50 agents),2026-09-13T12:16:48Z
CREAM-20260913-00855,Bruce Diaz,Bruce Diaz,Bruce,Diaz,bruce_diaz@gmail.com,(720) 632-1241,Keller Williams,Keller Williams,Surprise,Surprise,AZ,86217,19,72,72,36471605,5.0,C,88,Brokerage Listings,Large (51-200 agents),2026-09-13T02:16:42Z
CREAM-20260913-00856,Christine Robinson,Christine Robinson,Christine,Robinson,christiner@re/max.com,(407) 669-1076,RE/MAX,RE/MAX,Lorain,Lorain,OH,45298,19,64,64,14580655,4.3,C,92,Facebook,Large (51-200 agents),2026-09-13T09:23:39Z
CREAM-20260913-00857,Barbara Smith,Barbara Smith,Barbara,Smith,barbara_smith@aol.com,(720) 707-8768,Keller Williams,Keller Williams,Peoria,Peoria,AZ,85900,23,41,41,13135299,4.1,C,66,Brokerage Listings,Independent,2026-09-13T03:54:42Z
CREAM-20260913-00858,Nicholas Gutierrez,Nicholas Gutierrez,Nicholas,Gutierrez,nicholas.gutierrez@coldwellbanker.com,(512) 200-4684,Coldwell Banker,Coldwell Banker,Lorain,Lorain,OH,44920,1,8,8,1608604,4.7,C,88,NAR Directory,Boutique (2-10 agents),2026-09-13T01:49:38Z
CREAM-20260913-00859,Emily Fisher,Emily Fisher,Emily,Fisher,efisher@kellerwilliams.com,(310) 949-1728,Keller Williams,Keller Williams,Centennial,Centennial,CO,81180,21,67,67,44720690,3.9,C,61,MLS Database,Mid-size (11-50 agents),2026-09-13T10:40:23Z
CREAM-20260913-00860,Daniel Evans,Daniel Evans,Daniel,Evans,daniele@re/max.com,(303) 447-3053,RE/MAX,RE/MAX,High Point,High Point,NC,27193,8,37,37,9565841,4.6,C,76,LinkedIn,Large (51-200 agents),2026-09-13T15:05:47Z
CREAM-20260913-00861,Maria Lee,Maria Lee,Maria,Lee,maria_lee@yahoo.com,(469) 244-2082,eXp Realty,eXp Realty,Huntington Beach,Huntington Beach,CA,96485,25,49,49,39773504,3.3,C,85,Website Lead,Independent,2026-09-13T23:29:48Z
CREAM-20260913-00862,Juan Wright,Juan Wright,Juan,Wright,juan.wright@aol.com,(713) 928-5153,Berkshire Hathaway,Berkshire Hathaway,Brownsville,Brownsville,TX,75678,16,77,77,26493296,3.1,C,86,LinkedIn,Boutique (2-10 agents),2026-09-13T03:55:53Z
CREAM-20260913-00863,Robert Campbell,Robert Campbell,Robert,Campbell,robertc@gmail.com,(469) 503-2812,eXp Realty,eXp Realty,Gainesville,Gainesville,FL,32982,5,20,20,6247341,3.2,C,79,MLS Database,Enterprise (200+ agents),2026-09-13T04:02:49Z
CREAM-20260913-00864,Walter Jones,Walter Jones,Walter,Jones,walterj@outlook.com,(334) 848-5704,RE/MAX,RE/MAX,Canton,Canton,OH,45631,22,60,60,13084815,3.5,C,78,LinkedIn,Large (51-200 agents),2026-09-13T23:49:46Z
CREAM-20260913-00865,Theresa Allen,Theresa Allen,Theresa,Allen,tallen@hotmail.com,(303) 229-2693,Compass,Compass,High Point,High Point,NC,27360,17,72,72,30536267,4.4,C,99,Facebook,Enterprise (200+ agents),2026-09-13T23:19:54Z
CREAM-20260913-00866,Julia Lee,Julia Lee,Julia,Lee,julial@re/max.com,(212) 793-1564,RE/MAX,RE/MAX,Mesquite,Mesquite,TX,75134,17,38,38,10263285,4.7,C,67,NAR Directory,Independent,2026-09-13T16:18:37Z
CREAM-20260913-00867,Jacqueline Sanchez,Jacqueline Sanchez,Jacqueline,Sanchez,jacqueline_sanchez@icloud.com,(256) 614-5069,Brown Harris Stevens,Brown Harris Stevens,Schenectady,Schenectady,NY,14559,20,67,67,55795519,3.5,C,65,Cold Outreach,Enterprise (200+ agents),2026-09-13T20:29:00Z
CREAM-20260913-00868,Keith Reyes,Keith Reyes,Keith,Reyes,keith_reyes@aol.com,(929) 454-6844,Berkshire Hathaway,Berkshire Hathaway,Grand Prairie,Grand Prairie,TX,77641,4,21,21,6862726,3.2,C,85,Brokerage Listings,Large (51-200 agents),2026-09-13T13:11:10Z
CREAM-20260913-00869,Catherine Watson,Catherine Watson,Catherine,Watson,catherine_watson@hotmail.com,(513) 366-9938,RE/MAX,RE/MAX,High Point,High Point,NC,27902,19,65,65,20800690,3.8,C,71,MLS Database,Independent,2026-09-13T17:28:37Z
CREAM-20260913-00870,Amanda Fisher,Amanda Fisher,Amanda,Fisher,afisher@gmail.com,(310) 717-7124,RE/MAX,RE/MAX,Peoria,Peoria,AZ,85926,10,62,62,21005658,4.5,C,62,Trade Show,Independent,2026-09-13T21:03:28Z
CREAM-20260913-00871,Alexander Taylor,Alexander Taylor,Alexander,Taylor,alexander_taylor@outlook.com,(513) 744-7331,Berkshire Hathaway,Berkshire Hathaway,Mesquite,Mesquite,TX,76959,13,39,39,15686750,4.7,C,87,Referral Network,Independent,2026-09-13T01:09:36Z
CREAM-20260913-00872,Christopher Anderson,Christopher Anderson,Christopher,Anderson,canderson@coldwellbanker.com,(415) 434-9358,Coldwell Banker,Coldwell Banker,West Palm Beach,West Palm Beach,FL,32895,2,3,3,1286525,4.0,C,72,Brokerage Listings,Boutique (2-10 agents),2026-09-13T07:56:22Z
CREAM-20260913-00873,Larry Torres,Larry Torres,Larry,Torres,larryt@coldwellbanker.com,(469) 675-1822,Coldwell Banker,Coldwell Banker,Surprise,Surprise,AZ,85569,18,65,65,34612409,3.2,C,82,Facebook,Large (51-200 agents),2026-09-13T12:46:23Z
CREAM-20260913-00874,Barbara Cox,Barbara Cox,Barbara,Cox,barbaracox@hotmail.com,(704) 562-5554,Nest Seekers,Nest Seekers,Schenectady,Schenectady,NY,14884,19,53,53,44274755,3.5,C,82,Trade Show,Independent,2026-09-13T16:04:57Z
CREAM-20260913-00875,Gary Lewis,Gary Lewis,Gary,Lewis,garylewis@yahoo.com,(212) 273-7429,Compass,Compass,Westminster,Westminster,CO,81906,2,8,8,4954347,4.9,C,71,Referral Network,Large (51-200 agents),2026-09-13T06:39:56Z
CREAM-20260913-00876,James Davis,James Davis,James,Davis,james.davis@coldwellbanker.com,(334) 430-9195,Coldwell Banker,Coldwell Banker,Westminster,Westminster,CO,81565,2,12,12,8085625,3.5,C,88,Cold Outreach,Boutique (2-10 agents),2026-09-13T07:48:11Z
CREAM-20260913-00877,Bruce Thompson,Bruce Thompson,Bruce,Thompson,bruce.thompson@longrealty.com,(303) 939-5305,Long Realty,Long Realty,Yuma,Yuma,AZ,86771,15,49,49,23395669,4.7,C,100,Brokerage Listings,Independent,2026-09-13T06:34:59Z
CREAM-20260913-00878,Scott Jenkins,Scott Jenkins,Scott,Jenkins,scott_jenkins@gmail.com,(714) 992-2085,RE/MAX,RE/MAX,Miramar,Miramar,FL,34229,3,8,8,3341907,4.5,C,71,Realtor.com,Boutique (2-10 agents),2026-09-13T04:11:05Z
CREAM-20260913-00879,Ronald Cooper,Ronald Cooper,Ronald,Cooper,ronaldc@outlook.com,(980) 255-1854,eXp Realty,eXp Realty,Modesto,Modesto,CA,94305,23,49,49,32873907,3.2,C,100,NAR Directory,Enterprise (200+ agents),2026-09-13T06:13:47Z
CREAM-20260913-00880,Gregory Alexander,Gregory Alexander,Gregory,Alexander,gregory.alexander@yahoo.com,(512) 946-7120,eXp Realty,eXp Realty,Westminster,Westminster,CO,80302,7,40,40,19478450,4.4,C,76,Realtor.com,Large (51-200 agents),2026-09-13T02:38:10Z
CREAM-20260913-00881,Amanda Ward,Amanda Ward,Amanda,Ward,award@re/max.com,(256) 697-7799,RE/MAX,RE/MAX,Gainesville,Gainesville,FL,32888,4,24,24,11094113,4.3,C,68,LinkedIn,Boutique (2-10 agents),2026-09-13T09:45:24Z
CREAM-20260913-00882,Anna Taylor,Anna Taylor,Anna,Taylor,anna_taylor@aol.com,(256) 436-8773,Berkshire Hathaway,Berkshire Hathaway,Clearwater,Clearwater,FL,33434,22,72,72,22559935,3.3,C,61,Website Lead,Independent,2026-09-13T15:54:37Z
CREAM-20260913-00883,David Wright,David Wright,David,Wright,davidwright@gmail.com,(786) 866-9679,Compass,Compass,Troy,Troy,NY,12119,5,23,23,13513098,3.7,C,90,Website Lead,Mid-size (11-50 agents),2026-09-13T13:03:03Z
CREAM-20260913-00884,Frank Martin,Frank Martin,Frank,Martin,frank.martin@exprealty.com,(404) 706-3207,eXp Realty,eXp Realty,Centennial,Centennial,CO,80671,3,18,18,9833053,4.9,C,81,NAR Directory,Large (51-200 agents),2026-09-13T10:23:15Z
CREAM-20260913-00885,Laura Johnson,Laura Johnson,Laura,Johnson,ljohnson@pacificsothebys.com,(310) 474-4417,Pacific Sotheby's,Pacific Sotheby's,Fontana,Fontana,CA,96911,22,42,42,32761784,4.6,C,99,Referral Network,Large (51-200 agents),2026-09-13T23:59:18Z
CREAM-20260913-00886,Timothy Ruiz,Timothy Ruiz,Timothy,Ruiz,truiz@me.com,(214) 799-6189,eXp Realty,eXp Realty,Pueblo,Pueblo,CO,81588,18,30,30,16596733,3.2,C,70,Trade Show,Independent,2026-09-13T05:12:19Z
CREAM-20260913-00887,Joshua Collins,Joshua Collins,Joshua,Collins,joshua.collins@coldwellbanker.com,(407) 887-7177,Coldwell Banker,Coldwell Banker,Concord,Concord,NC,28733,3,16,16,7239725,4.7,C,63,NAR Directory,Large (51-200 agents),2026-09-13T16:37:52Z
CREAM-20260913-00888,Joshua King,Joshua King,Joshua,King,joshuaking@aol.com,(713) 395-8386,eXp Realty,eXp Realty,Oxnard,Oxnard,CA,95892,23,34,34,33889361,3.6,C,76,MLS Database,Mid-size (11-50 agents),2026-09-13T14:35:59Z
CREAM-20260913-00889,Catherine Young,Catherine Young,Catherine,Young,catherine_young@icloud.com,(303) 647-4984,Howard Hanna,Howard Hanna,Concord,Concord,NC,27401,4,23,23,7479413,3.7,C,75,LinkedIn,Independent,2026-09-13T11:04:43Z
CREAM-20260913-00890,Brandon Phillips,Brandon Phillips,Brandon,Phillips,brandonp@compass.com,(513) 746-1859,Compass,Compass,Centennial,Centennial,CO,81730,19,58,58,37072737,3.8,C,70,NAR Directory,Mid-size (11-50 agents),2026-09-13T04:55:59Z
CREAM-20260913-00891,Donna Watson,Donna Watson,Donna,Watson,donnawatson@icloud.com,(713) 571-3274,eXp Realty,eXp Realty,McKinney,McKinney,TX,78692,24,75,75,26366416,4.4,C,76,NAR Directory,Independent,2026-09-13T21:21:19Z
CREAM-20260913-00892,Alexander Allen,Alexander Allen,Alexander,Allen,alexanderallen@hotmail.com,(646) 202-5615,Coldwell Banker,Coldwell Banker,Canton,Canton,OH,44130,19,42,42,8924987,3.9,C,84,Referral Network,Large (51-200 agents),2026-09-13T00:09:13Z
CREAM-20260913-00893,Wayne Green,Wayne Green,Wayne,Green,wgreen@berkshirehathaway.com,(512) 670-2174,Berkshire Hathaway,Berkshire Hathaway,Miramar,Miramar,FL,34973,23,53,53,19439265,3.7,C,72,Brokerage Listings,Enterprise (200+ agents),2026-09-13T09:18:10Z
CREAM-20260913-00894,Stephanie Martin,Stephanie Martin,Stephanie,Martin,stephaniemartin@icloud.com,(602) 451-1017,Allie Beth Allman,Allie Beth Allman,Brownsville,Brownsville,TX,75404,1,11,11,4034995,3.0,C,81,Cold Outreach,Boutique (2-10 agents),2026-09-13T15:56:13Z
CREAM-20260913-00895,Lawrence Ramos,Lawrence Ramos,Lawrence,Ramos,lawrence.ramos@outlook.com,(469) 869-3162,eXp Realty,eXp Realty,Wilmington,Wilmington,NC,28923,8,24,24,8694650,3.3,C,73,Facebook,Mid-size (11-50 agents),2026-09-13T01:33:15Z
CREAM-20260913-00896,Dennis Harris,Dennis Harris,Dennis,Harris,dennisharris@hotmail.com,(916) 550-7880,Coldwell Banker,Coldwell Banker,Canton,Canton,OH,45591,2,8,8,1779416,4.6,C,74,Brokerage Listings,Large (51-200 agents),2026-09-13T21:31:46Z
CREAM-20260913-00897,Christopher Long,Christopher Long,Christopher,Long,christopher.long@gmail.com,(334) 712-1387,Sotheby's International,Sotheby's International,Troy,Troy,NY,10132,17,66,66,43198297,4.0,C,60,Cold Outreach,Enterprise (200+ agents),2026-09-13T20:56:49Z
CREAM-20260913-00898,Patrick Fisher,Patrick Fisher,Patrick,Fisher,patrick.fisher@icloud.com,(415) 834-9590,RE/MAX,RE/MAX,Concord,Concord,NC,27158,13,66,66,17244927,4.7,C,81,MLS Database,Enterprise (200+ agents),2026-09-13T19:14:17Z
CREAM-20260913-00899,Gloria Murphy,Gloria Murphy,Gloria,Murphy,gloriamurphy@outlook.com,(704) 399-8207,eXp Realty,eXp Realty,Westminster,Westminster,CO,81662,9,40,40,24735143,4.9,C,83,Cold Outreach,Independent,2026-09-13T11:58:02Z
CREAM-20260913-00900,Heather Rogers,Heather Rogers,Heather,Rogers,heather_rogers@aol.com,(602) 727-1804,RE/MAX,RE/MAX,Westminster,Westminster,CO,80671,1,3,3,1326082,3.4,C,99,NAR Directory,Large (51-200 agents),2026-09-13T23:06:35Z
CREAM-20260913-00901,Michael Price,Michael Price,Michael,Price,michael.price@outlook.com,(704) 676-7574,Berkshire Hathaway HomeServices,Berkshire Hathaway HomeServices,Huntington Beach,Huntington Beach,CA,93409,13,66,66,44121655,3.8,C,91,Realtor.com,Boutique (2-10 agents),2026-09-13T23:28:23Z
CREAM-20260913-00902,Jason Jimenez,Jason Jimenez,Jason,Jimenez,jason.jimenez@gmail.com,(713) 273-2184,HomeSmart,HomeSmart,Peoria,Peoria,AZ,85896,16,51,51,25907445,4.8,C,96,NAR Directory,Enterprise (200+ agents),2026-09-13T22:16:27Z
CREAM-20260913-00903,Larry Flores,Larry Flores,Larry,Flores,larry.flores@exprealty.com,(720) 979-5480,eXp Realty,eXp Realty,Concord,Concord,NC,27130,3,22,22,7206063,4.5,C,62,Referral Network,Large (51-200 agents),2026-09-13T21:16:31Z
CREAM-20260913-00904,Jacqueline Reed,Jacqueline Reed,Jacqueline,Reed,jreed@yahoo.com,(646) 926-9536,Century 21,Century 21,West Palm Beach,West Palm Beach,FL,34396,25,47,47,16439857,4.6,C,60,Realtor.com,Independent,2026-09-13T19:03:28Z
CREAM-20260913-00905,Walter Jones,Walter Jones,Walter,Jones,walter.jones@compass.com,(614) 987-9151,Compass,Compass,Utica,Utica,NY,12673,12,52,52,33584775,4.8,C,67,Realtor.com,Enterprise (200+ agents),2026-09-13T06:48:24Z
CREAM-20260913-00906,Danielle Peterson,Danielle Peterson,Danielle,Peterson,danielle_peterson@me.com,(720) 846-8501,Coldwell Banker,Coldwell Banker,Peoria,Peoria,AZ,85225,4,10,10,3409716,3.3,C,74,Brokerage Listings,Mid-size (11-50 agents),2026-09-13T15:58:14Z
CREAM-20260913-00907,Jerry Sullivan,Jerry Sullivan,Jerry,Sullivan,jerrys@outlook.com,(256) 857-5456,Howard Hanna,Howard Hanna,Wilmington,Wilmington,NC,28406,16,75,75,25232858,3.1,C,62,Brokerage Listings,Large (51-200 agents),2026-09-13T15:08:27Z
CREAM-20260913-00908,Charles Anderson,Charles Anderson,Charles,Anderson,canderson@gmail.com,(929) 585-6457,eXp Realty,eXp Realty,Lorain,Lorain,OH,44877,4,8,8,2023362,4.1,C,98,Realtor.com,Boutique (2-10 agents),2026-09-13T14:39:25Z
CREAM-20260913-00909,Olivia Parker,Olivia Parker,Olivia,Parker,oliviap@outlook.com,(929) 686-4892,Compass,Compass,Utica,Utica,NY,13460,21,27,27,18684138,4.8,C,63,Facebook,Enterprise (200+ agents),2026-09-13T11:43:21Z
CREAM-20260913-00910,Richard Stewart,Richard Stewart,Richard,Stewart,rstewart@exprealty.com,(614) 384-4912,eXp Realty,eXp Realty,Wilmington,Wilmington,NC,28899,8,24,24,9372874,3.9,C,78,Trade Show,Enterprise (200+ agents),2026-09-13T14:20:45Z
CREAM-20260913-00911,Donna Coleman,Donna Coleman,Donna,Coleman,donna.coleman@hotmail.com,(310) 850-9860,Berkshire Hathaway,Berkshire Hathaway,Centennial,Centennial,CO,81518,12,80,80,34152065,3.4,C,61,Realtor.com,Independent,2026-09-13T00:23:51Z
CREAM-20260913-00912,Maria Ramirez,Maria Ramirez,Maria,Ramirez,maria_ramirez@yahoo.com,(720) 236-6105,eXp Realty,eXp Realty,Yuma,Yuma,AZ,85288,2,7,7,2817695,4.1,C,85,Cold Outreach,Mid-size (11-50 agents),2026-09-13T01:16:43Z
CREAM-20260913-00913,Megan Ramos,Megan Ramos,Megan,Ramos,megan.ramos@coldwellbanker.com,(805) 972-1288,Coldwell Banker,Coldwell Banker,Surprise,Surprise,AZ,86233,5,10,10,2918569,3.6,C,67,LinkedIn,Boutique (2-10 agents),2026-09-13T12:13:48Z
CREAM-20260913-00914,Brittany Johnson,Brittany Johnson,Brittany,Johnson,bjohnson@me.com,(212) 459-9720,RE/MAX,RE/MAX,Boulder,Boulder,CO,81916,16,50,50,27046086,3.4,C,86,Referral Network,Mid-size (11-50 agents),2026-09-13T04:14:51Z
CREAM-20260913-00915,Scott Ortiz,Scott Ortiz,Scott,Ortiz,scott_ortiz@yahoo.com,(469) 800-3693,eXp Realty,eXp Realty,Lorain,Lorain,OH,43731,3,13,13,2954395,3.9,C,72,Cold Outreach,Mid-size (11-50 agents),2026-09-13T19:17:26Z
CREAM-20260913-00916,Brandon Wright,Brandon Wright,Brandon,Wright,brandonw@douglaselliman.com,(713) 581-1090,Douglas Elliman,Douglas Elliman,Palm Bay,Palm Bay,FL,33241,14,80,80,42616437,3.2,C,84,Trade Show,Mid-size (11-50 agents),2026-09-13T15:30:49Z
CREAM-20260913-00917,Ronald Garcia,Ronald Garcia,Ronald,Garcia,rgarcia@sothebysinternational.com,(919) 549-2913,Sotheby's International,Sotheby's International,Mount Vernon,Mount Vernon,NY,12708,5,14,14,8564059,3.3,C,75,Brokerage Listings,Independent,2026-09-13T22:33:01Z
CREAM-20260913-00918,Roger Morris,Roger Morris,Roger,Morris,rmorris@icloud.com,(786) 962-3818,eXp Realty,eXp Realty,Youngstown,Youngstown,OH,45510,8,21,21,6821978,3.8,C,96,Facebook,Large (51-200 agents),2026-09-13T15:26:46Z
CREAM-20260913-00919,Kenneth Morris,Kenneth Morris,Kenneth,Morris,kenneth.morris@aol.com,(805) 732-2872,Keller Williams,Keller Williams,Centennial,Centennial,CO,81621,18,38,38,24079314,4.1,C,100,Cold Outreach,Enterprise (200+ agents),2026-09-13T12:22:07Z
CREAM-20260913-00920,Bruce Bennett,Bruce Bennett,Bruce,Bennett,bruceb@icloud.com,(469) 815-8458,Halstead,Halstead,Troy,Troy,NY,11606,11,32,32,16299262,4.9,C,90,Website Lead,Boutique (2-10 agents),2026-09-13T00:45:48Z
CREAM-20260913-00921,Ralph Murphy,Ralph Murphy,Ralph,Murphy,ralph.murphy@aol.com,(512) 689-4392,Berkshire Hathaway,Berkshire Hathaway,Mesquite,Mesquite,TX,76936,3,23,23,7804454,4.9,C,89,MLS Database,Enterprise (200+ agents),2026-09-13T17:59:34Z
CREAM-20260913-00922,Barbara Ross,Barbara Ross,Barbara,Ross,barbara.ross@coldwellbanker.com,(786) 431-8761,Coldwell Banker,Coldwell Banker,Mesquite,Mesquite,TX,78880,8,31,31,8741517,4.3,C,74,Trade Show,Large (51-200 agents),2026-09-13T08:07:37Z
CREAM-20260913-00923,Roger Sullivan,Roger Sullivan,Roger,Sullivan,rsullivan@exprealty.com,(214) 209-9605,eXp Realty,eXp Realty,Yuma,Yuma,AZ,85887,6,39,39,15928103,5.0,C,92,Referral Network,Independent,2026-09-13T11:17:20Z
CREAM-20260913-00924,Betty Kim,Betty Kim,Betty,Kim,betty_kim@outlook.com,(404) 585-3103,HER Realtors,HER Realtors,Lorain,Lorain,OH,43289,10,29,29,6059670,3.6,C,93,Brokerage Listings,Large (51-200 agents),2026-09-13T06:54:41Z
CREAM-20260913-00925,Eugene Gray,Eugene Gray,Eugene,Gray,eugenegray@me.com,(714) 484-9083,eXp Realty,eXp Realty,Boulder,Boulder,CO,81252,16,40,40,18772137,4.9,C,83,Website Lead,Mid-size (11-50 agents),2026-09-13T12:49:36Z
CREAM-20260913-00926,Barbara Morris,Barbara Morris,Barbara,Morris,barbaram@icloud.com,(713) 941-5243,Halstead,Halstead,Troy,Troy,NY,11521,12,36,36,24551552,3.9,C,77,Facebook,Enterprise (200+ agents),2026-09-13T17:38:24Z
CREAM-20260913-00927,Ronald Thompson,Ronald Thompson,Ronald,Thompson,rthompson@allentate.com,(980) 673-9135,Allen Tate,Allen Tate,Wilmington,Wilmington,NC,27369,10,50,50,19699908,3.8,C,61,Facebook,Independent,2026-09-13T11:38:22Z
CREAM-20260913-00928,Gregory Martin,Gregory Martin,Gregory,Martin,gregory.martin@icloud.com,(786) 349-9536,Coldwell Banker,Coldwell Banker,Fontana,Fontana,CA,93317,16,32,32,21300062,3.7,C,89,Brokerage Listings,Enterprise (200+ agents),2026-09-13T14:33:41Z
CREAM-20260913-00929,Alexander Cruz,Alexander Cruz,Alexander,Cruz,alexander.cruz@coldwellbanker.com,(310) 906-1259,Coldwell Banker,Coldwell Banker,Greenville,Greenville,NC,28431,2,11,11,4047281,3.2,C,85,MLS Database,Mid-size (11-50 agents),2026-09-13T11:30:41Z
CREAM-20260913-00930,Gary Morgan,Gary Morgan,Gary,Morgan,gmorgan@berkshirehathaway.com,(415) 408-8488,Berkshire Hathaway,Berkshire Hathaway,High Point,High Point,NC,28522,3,22,22,5858792,4.3,C,79,Cold Outreach,Mid-size (11-50 agents),2026-09-13T06:09:48Z
CREAM-20260913-00931,Tyler Hall,Tyler Hall,Tyler,Hall,tylerhall@aol.com,(212) 514-3036,Coldwell Banker,Coldwell Banker,Oxnard,Oxnard,CA,94784,8,39,39,31036552,4.9,C,81,Realtor.com,Mid-size (11-50 agents),2026-09-13T00:15:02Z
CREAM-20260913-00932,Julia Lee,Julia Lee,Julia,Lee,julial@outlook.com,(512) 846-3838,Keller Williams,Keller Williams,Canton,Canton,OH,45636,1,5,5,1265106,3.6,C,86,Facebook,Independent,2026-09-13T02:04:49Z
CREAM-20260913-00933,Joseph Chavez,Joseph Chavez,Joseph,Chavez,jchavez@gmail.com,(415) 380-9753,Allen Tate,Allen Tate,Concord,Concord,NC,28568,12,44,44,16404278,3.1,C,78,Facebook,Independent,2026-09-13T17:42:05Z
CREAM-20260913-00934,Keith Scott,Keith Scott,Keith,Scott,keiths@gmail.com,(714) 407-9608,LIV Sotheby's,LIV Sotheby's,Centennial,Centennial,CO,81244,6,30,30,17714075,3.7,C,73,Trade Show,Boutique (2-10 agents),2026-09-13T21:10:39Z
CREAM-20260913-00935,James Lewis,James Lewis,James,Lewis,jlewis@aol.com,(919) 613-7442,eXp Realty,eXp Realty,Yuma,Yuma,AZ,85854,6,35,35,18434141,3.1,C,97,Realtor.com,Independent,2026-09-13T02:00:08Z
CREAM-20260913-00936,Sandra Richardson,Sandra Richardson,Sandra,Richardson,srichardson@century21.com,(805) 285-7594,Century 21,Century 21,West Palm Beach,West Palm Beach,FL,32325,12,32,32,9446610,4.2,C,71,Realtor.com,Enterprise (200+ agents),2026-09-13T12:14:31Z
CREAM-20260913-00937,Roger Rivera,Roger Rivera,Roger,Rivera,rogerrivera@aol.com,(718) 227-7083,8z Real Estate,8z Real Estate,Pueblo,Pueblo,CO,80586,25,43,43,19525901,5.0,C,98,Brokerage Listings,Mid-size (11-50 agents),2026-09-13T03:49:04Z
CREAM-20260913-00938,Peter Cruz,Peter Cruz,Peter,Cruz,petercruz@icloud.com,(614) 402-8555,Keller Williams,Keller Williams,McKinney,McKinney,TX,76367,4,16,16,5237010,4.3,C,95,Trade Show,Mid-size (11-50 agents),2026-09-13T18:28:27Z
CREAM-20260913-00939,Scott Moore,Scott Moore,Scott,Moore,scott.moore@berkshirehathaway.com,(512) 570-7221,Berkshire Hathaway,Berkshire Hathaway,Canton,Canton,OH,43696,23,73,73,20339250,4.8,C,61,MLS Database,Independent,2026-09-13T10:44:45Z
CREAM-20260913-00940,Danielle Walker,Danielle Walker,Danielle,Walker,dwalker@outlook.com,(303) 397-5734,Howard Hanna,Howard Hanna,Wilmington,Wilmington,NC,28782,0,3,3,1238808,3.3,C,92,Facebook,Independent,2026-09-13T14:23:31Z
CREAM-20260913-00941,Mark Long,Mark Long,Mark,Long,mlong@aol.com,(614) 591-7913,eXp Realty,eXp Realty,Concord,Concord,NC,27598,2,7,7,1755511,3.0,C,94,Trade Show,Enterprise (200+ agents),2026-09-13T16:12:18Z
CREAM-20260913-00942,Samantha Martin,Samantha Martin,Samantha,Martin,samanthamartin@me.com,(916) 857-8994,HomeSmart,HomeSmart,Avondale,Avondale,AZ,86494,5,23,23,11933981,3.1,C,69,Cold Outreach,Enterprise (200+ agents),2026-09-13T19:03:47Z
CREAM-20260913-00943,Kenneth Richardson,Kenneth Richardson,Kenneth,Richardson,kennethr@aol.com,(972) 350-4615,Brown Harris Stevens,Brown Harris Stevens,Schenectady,Schenectady,NY,10487,3,10,10,8179286,4.2,C,60,Brokerage Listings,Boutique (2-10 agents),2026-09-13T04:14:40Z
CREAM-20260913-00944,Pamela Green,Pamela Green,Pamela,Green,pgreen@outlook.com,(234) 553-6026,HER Realtors,HER Realtors,Lorain,Lorain,OH,43532,7,28,28,7240827,4.7,C,62,Brokerage Listings,Independent,2026-09-13T05:31:22Z
CREAM-20260913-00945,Arthur Hall,Arthur Hall,Arthur,Hall,ahall@howardhanna.com,(786) 482-8731,Howard Hanna,Howard Hanna,Concord,Concord,NC,28222,0,5,5,1685629,3.4,C,80,Realtor.com,Enterprise (200+ agents),2026-09-13T03:40:35Z
CREAM-20260913-00946,Nicole Morgan,Nicole Morgan,Nicole,Morgan,nicole.morgan@coldwellbanker.com,(919) 632-3058,Coldwell Banker,Coldwell Banker,Clearwater,Clearwater,FL,34373,4,9,9,3802505,4.7,C,69,Website Lead,Independent,2026-09-13T22:08:32Z
CREAM-20260913-00947,Michael Alvarez,Michael Alvarez,Michael,Alvarez,michaela@hotmail.com,(303) 274-6437,Compass,Compass,West Palm Beach,West Palm Beach,FL,32160,1,11,11,4582700,4.3,C,61,MLS Database,Enterprise (200+ agents),2026-09-13T12:11:20Z
CREAM-20260913-00948,Matthew Patel,Matthew Patel,Matthew,Patel,matthew.patel@hotmail.com,(602) 419-1157,Allen Tate,Allen Tate,Concord,Concord,NC,28254,1,6,6,1828868,4.9,C,85,Website Lead,Mid-size (11-50 agents),2026-09-13T11:51:11Z
CREAM-20260913-00949,George Rivera,George Rivera,George,Rivera,grivera@hotmail.com,(929) 966-6247,Berkshire Hathaway,Berkshire Hathaway,Miramar,Miramar,FL,32930,14,50,50,15373971,3.5,C,61,LinkedIn,Large (51-200 agents),2026-09-13T00:04:11Z
CREAM-20260913-00950,William Peterson,William Peterson,William,Peterson,william_peterson@outlook.com,(404) 808-4556,Compass,Compass,Boulder,Boulder,CO,81763,0,0,0,0,3.2,C,84,Brokerage Listings,Enterprise (200+ agents),2026-09-13T09:29:23Z
CREAM-20260913-00951,Laura Nelson,Laura Nelson,Laura,Nelson,laura_nelson@icloud.com,(214) 212-1848,Berkshire Hathaway,Berkshire Hathaway,Yuma,Yuma,AZ,85449,4,13,13,6546084,3.2,C,69,Trade Show,Boutique (2-10 agents),2026-09-13T06:20:25Z
CREAM-20260913-00952,Tyler Martin,Tyler Martin,Tyler,Martin,tyler.martin@gmail.com,(786) 975-4947,Nest Seekers,Nest Seekers,Troy,Troy,NY,14795,14,33,33,23045127,4.5,C,87,Brokerage Listings,Independent,2026-09-13T02:12:50Z
CREAM-20260913-00953,Gregory Cox,Gregory Cox,Gregory,Cox,gcox@me.com,(602) 422-3767,Berkshire Hathaway,Berkshire Hathaway,Miramar,Miramar,FL,33585,22,57,57,19977490,3.1,C,86,MLS Database,Enterprise (200+ agents),2026-09-13T13:09:59Z
CREAM-20260913-00954,Andrew Flores,Andrew Flores,Andrew,Flores,andrew.flores@re/max.com,(602) 949-9026,RE/MAX,RE/MAX,Wilmington,Wilmington,NC,28933,8,16,16,5260442,4.6,C,71,Realtor.com,Independent,2026-09-13T03:16:50Z
CREAM-20260913-00955,Kimberly Hill,Kimberly Hill,Kimberly,Hill,kimberlyh@me.com,(718) 513-3977,RE/MAX,RE/MAX,McKinney,McKinney,TX,75325,4,22,22,9036902,4.1,C,95,NAR Directory,Independent,2026-09-13T00:59:14Z
CREAM-20260913-00956,Justin Cooper,Justin Cooper,Justin,Cooper,jcooper@outlook.com,(614) 926-2692,RE/MAX,RE/MAX,McKinney,McKinney,TX,78805,3,14,14,3629215,3.4,C,92,Brokerage Listings,Mid-size (11-50 agents),2026-09-13T07:18:32Z
CREAM-20260913-00957,Timothy Edwards,Timothy Edwards,Timothy,Edwards,timothye@homesmart.com,(718) 839-4225,HomeSmart,HomeSmart,Yuma,Yuma,AZ,86501,3,16,16,6833422,3.3,C,65,Website Lead,Enterprise (200+ agents),2026-09-13T21:22:55Z
CREAM-20260913-00958,Daniel Diaz,Daniel Diaz,Daniel,Diaz,danield@me.com,(919) 682-1715,Keller Williams Realty,Keller Williams Realty,Coral Springs,Coral Springs,FL,34507,7,17,17,5420805,4.4,C,62,Referral Network,Large (51-200 agents),2026-09-13T16:12:24Z
CREAM-20260913-00959,Gary Bennett,Gary Bennett,Gary,Bennett,gbennett@re/max.com,(512) 977-1666,RE/MAX,RE/MAX,Oxnard,Oxnard,CA,94358,21,80,80,85057484,4.5,C,62,NAR Directory,Enterprise (200+ agents),2026-09-13T09:58:57Z
CREAM-20260913-00960,Walter Hernandez,Walter Hernandez,Walter,Hernandez,walter.hernandez@icloud.com,(646) 209-7684,Keller Williams,Keller Williams,Surprise,Surprise,AZ,86367,5,13,13,4780736,4.9,C,80,Brokerage Listings,Large (51-200 agents),2026-09-13T11:09:27Z
CREAM-20260913-00961,Jack Collins,Jack Collins,Jack,Collins,jack.collins@hotmail.com,(916) 978-5693,Keller Williams,Keller Williams,Youngstown,Youngstown,OH,45857,17,33,33,6846574,3.4,C,93,Cold Outreach,Boutique (2-10 agents),2026-09-13T21:30:57Z
CREAM-20260913-00962,Albert King,Albert King,Albert,King,albertk@aol.com,(916) 977-9247,RE/MAX,RE/MAX,Wilmington,Wilmington,NC,28437,2,8,8,2632049,3.8,C,63,Website Lead,Mid-size (11-50 agents),2026-09-13T21:07:08Z
CREAM-20260913-00963,Dennis Hughes,Dennis Hughes,Dennis,Hughes,dhughes@me.com,(646) 335-2886,Berkshire Hathaway,Berkshire Hathaway,Peoria,Peoria,AZ,85781,1,3,3,1058404,4.6,C,96,Facebook,Mid-size (11-50 agents),2026-09-13T05:20:49Z
CREAM-20260913-00964,Margaret Wilson,Margaret Wilson,Margaret,Wilson,margaretw@re/max.com,(720) 518-1603,RE/MAX,RE/MAX,Miramar,Miramar,FL,33267,0,0,0,0,4.9,C,68,Trade Show,Enterprise (200+ agents),2026-09-13T22:51:31Z
CREAM-20260913-00965,Rachel White,Rachel White,Rachel,White,rachelw@exprealty.com,(512) 420-9039,eXp Realty,eXp Realty,Coral Springs,Coral Springs,FL,32913,20,36,36,18112498,4.4,C,81,Cold Outreach,Enterprise (200+ agents),2026-09-13T21:23:48Z
CREAM-20260913-00966,Jacqueline Fisher,Jacqueline Fisher,Jacqueline,Fisher,jacquelinef@corcorangroup.com,(646) 314-3242,Corcoran Group,Corcoran Group,Utica,Utica,NY,11432,4,21,21,10137592,3.5,C,100,LinkedIn,Independent,2026-09-13T18:36:22Z
CREAM-20260913-00967,Martha Sullivan,Martha Sullivan,Martha,Sullivan,martha_sullivan@outlook.com,(512) 258-6623,eXp Realty,eXp Realty,Clearwater,Clearwater,FL,32788,11,55,55,18709153,3.6,C,74,Facebook,Enterprise (200+ agents),2026-09-13T08:24:26Z
CREAM-20260913-00968,Lawrence Brown,Lawrence Brown,Lawrence,Brown,lawrenceb@douglaselliman.com,(513) 295-5513,Douglas Elliman,Douglas Elliman,Hempstead,Hempstead,NY,12236,11,60,60,27312175,4.1,C,68,Facebook,Boutique (2-10 agents),2026-09-13T09:26:33Z
CREAM-20260913-00969,Judith Baker,Judith Baker,Judith,Baker,judithbaker@outlook.com,(512) 907-1525,Keller Williams,Keller Williams,Avondale,Avondale,AZ,85405,4,21,21,7383117,4.4,C,60,Realtor.com,Boutique (2-10 agents),2026-09-13T10:50:16Z
CREAM-20260913-00970,Mark Watson,Mark Watson,Mark,Watson,mwatson@me.com,(303) 208-8970,Coldwell Banker,Coldwell Banker,Centennial,Centennial,CO,81747,1,7,7,4767400,4.7,C,95,MLS Database,Mid-size (11-50 agents),2026-09-13T16:23:01Z
CREAM-20260913-00971,Dennis Thomas,Dennis Thomas,Dennis,Thomas,dennist@aol.com,(513) 217-8206,Keller Williams,Keller Williams,Boulder,Boulder,CO,80412,20,31,31,11942820,4.1,C,87,Trade Show,Boutique (2-10 agents),2026-09-13T13:57:47Z
CREAM-20260913-00972,Matthew Gonzalez,Matthew Gonzalez,Matthew,Gonzalez,matthewg@douglaselliman.com,(415) 321-3023,Douglas Elliman,Douglas Elliman,Grand Prairie,Grand Prairie,TX,78386,5,11,11,4516424,4.0,C,87,Trade Show,Enterprise (200+ agents),2026-09-13T02:19:04Z
CREAM-20260913-00973,Nicholas Stewart,Nicholas Stewart,Nicholas,Stewart,nicholas_stewart@outlook.com,(513) 259-1903,RE/MAX,RE/MAX,Huntington Beach,Huntington Beach,CA,90998,16,28,28,20110610,4.1,C,79,Referral Network,Independent,2026-09-13T04:13:49Z
CREAM-20260913-00974,Larry Cook,Larry Cook,Larry,Cook,larryc@outlook.com,(614) 273-5558,Keller Williams,Keller Williams,Westminster,Westminster,CO,81151,14,70,70,30339292,4.4,C,88,Website Lead,Mid-size (11-50 agents),2026-09-13T11:53:54Z
CREAM-20260913-00975,Kevin Perry,Kevin Perry,Kevin,Perry,kperry@nestseekers.com,(404) 700-2174,Nest Seekers,Nest Seekers,Schenectady,Schenectady,NY,13536,3,20,20,11319884,3.9,C,84,Trade Show,Boutique (2-10 agents),2026-09-13T19:33:52Z
CREAM-20260913-00976,Bruce Fisher,Bruce Fisher,Bruce,Fisher,bruce.fisher@me.com,(415) 649-7587,Howard Hanna,Howard Hanna,Greenville,Greenville,NC,28414,10,34,34,11062820,4.4,C,95,LinkedIn,Large (51-200 agents),2026-09-13T08:22:35Z
CREAM-20260913-00977,Amanda Reyes,Amanda Reyes,Amanda,Reyes,amanda.reyes@icloud.com,(704) 718-1842,Keller Williams,Keller Williams,Westminster,Westminster,CO,80716,19,61,61,34737433,4.6,C,86,Facebook,Independent,2026-09-13T10:44:47Z
CREAM-20260913-00978,Tyler Chavez,Tyler Chavez,Tyler,Chavez,tylerc@icloud.com,(614) 786-7804,Russell Lyon Sotheby's,Russell Lyon Sotheby's,Avondale,Avondale,AZ,85214,24,50,50,24009046,4.5,C,73,Cold Outreach,Independent,2026-09-13T06:33:24Z
CREAM-20260913-00979,Olivia Kim,Olivia Kim,Olivia,Kim,olivia_kim@aol.com,(305) 709-1244,RE/MAX,RE/MAX,Peoria,Peoria,AZ,86939,8,17,17,7396624,3.4,C,85,LinkedIn,Mid-size (11-50 agents),2026-09-13T14:22:05Z
CREAM-20260913-00980,Jessica Johnson,Jessica Johnson,Jessica,Johnson,jessica.johnson@icloud.com,(303) 438-5432,Compass,Compass,Centennial,Centennial,CO,80799,13,57,57,22921917,4.5,C,97,MLS Database,Large (51-200 agents),2026-09-13T19:26:24Z
CREAM-20260913-00981,Amanda Jones,Amanda Jones,Amanda,Jones,amanda.jones@aol.com,(713) 623-3352,Douglas Elliman,Douglas Elliman,McKinney,McKinney,TX,76742,5,22,22,7805653,4.3,C,81,Referral Network,Boutique (2-10 agents),2026-09-13T13:41:39Z
CREAM-20260913-00982,George Lopez,George Lopez,George,Lopez,georgelopez@gmail.com,(919) 374-8509,eXp Realty,eXp Realty,Lorain,Lorain,OH,43947,10,40,40,12893527,4.5,C,90,LinkedIn,Independent,2026-09-13T07:28:35Z
CREAM-20260913-00983,Pamela Gonzalez,Pamela Gonzalez,Pamela,Gonzalez,pamelag@gmail.com,(310) 203-9372,eXp Realty,eXp Realty,Avondale,Avondale,AZ,86184,5,20,20,10486997,3.0,C,98,LinkedIn,Boutique (2-10 agents),2026-09-13T08:04:00Z
CREAM-20260913-00984,Kathleen Smith,Kathleen Smith,Kathleen,Smith,kathleen_smith@icloud.com,(212) 418-5719,Keller Williams,Keller Williams,Westminster,Westminster,CO,80712,6,29,29,19838825,3.8,C,69,Website Lead,Mid-size (11-50 agents),2026-09-13T17:41:43Z
CREAM-20260913-00985,Scott Gonzalez,Scott Gonzalez,Scott,Gonzalez,scottgonzalez@yahoo.com,(303) 593-6444,Compass,Compass,White Plains,White Plains,NY,10139,1,4,4,2727546,3.3,C,75,Facebook,Independent,2026-09-13T07:04:45Z
CREAM-20260913-00986,Gloria Harris,Gloria Harris,Gloria,Harris,gloria_harris@outlook.com,(718) 274-2874,Coldwell Banker,Coldwell Banker,Westminster,Westminster,CO,80899,3,14,14,6777807,3.4,C,70,Cold Outreach,Large (51-200 agents),2026-09-13T12:55:33Z
CREAM-20260913-00987,Albert Walker,Albert Walker,Albert,Walker,awalker@re/max.com,(310) 812-9489,RE/MAX,RE/MAX,Modesto,Modesto,CA,95981,3,17,17,13018790,4.7,C,98,Cold Outreach,Enterprise (200+ agents),2026-09-13T19:08:19Z
CREAM-20260913-00988,Brittany Brooks,Brittany Brooks,Brittany,Brooks,bbrooks@berkshirehathaway.com,(214) 244-9666,Berkshire Hathaway,Berkshire Hathaway,Surprise,Surprise,AZ,85599,0,5,5,2465297,5.0,C,92,Trade Show,Boutique (2-10 agents),2026-09-13T21:49:55Z
CREAM-20260913-00989,Sandra Howard,Sandra Howard,Sandra,Howard,sandra_howard@me.com,(256) 415-8507,eXp Realty,eXp Realty,Canton,Canton,OH,43365,14,64,64,11506050,3.5,C,67,Trade Show,Independent,2026-09-13T16:33:57Z
CREAM-20260913-00990,Jeffrey Price,Jeffrey Price,Jeffrey,Price,jeffreyp@aol.com,(214) 299-8261,Douglas Elliman,Douglas Elliman,White Plains,White Plains,NY,10574,13,34,34,19244175,4.5,C,61,Referral Network,Enterprise (200+ agents),2026-09-13T07:19:39Z
CREAM-20260913-00991,Daniel Torres,Daniel Torres,Daniel,Torres,daniel.torres@outlook.com,(212) 794-4969,Berkshire Hathaway,Berkshire Hathaway,Boulder,Boulder,CO,80743,7,21,21,14600252,4.5,C,91,NAR Directory,Enterprise (200+ agents),2026-09-13T02:14:12Z
CREAM-20260913-00992,Larry Campbell,Larry Campbell,Larry,Campbell,larry.campbell@berkshirehathaway.com,(720) 742-2611,Berkshire Hathaway,Berkshire Hathaway,Miramar,Miramar,FL,33532,12,52,52,21023438,3.3,C,73,Facebook,Mid-size (11-50 agents),2026-09-13T09:43:57Z
CREAM-20260913-00993,Karen Gonzalez,Karen Gonzalez,Karen,Gonzalez,karen_gonzalez@icloud.com,(214) 731-8095,RE/MAX,RE/MAX,Concord,Concord,NC,27887,4,17,17,5319507,4.9,C,76,Website Lead,Boutique (2-10 agents),2026-09-13T16:07:55Z
CREAM-20260913-00994,Anna Stewart,Anna Stewart,Anna,Stewart,annas@outlook.com,(929) 285-8490,RE/MAX,RE/MAX,Avondale,Avondale,AZ,85139,0,5,5,2637840,4.4,C,77,NAR Directory,Mid-size (11-50 agents),2026-09-13T04:42:08Z
CREAM-20260913-00995,Juan Collins,Juan Collins,Juan,Collins,juan_collins@gmail.com,(929) 730-3196,eXp Realty,eXp Realty,Grand Prairie,Grand Prairie,TX,79355,12,49,49,14673410,3.9,C,95,Brokerage Listings,Large (51-200 agents),2026-09-13T07:01:12Z
CREAM-20260913-00996,Philip Miller,Philip Miller,Philip,Miller,philipm@hotmail.com,(786) 955-4369,RE/MAX,RE/MAX,Boulder,Boulder,CO,81575,11,31,31,18227483,4.8,C,98,Trade Show,Enterprise (200+ agents),2026-09-13T09:18:41Z
CREAM-20260913-00997,Scott Phillips,Scott Phillips,Scott,Phillips,scott.phillips@yahoo.com,(234) 840-7485,Sotheby's International,Sotheby's International,Utica,Utica,NY,10827,0,1,1,472865,4.5,C,69,Website Lead,Large (51-200 agents),2026-09-13T12:28:12Z
CREAM-20260913-00998,Jacob Lee,Jacob Lee,Jacob,Lee,jlee@hotmail.com,(404) 516-3208,LIV Sotheby's,LIV Sotheby's,Centennial,Centennial,CO,81297,13,30,30,18017373,4.6,C,97,Facebook,Large (51-200 agents),2026-09-13T13:32:24Z
CREAM-20260913-00999,Eric Bennett,Eric Bennett,Eric,Bennett,ericb@brownharrisstevens.com,(929) 557-7169,Brown Harris Stevens,Brown Harris Stevens,Mount Vernon,Mount Vernon,NY,14369,24,63,63,44103928,3.4,C,99,LinkedIn,Independent,2026-09-13T00:18:20Z
CREAM-20260913-01000,Alexander Martinez,Alexander Martinez,Alexander,Martinez,alexandermartinez@yahoo.com,(303) 775-3180,RE/MAX,RE/MAX,Lorain,Lorain,OH,45456,0,2,2,560775,3.3,C,96,Facebook,Independent,2026-09-13T05:51:39Z
